variable_id,observation_date,value,unit,source_name,source_series_id,raw_file_path,raw_sha256,retrieved_at,validation_status,availability_status,parser_version
L1-001,2023-01-03,1.53,percent,FRED,DFII10,docs/phase2-ingestion/data/macro/raw/fred/DFII10-20260821T015235Z.json,dbaf1dee142b5509e1bf9302fb5280656ce6c577224707f82b80f876b57e2ee8,2026-08-21T01:52:35.579018+00:00,PASS,STALE,0.1.0
L1-001,2023-01-04,1.47,percent,FRED,DFII10,docs/phase2-ingestion/data/macro/raw/fred/DFII10-20260821T015235Z.json,dbaf1dee142b5509e1bf9302fb5280656ce6c577224707f82b80f876b57e2ee8,2026-08-21T01:52:35.579018+00:00,PASS,STALE,0.1.0
L1-001,2023-01-05,1.49,percent,FRED,DFII10,docs/phase2-ingestion/data/macro/raw/fred/DFII10-20260821T015235Z.json,dbaf1dee142b5509e1bf9302fb5280656ce6c577224707f82b80f876b57e2ee8,2026-08-21T01:52:35.579018+00:00,PASS,STALE,0.1.0
L1-001,2023-01-06,1.34,percent,FRED,DFII10,docs/phase2-ingestion/data/macro/raw/fred/DFII10-20260821T015235Z.json,dbaf1dee142b5509e1bf9302fb5280656ce6c577224707f82b80f876b57e2ee8,2026-08-21T01:52:35.579018+00:00,PASS,STALE,0.1.0
L1-001,2023-01-09,1.31,percent,FRED,DFII10,docs/phase2-ingestion/data/macro/raw/fred/DFII10-20260821T015235Z.json,dbaf1dee142b5509e1bf9302fb5280656ce6c577224707f82b80f876b57e2ee8,2026-08-21T01:52:35.579018+00:00,PASS,STALE,0.1.0
L1-001,2023-01-10,1.37,percent,FRED,DFII10,docs/phase2-ingestion/data/macro/raw/fred/DFII10-20260821T015235Z.json,dbaf1dee142b5509e1bf9302fb5280656ce6c577224707f82b80f876b57e2ee8,2026-08-21T01:52:35.579018+00:00,PASS,STALE,0.1.0
L1-001,2023-01-11,1.31,percent,FRED,DFII10,docs/phase2-ingestion/data/macro/raw/fred/DFII10-20260821T015235Z.json,dbaf1dee142b5509e1bf9302fb5280656ce6c577224707f82b80f876b57e2ee8,2026-08-21T01:52:35.579018+00:00,PASS,STALE,0.1.0
L1-001,2023-01-12,1.22,percent,FRED,DFII10,docs/phase2-ingestion/data/macro/raw/fred/DFII10-20260821T015235Z.json,dbaf1dee142b5509e1bf9302fb5280656ce6c577224707f82b80f876b57e2ee8,2026-08-21T01:52:35.579018+00:00,PASS,STALE,0.1.0
L1-001,2023-01-13,1.31,percent,FRED,DFII10,docs/phase2-ingestion/data/macro/raw/fred/DFII10-20260821T015235Z.json,dbaf1dee142b5509e1bf9302fb5280656ce6c577224707f82b80f876b57e2ee8,2026-08-21T01:52:35.579018+00:00,PASS,STALE,0.1.0
L1-001,2023-01-17,1.36,percent,FRED,DFII10,docs/phase2-ingestion/data/macro/raw/fred/DFII10-20260821T015235Z.json,dbaf1dee142b5509e1bf9302fb5280656ce6c577224707f82b80f876b57e2ee8,2026-08-21T01:52:35.579018+00:00,PASS,STALE,0.1.0
L1-001,2023-01-18,1.25,percent,FRED,DFII10,docs/phase2-ingestion/data/macro/raw/fred/DFII10-20260821T015235Z.json,dbaf1dee142b5509e1bf9302fb5280656ce6c577224707f82b80f876b57e2ee8,2026-08-21T01:52:35.579018+00:00,PASS,STALE,0.1.0
L1-001,2023-01-19,1.19,percent,FRED,DFII10,docs/phase2-ingestion/data/macro/raw/fred/DFII10-20260821T015235Z.json,dbaf1dee142b5509e1bf9302fb5280656ce6c577224707f82b80f876b57e2ee8,2026-08-21T01:52:35.579018+00:00,PASS,STALE,0.1.0
L1-001,2023-01-20,1.25,percent,FRED,DFII10,docs/phase2-ingestion/data/macro/raw/fred/DFII10-20260821T015235Z.json,dbaf1dee142b5509e1bf9302fb5280656ce6c577224707f82b80f876b57e2ee8,2026-08-21T01:52:35.579018+00:00,PASS,STALE,0.1.0
L1-001,2023-01-23,1.24,percent,FRED,DFII10,docs/phase2-ingestion/data/macro/raw/fred/DFII10-20260821T015235Z.json,dbaf1dee142b5509e1bf9302fb5280656ce6c577224707f82b80f876b57e2ee8,2026-08-21T01:52:35.579018+00:00,PASS,STALE,0.1.0
L1-001,2023-01-24,1.19,percent,FRED,DFII10,docs/phase2-ingestion/data/macro/raw/fred/DFII10-20260821T015235Z.json,dbaf1dee142b5509e1bf9302fb5280656ce6c577224707f82b80f876b57e2ee8,2026-08-21T01:52:35.579018+00:00,PASS,STALE,0.1.0
L1-001,2023-01-25,1.17,percent,FRED,DFII10,docs/phase2-ingestion/data/macro/raw/fred/DFII10-20260821T015235Z.json,dbaf1dee142b5509e1bf9302fb5280656ce6c577224707f82b80f876b57e2ee8,2026-08-21T01:52:35.579018+00:00,PASS,STALE,0.1.0
L1-001,2023-01-26,1.16,percent,FRED,DFII10,docs/phase2-ingestion/data/macro/raw/fred/DFII10-20260821T015235Z.json,dbaf1dee142b5509e1bf9302fb5280656ce6c577224707f82b80f876b57e2ee8,2026-08-21T01:52:35.579018+00:00,PASS,STALE,0.1.0
L1-001,2023-01-27,1.19,percent,FRED,DFII10,docs/phase2-ingestion/data/macro/raw/fred/DFII10-20260821T015235Z.json,dbaf1dee142b5509e1bf9302fb5280656ce6c577224707f82b80f876b57e2ee8,2026-08-21T01:52:35.579018+00:00,PASS,STALE,0.1.0
L1-001,2023-01-30,1.26,percent,FRED,DFII10,docs/phase2-ingestion/data/macro/raw/fred/DFII10-20260821T015235Z.json,dbaf1dee142b5509e1bf9302fb5280656ce6c577224707f82b80f876b57e2ee8,2026-08-21T01:52:35.579018+00:00,PASS,STALE,0.1.0
L1-001,2023-01-31,1.28,percent,FRED,DFII10,docs/phase2-ingestion/data/macro/raw/fred/DFII10-20260821T015235Z.json,dbaf1dee142b5509e1bf9302fb5280656ce6c577224707f82b80f876b57e2ee8,2026-08-21T01:52:35.579018+00:00,PASS,STALE,0.1.0
L1-001,2023-02-01,1.14,percent,FRED,DFII10,docs/phase2-ingestion/data/macro/raw/fred/DFII10-20260821T015235Z.json,dbaf1dee142b5509e1bf9302fb5280656ce6c577224707f82b80f876b57e2ee8,2026-08-21T01:52:35.579018+00:00,PASS,STALE,0.1.0
L1-001,2023-02-02,1.18,percent,FRED,DFII10,docs/phase2-ingestion/data/macro/raw/fred/DFII10-20260821T015235Z.json,dbaf1dee142b5509e1bf9302fb5280656ce6c577224707f82b80f876b57e2ee8,2026-08-21T01:52:35.579018+00:00,PASS,STALE,0.1.0
L1-001,2023-02-03,1.31,percent,FRED,DFII10,docs/phase2-ingestion/data/macro/raw/fred/DFII10-20260821T015235Z.json,dbaf1dee142b5509e1bf9302fb5280656ce6c577224707f82b80f876b57e2ee8,2026-08-21T01:52:35.579018+00:00,PASS,STALE,0.1.0
L1-001,2023-02-06,1.38,percent,FRED,DFII10,docs/phase2-ingestion/data/macro/raw/fred/DFII10-20260821T015235Z.json,dbaf1dee142b5509e1bf9302fb5280656ce6c577224707f82b80f876b57e2ee8,2026-08-21T01:52:35.579018+00:00,PASS,STALE,0.1.0
L1-001,2023-02-07,1.36,percent,FRED,DFII10,docs/phase2-ingestion/data/macro/raw/fred/DFII10-20260821T015235Z.json,dbaf1dee142b5509e1bf9302fb5280656ce6c577224707f82b80f876b57e2ee8,2026-08-21T01:52:35.579018+00:00,PASS,STALE,0.1.0
L1-001,2023-02-08,1.29,percent,FRED,DFII10,docs/phase2-ingestion/data/macro/raw/fred/DFII10-20260821T015235Z.json,dbaf1dee142b5509e1bf9302fb5280656ce6c577224707f82b80f876b57e2ee8,2026-08-21T01:52:35.579018+00:00,PASS,STALE,0.1.0
L1-001,2023-02-09,1.34,percent,FRED,DFII10,docs/phase2-ingestion/data/macro/raw/fred/DFII10-20260821T015235Z.json,dbaf1dee142b5509e1bf9302fb5280656ce6c577224707f82b80f876b57e2ee8,2026-08-21T01:52:35.579018+00:00,PASS,STALE,0.1.0
L1-001,2023-02-10,1.41,percent,FRED,DFII10,docs/phase2-ingestion/data/macro/raw/fred/DFII10-20260821T015235Z.json,dbaf1dee142b5509e1bf9302fb5280656ce6c577224707f82b80f876b57e2ee8,2026-08-21T01:52:35.579018+00:00,PASS,STALE,0.1.0
L1-001,2023-02-13,1.41,percent,FRED,DFII10,docs/phase2-ingestion/data/macro/raw/fred/DFII10-20260821T015235Z.json,dbaf1dee142b5509e1bf9302fb5280656ce6c577224707f82b80f876b57e2ee8,2026-08-21T01:52:35.579018+00:00,PASS,STALE,0.1.0
L1-001,2023-02-14,1.46,percent,FRED,DFII10,docs/phase2-ingestion/data/macro/raw/fred/DFII10-20260821T015235Z.json,dbaf1dee142b5509e1bf9302fb5280656ce6c577224707f82b80f876b57e2ee8,2026-08-21T01:52:35.579018+00:00,PASS,STALE,0.1.0
L1-001,2023-02-15,1.46,percent,FRED,DFII10,docs/phase2-ingestion/data/macro/raw/fred/DFII10-20260821T015235Z.json,dbaf1dee142b5509e1bf9302fb5280656ce6c577224707f82b80f876b57e2ee8,2026-08-21T01:52:35.579018+00:00,PASS,STALE,0.1.0
L1-001,2023-02-16,1.49,percent,FRED,DFII10,docs/phase2-ingestion/data/macro/raw/fred/DFII10-20260821T015235Z.json,dbaf1dee142b5509e1bf9302fb5280656ce6c577224707f82b80f876b57e2ee8,2026-08-21T01:52:35.579018+00:00,PASS,STALE,0.1.0
L1-001,2023-02-17,1.46,percent,FRED,DFII10,docs/phase2-ingestion/data/macro/raw/fred/DFII10-20260821T015235Z.json,dbaf1dee142b5509e1bf9302fb5280656ce6c577224707f82b80f876b57e2ee8,2026-08-21T01:52:35.579018+00:00,PASS,STALE,0.1.0
L1-001,2023-02-21,1.53,percent,FRED,DFII10,docs/phase2-ingestion/data/macro/raw/fred/DFII10-20260821T015235Z.json,dbaf1dee142b5509e1bf9302fb5280656ce6c577224707f82b80f876b57e2ee8,2026-08-21T01:52:35.579018+00:00,PASS,STALE,0.1.0
L1-001,2023-02-22,1.52,percent,FRED,DFII10,docs/phase2-ingestion/data/macro/raw/fred/DFII10-20260821T015235Z.json,dbaf1dee142b5509e1bf9302fb5280656ce6c577224707f82b80f876b57e2ee8,2026-08-21T01:52:35.579018+00:00,PASS,STALE,0.1.0
L1-001,2023-02-23,1.49,percent,FRED,DFII10,docs/phase2-ingestion/data/macro/raw/fred/DFII10-20260821T015235Z.json,dbaf1dee142b5509e1bf9302fb5280656ce6c577224707f82b80f876b57e2ee8,2026-08-21T01:52:35.579018+00:00,PASS,STALE,0.1.0
L1-001,2023-02-24,1.57,percent,FRED,DFII10,docs/phase2-ingestion/data/macro/raw/fred/DFII10-20260821T015235Z.json,dbaf1dee142b5509e1bf9302fb5280656ce6c577224707f82b80f876b57e2ee8,2026-08-21T01:52:35.579018+00:00,PASS,STALE,0.1.0
L1-001,2023-02-27,1.56,percent,FRED,DFII10,docs/phase2-ingestion/data/macro/raw/fred/DFII10-20260821T015235Z.json,dbaf1dee142b5509e1bf9302fb5280656ce6c577224707f82b80f876b57e2ee8,2026-08-21T01:52:35.579018+00:00,PASS,STALE,0.1.0
L1-001,2023-02-28,1.49,percent,FRED,DFII10,docs/phase2-ingestion/data/macro/raw/fred/DFII10-20260821T015235Z.json,dbaf1dee142b5509e1bf9302fb5280656ce6c577224707f82b80f876b57e2ee8,2026-08-21T01:52:35.579018+00:00,PASS,STALE,0.1.0
L1-001,2023-03-01,1.57,percent,FRED,DFII10,docs/phase2-ingestion/data/macro/raw/fred/DFII10-20260821T015235Z.json,dbaf1dee142b5509e1bf9302fb5280656ce6c577224707f82b80f876b57e2ee8,2026-08-21T01:52:35.579018+00:00,PASS,STALE,0.1.0
L1-001,2023-03-02,1.6,percent,FRED,DFII10,docs/phase2-ingestion/data/macro/raw/fred/DFII10-20260821T015235Z.json,dbaf1dee142b5509e1bf9302fb5280656ce6c577224707f82b80f876b57e2ee8,2026-08-21T01:52:35.579018+00:00,PASS,STALE,0.1.0
L1-001,2023-03-03,1.45,percent,FRED,DFII10,docs/phase2-ingestion/data/macro/raw/fred/DFII10-20260821T015235Z.json,dbaf1dee142b5509e1bf9302fb5280656ce6c577224707f82b80f876b57e2ee8,2026-08-21T01:52:35.579018+00:00,PASS,STALE,0.1.0
L1-001,2023-03-06,1.49,percent,FRED,DFII10,docs/phase2-ingestion/data/macro/raw/fred/DFII10-20260821T015235Z.json,dbaf1dee142b5509e1bf9302fb5280656ce6c577224707f82b80f876b57e2ee8,2026-08-21T01:52:35.579018+00:00,PASS,STALE,0.1.0
L1-001,2023-03-07,1.59,percent,FRED,DFII10,docs/phase2-ingestion/data/macro/raw/fred/DFII10-20260821T015235Z.json,dbaf1dee142b5509e1bf9302fb5280656ce6c577224707f82b80f876b57e2ee8,2026-08-21T01:52:35.579018+00:00,PASS,STALE,0.1.0
L1-001,2023-03-08,1.66,percent,FRED,DFII10,docs/phase2-ingestion/data/macro/raw/fred/DFII10-20260821T015235Z.json,dbaf1dee142b5509e1bf9302fb5280656ce6c577224707f82b80f876b57e2ee8,2026-08-21T01:52:35.579018+00:00,PASS,STALE,0.1.0
L1-001,2023-03-09,1.63,percent,FRED,DFII10,docs/phase2-ingestion/data/macro/raw/fred/DFII10-20260821T015235Z.json,dbaf1dee142b5509e1bf9302fb5280656ce6c577224707f82b80f876b57e2ee8,2026-08-21T01:52:35.579018+00:00,PASS,STALE,0.1.0
L1-001,2023-03-10,1.44,percent,FRED,DFII10,docs/phase2-ingestion/data/macro/raw/fred/DFII10-20260821T015235Z.json,dbaf1dee142b5509e1bf9302fb5280656ce6c577224707f82b80f876b57e2ee8,2026-08-21T01:52:35.579018+00:00,PASS,STALE,0.1.0
L1-001,2023-03-13,1.31,percent,FRED,DFII10,docs/phase2-ingestion/data/macro/raw/fred/DFII10-20260821T015235Z.json,dbaf1dee142b5509e1bf9302fb5280656ce6c577224707f82b80f876b57e2ee8,2026-08-21T01:52:35.579018+00:00,PASS,STALE,0.1.0
L1-001,2023-03-14,1.33,percent,FRED,DFII10,docs/phase2-ingestion/data/macro/raw/fred/DFII10-20260821T015235Z.json,dbaf1dee142b5509e1bf9302fb5280656ce6c577224707f82b80f876b57e2ee8,2026-08-21T01:52:35.579018+00:00,PASS,STALE,0.1.0
L1-001,2023-03-15,1.22,percent,FRED,DFII10,docs/phase2-ingestion/data/macro/raw/fred/DFII10-20260821T015235Z.json,dbaf1dee142b5509e1bf9302fb5280656ce6c577224707f82b80f876b57e2ee8,2026-08-21T01:52:35.579018+00:00,PASS,STALE,0.1.0
L1-001,2023-03-16,1.34,percent,FRED,DFII10,docs/phase2-ingestion/data/macro/raw/fred/DFII10-20260821T015235Z.json,dbaf1dee142b5509e1bf9302fb5280656ce6c577224707f82b80f876b57e2ee8,2026-08-21T01:52:35.579018+00:00,PASS,STALE,0.1.0
L1-001,2023-03-17,1.29,percent,FRED,DFII10,docs/phase2-ingestion/data/macro/raw/fred/DFII10-20260821T015235Z.json,dbaf1dee142b5509e1bf9302fb5280656ce6c577224707f82b80f876b57e2ee8,2026-08-21T01:52:35.579018+00:00,PASS,STALE,0.1.0
L1-001,2023-03-20,1.33,percent,FRED,DFII10,docs/phase2-ingestion/data/macro/raw/fred/DFII10-20260821T015235Z.json,dbaf1dee142b5509e1bf9302fb5280656ce6c577224707f82b80f876b57e2ee8,2026-08-21T01:52:35.579018+00:00,PASS,STALE,0.1.0
L1-001,2023-03-21,1.36,percent,FRED,DFII10,docs/phase2-ingestion/data/macro/raw/fred/DFII10-20260821T015235Z.json,dbaf1dee142b5509e1bf9302fb5280656ce6c577224707f82b80f876b57e2ee8,2026-08-21T01:52:35.579018+00:00,PASS,STALE,0.1.0
L1-001,2023-03-22,1.2,percent,FRED,DFII10,docs/phase2-ingestion/data/macro/raw/fred/DFII10-20260821T015235Z.json,dbaf1dee142b5509e1bf9302fb5280656ce6c577224707f82b80f876b57e2ee8,2026-08-21T01:52:35.579018+00:00,PASS,STALE,0.1.0
L1-001,2023-03-23,1.19,percent,FRED,DFII10,docs/phase2-ingestion/data/macro/raw/fred/DFII10-20260821T015235Z.json,dbaf1dee142b5509e1bf9302fb5280656ce6c577224707f82b80f876b57e2ee8,2026-08-21T01:52:35.579018+00:00,PASS,STALE,0.1.0
L1-001,2023-03-24,1.16,percent,FRED,DFII10,docs/phase2-ingestion/data/macro/raw/fred/DFII10-20260821T015235Z.json,dbaf1dee142b5509e1bf9302fb5280656ce6c577224707f82b80f876b57e2ee8,2026-08-21T01:52:35.579018+00:00,PASS,STALE,0.1.0
L1-001,2023-03-27,1.29,percent,FRED,DFII10,docs/phase2-ingestion/data/macro/raw/fred/DFII10-20260821T015235Z.json,dbaf1dee142b5509e1bf9302fb5280656ce6c577224707f82b80f876b57e2ee8,2026-08-21T01:52:35.579018+00:00,PASS,STALE,0.1.0
L1-001,2023-03-28,1.24,percent,FRED,DFII10,docs/phase2-ingestion/data/macro/raw/fred/DFII10-20260821T015235Z.json,dbaf1dee142b5509e1bf9302fb5280656ce6c577224707f82b80f876b57e2ee8,2026-08-21T01:52:35.579018+00:00,PASS,STALE,0.1.0
L1-001,2023-03-29,1.24,percent,FRED,DFII10,docs/phase2-ingestion/data/macro/raw/fred/DFII10-20260821T015235Z.json,dbaf1dee142b5509e1bf9302fb5280656ce6c577224707f82b80f876b57e2ee8,2026-08-21T01:52:35.579018+00:00,PASS,STALE,0.1.0
L1-001,2023-03-30,1.21,percent,FRED,DFII10,docs/phase2-ingestion/data/macro/raw/fred/DFII10-20260821T015235Z.json,dbaf1dee142b5509e1bf9302fb5280656ce6c577224707f82b80f876b57e2ee8,2026-08-21T01:52:35.579018+00:00,PASS,STALE,0.1.0
L1-001,2023-03-31,1.16,percent,FRED,DFII10,docs/phase2-ingestion/data/macro/raw/fred/DFII10-20260821T015235Z.json,dbaf1dee142b5509e1bf9302fb5280656ce6c577224707f82b80f876b57e2ee8,2026-08-21T01:52:35.579018+00:00,PASS,STALE,0.1.0
L1-001,2023-04-03,1.14,percent,FRED,DFII10,docs/phase2-ingestion/data/macro/raw/fred/DFII10-20260821T015235Z.json,dbaf1dee142b5509e1bf9302fb5280656ce6c577224707f82b80f876b57e2ee8,2026-08-21T01:52:35.579018+00:00,PASS,STALE,0.1.0
L1-001,2023-04-04,1.1,percent,FRED,DFII10,docs/phase2-ingestion/data/macro/raw/fred/DFII10-20260821T015235Z.json,dbaf1dee142b5509e1bf9302fb5280656ce6c577224707f82b80f876b57e2ee8,2026-08-21T01:52:35.579018+00:00,PASS,STALE,0.1.0
L1-001,2023-04-05,1.07,percent,FRED,DFII10,docs/phase2-ingestion/data/macro/raw/fred/DFII10-20260821T015235Z.json,dbaf1dee142b5509e1bf9302fb5280656ce6c577224707f82b80f876b57e2ee8,2026-08-21T01:52:35.579018+00:00,PASS,STALE,0.1.0
L1-001,2023-04-06,1.06,percent,FRED,DFII10,docs/phase2-ingestion/data/macro/raw/fred/DFII10-20260821T015235Z.json,dbaf1dee142b5509e1bf9302fb5280656ce6c577224707f82b80f876b57e2ee8,2026-08-21T01:52:35.579018+00:00,PASS,STALE,0.1.0
L1-001,2023-04-07,1.14,percent,FRED,DFII10,docs/phase2-ingestion/data/macro/raw/fred/DFII10-20260821T015235Z.json,dbaf1dee142b5509e1bf9302fb5280656ce6c577224707f82b80f876b57e2ee8,2026-08-21T01:52:35.579018+00:00,PASS,STALE,0.1.0
L1-001,2023-04-10,1.14,percent,FRED,DFII10,docs/phase2-ingestion/data/macro/raw/fred/DFII10-20260821T015235Z.json,dbaf1dee142b5509e1bf9302fb5280656ce6c577224707f82b80f876b57e2ee8,2026-08-21T01:52:35.579018+00:00,PASS,STALE,0.1.0
L1-001,2023-04-11,1.14,percent,FRED,DFII10,docs/phase2-ingestion/data/macro/raw/fred/DFII10-20260821T015235Z.json,dbaf1dee142b5509e1bf9302fb5280656ce6c577224707f82b80f876b57e2ee8,2026-08-21T01:52:35.579018+00:00,PASS,STALE,0.1.0
L1-001,2023-04-12,1.14,percent,FRED,DFII10,docs/phase2-ingestion/data/macro/raw/fred/DFII10-20260821T015235Z.json,dbaf1dee142b5509e1bf9302fb5280656ce6c577224707f82b80f876b57e2ee8,2026-08-21T01:52:35.579018+00:00,PASS,STALE,0.1.0
L1-001,2023-04-13,1.16,percent,FRED,DFII10,docs/phase2-ingestion/data/macro/raw/fred/DFII10-20260821T015235Z.json,dbaf1dee142b5509e1bf9302fb5280656ce6c577224707f82b80f876b57e2ee8,2026-08-21T01:52:35.579018+00:00,PASS,STALE,0.1.0
L1-001,2023-04-14,1.22,percent,FRED,DFII10,docs/phase2-ingestion/data/macro/raw/fred/DFII10-20260821T015235Z.json,dbaf1dee142b5509e1bf9302fb5280656ce6c577224707f82b80f876b57e2ee8,2026-08-21T01:52:35.579018+00:00,PASS,STALE,0.1.0
L1-001,2023-04-17,1.28,percent,FRED,DFII10,docs/phase2-ingestion/data/macro/raw/fred/DFII10-20260821T015235Z.json,dbaf1dee142b5509e1bf9302fb5280656ce6c577224707f82b80f876b57e2ee8,2026-08-21T01:52:35.579018+00:00,PASS,STALE,0.1.0
L1-001,2023-04-18,1.3,percent,FRED,DFII10,docs/phase2-ingestion/data/macro/raw/fred/DFII10-20260821T015235Z.json,dbaf1dee142b5509e1bf9302fb5280656ce6c577224707f82b80f876b57e2ee8,2026-08-21T01:52:35.579018+00:00,PASS,STALE,0.1.0
L1-001,2023-04-19,1.32,percent,FRED,DFII10,docs/phase2-ingestion/data/macro/raw/fred/DFII10-20260821T015235Z.json,dbaf1dee142b5509e1bf9302fb5280656ce6c577224707f82b80f876b57e2ee8,2026-08-21T01:52:35.579018+00:00,PASS,STALE,0.1.0
L1-001,2023-04-20,1.28,percent,FRED,DFII10,docs/phase2-ingestion/data/macro/raw/fred/DFII10-20260821T015235Z.json,dbaf1dee142b5509e1bf9302fb5280656ce6c577224707f82b80f876b57e2ee8,2026-08-21T01:52:35.579018+00:00,PASS,STALE,0.1.0
L1-001,2023-04-21,1.29,percent,FRED,DFII10,docs/phase2-ingestion/data/macro/raw/fred/DFII10-20260821T015235Z.json,dbaf1dee142b5509e1bf9302fb5280656ce6c577224707f82b80f876b57e2ee8,2026-08-21T01:52:35.579018+00:00,PASS,STALE,0.1.0
L1-001,2023-04-24,1.24,percent,FRED,DFII10,docs/phase2-ingestion/data/macro/raw/fred/DFII10-20260821T015235Z.json,dbaf1dee142b5509e1bf9302fb5280656ce6c577224707f82b80f876b57e2ee8,2026-08-21T01:52:35.579018+00:00,PASS,STALE,0.1.0
L1-001,2023-04-25,1.15,percent,FRED,DFII10,docs/phase2-ingestion/data/macro/raw/fred/DFII10-20260821T015235Z.json,dbaf1dee142b5509e1bf9302fb5280656ce6c577224707f82b80f876b57e2ee8,2026-08-21T01:52:35.579018+00:00,PASS,STALE,0.1.0
L1-001,2023-04-26,1.18,percent,FRED,DFII10,docs/phase2-ingestion/data/macro/raw/fred/DFII10-20260821T015235Z.json,dbaf1dee142b5509e1bf9302fb5280656ce6c577224707f82b80f876b57e2ee8,2026-08-21T01:52:35.579018+00:00,PASS,STALE,0.1.0
L1-001,2023-04-27,1.26,percent,FRED,DFII10,docs/phase2-ingestion/data/macro/raw/fred/DFII10-20260821T015235Z.json,dbaf1dee142b5509e1bf9302fb5280656ce6c577224707f82b80f876b57e2ee8,2026-08-21T01:52:35.579018+00:00,PASS,STALE,0.1.0
L1-001,2023-04-28,1.26,percent,FRED,DFII10,docs/phase2-ingestion/data/macro/raw/fred/DFII10-20260821T015235Z.json,dbaf1dee142b5509e1bf9302fb5280656ce6c577224707f82b80f876b57e2ee8,2026-08-21T01:52:35.579018+00:00,PASS,STALE,0.1.0
L1-001,2023-05-01,1.36,percent,FRED,DFII10,docs/phase2-ingestion/data/macro/raw/fred/DFII10-20260821T015235Z.json,dbaf1dee142b5509e1bf9302fb5280656ce6c577224707f82b80f876b57e2ee8,2026-08-21T01:52:35.579018+00:00,PASS,STALE,0.1.0
L1-001,2023-05-02,1.24,percent,FRED,DFII10,docs/phase2-ingestion/data/macro/raw/fred/DFII10-20260821T015235Z.json,dbaf1dee142b5509e1bf9302fb5280656ce6c577224707f82b80f876b57e2ee8,2026-08-21T01:52:35.579018+00:00,PASS,STALE,0.1.0
L1-001,2023-05-03,1.18,percent,FRED,DFII10,docs/phase2-ingestion/data/macro/raw/fred/DFII10-20260821T015235Z.json,dbaf1dee142b5509e1bf9302fb5280656ce6c577224707f82b80f876b57e2ee8,2026-08-21T01:52:35.579018+00:00,PASS,STALE,0.1.0
L1-001,2023-05-04,1.18,percent,FRED,DFII10,docs/phase2-ingestion/data/macro/raw/fred/DFII10-20260821T015235Z.json,dbaf1dee142b5509e1bf9302fb5280656ce6c577224707f82b80f876b57e2ee8,2026-08-21T01:52:35.579018+00:00,PASS,STALE,0.1.0
L1-001,2023-05-05,1.23,percent,FRED,DFII10,docs/phase2-ingestion/data/macro/raw/fred/DFII10-20260821T015235Z.json,dbaf1dee142b5509e1bf9302fb5280656ce6c577224707f82b80f876b57e2ee8,2026-08-21T01:52:35.579018+00:00,PASS,STALE,0.1.0
L1-001,2023-05-08,1.29,percent,FRED,DFII10,docs/phase2-ingestion/data/macro/raw/fred/DFII10-20260821T015235Z.json,dbaf1dee142b5509e1bf9302fb5280656ce6c577224707f82b80f876b57e2ee8,2026-08-21T01:52:35.579018+00:00,PASS,STALE,0.1.0
L1-001,2023-05-09,1.3,percent,FRED,DFII10,docs/phase2-ingestion/data/macro/raw/fred/DFII10-20260821T015235Z.json,dbaf1dee142b5509e1bf9302fb5280656ce6c577224707f82b80f876b57e2ee8,2026-08-21T01:52:35.579018+00:00,PASS,STALE,0.1.0
L1-001,2023-05-10,1.26,percent,FRED,DFII10,docs/phase2-ingestion/data/macro/raw/fred/DFII10-20260821T015235Z.json,dbaf1dee142b5509e1bf9302fb5280656ce6c577224707f82b80f876b57e2ee8,2026-08-21T01:52:35.579018+00:00,PASS,STALE,0.1.0
L1-001,2023-05-11,1.23,percent,FRED,DFII10,docs/phase2-ingestion/data/macro/raw/fred/DFII10-20260821T015235Z.json,dbaf1dee142b5509e1bf9302fb5280656ce6c577224707f82b80f876b57e2ee8,2026-08-21T01:52:35.579018+00:00,PASS,STALE,0.1.0
L1-001,2023-05-12,1.28,percent,FRED,DFII10,docs/phase2-ingestion/data/macro/raw/fred/DFII10-20260821T015235Z.json,dbaf1dee142b5509e1bf9302fb5280656ce6c577224707f82b80f876b57e2ee8,2026-08-21T01:52:35.579018+00:00,PASS,STALE,0.1.0
L1-001,2023-05-15,1.31,percent,FRED,DFII10,docs/phase2-ingestion/data/macro/raw/fred/DFII10-20260821T015235Z.json,dbaf1dee142b5509e1bf9302fb5280656ce6c577224707f82b80f876b57e2ee8,2026-08-21T01:52:35.579018+00:00,PASS,STALE,0.1.0
L1-001,2023-05-16,1.35,percent,FRED,DFII10,docs/phase2-ingestion/data/macro/raw/fred/DFII10-20260821T015235Z.json,dbaf1dee142b5509e1bf9302fb5280656ce6c577224707f82b80f876b57e2ee8,2026-08-21T01:52:35.579018+00:00,PASS,STALE,0.1.0
L1-001,2023-05-17,1.35,percent,FRED,DFII10,docs/phase2-ingestion/data/macro/raw/fred/DFII10-20260821T015235Z.json,dbaf1dee142b5509e1bf9302fb5280656ce6c577224707f82b80f876b57e2ee8,2026-08-21T01:52:35.579018+00:00,PASS,STALE,0.1.0
L1-001,2023-05-18,1.42,percent,FRED,DFII10,docs/phase2-ingestion/data/macro/raw/fred/DFII10-20260821T015235Z.json,dbaf1dee142b5509e1bf9302fb5280656ce6c577224707f82b80f876b57e2ee8,2026-08-21T01:52:35.579018+00:00,PASS,STALE,0.1.0
L1-001,2023-05-19,1.46,percent,FRED,DFII10,docs/phase2-ingestion/data/macro/raw/fred/DFII10-20260821T015235Z.json,dbaf1dee142b5509e1bf9302fb5280656ce6c577224707f82b80f876b57e2ee8,2026-08-21T01:52:35.579018+00:00,PASS,STALE,0.1.0
L1-001,2023-05-22,1.48,percent,FRED,DFII10,docs/phase2-ingestion/data/macro/raw/fred/DFII10-20260821T015235Z.json,dbaf1dee142b5509e1bf9302fb5280656ce6c577224707f82b80f876b57e2ee8,2026-08-21T01:52:35.579018+00:00,PASS,STALE,0.1.0
L1-001,2023-05-23,1.44,percent,FRED,DFII10,docs/phase2-ingestion/data/macro/raw/fred/DFII10-20260821T015235Z.json,dbaf1dee142b5509e1bf9302fb5280656ce6c577224707f82b80f876b57e2ee8,2026-08-21T01:52:35.579018+00:00,PASS,STALE,0.1.0
L1-001,2023-05-24,1.48,percent,FRED,DFII10,docs/phase2-ingestion/data/macro/raw/fred/DFII10-20260821T015235Z.json,dbaf1dee142b5509e1bf9302fb5280656ce6c577224707f82b80f876b57e2ee8,2026-08-21T01:52:35.579018+00:00,PASS,STALE,0.1.0
L1-001,2023-05-25,1.58,percent,FRED,DFII10,docs/phase2-ingestion/data/macro/raw/fred/DFII10-20260821T015235Z.json,dbaf1dee142b5509e1bf9302fb5280656ce6c577224707f82b80f876b57e2ee8,2026-08-21T01:52:35.579018+00:00,PASS,STALE,0.1.0
L1-001,2023-05-26,1.57,percent,FRED,DFII10,docs/phase2-ingestion/data/macro/raw/fred/DFII10-20260821T015235Z.json,dbaf1dee142b5509e1bf9302fb5280656ce6c577224707f82b80f876b57e2ee8,2026-08-21T01:52:35.579018+00:00,PASS,STALE,0.1.0
L1-001,2023-05-30,1.47,percent,FRED,DFII10,docs/phase2-ingestion/data/macro/raw/fred/DFII10-20260821T015235Z.json,dbaf1dee142b5509e1bf9302fb5280656ce6c577224707f82b80f876b57e2ee8,2026-08-21T01:52:35.579018+00:00,PASS,STALE,0.1.0
L1-001,2023-05-31,1.46,percent,FRED,DFII10,docs/phase2-ingestion/data/macro/raw/fred/DFII10-20260821T015235Z.json,dbaf1dee142b5509e1bf9302fb5280656ce6c577224707f82b80f876b57e2ee8,2026-08-21T01:52:35.579018+00:00,PASS,STALE,0.1.0
L1-001,2023-06-01,1.45,percent,FRED,DFII10,docs/phase2-ingestion/data/macro/raw/fred/DFII10-20260821T015235Z.json,dbaf1dee142b5509e1bf9302fb5280656ce6c577224707f82b80f876b57e2ee8,2026-08-21T01:52:35.579018+00:00,PASS,STALE,0.1.0
L1-001,2023-06-02,1.51,percent,FRED,DFII10,docs/phase2-ingestion/data/macro/raw/fred/DFII10-20260821T015235Z.json,dbaf1dee142b5509e1bf9302fb5280656ce6c577224707f82b80f876b57e2ee8,2026-08-21T01:52:35.579018+00:00,PASS,STALE,0.1.0
L1-001,2023-06-05,1.5,percent,FRED,DFII10,docs/phase2-ingestion/data/macro/raw/fred/DFII10-20260821T015235Z.json,dbaf1dee142b5509e1bf9302fb5280656ce6c577224707f82b80f876b57e2ee8,2026-08-21T01:52:35.579018+00:00,PASS,STALE,0.1.0
L1-001,2023-06-06,1.5,percent,FRED,DFII10,docs/phase2-ingestion/data/macro/raw/fred/DFII10-20260821T015235Z.json,dbaf1dee142b5509e1bf9302fb5280656ce6c577224707f82b80f876b57e2ee8,2026-08-21T01:52:35.579018+00:00,PASS,STALE,0.1.0
L1-001,2023-06-07,1.58,percent,FRED,DFII10,docs/phase2-ingestion/data/macro/raw/fred/DFII10-20260821T015235Z.json,dbaf1dee142b5509e1bf9302fb5280656ce6c577224707f82b80f876b57e2ee8,2026-08-21T01:52:35.579018+00:00,PASS,STALE,0.1.0
L1-001,2023-06-08,1.53,percent,FRED,DFII10,docs/phase2-ingestion/data/macro/raw/fred/DFII10-20260821T015235Z.json,dbaf1dee142b5509e1bf9302fb5280656ce6c577224707f82b80f876b57e2ee8,2026-08-21T01:52:35.579018+00:00,PASS,STALE,0.1.0
L1-001,2023-06-09,1.55,percent,FRED,DFII10,docs/phase2-ingestion/data/macro/raw/fred/DFII10-20260821T015235Z.json,dbaf1dee142b5509e1bf9302fb5280656ce6c577224707f82b80f876b57e2ee8,2026-08-21T01:52:35.579018+00:00,PASS,STALE,0.1.0
L1-001,2023-06-12,1.56,percent,FRED,DFII10,docs/phase2-ingestion/data/macro/raw/fred/DFII10-20260821T015235Z.json,dbaf1dee142b5509e1bf9302fb5280656ce6c577224707f82b80f876b57e2ee8,2026-08-21T01:52:35.579018+00:00,PASS,STALE,0.1.0
L1-001,2023-06-13,1.64,percent,FRED,DFII10,docs/phase2-ingestion/data/macro/raw/fred/DFII10-20260821T015235Z.json,dbaf1dee142b5509e1bf9302fb5280656ce6c577224707f82b80f876b57e2ee8,2026-08-21T01:52:35.579018+00:00,PASS,STALE,0.1.0
L1-001,2023-06-14,1.62,percent,FRED,DFII10,docs/phase2-ingestion/data/macro/raw/fred/DFII10-20260821T015235Z.json,dbaf1dee142b5509e1bf9302fb5280656ce6c577224707f82b80f876b57e2ee8,2026-08-21T01:52:35.579018+00:00,PASS,STALE,0.1.0
L1-001,2023-06-15,1.51,percent,FRED,DFII10,docs/phase2-ingestion/data/macro/raw/fred/DFII10-20260821T015235Z.json,dbaf1dee142b5509e1bf9302fb5280656ce6c577224707f82b80f876b57e2ee8,2026-08-21T01:52:35.579018+00:00,PASS,STALE,0.1.0
L1-001,2023-06-16,1.55,percent,FRED,DFII10,docs/phase2-ingestion/data/macro/raw/fred/DFII10-20260821T015235Z.json,dbaf1dee142b5509e1bf9302fb5280656ce6c577224707f82b80f876b57e2ee8,2026-08-21T01:52:35.579018+00:00,PASS,STALE,0.1.0
L1-001,2023-06-20,1.52,percent,FRED,DFII10,docs/phase2-ingestion/data/macro/raw/fred/DFII10-20260821T015235Z.json,dbaf1dee142b5509e1bf9302fb5280656ce6c577224707f82b80f876b57e2ee8,2026-08-21T01:52:35.579018+00:00,PASS,STALE,0.1.0
L1-001,2023-06-21,1.51,percent,FRED,DFII10,docs/phase2-ingestion/data/macro/raw/fred/DFII10-20260821T015235Z.json,dbaf1dee142b5509e1bf9302fb5280656ce6c577224707f82b80f876b57e2ee8,2026-08-21T01:52:35.579018+00:00,PASS,STALE,0.1.0
L1-001,2023-06-22,1.56,percent,FRED,DFII10,docs/phase2-ingestion/data/macro/raw/fred/DFII10-20260821T015235Z.json,dbaf1dee142b5509e1bf9302fb5280656ce6c577224707f82b80f876b57e2ee8,2026-08-21T01:52:35.579018+00:00,PASS,STALE,0.1.0
L1-001,2023-06-23,1.53,percent,FRED,DFII10,docs/phase2-ingestion/data/macro/raw/fred/DFII10-20260821T015235Z.json,dbaf1dee142b5509e1bf9302fb5280656ce6c577224707f82b80f876b57e2ee8,2026-08-21T01:52:35.579018+00:00,PASS,STALE,0.1.0
L1-001,2023-06-26,1.54,percent,FRED,DFII10,docs/phase2-ingestion/data/macro/raw/fred/DFII10-20260821T015235Z.json,dbaf1dee142b5509e1bf9302fb5280656ce6c577224707f82b80f876b57e2ee8,2026-08-21T01:52:35.579018+00:00,PASS,STALE,0.1.0
L1-001,2023-06-27,1.57,percent,FRED,DFII10,docs/phase2-ingestion/data/macro/raw/fred/DFII10-20260821T015235Z.json,dbaf1dee142b5509e1bf9302fb5280656ce6c577224707f82b80f876b57e2ee8,2026-08-21T01:52:35.579018+00:00,PASS,STALE,0.1.0
L1-001,2023-06-28,1.53,percent,FRED,DFII10,docs/phase2-ingestion/data/macro/raw/fred/DFII10-20260821T015235Z.json,dbaf1dee142b5509e1bf9302fb5280656ce6c577224707f82b80f876b57e2ee8,2026-08-21T01:52:35.579018+00:00,PASS,STALE,0.1.0
L1-001,2023-06-29,1.65,percent,FRED,DFII10,docs/phase2-ingestion/data/macro/raw/fred/DFII10-20260821T015235Z.json,dbaf1dee142b5509e1bf9302fb5280656ce6c577224707f82b80f876b57e2ee8,2026-08-21T01:52:35.579018+00:00,PASS,STALE,0.1.0
L1-001,2023-06-30,1.59,percent,FRED,DFII10,docs/phase2-ingestion/data/macro/raw/fred/DFII10-20260821T015235Z.json,dbaf1dee142b5509e1bf9302fb5280656ce6c577224707f82b80f876b57e2ee8,2026-08-21T01:52:35.579018+00:00,PASS,STALE,0.1.0
L1-001,2023-07-03,1.61,percent,FRED,DFII10,docs/phase2-ingestion/data/macro/raw/fred/DFII10-20260821T015235Z.json,dbaf1dee142b5509e1bf9302fb5280656ce6c577224707f82b80f876b57e2ee8,2026-08-21T01:52:35.579018+00:00,PASS,STALE,0.1.0
L1-001,2023-07-05,1.69,percent,FRED,DFII10,docs/phase2-ingestion/data/macro/raw/fred/DFII10-20260821T015235Z.json,dbaf1dee142b5509e1bf9302fb5280656ce6c577224707f82b80f876b57e2ee8,2026-08-21T01:52:35.579018+00:00,PASS,STALE,0.1.0
L1-001,2023-07-06,1.78,percent,FRED,DFII10,docs/phase2-ingestion/data/macro/raw/fred/DFII10-20260821T015235Z.json,dbaf1dee142b5509e1bf9302fb5280656ce6c577224707f82b80f876b57e2ee8,2026-08-21T01:52:35.579018+00:00,PASS,STALE,0.1.0
L1-001,2023-07-07,1.79,percent,FRED,DFII10,docs/phase2-ingestion/data/macro/raw/fred/DFII10-20260821T015235Z.json,dbaf1dee142b5509e1bf9302fb5280656ce6c577224707f82b80f876b57e2ee8,2026-08-21T01:52:35.579018+00:00,PASS,STALE,0.1.0
L1-001,2023-07-10,1.76,percent,FRED,DFII10,docs/phase2-ingestion/data/macro/raw/fred/DFII10-20260821T015235Z.json,dbaf1dee142b5509e1bf9302fb5280656ce6c577224707f82b80f876b57e2ee8,2026-08-21T01:52:35.579018+00:00,PASS,STALE,0.1.0
L1-001,2023-07-11,1.75,percent,FRED,DFII10,docs/phase2-ingestion/data/macro/raw/fred/DFII10-20260821T015235Z.json,dbaf1dee142b5509e1bf9302fb5280656ce6c577224707f82b80f876b57e2ee8,2026-08-21T01:52:35.579018+00:00,PASS,STALE,0.1.0
L1-001,2023-07-12,1.6,percent,FRED,DFII10,docs/phase2-ingestion/data/macro/raw/fred/DFII10-20260821T015235Z.json,dbaf1dee142b5509e1bf9302fb5280656ce6c577224707f82b80f876b57e2ee8,2026-08-21T01:52:35.579018+00:00,PASS,STALE,0.1.0
L1-001,2023-07-13,1.52,percent,FRED,DFII10,docs/phase2-ingestion/data/macro/raw/fred/DFII10-20260821T015235Z.json,dbaf1dee142b5509e1bf9302fb5280656ce6c577224707f82b80f876b57e2ee8,2026-08-21T01:52:35.579018+00:00,PASS,STALE,0.1.0
L1-001,2023-07-14,1.59,percent,FRED,DFII10,docs/phase2-ingestion/data/macro/raw/fred/DFII10-20260821T015235Z.json,dbaf1dee142b5509e1bf9302fb5280656ce6c577224707f82b80f876b57e2ee8,2026-08-21T01:52:35.579018+00:00,PASS,STALE,0.1.0
L1-001,2023-07-17,1.56,percent,FRED,DFII10,docs/phase2-ingestion/data/macro/raw/fred/DFII10-20260821T015235Z.json,dbaf1dee142b5509e1bf9302fb5280656ce6c577224707f82b80f876b57e2ee8,2026-08-21T01:52:35.579018+00:00,PASS,STALE,0.1.0
L1-001,2023-07-18,1.57,percent,FRED,DFII10,docs/phase2-ingestion/data/macro/raw/fred/DFII10-20260821T015235Z.json,dbaf1dee142b5509e1bf9302fb5280656ce6c577224707f82b80f876b57e2ee8,2026-08-21T01:52:35.579018+00:00,PASS,STALE,0.1.0
L1-001,2023-07-19,1.53,percent,FRED,DFII10,docs/phase2-ingestion/data/macro/raw/fred/DFII10-20260821T015235Z.json,dbaf1dee142b5509e1bf9302fb5280656ce6c577224707f82b80f876b57e2ee8,2026-08-21T01:52:35.579018+00:00,PASS,STALE,0.1.0
L1-001,2023-07-20,1.5,percent,FRED,DFII10,docs/phase2-ingestion/data/macro/raw/fred/DFII10-20260821T015235Z.json,dbaf1dee142b5509e1bf9302fb5280656ce6c577224707f82b80f876b57e2ee8,2026-08-21T01:52:35.579018+00:00,PASS,STALE,0.1.0
L1-001,2023-07-21,1.49,percent,FRED,DFII10,docs/phase2-ingestion/data/macro/raw/fred/DFII10-20260821T015235Z.json,dbaf1dee142b5509e1bf9302fb5280656ce6c577224707f82b80f876b57e2ee8,2026-08-21T01:52:35.579018+00:00,PASS,STALE,0.1.0
L1-001,2023-07-24,1.48,percent,FRED,DFII10,docs/phase2-ingestion/data/macro/raw/fred/DFII10-20260821T015235Z.json,dbaf1dee142b5509e1bf9302fb5280656ce6c577224707f82b80f876b57e2ee8,2026-08-21T01:52:35.579018+00:00,PASS,STALE,0.1.0
L1-001,2023-07-25,1.52,percent,FRED,DFII10,docs/phase2-ingestion/data/macro/raw/fred/DFII10-20260821T015235Z.json,dbaf1dee142b5509e1bf9302fb5280656ce6c577224707f82b80f876b57e2ee8,2026-08-21T01:52:35.579018+00:00,PASS,STALE,0.1.0
L1-001,2023-07-26,1.5,percent,FRED,DFII10,docs/phase2-ingestion/data/macro/raw/fred/DFII10-20260821T015235Z.json,dbaf1dee142b5509e1bf9302fb5280656ce6c577224707f82b80f876b57e2ee8,2026-08-21T01:52:35.579018+00:00,PASS,STALE,0.1.0
L1-001,2023-07-27,1.64,percent,FRED,DFII10,docs/phase2-ingestion/data/macro/raw/fred/DFII10-20260821T015235Z.json,dbaf1dee142b5509e1bf9302fb5280656ce6c577224707f82b80f876b57e2ee8,2026-08-21T01:52:35.579018+00:00,PASS,STALE,0.1.0
L1-001,2023-07-28,1.58,percent,FRED,DFII10,docs/phase2-ingestion/data/macro/raw/fred/DFII10-20260821T015235Z.json,dbaf1dee142b5509e1bf9302fb5280656ce6c577224707f82b80f876b57e2ee8,2026-08-21T01:52:35.579018+00:00,PASS,STALE,0.1.0
L1-001,2023-07-31,1.6,percent,FRED,DFII10,docs/phase2-ingestion/data/macro/raw/fred/DFII10-20260821T015235Z.json,dbaf1dee142b5509e1bf9302fb5280656ce6c577224707f82b80f876b57e2ee8,2026-08-21T01:52:35.579018+00:00,PASS,STALE,0.1.0
L1-001,2023-08-01,1.68,percent,FRED,DFII10,docs/phase2-ingestion/data/macro/raw/fred/DFII10-20260821T015235Z.json,dbaf1dee142b5509e1bf9302fb5280656ce6c577224707f82b80f876b57e2ee8,2026-08-21T01:52:35.579018+00:00,PASS,STALE,0.1.0
L1-001,2023-08-02,1.72,percent,FRED,DFII10,docs/phase2-ingestion/data/macro/raw/fred/DFII10-20260821T015235Z.json,dbaf1dee142b5509e1bf9302fb5280656ce6c577224707f82b80f876b57e2ee8,2026-08-21T01:52:35.579018+00:00,PASS,STALE,0.1.0
L1-001,2023-08-03,1.83,percent,FRED,DFII10,docs/phase2-ingestion/data/macro/raw/fred/DFII10-20260821T015235Z.json,dbaf1dee142b5509e1bf9302fb5280656ce6c577224707f82b80f876b57e2ee8,2026-08-21T01:52:35.579018+00:00,PASS,STALE,0.1.0
L1-001,2023-08-04,1.67,percent,FRED,DFII10,docs/phase2-ingestion/data/macro/raw/fred/DFII10-20260821T015235Z.json,dbaf1dee142b5509e1bf9302fb5280656ce6c577224707f82b80f876b57e2ee8,2026-08-21T01:52:35.579018+00:00,PASS,STALE,0.1.0
L1-001,2023-08-07,1.68,percent,FRED,DFII10,docs/phase2-ingestion/data/macro/raw/fred/DFII10-20260821T015235Z.json,dbaf1dee142b5509e1bf9302fb5280656ce6c577224707f82b80f876b57e2ee8,2026-08-21T01:52:35.579018+00:00,PASS,STALE,0.1.0
L1-001,2023-08-08,1.66,percent,FRED,DFII10,docs/phase2-ingestion/data/macro/raw/fred/DFII10-20260821T015235Z.json,dbaf1dee142b5509e1bf9302fb5280656ce6c577224707f82b80f876b57e2ee8,2026-08-21T01:52:35.579018+00:00,PASS,STALE,0.1.0
L1-001,2023-08-09,1.66,percent,FRED,DFII10,docs/phase2-ingestion/data/macro/raw/fred/DFII10-20260821T015235Z.json,dbaf1dee142b5509e1bf9302fb5280656ce6c577224707f82b80f876b57e2ee8,2026-08-21T01:52:35.579018+00:00,PASS,STALE,0.1.0
L1-001,2023-08-10,1.76,percent,FRED,DFII10,docs/phase2-ingestion/data/macro/raw/fred/DFII10-20260821T015235Z.json,dbaf1dee142b5509e1bf9302fb5280656ce6c577224707f82b80f876b57e2ee8,2026-08-21T01:52:35.579018+00:00,PASS,STALE,0.1.0
L1-001,2023-08-11,1.8,percent,FRED,DFII10,docs/phase2-ingestion/data/macro/raw/fred/DFII10-20260821T015235Z.json,dbaf1dee142b5509e1bf9302fb5280656ce6c577224707f82b80f876b57e2ee8,2026-08-21T01:52:35.579018+00:00,PASS,STALE,0.1.0
L1-001,2023-08-14,1.83,percent,FRED,DFII10,docs/phase2-ingestion/data/macro/raw/fred/DFII10-20260821T015235Z.json,dbaf1dee142b5509e1bf9302fb5280656ce6c577224707f82b80f876b57e2ee8,2026-08-21T01:52:35.579018+00:00,PASS,STALE,0.1.0
L1-001,2023-08-15,1.89,percent,FRED,DFII10,docs/phase2-ingestion/data/macro/raw/fred/DFII10-20260821T015235Z.json,dbaf1dee142b5509e1bf9302fb5280656ce6c577224707f82b80f876b57e2ee8,2026-08-21T01:52:35.579018+00:00,PASS,STALE,0.1.0
L1-001,2023-08-16,1.96,percent,FRED,DFII10,docs/phase2-ingestion/data/macro/raw/fred/DFII10-20260821T015235Z.json,dbaf1dee142b5509e1bf9302fb5280656ce6c577224707f82b80f876b57e2ee8,2026-08-21T01:52:35.579018+00:00,PASS,STALE,0.1.0
L1-001,2023-08-17,1.97,percent,FRED,DFII10,docs/phase2-ingestion/data/macro/raw/fred/DFII10-20260821T015235Z.json,dbaf1dee142b5509e1bf9302fb5280656ce6c577224707f82b80f876b57e2ee8,2026-08-21T01:52:35.579018+00:00,PASS,STALE,0.1.0
L1-001,2023-08-18,1.94,percent,FRED,DFII10,docs/phase2-ingestion/data/macro/raw/fred/DFII10-20260821T015235Z.json,dbaf1dee142b5509e1bf9302fb5280656ce6c577224707f82b80f876b57e2ee8,2026-08-21T01:52:35.579018+00:00,PASS,STALE,0.1.0
L1-001,2023-08-21,2.0,percent,FRED,DFII10,docs/phase2-ingestion/data/macro/raw/fred/DFII10-20260821T015235Z.json,dbaf1dee142b5509e1bf9302fb5280656ce6c577224707f82b80f876b57e2ee8,2026-08-21T01:52:35.579018+00:00,PASS,STALE,0.1.0
L1-001,2023-08-22,1.99,percent,FRED,DFII10,docs/phase2-ingestion/data/macro/raw/fred/DFII10-20260821T015235Z.json,dbaf1dee142b5509e1bf9302fb5280656ce6c577224707f82b80f876b57e2ee8,2026-08-21T01:52:35.579018+00:00,PASS,STALE,0.1.0
L1-001,2023-08-23,1.84,percent,FRED,DFII10,docs/phase2-ingestion/data/macro/raw/fred/DFII10-20260821T015235Z.json,dbaf1dee142b5509e1bf9302fb5280656ce6c577224707f82b80f876b57e2ee8,2026-08-21T01:52:35.579018+00:00,PASS,STALE,0.1.0
L1-001,2023-08-24,1.91,percent,FRED,DFII10,docs/phase2-ingestion/data/macro/raw/fred/DFII10-20260821T015235Z.json,dbaf1dee142b5509e1bf9302fb5280656ce6c577224707f82b80f876b57e2ee8,2026-08-21T01:52:35.579018+00:00,PASS,STALE,0.1.0
L1-001,2023-08-25,1.92,percent,FRED,DFII10,docs/phase2-ingestion/data/macro/raw/fred/DFII10-20260821T015235Z.json,dbaf1dee142b5509e1bf9302fb5280656ce6c577224707f82b80f876b57e2ee8,2026-08-21T01:52:35.579018+00:00,PASS,STALE,0.1.0
L1-001,2023-08-28,1.9,percent,FRED,DFII10,docs/phase2-ingestion/data/macro/raw/fred/DFII10-20260821T015235Z.json,dbaf1dee142b5509e1bf9302fb5280656ce6c577224707f82b80f876b57e2ee8,2026-08-21T01:52:35.579018+00:00,PASS,STALE,0.1.0
L1-001,2023-08-29,1.83,percent,FRED,DFII10,docs/phase2-ingestion/data/macro/raw/fred/DFII10-20260821T015235Z.json,dbaf1dee142b5509e1bf9302fb5280656ce6c577224707f82b80f876b57e2ee8,2026-08-21T01:52:35.579018+00:00,PASS,STALE,0.1.0
L1-001,2023-08-30,1.86,percent,FRED,DFII10,docs/phase2-ingestion/data/macro/raw/fred/DFII10-20260821T015235Z.json,dbaf1dee142b5509e1bf9302fb5280656ce6c577224707f82b80f876b57e2ee8,2026-08-21T01:52:35.579018+00:00,PASS,STALE,0.1.0
L1-001,2023-08-31,1.85,percent,FRED,DFII10,docs/phase2-ingestion/data/macro/raw/fred/DFII10-20260821T015235Z.json,dbaf1dee142b5509e1bf9302fb5280656ce6c577224707f82b80f876b57e2ee8,2026-08-21T01:52:35.579018+00:00,PASS,STALE,0.1.0
L1-001,2023-09-01,1.92,percent,FRED,DFII10,docs/phase2-ingestion/data/macro/raw/fred/DFII10-20260821T015235Z.json,dbaf1dee142b5509e1bf9302fb5280656ce6c577224707f82b80f876b57e2ee8,2026-08-21T01:52:35.579018+00:00,PASS,STALE,0.1.0
L1-001,2023-09-05,1.98,percent,FRED,DFII10,docs/phase2-ingestion/data/macro/raw/fred/DFII10-20260821T015235Z.json,dbaf1dee142b5509e1bf9302fb5280656ce6c577224707f82b80f876b57e2ee8,2026-08-21T01:52:35.579018+00:00,PASS,STALE,0.1.0
L1-001,2023-09-06,2.0,percent,FRED,DFII10,docs/phase2-ingestion/data/macro/raw/fred/DFII10-20260821T015235Z.json,dbaf1dee142b5509e1bf9302fb5280656ce6c577224707f82b80f876b57e2ee8,2026-08-21T01:52:35.579018+00:00,PASS,STALE,0.1.0
L1-001,2023-09-07,1.95,percent,FRED,DFII10,docs/phase2-ingestion/data/macro/raw/fred/DFII10-20260821T015235Z.json,dbaf1dee142b5509e1bf9302fb5280656ce6c577224707f82b80f876b57e2ee8,2026-08-21T01:52:35.579018+00:00,PASS,STALE,0.1.0
L1-001,2023-09-08,1.93,percent,FRED,DFII10,docs/phase2-ingestion/data/macro/raw/fred/DFII10-20260821T015235Z.json,dbaf1dee142b5509e1bf9302fb5280656ce6c577224707f82b80f876b57e2ee8,2026-08-21T01:52:35.579018+00:00,PASS,STALE,0.1.0
L1-001,2023-09-11,1.94,percent,FRED,DFII10,docs/phase2-ingestion/data/macro/raw/fred/DFII10-20260821T015235Z.json,dbaf1dee142b5509e1bf9302fb5280656ce6c577224707f82b80f876b57e2ee8,2026-08-21T01:52:35.579018+00:00,PASS,STALE,0.1.0
L1-001,2023-09-12,1.93,percent,FRED,DFII10,docs/phase2-ingestion/data/macro/raw/fred/DFII10-20260821T015235Z.json,dbaf1dee142b5509e1bf9302fb5280656ce6c577224707f82b80f876b57e2ee8,2026-08-21T01:52:35.579018+00:00,PASS,STALE,0.1.0
L1-001,2023-09-13,1.9,percent,FRED,DFII10,docs/phase2-ingestion/data/macro/raw/fred/DFII10-20260821T015235Z.json,dbaf1dee142b5509e1bf9302fb5280656ce6c577224707f82b80f876b57e2ee8,2026-08-21T01:52:35.579018+00:00,PASS,STALE,0.1.0
L1-001,2023-09-14,1.95,percent,FRED,DFII10,docs/phase2-ingestion/data/macro/raw/fred/DFII10-20260821T015235Z.json,dbaf1dee142b5509e1bf9302fb5280656ce6c577224707f82b80f876b57e2ee8,2026-08-21T01:52:35.579018+00:00,PASS,STALE,0.1.0
L1-001,2023-09-15,1.98,percent,FRED,DFII10,docs/phase2-ingestion/data/macro/raw/fred/DFII10-20260821T015235Z.json,dbaf1dee142b5509e1bf9302fb5280656ce6c577224707f82b80f876b57e2ee8,2026-08-21T01:52:35.579018+00:00,PASS,STALE,0.1.0
L1-001,2023-09-18,1.96,percent,FRED,DFII10,docs/phase2-ingestion/data/macro/raw/fred/DFII10-20260821T015235Z.json,dbaf1dee142b5509e1bf9302fb5280656ce6c577224707f82b80f876b57e2ee8,2026-08-21T01:52:35.579018+00:00,PASS,STALE,0.1.0
L1-001,2023-09-19,2.0,percent,FRED,DFII10,docs/phase2-ingestion/data/macro/raw/fred/DFII10-20260821T015235Z.json,dbaf1dee142b5509e1bf9302fb5280656ce6c577224707f82b80f876b57e2ee8,2026-08-21T01:52:35.579018+00:00,PASS,STALE,0.1.0
L1-001,2023-09-20,2.0,percent,FRED,DFII10,docs/phase2-ingestion/data/macro/raw/fred/DFII10-20260821T015235Z.json,dbaf1dee142b5509e1bf9302fb5280656ce6c577224707f82b80f876b57e2ee8,2026-08-21T01:52:35.579018+00:00,PASS,STALE,0.1.0
L1-001,2023-09-21,2.11,percent,FRED,DFII10,docs/phase2-ingestion/data/macro/raw/fred/DFII10-20260821T015235Z.json,dbaf1dee142b5509e1bf9302fb5280656ce6c577224707f82b80f876b57e2ee8,2026-08-21T01:52:35.579018+00:00,PASS,STALE,0.1.0
L1-001,2023-09-22,2.07,percent,FRED,DFII10,docs/phase2-ingestion/data/macro/raw/fred/DFII10-20260821T015235Z.json,dbaf1dee142b5509e1bf9302fb5280656ce6c577224707f82b80f876b57e2ee8,2026-08-21T01:52:35.579018+00:00,PASS,STALE,0.1.0
L1-001,2023-09-25,2.18,percent,FRED,DFII10,docs/phase2-ingestion/data/macro/raw/fred/DFII10-20260821T015235Z.json,dbaf1dee142b5509e1bf9302fb5280656ce6c577224707f82b80f876b57e2ee8,2026-08-21T01:52:35.579018+00:00,PASS,STALE,0.1.0
L1-001,2023-09-26,2.23,percent,FRED,DFII10,docs/phase2-ingestion/data/macro/raw/fred/DFII10-20260821T015235Z.json,dbaf1dee142b5509e1bf9302fb5280656ce6c577224707f82b80f876b57e2ee8,2026-08-21T01:52:35.579018+00:00,PASS,STALE,0.1.0
L1-001,2023-09-27,2.27,percent,FRED,DFII10,docs/phase2-ingestion/data/macro/raw/fred/DFII10-20260821T015235Z.json,dbaf1dee142b5509e1bf9302fb5280656ce6c577224707f82b80f876b57e2ee8,2026-08-21T01:52:35.579018+00:00,PASS,STALE,0.1.0
L1-001,2023-09-28,2.2,percent,FRED,DFII10,docs/phase2-ingestion/data/macro/raw/fred/DFII10-20260821T015235Z.json,dbaf1dee142b5509e1bf9302fb5280656ce6c577224707f82b80f876b57e2ee8,2026-08-21T01:52:35.579018+00:00,PASS,STALE,0.1.0
L1-001,2023-09-29,2.24,percent,FRED,DFII10,docs/phase2-ingestion/data/macro/raw/fred/DFII10-20260821T015235Z.json,dbaf1dee142b5509e1bf9302fb5280656ce6c577224707f82b80f876b57e2ee8,2026-08-21T01:52:35.579018+00:00,PASS,STALE,0.1.0
L1-001,2023-10-02,2.34,percent,FRED,DFII10,docs/phase2-ingestion/data/macro/raw/fred/DFII10-20260821T015235Z.json,dbaf1dee142b5509e1bf9302fb5280656ce6c577224707f82b80f876b57e2ee8,2026-08-21T01:52:35.579018+00:00,PASS,STALE,0.1.0
L1-001,2023-10-03,2.45,percent,FRED,DFII10,docs/phase2-ingestion/data/macro/raw/fred/DFII10-20260821T015235Z.json,dbaf1dee142b5509e1bf9302fb5280656ce6c577224707f82b80f876b57e2ee8,2026-08-21T01:52:35.579018+00:00,PASS,STALE,0.1.0
L1-001,2023-10-04,2.4,percent,FRED,DFII10,docs/phase2-ingestion/data/macro/raw/fred/DFII10-20260821T015235Z.json,dbaf1dee142b5509e1bf9302fb5280656ce6c577224707f82b80f876b57e2ee8,2026-08-21T01:52:35.579018+00:00,PASS,STALE,0.1.0
L1-001,2023-10-05,2.41,percent,FRED,DFII10,docs/phase2-ingestion/data/macro/raw/fred/DFII10-20260821T015235Z.json,dbaf1dee142b5509e1bf9302fb5280656ce6c577224707f82b80f876b57e2ee8,2026-08-21T01:52:35.579018+00:00,PASS,STALE,0.1.0
L1-001,2023-10-06,2.47,percent,FRED,DFII10,docs/phase2-ingestion/data/macro/raw/fred/DFII10-20260821T015235Z.json,dbaf1dee142b5509e1bf9302fb5280656ce6c577224707f82b80f876b57e2ee8,2026-08-21T01:52:35.579018+00:00,PASS,STALE,0.1.0
L1-001,2023-10-10,2.34,percent,FRED,DFII10,docs/phase2-ingestion/data/macro/raw/fred/DFII10-20260821T015235Z.json,dbaf1dee142b5509e1bf9302fb5280656ce6c577224707f82b80f876b57e2ee8,2026-08-21T01:52:35.579018+00:00,PASS,STALE,0.1.0
L1-001,2023-10-11,2.26,percent,FRED,DFII10,docs/phase2-ingestion/data/macro/raw/fred/DFII10-20260821T015235Z.json,dbaf1dee142b5509e1bf9302fb5280656ce6c577224707f82b80f876b57e2ee8,2026-08-21T01:52:35.579018+00:00,PASS,STALE,0.1.0
L1-001,2023-10-12,2.36,percent,FRED,DFII10,docs/phase2-ingestion/data/macro/raw/fred/DFII10-20260821T015235Z.json,dbaf1dee142b5509e1bf9302fb5280656ce6c577224707f82b80f876b57e2ee8,2026-08-21T01:52:35.579018+00:00,PASS,STALE,0.1.0
L1-001,2023-10-13,2.29,percent,FRED,DFII10,docs/phase2-ingestion/data/macro/raw/fred/DFII10-20260821T015235Z.json,dbaf1dee142b5509e1bf9302fb5280656ce6c577224707f82b80f876b57e2ee8,2026-08-21T01:52:35.579018+00:00,PASS,STALE,0.1.0
L1-001,2023-10-16,2.33,percent,FRED,DFII10,docs/phase2-ingestion/data/macro/raw/fred/DFII10-20260821T015235Z.json,dbaf1dee142b5509e1bf9302fb5280656ce6c577224707f82b80f876b57e2ee8,2026-08-21T01:52:35.579018+00:00,PASS,STALE,0.1.0
L1-001,2023-10-17,2.42,percent,FRED,DFII10,docs/phase2-ingestion/data/macro/raw/fred/DFII10-20260821T015235Z.json,dbaf1dee142b5509e1bf9302fb5280656ce6c577224707f82b80f876b57e2ee8,2026-08-21T01:52:35.579018+00:00,PASS,STALE,0.1.0
L1-001,2023-10-18,2.47,percent,FRED,DFII10,docs/phase2-ingestion/data/macro/raw/fred/DFII10-20260821T015235Z.json,dbaf1dee142b5509e1bf9302fb5280656ce6c577224707f82b80f876b57e2ee8,2026-08-21T01:52:35.579018+00:00,PASS,STALE,0.1.0
L1-001,2023-10-19,2.49,percent,FRED,DFII10,docs/phase2-ingestion/data/macro/raw/fred/DFII10-20260821T015235Z.json,dbaf1dee142b5509e1bf9302fb5280656ce6c577224707f82b80f876b57e2ee8,2026-08-21T01:52:35.579018+00:00,PASS,STALE,0.1.0
L1-001,2023-10-20,2.46,percent,FRED,DFII10,docs/phase2-ingestion/data/macro/raw/fred/DFII10-20260821T015235Z.json,dbaf1dee142b5509e1bf9302fb5280656ce6c577224707f82b80f876b57e2ee8,2026-08-21T01:52:35.579018+00:00,PASS,STALE,0.1.0
L1-001,2023-10-23,2.45,percent,FRED,DFII10,docs/phase2-ingestion/data/macro/raw/fred/DFII10-20260821T015235Z.json,dbaf1dee142b5509e1bf9302fb5280656ce6c577224707f82b80f876b57e2ee8,2026-08-21T01:52:35.579018+00:00,PASS,STALE,0.1.0
L1-001,2023-10-24,2.43,percent,FRED,DFII10,docs/phase2-ingestion/data/macro/raw/fred/DFII10-20260821T015235Z.json,dbaf1dee142b5509e1bf9302fb5280656ce6c577224707f82b80f876b57e2ee8,2026-08-21T01:52:35.579018+00:00,PASS,STALE,0.1.0
L1-001,2023-10-25,2.52,percent,FRED,DFII10,docs/phase2-ingestion/data/macro/raw/fred/DFII10-20260821T015235Z.json,dbaf1dee142b5509e1bf9302fb5280656ce6c577224707f82b80f876b57e2ee8,2026-08-21T01:52:35.579018+00:00,PASS,STALE,0.1.0
L1-001,2023-10-26,2.44,percent,FRED,DFII10,docs/phase2-ingestion/data/macro/raw/fred/DFII10-20260821T015235Z.json,dbaf1dee142b5509e1bf9302fb5280656ce6c577224707f82b80f876b57e2ee8,2026-08-21T01:52:35.579018+00:00,PASS,STALE,0.1.0
L1-001,2023-10-27,2.42,percent,FRED,DFII10,docs/phase2-ingestion/data/macro/raw/fred/DFII10-20260821T015235Z.json,dbaf1dee142b5509e1bf9302fb5280656ce6c577224707f82b80f876b57e2ee8,2026-08-21T01:52:35.579018+00:00,PASS,STALE,0.1.0
L1-001,2023-10-30,2.44,percent,FRED,DFII10,docs/phase2-ingestion/data/macro/raw/fred/DFII10-20260821T015235Z.json,dbaf1dee142b5509e1bf9302fb5280656ce6c577224707f82b80f876b57e2ee8,2026-08-21T01:52:35.579018+00:00,PASS,STALE,0.1.0
L1-001,2023-10-31,2.46,percent,FRED,DFII10,docs/phase2-ingestion/data/macro/raw/fred/DFII10-20260821T015235Z.json,dbaf1dee142b5509e1bf9302fb5280656ce6c577224707f82b80f876b57e2ee8,2026-08-21T01:52:35.579018+00:00,PASS,STALE,0.1.0
L1-001,2023-11-01,2.36,percent,FRED,DFII10,docs/phase2-ingestion/data/macro/raw/fred/DFII10-20260821T015235Z.json,dbaf1dee142b5509e1bf9302fb5280656ce6c577224707f82b80f876b57e2ee8,2026-08-21T01:52:35.579018+00:00,PASS,STALE,0.1.0
L1-001,2023-11-02,2.27,percent,FRED,DFII10,docs/phase2-ingestion/data/macro/raw/fred/DFII10-20260821T015235Z.json,dbaf1dee142b5509e1bf9302fb5280656ce6c577224707f82b80f876b57e2ee8,2026-08-21T01:52:35.579018+00:00,PASS,STALE,0.1.0
L1-001,2023-11-03,2.18,percent,FRED,DFII10,docs/phase2-ingestion/data/macro/raw/fred/DFII10-20260821T015235Z.json,dbaf1dee142b5509e1bf9302fb5280656ce6c577224707f82b80f876b57e2ee8,2026-08-21T01:52:35.579018+00:00,PASS,STALE,0.1.0
L1-001,2023-11-06,2.25,percent,FRED,DFII10,docs/phase2-ingestion/data/macro/raw/fred/DFII10-20260821T015235Z.json,dbaf1dee142b5509e1bf9302fb5280656ce6c577224707f82b80f876b57e2ee8,2026-08-21T01:52:35.579018+00:00,PASS,STALE,0.1.0
L1-001,2023-11-07,2.19,percent,FRED,DFII10,docs/phase2-ingestion/data/macro/raw/fred/DFII10-20260821T015235Z.json,dbaf1dee142b5509e1bf9302fb5280656ce6c577224707f82b80f876b57e2ee8,2026-08-21T01:52:35.579018+00:00,PASS,STALE,0.1.0
L1-001,2023-11-08,2.15,percent,FRED,DFII10,docs/phase2-ingestion/data/macro/raw/fred/DFII10-20260821T015235Z.json,dbaf1dee142b5509e1bf9302fb5280656ce6c577224707f82b80f876b57e2ee8,2026-08-21T01:52:35.579018+00:00,PASS,STALE,0.1.0
L1-001,2023-11-09,2.29,percent,FRED,DFII10,docs/phase2-ingestion/data/macro/raw/fred/DFII10-20260821T015235Z.json,dbaf1dee142b5509e1bf9302fb5280656ce6c577224707f82b80f876b57e2ee8,2026-08-21T01:52:35.579018+00:00,PASS,STALE,0.1.0
L1-001,2023-11-10,2.29,percent,FRED,DFII10,docs/phase2-ingestion/data/macro/raw/fred/DFII10-20260821T015235Z.json,dbaf1dee142b5509e1bf9302fb5280656ce6c577224707f82b80f876b57e2ee8,2026-08-21T01:52:35.579018+00:00,PASS,STALE,0.1.0
L1-001,2023-11-13,2.32,percent,FRED,DFII10,docs/phase2-ingestion/data/macro/raw/fred/DFII10-20260821T015235Z.json,dbaf1dee142b5509e1bf9302fb5280656ce6c577224707f82b80f876b57e2ee8,2026-08-21T01:52:35.579018+00:00,PASS,STALE,0.1.0
L1-001,2023-11-14,2.16,percent,FRED,DFII10,docs/phase2-ingestion/data/macro/raw/fred/DFII10-20260821T015235Z.json,dbaf1dee142b5509e1bf9302fb5280656ce6c577224707f82b80f876b57e2ee8,2026-08-21T01:52:35.579018+00:00,PASS,STALE,0.1.0
L1-001,2023-11-15,2.22,percent,FRED,DFII10,docs/phase2-ingestion/data/macro/raw/fred/DFII10-20260821T015235Z.json,dbaf1dee142b5509e1bf9302fb5280656ce6c577224707f82b80f876b57e2ee8,2026-08-21T01:52:35.579018+00:00,PASS,STALE,0.1.0
L1-001,2023-11-16,2.18,percent,FRED,DFII10,docs/phase2-ingestion/data/macro/raw/fred/DFII10-20260821T015235Z.json,dbaf1dee142b5509e1bf9302fb5280656ce6c577224707f82b80f876b57e2ee8,2026-08-21T01:52:35.579018+00:00,PASS,STALE,0.1.0
L1-001,2023-11-17,2.16,percent,FRED,DFII10,docs/phase2-ingestion/data/macro/raw/fred/DFII10-20260821T015235Z.json,dbaf1dee142b5509e1bf9302fb5280656ce6c577224707f82b80f876b57e2ee8,2026-08-21T01:52:35.579018+00:00,PASS,STALE,0.1.0
L1-001,2023-11-20,2.12,percent,FRED,DFII10,docs/phase2-ingestion/data/macro/raw/fred/DFII10-20260821T015235Z.json,dbaf1dee142b5509e1bf9302fb5280656ce6c577224707f82b80f876b57e2ee8,2026-08-21T01:52:35.579018+00:00,PASS,STALE,0.1.0
L1-001,2023-11-21,2.16,percent,FRED,DFII10,docs/phase2-ingestion/data/macro/raw/fred/DFII10-20260821T015235Z.json,dbaf1dee142b5509e1bf9302fb5280656ce6c577224707f82b80f876b57e2ee8,2026-08-21T01:52:35.579018+00:00,PASS,STALE,0.1.0
L1-001,2023-11-22,2.16,percent,FRED,DFII10,docs/phase2-ingestion/data/macro/raw/fred/DFII10-20260821T015235Z.json,dbaf1dee142b5509e1bf9302fb5280656ce6c577224707f82b80f876b57e2ee8,2026-08-21T01:52:35.579018+00:00,PASS,STALE,0.1.0
L1-001,2023-11-24,2.21,percent,FRED,DFII10,docs/phase2-ingestion/data/macro/raw/fred/DFII10-20260821T015235Z.json,dbaf1dee142b5509e1bf9302fb5280656ce6c577224707f82b80f876b57e2ee8,2026-08-21T01:52:35.579018+00:00,PASS,STALE,0.1.0
L1-001,2023-11-27,2.18,percent,FRED,DFII10,docs/phase2-ingestion/data/macro/raw/fred/DFII10-20260821T015235Z.json,dbaf1dee142b5509e1bf9302fb5280656ce6c577224707f82b80f876b57e2ee8,2026-08-21T01:52:35.579018+00:00,PASS,STALE,0.1.0
L1-001,2023-11-28,2.12,percent,FRED,DFII10,docs/phase2-ingestion/data/macro/raw/fred/DFII10-20260821T015235Z.json,dbaf1dee142b5509e1bf9302fb5280656ce6c577224707f82b80f876b57e2ee8,2026-08-21T01:52:35.579018+00:00,PASS,STALE,0.1.0
L1-001,2023-11-29,2.06,percent,FRED,DFII10,docs/phase2-ingestion/data/macro/raw/fred/DFII10-20260821T015235Z.json,dbaf1dee142b5509e1bf9302fb5280656ce6c577224707f82b80f876b57e2ee8,2026-08-21T01:52:35.579018+00:00,PASS,STALE,0.1.0
L1-001,2023-11-30,2.14,percent,FRED,DFII10,docs/phase2-ingestion/data/macro/raw/fred/DFII10-20260821T015235Z.json,dbaf1dee142b5509e1bf9302fb5280656ce6c577224707f82b80f876b57e2ee8,2026-08-21T01:52:35.579018+00:00,PASS,STALE,0.1.0
L1-001,2023-12-01,2.0,percent,FRED,DFII10,docs/phase2-ingestion/data/macro/raw/fred/DFII10-20260821T015235Z.json,dbaf1dee142b5509e1bf9302fb5280656ce6c577224707f82b80f876b57e2ee8,2026-08-21T01:52:35.579018+00:00,PASS,STALE,0.1.0
L1-001,2023-12-04,2.07,percent,FRED,DFII10,docs/phase2-ingestion/data/macro/raw/fred/DFII10-20260821T015235Z.json,dbaf1dee142b5509e1bf9302fb5280656ce6c577224707f82b80f876b57e2ee8,2026-08-21T01:52:35.579018+00:00,PASS,STALE,0.1.0
L1-001,2023-12-05,2.01,percent,FRED,DFII10,docs/phase2-ingestion/data/macro/raw/fred/DFII10-20260821T015235Z.json,dbaf1dee142b5509e1bf9302fb5280656ce6c577224707f82b80f876b57e2ee8,2026-08-21T01:52:35.579018+00:00,PASS,STALE,0.1.0
L1-001,2023-12-06,1.98,percent,FRED,DFII10,docs/phase2-ingestion/data/macro/raw/fred/DFII10-20260821T015235Z.json,dbaf1dee142b5509e1bf9302fb5280656ce6c577224707f82b80f876b57e2ee8,2026-08-21T01:52:35.579018+00:00,PASS,STALE,0.1.0
L1-001,2023-12-07,1.97,percent,FRED,DFII10,docs/phase2-ingestion/data/macro/raw/fred/DFII10-20260821T015235Z.json,dbaf1dee142b5509e1bf9302fb5280656ce6c577224707f82b80f876b57e2ee8,2026-08-21T01:52:35.579018+00:00,PASS,STALE,0.1.0
L1-001,2023-12-08,2.02,percent,FRED,DFII10,docs/phase2-ingestion/data/macro/raw/fred/DFII10-20260821T015235Z.json,dbaf1dee142b5509e1bf9302fb5280656ce6c577224707f82b80f876b57e2ee8,2026-08-21T01:52:35.579018+00:00,PASS,STALE,0.1.0
L1-001,2023-12-11,2.04,percent,FRED,DFII10,docs/phase2-ingestion/data/macro/raw/fred/DFII10-20260821T015235Z.json,dbaf1dee142b5509e1bf9302fb5280656ce6c577224707f82b80f876b57e2ee8,2026-08-21T01:52:35.579018+00:00,PASS,STALE,0.1.0
L1-001,2023-12-12,2.04,percent,FRED,DFII10,docs/phase2-ingestion/data/macro/raw/fred/DFII10-20260821T015235Z.json,dbaf1dee142b5509e1bf9302fb5280656ce6c577224707f82b80f876b57e2ee8,2026-08-21T01:52:35.579018+00:00,PASS,STALE,0.1.0
L1-001,2023-12-13,1.88,percent,FRED,DFII10,docs/phase2-ingestion/data/macro/raw/fred/DFII10-20260821T015235Z.json,dbaf1dee142b5509e1bf9302fb5280656ce6c577224707f82b80f876b57e2ee8,2026-08-21T01:52:35.579018+00:00,PASS,STALE,0.1.0
L1-001,2023-12-14,1.7,percent,FRED,DFII10,docs/phase2-ingestion/data/macro/raw/fred/DFII10-20260821T015235Z.json,dbaf1dee142b5509e1bf9302fb5280656ce6c577224707f82b80f876b57e2ee8,2026-08-21T01:52:35.579018+00:00,PASS,STALE,0.1.0
L1-001,2023-12-15,1.69,percent,FRED,DFII10,docs/phase2-ingestion/data/macro/raw/fred/DFII10-20260821T015235Z.json,dbaf1dee142b5509e1bf9302fb5280656ce6c577224707f82b80f876b57e2ee8,2026-08-21T01:52:35.579018+00:00,PASS,STALE,0.1.0
L1-001,2023-12-18,1.74,percent,FRED,DFII10,docs/phase2-ingestion/data/macro/raw/fred/DFII10-20260821T015235Z.json,dbaf1dee142b5509e1bf9302fb5280656ce6c577224707f82b80f876b57e2ee8,2026-08-21T01:52:35.579018+00:00,PASS,STALE,0.1.0
L1-001,2023-12-19,1.74,percent,FRED,DFII10,docs/phase2-ingestion/data/macro/raw/fred/DFII10-20260821T015235Z.json,dbaf1dee142b5509e1bf9302fb5280656ce6c577224707f82b80f876b57e2ee8,2026-08-21T01:52:35.579018+00:00,PASS,STALE,0.1.0
L1-001,2023-12-20,1.67,percent,FRED,DFII10,docs/phase2-ingestion/data/macro/raw/fred/DFII10-20260821T015235Z.json,dbaf1dee142b5509e1bf9302fb5280656ce6c577224707f82b80f876b57e2ee8,2026-08-21T01:52:35.579018+00:00,PASS,STALE,0.1.0
L1-001,2023-12-21,1.7,percent,FRED,DFII10,docs/phase2-ingestion/data/macro/raw/fred/DFII10-20260821T015235Z.json,dbaf1dee142b5509e1bf9302fb5280656ce6c577224707f82b80f876b57e2ee8,2026-08-21T01:52:35.579018+00:00,PASS,STALE,0.1.0
L1-001,2023-12-22,1.71,percent,FRED,DFII10,docs/phase2-ingestion/data/macro/raw/fred/DFII10-20260821T015235Z.json,dbaf1dee142b5509e1bf9302fb5280656ce6c577224707f82b80f876b57e2ee8,2026-08-21T01:52:35.579018+00:00,PASS,STALE,0.1.0
L1-001,2023-12-26,1.71,percent,FRED,DFII10,docs/phase2-ingestion/data/macro/raw/fred/DFII10-20260821T015235Z.json,dbaf1dee142b5509e1bf9302fb5280656ce6c577224707f82b80f876b57e2ee8,2026-08-21T01:52:35.579018+00:00,PASS,STALE,0.1.0
L1-001,2023-12-27,1.64,percent,FRED,DFII10,docs/phase2-ingestion/data/macro/raw/fred/DFII10-20260821T015235Z.json,dbaf1dee142b5509e1bf9302fb5280656ce6c577224707f82b80f876b57e2ee8,2026-08-21T01:52:35.579018+00:00,PASS,STALE,0.1.0
L1-001,2023-12-28,1.68,percent,FRED,DFII10,docs/phase2-ingestion/data/macro/raw/fred/DFII10-20260821T015235Z.json,dbaf1dee142b5509e1bf9302fb5280656ce6c577224707f82b80f876b57e2ee8,2026-08-21T01:52:35.579018+00:00,PASS,STALE,0.1.0
L1-001,2023-12-29,1.72,percent,FRED,DFII10,docs/phase2-ingestion/data/macro/raw/fred/DFII10-20260821T015235Z.json,dbaf1dee142b5509e1bf9302fb5280656ce6c577224707f82b80f876b57e2ee8,2026-08-21T01:52:35.579018+00:00,PASS,STALE,0.1.0
L1-001,2024-01-02,1.74,percent,FRED,DFII10,docs/phase2-ingestion/data/macro/raw/fred/DFII10-20260821T015235Z.json,dbaf1dee142b5509e1bf9302fb5280656ce6c577224707f82b80f876b57e2ee8,2026-08-21T01:52:35.579018+00:00,PASS,STALE,0.1.0
L1-001,2024-01-03,1.71,percent,FRED,DFII10,docs/phase2-ingestion/data/macro/raw/fred/DFII10-20260821T015235Z.json,dbaf1dee142b5509e1bf9302fb5280656ce6c577224707f82b80f876b57e2ee8,2026-08-21T01:52:35.579018+00:00,PASS,STALE,0.1.0
L1-001,2024-01-04,1.77,percent,FRED,DFII10,docs/phase2-ingestion/data/macro/raw/fred/DFII10-20260821T015235Z.json,dbaf1dee142b5509e1bf9302fb5280656ce6c577224707f82b80f876b57e2ee8,2026-08-21T01:52:35.579018+00:00,PASS,STALE,0.1.0
L1-001,2024-01-05,1.83,percent,FRED,DFII10,docs/phase2-ingestion/data/macro/raw/fred/DFII10-20260821T015235Z.json,dbaf1dee142b5509e1bf9302fb5280656ce6c577224707f82b80f876b57e2ee8,2026-08-21T01:52:35.579018+00:00,PASS,STALE,0.1.0
L1-001,2024-01-08,1.79,percent,FRED,DFII10,docs/phase2-ingestion/data/macro/raw/fred/DFII10-20260821T015235Z.json,dbaf1dee142b5509e1bf9302fb5280656ce6c577224707f82b80f876b57e2ee8,2026-08-21T01:52:35.579018+00:00,PASS,STALE,0.1.0
L1-001,2024-01-09,1.8,percent,FRED,DFII10,docs/phase2-ingestion/data/macro/raw/fred/DFII10-20260821T015235Z.json,dbaf1dee142b5509e1bf9302fb5280656ce6c577224707f82b80f876b57e2ee8,2026-08-21T01:52:35.579018+00:00,PASS,STALE,0.1.0
L1-001,2024-01-10,1.82,percent,FRED,DFII10,docs/phase2-ingestion/data/macro/raw/fred/DFII10-20260821T015235Z.json,dbaf1dee142b5509e1bf9302fb5280656ce6c577224707f82b80f876b57e2ee8,2026-08-21T01:52:35.579018+00:00,PASS,STALE,0.1.0
L1-001,2024-01-11,1.76,percent,FRED,DFII10,docs/phase2-ingestion/data/macro/raw/fred/DFII10-20260821T015235Z.json,dbaf1dee142b5509e1bf9302fb5280656ce6c577224707f82b80f876b57e2ee8,2026-08-21T01:52:35.579018+00:00,PASS,STALE,0.1.0
L1-001,2024-01-12,1.69,percent,FRED,DFII10,docs/phase2-ingestion/data/macro/raw/fred/DFII10-20260821T015235Z.json,dbaf1dee142b5509e1bf9302fb5280656ce6c577224707f82b80f876b57e2ee8,2026-08-21T01:52:35.579018+00:00,PASS,STALE,0.1.0
L1-001,2024-01-16,1.77,percent,FRED,DFII10,docs/phase2-ingestion/data/macro/raw/fred/DFII10-20260821T015235Z.json,dbaf1dee142b5509e1bf9302fb5280656ce6c577224707f82b80f876b57e2ee8,2026-08-21T01:52:35.579018+00:00,PASS,STALE,0.1.0
L1-001,2024-01-17,1.8,percent,FRED,DFII10,docs/phase2-ingestion/data/macro/raw/fred/DFII10-20260821T015235Z.json,dbaf1dee142b5509e1bf9302fb5280656ce6c577224707f82b80f876b57e2ee8,2026-08-21T01:52:35.579018+00:00,PASS,STALE,0.1.0
L1-001,2024-01-18,1.8,percent,FRED,DFII10,docs/phase2-ingestion/data/macro/raw/fred/DFII10-20260821T015235Z.json,dbaf1dee142b5509e1bf9302fb5280656ce6c577224707f82b80f876b57e2ee8,2026-08-21T01:52:35.579018+00:00,PASS,STALE,0.1.0
L1-001,2024-01-19,1.81,percent,FRED,DFII10,docs/phase2-ingestion/data/macro/raw/fred/DFII10-20260821T015235Z.json,dbaf1dee142b5509e1bf9302fb5280656ce6c577224707f82b80f876b57e2ee8,2026-08-21T01:52:35.579018+00:00,PASS,STALE,0.1.0
L1-001,2024-01-22,1.8,percent,FRED,DFII10,docs/phase2-ingestion/data/macro/raw/fred/DFII10-20260821T015235Z.json,dbaf1dee142b5509e1bf9302fb5280656ce6c577224707f82b80f876b57e2ee8,2026-08-21T01:52:35.579018+00:00,PASS,STALE,0.1.0
L1-001,2024-01-23,1.85,percent,FRED,DFII10,docs/phase2-ingestion/data/macro/raw/fred/DFII10-20260821T015235Z.json,dbaf1dee142b5509e1bf9302fb5280656ce6c577224707f82b80f876b57e2ee8,2026-08-21T01:52:35.579018+00:00,PASS,STALE,0.1.0
L1-001,2024-01-24,1.88,percent,FRED,DFII10,docs/phase2-ingestion/data/macro/raw/fred/DFII10-20260821T015235Z.json,dbaf1dee142b5509e1bf9302fb5280656ce6c577224707f82b80f876b57e2ee8,2026-08-21T01:52:35.579018+00:00,PASS,STALE,0.1.0
L1-001,2024-01-25,1.85,percent,FRED,DFII10,docs/phase2-ingestion/data/macro/raw/fred/DFII10-20260821T015235Z.json,dbaf1dee142b5509e1bf9302fb5280656ce6c577224707f82b80f876b57e2ee8,2026-08-21T01:52:35.579018+00:00,PASS,STALE,0.1.0
L1-001,2024-01-26,1.85,percent,FRED,DFII10,docs/phase2-ingestion/data/macro/raw/fred/DFII10-20260821T015235Z.json,dbaf1dee142b5509e1bf9302fb5280656ce6c577224707f82b80f876b57e2ee8,2026-08-21T01:52:35.579018+00:00,PASS,STALE,0.1.0
L1-001,2024-01-29,1.78,percent,FRED,DFII10,docs/phase2-ingestion/data/macro/raw/fred/DFII10-20260821T015235Z.json,dbaf1dee142b5509e1bf9302fb5280656ce6c577224707f82b80f876b57e2ee8,2026-08-21T01:52:35.579018+00:00,PASS,STALE,0.1.0
L1-001,2024-01-30,1.8,percent,FRED,DFII10,docs/phase2-ingestion/data/macro/raw/fred/DFII10-20260821T015235Z.json,dbaf1dee142b5509e1bf9302fb5280656ce6c577224707f82b80f876b57e2ee8,2026-08-21T01:52:35.579018+00:00,PASS,STALE,0.1.0
L1-001,2024-01-31,1.73,percent,FRED,DFII10,docs/phase2-ingestion/data/macro/raw/fred/DFII10-20260821T015235Z.json,dbaf1dee142b5509e1bf9302fb5280656ce6c577224707f82b80f876b57e2ee8,2026-08-21T01:52:35.579018+00:00,PASS,STALE,0.1.0
L1-001,2024-02-01,1.68,percent,FRED,DFII10,docs/phase2-ingestion/data/macro/raw/fred/DFII10-20260821T015235Z.json,dbaf1dee142b5509e1bf9302fb5280656ce6c577224707f82b80f876b57e2ee8,2026-08-21T01:52:35.579018+00:00,PASS,STALE,0.1.0
L1-001,2024-02-02,1.82,percent,FRED,DFII10,docs/phase2-ingestion/data/macro/raw/fred/DFII10-20260821T015235Z.json,dbaf1dee142b5509e1bf9302fb5280656ce6c577224707f82b80f876b57e2ee8,2026-08-21T01:52:35.579018+00:00,PASS,STALE,0.1.0
L1-001,2024-02-05,1.9,percent,FRED,DFII10,docs/phase2-ingestion/data/macro/raw/fred/DFII10-20260821T015235Z.json,dbaf1dee142b5509e1bf9302fb5280656ce6c577224707f82b80f876b57e2ee8,2026-08-21T01:52:35.579018+00:00,PASS,STALE,0.1.0
L1-001,2024-02-06,1.85,percent,FRED,DFII10,docs/phase2-ingestion/data/macro/raw/fred/DFII10-20260821T015235Z.json,dbaf1dee142b5509e1bf9302fb5280656ce6c577224707f82b80f876b57e2ee8,2026-08-21T01:52:35.579018+00:00,PASS,STALE,0.1.0
L1-001,2024-02-07,1.86,percent,FRED,DFII10,docs/phase2-ingestion/data/macro/raw/fred/DFII10-20260821T015235Z.json,dbaf1dee142b5509e1bf9302fb5280656ce6c577224707f82b80f876b57e2ee8,2026-08-21T01:52:35.579018+00:00,PASS,STALE,0.1.0
L1-001,2024-02-08,1.91,percent,FRED,DFII10,docs/phase2-ingestion/data/macro/raw/fred/DFII10-20260821T015235Z.json,dbaf1dee142b5509e1bf9302fb5280656ce6c577224707f82b80f876b57e2ee8,2026-08-21T01:52:35.579018+00:00,PASS,STALE,0.1.0
L1-001,2024-02-09,1.92,percent,FRED,DFII10,docs/phase2-ingestion/data/macro/raw/fred/DFII10-20260821T015235Z.json,dbaf1dee142b5509e1bf9302fb5280656ce6c577224707f82b80f876b57e2ee8,2026-08-21T01:52:35.579018+00:00,PASS,STALE,0.1.0
L1-001,2024-02-12,1.93,percent,FRED,DFII10,docs/phase2-ingestion/data/macro/raw/fred/DFII10-20260821T015235Z.json,dbaf1dee142b5509e1bf9302fb5280656ce6c577224707f82b80f876b57e2ee8,2026-08-21T01:52:35.579018+00:00,PASS,STALE,0.1.0
L1-001,2024-02-13,2.02,percent,FRED,DFII10,docs/phase2-ingestion/data/macro/raw/fred/DFII10-20260821T015235Z.json,dbaf1dee142b5509e1bf9302fb5280656ce6c577224707f82b80f876b57e2ee8,2026-08-21T01:52:35.579018+00:00,PASS,STALE,0.1.0
L1-001,2024-02-14,1.97,percent,FRED,DFII10,docs/phase2-ingestion/data/macro/raw/fred/DFII10-20260821T015235Z.json,dbaf1dee142b5509e1bf9302fb5280656ce6c577224707f82b80f876b57e2ee8,2026-08-21T01:52:35.579018+00:00,PASS,STALE,0.1.0
L1-001,2024-02-15,1.94,percent,FRED,DFII10,docs/phase2-ingestion/data/macro/raw/fred/DFII10-20260821T015235Z.json,dbaf1dee142b5509e1bf9302fb5280656ce6c577224707f82b80f876b57e2ee8,2026-08-21T01:52:35.579018+00:00,PASS,STALE,0.1.0
L1-001,2024-02-16,1.97,percent,FRED,DFII10,docs/phase2-ingestion/data/macro/raw/fred/DFII10-20260821T015235Z.json,dbaf1dee142b5509e1bf9302fb5280656ce6c577224707f82b80f876b57e2ee8,2026-08-21T01:52:35.579018+00:00,PASS,STALE,0.1.0
L1-001,2024-02-20,1.95,percent,FRED,DFII10,docs/phase2-ingestion/data/macro/raw/fred/DFII10-20260821T015235Z.json,dbaf1dee142b5509e1bf9302fb5280656ce6c577224707f82b80f876b57e2ee8,2026-08-21T01:52:35.579018+00:00,PASS,STALE,0.1.0
L1-001,2024-02-21,1.98,percent,FRED,DFII10,docs/phase2-ingestion/data/macro/raw/fred/DFII10-20260821T015235Z.json,dbaf1dee142b5509e1bf9302fb5280656ce6c577224707f82b80f876b57e2ee8,2026-08-21T01:52:35.579018+00:00,PASS,STALE,0.1.0
L1-001,2024-02-22,2.02,percent,FRED,DFII10,docs/phase2-ingestion/data/macro/raw/fred/DFII10-20260821T015235Z.json,dbaf1dee142b5509e1bf9302fb5280656ce6c577224707f82b80f876b57e2ee8,2026-08-21T01:52:35.579018+00:00,PASS,STALE,0.1.0
L1-001,2024-02-23,1.96,percent,FRED,DFII10,docs/phase2-ingestion/data/macro/raw/fred/DFII10-20260821T015235Z.json,dbaf1dee142b5509e1bf9302fb5280656ce6c577224707f82b80f876b57e2ee8,2026-08-21T01:52:35.579018+00:00,PASS,STALE,0.1.0
L1-001,2024-02-26,1.97,percent,FRED,DFII10,docs/phase2-ingestion/data/macro/raw/fred/DFII10-20260821T015235Z.json,dbaf1dee142b5509e1bf9302fb5280656ce6c577224707f82b80f876b57e2ee8,2026-08-21T01:52:35.579018+00:00,PASS,STALE,0.1.0
L1-001,2024-02-27,1.99,percent,FRED,DFII10,docs/phase2-ingestion/data/macro/raw/fred/DFII10-20260821T015235Z.json,dbaf1dee142b5509e1bf9302fb5280656ce6c577224707f82b80f876b57e2ee8,2026-08-21T01:52:35.579018+00:00,PASS,STALE,0.1.0
L1-001,2024-02-28,1.94,percent,FRED,DFII10,docs/phase2-ingestion/data/macro/raw/fred/DFII10-20260821T015235Z.json,dbaf1dee142b5509e1bf9302fb5280656ce6c577224707f82b80f876b57e2ee8,2026-08-21T01:52:35.579018+00:00,PASS,STALE,0.1.0
L1-001,2024-02-29,1.92,percent,FRED,DFII10,docs/phase2-ingestion/data/macro/raw/fred/DFII10-20260821T015235Z.json,dbaf1dee142b5509e1bf9302fb5280656ce6c577224707f82b80f876b57e2ee8,2026-08-21T01:52:35.579018+00:00,PASS,STALE,0.1.0
L1-001,2024-03-01,1.87,percent,FRED,DFII10,docs/phase2-ingestion/data/macro/raw/fred/DFII10-20260821T015235Z.json,dbaf1dee142b5509e1bf9302fb5280656ce6c577224707f82b80f876b57e2ee8,2026-08-21T01:52:35.579018+00:00,PASS,STALE,0.1.0
L1-001,2024-03-04,1.88,percent,FRED,DFII10,docs/phase2-ingestion/data/macro/raw/fred/DFII10-20260821T015235Z.json,dbaf1dee142b5509e1bf9302fb5280656ce6c577224707f82b80f876b57e2ee8,2026-08-21T01:52:35.579018+00:00,PASS,STALE,0.1.0
L1-001,2024-03-05,1.81,percent,FRED,DFII10,docs/phase2-ingestion/data/macro/raw/fred/DFII10-20260821T015235Z.json,dbaf1dee142b5509e1bf9302fb5280656ce6c577224707f82b80f876b57e2ee8,2026-08-21T01:52:35.579018+00:00,PASS,STALE,0.1.0
L1-001,2024-03-06,1.81,percent,FRED,DFII10,docs/phase2-ingestion/data/macro/raw/fred/DFII10-20260821T015235Z.json,dbaf1dee142b5509e1bf9302fb5280656ce6c577224707f82b80f876b57e2ee8,2026-08-21T01:52:35.579018+00:00,PASS,STALE,0.1.0
L1-001,2024-03-07,1.81,percent,FRED,DFII10,docs/phase2-ingestion/data/macro/raw/fred/DFII10-20260821T015235Z.json,dbaf1dee142b5509e1bf9302fb5280656ce6c577224707f82b80f876b57e2ee8,2026-08-21T01:52:35.579018+00:00,PASS,STALE,0.1.0
L1-001,2024-03-08,1.81,percent,FRED,DFII10,docs/phase2-ingestion/data/macro/raw/fred/DFII10-20260821T015235Z.json,dbaf1dee142b5509e1bf9302fb5280656ce6c577224707f82b80f876b57e2ee8,2026-08-21T01:52:35.579018+00:00,PASS,STALE,0.1.0
L1-001,2024-03-11,1.83,percent,FRED,DFII10,docs/phase2-ingestion/data/macro/raw/fred/DFII10-20260821T015235Z.json,dbaf1dee142b5509e1bf9302fb5280656ce6c577224707f82b80f876b57e2ee8,2026-08-21T01:52:35.579018+00:00,PASS,STALE,0.1.0
L1-001,2024-03-12,1.86,percent,FRED,DFII10,docs/phase2-ingestion/data/macro/raw/fred/DFII10-20260821T015235Z.json,dbaf1dee142b5509e1bf9302fb5280656ce6c577224707f82b80f876b57e2ee8,2026-08-21T01:52:35.579018+00:00,PASS,STALE,0.1.0
L1-001,2024-03-13,1.89,percent,FRED,DFII10,docs/phase2-ingestion/data/macro/raw/fred/DFII10-20260821T015235Z.json,dbaf1dee142b5509e1bf9302fb5280656ce6c577224707f82b80f876b57e2ee8,2026-08-21T01:52:35.579018+00:00,PASS,STALE,0.1.0
L1-001,2024-03-14,1.99,percent,FRED,DFII10,docs/phase2-ingestion/data/macro/raw/fred/DFII10-20260821T015235Z.json,dbaf1dee142b5509e1bf9302fb5280656ce6c577224707f82b80f876b57e2ee8,2026-08-21T01:52:35.579018+00:00,PASS,STALE,0.1.0
L1-001,2024-03-15,1.99,percent,FRED,DFII10,docs/phase2-ingestion/data/macro/raw/fred/DFII10-20260821T015235Z.json,dbaf1dee142b5509e1bf9302fb5280656ce6c577224707f82b80f876b57e2ee8,2026-08-21T01:52:35.579018+00:00,PASS,STALE,0.1.0
L1-001,2024-03-18,2.03,percent,FRED,DFII10,docs/phase2-ingestion/data/macro/raw/fred/DFII10-20260821T015235Z.json,dbaf1dee142b5509e1bf9302fb5280656ce6c577224707f82b80f876b57e2ee8,2026-08-21T01:52:35.579018+00:00,PASS,STALE,0.1.0
L1-001,2024-03-19,2.0,percent,FRED,DFII10,docs/phase2-ingestion/data/macro/raw/fred/DFII10-20260821T015235Z.json,dbaf1dee142b5509e1bf9302fb5280656ce6c577224707f82b80f876b57e2ee8,2026-08-21T01:52:35.579018+00:00,PASS,STALE,0.1.0
L1-001,2024-03-20,1.96,percent,FRED,DFII10,docs/phase2-ingestion/data/macro/raw/fred/DFII10-20260821T015235Z.json,dbaf1dee142b5509e1bf9302fb5280656ce6c577224707f82b80f876b57e2ee8,2026-08-21T01:52:35.579018+00:00,PASS,STALE,0.1.0
L1-001,2024-03-21,1.93,percent,FRED,DFII10,docs/phase2-ingestion/data/macro/raw/fred/DFII10-20260821T015235Z.json,dbaf1dee142b5509e1bf9302fb5280656ce6c577224707f82b80f876b57e2ee8,2026-08-21T01:52:35.579018+00:00,PASS,STALE,0.1.0
L1-001,2024-03-22,1.87,percent,FRED,DFII10,docs/phase2-ingestion/data/macro/raw/fred/DFII10-20260821T015235Z.json,dbaf1dee142b5509e1bf9302fb5280656ce6c577224707f82b80f876b57e2ee8,2026-08-21T01:52:35.579018+00:00,PASS,STALE,0.1.0
L1-001,2024-03-25,1.92,percent,FRED,DFII10,docs/phase2-ingestion/data/macro/raw/fred/DFII10-20260821T015235Z.json,dbaf1dee142b5509e1bf9302fb5280656ce6c577224707f82b80f876b57e2ee8,2026-08-21T01:52:35.579018+00:00,PASS,STALE,0.1.0
L1-001,2024-03-26,1.92,percent,FRED,DFII10,docs/phase2-ingestion/data/macro/raw/fred/DFII10-20260821T015235Z.json,dbaf1dee142b5509e1bf9302fb5280656ce6c577224707f82b80f876b57e2ee8,2026-08-21T01:52:35.579018+00:00,PASS,STALE,0.1.0
L1-001,2024-03-27,1.88,percent,FRED,DFII10,docs/phase2-ingestion/data/macro/raw/fred/DFII10-20260821T015235Z.json,dbaf1dee142b5509e1bf9302fb5280656ce6c577224707f82b80f876b57e2ee8,2026-08-21T01:52:35.579018+00:00,PASS,STALE,0.1.0
L1-001,2024-03-28,1.88,percent,FRED,DFII10,docs/phase2-ingestion/data/macro/raw/fred/DFII10-20260821T015235Z.json,dbaf1dee142b5509e1bf9302fb5280656ce6c577224707f82b80f876b57e2ee8,2026-08-21T01:52:35.579018+00:00,PASS,STALE,0.1.0
L1-001,2024-04-01,1.98,percent,FRED,DFII10,docs/phase2-ingestion/data/macro/raw/fred/DFII10-20260821T015235Z.json,dbaf1dee142b5509e1bf9302fb5280656ce6c577224707f82b80f876b57e2ee8,2026-08-21T01:52:35.579018+00:00,PASS,STALE,0.1.0
L1-001,2024-04-02,2.0,percent,FRED,DFII10,docs/phase2-ingestion/data/macro/raw/fred/DFII10-20260821T015235Z.json,dbaf1dee142b5509e1bf9302fb5280656ce6c577224707f82b80f876b57e2ee8,2026-08-21T01:52:35.579018+00:00,PASS,STALE,0.1.0
L1-001,2024-04-03,2.0,percent,FRED,DFII10,docs/phase2-ingestion/data/macro/raw/fred/DFII10-20260821T015235Z.json,dbaf1dee142b5509e1bf9302fb5280656ce6c577224707f82b80f876b57e2ee8,2026-08-21T01:52:35.579018+00:00,PASS,STALE,0.1.0
L1-001,2024-04-04,1.97,percent,FRED,DFII10,docs/phase2-ingestion/data/macro/raw/fred/DFII10-20260821T015235Z.json,dbaf1dee142b5509e1bf9302fb5280656ce6c577224707f82b80f876b57e2ee8,2026-08-21T01:52:35.579018+00:00,PASS,STALE,0.1.0
L1-001,2024-04-05,2.02,percent,FRED,DFII10,docs/phase2-ingestion/data/macro/raw/fred/DFII10-20260821T015235Z.json,dbaf1dee142b5509e1bf9302fb5280656ce6c577224707f82b80f876b57e2ee8,2026-08-21T01:52:35.579018+00:00,PASS,STALE,0.1.0
L1-001,2024-04-08,2.04,percent,FRED,DFII10,docs/phase2-ingestion/data/macro/raw/fred/DFII10-20260821T015235Z.json,dbaf1dee142b5509e1bf9302fb5280656ce6c577224707f82b80f876b57e2ee8,2026-08-21T01:52:35.579018+00:00,PASS,STALE,0.1.0
L1-001,2024-04-09,2.0,percent,FRED,DFII10,docs/phase2-ingestion/data/macro/raw/fred/DFII10-20260821T015235Z.json,dbaf1dee142b5509e1bf9302fb5280656ce6c577224707f82b80f876b57e2ee8,2026-08-21T01:52:35.579018+00:00,PASS,STALE,0.1.0
L1-001,2024-04-10,2.15,percent,FRED,DFII10,docs/phase2-ingestion/data/macro/raw/fred/DFII10-20260821T015235Z.json,dbaf1dee142b5509e1bf9302fb5280656ce6c577224707f82b80f876b57e2ee8,2026-08-21T01:52:35.579018+00:00,PASS,STALE,0.1.0
L1-001,2024-04-11,2.16,percent,FRED,DFII10,docs/phase2-ingestion/data/macro/raw/fred/DFII10-20260821T015235Z.json,dbaf1dee142b5509e1bf9302fb5280656ce6c577224707f82b80f876b57e2ee8,2026-08-21T01:52:35.579018+00:00,PASS,STALE,0.1.0
L1-001,2024-04-12,2.11,percent,FRED,DFII10,docs/phase2-ingestion/data/macro/raw/fred/DFII10-20260821T015235Z.json,dbaf1dee142b5509e1bf9302fb5280656ce6c577224707f82b80f876b57e2ee8,2026-08-21T01:52:35.579018+00:00,PASS,STALE,0.1.0
L1-001,2024-04-15,2.2,percent,FRED,DFII10,docs/phase2-ingestion/data/macro/raw/fred/DFII10-20260821T015235Z.json,dbaf1dee142b5509e1bf9302fb5280656ce6c577224707f82b80f876b57e2ee8,2026-08-21T01:52:35.579018+00:00,PASS,STALE,0.1.0
L1-001,2024-04-16,2.24,percent,FRED,DFII10,docs/phase2-ingestion/data/macro/raw/fred/DFII10-20260821T015235Z.json,dbaf1dee142b5509e1bf9302fb5280656ce6c577224707f82b80f876b57e2ee8,2026-08-21T01:52:35.579018+00:00,PASS,STALE,0.1.0
L1-001,2024-04-17,2.2,percent,FRED,DFII10,docs/phase2-ingestion/data/macro/raw/fred/DFII10-20260821T015235Z.json,dbaf1dee142b5509e1bf9302fb5280656ce6c577224707f82b80f876b57e2ee8,2026-08-21T01:52:35.579018+00:00,PASS,STALE,0.1.0
L1-001,2024-04-18,2.24,percent,FRED,DFII10,docs/phase2-ingestion/data/macro/raw/fred/DFII10-20260821T015235Z.json,dbaf1dee142b5509e1bf9302fb5280656ce6c577224707f82b80f876b57e2ee8,2026-08-21T01:52:35.579018+00:00,PASS,STALE,0.1.0
L1-001,2024-04-19,2.21,percent,FRED,DFII10,docs/phase2-ingestion/data/macro/raw/fred/DFII10-20260821T015235Z.json,dbaf1dee142b5509e1bf9302fb5280656ce6c577224707f82b80f876b57e2ee8,2026-08-21T01:52:35.579018+00:00,PASS,STALE,0.1.0
L1-001,2024-04-22,2.21,percent,FRED,DFII10,docs/phase2-ingestion/data/macro/raw/fred/DFII10-20260821T015235Z.json,dbaf1dee142b5509e1bf9302fb5280656ce6c577224707f82b80f876b57e2ee8,2026-08-21T01:52:35.579018+00:00,PASS,STALE,0.1.0
L1-001,2024-04-23,2.2,percent,FRED,DFII10,docs/phase2-ingestion/data/macro/raw/fred/DFII10-20260821T015235Z.json,dbaf1dee142b5509e1bf9302fb5280656ce6c577224707f82b80f876b57e2ee8,2026-08-21T01:52:35.579018+00:00,PASS,STALE,0.1.0
L1-001,2024-04-24,2.24,percent,FRED,DFII10,docs/phase2-ingestion/data/macro/raw/fred/DFII10-20260821T015235Z.json,dbaf1dee142b5509e1bf9302fb5280656ce6c577224707f82b80f876b57e2ee8,2026-08-21T01:52:35.579018+00:00,PASS,STALE,0.1.0
L1-001,2024-04-25,2.28,percent,FRED,DFII10,docs/phase2-ingestion/data/macro/raw/fred/DFII10-20260821T015235Z.json,dbaf1dee142b5509e1bf9302fb5280656ce6c577224707f82b80f876b57e2ee8,2026-08-21T01:52:35.579018+00:00,PASS,STALE,0.1.0
L1-001,2024-04-26,2.24,percent,FRED,DFII10,docs/phase2-ingestion/data/macro/raw/fred/DFII10-20260821T015235Z.json,dbaf1dee142b5509e1bf9302fb5280656ce6c577224707f82b80f876b57e2ee8,2026-08-21T01:52:35.579018+00:00,PASS,STALE,0.1.0
L1-001,2024-04-29,2.22,percent,FRED,DFII10,docs/phase2-ingestion/data/macro/raw/fred/DFII10-20260821T015235Z.json,dbaf1dee142b5509e1bf9302fb5280656ce6c577224707f82b80f876b57e2ee8,2026-08-21T01:52:35.579018+00:00,PASS,STALE,0.1.0
L1-001,2024-04-30,2.28,percent,FRED,DFII10,docs/phase2-ingestion/data/macro/raw/fred/DFII10-20260821T015235Z.json,dbaf1dee142b5509e1bf9302fb5280656ce6c577224707f82b80f876b57e2ee8,2026-08-21T01:52:35.579018+00:00,PASS,STALE,0.1.0
L1-001,2024-05-01,2.25,percent,FRED,DFII10,docs/phase2-ingestion/data/macro/raw/fred/DFII10-20260821T015235Z.json,dbaf1dee142b5509e1bf9302fb5280656ce6c577224707f82b80f876b57e2ee8,2026-08-21T01:52:35.579018+00:00,PASS,STALE,0.1.0
L1-001,2024-05-02,2.21,percent,FRED,DFII10,docs/phase2-ingestion/data/macro/raw/fred/DFII10-20260821T015235Z.json,dbaf1dee142b5509e1bf9302fb5280656ce6c577224707f82b80f876b57e2ee8,2026-08-21T01:52:35.579018+00:00,PASS,STALE,0.1.0
L1-001,2024-05-03,2.15,percent,FRED,DFII10,docs/phase2-ingestion/data/macro/raw/fred/DFII10-20260821T015235Z.json,dbaf1dee142b5509e1bf9302fb5280656ce6c577224707f82b80f876b57e2ee8,2026-08-21T01:52:35.579018+00:00,PASS,STALE,0.1.0
L1-001,2024-05-06,2.14,percent,FRED,DFII10,docs/phase2-ingestion/data/macro/raw/fred/DFII10-20260821T015235Z.json,dbaf1dee142b5509e1bf9302fb5280656ce6c577224707f82b80f876b57e2ee8,2026-08-21T01:52:35.579018+00:00,PASS,STALE,0.1.0
L1-001,2024-05-07,2.15,percent,FRED,DFII10,docs/phase2-ingestion/data/macro/raw/fred/DFII10-20260821T015235Z.json,dbaf1dee142b5509e1bf9302fb5280656ce6c577224707f82b80f876b57e2ee8,2026-08-21T01:52:35.579018+00:00,PASS,STALE,0.1.0
L1-001,2024-05-08,2.17,percent,FRED,DFII10,docs/phase2-ingestion/data/macro/raw/fred/DFII10-20260821T015235Z.json,dbaf1dee142b5509e1bf9302fb5280656ce6c577224707f82b80f876b57e2ee8,2026-08-21T01:52:35.579018+00:00,PASS,STALE,0.1.0
L1-001,2024-05-09,2.13,percent,FRED,DFII10,docs/phase2-ingestion/data/macro/raw/fred/DFII10-20260821T015235Z.json,dbaf1dee142b5509e1bf9302fb5280656ce6c577224707f82b80f876b57e2ee8,2026-08-21T01:52:35.579018+00:00,PASS,STALE,0.1.0
L1-001,2024-05-10,2.16,percent,FRED,DFII10,docs/phase2-ingestion/data/macro/raw/fred/DFII10-20260821T015235Z.json,dbaf1dee142b5509e1bf9302fb5280656ce6c577224707f82b80f876b57e2ee8,2026-08-21T01:52:35.579018+00:00,PASS,STALE,0.1.0
L1-001,2024-05-13,2.15,percent,FRED,DFII10,docs/phase2-ingestion/data/macro/raw/fred/DFII10-20260821T015235Z.json,dbaf1dee142b5509e1bf9302fb5280656ce6c577224707f82b80f876b57e2ee8,2026-08-21T01:52:35.579018+00:00,PASS,STALE,0.1.0
L1-001,2024-05-14,2.12,percent,FRED,DFII10,docs/phase2-ingestion/data/macro/raw/fred/DFII10-20260821T015235Z.json,dbaf1dee142b5509e1bf9302fb5280656ce6c577224707f82b80f876b57e2ee8,2026-08-21T01:52:35.579018+00:00,PASS,STALE,0.1.0
L1-001,2024-05-15,2.05,percent,FRED,DFII10,docs/phase2-ingestion/data/macro/raw/fred/DFII10-20260821T015235Z.json,dbaf1dee142b5509e1bf9302fb5280656ce6c577224707f82b80f876b57e2ee8,2026-08-21T01:52:35.579018+00:00,PASS,STALE,0.1.0
L1-001,2024-05-16,2.07,percent,FRED,DFII10,docs/phase2-ingestion/data/macro/raw/fred/DFII10-20260821T015235Z.json,dbaf1dee142b5509e1bf9302fb5280656ce6c577224707f82b80f876b57e2ee8,2026-08-21T01:52:35.579018+00:00,PASS,STALE,0.1.0
L1-001,2024-05-17,2.1,percent,FRED,DFII10,docs/phase2-ingestion/data/macro/raw/fred/DFII10-20260821T015235Z.json,dbaf1dee142b5509e1bf9302fb5280656ce6c577224707f82b80f876b57e2ee8,2026-08-21T01:52:35.579018+00:00,PASS,STALE,0.1.0
L1-001,2024-05-20,2.11,percent,FRED,DFII10,docs/phase2-ingestion/data/macro/raw/fred/DFII10-20260821T015235Z.json,dbaf1dee142b5509e1bf9302fb5280656ce6c577224707f82b80f876b57e2ee8,2026-08-21T01:52:35.579018+00:00,PASS,STALE,0.1.0
L1-001,2024-05-21,2.09,percent,FRED,DFII10,docs/phase2-ingestion/data/macro/raw/fred/DFII10-20260821T015235Z.json,dbaf1dee142b5509e1bf9302fb5280656ce6c577224707f82b80f876b57e2ee8,2026-08-21T01:52:35.579018+00:00,PASS,STALE,0.1.0
L1-001,2024-05-22,2.1,percent,FRED,DFII10,docs/phase2-ingestion/data/macro/raw/fred/DFII10-20260821T015235Z.json,dbaf1dee142b5509e1bf9302fb5280656ce6c577224707f82b80f876b57e2ee8,2026-08-21T01:52:35.579018+00:00,PASS,STALE,0.1.0
L1-001,2024-05-23,2.17,percent,FRED,DFII10,docs/phase2-ingestion/data/macro/raw/fred/DFII10-20260821T015235Z.json,dbaf1dee142b5509e1bf9302fb5280656ce6c577224707f82b80f876b57e2ee8,2026-08-21T01:52:35.579018+00:00,PASS,STALE,0.1.0
L1-001,2024-05-24,2.14,percent,FRED,DFII10,docs/phase2-ingestion/data/macro/raw/fred/DFII10-20260821T015235Z.json,dbaf1dee142b5509e1bf9302fb5280656ce6c577224707f82b80f876b57e2ee8,2026-08-21T01:52:35.579018+00:00,PASS,STALE,0.1.0
L1-001,2024-05-28,2.2,percent,FRED,DFII10,docs/phase2-ingestion/data/macro/raw/fred/DFII10-20260821T015235Z.json,dbaf1dee142b5509e1bf9302fb5280656ce6c577224707f82b80f876b57e2ee8,2026-08-21T01:52:35.579018+00:00,PASS,STALE,0.1.0
L1-001,2024-05-29,2.25,percent,FRED,DFII10,docs/phase2-ingestion/data/macro/raw/fred/DFII10-20260821T015235Z.json,dbaf1dee142b5509e1bf9302fb5280656ce6c577224707f82b80f876b57e2ee8,2026-08-21T01:52:35.579018+00:00,PASS,STALE,0.1.0
L1-001,2024-05-30,2.19,percent,FRED,DFII10,docs/phase2-ingestion/data/macro/raw/fred/DFII10-20260821T015235Z.json,dbaf1dee142b5509e1bf9302fb5280656ce6c577224707f82b80f876b57e2ee8,2026-08-21T01:52:35.579018+00:00,PASS,STALE,0.1.0
L1-001,2024-05-31,2.16,percent,FRED,DFII10,docs/phase2-ingestion/data/macro/raw/fred/DFII10-20260821T015235Z.json,dbaf1dee142b5509e1bf9302fb5280656ce6c577224707f82b80f876b57e2ee8,2026-08-21T01:52:35.579018+00:00,PASS,STALE,0.1.0
L1-001,2024-06-03,2.08,percent,FRED,DFII10,docs/phase2-ingestion/data/macro/raw/fred/DFII10-20260821T015235Z.json,dbaf1dee142b5509e1bf9302fb5280656ce6c577224707f82b80f876b57e2ee8,2026-08-21T01:52:35.579018+00:00,PASS,STALE,0.1.0
L1-001,2024-06-04,2.02,percent,FRED,DFII10,docs/phase2-ingestion/data/macro/raw/fred/DFII10-20260821T015235Z.json,dbaf1dee142b5509e1bf9302fb5280656ce6c577224707f82b80f876b57e2ee8,2026-08-21T01:52:35.579018+00:00,PASS,STALE,0.1.0
L1-001,2024-06-05,1.99,percent,FRED,DFII10,docs/phase2-ingestion/data/macro/raw/fred/DFII10-20260821T015235Z.json,dbaf1dee142b5509e1bf9302fb5280656ce6c577224707f82b80f876b57e2ee8,2026-08-21T01:52:35.579018+00:00,PASS,STALE,0.1.0
L1-001,2024-06-06,2.0,percent,FRED,DFII10,docs/phase2-ingestion/data/macro/raw/fred/DFII10-20260821T015235Z.json,dbaf1dee142b5509e1bf9302fb5280656ce6c577224707f82b80f876b57e2ee8,2026-08-21T01:52:35.579018+00:00,PASS,STALE,0.1.0
L1-001,2024-06-07,2.13,percent,FRED,DFII10,docs/phase2-ingestion/data/macro/raw/fred/DFII10-20260821T015235Z.json,dbaf1dee142b5509e1bf9302fb5280656ce6c577224707f82b80f876b57e2ee8,2026-08-21T01:52:35.579018+00:00,PASS,STALE,0.1.0
L1-001,2024-06-10,2.16,percent,FRED,DFII10,docs/phase2-ingestion/data/macro/raw/fred/DFII10-20260821T015235Z.json,dbaf1dee142b5509e1bf9302fb5280656ce6c577224707f82b80f876b57e2ee8,2026-08-21T01:52:35.579018+00:00,PASS,STALE,0.1.0
L1-001,2024-06-11,2.12,percent,FRED,DFII10,docs/phase2-ingestion/data/macro/raw/fred/DFII10-20260821T015235Z.json,dbaf1dee142b5509e1bf9302fb5280656ce6c577224707f82b80f876b57e2ee8,2026-08-21T01:52:35.579018+00:00,PASS,STALE,0.1.0
L1-001,2024-06-12,2.09,percent,FRED,DFII10,docs/phase2-ingestion/data/macro/raw/fred/DFII10-20260821T015235Z.json,dbaf1dee142b5509e1bf9302fb5280656ce6c577224707f82b80f876b57e2ee8,2026-08-21T01:52:35.579018+00:00,PASS,STALE,0.1.0
L1-001,2024-06-13,2.03,percent,FRED,DFII10,docs/phase2-ingestion/data/macro/raw/fred/DFII10-20260821T015235Z.json,dbaf1dee142b5509e1bf9302fb5280656ce6c577224707f82b80f876b57e2ee8,2026-08-21T01:52:35.579018+00:00,PASS,STALE,0.1.0
L1-001,2024-06-14,2.03,percent,FRED,DFII10,docs/phase2-ingestion/data/macro/raw/fred/DFII10-20260821T015235Z.json,dbaf1dee142b5509e1bf9302fb5280656ce6c577224707f82b80f876b57e2ee8,2026-08-21T01:52:35.579018+00:00,PASS,STALE,0.1.0
L1-001,2024-06-17,2.06,percent,FRED,DFII10,docs/phase2-ingestion/data/macro/raw/fred/DFII10-20260821T015235Z.json,dbaf1dee142b5509e1bf9302fb5280656ce6c577224707f82b80f876b57e2ee8,2026-08-21T01:52:35.579018+00:00,PASS,STALE,0.1.0
L1-001,2024-06-18,2.01,percent,FRED,DFII10,docs/phase2-ingestion/data/macro/raw/fred/DFII10-20260821T015235Z.json,dbaf1dee142b5509e1bf9302fb5280656ce6c577224707f82b80f876b57e2ee8,2026-08-21T01:52:35.579018+00:00,PASS,STALE,0.1.0
L1-001,2024-06-20,2.0,percent,FRED,DFII10,docs/phase2-ingestion/data/macro/raw/fred/DFII10-20260821T015235Z.json,dbaf1dee142b5509e1bf9302fb5280656ce6c577224707f82b80f876b57e2ee8,2026-08-21T01:52:35.579018+00:00,PASS,STALE,0.1.0
L1-001,2024-06-21,2.02,percent,FRED,DFII10,docs/phase2-ingestion/data/macro/raw/fred/DFII10-20260821T015235Z.json,dbaf1dee142b5509e1bf9302fb5280656ce6c577224707f82b80f876b57e2ee8,2026-08-21T01:52:35.579018+00:00,PASS,STALE,0.1.0
L1-001,2024-06-24,2.03,percent,FRED,DFII10,docs/phase2-ingestion/data/macro/raw/fred/DFII10-20260821T015235Z.json,dbaf1dee142b5509e1bf9302fb5280656ce6c577224707f82b80f876b57e2ee8,2026-08-21T01:52:35.579018+00:00,PASS,STALE,0.1.0
L1-001,2024-06-25,2.01,percent,FRED,DFII10,docs/phase2-ingestion/data/macro/raw/fred/DFII10-20260821T015235Z.json,dbaf1dee142b5509e1bf9302fb5280656ce6c577224707f82b80f876b57e2ee8,2026-08-21T01:52:35.579018+00:00,PASS,STALE,0.1.0
L1-001,2024-06-26,2.06,percent,FRED,DFII10,docs/phase2-ingestion/data/macro/raw/fred/DFII10-20260821T015235Z.json,dbaf1dee142b5509e1bf9302fb5280656ce6c577224707f82b80f876b57e2ee8,2026-08-21T01:52:35.579018+00:00,PASS,STALE,0.1.0
L1-001,2024-06-27,2.03,percent,FRED,DFII10,docs/phase2-ingestion/data/macro/raw/fred/DFII10-20260821T015235Z.json,dbaf1dee142b5509e1bf9302fb5280656ce6c577224707f82b80f876b57e2ee8,2026-08-21T01:52:35.579018+00:00,PASS,STALE,0.1.0
L1-001,2024-06-28,2.08,percent,FRED,DFII10,docs/phase2-ingestion/data/macro/raw/fred/DFII10-20260821T015235Z.json,dbaf1dee142b5509e1bf9302fb5280656ce6c577224707f82b80f876b57e2ee8,2026-08-21T01:52:35.579018+00:00,PASS,STALE,0.1.0
L1-001,2024-07-01,2.16,percent,FRED,DFII10,docs/phase2-ingestion/data/macro/raw/fred/DFII10-20260821T015235Z.json,dbaf1dee142b5509e1bf9302fb5280656ce6c577224707f82b80f876b57e2ee8,2026-08-21T01:52:35.579018+00:00,PASS,STALE,0.1.0
L1-001,2024-07-02,2.13,percent,FRED,DFII10,docs/phase2-ingestion/data/macro/raw/fred/DFII10-20260821T015235Z.json,dbaf1dee142b5509e1bf9302fb5280656ce6c577224707f82b80f876b57e2ee8,2026-08-21T01:52:35.579018+00:00,PASS,STALE,0.1.0
L1-001,2024-07-03,2.09,percent,FRED,DFII10,docs/phase2-ingestion/data/macro/raw/fred/DFII10-20260821T015235Z.json,dbaf1dee142b5509e1bf9302fb5280656ce6c577224707f82b80f876b57e2ee8,2026-08-21T01:52:35.579018+00:00,PASS,STALE,0.1.0
L1-001,2024-07-05,2.0,percent,FRED,DFII10,docs/phase2-ingestion/data/macro/raw/fred/DFII10-20260821T015235Z.json,dbaf1dee142b5509e1bf9302fb5280656ce6c577224707f82b80f876b57e2ee8,2026-08-21T01:52:35.579018+00:00,PASS,STALE,0.1.0
L1-001,2024-07-08,2.01,percent,FRED,DFII10,docs/phase2-ingestion/data/macro/raw/fred/DFII10-20260821T015235Z.json,dbaf1dee142b5509e1bf9302fb5280656ce6c577224707f82b80f876b57e2ee8,2026-08-21T01:52:35.579018+00:00,PASS,STALE,0.1.0
L1-001,2024-07-09,2.04,percent,FRED,DFII10,docs/phase2-ingestion/data/macro/raw/fred/DFII10-20260821T015235Z.json,dbaf1dee142b5509e1bf9302fb5280656ce6c577224707f82b80f876b57e2ee8,2026-08-21T01:52:35.579018+00:00,PASS,STALE,0.1.0
L1-001,2024-07-10,2.01,percent,FRED,DFII10,docs/phase2-ingestion/data/macro/raw/fred/DFII10-20260821T015235Z.json,dbaf1dee142b5509e1bf9302fb5280656ce6c577224707f82b80f876b57e2ee8,2026-08-21T01:52:35.579018+00:00,PASS,STALE,0.1.0
L1-001,2024-07-11,1.95,percent,FRED,DFII10,docs/phase2-ingestion/data/macro/raw/fred/DFII10-20260821T015235Z.json,dbaf1dee142b5509e1bf9302fb5280656ce6c577224707f82b80f876b57e2ee8,2026-08-21T01:52:35.579018+00:00,PASS,STALE,0.1.0
L1-001,2024-07-12,1.94,percent,FRED,DFII10,docs/phase2-ingestion/data/macro/raw/fred/DFII10-20260821T015235Z.json,dbaf1dee142b5509e1bf9302fb5280656ce6c577224707f82b80f876b57e2ee8,2026-08-21T01:52:35.579018+00:00,PASS,STALE,0.1.0
L1-001,2024-07-15,1.96,percent,FRED,DFII10,docs/phase2-ingestion/data/macro/raw/fred/DFII10-20260821T015235Z.json,dbaf1dee142b5509e1bf9302fb5280656ce6c577224707f82b80f876b57e2ee8,2026-08-21T01:52:35.579018+00:00,PASS,STALE,0.1.0
L1-001,2024-07-16,1.91,percent,FRED,DFII10,docs/phase2-ingestion/data/macro/raw/fred/DFII10-20260821T015235Z.json,dbaf1dee142b5509e1bf9302fb5280656ce6c577224707f82b80f876b57e2ee8,2026-08-21T01:52:35.579018+00:00,PASS,STALE,0.1.0
L1-001,2024-07-17,1.9,percent,FRED,DFII10,docs/phase2-ingestion/data/macro/raw/fred/DFII10-20260821T015235Z.json,dbaf1dee142b5509e1bf9302fb5280656ce6c577224707f82b80f876b57e2ee8,2026-08-21T01:52:35.579018+00:00,PASS,STALE,0.1.0
L1-001,2024-07-18,1.89,percent,FRED,DFII10,docs/phase2-ingestion/data/macro/raw/fred/DFII10-20260821T015235Z.json,dbaf1dee142b5509e1bf9302fb5280656ce6c577224707f82b80f876b57e2ee8,2026-08-21T01:52:35.579018+00:00,PASS,STALE,0.1.0
L1-001,2024-07-19,1.93,percent,FRED,DFII10,docs/phase2-ingestion/data/macro/raw/fred/DFII10-20260821T015235Z.json,dbaf1dee142b5509e1bf9302fb5280656ce6c577224707f82b80f876b57e2ee8,2026-08-21T01:52:35.579018+00:00,PASS,STALE,0.1.0
L1-001,2024-07-22,1.96,percent,FRED,DFII10,docs/phase2-ingestion/data/macro/raw/fred/DFII10-20260821T015235Z.json,dbaf1dee142b5509e1bf9302fb5280656ce6c577224707f82b80f876b57e2ee8,2026-08-21T01:52:35.579018+00:00,PASS,STALE,0.1.0
L1-001,2024-07-23,1.96,percent,FRED,DFII10,docs/phase2-ingestion/data/macro/raw/fred/DFII10-20260821T015235Z.json,dbaf1dee142b5509e1bf9302fb5280656ce6c577224707f82b80f876b57e2ee8,2026-08-21T01:52:35.579018+00:00,PASS,STALE,0.1.0
L1-001,2024-07-24,2.0,percent,FRED,DFII10,docs/phase2-ingestion/data/macro/raw/fred/DFII10-20260821T015235Z.json,dbaf1dee142b5509e1bf9302fb5280656ce6c577224707f82b80f876b57e2ee8,2026-08-21T01:52:35.579018+00:00,PASS,STALE,0.1.0
L1-001,2024-07-25,1.99,percent,FRED,DFII10,docs/phase2-ingestion/data/macro/raw/fred/DFII10-20260821T015235Z.json,dbaf1dee142b5509e1bf9302fb5280656ce6c577224707f82b80f876b57e2ee8,2026-08-21T01:52:35.579018+00:00,PASS,STALE,0.1.0
L1-001,2024-07-26,1.93,percent,FRED,DFII10,docs/phase2-ingestion/data/macro/raw/fred/DFII10-20260821T015235Z.json,dbaf1dee142b5509e1bf9302fb5280656ce6c577224707f82b80f876b57e2ee8,2026-08-21T01:52:35.579018+00:00,PASS,STALE,0.1.0
L1-001,2024-07-29,1.92,percent,FRED,DFII10,docs/phase2-ingestion/data/macro/raw/fred/DFII10-20260821T015235Z.json,dbaf1dee142b5509e1bf9302fb5280656ce6c577224707f82b80f876b57e2ee8,2026-08-21T01:52:35.579018+00:00,PASS,STALE,0.1.0
L1-001,2024-07-30,1.9,percent,FRED,DFII10,docs/phase2-ingestion/data/macro/raw/fred/DFII10-20260821T015235Z.json,dbaf1dee142b5509e1bf9302fb5280656ce6c577224707f82b80f876b57e2ee8,2026-08-21T01:52:35.579018+00:00,PASS,STALE,0.1.0
L1-001,2024-07-31,1.85,percent,FRED,DFII10,docs/phase2-ingestion/data/macro/raw/fred/DFII10-20260821T015235Z.json,dbaf1dee142b5509e1bf9302fb5280656ce6c577224707f82b80f876b57e2ee8,2026-08-21T01:52:35.579018+00:00,PASS,STALE,0.1.0
L1-001,2024-08-01,1.79,percent,FRED,DFII10,docs/phase2-ingestion/data/macro/raw/fred/DFII10-20260821T015235Z.json,dbaf1dee142b5509e1bf9302fb5280656ce6c577224707f82b80f876b57e2ee8,2026-08-21T01:52:35.579018+00:00,PASS,STALE,0.1.0
L1-001,2024-08-02,1.76,percent,FRED,DFII10,docs/phase2-ingestion/data/macro/raw/fred/DFII10-20260821T015235Z.json,dbaf1dee142b5509e1bf9302fb5280656ce6c577224707f82b80f876b57e2ee8,2026-08-21T01:52:35.579018+00:00,PASS,STALE,0.1.0
L1-001,2024-08-05,1.71,percent,FRED,DFII10,docs/phase2-ingestion/data/macro/raw/fred/DFII10-20260821T015235Z.json,dbaf1dee142b5509e1bf9302fb5280656ce6c577224707f82b80f876b57e2ee8,2026-08-21T01:52:35.579018+00:00,PASS,STALE,0.1.0
L1-001,2024-08-06,1.78,percent,FRED,DFII10,docs/phase2-ingestion/data/macro/raw/fred/DFII10-20260821T015235Z.json,dbaf1dee142b5509e1bf9302fb5280656ce6c577224707f82b80f876b57e2ee8,2026-08-21T01:52:35.579018+00:00,PASS,STALE,0.1.0
L1-001,2024-08-07,1.85,percent,FRED,DFII10,docs/phase2-ingestion/data/macro/raw/fred/DFII10-20260821T015235Z.json,dbaf1dee142b5509e1bf9302fb5280656ce6c577224707f82b80f876b57e2ee8,2026-08-21T01:52:35.579018+00:00,PASS,STALE,0.1.0
L1-001,2024-08-08,1.87,percent,FRED,DFII10,docs/phase2-ingestion/data/macro/raw/fred/DFII10-20260821T015235Z.json,dbaf1dee142b5509e1bf9302fb5280656ce6c577224707f82b80f876b57e2ee8,2026-08-21T01:52:35.579018+00:00,PASS,STALE,0.1.0
L1-001,2024-08-09,1.84,percent,FRED,DFII10,docs/phase2-ingestion/data/macro/raw/fred/DFII10-20260821T015235Z.json,dbaf1dee142b5509e1bf9302fb5280656ce6c577224707f82b80f876b57e2ee8,2026-08-21T01:52:35.579018+00:00,PASS,STALE,0.1.0
L1-001,2024-08-12,1.79,percent,FRED,DFII10,docs/phase2-ingestion/data/macro/raw/fred/DFII10-20260821T015235Z.json,dbaf1dee142b5509e1bf9302fb5280656ce6c577224707f82b80f876b57e2ee8,2026-08-21T01:52:35.579018+00:00,PASS,STALE,0.1.0
L1-001,2024-08-13,1.76,percent,FRED,DFII10,docs/phase2-ingestion/data/macro/raw/fred/DFII10-20260821T015235Z.json,dbaf1dee142b5509e1bf9302fb5280656ce6c577224707f82b80f876b57e2ee8,2026-08-21T01:52:35.579018+00:00,PASS,STALE,0.1.0
L1-001,2024-08-14,1.77,percent,FRED,DFII10,docs/phase2-ingestion/data/macro/raw/fred/DFII10-20260821T015235Z.json,dbaf1dee142b5509e1bf9302fb5280656ce6c577224707f82b80f876b57e2ee8,2026-08-21T01:52:35.579018+00:00,PASS,STALE,0.1.0
L1-001,2024-08-15,1.8,percent,FRED,DFII10,docs/phase2-ingestion/data/macro/raw/fred/DFII10-20260821T015235Z.json,dbaf1dee142b5509e1bf9302fb5280656ce6c577224707f82b80f876b57e2ee8,2026-08-21T01:52:35.579018+00:00,PASS,STALE,0.1.0
L1-001,2024-08-16,1.81,percent,FRED,DFII10,docs/phase2-ingestion/data/macro/raw/fred/DFII10-20260821T015235Z.json,dbaf1dee142b5509e1bf9302fb5280656ce6c577224707f82b80f876b57e2ee8,2026-08-21T01:52:35.579018+00:00,PASS,STALE,0.1.0
L1-001,2024-08-19,1.79,percent,FRED,DFII10,docs/phase2-ingestion/data/macro/raw/fred/DFII10-20260821T015235Z.json,dbaf1dee142b5509e1bf9302fb5280656ce6c577224707f82b80f876b57e2ee8,2026-08-21T01:52:35.579018+00:00,PASS,STALE,0.1.0
L1-001,2024-08-20,1.75,percent,FRED,DFII10,docs/phase2-ingestion/data/macro/raw/fred/DFII10-20260821T015235Z.json,dbaf1dee142b5509e1bf9302fb5280656ce6c577224707f82b80f876b57e2ee8,2026-08-21T01:52:35.579018+00:00,PASS,STALE,0.1.0
L1-001,2024-08-21,1.72,percent,FRED,DFII10,docs/phase2-ingestion/data/macro/raw/fred/DFII10-20260821T015235Z.json,dbaf1dee142b5509e1bf9302fb5280656ce6c577224707f82b80f876b57e2ee8,2026-08-21T01:52:35.579018+00:00,PASS,STALE,0.1.0
L1-001,2024-08-22,1.76,percent,FRED,DFII10,docs/phase2-ingestion/data/macro/raw/fred/DFII10-20260821T015235Z.json,dbaf1dee142b5509e1bf9302fb5280656ce6c577224707f82b80f876b57e2ee8,2026-08-21T01:52:35.579018+00:00,PASS,STALE,0.1.0
L1-001,2024-08-23,1.68,percent,FRED,DFII10,docs/phase2-ingestion/data/macro/raw/fred/DFII10-20260821T015235Z.json,dbaf1dee142b5509e1bf9302fb5280656ce6c577224707f82b80f876b57e2ee8,2026-08-21T01:52:35.579018+00:00,PASS,STALE,0.1.0
L1-001,2024-08-26,1.67,percent,FRED,DFII10,docs/phase2-ingestion/data/macro/raw/fred/DFII10-20260821T015235Z.json,dbaf1dee142b5509e1bf9302fb5280656ce6c577224707f82b80f876b57e2ee8,2026-08-21T01:52:35.579018+00:00,PASS,STALE,0.1.0
L1-001,2024-08-27,1.68,percent,FRED,DFII10,docs/phase2-ingestion/data/macro/raw/fred/DFII10-20260821T015235Z.json,dbaf1dee142b5509e1bf9302fb5280656ce6c577224707f82b80f876b57e2ee8,2026-08-21T01:52:35.579018+00:00,PASS,STALE,0.1.0
L1-001,2024-08-28,1.69,percent,FRED,DFII10,docs/phase2-ingestion/data/macro/raw/fred/DFII10-20260821T015235Z.json,dbaf1dee142b5509e1bf9302fb5280656ce6c577224707f82b80f876b57e2ee8,2026-08-21T01:52:35.579018+00:00,PASS,STALE,0.1.0
L1-001,2024-08-29,1.71,percent,FRED,DFII10,docs/phase2-ingestion/data/macro/raw/fred/DFII10-20260821T015235Z.json,dbaf1dee142b5509e1bf9302fb5280656ce6c577224707f82b80f876b57e2ee8,2026-08-21T01:52:35.579018+00:00,PASS,STALE,0.1.0
L1-001,2024-08-30,1.76,percent,FRED,DFII10,docs/phase2-ingestion/data/macro/raw/fred/DFII10-20260821T015235Z.json,dbaf1dee142b5509e1bf9302fb5280656ce6c577224707f82b80f876b57e2ee8,2026-08-21T01:52:35.579018+00:00,PASS,STALE,0.1.0
L1-001,2024-09-03,1.73,percent,FRED,DFII10,docs/phase2-ingestion/data/macro/raw/fred/DFII10-20260821T015235Z.json,dbaf1dee142b5509e1bf9302fb5280656ce6c577224707f82b80f876b57e2ee8,2026-08-21T01:52:35.579018+00:00,PASS,STALE,0.1.0
L1-001,2024-09-04,1.7,percent,FRED,DFII10,docs/phase2-ingestion/data/macro/raw/fred/DFII10-20260821T015235Z.json,dbaf1dee142b5509e1bf9302fb5280656ce6c577224707f82b80f876b57e2ee8,2026-08-21T01:52:35.579018+00:00,PASS,STALE,0.1.0
L1-001,2024-09-05,1.7,percent,FRED,DFII10,docs/phase2-ingestion/data/macro/raw/fred/DFII10-20260821T015235Z.json,dbaf1dee142b5509e1bf9302fb5280656ce6c577224707f82b80f876b57e2ee8,2026-08-21T01:52:35.579018+00:00,PASS,STALE,0.1.0
L1-001,2024-09-06,1.69,percent,FRED,DFII10,docs/phase2-ingestion/data/macro/raw/fred/DFII10-20260821T015235Z.json,dbaf1dee142b5509e1bf9302fb5280656ce6c577224707f82b80f876b57e2ee8,2026-08-21T01:52:35.579018+00:00,PASS,STALE,0.1.0
L1-001,2024-09-09,1.66,percent,FRED,DFII10,docs/phase2-ingestion/data/macro/raw/fred/DFII10-20260821T015235Z.json,dbaf1dee142b5509e1bf9302fb5280656ce6c577224707f82b80f876b57e2ee8,2026-08-21T01:52:35.579018+00:00,PASS,STALE,0.1.0
L1-001,2024-09-10,1.63,percent,FRED,DFII10,docs/phase2-ingestion/data/macro/raw/fred/DFII10-20260821T015235Z.json,dbaf1dee142b5509e1bf9302fb5280656ce6c577224707f82b80f876b57e2ee8,2026-08-21T01:52:35.579018+00:00,PASS,STALE,0.1.0
L1-001,2024-09-11,1.61,percent,FRED,DFII10,docs/phase2-ingestion/data/macro/raw/fred/DFII10-20260821T015235Z.json,dbaf1dee142b5509e1bf9302fb5280656ce6c577224707f82b80f876b57e2ee8,2026-08-21T01:52:35.579018+00:00,PASS,STALE,0.1.0
L1-001,2024-09-12,1.63,percent,FRED,DFII10,docs/phase2-ingestion/data/macro/raw/fred/DFII10-20260821T015235Z.json,dbaf1dee142b5509e1bf9302fb5280656ce6c577224707f82b80f876b57e2ee8,2026-08-21T01:52:35.579018+00:00,PASS,STALE,0.1.0
L1-001,2024-09-13,1.58,percent,FRED,DFII10,docs/phase2-ingestion/data/macro/raw/fred/DFII10-20260821T015235Z.json,dbaf1dee142b5509e1bf9302fb5280656ce6c577224707f82b80f876b57e2ee8,2026-08-21T01:52:35.579018+00:00,PASS,STALE,0.1.0
L1-001,2024-09-16,1.54,percent,FRED,DFII10,docs/phase2-ingestion/data/macro/raw/fred/DFII10-20260821T015235Z.json,dbaf1dee142b5509e1bf9302fb5280656ce6c577224707f82b80f876b57e2ee8,2026-08-21T01:52:35.579018+00:00,PASS,STALE,0.1.0
L1-001,2024-09-17,1.53,percent,FRED,DFII10,docs/phase2-ingestion/data/macro/raw/fred/DFII10-20260821T015235Z.json,dbaf1dee142b5509e1bf9302fb5280656ce6c577224707f82b80f876b57e2ee8,2026-08-21T01:52:35.579018+00:00,PASS,STALE,0.1.0
L1-001,2024-09-18,1.58,percent,FRED,DFII10,docs/phase2-ingestion/data/macro/raw/fred/DFII10-20260821T015235Z.json,dbaf1dee142b5509e1bf9302fb5280656ce6c577224707f82b80f876b57e2ee8,2026-08-21T01:52:35.579018+00:00,PASS,STALE,0.1.0
L1-001,2024-09-19,1.56,percent,FRED,DFII10,docs/phase2-ingestion/data/macro/raw/fred/DFII10-20260821T015235Z.json,dbaf1dee142b5509e1bf9302fb5280656ce6c577224707f82b80f876b57e2ee8,2026-08-21T01:52:35.579018+00:00,PASS,STALE,0.1.0
L1-001,2024-09-20,1.58,percent,FRED,DFII10,docs/phase2-ingestion/data/macro/raw/fred/DFII10-20260821T015235Z.json,dbaf1dee142b5509e1bf9302fb5280656ce6c577224707f82b80f876b57e2ee8,2026-08-21T01:52:35.579018+00:00,PASS,STALE,0.1.0
L1-001,2024-09-23,1.58,percent,FRED,DFII10,docs/phase2-ingestion/data/macro/raw/fred/DFII10-20260821T015235Z.json,dbaf1dee142b5509e1bf9302fb5280656ce6c577224707f82b80f876b57e2ee8,2026-08-21T01:52:35.579018+00:00,PASS,STALE,0.1.0
L1-001,2024-09-24,1.55,percent,FRED,DFII10,docs/phase2-ingestion/data/macro/raw/fred/DFII10-20260821T015235Z.json,dbaf1dee142b5509e1bf9302fb5280656ce6c577224707f82b80f876b57e2ee8,2026-08-21T01:52:35.579018+00:00,PASS,STALE,0.1.0
L1-001,2024-09-25,1.61,percent,FRED,DFII10,docs/phase2-ingestion/data/macro/raw/fred/DFII10-20260821T015235Z.json,dbaf1dee142b5509e1bf9302fb5280656ce6c577224707f82b80f876b57e2ee8,2026-08-21T01:52:35.579018+00:00,PASS,STALE,0.1.0
L1-001,2024-09-26,1.63,percent,FRED,DFII10,docs/phase2-ingestion/data/macro/raw/fred/DFII10-20260821T015235Z.json,dbaf1dee142b5509e1bf9302fb5280656ce6c577224707f82b80f876b57e2ee8,2026-08-21T01:52:35.579018+00:00,PASS,STALE,0.1.0
L1-001,2024-09-27,1.6,percent,FRED,DFII10,docs/phase2-ingestion/data/macro/raw/fred/DFII10-20260821T015235Z.json,dbaf1dee142b5509e1bf9302fb5280656ce6c577224707f82b80f876b57e2ee8,2026-08-21T01:52:35.579018+00:00,PASS,STALE,0.1.0
L1-001,2024-09-30,1.63,percent,FRED,DFII10,docs/phase2-ingestion/data/macro/raw/fred/DFII10-20260821T015235Z.json,dbaf1dee142b5509e1bf9302fb5280656ce6c577224707f82b80f876b57e2ee8,2026-08-21T01:52:35.579018+00:00,PASS,STALE,0.1.0
L1-001,2024-10-01,1.55,percent,FRED,DFII10,docs/phase2-ingestion/data/macro/raw/fred/DFII10-20260821T015235Z.json,dbaf1dee142b5509e1bf9302fb5280656ce6c577224707f82b80f876b57e2ee8,2026-08-21T01:52:35.579018+00:00,PASS,STALE,0.1.0
L1-001,2024-10-02,1.58,percent,FRED,DFII10,docs/phase2-ingestion/data/macro/raw/fred/DFII10-20260821T015235Z.json,dbaf1dee142b5509e1bf9302fb5280656ce6c577224707f82b80f876b57e2ee8,2026-08-21T01:52:35.579018+00:00,PASS,STALE,0.1.0
L1-001,2024-10-03,1.64,percent,FRED,DFII10,docs/phase2-ingestion/data/macro/raw/fred/DFII10-20260821T015235Z.json,dbaf1dee142b5509e1bf9302fb5280656ce6c577224707f82b80f876b57e2ee8,2026-08-21T01:52:35.579018+00:00,PASS,STALE,0.1.0
L1-001,2024-10-04,1.75,percent,FRED,DFII10,docs/phase2-ingestion/data/macro/raw/fred/DFII10-20260821T015235Z.json,dbaf1dee142b5509e1bf9302fb5280656ce6c577224707f82b80f876b57e2ee8,2026-08-21T01:52:35.579018+00:00,PASS,STALE,0.1.0
L1-001,2024-10-07,1.76,percent,FRED,DFII10,docs/phase2-ingestion/data/macro/raw/fred/DFII10-20260821T015235Z.json,dbaf1dee142b5509e1bf9302fb5280656ce6c577224707f82b80f876b57e2ee8,2026-08-21T01:52:35.579018+00:00,PASS,STALE,0.1.0
L1-001,2024-10-08,1.77,percent,FRED,DFII10,docs/phase2-ingestion/data/macro/raw/fred/DFII10-20260821T015235Z.json,dbaf1dee142b5509e1bf9302fb5280656ce6c577224707f82b80f876b57e2ee8,2026-08-21T01:52:35.579018+00:00,PASS,STALE,0.1.0
L1-001,2024-10-09,1.77,percent,FRED,DFII10,docs/phase2-ingestion/data/macro/raw/fred/DFII10-20260821T015235Z.json,dbaf1dee142b5509e1bf9302fb5280656ce6c577224707f82b80f876b57e2ee8,2026-08-21T01:52:35.579018+00:00,PASS,STALE,0.1.0
L1-001,2024-10-10,1.76,percent,FRED,DFII10,docs/phase2-ingestion/data/macro/raw/fred/DFII10-20260821T015235Z.json,dbaf1dee142b5509e1bf9302fb5280656ce6c577224707f82b80f876b57e2ee8,2026-08-21T01:52:35.579018+00:00,PASS,STALE,0.1.0
L1-001,2024-10-11,1.75,percent,FRED,DFII10,docs/phase2-ingestion/data/macro/raw/fred/DFII10-20260821T015235Z.json,dbaf1dee142b5509e1bf9302fb5280656ce6c577224707f82b80f876b57e2ee8,2026-08-21T01:52:35.579018+00:00,PASS,STALE,0.1.0
L1-001,2024-10-15,1.75,percent,FRED,DFII10,docs/phase2-ingestion/data/macro/raw/fred/DFII10-20260821T015235Z.json,dbaf1dee142b5509e1bf9302fb5280656ce6c577224707f82b80f876b57e2ee8,2026-08-21T01:52:35.579018+00:00,PASS,STALE,0.1.0
L1-001,2024-10-16,1.75,percent,FRED,DFII10,docs/phase2-ingestion/data/macro/raw/fred/DFII10-20260821T015235Z.json,dbaf1dee142b5509e1bf9302fb5280656ce6c577224707f82b80f876b57e2ee8,2026-08-21T01:52:35.579018+00:00,PASS,STALE,0.1.0
L1-001,2024-10-17,1.79,percent,FRED,DFII10,docs/phase2-ingestion/data/macro/raw/fred/DFII10-20260821T015235Z.json,dbaf1dee142b5509e1bf9302fb5280656ce6c577224707f82b80f876b57e2ee8,2026-08-21T01:52:35.579018+00:00,PASS,STALE,0.1.0
L1-001,2024-10-18,1.77,percent,FRED,DFII10,docs/phase2-ingestion/data/macro/raw/fred/DFII10-20260821T015235Z.json,dbaf1dee142b5509e1bf9302fb5280656ce6c577224707f82b80f876b57e2ee8,2026-08-21T01:52:35.579018+00:00,PASS,STALE,0.1.0
L1-001,2024-10-21,1.88,percent,FRED,DFII10,docs/phase2-ingestion/data/macro/raw/fred/DFII10-20260821T015235Z.json,dbaf1dee142b5509e1bf9302fb5280656ce6c577224707f82b80f876b57e2ee8,2026-08-21T01:52:35.579018+00:00,PASS,STALE,0.1.0
L1-001,2024-10-22,1.87,percent,FRED,DFII10,docs/phase2-ingestion/data/macro/raw/fred/DFII10-20260821T015235Z.json,dbaf1dee142b5509e1bf9302fb5280656ce6c577224707f82b80f876b57e2ee8,2026-08-21T01:52:35.579018+00:00,PASS,STALE,0.1.0
L1-001,2024-10-23,1.93,percent,FRED,DFII10,docs/phase2-ingestion/data/macro/raw/fred/DFII10-20260821T015235Z.json,dbaf1dee142b5509e1bf9302fb5280656ce6c577224707f82b80f876b57e2ee8,2026-08-21T01:52:35.579018+00:00,PASS,STALE,0.1.0
L1-001,2024-10-24,1.91,percent,FRED,DFII10,docs/phase2-ingestion/data/macro/raw/fred/DFII10-20260821T015235Z.json,dbaf1dee142b5509e1bf9302fb5280656ce6c577224707f82b80f876b57e2ee8,2026-08-21T01:52:35.579018+00:00,PASS,STALE,0.1.0
L1-001,2024-10-25,1.96,percent,FRED,DFII10,docs/phase2-ingestion/data/macro/raw/fred/DFII10-20260821T015235Z.json,dbaf1dee142b5509e1bf9302fb5280656ce6c577224707f82b80f876b57e2ee8,2026-08-21T01:52:35.579018+00:00,PASS,STALE,0.1.0
L1-001,2024-10-28,1.99,percent,FRED,DFII10,docs/phase2-ingestion/data/macro/raw/fred/DFII10-20260821T015235Z.json,dbaf1dee142b5509e1bf9302fb5280656ce6c577224707f82b80f876b57e2ee8,2026-08-21T01:52:35.579018+00:00,PASS,STALE,0.1.0
L1-001,2024-10-29,1.98,percent,FRED,DFII10,docs/phase2-ingestion/data/macro/raw/fred/DFII10-20260821T015235Z.json,dbaf1dee142b5509e1bf9302fb5280656ce6c577224707f82b80f876b57e2ee8,2026-08-21T01:52:35.579018+00:00,PASS,STALE,0.1.0
L1-001,2024-10-30,1.95,percent,FRED,DFII10,docs/phase2-ingestion/data/macro/raw/fred/DFII10-20260821T015235Z.json,dbaf1dee142b5509e1bf9302fb5280656ce6c577224707f82b80f876b57e2ee8,2026-08-21T01:52:35.579018+00:00,PASS,STALE,0.1.0
L1-001,2024-10-31,1.95,percent,FRED,DFII10,docs/phase2-ingestion/data/macro/raw/fred/DFII10-20260821T015235Z.json,dbaf1dee142b5509e1bf9302fb5280656ce6c577224707f82b80f876b57e2ee8,2026-08-21T01:52:35.579018+00:00,PASS,STALE,0.1.0
L1-001,2024-11-01,2.04,percent,FRED,DFII10,docs/phase2-ingestion/data/macro/raw/fred/DFII10-20260821T015235Z.json,dbaf1dee142b5509e1bf9302fb5280656ce6c577224707f82b80f876b57e2ee8,2026-08-21T01:52:35.579018+00:00,PASS,STALE,0.1.0
L1-001,2024-11-04,2.03,percent,FRED,DFII10,docs/phase2-ingestion/data/macro/raw/fred/DFII10-20260821T015235Z.json,dbaf1dee142b5509e1bf9302fb5280656ce6c577224707f82b80f876b57e2ee8,2026-08-21T01:52:35.579018+00:00,PASS,STALE,0.1.0
L1-001,2024-11-05,1.99,percent,FRED,DFII10,docs/phase2-ingestion/data/macro/raw/fred/DFII10-20260821T015235Z.json,dbaf1dee142b5509e1bf9302fb5280656ce6c577224707f82b80f876b57e2ee8,2026-08-21T01:52:35.579018+00:00,PASS,STALE,0.1.0
L1-001,2024-11-06,2.04,percent,FRED,DFII10,docs/phase2-ingestion/data/macro/raw/fred/DFII10-20260821T015235Z.json,dbaf1dee142b5509e1bf9302fb5280656ce6c577224707f82b80f876b57e2ee8,2026-08-21T01:52:35.579018+00:00,PASS,STALE,0.1.0
L1-001,2024-11-07,1.98,percent,FRED,DFII10,docs/phase2-ingestion/data/macro/raw/fred/DFII10-20260821T015235Z.json,dbaf1dee142b5509e1bf9302fb5280656ce6c577224707f82b80f876b57e2ee8,2026-08-21T01:52:35.579018+00:00,PASS,STALE,0.1.0
L1-001,2024-11-08,1.95,percent,FRED,DFII10,docs/phase2-ingestion/data/macro/raw/fred/DFII10-20260821T015235Z.json,dbaf1dee142b5509e1bf9302fb5280656ce6c577224707f82b80f876b57e2ee8,2026-08-21T01:52:35.579018+00:00,PASS,STALE,0.1.0
L1-001,2024-11-12,2.08,percent,FRED,DFII10,docs/phase2-ingestion/data/macro/raw/fred/DFII10-20260821T015235Z.json,dbaf1dee142b5509e1bf9302fb5280656ce6c577224707f82b80f876b57e2ee8,2026-08-21T01:52:35.579018+00:00,PASS,STALE,0.1.0
L1-001,2024-11-13,2.09,percent,FRED,DFII10,docs/phase2-ingestion/data/macro/raw/fred/DFII10-20260821T015235Z.json,dbaf1dee142b5509e1bf9302fb5280656ce6c577224707f82b80f876b57e2ee8,2026-08-21T01:52:35.579018+00:00,PASS,STALE,0.1.0
L1-001,2024-11-14,2.1,percent,FRED,DFII10,docs/phase2-ingestion/data/macro/raw/fred/DFII10-20260821T015235Z.json,dbaf1dee142b5509e1bf9302fb5280656ce6c577224707f82b80f876b57e2ee8,2026-08-21T01:52:35.579018+00:00,PASS,STALE,0.1.0
L1-001,2024-11-15,2.1,percent,FRED,DFII10,docs/phase2-ingestion/data/macro/raw/fred/DFII10-20260821T015235Z.json,dbaf1dee142b5509e1bf9302fb5280656ce6c577224707f82b80f876b57e2ee8,2026-08-21T01:52:35.579018+00:00,PASS,STALE,0.1.0
L1-001,2024-11-18,2.08,percent,FRED,DFII10,docs/phase2-ingestion/data/macro/raw/fred/DFII10-20260821T015235Z.json,dbaf1dee142b5509e1bf9302fb5280656ce6c577224707f82b80f876b57e2ee8,2026-08-21T01:52:35.579018+00:00,PASS,STALE,0.1.0
L1-001,2024-11-19,2.05,percent,FRED,DFII10,docs/phase2-ingestion/data/macro/raw/fred/DFII10-20260821T015235Z.json,dbaf1dee142b5509e1bf9302fb5280656ce6c577224707f82b80f876b57e2ee8,2026-08-21T01:52:35.579018+00:00,PASS,STALE,0.1.0
L1-001,2024-11-20,2.06,percent,FRED,DFII10,docs/phase2-ingestion/data/macro/raw/fred/DFII10-20260821T015235Z.json,dbaf1dee142b5509e1bf9302fb5280656ce6c577224707f82b80f876b57e2ee8,2026-08-21T01:52:35.579018+00:00,PASS,STALE,0.1.0
L1-001,2024-11-21,2.09,percent,FRED,DFII10,docs/phase2-ingestion/data/macro/raw/fred/DFII10-20260821T015235Z.json,dbaf1dee142b5509e1bf9302fb5280656ce6c577224707f82b80f876b57e2ee8,2026-08-21T01:52:35.579018+00:00,PASS,STALE,0.1.0
L1-001,2024-11-22,2.07,percent,FRED,DFII10,docs/phase2-ingestion/data/macro/raw/fred/DFII10-20260821T015235Z.json,dbaf1dee142b5509e1bf9302fb5280656ce6c577224707f82b80f876b57e2ee8,2026-08-21T01:52:35.579018+00:00,PASS,STALE,0.1.0
L1-001,2024-11-25,1.98,percent,FRED,DFII10,docs/phase2-ingestion/data/macro/raw/fred/DFII10-20260821T015235Z.json,dbaf1dee142b5509e1bf9302fb5280656ce6c577224707f82b80f876b57e2ee8,2026-08-21T01:52:35.579018+00:00,PASS,STALE,0.1.0
L1-001,2024-11-26,2.02,percent,FRED,DFII10,docs/phase2-ingestion/data/macro/raw/fred/DFII10-20260821T015235Z.json,dbaf1dee142b5509e1bf9302fb5280656ce6c577224707f82b80f876b57e2ee8,2026-08-21T01:52:35.579018+00:00,PASS,STALE,0.1.0
L1-001,2024-11-27,1.99,percent,FRED,DFII10,docs/phase2-ingestion/data/macro/raw/fred/DFII10-20260821T015235Z.json,dbaf1dee142b5509e1bf9302fb5280656ce6c577224707f82b80f876b57e2ee8,2026-08-21T01:52:35.579018+00:00,PASS,STALE,0.1.0
L1-001,2024-11-29,1.92,percent,FRED,DFII10,docs/phase2-ingestion/data/macro/raw/fred/DFII10-20260821T015235Z.json,dbaf1dee142b5509e1bf9302fb5280656ce6c577224707f82b80f876b57e2ee8,2026-08-21T01:52:35.579018+00:00,PASS,STALE,0.1.0
L1-001,2024-12-02,1.93,percent,FRED,DFII10,docs/phase2-ingestion/data/macro/raw/fred/DFII10-20260821T015235Z.json,dbaf1dee142b5509e1bf9302fb5280656ce6c577224707f82b80f876b57e2ee8,2026-08-21T01:52:35.579018+00:00,PASS,STALE,0.1.0
L1-001,2024-12-03,1.95,percent,FRED,DFII10,docs/phase2-ingestion/data/macro/raw/fred/DFII10-20260821T015235Z.json,dbaf1dee142b5509e1bf9302fb5280656ce6c577224707f82b80f876b57e2ee8,2026-08-21T01:52:35.579018+00:00,PASS,STALE,0.1.0
L1-001,2024-12-04,1.9,percent,FRED,DFII10,docs/phase2-ingestion/data/macro/raw/fred/DFII10-20260821T015235Z.json,dbaf1dee142b5509e1bf9302fb5280656ce6c577224707f82b80f876b57e2ee8,2026-08-21T01:52:35.579018+00:00,PASS,STALE,0.1.0
L1-001,2024-12-05,1.92,percent,FRED,DFII10,docs/phase2-ingestion/data/macro/raw/fred/DFII10-20260821T015235Z.json,dbaf1dee142b5509e1bf9302fb5280656ce6c577224707f82b80f876b57e2ee8,2026-08-21T01:52:35.579018+00:00,PASS,STALE,0.1.0
L1-001,2024-12-06,1.91,percent,FRED,DFII10,docs/phase2-ingestion/data/macro/raw/fred/DFII10-20260821T015235Z.json,dbaf1dee142b5509e1bf9302fb5280656ce6c577224707f82b80f876b57e2ee8,2026-08-21T01:52:35.579018+00:00,PASS,STALE,0.1.0
L1-001,2024-12-09,1.93,percent,FRED,DFII10,docs/phase2-ingestion/data/macro/raw/fred/DFII10-20260821T015235Z.json,dbaf1dee142b5509e1bf9302fb5280656ce6c577224707f82b80f876b57e2ee8,2026-08-21T01:52:35.579018+00:00,PASS,STALE,0.1.0
L1-001,2024-12-10,1.93,percent,FRED,DFII10,docs/phase2-ingestion/data/macro/raw/fred/DFII10-20260821T015235Z.json,dbaf1dee142b5509e1bf9302fb5280656ce6c577224707f82b80f876b57e2ee8,2026-08-21T01:52:35.579018+00:00,PASS,STALE,0.1.0
L1-001,2024-12-11,1.96,percent,FRED,DFII10,docs/phase2-ingestion/data/macro/raw/fred/DFII10-20260821T015235Z.json,dbaf1dee142b5509e1bf9302fb5280656ce6c577224707f82b80f876b57e2ee8,2026-08-21T01:52:35.579018+00:00,PASS,STALE,0.1.0
L1-001,2024-12-12,2.0,percent,FRED,DFII10,docs/phase2-ingestion/data/macro/raw/fred/DFII10-20260821T015235Z.json,dbaf1dee142b5509e1bf9302fb5280656ce6c577224707f82b80f876b57e2ee8,2026-08-21T01:52:35.579018+00:00,PASS,STALE,0.1.0
L1-001,2024-12-13,2.07,percent,FRED,DFII10,docs/phase2-ingestion/data/macro/raw/fred/DFII10-20260821T015235Z.json,dbaf1dee142b5509e1bf9302fb5280656ce6c577224707f82b80f876b57e2ee8,2026-08-21T01:52:35.579018+00:00,PASS,STALE,0.1.0
L1-001,2024-12-16,2.07,percent,FRED,DFII10,docs/phase2-ingestion/data/macro/raw/fred/DFII10-20260821T015235Z.json,dbaf1dee142b5509e1bf9302fb5280656ce6c577224707f82b80f876b57e2ee8,2026-08-21T01:52:35.579018+00:00,PASS,STALE,0.1.0
L1-001,2024-12-17,2.09,percent,FRED,DFII10,docs/phase2-ingestion/data/macro/raw/fred/DFII10-20260821T015235Z.json,dbaf1dee142b5509e1bf9302fb5280656ce6c577224707f82b80f876b57e2ee8,2026-08-21T01:52:35.579018+00:00,PASS,STALE,0.1.0
L1-001,2024-12-18,2.18,percent,FRED,DFII10,docs/phase2-ingestion/data/macro/raw/fred/DFII10-20260821T015235Z.json,dbaf1dee142b5509e1bf9302fb5280656ce6c577224707f82b80f876b57e2ee8,2026-08-21T01:52:35.579018+00:00,PASS,STALE,0.1.0
L1-001,2024-12-19,2.28,percent,FRED,DFII10,docs/phase2-ingestion/data/macro/raw/fred/DFII10-20260821T015235Z.json,dbaf1dee142b5509e1bf9302fb5280656ce6c577224707f82b80f876b57e2ee8,2026-08-21T01:52:35.579018+00:00,PASS,STALE,0.1.0
L1-001,2024-12-20,2.23,percent,FRED,DFII10,docs/phase2-ingestion/data/macro/raw/fred/DFII10-20260821T015235Z.json,dbaf1dee142b5509e1bf9302fb5280656ce6c577224707f82b80f876b57e2ee8,2026-08-21T01:52:35.579018+00:00,PASS,STALE,0.1.0
L1-001,2024-12-23,2.27,percent,FRED,DFII10,docs/phase2-ingestion/data/macro/raw/fred/DFII10-20260821T015235Z.json,dbaf1dee142b5509e1bf9302fb5280656ce6c577224707f82b80f876b57e2ee8,2026-08-21T01:52:35.579018+00:00,PASS,STALE,0.1.0
L1-001,2024-12-24,2.24,percent,FRED,DFII10,docs/phase2-ingestion/data/macro/raw/fred/DFII10-20260821T015235Z.json,dbaf1dee142b5509e1bf9302fb5280656ce6c577224707f82b80f876b57e2ee8,2026-08-21T01:52:35.579018+00:00,PASS,STALE,0.1.0
L1-001,2024-12-26,2.23,percent,FRED,DFII10,docs/phase2-ingestion/data/macro/raw/fred/DFII10-20260821T015235Z.json,dbaf1dee142b5509e1bf9302fb5280656ce6c577224707f82b80f876b57e2ee8,2026-08-21T01:52:35.579018+00:00,PASS,STALE,0.1.0
L1-001,2024-12-27,2.28,percent,FRED,DFII10,docs/phase2-ingestion/data/macro/raw/fred/DFII10-20260821T015235Z.json,dbaf1dee142b5509e1bf9302fb5280656ce6c577224707f82b80f876b57e2ee8,2026-08-21T01:52:35.579018+00:00,PASS,STALE,0.1.0
L1-001,2024-12-30,2.24,percent,FRED,DFII10,docs/phase2-ingestion/data/macro/raw/fred/DFII10-20260821T015235Z.json,dbaf1dee142b5509e1bf9302fb5280656ce6c577224707f82b80f876b57e2ee8,2026-08-21T01:52:35.579018+00:00,PASS,STALE,0.1.0
L1-001,2024-12-31,2.24,percent,FRED,DFII10,docs/phase2-ingestion/data/macro/raw/fred/DFII10-20260821T015235Z.json,dbaf1dee142b5509e1bf9302fb5280656ce6c577224707f82b80f876b57e2ee8,2026-08-21T01:52:35.579018+00:00,PASS,STALE,0.1.0
L1-001,2025-01-02,2.23,percent,FRED,DFII10,docs/phase2-ingestion/data/macro/raw/fred/DFII10-20260821T015235Z.json,dbaf1dee142b5509e1bf9302fb5280656ce6c577224707f82b80f876b57e2ee8,2026-08-21T01:52:35.579018+00:00,PASS,STALE,0.1.0
L1-001,2025-01-03,2.26,percent,FRED,DFII10,docs/phase2-ingestion/data/macro/raw/fred/DFII10-20260821T015235Z.json,dbaf1dee142b5509e1bf9302fb5280656ce6c577224707f82b80f876b57e2ee8,2026-08-21T01:52:35.579018+00:00,PASS,STALE,0.1.0
L1-001,2025-01-06,2.28,percent,FRED,DFII10,docs/phase2-ingestion/data/macro/raw/fred/DFII10-20260821T015235Z.json,dbaf1dee142b5509e1bf9302fb5280656ce6c577224707f82b80f876b57e2ee8,2026-08-21T01:52:35.579018+00:00,PASS,STALE,0.1.0
L1-001,2025-01-07,2.29,percent,FRED,DFII10,docs/phase2-ingestion/data/macro/raw/fred/DFII10-20260821T015235Z.json,dbaf1dee142b5509e1bf9302fb5280656ce6c577224707f82b80f876b57e2ee8,2026-08-21T01:52:35.579018+00:00,PASS,STALE,0.1.0
L1-001,2025-01-08,2.27,percent,FRED,DFII10,docs/phase2-ingestion/data/macro/raw/fred/DFII10-20260821T015235Z.json,dbaf1dee142b5509e1bf9302fb5280656ce6c577224707f82b80f876b57e2ee8,2026-08-21T01:52:35.579018+00:00,PASS,STALE,0.1.0
L1-001,2025-01-09,2.29,percent,FRED,DFII10,docs/phase2-ingestion/data/macro/raw/fred/DFII10-20260821T015235Z.json,dbaf1dee142b5509e1bf9302fb5280656ce6c577224707f82b80f876b57e2ee8,2026-08-21T01:52:35.579018+00:00,PASS,STALE,0.1.0
L1-001,2025-01-10,2.34,percent,FRED,DFII10,docs/phase2-ingestion/data/macro/raw/fred/DFII10-20260821T015235Z.json,dbaf1dee142b5509e1bf9302fb5280656ce6c577224707f82b80f876b57e2ee8,2026-08-21T01:52:35.579018+00:00,PASS,STALE,0.1.0
L1-001,2025-01-13,2.34,percent,FRED,DFII10,docs/phase2-ingestion/data/macro/raw/fred/DFII10-20260821T015235Z.json,dbaf1dee142b5509e1bf9302fb5280656ce6c577224707f82b80f876b57e2ee8,2026-08-21T01:52:35.579018+00:00,PASS,STALE,0.1.0
L1-001,2025-01-14,2.34,percent,FRED,DFII10,docs/phase2-ingestion/data/macro/raw/fred/DFII10-20260821T015235Z.json,dbaf1dee142b5509e1bf9302fb5280656ce6c577224707f82b80f876b57e2ee8,2026-08-21T01:52:35.579018+00:00,PASS,STALE,0.1.0
L1-001,2025-01-15,2.24,percent,FRED,DFII10,docs/phase2-ingestion/data/macro/raw/fred/DFII10-20260821T015235Z.json,dbaf1dee142b5509e1bf9302fb5280656ce6c577224707f82b80f876b57e2ee8,2026-08-21T01:52:35.579018+00:00,PASS,STALE,0.1.0
L1-001,2025-01-16,2.19,percent,FRED,DFII10,docs/phase2-ingestion/data/macro/raw/fred/DFII10-20260821T015235Z.json,dbaf1dee142b5509e1bf9302fb5280656ce6c577224707f82b80f876b57e2ee8,2026-08-21T01:52:35.579018+00:00,PASS,STALE,0.1.0
L1-001,2025-01-17,2.2,percent,FRED,DFII10,docs/phase2-ingestion/data/macro/raw/fred/DFII10-20260821T015235Z.json,dbaf1dee142b5509e1bf9302fb5280656ce6c577224707f82b80f876b57e2ee8,2026-08-21T01:52:35.579018+00:00,PASS,STALE,0.1.0
L1-001,2025-01-21,2.19,percent,FRED,DFII10,docs/phase2-ingestion/data/macro/raw/fred/DFII10-20260821T015235Z.json,dbaf1dee142b5509e1bf9302fb5280656ce6c577224707f82b80f876b57e2ee8,2026-08-21T01:52:35.579018+00:00,PASS,STALE,0.1.0
L1-001,2025-01-22,2.2,percent,FRED,DFII10,docs/phase2-ingestion/data/macro/raw/fred/DFII10-20260821T015235Z.json,dbaf1dee142b5509e1bf9302fb5280656ce6c577224707f82b80f876b57e2ee8,2026-08-21T01:52:35.579018+00:00,PASS,STALE,0.1.0
L1-001,2025-01-23,2.23,percent,FRED,DFII10,docs/phase2-ingestion/data/macro/raw/fred/DFII10-20260821T015235Z.json,dbaf1dee142b5509e1bf9302fb5280656ce6c577224707f82b80f876b57e2ee8,2026-08-21T01:52:35.579018+00:00,PASS,STALE,0.1.0
L1-001,2025-01-24,2.2,percent,FRED,DFII10,docs/phase2-ingestion/data/macro/raw/fred/DFII10-20260821T015235Z.json,dbaf1dee142b5509e1bf9302fb5280656ce6c577224707f82b80f876b57e2ee8,2026-08-21T01:52:35.579018+00:00,PASS,STALE,0.1.0
L1-001,2025-01-27,2.13,percent,FRED,DFII10,docs/phase2-ingestion/data/macro/raw/fred/DFII10-20260821T015235Z.json,dbaf1dee142b5509e1bf9302fb5280656ce6c577224707f82b80f876b57e2ee8,2026-08-21T01:52:35.579018+00:00,PASS,STALE,0.1.0
L1-001,2025-01-28,2.13,percent,FRED,DFII10,docs/phase2-ingestion/data/macro/raw/fred/DFII10-20260821T015235Z.json,dbaf1dee142b5509e1bf9302fb5280656ce6c577224707f82b80f876b57e2ee8,2026-08-21T01:52:35.579018+00:00,PASS,STALE,0.1.0
L1-001,2025-01-29,2.15,percent,FRED,DFII10,docs/phase2-ingestion/data/macro/raw/fred/DFII10-20260821T015235Z.json,dbaf1dee142b5509e1bf9302fb5280656ce6c577224707f82b80f876b57e2ee8,2026-08-21T01:52:35.579018+00:00,PASS,STALE,0.1.0
L1-001,2025-01-30,2.14,percent,FRED,DFII10,docs/phase2-ingestion/data/macro/raw/fred/DFII10-20260821T015235Z.json,dbaf1dee142b5509e1bf9302fb5280656ce6c577224707f82b80f876b57e2ee8,2026-08-21T01:52:35.579018+00:00,PASS,STALE,0.1.0
L1-001,2025-01-31,2.16,percent,FRED,DFII10,docs/phase2-ingestion/data/macro/raw/fred/DFII10-20260821T015235Z.json,dbaf1dee142b5509e1bf9302fb5280656ce6c577224707f82b80f876b57e2ee8,2026-08-21T01:52:35.579018+00:00,PASS,STALE,0.1.0
L1-001,2025-02-03,2.09,percent,FRED,DFII10,docs/phase2-ingestion/data/macro/raw/fred/DFII10-20260821T015235Z.json,dbaf1dee142b5509e1bf9302fb5280656ce6c577224707f82b80f876b57e2ee8,2026-08-21T01:52:35.579018+00:00,PASS,STALE,0.1.0
L1-001,2025-02-04,2.08,percent,FRED,DFII10,docs/phase2-ingestion/data/macro/raw/fred/DFII10-20260821T015235Z.json,dbaf1dee142b5509e1bf9302fb5280656ce6c577224707f82b80f876b57e2ee8,2026-08-21T01:52:35.579018+00:00,PASS,STALE,0.1.0
L1-001,2025-02-05,2.01,percent,FRED,DFII10,docs/phase2-ingestion/data/macro/raw/fred/DFII10-20260821T015235Z.json,dbaf1dee142b5509e1bf9302fb5280656ce6c577224707f82b80f876b57e2ee8,2026-08-21T01:52:35.579018+00:00,PASS,STALE,0.1.0
L1-001,2025-02-06,2.03,percent,FRED,DFII10,docs/phase2-ingestion/data/macro/raw/fred/DFII10-20260821T015235Z.json,dbaf1dee142b5509e1bf9302fb5280656ce6c577224707f82b80f876b57e2ee8,2026-08-21T01:52:35.579018+00:00,PASS,STALE,0.1.0
L1-001,2025-02-07,2.07,percent,FRED,DFII10,docs/phase2-ingestion/data/macro/raw/fred/DFII10-20260821T015235Z.json,dbaf1dee142b5509e1bf9302fb5280656ce6c577224707f82b80f876b57e2ee8,2026-08-21T01:52:35.579018+00:00,PASS,STALE,0.1.0
L1-001,2025-02-10,2.07,percent,FRED,DFII10,docs/phase2-ingestion/data/macro/raw/fred/DFII10-20260821T015235Z.json,dbaf1dee142b5509e1bf9302fb5280656ce6c577224707f82b80f876b57e2ee8,2026-08-21T01:52:35.579018+00:00,PASS,STALE,0.1.0
L1-001,2025-02-11,2.08,percent,FRED,DFII10,docs/phase2-ingestion/data/macro/raw/fred/DFII10-20260821T015235Z.json,dbaf1dee142b5509e1bf9302fb5280656ce6c577224707f82b80f876b57e2ee8,2026-08-21T01:52:35.579018+00:00,PASS,STALE,0.1.0
L1-001,2025-02-12,2.16,percent,FRED,DFII10,docs/phase2-ingestion/data/macro/raw/fred/DFII10-20260821T015235Z.json,dbaf1dee142b5509e1bf9302fb5280656ce6c577224707f82b80f876b57e2ee8,2026-08-21T01:52:35.579018+00:00,PASS,STALE,0.1.0
L1-001,2025-02-13,2.08,percent,FRED,DFII10,docs/phase2-ingestion/data/macro/raw/fred/DFII10-20260821T015235Z.json,dbaf1dee142b5509e1bf9302fb5280656ce6c577224707f82b80f876b57e2ee8,2026-08-21T01:52:35.579018+00:00,PASS,STALE,0.1.0
L1-001,2025-02-14,2.04,percent,FRED,DFII10,docs/phase2-ingestion/data/macro/raw/fred/DFII10-20260821T015235Z.json,dbaf1dee142b5509e1bf9302fb5280656ce6c577224707f82b80f876b57e2ee8,2026-08-21T01:52:35.579018+00:00,PASS,STALE,0.1.0
L1-001,2025-02-18,2.1,percent,FRED,DFII10,docs/phase2-ingestion/data/macro/raw/fred/DFII10-20260821T015235Z.json,dbaf1dee142b5509e1bf9302fb5280656ce6c577224707f82b80f876b57e2ee8,2026-08-21T01:52:35.579018+00:00,PASS,STALE,0.1.0
L1-001,2025-02-19,2.08,percent,FRED,DFII10,docs/phase2-ingestion/data/macro/raw/fred/DFII10-20260821T015235Z.json,dbaf1dee142b5509e1bf9302fb5280656ce6c577224707f82b80f876b57e2ee8,2026-08-21T01:52:35.579018+00:00,PASS,STALE,0.1.0
L1-001,2025-02-20,2.05,percent,FRED,DFII10,docs/phase2-ingestion/data/macro/raw/fred/DFII10-20260821T015235Z.json,dbaf1dee142b5509e1bf9302fb5280656ce6c577224707f82b80f876b57e2ee8,2026-08-21T01:52:35.579018+00:00,PASS,STALE,0.1.0
L1-001,2025-02-21,2.0,percent,FRED,DFII10,docs/phase2-ingestion/data/macro/raw/fred/DFII10-20260821T015235Z.json,dbaf1dee142b5509e1bf9302fb5280656ce6c577224707f82b80f876b57e2ee8,2026-08-21T01:52:35.579018+00:00,PASS,STALE,0.1.0
L1-001,2025-02-24,1.98,percent,FRED,DFII10,docs/phase2-ingestion/data/macro/raw/fred/DFII10-20260821T015235Z.json,dbaf1dee142b5509e1bf9302fb5280656ce6c577224707f82b80f876b57e2ee8,2026-08-21T01:52:35.579018+00:00,PASS,STALE,0.1.0
L1-001,2025-02-25,1.92,percent,FRED,DFII10,docs/phase2-ingestion/data/macro/raw/fred/DFII10-20260821T015235Z.json,dbaf1dee142b5509e1bf9302fb5280656ce6c577224707f82b80f876b57e2ee8,2026-08-21T01:52:35.579018+00:00,PASS,STALE,0.1.0
L1-001,2025-02-26,1.89,percent,FRED,DFII10,docs/phase2-ingestion/data/macro/raw/fred/DFII10-20260821T015235Z.json,dbaf1dee142b5509e1bf9302fb5280656ce6c577224707f82b80f876b57e2ee8,2026-08-21T01:52:35.579018+00:00,PASS,STALE,0.1.0
L1-001,2025-02-27,1.92,percent,FRED,DFII10,docs/phase2-ingestion/data/macro/raw/fred/DFII10-20260821T015235Z.json,dbaf1dee142b5509e1bf9302fb5280656ce6c577224707f82b80f876b57e2ee8,2026-08-21T01:52:35.579018+00:00,PASS,STALE,0.1.0
L1-001,2025-02-28,1.86,percent,FRED,DFII10,docs/phase2-ingestion/data/macro/raw/fred/DFII10-20260821T015235Z.json,dbaf1dee142b5509e1bf9302fb5280656ce6c577224707f82b80f876b57e2ee8,2026-08-21T01:52:35.579018+00:00,PASS,STALE,0.1.0
L1-001,2025-03-03,1.8,percent,FRED,DFII10,docs/phase2-ingestion/data/macro/raw/fred/DFII10-20260821T015235Z.json,dbaf1dee142b5509e1bf9302fb5280656ce6c577224707f82b80f876b57e2ee8,2026-08-21T01:52:35.579018+00:00,PASS,STALE,0.1.0
L1-001,2025-03-04,1.87,percent,FRED,DFII10,docs/phase2-ingestion/data/macro/raw/fred/DFII10-20260821T015235Z.json,dbaf1dee142b5509e1bf9302fb5280656ce6c577224707f82b80f876b57e2ee8,2026-08-21T01:52:35.579018+00:00,PASS,STALE,0.1.0
L1-001,2025-03-05,1.94,percent,FRED,DFII10,docs/phase2-ingestion/data/macro/raw/fred/DFII10-20260821T015235Z.json,dbaf1dee142b5509e1bf9302fb5280656ce6c577224707f82b80f876b57e2ee8,2026-08-21T01:52:35.579018+00:00,PASS,STALE,0.1.0
L1-001,2025-03-06,1.95,percent,FRED,DFII10,docs/phase2-ingestion/data/macro/raw/fred/DFII10-20260821T015235Z.json,dbaf1dee142b5509e1bf9302fb5280656ce6c577224707f82b80f876b57e2ee8,2026-08-21T01:52:35.579018+00:00,PASS,STALE,0.1.0
L1-001,2025-03-07,1.99,percent,FRED,DFII10,docs/phase2-ingestion/data/macro/raw/fred/DFII10-20260821T015235Z.json,dbaf1dee142b5509e1bf9302fb5280656ce6c577224707f82b80f876b57e2ee8,2026-08-21T01:52:35.579018+00:00,PASS,STALE,0.1.0
L1-001,2025-03-10,1.91,percent,FRED,DFII10,docs/phase2-ingestion/data/macro/raw/fred/DFII10-20260821T015235Z.json,dbaf1dee142b5509e1bf9302fb5280656ce6c577224707f82b80f876b57e2ee8,2026-08-21T01:52:35.579018+00:00,PASS,STALE,0.1.0
L1-001,2025-03-11,1.97,percent,FRED,DFII10,docs/phase2-ingestion/data/macro/raw/fred/DFII10-20260821T015235Z.json,dbaf1dee142b5509e1bf9302fb5280656ce6c577224707f82b80f876b57e2ee8,2026-08-21T01:52:35.579018+00:00,PASS,STALE,0.1.0
L1-001,2025-03-12,1.99,percent,FRED,DFII10,docs/phase2-ingestion/data/macro/raw/fred/DFII10-20260821T015235Z.json,dbaf1dee142b5509e1bf9302fb5280656ce6c577224707f82b80f876b57e2ee8,2026-08-21T01:52:35.579018+00:00,PASS,STALE,0.1.0
L1-001,2025-03-13,1.98,percent,FRED,DFII10,docs/phase2-ingestion/data/macro/raw/fred/DFII10-20260821T015235Z.json,dbaf1dee142b5509e1bf9302fb5280656ce6c577224707f82b80f876b57e2ee8,2026-08-21T01:52:35.579018+00:00,PASS,STALE,0.1.0
L1-001,2025-03-14,2.01,percent,FRED,DFII10,docs/phase2-ingestion/data/macro/raw/fred/DFII10-20260821T015235Z.json,dbaf1dee142b5509e1bf9302fb5280656ce6c577224707f82b80f876b57e2ee8,2026-08-21T01:52:35.579018+00:00,PASS,STALE,0.1.0
L1-001,2025-03-17,2.02,percent,FRED,DFII10,docs/phase2-ingestion/data/macro/raw/fred/DFII10-20260821T015235Z.json,dbaf1dee142b5509e1bf9302fb5280656ce6c577224707f82b80f876b57e2ee8,2026-08-21T01:52:35.579018+00:00,PASS,STALE,0.1.0
L1-001,2025-03-18,1.99,percent,FRED,DFII10,docs/phase2-ingestion/data/macro/raw/fred/DFII10-20260821T015235Z.json,dbaf1dee142b5509e1bf9302fb5280656ce6c577224707f82b80f876b57e2ee8,2026-08-21T01:52:35.579018+00:00,PASS,STALE,0.1.0
L1-001,2025-03-19,1.94,percent,FRED,DFII10,docs/phase2-ingestion/data/macro/raw/fred/DFII10-20260821T015235Z.json,dbaf1dee142b5509e1bf9302fb5280656ce6c577224707f82b80f876b57e2ee8,2026-08-21T01:52:35.579018+00:00,PASS,STALE,0.1.0
L1-001,2025-03-20,1.93,percent,FRED,DFII10,docs/phase2-ingestion/data/macro/raw/fred/DFII10-20260821T015235Z.json,dbaf1dee142b5509e1bf9302fb5280656ce6c577224707f82b80f876b57e2ee8,2026-08-21T01:52:35.579018+00:00,PASS,STALE,0.1.0
L1-001,2025-03-21,1.92,percent,FRED,DFII10,docs/phase2-ingestion/data/macro/raw/fred/DFII10-20260821T015235Z.json,dbaf1dee142b5509e1bf9302fb5280656ce6c577224707f82b80f876b57e2ee8,2026-08-21T01:52:35.579018+00:00,PASS,STALE,0.1.0
L1-001,2025-03-24,1.98,percent,FRED,DFII10,docs/phase2-ingestion/data/macro/raw/fred/DFII10-20260821T015235Z.json,dbaf1dee142b5509e1bf9302fb5280656ce6c577224707f82b80f876b57e2ee8,2026-08-21T01:52:35.579018+00:00,PASS,STALE,0.1.0
L1-001,2025-03-25,1.96,percent,FRED,DFII10,docs/phase2-ingestion/data/macro/raw/fred/DFII10-20260821T015235Z.json,dbaf1dee142b5509e1bf9302fb5280656ce6c577224707f82b80f876b57e2ee8,2026-08-21T01:52:35.579018+00:00,PASS,STALE,0.1.0
L1-001,2025-03-26,1.98,percent,FRED,DFII10,docs/phase2-ingestion/data/macro/raw/fred/DFII10-20260821T015235Z.json,dbaf1dee142b5509e1bf9302fb5280656ce6c577224707f82b80f876b57e2ee8,2026-08-21T01:52:35.579018+00:00,PASS,STALE,0.1.0
L1-001,2025-03-27,1.99,percent,FRED,DFII10,docs/phase2-ingestion/data/macro/raw/fred/DFII10-20260821T015235Z.json,dbaf1dee142b5509e1bf9302fb5280656ce6c577224707f82b80f876b57e2ee8,2026-08-21T01:52:35.579018+00:00,PASS,STALE,0.1.0
L1-001,2025-03-28,1.9,percent,FRED,DFII10,docs/phase2-ingestion/data/macro/raw/fred/DFII10-20260821T015235Z.json,dbaf1dee142b5509e1bf9302fb5280656ce6c577224707f82b80f876b57e2ee8,2026-08-21T01:52:35.579018+00:00,PASS,STALE,0.1.0
L1-001,2025-03-31,1.85,percent,FRED,DFII10,docs/phase2-ingestion/data/macro/raw/fred/DFII10-20260821T015235Z.json,dbaf1dee142b5509e1bf9302fb5280656ce6c577224707f82b80f876b57e2ee8,2026-08-21T01:52:35.579018+00:00,PASS,STALE,0.1.0
L1-001,2025-04-01,1.84,percent,FRED,DFII10,docs/phase2-ingestion/data/macro/raw/fred/DFII10-20260821T015235Z.json,dbaf1dee142b5509e1bf9302fb5280656ce6c577224707f82b80f876b57e2ee8,2026-08-21T01:52:35.579018+00:00,PASS,STALE,0.1.0
L1-001,2025-04-02,1.88,percent,FRED,DFII10,docs/phase2-ingestion/data/macro/raw/fred/DFII10-20260821T015235Z.json,dbaf1dee142b5509e1bf9302fb5280656ce6c577224707f82b80f876b57e2ee8,2026-08-21T01:52:35.579018+00:00,PASS,STALE,0.1.0
L1-001,2025-04-03,1.78,percent,FRED,DFII10,docs/phase2-ingestion/data/macro/raw/fred/DFII10-20260821T015235Z.json,dbaf1dee142b5509e1bf9302fb5280656ce6c577224707f82b80f876b57e2ee8,2026-08-21T01:52:35.579018+00:00,PASS,STALE,0.1.0
L1-001,2025-04-04,1.83,percent,FRED,DFII10,docs/phase2-ingestion/data/macro/raw/fred/DFII10-20260821T015235Z.json,dbaf1dee142b5509e1bf9302fb5280656ce6c577224707f82b80f876b57e2ee8,2026-08-21T01:52:35.579018+00:00,PASS,STALE,0.1.0
L1-001,2025-04-07,1.96,percent,FRED,DFII10,docs/phase2-ingestion/data/macro/raw/fred/DFII10-20260821T015235Z.json,dbaf1dee142b5509e1bf9302fb5280656ce6c577224707f82b80f876b57e2ee8,2026-08-21T01:52:35.579018+00:00,PASS,STALE,0.1.0
L1-001,2025-04-08,2.04,percent,FRED,DFII10,docs/phase2-ingestion/data/macro/raw/fred/DFII10-20260821T015235Z.json,dbaf1dee142b5509e1bf9302fb5280656ce6c577224707f82b80f876b57e2ee8,2026-08-21T01:52:35.579018+00:00,PASS,STALE,0.1.0
L1-001,2025-04-09,2.07,percent,FRED,DFII10,docs/phase2-ingestion/data/macro/raw/fred/DFII10-20260821T015235Z.json,dbaf1dee142b5509e1bf9302fb5280656ce6c577224707f82b80f876b57e2ee8,2026-08-21T01:52:35.579018+00:00,PASS,STALE,0.1.0
L1-001,2025-04-10,2.21,percent,FRED,DFII10,docs/phase2-ingestion/data/macro/raw/fred/DFII10-20260821T015235Z.json,dbaf1dee142b5509e1bf9302fb5280656ce6c577224707f82b80f876b57e2ee8,2026-08-21T01:52:35.579018+00:00,PASS,STALE,0.1.0
L1-001,2025-04-11,2.28,percent,FRED,DFII10,docs/phase2-ingestion/data/macro/raw/fred/DFII10-20260821T015235Z.json,dbaf1dee142b5509e1bf9302fb5280656ce6c577224707f82b80f876b57e2ee8,2026-08-21T01:52:35.579018+00:00,PASS,STALE,0.1.0
L1-001,2025-04-14,2.15,percent,FRED,DFII10,docs/phase2-ingestion/data/macro/raw/fred/DFII10-20260821T015235Z.json,dbaf1dee142b5509e1bf9302fb5280656ce6c577224707f82b80f876b57e2ee8,2026-08-21T01:52:35.579018+00:00,PASS,STALE,0.1.0
L1-001,2025-04-15,2.16,percent,FRED,DFII10,docs/phase2-ingestion/data/macro/raw/fred/DFII10-20260821T015235Z.json,dbaf1dee142b5509e1bf9302fb5280656ce6c577224707f82b80f876b57e2ee8,2026-08-21T01:52:35.579018+00:00,PASS,STALE,0.1.0
L1-001,2025-04-16,2.12,percent,FRED,DFII10,docs/phase2-ingestion/data/macro/raw/fred/DFII10-20260821T015235Z.json,dbaf1dee142b5509e1bf9302fb5280656ce6c577224707f82b80f876b57e2ee8,2026-08-21T01:52:35.579018+00:00,PASS,STALE,0.1.0
L1-001,2025-04-17,2.11,percent,FRED,DFII10,docs/phase2-ingestion/data/macro/raw/fred/DFII10-20260821T015235Z.json,dbaf1dee142b5509e1bf9302fb5280656ce6c577224707f82b80f876b57e2ee8,2026-08-21T01:52:35.579018+00:00,PASS,STALE,0.1.0
L1-001,2025-04-21,2.2,percent,FRED,DFII10,docs/phase2-ingestion/data/macro/raw/fred/DFII10-20260821T015235Z.json,dbaf1dee142b5509e1bf9302fb5280656ce6c577224707f82b80f876b57e2ee8,2026-08-21T01:52:35.579018+00:00,PASS,STALE,0.1.0
L1-001,2025-04-22,2.14,percent,FRED,DFII10,docs/phase2-ingestion/data/macro/raw/fred/DFII10-20260821T015235Z.json,dbaf1dee142b5509e1bf9302fb5280656ce6c577224707f82b80f876b57e2ee8,2026-08-21T01:52:35.579018+00:00,PASS,STALE,0.1.0
L1-001,2025-04-23,2.11,percent,FRED,DFII10,docs/phase2-ingestion/data/macro/raw/fred/DFII10-20260821T015235Z.json,dbaf1dee142b5509e1bf9302fb5280656ce6c577224707f82b80f876b57e2ee8,2026-08-21T01:52:35.579018+00:00,PASS,STALE,0.1.0
L1-001,2025-04-24,2.02,percent,FRED,DFII10,docs/phase2-ingestion/data/macro/raw/fred/DFII10-20260821T015235Z.json,dbaf1dee142b5509e1bf9302fb5280656ce6c577224707f82b80f876b57e2ee8,2026-08-21T01:52:35.579018+00:00,PASS,STALE,0.1.0
L1-001,2025-04-25,2.02,percent,FRED,DFII10,docs/phase2-ingestion/data/macro/raw/fred/DFII10-20260821T015235Z.json,dbaf1dee142b5509e1bf9302fb5280656ce6c577224707f82b80f876b57e2ee8,2026-08-21T01:52:35.579018+00:00,PASS,STALE,0.1.0
L1-001,2025-04-28,1.98,percent,FRED,DFII10,docs/phase2-ingestion/data/macro/raw/fred/DFII10-20260821T015235Z.json,dbaf1dee142b5509e1bf9302fb5280656ce6c577224707f82b80f876b57e2ee8,2026-08-21T01:52:35.579018+00:00,PASS,STALE,0.1.0
L1-001,2025-04-29,1.96,percent,FRED,DFII10,docs/phase2-ingestion/data/macro/raw/fred/DFII10-20260821T015235Z.json,dbaf1dee142b5509e1bf9302fb5280656ce6c577224707f82b80f876b57e2ee8,2026-08-21T01:52:35.579018+00:00,PASS,STALE,0.1.0
L1-001,2025-04-30,1.94,percent,FRED,DFII10,docs/phase2-ingestion/data/macro/raw/fred/DFII10-20260821T015235Z.json,dbaf1dee142b5509e1bf9302fb5280656ce6c577224707f82b80f876b57e2ee8,2026-08-21T01:52:35.579018+00:00,PASS,STALE,0.1.0
L1-001,2025-05-01,2.0,percent,FRED,DFII10,docs/phase2-ingestion/data/macro/raw/fred/DFII10-20260821T015235Z.json,dbaf1dee142b5509e1bf9302fb5280656ce6c577224707f82b80f876b57e2ee8,2026-08-21T01:52:35.579018+00:00,PASS,STALE,0.1.0
L1-001,2025-05-02,2.06,percent,FRED,DFII10,docs/phase2-ingestion/data/macro/raw/fred/DFII10-20260821T015235Z.json,dbaf1dee142b5509e1bf9302fb5280656ce6c577224707f82b80f876b57e2ee8,2026-08-21T01:52:35.579018+00:00,PASS,STALE,0.1.0
L1-001,2025-05-05,2.08,percent,FRED,DFII10,docs/phase2-ingestion/data/macro/raw/fred/DFII10-20260821T015235Z.json,dbaf1dee142b5509e1bf9302fb5280656ce6c577224707f82b80f876b57e2ee8,2026-08-21T01:52:35.579018+00:00,PASS,STALE,0.1.0
L1-001,2025-05-06,2.04,percent,FRED,DFII10,docs/phase2-ingestion/data/macro/raw/fred/DFII10-20260821T015235Z.json,dbaf1dee142b5509e1bf9302fb5280656ce6c577224707f82b80f876b57e2ee8,2026-08-21T01:52:35.579018+00:00,PASS,STALE,0.1.0
L1-001,2025-05-07,2.01,percent,FRED,DFII10,docs/phase2-ingestion/data/macro/raw/fred/DFII10-20260821T015235Z.json,dbaf1dee142b5509e1bf9302fb5280656ce6c577224707f82b80f876b57e2ee8,2026-08-21T01:52:35.579018+00:00,PASS,STALE,0.1.0
L1-001,2025-05-08,2.08,percent,FRED,DFII10,docs/phase2-ingestion/data/macro/raw/fred/DFII10-20260821T015235Z.json,dbaf1dee142b5509e1bf9302fb5280656ce6c577224707f82b80f876b57e2ee8,2026-08-21T01:52:35.579018+00:00,PASS,STALE,0.1.0
L1-001,2025-05-09,2.08,percent,FRED,DFII10,docs/phase2-ingestion/data/macro/raw/fred/DFII10-20260821T015235Z.json,dbaf1dee142b5509e1bf9302fb5280656ce6c577224707f82b80f876b57e2ee8,2026-08-21T01:52:35.579018+00:00,PASS,STALE,0.1.0
L1-001,2025-05-12,2.16,percent,FRED,DFII10,docs/phase2-ingestion/data/macro/raw/fred/DFII10-20260821T015235Z.json,dbaf1dee142b5509e1bf9302fb5280656ce6c577224707f82b80f876b57e2ee8,2026-08-21T01:52:35.579018+00:00,PASS,STALE,0.1.0
L1-001,2025-05-13,2.17,percent,FRED,DFII10,docs/phase2-ingestion/data/macro/raw/fred/DFII10-20260821T015235Z.json,dbaf1dee142b5509e1bf9302fb5280656ce6c577224707f82b80f876b57e2ee8,2026-08-21T01:52:35.579018+00:00,PASS,STALE,0.1.0
L1-001,2025-05-14,2.16,percent,FRED,DFII10,docs/phase2-ingestion/data/macro/raw/fred/DFII10-20260821T015235Z.json,dbaf1dee142b5509e1bf9302fb5280656ce6c577224707f82b80f876b57e2ee8,2026-08-21T01:52:35.579018+00:00,PASS,STALE,0.1.0
L1-001,2025-05-15,2.11,percent,FRED,DFII10,docs/phase2-ingestion/data/macro/raw/fred/DFII10-20260821T015235Z.json,dbaf1dee142b5509e1bf9302fb5280656ce6c577224707f82b80f876b57e2ee8,2026-08-21T01:52:35.579018+00:00,PASS,STALE,0.1.0
L1-001,2025-05-16,2.09,percent,FRED,DFII10,docs/phase2-ingestion/data/macro/raw/fred/DFII10-20260821T015235Z.json,dbaf1dee142b5509e1bf9302fb5280656ce6c577224707f82b80f876b57e2ee8,2026-08-21T01:52:35.579018+00:00,PASS,STALE,0.1.0
L1-001,2025-05-19,2.1,percent,FRED,DFII10,docs/phase2-ingestion/data/macro/raw/fred/DFII10-20260821T015235Z.json,dbaf1dee142b5509e1bf9302fb5280656ce6c577224707f82b80f876b57e2ee8,2026-08-21T01:52:35.579018+00:00,PASS,STALE,0.1.0
L1-001,2025-05-20,2.13,percent,FRED,DFII10,docs/phase2-ingestion/data/macro/raw/fred/DFII10-20260821T015235Z.json,dbaf1dee142b5509e1bf9302fb5280656ce6c577224707f82b80f876b57e2ee8,2026-08-21T01:52:35.579018+00:00,PASS,STALE,0.1.0
L1-001,2025-05-21,2.23,percent,FRED,DFII10,docs/phase2-ingestion/data/macro/raw/fred/DFII10-20260821T015235Z.json,dbaf1dee142b5509e1bf9302fb5280656ce6c577224707f82b80f876b57e2ee8,2026-08-21T01:52:35.579018+00:00,PASS,STALE,0.1.0
L1-001,2025-05-22,2.2,percent,FRED,DFII10,docs/phase2-ingestion/data/macro/raw/fred/DFII10-20260821T015235Z.json,dbaf1dee142b5509e1bf9302fb5280656ce6c577224707f82b80f876b57e2ee8,2026-08-21T01:52:35.579018+00:00,PASS,STALE,0.1.0
L1-001,2025-05-23,2.18,percent,FRED,DFII10,docs/phase2-ingestion/data/macro/raw/fred/DFII10-20260821T015235Z.json,dbaf1dee142b5509e1bf9302fb5280656ce6c577224707f82b80f876b57e2ee8,2026-08-21T01:52:35.579018+00:00,PASS,STALE,0.1.0
L1-001,2025-05-27,2.11,percent,FRED,DFII10,docs/phase2-ingestion/data/macro/raw/fred/DFII10-20260821T015235Z.json,dbaf1dee142b5509e1bf9302fb5280656ce6c577224707f82b80f876b57e2ee8,2026-08-21T01:52:35.579018+00:00,PASS,STALE,0.1.0
L1-001,2025-05-28,2.15,percent,FRED,DFII10,docs/phase2-ingestion/data/macro/raw/fred/DFII10-20260821T015235Z.json,dbaf1dee142b5509e1bf9302fb5280656ce6c577224707f82b80f876b57e2ee8,2026-08-21T01:52:35.579018+00:00,PASS,STALE,0.1.0
L1-001,2025-05-29,2.11,percent,FRED,DFII10,docs/phase2-ingestion/data/macro/raw/fred/DFII10-20260821T015235Z.json,dbaf1dee142b5509e1bf9302fb5280656ce6c577224707f82b80f876b57e2ee8,2026-08-21T01:52:35.579018+00:00,PASS,STALE,0.1.0
L1-001,2025-05-30,2.07,percent,FRED,DFII10,docs/phase2-ingestion/data/macro/raw/fred/DFII10-20260821T015235Z.json,dbaf1dee142b5509e1bf9302fb5280656ce6c577224707f82b80f876b57e2ee8,2026-08-21T01:52:35.579018+00:00,PASS,STALE,0.1.0
L1-001,2025-06-02,2.13,percent,FRED,DFII10,docs/phase2-ingestion/data/macro/raw/fred/DFII10-20260821T015235Z.json,dbaf1dee142b5509e1bf9302fb5280656ce6c577224707f82b80f876b57e2ee8,2026-08-21T01:52:35.579018+00:00,PASS,STALE,0.1.0
L1-001,2025-06-03,2.14,percent,FRED,DFII10,docs/phase2-ingestion/data/macro/raw/fred/DFII10-20260821T015235Z.json,dbaf1dee142b5509e1bf9302fb5280656ce6c577224707f82b80f876b57e2ee8,2026-08-21T01:52:35.579018+00:00,PASS,STALE,0.1.0
L1-001,2025-06-04,2.06,percent,FRED,DFII10,docs/phase2-ingestion/data/macro/raw/fred/DFII10-20260821T015235Z.json,dbaf1dee142b5509e1bf9302fb5280656ce6c577224707f82b80f876b57e2ee8,2026-08-21T01:52:35.579018+00:00,PASS,STALE,0.1.0
L1-001,2025-06-05,2.11,percent,FRED,DFII10,docs/phase2-ingestion/data/macro/raw/fred/DFII10-20260821T015235Z.json,dbaf1dee142b5509e1bf9302fb5280656ce6c577224707f82b80f876b57e2ee8,2026-08-21T01:52:35.579018+00:00,PASS,STALE,0.1.0
L1-001,2025-06-06,2.2,percent,FRED,DFII10,docs/phase2-ingestion/data/macro/raw/fred/DFII10-20260821T015235Z.json,dbaf1dee142b5509e1bf9302fb5280656ce6c577224707f82b80f876b57e2ee8,2026-08-21T01:52:35.579018+00:00,PASS,STALE,0.1.0
L1-001,2025-06-09,2.18,percent,FRED,DFII10,docs/phase2-ingestion/data/macro/raw/fred/DFII10-20260821T015235Z.json,dbaf1dee142b5509e1bf9302fb5280656ce6c577224707f82b80f876b57e2ee8,2026-08-21T01:52:35.579018+00:00,PASS,STALE,0.1.0
L1-001,2025-06-10,2.18,percent,FRED,DFII10,docs/phase2-ingestion/data/macro/raw/fred/DFII10-20260821T015235Z.json,dbaf1dee142b5509e1bf9302fb5280656ce6c577224707f82b80f876b57e2ee8,2026-08-21T01:52:35.579018+00:00,PASS,STALE,0.1.0
L1-001,2025-06-11,2.14,percent,FRED,DFII10,docs/phase2-ingestion/data/macro/raw/fred/DFII10-20260821T015235Z.json,dbaf1dee142b5509e1bf9302fb5280656ce6c577224707f82b80f876b57e2ee8,2026-08-21T01:52:35.579018+00:00,PASS,STALE,0.1.0
L1-001,2025-06-12,2.11,percent,FRED,DFII10,docs/phase2-ingestion/data/macro/raw/fred/DFII10-20260821T015235Z.json,dbaf1dee142b5509e1bf9302fb5280656ce6c577224707f82b80f876b57e2ee8,2026-08-21T01:52:35.579018+00:00,PASS,STALE,0.1.0
L1-001,2025-06-13,2.13,percent,FRED,DFII10,docs/phase2-ingestion/data/macro/raw/fred/DFII10-20260821T015235Z.json,dbaf1dee142b5509e1bf9302fb5280656ce6c577224707f82b80f876b57e2ee8,2026-08-21T01:52:35.579018+00:00,PASS,STALE,0.1.0
L1-001,2025-06-16,2.16,percent,FRED,DFII10,docs/phase2-ingestion/data/macro/raw/fred/DFII10-20260821T015235Z.json,dbaf1dee142b5509e1bf9302fb5280656ce6c577224707f82b80f876b57e2ee8,2026-08-21T01:52:35.579018+00:00,PASS,STALE,0.1.0
L1-001,2025-06-17,2.08,percent,FRED,DFII10,docs/phase2-ingestion/data/macro/raw/fred/DFII10-20260821T015235Z.json,dbaf1dee142b5509e1bf9302fb5280656ce6c577224707f82b80f876b57e2ee8,2026-08-21T01:52:35.579018+00:00,PASS,STALE,0.1.0
L1-001,2025-06-18,2.07,percent,FRED,DFII10,docs/phase2-ingestion/data/macro/raw/fred/DFII10-20260821T015235Z.json,dbaf1dee142b5509e1bf9302fb5280656ce6c577224707f82b80f876b57e2ee8,2026-08-21T01:52:35.579018+00:00,PASS,STALE,0.1.0
L1-001,2025-06-20,2.05,percent,FRED,DFII10,docs/phase2-ingestion/data/macro/raw/fred/DFII10-20260821T015235Z.json,dbaf1dee142b5509e1bf9302fb5280656ce6c577224707f82b80f876b57e2ee8,2026-08-21T01:52:35.579018+00:00,PASS,STALE,0.1.0
L1-001,2025-06-23,2.04,percent,FRED,DFII10,docs/phase2-ingestion/data/macro/raw/fred/DFII10-20260821T015235Z.json,dbaf1dee142b5509e1bf9302fb5280656ce6c577224707f82b80f876b57e2ee8,2026-08-21T01:52:35.579018+00:00,PASS,STALE,0.1.0
L1-001,2025-06-24,2.01,percent,FRED,DFII10,docs/phase2-ingestion/data/macro/raw/fred/DFII10-20260821T015235Z.json,dbaf1dee142b5509e1bf9302fb5280656ce6c577224707f82b80f876b57e2ee8,2026-08-21T01:52:35.579018+00:00,PASS,STALE,0.1.0
L1-001,2025-06-25,2.01,percent,FRED,DFII10,docs/phase2-ingestion/data/macro/raw/fred/DFII10-20260821T015235Z.json,dbaf1dee142b5509e1bf9302fb5280656ce6c577224707f82b80f876b57e2ee8,2026-08-21T01:52:35.579018+00:00,PASS,STALE,0.1.0
L1-001,2025-06-26,1.98,percent,FRED,DFII10,docs/phase2-ingestion/data/macro/raw/fred/DFII10-20260821T015235Z.json,dbaf1dee142b5509e1bf9302fb5280656ce6c577224707f82b80f876b57e2ee8,2026-08-21T01:52:35.579018+00:00,PASS,STALE,0.1.0
L1-001,2025-06-27,2.0,percent,FRED,DFII10,docs/phase2-ingestion/data/macro/raw/fred/DFII10-20260821T015235Z.json,dbaf1dee142b5509e1bf9302fb5280656ce6c577224707f82b80f876b57e2ee8,2026-08-21T01:52:35.579018+00:00,PASS,STALE,0.1.0
L1-001,2025-06-30,1.95,percent,FRED,DFII10,docs/phase2-ingestion/data/macro/raw/fred/DFII10-20260821T015235Z.json,dbaf1dee142b5509e1bf9302fb5280656ce6c577224707f82b80f876b57e2ee8,2026-08-21T01:52:35.579018+00:00,PASS,STALE,0.1.0
L1-001,2025-07-01,1.97,percent,FRED,DFII10,docs/phase2-ingestion/data/macro/raw/fred/DFII10-20260821T015235Z.json,dbaf1dee142b5509e1bf9302fb5280656ce6c577224707f82b80f876b57e2ee8,2026-08-21T01:52:35.579018+00:00,PASS,STALE,0.1.0
L1-001,2025-07-02,2.0,percent,FRED,DFII10,docs/phase2-ingestion/data/macro/raw/fred/DFII10-20260821T015235Z.json,dbaf1dee142b5509e1bf9302fb5280656ce6c577224707f82b80f876b57e2ee8,2026-08-21T01:52:35.579018+00:00,PASS,STALE,0.1.0
L1-001,2025-07-03,2.02,percent,FRED,DFII10,docs/phase2-ingestion/data/macro/raw/fred/DFII10-20260821T015235Z.json,dbaf1dee142b5509e1bf9302fb5280656ce6c577224707f82b80f876b57e2ee8,2026-08-21T01:52:35.579018+00:00,PASS,STALE,0.1.0
L1-001,2025-07-07,2.05,percent,FRED,DFII10,docs/phase2-ingestion/data/macro/raw/fred/DFII10-20260821T015235Z.json,dbaf1dee142b5509e1bf9302fb5280656ce6c577224707f82b80f876b57e2ee8,2026-08-21T01:52:35.579018+00:00,PASS,STALE,0.1.0
L1-001,2025-07-08,2.07,percent,FRED,DFII10,docs/phase2-ingestion/data/macro/raw/fred/DFII10-20260821T015235Z.json,dbaf1dee142b5509e1bf9302fb5280656ce6c577224707f82b80f876b57e2ee8,2026-08-21T01:52:35.579018+00:00,PASS,STALE,0.1.0
L1-001,2025-07-09,2.01,percent,FRED,DFII10,docs/phase2-ingestion/data/macro/raw/fred/DFII10-20260821T015235Z.json,dbaf1dee142b5509e1bf9302fb5280656ce6c577224707f82b80f876b57e2ee8,2026-08-21T01:52:35.579018+00:00,PASS,STALE,0.1.0
L1-001,2025-07-10,2.01,percent,FRED,DFII10,docs/phase2-ingestion/data/macro/raw/fred/DFII10-20260821T015235Z.json,dbaf1dee142b5509e1bf9302fb5280656ce6c577224707f82b80f876b57e2ee8,2026-08-21T01:52:35.579018+00:00,PASS,STALE,0.1.0
L1-001,2025-07-11,2.06,percent,FRED,DFII10,docs/phase2-ingestion/data/macro/raw/fred/DFII10-20260821T015235Z.json,dbaf1dee142b5509e1bf9302fb5280656ce6c577224707f82b80f876b57e2ee8,2026-08-21T01:52:35.579018+00:00,PASS,STALE,0.1.0
L1-001,2025-07-14,2.04,percent,FRED,DFII10,docs/phase2-ingestion/data/macro/raw/fred/DFII10-20260821T015235Z.json,dbaf1dee142b5509e1bf9302fb5280656ce6c577224707f82b80f876b57e2ee8,2026-08-21T01:52:35.579018+00:00,PASS,STALE,0.1.0
L1-001,2025-07-15,2.09,percent,FRED,DFII10,docs/phase2-ingestion/data/macro/raw/fred/DFII10-20260821T015235Z.json,dbaf1dee142b5509e1bf9302fb5280656ce6c577224707f82b80f876b57e2ee8,2026-08-21T01:52:35.579018+00:00,PASS,STALE,0.1.0
L1-001,2025-07-16,2.05,percent,FRED,DFII10,docs/phase2-ingestion/data/macro/raw/fred/DFII10-20260821T015235Z.json,dbaf1dee142b5509e1bf9302fb5280656ce6c577224707f82b80f876b57e2ee8,2026-08-21T01:52:35.579018+00:00,PASS,STALE,0.1.0
L1-001,2025-07-17,2.04,percent,FRED,DFII10,docs/phase2-ingestion/data/macro/raw/fred/DFII10-20260821T015235Z.json,dbaf1dee142b5509e1bf9302fb5280656ce6c577224707f82b80f876b57e2ee8,2026-08-21T01:52:35.579018+00:00,PASS,STALE,0.1.0
L1-001,2025-07-18,2.03,percent,FRED,DFII10,docs/phase2-ingestion/data/macro/raw/fred/DFII10-20260821T015235Z.json,dbaf1dee142b5509e1bf9302fb5280656ce6c577224707f82b80f876b57e2ee8,2026-08-21T01:52:35.579018+00:00,PASS,STALE,0.1.0
L1-001,2025-07-21,1.98,percent,FRED,DFII10,docs/phase2-ingestion/data/macro/raw/fred/DFII10-20260821T015235Z.json,dbaf1dee142b5509e1bf9302fb5280656ce6c577224707f82b80f876b57e2ee8,2026-08-21T01:52:35.579018+00:00,PASS,STALE,0.1.0
L1-001,2025-07-22,1.96,percent,FRED,DFII10,docs/phase2-ingestion/data/macro/raw/fred/DFII10-20260821T015235Z.json,dbaf1dee142b5509e1bf9302fb5280656ce6c577224707f82b80f876b57e2ee8,2026-08-21T01:52:35.579018+00:00,PASS,STALE,0.1.0
L1-001,2025-07-23,2.03,percent,FRED,DFII10,docs/phase2-ingestion/data/macro/raw/fred/DFII10-20260821T015235Z.json,dbaf1dee142b5509e1bf9302fb5280656ce6c577224707f82b80f876b57e2ee8,2026-08-21T01:52:35.579018+00:00,PASS,STALE,0.1.0
L1-001,2025-07-24,1.98,percent,FRED,DFII10,docs/phase2-ingestion/data/macro/raw/fred/DFII10-20260821T015235Z.json,dbaf1dee142b5509e1bf9302fb5280656ce6c577224707f82b80f876b57e2ee8,2026-08-21T01:52:35.579018+00:00,PASS,STALE,0.1.0
L1-001,2025-07-25,1.96,percent,FRED,DFII10,docs/phase2-ingestion/data/macro/raw/fred/DFII10-20260821T015235Z.json,dbaf1dee142b5509e1bf9302fb5280656ce6c577224707f82b80f876b57e2ee8,2026-08-21T01:52:35.579018+00:00,PASS,STALE,0.1.0
L1-001,2025-07-28,1.98,percent,FRED,DFII10,docs/phase2-ingestion/data/macro/raw/fred/DFII10-20260821T015235Z.json,dbaf1dee142b5509e1bf9302fb5280656ce6c577224707f82b80f876b57e2ee8,2026-08-21T01:52:35.579018+00:00,PASS,STALE,0.1.0
L1-001,2025-07-29,1.91,percent,FRED,DFII10,docs/phase2-ingestion/data/macro/raw/fred/DFII10-20260821T015235Z.json,dbaf1dee142b5509e1bf9302fb5280656ce6c577224707f82b80f876b57e2ee8,2026-08-21T01:52:35.579018+00:00,PASS,STALE,0.1.0
L1-001,2025-07-30,1.96,percent,FRED,DFII10,docs/phase2-ingestion/data/macro/raw/fred/DFII10-20260821T015235Z.json,dbaf1dee142b5509e1bf9302fb5280656ce6c577224707f82b80f876b57e2ee8,2026-08-21T01:52:35.579018+00:00,PASS,STALE,0.1.0
L1-001,2025-07-31,1.98,percent,FRED,DFII10,docs/phase2-ingestion/data/macro/raw/fred/DFII10-20260821T015235Z.json,dbaf1dee142b5509e1bf9302fb5280656ce6c577224707f82b80f876b57e2ee8,2026-08-21T01:52:35.579018+00:00,PASS,STALE,0.1.0
L1-001,2025-08-01,1.9,percent,FRED,DFII10,docs/phase2-ingestion/data/macro/raw/fred/DFII10-20260821T015235Z.json,dbaf1dee142b5509e1bf9302fb5280656ce6c577224707f82b80f876b57e2ee8,2026-08-21T01:52:35.579018+00:00,PASS,STALE,0.1.0
L1-001,2025-08-04,1.85,percent,FRED,DFII10,docs/phase2-ingestion/data/macro/raw/fred/DFII10-20260821T015235Z.json,dbaf1dee142b5509e1bf9302fb5280656ce6c577224707f82b80f876b57e2ee8,2026-08-21T01:52:35.579018+00:00,PASS,STALE,0.1.0
L1-001,2025-08-05,1.86,percent,FRED,DFII10,docs/phase2-ingestion/data/macro/raw/fred/DFII10-20260821T015235Z.json,dbaf1dee142b5509e1bf9302fb5280656ce6c577224707f82b80f876b57e2ee8,2026-08-21T01:52:35.579018+00:00,PASS,STALE,0.1.0
L1-001,2025-08-06,1.88,percent,FRED,DFII10,docs/phase2-ingestion/data/macro/raw/fred/DFII10-20260821T015235Z.json,dbaf1dee142b5509e1bf9302fb5280656ce6c577224707f82b80f876b57e2ee8,2026-08-21T01:52:35.579018+00:00,PASS,STALE,0.1.0
L1-001,2025-08-07,1.88,percent,FRED,DFII10,docs/phase2-ingestion/data/macro/raw/fred/DFII10-20260821T015235Z.json,dbaf1dee142b5509e1bf9302fb5280656ce6c577224707f82b80f876b57e2ee8,2026-08-21T01:52:35.579018+00:00,PASS,STALE,0.1.0
L1-001,2025-08-08,1.88,percent,FRED,DFII10,docs/phase2-ingestion/data/macro/raw/fred/DFII10-20260821T015235Z.json,dbaf1dee142b5509e1bf9302fb5280656ce6c577224707f82b80f876b57e2ee8,2026-08-21T01:52:35.579018+00:00,PASS,STALE,0.1.0
L1-001,2025-08-11,1.87,percent,FRED,DFII10,docs/phase2-ingestion/data/macro/raw/fred/DFII10-20260821T015235Z.json,dbaf1dee142b5509e1bf9302fb5280656ce6c577224707f82b80f876b57e2ee8,2026-08-21T01:52:35.579018+00:00,PASS,STALE,0.1.0
L1-001,2025-08-12,1.91,percent,FRED,DFII10,docs/phase2-ingestion/data/macro/raw/fred/DFII10-20260821T015235Z.json,dbaf1dee142b5509e1bf9302fb5280656ce6c577224707f82b80f876b57e2ee8,2026-08-21T01:52:35.579018+00:00,PASS,STALE,0.1.0
L1-001,2025-08-13,1.87,percent,FRED,DFII10,docs/phase2-ingestion/data/macro/raw/fred/DFII10-20260821T015235Z.json,dbaf1dee142b5509e1bf9302fb5280656ce6c577224707f82b80f876b57e2ee8,2026-08-21T01:52:35.579018+00:00,PASS,STALE,0.1.0
L1-001,2025-08-14,1.9,percent,FRED,DFII10,docs/phase2-ingestion/data/macro/raw/fred/DFII10-20260821T015235Z.json,dbaf1dee142b5509e1bf9302fb5280656ce6c577224707f82b80f876b57e2ee8,2026-08-21T01:52:35.579018+00:00,PASS,STALE,0.1.0
L1-001,2025-08-15,1.95,percent,FRED,DFII10,docs/phase2-ingestion/data/macro/raw/fred/DFII10-20260821T015235Z.json,dbaf1dee142b5509e1bf9302fb5280656ce6c577224707f82b80f876b57e2ee8,2026-08-21T01:52:35.579018+00:00,PASS,STALE,0.1.0
L1-001,2025-08-18,1.96,percent,FRED,DFII10,docs/phase2-ingestion/data/macro/raw/fred/DFII10-20260821T015235Z.json,dbaf1dee142b5509e1bf9302fb5280656ce6c577224707f82b80f876b57e2ee8,2026-08-21T01:52:35.579018+00:00,PASS,STALE,0.1.0
L1-001,2025-08-19,1.95,percent,FRED,DFII10,docs/phase2-ingestion/data/macro/raw/fred/DFII10-20260821T015235Z.json,dbaf1dee142b5509e1bf9302fb5280656ce6c577224707f82b80f876b57e2ee8,2026-08-21T01:52:35.579018+00:00,PASS,STALE,0.1.0
L1-001,2025-08-20,1.94,percent,FRED,DFII10,docs/phase2-ingestion/data/macro/raw/fred/DFII10-20260821T015235Z.json,dbaf1dee142b5509e1bf9302fb5280656ce6c577224707f82b80f876b57e2ee8,2026-08-21T01:52:35.579018+00:00,PASS,STALE,0.1.0
L1-001,2025-08-21,1.94,percent,FRED,DFII10,docs/phase2-ingestion/data/macro/raw/fred/DFII10-20260821T015235Z.json,dbaf1dee142b5509e1bf9302fb5280656ce6c577224707f82b80f876b57e2ee8,2026-08-21T01:52:35.579018+00:00,PASS,STALE,0.1.0
L1-001,2025-08-22,1.85,percent,FRED,DFII10,docs/phase2-ingestion/data/macro/raw/fred/DFII10-20260821T015235Z.json,dbaf1dee142b5509e1bf9302fb5280656ce6c577224707f82b80f876b57e2ee8,2026-08-21T01:52:35.579018+00:00,PASS,STALE,0.1.0
L1-001,2025-08-25,1.87,percent,FRED,DFII10,docs/phase2-ingestion/data/macro/raw/fred/DFII10-20260821T015235Z.json,dbaf1dee142b5509e1bf9302fb5280656ce6c577224707f82b80f876b57e2ee8,2026-08-21T01:52:35.579018+00:00,PASS,STALE,0.1.0
L1-001,2025-08-26,1.84,percent,FRED,DFII10,docs/phase2-ingestion/data/macro/raw/fred/DFII10-20260821T015235Z.json,dbaf1dee142b5509e1bf9302fb5280656ce6c577224707f82b80f876b57e2ee8,2026-08-21T01:52:35.579018+00:00,PASS,STALE,0.1.0
L1-001,2025-08-27,1.81,percent,FRED,DFII10,docs/phase2-ingestion/data/macro/raw/fred/DFII10-20260821T015235Z.json,dbaf1dee142b5509e1bf9302fb5280656ce6c577224707f82b80f876b57e2ee8,2026-08-21T01:52:35.579018+00:00,PASS,STALE,0.1.0
L1-001,2025-08-28,1.81,percent,FRED,DFII10,docs/phase2-ingestion/data/macro/raw/fred/DFII10-20260821T015235Z.json,dbaf1dee142b5509e1bf9302fb5280656ce6c577224707f82b80f876b57e2ee8,2026-08-21T01:52:35.579018+00:00,PASS,STALE,0.1.0
L1-001,2025-08-29,1.82,percent,FRED,DFII10,docs/phase2-ingestion/data/macro/raw/fred/DFII10-20260821T015235Z.json,dbaf1dee142b5509e1bf9302fb5280656ce6c577224707f82b80f876b57e2ee8,2026-08-21T01:52:35.579018+00:00,PASS,STALE,0.1.0
L1-001,2025-09-02,1.87,percent,FRED,DFII10,docs/phase2-ingestion/data/macro/raw/fred/DFII10-20260821T015235Z.json,dbaf1dee142b5509e1bf9302fb5280656ce6c577224707f82b80f876b57e2ee8,2026-08-21T01:52:35.579018+00:00,PASS,STALE,0.1.0
L1-001,2025-09-03,1.82,percent,FRED,DFII10,docs/phase2-ingestion/data/macro/raw/fred/DFII10-20260821T015235Z.json,dbaf1dee142b5509e1bf9302fb5280656ce6c577224707f82b80f876b57e2ee8,2026-08-21T01:52:35.579018+00:00,PASS,STALE,0.1.0
L1-001,2025-09-04,1.79,percent,FRED,DFII10,docs/phase2-ingestion/data/macro/raw/fred/DFII10-20260821T015235Z.json,dbaf1dee142b5509e1bf9302fb5280656ce6c577224707f82b80f876b57e2ee8,2026-08-21T01:52:35.579018+00:00,PASS,STALE,0.1.0
L1-001,2025-09-05,1.73,percent,FRED,DFII10,docs/phase2-ingestion/data/macro/raw/fred/DFII10-20260821T015235Z.json,dbaf1dee142b5509e1bf9302fb5280656ce6c577224707f82b80f876b57e2ee8,2026-08-21T01:52:35.579018+00:00,PASS,STALE,0.1.0
L1-001,2025-09-08,1.7,percent,FRED,DFII10,docs/phase2-ingestion/data/macro/raw/fred/DFII10-20260821T015235Z.json,dbaf1dee142b5509e1bf9302fb5280656ce6c577224707f82b80f876b57e2ee8,2026-08-21T01:52:35.579018+00:00,PASS,STALE,0.1.0
L1-001,2025-09-09,1.72,percent,FRED,DFII10,docs/phase2-ingestion/data/macro/raw/fred/DFII10-20260821T015235Z.json,dbaf1dee142b5509e1bf9302fb5280656ce6c577224707f82b80f876b57e2ee8,2026-08-21T01:52:35.579018+00:00,PASS,STALE,0.1.0
L1-001,2025-09-10,1.69,percent,FRED,DFII10,docs/phase2-ingestion/data/macro/raw/fred/DFII10-20260821T015235Z.json,dbaf1dee142b5509e1bf9302fb5280656ce6c577224707f82b80f876b57e2ee8,2026-08-21T01:52:35.579018+00:00,PASS,STALE,0.1.0
L1-001,2025-09-11,1.67,percent,FRED,DFII10,docs/phase2-ingestion/data/macro/raw/fred/DFII10-20260821T015235Z.json,dbaf1dee142b5509e1bf9302fb5280656ce6c577224707f82b80f876b57e2ee8,2026-08-21T01:52:35.579018+00:00,PASS,STALE,0.1.0
L1-001,2025-09-12,1.7,percent,FRED,DFII10,docs/phase2-ingestion/data/macro/raw/fred/DFII10-20260821T015235Z.json,dbaf1dee142b5509e1bf9302fb5280656ce6c577224707f82b80f876b57e2ee8,2026-08-21T01:52:35.579018+00:00,PASS,STALE,0.1.0
L1-001,2025-09-15,1.68,percent,FRED,DFII10,docs/phase2-ingestion/data/macro/raw/fred/DFII10-20260821T015235Z.json,dbaf1dee142b5509e1bf9302fb5280656ce6c577224707f82b80f876b57e2ee8,2026-08-21T01:52:35.579018+00:00,PASS,STALE,0.1.0
L1-001,2025-09-16,1.67,percent,FRED,DFII10,docs/phase2-ingestion/data/macro/raw/fred/DFII10-20260821T015235Z.json,dbaf1dee142b5509e1bf9302fb5280656ce6c577224707f82b80f876b57e2ee8,2026-08-21T01:52:35.579018+00:00,PASS,STALE,0.1.0
L1-001,2025-09-17,1.68,percent,FRED,DFII10,docs/phase2-ingestion/data/macro/raw/fred/DFII10-20260821T015235Z.json,dbaf1dee142b5509e1bf9302fb5280656ce6c577224707f82b80f876b57e2ee8,2026-08-21T01:52:35.579018+00:00,PASS,STALE,0.1.0
L1-001,2025-09-18,1.73,percent,FRED,DFII10,docs/phase2-ingestion/data/macro/raw/fred/DFII10-20260821T015235Z.json,dbaf1dee142b5509e1bf9302fb5280656ce6c577224707f82b80f876b57e2ee8,2026-08-21T01:52:35.579018+00:00,PASS,STALE,0.1.0
L1-001,2025-09-19,1.75,percent,FRED,DFII10,docs/phase2-ingestion/data/macro/raw/fred/DFII10-20260821T015235Z.json,dbaf1dee142b5509e1bf9302fb5280656ce6c577224707f82b80f876b57e2ee8,2026-08-21T01:52:35.579018+00:00,PASS,STALE,0.1.0
L1-001,2025-09-22,1.78,percent,FRED,DFII10,docs/phase2-ingestion/data/macro/raw/fred/DFII10-20260821T015235Z.json,dbaf1dee142b5509e1bf9302fb5280656ce6c577224707f82b80f876b57e2ee8,2026-08-21T01:52:35.579018+00:00,PASS,STALE,0.1.0
L1-001,2025-09-23,1.75,percent,FRED,DFII10,docs/phase2-ingestion/data/macro/raw/fred/DFII10-20260821T015235Z.json,dbaf1dee142b5509e1bf9302fb5280656ce6c577224707f82b80f876b57e2ee8,2026-08-21T01:52:35.579018+00:00,PASS,STALE,0.1.0
L1-001,2025-09-24,1.78,percent,FRED,DFII10,docs/phase2-ingestion/data/macro/raw/fred/DFII10-20260821T015235Z.json,dbaf1dee142b5509e1bf9302fb5280656ce6c577224707f82b80f876b57e2ee8,2026-08-21T01:52:35.579018+00:00,PASS,STALE,0.1.0
L1-001,2025-09-25,1.8,percent,FRED,DFII10,docs/phase2-ingestion/data/macro/raw/fred/DFII10-20260821T015235Z.json,dbaf1dee142b5509e1bf9302fb5280656ce6c577224707f82b80f876b57e2ee8,2026-08-21T01:52:35.579018+00:00,PASS,STALE,0.1.0
L1-001,2025-09-26,1.82,percent,FRED,DFII10,docs/phase2-ingestion/data/macro/raw/fred/DFII10-20260821T015235Z.json,dbaf1dee142b5509e1bf9302fb5280656ce6c577224707f82b80f876b57e2ee8,2026-08-21T01:52:35.579018+00:00,PASS,STALE,0.1.0
L1-001,2025-09-29,1.8,percent,FRED,DFII10,docs/phase2-ingestion/data/macro/raw/fred/DFII10-20260821T015235Z.json,dbaf1dee142b5509e1bf9302fb5280656ce6c577224707f82b80f876b57e2ee8,2026-08-21T01:52:35.579018+00:00,PASS,STALE,0.1.0
L1-001,2025-09-30,1.8,percent,FRED,DFII10,docs/phase2-ingestion/data/macro/raw/fred/DFII10-20260821T015235Z.json,dbaf1dee142b5509e1bf9302fb5280656ce6c577224707f82b80f876b57e2ee8,2026-08-21T01:52:35.579018+00:00,PASS,STALE,0.1.0
L1-001,2025-10-01,1.77,percent,FRED,DFII10,docs/phase2-ingestion/data/macro/raw/fred/DFII10-20260821T015235Z.json,dbaf1dee142b5509e1bf9302fb5280656ce6c577224707f82b80f876b57e2ee8,2026-08-21T01:52:35.579018+00:00,PASS,STALE,0.1.0
L1-001,2025-10-02,1.76,percent,FRED,DFII10,docs/phase2-ingestion/data/macro/raw/fred/DFII10-20260821T015235Z.json,dbaf1dee142b5509e1bf9302fb5280656ce6c577224707f82b80f876b57e2ee8,2026-08-21T01:52:35.579018+00:00,PASS,STALE,0.1.0
L1-001,2025-10-03,1.8,percent,FRED,DFII10,docs/phase2-ingestion/data/macro/raw/fred/DFII10-20260821T015235Z.json,dbaf1dee142b5509e1bf9302fb5280656ce6c577224707f82b80f876b57e2ee8,2026-08-21T01:52:35.579018+00:00,PASS,STALE,0.1.0
L1-001,2025-10-06,1.84,percent,FRED,DFII10,docs/phase2-ingestion/data/macro/raw/fred/DFII10-20260821T015235Z.json,dbaf1dee142b5509e1bf9302fb5280656ce6c577224707f82b80f876b57e2ee8,2026-08-21T01:52:35.579018+00:00,PASS,STALE,0.1.0
L1-001,2025-10-07,1.79,percent,FRED,DFII10,docs/phase2-ingestion/data/macro/raw/fred/DFII10-20260821T015235Z.json,dbaf1dee142b5509e1bf9302fb5280656ce6c577224707f82b80f876b57e2ee8,2026-08-21T01:52:35.579018+00:00,PASS,STALE,0.1.0
L1-001,2025-10-08,1.78,percent,FRED,DFII10,docs/phase2-ingestion/data/macro/raw/fred/DFII10-20260821T015235Z.json,dbaf1dee142b5509e1bf9302fb5280656ce6c577224707f82b80f876b57e2ee8,2026-08-21T01:52:35.579018+00:00,PASS,STALE,0.1.0
L1-001,2025-10-09,1.8,percent,FRED,DFII10,docs/phase2-ingestion/data/macro/raw/fred/DFII10-20260821T015235Z.json,dbaf1dee142b5509e1bf9302fb5280656ce6c577224707f82b80f876b57e2ee8,2026-08-21T01:52:35.579018+00:00,PASS,STALE,0.1.0
L1-001,2025-10-10,1.75,percent,FRED,DFII10,docs/phase2-ingestion/data/macro/raw/fred/DFII10-20260821T015235Z.json,dbaf1dee142b5509e1bf9302fb5280656ce6c577224707f82b80f876b57e2ee8,2026-08-21T01:52:35.579018+00:00,PASS,STALE,0.1.0
L1-001,2025-10-14,1.73,percent,FRED,DFII10,docs/phase2-ingestion/data/macro/raw/fred/DFII10-20260821T015235Z.json,dbaf1dee142b5509e1bf9302fb5280656ce6c577224707f82b80f876b57e2ee8,2026-08-21T01:52:35.579018+00:00,PASS,STALE,0.1.0
L1-001,2025-10-15,1.76,percent,FRED,DFII10,docs/phase2-ingestion/data/macro/raw/fred/DFII10-20260821T015235Z.json,dbaf1dee142b5509e1bf9302fb5280656ce6c577224707f82b80f876b57e2ee8,2026-08-21T01:52:35.579018+00:00,PASS,STALE,0.1.0
L1-001,2025-10-16,1.71,percent,FRED,DFII10,docs/phase2-ingestion/data/macro/raw/fred/DFII10-20260821T015235Z.json,dbaf1dee142b5509e1bf9302fb5280656ce6c577224707f82b80f876b57e2ee8,2026-08-21T01:52:35.579018+00:00,PASS,STALE,0.1.0
L1-001,2025-10-17,1.75,percent,FRED,DFII10,docs/phase2-ingestion/data/macro/raw/fred/DFII10-20260821T015235Z.json,dbaf1dee142b5509e1bf9302fb5280656ce6c577224707f82b80f876b57e2ee8,2026-08-21T01:52:35.579018+00:00,PASS,STALE,0.1.0
L1-001,2025-10-20,1.74,percent,FRED,DFII10,docs/phase2-ingestion/data/macro/raw/fred/DFII10-20260821T015235Z.json,dbaf1dee142b5509e1bf9302fb5280656ce6c577224707f82b80f876b57e2ee8,2026-08-21T01:52:35.579018+00:00,PASS,STALE,0.1.0
L1-001,2025-10-21,1.7,percent,FRED,DFII10,docs/phase2-ingestion/data/macro/raw/fred/DFII10-20260821T015235Z.json,dbaf1dee142b5509e1bf9302fb5280656ce6c577224707f82b80f876b57e2ee8,2026-08-21T01:52:35.579018+00:00,PASS,STALE,0.1.0
L1-001,2025-10-22,1.68,percent,FRED,DFII10,docs/phase2-ingestion/data/macro/raw/fred/DFII10-20260821T015235Z.json,dbaf1dee142b5509e1bf9302fb5280656ce6c577224707f82b80f876b57e2ee8,2026-08-21T01:52:35.579018+00:00,PASS,STALE,0.1.0
L1-001,2025-10-23,1.71,percent,FRED,DFII10,docs/phase2-ingestion/data/macro/raw/fred/DFII10-20260821T015235Z.json,dbaf1dee142b5509e1bf9302fb5280656ce6c577224707f82b80f876b57e2ee8,2026-08-21T01:52:35.579018+00:00,PASS,STALE,0.1.0
L1-001,2025-10-24,1.73,percent,FRED,DFII10,docs/phase2-ingestion/data/macro/raw/fred/DFII10-20260821T015235Z.json,dbaf1dee142b5509e1bf9302fb5280656ce6c577224707f82b80f876b57e2ee8,2026-08-21T01:52:35.579018+00:00,PASS,STALE,0.1.0
L1-001,2025-10-27,1.73,percent,FRED,DFII10,docs/phase2-ingestion/data/macro/raw/fred/DFII10-20260821T015235Z.json,dbaf1dee142b5509e1bf9302fb5280656ce6c577224707f82b80f876b57e2ee8,2026-08-21T01:52:35.579018+00:00,PASS,STALE,0.1.0
L1-001,2025-10-28,1.71,percent,FRED,DFII10,docs/phase2-ingestion/data/macro/raw/fred/DFII10-20260821T015235Z.json,dbaf1dee142b5509e1bf9302fb5280656ce6c577224707f82b80f876b57e2ee8,2026-08-21T01:52:35.579018+00:00,PASS,STALE,0.1.0
L1-001,2025-10-29,1.78,percent,FRED,DFII10,docs/phase2-ingestion/data/macro/raw/fred/DFII10-20260821T015235Z.json,dbaf1dee142b5509e1bf9302fb5280656ce6c577224707f82b80f876b57e2ee8,2026-08-21T01:52:35.579018+00:00,PASS,STALE,0.1.0
L1-001,2025-10-30,1.82,percent,FRED,DFII10,docs/phase2-ingestion/data/macro/raw/fred/DFII10-20260821T015235Z.json,dbaf1dee142b5509e1bf9302fb5280656ce6c577224707f82b80f876b57e2ee8,2026-08-21T01:52:35.579018+00:00,PASS,STALE,0.1.0
L1-001,2025-10-31,1.81,percent,FRED,DFII10,docs/phase2-ingestion/data/macro/raw/fred/DFII10-20260821T015235Z.json,dbaf1dee142b5509e1bf9302fb5280656ce6c577224707f82b80f876b57e2ee8,2026-08-21T01:52:35.579018+00:00,PASS,STALE,0.1.0
L1-001,2025-11-03,1.82,percent,FRED,DFII10,docs/phase2-ingestion/data/macro/raw/fred/DFII10-20260821T015235Z.json,dbaf1dee142b5509e1bf9302fb5280656ce6c577224707f82b80f876b57e2ee8,2026-08-21T01:52:35.579018+00:00,PASS,STALE,0.1.0
L1-001,2025-11-04,1.81,percent,FRED,DFII10,docs/phase2-ingestion/data/macro/raw/fred/DFII10-20260821T015235Z.json,dbaf1dee142b5509e1bf9302fb5280656ce6c577224707f82b80f876b57e2ee8,2026-08-21T01:52:35.579018+00:00,PASS,STALE,0.1.0
L1-001,2025-11-05,1.87,percent,FRED,DFII10,docs/phase2-ingestion/data/macro/raw/fred/DFII10-20260821T015235Z.json,dbaf1dee142b5509e1bf9302fb5280656ce6c577224707f82b80f876b57e2ee8,2026-08-21T01:52:35.579018+00:00,PASS,STALE,0.1.0
L1-001,2025-11-06,1.83,percent,FRED,DFII10,docs/phase2-ingestion/data/macro/raw/fred/DFII10-20260821T015235Z.json,dbaf1dee142b5509e1bf9302fb5280656ce6c577224707f82b80f876b57e2ee8,2026-08-21T01:52:35.579018+00:00,PASS,STALE,0.1.0
L1-001,2025-11-07,1.83,percent,FRED,DFII10,docs/phase2-ingestion/data/macro/raw/fred/DFII10-20260821T015235Z.json,dbaf1dee142b5509e1bf9302fb5280656ce6c577224707f82b80f876b57e2ee8,2026-08-21T01:52:35.579018+00:00,PASS,STALE,0.1.0
L1-001,2025-11-10,1.84,percent,FRED,DFII10,docs/phase2-ingestion/data/macro/raw/fred/DFII10-20260821T015235Z.json,dbaf1dee142b5509e1bf9302fb5280656ce6c577224707f82b80f876b57e2ee8,2026-08-21T01:52:35.579018+00:00,PASS,STALE,0.1.0
L1-001,2025-11-12,1.81,percent,FRED,DFII10,docs/phase2-ingestion/data/macro/raw/fred/DFII10-20260821T015235Z.json,dbaf1dee142b5509e1bf9302fb5280656ce6c577224707f82b80f876b57e2ee8,2026-08-21T01:52:35.579018+00:00,PASS,STALE,0.1.0
L1-001,2025-11-13,1.83,percent,FRED,DFII10,docs/phase2-ingestion/data/macro/raw/fred/DFII10-20260821T015235Z.json,dbaf1dee142b5509e1bf9302fb5280656ce6c577224707f82b80f876b57e2ee8,2026-08-21T01:52:35.579018+00:00,PASS,STALE,0.1.0
L1-001,2025-11-14,1.86,percent,FRED,DFII10,docs/phase2-ingestion/data/macro/raw/fred/DFII10-20260821T015235Z.json,dbaf1dee142b5509e1bf9302fb5280656ce6c577224707f82b80f876b57e2ee8,2026-08-21T01:52:35.579018+00:00,PASS,STALE,0.1.0
L1-001,2025-11-17,1.85,percent,FRED,DFII10,docs/phase2-ingestion/data/macro/raw/fred/DFII10-20260821T015235Z.json,dbaf1dee142b5509e1bf9302fb5280656ce6c577224707f82b80f876b57e2ee8,2026-08-21T01:52:35.579018+00:00,PASS,STALE,0.1.0
L1-001,2025-11-18,1.85,percent,FRED,DFII10,docs/phase2-ingestion/data/macro/raw/fred/DFII10-20260821T015235Z.json,dbaf1dee142b5509e1bf9302fb5280656ce6c577224707f82b80f876b57e2ee8,2026-08-21T01:52:35.579018+00:00,PASS,STALE,0.1.0
L1-001,2025-11-19,1.86,percent,FRED,DFII10,docs/phase2-ingestion/data/macro/raw/fred/DFII10-20260821T015235Z.json,dbaf1dee142b5509e1bf9302fb5280656ce6c577224707f82b80f876b57e2ee8,2026-08-21T01:52:35.579018+00:00,PASS,STALE,0.1.0
L1-001,2025-11-20,1.86,percent,FRED,DFII10,docs/phase2-ingestion/data/macro/raw/fred/DFII10-20260821T015235Z.json,dbaf1dee142b5509e1bf9302fb5280656ce6c577224707f82b80f876b57e2ee8,2026-08-21T01:52:35.579018+00:00,PASS,STALE,0.1.0
L1-001,2025-11-21,1.82,percent,FRED,DFII10,docs/phase2-ingestion/data/macro/raw/fred/DFII10-20260821T015235Z.json,dbaf1dee142b5509e1bf9302fb5280656ce6c577224707f82b80f876b57e2ee8,2026-08-21T01:52:35.579018+00:00,PASS,STALE,0.1.0
L1-001,2025-11-24,1.81,percent,FRED,DFII10,docs/phase2-ingestion/data/macro/raw/fred/DFII10-20260821T015235Z.json,dbaf1dee142b5509e1bf9302fb5280656ce6c577224707f82b80f876b57e2ee8,2026-08-21T01:52:35.579018+00:00,PASS,STALE,0.1.0
L1-001,2025-11-25,1.79,percent,FRED,DFII10,docs/phase2-ingestion/data/macro/raw/fred/DFII10-20260821T015235Z.json,dbaf1dee142b5509e1bf9302fb5280656ce6c577224707f82b80f876b57e2ee8,2026-08-21T01:52:35.579018+00:00,PASS,STALE,0.1.0
L1-001,2025-11-26,1.77,percent,FRED,DFII10,docs/phase2-ingestion/data/macro/raw/fred/DFII10-20260821T015235Z.json,dbaf1dee142b5509e1bf9302fb5280656ce6c577224707f82b80f876b57e2ee8,2026-08-21T01:52:35.579018+00:00,PASS,STALE,0.1.0
L1-001,2025-11-28,1.79,percent,FRED,DFII10,docs/phase2-ingestion/data/macro/raw/fred/DFII10-20260821T015235Z.json,dbaf1dee142b5509e1bf9302fb5280656ce6c577224707f82b80f876b57e2ee8,2026-08-21T01:52:35.579018+00:00,PASS,STALE,0.1.0
L1-001,2025-12-01,1.85,percent,FRED,DFII10,docs/phase2-ingestion/data/macro/raw/fred/DFII10-20260821T015235Z.json,dbaf1dee142b5509e1bf9302fb5280656ce6c577224707f82b80f876b57e2ee8,2026-08-21T01:52:35.579018+00:00,PASS,STALE,0.1.0
L1-001,2025-12-02,1.85,percent,FRED,DFII10,docs/phase2-ingestion/data/macro/raw/fred/DFII10-20260821T015235Z.json,dbaf1dee142b5509e1bf9302fb5280656ce6c577224707f82b80f876b57e2ee8,2026-08-21T01:52:35.579018+00:00,PASS,STALE,0.1.0
L1-001,2025-12-03,1.82,percent,FRED,DFII10,docs/phase2-ingestion/data/macro/raw/fred/DFII10-20260821T015235Z.json,dbaf1dee142b5509e1bf9302fb5280656ce6c577224707f82b80f876b57e2ee8,2026-08-21T01:52:35.579018+00:00,PASS,STALE,0.1.0
L1-001,2025-12-04,1.85,percent,FRED,DFII10,docs/phase2-ingestion/data/macro/raw/fred/DFII10-20260821T015235Z.json,dbaf1dee142b5509e1bf9302fb5280656ce6c577224707f82b80f876b57e2ee8,2026-08-21T01:52:35.579018+00:00,PASS,STALE,0.1.0
L1-001,2025-12-05,1.88,percent,FRED,DFII10,docs/phase2-ingestion/data/macro/raw/fred/DFII10-20260821T015235Z.json,dbaf1dee142b5509e1bf9302fb5280656ce6c577224707f82b80f876b57e2ee8,2026-08-21T01:52:35.579018+00:00,PASS,STALE,0.1.0
L1-001,2025-12-08,1.91,percent,FRED,DFII10,docs/phase2-ingestion/data/macro/raw/fred/DFII10-20260821T015235Z.json,dbaf1dee142b5509e1bf9302fb5280656ce6c577224707f82b80f876b57e2ee8,2026-08-21T01:52:35.579018+00:00,PASS,STALE,0.1.0
L1-001,2025-12-09,1.92,percent,FRED,DFII10,docs/phase2-ingestion/data/macro/raw/fred/DFII10-20260821T015235Z.json,dbaf1dee142b5509e1bf9302fb5280656ce6c577224707f82b80f876b57e2ee8,2026-08-21T01:52:35.579018+00:00,PASS,STALE,0.1.0
L1-001,2025-12-10,1.88,percent,FRED,DFII10,docs/phase2-ingestion/data/macro/raw/fred/DFII10-20260821T015235Z.json,dbaf1dee142b5509e1bf9302fb5280656ce6c577224707f82b80f876b57e2ee8,2026-08-21T01:52:35.579018+00:00,PASS,STALE,0.1.0
L1-001,2025-12-11,1.89,percent,FRED,DFII10,docs/phase2-ingestion/data/macro/raw/fred/DFII10-20260821T015235Z.json,dbaf1dee142b5509e1bf9302fb5280656ce6c577224707f82b80f876b57e2ee8,2026-08-21T01:52:35.579018+00:00,PASS,STALE,0.1.0
L1-001,2025-12-12,1.93,percent,FRED,DFII10,docs/phase2-ingestion/data/macro/raw/fred/DFII10-20260821T015235Z.json,dbaf1dee142b5509e1bf9302fb5280656ce6c577224707f82b80f876b57e2ee8,2026-08-21T01:52:35.579018+00:00,PASS,STALE,0.1.0
L1-001,2025-12-15,1.93,percent,FRED,DFII10,docs/phase2-ingestion/data/macro/raw/fred/DFII10-20260821T015235Z.json,dbaf1dee142b5509e1bf9302fb5280656ce6c577224707f82b80f876b57e2ee8,2026-08-21T01:52:35.579018+00:00,PASS,STALE,0.1.0
L1-001,2025-12-16,1.92,percent,FRED,DFII10,docs/phase2-ingestion/data/macro/raw/fred/DFII10-20260821T015235Z.json,dbaf1dee142b5509e1bf9302fb5280656ce6c577224707f82b80f876b57e2ee8,2026-08-21T01:52:35.579018+00:00,PASS,STALE,0.1.0
L1-001,2025-12-17,1.92,percent,FRED,DFII10,docs/phase2-ingestion/data/macro/raw/fred/DFII10-20260821T015235Z.json,dbaf1dee142b5509e1bf9302fb5280656ce6c577224707f82b80f876b57e2ee8,2026-08-21T01:52:35.579018+00:00,PASS,STALE,0.1.0
L1-001,2025-12-18,1.88,percent,FRED,DFII10,docs/phase2-ingestion/data/macro/raw/fred/DFII10-20260821T015235Z.json,dbaf1dee142b5509e1bf9302fb5280656ce6c577224707f82b80f876b57e2ee8,2026-08-21T01:52:35.579018+00:00,PASS,STALE,0.1.0
L1-001,2025-12-19,1.92,percent,FRED,DFII10,docs/phase2-ingestion/data/macro/raw/fred/DFII10-20260821T015235Z.json,dbaf1dee142b5509e1bf9302fb5280656ce6c577224707f82b80f876b57e2ee8,2026-08-21T01:52:35.579018+00:00,PASS,STALE,0.1.0
L1-001,2025-12-22,1.94,percent,FRED,DFII10,docs/phase2-ingestion/data/macro/raw/fred/DFII10-20260821T015235Z.json,dbaf1dee142b5509e1bf9302fb5280656ce6c577224707f82b80f876b57e2ee8,2026-08-21T01:52:35.579018+00:00,PASS,STALE,0.1.0
L1-001,2025-12-23,1.94,percent,FRED,DFII10,docs/phase2-ingestion/data/macro/raw/fred/DFII10-20260821T015235Z.json,dbaf1dee142b5509e1bf9302fb5280656ce6c577224707f82b80f876b57e2ee8,2026-08-21T01:52:35.579018+00:00,PASS,STALE,0.1.0
L1-001,2025-12-24,1.91,percent,FRED,DFII10,docs/phase2-ingestion/data/macro/raw/fred/DFII10-20260821T015235Z.json,dbaf1dee142b5509e1bf9302fb5280656ce6c577224707f82b80f876b57e2ee8,2026-08-21T01:52:35.579018+00:00,PASS,STALE,0.1.0
L1-001,2025-12-26,1.91,percent,FRED,DFII10,docs/phase2-ingestion/data/macro/raw/fred/DFII10-20260821T015235Z.json,dbaf1dee142b5509e1bf9302fb5280656ce6c577224707f82b80f876b57e2ee8,2026-08-21T01:52:35.579018+00:00,PASS,STALE,0.1.0
L1-001,2025-12-29,1.9,percent,FRED,DFII10,docs/phase2-ingestion/data/macro/raw/fred/DFII10-20260821T015235Z.json,dbaf1dee142b5509e1bf9302fb5280656ce6c577224707f82b80f876b57e2ee8,2026-08-21T01:52:35.579018+00:00,PASS,STALE,0.1.0
L1-001,2025-12-30,1.9,percent,FRED,DFII10,docs/phase2-ingestion/data/macro/raw/fred/DFII10-20260821T015235Z.json,dbaf1dee142b5509e1bf9302fb5280656ce6c577224707f82b80f876b57e2ee8,2026-08-21T01:52:35.579018+00:00,PASS,STALE,0.1.0
L1-001,2025-12-31,1.93,percent,FRED,DFII10,docs/phase2-ingestion/data/macro/raw/fred/DFII10-20260821T015235Z.json,dbaf1dee142b5509e1bf9302fb5280656ce6c577224707f82b80f876b57e2ee8,2026-08-21T01:52:35.579018+00:00,PASS,STALE,0.1.0
L1-001,2026-01-02,1.94,percent,FRED,DFII10,docs/phase2-ingestion/data/macro/raw/fred/DFII10-20260821T015235Z.json,dbaf1dee142b5509e1bf9302fb5280656ce6c577224707f82b80f876b57e2ee8,2026-08-21T01:52:35.579018+00:00,PASS,STALE,0.1.0
L1-001,2026-01-05,1.91,percent,FRED,DFII10,docs/phase2-ingestion/data/macro/raw/fred/DFII10-20260821T015235Z.json,dbaf1dee142b5509e1bf9302fb5280656ce6c577224707f82b80f876b57e2ee8,2026-08-21T01:52:35.579018+00:00,PASS,STALE,0.1.0
L1-001,2026-01-06,1.91,percent,FRED,DFII10,docs/phase2-ingestion/data/macro/raw/fred/DFII10-20260821T015235Z.json,dbaf1dee142b5509e1bf9302fb5280656ce6c577224707f82b80f876b57e2ee8,2026-08-21T01:52:35.579018+00:00,PASS,STALE,0.1.0
L1-001,2026-01-07,1.88,percent,FRED,DFII10,docs/phase2-ingestion/data/macro/raw/fred/DFII10-20260821T015235Z.json,dbaf1dee142b5509e1bf9302fb5280656ce6c577224707f82b80f876b57e2ee8,2026-08-21T01:52:35.579018+00:00,PASS,STALE,0.1.0
L1-001,2026-01-08,1.92,percent,FRED,DFII10,docs/phase2-ingestion/data/macro/raw/fred/DFII10-20260821T015235Z.json,dbaf1dee142b5509e1bf9302fb5280656ce6c577224707f82b80f876b57e2ee8,2026-08-21T01:52:35.579018+00:00,PASS,STALE,0.1.0
L1-001,2026-01-09,1.9,percent,FRED,DFII10,docs/phase2-ingestion/data/macro/raw/fred/DFII10-20260821T015235Z.json,dbaf1dee142b5509e1bf9302fb5280656ce6c577224707f82b80f876b57e2ee8,2026-08-21T01:52:35.579018+00:00,PASS,STALE,0.1.0
L1-001,2026-01-12,1.9,percent,FRED,DFII10,docs/phase2-ingestion/data/macro/raw/fred/DFII10-20260821T015235Z.json,dbaf1dee142b5509e1bf9302fb5280656ce6c577224707f82b80f876b57e2ee8,2026-08-21T01:52:35.579018+00:00,PASS,STALE,0.1.0
L1-001,2026-01-13,1.88,percent,FRED,DFII10,docs/phase2-ingestion/data/macro/raw/fred/DFII10-20260821T015235Z.json,dbaf1dee142b5509e1bf9302fb5280656ce6c577224707f82b80f876b57e2ee8,2026-08-21T01:52:35.579018+00:00,PASS,STALE,0.1.0
L1-001,2026-01-14,1.86,percent,FRED,DFII10,docs/phase2-ingestion/data/macro/raw/fred/DFII10-20260821T015235Z.json,dbaf1dee142b5509e1bf9302fb5280656ce6c577224707f82b80f876b57e2ee8,2026-08-21T01:52:35.579018+00:00,PASS,STALE,0.1.0
L1-001,2026-01-15,1.88,percent,FRED,DFII10,docs/phase2-ingestion/data/macro/raw/fred/DFII10-20260821T015235Z.json,dbaf1dee142b5509e1bf9302fb5280656ce6c577224707f82b80f876b57e2ee8,2026-08-21T01:52:35.579018+00:00,PASS,STALE,0.1.0
L1-001,2026-01-16,1.91,percent,FRED,DFII10,docs/phase2-ingestion/data/macro/raw/fred/DFII10-20260821T015235Z.json,dbaf1dee142b5509e1bf9302fb5280656ce6c577224707f82b80f876b57e2ee8,2026-08-21T01:52:35.579018+00:00,PASS,STALE,0.1.0
L1-001,2026-01-20,1.97,percent,FRED,DFII10,docs/phase2-ingestion/data/macro/raw/fred/DFII10-20260821T015235Z.json,dbaf1dee142b5509e1bf9302fb5280656ce6c577224707f82b80f876b57e2ee8,2026-08-21T01:52:35.579018+00:00,PASS,STALE,0.1.0
L1-001,2026-01-21,1.92,percent,FRED,DFII10,docs/phase2-ingestion/data/macro/raw/fred/DFII10-20260821T015235Z.json,dbaf1dee142b5509e1bf9302fb5280656ce6c577224707f82b80f876b57e2ee8,2026-08-21T01:52:35.579018+00:00,PASS,STALE,0.1.0
L1-001,2026-01-22,1.95,percent,FRED,DFII10,docs/phase2-ingestion/data/macro/raw/fred/DFII10-20260821T015235Z.json,dbaf1dee142b5509e1bf9302fb5280656ce6c577224707f82b80f876b57e2ee8,2026-08-21T01:52:35.579018+00:00,PASS,STALE,0.1.0
L1-001,2026-01-23,1.92,percent,FRED,DFII10,docs/phase2-ingestion/data/macro/raw/fred/DFII10-20260821T015235Z.json,dbaf1dee142b5509e1bf9302fb5280656ce6c577224707f82b80f876b57e2ee8,2026-08-21T01:52:35.579018+00:00,PASS,STALE,0.1.0
L1-001,2026-01-26,1.9,percent,FRED,DFII10,docs/phase2-ingestion/data/macro/raw/fred/DFII10-20260821T015235Z.json,dbaf1dee142b5509e1bf9302fb5280656ce6c577224707f82b80f876b57e2ee8,2026-08-21T01:52:35.579018+00:00,PASS,STALE,0.1.0
L1-001,2026-01-27,1.9,percent,FRED,DFII10,docs/phase2-ingestion/data/macro/raw/fred/DFII10-20260821T015235Z.json,dbaf1dee142b5509e1bf9302fb5280656ce6c577224707f82b80f876b57e2ee8,2026-08-21T01:52:35.579018+00:00,PASS,STALE,0.1.0
L1-001,2026-01-28,1.9,percent,FRED,DFII10,docs/phase2-ingestion/data/macro/raw/fred/DFII10-20260821T015235Z.json,dbaf1dee142b5509e1bf9302fb5280656ce6c577224707f82b80f876b57e2ee8,2026-08-21T01:52:35.579018+00:00,PASS,STALE,0.1.0
L1-001,2026-01-29,1.89,percent,FRED,DFII10,docs/phase2-ingestion/data/macro/raw/fred/DFII10-20260821T015235Z.json,dbaf1dee142b5509e1bf9302fb5280656ce6c577224707f82b80f876b57e2ee8,2026-08-21T01:52:35.579018+00:00,PASS,STALE,0.1.0
L1-001,2026-01-30,1.9,percent,FRED,DFII10,docs/phase2-ingestion/data/macro/raw/fred/DFII10-20260821T015235Z.json,dbaf1dee142b5509e1bf9302fb5280656ce6c577224707f82b80f876b57e2ee8,2026-08-21T01:52:35.579018+00:00,PASS,STALE,0.1.0
L1-001,2026-02-02,1.94,percent,FRED,DFII10,docs/phase2-ingestion/data/macro/raw/fred/DFII10-20260821T015235Z.json,dbaf1dee142b5509e1bf9302fb5280656ce6c577224707f82b80f876b57e2ee8,2026-08-21T01:52:35.579018+00:00,PASS,STALE,0.1.0
L1-001,2026-02-03,1.92,percent,FRED,DFII10,docs/phase2-ingestion/data/macro/raw/fred/DFII10-20260821T015235Z.json,dbaf1dee142b5509e1bf9302fb5280656ce6c577224707f82b80f876b57e2ee8,2026-08-21T01:52:35.579018+00:00,PASS,STALE,0.1.0
L1-001,2026-02-04,1.94,percent,FRED,DFII10,docs/phase2-ingestion/data/macro/raw/fred/DFII10-20260821T015235Z.json,dbaf1dee142b5509e1bf9302fb5280656ce6c577224707f82b80f876b57e2ee8,2026-08-21T01:52:35.579018+00:00,PASS,STALE,0.1.0
L1-001,2026-02-05,1.89,percent,FRED,DFII10,docs/phase2-ingestion/data/macro/raw/fred/DFII10-20260821T015235Z.json,dbaf1dee142b5509e1bf9302fb5280656ce6c577224707f82b80f876b57e2ee8,2026-08-21T01:52:35.579018+00:00,PASS,STALE,0.1.0
L1-001,2026-02-06,1.88,percent,FRED,DFII10,docs/phase2-ingestion/data/macro/raw/fred/DFII10-20260821T015235Z.json,dbaf1dee142b5509e1bf9302fb5280656ce6c577224707f82b80f876b57e2ee8,2026-08-21T01:52:35.579018+00:00,PASS,STALE,0.1.0
L1-001,2026-02-09,1.87,percent,FRED,DFII10,docs/phase2-ingestion/data/macro/raw/fred/DFII10-20260821T015235Z.json,dbaf1dee142b5509e1bf9302fb5280656ce6c577224707f82b80f876b57e2ee8,2026-08-21T01:52:35.579018+00:00,PASS,STALE,0.1.0
L1-001,2026-02-10,1.84,percent,FRED,DFII10,docs/phase2-ingestion/data/macro/raw/fred/DFII10-20260821T015235Z.json,dbaf1dee142b5509e1bf9302fb5280656ce6c577224707f82b80f876b57e2ee8,2026-08-21T01:52:35.579018+00:00,PASS,STALE,0.1.0
L1-001,2026-02-11,1.86,percent,FRED,DFII10,docs/phase2-ingestion/data/macro/raw/fred/DFII10-20260821T015235Z.json,dbaf1dee142b5509e1bf9302fb5280656ce6c577224707f82b80f876b57e2ee8,2026-08-21T01:52:35.579018+00:00,PASS,STALE,0.1.0
L1-001,2026-02-12,1.8,percent,FRED,DFII10,docs/phase2-ingestion/data/macro/raw/fred/DFII10-20260821T015235Z.json,dbaf1dee142b5509e1bf9302fb5280656ce6c577224707f82b80f876b57e2ee8,2026-08-21T01:52:35.579018+00:00,PASS,STALE,0.1.0
L1-001,2026-02-13,1.77,percent,FRED,DFII10,docs/phase2-ingestion/data/macro/raw/fred/DFII10-20260821T015235Z.json,dbaf1dee142b5509e1bf9302fb5280656ce6c577224707f82b80f876b57e2ee8,2026-08-21T01:52:35.579018+00:00,PASS,STALE,0.1.0
L1-001,2026-02-17,1.79,percent,FRED,DFII10,docs/phase2-ingestion/data/macro/raw/fred/DFII10-20260821T015235Z.json,dbaf1dee142b5509e1bf9302fb5280656ce6c577224707f82b80f876b57e2ee8,2026-08-21T01:52:35.579018+00:00,PASS,STALE,0.1.0
L1-001,2026-02-18,1.8,percent,FRED,DFII10,docs/phase2-ingestion/data/macro/raw/fred/DFII10-20260821T015235Z.json,dbaf1dee142b5509e1bf9302fb5280656ce6c577224707f82b80f876b57e2ee8,2026-08-21T01:52:35.579018+00:00,PASS,STALE,0.1.0
L1-001,2026-02-19,1.79,percent,FRED,DFII10,docs/phase2-ingestion/data/macro/raw/fred/DFII10-20260821T015235Z.json,dbaf1dee142b5509e1bf9302fb5280656ce6c577224707f82b80f876b57e2ee8,2026-08-21T01:52:35.579018+00:00,PASS,STALE,0.1.0
L1-001,2026-02-20,1.8,percent,FRED,DFII10,docs/phase2-ingestion/data/macro/raw/fred/DFII10-20260821T015235Z.json,dbaf1dee142b5509e1bf9302fb5280656ce6c577224707f82b80f876b57e2ee8,2026-08-21T01:52:35.579018+00:00,PASS,STALE,0.1.0
L1-001,2026-02-23,1.77,percent,FRED,DFII10,docs/phase2-ingestion/data/macro/raw/fred/DFII10-20260821T015235Z.json,dbaf1dee142b5509e1bf9302fb5280656ce6c577224707f82b80f876b57e2ee8,2026-08-21T01:52:35.579018+00:00,PASS,STALE,0.1.0
L1-001,2026-02-24,1.78,percent,FRED,DFII10,docs/phase2-ingestion/data/macro/raw/fred/DFII10-20260821T015235Z.json,dbaf1dee142b5509e1bf9302fb5280656ce6c577224707f82b80f876b57e2ee8,2026-08-21T01:52:35.579018+00:00,PASS,STALE,0.1.0
L1-001,2026-02-25,1.77,percent,FRED,DFII10,docs/phase2-ingestion/data/macro/raw/fred/DFII10-20260821T015235Z.json,dbaf1dee142b5509e1bf9302fb5280656ce6c577224707f82b80f876b57e2ee8,2026-08-21T01:52:35.579018+00:00,PASS,STALE,0.1.0
L1-001,2026-02-26,1.74,percent,FRED,DFII10,docs/phase2-ingestion/data/macro/raw/fred/DFII10-20260821T015235Z.json,dbaf1dee142b5509e1bf9302fb5280656ce6c577224707f82b80f876b57e2ee8,2026-08-21T01:52:35.579018+00:00,PASS,STALE,0.1.0
L1-001,2026-02-27,1.72,percent,FRED,DFII10,docs/phase2-ingestion/data/macro/raw/fred/DFII10-20260821T015235Z.json,dbaf1dee142b5509e1bf9302fb5280656ce6c577224707f82b80f876b57e2ee8,2026-08-21T01:52:35.579018+00:00,PASS,STALE,0.1.0
L1-001,2026-03-02,1.76,percent,FRED,DFII10,docs/phase2-ingestion/data/macro/raw/fred/DFII10-20260821T015235Z.json,dbaf1dee142b5509e1bf9302fb5280656ce6c577224707f82b80f876b57e2ee8,2026-08-21T01:52:35.579018+00:00,PASS,STALE,0.1.0
L1-001,2026-03-03,1.77,percent,FRED,DFII10,docs/phase2-ingestion/data/macro/raw/fred/DFII10-20260821T015235Z.json,dbaf1dee142b5509e1bf9302fb5280656ce6c577224707f82b80f876b57e2ee8,2026-08-21T01:52:35.579018+00:00,PASS,STALE,0.1.0
L1-001,2026-03-04,1.8,percent,FRED,DFII10,docs/phase2-ingestion/data/macro/raw/fred/DFII10-20260821T015235Z.json,dbaf1dee142b5509e1bf9302fb5280656ce6c577224707f82b80f876b57e2ee8,2026-08-21T01:52:35.579018+00:00,PASS,STALE,0.1.0
L1-001,2026-03-05,1.82,percent,FRED,DFII10,docs/phase2-ingestion/data/macro/raw/fred/DFII10-20260821T015235Z.json,dbaf1dee142b5509e1bf9302fb5280656ce6c577224707f82b80f876b57e2ee8,2026-08-21T01:52:35.579018+00:00,PASS,STALE,0.1.0
L1-001,2026-03-06,1.8,percent,FRED,DFII10,docs/phase2-ingestion/data/macro/raw/fred/DFII10-20260821T015235Z.json,dbaf1dee142b5509e1bf9302fb5280656ce6c577224707f82b80f876b57e2ee8,2026-08-21T01:52:35.579018+00:00,PASS,STALE,0.1.0
L1-001,2026-03-09,1.78,percent,FRED,DFII10,docs/phase2-ingestion/data/macro/raw/fred/DFII10-20260821T015235Z.json,dbaf1dee142b5509e1bf9302fb5280656ce6c577224707f82b80f876b57e2ee8,2026-08-21T01:52:35.579018+00:00,PASS,STALE,0.1.0
L1-001,2026-03-10,1.82,percent,FRED,DFII10,docs/phase2-ingestion/data/macro/raw/fred/DFII10-20260821T015235Z.json,dbaf1dee142b5509e1bf9302fb5280656ce6c577224707f82b80f876b57e2ee8,2026-08-21T01:52:35.579018+00:00,PASS,STALE,0.1.0
L1-001,2026-03-11,1.85,percent,FRED,DFII10,docs/phase2-ingestion/data/macro/raw/fred/DFII10-20260821T015235Z.json,dbaf1dee142b5509e1bf9302fb5280656ce6c577224707f82b80f876b57e2ee8,2026-08-21T01:52:35.579018+00:00,PASS,STALE,0.1.0
L1-001,2026-03-12,1.89,percent,FRED,DFII10,docs/phase2-ingestion/data/macro/raw/fred/DFII10-20260821T015235Z.json,dbaf1dee142b5509e1bf9302fb5280656ce6c577224707f82b80f876b57e2ee8,2026-08-21T01:52:35.579018+00:00,PASS,STALE,0.1.0
L1-001,2026-03-13,1.92,percent,FRED,DFII10,docs/phase2-ingestion/data/macro/raw/fred/DFII10-20260821T015235Z.json,dbaf1dee142b5509e1bf9302fb5280656ce6c577224707f82b80f876b57e2ee8,2026-08-21T01:52:35.579018+00:00,PASS,STALE,0.1.0
L1-001,2026-03-16,1.87,percent,FRED,DFII10,docs/phase2-ingestion/data/macro/raw/fred/DFII10-20260821T015235Z.json,dbaf1dee142b5509e1bf9302fb5280656ce6c577224707f82b80f876b57e2ee8,2026-08-21T01:52:35.579018+00:00,PASS,STALE,0.1.0
L1-001,2026-03-17,1.83,percent,FRED,DFII10,docs/phase2-ingestion/data/macro/raw/fred/DFII10-20260821T015235Z.json,dbaf1dee142b5509e1bf9302fb5280656ce6c577224707f82b80f876b57e2ee8,2026-08-21T01:52:35.579018+00:00,PASS,STALE,0.1.0
L1-001,2026-03-18,1.86,percent,FRED,DFII10,docs/phase2-ingestion/data/macro/raw/fred/DFII10-20260821T015235Z.json,dbaf1dee142b5509e1bf9302fb5280656ce6c577224707f82b80f876b57e2ee8,2026-08-21T01:52:35.579018+00:00,PASS,STALE,0.1.0
L1-001,2026-03-19,1.88,percent,FRED,DFII10,docs/phase2-ingestion/data/macro/raw/fred/DFII10-20260821T015235Z.json,dbaf1dee142b5509e1bf9302fb5280656ce6c577224707f82b80f876b57e2ee8,2026-08-21T01:52:35.579018+00:00,PASS,STALE,0.1.0
L1-001,2026-03-20,2.01,percent,FRED,DFII10,docs/phase2-ingestion/data/macro/raw/fred/DFII10-20260821T015235Z.json,dbaf1dee142b5509e1bf9302fb5280656ce6c577224707f82b80f876b57e2ee8,2026-08-21T01:52:35.579018+00:00,PASS,STALE,0.1.0
L1-001,2026-03-23,2.01,percent,FRED,DFII10,docs/phase2-ingestion/data/macro/raw/fred/DFII10-20260821T015235Z.json,dbaf1dee142b5509e1bf9302fb5280656ce6c577224707f82b80f876b57e2ee8,2026-08-21T01:52:35.579018+00:00,PASS,STALE,0.1.0
L1-001,2026-03-24,2.06,percent,FRED,DFII10,docs/phase2-ingestion/data/macro/raw/fred/DFII10-20260821T015235Z.json,dbaf1dee142b5509e1bf9302fb5280656ce6c577224707f82b80f876b57e2ee8,2026-08-21T01:52:35.579018+00:00,PASS,STALE,0.1.0
L1-001,2026-03-25,2.02,percent,FRED,DFII10,docs/phase2-ingestion/data/macro/raw/fred/DFII10-20260821T015235Z.json,dbaf1dee142b5509e1bf9302fb5280656ce6c577224707f82b80f876b57e2ee8,2026-08-21T01:52:35.579018+00:00,PASS,STALE,0.1.0
L1-001,2026-03-26,2.08,percent,FRED,DFII10,docs/phase2-ingestion/data/macro/raw/fred/DFII10-20260821T015235Z.json,dbaf1dee142b5509e1bf9302fb5280656ce6c577224707f82b80f876b57e2ee8,2026-08-21T01:52:35.579018+00:00,PASS,STALE,0.1.0
L1-001,2026-03-27,2.13,percent,FRED,DFII10,docs/phase2-ingestion/data/macro/raw/fred/DFII10-20260821T015235Z.json,dbaf1dee142b5509e1bf9302fb5280656ce6c577224707f82b80f876b57e2ee8,2026-08-21T01:52:35.579018+00:00,PASS,STALE,0.1.0
L1-001,2026-03-30,2.04,percent,FRED,DFII10,docs/phase2-ingestion/data/macro/raw/fred/DFII10-20260821T015235Z.json,dbaf1dee142b5509e1bf9302fb5280656ce6c577224707f82b80f876b57e2ee8,2026-08-21T01:52:35.579018+00:00,PASS,STALE,0.1.0
L1-001,2026-03-31,2.0,percent,FRED,DFII10,docs/phase2-ingestion/data/macro/raw/fred/DFII10-20260821T015235Z.json,dbaf1dee142b5509e1bf9302fb5280656ce6c577224707f82b80f876b57e2ee8,2026-08-21T01:52:35.579018+00:00,PASS,STALE,0.1.0
L1-001,2026-04-01,2.02,percent,FRED,DFII10,docs/phase2-ingestion/data/macro/raw/fred/DFII10-20260821T015235Z.json,dbaf1dee142b5509e1bf9302fb5280656ce6c577224707f82b80f876b57e2ee8,2026-08-21T01:52:35.579018+00:00,PASS,STALE,0.1.0
L1-001,2026-04-02,1.97,percent,FRED,DFII10,docs/phase2-ingestion/data/macro/raw/fred/DFII10-20260821T015235Z.json,dbaf1dee142b5509e1bf9302fb5280656ce6c577224707f82b80f876b57e2ee8,2026-08-21T01:52:35.579018+00:00,PASS,STALE,0.1.0
L1-001,2026-04-03,1.99,percent,FRED,DFII10,docs/phase2-ingestion/data/macro/raw/fred/DFII10-20260821T015235Z.json,dbaf1dee142b5509e1bf9302fb5280656ce6c577224707f82b80f876b57e2ee8,2026-08-21T01:52:35.579018+00:00,PASS,STALE,0.1.0
L1-001,2026-04-06,1.98,percent,FRED,DFII10,docs/phase2-ingestion/data/macro/raw/fred/DFII10-20260821T015235Z.json,dbaf1dee142b5509e1bf9302fb5280656ce6c577224707f82b80f876b57e2ee8,2026-08-21T01:52:35.579018+00:00,PASS,STALE,0.1.0
L1-001,2026-04-07,1.96,percent,FRED,DFII10,docs/phase2-ingestion/data/macro/raw/fred/DFII10-20260821T015235Z.json,dbaf1dee142b5509e1bf9302fb5280656ce6c577224707f82b80f876b57e2ee8,2026-08-21T01:52:35.579018+00:00,PASS,STALE,0.1.0
L1-001,2026-04-08,1.96,percent,FRED,DFII10,docs/phase2-ingestion/data/macro/raw/fred/DFII10-20260821T015235Z.json,dbaf1dee142b5509e1bf9302fb5280656ce6c577224707f82b80f876b57e2ee8,2026-08-21T01:52:35.579018+00:00,PASS,STALE,0.1.0
L1-001,2026-04-09,1.95,percent,FRED,DFII10,docs/phase2-ingestion/data/macro/raw/fred/DFII10-20260821T015235Z.json,dbaf1dee142b5509e1bf9302fb5280656ce6c577224707f82b80f876b57e2ee8,2026-08-21T01:52:35.579018+00:00,PASS,STALE,0.1.0
L1-001,2026-04-10,1.95,percent,FRED,DFII10,docs/phase2-ingestion/data/macro/raw/fred/DFII10-20260821T015235Z.json,dbaf1dee142b5509e1bf9302fb5280656ce6c577224707f82b80f876b57e2ee8,2026-08-21T01:52:35.579018+00:00,PASS,STALE,0.1.0
L1-001,2026-04-13,1.92,percent,FRED,DFII10,docs/phase2-ingestion/data/macro/raw/fred/DFII10-20260821T015235Z.json,dbaf1dee142b5509e1bf9302fb5280656ce6c577224707f82b80f876b57e2ee8,2026-08-21T01:52:35.579018+00:00,PASS,STALE,0.1.0
L1-001,2026-04-14,1.89,percent,FRED,DFII10,docs/phase2-ingestion/data/macro/raw/fred/DFII10-20260821T015235Z.json,dbaf1dee142b5509e1bf9302fb5280656ce6c577224707f82b80f876b57e2ee8,2026-08-21T01:52:35.579018+00:00,PASS,STALE,0.1.0
L1-001,2026-04-15,1.9,percent,FRED,DFII10,docs/phase2-ingestion/data/macro/raw/fred/DFII10-20260821T015235Z.json,dbaf1dee142b5509e1bf9302fb5280656ce6c577224707f82b80f876b57e2ee8,2026-08-21T01:52:35.579018+00:00,PASS,STALE,0.1.0
L1-001,2026-04-16,1.93,percent,FRED,DFII10,docs/phase2-ingestion/data/macro/raw/fred/DFII10-20260821T015235Z.json,dbaf1dee142b5509e1bf9302fb5280656ce6c577224707f82b80f876b57e2ee8,2026-08-21T01:52:35.579018+00:00,PASS,STALE,0.1.0
L1-001,2026-04-17,1.9,percent,FRED,DFII10,docs/phase2-ingestion/data/macro/raw/fred/DFII10-20260821T015235Z.json,dbaf1dee142b5509e1bf9302fb5280656ce6c577224707f82b80f876b57e2ee8,2026-08-21T01:52:35.579018+00:00,PASS,STALE,0.1.0
L1-001,2026-04-20,1.91,percent,FRED,DFII10,docs/phase2-ingestion/data/macro/raw/fred/DFII10-20260821T015235Z.json,dbaf1dee142b5509e1bf9302fb5280656ce6c577224707f82b80f876b57e2ee8,2026-08-21T01:52:35.579018+00:00,PASS,STALE,0.1.0
L1-001,2026-04-21,1.92,percent,FRED,DFII10,docs/phase2-ingestion/data/macro/raw/fred/DFII10-20260821T015235Z.json,dbaf1dee142b5509e1bf9302fb5280656ce6c577224707f82b80f876b57e2ee8,2026-08-21T01:52:35.579018+00:00,PASS,STALE,0.1.0
L1-001,2026-04-22,1.92,percent,FRED,DFII10,docs/phase2-ingestion/data/macro/raw/fred/DFII10-20260821T015235Z.json,dbaf1dee142b5509e1bf9302fb5280656ce6c577224707f82b80f876b57e2ee8,2026-08-21T01:52:35.579018+00:00,PASS,STALE,0.1.0
L1-001,2026-04-23,1.92,percent,FRED,DFII10,docs/phase2-ingestion/data/macro/raw/fred/DFII10-20260821T015235Z.json,dbaf1dee142b5509e1bf9302fb5280656ce6c577224707f82b80f876b57e2ee8,2026-08-21T01:52:35.579018+00:00,PASS,STALE,0.1.0
L1-001,2026-04-24,1.89,percent,FRED,DFII10,docs/phase2-ingestion/data/macro/raw/fred/DFII10-20260821T015235Z.json,dbaf1dee142b5509e1bf9302fb5280656ce6c577224707f82b80f876b57e2ee8,2026-08-21T01:52:35.579018+00:00,PASS,STALE,0.1.0
L1-001,2026-04-27,1.91,percent,FRED,DFII10,docs/phase2-ingestion/data/macro/raw/fred/DFII10-20260821T015235Z.json,dbaf1dee142b5509e1bf9302fb5280656ce6c577224707f82b80f876b57e2ee8,2026-08-21T01:52:35.579018+00:00,PASS,STALE,0.1.0
L1-001,2026-04-28,1.92,percent,FRED,DFII10,docs/phase2-ingestion/data/macro/raw/fred/DFII10-20260821T015235Z.json,dbaf1dee142b5509e1bf9302fb5280656ce6c577224707f82b80f876b57e2ee8,2026-08-21T01:52:35.579018+00:00,PASS,STALE,0.1.0
L1-001,2026-04-29,1.96,percent,FRED,DFII10,docs/phase2-ingestion/data/macro/raw/fred/DFII10-20260821T015235Z.json,dbaf1dee142b5509e1bf9302fb5280656ce6c577224707f82b80f876b57e2ee8,2026-08-21T01:52:35.579018+00:00,PASS,STALE,0.1.0
L1-001,2026-04-30,1.94,percent,FRED,DFII10,docs/phase2-ingestion/data/macro/raw/fred/DFII10-20260821T015235Z.json,dbaf1dee142b5509e1bf9302fb5280656ce6c577224707f82b80f876b57e2ee8,2026-08-21T01:52:35.579018+00:00,PASS,STALE,0.1.0
L1-001,2026-05-01,1.91,percent,FRED,DFII10,docs/phase2-ingestion/data/macro/raw/fred/DFII10-20260821T015235Z.json,dbaf1dee142b5509e1bf9302fb5280656ce6c577224707f82b80f876b57e2ee8,2026-08-21T01:52:35.579018+00:00,PASS,STALE,0.1.0
L1-001,2026-05-04,1.95,percent,FRED,DFII10,docs/phase2-ingestion/data/macro/raw/fred/DFII10-20260821T015235Z.json,dbaf1dee142b5509e1bf9302fb5280656ce6c577224707f82b80f876b57e2ee8,2026-08-21T01:52:35.579018+00:00,PASS,STALE,0.1.0
L1-001,2026-05-05,1.96,percent,FRED,DFII10,docs/phase2-ingestion/data/macro/raw/fred/DFII10-20260821T015235Z.json,dbaf1dee142b5509e1bf9302fb5280656ce6c577224707f82b80f876b57e2ee8,2026-08-21T01:52:35.579018+00:00,PASS,STALE,0.1.0
L1-001,2026-05-06,1.94,percent,FRED,DFII10,docs/phase2-ingestion/data/macro/raw/fred/DFII10-20260821T015235Z.json,dbaf1dee142b5509e1bf9302fb5280656ce6c577224707f82b80f876b57e2ee8,2026-08-21T01:52:35.579018+00:00,PASS,STALE,0.1.0
L1-001,2026-05-07,1.96,percent,FRED,DFII10,docs/phase2-ingestion/data/macro/raw/fred/DFII10-20260821T015235Z.json,dbaf1dee142b5509e1bf9302fb5280656ce6c577224707f82b80f876b57e2ee8,2026-08-21T01:52:35.579018+00:00,PASS,STALE,0.1.0
L1-001,2026-05-08,1.93,percent,FRED,DFII10,docs/phase2-ingestion/data/macro/raw/fred/DFII10-20260821T015235Z.json,dbaf1dee142b5509e1bf9302fb5280656ce6c577224707f82b80f876b57e2ee8,2026-08-21T01:52:35.579018+00:00,PASS,STALE,0.1.0
L1-001,2026-05-11,1.95,percent,FRED,DFII10,docs/phase2-ingestion/data/macro/raw/fred/DFII10-20260821T015235Z.json,dbaf1dee142b5509e1bf9302fb5280656ce6c577224707f82b80f876b57e2ee8,2026-08-21T01:52:35.579018+00:00,PASS,STALE,0.1.0
L1-001,2026-05-12,1.99,percent,FRED,DFII10,docs/phase2-ingestion/data/macro/raw/fred/DFII10-20260821T015235Z.json,dbaf1dee142b5509e1bf9302fb5280656ce6c577224707f82b80f876b57e2ee8,2026-08-21T01:52:35.579018+00:00,PASS,STALE,0.1.0
L1-001,2026-05-13,1.99,percent,FRED,DFII10,docs/phase2-ingestion/data/macro/raw/fred/DFII10-20260821T015235Z.json,dbaf1dee142b5509e1bf9302fb5280656ce6c577224707f82b80f876b57e2ee8,2026-08-21T01:52:35.579018+00:00,PASS,STALE,0.1.0
L1-001,2026-05-14,2.0,percent,FRED,DFII10,docs/phase2-ingestion/data/macro/raw/fred/DFII10-20260821T015235Z.json,dbaf1dee142b5509e1bf9302fb5280656ce6c577224707f82b80f876b57e2ee8,2026-08-21T01:52:35.579018+00:00,PASS,STALE,0.1.0
L1-001,2026-05-15,2.1,percent,FRED,DFII10,docs/phase2-ingestion/data/macro/raw/fred/DFII10-20260821T015235Z.json,dbaf1dee142b5509e1bf9302fb5280656ce6c577224707f82b80f876b57e2ee8,2026-08-21T01:52:35.579018+00:00,PASS,STALE,0.1.0
L1-001,2026-05-18,2.13,percent,FRED,DFII10,docs/phase2-ingestion/data/macro/raw/fred/DFII10-20260821T015235Z.json,dbaf1dee142b5509e1bf9302fb5280656ce6c577224707f82b80f876b57e2ee8,2026-08-21T01:52:35.579018+00:00,PASS,STALE,0.1.0
L1-001,2026-05-19,2.18,percent,FRED,DFII10,docs/phase2-ingestion/data/macro/raw/fred/DFII10-20260821T015235Z.json,dbaf1dee142b5509e1bf9302fb5280656ce6c577224707f82b80f876b57e2ee8,2026-08-21T01:52:35.579018+00:00,PASS,STALE,0.1.0
L1-001,2026-05-20,2.13,percent,FRED,DFII10,docs/phase2-ingestion/data/macro/raw/fred/DFII10-20260821T015235Z.json,dbaf1dee142b5509e1bf9302fb5280656ce6c577224707f82b80f876b57e2ee8,2026-08-21T01:52:35.579018+00:00,PASS,STALE,0.1.0
L1-001,2026-05-21,2.18,percent,FRED,DFII10,docs/phase2-ingestion/data/macro/raw/fred/DFII10-20260821T015235Z.json,dbaf1dee142b5509e1bf9302fb5280656ce6c577224707f82b80f876b57e2ee8,2026-08-21T01:52:35.579018+00:00,PASS,STALE,0.1.0
L1-001,2026-05-22,2.16,percent,FRED,DFII10,docs/phase2-ingestion/data/macro/raw/fred/DFII10-20260821T015235Z.json,dbaf1dee142b5509e1bf9302fb5280656ce6c577224707f82b80f876b57e2ee8,2026-08-21T01:52:35.579018+00:00,PASS,STALE,0.1.0
L1-001,2026-05-26,2.1,percent,FRED,DFII10,docs/phase2-ingestion/data/macro/raw/fred/DFII10-20260821T015235Z.json,dbaf1dee142b5509e1bf9302fb5280656ce6c577224707f82b80f876b57e2ee8,2026-08-21T01:52:35.579018+00:00,PASS,STALE,0.1.0
L1-001,2026-05-27,2.09,percent,FRED,DFII10,docs/phase2-ingestion/data/macro/raw/fred/DFII10-20260821T015235Z.json,dbaf1dee142b5509e1bf9302fb5280656ce6c577224707f82b80f876b57e2ee8,2026-08-21T01:52:35.579018+00:00,PASS,STALE,0.1.0
L1-001,2026-05-28,2.06,percent,FRED,DFII10,docs/phase2-ingestion/data/macro/raw/fred/DFII10-20260821T015235Z.json,dbaf1dee142b5509e1bf9302fb5280656ce6c577224707f82b80f876b57e2ee8,2026-08-21T01:52:35.579018+00:00,PASS,STALE,0.1.0
L1-001,2026-05-29,2.07,percent,FRED,DFII10,docs/phase2-ingestion/data/macro/raw/fred/DFII10-20260821T015235Z.json,dbaf1dee142b5509e1bf9302fb5280656ce6c577224707f82b80f876b57e2ee8,2026-08-21T01:52:35.579018+00:00,PASS,STALE,0.1.0
L1-001,2026-06-01,2.07,percent,FRED,DFII10,docs/phase2-ingestion/data/macro/raw/fred/DFII10-20260821T015235Z.json,dbaf1dee142b5509e1bf9302fb5280656ce6c577224707f82b80f876b57e2ee8,2026-08-21T01:52:35.579018+00:00,PASS,STALE,0.1.0
L1-001,2026-06-02,2.07,percent,FRED,DFII10,docs/phase2-ingestion/data/macro/raw/fred/DFII10-20260821T015235Z.json,dbaf1dee142b5509e1bf9302fb5280656ce6c577224707f82b80f876b57e2ee8,2026-08-21T01:52:35.579018+00:00,PASS,STALE,0.1.0
L1-001,2026-06-03,2.11,percent,FRED,DFII10,docs/phase2-ingestion/data/macro/raw/fred/DFII10-20260821T015235Z.json,dbaf1dee142b5509e1bf9302fb5280656ce6c577224707f82b80f876b57e2ee8,2026-08-21T01:52:35.579018+00:00,PASS,STALE,0.1.0
L1-001,2026-06-04,2.11,percent,FRED,DFII10,docs/phase2-ingestion/data/macro/raw/fred/DFII10-20260821T015235Z.json,dbaf1dee142b5509e1bf9302fb5280656ce6c577224707f82b80f876b57e2ee8,2026-08-21T01:52:35.579018+00:00,PASS,STALE,0.1.0
L1-001,2026-06-05,2.19,percent,FRED,DFII10,docs/phase2-ingestion/data/macro/raw/fred/DFII10-20260821T015235Z.json,dbaf1dee142b5509e1bf9302fb5280656ce6c577224707f82b80f876b57e2ee8,2026-08-21T01:52:35.579018+00:00,PASS,STALE,0.1.0
L1-001,2026-06-08,2.21,percent,FRED,DFII10,docs/phase2-ingestion/data/macro/raw/fred/DFII10-20260821T015235Z.json,dbaf1dee142b5509e1bf9302fb5280656ce6c577224707f82b80f876b57e2ee8,2026-08-21T01:52:35.579018+00:00,PASS,STALE,0.1.0
L1-001,2026-06-09,2.2,percent,FRED,DFII10,docs/phase2-ingestion/data/macro/raw/fred/DFII10-20260821T015235Z.json,dbaf1dee142b5509e1bf9302fb5280656ce6c577224707f82b80f876b57e2ee8,2026-08-21T01:52:35.579018+00:00,PASS,STALE,0.1.0
L1-001,2026-06-10,2.21,percent,FRED,DFII10,docs/phase2-ingestion/data/macro/raw/fred/DFII10-20260821T015235Z.json,dbaf1dee142b5509e1bf9302fb5280656ce6c577224707f82b80f876b57e2ee8,2026-08-21T01:52:35.579018+00:00,PASS,STALE,0.1.0
L1-001,2026-06-11,2.16,percent,FRED,DFII10,docs/phase2-ingestion/data/macro/raw/fred/DFII10-20260821T015235Z.json,dbaf1dee142b5509e1bf9302fb5280656ce6c577224707f82b80f876b57e2ee8,2026-08-21T01:52:35.579018+00:00,PASS,STALE,0.1.0
L1-001,2026-06-12,2.17,percent,FRED,DFII10,docs/phase2-ingestion/data/macro/raw/fred/DFII10-20260821T015235Z.json,dbaf1dee142b5509e1bf9302fb5280656ce6c577224707f82b80f876b57e2ee8,2026-08-21T01:52:35.579018+00:00,PASS,STALE,0.1.0
L1-001,2026-06-15,2.15,percent,FRED,DFII10,docs/phase2-ingestion/data/macro/raw/fred/DFII10-20260821T015235Z.json,dbaf1dee142b5509e1bf9302fb5280656ce6c577224707f82b80f876b57e2ee8,2026-08-21T01:52:35.579018+00:00,PASS,STALE,0.1.0
L1-001,2026-06-16,2.14,percent,FRED,DFII10,docs/phase2-ingestion/data/macro/raw/fred/DFII10-20260821T015235Z.json,dbaf1dee142b5509e1bf9302fb5280656ce6c577224707f82b80f876b57e2ee8,2026-08-21T01:52:35.579018+00:00,PASS,STALE,0.1.0
L1-001,2026-06-17,2.23,percent,FRED,DFII10,docs/phase2-ingestion/data/macro/raw/fred/DFII10-20260821T015235Z.json,dbaf1dee142b5509e1bf9302fb5280656ce6c577224707f82b80f876b57e2ee8,2026-08-21T01:52:35.579018+00:00,PASS,STALE,0.1.0
L1-001,2026-06-18,2.21,percent,FRED,DFII10,docs/phase2-ingestion/data/macro/raw/fred/DFII10-20260821T015235Z.json,dbaf1dee142b5509e1bf9302fb5280656ce6c577224707f82b80f876b57e2ee8,2026-08-21T01:52:35.579018+00:00,PASS,STALE,0.1.0
L1-001,2026-06-22,2.28,percent,FRED,DFII10,docs/phase2-ingestion/data/macro/raw/fred/DFII10-20260821T015235Z.json,dbaf1dee142b5509e1bf9302fb5280656ce6c577224707f82b80f876b57e2ee8,2026-08-21T01:52:35.579018+00:00,PASS,STALE,0.1.0
L1-001,2026-06-23,2.29,percent,FRED,DFII10,docs/phase2-ingestion/data/macro/raw/fred/DFII10-20260821T015235Z.json,dbaf1dee142b5509e1bf9302fb5280656ce6c577224707f82b80f876b57e2ee8,2026-08-21T01:52:35.579018+00:00,PASS,STALE,0.1.0
L1-001,2026-06-24,2.23,percent,FRED,DFII10,docs/phase2-ingestion/data/macro/raw/fred/DFII10-20260821T015235Z.json,dbaf1dee142b5509e1bf9302fb5280656ce6c577224707f82b80f876b57e2ee8,2026-08-21T01:52:35.579018+00:00,PASS,STALE,0.1.0
L1-001,2026-06-25,2.19,percent,FRED,DFII10,docs/phase2-ingestion/data/macro/raw/fred/DFII10-20260821T015235Z.json,dbaf1dee142b5509e1bf9302fb5280656ce6c577224707f82b80f876b57e2ee8,2026-08-21T01:52:35.579018+00:00,PASS,STALE,0.1.0
L1-001,2026-06-26,2.18,percent,FRED,DFII10,docs/phase2-ingestion/data/macro/raw/fred/DFII10-20260821T015235Z.json,dbaf1dee142b5509e1bf9302fb5280656ce6c577224707f82b80f876b57e2ee8,2026-08-21T01:52:35.579018+00:00,PASS,STALE,0.1.0
L1-001,2026-06-29,2.16,percent,FRED,DFII10,docs/phase2-ingestion/data/macro/raw/fred/DFII10-20260821T015235Z.json,dbaf1dee142b5509e1bf9302fb5280656ce6c577224707f82b80f876b57e2ee8,2026-08-21T01:52:35.579018+00:00,PASS,STALE,0.1.0
L1-001,2026-06-30,2.2,percent,FRED,DFII10,docs/phase2-ingestion/data/macro/raw/fred/DFII10-20260821T015235Z.json,dbaf1dee142b5509e1bf9302fb5280656ce6c577224707f82b80f876b57e2ee8,2026-08-21T01:52:35.579018+00:00,PASS,STALE,0.1.0
L1-001,2026-07-01,2.25,percent,FRED,DFII10,docs/phase2-ingestion/data/macro/raw/fred/DFII10-20260821T015235Z.json,dbaf1dee142b5509e1bf9302fb5280656ce6c577224707f82b80f876b57e2ee8,2026-08-21T01:52:35.579018+00:00,PASS,STALE,0.1.0
L1-001,2026-07-02,2.26,percent,FRED,DFII10,docs/phase2-ingestion/data/macro/raw/fred/DFII10-20260821T015235Z.json,dbaf1dee142b5509e1bf9302fb5280656ce6c577224707f82b80f876b57e2ee8,2026-08-21T01:52:35.579018+00:00,PASS,STALE,0.1.0
L1-001,2026-07-06,2.24,percent,FRED,DFII10,docs/phase2-ingestion/data/macro/raw/fred/DFII10-20260821T015235Z.json,dbaf1dee142b5509e1bf9302fb5280656ce6c577224707f82b80f876b57e2ee8,2026-08-21T01:52:35.579018+00:00,PASS,STALE,0.1.0
L1-001,2026-07-07,2.3,percent,FRED,DFII10,docs/phase2-ingestion/data/macro/raw/fred/DFII10-20260821T015235Z.json,dbaf1dee142b5509e1bf9302fb5280656ce6c577224707f82b80f876b57e2ee8,2026-08-21T01:52:35.579018+00:00,PASS,STALE,0.1.0
L1-001,2026-07-08,2.31,percent,FRED,DFII10,docs/phase2-ingestion/data/macro/raw/fred/DFII10-20260821T015235Z.json,dbaf1dee142b5509e1bf9302fb5280656ce6c577224707f82b80f876b57e2ee8,2026-08-21T01:52:35.579018+00:00,PASS,STALE,0.1.0
L1-001,2026-07-09,2.31,percent,FRED,DFII10,docs/phase2-ingestion/data/macro/raw/fred/DFII10-20260821T015235Z.json,dbaf1dee142b5509e1bf9302fb5280656ce6c577224707f82b80f876b57e2ee8,2026-08-21T01:52:35.579018+00:00,PASS,STALE,0.1.0
L1-001,2026-07-10,2.32,percent,FRED,DFII10,docs/phase2-ingestion/data/macro/raw/fred/DFII10-20260821T015235Z.json,dbaf1dee142b5509e1bf9302fb5280656ce6c577224707f82b80f876b57e2ee8,2026-08-21T01:52:35.579018+00:00,PASS,STALE,0.1.0
L1-001,2026-07-13,2.36,percent,FRED,DFII10,docs/phase2-ingestion/data/macro/raw/fred/DFII10-20260821T015235Z.json,dbaf1dee142b5509e1bf9302fb5280656ce6c577224707f82b80f876b57e2ee8,2026-08-21T01:52:35.579018+00:00,PASS,STALE,0.1.0
L1-001,2026-07-14,2.33,percent,FRED,DFII10,docs/phase2-ingestion/data/macro/raw/fred/DFII10-20260821T015235Z.json,dbaf1dee142b5509e1bf9302fb5280656ce6c577224707f82b80f876b57e2ee8,2026-08-21T01:52:35.579018+00:00,PASS,STALE,0.1.0
L1-001,2026-07-15,2.32,percent,FRED,DFII10,docs/phase2-ingestion/data/macro/raw/fred/DFII10-20260821T015235Z.json,dbaf1dee142b5509e1bf9302fb5280656ce6c577224707f82b80f876b57e2ee8,2026-08-21T01:52:35.579018+00:00,PASS,STALE,0.1.0
L1-001,2026-07-16,2.35,percent,FRED,DFII10,docs/phase2-ingestion/data/macro/raw/fred/DFII10-20260821T015235Z.json,dbaf1dee142b5509e1bf9302fb5280656ce6c577224707f82b80f876b57e2ee8,2026-08-21T01:52:35.579018+00:00,PASS,STALE,0.1.0
L1-001,2026-07-17,2.31,percent,FRED,DFII10,docs/phase2-ingestion/data/macro/raw/fred/DFII10-20260821T015235Z.json,dbaf1dee142b5509e1bf9302fb5280656ce6c577224707f82b80f876b57e2ee8,2026-08-21T01:52:35.579018+00:00,PASS,STALE,0.1.0
L1-001,2026-07-20,2.35,percent,FRED,DFII10,docs/phase2-ingestion/data/macro/raw/fred/DFII10-20260821T015235Z.json,dbaf1dee142b5509e1bf9302fb5280656ce6c577224707f82b80f876b57e2ee8,2026-08-21T01:52:35.579018+00:00,PASS,STALE,0.1.0
L1-001,2026-07-21,2.37,percent,FRED,DFII10,docs/phase2-ingestion/data/macro/raw/fred/DFII10-20260821T015235Z.json,dbaf1dee142b5509e1bf9302fb5280656ce6c577224707f82b80f876b57e2ee8,2026-08-21T01:52:35.579018+00:00,PASS,STALE,0.1.0
L1-001,2026-07-22,2.39,percent,FRED,DFII10,docs/phase2-ingestion/data/macro/raw/fred/DFII10-20260821T015235Z.json,dbaf1dee142b5509e1bf9302fb5280656ce6c577224707f82b80f876b57e2ee8,2026-08-21T01:52:35.579018+00:00,PASS,STALE,0.1.0
L1-001,2026-07-23,2.43,percent,FRED,DFII10,docs/phase2-ingestion/data/macro/raw/fred/DFII10-20260821T015235Z.json,dbaf1dee142b5509e1bf9302fb5280656ce6c577224707f82b80f876b57e2ee8,2026-08-21T01:52:35.579018+00:00,PASS,STALE,0.1.0
L1-001,2026-07-24,2.43,percent,FRED,DFII10,docs/phase2-ingestion/data/macro/raw/fred/DFII10-20260821T015235Z.json,dbaf1dee142b5509e1bf9302fb5280656ce6c577224707f82b80f876b57e2ee8,2026-08-21T01:52:35.579018+00:00,PASS,STALE,0.1.0
L1-001,2026-07-27,2.44,percent,FRED,DFII10,docs/phase2-ingestion/data/macro/raw/fred/DFII10-20260821T015235Z.json,dbaf1dee142b5509e1bf9302fb5280656ce6c577224707f82b80f876b57e2ee8,2026-08-21T01:52:35.579018+00:00,PASS,STALE,0.1.0
L1-001,2026-07-28,2.41,percent,FRED,DFII10,docs/phase2-ingestion/data/macro/raw/fred/DFII10-20260821T015235Z.json,dbaf1dee142b5509e1bf9302fb5280656ce6c577224707f82b80f876b57e2ee8,2026-08-21T01:52:35.579018+00:00,PASS,STALE,0.1.0
L1-001,2026-07-29,2.41,percent,FRED,DFII10,docs/phase2-ingestion/data/macro/raw/fred/DFII10-20260821T015235Z.json,dbaf1dee142b5509e1bf9302fb5280656ce6c577224707f82b80f876b57e2ee8,2026-08-21T01:52:35.579018+00:00,PASS,STALE,0.1.0
L1-001,2026-07-30,2.41,percent,FRED,DFII10,docs/phase2-ingestion/data/macro/raw/fred/DFII10-20260821T015235Z.json,dbaf1dee142b5509e1bf9302fb5280656ce6c577224707f82b80f876b57e2ee8,2026-08-21T01:52:35.579018+00:00,PASS,STALE,0.1.0
L1-001,2026-07-31,2.47,percent,FRED,DFII10,docs/phase2-ingestion/data/macro/raw/fred/DFII10-20260821T015235Z.json,dbaf1dee142b5509e1bf9302fb5280656ce6c577224707f82b80f876b57e2ee8,2026-08-21T01:52:35.579018+00:00,PASS,STALE,0.1.0
L1-001,2026-08-03,2.43,percent,FRED,DFII10,docs/phase2-ingestion/data/macro/raw/fred/DFII10-20260821T015235Z.json,dbaf1dee142b5509e1bf9302fb5280656ce6c577224707f82b80f876b57e2ee8,2026-08-21T01:52:35.579018+00:00,PASS,STALE,0.1.0
L1-001,2026-08-04,2.4,percent,FRED,DFII10,docs/phase2-ingestion/data/macro/raw/fred/DFII10-20260821T015235Z.json,dbaf1dee142b5509e1bf9302fb5280656ce6c577224707f82b80f876b57e2ee8,2026-08-21T01:52:35.579018+00:00,PASS,STALE,0.1.0
L1-001,2026-08-05,2.41,percent,FRED,DFII10,docs/phase2-ingestion/data/macro/raw/fred/DFII10-20260821T015235Z.json,dbaf1dee142b5509e1bf9302fb5280656ce6c577224707f82b80f876b57e2ee8,2026-08-21T01:52:35.579018+00:00,PASS,STALE,0.1.0
L1-001,2026-08-06,2.43,percent,FRED,DFII10,docs/phase2-ingestion/data/macro/raw/fred/DFII10-20260821T015235Z.json,dbaf1dee142b5509e1bf9302fb5280656ce6c577224707f82b80f876b57e2ee8,2026-08-21T01:52:35.579018+00:00,PASS,STALE,0.1.0
L1-001,2026-08-07,2.4,percent,FRED,DFII10,docs/phase2-ingestion/data/macro/raw/fred/DFII10-20260821T015235Z.json,dbaf1dee142b5509e1bf9302fb5280656ce6c577224707f82b80f876b57e2ee8,2026-08-21T01:52:35.579018+00:00,PASS,STALE,0.1.0
L1-001,2026-08-10,2.43,percent,FRED,DFII10,docs/phase2-ingestion/data/macro/raw/fred/DFII10-20260821T015235Z.json,dbaf1dee142b5509e1bf9302fb5280656ce6c577224707f82b80f876b57e2ee8,2026-08-21T01:52:35.579018+00:00,PASS,STALE,0.1.0
L1-001,2026-08-11,2.43,percent,FRED,DFII10,docs/phase2-ingestion/data/macro/raw/fred/DFII10-20260821T015235Z.json,dbaf1dee142b5509e1bf9302fb5280656ce6c577224707f82b80f876b57e2ee8,2026-08-21T01:52:35.579018+00:00,PASS,STALE,0.1.0
L1-001,2026-08-12,2.42,percent,FRED,DFII10,docs/phase2-ingestion/data/macro/raw/fred/DFII10-20260821T015235Z.json,dbaf1dee142b5509e1bf9302fb5280656ce6c577224707f82b80f876b57e2ee8,2026-08-21T01:52:35.579018+00:00,PASS,STALE,0.1.0
L1-001,2026-08-13,2.39,percent,FRED,DFII10,docs/phase2-ingestion/data/macro/raw/fred/DFII10-20260821T015235Z.json,dbaf1dee142b5509e1bf9302fb5280656ce6c577224707f82b80f876b57e2ee8,2026-08-21T01:52:35.579018+00:00,PASS,STALE,0.1.0
L1-001,2026-08-14,2.41,percent,FRED,DFII10,docs/phase2-ingestion/data/macro/raw/fred/DFII10-20260821T015235Z.json,dbaf1dee142b5509e1bf9302fb5280656ce6c577224707f82b80f876b57e2ee8,2026-08-21T01:52:35.579018+00:00,PASS,AVAILABLE,0.1.0
L1-001,2026-08-17,2.44,percent,FRED,DFII10,docs/phase2-ingestion/data/macro/raw/fred/DFII10-20260821T015235Z.json,dbaf1dee142b5509e1bf9302fb5280656ce6c577224707f82b80f876b57e2ee8,2026-08-21T01:52:35.579018+00:00,PASS,AVAILABLE,0.1.0
L1-001,2026-08-18,2.41,percent,FRED,DFII10,docs/phase2-ingestion/data/macro/raw/fred/DFII10-20260821T015235Z.json,dbaf1dee142b5509e1bf9302fb5280656ce6c577224707f82b80f876b57e2ee8,2026-08-21T01:52:35.579018+00:00,PASS,AVAILABLE,0.1.0
L1-001,2026-08-19,2.35,percent,FRED,DFII10,docs/phase2-ingestion/data/macro/raw/fred/DFII10-20260821T015235Z.json,dbaf1dee142b5509e1bf9302fb5280656ce6c577224707f82b80f876b57e2ee8,2026-08-21T01:52:35.579018+00:00,PASS,AVAILABLE,0.1.0
