variable_id,observation_date,value,unit,source_name,input_5y_series_id,input_10y_series_id,input_5y_raw_path,input_10y_raw_path,input_5y_raw_sha256,input_10y_raw_sha256,input_5y_retrieved_at,input_10y_retrieved_at,formula_version,parser_version,validation_status,availability_status
L1-007,2023-01-03,1.4101416625676544,percent,FRED-derived,DFII5,DFII10,docs/phase2-ingestion/data/macro/raw/fred/DFII5-20260821T015236Z.json,docs/phase2-ingestion/data/macro/raw/fred/DFII10-20260821T015235Z.json,f092dfcc7b003910593614dedb12c59fe399d0a0e1dcc26f4eb423fb3bb7b7b3,dbaf1dee142b5509e1bf9302fb5280656ce6c577224707f82b80f876b57e2ee8,2026-08-21T01:52:36.562263+00:00,2026-08-21T01:52:35.579018+00:00,5y5y-real-forward-compound-v1,0.1.0,PASS,STALE
L1-007,2023-01-04,1.3002843368752348,percent,FRED-derived,DFII5,DFII10,docs/phase2-ingestion/data/macro/raw/fred/DFII5-20260821T015236Z.json,docs/phase2-ingestion/data/macro/raw/fred/DFII10-20260821T015235Z.json,f092dfcc7b003910593614dedb12c59fe399d0a0e1dcc26f4eb423fb3bb7b7b3,dbaf1dee142b5509e1bf9302fb5280656ce6c577224707f82b80f876b57e2ee8,2026-08-21T01:52:36.562263+00:00,2026-08-21T01:52:35.579018+00:00,5y5y-real-forward-compound-v1,0.1.0,PASS,STALE
L1-007,2023-01-05,1.3003550354051763,percent,FRED-derived,DFII5,DFII10,docs/phase2-ingestion/data/macro/raw/fred/DFII5-20260821T015236Z.json,docs/phase2-ingestion/data/macro/raw/fred/DFII10-20260821T015235Z.json,f092dfcc7b003910593614dedb12c59fe399d0a0e1dcc26f4eb423fb3bb7b7b3,dbaf1dee142b5509e1bf9302fb5280656ce6c577224707f82b80f876b57e2ee8,2026-08-21T01:52:36.562263+00:00,2026-08-21T01:52:35.579018+00:00,5y5y-real-forward-compound-v1,0.1.0,PASS,STALE
L1-007,2023-01-06,1.170284701014701,percent,FRED-derived,DFII5,DFII10,docs/phase2-ingestion/data/macro/raw/fred/DFII5-20260821T015236Z.json,docs/phase2-ingestion/data/macro/raw/fred/DFII10-20260821T015235Z.json,f092dfcc7b003910593614dedb12c59fe399d0a0e1dcc26f4eb423fb3bb7b7b3,dbaf1dee142b5509e1bf9302fb5280656ce6c577224707f82b80f876b57e2ee8,2026-08-21T01:52:36.562263+00:00,2026-08-21T01:52:35.579018+00:00,5y5y-real-forward-compound-v1,0.1.0,PASS,STALE
L1-007,2023-01-09,1.1402847851793796,percent,FRED-derived,DFII5,DFII10,docs/phase2-ingestion/data/macro/raw/fred/DFII5-20260821T015236Z.json,docs/phase2-ingestion/data/macro/raw/fred/DFII10-20260821T015235Z.json,f092dfcc7b003910593614dedb12c59fe399d0a0e1dcc26f4eb423fb3bb7b7b3,dbaf1dee142b5509e1bf9302fb5280656ce6c577224707f82b80f876b57e2ee8,2026-08-21T01:52:36.562263+00:00,2026-08-21T01:52:35.579018+00:00,5y5y-real-forward-compound-v1,0.1.0,PASS,STALE
L1-007,2023-01-10,1.2202216312056757,percent,FRED-derived,DFII5,DFII10,docs/phase2-ingestion/data/macro/raw/fred/DFII5-20260821T015236Z.json,docs/phase2-ingestion/data/macro/raw/fred/DFII10-20260821T015235Z.json,f092dfcc7b003910593614dedb12c59fe399d0a0e1dcc26f4eb423fb3bb7b7b3,dbaf1dee142b5509e1bf9302fb5280656ce6c577224707f82b80f876b57e2ee8,2026-08-21T01:52:36.562263+00:00,2026-08-21T01:52:35.579018+00:00,5y5y-real-forward-compound-v1,0.1.0,PASS,STALE
L1-007,2023-01-11,1.1701931986200398,percent,FRED-derived,DFII5,DFII10,docs/phase2-ingestion/data/macro/raw/fred/DFII5-20260821T015236Z.json,docs/phase2-ingestion/data/macro/raw/fred/DFII10-20260821T015235Z.json,f092dfcc7b003910593614dedb12c59fe399d0a0e1dcc26f4eb423fb3bb7b7b3,dbaf1dee142b5509e1bf9302fb5280656ce6c577224707f82b80f876b57e2ee8,2026-08-21T01:52:36.562263+00:00,2026-08-21T01:52:35.579018+00:00,5y5y-real-forward-compound-v1,0.1.0,PASS,STALE
L1-007,2023-01-12,1.1200986971970028,percent,FRED-derived,DFII5,DFII10,docs/phase2-ingestion/data/macro/raw/fred/DFII5-20260821T015236Z.json,docs/phase2-ingestion/data/macro/raw/fred/DFII10-20260821T015235Z.json,f092dfcc7b003910593614dedb12c59fe399d0a0e1dcc26f4eb423fb3bb7b7b3,dbaf1dee142b5509e1bf9302fb5280656ce6c577224707f82b80f876b57e2ee8,2026-08-21T01:52:36.562263+00:00,2026-08-21T01:52:35.579018+00:00,5y5y-real-forward-compound-v1,0.1.0,PASS,STALE
L1-007,2023-01-13,1.2200798816568215,percent,FRED-derived,DFII5,DFII10,docs/phase2-ingestion/data/macro/raw/fred/DFII5-20260821T015236Z.json,docs/phase2-ingestion/data/macro/raw/fred/DFII10-20260821T015235Z.json,f092dfcc7b003910593614dedb12c59fe399d0a0e1dcc26f4eb423fb3bb7b7b3,dbaf1dee142b5509e1bf9302fb5280656ce6c577224707f82b80f876b57e2ee8,2026-08-21T01:52:36.562263+00:00,2026-08-21T01:52:35.579018+00:00,5y5y-real-forward-compound-v1,0.1.0,PASS,STALE
L1-007,2023-01-17,1.3000354959574079,percent,FRED-derived,DFII5,DFII10,docs/phase2-ingestion/data/macro/raw/fred/DFII5-20260821T015236Z.json,docs/phase2-ingestion/data/macro/raw/fred/DFII10-20260821T015235Z.json,f092dfcc7b003910593614dedb12c59fe399d0a0e1dcc26f4eb423fb3bb7b7b3,dbaf1dee142b5509e1bf9302fb5280656ce6c577224707f82b80f876b57e2ee8,2026-08-21T01:52:36.562263+00:00,2026-08-21T01:52:35.579018+00:00,5y5y-real-forward-compound-v1,0.1.0,PASS,STALE
L1-007,2023-01-18,1.160079928952018,percent,FRED-derived,DFII5,DFII10,docs/phase2-ingestion/data/macro/raw/fred/DFII5-20260821T015236Z.json,docs/phase2-ingestion/data/macro/raw/fred/DFII10-20260821T015235Z.json,f092dfcc7b003910593614dedb12c59fe399d0a0e1dcc26f4eb423fb3bb7b7b3,dbaf1dee142b5509e1bf9302fb5280656ce6c577224707f82b80f876b57e2ee8,2026-08-21T01:52:36.562263+00:00,2026-08-21T01:52:35.579018+00:00,5y5y-real-forward-compound-v1,0.1.0,PASS,STALE
L1-007,2023-01-19,1.1100631973931074,percent,FRED-derived,DFII5,DFII10,docs/phase2-ingestion/data/macro/raw/fred/DFII5-20260821T015236Z.json,docs/phase2-ingestion/data/macro/raw/fred/DFII10-20260821T015235Z.json,f092dfcc7b003910593614dedb12c59fe399d0a0e1dcc26f4eb423fb3bb7b7b3,dbaf1dee142b5509e1bf9302fb5280656ce6c577224707f82b80f876b57e2ee8,2026-08-21T01:52:36.562263+00:00,2026-08-21T01:52:35.579018+00:00,5y5y-real-forward-compound-v1,0.1.0,PASS,STALE
L1-007,2023-01-20,1.1700631599723454,percent,FRED-derived,DFII5,DFII10,docs/phase2-ingestion/data/macro/raw/fred/DFII5-20260821T015236Z.json,docs/phase2-ingestion/data/macro/raw/fred/DFII10-20260821T015235Z.json,f092dfcc7b003910593614dedb12c59fe399d0a0e1dcc26f4eb423fb3bb7b7b3,dbaf1dee142b5509e1bf9302fb5280656ce6c577224707f82b80f876b57e2ee8,2026-08-21T01:52:36.562263+00:00,2026-08-21T01:52:35.579018+00:00,5y5y-real-forward-compound-v1,0.1.0,PASS,STALE
L1-007,2023-01-23,1.1500799368400205,percent,FRED-derived,DFII5,DFII10,docs/phase2-ingestion/data/macro/raw/fred/DFII5-20260821T015236Z.json,docs/phase2-ingestion/data/macro/raw/fred/DFII10-20260821T015235Z.json,f092dfcc7b003910593614dedb12c59fe399d0a0e1dcc26f4eb423fb3bb7b7b3,dbaf1dee142b5509e1bf9302fb5280656ce6c577224707f82b80f876b57e2ee8,2026-08-21T01:52:36.562263+00:00,2026-08-21T01:52:35.579018+00:00,5y5y-real-forward-compound-v1,0.1.0,PASS,STALE
L1-007,2023-01-24,1.0900987264290896,percent,FRED-derived,DFII5,DFII10,docs/phase2-ingestion/data/macro/raw/fred/DFII5-20260821T015236Z.json,docs/phase2-ingestion/data/macro/raw/fred/DFII10-20260821T015235Z.json,f092dfcc7b003910593614dedb12c59fe399d0a0e1dcc26f4eb423fb3bb7b7b3,dbaf1dee142b5509e1bf9302fb5280656ce6c577224707f82b80f876b57e2ee8,2026-08-21T01:52:36.562263+00:00,2026-08-21T01:52:35.579018+00:00,5y5y-real-forward-compound-v1,0.1.0,PASS,STALE
L1-007,2023-01-25,1.0800799920995585,percent,FRED-derived,DFII5,DFII10,docs/phase2-ingestion/data/macro/raw/fred/DFII5-20260821T015236Z.json,docs/phase2-ingestion/data/macro/raw/fred/DFII10-20260821T015235Z.json,f092dfcc7b003910593614dedb12c59fe399d0a0e1dcc26f4eb423fb3bb7b7b3,dbaf1dee142b5509e1bf9302fb5280656ce6c577224707f82b80f876b57e2ee8,2026-08-21T01:52:36.562263+00:00,2026-08-21T01:52:35.579018+00:00,5y5y-real-forward-compound-v1,0.1.0,PASS,STALE
L1-007,2023-01-26,1.0600987556784736,percent,FRED-derived,DFII5,DFII10,docs/phase2-ingestion/data/macro/raw/fred/DFII5-20260821T015236Z.json,docs/phase2-ingestion/data/macro/raw/fred/DFII10-20260821T015235Z.json,f092dfcc7b003910593614dedb12c59fe399d0a0e1dcc26f4eb423fb3bb7b7b3,dbaf1dee142b5509e1bf9302fb5280656ce6c577224707f82b80f876b57e2ee8,2026-08-21T01:52:36.562263+00:00,2026-08-21T01:52:35.579018+00:00,5y5y-real-forward-compound-v1,0.1.0,PASS,STALE
L1-007,2023-01-27,1.0900987264290896,percent,FRED-derived,DFII5,DFII10,docs/phase2-ingestion/data/macro/raw/fred/DFII5-20260821T015236Z.json,docs/phase2-ingestion/data/macro/raw/fred/DFII10-20260821T015235Z.json,f092dfcc7b003910593614dedb12c59fe399d0a0e1dcc26f4eb423fb3bb7b7b3,dbaf1dee142b5509e1bf9302fb5280656ce6c577224707f82b80f876b57e2ee8,2026-08-21T01:52:36.562263+00:00,2026-08-21T01:52:35.579018+00:00,5y5y-real-forward-compound-v1,0.1.0,PASS,STALE
L1-007,2023-01-30,1.140142039850045,percent,FRED-derived,DFII5,DFII10,docs/phase2-ingestion/data/macro/raw/fred/DFII5-20260821T015236Z.json,docs/phase2-ingestion/data/macro/raw/fred/DFII10-20260821T015235Z.json,f092dfcc7b003910593614dedb12c59fe399d0a0e1dcc26f4eb423fb3bb7b7b3,dbaf1dee142b5509e1bf9302fb5280656ce6c577224707f82b80f876b57e2ee8,2026-08-21T01:52:36.562263+00:00,2026-08-21T01:52:35.579018+00:00,5y5y-real-forward-compound-v1,0.1.0,PASS,STALE
L1-007,2023-01-31,1.2000631412785845,percent,FRED-derived,DFII5,DFII10,docs/phase2-ingestion/data/macro/raw/fred/DFII5-20260821T015236Z.json,docs/phase2-ingestion/data/macro/raw/fred/DFII10-20260821T015235Z.json,f092dfcc7b003910593614dedb12c59fe399d0a0e1dcc26f4eb423fb3bb7b7b3,dbaf1dee142b5509e1bf9302fb5280656ce6c577224707f82b80f876b57e2ee8,2026-08-21T01:52:36.562263+00:00,2026-08-21T01:52:35.579018+00:00,5y5y-real-forward-compound-v1,0.1.0,PASS,STALE
L1-007,2023-02-01,1.0900247059986379,percent,FRED-derived,DFII5,DFII10,docs/phase2-ingestion/data/macro/raw/fred/DFII5-20260821T015236Z.json,docs/phase2-ingestion/data/macro/raw/fred/DFII10-20260821T015235Z.json,f092dfcc7b003910593614dedb12c59fe399d0a0e1dcc26f4eb423fb3bb7b7b3,dbaf1dee142b5509e1bf9302fb5280656ce6c577224707f82b80f876b57e2ee8,2026-08-21T01:52:36.562263+00:00,2026-08-21T01:52:35.579018+00:00,5y5y-real-forward-compound-v1,0.1.0,PASS,STALE
L1-007,2023-02-02,1.1300246962363092,percent,FRED-derived,DFII5,DFII10,docs/phase2-ingestion/data/macro/raw/fred/DFII5-20260821T015236Z.json,docs/phase2-ingestion/data/macro/raw/fred/DFII10-20260821T015235Z.json,f092dfcc7b003910593614dedb12c59fe399d0a0e1dcc26f4eb423fb3bb7b7b3,dbaf1dee142b5509e1bf9302fb5280656ce6c577224707f82b80f876b57e2ee8,2026-08-21T01:52:36.562263+00:00,2026-08-21T01:52:35.579018+00:00,5y5y-real-forward-compound-v1,0.1.0,PASS,STALE
L1-007,2023-02-03,1.2200798816568215,percent,FRED-derived,DFII5,DFII10,docs/phase2-ingestion/data/macro/raw/fred/DFII5-20260821T015236Z.json,docs/phase2-ingestion/data/macro/raw/fred/DFII10-20260821T015235Z.json,f092dfcc7b003910593614dedb12c59fe399d0a0e1dcc26f4eb423fb3bb7b7b3,dbaf1dee142b5509e1bf9302fb5280656ce6c577224707f82b80f876b57e2ee8,2026-08-21T01:52:36.562263+00:00,2026-08-21T01:52:35.579018+00:00,5y5y-real-forward-compound-v1,0.1.0,PASS,STALE
L1-007,2023-02-06,1.2800985415845734,percent,FRED-derived,DFII5,DFII10,docs/phase2-ingestion/data/macro/raw/fred/DFII5-20260821T015236Z.json,docs/phase2-ingestion/data/macro/raw/fred/DFII10-20260821T015235Z.json,f092dfcc7b003910593614dedb12c59fe399d0a0e1dcc26f4eb423fb3bb7b7b3,dbaf1dee142b5509e1bf9302fb5280656ce6c577224707f82b80f876b57e2ee8,2026-08-21T01:52:36.562263+00:00,2026-08-21T01:52:35.579018+00:00,5y5y-real-forward-compound-v1,0.1.0,PASS,STALE
L1-007,2023-02-07,1.2700798422868642,percent,FRED-derived,DFII5,DFII10,docs/phase2-ingestion/data/macro/raw/fred/DFII5-20260821T015236Z.json,docs/phase2-ingestion/data/macro/raw/fred/DFII10-20260821T015235Z.json,f092dfcc7b003910593614dedb12c59fe399d0a0e1dcc26f4eb423fb3bb7b7b3,dbaf1dee142b5509e1bf9302fb5280656ce6c577224707f82b80f876b57e2ee8,2026-08-21T01:52:36.562263+00:00,2026-08-21T01:52:35.579018+00:00,5y5y-real-forward-compound-v1,0.1.0,PASS,STALE
L1-007,2023-02-08,1.2200483425414133,percent,FRED-derived,DFII5,DFII10,docs/phase2-ingestion/data/macro/raw/fred/DFII5-20260821T015236Z.json,docs/phase2-ingestion/data/macro/raw/fred/DFII10-20260821T015235Z.json,f092dfcc7b003910593614dedb12c59fe399d0a0e1dcc26f4eb423fb3bb7b7b3,dbaf1dee142b5509e1bf9302fb5280656ce6c577224707f82b80f876b57e2ee8,2026-08-21T01:52:36.562263+00:00,2026-08-21T01:52:35.579018+00:00,5y5y-real-forward-compound-v1,0.1.0,PASS,STALE
L1-007,2023-02-09,1.2600631039242804,percent,FRED-derived,DFII5,DFII10,docs/phase2-ingestion/data/macro/raw/fred/DFII5-20260821T015236Z.json,docs/phase2-ingestion/data/macro/raw/fred/DFII10-20260821T015235Z.json,f092dfcc7b003910593614dedb12c59fe399d0a0e1dcc26f4eb423fb3bb7b7b3,dbaf1dee142b5509e1bf9302fb5280656ce6c577224707f82b80f876b57e2ee8,2026-08-21T01:52:36.562263+00:00,2026-08-21T01:52:35.579018+00:00,5y5y-real-forward-compound-v1,0.1.0,PASS,STALE
L1-007,2023-02-10,1.3600246402523108,percent,FRED-derived,DFII5,DFII10,docs/phase2-ingestion/data/macro/raw/fred/DFII5-20260821T015236Z.json,docs/phase2-ingestion/data/macro/raw/fred/DFII10-20260821T015235Z.json,f092dfcc7b003910593614dedb12c59fe399d0a0e1dcc26f4eb423fb3bb7b7b3,dbaf1dee142b5509e1bf9302fb5280656ce6c577224707f82b80f876b57e2ee8,2026-08-21T01:52:36.562263+00:00,2026-08-21T01:52:35.579018+00:00,5y5y-real-forward-compound-v1,0.1.0,PASS,STALE
L1-007,2023-02-13,1.330063060400044,percent,FRED-derived,DFII5,DFII10,docs/phase2-ingestion/data/macro/raw/fred/DFII5-20260821T015236Z.json,docs/phase2-ingestion/data/macro/raw/fred/DFII10-20260821T015235Z.json,f092dfcc7b003910593614dedb12c59fe399d0a0e1dcc26f4eb423fb3bb7b7b3,dbaf1dee142b5509e1bf9302fb5280656ce6c577224707f82b80f876b57e2ee8,2026-08-21T01:52:36.562263+00:00,2026-08-21T01:52:35.579018+00:00,5y5y-real-forward-compound-v1,0.1.0,PASS,STALE
L1-007,2023-02-14,1.3700797636632123,percent,FRED-derived,DFII5,DFII10,docs/phase2-ingestion/data/macro/raw/fred/DFII5-20260821T015236Z.json,docs/phase2-ingestion/data/macro/raw/fred/DFII10-20260821T015235Z.json,f092dfcc7b003910593614dedb12c59fe399d0a0e1dcc26f4eb423fb3bb7b7b3,dbaf1dee142b5509e1bf9302fb5280656ce6c577224707f82b80f876b57e2ee8,2026-08-21T01:52:36.562263+00:00,2026-08-21T01:52:35.579018+00:00,5y5y-real-forward-compound-v1,0.1.0,PASS,STALE
L1-007,2023-02-15,1.390048261597543,percent,FRED-derived,DFII5,DFII10,docs/phase2-ingestion/data/macro/raw/fred/DFII5-20260821T015236Z.json,docs/phase2-ingestion/data/macro/raw/fred/DFII10-20260821T015235Z.json,f092dfcc7b003910593614dedb12c59fe399d0a0e1dcc26f4eb423fb3bb7b7b3,dbaf1dee142b5509e1bf9302fb5280656ce6c577224707f82b80f876b57e2ee8,2026-08-21T01:52:36.562263+00:00,2026-08-21T01:52:35.579018+00:00,5y5y-real-forward-compound-v1,0.1.0,PASS,STALE
L1-007,2023-02-16,1.4400246208390532,percent,FRED-derived,DFII5,DFII10,docs/phase2-ingestion/data/macro/raw/fred/DFII5-20260821T015236Z.json,docs/phase2-ingestion/data/macro/raw/fred/DFII10-20260821T015235Z.json,f092dfcc7b003910593614dedb12c59fe399d0a0e1dcc26f4eb423fb3bb7b7b3,dbaf1dee142b5509e1bf9302fb5280656ce6c577224707f82b80f876b57e2ee8,2026-08-21T01:52:36.562263+00:00,2026-08-21T01:52:35.579018+00:00,5y5y-real-forward-compound-v1,0.1.0,PASS,STALE
L1-007,2023-02-17,1.390048261597543,percent,FRED-derived,DFII5,DFII10,docs/phase2-ingestion/data/macro/raw/fred/DFII5-20260821T015236Z.json,docs/phase2-ingestion/data/macro/raw/fred/DFII10-20260821T015235Z.json,f092dfcc7b003910593614dedb12c59fe399d0a0e1dcc26f4eb423fb3bb7b7b3,dbaf1dee142b5509e1bf9302fb5280656ce6c577224707f82b80f876b57e2ee8,2026-08-21T01:52:36.562263+00:00,2026-08-21T01:52:35.579018+00:00,5y5y-real-forward-compound-v1,0.1.0,PASS,STALE
L1-007,2023-02-21,1.4800246111439375,percent,FRED-derived,DFII5,DFII10,docs/phase2-ingestion/data/macro/raw/fred/DFII5-20260821T015236Z.json,docs/phase2-ingestion/data/macro/raw/fred/DFII10-20260821T015235Z.json,f092dfcc7b003910593614dedb12c59fe399d0a0e1dcc26f4eb423fb3bb7b7b3,dbaf1dee142b5509e1bf9302fb5280656ce6c577224707f82b80f876b57e2ee8,2026-08-21T01:52:36.562263+00:00,2026-08-21T01:52:35.579018+00:00,5y5y-real-forward-compound-v1,0.1.0,PASS,STALE
L1-007,2023-02-22,1.4300797165633483,percent,FRED-derived,DFII5,DFII10,docs/phase2-ingestion/data/macro/raw/fred/DFII5-20260821T015236Z.json,docs/phase2-ingestion/data/macro/raw/fred/DFII10-20260821T015235Z.json,f092dfcc7b003910593614dedb12c59fe399d0a0e1dcc26f4eb423fb3bb7b7b3,dbaf1dee142b5509e1bf9302fb5280656ce6c577224707f82b80f876b57e2ee8,2026-08-21T01:52:36.562263+00:00,2026-08-21T01:52:35.579018+00:00,5y5y-real-forward-compound-v1,0.1.0,PASS,STALE
L1-007,2023-02-23,1.3900984348853118,percent,FRED-derived,DFII5,DFII10,docs/phase2-ingestion/data/macro/raw/fred/DFII5-20260821T015236Z.json,docs/phase2-ingestion/data/macro/raw/fred/DFII10-20260821T015235Z.json,f092dfcc7b003910593614dedb12c59fe399d0a0e1dcc26f4eb423fb3bb7b7b3,dbaf1dee142b5509e1bf9302fb5280656ce6c577224707f82b80f876b57e2ee8,2026-08-21T01:52:36.562263+00:00,2026-08-21T01:52:35.579018+00:00,5y5y-real-forward-compound-v1,0.1.0,PASS,STALE
L1-007,2023-02-24,1.4202211954384536,percent,FRED-derived,DFII5,DFII10,docs/phase2-ingestion/data/macro/raw/fred/DFII5-20260821T015236Z.json,docs/phase2-ingestion/data/macro/raw/fred/DFII10-20260821T015235Z.json,f092dfcc7b003910593614dedb12c59fe399d0a0e1dcc26f4eb423fb3bb7b7b3,dbaf1dee142b5509e1bf9302fb5280656ce6c577224707f82b80f876b57e2ee8,2026-08-21T01:52:36.562263+00:00,2026-08-21T01:52:35.579018+00:00,5y5y-real-forward-compound-v1,0.1.0,PASS,STALE
L1-007,2023-02-27,1.4401416207710627,percent,FRED-derived,DFII5,DFII10,docs/phase2-ingestion/data/macro/raw/fred/DFII5-20260821T015236Z.json,docs/phase2-ingestion/data/macro/raw/fred/DFII10-20260821T015235Z.json,f092dfcc7b003910593614dedb12c59fe399d0a0e1dcc26f4eb423fb3bb7b7b3,dbaf1dee142b5509e1bf9302fb5280656ce6c577224707f82b80f876b57e2ee8,2026-08-21T01:52:36.562263+00:00,2026-08-21T01:52:35.579018+00:00,5y5y-real-forward-compound-v1,0.1.0,PASS,STALE
L1-007,2023-02-28,1.3801190944881636,percent,FRED-derived,DFII5,DFII10,docs/phase2-ingestion/data/macro/raw/fred/DFII5-20260821T015236Z.json,docs/phase2-ingestion/data/macro/raw/fred/DFII10-20260821T015235Z.json,f092dfcc7b003910593614dedb12c59fe399d0a0e1dcc26f4eb423fb3bb7b7b3,dbaf1dee142b5509e1bf9302fb5280656ce6c577224707f82b80f876b57e2ee8,2026-08-21T01:52:36.562263+00:00,2026-08-21T01:52:35.579018+00:00,5y5y-real-forward-compound-v1,0.1.0,PASS,STALE
L1-007,2023-03-01,1.460119000786797,percent,FRED-derived,DFII5,DFII10,docs/phase2-ingestion/data/macro/raw/fred/DFII5-20260821T015236Z.json,docs/phase2-ingestion/data/macro/raw/fred/DFII10-20260821T015235Z.json,f092dfcc7b003910593614dedb12c59fe399d0a0e1dcc26f4eb423fb3bb7b7b3,dbaf1dee142b5509e1bf9302fb5280656ce6c577224707f82b80f876b57e2ee8,2026-08-21T01:52:36.562263+00:00,2026-08-21T01:52:35.579018+00:00,5y5y-real-forward-compound-v1,0.1.0,PASS,STALE
L1-007,2023-03-02,1.5300481951411538,percent,FRED-derived,DFII5,DFII10,docs/phase2-ingestion/data/macro/raw/fred/DFII5-20260821T015236Z.json,docs/phase2-ingestion/data/macro/raw/fred/DFII10-20260821T015235Z.json,f092dfcc7b003910593614dedb12c59fe399d0a0e1dcc26f4eb423fb3bb7b7b3,dbaf1dee142b5509e1bf9302fb5280656ce6c577224707f82b80f876b57e2ee8,2026-08-21T01:52:36.562263+00:00,2026-08-21T01:52:35.579018+00:00,5y5y-real-forward-compound-v1,0.1.0,PASS,STALE
L1-007,2023-03-03,1.3500984736582788,percent,FRED-derived,DFII5,DFII10,docs/phase2-ingestion/data/macro/raw/fred/DFII5-20260821T015236Z.json,docs/phase2-ingestion/data/macro/raw/fred/DFII10-20260821T015235Z.json,f092dfcc7b003910593614dedb12c59fe399d0a0e1dcc26f4eb423fb3bb7b7b3,dbaf1dee142b5509e1bf9302fb5280656ce6c577224707f82b80f876b57e2ee8,2026-08-21T01:52:36.562263+00:00,2026-08-21T01:52:35.579018+00:00,5y5y-real-forward-compound-v1,0.1.0,PASS,STALE
L1-007,2023-03-06,1.4100630107314993,percent,FRED-derived,DFII5,DFII10,docs/phase2-ingestion/data/macro/raw/fred/DFII5-20260821T015236Z.json,docs/phase2-ingestion/data/macro/raw/fred/DFII10-20260821T015235Z.json,f092dfcc7b003910593614dedb12c59fe399d0a0e1dcc26f4eb423fb3bb7b7b3,dbaf1dee142b5509e1bf9302fb5280656ce6c577224707f82b80f876b57e2ee8,2026-08-21T01:52:36.562263+00:00,2026-08-21T01:52:35.579018+00:00,5y5y-real-forward-compound-v1,0.1.0,PASS,STALE
L1-007,2023-03-07,1.4103183649405437,percent,FRED-derived,DFII5,DFII10,docs/phase2-ingestion/data/macro/raw/fred/DFII5-20260821T015236Z.json,docs/phase2-ingestion/data/macro/raw/fred/DFII10-20260821T015235Z.json,f092dfcc7b003910593614dedb12c59fe399d0a0e1dcc26f4eb423fb3bb7b7b3,dbaf1dee142b5509e1bf9302fb5280656ce6c577224707f82b80f876b57e2ee8,2026-08-21T01:52:36.562263+00:00,2026-08-21T01:52:35.579018+00:00,5y5y-real-forward-compound-v1,0.1.0,PASS,STALE
L1-007,2023-03-08,1.4504329046824305,percent,FRED-derived,DFII5,DFII10,docs/phase2-ingestion/data/macro/raw/fred/DFII5-20260821T015236Z.json,docs/phase2-ingestion/data/macro/raw/fred/DFII10-20260821T015235Z.json,f092dfcc7b003910593614dedb12c59fe399d0a0e1dcc26f4eb423fb3bb7b7b3,dbaf1dee142b5509e1bf9302fb5280656ce6c577224707f82b80f876b57e2ee8,2026-08-21T01:52:36.562263+00:00,2026-08-21T01:52:35.579018+00:00,5y5y-real-forward-compound-v1,0.1.0,PASS,STALE
L1-007,2023-03-09,1.4702514981825177,percent,FRED-derived,DFII5,DFII10,docs/phase2-ingestion/data/macro/raw/fred/DFII5-20260821T015236Z.json,docs/phase2-ingestion/data/macro/raw/fred/DFII10-20260821T015235Z.json,f092dfcc7b003910593614dedb12c59fe399d0a0e1dcc26f4eb423fb3bb7b7b3,dbaf1dee142b5509e1bf9302fb5280656ce6c577224707f82b80f876b57e2ee8,2026-08-21T01:52:36.562263+00:00,2026-08-21T01:52:35.579018+00:00,5y5y-real-forward-compound-v1,0.1.0,PASS,STALE
L1-007,2023-03-10,1.2603188348750072,percent,FRED-derived,DFII5,DFII10,docs/phase2-ingestion/data/macro/raw/fred/DFII5-20260821T015236Z.json,docs/phase2-ingestion/data/macro/raw/fred/DFII10-20260821T015235Z.json,f092dfcc7b003910593614dedb12c59fe399d0a0e1dcc26f4eb423fb3bb7b7b3,dbaf1dee142b5509e1bf9302fb5280656ce6c577224707f82b80f876b57e2ee8,2026-08-21T01:52:36.562263+00:00,2026-08-21T01:52:35.579018+00:00,5y5y-real-forward-compound-v1,0.1.0,PASS,STALE
L1-007,2023-03-13,1.2001193058568616,percent,FRED-derived,DFII5,DFII10,docs/phase2-ingestion/data/macro/raw/fred/DFII5-20260821T015236Z.json,docs/phase2-ingestion/data/macro/raw/fred/DFII10-20260821T015235Z.json,f092dfcc7b003910593614dedb12c59fe399d0a0e1dcc26f4eb423fb3bb7b7b3,dbaf1dee142b5509e1bf9302fb5280656ce6c577224707f82b80f876b57e2ee8,2026-08-21T01:52:36.562263+00:00,2026-08-21T01:52:35.579018+00:00,5y5y-real-forward-compound-v1,0.1.0,PASS,STALE
L1-007,2023-03-14,1.230098590160722,percent,FRED-derived,DFII5,DFII10,docs/phase2-ingestion/data/macro/raw/fred/DFII5-20260821T015236Z.json,docs/phase2-ingestion/data/macro/raw/fred/DFII10-20260821T015235Z.json,f092dfcc7b003910593614dedb12c59fe399d0a0e1dcc26f4eb423fb3bb7b7b3,dbaf1dee142b5509e1bf9302fb5280656ce6c577224707f82b80f876b57e2ee8,2026-08-21T01:52:36.562263+00:00,2026-08-21T01:52:35.579018+00:00,5y5y-real-forward-compound-v1,0.1.0,PASS,STALE
L1-007,2023-03-15,1.1800158009085626,percent,FRED-derived,DFII5,DFII10,docs/phase2-ingestion/data/macro/raw/fred/DFII5-20260821T015236Z.json,docs/phase2-ingestion/data/macro/raw/fred/DFII10-20260821T015235Z.json,f092dfcc7b003910593614dedb12c59fe399d0a0e1dcc26f4eb423fb3bb7b7b3,dbaf1dee142b5509e1bf9302fb5280656ce6c577224707f82b80f876b57e2ee8,2026-08-21T01:52:36.562263+00:00,2026-08-21T01:52:35.579018+00:00,5y5y-real-forward-compound-v1,0.1.0,PASS,STALE
L1-007,2023-03-16,1.2201419278533576,percent,FRED-derived,DFII5,DFII10,docs/phase2-ingestion/data/macro/raw/fred/DFII5-20260821T015236Z.json,docs/phase2-ingestion/data/macro/raw/fred/DFII10-20260821T015235Z.json,f092dfcc7b003910593614dedb12c59fe399d0a0e1dcc26f4eb423fb3bb7b7b3,dbaf1dee142b5509e1bf9302fb5280656ce6c577224707f82b80f876b57e2ee8,2026-08-21T01:52:36.562263+00:00,2026-08-21T01:52:35.579018+00:00,5y5y-real-forward-compound-v1,0.1.0,PASS,STALE
L1-007,2023-03-17,1.240024669429629,percent,FRED-derived,DFII5,DFII10,docs/phase2-ingestion/data/macro/raw/fred/DFII5-20260821T015236Z.json,docs/phase2-ingestion/data/macro/raw/fred/DFII10-20260821T015235Z.json,f092dfcc7b003910593614dedb12c59fe399d0a0e1dcc26f4eb423fb3bb7b7b3,dbaf1dee142b5509e1bf9302fb5280656ce6c577224707f82b80f876b57e2ee8,2026-08-21T01:52:36.562263+00:00,2026-08-21T01:52:35.579018+00:00,5y5y-real-forward-compound-v1,0.1.0,PASS,STALE
L1-007,2023-03-20,1.2400798659041756,percent,FRED-derived,DFII5,DFII10,docs/phase2-ingestion/data/macro/raw/fred/DFII5-20260821T015236Z.json,docs/phase2-ingestion/data/macro/raw/fred/DFII10-20260821T015235Z.json,f092dfcc7b003910593614dedb12c59fe399d0a0e1dcc26f4eb423fb3bb7b7b3,dbaf1dee142b5509e1bf9302fb5280656ce6c577224707f82b80f876b57e2ee8,2026-08-21T01:52:36.562263+00:00,2026-08-21T01:52:35.579018+00:00,5y5y-real-forward-compound-v1,0.1.0,PASS,STALE
L1-007,2023-03-21,1.2401418998817748,percent,FRED-derived,DFII5,DFII10,docs/phase2-ingestion/data/macro/raw/fred/DFII5-20260821T015236Z.json,docs/phase2-ingestion/data/macro/raw/fred/DFII10-20260821T015235Z.json,f092dfcc7b003910593614dedb12c59fe399d0a0e1dcc26f4eb423fb3bb7b7b3,dbaf1dee142b5509e1bf9302fb5280656ce6c577224707f82b80f876b57e2ee8,2026-08-21T01:52:36.562263+00:00,2026-08-21T01:52:35.579018+00:00,5y5y-real-forward-compound-v1,0.1.0,PASS,STALE
L1-007,2023-03-22,1.170008890645069,percent,FRED-derived,DFII5,DFII10,docs/phase2-ingestion/data/macro/raw/fred/DFII5-20260821T015236Z.json,docs/phase2-ingestion/data/macro/raw/fred/DFII10-20260821T015235Z.json,f092dfcc7b003910593614dedb12c59fe399d0a0e1dcc26f4eb423fb3bb7b7b3,dbaf1dee142b5509e1bf9302fb5280656ce6c577224707f82b80f876b57e2ee8,2026-08-21T01:52:36.562263+00:00,2026-08-21T01:52:35.579018+00:00,5y5y-real-forward-compound-v1,0.1.0,PASS,STALE
L1-007,2023-03-23,1.2500355977454802,percent,FRED-derived,DFII5,DFII10,docs/phase2-ingestion/data/macro/raw/fred/DFII5-20260821T015236Z.json,docs/phase2-ingestion/data/macro/raw/fred/DFII10-20260821T015235Z.json,f092dfcc7b003910593614dedb12c59fe399d0a0e1dcc26f4eb423fb3bb7b7b3,dbaf1dee142b5509e1bf9302fb5280656ce6c577224707f82b80f876b57e2ee8,2026-08-21T01:52:36.562263+00:00,2026-08-21T01:52:35.579018+00:00,5y5y-real-forward-compound-v1,0.1.0,PASS,STALE
L1-007,2023-03-24,1.1200158102766755,percent,FRED-derived,DFII5,DFII10,docs/phase2-ingestion/data/macro/raw/fred/DFII5-20260821T015236Z.json,docs/phase2-ingestion/data/macro/raw/fred/DFII10-20260821T015235Z.json,f092dfcc7b003910593614dedb12c59fe399d0a0e1dcc26f4eb423fb3bb7b7b3,dbaf1dee142b5509e1bf9302fb5280656ce6c577224707f82b80f876b57e2ee8,2026-08-21T01:52:36.562263+00:00,2026-08-21T01:52:35.579018+00:00,5y5y-real-forward-compound-v1,0.1.0,PASS,STALE
L1-007,2023-03-27,1.2600088827477096,percent,FRED-derived,DFII5,DFII10,docs/phase2-ingestion/data/macro/raw/fred/DFII5-20260821T015236Z.json,docs/phase2-ingestion/data/macro/raw/fred/DFII10-20260821T015235Z.json,f092dfcc7b003910593614dedb12c59fe399d0a0e1dcc26f4eb423fb3bb7b7b3,dbaf1dee142b5509e1bf9302fb5280656ce6c577224707f82b80f876b57e2ee8,2026-08-21T01:52:36.562263+00:00,2026-08-21T01:52:35.579018+00:00,5y5y-real-forward-compound-v1,0.1.0,PASS,STALE
L1-007,2023-03-28,1.1900246816072713,percent,FRED-derived,DFII5,DFII10,docs/phase2-ingestion/data/macro/raw/fred/DFII5-20260821T015236Z.json,docs/phase2-ingestion/data/macro/raw/fred/DFII10-20260821T015235Z.json,f092dfcc7b003910593614dedb12c59fe399d0a0e1dcc26f4eb423fb3bb7b7b3,dbaf1dee142b5509e1bf9302fb5280656ce6c577224707f82b80f876b57e2ee8,2026-08-21T01:52:36.562263+00:00,2026-08-21T01:52:35.579018+00:00,5y5y-real-forward-compound-v1,0.1.0,PASS,STALE
L1-007,2023-03-29,1.1900246816072713,percent,FRED-derived,DFII5,DFII10,docs/phase2-ingestion/data/macro/raw/fred/DFII5-20260821T015236Z.json,docs/phase2-ingestion/data/macro/raw/fred/DFII10-20260821T015235Z.json,f092dfcc7b003910593614dedb12c59fe399d0a0e1dcc26f4eb423fb3bb7b7b3,dbaf1dee142b5509e1bf9302fb5280656ce6c577224707f82b80f876b57e2ee8,2026-08-21T01:52:36.562263+00:00,2026-08-21T01:52:35.579018+00:00,5y5y-real-forward-compound-v1,0.1.0,PASS,STALE
L1-007,2023-03-30,1.1600246889196253,percent,FRED-derived,DFII5,DFII10,docs/phase2-ingestion/data/macro/raw/fred/DFII5-20260821T015236Z.json,docs/phase2-ingestion/data/macro/raw/fred/DFII10-20260821T015235Z.json,f092dfcc7b003910593614dedb12c59fe399d0a0e1dcc26f4eb423fb3bb7b7b3,dbaf1dee142b5509e1bf9302fb5280656ce6c577224707f82b80f876b57e2ee8,2026-08-21T01:52:36.562263+00:00,2026-08-21T01:52:35.579018+00:00,5y5y-real-forward-compound-v1,0.1.0,PASS,STALE
L1-007,2023-03-31,1.1200158102766755,percent,FRED-derived,DFII5,DFII10,docs/phase2-ingestion/data/macro/raw/fred/DFII5-20260821T015236Z.json,docs/phase2-ingestion/data/macro/raw/fred/DFII10-20260821T015235Z.json,f092dfcc7b003910593614dedb12c59fe399d0a0e1dcc26f4eb423fb3bb7b7b3,dbaf1dee142b5509e1bf9302fb5280656ce6c577224707f82b80f876b57e2ee8,2026-08-21T01:52:36.562263+00:00,2026-08-21T01:52:35.579018+00:00,5y5y-real-forward-compound-v1,0.1.0,PASS,STALE
L1-007,2023-04-03,1.1500009888262719,percent,FRED-derived,DFII5,DFII10,docs/phase2-ingestion/data/macro/raw/fred/DFII5-20260821T015236Z.json,docs/phase2-ingestion/data/macro/raw/fred/DFII10-20260821T015235Z.json,f092dfcc7b003910593614dedb12c59fe399d0a0e1dcc26f4eb423fb3bb7b7b3,dbaf1dee142b5509e1bf9302fb5280656ce6c577224707f82b80f876b57e2ee8,2026-08-21T01:52:36.562263+00:00,2026-08-21T01:52:35.579018+00:00,5y5y-real-forward-compound-v1,0.1.0,PASS,STALE
L1-007,2023-04-04,1.1300089047194817,percent,FRED-derived,DFII5,DFII10,docs/phase2-ingestion/data/macro/raw/fred/DFII5-20260821T015236Z.json,docs/phase2-ingestion/data/macro/raw/fred/DFII10-20260821T015235Z.json,f092dfcc7b003910593614dedb12c59fe399d0a0e1dcc26f4eb423fb3bb7b7b3,dbaf1dee142b5509e1bf9302fb5280656ce6c577224707f82b80f876b57e2ee8,2026-08-21T01:52:36.562263+00:00,2026-08-21T01:52:35.579018+00:00,5y5y-real-forward-compound-v1,0.1.0,PASS,STALE
L1-007,2023-04-05,1.0699999999999932,percent,FRED-derived,DFII5,DFII10,docs/phase2-ingestion/data/macro/raw/fred/DFII5-20260821T015236Z.json,docs/phase2-ingestion/data/macro/raw/fred/DFII10-20260821T015235Z.json,f092dfcc7b003910593614dedb12c59fe399d0a0e1dcc26f4eb423fb3bb7b7b3,dbaf1dee142b5509e1bf9302fb5280656ce6c577224707f82b80f876b57e2ee8,2026-08-21T01:52:36.562263+00:00,2026-08-21T01:52:35.579018+00:00,5y5y-real-forward-compound-v1,0.1.0,PASS,STALE
L1-007,2023-04-06,1.0599999999999943,percent,FRED-derived,DFII5,DFII10,docs/phase2-ingestion/data/macro/raw/fred/DFII5-20260821T015236Z.json,docs/phase2-ingestion/data/macro/raw/fred/DFII10-20260821T015235Z.json,f092dfcc7b003910593614dedb12c59fe399d0a0e1dcc26f4eb423fb3bb7b7b3,dbaf1dee142b5509e1bf9302fb5280656ce6c577224707f82b80f876b57e2ee8,2026-08-21T01:52:36.562263+00:00,2026-08-21T01:52:35.579018+00:00,5y5y-real-forward-compound-v1,0.1.0,PASS,STALE
L1-007,2023-04-07,1.120003954132076,percent,FRED-derived,DFII5,DFII10,docs/phase2-ingestion/data/macro/raw/fred/DFII5-20260821T015236Z.json,docs/phase2-ingestion/data/macro/raw/fred/DFII10-20260821T015235Z.json,f092dfcc7b003910593614dedb12c59fe399d0a0e1dcc26f4eb423fb3bb7b7b3,dbaf1dee142b5509e1bf9302fb5280656ce6c577224707f82b80f876b57e2ee8,2026-08-21T01:52:36.562263+00:00,2026-08-21T01:52:35.579018+00:00,5y5y-real-forward-compound-v1,0.1.0,PASS,STALE
L1-007,2023-04-10,1.1000158134018667,percent,FRED-derived,DFII5,DFII10,docs/phase2-ingestion/data/macro/raw/fred/DFII5-20260821T015236Z.json,docs/phase2-ingestion/data/macro/raw/fred/DFII10-20260821T015235Z.json,f092dfcc7b003910593614dedb12c59fe399d0a0e1dcc26f4eb423fb3bb7b7b3,dbaf1dee142b5509e1bf9302fb5280656ce6c577224707f82b80f876b57e2ee8,2026-08-21T01:52:36.562263+00:00,2026-08-21T01:52:35.579018+00:00,5y5y-real-forward-compound-v1,0.1.0,PASS,STALE
L1-007,2023-04-11,1.1000158134018667,percent,FRED-derived,DFII5,DFII10,docs/phase2-ingestion/data/macro/raw/fred/DFII5-20260821T015236Z.json,docs/phase2-ingestion/data/macro/raw/fred/DFII10-20260821T015235Z.json,f092dfcc7b003910593614dedb12c59fe399d0a0e1dcc26f4eb423fb3bb7b7b3,dbaf1dee142b5509e1bf9302fb5280656ce6c577224707f82b80f876b57e2ee8,2026-08-21T01:52:36.562263+00:00,2026-08-21T01:52:35.579018+00:00,5y5y-real-forward-compound-v1,0.1.0,PASS,STALE
L1-007,2023-04-12,1.110008895917769,percent,FRED-derived,DFII5,DFII10,docs/phase2-ingestion/data/macro/raw/fred/DFII5-20260821T015236Z.json,docs/phase2-ingestion/data/macro/raw/fred/DFII10-20260821T015235Z.json,f092dfcc7b003910593614dedb12c59fe399d0a0e1dcc26f4eb423fb3bb7b7b3,dbaf1dee142b5509e1bf9302fb5280656ce6c577224707f82b80f876b57e2ee8,2026-08-21T01:52:36.562263+00:00,2026-08-21T01:52:35.579018+00:00,5y5y-real-forward-compound-v1,0.1.0,PASS,STALE
L1-007,2023-04-13,1.10003556609366,percent,FRED-derived,DFII5,DFII10,docs/phase2-ingestion/data/macro/raw/fred/DFII5-20260821T015236Z.json,docs/phase2-ingestion/data/macro/raw/fred/DFII10-20260821T015235Z.json,f092dfcc7b003910593614dedb12c59fe399d0a0e1dcc26f4eb423fb3bb7b7b3,dbaf1dee142b5509e1bf9302fb5280656ce6c577224707f82b80f876b57e2ee8,2026-08-21T01:52:36.562263+00:00,2026-08-21T01:52:35.579018+00:00,5y5y-real-forward-compound-v1,0.1.0,PASS,STALE
L1-007,2023-04-14,1.1500483759502522,percent,FRED-derived,DFII5,DFII10,docs/phase2-ingestion/data/macro/raw/fred/DFII5-20260821T015236Z.json,docs/phase2-ingestion/data/macro/raw/fred/DFII10-20260821T015235Z.json,f092dfcc7b003910593614dedb12c59fe399d0a0e1dcc26f4eb423fb3bb7b7b3,dbaf1dee142b5509e1bf9302fb5280656ce6c577224707f82b80f876b57e2ee8,2026-08-21T01:52:36.562263+00:00,2026-08-21T01:52:35.579018+00:00,5y5y-real-forward-compound-v1,0.1.0,PASS,STALE
L1-007,2023-04-17,1.2200355239786687,percent,FRED-derived,DFII5,DFII10,docs/phase2-ingestion/data/macro/raw/fred/DFII5-20260821T015236Z.json,docs/phase2-ingestion/data/macro/raw/fred/DFII10-20260821T015235Z.json,f092dfcc7b003910593614dedb12c59fe399d0a0e1dcc26f4eb423fb3bb7b7b3,dbaf1dee142b5509e1bf9302fb5280656ce6c577224707f82b80f876b57e2ee8,2026-08-21T01:52:36.562263+00:00,2026-08-21T01:52:35.579018+00:00,5y5y-real-forward-compound-v1,0.1.0,PASS,STALE
L1-007,2023-04-18,1.2400355169691846,percent,FRED-derived,DFII5,DFII10,docs/phase2-ingestion/data/macro/raw/fred/DFII5-20260821T015236Z.json,docs/phase2-ingestion/data/macro/raw/fred/DFII10-20260821T015235Z.json,f092dfcc7b003910593614dedb12c59fe399d0a0e1dcc26f4eb423fb3bb7b7b3,dbaf1dee142b5509e1bf9302fb5280656ce6c577224707f82b80f876b57e2ee8,2026-08-21T01:52:36.562263+00:00,2026-08-21T01:52:35.579018+00:00,5y5y-real-forward-compound-v1,0.1.0,PASS,STALE
L1-007,2023-04-19,1.2600355099625427,percent,FRED-derived,DFII5,DFII10,docs/phase2-ingestion/data/macro/raw/fred/DFII5-20260821T015236Z.json,docs/phase2-ingestion/data/macro/raw/fred/DFII10-20260821T015235Z.json,f092dfcc7b003910593614dedb12c59fe399d0a0e1dcc26f4eb423fb3bb7b7b3,dbaf1dee142b5509e1bf9302fb5280656ce6c577224707f82b80f876b57e2ee8,2026-08-21T01:52:36.562263+00:00,2026-08-21T01:52:35.579018+00:00,5y5y-real-forward-compound-v1,0.1.0,PASS,STALE
L1-007,2023-04-20,1.2100483473112655,percent,FRED-derived,DFII5,DFII10,docs/phase2-ingestion/data/macro/raw/fred/DFII5-20260821T015236Z.json,docs/phase2-ingestion/data/macro/raw/fred/DFII10-20260821T015235Z.json,f092dfcc7b003910593614dedb12c59fe399d0a0e1dcc26f4eb423fb3bb7b7b3,dbaf1dee142b5509e1bf9302fb5280656ce6c577224707f82b80f876b57e2ee8,2026-08-21T01:52:36.562263+00:00,2026-08-21T01:52:35.579018+00:00,5y5y-real-forward-compound-v1,0.1.0,PASS,STALE
L1-007,2023-04-21,1.2200483425414133,percent,FRED-derived,DFII5,DFII10,docs/phase2-ingestion/data/macro/raw/fred/DFII5-20260821T015236Z.json,docs/phase2-ingestion/data/macro/raw/fred/DFII10-20260821T015235Z.json,f092dfcc7b003910593614dedb12c59fe399d0a0e1dcc26f4eb423fb3bb7b7b3,dbaf1dee142b5509e1bf9302fb5280656ce6c577224707f82b80f876b57e2ee8,2026-08-21T01:52:36.562263+00:00,2026-08-21T01:52:35.579018+00:00,5y5y-real-forward-compound-v1,0.1.0,PASS,STALE
L1-007,2023-04-24,1.210008887133407,percent,FRED-derived,DFII5,DFII10,docs/phase2-ingestion/data/macro/raw/fred/DFII5-20260821T015236Z.json,docs/phase2-ingestion/data/macro/raw/fred/DFII10-20260821T015235Z.json,f092dfcc7b003910593614dedb12c59fe399d0a0e1dcc26f4eb423fb3bb7b7b3,dbaf1dee142b5509e1bf9302fb5280656ce6c577224707f82b80f876b57e2ee8,2026-08-21T01:52:36.562263+00:00,2026-08-21T01:52:35.579018+00:00,5y5y-real-forward-compound-v1,0.1.0,PASS,STALE
L1-007,2023-04-25,1.130003953741232,percent,FRED-derived,DFII5,DFII10,docs/phase2-ingestion/data/macro/raw/fred/DFII5-20260821T015236Z.json,docs/phase2-ingestion/data/macro/raw/fred/DFII10-20260821T015235Z.json,f092dfcc7b003910593614dedb12c59fe399d0a0e1dcc26f4eb423fb3bb7b7b3,dbaf1dee142b5509e1bf9302fb5280656ce6c577224707f82b80f876b57e2ee8,2026-08-21T01:52:36.562263+00:00,2026-08-21T01:52:35.579018+00:00,5y5y-real-forward-compound-v1,0.1.0,PASS,STALE
L1-007,2023-04-26,1.1600039525691663,percent,FRED-derived,DFII5,DFII10,docs/phase2-ingestion/data/macro/raw/fred/DFII5-20260821T015236Z.json,docs/phase2-ingestion/data/macro/raw/fred/DFII10-20260821T015235Z.json,f092dfcc7b003910593614dedb12c59fe399d0a0e1dcc26f4eb423fb3bb7b7b3,dbaf1dee142b5509e1bf9302fb5280656ce6c577224707f82b80f876b57e2ee8,2026-08-21T01:52:36.562263+00:00,2026-08-21T01:52:35.579018+00:00,5y5y-real-forward-compound-v1,0.1.0,PASS,STALE
L1-007,2023-04-27,1.2100246767347445,percent,FRED-derived,DFII5,DFII10,docs/phase2-ingestion/data/macro/raw/fred/DFII5-20260821T015236Z.json,docs/phase2-ingestion/data/macro/raw/fred/DFII10-20260821T015235Z.json,f092dfcc7b003910593614dedb12c59fe399d0a0e1dcc26f4eb423fb3bb7b7b3,dbaf1dee142b5509e1bf9302fb5280656ce6c577224707f82b80f876b57e2ee8,2026-08-21T01:52:36.562263+00:00,2026-08-21T01:52:35.579018+00:00,5y5y-real-forward-compound-v1,0.1.0,PASS,STALE
L1-007,2023-04-28,1.2100246767347445,percent,FRED-derived,DFII5,DFII10,docs/phase2-ingestion/data/macro/raw/fred/DFII5-20260821T015236Z.json,docs/phase2-ingestion/data/macro/raw/fred/DFII10-20260821T015235Z.json,f092dfcc7b003910593614dedb12c59fe399d0a0e1dcc26f4eb423fb3bb7b7b3,dbaf1dee142b5509e1bf9302fb5280656ce6c577224707f82b80f876b57e2ee8,2026-08-21T01:52:36.562263+00:00,2026-08-21T01:52:35.579018+00:00,5y5y-real-forward-compound-v1,0.1.0,PASS,STALE
L1-007,2023-05-01,1.3200157790927092,percent,FRED-derived,DFII5,DFII10,docs/phase2-ingestion/data/macro/raw/fred/DFII5-20260821T015236Z.json,docs/phase2-ingestion/data/macro/raw/fred/DFII10-20260821T015235Z.json,f092dfcc7b003910593614dedb12c59fe399d0a0e1dcc26f4eb423fb3bb7b7b3,dbaf1dee142b5509e1bf9302fb5280656ce6c577224707f82b80f876b57e2ee8,2026-08-21T01:52:36.562263+00:00,2026-08-21T01:52:35.579018+00:00,5y5y-real-forward-compound-v1,0.1.0,PASS,STALE
L1-007,2023-05-02,1.2000157977883008,percent,FRED-derived,DFII5,DFII10,docs/phase2-ingestion/data/macro/raw/fred/DFII5-20260821T015236Z.json,docs/phase2-ingestion/data/macro/raw/fred/DFII10-20260821T015235Z.json,f092dfcc7b003910593614dedb12c59fe399d0a0e1dcc26f4eb423fb3bb7b7b3,dbaf1dee142b5509e1bf9302fb5280656ce6c577224707f82b80f876b57e2ee8,2026-08-21T01:52:36.562263+00:00,2026-08-21T01:52:35.579018+00:00,5y5y-real-forward-compound-v1,0.1.0,PASS,STALE
L1-007,2023-05-03,1.1800000000000033,percent,FRED-derived,DFII5,DFII10,docs/phase2-ingestion/data/macro/raw/fred/DFII5-20260821T015236Z.json,docs/phase2-ingestion/data/macro/raw/fred/DFII10-20260821T015235Z.json,f092dfcc7b003910593614dedb12c59fe399d0a0e1dcc26f4eb423fb3bb7b7b3,dbaf1dee142b5509e1bf9302fb5280656ce6c577224707f82b80f876b57e2ee8,2026-08-21T01:52:36.562263+00:00,2026-08-21T01:52:35.579018+00:00,5y5y-real-forward-compound-v1,0.1.0,PASS,STALE
L1-007,2023-05-04,1.2000039541320673,percent,FRED-derived,DFII5,DFII10,docs/phase2-ingestion/data/macro/raw/fred/DFII5-20260821T015236Z.json,docs/phase2-ingestion/data/macro/raw/fred/DFII10-20260821T015235Z.json,f092dfcc7b003910593614dedb12c59fe399d0a0e1dcc26f4eb423fb3bb7b7b3,dbaf1dee142b5509e1bf9302fb5280656ce6c577224707f82b80f876b57e2ee8,2026-08-21T01:52:36.562263+00:00,2026-08-21T01:52:35.579018+00:00,5y5y-real-forward-compound-v1,0.1.0,PASS,STALE
L1-007,2023-05-05,1.2400009879470542,percent,FRED-derived,DFII5,DFII10,docs/phase2-ingestion/data/macro/raw/fred/DFII5-20260821T015236Z.json,docs/phase2-ingestion/data/macro/raw/fred/DFII10-20260821T015235Z.json,f092dfcc7b003910593614dedb12c59fe399d0a0e1dcc26f4eb423fb3bb7b7b3,dbaf1dee142b5509e1bf9302fb5280656ce6c577224707f82b80f876b57e2ee8,2026-08-21T01:52:36.562263+00:00,2026-08-21T01:52:35.579018+00:00,5y5y-real-forward-compound-v1,0.1.0,PASS,STALE
L1-007,2023-05-08,1.3100039498370686,percent,FRED-derived,DFII5,DFII10,docs/phase2-ingestion/data/macro/raw/fred/DFII5-20260821T015236Z.json,docs/phase2-ingestion/data/macro/raw/fred/DFII10-20260821T015235Z.json,f092dfcc7b003910593614dedb12c59fe399d0a0e1dcc26f4eb423fb3bb7b7b3,dbaf1dee142b5509e1bf9302fb5280656ce6c577224707f82b80f876b57e2ee8,2026-08-21T01:52:36.562263+00:00,2026-08-21T01:52:35.579018+00:00,5y5y-real-forward-compound-v1,0.1.0,PASS,STALE
L1-007,2023-05-09,1.3100009872642815,percent,FRED-derived,DFII5,DFII10,docs/phase2-ingestion/data/macro/raw/fred/DFII5-20260821T015236Z.json,docs/phase2-ingestion/data/macro/raw/fred/DFII10-20260821T015235Z.json,f092dfcc7b003910593614dedb12c59fe399d0a0e1dcc26f4eb423fb3bb7b7b3,dbaf1dee142b5509e1bf9302fb5280656ce6c577224707f82b80f876b57e2ee8,2026-08-21T01:52:36.562263+00:00,2026-08-21T01:52:35.579018+00:00,5y5y-real-forward-compound-v1,0.1.0,PASS,STALE
L1-007,2023-05-10,1.2800039510074912,percent,FRED-derived,DFII5,DFII10,docs/phase2-ingestion/data/macro/raw/fred/DFII5-20260821T015236Z.json,docs/phase2-ingestion/data/macro/raw/fred/DFII10-20260821T015235Z.json,f092dfcc7b003910593614dedb12c59fe399d0a0e1dcc26f4eb423fb3bb7b7b3,dbaf1dee142b5509e1bf9302fb5280656ce6c577224707f82b80f876b57e2ee8,2026-08-21T01:52:36.562263+00:00,2026-08-21T01:52:35.579018+00:00,5y5y-real-forward-compound-v1,0.1.0,PASS,STALE
L1-007,2023-05-11,1.2000088880110615,percent,FRED-derived,DFII5,DFII10,docs/phase2-ingestion/data/macro/raw/fred/DFII5-20260821T015236Z.json,docs/phase2-ingestion/data/macro/raw/fred/DFII10-20260821T015235Z.json,f092dfcc7b003910593614dedb12c59fe399d0a0e1dcc26f4eb423fb3bb7b7b3,dbaf1dee142b5509e1bf9302fb5280656ce6c577224707f82b80f876b57e2ee8,2026-08-21T01:52:36.562263+00:00,2026-08-21T01:52:35.579018+00:00,5y5y-real-forward-compound-v1,0.1.0,PASS,STALE
L1-007,2023-05-12,1.2200355239786687,percent,FRED-derived,DFII5,DFII10,docs/phase2-ingestion/data/macro/raw/fred/DFII5-20260821T015236Z.json,docs/phase2-ingestion/data/macro/raw/fred/DFII10-20260821T015235Z.json,f092dfcc7b003910593614dedb12c59fe399d0a0e1dcc26f4eb423fb3bb7b7b3,dbaf1dee142b5509e1bf9302fb5280656ce6c577224707f82b80f876b57e2ee8,2026-08-21T01:52:36.562263+00:00,2026-08-21T01:52:35.579018+00:00,5y5y-real-forward-compound-v1,0.1.0,PASS,STALE
L1-007,2023-05-15,1.2800088809946875,percent,FRED-derived,DFII5,DFII10,docs/phase2-ingestion/data/macro/raw/fred/DFII5-20260821T015236Z.json,docs/phase2-ingestion/data/macro/raw/fred/DFII10-20260821T015235Z.json,f092dfcc7b003910593614dedb12c59fe399d0a0e1dcc26f4eb423fb3bb7b7b3,dbaf1dee142b5509e1bf9302fb5280656ce6c577224707f82b80f876b57e2ee8,2026-08-21T01:52:36.562263+00:00,2026-08-21T01:52:35.579018+00:00,5y5y-real-forward-compound-v1,0.1.0,PASS,STALE
L1-007,2023-05-16,1.2900354994576535,percent,FRED-derived,DFII5,DFII10,docs/phase2-ingestion/data/macro/raw/fred/DFII5-20260821T015236Z.json,docs/phase2-ingestion/data/macro/raw/fred/DFII10-20260821T015235Z.json,f092dfcc7b003910593614dedb12c59fe399d0a0e1dcc26f4eb423fb3bb7b7b3,dbaf1dee142b5509e1bf9302fb5280656ce6c577224707f82b80f876b57e2ee8,2026-08-21T01:52:36.562263+00:00,2026-08-21T01:52:35.579018+00:00,5y5y-real-forward-compound-v1,0.1.0,PASS,STALE
L1-007,2023-05-17,1.2800483139420393,percent,FRED-derived,DFII5,DFII10,docs/phase2-ingestion/data/macro/raw/fred/DFII5-20260821T015236Z.json,docs/phase2-ingestion/data/macro/raw/fred/DFII10-20260821T015235Z.json,f092dfcc7b003910593614dedb12c59fe399d0a0e1dcc26f4eb423fb3bb7b7b3,dbaf1dee142b5509e1bf9302fb5280656ce6c577224707f82b80f876b57e2ee8,2026-08-21T01:52:36.562263+00:00,2026-08-21T01:52:35.579018+00:00,5y5y-real-forward-compound-v1,0.1.0,PASS,STALE
L1-007,2023-05-18,1.3101191765980458,percent,FRED-derived,DFII5,DFII10,docs/phase2-ingestion/data/macro/raw/fred/DFII5-20260821T015236Z.json,docs/phase2-ingestion/data/macro/raw/fred/DFII10-20260821T015235Z.json,f092dfcc7b003910593614dedb12c59fe399d0a0e1dcc26f4eb423fb3bb7b7b3,dbaf1dee142b5509e1bf9302fb5280656ce6c577224707f82b80f876b57e2ee8,2026-08-21T01:52:36.562263+00:00,2026-08-21T01:52:35.579018+00:00,5y5y-real-forward-compound-v1,0.1.0,PASS,STALE
L1-007,2023-05-19,1.3501191296642512,percent,FRED-derived,DFII5,DFII10,docs/phase2-ingestion/data/macro/raw/fred/DFII5-20260821T015236Z.json,docs/phase2-ingestion/data/macro/raw/fred/DFII10-20260821T015235Z.json,f092dfcc7b003910593614dedb12c59fe399d0a0e1dcc26f4eb423fb3bb7b7b3,dbaf1dee142b5509e1bf9302fb5280656ce6c577224707f82b80f876b57e2ee8,2026-08-21T01:52:36.562263+00:00,2026-08-21T01:52:35.579018+00:00,5y5y-real-forward-compound-v1,0.1.0,PASS,STALE
L1-007,2023-05-22,1.3701191062112317,percent,FRED-derived,DFII5,DFII10,docs/phase2-ingestion/data/macro/raw/fred/DFII5-20260821T015236Z.json,docs/phase2-ingestion/data/macro/raw/fred/DFII10-20260821T015235Z.json,f092dfcc7b003910593614dedb12c59fe399d0a0e1dcc26f4eb423fb3bb7b7b3,dbaf1dee142b5509e1bf9302fb5280656ce6c577224707f82b80f876b57e2ee8,2026-08-21T01:52:36.562263+00:00,2026-08-21T01:52:35.579018+00:00,5y5y-real-forward-compound-v1,0.1.0,PASS,STALE
L1-007,2023-05-23,1.33011915312653,percent,FRED-derived,DFII5,DFII10,docs/phase2-ingestion/data/macro/raw/fred/DFII5-20260821T015236Z.json,docs/phase2-ingestion/data/macro/raw/fred/DFII10-20260821T015235Z.json,f092dfcc7b003910593614dedb12c59fe399d0a0e1dcc26f4eb423fb3bb7b7b3,dbaf1dee142b5509e1bf9302fb5280656ce6c577224707f82b80f876b57e2ee8,2026-08-21T01:52:36.562263+00:00,2026-08-21T01:52:35.579018+00:00,5y5y-real-forward-compound-v1,0.1.0,PASS,STALE
L1-007,2023-05-24,1.350166322212365,percent,FRED-derived,DFII5,DFII10,docs/phase2-ingestion/data/macro/raw/fred/DFII5-20260821T015236Z.json,docs/phase2-ingestion/data/macro/raw/fred/DFII10-20260821T015235Z.json,f092dfcc7b003910593614dedb12c59fe399d0a0e1dcc26f4eb423fb3bb7b7b3,dbaf1dee142b5509e1bf9302fb5280656ce6c577224707f82b80f876b57e2ee8,2026-08-21T01:52:36.562263+00:00,2026-08-21T01:52:35.579018+00:00,5y5y-real-forward-compound-v1,0.1.0,PASS,STALE
L1-007,2023-05-25,1.3803930045195534,percent,FRED-derived,DFII5,DFII10,docs/phase2-ingestion/data/macro/raw/fred/DFII5-20260821T015236Z.json,docs/phase2-ingestion/data/macro/raw/fred/DFII10-20260821T015235Z.json,f092dfcc7b003910593614dedb12c59fe399d0a0e1dcc26f4eb423fb3bb7b7b3,dbaf1dee142b5509e1bf9302fb5280656ce6c577224707f82b80f876b57e2ee8,2026-08-21T01:52:36.562263+00:00,2026-08-21T01:52:35.579018+00:00,5y5y-real-forward-compound-v1,0.1.0,PASS,STALE
L1-007,2023-05-26,1.350475488751357,percent,FRED-derived,DFII5,DFII10,docs/phase2-ingestion/data/macro/raw/fred/DFII5-20260821T015236Z.json,docs/phase2-ingestion/data/macro/raw/fred/DFII10-20260821T015235Z.json,f092dfcc7b003910593614dedb12c59fe399d0a0e1dcc26f4eb423fb3bb7b7b3,dbaf1dee142b5509e1bf9302fb5280656ce6c577224707f82b80f876b57e2ee8,2026-08-21T01:52:36.562263+00:00,2026-08-21T01:52:35.579018+00:00,5y5y-real-forward-compound-v1,0.1.0,PASS,STALE
L1-007,2023-05-30,1.250475956337893,percent,FRED-derived,DFII5,DFII10,docs/phase2-ingestion/data/macro/raw/fred/DFII5-20260821T015236Z.json,docs/phase2-ingestion/data/macro/raw/fred/DFII10-20260821T015235Z.json,f092dfcc7b003910593614dedb12c59fe399d0a0e1dcc26f4eb423fb3bb7b7b3,dbaf1dee142b5509e1bf9302fb5280656ce6c577224707f82b80f876b57e2ee8,2026-08-21T01:52:36.562263+00:00,2026-08-21T01:52:35.579018+00:00,5y5y-real-forward-compound-v1,0.1.0,PASS,STALE
L1-007,2023-05-31,1.250433756270275,percent,FRED-derived,DFII5,DFII10,docs/phase2-ingestion/data/macro/raw/fred/DFII5-20260821T015236Z.json,docs/phase2-ingestion/data/macro/raw/fred/DFII10-20260821T015235Z.json,f092dfcc7b003910593614dedb12c59fe399d0a0e1dcc26f4eb423fb3bb7b7b3,dbaf1dee142b5509e1bf9302fb5280656ce6c577224707f82b80f876b57e2ee8,2026-08-21T01:52:36.562263+00:00,2026-08-21T01:52:35.579018+00:00,5y5y-real-forward-compound-v1,0.1.0,PASS,STALE
L1-007,2023-06-01,1.2703188035029012,percent,FRED-derived,DFII5,DFII10,docs/phase2-ingestion/data/macro/raw/fred/DFII5-20260821T015236Z.json,docs/phase2-ingestion/data/macro/raw/fred/DFII10-20260821T015235Z.json,f092dfcc7b003910593614dedb12c59fe399d0a0e1dcc26f4eb423fb3bb7b7b3,dbaf1dee142b5509e1bf9302fb5280656ce6c577224707f82b80f876b57e2ee8,2026-08-21T01:52:36.562263+00:00,2026-08-21T01:52:35.579018+00:00,5y5y-real-forward-compound-v1,0.1.0,PASS,STALE
L1-007,2023-06-02,1.3103932749975344,percent,FRED-derived,DFII5,DFII10,docs/phase2-ingestion/data/macro/raw/fred/DFII5-20260821T015236Z.json,docs/phase2-ingestion/data/macro/raw/fred/DFII10-20260821T015235Z.json,f092dfcc7b003910593614dedb12c59fe399d0a0e1dcc26f4eb423fb3bb7b7b3,dbaf1dee142b5509e1bf9302fb5280656ce6c577224707f82b80f876b57e2ee8,2026-08-21T01:52:36.562263+00:00,2026-08-21T01:52:35.579018+00:00,5y5y-real-forward-compound-v1,0.1.0,PASS,STALE
L1-007,2023-06-05,1.3302842529753,percent,FRED-derived,DFII5,DFII10,docs/phase2-ingestion/data/macro/raw/fred/DFII5-20260821T015236Z.json,docs/phase2-ingestion/data/macro/raw/fred/DFII10-20260821T015235Z.json,f092dfcc7b003910593614dedb12c59fe399d0a0e1dcc26f4eb423fb3bb7b7b3,dbaf1dee142b5509e1bf9302fb5280656ce6c577224707f82b80f876b57e2ee8,2026-08-21T01:52:36.562263+00:00,2026-08-21T01:52:35.579018+00:00,5y5y-real-forward-compound-v1,0.1.0,PASS,STALE
L1-007,2023-06-06,1.2904335856847915,percent,FRED-derived,DFII5,DFII10,docs/phase2-ingestion/data/macro/raw/fred/DFII5-20260821T015236Z.json,docs/phase2-ingestion/data/macro/raw/fred/DFII10-20260821T015235Z.json,f092dfcc7b003910593614dedb12c59fe399d0a0e1dcc26f4eb423fb3bb7b7b3,dbaf1dee142b5509e1bf9302fb5280656ce6c577224707f82b80f876b57e2ee8,2026-08-21T01:52:36.562263+00:00,2026-08-21T01:52:35.579018+00:00,5y5y-real-forward-compound-v1,0.1.0,PASS,STALE
L1-007,2023-06-07,1.3803930045195534,percent,FRED-derived,DFII5,DFII10,docs/phase2-ingestion/data/macro/raw/fred/DFII5-20260821T015236Z.json,docs/phase2-ingestion/data/macro/raw/fred/DFII10-20260821T015235Z.json,f092dfcc7b003910593614dedb12c59fe399d0a0e1dcc26f4eb423fb3bb7b7b3,dbaf1dee142b5509e1bf9302fb5280656ce6c577224707f82b80f876b57e2ee8,2026-08-21T01:52:36.562263+00:00,2026-08-21T01:52:35.579018+00:00,5y5y-real-forward-compound-v1,0.1.0,PASS,STALE
L1-007,2023-06-08,1.3303931976801353,percent,FRED-derived,DFII5,DFII10,docs/phase2-ingestion/data/macro/raw/fred/DFII5-20260821T015236Z.json,docs/phase2-ingestion/data/macro/raw/fred/DFII10-20260821T015235Z.json,f092dfcc7b003910593614dedb12c59fe399d0a0e1dcc26f4eb423fb3bb7b7b3,dbaf1dee142b5509e1bf9302fb5280656ce6c577224707f82b80f876b57e2ee8,2026-08-21T01:52:36.562263+00:00,2026-08-21T01:52:35.579018+00:00,5y5y-real-forward-compound-v1,0.1.0,PASS,STALE
L1-007,2023-06-09,1.3105658709107182,percent,FRED-derived,DFII5,DFII10,docs/phase2-ingestion/data/macro/raw/fred/DFII5-20260821T015236Z.json,docs/phase2-ingestion/data/macro/raw/fred/DFII10-20260821T015235Z.json,f092dfcc7b003910593614dedb12c59fe399d0a0e1dcc26f4eb423fb3bb7b7b3,dbaf1dee142b5509e1bf9302fb5280656ce6c577224707f82b80f876b57e2ee8,2026-08-21T01:52:36.562263+00:00,2026-08-21T01:52:35.579018+00:00,5y5y-real-forward-compound-v1,0.1.0,PASS,STALE
L1-007,2023-06-12,1.3205658153241817,percent,FRED-derived,DFII5,DFII10,docs/phase2-ingestion/data/macro/raw/fred/DFII5-20260821T015236Z.json,docs/phase2-ingestion/data/macro/raw/fred/DFII10-20260821T015235Z.json,f092dfcc7b003910593614dedb12c59fe399d0a0e1dcc26f4eb423fb3bb7b7b3,dbaf1dee142b5509e1bf9302fb5280656ce6c577224707f82b80f876b57e2ee8,2026-08-21T01:52:36.562263+00:00,2026-08-21T01:52:35.579018+00:00,5y5y-real-forward-compound-v1,0.1.0,PASS,STALE
L1-007,2023-06-13,1.3906134066149711,percent,FRED-derived,DFII5,DFII10,docs/phase2-ingestion/data/macro/raw/fred/DFII5-20260821T015236Z.json,docs/phase2-ingestion/data/macro/raw/fred/DFII10-20260821T015235Z.json,f092dfcc7b003910593614dedb12c59fe399d0a0e1dcc26f4eb423fb3bb7b7b3,dbaf1dee142b5509e1bf9302fb5280656ce6c577224707f82b80f876b57e2ee8,2026-08-21T01:52:36.562263+00:00,2026-08-21T01:52:35.579018+00:00,5y5y-real-forward-compound-v1,0.1.0,PASS,STALE
L1-007,2023-06-14,1.330825237955069,percent,FRED-derived,DFII5,DFII10,docs/phase2-ingestion/data/macro/raw/fred/DFII5-20260821T015236Z.json,docs/phase2-ingestion/data/macro/raw/fred/DFII10-20260821T015235Z.json,f092dfcc7b003910593614dedb12c59fe399d0a0e1dcc26f4eb423fb3bb7b7b3,dbaf1dee142b5509e1bf9302fb5280656ce6c577224707f82b80f876b57e2ee8,2026-08-21T01:52:36.562263+00:00,2026-08-21T01:52:35.579018+00:00,5y5y-real-forward-compound-v1,0.1.0,PASS,STALE
L1-007,2023-06-15,1.2705660933660656,percent,FRED-derived,DFII5,DFII10,docs/phase2-ingestion/data/macro/raw/fred/DFII5-20260821T015236Z.json,docs/phase2-ingestion/data/macro/raw/fred/DFII10-20260821T015235Z.json,f092dfcc7b003910593614dedb12c59fe399d0a0e1dcc26f4eb423fb3bb7b7b3,dbaf1dee142b5509e1bf9302fb5280656ce6c577224707f82b80f876b57e2ee8,2026-08-21T01:52:36.562263+00:00,2026-08-21T01:52:35.579018+00:00,5y5y-real-forward-compound-v1,0.1.0,PASS,STALE
L1-007,2023-06-16,1.2807159693577042,percent,FRED-derived,DFII5,DFII10,docs/phase2-ingestion/data/macro/raw/fred/DFII5-20260821T015236Z.json,docs/phase2-ingestion/data/macro/raw/fred/DFII10-20260821T015235Z.json,f092dfcc7b003910593614dedb12c59fe399d0a0e1dcc26f4eb423fb3bb7b7b3,dbaf1dee142b5509e1bf9302fb5280656ce6c577224707f82b80f876b57e2ee8,2026-08-21T01:52:36.562263+00:00,2026-08-21T01:52:35.579018+00:00,5y5y-real-forward-compound-v1,0.1.0,PASS,STALE
L1-007,2023-06-20,1.2208839127872961,percent,FRED-derived,DFII5,DFII10,docs/phase2-ingestion/data/macro/raw/fred/DFII5-20260821T015236Z.json,docs/phase2-ingestion/data/macro/raw/fred/DFII10-20260821T015235Z.json,f092dfcc7b003910593614dedb12c59fe399d0a0e1dcc26f4eb423fb3bb7b7b3,dbaf1dee142b5509e1bf9302fb5280656ce6c577224707f82b80f876b57e2ee8,2026-08-21T01:52:36.562263+00:00,2026-08-21T01:52:35.579018+00:00,5y5y-real-forward-compound-v1,0.1.0,PASS,STALE
L1-007,2023-06-21,1.2208261296659861,percent,FRED-derived,DFII5,DFII10,docs/phase2-ingestion/data/macro/raw/fred/DFII5-20260821T015236Z.json,docs/phase2-ingestion/data/macro/raw/fred/DFII10-20260821T015235Z.json,f092dfcc7b003910593614dedb12c59fe399d0a0e1dcc26f4eb423fb3bb7b7b3,dbaf1dee142b5509e1bf9302fb5280656ce6c577224707f82b80f876b57e2ee8,2026-08-21T01:52:36.562263+00:00,2026-08-21T01:52:35.579018+00:00,5y5y-real-forward-compound-v1,0.1.0,PASS,STALE
L1-007,2023-06-22,1.2708257241040855,percent,FRED-derived,DFII5,DFII10,docs/phase2-ingestion/data/macro/raw/fred/DFII5-20260821T015236Z.json,docs/phase2-ingestion/data/macro/raw/fred/DFII10-20260821T015235Z.json,f092dfcc7b003910593614dedb12c59fe399d0a0e1dcc26f4eb423fb3bb7b7b3,dbaf1dee142b5509e1bf9302fb5280656ce6c577224707f82b80f876b57e2ee8,2026-08-21T01:52:36.562263+00:00,2026-08-21T01:52:35.579018+00:00,5y5y-real-forward-compound-v1,0.1.0,PASS,STALE
L1-007,2023-06-23,1.2308838259845079,percent,FRED-derived,DFII5,DFII10,docs/phase2-ingestion/data/macro/raw/fred/DFII5-20260821T015236Z.json,docs/phase2-ingestion/data/macro/raw/fred/DFII10-20260821T015235Z.json,f092dfcc7b003910593614dedb12c59fe399d0a0e1dcc26f4eb423fb3bb7b7b3,dbaf1dee142b5509e1bf9302fb5280656ce6c577224707f82b80f876b57e2ee8,2026-08-21T01:52:36.562263+00:00,2026-08-21T01:52:35.579018+00:00,5y5y-real-forward-compound-v1,0.1.0,PASS,STALE
L1-007,2023-06-26,1.2508258862810706,percent,FRED-derived,DFII5,DFII10,docs/phase2-ingestion/data/macro/raw/fred/DFII5-20260821T015236Z.json,docs/phase2-ingestion/data/macro/raw/fred/DFII10-20260821T015235Z.json,f092dfcc7b003910593614dedb12c59fe399d0a0e1dcc26f4eb423fb3bb7b7b3,dbaf1dee142b5509e1bf9302fb5280656ce6c577224707f82b80f876b57e2ee8,2026-08-21T01:52:36.562263+00:00,2026-08-21T01:52:35.579018+00:00,5y5y-real-forward-compound-v1,0.1.0,PASS,STALE
L1-007,2023-06-27,1.2410686947988525,percent,FRED-derived,DFII5,DFII10,docs/phase2-ingestion/data/macro/raw/fred/DFII5-20260821T015236Z.json,docs/phase2-ingestion/data/macro/raw/fred/DFII10-20260821T015235Z.json,f092dfcc7b003910593614dedb12c59fe399d0a0e1dcc26f4eb423fb3bb7b7b3,dbaf1dee142b5509e1bf9302fb5280656ce6c577224707f82b80f876b57e2ee8,2026-08-21T01:52:36.562263+00:00,2026-08-21T01:52:35.579018+00:00,5y5y-real-forward-compound-v1,0.1.0,PASS,STALE
L1-007,2023-06-28,1.2110054000981973,percent,FRED-derived,DFII5,DFII10,docs/phase2-ingestion/data/macro/raw/fred/DFII5-20260821T015236Z.json,docs/phase2-ingestion/data/macro/raw/fred/DFII10-20260821T015235Z.json,f092dfcc7b003910593614dedb12c59fe399d0a0e1dcc26f4eb423fb3bb7b7b3,dbaf1dee142b5509e1bf9302fb5280656ce6c577224707f82b80f876b57e2ee8,2026-08-21T01:52:36.562263+00:00,2026-08-21T01:52:35.579018+00:00,5y5y-real-forward-compound-v1,0.1.0,PASS,STALE
L1-007,2023-06-29,1.3111334444553258,percent,FRED-derived,DFII5,DFII10,docs/phase2-ingestion/data/macro/raw/fred/DFII5-20260821T015236Z.json,docs/phase2-ingestion/data/macro/raw/fred/DFII10-20260821T015235Z.json,f092dfcc7b003910593614dedb12c59fe399d0a0e1dcc26f4eb423fb3bb7b7b3,dbaf1dee142b5509e1bf9302fb5280656ce6c577224707f82b80f876b57e2ee8,2026-08-21T01:52:36.562263+00:00,2026-08-21T01:52:35.579018+00:00,5y5y-real-forward-compound-v1,0.1.0,PASS,STALE
L1-007,2023-06-30,1.2312712113781155,percent,FRED-derived,DFII5,DFII10,docs/phase2-ingestion/data/macro/raw/fred/DFII5-20260821T015236Z.json,docs/phase2-ingestion/data/macro/raw/fred/DFII10-20260821T015235Z.json,f092dfcc7b003910593614dedb12c59fe399d0a0e1dcc26f4eb423fb3bb7b7b3,dbaf1dee142b5509e1bf9302fb5280656ce6c577224707f82b80f876b57e2ee8,2026-08-21T01:52:36.562263+00:00,2026-08-21T01:52:35.579018+00:00,5y5y-real-forward-compound-v1,0.1.0,PASS,STALE
L1-007,2023-07-03,1.2413424200823586,percent,FRED-derived,DFII5,DFII10,docs/phase2-ingestion/data/macro/raw/fred/DFII5-20260821T015236Z.json,docs/phase2-ingestion/data/macro/raw/fred/DFII10-20260821T015235Z.json,f092dfcc7b003910593614dedb12c59fe399d0a0e1dcc26f4eb423fb3bb7b7b3,dbaf1dee142b5509e1bf9302fb5280656ce6c577224707f82b80f876b57e2ee8,2026-08-21T01:52:36.562263+00:00,2026-08-21T01:52:35.579018+00:00,5y5y-real-forward-compound-v1,0.1.0,PASS,STALE
L1-007,2023-07-05,1.3312699657030747,percent,FRED-derived,DFII5,DFII10,docs/phase2-ingestion/data/macro/raw/fred/DFII5-20260821T015236Z.json,docs/phase2-ingestion/data/macro/raw/fred/DFII10-20260821T015235Z.json,f092dfcc7b003910593614dedb12c59fe399d0a0e1dcc26f4eb423fb3bb7b7b3,dbaf1dee142b5509e1bf9302fb5280656ce6c577224707f82b80f876b57e2ee8,2026-08-21T01:52:36.562263+00:00,2026-08-21T01:52:35.579018+00:00,5y5y-real-forward-compound-v1,0.1.0,PASS,STALE
L1-007,2023-07-06,1.4113401860009755,percent,FRED-derived,DFII5,DFII10,docs/phase2-ingestion/data/macro/raw/fred/DFII5-20260821T015236Z.json,docs/phase2-ingestion/data/macro/raw/fred/DFII10-20260821T015235Z.json,f092dfcc7b003910593614dedb12c59fe399d0a0e1dcc26f4eb423fb3bb7b7b3,dbaf1dee142b5509e1bf9302fb5280656ce6c577224707f82b80f876b57e2ee8,2026-08-21T01:52:36.562263+00:00,2026-08-21T01:52:35.579018+00:00,5y5y-real-forward-compound-v1,0.1.0,PASS,STALE
L1-007,2023-07-07,1.4511318907274973,percent,FRED-derived,DFII5,DFII10,docs/phase2-ingestion/data/macro/raw/fred/DFII5-20260821T015236Z.json,docs/phase2-ingestion/data/macro/raw/fred/DFII10-20260821T015235Z.json,f092dfcc7b003910593614dedb12c59fe399d0a0e1dcc26f4eb423fb3bb7b7b3,dbaf1dee142b5509e1bf9302fb5280656ce6c577224707f82b80f876b57e2ee8,2026-08-21T01:52:36.562263+00:00,2026-08-21T01:52:35.579018+00:00,5y5y-real-forward-compound-v1,0.1.0,PASS,STALE
L1-007,2023-07-10,1.4608818342151775,percent,FRED-derived,DFII5,DFII10,docs/phase2-ingestion/data/macro/raw/fred/DFII5-20260821T015236Z.json,docs/phase2-ingestion/data/macro/raw/fred/DFII10-20260821T015235Z.json,f092dfcc7b003910593614dedb12c59fe399d0a0e1dcc26f4eb423fb3bb7b7b3,dbaf1dee142b5509e1bf9302fb5280656ce6c577224707f82b80f876b57e2ee8,2026-08-21T01:52:36.562263+00:00,2026-08-21T01:52:35.579018+00:00,5y5y-real-forward-compound-v1,0.1.0,PASS,STALE
L1-007,2023-07-11,1.4210668103448398,percent,FRED-derived,DFII5,DFII10,docs/phase2-ingestion/data/macro/raw/fred/DFII5-20260821T015236Z.json,docs/phase2-ingestion/data/macro/raw/fred/DFII10-20260821T015235Z.json,f092dfcc7b003910593614dedb12c59fe399d0a0e1dcc26f4eb423fb3bb7b7b3,dbaf1dee142b5509e1bf9302fb5280656ce6c577224707f82b80f876b57e2ee8,2026-08-21T01:52:36.562263+00:00,2026-08-21T01:52:35.579018+00:00,5y5y-real-forward-compound-v1,0.1.0,PASS,STALE
L1-007,2023-07-12,1.310825399941118,percent,FRED-derived,DFII5,DFII10,docs/phase2-ingestion/data/macro/raw/fred/DFII5-20260821T015236Z.json,docs/phase2-ingestion/data/macro/raw/fred/DFII10-20260821T015235Z.json,f092dfcc7b003910593614dedb12c59fe399d0a0e1dcc26f4eb423fb3bb7b7b3,dbaf1dee142b5509e1bf9302fb5280656ce6c577224707f82b80f876b57e2ee8,2026-08-21T01:52:36.562263+00:00,2026-08-21T01:52:35.579018+00:00,5y5y-real-forward-compound-v1,0.1.0,PASS,STALE
L1-007,2023-07-13,1.2706141299007712,percent,FRED-derived,DFII5,DFII10,docs/phase2-ingestion/data/macro/raw/fred/DFII5-20260821T015236Z.json,docs/phase2-ingestion/data/macro/raw/fred/DFII10-20260821T015235Z.json,f092dfcc7b003910593614dedb12c59fe399d0a0e1dcc26f4eb423fb3bb7b7b3,dbaf1dee142b5509e1bf9302fb5280656ce6c577224707f82b80f876b57e2ee8,2026-08-21T01:52:36.562263+00:00,2026-08-21T01:52:35.579018+00:00,5y5y-real-forward-compound-v1,0.1.0,PASS,STALE
L1-007,2023-07-14,1.2908833055255808,percent,FRED-derived,DFII5,DFII10,docs/phase2-ingestion/data/macro/raw/fred/DFII5-20260821T015236Z.json,docs/phase2-ingestion/data/macro/raw/fred/DFII10-20260821T015235Z.json,f092dfcc7b003910593614dedb12c59fe399d0a0e1dcc26f4eb423fb3bb7b7b3,dbaf1dee142b5509e1bf9302fb5280656ce6c577224707f82b80f876b57e2ee8,2026-08-21T01:52:36.562263+00:00,2026-08-21T01:52:35.579018+00:00,5y5y-real-forward-compound-v1,0.1.0,PASS,STALE
L1-007,2023-07-17,1.2608835656783945,percent,FRED-derived,DFII5,DFII10,docs/phase2-ingestion/data/macro/raw/fred/DFII5-20260821T015236Z.json,docs/phase2-ingestion/data/macro/raw/fred/DFII10-20260821T015235Z.json,f092dfcc7b003910593614dedb12c59fe399d0a0e1dcc26f4eb423fb3bb7b7b3,dbaf1dee142b5509e1bf9302fb5280656ce6c577224707f82b80f876b57e2ee8,2026-08-21T01:52:36.562263+00:00,2026-08-21T01:52:35.579018+00:00,5y5y-real-forward-compound-v1,0.1.0,PASS,STALE
L1-007,2023-07-18,1.270883478943774,percent,FRED-derived,DFII5,DFII10,docs/phase2-ingestion/data/macro/raw/fred/DFII5-20260821T015236Z.json,docs/phase2-ingestion/data/macro/raw/fred/DFII10-20260821T015235Z.json,f092dfcc7b003910593614dedb12c59fe399d0a0e1dcc26f4eb423fb3bb7b7b3,dbaf1dee142b5509e1bf9302fb5280656ce6c577224707f82b80f876b57e2ee8,2026-08-21T01:52:36.562263+00:00,2026-08-21T01:52:35.579018+00:00,5y5y-real-forward-compound-v1,0.1.0,PASS,STALE
L1-007,2023-07-19,1.2110054000981973,percent,FRED-derived,DFII5,DFII10,docs/phase2-ingestion/data/macro/raw/fred/DFII5-20260821T015236Z.json,docs/phase2-ingestion/data/macro/raw/fred/DFII10-20260821T015235Z.json,f092dfcc7b003910593614dedb12c59fe399d0a0e1dcc26f4eb423fb3bb7b7b3,dbaf1dee142b5509e1bf9302fb5280656ce6c577224707f82b80f876b57e2ee8,2026-08-21T01:52:36.562263+00:00,2026-08-21T01:52:35.579018+00:00,5y5y-real-forward-compound-v1,0.1.0,PASS,STALE
L1-007,2023-07-20,1.1313438696377576,percent,FRED-derived,DFII5,DFII10,docs/phase2-ingestion/data/macro/raw/fred/DFII5-20260821T015236Z.json,docs/phase2-ingestion/data/macro/raw/fred/DFII10-20260821T015235Z.json,f092dfcc7b003910593614dedb12c59fe399d0a0e1dcc26f4eb423fb3bb7b7b3,dbaf1dee142b5509e1bf9302fb5280656ce6c577224707f82b80f876b57e2ee8,2026-08-21T01:52:36.562263+00:00,2026-08-21T01:52:35.579018+00:00,5y5y-real-forward-compound-v1,0.1.0,PASS,STALE
L1-007,2023-07-21,1.1213440015707787,percent,FRED-derived,DFII5,DFII10,docs/phase2-ingestion/data/macro/raw/fred/DFII5-20260821T015236Z.json,docs/phase2-ingestion/data/macro/raw/fred/DFII10-20260821T015235Z.json,f092dfcc7b003910593614dedb12c59fe399d0a0e1dcc26f4eb423fb3bb7b7b3,dbaf1dee142b5509e1bf9302fb5280656ce6c577224707f82b80f876b57e2ee8,2026-08-21T01:52:36.562263+00:00,2026-08-21T01:52:35.579018+00:00,5y5y-real-forward-compound-v1,0.1.0,PASS,STALE
L1-007,2023-07-24,1.1113441335296903,percent,FRED-derived,DFII5,DFII10,docs/phase2-ingestion/data/macro/raw/fred/DFII5-20260821T015236Z.json,docs/phase2-ingestion/data/macro/raw/fred/DFII10-20260821T015235Z.json,f092dfcc7b003910593614dedb12c59fe399d0a0e1dcc26f4eb423fb3bb7b7b3,dbaf1dee142b5509e1bf9302fb5280656ce6c577224707f82b80f876b57e2ee8,2026-08-21T01:52:36.562263+00:00,2026-08-21T01:52:35.579018+00:00,5y5y-real-forward-compound-v1,0.1.0,PASS,STALE
L1-007,2023-07-25,1.1513436058494753,percent,FRED-derived,DFII5,DFII10,docs/phase2-ingestion/data/macro/raw/fred/DFII5-20260821T015236Z.json,docs/phase2-ingestion/data/macro/raw/fred/DFII10-20260821T015235Z.json,f092dfcc7b003910593614dedb12c59fe399d0a0e1dcc26f4eb423fb3bb7b7b3,dbaf1dee142b5509e1bf9302fb5280656ce6c577224707f82b80f876b57e2ee8,2026-08-21T01:52:36.562263+00:00,2026-08-21T01:52:35.579018+00:00,5y5y-real-forward-compound-v1,0.1.0,PASS,STALE
L1-007,2023-07-26,1.1512027491408894,percent,FRED-derived,DFII5,DFII10,docs/phase2-ingestion/data/macro/raw/fred/DFII5-20260821T015236Z.json,docs/phase2-ingestion/data/macro/raw/fred/DFII10-20260821T015235Z.json,f092dfcc7b003910593614dedb12c59fe399d0a0e1dcc26f4eb423fb3bb7b7b3,dbaf1dee142b5509e1bf9302fb5280656ce6c577224707f82b80f876b57e2ee8,2026-08-21T01:52:36.562263+00:00,2026-08-21T01:52:35.579018+00:00,5y5y-real-forward-compound-v1,0.1.0,PASS,STALE
L1-007,2023-07-27,1.3110679611650466,percent,FRED-derived,DFII5,DFII10,docs/phase2-ingestion/data/macro/raw/fred/DFII5-20260821T015236Z.json,docs/phase2-ingestion/data/macro/raw/fred/DFII10-20260821T015235Z.json,f092dfcc7b003910593614dedb12c59fe399d0a0e1dcc26f4eb423fb3bb7b7b3,dbaf1dee142b5509e1bf9302fb5280656ce6c577224707f82b80f876b57e2ee8,2026-08-21T01:52:36.562263+00:00,2026-08-21T01:52:35.579018+00:00,5y5y-real-forward-compound-v1,0.1.0,PASS,STALE
L1-007,2023-07-28,1.261004906771368,percent,FRED-derived,DFII5,DFII10,docs/phase2-ingestion/data/macro/raw/fred/DFII5-20260821T015236Z.json,docs/phase2-ingestion/data/macro/raw/fred/DFII10-20260821T015235Z.json,f092dfcc7b003910593614dedb12c59fe399d0a0e1dcc26f4eb423fb3bb7b7b3,dbaf1dee142b5509e1bf9302fb5280656ce6c577224707f82b80f876b57e2ee8,2026-08-21T01:52:36.562263+00:00,2026-08-21T01:52:35.579018+00:00,5y5y-real-forward-compound-v1,0.1.0,PASS,STALE
L1-007,2023-07-31,1.2909429889117918,percent,FRED-derived,DFII5,DFII10,docs/phase2-ingestion/data/macro/raw/fred/DFII5-20260821T015236Z.json,docs/phase2-ingestion/data/macro/raw/fred/DFII10-20260821T015235Z.json,f092dfcc7b003910593614dedb12c59fe399d0a0e1dcc26f4eb423fb3bb7b7b3,dbaf1dee142b5509e1bf9302fb5280656ce6c577224707f82b80f876b57e2ee8,2026-08-21T01:52:36.562263+00:00,2026-08-21T01:52:35.579018+00:00,5y5y-real-forward-compound-v1,0.1.0,PASS,STALE
L1-007,2023-08-01,1.3808825259854718,percent,FRED-derived,DFII5,DFII10,docs/phase2-ingestion/data/macro/raw/fred/DFII5-20260821T015236Z.json,docs/phase2-ingestion/data/macro/raw/fred/DFII10-20260821T015235Z.json,f092dfcc7b003910593614dedb12c59fe399d0a0e1dcc26f4eb423fb3bb7b7b3,dbaf1dee142b5509e1bf9302fb5280656ce6c577224707f82b80f876b57e2ee8,2026-08-21T01:52:36.562263+00:00,2026-08-21T01:52:35.579018+00:00,5y5y-real-forward-compound-v1,0.1.0,PASS,STALE
L1-007,2023-08-02,1.4507147759584393,percent,FRED-derived,DFII5,DFII10,docs/phase2-ingestion/data/macro/raw/fred/DFII5-20260821T015236Z.json,docs/phase2-ingestion/data/macro/raw/fred/DFII10-20260821T015235Z.json,f092dfcc7b003910593614dedb12c59fe399d0a0e1dcc26f4eb423fb3bb7b7b3,dbaf1dee142b5509e1bf9302fb5280656ce6c577224707f82b80f876b57e2ee8,2026-08-21T01:52:36.562263+00:00,2026-08-21T01:52:35.579018+00:00,5y5y-real-forward-compound-v1,0.1.0,PASS,STALE
L1-007,2023-08-03,1.6005183225553665,percent,FRED-derived,DFII5,DFII10,docs/phase2-ingestion/data/macro/raw/fred/DFII5-20260821T015236Z.json,docs/phase2-ingestion/data/macro/raw/fred/DFII10-20260821T015235Z.json,f092dfcc7b003910593614dedb12c59fe399d0a0e1dcc26f4eb423fb3bb7b7b3,dbaf1dee142b5509e1bf9302fb5280656ce6c577224707f82b80f876b57e2ee8,2026-08-21T01:52:36.562263+00:00,2026-08-21T01:52:35.579018+00:00,5y5y-real-forward-compound-v1,0.1.0,PASS,STALE
L1-007,2023-08-04,1.4504750220826201,percent,FRED-derived,DFII5,DFII10,docs/phase2-ingestion/data/macro/raw/fred/DFII5-20260821T015236Z.json,docs/phase2-ingestion/data/macro/raw/fred/DFII10-20260821T015235Z.json,f092dfcc7b003910593614dedb12c59fe399d0a0e1dcc26f4eb423fb3bb7b7b3,dbaf1dee142b5509e1bf9302fb5280656ce6c577224707f82b80f876b57e2ee8,2026-08-21T01:52:36.562263+00:00,2026-08-21T01:52:35.579018+00:00,5y5y-real-forward-compound-v1,0.1.0,PASS,STALE
L1-007,2023-08-07,1.4903543732207591,percent,FRED-derived,DFII5,DFII10,docs/phase2-ingestion/data/macro/raw/fred/DFII5-20260821T015236Z.json,docs/phase2-ingestion/data/macro/raw/fred/DFII10-20260821T015235Z.json,f092dfcc7b003910593614dedb12c59fe399d0a0e1dcc26f4eb423fb3bb7b7b3,dbaf1dee142b5509e1bf9302fb5280656ce6c577224707f82b80f876b57e2ee8,2026-08-21T01:52:36.562263+00:00,2026-08-21T01:52:35.579018+00:00,5y5y-real-forward-compound-v1,0.1.0,PASS,STALE
L1-007,2023-08-08,1.460392695857049,percent,FRED-derived,DFII5,DFII10,docs/phase2-ingestion/data/macro/raw/fred/DFII5-20260821T015236Z.json,docs/phase2-ingestion/data/macro/raw/fred/DFII10-20260821T015235Z.json,f092dfcc7b003910593614dedb12c59fe399d0a0e1dcc26f4eb423fb3bb7b7b3,dbaf1dee142b5509e1bf9302fb5280656ce6c577224707f82b80f876b57e2ee8,2026-08-21T01:52:36.562263+00:00,2026-08-21T01:52:35.579018+00:00,5y5y-real-forward-compound-v1,0.1.0,PASS,STALE
L1-007,2023-08-09,1.4305191873589251,percent,FRED-derived,DFII5,DFII10,docs/phase2-ingestion/data/macro/raw/fred/DFII5-20260821T015236Z.json,docs/phase2-ingestion/data/macro/raw/fred/DFII10-20260821T015235Z.json,f092dfcc7b003910593614dedb12c59fe399d0a0e1dcc26f4eb423fb3bb7b7b3,dbaf1dee142b5509e1bf9302fb5280656ce6c577224707f82b80f876b57e2ee8,2026-08-21T01:52:36.562263+00:00,2026-08-21T01:52:35.579018+00:00,5y5y-real-forward-compound-v1,0.1.0,PASS,STALE
L1-007,2023-08-10,1.5603923107101014,percent,FRED-derived,DFII5,DFII10,docs/phase2-ingestion/data/macro/raw/fred/DFII5-20260821T015236Z.json,docs/phase2-ingestion/data/macro/raw/fred/DFII10-20260821T015235Z.json,f092dfcc7b003910593614dedb12c59fe399d0a0e1dcc26f4eb423fb3bb7b7b3,dbaf1dee142b5509e1bf9302fb5280656ce6c577224707f82b80f876b57e2ee8,2026-08-21T01:52:36.562263+00:00,2026-08-21T01:52:35.579018+00:00,5y5y-real-forward-compound-v1,0.1.0,PASS,STALE
L1-007,2023-08-11,1.5904323105577989,percent,FRED-derived,DFII5,DFII10,docs/phase2-ingestion/data/macro/raw/fred/DFII5-20260821T015236Z.json,docs/phase2-ingestion/data/macro/raw/fred/DFII10-20260821T015235Z.json,f092dfcc7b003910593614dedb12c59fe399d0a0e1dcc26f4eb423fb3bb7b7b3,dbaf1dee142b5509e1bf9302fb5280656ce6c577224707f82b80f876b57e2ee8,2026-08-21T01:52:36.562263+00:00,2026-08-21T01:52:35.579018+00:00,5y5y-real-forward-compound-v1,0.1.0,PASS,STALE
L1-007,2023-08-14,1.5905643186048923,percent,FRED-derived,DFII5,DFII10,docs/phase2-ingestion/data/macro/raw/fred/DFII5-20260821T015236Z.json,docs/phase2-ingestion/data/macro/raw/fred/DFII10-20260821T015235Z.json,f092dfcc7b003910593614dedb12c59fe399d0a0e1dcc26f4eb423fb3bb7b7b3,dbaf1dee142b5509e1bf9302fb5280656ce6c577224707f82b80f876b57e2ee8,2026-08-21T01:52:36.562263+00:00,2026-08-21T01:52:35.579018+00:00,5y5y-real-forward-compound-v1,0.1.0,PASS,STALE
L1-007,2023-08-15,1.6605180180179868,percent,FRED-derived,DFII5,DFII10,docs/phase2-ingestion/data/macro/raw/fred/DFII5-20260821T015236Z.json,docs/phase2-ingestion/data/macro/raw/fred/DFII10-20260821T015235Z.json,f092dfcc7b003910593614dedb12c59fe399d0a0e1dcc26f4eb423fb3bb7b7b3,dbaf1dee142b5509e1bf9302fb5280656ce6c577224707f82b80f876b57e2ee8,2026-08-21T01:52:36.562263+00:00,2026-08-21T01:52:35.579018+00:00,5y5y-real-forward-compound-v1,0.1.0,PASS,STALE
L1-007,2023-08-16,1.7305176631764452,percent,FRED-derived,DFII5,DFII10,docs/phase2-ingestion/data/macro/raw/fred/DFII5-20260821T015236Z.json,docs/phase2-ingestion/data/macro/raw/fred/DFII10-20260821T015235Z.json,f092dfcc7b003910593614dedb12c59fe399d0a0e1dcc26f4eb423fb3bb7b7b3,dbaf1dee142b5509e1bf9302fb5280656ce6c577224707f82b80f876b57e2ee8,2026-08-21T01:52:36.562263+00:00,2026-08-21T01:52:35.579018+00:00,5y5y-real-forward-compound-v1,0.1.0,PASS,STALE
L1-007,2023-08-17,1.7604315913094526,percent,FRED-derived,DFII5,DFII10,docs/phase2-ingestion/data/macro/raw/fred/DFII5-20260821T015236Z.json,docs/phase2-ingestion/data/macro/raw/fred/DFII10-20260821T015235Z.json,f092dfcc7b003910593614dedb12c59fe399d0a0e1dcc26f4eb423fb3bb7b7b3,dbaf1dee142b5509e1bf9302fb5280656ce6c577224707f82b80f876b57e2ee8,2026-08-21T01:52:36.562263+00:00,2026-08-21T01:52:35.579018+00:00,5y5y-real-forward-compound-v1,0.1.0,PASS,STALE
L1-007,2023-08-18,1.7204737666405734,percent,FRED-derived,DFII5,DFII10,docs/phase2-ingestion/data/macro/raw/fred/DFII5-20260821T015236Z.json,docs/phase2-ingestion/data/macro/raw/fred/DFII10-20260821T015235Z.json,f092dfcc7b003910593614dedb12c59fe399d0a0e1dcc26f4eb423fb3bb7b7b3,dbaf1dee142b5509e1bf9302fb5280656ce6c577224707f82b80f876b57e2ee8,2026-08-21T01:52:36.562263+00:00,2026-08-21T01:52:35.579018+00:00,5y5y-real-forward-compound-v1,0.1.0,PASS,STALE
L1-007,2023-08-21,1.7904314646316477,percent,FRED-derived,DFII5,DFII10,docs/phase2-ingestion/data/macro/raw/fred/DFII5-20260821T015236Z.json,docs/phase2-ingestion/data/macro/raw/fred/DFII10-20260821T015235Z.json,f092dfcc7b003910593614dedb12c59fe399d0a0e1dcc26f4eb423fb3bb7b7b3,dbaf1dee142b5509e1bf9302fb5280656ce6c577224707f82b80f876b57e2ee8,2026-08-21T01:52:36.562263+00:00,2026-08-21T01:52:35.579018+00:00,5y5y-real-forward-compound-v1,0.1.0,PASS,STALE
L1-007,2023-08-22,1.760517511250237,percent,FRED-derived,DFII5,DFII10,docs/phase2-ingestion/data/macro/raw/fred/DFII5-20260821T015236Z.json,docs/phase2-ingestion/data/macro/raw/fred/DFII10-20260821T015235Z.json,f092dfcc7b003910593614dedb12c59fe399d0a0e1dcc26f4eb423fb3bb7b7b3,dbaf1dee142b5509e1bf9302fb5280656ce6c577224707f82b80f876b57e2ee8,2026-08-21T01:52:36.562263+00:00,2026-08-21T01:52:35.579018+00:00,5y5y-real-forward-compound-v1,0.1.0,PASS,STALE
L1-007,2023-08-23,1.580662095984331,percent,FRED-derived,DFII5,DFII10,docs/phase2-ingestion/data/macro/raw/fred/DFII5-20260821T015236Z.json,docs/phase2-ingestion/data/macro/raw/fred/DFII10-20260821T015235Z.json,f092dfcc7b003910593614dedb12c59fe399d0a0e1dcc26f4eb423fb3bb7b7b3,dbaf1dee142b5509e1bf9302fb5280656ce6c577224707f82b80f876b57e2ee8,2026-08-21T01:52:36.562263+00:00,2026-08-21T01:52:35.579018+00:00,5y5y-real-forward-compound-v1,0.1.0,PASS,STALE
L1-007,2023-08-24,1.6705638766519648,percent,FRED-derived,DFII5,DFII10,docs/phase2-ingestion/data/macro/raw/fred/DFII5-20260821T015236Z.json,docs/phase2-ingestion/data/macro/raw/fred/DFII10-20260821T015235Z.json,f092dfcc7b003910593614dedb12c59fe399d0a0e1dcc26f4eb423fb3bb7b7b3,dbaf1dee142b5509e1bf9302fb5280656ce6c577224707f82b80f876b57e2ee8,2026-08-21T01:52:36.562263+00:00,2026-08-21T01:52:35.579018+00:00,5y5y-real-forward-compound-v1,0.1.0,PASS,STALE
L1-007,2023-08-25,1.6507133770427895,percent,FRED-derived,DFII5,DFII10,docs/phase2-ingestion/data/macro/raw/fred/DFII5-20260821T015236Z.json,docs/phase2-ingestion/data/macro/raw/fred/DFII10-20260821T015235Z.json,f092dfcc7b003910593614dedb12c59fe399d0a0e1dcc26f4eb423fb3bb7b7b3,dbaf1dee142b5509e1bf9302fb5280656ce6c577224707f82b80f876b57e2ee8,2026-08-21T01:52:36.562263+00:00,2026-08-21T01:52:35.579018+00:00,5y5y-real-forward-compound-v1,0.1.0,PASS,STALE
L1-007,2023-08-28,1.6307135166878428,percent,FRED-derived,DFII5,DFII10,docs/phase2-ingestion/data/macro/raw/fred/DFII5-20260821T015236Z.json,docs/phase2-ingestion/data/macro/raw/fred/DFII10-20260821T015235Z.json,f092dfcc7b003910593614dedb12c59fe399d0a0e1dcc26f4eb423fb3bb7b7b3,dbaf1dee142b5509e1bf9302fb5280656ce6c577224707f82b80f876b57e2ee8,2026-08-21T01:52:36.562263+00:00,2026-08-21T01:52:35.579018+00:00,5y5y-real-forward-compound-v1,0.1.0,PASS,STALE
L1-007,2023-08-29,1.5806122648902798,percent,FRED-derived,DFII5,DFII10,docs/phase2-ingestion/data/macro/raw/fred/DFII5-20260821T015236Z.json,docs/phase2-ingestion/data/macro/raw/fred/DFII10-20260821T015235Z.json,f092dfcc7b003910593614dedb12c59fe399d0a0e1dcc26f4eb423fb3bb7b7b3,dbaf1dee142b5509e1bf9302fb5280656ce6c577224707f82b80f876b57e2ee8,2026-08-21T01:52:36.562263+00:00,2026-08-21T01:52:35.579018+00:00,5y5y-real-forward-compound-v1,0.1.0,PASS,STALE
L1-007,2023-08-30,1.6106120850063688,percent,FRED-derived,DFII5,DFII10,docs/phase2-ingestion/data/macro/raw/fred/DFII5-20260821T015236Z.json,docs/phase2-ingestion/data/macro/raw/fred/DFII10-20260821T015235Z.json,f092dfcc7b003910593614dedb12c59fe399d0a0e1dcc26f4eb423fb3bb7b7b3,dbaf1dee142b5509e1bf9302fb5280656ce6c577224707f82b80f876b57e2ee8,2026-08-21T01:52:36.562263+00:00,2026-08-21T01:52:35.579018+00:00,5y5y-real-forward-compound-v1,0.1.0,PASS,STALE
L1-007,2023-08-31,1.620518221003131,percent,FRED-derived,DFII5,DFII10,docs/phase2-ingestion/data/macro/raw/fred/DFII5-20260821T015236Z.json,docs/phase2-ingestion/data/macro/raw/fred/DFII10-20260821T015235Z.json,f092dfcc7b003910593614dedb12c59fe399d0a0e1dcc26f4eb423fb3bb7b7b3,dbaf1dee142b5509e1bf9302fb5280656ce6c577224707f82b80f876b57e2ee8,2026-08-21T01:52:36.562263+00:00,2026-08-21T01:52:35.579018+00:00,5y5y-real-forward-compound-v1,0.1.0,PASS,STALE
L1-007,2023-09-01,1.720391696043877,percent,FRED-derived,DFII5,DFII10,docs/phase2-ingestion/data/macro/raw/fred/DFII5-20260821T015236Z.json,docs/phase2-ingestion/data/macro/raw/fred/DFII10-20260821T015235Z.json,f092dfcc7b003910593614dedb12c59fe399d0a0e1dcc26f4eb423fb3bb7b7b3,dbaf1dee142b5509e1bf9302fb5280656ce6c577224707f82b80f876b57e2ee8,2026-08-21T01:52:36.562263+00:00,2026-08-21T01:52:35.579018+00:00,5y5y-real-forward-compound-v1,0.1.0,PASS,STALE
L1-007,2023-09-05,1.8003171495692971,percent,FRED-derived,DFII5,DFII10,docs/phase2-ingestion/data/macro/raw/fred/DFII5-20260821T015236Z.json,docs/phase2-ingestion/data/macro/raw/fred/DFII10-20260821T015235Z.json,f092dfcc7b003910593614dedb12c59fe399d0a0e1dcc26f4eb423fb3bb7b7b3,dbaf1dee142b5509e1bf9302fb5280656ce6c577224707f82b80f876b57e2ee8,2026-08-21T01:52:36.562263+00:00,2026-08-21T01:52:35.579018+00:00,5y5y-real-forward-compound-v1,0.1.0,PASS,STALE
L1-007,2023-09-06,1.7904314646316477,percent,FRED-derived,DFII5,DFII10,docs/phase2-ingestion/data/macro/raw/fred/DFII5-20260821T015236Z.json,docs/phase2-ingestion/data/macro/raw/fred/DFII10-20260821T015235Z.json,f092dfcc7b003910593614dedb12c59fe399d0a0e1dcc26f4eb423fb3bb7b7b3,dbaf1dee142b5509e1bf9302fb5280656ce6c577224707f82b80f876b57e2ee8,2026-08-21T01:52:36.562263+00:00,2026-08-21T01:52:35.579018+00:00,5y5y-real-forward-compound-v1,0.1.0,PASS,STALE
L1-007,2023-09-07,1.7603534364597717,percent,FRED-derived,DFII5,DFII10,docs/phase2-ingestion/data/macro/raw/fred/DFII5-20260821T015236Z.json,docs/phase2-ingestion/data/macro/raw/fred/DFII10-20260821T015235Z.json,f092dfcc7b003910593614dedb12c59fe399d0a0e1dcc26f4eb423fb3bb7b7b3,dbaf1dee142b5509e1bf9302fb5280656ce6c577224707f82b80f876b57e2ee8,2026-08-21T01:52:36.562263+00:00,2026-08-21T01:52:35.579018+00:00,5y5y-real-forward-compound-v1,0.1.0,PASS,STALE
L1-007,2023-09-08,1.730391657691177,percent,FRED-derived,DFII5,DFII10,docs/phase2-ingestion/data/macro/raw/fred/DFII5-20260821T015236Z.json,docs/phase2-ingestion/data/macro/raw/fred/DFII10-20260821T015235Z.json,f092dfcc7b003910593614dedb12c59fe399d0a0e1dcc26f4eb423fb3bb7b7b3,dbaf1dee142b5509e1bf9302fb5280656ce6c577224707f82b80f876b57e2ee8,2026-08-21T01:52:36.562263+00:00,2026-08-21T01:52:35.579018+00:00,5y5y-real-forward-compound-v1,0.1.0,PASS,STALE
L1-007,2023-09-11,1.7403916193460045,percent,FRED-derived,DFII5,DFII10,docs/phase2-ingestion/data/macro/raw/fred/DFII5-20260821T015236Z.json,docs/phase2-ingestion/data/macro/raw/fred/DFII10-20260821T015235Z.json,f092dfcc7b003910593614dedb12c59fe399d0a0e1dcc26f4eb423fb3bb7b7b3,dbaf1dee142b5509e1bf9302fb5280656ce6c577224707f82b80f876b57e2ee8,2026-08-21T01:52:36.562263+00:00,2026-08-21T01:52:35.579018+00:00,5y5y-real-forward-compound-v1,0.1.0,PASS,STALE
L1-007,2023-09-12,1.7204317603289665,percent,FRED-derived,DFII5,DFII10,docs/phase2-ingestion/data/macro/raw/fred/DFII5-20260821T015236Z.json,docs/phase2-ingestion/data/macro/raw/fred/DFII10-20260821T015235Z.json,f092dfcc7b003910593614dedb12c59fe399d0a0e1dcc26f4eb423fb3bb7b7b3,dbaf1dee142b5509e1bf9302fb5280656ce6c577224707f82b80f876b57e2ee8,2026-08-21T01:52:36.562263+00:00,2026-08-21T01:52:35.579018+00:00,5y5y-real-forward-compound-v1,0.1.0,PASS,STALE
L1-007,2023-09-13,1.6904318871804769,percent,FRED-derived,DFII5,DFII10,docs/phase2-ingestion/data/macro/raw/fred/DFII5-20260821T015236Z.json,docs/phase2-ingestion/data/macro/raw/fred/DFII10-20260821T015235Z.json,f092dfcc7b003910593614dedb12c59fe399d0a0e1dcc26f4eb423fb3bb7b7b3,dbaf1dee142b5509e1bf9302fb5280656ce6c577224707f82b80f876b57e2ee8,2026-08-21T01:52:36.562263+00:00,2026-08-21T01:52:35.579018+00:00,5y5y-real-forward-compound-v1,0.1.0,PASS,STALE
L1-007,2023-09-14,1.750391581008337,percent,FRED-derived,DFII5,DFII10,docs/phase2-ingestion/data/macro/raw/fred/DFII5-20260821T015236Z.json,docs/phase2-ingestion/data/macro/raw/fred/DFII10-20260821T015235Z.json,f092dfcc7b003910593614dedb12c59fe399d0a0e1dcc26f4eb423fb3bb7b7b3,dbaf1dee142b5509e1bf9302fb5280656ce6c577224707f82b80f876b57e2ee8,2026-08-21T01:52:36.562263+00:00,2026-08-21T01:52:35.579018+00:00,5y5y-real-forward-compound-v1,0.1.0,PASS,STALE
L1-007,2023-09-15,1.7803914660403208,percent,FRED-derived,DFII5,DFII10,docs/phase2-ingestion/data/macro/raw/fred/DFII5-20260821T015236Z.json,docs/phase2-ingestion/data/macro/raw/fred/DFII10-20260821T015235Z.json,f092dfcc7b003910593614dedb12c59fe399d0a0e1dcc26f4eb423fb3bb7b7b3,dbaf1dee142b5509e1bf9302fb5280656ce6c577224707f82b80f876b57e2ee8,2026-08-21T01:52:36.562263+00:00,2026-08-21T01:52:35.579018+00:00,5y5y-real-forward-compound-v1,0.1.0,PASS,STALE
L1-007,2023-09-18,1.7504316335519299,percent,FRED-derived,DFII5,DFII10,docs/phase2-ingestion/data/macro/raw/fred/DFII5-20260821T015236Z.json,docs/phase2-ingestion/data/macro/raw/fred/DFII10-20260821T015235Z.json,f092dfcc7b003910593614dedb12c59fe399d0a0e1dcc26f4eb423fb3bb7b7b3,dbaf1dee142b5509e1bf9302fb5280656ce6c577224707f82b80f876b57e2ee8,2026-08-21T01:52:36.562263+00:00,2026-08-21T01:52:35.579018+00:00,5y5y-real-forward-compound-v1,0.1.0,PASS,STALE
L1-007,2023-09-19,1.7904314646316477,percent,FRED-derived,DFII5,DFII10,docs/phase2-ingestion/data/macro/raw/fred/DFII5-20260821T015236Z.json,docs/phase2-ingestion/data/macro/raw/fred/DFII10-20260821T015235Z.json,f092dfcc7b003910593614dedb12c59fe399d0a0e1dcc26f4eb423fb3bb7b7b3,dbaf1dee142b5509e1bf9302fb5280656ce6c577224707f82b80f876b57e2ee8,2026-08-21T01:52:36.562263+00:00,2026-08-21T01:52:35.579018+00:00,5y5y-real-forward-compound-v1,0.1.0,PASS,STALE
L1-007,2023-09-20,1.7506112469437785,percent,FRED-derived,DFII5,DFII10,docs/phase2-ingestion/data/macro/raw/fred/DFII5-20260821T015236Z.json,docs/phase2-ingestion/data/macro/raw/fred/DFII10-20260821T015235Z.json,f092dfcc7b003910593614dedb12c59fe399d0a0e1dcc26f4eb423fb3bb7b7b3,dbaf1dee142b5509e1bf9302fb5280656ce6c577224707f82b80f876b57e2ee8,2026-08-21T01:52:36.562263+00:00,2026-08-21T01:52:35.579018+00:00,5y5y-real-forward-compound-v1,0.1.0,PASS,STALE
L1-007,2023-09-21,1.9004310007818326,percent,FRED-derived,DFII5,DFII10,docs/phase2-ingestion/data/macro/raw/fred/DFII5-20260821T015236Z.json,docs/phase2-ingestion/data/macro/raw/fred/DFII10-20260821T015235Z.json,f092dfcc7b003910593614dedb12c59fe399d0a0e1dcc26f4eb423fb3bb7b7b3,dbaf1dee142b5509e1bf9302fb5280656ce6c577224707f82b80f876b57e2ee8,2026-08-21T01:52:36.562263+00:00,2026-08-21T01:52:35.579018+00:00,5y5y-real-forward-compound-v1,0.1.0,PASS,STALE
L1-007,2023-09-22,1.8604311693390496,percent,FRED-derived,DFII5,DFII10,docs/phase2-ingestion/data/macro/raw/fred/DFII5-20260821T015236Z.json,docs/phase2-ingestion/data/macro/raw/fred/DFII10-20260821T015235Z.json,f092dfcc7b003910593614dedb12c59fe399d0a0e1dcc26f4eb423fb3bb7b7b3,dbaf1dee142b5509e1bf9302fb5280656ce6c577224707f82b80f876b57e2ee8,2026-08-21T01:52:36.562263+00:00,2026-08-21T01:52:35.579018+00:00,5y5y-real-forward-compound-v1,0.1.0,PASS,STALE
L1-007,2023-09-25,1.9903526423757034,percent,FRED-derived,DFII5,DFII10,docs/phase2-ingestion/data/macro/raw/fred/DFII5-20260821T015236Z.json,docs/phase2-ingestion/data/macro/raw/fred/DFII10-20260821T015235Z.json,f092dfcc7b003910593614dedb12c59fe399d0a0e1dcc26f4eb423fb3bb7b7b3,dbaf1dee142b5509e1bf9302fb5280656ce6c577224707f82b80f876b57e2ee8,2026-08-21T01:52:36.562263+00:00,2026-08-21T01:52:35.579018+00:00,5y5y-real-forward-compound-v1,0.1.0,PASS,STALE
L1-007,2023-09-26,2.040352470220652,percent,FRED-derived,DFII5,DFII10,docs/phase2-ingestion/data/macro/raw/fred/DFII5-20260821T015236Z.json,docs/phase2-ingestion/data/macro/raw/fred/DFII10-20260821T015235Z.json,f092dfcc7b003910593614dedb12c59fe399d0a0e1dcc26f4eb423fb3bb7b7b3,dbaf1dee142b5509e1bf9302fb5280656ce6c577224707f82b80f876b57e2ee8,2026-08-21T01:52:36.562263+00:00,2026-08-21T01:52:35.579018+00:00,5y5y-real-forward-compound-v1,0.1.0,PASS,STALE
L1-007,2023-09-27,2.1002821163607965,percent,FRED-derived,DFII5,DFII10,docs/phase2-ingestion/data/macro/raw/fred/DFII5-20260821T015236Z.json,docs/phase2-ingestion/data/macro/raw/fred/DFII10-20260821T015235Z.json,f092dfcc7b003910593614dedb12c59fe399d0a0e1dcc26f4eb423fb3bb7b7b3,dbaf1dee142b5509e1bf9302fb5280656ce6c577224707f82b80f876b57e2ee8,2026-08-21T01:52:36.562263+00:00,2026-08-21T01:52:35.579018+00:00,5y5y-real-forward-compound-v1,0.1.0,PASS,STALE
L1-007,2023-09-28,2.0502198339032773,percent,FRED-derived,DFII5,DFII10,docs/phase2-ingestion/data/macro/raw/fred/DFII5-20260821T015236Z.json,docs/phase2-ingestion/data/macro/raw/fred/DFII10-20260821T015235Z.json,f092dfcc7b003910593614dedb12c59fe399d0a0e1dcc26f4eb423fb3bb7b7b3,dbaf1dee142b5509e1bf9302fb5280656ce6c577224707f82b80f876b57e2ee8,2026-08-21T01:52:36.562263+00:00,2026-08-21T01:52:35.579018+00:00,5y5y-real-forward-compound-v1,0.1.0,PASS,STALE
L1-007,2023-09-29,2.1001914436413305,percent,FRED-derived,DFII5,DFII10,docs/phase2-ingestion/data/macro/raw/fred/DFII5-20260821T015236Z.json,docs/phase2-ingestion/data/macro/raw/fred/DFII10-20260821T015235Z.json,f092dfcc7b003910593614dedb12c59fe399d0a0e1dcc26f4eb423fb3bb7b7b3,dbaf1dee142b5509e1bf9302fb5280656ce6c577224707f82b80f876b57e2ee8,2026-08-21T01:52:36.562263+00:00,2026-08-21T01:52:35.579018+00:00,5y5y-real-forward-compound-v1,0.1.0,PASS,STALE
L1-007,2023-10-02,2.190219533613069,percent,FRED-derived,DFII5,DFII10,docs/phase2-ingestion/data/macro/raw/fred/DFII5-20260821T015236Z.json,docs/phase2-ingestion/data/macro/raw/fred/DFII10-20260821T015235Z.json,f092dfcc7b003910593614dedb12c59fe399d0a0e1dcc26f4eb423fb3bb7b7b3,dbaf1dee142b5509e1bf9302fb5280656ce6c577224707f82b80f876b57e2ee8,2026-08-21T01:52:36.562263+00:00,2026-08-21T01:52:35.579018+00:00,5y5y-real-forward-compound-v1,0.1.0,PASS,STALE
L1-007,2023-10-03,2.310191051759425,percent,FRED-derived,DFII5,DFII10,docs/phase2-ingestion/data/macro/raw/fred/DFII5-20260821T015236Z.json,docs/phase2-ingestion/data/macro/raw/fred/DFII10-20260821T015235Z.json,f092dfcc7b003910593614dedb12c59fe399d0a0e1dcc26f4eb423fb3bb7b7b3,dbaf1dee142b5509e1bf9302fb5280656ce6c577224707f82b80f876b57e2ee8,2026-08-21T01:52:36.562263+00:00,2026-08-21T01:52:35.579018+00:00,5y5y-real-forward-compound-v1,0.1.0,PASS,STALE
L1-007,2023-10-04,2.2601911449190437,percent,FRED-derived,DFII5,DFII10,docs/phase2-ingestion/data/macro/raw/fred/DFII5-20260821T015236Z.json,docs/phase2-ingestion/data/macro/raw/fred/DFII10-20260821T015235Z.json,f092dfcc7b003910593614dedb12c59fe399d0a0e1dcc26f4eb423fb3bb7b7b3,dbaf1dee142b5509e1bf9302fb5280656ce6c577224707f82b80f876b57e2ee8,2026-08-21T01:52:36.562263+00:00,2026-08-21T01:52:35.579018+00:00,5y5y-real-forward-compound-v1,0.1.0,PASS,STALE
L1-007,2023-10-05,2.2801648137312114,percent,FRED-derived,DFII5,DFII10,docs/phase2-ingestion/data/macro/raw/fred/DFII5-20260821T015236Z.json,docs/phase2-ingestion/data/macro/raw/fred/DFII10-20260821T015235Z.json,f092dfcc7b003910593614dedb12c59fe399d0a0e1dcc26f4eb423fb3bb7b7b3,dbaf1dee142b5509e1bf9302fb5280656ce6c577224707f82b80f876b57e2ee8,2026-08-21T01:52:36.562263+00:00,2026-08-21T01:52:35.579018+00:00,5y5y-real-forward-compound-v1,0.1.0,PASS,STALE
L1-007,2023-10-06,2.3601179567166897,percent,FRED-derived,DFII5,DFII10,docs/phase2-ingestion/data/macro/raw/fred/DFII5-20260821T015236Z.json,docs/phase2-ingestion/data/macro/raw/fred/DFII10-20260821T015235Z.json,f092dfcc7b003910593614dedb12c59fe399d0a0e1dcc26f4eb423fb3bb7b7b3,dbaf1dee142b5509e1bf9302fb5280656ce6c577224707f82b80f876b57e2ee8,2026-08-21T01:52:36.562263+00:00,2026-08-21T01:52:35.579018+00:00,5y5y-real-forward-compound-v1,0.1.0,PASS,STALE
L1-007,2023-10-10,2.240097618117942,percent,FRED-derived,DFII5,DFII10,docs/phase2-ingestion/data/macro/raw/fred/DFII5-20260821T015236Z.json,docs/phase2-ingestion/data/macro/raw/fred/DFII10-20260821T015235Z.json,f092dfcc7b003910593614dedb12c59fe399d0a0e1dcc26f4eb423fb3bb7b7b3,dbaf1dee142b5509e1bf9302fb5280656ce6c577224707f82b80f876b57e2ee8,2026-08-21T01:52:36.562263+00:00,2026-08-21T01:52:35.579018+00:00,5y5y-real-forward-compound-v1,0.1.0,PASS,STALE
L1-007,2023-10-11,2.1301650551811546,percent,FRED-derived,DFII5,DFII10,docs/phase2-ingestion/data/macro/raw/fred/DFII5-20260821T015236Z.json,docs/phase2-ingestion/data/macro/raw/fred/DFII10-20260821T015235Z.json,f092dfcc7b003910593614dedb12c59fe399d0a0e1dcc26f4eb423fb3bb7b7b3,dbaf1dee142b5509e1bf9302fb5280656ce6c577224707f82b80f876b57e2ee8,2026-08-21T01:52:36.562263+00:00,2026-08-21T01:52:35.579018+00:00,5y5y-real-forward-compound-v1,0.1.0,PASS,STALE
L1-007,2023-10-12,2.260097599063071,percent,FRED-derived,DFII5,DFII10,docs/phase2-ingestion/data/macro/raw/fred/DFII5-20260821T015236Z.json,docs/phase2-ingestion/data/macro/raw/fred/DFII10-20260821T015235Z.json,f092dfcc7b003910593614dedb12c59fe399d0a0e1dcc26f4eb423fb3bb7b7b3,dbaf1dee142b5509e1bf9302fb5280656ce6c577224707f82b80f876b57e2ee8,2026-08-21T01:52:36.562263+00:00,2026-08-21T01:52:35.579018+00:00,5y5y-real-forward-compound-v1,0.1.0,PASS,STALE
L1-007,2023-10-13,2.1900976657876603,percent,FRED-derived,DFII5,DFII10,docs/phase2-ingestion/data/macro/raw/fred/DFII5-20260821T015236Z.json,docs/phase2-ingestion/data/macro/raw/fred/DFII10-20260821T015235Z.json,f092dfcc7b003910593614dedb12c59fe399d0a0e1dcc26f4eb423fb3bb7b7b3,dbaf1dee142b5509e1bf9302fb5280656ce6c577224707f82b80f876b57e2ee8,2026-08-21T01:52:36.562263+00:00,2026-08-21T01:52:35.579018+00:00,5y5y-real-forward-compound-v1,0.1.0,PASS,STALE
L1-007,2023-10-16,2.240079086116009,percent,FRED-derived,DFII5,DFII10,docs/phase2-ingestion/data/macro/raw/fred/DFII5-20260821T015236Z.json,docs/phase2-ingestion/data/macro/raw/fred/DFII10-20260821T015235Z.json,f092dfcc7b003910593614dedb12c59fe399d0a0e1dcc26f4eb423fb3bb7b7b3,dbaf1dee142b5509e1bf9302fb5280656ce6c577224707f82b80f876b57e2ee8,2026-08-21T01:52:36.562263+00:00,2026-08-21T01:52:35.579018+00:00,5y5y-real-forward-compound-v1,0.1.0,PASS,STALE
L1-007,2023-10-17,2.3001404330017516,percent,FRED-derived,DFII5,DFII10,docs/phase2-ingestion/data/macro/raw/fred/DFII5-20260821T015236Z.json,docs/phase2-ingestion/data/macro/raw/fred/DFII10-20260821T015235Z.json,f092dfcc7b003910593614dedb12c59fe399d0a0e1dcc26f4eb423fb3bb7b7b3,dbaf1dee142b5509e1bf9302fb5280656ce6c577224707f82b80f876b57e2ee8,2026-08-21T01:52:36.562263+00:00,2026-08-21T01:52:35.579018+00:00,5y5y-real-forward-compound-v1,0.1.0,PASS,STALE
L1-007,2023-10-18,2.3700974943940523,percent,FRED-derived,DFII5,DFII10,docs/phase2-ingestion/data/macro/raw/fred/DFII5-20260821T015236Z.json,docs/phase2-ingestion/data/macro/raw/fred/DFII10-20260821T015235Z.json,f092dfcc7b003910593614dedb12c59fe399d0a0e1dcc26f4eb423fb3bb7b7b3,dbaf1dee142b5509e1bf9302fb5280656ce6c577224707f82b80f876b57e2ee8,2026-08-21T01:52:36.562263+00:00,2026-08-21T01:52:35.579018+00:00,5y5y-real-forward-compound-v1,0.1.0,PASS,STALE
L1-007,2023-10-19,2.550035145953311,percent,FRED-derived,DFII5,DFII10,docs/phase2-ingestion/data/macro/raw/fred/DFII5-20260821T015236Z.json,docs/phase2-ingestion/data/macro/raw/fred/DFII10-20260821T015235Z.json,f092dfcc7b003910593614dedb12c59fe399d0a0e1dcc26f4eb423fb3bb7b7b3,dbaf1dee142b5509e1bf9302fb5280656ce6c577224707f82b80f876b57e2ee8,2026-08-21T01:52:36.562263+00:00,2026-08-21T01:52:35.579018+00:00,5y5y-real-forward-compound-v1,0.1.0,PASS,STALE
L1-007,2023-10-20,2.5300478562359396,percent,FRED-derived,DFII5,DFII10,docs/phase2-ingestion/data/macro/raw/fred/DFII5-20260821T015236Z.json,docs/phase2-ingestion/data/macro/raw/fred/DFII10-20260821T015235Z.json,f092dfcc7b003910593614dedb12c59fe399d0a0e1dcc26f4eb423fb3bb7b7b3,dbaf1dee142b5509e1bf9302fb5280656ce6c577224707f82b80f876b57e2ee8,2026-08-21T01:52:36.562263+00:00,2026-08-21T01:52:35.579018+00:00,5y5y-real-forward-compound-v1,0.1.0,PASS,STALE
L1-007,2023-10-23,2.500024414062496,percent,FRED-derived,DFII5,DFII10,docs/phase2-ingestion/data/macro/raw/fred/DFII5-20260821T015236Z.json,docs/phase2-ingestion/data/macro/raw/fred/DFII10-20260821T015235Z.json,f092dfcc7b003910593614dedb12c59fe399d0a0e1dcc26f4eb423fb3bb7b7b3,dbaf1dee142b5509e1bf9302fb5280656ce6c577224707f82b80f876b57e2ee8,2026-08-21T01:52:36.562263+00:00,2026-08-21T01:52:35.579018+00:00,5y5y-real-forward-compound-v1,0.1.0,PASS,STALE
L1-007,2023-10-24,2.4200009761811803,percent,FRED-derived,DFII5,DFII10,docs/phase2-ingestion/data/macro/raw/fred/DFII5-20260821T015236Z.json,docs/phase2-ingestion/data/macro/raw/fred/DFII10-20260821T015235Z.json,f092dfcc7b003910593614dedb12c59fe399d0a0e1dcc26f4eb423fb3bb7b7b3,dbaf1dee142b5509e1bf9302fb5280656ce6c577224707f82b80f876b57e2ee8,2026-08-21T01:52:36.562263+00:00,2026-08-21T01:52:35.579018+00:00,5y5y-real-forward-compound-v1,0.1.0,PASS,STALE
L1-007,2023-10-25,2.550008781344504,percent,FRED-derived,DFII5,DFII10,docs/phase2-ingestion/data/macro/raw/fred/DFII5-20260821T015236Z.json,docs/phase2-ingestion/data/macro/raw/fred/DFII10-20260821T015235Z.json,f092dfcc7b003910593614dedb12c59fe399d0a0e1dcc26f4eb423fb3bb7b7b3,dbaf1dee142b5509e1bf9302fb5280656ce6c577224707f82b80f876b57e2ee8,2026-08-21T01:52:36.562263+00:00,2026-08-21T01:52:35.579018+00:00,5y5y-real-forward-compound-v1,0.1.0,PASS,STALE
L1-007,2023-10-26,2.460003905487196,percent,FRED-derived,DFII5,DFII10,docs/phase2-ingestion/data/macro/raw/fred/DFII5-20260821T015236Z.json,docs/phase2-ingestion/data/macro/raw/fred/DFII10-20260821T015235Z.json,f092dfcc7b003910593614dedb12c59fe399d0a0e1dcc26f4eb423fb3bb7b7b3,dbaf1dee142b5509e1bf9302fb5280656ce6c577224707f82b80f876b57e2ee8,2026-08-21T01:52:36.562263+00:00,2026-08-21T01:52:35.579018+00:00,5y5y-real-forward-compound-v1,0.1.0,PASS,STALE
L1-007,2023-10-27,2.470024421217154,percent,FRED-derived,DFII5,DFII10,docs/phase2-ingestion/data/macro/raw/fred/DFII5-20260821T015236Z.json,docs/phase2-ingestion/data/macro/raw/fred/DFII10-20260821T015235Z.json,f092dfcc7b003910593614dedb12c59fe399d0a0e1dcc26f4eb423fb3bb7b7b3,dbaf1dee142b5509e1bf9302fb5280656ce6c577224707f82b80f876b57e2ee8,2026-08-21T01:52:36.562263+00:00,2026-08-21T01:52:35.579018+00:00,5y5y-real-forward-compound-v1,0.1.0,PASS,STALE
L1-007,2023-10-30,2.4800156249999983,percent,FRED-derived,DFII5,DFII10,docs/phase2-ingestion/data/macro/raw/fred/DFII5-20260821T015236Z.json,docs/phase2-ingestion/data/macro/raw/fred/DFII10-20260821T015235Z.json,f092dfcc7b003910593614dedb12c59fe399d0a0e1dcc26f4eb423fb3bb7b7b3,dbaf1dee142b5509e1bf9302fb5280656ce6c577224707f82b80f876b57e2ee8,2026-08-21T01:52:36.562263+00:00,2026-08-21T01:52:35.579018+00:00,5y5y-real-forward-compound-v1,0.1.0,PASS,STALE
L1-007,2023-10-31,2.5000156219488368,percent,FRED-derived,DFII5,DFII10,docs/phase2-ingestion/data/macro/raw/fred/DFII5-20260821T015236Z.json,docs/phase2-ingestion/data/macro/raw/fred/DFII10-20260821T015235Z.json,f092dfcc7b003910593614dedb12c59fe399d0a0e1dcc26f4eb423fb3bb7b7b3,dbaf1dee142b5509e1bf9302fb5280656ce6c577224707f82b80f876b57e2ee8,2026-08-21T01:52:36.562263+00:00,2026-08-21T01:52:35.579018+00:00,5y5y-real-forward-compound-v1,0.1.0,PASS,STALE
L1-007,2023-11-01,2.410024435539082,percent,FRED-derived,DFII5,DFII10,docs/phase2-ingestion/data/macro/raw/fred/DFII5-20260821T015236Z.json,docs/phase2-ingestion/data/macro/raw/fred/DFII10-20260821T015235Z.json,f092dfcc7b003910593614dedb12c59fe399d0a0e1dcc26f4eb423fb3bb7b7b3,dbaf1dee142b5509e1bf9302fb5280656ce6c577224707f82b80f876b57e2ee8,2026-08-21T01:52:36.562263+00:00,2026-08-21T01:52:35.579018+00:00,5y5y-real-forward-compound-v1,0.1.0,PASS,STALE
L1-007,2023-11-02,2.2400087976539584,percent,FRED-derived,DFII5,DFII10,docs/phase2-ingestion/data/macro/raw/fred/DFII5-20260821T015236Z.json,docs/phase2-ingestion/data/macro/raw/fred/DFII10-20260821T015235Z.json,f092dfcc7b003910593614dedb12c59fe399d0a0e1dcc26f4eb423fb3bb7b7b3,dbaf1dee142b5509e1bf9302fb5280656ce6c577224707f82b80f876b57e2ee8,2026-08-21T01:52:36.562263+00:00,2026-08-21T01:52:35.579018+00:00,5y5y-real-forward-compound-v1,0.1.0,PASS,STALE
L1-007,2023-11-03,2.1900009787608976,percent,FRED-derived,DFII5,DFII10,docs/phase2-ingestion/data/macro/raw/fred/DFII5-20260821T015236Z.json,docs/phase2-ingestion/data/macro/raw/fred/DFII10-20260821T015235Z.json,f092dfcc7b003910593614dedb12c59fe399d0a0e1dcc26f4eb423fb3bb7b7b3,dbaf1dee142b5509e1bf9302fb5280656ce6c577224707f82b80f876b57e2ee8,2026-08-21T01:52:36.562263+00:00,2026-08-21T01:52:35.579018+00:00,5y5y-real-forward-compound-v1,0.1.0,PASS,STALE
L1-007,2023-11-06,2.2499999999999964,percent,FRED-derived,DFII5,DFII10,docs/phase2-ingestion/data/macro/raw/fred/DFII5-20260821T015236Z.json,docs/phase2-ingestion/data/macro/raw/fred/DFII10-20260821T015235Z.json,f092dfcc7b003910593614dedb12c59fe399d0a0e1dcc26f4eb423fb3bb7b7b3,dbaf1dee142b5509e1bf9302fb5280656ce6c577224707f82b80f876b57e2ee8,2026-08-21T01:52:36.562263+00:00,2026-08-21T01:52:35.579018+00:00,5y5y-real-forward-compound-v1,0.1.0,PASS,STALE
L1-007,2023-11-07,2.170003913511409,percent,FRED-derived,DFII5,DFII10,docs/phase2-ingestion/data/macro/raw/fred/DFII5-20260821T015236Z.json,docs/phase2-ingestion/data/macro/raw/fred/DFII10-20260821T015235Z.json,f092dfcc7b003910593614dedb12c59fe399d0a0e1dcc26f4eb423fb3bb7b7b3,dbaf1dee142b5509e1bf9302fb5280656ce6c577224707f82b80f876b57e2ee8,2026-08-21T01:52:36.562263+00:00,2026-08-21T01:52:35.579018+00:00,5y5y-real-forward-compound-v1,0.1.0,PASS,STALE
L1-007,2023-11-08,2.0800479358247026,percent,FRED-derived,DFII5,DFII10,docs/phase2-ingestion/data/macro/raw/fred/DFII5-20260821T015236Z.json,docs/phase2-ingestion/data/macro/raw/fred/DFII10-20260821T015235Z.json,f092dfcc7b003910593614dedb12c59fe399d0a0e1dcc26f4eb423fb3bb7b7b3,dbaf1dee142b5509e1bf9302fb5280656ce6c577224707f82b80f876b57e2ee8,2026-08-21T01:52:36.562263+00:00,2026-08-21T01:52:35.579018+00:00,5y5y-real-forward-compound-v1,0.1.0,PASS,STALE
L1-007,2023-11-09,2.230035173424505,percent,FRED-derived,DFII5,DFII10,docs/phase2-ingestion/data/macro/raw/fred/DFII5-20260821T015236Z.json,docs/phase2-ingestion/data/macro/raw/fred/DFII10-20260821T015235Z.json,f092dfcc7b003910593614dedb12c59fe399d0a0e1dcc26f4eb423fb3bb7b7b3,dbaf1dee142b5509e1bf9302fb5280656ce6c577224707f82b80f876b57e2ee8,2026-08-21T01:52:36.562263+00:00,2026-08-21T01:52:35.579018+00:00,5y5y-real-forward-compound-v1,0.1.0,PASS,STALE
L1-007,2023-11-10,2.2100625183158806,percent,FRED-derived,DFII5,DFII10,docs/phase2-ingestion/data/macro/raw/fred/DFII5-20260821T015236Z.json,docs/phase2-ingestion/data/macro/raw/fred/DFII10-20260821T015235Z.json,f092dfcc7b003910593614dedb12c59fe399d0a0e1dcc26f4eb423fb3bb7b7b3,dbaf1dee142b5509e1bf9302fb5280656ce6c577224707f82b80f876b57e2ee8,2026-08-21T01:52:36.562263+00:00,2026-08-21T01:52:35.579018+00:00,5y5y-real-forward-compound-v1,0.1.0,PASS,STALE
L1-007,2023-11-13,2.270024421217176,percent,FRED-derived,DFII5,DFII10,docs/phase2-ingestion/data/macro/raw/fred/DFII5-20260821T015236Z.json,docs/phase2-ingestion/data/macro/raw/fred/DFII10-20260821T015235Z.json,f092dfcc7b003910593614dedb12c59fe399d0a0e1dcc26f4eb423fb3bb7b7b3,dbaf1dee142b5509e1bf9302fb5280656ce6c577224707f82b80f876b57e2ee8,2026-08-21T01:52:36.562263+00:00,2026-08-21T01:52:35.579018+00:00,5y5y-real-forward-compound-v1,0.1.0,PASS,STALE
L1-007,2023-11-14,2.1300088071239953,percent,FRED-derived,DFII5,DFII10,docs/phase2-ingestion/data/macro/raw/fred/DFII5-20260821T015236Z.json,docs/phase2-ingestion/data/macro/raw/fred/DFII10-20260821T015235Z.json,f092dfcc7b003910593614dedb12c59fe399d0a0e1dcc26f4eb423fb3bb7b7b3,dbaf1dee142b5509e1bf9302fb5280656ce6c577224707f82b80f876b57e2ee8,2026-08-21T01:52:36.562263+00:00,2026-08-21T01:52:35.579018+00:00,5y5y-real-forward-compound-v1,0.1.0,PASS,STALE
L1-007,2023-11-15,2.160035197497079,percent,FRED-derived,DFII5,DFII10,docs/phase2-ingestion/data/macro/raw/fred/DFII5-20260821T015236Z.json,docs/phase2-ingestion/data/macro/raw/fred/DFII10-20260821T015235Z.json,f092dfcc7b003910593614dedb12c59fe399d0a0e1dcc26f4eb423fb3bb7b7b3,dbaf1dee142b5509e1bf9302fb5280656ce6c577224707f82b80f876b57e2ee8,2026-08-21T01:52:36.562263+00:00,2026-08-21T01:52:35.579018+00:00,5y5y-real-forward-compound-v1,0.1.0,PASS,STALE
L1-007,2023-11-16,2.1300244546610614,percent,FRED-derived,DFII5,DFII10,docs/phase2-ingestion/data/macro/raw/fred/DFII5-20260821T015236Z.json,docs/phase2-ingestion/data/macro/raw/fred/DFII10-20260821T015235Z.json,f092dfcc7b003910593614dedb12c59fe399d0a0e1dcc26f4eb423fb3bb7b7b3,dbaf1dee142b5509e1bf9302fb5280656ce6c577224707f82b80f876b57e2ee8,2026-08-21T01:52:36.562263+00:00,2026-08-21T01:52:35.579018+00:00,5y5y-real-forward-compound-v1,0.1.0,PASS,STALE
L1-007,2023-11-17,2.100035218156937,percent,FRED-derived,DFII5,DFII10,docs/phase2-ingestion/data/macro/raw/fred/DFII5-20260821T015236Z.json,docs/phase2-ingestion/data/macro/raw/fred/DFII10-20260821T015235Z.json,f092dfcc7b003910593614dedb12c59fe399d0a0e1dcc26f4eb423fb3bb7b7b3,dbaf1dee142b5509e1bf9302fb5280656ce6c577224707f82b80f876b57e2ee8,2026-08-21T01:52:36.562263+00:00,2026-08-21T01:52:35.579018+00:00,5y5y-real-forward-compound-v1,0.1.0,PASS,STALE
L1-007,2023-11-20,2.0600352319436466,percent,FRED-derived,DFII5,DFII10,docs/phase2-ingestion/data/macro/raw/fred/DFII5-20260821T015236Z.json,docs/phase2-ingestion/data/macro/raw/fred/DFII10-20260821T015235Z.json,f092dfcc7b003910593614dedb12c59fe399d0a0e1dcc26f4eb423fb3bb7b7b3,dbaf1dee142b5509e1bf9302fb5280656ce6c577224707f82b80f876b57e2ee8,2026-08-21T01:52:36.562263+00:00,2026-08-21T01:52:35.579018+00:00,5y5y-real-forward-compound-v1,0.1.0,PASS,STALE
L1-007,2023-11-21,2.100035218156937,percent,FRED-derived,DFII5,DFII10,docs/phase2-ingestion/data/macro/raw/fred/DFII5-20260821T015236Z.json,docs/phase2-ingestion/data/macro/raw/fred/DFII10-20260821T015235Z.json,f092dfcc7b003910593614dedb12c59fe399d0a0e1dcc26f4eb423fb3bb7b7b3,dbaf1dee142b5509e1bf9302fb5280656ce6c577224707f82b80f876b57e2ee8,2026-08-21T01:52:36.562263+00:00,2026-08-21T01:52:35.579018+00:00,5y5y-real-forward-compound-v1,0.1.0,PASS,STALE
L1-007,2023-11-22,2.0900479311356968,percent,FRED-derived,DFII5,DFII10,docs/phase2-ingestion/data/macro/raw/fred/DFII5-20260821T015236Z.json,docs/phase2-ingestion/data/macro/raw/fred/DFII10-20260821T015235Z.json,f092dfcc7b003910593614dedb12c59fe399d0a0e1dcc26f4eb423fb3bb7b7b3,dbaf1dee142b5509e1bf9302fb5280656ce6c577224707f82b80f876b57e2ee8,2026-08-21T01:52:36.562263+00:00,2026-08-21T01:52:35.579018+00:00,5y5y-real-forward-compound-v1,0.1.0,PASS,STALE
L1-007,2023-11-24,2.1400479077043455,percent,FRED-derived,DFII5,DFII10,docs/phase2-ingestion/data/macro/raw/fred/DFII5-20260821T015236Z.json,docs/phase2-ingestion/data/macro/raw/fred/DFII10-20260821T015235Z.json,f092dfcc7b003910593614dedb12c59fe399d0a0e1dcc26f4eb423fb3bb7b7b3,dbaf1dee142b5509e1bf9302fb5280656ce6c577224707f82b80f876b57e2ee8,2026-08-21T01:52:36.562263+00:00,2026-08-21T01:52:35.579018+00:00,5y5y-real-forward-compound-v1,0.1.0,PASS,STALE
L1-007,2023-11-27,2.100062585566209,percent,FRED-derived,DFII5,DFII10,docs/phase2-ingestion/data/macro/raw/fred/DFII5-20260821T015236Z.json,docs/phase2-ingestion/data/macro/raw/fred/DFII10-20260821T015235Z.json,f092dfcc7b003910593614dedb12c59fe399d0a0e1dcc26f4eb423fb3bb7b7b3,dbaf1dee142b5509e1bf9302fb5280656ce6c577224707f82b80f876b57e2ee8,2026-08-21T01:52:36.562263+00:00,2026-08-21T01:52:35.579018+00:00,5y5y-real-forward-compound-v1,0.1.0,PASS,STALE
L1-007,2023-11-28,2.1000039161934714,percent,FRED-derived,DFII5,DFII10,docs/phase2-ingestion/data/macro/raw/fred/DFII5-20260821T015236Z.json,docs/phase2-ingestion/data/macro/raw/fred/DFII10-20260821T015235Z.json,f092dfcc7b003910593614dedb12c59fe399d0a0e1dcc26f4eb423fb3bb7b7b3,dbaf1dee142b5509e1bf9302fb5280656ce6c577224707f82b80f876b57e2ee8,2026-08-21T01:52:36.562263+00:00,2026-08-21T01:52:35.579018+00:00,5y5y-real-forward-compound-v1,0.1.0,PASS,STALE
L1-007,2023-11-29,2.0400039184953034,percent,FRED-derived,DFII5,DFII10,docs/phase2-ingestion/data/macro/raw/fred/DFII5-20260821T015236Z.json,docs/phase2-ingestion/data/macro/raw/fred/DFII10-20260821T015235Z.json,f092dfcc7b003910593614dedb12c59fe399d0a0e1dcc26f4eb423fb3bb7b7b3,dbaf1dee142b5509e1bf9302fb5280656ce6c577224707f82b80f876b57e2ee8,2026-08-21T01:52:36.562263+00:00,2026-08-21T01:52:35.579018+00:00,5y5y-real-forward-compound-v1,0.1.0,PASS,STALE
L1-007,2023-11-30,2.1200039154267936,percent,FRED-derived,DFII5,DFII10,docs/phase2-ingestion/data/macro/raw/fred/DFII5-20260821T015236Z.json,docs/phase2-ingestion/data/macro/raw/fred/DFII10-20260821T015235Z.json,f092dfcc7b003910593614dedb12c59fe399d0a0e1dcc26f4eb423fb3bb7b7b3,dbaf1dee142b5509e1bf9302fb5280656ce6c577224707f82b80f876b57e2ee8,2026-08-21T01:52:36.562263+00:00,2026-08-21T01:52:35.579018+00:00,5y5y-real-forward-compound-v1,0.1.0,PASS,STALE
L1-007,2023-12-01,1.9800039207998443,percent,FRED-derived,DFII5,DFII10,docs/phase2-ingestion/data/macro/raw/fred/DFII5-20260821T015236Z.json,docs/phase2-ingestion/data/macro/raw/fred/DFII10-20260821T015235Z.json,f092dfcc7b003910593614dedb12c59fe399d0a0e1dcc26f4eb423fb3bb7b7b3,dbaf1dee142b5509e1bf9302fb5280656ce6c577224707f82b80f876b57e2ee8,2026-08-21T01:52:36.562263+00:00,2026-08-21T01:52:35.579018+00:00,5y5y-real-forward-compound-v1,0.1.0,PASS,STALE
L1-007,2023-12-04,2.040008814887373,percent,FRED-derived,DFII5,DFII10,docs/phase2-ingestion/data/macro/raw/fred/DFII5-20260821T015236Z.json,docs/phase2-ingestion/data/macro/raw/fred/DFII10-20260821T015235Z.json,f092dfcc7b003910593614dedb12c59fe399d0a0e1dcc26f4eb423fb3bb7b7b3,dbaf1dee142b5509e1bf9302fb5280656ce6c577224707f82b80f876b57e2ee8,2026-08-21T01:52:36.562263+00:00,2026-08-21T01:52:35.579018+00:00,5y5y-real-forward-compound-v1,0.1.0,PASS,STALE
L1-007,2023-12-05,1.9700156785889211,percent,FRED-derived,DFII5,DFII10,docs/phase2-ingestion/data/macro/raw/fred/DFII5-20260821T015236Z.json,docs/phase2-ingestion/data/macro/raw/fred/DFII10-20260821T015235Z.json,f092dfcc7b003910593614dedb12c59fe399d0a0e1dcc26f4eb423fb3bb7b7b3,dbaf1dee142b5509e1bf9302fb5280656ce6c577224707f82b80f876b57e2ee8,2026-08-21T01:52:36.562263+00:00,2026-08-21T01:52:35.579018+00:00,5y5y-real-forward-compound-v1,0.1.0,PASS,STALE
L1-007,2023-12-06,1.890079357303831,percent,FRED-derived,DFII5,DFII10,docs/phase2-ingestion/data/macro/raw/fred/DFII5-20260821T015236Z.json,docs/phase2-ingestion/data/macro/raw/fred/DFII10-20260821T015235Z.json,f092dfcc7b003910593614dedb12c59fe399d0a0e1dcc26f4eb423fb3bb7b7b3,dbaf1dee142b5509e1bf9302fb5280656ce6c577224707f82b80f876b57e2ee8,2026-08-21T01:52:36.562263+00:00,2026-08-21T01:52:35.579018+00:00,5y5y-real-forward-compound-v1,0.1.0,PASS,STALE
L1-007,2023-12-07,1.8900627143557225,percent,FRED-derived,DFII5,DFII10,docs/phase2-ingestion/data/macro/raw/fred/DFII5-20260821T015236Z.json,docs/phase2-ingestion/data/macro/raw/fred/DFII10-20260821T015235Z.json,f092dfcc7b003910593614dedb12c59fe399d0a0e1dcc26f4eb423fb3bb7b7b3,dbaf1dee142b5509e1bf9302fb5280656ce6c577224707f82b80f876b57e2ee8,2026-08-21T01:52:36.562263+00:00,2026-08-21T01:52:35.579018+00:00,5y5y-real-forward-compound-v1,0.1.0,PASS,STALE
L1-007,2023-12-08,1.9101184764515722,percent,FRED-derived,DFII5,DFII10,docs/phase2-ingestion/data/macro/raw/fred/DFII5-20260821T015236Z.json,docs/phase2-ingestion/data/macro/raw/fred/DFII10-20260821T015235Z.json,f092dfcc7b003910593614dedb12c59fe399d0a0e1dcc26f4eb423fb3bb7b7b3,dbaf1dee142b5509e1bf9302fb5280656ce6c577224707f82b80f876b57e2ee8,2026-08-21T01:52:36.562263+00:00,2026-08-21T01:52:35.579018+00:00,5y5y-real-forward-compound-v1,0.1.0,PASS,STALE
L1-007,2023-12-11,1.9400979048364908,percent,FRED-derived,DFII5,DFII10,docs/phase2-ingestion/data/macro/raw/fred/DFII5-20260821T015236Z.json,docs/phase2-ingestion/data/macro/raw/fred/DFII10-20260821T015235Z.json,f092dfcc7b003910593614dedb12c59fe399d0a0e1dcc26f4eb423fb3bb7b7b3,dbaf1dee142b5509e1bf9302fb5280656ce6c577224707f82b80f876b57e2ee8,2026-08-21T01:52:36.562263+00:00,2026-08-21T01:52:35.579018+00:00,5y5y-real-forward-compound-v1,0.1.0,PASS,STALE
L1-007,2023-12-12,1.9301184532550142,percent,FRED-derived,DFII5,DFII10,docs/phase2-ingestion/data/macro/raw/fred/DFII5-20260821T015236Z.json,docs/phase2-ingestion/data/macro/raw/fred/DFII10-20260821T015235Z.json,f092dfcc7b003910593614dedb12c59fe399d0a0e1dcc26f4eb423fb3bb7b7b3,dbaf1dee142b5509e1bf9302fb5280656ce6c577224707f82b80f876b57e2ee8,2026-08-21T01:52:36.562263+00:00,2026-08-21T01:52:35.579018+00:00,5y5y-real-forward-compound-v1,0.1.0,PASS,STALE
L1-007,2023-12-13,1.8400156985870941,percent,FRED-derived,DFII5,DFII10,docs/phase2-ingestion/data/macro/raw/fred/DFII5-20260821T015236Z.json,docs/phase2-ingestion/data/macro/raw/fred/DFII10-20260821T015235Z.json,f092dfcc7b003910593614dedb12c59fe399d0a0e1dcc26f4eb423fb3bb7b7b3,dbaf1dee142b5509e1bf9302fb5280656ce6c577224707f82b80f876b57e2ee8,2026-08-21T01:52:36.562263+00:00,2026-08-21T01:52:35.579018+00:00,5y5y-real-forward-compound-v1,0.1.0,PASS,STALE
L1-007,2023-12-14,1.6800039323633165,percent,FRED-derived,DFII5,DFII10,docs/phase2-ingestion/data/macro/raw/fred/DFII5-20260821T015236Z.json,docs/phase2-ingestion/data/macro/raw/fred/DFII10-20260821T015235Z.json,f092dfcc7b003910593614dedb12c59fe399d0a0e1dcc26f4eb423fb3bb7b7b3,dbaf1dee142b5509e1bf9302fb5280656ce6c577224707f82b80f876b57e2ee8,2026-08-21T01:52:36.562263+00:00,2026-08-21T01:52:35.579018+00:00,5y5y-real-forward-compound-v1,0.1.0,PASS,STALE
L1-007,2023-12-15,1.6400245724395246,percent,FRED-derived,DFII5,DFII10,docs/phase2-ingestion/data/macro/raw/fred/DFII5-20260821T015236Z.json,docs/phase2-ingestion/data/macro/raw/fred/DFII10-20260821T015235Z.json,f092dfcc7b003910593614dedb12c59fe399d0a0e1dcc26f4eb423fb3bb7b7b3,dbaf1dee142b5509e1bf9302fb5280656ce6c577224707f82b80f876b57e2ee8,2026-08-21T01:52:36.562263+00:00,2026-08-21T01:52:35.579018+00:00,5y5y-real-forward-compound-v1,0.1.0,PASS,STALE
L1-007,2023-12-18,1.7200039308176152,percent,FRED-derived,DFII5,DFII10,docs/phase2-ingestion/data/macro/raw/fred/DFII5-20260821T015236Z.json,docs/phase2-ingestion/data/macro/raw/fred/DFII10-20260821T015235Z.json,f092dfcc7b003910593614dedb12c59fe399d0a0e1dcc26f4eb423fb3bb7b7b3,dbaf1dee142b5509e1bf9302fb5280656ce6c577224707f82b80f876b57e2ee8,2026-08-21T01:52:36.562263+00:00,2026-08-21T01:52:35.579018+00:00,5y5y-real-forward-compound-v1,0.1.0,PASS,STALE
L1-007,2023-12-19,1.7100088434705896,percent,FRED-derived,DFII5,DFII10,docs/phase2-ingestion/data/macro/raw/fred/DFII5-20260821T015236Z.json,docs/phase2-ingestion/data/macro/raw/fred/DFII10-20260821T015235Z.json,f092dfcc7b003910593614dedb12c59fe399d0a0e1dcc26f4eb423fb3bb7b7b3,dbaf1dee142b5509e1bf9302fb5280656ce6c577224707f82b80f876b57e2ee8,2026-08-21T01:52:36.562263+00:00,2026-08-21T01:52:35.579018+00:00,5y5y-real-forward-compound-v1,0.1.0,PASS,STALE
L1-007,2023-12-20,1.6400088495575282,percent,FRED-derived,DFII5,DFII10,docs/phase2-ingestion/data/macro/raw/fred/DFII5-20260821T015236Z.json,docs/phase2-ingestion/data/macro/raw/fred/DFII10-20260821T015235Z.json,f092dfcc7b003910593614dedb12c59fe399d0a0e1dcc26f4eb423fb3bb7b7b3,dbaf1dee142b5509e1bf9302fb5280656ce6c577224707f82b80f876b57e2ee8,2026-08-21T01:52:36.562263+00:00,2026-08-21T01:52:35.579018+00:00,5y5y-real-forward-compound-v1,0.1.0,PASS,STALE
L1-007,2023-12-21,1.710000983380855,percent,FRED-derived,DFII5,DFII10,docs/phase2-ingestion/data/macro/raw/fred/DFII5-20260821T015236Z.json,docs/phase2-ingestion/data/macro/raw/fred/DFII10-20260821T015235Z.json,f092dfcc7b003910593614dedb12c59fe399d0a0e1dcc26f4eb423fb3bb7b7b3,dbaf1dee142b5509e1bf9302fb5280656ce6c577224707f82b80f876b57e2ee8,2026-08-21T01:52:36.562263+00:00,2026-08-21T01:52:35.579018+00:00,5y5y-real-forward-compound-v1,0.1.0,PASS,STALE
L1-007,2023-12-22,1.7099999999999893,percent,FRED-derived,DFII5,DFII10,docs/phase2-ingestion/data/macro/raw/fred/DFII5-20260821T015236Z.json,docs/phase2-ingestion/data/macro/raw/fred/DFII10-20260821T015235Z.json,f092dfcc7b003910593614dedb12c59fe399d0a0e1dcc26f4eb423fb3bb7b7b3,dbaf1dee142b5509e1bf9302fb5280656ce6c577224707f82b80f876b57e2ee8,2026-08-21T01:52:36.562263+00:00,2026-08-21T01:52:35.579018+00:00,5y5y-real-forward-compound-v1,0.1.0,PASS,STALE
L1-007,2023-12-26,1.7000009830907992,percent,FRED-derived,DFII5,DFII10,docs/phase2-ingestion/data/macro/raw/fred/DFII5-20260821T015236Z.json,docs/phase2-ingestion/data/macro/raw/fred/DFII10-20260821T015235Z.json,f092dfcc7b003910593614dedb12c59fe399d0a0e1dcc26f4eb423fb3bb7b7b3,dbaf1dee142b5509e1bf9302fb5280656ce6c577224707f82b80f876b57e2ee8,2026-08-21T01:52:36.562263+00:00,2026-08-21T01:52:35.579018+00:00,5y5y-real-forward-compound-v1,0.1.0,PASS,STALE
L1-007,2023-12-27,1.6200039346842443,percent,FRED-derived,DFII5,DFII10,docs/phase2-ingestion/data/macro/raw/fred/DFII5-20260821T015236Z.json,docs/phase2-ingestion/data/macro/raw/fred/DFII10-20260821T015235Z.json,f092dfcc7b003910593614dedb12c59fe399d0a0e1dcc26f4eb423fb3bb7b7b3,dbaf1dee142b5509e1bf9302fb5280656ce6c577224707f82b80f876b57e2ee8,2026-08-21T01:52:36.562263+00:00,2026-08-21T01:52:35.579018+00:00,5y5y-real-forward-compound-v1,0.1.0,PASS,STALE
L1-007,2023-12-28,1.6400157294533813,percent,FRED-derived,DFII5,DFII10,docs/phase2-ingestion/data/macro/raw/fred/DFII5-20260821T015236Z.json,docs/phase2-ingestion/data/macro/raw/fred/DFII10-20260821T015235Z.json,f092dfcc7b003910593614dedb12c59fe399d0a0e1dcc26f4eb423fb3bb7b7b3,dbaf1dee142b5509e1bf9302fb5280656ce6c577224707f82b80f876b57e2ee8,2026-08-21T01:52:36.562263+00:00,2026-08-21T01:52:35.579018+00:00,5y5y-real-forward-compound-v1,0.1.0,PASS,STALE
L1-007,2023-12-29,1.7200000000000104,percent,FRED-derived,DFII5,DFII10,docs/phase2-ingestion/data/macro/raw/fred/DFII5-20260821T015236Z.json,docs/phase2-ingestion/data/macro/raw/fred/DFII10-20260821T015235Z.json,f092dfcc7b003910593614dedb12c59fe399d0a0e1dcc26f4eb423fb3bb7b7b3,dbaf1dee142b5509e1bf9302fb5280656ce6c577224707f82b80f876b57e2ee8,2026-08-21T01:52:36.562263+00:00,2026-08-21T01:52:35.579018+00:00,5y5y-real-forward-compound-v1,0.1.0,PASS,STALE
L1-007,2024-01-02,1.7200039308176152,percent,FRED-derived,DFII5,DFII10,docs/phase2-ingestion/data/macro/raw/fred/DFII5-20260821T015236Z.json,docs/phase2-ingestion/data/macro/raw/fred/DFII10-20260821T015235Z.json,f092dfcc7b003910593614dedb12c59fe399d0a0e1dcc26f4eb423fb3bb7b7b3,dbaf1dee142b5509e1bf9302fb5280656ce6c577224707f82b80f876b57e2ee8,2026-08-21T01:52:36.562263+00:00,2026-08-21T01:52:35.579018+00:00,5y5y-real-forward-compound-v1,0.1.0,PASS,STALE
L1-007,2024-01-03,1.6900039319767801,percent,FRED-derived,DFII5,DFII10,docs/phase2-ingestion/data/macro/raw/fred/DFII5-20260821T015236Z.json,docs/phase2-ingestion/data/macro/raw/fred/DFII10-20260821T015235Z.json,f092dfcc7b003910593614dedb12c59fe399d0a0e1dcc26f4eb423fb3bb7b7b3,dbaf1dee142b5509e1bf9302fb5280656ce6c577224707f82b80f876b57e2ee8,2026-08-21T01:52:36.562263+00:00,2026-08-21T01:52:35.579018+00:00,5y5y-real-forward-compound-v1,0.1.0,PASS,STALE
L1-007,2024-01-04,1.7500039296591163,percent,FRED-derived,DFII5,DFII10,docs/phase2-ingestion/data/macro/raw/fred/DFII5-20260821T015236Z.json,docs/phase2-ingestion/data/macro/raw/fred/DFII10-20260821T015235Z.json,f092dfcc7b003910593614dedb12c59fe399d0a0e1dcc26f4eb423fb3bb7b7b3,dbaf1dee142b5509e1bf9302fb5280656ce6c577224707f82b80f876b57e2ee8,2026-08-21T01:52:36.562263+00:00,2026-08-21T01:52:35.579018+00:00,5y5y-real-forward-compound-v1,0.1.0,PASS,STALE
L1-007,2024-01-05,1.8299999999999983,percent,FRED-derived,DFII5,DFII10,docs/phase2-ingestion/data/macro/raw/fred/DFII5-20260821T015236Z.json,docs/phase2-ingestion/data/macro/raw/fred/DFII10-20260821T015235Z.json,f092dfcc7b003910593614dedb12c59fe399d0a0e1dcc26f4eb423fb3bb7b7b3,dbaf1dee142b5509e1bf9302fb5280656ce6c577224707f82b80f876b57e2ee8,2026-08-21T01:52:36.562263+00:00,2026-08-21T01:52:35.579018+00:00,5y5y-real-forward-compound-v1,0.1.0,PASS,STALE
L1-007,2024-01-08,1.8000009825112961,percent,FRED-derived,DFII5,DFII10,docs/phase2-ingestion/data/macro/raw/fred/DFII5-20260821T015236Z.json,docs/phase2-ingestion/data/macro/raw/fred/DFII10-20260821T015235Z.json,f092dfcc7b003910593614dedb12c59fe399d0a0e1dcc26f4eb423fb3bb7b7b3,dbaf1dee142b5509e1bf9302fb5280656ce6c577224707f82b80f876b57e2ee8,2026-08-21T01:52:36.562263+00:00,2026-08-21T01:52:35.579018+00:00,5y5y-real-forward-compound-v1,0.1.0,PASS,STALE
L1-007,2024-01-09,1.8000000000000016,percent,FRED-derived,DFII5,DFII10,docs/phase2-ingestion/data/macro/raw/fred/DFII5-20260821T015236Z.json,docs/phase2-ingestion/data/macro/raw/fred/DFII10-20260821T015235Z.json,f092dfcc7b003910593614dedb12c59fe399d0a0e1dcc26f4eb423fb3bb7b7b3,dbaf1dee142b5509e1bf9302fb5280656ce6c577224707f82b80f876b57e2ee8,2026-08-21T01:52:36.562263+00:00,2026-08-21T01:52:35.579018+00:00,5y5y-real-forward-compound-v1,0.1.0,PASS,STALE
L1-007,2024-01-10,1.830000982221791,percent,FRED-derived,DFII5,DFII10,docs/phase2-ingestion/data/macro/raw/fred/DFII5-20260821T015236Z.json,docs/phase2-ingestion/data/macro/raw/fred/DFII10-20260821T015235Z.json,f092dfcc7b003910593614dedb12c59fe399d0a0e1dcc26f4eb423fb3bb7b7b3,dbaf1dee142b5509e1bf9302fb5280656ce6c577224707f82b80f876b57e2ee8,2026-08-21T01:52:36.562263+00:00,2026-08-21T01:52:35.579018+00:00,5y5y-real-forward-compound-v1,0.1.0,PASS,STALE
L1-007,2024-01-11,1.800015729453408,percent,FRED-derived,DFII5,DFII10,docs/phase2-ingestion/data/macro/raw/fred/DFII5-20260821T015236Z.json,docs/phase2-ingestion/data/macro/raw/fred/DFII10-20260821T015235Z.json,f092dfcc7b003910593614dedb12c59fe399d0a0e1dcc26f4eb423fb3bb7b7b3,dbaf1dee142b5509e1bf9302fb5280656ce6c577224707f82b80f876b57e2ee8,2026-08-21T01:52:36.562263+00:00,2026-08-21T01:52:35.579018+00:00,5y5y-real-forward-compound-v1,0.1.0,PASS,STALE
L1-007,2024-01-12,1.7600482188545374,percent,FRED-derived,DFII5,DFII10,docs/phase2-ingestion/data/macro/raw/fred/DFII5-20260821T015236Z.json,docs/phase2-ingestion/data/macro/raw/fred/DFII10-20260821T015235Z.json,f092dfcc7b003910593614dedb12c59fe399d0a0e1dcc26f4eb423fb3bb7b7b3,dbaf1dee142b5509e1bf9302fb5280656ce6c577224707f82b80f876b57e2ee8,2026-08-21T01:52:36.562263+00:00,2026-08-21T01:52:35.579018+00:00,5y5y-real-forward-compound-v1,0.1.0,PASS,STALE
L1-007,2024-01-16,1.830035394749796,percent,FRED-derived,DFII5,DFII10,docs/phase2-ingestion/data/macro/raw/fred/DFII5-20260821T015236Z.json,docs/phase2-ingestion/data/macro/raw/fred/DFII10-20260821T015235Z.json,f092dfcc7b003910593614dedb12c59fe399d0a0e1dcc26f4eb423fb3bb7b7b3,dbaf1dee142b5509e1bf9302fb5280656ce6c577224707f82b80f876b57e2ee8,2026-08-21T01:52:36.562263+00:00,2026-08-21T01:52:35.579018+00:00,5y5y-real-forward-compound-v1,0.1.0,PASS,STALE
L1-007,2024-01-17,1.8200039300451998,percent,FRED-derived,DFII5,DFII10,docs/phase2-ingestion/data/macro/raw/fred/DFII5-20260821T015236Z.json,docs/phase2-ingestion/data/macro/raw/fred/DFII10-20260821T015235Z.json,f092dfcc7b003910593614dedb12c59fe399d0a0e1dcc26f4eb423fb3bb7b7b3,dbaf1dee142b5509e1bf9302fb5280656ce6c577224707f82b80f876b57e2ee8,2026-08-21T01:52:36.562263+00:00,2026-08-21T01:52:35.579018+00:00,5y5y-real-forward-compound-v1,0.1.0,PASS,STALE
L1-007,2024-01-18,1.8400157232704384,percent,FRED-derived,DFII5,DFII10,docs/phase2-ingestion/data/macro/raw/fred/DFII5-20260821T015236Z.json,docs/phase2-ingestion/data/macro/raw/fred/DFII10-20260821T015235Z.json,f092dfcc7b003910593614dedb12c59fe399d0a0e1dcc26f4eb423fb3bb7b7b3,dbaf1dee142b5509e1bf9302fb5280656ce6c577224707f82b80f876b57e2ee8,2026-08-21T01:52:36.562263+00:00,2026-08-21T01:52:35.579018+00:00,5y5y-real-forward-compound-v1,0.1.0,PASS,STALE
L1-007,2024-01-19,1.8400088426016925,percent,FRED-derived,DFII5,DFII10,docs/phase2-ingestion/data/macro/raw/fred/DFII5-20260821T015236Z.json,docs/phase2-ingestion/data/macro/raw/fred/DFII10-20260821T015235Z.json,f092dfcc7b003910593614dedb12c59fe399d0a0e1dcc26f4eb423fb3bb7b7b3,dbaf1dee142b5509e1bf9302fb5280656ce6c577224707f82b80f876b57e2ee8,2026-08-21T01:52:36.562263+00:00,2026-08-21T01:52:35.579018+00:00,5y5y-real-forward-compound-v1,0.1.0,PASS,STALE
L1-007,2024-01-22,1.8400157232704384,percent,FRED-derived,DFII5,DFII10,docs/phase2-ingestion/data/macro/raw/fred/DFII5-20260821T015236Z.json,docs/phase2-ingestion/data/macro/raw/fred/DFII10-20260821T015235Z.json,f092dfcc7b003910593614dedb12c59fe399d0a0e1dcc26f4eb423fb3bb7b7b3,dbaf1dee142b5509e1bf9302fb5280656ce6c577224707f82b80f876b57e2ee8,2026-08-21T01:52:36.562263+00:00,2026-08-21T01:52:35.579018+00:00,5y5y-real-forward-compound-v1,0.1.0,PASS,STALE
L1-007,2024-01-23,1.9000245579567698,percent,FRED-derived,DFII5,DFII10,docs/phase2-ingestion/data/macro/raw/fred/DFII5-20260821T015236Z.json,docs/phase2-ingestion/data/macro/raw/fred/DFII10-20260821T015235Z.json,f092dfcc7b003910593614dedb12c59fe399d0a0e1dcc26f4eb423fb3bb7b7b3,dbaf1dee142b5509e1bf9302fb5280656ce6c577224707f82b80f876b57e2ee8,2026-08-21T01:52:36.562263+00:00,2026-08-21T01:52:35.579018+00:00,5y5y-real-forward-compound-v1,0.1.0,PASS,STALE
L1-007,2024-01-24,1.9300245507217761,percent,FRED-derived,DFII5,DFII10,docs/phase2-ingestion/data/macro/raw/fred/DFII5-20260821T015236Z.json,docs/phase2-ingestion/data/macro/raw/fred/DFII10-20260821T015235Z.json,f092dfcc7b003910593614dedb12c59fe399d0a0e1dcc26f4eb423fb3bb7b7b3,dbaf1dee142b5509e1bf9302fb5280656ce6c577224707f82b80f876b57e2ee8,2026-08-21T01:52:36.562263+00:00,2026-08-21T01:52:35.579018+00:00,5y5y-real-forward-compound-v1,0.1.0,PASS,STALE
L1-007,2024-01-25,1.9300628869018288,percent,FRED-derived,DFII5,DFII10,docs/phase2-ingestion/data/macro/raw/fred/DFII5-20260821T015236Z.json,docs/phase2-ingestion/data/macro/raw/fred/DFII10-20260821T015235Z.json,f092dfcc7b003910593614dedb12c59fe399d0a0e1dcc26f4eb423fb3bb7b7b3,dbaf1dee142b5509e1bf9302fb5280656ce6c577224707f82b80f876b57e2ee8,2026-08-21T01:52:36.562263+00:00,2026-08-21T01:52:35.579018+00:00,5y5y-real-forward-compound-v1,0.1.0,PASS,STALE
L1-007,2024-01-26,1.9200481430536431,percent,FRED-derived,DFII5,DFII10,docs/phase2-ingestion/data/macro/raw/fred/DFII5-20260821T015236Z.json,docs/phase2-ingestion/data/macro/raw/fred/DFII10-20260821T015235Z.json,f092dfcc7b003910593614dedb12c59fe399d0a0e1dcc26f4eb423fb3bb7b7b3,dbaf1dee142b5509e1bf9302fb5280656ce6c577224707f82b80f876b57e2ee8,2026-08-21T01:52:36.562263+00:00,2026-08-21T01:52:35.579018+00:00,5y5y-real-forward-compound-v1,0.1.0,PASS,STALE
L1-007,2024-01-29,1.8500481761872134,percent,FRED-derived,DFII5,DFII10,docs/phase2-ingestion/data/macro/raw/fred/DFII5-20260821T015236Z.json,docs/phase2-ingestion/data/macro/raw/fred/DFII10-20260821T015235Z.json,f092dfcc7b003910593614dedb12c59fe399d0a0e1dcc26f4eb423fb3bb7b7b3,dbaf1dee142b5509e1bf9302fb5280656ce6c577224707f82b80f876b57e2ee8,2026-08-21T01:52:36.562263+00:00,2026-08-21T01:52:35.579018+00:00,5y5y-real-forward-compound-v1,0.1.0,PASS,STALE
L1-007,2024-01-30,1.8500245700245666,percent,FRED-derived,DFII5,DFII10,docs/phase2-ingestion/data/macro/raw/fred/DFII5-20260821T015236Z.json,docs/phase2-ingestion/data/macro/raw/fred/DFII10-20260821T015235Z.json,f092dfcc7b003910593614dedb12c59fe399d0a0e1dcc26f4eb423fb3bb7b7b3,dbaf1dee142b5509e1bf9302fb5280656ce6c577224707f82b80f876b57e2ee8,2026-08-21T01:52:36.562263+00:00,2026-08-21T01:52:35.579018+00:00,5y5y-real-forward-compound-v1,0.1.0,PASS,STALE
L1-007,2024-01-31,1.7900354086751502,percent,FRED-derived,DFII5,DFII10,docs/phase2-ingestion/data/macro/raw/fred/DFII5-20260821T015236Z.json,docs/phase2-ingestion/data/macro/raw/fred/DFII10-20260821T015235Z.json,f092dfcc7b003910593614dedb12c59fe399d0a0e1dcc26f4eb423fb3bb7b7b3,dbaf1dee142b5509e1bf9302fb5280656ce6c577224707f82b80f876b57e2ee8,2026-08-21T01:52:36.562263+00:00,2026-08-21T01:52:35.579018+00:00,5y5y-real-forward-compound-v1,0.1.0,PASS,STALE
L1-007,2024-02-01,1.7300245990357066,percent,FRED-derived,DFII5,DFII10,docs/phase2-ingestion/data/macro/raw/fred/DFII5-20260821T015236Z.json,docs/phase2-ingestion/data/macro/raw/fred/DFII10-20260821T015235Z.json,f092dfcc7b003910593614dedb12c59fe399d0a0e1dcc26f4eb423fb3bb7b7b3,dbaf1dee142b5509e1bf9302fb5280656ce6c577224707f82b80f876b57e2ee8,2026-08-21T01:52:36.562263+00:00,2026-08-21T01:52:35.579018+00:00,5y5y-real-forward-compound-v1,0.1.0,PASS,STALE
L1-007,2024-02-02,1.8400039292730819,percent,FRED-derived,DFII5,DFII10,docs/phase2-ingestion/data/macro/raw/fred/DFII5-20260821T015236Z.json,docs/phase2-ingestion/data/macro/raw/fred/DFII10-20260821T015235Z.json,f092dfcc7b003910593614dedb12c59fe399d0a0e1dcc26f4eb423fb3bb7b7b3,dbaf1dee142b5509e1bf9302fb5280656ce6c577224707f82b80f876b57e2ee8,2026-08-21T01:52:36.562263+00:00,2026-08-21T01:52:35.579018+00:00,5y5y-real-forward-compound-v1,0.1.0,PASS,STALE
L1-007,2024-02-05,1.9300088347894206,percent,FRED-derived,DFII5,DFII10,docs/phase2-ingestion/data/macro/raw/fred/DFII5-20260821T015236Z.json,docs/phase2-ingestion/data/macro/raw/fred/DFII10-20260821T015235Z.json,f092dfcc7b003910593614dedb12c59fe399d0a0e1dcc26f4eb423fb3bb7b7b3,dbaf1dee142b5509e1bf9302fb5280656ce6c577224707f82b80f876b57e2ee8,2026-08-21T01:52:36.562263+00:00,2026-08-21T01:52:35.579018+00:00,5y5y-real-forward-compound-v1,0.1.0,PASS,STALE
L1-007,2024-02-06,1.910035366931906,percent,FRED-derived,DFII5,DFII10,docs/phase2-ingestion/data/macro/raw/fred/DFII5-20260821T015236Z.json,docs/phase2-ingestion/data/macro/raw/fred/DFII10-20260821T015235Z.json,f092dfcc7b003910593614dedb12c59fe399d0a0e1dcc26f4eb423fb3bb7b7b3,dbaf1dee142b5509e1bf9302fb5280656ce6c577224707f82b80f876b57e2ee8,2026-08-21T01:52:36.562263+00:00,2026-08-21T01:52:35.579018+00:00,5y5y-real-forward-compound-v1,0.1.0,PASS,STALE
L1-007,2024-02-07,1.9200353634577505,percent,FRED-derived,DFII5,DFII10,docs/phase2-ingestion/data/macro/raw/fred/DFII5-20260821T015236Z.json,docs/phase2-ingestion/data/macro/raw/fred/DFII10-20260821T015235Z.json,f092dfcc7b003910593614dedb12c59fe399d0a0e1dcc26f4eb423fb3bb7b7b3,dbaf1dee142b5509e1bf9302fb5280656ce6c577224707f82b80f876b57e2ee8,2026-08-21T01:52:36.562263+00:00,2026-08-21T01:52:35.579018+00:00,5y5y-real-forward-compound-v1,0.1.0,PASS,STALE
L1-007,2024-02-08,1.980048114689703,percent,FRED-derived,DFII5,DFII10,docs/phase2-ingestion/data/macro/raw/fred/DFII5-20260821T015236Z.json,docs/phase2-ingestion/data/macro/raw/fred/DFII10-20260821T015235Z.json,f092dfcc7b003910593614dedb12c59fe399d0a0e1dcc26f4eb423fb3bb7b7b3,dbaf1dee142b5509e1bf9302fb5280656ce6c577224707f82b80f876b57e2ee8,2026-08-21T01:52:36.562263+00:00,2026-08-21T01:52:35.579018+00:00,5y5y-real-forward-compound-v1,0.1.0,PASS,STALE
L1-007,2024-02-09,1.9800353426271622,percent,FRED-derived,DFII5,DFII10,docs/phase2-ingestion/data/macro/raw/fred/DFII5-20260821T015236Z.json,docs/phase2-ingestion/data/macro/raw/fred/DFII10-20260821T015235Z.json,f092dfcc7b003910593614dedb12c59fe399d0a0e1dcc26f4eb423fb3bb7b7b3,dbaf1dee142b5509e1bf9302fb5280656ce6c577224707f82b80f876b57e2ee8,2026-08-21T01:52:36.562263+00:00,2026-08-21T01:52:35.579018+00:00,5y5y-real-forward-compound-v1,0.1.0,PASS,STALE
L1-007,2024-02-12,2.0000481052425245,percent,FRED-derived,DFII5,DFII10,docs/phase2-ingestion/data/macro/raw/fred/DFII5-20260821T015236Z.json,docs/phase2-ingestion/data/macro/raw/fred/DFII10-20260821T015235Z.json,f092dfcc7b003910593614dedb12c59fe399d0a0e1dcc26f4eb423fb3bb7b7b3,dbaf1dee142b5509e1bf9302fb5280656ce6c577224707f82b80f876b57e2ee8,2026-08-21T01:52:36.562263+00:00,2026-08-21T01:52:35.579018+00:00,5y5y-real-forward-compound-v1,0.1.0,PASS,STALE
L1-007,2024-02-13,2.060015689350836,percent,FRED-derived,DFII5,DFII10,docs/phase2-ingestion/data/macro/raw/fred/DFII5-20260821T015236Z.json,docs/phase2-ingestion/data/macro/raw/fred/DFII10-20260821T015235Z.json,f092dfcc7b003910593614dedb12c59fe399d0a0e1dcc26f4eb423fb3bb7b7b3,dbaf1dee142b5509e1bf9302fb5280656ce6c577224707f82b80f876b57e2ee8,2026-08-21T01:52:36.562263+00:00,2026-08-21T01:52:35.579018+00:00,5y5y-real-forward-compound-v1,0.1.0,PASS,STALE
L1-007,2024-02-14,2.0300353252870273,percent,FRED-derived,DFII5,DFII10,docs/phase2-ingestion/data/macro/raw/fred/DFII5-20260821T015236Z.json,docs/phase2-ingestion/data/macro/raw/fred/DFII10-20260821T015235Z.json,f092dfcc7b003910593614dedb12c59fe399d0a0e1dcc26f4eb423fb3bb7b7b3,dbaf1dee142b5509e1bf9302fb5280656ce6c577224707f82b80f876b57e2ee8,2026-08-21T01:52:36.562263+00:00,2026-08-21T01:52:35.579018+00:00,5y5y-real-forward-compound-v1,0.1.0,PASS,STALE
L1-007,2024-02-15,2.010048100520301,percent,FRED-derived,DFII5,DFII10,docs/phase2-ingestion/data/macro/raw/fred/DFII5-20260821T015236Z.json,docs/phase2-ingestion/data/macro/raw/fred/DFII10-20260821T015235Z.json,f092dfcc7b003910593614dedb12c59fe399d0a0e1dcc26f4eb423fb3bb7b7b3,dbaf1dee142b5509e1bf9302fb5280656ce6c577224707f82b80f876b57e2ee8,2026-08-21T01:52:36.562263+00:00,2026-08-21T01:52:35.579018+00:00,5y5y-real-forward-compound-v1,0.1.0,PASS,STALE
L1-007,2024-02-16,2.0300353252870273,percent,FRED-derived,DFII5,DFII10,docs/phase2-ingestion/data/macro/raw/fred/DFII5-20260821T015236Z.json,docs/phase2-ingestion/data/macro/raw/fred/DFII10-20260821T015235Z.json,f092dfcc7b003910593614dedb12c59fe399d0a0e1dcc26f4eb423fb3bb7b7b3,dbaf1dee142b5509e1bf9302fb5280656ce6c577224707f82b80f876b57e2ee8,2026-08-21T01:52:36.562263+00:00,2026-08-21T01:52:35.579018+00:00,5y5y-real-forward-compound-v1,0.1.0,PASS,STALE
L1-007,2024-02-20,2.0200480957990097,percent,FRED-derived,DFII5,DFII10,docs/phase2-ingestion/data/macro/raw/fred/DFII5-20260821T015236Z.json,docs/phase2-ingestion/data/macro/raw/fred/DFII10-20260821T015235Z.json,f092dfcc7b003910593614dedb12c59fe399d0a0e1dcc26f4eb423fb3bb7b7b3,dbaf1dee142b5509e1bf9302fb5280656ce6c577224707f82b80f876b57e2ee8,2026-08-21T01:52:36.562263+00:00,2026-08-21T01:52:35.579018+00:00,5y5y-real-forward-compound-v1,0.1.0,PASS,STALE
L1-007,2024-02-21,2.0500480816406874,percent,FRED-derived,DFII5,DFII10,docs/phase2-ingestion/data/macro/raw/fred/DFII5-20260821T015236Z.json,docs/phase2-ingestion/data/macro/raw/fred/DFII10-20260821T015235Z.json,f092dfcc7b003910593614dedb12c59fe399d0a0e1dcc26f4eb423fb3bb7b7b3,dbaf1dee142b5509e1bf9302fb5280656ce6c577224707f82b80f876b57e2ee8,2026-08-21T01:52:36.562263+00:00,2026-08-21T01:52:35.579018+00:00,5y5y-real-forward-compound-v1,0.1.0,PASS,STALE
L1-007,2024-02-22,2.080035307963901,percent,FRED-derived,DFII5,DFII10,docs/phase2-ingestion/data/macro/raw/fred/DFII5-20260821T015236Z.json,docs/phase2-ingestion/data/macro/raw/fred/DFII10-20260821T015235Z.json,f092dfcc7b003910593614dedb12c59fe399d0a0e1dcc26f4eb423fb3bb7b7b3,dbaf1dee142b5509e1bf9302fb5280656ce6c577224707f82b80f876b57e2ee8,2026-08-21T01:52:36.562263+00:00,2026-08-21T01:52:35.579018+00:00,5y5y-real-forward-compound-v1,0.1.0,PASS,STALE
L1-007,2024-02-23,1.980003923876783,percent,FRED-derived,DFII5,DFII10,docs/phase2-ingestion/data/macro/raw/fred/DFII5-20260821T015236Z.json,docs/phase2-ingestion/data/macro/raw/fred/DFII10-20260821T015235Z.json,f092dfcc7b003910593614dedb12c59fe399d0a0e1dcc26f4eb423fb3bb7b7b3,dbaf1dee142b5509e1bf9302fb5280656ce6c577224707f82b80f876b57e2ee8,2026-08-21T01:52:36.562263+00:00,2026-08-21T01:52:35.579018+00:00,5y5y-real-forward-compound-v1,0.1.0,PASS,STALE
L1-007,2024-02-26,2.0100156970469962,percent,FRED-derived,DFII5,DFII10,docs/phase2-ingestion/data/macro/raw/fred/DFII5-20260821T015236Z.json,docs/phase2-ingestion/data/macro/raw/fred/DFII10-20260821T015235Z.json,f092dfcc7b003910593614dedb12c59fe399d0a0e1dcc26f4eb423fb3bb7b7b3,dbaf1dee142b5509e1bf9302fb5280656ce6c577224707f82b80f876b57e2ee8,2026-08-21T01:52:36.562263+00:00,2026-08-21T01:52:35.579018+00:00,5y5y-real-forward-compound-v1,0.1.0,PASS,STALE
L1-007,2024-02-27,2.040024524229933,percent,FRED-derived,DFII5,DFII10,docs/phase2-ingestion/data/macro/raw/fred/DFII5-20260821T015236Z.json,docs/phase2-ingestion/data/macro/raw/fred/DFII10-20260821T015235Z.json,f092dfcc7b003910593614dedb12c59fe399d0a0e1dcc26f4eb423fb3bb7b7b3,dbaf1dee142b5509e1bf9302fb5280656ce6c577224707f82b80f876b57e2ee8,2026-08-21T01:52:36.562263+00:00,2026-08-21T01:52:35.579018+00:00,5y5y-real-forward-compound-v1,0.1.0,PASS,STALE
L1-007,2024-02-28,2.0000353356890654,percent,FRED-derived,DFII5,DFII10,docs/phase2-ingestion/data/macro/raw/fred/DFII5-20260821T015236Z.json,docs/phase2-ingestion/data/macro/raw/fred/DFII10-20260821T015235Z.json,f092dfcc7b003910593614dedb12c59fe399d0a0e1dcc26f4eb423fb3bb7b7b3,dbaf1dee142b5509e1bf9302fb5280656ce6c577224707f82b80f876b57e2ee8,2026-08-21T01:52:36.562263+00:00,2026-08-21T01:52:35.579018+00:00,5y5y-real-forward-compound-v1,0.1.0,PASS,STALE
L1-007,2024-02-29,1.9800353426271622,percent,FRED-derived,DFII5,DFII10,docs/phase2-ingestion/data/macro/raw/fred/DFII5-20260821T015236Z.json,docs/phase2-ingestion/data/macro/raw/fred/DFII10-20260821T015235Z.json,f092dfcc7b003910593614dedb12c59fe399d0a0e1dcc26f4eb423fb3bb7b7b3,dbaf1dee142b5509e1bf9302fb5280656ce6c577224707f82b80f876b57e2ee8,2026-08-21T01:52:36.562263+00:00,2026-08-21T01:52:35.579018+00:00,5y5y-real-forward-compound-v1,0.1.0,PASS,STALE
L1-007,2024-03-01,1.9700982607841144,percent,FRED-derived,DFII5,DFII10,docs/phase2-ingestion/data/macro/raw/fred/DFII5-20260821T015236Z.json,docs/phase2-ingestion/data/macro/raw/fred/DFII10-20260821T015235Z.json,f092dfcc7b003910593614dedb12c59fe399d0a0e1dcc26f4eb423fb3bb7b7b3,dbaf1dee142b5509e1bf9302fb5280656ce6c577224707f82b80f876b57e2ee8,2026-08-21T01:52:36.562263+00:00,2026-08-21T01:52:35.579018+00:00,5y5y-real-forward-compound-v1,0.1.0,PASS,STALE
L1-007,2024-03-04,1.970079575596806,percent,FRED-derived,DFII5,DFII10,docs/phase2-ingestion/data/macro/raw/fred/DFII5-20260821T015236Z.json,docs/phase2-ingestion/data/macro/raw/fred/DFII10-20260821T015235Z.json,f092dfcc7b003910593614dedb12c59fe399d0a0e1dcc26f4eb423fb3bb7b7b3,dbaf1dee142b5509e1bf9302fb5280656ce6c577224707f82b80f876b57e2ee8,2026-08-21T01:52:36.562263+00:00,2026-08-21T01:52:35.579018+00:00,5y5y-real-forward-compound-v1,0.1.0,PASS,STALE
L1-007,2024-03-05,1.8800481619815068,percent,FRED-derived,DFII5,DFII10,docs/phase2-ingestion/data/macro/raw/fred/DFII5-20260821T015236Z.json,docs/phase2-ingestion/data/macro/raw/fred/DFII10-20260821T015235Z.json,f092dfcc7b003910593614dedb12c59fe399d0a0e1dcc26f4eb423fb3bb7b7b3,dbaf1dee142b5509e1bf9302fb5280656ce6c577224707f82b80f876b57e2ee8,2026-08-21T01:52:36.562263+00:00,2026-08-21T01:52:35.579018+00:00,5y5y-real-forward-compound-v1,0.1.0,PASS,STALE
L1-007,2024-03-06,1.8800481619815068,percent,FRED-derived,DFII5,DFII10,docs/phase2-ingestion/data/macro/raw/fred/DFII5-20260821T015236Z.json,docs/phase2-ingestion/data/macro/raw/fred/DFII10-20260821T015235Z.json,f092dfcc7b003910593614dedb12c59fe399d0a0e1dcc26f4eb423fb3bb7b7b3,dbaf1dee142b5509e1bf9302fb5280656ce6c577224707f82b80f876b57e2ee8,2026-08-21T01:52:36.562263+00:00,2026-08-21T01:52:35.579018+00:00,5y5y-real-forward-compound-v1,0.1.0,PASS,STALE
L1-007,2024-03-07,1.8900629116288092,percent,FRED-derived,DFII5,DFII10,docs/phase2-ingestion/data/macro/raw/fred/DFII5-20260821T015236Z.json,docs/phase2-ingestion/data/macro/raw/fred/DFII10-20260821T015235Z.json,f092dfcc7b003910593614dedb12c59fe399d0a0e1dcc26f4eb423fb3bb7b7b3,dbaf1dee142b5509e1bf9302fb5280656ce6c577224707f82b80f876b57e2ee8,2026-08-21T01:52:36.562263+00:00,2026-08-21T01:52:35.579018+00:00,5y5y-real-forward-compound-v1,0.1.0,PASS,STALE
L1-007,2024-03-08,1.9000796303578316,percent,FRED-derived,DFII5,DFII10,docs/phase2-ingestion/data/macro/raw/fred/DFII5-20260821T015236Z.json,docs/phase2-ingestion/data/macro/raw/fred/DFII10-20260821T015235Z.json,f092dfcc7b003910593614dedb12c59fe399d0a0e1dcc26f4eb423fb3bb7b7b3,dbaf1dee142b5509e1bf9302fb5280656ce6c577224707f82b80f876b57e2ee8,2026-08-21T01:52:36.562263+00:00,2026-08-21T01:52:35.579018+00:00,5y5y-real-forward-compound-v1,0.1.0,PASS,STALE
L1-007,2024-03-11,1.900048152515721,percent,FRED-derived,DFII5,DFII10,docs/phase2-ingestion/data/macro/raw/fred/DFII5-20260821T015236Z.json,docs/phase2-ingestion/data/macro/raw/fred/DFII10-20260821T015235Z.json,f092dfcc7b003910593614dedb12c59fe399d0a0e1dcc26f4eb423fb3bb7b7b3,dbaf1dee142b5509e1bf9302fb5280656ce6c577224707f82b80f876b57e2ee8,2026-08-21T01:52:36.562263+00:00,2026-08-21T01:52:35.579018+00:00,5y5y-real-forward-compound-v1,0.1.0,PASS,STALE
L1-007,2024-03-12,1.9200353634577505,percent,FRED-derived,DFII5,DFII10,docs/phase2-ingestion/data/macro/raw/fred/DFII5-20260821T015236Z.json,docs/phase2-ingestion/data/macro/raw/fred/DFII10-20260821T015235Z.json,f092dfcc7b003910593614dedb12c59fe399d0a0e1dcc26f4eb423fb3bb7b7b3,dbaf1dee142b5509e1bf9302fb5280656ce6c577224707f82b80f876b57e2ee8,2026-08-21T01:52:36.562263+00:00,2026-08-21T01:52:35.579018+00:00,5y5y-real-forward-compound-v1,0.1.0,PASS,STALE
L1-007,2024-03-13,1.9600481241406342,percent,FRED-derived,DFII5,DFII10,docs/phase2-ingestion/data/macro/raw/fred/DFII5-20260821T015236Z.json,docs/phase2-ingestion/data/macro/raw/fred/DFII10-20260821T015235Z.json,f092dfcc7b003910593614dedb12c59fe399d0a0e1dcc26f4eb423fb3bb7b7b3,dbaf1dee142b5509e1bf9302fb5280656ce6c577224707f82b80f876b57e2ee8,2026-08-21T01:52:36.562263+00:00,2026-08-21T01:52:35.579018+00:00,5y5y-real-forward-compound-v1,0.1.0,PASS,STALE
L1-007,2024-03-14,2.06004807692306,percent,FRED-derived,DFII5,DFII10,docs/phase2-ingestion/data/macro/raw/fred/DFII5-20260821T015236Z.json,docs/phase2-ingestion/data/macro/raw/fred/DFII10-20260821T015235Z.json,f092dfcc7b003910593614dedb12c59fe399d0a0e1dcc26f4eb423fb3bb7b7b3,dbaf1dee142b5509e1bf9302fb5280656ce6c577224707f82b80f876b57e2ee8,2026-08-21T01:52:36.562263+00:00,2026-08-21T01:52:35.579018+00:00,5y5y-real-forward-compound-v1,0.1.0,PASS,STALE
L1-007,2024-03-15,2.040024524229933,percent,FRED-derived,DFII5,DFII10,docs/phase2-ingestion/data/macro/raw/fred/DFII5-20260821T015236Z.json,docs/phase2-ingestion/data/macro/raw/fred/DFII10-20260821T015235Z.json,f092dfcc7b003910593614dedb12c59fe399d0a0e1dcc26f4eb423fb3bb7b7b3,dbaf1dee142b5509e1bf9302fb5280656ce6c577224707f82b80f876b57e2ee8,2026-08-21T01:52:36.562263+00:00,2026-08-21T01:52:35.579018+00:00,5y5y-real-forward-compound-v1,0.1.0,PASS,STALE
L1-007,2024-03-18,2.0900353045013143,percent,FRED-derived,DFII5,DFII10,docs/phase2-ingestion/data/macro/raw/fred/DFII5-20260821T015236Z.json,docs/phase2-ingestion/data/macro/raw/fred/DFII10-20260821T015235Z.json,f092dfcc7b003910593614dedb12c59fe399d0a0e1dcc26f4eb423fb3bb7b7b3,dbaf1dee142b5509e1bf9302fb5280656ce6c577224707f82b80f876b57e2ee8,2026-08-21T01:52:36.562263+00:00,2026-08-21T01:52:35.579018+00:00,5y5y-real-forward-compound-v1,0.1.0,PASS,STALE
L1-007,2024-03-19,2.0700480722064096,percent,FRED-derived,DFII5,DFII10,docs/phase2-ingestion/data/macro/raw/fred/DFII5-20260821T015236Z.json,docs/phase2-ingestion/data/macro/raw/fred/DFII10-20260821T015235Z.json,f092dfcc7b003910593614dedb12c59fe399d0a0e1dcc26f4eb423fb3bb7b7b3,dbaf1dee142b5509e1bf9302fb5280656ce6c577224707f82b80f876b57e2ee8,2026-08-21T01:52:36.562263+00:00,2026-08-21T01:52:35.579018+00:00,5y5y-real-forward-compound-v1,0.1.0,PASS,STALE
L1-007,2024-03-20,2.070118802160059,percent,FRED-derived,DFII5,DFII10,docs/phase2-ingestion/data/macro/raw/fred/DFII5-20260821T015236Z.json,docs/phase2-ingestion/data/macro/raw/fred/DFII10-20260821T015235Z.json,f092dfcc7b003910593614dedb12c59fe399d0a0e1dcc26f4eb423fb3bb7b7b3,dbaf1dee142b5509e1bf9302fb5280656ce6c577224707f82b80f876b57e2ee8,2026-08-21T01:52:36.562263+00:00,2026-08-21T01:52:35.579018+00:00,5y5y-real-forward-compound-v1,0.1.0,PASS,STALE
L1-007,2024-03-21,2.030098202887176,percent,FRED-derived,DFII5,DFII10,docs/phase2-ingestion/data/macro/raw/fred/DFII5-20260821T015236Z.json,docs/phase2-ingestion/data/macro/raw/fred/DFII10-20260821T015235Z.json,f092dfcc7b003910593614dedb12c59fe399d0a0e1dcc26f4eb423fb3bb7b7b3,dbaf1dee142b5509e1bf9302fb5280656ce6c577224707f82b80f876b57e2ee8,2026-08-21T01:52:36.562263+00:00,2026-08-21T01:52:35.579018+00:00,5y5y-real-forward-compound-v1,0.1.0,PASS,STALE
L1-007,2024-03-22,1.9500628745456217,percent,FRED-derived,DFII5,DFII10,docs/phase2-ingestion/data/macro/raw/fred/DFII5-20260821T015236Z.json,docs/phase2-ingestion/data/macro/raw/fred/DFII10-20260821T015235Z.json,f092dfcc7b003910593614dedb12c59fe399d0a0e1dcc26f4eb423fb3bb7b7b3,dbaf1dee142b5509e1bf9302fb5280656ce6c577224707f82b80f876b57e2ee8,2026-08-21T01:52:36.562263+00:00,2026-08-21T01:52:35.579018+00:00,5y5y-real-forward-compound-v1,0.1.0,PASS,STALE
L1-007,2024-03-25,2.020098212531951,percent,FRED-derived,DFII5,DFII10,docs/phase2-ingestion/data/macro/raw/fred/DFII5-20260821T015236Z.json,docs/phase2-ingestion/data/macro/raw/fred/DFII10-20260821T015235Z.json,f092dfcc7b003910593614dedb12c59fe399d0a0e1dcc26f4eb423fb3bb7b7b3,dbaf1dee142b5509e1bf9302fb5280656ce6c577224707f82b80f876b57e2ee8,2026-08-21T01:52:36.562263+00:00,2026-08-21T01:52:35.579018+00:00,5y5y-real-forward-compound-v1,0.1.0,PASS,STALE
L1-007,2024-03-26,2.0000628436763757,percent,FRED-derived,DFII5,DFII10,docs/phase2-ingestion/data/macro/raw/fred/DFII5-20260821T015236Z.json,docs/phase2-ingestion/data/macro/raw/fred/DFII10-20260821T015235Z.json,f092dfcc7b003910593614dedb12c59fe399d0a0e1dcc26f4eb423fb3bb7b7b3,dbaf1dee142b5509e1bf9302fb5280656ce6c577224707f82b80f876b57e2ee8,2026-08-21T01:52:36.562263+00:00,2026-08-21T01:52:35.579018+00:00,5y5y-real-forward-compound-v1,0.1.0,PASS,STALE
L1-007,2024-03-27,1.9500481288674765,percent,FRED-derived,DFII5,DFII10,docs/phase2-ingestion/data/macro/raw/fred/DFII5-20260821T015236Z.json,docs/phase2-ingestion/data/macro/raw/fred/DFII10-20260821T015235Z.json,f092dfcc7b003910593614dedb12c59fe399d0a0e1dcc26f4eb423fb3bb7b7b3,dbaf1dee142b5509e1bf9302fb5280656ce6c577224707f82b80f876b57e2ee8,2026-08-21T01:52:36.562263+00:00,2026-08-21T01:52:35.579018+00:00,5y5y-real-forward-compound-v1,0.1.0,PASS,STALE
L1-007,2024-03-28,1.9300245507217761,percent,FRED-derived,DFII5,DFII10,docs/phase2-ingestion/data/macro/raw/fred/DFII5-20260821T015236Z.json,docs/phase2-ingestion/data/macro/raw/fred/DFII10-20260821T015235Z.json,f092dfcc7b003910593614dedb12c59fe399d0a0e1dcc26f4eb423fb3bb7b7b3,dbaf1dee142b5509e1bf9302fb5280656ce6c577224707f82b80f876b57e2ee8,2026-08-21T01:52:36.562263+00:00,2026-08-21T01:52:35.579018+00:00,5y5y-real-forward-compound-v1,0.1.0,PASS,STALE
L1-007,2024-04-01,2.0300245266359207,percent,FRED-derived,DFII5,DFII10,docs/phase2-ingestion/data/macro/raw/fred/DFII5-20260821T015236Z.json,docs/phase2-ingestion/data/macro/raw/fred/DFII10-20260821T015235Z.json,f092dfcc7b003910593614dedb12c59fe399d0a0e1dcc26f4eb423fb3bb7b7b3,dbaf1dee142b5509e1bf9302fb5280656ce6c577224707f82b80f876b57e2ee8,2026-08-21T01:52:36.562263+00:00,2026-08-21T01:52:35.579018+00:00,5y5y-real-forward-compound-v1,0.1.0,PASS,STALE
L1-007,2024-04-02,2.0900794818958124,percent,FRED-derived,DFII5,DFII10,docs/phase2-ingestion/data/macro/raw/fred/DFII5-20260821T015236Z.json,docs/phase2-ingestion/data/macro/raw/fred/DFII10-20260821T015235Z.json,f092dfcc7b003910593614dedb12c59fe399d0a0e1dcc26f4eb423fb3bb7b7b3,dbaf1dee142b5509e1bf9302fb5280656ce6c577224707f82b80f876b57e2ee8,2026-08-21T01:52:36.562263+00:00,2026-08-21T01:52:35.579018+00:00,5y5y-real-forward-compound-v1,0.1.0,PASS,STALE
L1-007,2024-04-03,2.0900794818958124,percent,FRED-derived,DFII5,DFII10,docs/phase2-ingestion/data/macro/raw/fred/DFII5-20260821T015236Z.json,docs/phase2-ingestion/data/macro/raw/fred/DFII10-20260821T015235Z.json,f092dfcc7b003910593614dedb12c59fe399d0a0e1dcc26f4eb423fb3bb7b7b3,dbaf1dee142b5509e1bf9302fb5280656ce6c577224707f82b80f876b57e2ee8,2026-08-21T01:52:36.562263+00:00,2026-08-21T01:52:35.579018+00:00,5y5y-real-forward-compound-v1,0.1.0,PASS,STALE
L1-007,2024-04-04,2.060079505300383,percent,FRED-derived,DFII5,DFII10,docs/phase2-ingestion/data/macro/raw/fred/DFII5-20260821T015236Z.json,docs/phase2-ingestion/data/macro/raw/fred/DFII10-20260821T015235Z.json,f092dfcc7b003910593614dedb12c59fe399d0a0e1dcc26f4eb423fb3bb7b7b3,dbaf1dee142b5509e1bf9302fb5280656ce6c577224707f82b80f876b57e2ee8,2026-08-21T01:52:36.562263+00:00,2026-08-21T01:52:35.579018+00:00,5y5y-real-forward-compound-v1,0.1.0,PASS,STALE
L1-007,2024-04-05,2.1100794663003963,percent,FRED-derived,DFII5,DFII10,docs/phase2-ingestion/data/macro/raw/fred/DFII5-20260821T015236Z.json,docs/phase2-ingestion/data/macro/raw/fred/DFII10-20260821T015235Z.json,f092dfcc7b003910593614dedb12c59fe399d0a0e1dcc26f4eb423fb3bb7b7b3,dbaf1dee142b5509e1bf9302fb5280656ce6c577224707f82b80f876b57e2ee8,2026-08-21T01:52:36.562263+00:00,2026-08-21T01:52:35.579018+00:00,5y5y-real-forward-compound-v1,0.1.0,PASS,STALE
L1-007,2024-04-08,2.120062769713593,percent,FRED-derived,DFII5,DFII10,docs/phase2-ingestion/data/macro/raw/fred/DFII5-20260821T015236Z.json,docs/phase2-ingestion/data/macro/raw/fred/DFII10-20260821T015235Z.json,f092dfcc7b003910593614dedb12c59fe399d0a0e1dcc26f4eb423fb3bb7b7b3,dbaf1dee142b5509e1bf9302fb5280656ce6c577224707f82b80f876b57e2ee8,2026-08-21T01:52:36.562263+00:00,2026-08-21T01:52:35.579018+00:00,5y5y-real-forward-compound-v1,0.1.0,PASS,STALE
L1-007,2024-04-09,2.0700480722064096,percent,FRED-derived,DFII5,DFII10,docs/phase2-ingestion/data/macro/raw/fred/DFII5-20260821T015236Z.json,docs/phase2-ingestion/data/macro/raw/fred/DFII10-20260821T015235Z.json,f092dfcc7b003910593614dedb12c59fe399d0a0e1dcc26f4eb423fb3bb7b7b3,dbaf1dee142b5509e1bf9302fb5280656ce6c577224707f82b80f876b57e2ee8,2026-08-21T01:52:36.562263+00:00,2026-08-21T01:52:35.579018+00:00,5y5y-real-forward-compound-v1,0.1.0,PASS,STALE
L1-007,2024-04-10,2.180008813160983,percent,FRED-derived,DFII5,DFII10,docs/phase2-ingestion/data/macro/raw/fred/DFII5-20260821T015236Z.json,docs/phase2-ingestion/data/macro/raw/fred/DFII10-20260821T015235Z.json,f092dfcc7b003910593614dedb12c59fe399d0a0e1dcc26f4eb423fb3bb7b7b3,dbaf1dee142b5509e1bf9302fb5280656ce6c577224707f82b80f876b57e2ee8,2026-08-21T01:52:36.562263+00:00,2026-08-21T01:52:35.579018+00:00,5y5y-real-forward-compound-v1,0.1.0,PASS,STALE
L1-007,2024-04-11,2.19000881229805,percent,FRED-derived,DFII5,DFII10,docs/phase2-ingestion/data/macro/raw/fred/DFII5-20260821T015236Z.json,docs/phase2-ingestion/data/macro/raw/fred/DFII10-20260821T015235Z.json,f092dfcc7b003910593614dedb12c59fe399d0a0e1dcc26f4eb423fb3bb7b7b3,dbaf1dee142b5509e1bf9302fb5280656ce6c577224707f82b80f876b57e2ee8,2026-08-21T01:52:36.562263+00:00,2026-08-21T01:52:35.579018+00:00,5y5y-real-forward-compound-v1,0.1.0,PASS,STALE
L1-007,2024-04-12,2.150015675516781,percent,FRED-derived,DFII5,DFII10,docs/phase2-ingestion/data/macro/raw/fred/DFII5-20260821T015236Z.json,docs/phase2-ingestion/data/macro/raw/fred/DFII10-20260821T015235Z.json,f092dfcc7b003910593614dedb12c59fe399d0a0e1dcc26f4eb423fb3bb7b7b3,dbaf1dee142b5509e1bf9302fb5280656ce6c577224707f82b80f876b57e2ee8,2026-08-21T01:52:36.562263+00:00,2026-08-21T01:52:35.579018+00:00,5y5y-real-forward-compound-v1,0.1.0,PASS,STALE
L1-007,2024-04-15,2.270047978067158,percent,FRED-derived,DFII5,DFII10,docs/phase2-ingestion/data/macro/raw/fred/DFII5-20260821T015236Z.json,docs/phase2-ingestion/data/macro/raw/fred/DFII10-20260821T015235Z.json,f092dfcc7b003910593614dedb12c59fe399d0a0e1dcc26f4eb423fb3bb7b7b3,dbaf1dee142b5509e1bf9302fb5280656ce6c577224707f82b80f876b57e2ee8,2026-08-21T01:52:36.562263+00:00,2026-08-21T01:52:35.579018+00:00,5y5y-real-forward-compound-v1,0.1.0,PASS,STALE
L1-007,2024-04-16,2.3100479592835343,percent,FRED-derived,DFII5,DFII10,docs/phase2-ingestion/data/macro/raw/fred/DFII5-20260821T015236Z.json,docs/phase2-ingestion/data/macro/raw/fred/DFII10-20260821T015235Z.json,f092dfcc7b003910593614dedb12c59fe399d0a0e1dcc26f4eb423fb3bb7b7b3,dbaf1dee142b5509e1bf9302fb5280656ce6c577224707f82b80f876b57e2ee8,2026-08-21T01:52:36.562263+00:00,2026-08-21T01:52:35.579018+00:00,5y5y-real-forward-compound-v1,0.1.0,PASS,STALE
L1-007,2024-04-17,2.250024473813017,percent,FRED-derived,DFII5,DFII10,docs/phase2-ingestion/data/macro/raw/fred/DFII5-20260821T015236Z.json,docs/phase2-ingestion/data/macro/raw/fred/DFII10-20260821T015235Z.json,f092dfcc7b003910593614dedb12c59fe399d0a0e1dcc26f4eb423fb3bb7b7b3,dbaf1dee142b5509e1bf9302fb5280656ce6c577224707f82b80f876b57e2ee8,2026-08-21T01:52:36.562263+00:00,2026-08-21T01:52:35.579018+00:00,5y5y-real-forward-compound-v1,0.1.0,PASS,STALE
L1-007,2024-04-18,2.2399999999999975,percent,FRED-derived,DFII5,DFII10,docs/phase2-ingestion/data/macro/raw/fred/DFII5-20260821T015236Z.json,docs/phase2-ingestion/data/macro/raw/fred/DFII10-20260821T015235Z.json,f092dfcc7b003910593614dedb12c59fe399d0a0e1dcc26f4eb423fb3bb7b7b3,dbaf1dee142b5509e1bf9302fb5280656ce6c577224707f82b80f876b57e2ee8,2026-08-21T01:52:36.562263+00:00,2026-08-21T01:52:35.579018+00:00,5y5y-real-forward-compound-v1,0.1.0,PASS,STALE
L1-007,2024-04-19,2.200000978282146,percent,FRED-derived,DFII5,DFII10,docs/phase2-ingestion/data/macro/raw/fred/DFII5-20260821T015236Z.json,docs/phase2-ingestion/data/macro/raw/fred/DFII10-20260821T015235Z.json,f092dfcc7b003910593614dedb12c59fe399d0a0e1dcc26f4eb423fb3bb7b7b3,dbaf1dee142b5509e1bf9302fb5280656ce6c577224707f82b80f876b57e2ee8,2026-08-21T01:52:36.562263+00:00,2026-08-21T01:52:35.579018+00:00,5y5y-real-forward-compound-v1,0.1.0,PASS,STALE
L1-007,2024-04-22,2.210000000000001,percent,FRED-derived,DFII5,DFII10,docs/phase2-ingestion/data/macro/raw/fred/DFII5-20260821T015236Z.json,docs/phase2-ingestion/data/macro/raw/fred/DFII10-20260821T015235Z.json,f092dfcc7b003910593614dedb12c59fe399d0a0e1dcc26f4eb423fb3bb7b7b3,dbaf1dee142b5509e1bf9302fb5280656ce6c577224707f82b80f876b57e2ee8,2026-08-21T01:52:36.562263+00:00,2026-08-21T01:52:35.579018+00:00,5y5y-real-forward-compound-v1,0.1.0,PASS,STALE
L1-007,2024-04-23,2.2100009785693375,percent,FRED-derived,DFII5,DFII10,docs/phase2-ingestion/data/macro/raw/fred/DFII5-20260821T015236Z.json,docs/phase2-ingestion/data/macro/raw/fred/DFII10-20260821T015235Z.json,f092dfcc7b003910593614dedb12c59fe399d0a0e1dcc26f4eb423fb3bb7b7b3,dbaf1dee142b5509e1bf9302fb5280656ce6c577224707f82b80f876b57e2ee8,2026-08-21T01:52:36.562263+00:00,2026-08-21T01:52:35.579018+00:00,5y5y-real-forward-compound-v1,0.1.0,PASS,STALE
L1-007,2024-04-24,2.26000391312855,percent,FRED-derived,DFII5,DFII10,docs/phase2-ingestion/data/macro/raw/fred/DFII5-20260821T015236Z.json,docs/phase2-ingestion/data/macro/raw/fred/DFII10-20260821T015235Z.json,f092dfcc7b003910593614dedb12c59fe399d0a0e1dcc26f4eb423fb3bb7b7b3,dbaf1dee142b5509e1bf9302fb5280656ce6c577224707f82b80f876b57e2ee8,2026-08-21T01:52:36.562263+00:00,2026-08-21T01:52:35.579018+00:00,5y5y-real-forward-compound-v1,0.1.0,PASS,STALE
L1-007,2024-04-25,2.290000977803852,percent,FRED-derived,DFII5,DFII10,docs/phase2-ingestion/data/macro/raw/fred/DFII5-20260821T015236Z.json,docs/phase2-ingestion/data/macro/raw/fred/DFII10-20260821T015235Z.json,f092dfcc7b003910593614dedb12c59fe399d0a0e1dcc26f4eb423fb3bb7b7b3,dbaf1dee142b5509e1bf9302fb5280656ce6c577224707f82b80f876b57e2ee8,2026-08-21T01:52:36.562263+00:00,2026-08-21T01:52:35.579018+00:00,5y5y-real-forward-compound-v1,0.1.0,PASS,STALE
L1-007,2024-04-26,2.2399999999999975,percent,FRED-derived,DFII5,DFII10,docs/phase2-ingestion/data/macro/raw/fred/DFII5-20260821T015236Z.json,docs/phase2-ingestion/data/macro/raw/fred/DFII10-20260821T015235Z.json,f092dfcc7b003910593614dedb12c59fe399d0a0e1dcc26f4eb423fb3bb7b7b3,dbaf1dee142b5509e1bf9302fb5280656ce6c577224707f82b80f876b57e2ee8,2026-08-21T01:52:36.562263+00:00,2026-08-21T01:52:35.579018+00:00,5y5y-real-forward-compound-v1,0.1.0,PASS,STALE
L1-007,2024-04-29,2.2199999999999998,percent,FRED-derived,DFII5,DFII10,docs/phase2-ingestion/data/macro/raw/fred/DFII5-20260821T015236Z.json,docs/phase2-ingestion/data/macro/raw/fred/DFII10-20260821T015235Z.json,f092dfcc7b003910593614dedb12c59fe399d0a0e1dcc26f4eb423fb3bb7b7b3,dbaf1dee142b5509e1bf9302fb5280656ce6c577224707f82b80f876b57e2ee8,2026-08-21T01:52:36.562263+00:00,2026-08-21T01:52:35.579018+00:00,5y5y-real-forward-compound-v1,0.1.0,PASS,STALE
L1-007,2024-04-30,2.270000977612674,percent,FRED-derived,DFII5,DFII10,docs/phase2-ingestion/data/macro/raw/fred/DFII5-20260821T015236Z.json,docs/phase2-ingestion/data/macro/raw/fred/DFII10-20260821T015235Z.json,f092dfcc7b003910593614dedb12c59fe399d0a0e1dcc26f4eb423fb3bb7b7b3,dbaf1dee142b5509e1bf9302fb5280656ce6c577224707f82b80f876b57e2ee8,2026-08-21T01:52:36.562263+00:00,2026-08-21T01:52:35.579018+00:00,5y5y-real-forward-compound-v1,0.1.0,PASS,STALE
L1-007,2024-05-01,2.2499999999999964,percent,FRED-derived,DFII5,DFII10,docs/phase2-ingestion/data/macro/raw/fred/DFII5-20260821T015236Z.json,docs/phase2-ingestion/data/macro/raw/fred/DFII10-20260821T015235Z.json,f092dfcc7b003910593614dedb12c59fe399d0a0e1dcc26f4eb423fb3bb7b7b3,dbaf1dee142b5509e1bf9302fb5280656ce6c577224707f82b80f876b57e2ee8,2026-08-21T01:52:36.562263+00:00,2026-08-21T01:52:35.579018+00:00,5y5y-real-forward-compound-v1,0.1.0,PASS,STALE
L1-007,2024-05-02,2.220000978473591,percent,FRED-derived,DFII5,DFII10,docs/phase2-ingestion/data/macro/raw/fred/DFII5-20260821T015236Z.json,docs/phase2-ingestion/data/macro/raw/fred/DFII10-20260821T015235Z.json,f092dfcc7b003910593614dedb12c59fe399d0a0e1dcc26f4eb423fb3bb7b7b3,dbaf1dee142b5509e1bf9302fb5280656ce6c577224707f82b80f876b57e2ee8,2026-08-21T01:52:36.562263+00:00,2026-08-21T01:52:35.579018+00:00,5y5y-real-forward-compound-v1,0.1.0,PASS,STALE
L1-007,2024-05-03,2.1700039165769125,percent,FRED-derived,DFII5,DFII10,docs/phase2-ingestion/data/macro/raw/fred/DFII5-20260821T015236Z.json,docs/phase2-ingestion/data/macro/raw/fred/DFII10-20260821T015235Z.json,f092dfcc7b003910593614dedb12c59fe399d0a0e1dcc26f4eb423fb3bb7b7b3,dbaf1dee142b5509e1bf9302fb5280656ce6c577224707f82b80f876b57e2ee8,2026-08-21T01:52:36.562263+00:00,2026-08-21T01:52:35.579018+00:00,5y5y-real-forward-compound-v1,0.1.0,PASS,STALE
L1-007,2024-05-06,2.1400000000000086,percent,FRED-derived,DFII5,DFII10,docs/phase2-ingestion/data/macro/raw/fred/DFII5-20260821T015236Z.json,docs/phase2-ingestion/data/macro/raw/fred/DFII10-20260821T015235Z.json,f092dfcc7b003910593614dedb12c59fe399d0a0e1dcc26f4eb423fb3bb7b7b3,dbaf1dee142b5509e1bf9302fb5280656ce6c577224707f82b80f876b57e2ee8,2026-08-21T01:52:36.562263+00:00,2026-08-21T01:52:35.579018+00:00,5y5y-real-forward-compound-v1,0.1.0,PASS,STALE
L1-007,2024-05-07,2.140000978856693,percent,FRED-derived,DFII5,DFII10,docs/phase2-ingestion/data/macro/raw/fred/DFII5-20260821T015236Z.json,docs/phase2-ingestion/data/macro/raw/fred/DFII10-20260821T015235Z.json,f092dfcc7b003910593614dedb12c59fe399d0a0e1dcc26f4eb423fb3bb7b7b3,dbaf1dee142b5509e1bf9302fb5280656ce6c577224707f82b80f876b57e2ee8,2026-08-21T01:52:36.562263+00:00,2026-08-21T01:52:35.579018+00:00,5y5y-real-forward-compound-v1,0.1.0,PASS,STALE
L1-007,2024-05-08,2.150003914277332,percent,FRED-derived,DFII5,DFII10,docs/phase2-ingestion/data/macro/raw/fred/DFII5-20260821T015236Z.json,docs/phase2-ingestion/data/macro/raw/fred/DFII10-20260821T015235Z.json,f092dfcc7b003910593614dedb12c59fe399d0a0e1dcc26f4eb423fb3bb7b7b3,dbaf1dee142b5509e1bf9302fb5280656ce6c577224707f82b80f876b57e2ee8,2026-08-21T01:52:36.562263+00:00,2026-08-21T01:52:35.579018+00:00,5y5y-real-forward-compound-v1,0.1.0,PASS,STALE
L1-007,2024-05-09,2.1300000000000097,percent,FRED-derived,DFII5,DFII10,docs/phase2-ingestion/data/macro/raw/fred/DFII5-20260821T015236Z.json,docs/phase2-ingestion/data/macro/raw/fred/DFII10-20260821T015235Z.json,f092dfcc7b003910593614dedb12c59fe399d0a0e1dcc26f4eb423fb3bb7b7b3,dbaf1dee142b5509e1bf9302fb5280656ce6c577224707f82b80f876b57e2ee8,2026-08-21T01:52:36.562263+00:00,2026-08-21T01:52:35.579018+00:00,5y5y-real-forward-compound-v1,0.1.0,PASS,STALE
L1-007,2024-05-10,2.1400039146604044,percent,FRED-derived,DFII5,DFII10,docs/phase2-ingestion/data/macro/raw/fred/DFII5-20260821T015236Z.json,docs/phase2-ingestion/data/macro/raw/fred/DFII10-20260821T015235Z.json,f092dfcc7b003910593614dedb12c59fe399d0a0e1dcc26f4eb423fb3bb7b7b3,dbaf1dee142b5509e1bf9302fb5280656ce6c577224707f82b80f876b57e2ee8,2026-08-21T01:52:36.562263+00:00,2026-08-21T01:52:35.579018+00:00,5y5y-real-forward-compound-v1,0.1.0,PASS,STALE
L1-007,2024-05-13,2.1300039150435657,percent,FRED-derived,DFII5,DFII10,docs/phase2-ingestion/data/macro/raw/fred/DFII5-20260821T015236Z.json,docs/phase2-ingestion/data/macro/raw/fred/DFII10-20260821T015235Z.json,f092dfcc7b003910593614dedb12c59fe399d0a0e1dcc26f4eb423fb3bb7b7b3,dbaf1dee142b5509e1bf9302fb5280656ce6c577224707f82b80f876b57e2ee8,2026-08-21T01:52:36.562263+00:00,2026-08-21T01:52:35.579018+00:00,5y5y-real-forward-compound-v1,0.1.0,PASS,STALE
L1-007,2024-05-14,2.1000039161934714,percent,FRED-derived,DFII5,DFII10,docs/phase2-ingestion/data/macro/raw/fred/DFII5-20260821T015236Z.json,docs/phase2-ingestion/data/macro/raw/fred/DFII10-20260821T015235Z.json,f092dfcc7b003910593614dedb12c59fe399d0a0e1dcc26f4eb423fb3bb7b7b3,dbaf1dee142b5509e1bf9302fb5280656ce6c577224707f82b80f876b57e2ee8,2026-08-21T01:52:36.562263+00:00,2026-08-21T01:52:35.579018+00:00,5y5y-real-forward-compound-v1,0.1.0,PASS,STALE
L1-007,2024-05-15,2.0400009798158036,percent,FRED-derived,DFII5,DFII10,docs/phase2-ingestion/data/macro/raw/fred/DFII5-20260821T015236Z.json,docs/phase2-ingestion/data/macro/raw/fred/DFII10-20260821T015235Z.json,f092dfcc7b003910593614dedb12c59fe399d0a0e1dcc26f4eb423fb3bb7b7b3,dbaf1dee142b5509e1bf9302fb5280656ce6c577224707f82b80f876b57e2ee8,2026-08-21T01:52:36.562263+00:00,2026-08-21T01:52:35.579018+00:00,5y5y-real-forward-compound-v1,0.1.0,PASS,STALE
L1-007,2024-05-16,2.040008814887373,percent,FRED-derived,DFII5,DFII10,docs/phase2-ingestion/data/macro/raw/fred/DFII5-20260821T015236Z.json,docs/phase2-ingestion/data/macro/raw/fred/DFII10-20260821T015235Z.json,f092dfcc7b003910593614dedb12c59fe399d0a0e1dcc26f4eb423fb3bb7b7b3,dbaf1dee142b5509e1bf9302fb5280656ce6c577224707f82b80f876b57e2ee8,2026-08-21T01:52:36.562263+00:00,2026-08-21T01:52:35.579018+00:00,5y5y-real-forward-compound-v1,0.1.0,PASS,STALE
L1-007,2024-05-17,2.0800039169604156,percent,FRED-derived,DFII5,DFII10,docs/phase2-ingestion/data/macro/raw/fred/DFII5-20260821T015236Z.json,docs/phase2-ingestion/data/macro/raw/fred/DFII10-20260821T015235Z.json,f092dfcc7b003910593614dedb12c59fe399d0a0e1dcc26f4eb423fb3bb7b7b3,dbaf1dee142b5509e1bf9302fb5280656ce6c577224707f82b80f876b57e2ee8,2026-08-21T01:52:36.562263+00:00,2026-08-21T01:52:35.579018+00:00,5y5y-real-forward-compound-v1,0.1.0,PASS,STALE
L1-007,2024-05-20,2.090003916576877,percent,FRED-derived,DFII5,DFII10,docs/phase2-ingestion/data/macro/raw/fred/DFII5-20260821T015236Z.json,docs/phase2-ingestion/data/macro/raw/fred/DFII10-20260821T015235Z.json,f092dfcc7b003910593614dedb12c59fe399d0a0e1dcc26f4eb423fb3bb7b7b3,dbaf1dee142b5509e1bf9302fb5280656ce6c577224707f82b80f876b57e2ee8,2026-08-21T01:52:36.562263+00:00,2026-08-21T01:52:35.579018+00:00,5y5y-real-forward-compound-v1,0.1.0,PASS,STALE
L1-007,2024-05-21,2.0800009794319285,percent,FRED-derived,DFII5,DFII10,docs/phase2-ingestion/data/macro/raw/fred/DFII5-20260821T015236Z.json,docs/phase2-ingestion/data/macro/raw/fred/DFII10-20260821T015235Z.json,f092dfcc7b003910593614dedb12c59fe399d0a0e1dcc26f4eb423fb3bb7b7b3,dbaf1dee142b5509e1bf9302fb5280656ce6c577224707f82b80f876b57e2ee8,2026-08-21T01:52:36.562263+00:00,2026-08-21T01:52:35.579018+00:00,5y5y-real-forward-compound-v1,0.1.0,PASS,STALE
L1-007,2024-05-22,2.0600156647738066,percent,FRED-derived,DFII5,DFII10,docs/phase2-ingestion/data/macro/raw/fred/DFII5-20260821T015236Z.json,docs/phase2-ingestion/data/macro/raw/fred/DFII10-20260821T015235Z.json,f092dfcc7b003910593614dedb12c59fe399d0a0e1dcc26f4eb423fb3bb7b7b3,dbaf1dee142b5509e1bf9302fb5280656ce6c577224707f82b80f876b57e2ee8,2026-08-21T01:52:36.562263+00:00,2026-08-21T01:52:35.579018+00:00,5y5y-real-forward-compound-v1,0.1.0,PASS,STALE
L1-007,2024-05-23,2.130015654045603,percent,FRED-derived,DFII5,DFII10,docs/phase2-ingestion/data/macro/raw/fred/DFII5-20260821T015236Z.json,docs/phase2-ingestion/data/macro/raw/fred/DFII10-20260821T015235Z.json,f092dfcc7b003910593614dedb12c59fe399d0a0e1dcc26f4eb423fb3bb7b7b3,dbaf1dee142b5509e1bf9302fb5280656ce6c577224707f82b80f876b57e2ee8,2026-08-21T01:52:36.562263+00:00,2026-08-21T01:52:35.579018+00:00,5y5y-real-forward-compound-v1,0.1.0,PASS,STALE
L1-007,2024-05-24,2.0800352250489373,percent,FRED-derived,DFII5,DFII10,docs/phase2-ingestion/data/macro/raw/fred/DFII5-20260821T015236Z.json,docs/phase2-ingestion/data/macro/raw/fred/DFII10-20260821T015235Z.json,f092dfcc7b003910593614dedb12c59fe399d0a0e1dcc26f4eb423fb3bb7b7b3,dbaf1dee142b5509e1bf9302fb5280656ce6c577224707f82b80f876b57e2ee8,2026-08-21T01:52:36.562263+00:00,2026-08-21T01:52:35.579018+00:00,5y5y-real-forward-compound-v1,0.1.0,PASS,STALE
L1-007,2024-05-28,2.170008803677992,percent,FRED-derived,DFII5,DFII10,docs/phase2-ingestion/data/macro/raw/fred/DFII5-20260821T015236Z.json,docs/phase2-ingestion/data/macro/raw/fred/DFII10-20260821T015235Z.json,f092dfcc7b003910593614dedb12c59fe399d0a0e1dcc26f4eb423fb3bb7b7b3,dbaf1dee142b5509e1bf9302fb5280656ce6c577224707f82b80f876b57e2ee8,2026-08-21T01:52:36.562263+00:00,2026-08-21T01:52:35.579018+00:00,5y5y-real-forward-compound-v1,0.1.0,PASS,STALE
L1-007,2024-05-29,2.230003911215417,percent,FRED-derived,DFII5,DFII10,docs/phase2-ingestion/data/macro/raw/fred/DFII5-20260821T015236Z.json,docs/phase2-ingestion/data/macro/raw/fred/DFII10-20260821T015235Z.json,f092dfcc7b003910593614dedb12c59fe399d0a0e1dcc26f4eb423fb3bb7b7b3,dbaf1dee142b5509e1bf9302fb5280656ce6c577224707f82b80f876b57e2ee8,2026-08-21T01:52:36.562263+00:00,2026-08-21T01:52:35.579018+00:00,5y5y-real-forward-compound-v1,0.1.0,PASS,STALE
L1-007,2024-05-30,2.1600088045392374,percent,FRED-derived,DFII5,DFII10,docs/phase2-ingestion/data/macro/raw/fred/DFII5-20260821T015236Z.json,docs/phase2-ingestion/data/macro/raw/fred/DFII10-20260821T015235Z.json,f092dfcc7b003910593614dedb12c59fe399d0a0e1dcc26f4eb423fb3bb7b7b3,dbaf1dee142b5509e1bf9302fb5280656ce6c577224707f82b80f876b57e2ee8,2026-08-21T01:52:36.562263+00:00,2026-08-21T01:52:35.579018+00:00,5y5y-real-forward-compound-v1,0.1.0,PASS,STALE
L1-007,2024-05-31,2.1400039146604044,percent,FRED-derived,DFII5,DFII10,docs/phase2-ingestion/data/macro/raw/fred/DFII5-20260821T015236Z.json,docs/phase2-ingestion/data/macro/raw/fred/DFII10-20260821T015235Z.json,f092dfcc7b003910593614dedb12c59fe399d0a0e1dcc26f4eb423fb3bb7b7b3,dbaf1dee142b5509e1bf9302fb5280656ce6c577224707f82b80f876b57e2ee8,2026-08-21T01:52:36.562263+00:00,2026-08-21T01:52:35.579018+00:00,5y5y-real-forward-compound-v1,0.1.0,PASS,STALE
L1-007,2024-06-03,2.0500088140240846,percent,FRED-derived,DFII5,DFII10,docs/phase2-ingestion/data/macro/raw/fred/DFII5-20260821T015236Z.json,docs/phase2-ingestion/data/macro/raw/fred/DFII10-20260821T015235Z.json,f092dfcc7b003910593614dedb12c59fe399d0a0e1dcc26f4eb423fb3bb7b7b3,dbaf1dee142b5509e1bf9302fb5280656ce6c577224707f82b80f876b57e2ee8,2026-08-21T01:52:36.562263+00:00,2026-08-21T01:52:35.579018+00:00,5y5y-real-forward-compound-v1,0.1.0,PASS,STALE
L1-007,2024-06-04,1.970024492995015,percent,FRED-derived,DFII5,DFII10,docs/phase2-ingestion/data/macro/raw/fred/DFII5-20260821T015236Z.json,docs/phase2-ingestion/data/macro/raw/fred/DFII10-20260821T015235Z.json,f092dfcc7b003910593614dedb12c59fe399d0a0e1dcc26f4eb423fb3bb7b7b3,dbaf1dee142b5509e1bf9302fb5280656ce6c577224707f82b80f876b57e2ee8,2026-08-21T01:52:36.562263+00:00,2026-08-21T01:52:35.579018+00:00,5y5y-real-forward-compound-v1,0.1.0,PASS,STALE
L1-007,2024-06-05,1.9400245001960137,percent,FRED-derived,DFII5,DFII10,docs/phase2-ingestion/data/macro/raw/fred/DFII5-20260821T015236Z.json,docs/phase2-ingestion/data/macro/raw/fred/DFII10-20260821T015235Z.json,f092dfcc7b003910593614dedb12c59fe399d0a0e1dcc26f4eb423fb3bb7b7b3,dbaf1dee142b5509e1bf9302fb5280656ce6c577224707f82b80f876b57e2ee8,2026-08-21T01:52:36.562263+00:00,2026-08-21T01:52:35.579018+00:00,5y5y-real-forward-compound-v1,0.1.0,PASS,STALE
L1-007,2024-06-06,1.9600156801254487,percent,FRED-derived,DFII5,DFII10,docs/phase2-ingestion/data/macro/raw/fred/DFII5-20260821T015236Z.json,docs/phase2-ingestion/data/macro/raw/fred/DFII10-20260821T015235Z.json,f092dfcc7b003910593614dedb12c59fe399d0a0e1dcc26f4eb423fb3bb7b7b3,dbaf1dee142b5509e1bf9302fb5280656ce6c577224707f82b80f876b57e2ee8,2026-08-21T01:52:36.562263+00:00,2026-08-21T01:52:35.579018+00:00,5y5y-real-forward-compound-v1,0.1.0,PASS,STALE
L1-007,2024-06-07,2.080024466627539,percent,FRED-derived,DFII5,DFII10,docs/phase2-ingestion/data/macro/raw/fred/DFII5-20260821T015236Z.json,docs/phase2-ingestion/data/macro/raw/fred/DFII10-20260821T015235Z.json,f092dfcc7b003910593614dedb12c59fe399d0a0e1dcc26f4eb423fb3bb7b7b3,dbaf1dee142b5509e1bf9302fb5280656ce6c577224707f82b80f876b57e2ee8,2026-08-21T01:52:36.562263+00:00,2026-08-21T01:52:35.579018+00:00,5y5y-real-forward-compound-v1,0.1.0,PASS,STALE
L1-007,2024-06-10,2.110024459446258,percent,FRED-derived,DFII5,DFII10,docs/phase2-ingestion/data/macro/raw/fred/DFII5-20260821T015236Z.json,docs/phase2-ingestion/data/macro/raw/fred/DFII10-20260821T015235Z.json,f092dfcc7b003910593614dedb12c59fe399d0a0e1dcc26f4eb423fb3bb7b7b3,dbaf1dee142b5509e1bf9302fb5280656ce6c577224707f82b80f876b57e2ee8,2026-08-21T01:52:36.562263+00:00,2026-08-21T01:52:35.579018+00:00,5y5y-real-forward-compound-v1,0.1.0,PASS,STALE
L1-007,2024-06-11,2.0800156617071464,percent,FRED-derived,DFII5,DFII10,docs/phase2-ingestion/data/macro/raw/fred/DFII5-20260821T015236Z.json,docs/phase2-ingestion/data/macro/raw/fred/DFII10-20260821T015235Z.json,f092dfcc7b003910593614dedb12c59fe399d0a0e1dcc26f4eb423fb3bb7b7b3,dbaf1dee142b5509e1bf9302fb5280656ce6c577224707f82b80f876b57e2ee8,2026-08-21T01:52:36.562263+00:00,2026-08-21T01:52:35.579018+00:00,5y5y-real-forward-compound-v1,0.1.0,PASS,STALE
L1-007,2024-06-12,2.0300352422907286,percent,FRED-derived,DFII5,DFII10,docs/phase2-ingestion/data/macro/raw/fred/DFII5-20260821T015236Z.json,docs/phase2-ingestion/data/macro/raw/fred/DFII10-20260821T015235Z.json,f092dfcc7b003910593614dedb12c59fe399d0a0e1dcc26f4eb423fb3bb7b7b3,dbaf1dee142b5509e1bf9302fb5280656ce6c577224707f82b80f876b57e2ee8,2026-08-21T01:52:36.562263+00:00,2026-08-21T01:52:35.579018+00:00,5y5y-real-forward-compound-v1,0.1.0,PASS,STALE
L1-007,2024-06-13,1.9600479921645597,percent,FRED-derived,DFII5,DFII10,docs/phase2-ingestion/data/macro/raw/fred/DFII5-20260821T015236Z.json,docs/phase2-ingestion/data/macro/raw/fred/DFII10-20260821T015235Z.json,f092dfcc7b003910593614dedb12c59fe399d0a0e1dcc26f4eb423fb3bb7b7b3,dbaf1dee142b5509e1bf9302fb5280656ce6c577224707f82b80f876b57e2ee8,2026-08-21T01:52:36.562263+00:00,2026-08-21T01:52:35.579018+00:00,5y5y-real-forward-compound-v1,0.1.0,PASS,STALE
L1-007,2024-06-14,1.9500626775046603,percent,FRED-derived,DFII5,DFII10,docs/phase2-ingestion/data/macro/raw/fred/DFII5-20260821T015236Z.json,docs/phase2-ingestion/data/macro/raw/fred/DFII10-20260821T015235Z.json,f092dfcc7b003910593614dedb12c59fe399d0a0e1dcc26f4eb423fb3bb7b7b3,dbaf1dee142b5509e1bf9302fb5280656ce6c577224707f82b80f876b57e2ee8,2026-08-21T01:52:36.562263+00:00,2026-08-21T01:52:35.579018+00:00,5y5y-real-forward-compound-v1,0.1.0,PASS,STALE
L1-007,2024-06-17,1.9800626590953385,percent,FRED-derived,DFII5,DFII10,docs/phase2-ingestion/data/macro/raw/fred/DFII5-20260821T015236Z.json,docs/phase2-ingestion/data/macro/raw/fred/DFII10-20260821T015235Z.json,f092dfcc7b003910593614dedb12c59fe399d0a0e1dcc26f4eb423fb3bb7b7b3,dbaf1dee142b5509e1bf9302fb5280656ce6c577224707f82b80f876b57e2ee8,2026-08-21T01:52:36.562263+00:00,2026-08-21T01:52:35.579018+00:00,5y5y-real-forward-compound-v1,0.1.0,PASS,STALE
L1-007,2024-06-18,1.9500352699128198,percent,FRED-derived,DFII5,DFII10,docs/phase2-ingestion/data/macro/raw/fred/DFII5-20260821T015236Z.json,docs/phase2-ingestion/data/macro/raw/fred/DFII10-20260821T015235Z.json,f092dfcc7b003910593614dedb12c59fe399d0a0e1dcc26f4eb423fb3bb7b7b3,dbaf1dee142b5509e1bf9302fb5280656ce6c577224707f82b80f876b57e2ee8,2026-08-21T01:52:36.562263+00:00,2026-08-21T01:52:35.579018+00:00,5y5y-real-forward-compound-v1,0.1.0,PASS,STALE
L1-007,2024-06-20,1.9500244977951997,percent,FRED-derived,DFII5,DFII10,docs/phase2-ingestion/data/macro/raw/fred/DFII5-20260821T015236Z.json,docs/phase2-ingestion/data/macro/raw/fred/DFII10-20260821T015235Z.json,f092dfcc7b003910593614dedb12c59fe399d0a0e1dcc26f4eb423fb3bb7b7b3,dbaf1dee142b5509e1bf9302fb5280656ce6c577224707f82b80f876b57e2ee8,2026-08-21T01:52:36.562263+00:00,2026-08-21T01:52:35.579018+00:00,5y5y-real-forward-compound-v1,0.1.0,PASS,STALE
L1-007,2024-06-21,1.970024492995015,percent,FRED-derived,DFII5,DFII10,docs/phase2-ingestion/data/macro/raw/fred/DFII5-20260821T015236Z.json,docs/phase2-ingestion/data/macro/raw/fred/DFII10-20260821T015235Z.json,f092dfcc7b003910593614dedb12c59fe399d0a0e1dcc26f4eb423fb3bb7b7b3,dbaf1dee142b5509e1bf9302fb5280656ce6c577224707f82b80f876b57e2ee8,2026-08-21T01:52:36.562263+00:00,2026-08-21T01:52:35.579018+00:00,5y5y-real-forward-compound-v1,0.1.0,PASS,STALE
L1-007,2024-06-24,1.9700352630032336,percent,FRED-derived,DFII5,DFII10,docs/phase2-ingestion/data/macro/raw/fred/DFII5-20260821T015236Z.json,docs/phase2-ingestion/data/macro/raw/fred/DFII10-20260821T015235Z.json,f092dfcc7b003910593614dedb12c59fe399d0a0e1dcc26f4eb423fb3bb7b7b3,dbaf1dee142b5509e1bf9302fb5280656ce6c577224707f82b80f876b57e2ee8,2026-08-21T01:52:36.562263+00:00,2026-08-21T01:52:35.579018+00:00,5y5y-real-forward-compound-v1,0.1.0,PASS,STALE
L1-007,2024-06-25,1.940048001567396,percent,FRED-derived,DFII5,DFII10,docs/phase2-ingestion/data/macro/raw/fred/DFII5-20260821T015236Z.json,docs/phase2-ingestion/data/macro/raw/fred/DFII10-20260821T015235Z.json,f092dfcc7b003910593614dedb12c59fe399d0a0e1dcc26f4eb423fb3bb7b7b3,dbaf1dee142b5509e1bf9302fb5280656ce6c577224707f82b80f876b57e2ee8,2026-08-21T01:52:36.562263+00:00,2026-08-21T01:52:35.579018+00:00,5y5y-real-forward-compound-v1,0.1.0,PASS,STALE
L1-007,2024-06-26,2.000035252643917,percent,FRED-derived,DFII5,DFII10,docs/phase2-ingestion/data/macro/raw/fred/DFII5-20260821T015236Z.json,docs/phase2-ingestion/data/macro/raw/fred/DFII10-20260821T015235Z.json,f092dfcc7b003910593614dedb12c59fe399d0a0e1dcc26f4eb423fb3bb7b7b3,dbaf1dee142b5509e1bf9302fb5280656ce6c577224707f82b80f876b57e2ee8,2026-08-21T01:52:36.562263+00:00,2026-08-21T01:52:35.579018+00:00,5y5y-real-forward-compound-v1,0.1.0,PASS,STALE
L1-007,2024-06-27,1.9900156755167986,percent,FRED-derived,DFII5,DFII10,docs/phase2-ingestion/data/macro/raw/fred/DFII5-20260821T015236Z.json,docs/phase2-ingestion/data/macro/raw/fred/DFII10-20260821T015235Z.json,f092dfcc7b003910593614dedb12c59fe399d0a0e1dcc26f4eb423fb3bb7b7b3,dbaf1dee142b5509e1bf9302fb5280656ce6c577224707f82b80f876b57e2ee8,2026-08-21T01:52:36.562263+00:00,2026-08-21T01:52:35.579018+00:00,5y5y-real-forward-compound-v1,0.1.0,PASS,STALE
L1-007,2024-06-28,2.070000979527853,percent,FRED-derived,DFII5,DFII10,docs/phase2-ingestion/data/macro/raw/fred/DFII5-20260821T015236Z.json,docs/phase2-ingestion/data/macro/raw/fred/DFII10-20260821T015235Z.json,f092dfcc7b003910593614dedb12c59fe399d0a0e1dcc26f4eb423fb3bb7b7b3,dbaf1dee142b5509e1bf9302fb5280656ce6c577224707f82b80f876b57e2ee8,2026-08-21T01:52:36.562263+00:00,2026-08-21T01:52:35.579018+00:00,5y5y-real-forward-compound-v1,0.1.0,PASS,STALE
L1-007,2024-07-01,2.1700009789525243,percent,FRED-derived,DFII5,DFII10,docs/phase2-ingestion/data/macro/raw/fred/DFII5-20260821T015236Z.json,docs/phase2-ingestion/data/macro/raw/fred/DFII10-20260821T015235Z.json,f092dfcc7b003910593614dedb12c59fe399d0a0e1dcc26f4eb423fb3bb7b7b3,dbaf1dee142b5509e1bf9302fb5280656ce6c577224707f82b80f876b57e2ee8,2026-08-21T01:52:36.562263+00:00,2026-08-21T01:52:35.579018+00:00,5y5y-real-forward-compound-v1,0.1.0,PASS,STALE
L1-007,2024-07-02,2.1300000000000097,percent,FRED-derived,DFII5,DFII10,docs/phase2-ingestion/data/macro/raw/fred/DFII5-20260821T015236Z.json,docs/phase2-ingestion/data/macro/raw/fred/DFII10-20260821T015235Z.json,f092dfcc7b003910593614dedb12c59fe399d0a0e1dcc26f4eb423fb3bb7b7b3,dbaf1dee142b5509e1bf9302fb5280656ce6c577224707f82b80f876b57e2ee8,2026-08-21T01:52:36.562263+00:00,2026-08-21T01:52:35.579018+00:00,5y5y-real-forward-compound-v1,0.1.0,PASS,STALE
L1-007,2024-07-03,2.0800009794319285,percent,FRED-derived,DFII5,DFII10,docs/phase2-ingestion/data/macro/raw/fred/DFII5-20260821T015236Z.json,docs/phase2-ingestion/data/macro/raw/fred/DFII10-20260821T015235Z.json,f092dfcc7b003910593614dedb12c59fe399d0a0e1dcc26f4eb423fb3bb7b7b3,dbaf1dee142b5509e1bf9302fb5280656ce6c577224707f82b80f876b57e2ee8,2026-08-21T01:52:36.562263+00:00,2026-08-21T01:52:35.579018+00:00,5y5y-real-forward-compound-v1,0.1.0,PASS,STALE
L1-007,2024-07-05,2.0000000000000018,percent,FRED-derived,DFII5,DFII10,docs/phase2-ingestion/data/macro/raw/fred/DFII5-20260821T015236Z.json,docs/phase2-ingestion/data/macro/raw/fred/DFII10-20260821T015235Z.json,f092dfcc7b003910593614dedb12c59fe399d0a0e1dcc26f4eb423fb3bb7b7b3,dbaf1dee142b5509e1bf9302fb5280656ce6c577224707f82b80f876b57e2ee8,2026-08-21T01:52:36.562263+00:00,2026-08-21T01:52:35.579018+00:00,5y5y-real-forward-compound-v1,0.1.0,PASS,STALE
L1-007,2024-07-08,2.0100000000000007,percent,FRED-derived,DFII5,DFII10,docs/phase2-ingestion/data/macro/raw/fred/DFII5-20260821T015236Z.json,docs/phase2-ingestion/data/macro/raw/fred/DFII10-20260821T015235Z.json,f092dfcc7b003910593614dedb12c59fe399d0a0e1dcc26f4eb423fb3bb7b7b3,dbaf1dee142b5509e1bf9302fb5280656ce6c577224707f82b80f876b57e2ee8,2026-08-21T01:52:36.562263+00:00,2026-08-21T01:52:35.579018+00:00,5y5y-real-forward-compound-v1,0.1.0,PASS,STALE
L1-007,2024-07-09,2.050000980103883,percent,FRED-derived,DFII5,DFII10,docs/phase2-ingestion/data/macro/raw/fred/DFII5-20260821T015236Z.json,docs/phase2-ingestion/data/macro/raw/fred/DFII10-20260821T015235Z.json,f092dfcc7b003910593614dedb12c59fe399d0a0e1dcc26f4eb423fb3bb7b7b3,dbaf1dee142b5509e1bf9302fb5280656ce6c577224707f82b80f876b57e2ee8,2026-08-21T01:52:36.562263+00:00,2026-08-21T01:52:35.579018+00:00,5y5y-real-forward-compound-v1,0.1.0,PASS,STALE
L1-007,2024-07-10,2.0000009801999674,percent,FRED-derived,DFII5,DFII10,docs/phase2-ingestion/data/macro/raw/fred/DFII5-20260821T015236Z.json,docs/phase2-ingestion/data/macro/raw/fred/DFII10-20260821T015235Z.json,f092dfcc7b003910593614dedb12c59fe399d0a0e1dcc26f4eb423fb3bb7b7b3,dbaf1dee142b5509e1bf9302fb5280656ce6c577224707f82b80f876b57e2ee8,2026-08-21T01:52:36.562263+00:00,2026-08-21T01:52:35.579018+00:00,5y5y-real-forward-compound-v1,0.1.0,PASS,STALE
L1-007,2024-07-11,1.9500000000000073,percent,FRED-derived,DFII5,DFII10,docs/phase2-ingestion/data/macro/raw/fred/DFII5-20260821T015236Z.json,docs/phase2-ingestion/data/macro/raw/fred/DFII10-20260821T015235Z.json,f092dfcc7b003910593614dedb12c59fe399d0a0e1dcc26f4eb423fb3bb7b7b3,dbaf1dee142b5509e1bf9302fb5280656ce6c577224707f82b80f876b57e2ee8,2026-08-21T01:52:36.562263+00:00,2026-08-21T01:52:35.579018+00:00,5y5y-real-forward-compound-v1,0.1.0,PASS,STALE
L1-007,2024-07-12,1.9300009808729923,percent,FRED-derived,DFII5,DFII10,docs/phase2-ingestion/data/macro/raw/fred/DFII5-20260821T015236Z.json,docs/phase2-ingestion/data/macro/raw/fred/DFII10-20260821T015235Z.json,f092dfcc7b003910593614dedb12c59fe399d0a0e1dcc26f4eb423fb3bb7b7b3,dbaf1dee142b5509e1bf9302fb5280656ce6c577224707f82b80f876b57e2ee8,2026-08-21T01:52:36.562263+00:00,2026-08-21T01:52:35.579018+00:00,5y5y-real-forward-compound-v1,0.1.0,PASS,STALE
L1-007,2024-07-15,1.9900088295889296,percent,FRED-derived,DFII5,DFII10,docs/phase2-ingestion/data/macro/raw/fred/DFII5-20260821T015236Z.json,docs/phase2-ingestion/data/macro/raw/fred/DFII10-20260821T015235Z.json,f092dfcc7b003910593614dedb12c59fe399d0a0e1dcc26f4eb423fb3bb7b7b3,dbaf1dee142b5509e1bf9302fb5280656ce6c577224707f82b80f876b57e2ee8,2026-08-21T01:52:36.562263+00:00,2026-08-21T01:52:35.579018+00:00,5y5y-real-forward-compound-v1,0.1.0,PASS,STALE
L1-007,2024-07-16,1.930003925802315,percent,FRED-derived,DFII5,DFII10,docs/phase2-ingestion/data/macro/raw/fred/DFII5-20260821T015236Z.json,docs/phase2-ingestion/data/macro/raw/fred/DFII10-20260821T015235Z.json,f092dfcc7b003910593614dedb12c59fe399d0a0e1dcc26f4eb423fb3bb7b7b3,dbaf1dee142b5509e1bf9302fb5280656ce6c577224707f82b80f876b57e2ee8,2026-08-21T01:52:36.562263+00:00,2026-08-21T01:52:35.579018+00:00,5y5y-real-forward-compound-v1,0.1.0,PASS,STALE
L1-007,2024-07-17,1.9200039261876523,percent,FRED-derived,DFII5,DFII10,docs/phase2-ingestion/data/macro/raw/fred/DFII5-20260821T015236Z.json,docs/phase2-ingestion/data/macro/raw/fred/DFII10-20260821T015235Z.json,f092dfcc7b003910593614dedb12c59fe399d0a0e1dcc26f4eb423fb3bb7b7b3,dbaf1dee142b5509e1bf9302fb5280656ce6c577224707f82b80f876b57e2ee8,2026-08-21T01:52:36.562263+00:00,2026-08-21T01:52:35.579018+00:00,5y5y-real-forward-compound-v1,0.1.0,PASS,STALE
L1-007,2024-07-18,1.8600088304552287,percent,FRED-derived,DFII5,DFII10,docs/phase2-ingestion/data/macro/raw/fred/DFII5-20260821T015236Z.json,docs/phase2-ingestion/data/macro/raw/fred/DFII10-20260821T015235Z.json,f092dfcc7b003910593614dedb12c59fe399d0a0e1dcc26f4eb423fb3bb7b7b3,dbaf1dee142b5509e1bf9302fb5280656ce6c577224707f82b80f876b57e2ee8,2026-08-21T01:52:36.562263+00:00,2026-08-21T01:52:35.579018+00:00,5y5y-real-forward-compound-v1,0.1.0,PASS,STALE
L1-007,2024-07-19,1.8800245146107342,percent,FRED-derived,DFII5,DFII10,docs/phase2-ingestion/data/macro/raw/fred/DFII5-20260821T015236Z.json,docs/phase2-ingestion/data/macro/raw/fred/DFII10-20260821T015235Z.json,f092dfcc7b003910593614dedb12c59fe399d0a0e1dcc26f4eb423fb3bb7b7b3,dbaf1dee142b5509e1bf9302fb5280656ce6c577224707f82b80f876b57e2ee8,2026-08-21T01:52:36.562263+00:00,2026-08-21T01:52:35.579018+00:00,5y5y-real-forward-compound-v1,0.1.0,PASS,STALE
L1-007,2024-07-22,1.930008824394558,percent,FRED-derived,DFII5,DFII10,docs/phase2-ingestion/data/macro/raw/fred/DFII5-20260821T015236Z.json,docs/phase2-ingestion/data/macro/raw/fred/DFII10-20260821T015235Z.json,f092dfcc7b003910593614dedb12c59fe399d0a0e1dcc26f4eb423fb3bb7b7b3,dbaf1dee142b5509e1bf9302fb5280656ce6c577224707f82b80f876b57e2ee8,2026-08-21T01:52:36.562263+00:00,2026-08-21T01:52:35.579018+00:00,5y5y-real-forward-compound-v1,0.1.0,PASS,STALE
L1-007,2024-07-23,1.9400039223377297,percent,FRED-derived,DFII5,DFII10,docs/phase2-ingestion/data/macro/raw/fred/DFII5-20260821T015236Z.json,docs/phase2-ingestion/data/macro/raw/fred/DFII10-20260821T015235Z.json,f092dfcc7b003910593614dedb12c59fe399d0a0e1dcc26f4eb423fb3bb7b7b3,dbaf1dee142b5509e1bf9302fb5280656ce6c577224707f82b80f876b57e2ee8,2026-08-21T01:52:36.562263+00:00,2026-08-21T01:52:35.579018+00:00,5y5y-real-forward-compound-v1,0.1.0,PASS,STALE
L1-007,2024-07-24,2.0100009804882912,percent,FRED-derived,DFII5,DFII10,docs/phase2-ingestion/data/macro/raw/fred/DFII5-20260821T015236Z.json,docs/phase2-ingestion/data/macro/raw/fred/DFII10-20260821T015235Z.json,f092dfcc7b003910593614dedb12c59fe399d0a0e1dcc26f4eb423fb3bb7b7b3,dbaf1dee142b5509e1bf9302fb5280656ce6c577224707f82b80f876b57e2ee8,2026-08-21T01:52:36.562263+00:00,2026-08-21T01:52:35.579018+00:00,5y5y-real-forward-compound-v1,0.1.0,PASS,STALE
L1-007,2024-07-25,1.9800009803921714,percent,FRED-derived,DFII5,DFII10,docs/phase2-ingestion/data/macro/raw/fred/DFII5-20260821T015236Z.json,docs/phase2-ingestion/data/macro/raw/fred/DFII10-20260821T015235Z.json,f092dfcc7b003910593614dedb12c59fe399d0a0e1dcc26f4eb423fb3bb7b7b3,dbaf1dee142b5509e1bf9302fb5280656ce6c577224707f82b80f876b57e2ee8,2026-08-21T01:52:36.562263+00:00,2026-08-21T01:52:35.579018+00:00,5y5y-real-forward-compound-v1,0.1.0,PASS,STALE
L1-007,2024-07-26,1.9300000000000095,percent,FRED-derived,DFII5,DFII10,docs/phase2-ingestion/data/macro/raw/fred/DFII5-20260821T015236Z.json,docs/phase2-ingestion/data/macro/raw/fred/DFII10-20260821T015235Z.json,f092dfcc7b003910593614dedb12c59fe399d0a0e1dcc26f4eb423fb3bb7b7b3,dbaf1dee142b5509e1bf9302fb5280656ce6c577224707f82b80f876b57e2ee8,2026-08-21T01:52:36.562263+00:00,2026-08-21T01:52:35.579018+00:00,5y5y-real-forward-compound-v1,0.1.0,PASS,STALE
L1-007,2024-07-29,1.9200000000000106,percent,FRED-derived,DFII5,DFII10,docs/phase2-ingestion/data/macro/raw/fred/DFII5-20260821T015236Z.json,docs/phase2-ingestion/data/macro/raw/fred/DFII10-20260821T015235Z.json,f092dfcc7b003910593614dedb12c59fe399d0a0e1dcc26f4eb423fb3bb7b7b3,dbaf1dee142b5509e1bf9302fb5280656ce6c577224707f82b80f876b57e2ee8,2026-08-21T01:52:36.562263+00:00,2026-08-21T01:52:35.579018+00:00,5y5y-real-forward-compound-v1,0.1.0,PASS,STALE
L1-007,2024-07-30,1.8900009812579555,percent,FRED-derived,DFII5,DFII10,docs/phase2-ingestion/data/macro/raw/fred/DFII5-20260821T015236Z.json,docs/phase2-ingestion/data/macro/raw/fred/DFII10-20260821T015235Z.json,f092dfcc7b003910593614dedb12c59fe399d0a0e1dcc26f4eb423fb3bb7b7b3,dbaf1dee142b5509e1bf9302fb5280656ce6c577224707f82b80f876b57e2ee8,2026-08-21T01:52:36.562263+00:00,2026-08-21T01:52:35.579018+00:00,5y5y-real-forward-compound-v1,0.1.0,PASS,STALE
L1-007,2024-07-31,1.8600009819324415,percent,FRED-derived,DFII5,DFII10,docs/phase2-ingestion/data/macro/raw/fred/DFII5-20260821T015236Z.json,docs/phase2-ingestion/data/macro/raw/fred/DFII10-20260821T015235Z.json,f092dfcc7b003910593614dedb12c59fe399d0a0e1dcc26f4eb423fb3bb7b7b3,dbaf1dee142b5509e1bf9302fb5280656ce6c577224707f82b80f876b57e2ee8,2026-08-21T01:52:36.562263+00:00,2026-08-21T01:52:35.579018+00:00,5y5y-real-forward-compound-v1,0.1.0,PASS,STALE
L1-007,2024-08-01,1.8000009825112961,percent,FRED-derived,DFII5,DFII10,docs/phase2-ingestion/data/macro/raw/fred/DFII5-20260821T015236Z.json,docs/phase2-ingestion/data/macro/raw/fred/DFII10-20260821T015235Z.json,f092dfcc7b003910593614dedb12c59fe399d0a0e1dcc26f4eb423fb3bb7b7b3,dbaf1dee142b5509e1bf9302fb5280656ce6c577224707f82b80f876b57e2ee8,2026-08-21T01:52:36.562263+00:00,2026-08-21T01:52:35.579018+00:00,5y5y-real-forward-compound-v1,0.1.0,PASS,STALE
L1-007,2024-08-02,1.7900088469477993,percent,FRED-derived,DFII5,DFII10,docs/phase2-ingestion/data/macro/raw/fred/DFII5-20260821T015236Z.json,docs/phase2-ingestion/data/macro/raw/fred/DFII10-20260821T015235Z.json,f092dfcc7b003910593614dedb12c59fe399d0a0e1dcc26f4eb423fb3bb7b7b3,dbaf1dee142b5509e1bf9302fb5280656ce6c577224707f82b80f876b57e2ee8,2026-08-21T01:52:36.562263+00:00,2026-08-21T01:52:35.579018+00:00,5y5y-real-forward-compound-v1,0.1.0,PASS,STALE
L1-007,2024-08-05,1.7099999999999893,percent,FRED-derived,DFII5,DFII10,docs/phase2-ingestion/data/macro/raw/fred/DFII5-20260821T015236Z.json,docs/phase2-ingestion/data/macro/raw/fred/DFII10-20260821T015235Z.json,f092dfcc7b003910593614dedb12c59fe399d0a0e1dcc26f4eb423fb3bb7b7b3,dbaf1dee142b5509e1bf9302fb5280656ce6c577224707f82b80f876b57e2ee8,2026-08-21T01:52:36.562263+00:00,2026-08-21T01:52:35.579018+00:00,5y5y-real-forward-compound-v1,0.1.0,PASS,STALE
L1-007,2024-08-06,1.7900009826078422,percent,FRED-derived,DFII5,DFII10,docs/phase2-ingestion/data/macro/raw/fred/DFII5-20260821T015236Z.json,docs/phase2-ingestion/data/macro/raw/fred/DFII10-20260821T015235Z.json,f092dfcc7b003910593614dedb12c59fe399d0a0e1dcc26f4eb423fb3bb7b7b3,dbaf1dee142b5509e1bf9302fb5280656ce6c577224707f82b80f876b57e2ee8,2026-08-21T01:52:36.562263+00:00,2026-08-21T01:52:35.579018+00:00,5y5y-real-forward-compound-v1,0.1.0,PASS,STALE
L1-007,2024-08-07,1.8800088391278669,percent,FRED-derived,DFII5,DFII10,docs/phase2-ingestion/data/macro/raw/fred/DFII5-20260821T015236Z.json,docs/phase2-ingestion/data/macro/raw/fred/DFII10-20260821T015235Z.json,f092dfcc7b003910593614dedb12c59fe399d0a0e1dcc26f4eb423fb3bb7b7b3,dbaf1dee142b5509e1bf9302fb5280656ce6c577224707f82b80f876b57e2ee8,2026-08-21T01:52:36.562263+00:00,2026-08-21T01:52:35.579018+00:00,5y5y-real-forward-compound-v1,0.1.0,PASS,STALE
L1-007,2024-08-08,1.8900039273441305,percent,FRED-derived,DFII5,DFII10,docs/phase2-ingestion/data/macro/raw/fred/DFII5-20260821T015236Z.json,docs/phase2-ingestion/data/macro/raw/fred/DFII10-20260821T015235Z.json,f092dfcc7b003910593614dedb12c59fe399d0a0e1dcc26f4eb423fb3bb7b7b3,dbaf1dee142b5509e1bf9302fb5280656ce6c577224707f82b80f876b57e2ee8,2026-08-21T01:52:36.562263+00:00,2026-08-21T01:52:35.579018+00:00,5y5y-real-forward-compound-v1,0.1.0,PASS,STALE
L1-007,2024-08-09,1.8399999999999972,percent,FRED-derived,DFII5,DFII10,docs/phase2-ingestion/data/macro/raw/fred/DFII5-20260821T015236Z.json,docs/phase2-ingestion/data/macro/raw/fred/DFII10-20260821T015235Z.json,f092dfcc7b003910593614dedb12c59fe399d0a0e1dcc26f4eb423fb3bb7b7b3,dbaf1dee142b5509e1bf9302fb5280656ce6c577224707f82b80f876b57e2ee8,2026-08-21T01:52:36.562263+00:00,2026-08-21T01:52:35.579018+00:00,5y5y-real-forward-compound-v1,0.1.0,PASS,STALE
L1-007,2024-08-12,1.8100039304313587,percent,FRED-derived,DFII5,DFII10,docs/phase2-ingestion/data/macro/raw/fred/DFII5-20260821T015236Z.json,docs/phase2-ingestion/data/macro/raw/fred/DFII10-20260821T015235Z.json,f092dfcc7b003910593614dedb12c59fe399d0a0e1dcc26f4eb423fb3bb7b7b3,dbaf1dee142b5509e1bf9302fb5280656ce6c577224707f82b80f876b57e2ee8,2026-08-21T01:52:36.562263+00:00,2026-08-21T01:52:35.579018+00:00,5y5y-real-forward-compound-v1,0.1.0,PASS,STALE
L1-007,2024-08-13,1.800015729453408,percent,FRED-derived,DFII5,DFII10,docs/phase2-ingestion/data/macro/raw/fred/DFII5-20260821T015236Z.json,docs/phase2-ingestion/data/macro/raw/fred/DFII10-20260821T015235Z.json,f092dfcc7b003910593614dedb12c59fe399d0a0e1dcc26f4eb423fb3bb7b7b3,dbaf1dee142b5509e1bf9302fb5280656ce6c577224707f82b80f876b57e2ee8,2026-08-21T01:52:36.562263+00:00,2026-08-21T01:52:35.579018+00:00,5y5y-real-forward-compound-v1,0.1.0,PASS,STALE
L1-007,2024-08-14,1.800008846078227,percent,FRED-derived,DFII5,DFII10,docs/phase2-ingestion/data/macro/raw/fred/DFII5-20260821T015236Z.json,docs/phase2-ingestion/data/macro/raw/fred/DFII10-20260821T015235Z.json,f092dfcc7b003910593614dedb12c59fe399d0a0e1dcc26f4eb423fb3bb7b7b3,dbaf1dee142b5509e1bf9302fb5280656ce6c577224707f82b80f876b57e2ee8,2026-08-21T01:52:36.562263+00:00,2026-08-21T01:52:35.579018+00:00,5y5y-real-forward-compound-v1,0.1.0,PASS,STALE
L1-007,2024-08-15,1.8000000000000016,percent,FRED-derived,DFII5,DFII10,docs/phase2-ingestion/data/macro/raw/fred/DFII5-20260821T015236Z.json,docs/phase2-ingestion/data/macro/raw/fred/DFII10-20260821T015235Z.json,f092dfcc7b003910593614dedb12c59fe399d0a0e1dcc26f4eb423fb3bb7b7b3,dbaf1dee142b5509e1bf9302fb5280656ce6c577224707f82b80f876b57e2ee8,2026-08-21T01:52:36.562263+00:00,2026-08-21T01:52:35.579018+00:00,5y5y-real-forward-compound-v1,0.1.0,PASS,STALE
L1-007,2024-08-16,1.8200009823182706,percent,FRED-derived,DFII5,DFII10,docs/phase2-ingestion/data/macro/raw/fred/DFII5-20260821T015236Z.json,docs/phase2-ingestion/data/macro/raw/fred/DFII10-20260821T015235Z.json,f092dfcc7b003910593614dedb12c59fe399d0a0e1dcc26f4eb423fb3bb7b7b3,dbaf1dee142b5509e1bf9302fb5280656ce6c577224707f82b80f876b57e2ee8,2026-08-21T01:52:36.562263+00:00,2026-08-21T01:52:35.579018+00:00,5y5y-real-forward-compound-v1,0.1.0,PASS,STALE
L1-007,2024-08-19,1.7700039288871539,percent,FRED-derived,DFII5,DFII10,docs/phase2-ingestion/data/macro/raw/fred/DFII5-20260821T015236Z.json,docs/phase2-ingestion/data/macro/raw/fred/DFII10-20260821T015235Z.json,f092dfcc7b003910593614dedb12c59fe399d0a0e1dcc26f4eb423fb3bb7b7b3,dbaf1dee142b5509e1bf9302fb5280656ce6c577224707f82b80f876b57e2ee8,2026-08-21T01:52:36.562263+00:00,2026-08-21T01:52:35.579018+00:00,5y5y-real-forward-compound-v1,0.1.0,PASS,STALE
L1-007,2024-08-20,1.750000000000007,percent,FRED-derived,DFII5,DFII10,docs/phase2-ingestion/data/macro/raw/fred/DFII5-20260821T015236Z.json,docs/phase2-ingestion/data/macro/raw/fred/DFII10-20260821T015235Z.json,f092dfcc7b003910593614dedb12c59fe399d0a0e1dcc26f4eb423fb3bb7b7b3,dbaf1dee142b5509e1bf9302fb5280656ce6c577224707f82b80f876b57e2ee8,2026-08-21T01:52:36.562263+00:00,2026-08-21T01:52:35.579018+00:00,5y5y-real-forward-compound-v1,0.1.0,PASS,STALE
L1-007,2024-08-21,1.7400039331367134,percent,FRED-derived,DFII5,DFII10,docs/phase2-ingestion/data/macro/raw/fred/DFII5-20260821T015236Z.json,docs/phase2-ingestion/data/macro/raw/fred/DFII10-20260821T015235Z.json,f092dfcc7b003910593614dedb12c59fe399d0a0e1dcc26f4eb423fb3bb7b7b3,dbaf1dee142b5509e1bf9302fb5280656ce6c577224707f82b80f876b57e2ee8,2026-08-21T01:52:36.562263+00:00,2026-08-21T01:52:35.579018+00:00,5y5y-real-forward-compound-v1,0.1.0,PASS,STALE
L1-007,2024-08-22,1.760000000000006,percent,FRED-derived,DFII5,DFII10,docs/phase2-ingestion/data/macro/raw/fred/DFII5-20260821T015236Z.json,docs/phase2-ingestion/data/macro/raw/fred/DFII10-20260821T015235Z.json,f092dfcc7b003910593614dedb12c59fe399d0a0e1dcc26f4eb423fb3bb7b7b3,dbaf1dee142b5509e1bf9302fb5280656ce6c577224707f82b80f876b57e2ee8,2026-08-21T01:52:36.562263+00:00,2026-08-21T01:52:35.579018+00:00,5y5y-real-forward-compound-v1,0.1.0,PASS,STALE
L1-007,2024-08-23,1.7200157418339135,percent,FRED-derived,DFII5,DFII10,docs/phase2-ingestion/data/macro/raw/fred/DFII5-20260821T015236Z.json,docs/phase2-ingestion/data/macro/raw/fred/DFII10-20260821T015235Z.json,f092dfcc7b003910593614dedb12c59fe399d0a0e1dcc26f4eb423fb3bb7b7b3,dbaf1dee142b5509e1bf9302fb5280656ce6c577224707f82b80f876b57e2ee8,2026-08-21T01:52:36.562263+00:00,2026-08-21T01:52:35.579018+00:00,5y5y-real-forward-compound-v1,0.1.0,PASS,STALE
L1-007,2024-08-26,1.700008854781565,percent,FRED-derived,DFII5,DFII10,docs/phase2-ingestion/data/macro/raw/fred/DFII5-20260821T015236Z.json,docs/phase2-ingestion/data/macro/raw/fred/DFII10-20260821T015235Z.json,f092dfcc7b003910593614dedb12c59fe399d0a0e1dcc26f4eb423fb3bb7b7b3,dbaf1dee142b5509e1bf9302fb5280656ce6c577224707f82b80f876b57e2ee8,2026-08-21T01:52:36.562263+00:00,2026-08-21T01:52:35.579018+00:00,5y5y-real-forward-compound-v1,0.1.0,PASS,STALE
L1-007,2024-08-27,1.7200157418339135,percent,FRED-derived,DFII5,DFII10,docs/phase2-ingestion/data/macro/raw/fred/DFII5-20260821T015236Z.json,docs/phase2-ingestion/data/macro/raw/fred/DFII10-20260821T015235Z.json,f092dfcc7b003910593614dedb12c59fe399d0a0e1dcc26f4eb423fb3bb7b7b3,dbaf1dee142b5509e1bf9302fb5280656ce6c577224707f82b80f876b57e2ee8,2026-08-21T01:52:36.562263+00:00,2026-08-21T01:52:35.579018+00:00,5y5y-real-forward-compound-v1,0.1.0,PASS,STALE
L1-007,2024-08-28,1.740024596615486,percent,FRED-derived,DFII5,DFII10,docs/phase2-ingestion/data/macro/raw/fred/DFII5-20260821T015236Z.json,docs/phase2-ingestion/data/macro/raw/fred/DFII10-20260821T015235Z.json,f092dfcc7b003910593614dedb12c59fe399d0a0e1dcc26f4eb423fb3bb7b7b3,dbaf1dee142b5509e1bf9302fb5280656ce6c577224707f82b80f876b57e2ee8,2026-08-21T01:52:36.562263+00:00,2026-08-21T01:52:35.579018+00:00,5y5y-real-forward-compound-v1,0.1.0,PASS,STALE
L1-007,2024-08-29,1.7700354156418907,percent,FRED-derived,DFII5,DFII10,docs/phase2-ingestion/data/macro/raw/fred/DFII5-20260821T015236Z.json,docs/phase2-ingestion/data/macro/raw/fred/DFII10-20260821T015235Z.json,f092dfcc7b003910593614dedb12c59fe399d0a0e1dcc26f4eb423fb3bb7b7b3,dbaf1dee142b5509e1bf9302fb5280656ce6c577224707f82b80f876b57e2ee8,2026-08-21T01:52:36.562263+00:00,2026-08-21T01:52:35.579018+00:00,5y5y-real-forward-compound-v1,0.1.0,PASS,STALE
L1-007,2024-08-30,1.820035398230102,percent,FRED-derived,DFII5,DFII10,docs/phase2-ingestion/data/macro/raw/fred/DFII5-20260821T015236Z.json,docs/phase2-ingestion/data/macro/raw/fred/DFII10-20260821T015235Z.json,f092dfcc7b003910593614dedb12c59fe399d0a0e1dcc26f4eb423fb3bb7b7b3,dbaf1dee142b5509e1bf9302fb5280656ce6c577224707f82b80f876b57e2ee8,2026-08-21T01:52:36.562263+00:00,2026-08-21T01:52:35.579018+00:00,5y5y-real-forward-compound-v1,0.1.0,PASS,STALE
L1-007,2024-09-03,1.7600088495575594,percent,FRED-derived,DFII5,DFII10,docs/phase2-ingestion/data/macro/raw/fred/DFII5-20260821T015236Z.json,docs/phase2-ingestion/data/macro/raw/fred/DFII10-20260821T015235Z.json,f092dfcc7b003910593614dedb12c59fe399d0a0e1dcc26f4eb423fb3bb7b7b3,dbaf1dee142b5509e1bf9302fb5280656ce6c577224707f82b80f876b57e2ee8,2026-08-21T01:52:36.562263+00:00,2026-08-21T01:52:35.579018+00:00,5y5y-real-forward-compound-v1,0.1.0,PASS,STALE
L1-007,2024-09-04,1.7400157387369442,percent,FRED-derived,DFII5,DFII10,docs/phase2-ingestion/data/macro/raw/fred/DFII5-20260821T015236Z.json,docs/phase2-ingestion/data/macro/raw/fred/DFII10-20260821T015235Z.json,f092dfcc7b003910593614dedb12c59fe399d0a0e1dcc26f4eb423fb3bb7b7b3,dbaf1dee142b5509e1bf9302fb5280656ce6c577224707f82b80f876b57e2ee8,2026-08-21T01:52:36.562263+00:00,2026-08-21T01:52:35.579018+00:00,5y5y-real-forward-compound-v1,0.1.0,PASS,STALE
L1-007,2024-09-05,1.7300088521687629,percent,FRED-derived,DFII5,DFII10,docs/phase2-ingestion/data/macro/raw/fred/DFII5-20260821T015236Z.json,docs/phase2-ingestion/data/macro/raw/fred/DFII10-20260821T015235Z.json,f092dfcc7b003910593614dedb12c59fe399d0a0e1dcc26f4eb423fb3bb7b7b3,dbaf1dee142b5509e1bf9302fb5280656ce6c577224707f82b80f876b57e2ee8,2026-08-21T01:52:36.562263+00:00,2026-08-21T01:52:35.579018+00:00,5y5y-real-forward-compound-v1,0.1.0,PASS,STALE
L1-007,2024-09-06,1.740024596615486,percent,FRED-derived,DFII5,DFII10,docs/phase2-ingestion/data/macro/raw/fred/DFII5-20260821T015236Z.json,docs/phase2-ingestion/data/macro/raw/fred/DFII10-20260821T015235Z.json,f092dfcc7b003910593614dedb12c59fe399d0a0e1dcc26f4eb423fb3bb7b7b3,dbaf1dee142b5509e1bf9302fb5280656ce6c577224707f82b80f876b57e2ee8,2026-08-21T01:52:36.562263+00:00,2026-08-21T01:52:35.579018+00:00,5y5y-real-forward-compound-v1,0.1.0,PASS,STALE
L1-007,2024-09-09,1.710024603877569,percent,FRED-derived,DFII5,DFII10,docs/phase2-ingestion/data/macro/raw/fred/DFII5-20260821T015236Z.json,docs/phase2-ingestion/data/macro/raw/fred/DFII10-20260821T015235Z.json,f092dfcc7b003910593614dedb12c59fe399d0a0e1dcc26f4eb423fb3bb7b7b3,dbaf1dee142b5509e1bf9302fb5280656ce6c577224707f82b80f876b57e2ee8,2026-08-21T01:52:36.562263+00:00,2026-08-21T01:52:35.579018+00:00,5y5y-real-forward-compound-v1,0.1.0,PASS,STALE
L1-007,2024-09-10,1.690035443536475,percent,FRED-derived,DFII5,DFII10,docs/phase2-ingestion/data/macro/raw/fred/DFII5-20260821T015236Z.json,docs/phase2-ingestion/data/macro/raw/fred/DFII10-20260821T015235Z.json,f092dfcc7b003910593614dedb12c59fe399d0a0e1dcc26f4eb423fb3bb7b7b3,dbaf1dee142b5509e1bf9302fb5280656ce6c577224707f82b80f876b57e2ee8,2026-08-21T01:52:36.562263+00:00,2026-08-21T01:52:35.579018+00:00,5y5y-real-forward-compound-v1,0.1.0,PASS,STALE
L1-007,2024-09-11,1.6700354505169823,percent,FRED-derived,DFII5,DFII10,docs/phase2-ingestion/data/macro/raw/fred/DFII5-20260821T015236Z.json,docs/phase2-ingestion/data/macro/raw/fred/DFII10-20260821T015235Z.json,f092dfcc7b003910593614dedb12c59fe399d0a0e1dcc26f4eb423fb3bb7b7b3,dbaf1dee142b5509e1bf9302fb5280656ce6c577224707f82b80f876b57e2ee8,2026-08-21T01:52:36.562263+00:00,2026-08-21T01:52:35.579018+00:00,5y5y-real-forward-compound-v1,0.1.0,PASS,STALE
L1-007,2024-09-12,1.7200797715186011,percent,FRED-derived,DFII5,DFII10,docs/phase2-ingestion/data/macro/raw/fred/DFII5-20260821T015236Z.json,docs/phase2-ingestion/data/macro/raw/fred/DFII10-20260821T015235Z.json,f092dfcc7b003910593614dedb12c59fe399d0a0e1dcc26f4eb423fb3bb7b7b3,dbaf1dee142b5509e1bf9302fb5280656ce6c577224707f82b80f876b57e2ee8,2026-08-21T01:52:36.562263+00:00,2026-08-21T01:52:35.579018+00:00,5y5y-real-forward-compound-v1,0.1.0,PASS,STALE
L1-007,2024-09-13,1.6800985415845737,percent,FRED-derived,DFII5,DFII10,docs/phase2-ingestion/data/macro/raw/fred/DFII5-20260821T015236Z.json,docs/phase2-ingestion/data/macro/raw/fred/DFII10-20260821T015235Z.json,f092dfcc7b003910593614dedb12c59fe399d0a0e1dcc26f4eb423fb3bb7b7b3,dbaf1dee142b5509e1bf9302fb5280656ce6c577224707f82b80f876b57e2ee8,2026-08-21T01:52:36.562263+00:00,2026-08-21T01:52:35.579018+00:00,5y5y-real-forward-compound-v1,0.1.0,PASS,STALE
L1-007,2024-09-16,1.6100482901350466,percent,FRED-derived,DFII5,DFII10,docs/phase2-ingestion/data/macro/raw/fred/DFII5-20260821T015236Z.json,docs/phase2-ingestion/data/macro/raw/fred/DFII10-20260821T015235Z.json,f092dfcc7b003910593614dedb12c59fe399d0a0e1dcc26f4eb423fb3bb7b7b3,dbaf1dee142b5509e1bf9302fb5280656ce6c577224707f82b80f876b57e2ee8,2026-08-21T01:52:36.562263+00:00,2026-08-21T01:52:35.579018+00:00,5y5y-real-forward-compound-v1,0.1.0,PASS,STALE
L1-007,2024-09-17,1.5900354784665671,percent,FRED-derived,DFII5,DFII10,docs/phase2-ingestion/data/macro/raw/fred/DFII5-20260821T015236Z.json,docs/phase2-ingestion/data/macro/raw/fred/DFII10-20260821T015235Z.json,f092dfcc7b003910593614dedb12c59fe399d0a0e1dcc26f4eb423fb3bb7b7b3,dbaf1dee142b5509e1bf9302fb5280656ce6c577224707f82b80f876b57e2ee8,2026-08-21T01:52:36.562263+00:00,2026-08-21T01:52:35.579018+00:00,5y5y-real-forward-compound-v1,0.1.0,PASS,STALE
L1-007,2024-09-18,1.6700798108188142,percent,FRED-derived,DFII5,DFII10,docs/phase2-ingestion/data/macro/raw/fred/DFII5-20260821T015236Z.json,docs/phase2-ingestion/data/macro/raw/fred/DFII10-20260821T015235Z.json,f092dfcc7b003910593614dedb12c59fe399d0a0e1dcc26f4eb423fb3bb7b7b3,dbaf1dee142b5509e1bf9302fb5280656ce6c577224707f82b80f876b57e2ee8,2026-08-21T01:52:36.562263+00:00,2026-08-21T01:52:35.579018+00:00,5y5y-real-forward-compound-v1,0.1.0,PASS,STALE
L1-007,2024-09-19,1.6701192705766532,percent,FRED-derived,DFII5,DFII10,docs/phase2-ingestion/data/macro/raw/fred/DFII5-20260821T015236Z.json,docs/phase2-ingestion/data/macro/raw/fred/DFII10-20260821T015235Z.json,f092dfcc7b003910593614dedb12c59fe399d0a0e1dcc26f4eb423fb3bb7b7b3,dbaf1dee142b5509e1bf9302fb5280656ce6c577224707f82b80f876b57e2ee8,2026-08-21T01:52:36.562263+00:00,2026-08-21T01:52:35.579018+00:00,5y5y-real-forward-compound-v1,0.1.0,PASS,STALE
L1-007,2024-09-20,1.7001419278533492,percent,FRED-derived,DFII5,DFII10,docs/phase2-ingestion/data/macro/raw/fred/DFII5-20260821T015236Z.json,docs/phase2-ingestion/data/macro/raw/fred/DFII10-20260821T015235Z.json,f092dfcc7b003910593614dedb12c59fe399d0a0e1dcc26f4eb423fb3bb7b7b3,dbaf1dee142b5509e1bf9302fb5280656ce6c577224707f82b80f876b57e2ee8,2026-08-21T01:52:36.562263+00:00,2026-08-21T01:52:35.579018+00:00,5y5y-real-forward-compound-v1,0.1.0,PASS,STALE
L1-007,2024-09-23,1.6901192470681226,percent,FRED-derived,DFII5,DFII10,docs/phase2-ingestion/data/macro/raw/fred/DFII5-20260821T015236Z.json,docs/phase2-ingestion/data/macro/raw/fred/DFII10-20260821T015235Z.json,f092dfcc7b003910593614dedb12c59fe399d0a0e1dcc26f4eb423fb3bb7b7b3,dbaf1dee142b5509e1bf9302fb5280656ce6c577224707f82b80f876b57e2ee8,2026-08-21T01:52:36.562263+00:00,2026-08-21T01:52:35.579018+00:00,5y5y-real-forward-compound-v1,0.1.0,PASS,STALE
L1-007,2024-09-24,1.6901932748249804,percent,FRED-derived,DFII5,DFII10,docs/phase2-ingestion/data/macro/raw/fred/DFII5-20260821T015236Z.json,docs/phase2-ingestion/data/macro/raw/fred/DFII10-20260821T015235Z.json,f092dfcc7b003910593614dedb12c59fe399d0a0e1dcc26f4eb423fb3bb7b7b3,dbaf1dee142b5509e1bf9302fb5280656ce6c577224707f82b80f876b57e2ee8,2026-08-21T01:52:36.562263+00:00,2026-08-21T01:52:35.579018+00:00,5y5y-real-forward-compound-v1,0.1.0,PASS,STALE
L1-007,2024-09-25,1.7602217622708416,percent,FRED-derived,DFII5,DFII10,docs/phase2-ingestion/data/macro/raw/fred/DFII5-20260821T015236Z.json,docs/phase2-ingestion/data/macro/raw/fred/DFII10-20260821T015235Z.json,f092dfcc7b003910593614dedb12c59fe399d0a0e1dcc26f4eb423fb3bb7b7b3,dbaf1dee142b5509e1bf9302fb5280656ce6c577224707f82b80f876b57e2ee8,2026-08-21T01:52:36.562263+00:00,2026-08-21T01:52:35.579018+00:00,5y5y-real-forward-compound-v1,0.1.0,PASS,STALE
L1-007,2024-09-26,1.7401191883372524,percent,FRED-derived,DFII5,DFII10,docs/phase2-ingestion/data/macro/raw/fred/DFII5-20260821T015236Z.json,docs/phase2-ingestion/data/macro/raw/fred/DFII10-20260821T015235Z.json,f092dfcc7b003910593614dedb12c59fe399d0a0e1dcc26f4eb423fb3bb7b7b3,dbaf1dee142b5509e1bf9302fb5280656ce6c577224707f82b80f876b57e2ee8,2026-08-21T01:52:36.562263+00:00,2026-08-21T01:52:35.579018+00:00,5y5y-real-forward-compound-v1,0.1.0,PASS,STALE
L1-007,2024-09-27,1.7301665516901599,percent,FRED-derived,DFII5,DFII10,docs/phase2-ingestion/data/macro/raw/fred/DFII5-20260821T015236Z.json,docs/phase2-ingestion/data/macro/raw/fred/DFII10-20260821T015235Z.json,f092dfcc7b003910593614dedb12c59fe399d0a0e1dcc26f4eb423fb3bb7b7b3,dbaf1dee142b5509e1bf9302fb5280656ce6c577224707f82b80f876b57e2ee8,2026-08-21T01:52:36.562263+00:00,2026-08-21T01:52:35.579018+00:00,5y5y-real-forward-compound-v1,0.1.0,PASS,STALE
L1-007,2024-09-30,1.7501418579450423,percent,FRED-derived,DFII5,DFII10,docs/phase2-ingestion/data/macro/raw/fred/DFII5-20260821T015236Z.json,docs/phase2-ingestion/data/macro/raw/fred/DFII10-20260821T015235Z.json,f092dfcc7b003910593614dedb12c59fe399d0a0e1dcc26f4eb423fb3bb7b7b3,dbaf1dee142b5509e1bf9302fb5280656ce6c577224707f82b80f876b57e2ee8,2026-08-21T01:52:36.562263+00:00,2026-08-21T01:52:35.579018+00:00,5y5y-real-forward-compound-v1,0.1.0,PASS,STALE
L1-007,2024-10-01,1.6601192823344046,percent,FRED-derived,DFII5,DFII10,docs/phase2-ingestion/data/macro/raw/fred/DFII5-20260821T015236Z.json,docs/phase2-ingestion/data/macro/raw/fred/DFII10-20260821T015235Z.json,f092dfcc7b003910593614dedb12c59fe399d0a0e1dcc26f4eb423fb3bb7b7b3,dbaf1dee142b5509e1bf9302fb5280656ce6c577224707f82b80f876b57e2ee8,2026-08-21T01:52:36.562263+00:00,2026-08-21T01:52:35.579018+00:00,5y5y-real-forward-compound-v1,0.1.0,PASS,STALE
L1-007,2024-10-02,1.7101665845244085,percent,FRED-derived,DFII5,DFII10,docs/phase2-ingestion/data/macro/raw/fred/DFII5-20260821T015236Z.json,docs/phase2-ingestion/data/macro/raw/fred/DFII10-20260821T015235Z.json,f092dfcc7b003910593614dedb12c59fe399d0a0e1dcc26f4eb423fb3bb7b7b3,dbaf1dee142b5509e1bf9302fb5280656ce6c577224707f82b80f876b57e2ee8,2026-08-21T01:52:36.562263+00:00,2026-08-21T01:52:35.579018+00:00,5y5y-real-forward-compound-v1,0.1.0,PASS,STALE
L1-007,2024-10-03,1.7701664860604982,percent,FRED-derived,DFII5,DFII10,docs/phase2-ingestion/data/macro/raw/fred/DFII5-20260821T015236Z.json,docs/phase2-ingestion/data/macro/raw/fred/DFII10-20260821T015235Z.json,f092dfcc7b003910593614dedb12c59fe399d0a0e1dcc26f4eb423fb3bb7b7b3,dbaf1dee142b5509e1bf9302fb5280656ce6c577224707f82b80f876b57e2ee8,2026-08-21T01:52:36.562263+00:00,2026-08-21T01:52:35.579018+00:00,5y5y-real-forward-compound-v1,0.1.0,PASS,STALE
L1-007,2024-10-04,1.8300629487558062,percent,FRED-derived,DFII5,DFII10,docs/phase2-ingestion/data/macro/raw/fred/DFII5-20260821T015236Z.json,docs/phase2-ingestion/data/macro/raw/fred/DFII10-20260821T015235Z.json,f092dfcc7b003910593614dedb12c59fe399d0a0e1dcc26f4eb423fb3bb7b7b3,dbaf1dee142b5509e1bf9302fb5280656ce6c577224707f82b80f876b57e2ee8,2026-08-21T01:52:36.562263+00:00,2026-08-21T01:52:35.579018+00:00,5y5y-real-forward-compound-v1,0.1.0,PASS,STALE
L1-007,2024-10-07,1.8300481856623252,percent,FRED-derived,DFII5,DFII10,docs/phase2-ingestion/data/macro/raw/fred/DFII5-20260821T015236Z.json,docs/phase2-ingestion/data/macro/raw/fred/DFII10-20260821T015235Z.json,f092dfcc7b003910593614dedb12c59fe399d0a0e1dcc26f4eb423fb3bb7b7b3,dbaf1dee142b5509e1bf9302fb5280656ce6c577224707f82b80f876b57e2ee8,2026-08-21T01:52:36.562263+00:00,2026-08-21T01:52:35.579018+00:00,5y5y-real-forward-compound-v1,0.1.0,PASS,STALE
L1-007,2024-10-08,1.8500629363752852,percent,FRED-derived,DFII5,DFII10,docs/phase2-ingestion/data/macro/raw/fred/DFII5-20260821T015236Z.json,docs/phase2-ingestion/data/macro/raw/fred/DFII10-20260821T015235Z.json,f092dfcc7b003910593614dedb12c59fe399d0a0e1dcc26f4eb423fb3bb7b7b3,dbaf1dee142b5509e1bf9302fb5280656ce6c577224707f82b80f876b57e2ee8,2026-08-21T01:52:36.562263+00:00,2026-08-21T01:52:35.579018+00:00,5y5y-real-forward-compound-v1,0.1.0,PASS,STALE
L1-007,2024-10-09,1.840048180924314,percent,FRED-derived,DFII5,DFII10,docs/phase2-ingestion/data/macro/raw/fred/DFII5-20260821T015236Z.json,docs/phase2-ingestion/data/macro/raw/fred/DFII10-20260821T015235Z.json,f092dfcc7b003910593614dedb12c59fe399d0a0e1dcc26f4eb423fb3bb7b7b3,dbaf1dee142b5509e1bf9302fb5280656ce6c577224707f82b80f876b57e2ee8,2026-08-21T01:52:36.562263+00:00,2026-08-21T01:52:35.579018+00:00,5y5y-real-forward-compound-v1,0.1.0,PASS,STALE
L1-007,2024-10-10,1.870119035907547,percent,FRED-derived,DFII5,DFII10,docs/phase2-ingestion/data/macro/raw/fred/DFII5-20260821T015236Z.json,docs/phase2-ingestion/data/macro/raw/fred/DFII10-20260821T015235Z.json,f092dfcc7b003910593614dedb12c59fe399d0a0e1dcc26f4eb423fb3bb7b7b3,dbaf1dee142b5509e1bf9302fb5280656ce6c577224707f82b80f876b57e2ee8,2026-08-21T01:52:36.562263+00:00,2026-08-21T01:52:35.579018+00:00,5y5y-real-forward-compound-v1,0.1.0,PASS,STALE
L1-007,2024-10-11,1.870141690445748,percent,FRED-derived,DFII5,DFII10,docs/phase2-ingestion/data/macro/raw/fred/DFII5-20260821T015236Z.json,docs/phase2-ingestion/data/macro/raw/fred/DFII10-20260821T015235Z.json,f092dfcc7b003910593614dedb12c59fe399d0a0e1dcc26f4eb423fb3bb7b7b3,dbaf1dee142b5509e1bf9302fb5280656ce6c577224707f82b80f876b57e2ee8,2026-08-21T01:52:36.562263+00:00,2026-08-21T01:52:35.579018+00:00,5y5y-real-forward-compound-v1,0.1.0,PASS,STALE
L1-007,2024-10-15,1.8601190476190688,percent,FRED-derived,DFII5,DFII10,docs/phase2-ingestion/data/macro/raw/fred/DFII5-20260821T015236Z.json,docs/phase2-ingestion/data/macro/raw/fred/DFII10-20260821T015235Z.json,f092dfcc7b003910593614dedb12c59fe399d0a0e1dcc26f4eb423fb3bb7b7b3,dbaf1dee142b5509e1bf9302fb5280656ce6c577224707f82b80f876b57e2ee8,2026-08-21T01:52:36.562263+00:00,2026-08-21T01:52:35.579018+00:00,5y5y-real-forward-compound-v1,0.1.0,PASS,STALE
L1-007,2024-10-16,1.8500983767830936,percent,FRED-derived,DFII5,DFII10,docs/phase2-ingestion/data/macro/raw/fred/DFII5-20260821T015236Z.json,docs/phase2-ingestion/data/macro/raw/fred/DFII10-20260821T015235Z.json,f092dfcc7b003910593614dedb12c59fe399d0a0e1dcc26f4eb423fb3bb7b7b3,dbaf1dee142b5509e1bf9302fb5280656ce6c577224707f82b80f876b57e2ee8,2026-08-21T01:52:36.562263+00:00,2026-08-21T01:52:35.579018+00:00,5y5y-real-forward-compound-v1,0.1.0,PASS,STALE
L1-007,2024-10-17,1.900119000786793,percent,FRED-derived,DFII5,DFII10,docs/phase2-ingestion/data/macro/raw/fred/DFII5-20260821T015236Z.json,docs/phase2-ingestion/data/macro/raw/fred/DFII10-20260821T015235Z.json,f092dfcc7b003910593614dedb12c59fe399d0a0e1dcc26f4eb423fb3bb7b7b3,dbaf1dee142b5509e1bf9302fb5280656ce6c577224707f82b80f876b57e2ee8,2026-08-21T01:52:36.562263+00:00,2026-08-21T01:52:35.579018+00:00,5y5y-real-forward-compound-v1,0.1.0,PASS,STALE
L1-007,2024-10-18,1.890141662567646,percent,FRED-derived,DFII5,DFII10,docs/phase2-ingestion/data/macro/raw/fred/DFII5-20260821T015236Z.json,docs/phase2-ingestion/data/macro/raw/fred/DFII10-20260821T015235Z.json,f092dfcc7b003910593614dedb12c59fe399d0a0e1dcc26f4eb423fb3bb7b7b3,dbaf1dee142b5509e1bf9302fb5280656ce6c577224707f82b80f876b57e2ee8,2026-08-21T01:52:36.562263+00:00,2026-08-21T01:52:35.579018+00:00,5y5y-real-forward-compound-v1,0.1.0,PASS,STALE
L1-007,2024-10-21,2.0101660933660837,percent,FRED-derived,DFII5,DFII10,docs/phase2-ingestion/data/macro/raw/fred/DFII5-20260821T015236Z.json,docs/phase2-ingestion/data/macro/raw/fred/DFII10-20260821T015235Z.json,f092dfcc7b003910593614dedb12c59fe399d0a0e1dcc26f4eb423fb3bb7b7b3,dbaf1dee142b5509e1bf9302fb5280656ce6c577224707f82b80f876b57e2ee8,2026-08-21T01:52:36.562263+00:00,2026-08-21T01:52:35.579018+00:00,5y5y-real-forward-compound-v1,0.1.0,PASS,STALE
L1-007,2024-10-22,1.9901415233415154,percent,FRED-derived,DFII5,DFII10,docs/phase2-ingestion/data/macro/raw/fred/DFII5-20260821T015236Z.json,docs/phase2-ingestion/data/macro/raw/fred/DFII10-20260821T015235Z.json,f092dfcc7b003910593614dedb12c59fe399d0a0e1dcc26f4eb423fb3bb7b7b3,dbaf1dee142b5509e1bf9302fb5280656ce6c577224707f82b80f876b57e2ee8,2026-08-21T01:52:36.562263+00:00,2026-08-21T01:52:35.579018+00:00,5y5y-real-forward-compound-v1,0.1.0,PASS,STALE
L1-007,2024-10-23,2.0401188371636403,percent,FRED-derived,DFII5,DFII10,docs/phase2-ingestion/data/macro/raw/fred/DFII5-20260821T015236Z.json,docs/phase2-ingestion/data/macro/raw/fred/DFII10-20260821T015235Z.json,f092dfcc7b003910593614dedb12c59fe399d0a0e1dcc26f4eb423fb3bb7b7b3,dbaf1dee142b5509e1bf9302fb5280656ce6c577224707f82b80f876b57e2ee8,2026-08-21T01:52:36.562263+00:00,2026-08-21T01:52:35.579018+00:00,5y5y-real-forward-compound-v1,0.1.0,PASS,STALE
L1-007,2024-10-24,2.1204336283185743,percent,FRED-derived,DFII5,DFII10,docs/phase2-ingestion/data/macro/raw/fred/DFII5-20260821T015236Z.json,docs/phase2-ingestion/data/macro/raw/fred/DFII10-20260821T015235Z.json,f092dfcc7b003910593614dedb12c59fe399d0a0e1dcc26f4eb423fb3bb7b7b3,dbaf1dee142b5509e1bf9302fb5280656ce6c577224707f82b80f876b57e2ee8,2026-08-21T01:52:36.562263+00:00,2026-08-21T01:52:35.579018+00:00,5y5y-real-forward-compound-v1,0.1.0,PASS,STALE
L1-007,2024-10-25,2.1704334152334193,percent,FRED-derived,DFII5,DFII10,docs/phase2-ingestion/data/macro/raw/fred/DFII5-20260821T015236Z.json,docs/phase2-ingestion/data/macro/raw/fred/DFII10-20260821T015235Z.json,f092dfcc7b003910593614dedb12c59fe399d0a0e1dcc26f4eb423fb3bb7b7b3,dbaf1dee142b5509e1bf9302fb5280656ce6c577224707f82b80f876b57e2ee8,2026-08-21T01:52:36.562263+00:00,2026-08-21T01:52:35.579018+00:00,5y5y-real-forward-compound-v1,0.1.0,PASS,STALE
L1-007,2024-10-28,2.1803546168958743,percent,FRED-derived,DFII5,DFII10,docs/phase2-ingestion/data/macro/raw/fred/DFII5-20260821T015236Z.json,docs/phase2-ingestion/data/macro/raw/fred/DFII10-20260821T015235Z.json,f092dfcc7b003910593614dedb12c59fe399d0a0e1dcc26f4eb423fb3bb7b7b3,dbaf1dee142b5509e1bf9302fb5280656ce6c577224707f82b80f876b57e2ee8,2026-08-21T01:52:36.562263+00:00,2026-08-21T01:52:35.579018+00:00,5y5y-real-forward-compound-v1,0.1.0,PASS,STALE
L1-007,2024-10-29,2.180393004519554,percent,FRED-derived,DFII5,DFII10,docs/phase2-ingestion/data/macro/raw/fred/DFII5-20260821T015236Z.json,docs/phase2-ingestion/data/macro/raw/fred/DFII10-20260821T015235Z.json,f092dfcc7b003910593614dedb12c59fe399d0a0e1dcc26f4eb423fb3bb7b7b3,dbaf1dee142b5509e1bf9302fb5280656ce6c577224707f82b80f876b57e2ee8,2026-08-21T01:52:36.562263+00:00,2026-08-21T01:52:35.579018+00:00,5y5y-real-forward-compound-v1,0.1.0,PASS,STALE
L1-007,2024-10-30,2.1303183649405533,percent,FRED-derived,DFII5,DFII10,docs/phase2-ingestion/data/macro/raw/fred/DFII5-20260821T015236Z.json,docs/phase2-ingestion/data/macro/raw/fred/DFII10-20260821T015235Z.json,f092dfcc7b003910593614dedb12c59fe399d0a0e1dcc26f4eb423fb3bb7b7b3,dbaf1dee142b5509e1bf9302fb5280656ce6c577224707f82b80f876b57e2ee8,2026-08-21T01:52:36.562263+00:00,2026-08-21T01:52:35.579018+00:00,5y5y-real-forward-compound-v1,0.1.0,PASS,STALE
L1-007,2024-10-31,2.1303183649405533,percent,FRED-derived,DFII5,DFII10,docs/phase2-ingestion/data/macro/raw/fred/DFII5-20260821T015236Z.json,docs/phase2-ingestion/data/macro/raw/fred/DFII10-20260821T015235Z.json,f092dfcc7b003910593614dedb12c59fe399d0a0e1dcc26f4eb423fb3bb7b7b3,dbaf1dee142b5509e1bf9302fb5280656ce6c577224707f82b80f876b57e2ee8,2026-08-21T01:52:36.562263+00:00,2026-08-21T01:52:35.579018+00:00,5y5y-real-forward-compound-v1,0.1.0,PASS,STALE
L1-007,2024-11-01,2.230354442808058,percent,FRED-derived,DFII5,DFII10,docs/phase2-ingestion/data/macro/raw/fred/DFII5-20260821T015236Z.json,docs/phase2-ingestion/data/macro/raw/fred/DFII10-20260821T015235Z.json,f092dfcc7b003910593614dedb12c59fe399d0a0e1dcc26f4eb423fb3bb7b7b3,dbaf1dee142b5509e1bf9302fb5280656ce6c577224707f82b80f876b57e2ee8,2026-08-21T01:52:36.562263+00:00,2026-08-21T01:52:35.579018+00:00,5y5y-real-forward-compound-v1,0.1.0,PASS,STALE
L1-007,2024-11-04,2.2103181148748208,percent,FRED-derived,DFII5,DFII10,docs/phase2-ingestion/data/macro/raw/fred/DFII5-20260821T015236Z.json,docs/phase2-ingestion/data/macro/raw/fred/DFII10-20260821T015235Z.json,f092dfcc7b003910593614dedb12c59fe399d0a0e1dcc26f4eb423fb3bb7b7b3,dbaf1dee142b5509e1bf9302fb5280656ce6c577224707f82b80f876b57e2ee8,2026-08-21T01:52:36.562263+00:00,2026-08-21T01:52:35.579018+00:00,5y5y-real-forward-compound-v1,0.1.0,PASS,STALE
L1-007,2024-11-05,2.140220934799708,percent,FRED-derived,DFII5,DFII10,docs/phase2-ingestion/data/macro/raw/fred/DFII5-20260821T015236Z.json,docs/phase2-ingestion/data/macro/raw/fred/DFII10-20260821T015235Z.json,f092dfcc7b003910593614dedb12c59fe399d0a0e1dcc26f4eb423fb3bb7b7b3,dbaf1dee142b5509e1bf9302fb5280656ce6c577224707f82b80f876b57e2ee8,2026-08-21T01:52:36.562263+00:00,2026-08-21T01:52:35.579018+00:00,5y5y-real-forward-compound-v1,0.1.0,PASS,STALE
L1-007,2024-11-06,2.270519595324627,percent,FRED-derived,DFII5,DFII10,docs/phase2-ingestion/data/macro/raw/fred/DFII5-20260821T015236Z.json,docs/phase2-ingestion/data/macro/raw/fred/DFII10-20260821T015235Z.json,f092dfcc7b003910593614dedb12c59fe399d0a0e1dcc26f4eb423fb3bb7b7b3,dbaf1dee142b5509e1bf9302fb5280656ce6c577224707f82b80f876b57e2ee8,2026-08-21T01:52:36.562263+00:00,2026-08-21T01:52:35.579018+00:00,5y5y-real-forward-compound-v1,0.1.0,PASS,STALE
L1-007,2024-11-07,2.1904333300579726,percent,FRED-derived,DFII5,DFII10,docs/phase2-ingestion/data/macro/raw/fred/DFII5-20260821T015236Z.json,docs/phase2-ingestion/data/macro/raw/fred/DFII10-20260821T015235Z.json,f092dfcc7b003910593614dedb12c59fe399d0a0e1dcc26f4eb423fb3bb7b7b3,dbaf1dee142b5509e1bf9302fb5280656ce6c577224707f82b80f876b57e2ee8,2026-08-21T01:52:36.562263+00:00,2026-08-21T01:52:35.579018+00:00,5y5y-real-forward-compound-v1,0.1.0,PASS,STALE
L1-007,2024-11-08,2.1303183649405533,percent,FRED-derived,DFII5,DFII10,docs/phase2-ingestion/data/macro/raw/fred/DFII5-20260821T015236Z.json,docs/phase2-ingestion/data/macro/raw/fred/DFII10-20260821T015235Z.json,f092dfcc7b003910593614dedb12c59fe399d0a0e1dcc26f4eb423fb3bb7b7b3,dbaf1dee142b5509e1bf9302fb5280656ce6c577224707f82b80f876b57e2ee8,2026-08-21T01:52:36.562263+00:00,2026-08-21T01:52:35.579018+00:00,5y5y-real-forward-compound-v1,0.1.0,PASS,STALE
L1-007,2024-11-12,2.2703543036608043,percent,FRED-derived,DFII5,DFII10,docs/phase2-ingestion/data/macro/raw/fred/DFII5-20260821T015236Z.json,docs/phase2-ingestion/data/macro/raw/fred/DFII10-20260821T015235Z.json,f092dfcc7b003910593614dedb12c59fe399d0a0e1dcc26f4eb423fb3bb7b7b3,dbaf1dee142b5509e1bf9302fb5280656ce6c577224707f82b80f876b57e2ee8,2026-08-21T01:52:36.562263+00:00,2026-08-21T01:52:35.579018+00:00,5y5y-real-forward-compound-v1,0.1.0,PASS,STALE
L1-007,2024-11-13,2.3004328621908154,percent,FRED-derived,DFII5,DFII10,docs/phase2-ingestion/data/macro/raw/fred/DFII5-20260821T015236Z.json,docs/phase2-ingestion/data/macro/raw/fred/DFII10-20260821T015235Z.json,f092dfcc7b003910593614dedb12c59fe399d0a0e1dcc26f4eb423fb3bb7b7b3,dbaf1dee142b5509e1bf9302fb5280656ce6c577224707f82b80f876b57e2ee8,2026-08-21T01:52:36.562263+00:00,2026-08-21T01:52:35.579018+00:00,5y5y-real-forward-compound-v1,0.1.0,PASS,STALE
L1-007,2024-11-14,2.2803178963892945,percent,FRED-derived,DFII5,DFII10,docs/phase2-ingestion/data/macro/raw/fred/DFII5-20260821T015236Z.json,docs/phase2-ingestion/data/macro/raw/fred/DFII10-20260821T015235Z.json,f092dfcc7b003910593614dedb12c59fe399d0a0e1dcc26f4eb423fb3bb7b7b3,dbaf1dee142b5509e1bf9302fb5280656ce6c577224707f82b80f876b57e2ee8,2026-08-21T01:52:36.562263+00:00,2026-08-21T01:52:35.579018+00:00,5y5y-real-forward-compound-v1,0.1.0,PASS,STALE
L1-007,2024-11-15,2.2903542341281335,percent,FRED-derived,DFII5,DFII10,docs/phase2-ingestion/data/macro/raw/fred/DFII5-20260821T015236Z.json,docs/phase2-ingestion/data/macro/raw/fred/DFII10-20260821T015235Z.json,f092dfcc7b003910593614dedb12c59fe399d0a0e1dcc26f4eb423fb3bb7b7b3,dbaf1dee142b5509e1bf9302fb5280656ce6c577224707f82b80f876b57e2ee8,2026-08-21T01:52:36.562263+00:00,2026-08-21T01:52:35.579018+00:00,5y5y-real-forward-compound-v1,0.1.0,PASS,STALE
L1-007,2024-11-18,2.2904329046824268,percent,FRED-derived,DFII5,DFII10,docs/phase2-ingestion/data/macro/raw/fred/DFII5-20260821T015236Z.json,docs/phase2-ingestion/data/macro/raw/fred/DFII10-20260821T015235Z.json,f092dfcc7b003910593614dedb12c59fe399d0a0e1dcc26f4eb423fb3bb7b7b3,dbaf1dee142b5509e1bf9302fb5280656ce6c577224707f82b80f876b57e2ee8,2026-08-21T01:52:36.562263+00:00,2026-08-21T01:52:35.579018+00:00,5y5y-real-forward-compound-v1,0.1.0,PASS,STALE
L1-007,2024-11-19,2.2604330322073762,percent,FRED-derived,DFII5,DFII10,docs/phase2-ingestion/data/macro/raw/fred/DFII5-20260821T015236Z.json,docs/phase2-ingestion/data/macro/raw/fred/DFII10-20260821T015235Z.json,f092dfcc7b003910593614dedb12c59fe399d0a0e1dcc26f4eb423fb3bb7b7b3,dbaf1dee142b5509e1bf9302fb5280656ce6c577224707f82b80f876b57e2ee8,2026-08-21T01:52:36.562263+00:00,2026-08-21T01:52:35.579018+00:00,5y5y-real-forward-compound-v1,0.1.0,PASS,STALE
L1-007,2024-11-20,2.2704329896907183,percent,FRED-derived,DFII5,DFII10,docs/phase2-ingestion/data/macro/raw/fred/DFII5-20260821T015236Z.json,docs/phase2-ingestion/data/macro/raw/fred/DFII10-20260821T015235Z.json,f092dfcc7b003910593614dedb12c59fe399d0a0e1dcc26f4eb423fb3bb7b7b3,dbaf1dee142b5509e1bf9302fb5280656ce6c577224707f82b80f876b57e2ee8,2026-08-21T01:52:36.562263+00:00,2026-08-21T01:52:35.579018+00:00,5y5y-real-forward-compound-v1,0.1.0,PASS,STALE
L1-007,2024-11-21,2.3004328621908154,percent,FRED-derived,DFII5,DFII10,docs/phase2-ingestion/data/macro/raw/fred/DFII5-20260821T015236Z.json,docs/phase2-ingestion/data/macro/raw/fred/DFII10-20260821T015235Z.json,f092dfcc7b003910593614dedb12c59fe399d0a0e1dcc26f4eb423fb3bb7b7b3,dbaf1dee142b5509e1bf9302fb5280656ce6c577224707f82b80f876b57e2ee8,2026-08-21T01:52:36.562263+00:00,2026-08-21T01:52:35.579018+00:00,5y5y-real-forward-compound-v1,0.1.0,PASS,STALE
L1-007,2024-11-22,2.270392657308329,percent,FRED-derived,DFII5,DFII10,docs/phase2-ingestion/data/macro/raw/fred/DFII5-20260821T015236Z.json,docs/phase2-ingestion/data/macro/raw/fred/DFII10-20260821T015235Z.json,f092dfcc7b003910593614dedb12c59fe399d0a0e1dcc26f4eb423fb3bb7b7b3,dbaf1dee142b5509e1bf9302fb5280656ce6c577224707f82b80f876b57e2ee8,2026-08-21T01:52:36.562263+00:00,2026-08-21T01:52:35.579018+00:00,5y5y-real-forward-compound-v1,0.1.0,PASS,STALE
L1-007,2024-11-25,2.1402514240817183,percent,FRED-derived,DFII5,DFII10,docs/phase2-ingestion/data/macro/raw/fred/DFII5-20260821T015236Z.json,docs/phase2-ingestion/data/macro/raw/fred/DFII10-20260821T015235Z.json,f092dfcc7b003910593614dedb12c59fe399d0a0e1dcc26f4eb423fb3bb7b7b3,dbaf1dee142b5509e1bf9302fb5280656ce6c577224707f82b80f876b57e2ee8,2026-08-21T01:52:36.562263+00:00,2026-08-21T01:52:35.579018+00:00,5y5y-real-forward-compound-v1,0.1.0,PASS,STALE
L1-007,2024-11-26,2.200318146111546,percent,FRED-derived,DFII5,DFII10,docs/phase2-ingestion/data/macro/raw/fred/DFII5-20260821T015236Z.json,docs/phase2-ingestion/data/macro/raw/fred/DFII10-20260821T015235Z.json,f092dfcc7b003910593614dedb12c59fe399d0a0e1dcc26f4eb423fb3bb7b7b3,dbaf1dee142b5509e1bf9302fb5280656ce6c577224707f82b80f876b57e2ee8,2026-08-21T01:52:36.562263+00:00,2026-08-21T01:52:35.579018+00:00,5y5y-real-forward-compound-v1,0.1.0,PASS,STALE
L1-007,2024-11-27,2.190392965910215,percent,FRED-derived,DFII5,DFII10,docs/phase2-ingestion/data/macro/raw/fred/DFII5-20260821T015236Z.json,docs/phase2-ingestion/data/macro/raw/fred/DFII10-20260821T015235Z.json,f092dfcc7b003910593614dedb12c59fe399d0a0e1dcc26f4eb423fb3bb7b7b3,dbaf1dee142b5509e1bf9302fb5280656ce6c577224707f82b80f876b57e2ee8,2026-08-21T01:52:36.562263+00:00,2026-08-21T01:52:35.579018+00:00,5y5y-real-forward-compound-v1,0.1.0,PASS,STALE
L1-007,2024-11-29,2.1203932363350386,percent,FRED-derived,DFII5,DFII10,docs/phase2-ingestion/data/macro/raw/fred/DFII5-20260821T015236Z.json,docs/phase2-ingestion/data/macro/raw/fred/DFII10-20260821T015235Z.json,f092dfcc7b003910593614dedb12c59fe399d0a0e1dcc26f4eb423fb3bb7b7b3,dbaf1dee142b5509e1bf9302fb5280656ce6c577224707f82b80f876b57e2ee8,2026-08-21T01:52:36.562263+00:00,2026-08-21T01:52:35.579018+00:00,5y5y-real-forward-compound-v1,0.1.0,PASS,STALE
L1-007,2024-12-02,2.1103184275184317,percent,FRED-derived,DFII5,DFII10,docs/phase2-ingestion/data/macro/raw/fred/DFII5-20260821T015236Z.json,docs/phase2-ingestion/data/macro/raw/fred/DFII10-20260821T015235Z.json,f092dfcc7b003910593614dedb12c59fe399d0a0e1dcc26f4eb423fb3bb7b7b3,dbaf1dee142b5509e1bf9302fb5280656ce6c577224707f82b80f876b57e2ee8,2026-08-21T01:52:36.562263+00:00,2026-08-21T01:52:35.579018+00:00,5y5y-real-forward-compound-v1,0.1.0,PASS,STALE
L1-007,2024-12-03,2.150393120393135,percent,FRED-derived,DFII5,DFII10,docs/phase2-ingestion/data/macro/raw/fred/DFII5-20260821T015236Z.json,docs/phase2-ingestion/data/macro/raw/fred/DFII10-20260821T015235Z.json,f092dfcc7b003910593614dedb12c59fe399d0a0e1dcc26f4eb423fb3bb7b7b3,dbaf1dee142b5509e1bf9302fb5280656ce6c577224707f82b80f876b57e2ee8,2026-08-21T01:52:36.562263+00:00,2026-08-21T01:52:35.579018+00:00,5y5y-real-forward-compound-v1,0.1.0,PASS,STALE
L1-007,2024-12-04,2.100393313667648,percent,FRED-derived,DFII5,DFII10,docs/phase2-ingestion/data/macro/raw/fred/DFII5-20260821T015236Z.json,docs/phase2-ingestion/data/macro/raw/fred/DFII10-20260821T015235Z.json,f092dfcc7b003910593614dedb12c59fe399d0a0e1dcc26f4eb423fb3bb7b7b3,dbaf1dee142b5509e1bf9302fb5280656ce6c577224707f82b80f876b57e2ee8,2026-08-21T01:52:36.562263+00:00,2026-08-21T01:52:35.579018+00:00,5y5y-real-forward-compound-v1,0.1.0,PASS,STALE
L1-007,2024-12-05,2.1203932363350386,percent,FRED-derived,DFII5,DFII10,docs/phase2-ingestion/data/macro/raw/fred/DFII5-20260821T015236Z.json,docs/phase2-ingestion/data/macro/raw/fred/DFII10-20260821T015235Z.json,f092dfcc7b003910593614dedb12c59fe399d0a0e1dcc26f4eb423fb3bb7b7b3,dbaf1dee142b5509e1bf9302fb5280656ce6c577224707f82b80f876b57e2ee8,2026-08-21T01:52:36.562263+00:00,2026-08-21T01:52:35.579018+00:00,5y5y-real-forward-compound-v1,0.1.0,PASS,STALE
L1-007,2024-12-06,2.1003548957923446,percent,FRED-derived,DFII5,DFII10,docs/phase2-ingestion/data/macro/raw/fred/DFII5-20260821T015236Z.json,docs/phase2-ingestion/data/macro/raw/fred/DFII10-20260821T015235Z.json,f092dfcc7b003910593614dedb12c59fe399d0a0e1dcc26f4eb423fb3bb7b7b3,dbaf1dee142b5509e1bf9302fb5280656ce6c577224707f82b80f876b57e2ee8,2026-08-21T01:52:36.562263+00:00,2026-08-21T01:52:35.579018+00:00,5y5y-real-forward-compound-v1,0.1.0,PASS,STALE
L1-007,2024-12-09,2.1203548260271265,percent,FRED-derived,DFII5,DFII10,docs/phase2-ingestion/data/macro/raw/fred/DFII5-20260821T015236Z.json,docs/phase2-ingestion/data/macro/raw/fred/DFII10-20260821T015235Z.json,f092dfcc7b003910593614dedb12c59fe399d0a0e1dcc26f4eb423fb3bb7b7b3,dbaf1dee142b5509e1bf9302fb5280656ce6c577224707f82b80f876b57e2ee8,2026-08-21T01:52:36.562263+00:00,2026-08-21T01:52:35.579018+00:00,5y5y-real-forward-compound-v1,0.1.0,PASS,STALE
L1-007,2024-12-10,2.1103184275184317,percent,FRED-derived,DFII5,DFII10,docs/phase2-ingestion/data/macro/raw/fred/DFII5-20260821T015236Z.json,docs/phase2-ingestion/data/macro/raw/fred/DFII10-20260821T015235Z.json,f092dfcc7b003910593614dedb12c59fe399d0a0e1dcc26f4eb423fb3bb7b7b3,dbaf1dee142b5509e1bf9302fb5280656ce6c577224707f82b80f876b57e2ee8,2026-08-21T01:52:36.562263+00:00,2026-08-21T01:52:35.579018+00:00,5y5y-real-forward-compound-v1,0.1.0,PASS,STALE
L1-007,2024-12-11,2.1704334152334193,percent,FRED-derived,DFII5,DFII10,docs/phase2-ingestion/data/macro/raw/fred/DFII5-20260821T015236Z.json,docs/phase2-ingestion/data/macro/raw/fred/DFII10-20260821T015235Z.json,f092dfcc7b003910593614dedb12c59fe399d0a0e1dcc26f4eb423fb3bb7b7b3,dbaf1dee142b5509e1bf9302fb5280656ce6c577224707f82b80f876b57e2ee8,2026-08-21T01:52:36.562263+00:00,2026-08-21T01:52:35.579018+00:00,5y5y-real-forward-compound-v1,0.1.0,PASS,STALE
L1-007,2024-12-12,2.2104332449160102,percent,FRED-derived,DFII5,DFII10,docs/phase2-ingestion/data/macro/raw/fred/DFII5-20260821T015236Z.json,docs/phase2-ingestion/data/macro/raw/fred/DFII10-20260821T015235Z.json,f092dfcc7b003910593614dedb12c59fe399d0a0e1dcc26f4eb423fb3bb7b7b3,dbaf1dee142b5509e1bf9302fb5280656ce6c577224707f82b80f876b57e2ee8,2026-08-21T01:52:36.562263+00:00,2026-08-21T01:52:35.579018+00:00,5y5y-real-forward-compound-v1,0.1.0,PASS,STALE
L1-007,2024-12-13,2.2904752086401414,percent,FRED-derived,DFII5,DFII10,docs/phase2-ingestion/data/macro/raw/fred/DFII5-20260821T015236Z.json,docs/phase2-ingestion/data/macro/raw/fred/DFII10-20260821T015235Z.json,f092dfcc7b003910593614dedb12c59fe399d0a0e1dcc26f4eb423fb3bb7b7b3,dbaf1dee142b5509e1bf9302fb5280656ce6c577224707f82b80f876b57e2ee8,2026-08-21T01:52:36.562263+00:00,2026-08-21T01:52:35.579018+00:00,5y5y-real-forward-compound-v1,0.1.0,PASS,STALE
L1-007,2024-12-16,2.270392657308329,percent,FRED-derived,DFII5,DFII10,docs/phase2-ingestion/data/macro/raw/fred/DFII5-20260821T015236Z.json,docs/phase2-ingestion/data/macro/raw/fred/DFII10-20260821T015235Z.json,f092dfcc7b003910593614dedb12c59fe399d0a0e1dcc26f4eb423fb3bb7b7b3,dbaf1dee142b5509e1bf9302fb5280656ce6c577224707f82b80f876b57e2ee8,2026-08-21T01:52:36.562263+00:00,2026-08-21T01:52:35.579018+00:00,5y5y-real-forward-compound-v1,0.1.0,PASS,STALE
L1-007,2024-12-17,2.2803542688910605,percent,FRED-derived,DFII5,DFII10,docs/phase2-ingestion/data/macro/raw/fred/DFII5-20260821T015236Z.json,docs/phase2-ingestion/data/macro/raw/fred/DFII10-20260821T015235Z.json,f092dfcc7b003910593614dedb12c59fe399d0a0e1dcc26f4eb423fb3bb7b7b3,dbaf1dee142b5509e1bf9302fb5280656ce6c577224707f82b80f876b57e2ee8,2026-08-21T01:52:36.562263+00:00,2026-08-21T01:52:35.579018+00:00,5y5y-real-forward-compound-v1,0.1.0,PASS,STALE
L1-007,2024-12-18,2.340250931189969,percent,FRED-derived,DFII5,DFII10,docs/phase2-ingestion/data/macro/raw/fred/DFII5-20260821T015236Z.json,docs/phase2-ingestion/data/macro/raw/fred/DFII10-20260821T015235Z.json,f092dfcc7b003910593614dedb12c59fe399d0a0e1dcc26f4eb423fb3bb7b7b3,dbaf1dee142b5509e1bf9302fb5280656ce6c577224707f82b80f876b57e2ee8,2026-08-21T01:52:36.562263+00:00,2026-08-21T01:52:35.579018+00:00,5y5y-real-forward-compound-v1,0.1.0,PASS,STALE
L1-007,2024-12-19,2.4803918495297728,percent,FRED-derived,DFII5,DFII10,docs/phase2-ingestion/data/macro/raw/fred/DFII5-20260821T015236Z.json,docs/phase2-ingestion/data/macro/raw/fred/DFII10-20260821T015235Z.json,f092dfcc7b003910593614dedb12c59fe399d0a0e1dcc26f4eb423fb3bb7b7b3,dbaf1dee142b5509e1bf9302fb5280656ce6c577224707f82b80f876b57e2ee8,2026-08-21T01:52:36.562263+00:00,2026-08-21T01:52:35.579018+00:00,5y5y-real-forward-compound-v1,0.1.0,PASS,STALE
L1-007,2024-12-20,2.430392041556395,percent,FRED-derived,DFII5,DFII10,docs/phase2-ingestion/data/macro/raw/fred/DFII5-20260821T015236Z.json,docs/phase2-ingestion/data/macro/raw/fred/DFII10-20260821T015235Z.json,f092dfcc7b003910593614dedb12c59fe399d0a0e1dcc26f4eb423fb3bb7b7b3,dbaf1dee142b5509e1bf9302fb5280656ce6c577224707f82b80f876b57e2ee8,2026-08-21T01:52:36.562263+00:00,2026-08-21T01:52:35.579018+00:00,5y5y-real-forward-compound-v1,0.1.0,PASS,STALE
L1-007,2024-12-23,2.4804320987654283,percent,FRED-derived,DFII5,DFII10,docs/phase2-ingestion/data/macro/raw/fred/DFII5-20260821T015236Z.json,docs/phase2-ingestion/data/macro/raw/fred/DFII10-20260821T015235Z.json,f092dfcc7b003910593614dedb12c59fe399d0a0e1dcc26f4eb423fb3bb7b7b3,dbaf1dee142b5509e1bf9302fb5280656ce6c577224707f82b80f876b57e2ee8,2026-08-21T01:52:36.562263+00:00,2026-08-21T01:52:35.579018+00:00,5y5y-real-forward-compound-v1,0.1.0,PASS,STALE
L1-007,2024-12-24,2.440392003136016,percent,FRED-derived,DFII5,DFII10,docs/phase2-ingestion/data/macro/raw/fred/DFII5-20260821T015236Z.json,docs/phase2-ingestion/data/macro/raw/fred/DFII10-20260821T015235Z.json,f092dfcc7b003910593614dedb12c59fe399d0a0e1dcc26f4eb423fb3bb7b7b3,dbaf1dee142b5509e1bf9302fb5280656ce6c577224707f82b80f876b57e2ee8,2026-08-21T01:52:36.562263+00:00,2026-08-21T01:52:35.579018+00:00,5y5y-real-forward-compound-v1,0.1.0,PASS,STALE
L1-007,2024-12-26,2.430392041556395,percent,FRED-derived,DFII5,DFII10,docs/phase2-ingestion/data/macro/raw/fred/DFII5-20260821T015236Z.json,docs/phase2-ingestion/data/macro/raw/fred/DFII10-20260821T015235Z.json,f092dfcc7b003910593614dedb12c59fe399d0a0e1dcc26f4eb423fb3bb7b7b3,dbaf1dee142b5509e1bf9302fb5280656ce6c577224707f82b80f876b57e2ee8,2026-08-21T01:52:36.562263+00:00,2026-08-21T01:52:35.579018+00:00,5y5y-real-forward-compound-v1,0.1.0,PASS,STALE
L1-007,2024-12-27,2.490432056431846,percent,FRED-derived,DFII5,DFII10,docs/phase2-ingestion/data/macro/raw/fred/DFII5-20260821T015236Z.json,docs/phase2-ingestion/data/macro/raw/fred/DFII10-20260821T015235Z.json,f092dfcc7b003910593614dedb12c59fe399d0a0e1dcc26f4eb423fb3bb7b7b3,dbaf1dee142b5509e1bf9302fb5280656ce6c577224707f82b80f876b57e2ee8,2026-08-21T01:52:36.562263+00:00,2026-08-21T01:52:35.579018+00:00,5y5y-real-forward-compound-v1,0.1.0,PASS,STALE
L1-007,2024-12-30,2.4604744167810333,percent,FRED-derived,DFII5,DFII10,docs/phase2-ingestion/data/macro/raw/fred/DFII5-20260821T015236Z.json,docs/phase2-ingestion/data/macro/raw/fred/DFII10-20260821T015235Z.json,f092dfcc7b003910593614dedb12c59fe399d0a0e1dcc26f4eb423fb3bb7b7b3,dbaf1dee142b5509e1bf9302fb5280656ce6c577224707f82b80f876b57e2ee8,2026-08-21T01:52:36.562263+00:00,2026-08-21T01:52:35.579018+00:00,5y5y-real-forward-compound-v1,0.1.0,PASS,STALE
L1-007,2024-12-31,2.48056470588236,percent,FRED-derived,DFII5,DFII10,docs/phase2-ingestion/data/macro/raw/fred/DFII5-20260821T015236Z.json,docs/phase2-ingestion/data/macro/raw/fred/DFII10-20260821T015235Z.json,f092dfcc7b003910593614dedb12c59fe399d0a0e1dcc26f4eb423fb3bb7b7b3,dbaf1dee142b5509e1bf9302fb5280656ce6c577224707f82b80f876b57e2ee8,2026-08-21T01:52:36.562263+00:00,2026-08-21T01:52:35.579018+00:00,5y5y-real-forward-compound-v1,0.1.0,PASS,STALE
L1-007,2025-01-02,2.4906629400804015,percent,FRED-derived,DFII5,DFII10,docs/phase2-ingestion/data/macro/raw/fred/DFII5-20260821T015236Z.json,docs/phase2-ingestion/data/macro/raw/fred/DFII10-20260821T015235Z.json,f092dfcc7b003910593614dedb12c59fe399d0a0e1dcc26f4eb423fb3bb7b7b3,dbaf1dee142b5509e1bf9302fb5280656ce6c577224707f82b80f876b57e2ee8,2026-08-21T01:52:36.562263+00:00,2026-08-21T01:52:35.579018+00:00,5y5y-real-forward-compound-v1,0.1.0,PASS,STALE
L1-007,2025-01-03,2.5106126850308774,percent,FRED-derived,DFII5,DFII10,docs/phase2-ingestion/data/macro/raw/fred/DFII5-20260821T015236Z.json,docs/phase2-ingestion/data/macro/raw/fred/DFII10-20260821T015235Z.json,f092dfcc7b003910593614dedb12c59fe399d0a0e1dcc26f4eb423fb3bb7b7b3,dbaf1dee142b5509e1bf9302fb5280656ce6c577224707f82b80f876b57e2ee8,2026-08-21T01:52:36.562263+00:00,2026-08-21T01:52:35.579018+00:00,5y5y-real-forward-compound-v1,0.1.0,PASS,STALE
L1-007,2025-01-06,2.5406626151734946,percent,FRED-derived,DFII5,DFII10,docs/phase2-ingestion/data/macro/raw/fred/DFII5-20260821T015236Z.json,docs/phase2-ingestion/data/macro/raw/fred/DFII10-20260821T015235Z.json,f092dfcc7b003910593614dedb12c59fe399d0a0e1dcc26f4eb423fb3bb7b7b3,dbaf1dee142b5509e1bf9302fb5280656ce6c577224707f82b80f876b57e2ee8,2026-08-21T01:52:36.562263+00:00,2026-08-21T01:52:35.579018+00:00,5y5y-real-forward-compound-v1,0.1.0,PASS,STALE
L1-007,2025-01-07,2.5607145657714048,percent,FRED-derived,DFII5,DFII10,docs/phase2-ingestion/data/macro/raw/fred/DFII5-20260821T015236Z.json,docs/phase2-ingestion/data/macro/raw/fred/DFII10-20260821T015235Z.json,f092dfcc7b003910593614dedb12c59fe399d0a0e1dcc26f4eb423fb3bb7b7b3,dbaf1dee142b5509e1bf9302fb5280656ce6c577224707f82b80f876b57e2ee8,2026-08-21T01:52:36.562263+00:00,2026-08-21T01:52:35.579018+00:00,5y5y-real-forward-compound-v1,0.1.0,PASS,STALE
L1-007,2025-01-08,2.5608246715042027,percent,FRED-derived,DFII5,DFII10,docs/phase2-ingestion/data/macro/raw/fred/DFII5-20260821T015236Z.json,docs/phase2-ingestion/data/macro/raw/fred/DFII10-20260821T015235Z.json,f092dfcc7b003910593614dedb12c59fe399d0a0e1dcc26f4eb423fb3bb7b7b3,dbaf1dee142b5509e1bf9302fb5280656ce6c577224707f82b80f876b57e2ee8,2026-08-21T01:52:36.562263+00:00,2026-08-21T01:52:35.579018+00:00,5y5y-real-forward-compound-v1,0.1.0,PASS,STALE
L1-007,2025-01-09,2.580824509803903,percent,FRED-derived,DFII5,DFII10,docs/phase2-ingestion/data/macro/raw/fred/DFII5-20260821T015236Z.json,docs/phase2-ingestion/data/macro/raw/fred/DFII10-20260821T015235Z.json,f092dfcc7b003910593614dedb12c59fe399d0a0e1dcc26f4eb423fb3bb7b7b3,dbaf1dee142b5509e1bf9302fb5280656ce6c577224707f82b80f876b57e2ee8,2026-08-21T01:52:36.562263+00:00,2026-08-21T01:52:35.579018+00:00,5y5y-real-forward-compound-v1,0.1.0,PASS,STALE
L1-007,2025-01-10,2.6006622257053635,percent,FRED-derived,DFII5,DFII10,docs/phase2-ingestion/data/macro/raw/fred/DFII5-20260821T015236Z.json,docs/phase2-ingestion/data/macro/raw/fred/DFII10-20260821T015235Z.json,f092dfcc7b003910593614dedb12c59fe399d0a0e1dcc26f4eb423fb3bb7b7b3,dbaf1dee142b5509e1bf9302fb5280656ce6c577224707f82b80f876b57e2ee8,2026-08-21T01:52:36.562263+00:00,2026-08-21T01:52:35.579018+00:00,5y5y-real-forward-compound-v1,0.1.0,PASS,STALE
L1-007,2025-01-13,2.6207681755830103,percent,FRED-derived,DFII5,DFII10,docs/phase2-ingestion/data/macro/raw/fred/DFII5-20260821T015236Z.json,docs/phase2-ingestion/data/macro/raw/fred/DFII10-20260821T015235Z.json,f092dfcc7b003910593614dedb12c59fe399d0a0e1dcc26f4eb423fb3bb7b7b3,dbaf1dee142b5509e1bf9302fb5280656ce6c577224707f82b80f876b57e2ee8,2026-08-21T01:52:36.562263+00:00,2026-08-21T01:52:35.579018+00:00,5y5y-real-forward-compound-v1,0.1.0,PASS,STALE
L1-007,2025-01-14,2.640882007056078,percent,FRED-derived,DFII5,DFII10,docs/phase2-ingestion/data/macro/raw/fred/DFII5-20260821T015236Z.json,docs/phase2-ingestion/data/macro/raw/fred/DFII10-20260821T015235Z.json,f092dfcc7b003910593614dedb12c59fe399d0a0e1dcc26f4eb423fb3bb7b7b3,dbaf1dee142b5509e1bf9302fb5280656ce6c577224707f82b80f876b57e2ee8,2026-08-21T01:52:36.562263+00:00,2026-08-21T01:52:35.579018+00:00,5y5y-real-forward-compound-v1,0.1.0,PASS,STALE
L1-007,2025-01-15,2.5509428038850146,percent,FRED-derived,DFII5,DFII10,docs/phase2-ingestion/data/macro/raw/fred/DFII5-20260821T015236Z.json,docs/phase2-ingestion/data/macro/raw/fred/DFII10-20260821T015235Z.json,f092dfcc7b003910593614dedb12c59fe399d0a0e1dcc26f4eb423fb3bb7b7b3,dbaf1dee142b5509e1bf9302fb5280656ce6c577224707f82b80f876b57e2ee8,2026-08-21T01:52:36.562263+00:00,2026-08-21T01:52:35.579018+00:00,5y5y-real-forward-compound-v1,0.1.0,PASS,STALE
L1-007,2025-01-16,2.5009432665881626,percent,FRED-derived,DFII5,DFII10,docs/phase2-ingestion/data/macro/raw/fred/DFII5-20260821T015236Z.json,docs/phase2-ingestion/data/macro/raw/fred/DFII10-20260821T015235Z.json,f092dfcc7b003910593614dedb12c59fe399d0a0e1dcc26f4eb423fb3bb7b7b3,dbaf1dee142b5509e1bf9302fb5280656ce6c577224707f82b80f876b57e2ee8,2026-08-21T01:52:36.562263+00:00,2026-08-21T01:52:35.579018+00:00,5y5y-real-forward-compound-v1,0.1.0,PASS,STALE
L1-007,2025-01-17,2.5008832188420094,percent,FRED-derived,DFII5,DFII10,docs/phase2-ingestion/data/macro/raw/fred/DFII5-20260821T015236Z.json,docs/phase2-ingestion/data/macro/raw/fred/DFII10-20260821T015235Z.json,f092dfcc7b003910593614dedb12c59fe399d0a0e1dcc26f4eb423fb3bb7b7b3,dbaf1dee142b5509e1bf9302fb5280656ce6c577224707f82b80f876b57e2ee8,2026-08-21T01:52:36.562263+00:00,2026-08-21T01:52:35.579018+00:00,5y5y-real-forward-compound-v1,0.1.0,PASS,STALE
L1-007,2025-01-21,2.450663200235459,percent,FRED-derived,DFII5,DFII10,docs/phase2-ingestion/data/macro/raw/fred/DFII5-20260821T015236Z.json,docs/phase2-ingestion/data/macro/raw/fred/DFII10-20260821T015235Z.json,f092dfcc7b003910593614dedb12c59fe399d0a0e1dcc26f4eb423fb3bb7b7b3,dbaf1dee142b5509e1bf9302fb5280656ce6c577224707f82b80f876b57e2ee8,2026-08-21T01:52:36.562263+00:00,2026-08-21T01:52:35.579018+00:00,5y5y-real-forward-compound-v1,0.1.0,PASS,STALE
L1-007,2025-01-22,2.4506130456105835,percent,FRED-derived,DFII5,DFII10,docs/phase2-ingestion/data/macro/raw/fred/DFII5-20260821T015236Z.json,docs/phase2-ingestion/data/macro/raw/fred/DFII10-20260821T015235Z.json,f092dfcc7b003910593614dedb12c59fe399d0a0e1dcc26f4eb423fb3bb7b7b3,dbaf1dee142b5509e1bf9302fb5280656ce6c577224707f82b80f876b57e2ee8,2026-08-21T01:52:36.562263+00:00,2026-08-21T01:52:35.579018+00:00,5y5y-real-forward-compound-v1,0.1.0,PASS,STALE
L1-007,2025-01-23,2.5308829588933435,percent,FRED-derived,DFII5,DFII10,docs/phase2-ingestion/data/macro/raw/fred/DFII5-20260821T015236Z.json,docs/phase2-ingestion/data/macro/raw/fred/DFII10-20260821T015235Z.json,f092dfcc7b003910593614dedb12c59fe399d0a0e1dcc26f4eb423fb3bb7b7b3,dbaf1dee142b5509e1bf9302fb5280656ce6c577224707f82b80f876b57e2ee8,2026-08-21T01:52:36.562263+00:00,2026-08-21T01:52:35.579018+00:00,5y5y-real-forward-compound-v1,0.1.0,PASS,STALE
L1-007,2025-01-24,2.4908252379550744,percent,FRED-derived,DFII5,DFII10,docs/phase2-ingestion/data/macro/raw/fred/DFII5-20260821T015236Z.json,docs/phase2-ingestion/data/macro/raw/fred/DFII10-20260821T015235Z.json,f092dfcc7b003910593614dedb12c59fe399d0a0e1dcc26f4eb423fb3bb7b7b3,dbaf1dee142b5509e1bf9302fb5280656ce6c577224707f82b80f876b57e2ee8,2026-08-21T01:52:36.562263+00:00,2026-08-21T01:52:35.579018+00:00,5y5y-real-forward-compound-v1,0.1.0,PASS,STALE
L1-007,2025-01-27,2.430883825984509,percent,FRED-derived,DFII5,DFII10,docs/phase2-ingestion/data/macro/raw/fred/DFII5-20260821T015236Z.json,docs/phase2-ingestion/data/macro/raw/fred/DFII10-20260821T015235Z.json,f092dfcc7b003910593614dedb12c59fe399d0a0e1dcc26f4eb423fb3bb7b7b3,dbaf1dee142b5509e1bf9302fb5280656ce6c577224707f82b80f876b57e2ee8,2026-08-21T01:52:36.562263+00:00,2026-08-21T01:52:35.579018+00:00,5y5y-real-forward-compound-v1,0.1.0,PASS,STALE
L1-007,2025-01-28,2.4510057951085518,percent,FRED-derived,DFII5,DFII10,docs/phase2-ingestion/data/macro/raw/fred/DFII5-20260821T015236Z.json,docs/phase2-ingestion/data/macro/raw/fred/DFII10-20260821T015235Z.json,f092dfcc7b003910593614dedb12c59fe399d0a0e1dcc26f4eb423fb3bb7b7b3,dbaf1dee142b5509e1bf9302fb5280656ce6c577224707f82b80f876b57e2ee8,2026-08-21T01:52:36.562263+00:00,2026-08-21T01:52:35.579018+00:00,5y5y-real-forward-compound-v1,0.1.0,PASS,STALE
L1-007,2025-01-29,2.4710055975645906,percent,FRED-derived,DFII5,DFII10,docs/phase2-ingestion/data/macro/raw/fred/DFII5-20260821T015236Z.json,docs/phase2-ingestion/data/macro/raw/fred/DFII10-20260821T015235Z.json,f092dfcc7b003910593614dedb12c59fe399d0a0e1dcc26f4eb423fb3bb7b7b3,dbaf1dee142b5509e1bf9302fb5280656ce6c577224707f82b80f876b57e2ee8,2026-08-21T01:52:36.562263+00:00,2026-08-21T01:52:35.579018+00:00,5y5y-real-forward-compound-v1,0.1.0,PASS,STALE
L1-007,2025-01-30,2.4710696395246146,percent,FRED-derived,DFII5,DFII10,docs/phase2-ingestion/data/macro/raw/fred/DFII5-20260821T015236Z.json,docs/phase2-ingestion/data/macro/raw/fred/DFII10-20260821T015235Z.json,f092dfcc7b003910593614dedb12c59fe399d0a0e1dcc26f4eb423fb3bb7b7b3,dbaf1dee142b5509e1bf9302fb5280656ce6c577224707f82b80f876b57e2ee8,2026-08-21T01:52:36.562263+00:00,2026-08-21T01:52:35.579018+00:00,5y5y-real-forward-compound-v1,0.1.0,PASS,STALE
L1-007,2025-01-31,2.501135336868998,percent,FRED-derived,DFII5,DFII10,docs/phase2-ingestion/data/macro/raw/fred/DFII5-20260821T015236Z.json,docs/phase2-ingestion/data/macro/raw/fred/DFII10-20260821T015235Z.json,f092dfcc7b003910593614dedb12c59fe399d0a0e1dcc26f4eb423fb3bb7b7b3,dbaf1dee142b5509e1bf9302fb5280656ce6c577224707f82b80f876b57e2ee8,2026-08-21T01:52:36.562263+00:00,2026-08-21T01:52:35.579018+00:00,5y5y-real-forward-compound-v1,0.1.0,PASS,STALE
L1-007,2025-02-03,2.441204049538004,percent,FRED-derived,DFII5,DFII10,docs/phase2-ingestion/data/macro/raw/fred/DFII5-20260821T015236Z.json,docs/phase2-ingestion/data/macro/raw/fred/DFII10-20260821T015235Z.json,f092dfcc7b003910593614dedb12c59fe399d0a0e1dcc26f4eb423fb3bb7b7b3,dbaf1dee142b5509e1bf9302fb5280656ce6c577224707f82b80f876b57e2ee8,2026-08-21T01:52:36.562263+00:00,2026-08-21T01:52:35.579018+00:00,5y5y-real-forward-compound-v1,0.1.0,PASS,STALE
L1-007,2025-02-04,2.4412740857254978,percent,FRED-derived,DFII5,DFII10,docs/phase2-ingestion/data/macro/raw/fred/DFII5-20260821T015236Z.json,docs/phase2-ingestion/data/macro/raw/fred/DFII10-20260821T015235Z.json,f092dfcc7b003910593614dedb12c59fe399d0a0e1dcc26f4eb423fb3bb7b7b3,dbaf1dee142b5509e1bf9302fb5280656ce6c577224707f82b80f876b57e2ee8,2026-08-21T01:52:36.562263+00:00,2026-08-21T01:52:35.579018+00:00,5y5y-real-forward-compound-v1,0.1.0,PASS,STALE
L1-007,2025-02-05,2.351137011901261,percent,FRED-derived,DFII5,DFII10,docs/phase2-ingestion/data/macro/raw/fred/DFII5-20260821T015236Z.json,docs/phase2-ingestion/data/macro/raw/fred/DFII10-20260821T015235Z.json,f092dfcc7b003910593614dedb12c59fe399d0a0e1dcc26f4eb423fb3bb7b7b3,dbaf1dee142b5509e1bf9302fb5280656ce6c577224707f82b80f876b57e2ee8,2026-08-21T01:52:36.562263+00:00,2026-08-21T01:52:35.579018+00:00,5y5y-real-forward-compound-v1,0.1.0,PASS,STALE
L1-007,2025-02-06,2.3510067839937143,percent,FRED-derived,DFII5,DFII10,docs/phase2-ingestion/data/macro/raw/fred/DFII5-20260821T015236Z.json,docs/phase2-ingestion/data/macro/raw/fred/DFII10-20260821T015235Z.json,f092dfcc7b003910593614dedb12c59fe399d0a0e1dcc26f4eb423fb3bb7b7b3,dbaf1dee142b5509e1bf9302fb5280656ce6c577224707f82b80f876b57e2ee8,2026-08-21T01:52:36.562263+00:00,2026-08-21T01:52:35.579018+00:00,5y5y-real-forward-compound-v1,0.1.0,PASS,STALE
L1-007,2025-02-07,2.3910063882063737,percent,FRED-derived,DFII5,DFII10,docs/phase2-ingestion/data/macro/raw/fred/DFII5-20260821T015236Z.json,docs/phase2-ingestion/data/macro/raw/fred/DFII10-20260821T015235Z.json,f092dfcc7b003910593614dedb12c59fe399d0a0e1dcc26f4eb423fb3bb7b7b3,dbaf1dee142b5509e1bf9302fb5280656ce6c577224707f82b80f876b57e2ee8,2026-08-21T01:52:36.562263+00:00,2026-08-21T01:52:35.579018+00:00,5y5y-real-forward-compound-v1,0.1.0,PASS,STALE
L1-007,2025-02-10,2.4010703754668627,percent,FRED-derived,DFII5,DFII10,docs/phase2-ingestion/data/macro/raw/fred/DFII5-20260821T015236Z.json,docs/phase2-ingestion/data/macro/raw/fred/DFII10-20260821T015235Z.json,f092dfcc7b003910593614dedb12c59fe399d0a0e1dcc26f4eb423fb3bb7b7b3,dbaf1dee142b5509e1bf9302fb5280656ce6c577224707f82b80f876b57e2ee8,2026-08-21T01:52:36.562263+00:00,2026-08-21T01:52:35.579018+00:00,5y5y-real-forward-compound-v1,0.1.0,PASS,STALE
L1-007,2025-02-11,2.4312041678953955,percent,FRED-derived,DFII5,DFII10,docs/phase2-ingestion/data/macro/raw/fred/DFII5-20260821T015236Z.json,docs/phase2-ingestion/data/macro/raw/fred/DFII10-20260821T015235Z.json,f092dfcc7b003910593614dedb12c59fe399d0a0e1dcc26f4eb423fb3bb7b7b3,dbaf1dee142b5509e1bf9302fb5280656ce6c577224707f82b80f876b57e2ee8,2026-08-21T01:52:36.562263+00:00,2026-08-21T01:52:35.579018+00:00,5y5y-real-forward-compound-v1,0.1.0,PASS,STALE
L1-007,2025-02-12,2.501135336868998,percent,FRED-derived,DFII5,DFII10,docs/phase2-ingestion/data/macro/raw/fred/DFII5-20260821T015236Z.json,docs/phase2-ingestion/data/macro/raw/fred/DFII10-20260821T015235Z.json,f092dfcc7b003910593614dedb12c59fe399d0a0e1dcc26f4eb423fb3bb7b7b3,dbaf1dee142b5509e1bf9302fb5280656ce6c577224707f82b80f876b57e2ee8,2026-08-21T01:52:36.562263+00:00,2026-08-21T01:52:35.579018+00:00,5y5y-real-forward-compound-v1,0.1.0,PASS,STALE
L1-007,2025-02-13,2.4110702702702547,percent,FRED-derived,DFII5,DFII10,docs/phase2-ingestion/data/macro/raw/fred/DFII5-20260821T015236Z.json,docs/phase2-ingestion/data/macro/raw/fred/DFII10-20260821T015235Z.json,f092dfcc7b003910593614dedb12c59fe399d0a0e1dcc26f4eb423fb3bb7b7b3,dbaf1dee142b5509e1bf9302fb5280656ce6c577224707f82b80f876b57e2ee8,2026-08-21T01:52:36.562263+00:00,2026-08-21T01:52:35.579018+00:00,5y5y-real-forward-compound-v1,0.1.0,PASS,STALE
L1-007,2025-02-14,2.37107069118081,percent,FRED-derived,DFII5,DFII10,docs/phase2-ingestion/data/macro/raw/fred/DFII5-20260821T015236Z.json,docs/phase2-ingestion/data/macro/raw/fred/DFII10-20260821T015235Z.json,f092dfcc7b003910593614dedb12c59fe399d0a0e1dcc26f4eb423fb3bb7b7b3,dbaf1dee142b5509e1bf9302fb5280656ce6c577224707f82b80f876b57e2ee8,2026-08-21T01:52:36.562263+00:00,2026-08-21T01:52:35.579018+00:00,5y5y-real-forward-compound-v1,0.1.0,PASS,STALE
L1-007,2025-02-18,2.4512039312039047,percent,FRED-derived,DFII5,DFII10,docs/phase2-ingestion/data/macro/raw/fred/DFII5-20260821T015236Z.json,docs/phase2-ingestion/data/macro/raw/fred/DFII10-20260821T015235Z.json,f092dfcc7b003910593614dedb12c59fe399d0a0e1dcc26f4eb423fb3bb7b7b3,dbaf1dee142b5509e1bf9302fb5280656ce6c577224707f82b80f876b57e2ee8,2026-08-21T01:52:36.562263+00:00,2026-08-21T01:52:35.579018+00:00,5y5y-real-forward-compound-v1,0.1.0,PASS,STALE
L1-007,2025-02-19,2.4513459836790874,percent,FRED-derived,DFII5,DFII10,docs/phase2-ingestion/data/macro/raw/fred/DFII5-20260821T015236Z.json,docs/phase2-ingestion/data/macro/raw/fred/DFII10-20260821T015235Z.json,f092dfcc7b003910593614dedb12c59fe399d0a0e1dcc26f4eb423fb3bb7b7b3,dbaf1dee142b5509e1bf9302fb5280656ce6c577224707f82b80f876b57e2ee8,2026-08-21T01:52:36.562263+00:00,2026-08-21T01:52:35.579018+00:00,5y5y-real-forward-compound-v1,0.1.0,PASS,STALE
L1-007,2025-02-20,2.4213463808025137,percent,FRED-derived,DFII5,DFII10,docs/phase2-ingestion/data/macro/raw/fred/DFII5-20260821T015236Z.json,docs/phase2-ingestion/data/macro/raw/fred/DFII10-20260821T015235Z.json,f092dfcc7b003910593614dedb12c59fe399d0a0e1dcc26f4eb423fb3bb7b7b3,dbaf1dee142b5509e1bf9302fb5280656ce6c577224707f82b80f876b57e2ee8,2026-08-21T01:52:36.562263+00:00,2026-08-21T01:52:35.579018+00:00,5y5y-real-forward-compound-v1,0.1.0,PASS,STALE
L1-007,2025-02-21,2.351205115592725,percent,FRED-derived,DFII5,DFII10,docs/phase2-ingestion/data/macro/raw/fred/DFII5-20260821T015236Z.json,docs/phase2-ingestion/data/macro/raw/fred/DFII10-20260821T015235Z.json,f092dfcc7b003910593614dedb12c59fe399d0a0e1dcc26f4eb423fb3bb7b7b3,dbaf1dee142b5509e1bf9302fb5280656ce6c577224707f82b80f876b57e2ee8,2026-08-21T01:52:36.562263+00:00,2026-08-21T01:52:35.579018+00:00,5y5y-real-forward-compound-v1,0.1.0,PASS,STALE
L1-007,2025-02-24,2.341275339500104,percent,FRED-derived,DFII5,DFII10,docs/phase2-ingestion/data/macro/raw/fred/DFII5-20260821T015236Z.json,docs/phase2-ingestion/data/macro/raw/fred/DFII10-20260821T015235Z.json,f092dfcc7b003910593614dedb12c59fe399d0a0e1dcc26f4eb423fb3bb7b7b3,dbaf1dee142b5509e1bf9302fb5280656ce6c577224707f82b80f876b57e2ee8,2026-08-21T01:52:36.562263+00:00,2026-08-21T01:52:35.579018+00:00,5y5y-real-forward-compound-v1,0.1.0,PASS,STALE
L1-007,2025-02-25,2.291348104382096,percent,FRED-derived,DFII5,DFII10,docs/phase2-ingestion/data/macro/raw/fred/DFII5-20260821T015236Z.json,docs/phase2-ingestion/data/macro/raw/fred/DFII10-20260821T015235Z.json,f092dfcc7b003910593614dedb12c59fe399d0a0e1dcc26f4eb423fb3bb7b7b3,dbaf1dee142b5509e1bf9302fb5280656ce6c577224707f82b80f876b57e2ee8,2026-08-21T01:52:36.562263+00:00,2026-08-21T01:52:35.579018+00:00,5y5y-real-forward-compound-v1,0.1.0,PASS,STALE
L1-007,2025-02-26,2.2613485027580538,percent,FRED-derived,DFII5,DFII10,docs/phase2-ingestion/data/macro/raw/fred/DFII5-20260821T015236Z.json,docs/phase2-ingestion/data/macro/raw/fred/DFII10-20260821T015235Z.json,f092dfcc7b003910593614dedb12c59fe399d0a0e1dcc26f4eb423fb3bb7b7b3,dbaf1dee142b5509e1bf9302fb5280656ce6c577224707f82b80f876b57e2ee8,2026-08-21T01:52:36.562263+00:00,2026-08-21T01:52:35.579018+00:00,5y5y-real-forward-compound-v1,0.1.0,PASS,STALE
L1-007,2025-02-27,2.3215760441292588,percent,FRED-derived,DFII5,DFII10,docs/phase2-ingestion/data/macro/raw/fred/DFII5-20260821T015236Z.json,docs/phase2-ingestion/data/macro/raw/fred/DFII10-20260821T015235Z.json,f092dfcc7b003910593614dedb12c59fe399d0a0e1dcc26f4eb423fb3bb7b7b3,dbaf1dee142b5509e1bf9302fb5280656ce6c577224707f82b80f876b57e2ee8,2026-08-21T01:52:36.562263+00:00,2026-08-21T01:52:35.579018+00:00,5y5y-real-forward-compound-v1,0.1.0,PASS,STALE
L1-007,2025-02-28,2.271656973878744,percent,FRED-derived,DFII5,DFII10,docs/phase2-ingestion/data/macro/raw/fred/DFII5-20260821T015236Z.json,docs/phase2-ingestion/data/macro/raw/fred/DFII10-20260821T015235Z.json,f092dfcc7b003910593614dedb12c59fe399d0a0e1dcc26f4eb423fb3bb7b7b3,dbaf1dee142b5509e1bf9302fb5280656ce6c577224707f82b80f876b57e2ee8,2026-08-21T01:52:36.562263+00:00,2026-08-21T01:52:35.579018+00:00,5y5y-real-forward-compound-v1,0.1.0,PASS,STALE
L1-007,2025-03-03,2.2217399881633515,percent,FRED-derived,DFII5,DFII10,docs/phase2-ingestion/data/macro/raw/fred/DFII5-20260821T015236Z.json,docs/phase2-ingestion/data/macro/raw/fred/DFII10-20260821T015235Z.json,f092dfcc7b003910593614dedb12c59fe399d0a0e1dcc26f4eb423fb3bb7b7b3,dbaf1dee142b5509e1bf9302fb5280656ce6c577224707f82b80f876b57e2ee8,2026-08-21T01:52:36.562263+00:00,2026-08-21T01:52:35.579018+00:00,5y5y-real-forward-compound-v1,0.1.0,PASS,STALE
L1-007,2025-03-04,2.321996647604019,percent,FRED-derived,DFII5,DFII10,docs/phase2-ingestion/data/macro/raw/fred/DFII5-20260821T015236Z.json,docs/phase2-ingestion/data/macro/raw/fred/DFII10-20260821T015235Z.json,f092dfcc7b003910593614dedb12c59fe399d0a0e1dcc26f4eb423fb3bb7b7b3,dbaf1dee142b5509e1bf9302fb5280656ce6c577224707f82b80f876b57e2ee8,2026-08-21T01:52:36.562263+00:00,2026-08-21T01:52:35.579018+00:00,5y5y-real-forward-compound-v1,0.1.0,PASS,STALE
L1-007,2025-03-05,2.3617375886525016,percent,FRED-derived,DFII5,DFII10,docs/phase2-ingestion/data/macro/raw/fred/DFII5-20260821T015236Z.json,docs/phase2-ingestion/data/macro/raw/fred/DFII10-20260821T015235Z.json,f092dfcc7b003910593614dedb12c59fe399d0a0e1dcc26f4eb423fb3bb7b7b3,dbaf1dee142b5509e1bf9302fb5280656ce6c577224707f82b80f876b57e2ee8,2026-08-21T01:52:36.562263+00:00,2026-08-21T01:52:35.579018+00:00,5y5y-real-forward-compound-v1,0.1.0,PASS,STALE
L1-007,2025-03-06,2.3717374175120653,percent,FRED-derived,DFII5,DFII10,docs/phase2-ingestion/data/macro/raw/fred/DFII5-20260821T015236Z.json,docs/phase2-ingestion/data/macro/raw/fred/DFII10-20260821T015235Z.json,f092dfcc7b003910593614dedb12c59fe399d0a0e1dcc26f4eb423fb3bb7b7b3,dbaf1dee142b5509e1bf9302fb5280656ce6c577224707f82b80f876b57e2ee8,2026-08-21T01:52:36.562263+00:00,2026-08-21T01:52:35.579018+00:00,5y5y-real-forward-compound-v1,0.1.0,PASS,STALE
L1-007,2025-03-07,2.411736733287384,percent,FRED-derived,DFII5,DFII10,docs/phase2-ingestion/data/macro/raw/fred/DFII5-20260821T015236Z.json,docs/phase2-ingestion/data/macro/raw/fred/DFII10-20260821T015235Z.json,f092dfcc7b003910593614dedb12c59fe399d0a0e1dcc26f4eb423fb3bb7b7b3,dbaf1dee142b5509e1bf9302fb5280656ce6c577224707f82b80f876b57e2ee8,2026-08-21T01:52:36.562263+00:00,2026-08-21T01:52:35.579018+00:00,5y5y-real-forward-compound-v1,0.1.0,PASS,STALE
L1-007,2025-03-10,2.331738102276071,percent,FRED-derived,DFII5,DFII10,docs/phase2-ingestion/data/macro/raw/fred/DFII5-20260821T015236Z.json,docs/phase2-ingestion/data/macro/raw/fred/DFII10-20260821T015235Z.json,f092dfcc7b003910593614dedb12c59fe399d0a0e1dcc26f4eb423fb3bb7b7b3,dbaf1dee142b5509e1bf9302fb5280656ce6c577224707f82b80f876b57e2ee8,2026-08-21T01:52:36.562263+00:00,2026-08-21T01:52:35.579018+00:00,5y5y-real-forward-compound-v1,0.1.0,PASS,STALE
L1-007,2025-03-11,2.411906825568799,percent,FRED-derived,DFII5,DFII10,docs/phase2-ingestion/data/macro/raw/fred/DFII5-20260821T015236Z.json,docs/phase2-ingestion/data/macro/raw/fred/DFII10-20260821T015235Z.json,f092dfcc7b003910593614dedb12c59fe399d0a0e1dcc26f4eb423fb3bb7b7b3,dbaf1dee142b5509e1bf9302fb5280656ce6c577224707f82b80f876b57e2ee8,2026-08-21T01:52:36.562263+00:00,2026-08-21T01:52:35.579018+00:00,5y5y-real-forward-compound-v1,0.1.0,PASS,STALE
L1-007,2025-03-12,2.4218205986608954,percent,FRED-derived,DFII5,DFII10,docs/phase2-ingestion/data/macro/raw/fred/DFII5-20260821T015236Z.json,docs/phase2-ingestion/data/macro/raw/fred/DFII10-20260821T015235Z.json,f092dfcc7b003910593614dedb12c59fe399d0a0e1dcc26f4eb423fb3bb7b7b3,dbaf1dee142b5509e1bf9302fb5280656ce6c577224707f82b80f876b57e2ee8,2026-08-21T01:52:36.562263+00:00,2026-08-21T01:52:35.579018+00:00,5y5y-real-forward-compound-v1,0.1.0,PASS,STALE
L1-007,2025-03-13,2.421906637778215,percent,FRED-derived,DFII5,DFII10,docs/phase2-ingestion/data/macro/raw/fred/DFII5-20260821T015236Z.json,docs/phase2-ingestion/data/macro/raw/fred/DFII10-20260821T015235Z.json,f092dfcc7b003910593614dedb12c59fe399d0a0e1dcc26f4eb423fb3bb7b7b3,dbaf1dee142b5509e1bf9302fb5280656ce6c577224707f82b80f876b57e2ee8,2026-08-21T01:52:36.562263+00:00,2026-08-21T01:52:35.579018+00:00,5y5y-real-forward-compound-v1,0.1.0,PASS,STALE
L1-007,2025-03-14,2.4115746481645495,percent,FRED-derived,DFII5,DFII10,docs/phase2-ingestion/data/macro/raw/fred/DFII5-20260821T015236Z.json,docs/phase2-ingestion/data/macro/raw/fred/DFII10-20260821T015235Z.json,f092dfcc7b003910593614dedb12c59fe399d0a0e1dcc26f4eb423fb3bb7b7b3,dbaf1dee142b5509e1bf9302fb5280656ce6c577224707f82b80f876b57e2ee8,2026-08-21T01:52:36.562263+00:00,2026-08-21T01:52:35.579018+00:00,5y5y-real-forward-compound-v1,0.1.0,PASS,STALE
L1-007,2025-03-17,2.4114966053330633,percent,FRED-derived,DFII5,DFII10,docs/phase2-ingestion/data/macro/raw/fred/DFII5-20260821T015236Z.json,docs/phase2-ingestion/data/macro/raw/fred/DFII10-20260821T015235Z.json,f092dfcc7b003910593614dedb12c59fe399d0a0e1dcc26f4eb423fb3bb7b7b3,dbaf1dee142b5509e1bf9302fb5280656ce6c577224707f82b80f876b57e2ee8,2026-08-21T01:52:36.562263+00:00,2026-08-21T01:52:35.579018+00:00,5y5y-real-forward-compound-v1,0.1.0,PASS,STALE
L1-007,2025-03-18,2.3714211199685087,percent,FRED-derived,DFII5,DFII10,docs/phase2-ingestion/data/macro/raw/fred/DFII5-20260821T015236Z.json,docs/phase2-ingestion/data/macro/raw/fred/DFII10-20260821T015235Z.json,f092dfcc7b003910593614dedb12c59fe399d0a0e1dcc26f4eb423fb3bb7b7b3,dbaf1dee142b5509e1bf9302fb5280656ce6c577224707f82b80f876b57e2ee8,2026-08-21T01:52:36.562263+00:00,2026-08-21T01:52:35.579018+00:00,5y5y-real-forward-compound-v1,0.1.0,PASS,STALE
L1-007,2025-03-19,2.3516556682753986,percent,FRED-derived,DFII5,DFII10,docs/phase2-ingestion/data/macro/raw/fred/DFII5-20260821T015236Z.json,docs/phase2-ingestion/data/macro/raw/fred/DFII10-20260821T015235Z.json,f092dfcc7b003910593614dedb12c59fe399d0a0e1dcc26f4eb423fb3bb7b7b3,dbaf1dee142b5509e1bf9302fb5280656ce6c577224707f82b80f876b57e2ee8,2026-08-21T01:52:36.562263+00:00,2026-08-21T01:52:35.579018+00:00,5y5y-real-forward-compound-v1,0.1.0,PASS,STALE
L1-007,2025-03-20,2.361821674876885,percent,FRED-derived,DFII5,DFII10,docs/phase2-ingestion/data/macro/raw/fred/DFII5-20260821T015236Z.json,docs/phase2-ingestion/data/macro/raw/fred/DFII10-20260821T015235Z.json,f092dfcc7b003910593614dedb12c59fe399d0a0e1dcc26f4eb423fb3bb7b7b3,dbaf1dee142b5509e1bf9302fb5280656ce6c577224707f82b80f876b57e2ee8,2026-08-21T01:52:36.562263+00:00,2026-08-21T01:52:35.579018+00:00,5y5y-real-forward-compound-v1,0.1.0,PASS,STALE
L1-007,2025-03-21,2.3518218543699065,percent,FRED-derived,DFII5,DFII10,docs/phase2-ingestion/data/macro/raw/fred/DFII5-20260821T015236Z.json,docs/phase2-ingestion/data/macro/raw/fred/DFII10-20260821T015235Z.json,f092dfcc7b003910593614dedb12c59fe399d0a0e1dcc26f4eb423fb3bb7b7b3,dbaf1dee142b5509e1bf9302fb5280656ce6c577224707f82b80f876b57e2ee8,2026-08-21T01:52:36.562263+00:00,2026-08-21T01:52:35.579018+00:00,5y5y-real-forward-compound-v1,0.1.0,PASS,STALE
L1-007,2025-03-24,2.4118207779419087,percent,FRED-derived,DFII5,DFII10,docs/phase2-ingestion/data/macro/raw/fred/DFII5-20260821T015236Z.json,docs/phase2-ingestion/data/macro/raw/fred/DFII10-20260821T015235Z.json,f092dfcc7b003910593614dedb12c59fe399d0a0e1dcc26f4eb423fb3bb7b7b3,dbaf1dee142b5509e1bf9302fb5280656ce6c577224707f82b80f876b57e2ee8,2026-08-21T01:52:36.562263+00:00,2026-08-21T01:52:35.579018+00:00,5y5y-real-forward-compound-v1,0.1.0,PASS,STALE
L1-007,2025-03-25,2.4119948773520195,percent,FRED-derived,DFII5,DFII10,docs/phase2-ingestion/data/macro/raw/fred/DFII5-20260821T015236Z.json,docs/phase2-ingestion/data/macro/raw/fred/DFII10-20260821T015235Z.json,f092dfcc7b003910593614dedb12c59fe399d0a0e1dcc26f4eb423fb3bb7b7b3,dbaf1dee142b5509e1bf9302fb5280656ce6c577224707f82b80f876b57e2ee8,2026-08-21T01:52:36.562263+00:00,2026-08-21T01:52:35.579018+00:00,5y5y-real-forward-compound-v1,0.1.0,PASS,STALE
L1-007,2025-03-26,2.4420843183609042,percent,FRED-derived,DFII5,DFII10,docs/phase2-ingestion/data/macro/raw/fred/DFII5-20260821T015236Z.json,docs/phase2-ingestion/data/macro/raw/fred/DFII10-20260821T015235Z.json,f092dfcc7b003910593614dedb12c59fe399d0a0e1dcc26f4eb423fb3bb7b7b3,dbaf1dee142b5509e1bf9302fb5280656ce6c577224707f82b80f876b57e2ee8,2026-08-21T01:52:36.562263+00:00,2026-08-21T01:52:35.579018+00:00,5y5y-real-forward-compound-v1,0.1.0,PASS,STALE
L1-007,2025-03-27,2.492463296876557,percent,FRED-derived,DFII5,DFII10,docs/phase2-ingestion/data/macro/raw/fred/DFII5-20260821T015236Z.json,docs/phase2-ingestion/data/macro/raw/fred/DFII10-20260821T015235Z.json,f092dfcc7b003910593614dedb12c59fe399d0a0e1dcc26f4eb423fb3bb7b7b3,dbaf1dee142b5509e1bf9302fb5280656ce6c577224707f82b80f876b57e2ee8,2026-08-21T01:52:36.562263+00:00,2026-08-21T01:52:35.579018+00:00,5y5y-real-forward-compound-v1,0.1.0,PASS,STALE
L1-007,2025-03-28,2.4024654832346837,percent,FRED-derived,DFII5,DFII10,docs/phase2-ingestion/data/macro/raw/fred/DFII5-20260821T015236Z.json,docs/phase2-ingestion/data/macro/raw/fred/DFII10-20260821T015235Z.json,f092dfcc7b003910593614dedb12c59fe399d0a0e1dcc26f4eb423fb3bb7b7b3,dbaf1dee142b5509e1bf9302fb5280656ce6c577224707f82b80f876b57e2ee8,2026-08-21T01:52:36.562263+00:00,2026-08-21T01:52:35.579018+00:00,5y5y-real-forward-compound-v1,0.1.0,PASS,STALE
L1-007,2025-03-31,2.3524666995559773,percent,FRED-derived,DFII5,DFII10,docs/phase2-ingestion/data/macro/raw/fred/DFII5-20260821T015236Z.json,docs/phase2-ingestion/data/macro/raw/fred/DFII10-20260821T015235Z.json,f092dfcc7b003910593614dedb12c59fe399d0a0e1dcc26f4eb423fb3bb7b7b3,dbaf1dee142b5509e1bf9302fb5280656ce6c577224707f82b80f876b57e2ee8,2026-08-21T01:52:36.562263+00:00,2026-08-21T01:52:35.579018+00:00,5y5y-real-forward-compound-v1,0.1.0,PASS,STALE
L1-007,2025-04-01,2.312179145703852,percent,FRED-derived,DFII5,DFII10,docs/phase2-ingestion/data/macro/raw/fred/DFII5-20260821T015236Z.json,docs/phase2-ingestion/data/macro/raw/fred/DFII10-20260821T015235Z.json,f092dfcc7b003910593614dedb12c59fe399d0a0e1dcc26f4eb423fb3bb7b7b3,dbaf1dee142b5509e1bf9302fb5280656ce6c577224707f82b80f876b57e2ee8,2026-08-21T01:52:36.562263+00:00,2026-08-21T01:52:35.579018+00:00,5y5y-real-forward-compound-v1,0.1.0,PASS,STALE
L1-007,2025-04-02,2.3219085173501464,percent,FRED-derived,DFII5,DFII10,docs/phase2-ingestion/data/macro/raw/fred/DFII5-20260821T015236Z.json,docs/phase2-ingestion/data/macro/raw/fred/DFII10-20260821T015235Z.json,f092dfcc7b003910593614dedb12c59fe399d0a0e1dcc26f4eb423fb3bb7b7b3,dbaf1dee142b5509e1bf9302fb5280656ce6c577224707f82b80f876b57e2ee8,2026-08-21T01:52:36.562263+00:00,2026-08-21T01:52:35.579018+00:00,5y5y-real-forward-compound-v1,0.1.0,PASS,STALE
L1-007,2025-04-03,2.312774320987665,percent,FRED-derived,DFII5,DFII10,docs/phase2-ingestion/data/macro/raw/fred/DFII5-20260821T015236Z.json,docs/phase2-ingestion/data/macro/raw/fred/DFII10-20260821T015235Z.json,f092dfcc7b003910593614dedb12c59fe399d0a0e1dcc26f4eb423fb3bb7b7b3,dbaf1dee142b5509e1bf9302fb5280656ce6c577224707f82b80f876b57e2ee8,2026-08-21T01:52:36.562263+00:00,2026-08-21T01:52:35.579018+00:00,5y5y-real-forward-compound-v1,0.1.0,PASS,STALE
L1-007,2025-04-04,2.2819974353915917,percent,FRED-derived,DFII5,DFII10,docs/phase2-ingestion/data/macro/raw/fred/DFII5-20260821T015236Z.json,docs/phase2-ingestion/data/macro/raw/fred/DFII10-20260821T015235Z.json,f092dfcc7b003910593614dedb12c59fe399d0a0e1dcc26f4eb423fb3bb7b7b3,dbaf1dee142b5509e1bf9302fb5280656ce6c577224707f82b80f876b57e2ee8,2026-08-21T01:52:36.562263+00:00,2026-08-21T01:52:35.579018+00:00,5y5y-real-forward-compound-v1,0.1.0,PASS,STALE
L1-007,2025-04-07,2.4119948773520195,percent,FRED-derived,DFII5,DFII10,docs/phase2-ingestion/data/macro/raw/fred/DFII5-20260821T015236Z.json,docs/phase2-ingestion/data/macro/raw/fred/DFII10-20260821T015235Z.json,f092dfcc7b003910593614dedb12c59fe399d0a0e1dcc26f4eb423fb3bb7b7b3,dbaf1dee142b5509e1bf9302fb5280656ce6c577224707f82b80f876b57e2ee8,2026-08-21T01:52:36.562263+00:00,2026-08-21T01:52:35.579018+00:00,5y5y-real-forward-compound-v1,0.1.0,PASS,STALE
L1-007,2025-04-08,2.5525618043927834,percent,FRED-derived,DFII5,DFII10,docs/phase2-ingestion/data/macro/raw/fred/DFII5-20260821T015236Z.json,docs/phase2-ingestion/data/macro/raw/fred/DFII10-20260821T015235Z.json,f092dfcc7b003910593614dedb12c59fe399d0a0e1dcc26f4eb423fb3bb7b7b3,dbaf1dee142b5509e1bf9302fb5280656ce6c577224707f82b80f876b57e2ee8,2026-08-21T01:52:36.562263+00:00,2026-08-21T01:52:35.579018+00:00,5y5y-real-forward-compound-v1,0.1.0,PASS,STALE
L1-007,2025-04-09,2.5320824721976054,percent,FRED-derived,DFII5,DFII10,docs/phase2-ingestion/data/macro/raw/fred/DFII5-20260821T015236Z.json,docs/phase2-ingestion/data/macro/raw/fred/DFII10-20260821T015235Z.json,f092dfcc7b003910593614dedb12c59fe399d0a0e1dcc26f4eb423fb3bb7b7b3,dbaf1dee142b5509e1bf9302fb5280656ce6c577224707f82b80f876b57e2ee8,2026-08-21T01:52:36.562263+00:00,2026-08-21T01:52:35.579018+00:00,5y5y-real-forward-compound-v1,0.1.0,PASS,STALE
L1-007,2025-04-10,2.702360401101056,percent,FRED-derived,DFII5,DFII10,docs/phase2-ingestion/data/macro/raw/fred/DFII5-20260821T015236Z.json,docs/phase2-ingestion/data/macro/raw/fred/DFII10-20260821T015235Z.json,f092dfcc7b003910593614dedb12c59fe399d0a0e1dcc26f4eb423fb3bb7b7b3,dbaf1dee142b5509e1bf9302fb5280656ce6c577224707f82b80f876b57e2ee8,2026-08-21T01:52:36.562263+00:00,2026-08-21T01:52:35.579018+00:00,5y5y-real-forward-compound-v1,0.1.0,PASS,STALE
L1-007,2025-04-11,2.7420781771754,percent,FRED-derived,DFII5,DFII10,docs/phase2-ingestion/data/macro/raw/fred/DFII5-20260821T015236Z.json,docs/phase2-ingestion/data/macro/raw/fred/DFII10-20260821T015235Z.json,f092dfcc7b003910593614dedb12c59fe399d0a0e1dcc26f4eb423fb3bb7b7b3,dbaf1dee142b5509e1bf9302fb5280656ce6c577224707f82b80f876b57e2ee8,2026-08-21T01:52:36.562263+00:00,2026-08-21T01:52:35.579018+00:00,5y5y-real-forward-compound-v1,0.1.0,PASS,STALE
L1-007,2025-04-14,2.6322661552080406,percent,FRED-derived,DFII5,DFII10,docs/phase2-ingestion/data/macro/raw/fred/DFII5-20260821T015236Z.json,docs/phase2-ingestion/data/macro/raw/fred/DFII10-20260821T015235Z.json,f092dfcc7b003910593614dedb12c59fe399d0a0e1dcc26f4eb423fb3bb7b7b3,dbaf1dee142b5509e1bf9302fb5280656ce6c577224707f82b80f876b57e2ee8,2026-08-21T01:52:36.562263+00:00,2026-08-21T01:52:35.579018+00:00,5y5y-real-forward-compound-v1,0.1.0,PASS,STALE
L1-007,2025-04-15,2.652361561916017,percent,FRED-derived,DFII5,DFII10,docs/phase2-ingestion/data/macro/raw/fred/DFII5-20260821T015236Z.json,docs/phase2-ingestion/data/macro/raw/fred/DFII10-20260821T015235Z.json,f092dfcc7b003910593614dedb12c59fe399d0a0e1dcc26f4eb423fb3bb7b7b3,dbaf1dee142b5509e1bf9302fb5280656ce6c577224707f82b80f876b57e2ee8,2026-08-21T01:52:36.562263+00:00,2026-08-21T01:52:35.579018+00:00,5y5y-real-forward-compound-v1,0.1.0,PASS,STALE
L1-007,2025-04-16,2.622460145640648,percent,FRED-derived,DFII5,DFII10,docs/phase2-ingestion/data/macro/raw/fred/DFII5-20260821T015236Z.json,docs/phase2-ingestion/data/macro/raw/fred/DFII10-20260821T015235Z.json,f092dfcc7b003910593614dedb12c59fe399d0a0e1dcc26f4eb423fb3bb7b7b3,dbaf1dee142b5509e1bf9302fb5280656ce6c577224707f82b80f876b57e2ee8,2026-08-21T01:52:36.562263+00:00,2026-08-21T01:52:35.579018+00:00,5y5y-real-forward-compound-v1,0.1.0,PASS,STALE
L1-007,2025-04-17,2.5317346838430455,percent,FRED-derived,DFII5,DFII10,docs/phase2-ingestion/data/macro/raw/fred/DFII5-20260821T015236Z.json,docs/phase2-ingestion/data/macro/raw/fred/DFII10-20260821T015235Z.json,f092dfcc7b003910593614dedb12c59fe399d0a0e1dcc26f4eb423fb3bb7b7b3,dbaf1dee142b5509e1bf9302fb5280656ce6c577224707f82b80f876b57e2ee8,2026-08-21T01:52:36.562263+00:00,2026-08-21T01:52:35.579018+00:00,5y5y-real-forward-compound-v1,0.1.0,PASS,STALE
L1-007,2025-04-21,2.682265041289811,percent,FRED-derived,DFII5,DFII10,docs/phase2-ingestion/data/macro/raw/fred/DFII5-20260821T015236Z.json,docs/phase2-ingestion/data/macro/raw/fred/DFII10-20260821T015235Z.json,f092dfcc7b003910593614dedb12c59fe399d0a0e1dcc26f4eb423fb3bb7b7b3,dbaf1dee142b5509e1bf9302fb5280656ce6c577224707f82b80f876b57e2ee8,2026-08-21T01:52:36.562263+00:00,2026-08-21T01:52:35.579018+00:00,5y5y-real-forward-compound-v1,0.1.0,PASS,STALE
L1-007,2025-04-22,2.6020810385523507,percent,FRED-derived,DFII5,DFII10,docs/phase2-ingestion/data/macro/raw/fred/DFII5-20260821T015236Z.json,docs/phase2-ingestion/data/macro/raw/fred/DFII10-20260821T015235Z.json,f092dfcc7b003910593614dedb12c59fe399d0a0e1dcc26f4eb423fb3bb7b7b3,dbaf1dee142b5509e1bf9302fb5280656ce6c577224707f82b80f876b57e2ee8,2026-08-21T01:52:36.562263+00:00,2026-08-21T01:52:35.579018+00:00,5y5y-real-forward-compound-v1,0.1.0,PASS,STALE
L1-007,2025-04-23,2.551904199862287,percent,FRED-derived,DFII5,DFII10,docs/phase2-ingestion/data/macro/raw/fred/DFII5-20260821T015236Z.json,docs/phase2-ingestion/data/macro/raw/fred/DFII10-20260821T015235Z.json,f092dfcc7b003910593614dedb12c59fe399d0a0e1dcc26f4eb423fb3bb7b7b3,dbaf1dee142b5509e1bf9302fb5280656ce6c577224707f82b80f876b57e2ee8,2026-08-21T01:52:36.562263+00:00,2026-08-21T01:52:35.579018+00:00,5y5y-real-forward-compound-v1,0.1.0,PASS,STALE
L1-007,2025-04-24,2.482083497439924,percent,FRED-derived,DFII5,DFII10,docs/phase2-ingestion/data/macro/raw/fred/DFII5-20260821T015236Z.json,docs/phase2-ingestion/data/macro/raw/fred/DFII10-20260821T015235Z.json,f092dfcc7b003910593614dedb12c59fe399d0a0e1dcc26f4eb423fb3bb7b7b3,dbaf1dee142b5509e1bf9302fb5280656ce6c577224707f82b80f876b57e2ee8,2026-08-21T01:52:36.562263+00:00,2026-08-21T01:52:35.579018+00:00,5y5y-real-forward-compound-v1,0.1.0,PASS,STALE
L1-007,2025-04-25,2.482083497439924,percent,FRED-derived,DFII5,DFII10,docs/phase2-ingestion/data/macro/raw/fred/DFII5-20260821T015236Z.json,docs/phase2-ingestion/data/macro/raw/fred/DFII10-20260821T015235Z.json,f092dfcc7b003910593614dedb12c59fe399d0a0e1dcc26f4eb423fb3bb7b7b3,dbaf1dee142b5509e1bf9302fb5280656ce6c577224707f82b80f876b57e2ee8,2026-08-21T01:52:36.562263+00:00,2026-08-21T01:52:35.579018+00:00,5y5y-real-forward-compound-v1,0.1.0,PASS,STALE
L1-007,2025-04-28,2.472365750320238,percent,FRED-derived,DFII5,DFII10,docs/phase2-ingestion/data/macro/raw/fred/DFII5-20260821T015236Z.json,docs/phase2-ingestion/data/macro/raw/fred/DFII10-20260821T015235Z.json,f092dfcc7b003910593614dedb12c59fe399d0a0e1dcc26f4eb423fb3bb7b7b3,dbaf1dee142b5509e1bf9302fb5280656ce6c577224707f82b80f876b57e2ee8,2026-08-21T01:52:36.562263+00:00,2026-08-21T01:52:35.579018+00:00,5y5y-real-forward-compound-v1,0.1.0,PASS,STALE
L1-007,2025-04-29,2.4422703981080263,percent,FRED-derived,DFII5,DFII10,docs/phase2-ingestion/data/macro/raw/fred/DFII5-20260821T015236Z.json,docs/phase2-ingestion/data/macro/raw/fred/DFII10-20260821T015235Z.json,f092dfcc7b003910593614dedb12c59fe399d0a0e1dcc26f4eb423fb3bb7b7b3,dbaf1dee142b5509e1bf9302fb5280656ce6c577224707f82b80f876b57e2ee8,2026-08-21T01:52:36.562263+00:00,2026-08-21T01:52:35.579018+00:00,5y5y-real-forward-compound-v1,0.1.0,PASS,STALE
L1-007,2025-04-30,2.452564330079876,percent,FRED-derived,DFII5,DFII10,docs/phase2-ingestion/data/macro/raw/fred/DFII5-20260821T015236Z.json,docs/phase2-ingestion/data/macro/raw/fred/DFII10-20260821T015235Z.json,f092dfcc7b003910593614dedb12c59fe399d0a0e1dcc26f4eb423fb3bb7b7b3,dbaf1dee142b5509e1bf9302fb5280656ce6c577224707f82b80f876b57e2ee8,2026-08-21T01:52:36.562263+00:00,2026-08-21T01:52:35.579018+00:00,5y5y-real-forward-compound-v1,0.1.0,PASS,STALE
L1-007,2025-05-01,2.4923652842084643,percent,FRED-derived,DFII5,DFII10,docs/phase2-ingestion/data/macro/raw/fred/DFII5-20260821T015236Z.json,docs/phase2-ingestion/data/macro/raw/fred/DFII10-20260821T015235Z.json,f092dfcc7b003910593614dedb12c59fe399d0a0e1dcc26f4eb423fb3bb7b7b3,dbaf1dee142b5509e1bf9302fb5280656ce6c577224707f82b80f876b57e2ee8,2026-08-21T01:52:36.562263+00:00,2026-08-21T01:52:35.579018+00:00,5y5y-real-forward-compound-v1,0.1.0,PASS,STALE
L1-007,2025-05-02,2.5119929140832387,percent,FRED-derived,DFII5,DFII10,docs/phase2-ingestion/data/macro/raw/fred/DFII5-20260821T015236Z.json,docs/phase2-ingestion/data/macro/raw/fred/DFII10-20260821T015235Z.json,f092dfcc7b003910593614dedb12c59fe399d0a0e1dcc26f4eb423fb3bb7b7b3,dbaf1dee142b5509e1bf9302fb5280656ce6c577224707f82b80f876b57e2ee8,2026-08-21T01:52:36.562263+00:00,2026-08-21T01:52:35.579018+00:00,5y5y-real-forward-compound-v1,0.1.0,PASS,STALE
L1-007,2025-05-05,2.542082267270218,percent,FRED-derived,DFII5,DFII10,docs/phase2-ingestion/data/macro/raw/fred/DFII5-20260821T015236Z.json,docs/phase2-ingestion/data/macro/raw/fred/DFII10-20260821T015235Z.json,f092dfcc7b003910593614dedb12c59fe399d0a0e1dcc26f4eb423fb3bb7b7b3,dbaf1dee142b5509e1bf9302fb5280656ce6c577224707f82b80f876b57e2ee8,2026-08-21T01:52:36.562263+00:00,2026-08-21T01:52:35.579018+00:00,5y5y-real-forward-compound-v1,0.1.0,PASS,STALE
L1-007,2025-05-06,2.522268609688849,percent,FRED-derived,DFII5,DFII10,docs/phase2-ingestion/data/macro/raw/fred/DFII5-20260821T015236Z.json,docs/phase2-ingestion/data/macro/raw/fred/DFII10-20260821T015235Z.json,f092dfcc7b003910593614dedb12c59fe399d0a0e1dcc26f4eb423fb3bb7b7b3,dbaf1dee142b5509e1bf9302fb5280656ce6c577224707f82b80f876b57e2ee8,2026-08-21T01:52:36.562263+00:00,2026-08-21T01:52:35.579018+00:00,5y5y-real-forward-compound-v1,0.1.0,PASS,STALE
L1-007,2025-05-07,2.4821754973409327,percent,FRED-derived,DFII5,DFII10,docs/phase2-ingestion/data/macro/raw/fred/DFII5-20260821T015236Z.json,docs/phase2-ingestion/data/macro/raw/fred/DFII10-20260821T015235Z.json,f092dfcc7b003910593614dedb12c59fe399d0a0e1dcc26f4eb423fb3bb7b7b3,dbaf1dee142b5509e1bf9302fb5280656ce6c577224707f82b80f876b57e2ee8,2026-08-21T01:52:36.562263+00:00,2026-08-21T01:52:35.579018+00:00,5y5y-real-forward-compound-v1,0.1.0,PASS,STALE
L1-007,2025-05-08,2.552173998622176,percent,FRED-derived,DFII5,DFII10,docs/phase2-ingestion/data/macro/raw/fred/DFII5-20260821T015236Z.json,docs/phase2-ingestion/data/macro/raw/fred/DFII10-20260821T015235Z.json,f092dfcc7b003910593614dedb12c59fe399d0a0e1dcc26f4eb423fb3bb7b7b3,dbaf1dee142b5509e1bf9302fb5280656ce6c577224707f82b80f876b57e2ee8,2026-08-21T01:52:36.562263+00:00,2026-08-21T01:52:35.579018+00:00,5y5y-real-forward-compound-v1,0.1.0,PASS,STALE
L1-007,2025-05-09,2.552173998622176,percent,FRED-derived,DFII5,DFII10,docs/phase2-ingestion/data/macro/raw/fred/DFII5-20260821T015236Z.json,docs/phase2-ingestion/data/macro/raw/fred/DFII10-20260821T015235Z.json,f092dfcc7b003910593614dedb12c59fe399d0a0e1dcc26f4eb423fb3bb7b7b3,dbaf1dee142b5509e1bf9302fb5280656ce6c577224707f82b80f876b57e2ee8,2026-08-21T01:52:36.562263+00:00,2026-08-21T01:52:35.579018+00:00,5y5y-real-forward-compound-v1,0.1.0,PASS,STALE
L1-007,2025-05-12,2.581733831334776,percent,FRED-derived,DFII5,DFII10,docs/phase2-ingestion/data/macro/raw/fred/DFII5-20260821T015236Z.json,docs/phase2-ingestion/data/macro/raw/fred/DFII10-20260821T015235Z.json,f092dfcc7b003910593614dedb12c59fe399d0a0e1dcc26f4eb423fb3bb7b7b3,dbaf1dee142b5509e1bf9302fb5280656ce6c577224707f82b80f876b57e2ee8,2026-08-21T01:52:36.562263+00:00,2026-08-21T01:52:35.579018+00:00,5y5y-real-forward-compound-v1,0.1.0,PASS,STALE
L1-007,2025-05-13,2.6018173776292564,percent,FRED-derived,DFII5,DFII10,docs/phase2-ingestion/data/macro/raw/fred/DFII5-20260821T015236Z.json,docs/phase2-ingestion/data/macro/raw/fred/DFII10-20260821T015235Z.json,f092dfcc7b003910593614dedb12c59fe399d0a0e1dcc26f4eb423fb3bb7b7b3,dbaf1dee142b5509e1bf9302fb5280656ce6c577224707f82b80f876b57e2ee8,2026-08-21T01:52:36.562263+00:00,2026-08-21T01:52:35.579018+00:00,5y5y-real-forward-compound-v1,0.1.0,PASS,STALE
L1-007,2025-05-14,2.591817556276421,percent,FRED-derived,DFII5,DFII10,docs/phase2-ingestion/data/macro/raw/fred/DFII5-20260821T015236Z.json,docs/phase2-ingestion/data/macro/raw/fred/DFII10-20260821T015235Z.json,f092dfcc7b003910593614dedb12c59fe399d0a0e1dcc26f4eb423fb3bb7b7b3,dbaf1dee142b5509e1bf9302fb5280656ce6c577224707f82b80f876b57e2ee8,2026-08-21T01:52:36.562263+00:00,2026-08-21T01:52:35.579018+00:00,5y5y-real-forward-compound-v1,0.1.0,PASS,STALE
L1-007,2025-05-15,2.5619919338973007,percent,FRED-derived,DFII5,DFII10,docs/phase2-ingestion/data/macro/raw/fred/DFII5-20260821T015236Z.json,docs/phase2-ingestion/data/macro/raw/fred/DFII10-20260821T015235Z.json,f092dfcc7b003910593614dedb12c59fe399d0a0e1dcc26f4eb423fb3bb7b7b3,dbaf1dee142b5509e1bf9302fb5280656ce6c577224707f82b80f876b57e2ee8,2026-08-21T01:52:36.562263+00:00,2026-08-21T01:52:35.579018+00:00,5y5y-real-forward-compound-v1,0.1.0,PASS,STALE
L1-007,2025-05-16,2.5419923258559463,percent,FRED-derived,DFII5,DFII10,docs/phase2-ingestion/data/macro/raw/fred/DFII5-20260821T015236Z.json,docs/phase2-ingestion/data/macro/raw/fred/DFII10-20260821T015235Z.json,f092dfcc7b003910593614dedb12c59fe399d0a0e1dcc26f4eb423fb3bb7b7b3,dbaf1dee142b5509e1bf9302fb5280656ce6c577224707f82b80f876b57e2ee8,2026-08-21T01:52:36.562263+00:00,2026-08-21T01:52:35.579018+00:00,5y5y-real-forward-compound-v1,0.1.0,PASS,STALE
L1-007,2025-05-19,2.5620818575363913,percent,FRED-derived,DFII5,DFII10,docs/phase2-ingestion/data/macro/raw/fred/DFII5-20260821T015236Z.json,docs/phase2-ingestion/data/macro/raw/fred/DFII10-20260821T015235Z.json,f092dfcc7b003910593614dedb12c59fe399d0a0e1dcc26f4eb423fb3bb7b7b3,dbaf1dee142b5509e1bf9302fb5280656ce6c577224707f82b80f876b57e2ee8,2026-08-21T01:52:36.562263+00:00,2026-08-21T01:52:35.579018+00:00,5y5y-real-forward-compound-v1,0.1.0,PASS,STALE
L1-007,2025-05-20,2.6122666010821805,percent,FRED-derived,DFII5,DFII10,docs/phase2-ingestion/data/macro/raw/fred/DFII5-20260821T015236Z.json,docs/phase2-ingestion/data/macro/raw/fred/DFII10-20260821T015235Z.json,f092dfcc7b003910593614dedb12c59fe399d0a0e1dcc26f4eb423fb3bb7b7b3,dbaf1dee142b5509e1bf9302fb5280656ce6c577224707f82b80f876b57e2ee8,2026-08-21T01:52:36.562263+00:00,2026-08-21T01:52:35.579018+00:00,5y5y-real-forward-compound-v1,0.1.0,PASS,STALE
L1-007,2025-05-21,2.7425570192685766,percent,FRED-derived,DFII5,DFII10,docs/phase2-ingestion/data/macro/raw/fred/DFII5-20260821T015236Z.json,docs/phase2-ingestion/data/macro/raw/fred/DFII10-20260821T015235Z.json,f092dfcc7b003910593614dedb12c59fe399d0a0e1dcc26f4eb423fb3bb7b7b3,dbaf1dee142b5509e1bf9302fb5280656ce6c577224707f82b80f876b57e2ee8,2026-08-21T01:52:36.562263+00:00,2026-08-21T01:52:35.579018+00:00,5y5y-real-forward-compound-v1,0.1.0,PASS,STALE
L1-007,2025-05-22,2.7125577736257345,percent,FRED-derived,DFII5,DFII10,docs/phase2-ingestion/data/macro/raw/fred/DFII5-20260821T015236Z.json,docs/phase2-ingestion/data/macro/raw/fred/DFII10-20260821T015235Z.json,f092dfcc7b003910593614dedb12c59fe399d0a0e1dcc26f4eb423fb3bb7b7b3,dbaf1dee142b5509e1bf9302fb5280656ce6c577224707f82b80f876b57e2ee8,2026-08-21T01:52:36.562263+00:00,2026-08-21T01:52:35.579018+00:00,5y5y-real-forward-compound-v1,0.1.0,PASS,STALE
L1-007,2025-05-23,2.6824586939417916,percent,FRED-derived,DFII5,DFII10,docs/phase2-ingestion/data/macro/raw/fred/DFII5-20260821T015236Z.json,docs/phase2-ingestion/data/macro/raw/fred/DFII10-20260821T015235Z.json,f092dfcc7b003910593614dedb12c59fe399d0a0e1dcc26f4eb423fb3bb7b7b3,dbaf1dee142b5509e1bf9302fb5280656ce6c577224707f82b80f876b57e2ee8,2026-08-21T01:52:36.562263+00:00,2026-08-21T01:52:35.579018+00:00,5y5y-real-forward-compound-v1,0.1.0,PASS,STALE
L1-007,2025-05-27,2.5922670471317355,percent,FRED-derived,DFII5,DFII10,docs/phase2-ingestion/data/macro/raw/fred/DFII5-20260821T015236Z.json,docs/phase2-ingestion/data/macro/raw/fred/DFII10-20260821T015235Z.json,f092dfcc7b003910593614dedb12c59fe399d0a0e1dcc26f4eb423fb3bb7b7b3,dbaf1dee142b5509e1bf9302fb5280656ce6c577224707f82b80f876b57e2ee8,2026-08-21T01:52:36.562263+00:00,2026-08-21T01:52:35.579018+00:00,5y5y-real-forward-compound-v1,0.1.0,PASS,STALE
L1-007,2025-05-28,2.6423617942160416,percent,FRED-derived,DFII5,DFII10,docs/phase2-ingestion/data/macro/raw/fred/DFII5-20260821T015236Z.json,docs/phase2-ingestion/data/macro/raw/fred/DFII10-20260821T015235Z.json,f092dfcc7b003910593614dedb12c59fe399d0a0e1dcc26f4eb423fb3bb7b7b3,dbaf1dee142b5509e1bf9302fb5280656ce6c577224707f82b80f876b57e2ee8,2026-08-21T01:52:36.562263+00:00,2026-08-21T01:52:35.579018+00:00,5y5y-real-forward-compound-v1,0.1.0,PASS,STALE
L1-007,2025-05-29,2.6023627238732416,percent,FRED-derived,DFII5,DFII10,docs/phase2-ingestion/data/macro/raw/fred/DFII5-20260821T015236Z.json,docs/phase2-ingestion/data/macro/raw/fred/DFII10-20260821T015235Z.json,f092dfcc7b003910593614dedb12c59fe399d0a0e1dcc26f4eb423fb3bb7b7b3,dbaf1dee142b5509e1bf9302fb5280656ce6c577224707f82b80f876b57e2ee8,2026-08-21T01:52:36.562263+00:00,2026-08-21T01:52:35.579018+00:00,5y5y-real-forward-compound-v1,0.1.0,PASS,STALE
L1-007,2025-05-30,2.5724613566997956,percent,FRED-derived,DFII5,DFII10,docs/phase2-ingestion/data/macro/raw/fred/DFII5-20260821T015236Z.json,docs/phase2-ingestion/data/macro/raw/fred/DFII10-20260821T015235Z.json,f092dfcc7b003910593614dedb12c59fe399d0a0e1dcc26f4eb423fb3bb7b7b3,dbaf1dee142b5509e1bf9302fb5280656ce6c577224707f82b80f876b57e2ee8,2026-08-21T01:52:36.562263+00:00,2026-08-21T01:52:35.579018+00:00,5y5y-real-forward-compound-v1,0.1.0,PASS,STALE
L1-007,2025-06-02,2.6324599035717933,percent,FRED-derived,DFII5,DFII10,docs/phase2-ingestion/data/macro/raw/fred/DFII5-20260821T015236Z.json,docs/phase2-ingestion/data/macro/raw/fred/DFII10-20260821T015235Z.json,f092dfcc7b003910593614dedb12c59fe399d0a0e1dcc26f4eb423fb3bb7b7b3,dbaf1dee142b5509e1bf9302fb5280656ce6c577224707f82b80f876b57e2ee8,2026-08-21T01:52:36.562263+00:00,2026-08-21T01:52:35.579018+00:00,5y5y-real-forward-compound-v1,0.1.0,PASS,STALE
L1-007,2025-06-03,2.6222663781231725,percent,FRED-derived,DFII5,DFII10,docs/phase2-ingestion/data/macro/raw/fred/DFII5-20260821T015236Z.json,docs/phase2-ingestion/data/macro/raw/fred/DFII10-20260821T015235Z.json,f092dfcc7b003910593614dedb12c59fe399d0a0e1dcc26f4eb423fb3bb7b7b3,dbaf1dee142b5509e1bf9302fb5280656ce6c577224707f82b80f876b57e2ee8,2026-08-21T01:52:36.562263+00:00,2026-08-21T01:52:35.579018+00:00,5y5y-real-forward-compound-v1,0.1.0,PASS,STALE
L1-007,2025-06-04,2.5119929140832387,percent,FRED-derived,DFII5,DFII10,docs/phase2-ingestion/data/macro/raw/fred/DFII5-20260821T015236Z.json,docs/phase2-ingestion/data/macro/raw/fred/DFII10-20260821T015235Z.json,f092dfcc7b003910593614dedb12c59fe399d0a0e1dcc26f4eb423fb3bb7b7b3,dbaf1dee142b5509e1bf9302fb5280656ce6c577224707f82b80f876b57e2ee8,2026-08-21T01:52:36.562263+00:00,2026-08-21T01:52:35.579018+00:00,5y5y-real-forward-compound-v1,0.1.0,PASS,STALE
L1-007,2025-06-05,2.541818450039335,percent,FRED-derived,DFII5,DFII10,docs/phase2-ingestion/data/macro/raw/fred/DFII5-20260821T015236Z.json,docs/phase2-ingestion/data/macro/raw/fred/DFII10-20260821T015235Z.json,f092dfcc7b003910593614dedb12c59fe399d0a0e1dcc26f4eb423fb3bb7b7b3,dbaf1dee142b5509e1bf9302fb5280656ce6c577224707f82b80f876b57e2ee8,2026-08-21T01:52:36.562263+00:00,2026-08-21T01:52:35.579018+00:00,5y5y-real-forward-compound-v1,0.1.0,PASS,STALE
L1-007,2025-06-06,2.6217331499312158,percent,FRED-derived,DFII5,DFII10,docs/phase2-ingestion/data/macro/raw/fred/DFII5-20260821T015236Z.json,docs/phase2-ingestion/data/macro/raw/fred/DFII10-20260821T015235Z.json,f092dfcc7b003910593614dedb12c59fe399d0a0e1dcc26f4eb423fb3bb7b7b3,dbaf1dee142b5509e1bf9302fb5280656ce6c577224707f82b80f876b57e2ee8,2026-08-21T01:52:36.562263+00:00,2026-08-21T01:52:35.579018+00:00,5y5y-real-forward-compound-v1,0.1.0,PASS,STALE
L1-007,2025-06-09,2.6118171990171968,percent,FRED-derived,DFII5,DFII10,docs/phase2-ingestion/data/macro/raw/fred/DFII5-20260821T015236Z.json,docs/phase2-ingestion/data/macro/raw/fred/DFII10-20260821T015235Z.json,f092dfcc7b003910593614dedb12c59fe399d0a0e1dcc26f4eb423fb3bb7b7b3,dbaf1dee142b5509e1bf9302fb5280656ce6c577224707f82b80f876b57e2ee8,2026-08-21T01:52:36.562263+00:00,2026-08-21T01:52:35.579018+00:00,5y5y-real-forward-compound-v1,0.1.0,PASS,STALE
L1-007,2025-06-10,2.601733490566027,percent,FRED-derived,DFII5,DFII10,docs/phase2-ingestion/data/macro/raw/fred/DFII5-20260821T015236Z.json,docs/phase2-ingestion/data/macro/raw/fred/DFII10-20260821T015235Z.json,f092dfcc7b003910593614dedb12c59fe399d0a0e1dcc26f4eb423fb3bb7b7b3,dbaf1dee142b5509e1bf9302fb5280656ce6c577224707f82b80f876b57e2ee8,2026-08-21T01:52:36.562263+00:00,2026-08-21T01:52:35.579018+00:00,5y5y-real-forward-compound-v1,0.1.0,PASS,STALE
L1-007,2025-06-11,2.5617341722375286,percent,FRED-derived,DFII5,DFII10,docs/phase2-ingestion/data/macro/raw/fred/DFII5-20260821T015236Z.json,docs/phase2-ingestion/data/macro/raw/fred/DFII10-20260821T015235Z.json,f092dfcc7b003910593614dedb12c59fe399d0a0e1dcc26f4eb423fb3bb7b7b3,dbaf1dee142b5509e1bf9302fb5280656ce6c577224707f82b80f876b57e2ee8,2026-08-21T01:52:36.562263+00:00,2026-08-21T01:52:35.579018+00:00,5y5y-real-forward-compound-v1,0.1.0,PASS,STALE
L1-007,2025-06-12,2.5317346838430455,percent,FRED-derived,DFII5,DFII10,docs/phase2-ingestion/data/macro/raw/fred/DFII5-20260821T015236Z.json,docs/phase2-ingestion/data/macro/raw/fred/DFII10-20260821T015235Z.json,f092dfcc7b003910593614dedb12c59fe399d0a0e1dcc26f4eb423fb3bb7b7b3,dbaf1dee142b5509e1bf9302fb5280656ce6c577224707f82b80f876b57e2ee8,2026-08-21T01:52:36.562263+00:00,2026-08-21T01:52:35.579018+00:00,5y5y-real-forward-compound-v1,0.1.0,PASS,STALE
L1-007,2025-06-13,2.551734342739187,percent,FRED-derived,DFII5,DFII10,docs/phase2-ingestion/data/macro/raw/fred/DFII5-20260821T015236Z.json,docs/phase2-ingestion/data/macro/raw/fred/DFII10-20260821T015235Z.json,f092dfcc7b003910593614dedb12c59fe399d0a0e1dcc26f4eb423fb3bb7b7b3,dbaf1dee142b5509e1bf9302fb5280656ce6c577224707f82b80f876b57e2ee8,2026-08-21T01:52:36.562263+00:00,2026-08-21T01:52:35.579018+00:00,5y5y-real-forward-compound-v1,0.1.0,PASS,STALE
L1-007,2025-06-16,2.6019032638615824,percent,FRED-derived,DFII5,DFII10,docs/phase2-ingestion/data/macro/raw/fred/DFII5-20260821T015236Z.json,docs/phase2-ingestion/data/macro/raw/fred/DFII10-20260821T015235Z.json,f092dfcc7b003910593614dedb12c59fe399d0a0e1dcc26f4eb423fb3bb7b7b3,dbaf1dee142b5509e1bf9302fb5280656ce6c577224707f82b80f876b57e2ee8,2026-08-21T01:52:36.562263+00:00,2026-08-21T01:52:35.579018+00:00,5y5y-real-forward-compound-v1,0.1.0,PASS,STALE
L1-007,2025-06-17,2.5219047619047474,percent,FRED-derived,DFII5,DFII10,docs/phase2-ingestion/data/macro/raw/fred/DFII5-20260821T015236Z.json,docs/phase2-ingestion/data/macro/raw/fred/DFII10-20260821T015235Z.json,f092dfcc7b003910593614dedb12c59fe399d0a0e1dcc26f4eb423fb3bb7b7b3,dbaf1dee142b5509e1bf9302fb5280656ce6c577224707f82b80f876b57e2ee8,2026-08-21T01:52:36.562263+00:00,2026-08-21T01:52:35.579018+00:00,5y5y-real-forward-compound-v1,0.1.0,PASS,STALE
L1-007,2025-06-18,2.5219927179688906,percent,FRED-derived,DFII5,DFII10,docs/phase2-ingestion/data/macro/raw/fred/DFII5-20260821T015236Z.json,docs/phase2-ingestion/data/macro/raw/fred/DFII10-20260821T015235Z.json,f092dfcc7b003910593614dedb12c59fe399d0a0e1dcc26f4eb423fb3bb7b7b3,dbaf1dee142b5509e1bf9302fb5280656ce6c577224707f82b80f876b57e2ee8,2026-08-21T01:52:36.562263+00:00,2026-08-21T01:52:35.579018+00:00,5y5y-real-forward-compound-v1,0.1.0,PASS,STALE
L1-007,2025-06-20,2.5120828821734387,percent,FRED-derived,DFII5,DFII10,docs/phase2-ingestion/data/macro/raw/fred/DFII5-20260821T015236Z.json,docs/phase2-ingestion/data/macro/raw/fred/DFII10-20260821T015235Z.json,f092dfcc7b003910593614dedb12c59fe399d0a0e1dcc26f4eb423fb3bb7b7b3,dbaf1dee142b5509e1bf9302fb5280656ce6c577224707f82b80f876b57e2ee8,2026-08-21T01:52:36.562263+00:00,2026-08-21T01:52:35.579018+00:00,5y5y-real-forward-compound-v1,0.1.0,PASS,STALE
L1-007,2025-06-23,2.5020830872218847,percent,FRED-derived,DFII5,DFII10,docs/phase2-ingestion/data/macro/raw/fred/DFII5-20260821T015236Z.json,docs/phase2-ingestion/data/macro/raw/fred/DFII10-20260821T015235Z.json,f092dfcc7b003910593614dedb12c59fe399d0a0e1dcc26f4eb423fb3bb7b7b3,dbaf1dee142b5509e1bf9302fb5280656ce6c577224707f82b80f876b57e2ee8,2026-08-21T01:52:36.562263+00:00,2026-08-21T01:52:35.579018+00:00,5y5y-real-forward-compound-v1,0.1.0,PASS,STALE
L1-007,2025-06-24,2.461993895234338,percent,FRED-derived,DFII5,DFII10,docs/phase2-ingestion/data/macro/raw/fred/DFII5-20260821T015236Z.json,docs/phase2-ingestion/data/macro/raw/fred/DFII10-20260821T015235Z.json,f092dfcc7b003910593614dedb12c59fe399d0a0e1dcc26f4eb423fb3bb7b7b3,dbaf1dee142b5509e1bf9302fb5280656ce6c577224707f82b80f876b57e2ee8,2026-08-21T01:52:36.562263+00:00,2026-08-21T01:52:35.579018+00:00,5y5y-real-forward-compound-v1,0.1.0,PASS,STALE
L1-007,2025-06-25,2.47208370260954,percent,FRED-derived,DFII5,DFII10,docs/phase2-ingestion/data/macro/raw/fred/DFII5-20260821T015236Z.json,docs/phase2-ingestion/data/macro/raw/fred/DFII10-20260821T015235Z.json,f092dfcc7b003910593614dedb12c59fe399d0a0e1dcc26f4eb423fb3bb7b7b3,dbaf1dee142b5509e1bf9302fb5280656ce6c577224707f82b80f876b57e2ee8,2026-08-21T01:52:36.562263+00:00,2026-08-21T01:52:35.579018+00:00,5y5y-real-forward-compound-v1,0.1.0,PASS,STALE
L1-007,2025-06-26,2.4622699507389267,percent,FRED-derived,DFII5,DFII10,docs/phase2-ingestion/data/macro/raw/fred/DFII5-20260821T015236Z.json,docs/phase2-ingestion/data/macro/raw/fred/DFII10-20260821T015235Z.json,f092dfcc7b003910593614dedb12c59fe399d0a0e1dcc26f4eb423fb3bb7b7b3,dbaf1dee142b5509e1bf9302fb5280656ce6c577224707f82b80f876b57e2ee8,2026-08-21T01:52:36.562263+00:00,2026-08-21T01:52:35.579018+00:00,5y5y-real-forward-compound-v1,0.1.0,PASS,STALE
L1-007,2025-06-27,2.482269503546086,percent,FRED-derived,DFII5,DFII10,docs/phase2-ingestion/data/macro/raw/fred/DFII5-20260821T015236Z.json,docs/phase2-ingestion/data/macro/raw/fred/DFII10-20260821T015235Z.json,f092dfcc7b003910593614dedb12c59fe399d0a0e1dcc26f4eb423fb3bb7b7b3,dbaf1dee142b5509e1bf9302fb5280656ce6c577224707f82b80f876b57e2ee8,2026-08-21T01:52:36.562263+00:00,2026-08-21T01:52:35.579018+00:00,5y5y-real-forward-compound-v1,0.1.0,PASS,STALE
L1-007,2025-06-30,2.422176783602703,percent,FRED-derived,DFII5,DFII10,docs/phase2-ingestion/data/macro/raw/fred/DFII5-20260821T015236Z.json,docs/phase2-ingestion/data/macro/raw/fred/DFII10-20260821T015235Z.json,f092dfcc7b003910593614dedb12c59fe399d0a0e1dcc26f4eb423fb3bb7b7b3,dbaf1dee142b5509e1bf9302fb5280656ce6c577224707f82b80f876b57e2ee8,2026-08-21T01:52:36.562263+00:00,2026-08-21T01:52:35.579018+00:00,5y5y-real-forward-compound-v1,0.1.0,PASS,STALE
L1-007,2025-07-01,2.4219946808510695,percent,FRED-derived,DFII5,DFII10,docs/phase2-ingestion/data/macro/raw/fred/DFII5-20260821T015236Z.json,docs/phase2-ingestion/data/macro/raw/fred/DFII10-20260821T015235Z.json,f092dfcc7b003910593614dedb12c59fe399d0a0e1dcc26f4eb423fb3bb7b7b3,dbaf1dee142b5509e1bf9302fb5280656ce6c577224707f82b80f876b57e2ee8,2026-08-21T01:52:36.562263+00:00,2026-08-21T01:52:35.579018+00:00,5y5y-real-forward-compound-v1,0.1.0,PASS,STALE
L1-007,2025-07-02,2.4721757116123344,percent,FRED-derived,DFII5,DFII10,docs/phase2-ingestion/data/macro/raw/fred/DFII5-20260821T015236Z.json,docs/phase2-ingestion/data/macro/raw/fred/DFII10-20260821T015235Z.json,f092dfcc7b003910593614dedb12c59fe399d0a0e1dcc26f4eb423fb3bb7b7b3,dbaf1dee142b5509e1bf9302fb5280656ce6c577224707f82b80f876b57e2ee8,2026-08-21T01:52:36.562263+00:00,2026-08-21T01:52:35.579018+00:00,5y5y-real-forward-compound-v1,0.1.0,PASS,STALE
L1-007,2025-07-03,2.4719936989268554,percent,FRED-derived,DFII5,DFII10,docs/phase2-ingestion/data/macro/raw/fred/DFII5-20260821T015236Z.json,docs/phase2-ingestion/data/macro/raw/fred/DFII10-20260821T015235Z.json,f092dfcc7b003910593614dedb12c59fe399d0a0e1dcc26f4eb423fb3bb7b7b3,dbaf1dee142b5509e1bf9302fb5280656ce6c577224707f82b80f876b57e2ee8,2026-08-21T01:52:36.562263+00:00,2026-08-21T01:52:35.579018+00:00,5y5y-real-forward-compound-v1,0.1.0,PASS,STALE
L1-007,2025-07-07,2.5423641197321656,percent,FRED-derived,DFII5,DFII10,docs/phase2-ingestion/data/macro/raw/fred/DFII5-20260821T015236Z.json,docs/phase2-ingestion/data/macro/raw/fred/DFII10-20260821T015235Z.json,f092dfcc7b003910593614dedb12c59fe399d0a0e1dcc26f4eb423fb3bb7b7b3,dbaf1dee142b5509e1bf9302fb5280656ce6c577224707f82b80f876b57e2ee8,2026-08-21T01:52:36.562263+00:00,2026-08-21T01:52:35.579018+00:00,5y5y-real-forward-compound-v1,0.1.0,PASS,STALE
L1-007,2025-07-08,2.5421742125984137,percent,FRED-derived,DFII5,DFII10,docs/phase2-ingestion/data/macro/raw/fred/DFII5-20260821T015236Z.json,docs/phase2-ingestion/data/macro/raw/fred/DFII10-20260821T015235Z.json,f092dfcc7b003910593614dedb12c59fe399d0a0e1dcc26f4eb423fb3bb7b7b3,dbaf1dee142b5509e1bf9302fb5280656ce6c577224707f82b80f876b57e2ee8,2026-08-21T01:52:36.562263+00:00,2026-08-21T01:52:35.579018+00:00,5y5y-real-forward-compound-v1,0.1.0,PASS,STALE
L1-007,2025-07-09,2.4821754973409327,percent,FRED-derived,DFII5,DFII10,docs/phase2-ingestion/data/macro/raw/fred/DFII5-20260821T015236Z.json,docs/phase2-ingestion/data/macro/raw/fred/DFII10-20260821T015235Z.json,f092dfcc7b003910593614dedb12c59fe399d0a0e1dcc26f4eb423fb3bb7b7b3,dbaf1dee142b5509e1bf9302fb5280656ce6c577224707f82b80f876b57e2ee8,2026-08-21T01:52:36.562263+00:00,2026-08-21T01:52:35.579018+00:00,5y5y-real-forward-compound-v1,0.1.0,PASS,STALE
L1-007,2025-07-10,2.4821754973409327,percent,FRED-derived,DFII5,DFII10,docs/phase2-ingestion/data/macro/raw/fred/DFII5-20260821T015236Z.json,docs/phase2-ingestion/data/macro/raw/fred/DFII10-20260821T015235Z.json,f092dfcc7b003910593614dedb12c59fe399d0a0e1dcc26f4eb423fb3bb7b7b3,dbaf1dee142b5509e1bf9302fb5280656ce6c577224707f82b80f876b57e2ee8,2026-08-21T01:52:36.562263+00:00,2026-08-21T01:52:35.579018+00:00,5y5y-real-forward-compound-v1,0.1.0,PASS,STALE
L1-007,2025-07-11,2.572561299852283,percent,FRED-derived,DFII5,DFII10,docs/phase2-ingestion/data/macro/raw/fred/DFII5-20260821T015236Z.json,docs/phase2-ingestion/data/macro/raw/fred/DFII10-20260821T015235Z.json,f092dfcc7b003910593614dedb12c59fe399d0a0e1dcc26f4eb423fb3bb7b7b3,dbaf1dee142b5509e1bf9302fb5280656ce6c577224707f82b80f876b57e2ee8,2026-08-21T01:52:36.562263+00:00,2026-08-21T01:52:35.579018+00:00,5y5y-real-forward-compound-v1,0.1.0,PASS,STALE
L1-007,2025-07-14,2.5525618043927834,percent,FRED-derived,DFII5,DFII10,docs/phase2-ingestion/data/macro/raw/fred/DFII5-20260821T015236Z.json,docs/phase2-ingestion/data/macro/raw/fred/DFII10-20260821T015235Z.json,f092dfcc7b003910593614dedb12c59fe399d0a0e1dcc26f4eb423fb3bb7b7b3,dbaf1dee142b5509e1bf9302fb5280656ce6c577224707f82b80f876b57e2ee8,2026-08-21T01:52:36.562263+00:00,2026-08-21T01:52:35.579018+00:00,5y5y-real-forward-compound-v1,0.1.0,PASS,STALE
L1-007,2025-07-15,2.6126622034065017,percent,FRED-derived,DFII5,DFII10,docs/phase2-ingestion/data/macro/raw/fred/DFII5-20260821T015236Z.json,docs/phase2-ingestion/data/macro/raw/fred/DFII10-20260821T015235Z.json,f092dfcc7b003910593614dedb12c59fe399d0a0e1dcc26f4eb423fb3bb7b7b3,dbaf1dee142b5509e1bf9302fb5280656ce6c577224707f82b80f876b57e2ee8,2026-08-21T01:52:36.562263+00:00,2026-08-21T01:52:35.579018+00:00,5y5y-real-forward-compound-v1,0.1.0,PASS,STALE
L1-007,2025-07-16,2.602980295566515,percent,FRED-derived,DFII5,DFII10,docs/phase2-ingestion/data/macro/raw/fred/DFII5-20260821T015236Z.json,docs/phase2-ingestion/data/macro/raw/fred/DFII10-20260821T015235Z.json,f092dfcc7b003910593614dedb12c59fe399d0a0e1dcc26f4eb423fb3bb7b7b3,dbaf1dee142b5509e1bf9302fb5280656ce6c577224707f82b80f876b57e2ee8,2026-08-21T01:52:36.562263+00:00,2026-08-21T01:52:35.579018+00:00,5y5y-real-forward-compound-v1,0.1.0,PASS,STALE
L1-007,2025-07-17,2.6030902640914455,percent,FRED-derived,DFII5,DFII10,docs/phase2-ingestion/data/macro/raw/fred/DFII5-20260821T015236Z.json,docs/phase2-ingestion/data/macro/raw/fred/DFII10-20260821T015235Z.json,f092dfcc7b003910593614dedb12c59fe399d0a0e1dcc26f4eb423fb3bb7b7b3,dbaf1dee142b5509e1bf9302fb5280656ce6c577224707f82b80f876b57e2ee8,2026-08-21T01:52:36.562263+00:00,2026-08-21T01:52:35.579018+00:00,5y5y-real-forward-compound-v1,0.1.0,PASS,STALE
L1-007,2025-07-18,2.6032022471910166,percent,FRED-derived,DFII5,DFII10,docs/phase2-ingestion/data/macro/raw/fred/DFII5-20260821T015236Z.json,docs/phase2-ingestion/data/macro/raw/fred/DFII10-20260821T015235Z.json,f092dfcc7b003910593614dedb12c59fe399d0a0e1dcc26f4eb423fb3bb7b7b3,dbaf1dee142b5509e1bf9302fb5280656ce6c577224707f82b80f876b57e2ee8,2026-08-21T01:52:36.562263+00:00,2026-08-21T01:52:35.579018+00:00,5y5y-real-forward-compound-v1,0.1.0,PASS,STALE
L1-007,2025-07-21,2.5430920922894895,percent,FRED-derived,DFII5,DFII10,docs/phase2-ingestion/data/macro/raw/fred/DFII5-20260821T015236Z.json,docs/phase2-ingestion/data/macro/raw/fred/DFII10-20260821T015235Z.json,f092dfcc7b003910593614dedb12c59fe399d0a0e1dcc26f4eb423fb3bb7b7b3,dbaf1dee142b5509e1bf9302fb5280656ce6c577224707f82b80f876b57e2ee8,2026-08-21T01:52:36.562263+00:00,2026-08-21T01:52:35.579018+00:00,5y5y-real-forward-compound-v1,0.1.0,PASS,STALE
L1-007,2025-07-22,2.5129829405384108,percent,FRED-derived,DFII5,DFII10,docs/phase2-ingestion/data/macro/raw/fred/DFII5-20260821T015236Z.json,docs/phase2-ingestion/data/macro/raw/fred/DFII10-20260821T015235Z.json,f092dfcc7b003910593614dedb12c59fe399d0a0e1dcc26f4eb423fb3bb7b7b3,dbaf1dee142b5509e1bf9302fb5280656ce6c577224707f82b80f876b57e2ee8,2026-08-21T01:52:36.562263+00:00,2026-08-21T01:52:35.579018+00:00,5y5y-real-forward-compound-v1,0.1.0,PASS,STALE
L1-007,2025-07-23,2.562767487684736,percent,FRED-derived,DFII5,DFII10,docs/phase2-ingestion/data/macro/raw/fred/DFII5-20260821T015236Z.json,docs/phase2-ingestion/data/macro/raw/fred/DFII10-20260821T015235Z.json,f092dfcc7b003910593614dedb12c59fe399d0a0e1dcc26f4eb423fb3bb7b7b3,dbaf1dee142b5509e1bf9302fb5280656ce6c577224707f82b80f876b57e2ee8,2026-08-21T01:52:36.562263+00:00,2026-08-21T01:52:35.579018+00:00,5y5y-real-forward-compound-v1,0.1.0,PASS,STALE
L1-007,2025-07-24,2.482463539613722,percent,FRED-derived,DFII5,DFII10,docs/phase2-ingestion/data/macro/raw/fred/DFII5-20260821T015236Z.json,docs/phase2-ingestion/data/macro/raw/fred/DFII10-20260821T015235Z.json,f092dfcc7b003910593614dedb12c59fe399d0a0e1dcc26f4eb423fb3bb7b7b3,dbaf1dee142b5509e1bf9302fb5280656ce6c577224707f82b80f876b57e2ee8,2026-08-21T01:52:36.562263+00:00,2026-08-21T01:52:35.579018+00:00,5y5y-real-forward-compound-v1,0.1.0,PASS,STALE
L1-007,2025-07-25,2.4422703981080263,percent,FRED-derived,DFII5,DFII10,docs/phase2-ingestion/data/macro/raw/fred/DFII5-20260821T015236Z.json,docs/phase2-ingestion/data/macro/raw/fred/DFII10-20260821T015235Z.json,f092dfcc7b003910593614dedb12c59fe399d0a0e1dcc26f4eb423fb3bb7b7b3,dbaf1dee142b5509e1bf9302fb5280656ce6c577224707f82b80f876b57e2ee8,2026-08-21T01:52:36.562263+00:00,2026-08-21T01:52:35.579018+00:00,5y5y-real-forward-compound-v1,0.1.0,PASS,STALE
L1-007,2025-07-28,2.472365750320238,percent,FRED-derived,DFII5,DFII10,docs/phase2-ingestion/data/macro/raw/fred/DFII5-20260821T015236Z.json,docs/phase2-ingestion/data/macro/raw/fred/DFII10-20260821T015235Z.json,f092dfcc7b003910593614dedb12c59fe399d0a0e1dcc26f4eb423fb3bb7b7b3,dbaf1dee142b5509e1bf9302fb5280656ce6c577224707f82b80f876b57e2ee8,2026-08-21T01:52:36.562263+00:00,2026-08-21T01:52:35.579018+00:00,5y5y-real-forward-compound-v1,0.1.0,PASS,STALE
L1-007,2025-07-29,2.402367383159132,percent,FRED-derived,DFII5,DFII10,docs/phase2-ingestion/data/macro/raw/fred/DFII5-20260821T015236Z.json,docs/phase2-ingestion/data/macro/raw/fred/DFII10-20260821T015235Z.json,f092dfcc7b003910593614dedb12c59fe399d0a0e1dcc26f4eb423fb3bb7b7b3,dbaf1dee142b5509e1bf9302fb5280656ce6c577224707f82b80f876b57e2ee8,2026-08-21T01:52:36.562263+00:00,2026-08-21T01:52:35.579018+00:00,5y5y-real-forward-compound-v1,0.1.0,PASS,STALE
L1-007,2025-07-30,2.4422703981080263,percent,FRED-derived,DFII5,DFII10,docs/phase2-ingestion/data/macro/raw/fred/DFII5-20260821T015236Z.json,docs/phase2-ingestion/data/macro/raw/fred/DFII10-20260821T015235Z.json,f092dfcc7b003910593614dedb12c59fe399d0a0e1dcc26f4eb423fb3bb7b7b3,dbaf1dee142b5509e1bf9302fb5280656ce6c577224707f82b80f876b57e2ee8,2026-08-21T01:52:36.562263+00:00,2026-08-21T01:52:35.579018+00:00,5y5y-real-forward-compound-v1,0.1.0,PASS,STALE
L1-007,2025-07-31,2.4622699507389267,percent,FRED-derived,DFII5,DFII10,docs/phase2-ingestion/data/macro/raw/fred/DFII5-20260821T015236Z.json,docs/phase2-ingestion/data/macro/raw/fred/DFII10-20260821T015235Z.json,f092dfcc7b003910593614dedb12c59fe399d0a0e1dcc26f4eb423fb3bb7b7b3,dbaf1dee142b5509e1bf9302fb5280656ce6c577224707f82b80f876b57e2ee8,2026-08-21T01:52:36.562263+00:00,2026-08-21T01:52:35.579018+00:00,5y5y-real-forward-compound-v1,0.1.0,PASS,STALE
L1-007,2025-08-01,2.4125653417496506,percent,FRED-derived,DFII5,DFII10,docs/phase2-ingestion/data/macro/raw/fred/DFII5-20260821T015236Z.json,docs/phase2-ingestion/data/macro/raw/fred/DFII10-20260821T015235Z.json,f092dfcc7b003910593614dedb12c59fe399d0a0e1dcc26f4eb423fb3bb7b7b3,dbaf1dee142b5509e1bf9302fb5280656ce6c577224707f82b80f876b57e2ee8,2026-08-21T01:52:36.562263+00:00,2026-08-21T01:52:35.579018+00:00,5y5y-real-forward-compound-v1,0.1.0,PASS,STALE
L1-007,2025-08-04,2.362566607460015,percent,FRED-derived,DFII5,DFII10,docs/phase2-ingestion/data/macro/raw/fred/DFII5-20260821T015236Z.json,docs/phase2-ingestion/data/macro/raw/fred/DFII10-20260821T015235Z.json,f092dfcc7b003910593614dedb12c59fe399d0a0e1dcc26f4eb423fb3bb7b7b3,dbaf1dee142b5509e1bf9302fb5280656ce6c577224707f82b80f876b57e2ee8,2026-08-21T01:52:36.562263+00:00,2026-08-21T01:52:35.579018+00:00,5y5y-real-forward-compound-v1,0.1.0,PASS,STALE
L1-007,2025-08-05,2.362466456195711,percent,FRED-derived,DFII5,DFII10,docs/phase2-ingestion/data/macro/raw/fred/DFII5-20260821T015236Z.json,docs/phase2-ingestion/data/macro/raw/fred/DFII10-20260821T015235Z.json,f092dfcc7b003910593614dedb12c59fe399d0a0e1dcc26f4eb423fb3bb7b7b3,dbaf1dee142b5509e1bf9302fb5280656ce6c577224707f82b80f876b57e2ee8,2026-08-21T01:52:36.562263+00:00,2026-08-21T01:52:35.579018+00:00,5y5y-real-forward-compound-v1,0.1.0,PASS,STALE
L1-007,2025-08-06,2.392565847883965,percent,FRED-derived,DFII5,DFII10,docs/phase2-ingestion/data/macro/raw/fred/DFII5-20260821T015236Z.json,docs/phase2-ingestion/data/macro/raw/fred/DFII10-20260821T015235Z.json,f092dfcc7b003910593614dedb12c59fe399d0a0e1dcc26f4eb423fb3bb7b7b3,dbaf1dee142b5509e1bf9302fb5280656ce6c577224707f82b80f876b57e2ee8,2026-08-21T01:52:36.562263+00:00,2026-08-21T01:52:35.579018+00:00,5y5y-real-forward-compound-v1,0.1.0,PASS,STALE
L1-007,2025-08-07,2.3824659696192407,percent,FRED-derived,DFII5,DFII10,docs/phase2-ingestion/data/macro/raw/fred/DFII5-20260821T015236Z.json,docs/phase2-ingestion/data/macro/raw/fred/DFII10-20260821T015235Z.json,f092dfcc7b003910593614dedb12c59fe399d0a0e1dcc26f4eb423fb3bb7b7b3,dbaf1dee142b5509e1bf9302fb5280656ce6c577224707f82b80f876b57e2ee8,2026-08-21T01:52:36.562263+00:00,2026-08-21T01:52:35.579018+00:00,5y5y-real-forward-compound-v1,0.1.0,PASS,STALE
L1-007,2025-08-08,2.3824659696192407,percent,FRED-derived,DFII5,DFII10,docs/phase2-ingestion/data/macro/raw/fred/DFII5-20260821T015236Z.json,docs/phase2-ingestion/data/macro/raw/fred/DFII10-20260821T015235Z.json,f092dfcc7b003910593614dedb12c59fe399d0a0e1dcc26f4eb423fb3bb7b7b3,dbaf1dee142b5509e1bf9302fb5280656ce6c577224707f82b80f876b57e2ee8,2026-08-21T01:52:36.562263+00:00,2026-08-21T01:52:35.579018+00:00,5y5y-real-forward-compound-v1,0.1.0,PASS,STALE
L1-007,2025-08-11,2.372466212883473,percent,FRED-derived,DFII5,DFII10,docs/phase2-ingestion/data/macro/raw/fred/DFII5-20260821T015236Z.json,docs/phase2-ingestion/data/macro/raw/fred/DFII10-20260821T015235Z.json,f092dfcc7b003910593614dedb12c59fe399d0a0e1dcc26f4eb423fb3bb7b7b3,dbaf1dee142b5509e1bf9302fb5280656ce6c577224707f82b80f876b57e2ee8,2026-08-21T01:52:36.562263+00:00,2026-08-21T01:52:35.579018+00:00,5y5y-real-forward-compound-v1,0.1.0,PASS,STALE
L1-007,2025-08-12,2.422565088757378,percent,FRED-derived,DFII5,DFII10,docs/phase2-ingestion/data/macro/raw/fred/DFII5-20260821T015236Z.json,docs/phase2-ingestion/data/macro/raw/fred/DFII10-20260821T015235Z.json,f092dfcc7b003910593614dedb12c59fe399d0a0e1dcc26f4eb423fb3bb7b7b3,dbaf1dee142b5509e1bf9302fb5280656ce6c577224707f82b80f876b57e2ee8,2026-08-21T01:52:36.562263+00:00,2026-08-21T01:52:35.579018+00:00,5y5y-real-forward-compound-v1,0.1.0,PASS,STALE
L1-007,2025-08-13,2.392667982239738,percent,FRED-derived,DFII5,DFII10,docs/phase2-ingestion/data/macro/raw/fred/DFII5-20260821T015236Z.json,docs/phase2-ingestion/data/macro/raw/fred/DFII10-20260821T015235Z.json,f092dfcc7b003910593614dedb12c59fe399d0a0e1dcc26f4eb423fb3bb7b7b3,dbaf1dee142b5509e1bf9302fb5280656ce6c577224707f82b80f876b57e2ee8,2026-08-21T01:52:36.562263+00:00,2026-08-21T01:52:35.579018+00:00,5y5y-real-forward-compound-v1,0.1.0,PASS,STALE
L1-007,2025-08-14,2.4125653417496506,percent,FRED-derived,DFII5,DFII10,docs/phase2-ingestion/data/macro/raw/fred/DFII5-20260821T015236Z.json,docs/phase2-ingestion/data/macro/raw/fred/DFII10-20260821T015235Z.json,f092dfcc7b003910593614dedb12c59fe399d0a0e1dcc26f4eb423fb3bb7b7b3,dbaf1dee142b5509e1bf9302fb5280656ce6c577224707f82b80f876b57e2ee8,2026-08-21T01:52:36.562263+00:00,2026-08-21T01:52:35.579018+00:00,5y5y-real-forward-compound-v1,0.1.0,PASS,STALE
L1-007,2025-08-15,2.4726658779453903,percent,FRED-derived,DFII5,DFII10,docs/phase2-ingestion/data/macro/raw/fred/DFII5-20260821T015236Z.json,docs/phase2-ingestion/data/macro/raw/fred/DFII10-20260821T015235Z.json,f092dfcc7b003910593614dedb12c59fe399d0a0e1dcc26f4eb423fb3bb7b7b3,dbaf1dee142b5509e1bf9302fb5280656ce6c577224707f82b80f876b57e2ee8,2026-08-21T01:52:36.562263+00:00,2026-08-21T01:52:35.579018+00:00,5y5y-real-forward-compound-v1,0.1.0,PASS,STALE
L1-007,2025-08-18,2.4826656151419657,percent,FRED-derived,DFII5,DFII10,docs/phase2-ingestion/data/macro/raw/fred/DFII5-20260821T015236Z.json,docs/phase2-ingestion/data/macro/raw/fred/DFII10-20260821T015235Z.json,f092dfcc7b003910593614dedb12c59fe399d0a0e1dcc26f4eb423fb3bb7b7b3,dbaf1dee142b5509e1bf9302fb5280656ce6c577224707f82b80f876b57e2ee8,2026-08-21T01:52:36.562263+00:00,2026-08-21T01:52:35.579018+00:00,5y5y-real-forward-compound-v1,0.1.0,PASS,STALE
L1-007,2025-08-19,2.4726658779453903,percent,FRED-derived,DFII5,DFII10,docs/phase2-ingestion/data/macro/raw/fred/DFII5-20260821T015236Z.json,docs/phase2-ingestion/data/macro/raw/fred/DFII10-20260821T015235Z.json,f092dfcc7b003910593614dedb12c59fe399d0a0e1dcc26f4eb423fb3bb7b7b3,dbaf1dee142b5509e1bf9302fb5280656ce6c577224707f82b80f876b57e2ee8,2026-08-21T01:52:36.562263+00:00,2026-08-21T01:52:35.579018+00:00,5y5y-real-forward-compound-v1,0.1.0,PASS,STALE
L1-007,2025-08-20,2.47276994379253,percent,FRED-derived,DFII5,DFII10,docs/phase2-ingestion/data/macro/raw/fred/DFII5-20260821T015236Z.json,docs/phase2-ingestion/data/macro/raw/fred/DFII10-20260821T015235Z.json,f092dfcc7b003910593614dedb12c59fe399d0a0e1dcc26f4eb423fb3bb7b7b3,dbaf1dee142b5509e1bf9302fb5280656ce6c577224707f82b80f876b57e2ee8,2026-08-21T01:52:36.562263+00:00,2026-08-21T01:52:35.579018+00:00,5y5y-real-forward-compound-v1,0.1.0,PASS,STALE
L1-007,2025-08-21,2.46266614080064,percent,FRED-derived,DFII5,DFII10,docs/phase2-ingestion/data/macro/raw/fred/DFII5-20260821T015236Z.json,docs/phase2-ingestion/data/macro/raw/fred/DFII10-20260821T015235Z.json,f092dfcc7b003910593614dedb12c59fe399d0a0e1dcc26f4eb423fb3bb7b7b3,dbaf1dee142b5509e1bf9302fb5280656ce6c577224707f82b80f876b57e2ee8,2026-08-21T01:52:36.562263+00:00,2026-08-21T01:52:35.579018+00:00,5y5y-real-forward-compound-v1,0.1.0,PASS,STALE
L1-007,2025-08-22,2.4232079383886163,percent,FRED-derived,DFII5,DFII10,docs/phase2-ingestion/data/macro/raw/fred/DFII5-20260821T015236Z.json,docs/phase2-ingestion/data/macro/raw/fred/DFII10-20260821T015235Z.json,f092dfcc7b003910593614dedb12c59fe399d0a0e1dcc26f4eb423fb3bb7b7b3,dbaf1dee142b5509e1bf9302fb5280656ce6c577224707f82b80f876b57e2ee8,2026-08-21T01:52:36.562263+00:00,2026-08-21T01:52:35.579018+00:00,5y5y-real-forward-compound-v1,0.1.0,PASS,STALE
L1-007,2025-08-25,2.4330954496100787,percent,FRED-derived,DFII5,DFII10,docs/phase2-ingestion/data/macro/raw/fred/DFII5-20260821T015236Z.json,docs/phase2-ingestion/data/macro/raw/fred/DFII10-20260821T015235Z.json,f092dfcc7b003910593614dedb12c59fe399d0a0e1dcc26f4eb423fb3bb7b7b3,dbaf1dee142b5509e1bf9302fb5280656ce6c577224707f82b80f876b57e2ee8,2026-08-21T01:52:36.562263+00:00,2026-08-21T01:52:35.579018+00:00,5y5y-real-forward-compound-v1,0.1.0,PASS,STALE
L1-007,2025-08-26,2.433438024691359,percent,FRED-derived,DFII5,DFII10,docs/phase2-ingestion/data/macro/raw/fred/DFII5-20260821T015236Z.json,docs/phase2-ingestion/data/macro/raw/fred/DFII10-20260821T015235Z.json,f092dfcc7b003910593614dedb12c59fe399d0a0e1dcc26f4eb423fb3bb7b7b3,dbaf1dee142b5509e1bf9302fb5280656ce6c577224707f82b80f876b57e2ee8,2026-08-21T01:52:36.562263+00:00,2026-08-21T01:52:35.579018+00:00,5y5y-real-forward-compound-v1,0.1.0,PASS,STALE
L1-007,2025-08-27,2.433798794347264,percent,FRED-derived,DFII5,DFII10,docs/phase2-ingestion/data/macro/raw/fred/DFII5-20260821T015236Z.json,docs/phase2-ingestion/data/macro/raw/fred/DFII10-20260821T015235Z.json,f092dfcc7b003910593614dedb12c59fe399d0a0e1dcc26f4eb423fb3bb7b7b3,dbaf1dee142b5509e1bf9302fb5280656ce6c577224707f82b80f876b57e2ee8,2026-08-21T01:52:36.562263+00:00,2026-08-21T01:52:35.579018+00:00,5y5y-real-forward-compound-v1,0.1.0,PASS,STALE
L1-007,2025-08-28,2.42367687747036,percent,FRED-derived,DFII5,DFII10,docs/phase2-ingestion/data/macro/raw/fred/DFII5-20260821T015236Z.json,docs/phase2-ingestion/data/macro/raw/fred/DFII10-20260821T015235Z.json,f092dfcc7b003910593614dedb12c59fe399d0a0e1dcc26f4eb423fb3bb7b7b3,dbaf1dee142b5509e1bf9302fb5280656ce6c577224707f82b80f876b57e2ee8,2026-08-21T01:52:36.562263+00:00,2026-08-21T01:52:35.579018+00:00,5y5y-real-forward-compound-v1,0.1.0,PASS,STALE
L1-007,2025-08-29,2.433676514178429,percent,FRED-derived,DFII5,DFII10,docs/phase2-ingestion/data/macro/raw/fred/DFII5-20260821T015236Z.json,docs/phase2-ingestion/data/macro/raw/fred/DFII10-20260821T015235Z.json,f092dfcc7b003910593614dedb12c59fe399d0a0e1dcc26f4eb423fb3bb7b7b3,dbaf1dee142b5509e1bf9302fb5280656ce6c577224707f82b80f876b57e2ee8,2026-08-21T01:52:36.562263+00:00,2026-08-21T01:52:35.579018+00:00,5y5y-real-forward-compound-v1,0.1.0,PASS,STALE
L1-007,2025-09-02,2.4836746987951797,percent,FRED-derived,DFII5,DFII10,docs/phase2-ingestion/data/macro/raw/fred/DFII5-20260821T015236Z.json,docs/phase2-ingestion/data/macro/raw/fred/DFII10-20260821T015235Z.json,f092dfcc7b003910593614dedb12c59fe399d0a0e1dcc26f4eb423fb3bb7b7b3,dbaf1dee142b5509e1bf9302fb5280656ce6c577224707f82b80f876b57e2ee8,2026-08-21T01:52:36.562263+00:00,2026-08-21T01:52:35.579018+00:00,5y5y-real-forward-compound-v1,0.1.0,PASS,STALE
L1-007,2025-09-03,2.4134387039415284,percent,FRED-derived,DFII5,DFII10,docs/phase2-ingestion/data/macro/raw/fred/DFII5-20260821T015236Z.json,docs/phase2-ingestion/data/macro/raw/fred/DFII10-20260821T015235Z.json,f092dfcc7b003910593614dedb12c59fe399d0a0e1dcc26f4eb423fb3bb7b7b3,dbaf1dee142b5509e1bf9302fb5280656ce6c577224707f82b80f876b57e2ee8,2026-08-21T01:52:36.562263+00:00,2026-08-21T01:52:35.579018+00:00,5y5y-real-forward-compound-v1,0.1.0,PASS,STALE
L1-007,2025-09-04,2.3733237822349595,percent,FRED-derived,DFII5,DFII10,docs/phase2-ingestion/data/macro/raw/fred/DFII5-20260821T015236Z.json,docs/phase2-ingestion/data/macro/raw/fred/DFII10-20260821T015235Z.json,f092dfcc7b003910593614dedb12c59fe399d0a0e1dcc26f4eb423fb3bb7b7b3,dbaf1dee142b5509e1bf9302fb5280656ce6c577224707f82b80f876b57e2ee8,2026-08-21T01:52:36.562263+00:00,2026-08-21T01:52:35.579018+00:00,5y5y-real-forward-compound-v1,0.1.0,PASS,STALE
L1-007,2025-09-05,2.2930997331224834,percent,FRED-derived,DFII5,DFII10,docs/phase2-ingestion/data/macro/raw/fred/DFII5-20260821T015236Z.json,docs/phase2-ingestion/data/macro/raw/fred/DFII10-20260821T015235Z.json,f092dfcc7b003910593614dedb12c59fe399d0a0e1dcc26f4eb423fb3bb7b7b3,dbaf1dee142b5509e1bf9302fb5280656ce6c577224707f82b80f876b57e2ee8,2026-08-21T01:52:36.562263+00:00,2026-08-21T01:52:35.579018+00:00,5y5y-real-forward-compound-v1,0.1.0,PASS,STALE
L1-007,2025-09-08,2.2428825622775594,percent,FRED-derived,DFII5,DFII10,docs/phase2-ingestion/data/macro/raw/fred/DFII5-20260821T015236Z.json,docs/phase2-ingestion/data/macro/raw/fred/DFII10-20260821T015235Z.json,f092dfcc7b003910593614dedb12c59fe399d0a0e1dcc26f4eb423fb3bb7b7b3,dbaf1dee142b5509e1bf9302fb5280656ce6c577224707f82b80f876b57e2ee8,2026-08-21T01:52:36.562263+00:00,2026-08-21T01:52:35.579018+00:00,5y5y-real-forward-compound-v1,0.1.0,PASS,STALE
L1-007,2025-09-09,2.2628819924886523,percent,FRED-derived,DFII5,DFII10,docs/phase2-ingestion/data/macro/raw/fred/DFII5-20260821T015236Z.json,docs/phase2-ingestion/data/macro/raw/fred/DFII10-20260821T015235Z.json,f092dfcc7b003910593614dedb12c59fe399d0a0e1dcc26f4eb423fb3bb7b7b3,dbaf1dee142b5509e1bf9302fb5280656ce6c577224707f82b80f876b57e2ee8,2026-08-21T01:52:36.562263+00:00,2026-08-21T01:52:35.579018+00:00,5y5y-real-forward-compound-v1,0.1.0,PASS,STALE
L1-007,2025-09-10,2.202570666139536,percent,FRED-derived,DFII5,DFII10,docs/phase2-ingestion/data/macro/raw/fred/DFII5-20260821T015236Z.json,docs/phase2-ingestion/data/macro/raw/fred/DFII10-20260821T015235Z.json,f092dfcc7b003910593614dedb12c59fe399d0a0e1dcc26f4eb423fb3bb7b7b3,dbaf1dee142b5509e1bf9302fb5280656ce6c577224707f82b80f876b57e2ee8,2026-08-21T01:52:36.562263+00:00,2026-08-21T01:52:35.579018+00:00,5y5y-real-forward-compound-v1,0.1.0,PASS,STALE
L1-007,2025-09-11,2.162372998616302,percent,FRED-derived,DFII5,DFII10,docs/phase2-ingestion/data/macro/raw/fred/DFII5-20260821T015236Z.json,docs/phase2-ingestion/data/macro/raw/fred/DFII10-20260821T015235Z.json,f092dfcc7b003910593614dedb12c59fe399d0a0e1dcc26f4eb423fb3bb7b7b3,dbaf1dee142b5509e1bf9302fb5280656ce6c577224707f82b80f876b57e2ee8,2026-08-21T01:52:36.562263+00:00,2026-08-21T01:52:35.579018+00:00,5y5y-real-forward-compound-v1,0.1.0,PASS,STALE
L1-007,2025-09-12,2.192372295227729,percent,FRED-derived,DFII5,DFII10,docs/phase2-ingestion/data/macro/raw/fred/DFII5-20260821T015236Z.json,docs/phase2-ingestion/data/macro/raw/fred/DFII10-20260821T015235Z.json,f092dfcc7b003910593614dedb12c59fe399d0a0e1dcc26f4eb423fb3bb7b7b3,dbaf1dee142b5509e1bf9302fb5280656ce6c577224707f82b80f876b57e2ee8,2026-08-21T01:52:36.562263+00:00,2026-08-21T01:52:35.579018+00:00,5y5y-real-forward-compound-v1,0.1.0,PASS,STALE
L1-007,2025-09-15,2.162276679841879,percent,FRED-derived,DFII5,DFII10,docs/phase2-ingestion/data/macro/raw/fred/DFII5-20260821T015236Z.json,docs/phase2-ingestion/data/macro/raw/fred/DFII10-20260821T015235Z.json,f092dfcc7b003910593614dedb12c59fe399d0a0e1dcc26f4eb423fb3bb7b7b3,dbaf1dee142b5509e1bf9302fb5280656ce6c577224707f82b80f876b57e2ee8,2026-08-21T01:52:36.562263+00:00,2026-08-21T01:52:35.579018+00:00,5y5y-real-forward-compound-v1,0.1.0,PASS,STALE
L1-007,2025-09-16,2.172471088267258,percent,FRED-derived,DFII5,DFII10,docs/phase2-ingestion/data/macro/raw/fred/DFII5-20260821T015236Z.json,docs/phase2-ingestion/data/macro/raw/fred/DFII10-20260821T015235Z.json,f092dfcc7b003910593614dedb12c59fe399d0a0e1dcc26f4eb423fb3bb7b7b3,dbaf1dee142b5509e1bf9302fb5280656ce6c577224707f82b80f876b57e2ee8,2026-08-21T01:52:36.562263+00:00,2026-08-21T01:52:35.579018+00:00,5y5y-real-forward-compound-v1,0.1.0,PASS,STALE
L1-007,2025-09-17,2.172372764107111,percent,FRED-derived,DFII5,DFII10,docs/phase2-ingestion/data/macro/raw/fred/DFII5-20260821T015236Z.json,docs/phase2-ingestion/data/macro/raw/fred/DFII10-20260821T015235Z.json,f092dfcc7b003910593614dedb12c59fe399d0a0e1dcc26f4eb423fb3bb7b7b3,dbaf1dee142b5509e1bf9302fb5280656ce6c577224707f82b80f876b57e2ee8,2026-08-21T01:52:36.562263+00:00,2026-08-21T01:52:35.579018+00:00,5y5y-real-forward-compound-v1,0.1.0,PASS,STALE
L1-007,2025-09-18,2.232469623629374,percent,FRED-derived,DFII5,DFII10,docs/phase2-ingestion/data/macro/raw/fred/DFII5-20260821T015236Z.json,docs/phase2-ingestion/data/macro/raw/fred/DFII10-20260821T015235Z.json,f092dfcc7b003910593614dedb12c59fe399d0a0e1dcc26f4eb423fb3bb7b7b3,dbaf1dee142b5509e1bf9302fb5280656ce6c577224707f82b80f876b57e2ee8,2026-08-21T01:52:36.562263+00:00,2026-08-21T01:52:35.579018+00:00,5y5y-real-forward-compound-v1,0.1.0,PASS,STALE
L1-007,2025-09-19,2.2524691358024818,percent,FRED-derived,DFII5,DFII10,docs/phase2-ingestion/data/macro/raw/fred/DFII5-20260821T015236Z.json,docs/phase2-ingestion/data/macro/raw/fred/DFII10-20260821T015235Z.json,f092dfcc7b003910593614dedb12c59fe399d0a0e1dcc26f4eb423fb3bb7b7b3,dbaf1dee142b5509e1bf9302fb5280656ce6c577224707f82b80f876b57e2ee8,2026-08-21T01:52:36.562263+00:00,2026-08-21T01:52:35.579018+00:00,5y5y-real-forward-compound-v1,0.1.0,PASS,STALE
L1-007,2025-09-22,2.2723704215618756,percent,FRED-derived,DFII5,DFII10,docs/phase2-ingestion/data/macro/raw/fred/DFII5-20260821T015236Z.json,docs/phase2-ingestion/data/macro/raw/fred/DFII10-20260821T015235Z.json,f092dfcc7b003910593614dedb12c59fe399d0a0e1dcc26f4eb423fb3bb7b7b3,dbaf1dee142b5509e1bf9302fb5280656ce6c577224707f82b80f876b57e2ee8,2026-08-21T01:52:36.562263+00:00,2026-08-21T01:52:35.579018+00:00,5y5y-real-forward-compound-v1,0.1.0,PASS,STALE
L1-007,2025-09-23,2.242371123839648,percent,FRED-derived,DFII5,DFII10,docs/phase2-ingestion/data/macro/raw/fred/DFII5-20260821T015236Z.json,docs/phase2-ingestion/data/macro/raw/fred/DFII10-20260821T015235Z.json,f092dfcc7b003910593614dedb12c59fe399d0a0e1dcc26f4eb423fb3bb7b7b3,dbaf1dee142b5509e1bf9302fb5280656ce6c577224707f82b80f876b57e2ee8,2026-08-21T01:52:36.562263+00:00,2026-08-21T01:52:35.579018+00:00,5y5y-real-forward-compound-v1,0.1.0,PASS,STALE
L1-007,2025-09-24,2.282468404423388,percent,FRED-derived,DFII5,DFII10,docs/phase2-ingestion/data/macro/raw/fred/DFII5-20260821T015236Z.json,docs/phase2-ingestion/data/macro/raw/fred/DFII10-20260821T015235Z.json,f092dfcc7b003910593614dedb12c59fe399d0a0e1dcc26f4eb423fb3bb7b7b3,dbaf1dee142b5509e1bf9302fb5280656ce6c577224707f82b80f876b57e2ee8,2026-08-21T01:52:36.562263+00:00,2026-08-21T01:52:35.579018+00:00,5y5y-real-forward-compound-v1,0.1.0,PASS,STALE
L1-007,2025-09-25,2.2721800059212427,percent,FRED-derived,DFII5,DFII10,docs/phase2-ingestion/data/macro/raw/fred/DFII5-20260821T015236Z.json,docs/phase2-ingestion/data/macro/raw/fred/DFII10-20260821T015235Z.json,f092dfcc7b003910593614dedb12c59fe399d0a0e1dcc26f4eb423fb3bb7b7b3,dbaf1dee142b5509e1bf9302fb5280656ce6c577224707f82b80f876b57e2ee8,2026-08-21T01:52:36.562263+00:00,2026-08-21T01:52:35.579018+00:00,5y5y-real-forward-compound-v1,0.1.0,PASS,STALE
L1-007,2025-09-26,2.302273534635879,percent,FRED-derived,DFII5,DFII10,docs/phase2-ingestion/data/macro/raw/fred/DFII5-20260821T015236Z.json,docs/phase2-ingestion/data/macro/raw/fred/DFII10-20260821T015235Z.json,f092dfcc7b003910593614dedb12c59fe399d0a0e1dcc26f4eb423fb3bb7b7b3,dbaf1dee142b5509e1bf9302fb5280656ce6c577224707f82b80f876b57e2ee8,2026-08-21T01:52:36.562263+00:00,2026-08-21T01:52:35.579018+00:00,5y5y-real-forward-compound-v1,0.1.0,PASS,STALE
L1-007,2025-09-29,2.2721800059212427,percent,FRED-derived,DFII5,DFII10,docs/phase2-ingestion/data/macro/raw/fred/DFII5-20260821T015236Z.json,docs/phase2-ingestion/data/macro/raw/fred/DFII10-20260821T015235Z.json,f092dfcc7b003910593614dedb12c59fe399d0a0e1dcc26f4eb423fb3bb7b7b3,dbaf1dee142b5509e1bf9302fb5280656ce6c577224707f82b80f876b57e2ee8,2026-08-21T01:52:36.562263+00:00,2026-08-21T01:52:35.579018+00:00,5y5y-real-forward-compound-v1,0.1.0,PASS,STALE
L1-007,2025-09-30,2.28227398341887,percent,FRED-derived,DFII5,DFII10,docs/phase2-ingestion/data/macro/raw/fred/DFII5-20260821T015236Z.json,docs/phase2-ingestion/data/macro/raw/fred/DFII10-20260821T015235Z.json,f092dfcc7b003910593614dedb12c59fe399d0a0e1dcc26f4eb423fb3bb7b7b3,dbaf1dee142b5509e1bf9302fb5280656ce6c577224707f82b80f876b57e2ee8,2026-08-21T01:52:36.562263+00:00,2026-08-21T01:52:35.579018+00:00,5y5y-real-forward-compound-v1,0.1.0,PASS,STALE
L1-007,2025-10-01,2.252274656925679,percent,FRED-derived,DFII5,DFII10,docs/phase2-ingestion/data/macro/raw/fred/DFII5-20260821T015236Z.json,docs/phase2-ingestion/data/macro/raw/fred/DFII10-20260821T015235Z.json,f092dfcc7b003910593614dedb12c59fe399d0a0e1dcc26f4eb423fb3bb7b7b3,dbaf1dee142b5509e1bf9302fb5280656ce6c577224707f82b80f876b57e2ee8,2026-08-21T01:52:36.562263+00:00,2026-08-21T01:52:35.579018+00:00,5y5y-real-forward-compound-v1,0.1.0,PASS,STALE
L1-007,2025-10-02,2.2220888450148246,percent,FRED-derived,DFII5,DFII10,docs/phase2-ingestion/data/macro/raw/fred/DFII5-20260821T015236Z.json,docs/phase2-ingestion/data/macro/raw/fred/DFII10-20260821T015235Z.json,f092dfcc7b003910593614dedb12c59fe399d0a0e1dcc26f4eb423fb3bb7b7b3,dbaf1dee142b5509e1bf9302fb5280656ce6c577224707f82b80f876b57e2ee8,2026-08-21T01:52:36.562263+00:00,2026-08-21T01:52:35.579018+00:00,5y5y-real-forward-compound-v1,0.1.0,PASS,STALE
L1-007,2025-10-03,2.262088020524966,percent,FRED-derived,DFII5,DFII10,docs/phase2-ingestion/data/macro/raw/fred/DFII5-20260821T015236Z.json,docs/phase2-ingestion/data/macro/raw/fred/DFII10-20260821T015235Z.json,f092dfcc7b003910593614dedb12c59fe399d0a0e1dcc26f4eb423fb3bb7b7b3,dbaf1dee142b5509e1bf9302fb5280656ce6c577224707f82b80f876b57e2ee8,2026-08-21T01:52:36.562263+00:00,2026-08-21T01:52:35.579018+00:00,5y5y-real-forward-compound-v1,0.1.0,PASS,STALE
L1-007,2025-10-06,2.312179145703852,percent,FRED-derived,DFII5,DFII10,docs/phase2-ingestion/data/macro/raw/fred/DFII5-20260821T015236Z.json,docs/phase2-ingestion/data/macro/raw/fred/DFII10-20260821T015235Z.json,f092dfcc7b003910593614dedb12c59fe399d0a0e1dcc26f4eb423fb3bb7b7b3,dbaf1dee142b5509e1bf9302fb5280656ce6c577224707f82b80f876b57e2ee8,2026-08-21T01:52:36.562263+00:00,2026-08-21T01:52:35.579018+00:00,5y5y-real-forward-compound-v1,0.1.0,PASS,STALE
L1-007,2025-10-07,2.262180221081711,percent,FRED-derived,DFII5,DFII10,docs/phase2-ingestion/data/macro/raw/fred/DFII5-20260821T015236Z.json,docs/phase2-ingestion/data/macro/raw/fred/DFII10-20260821T015235Z.json,f092dfcc7b003910593614dedb12c59fe399d0a0e1dcc26f4eb423fb3bb7b7b3,dbaf1dee142b5509e1bf9302fb5280656ce6c577224707f82b80f876b57e2ee8,2026-08-21T01:52:36.562263+00:00,2026-08-21T01:52:35.579018+00:00,5y5y-real-forward-compound-v1,0.1.0,PASS,STALE
L1-007,2025-10-08,2.2319984210007027,percent,FRED-derived,DFII5,DFII10,docs/phase2-ingestion/data/macro/raw/fred/DFII5-20260821T015236Z.json,docs/phase2-ingestion/data/macro/raw/fred/DFII10-20260821T015235Z.json,f092dfcc7b003910593614dedb12c59fe399d0a0e1dcc26f4eb423fb3bb7b7b3,dbaf1dee142b5509e1bf9302fb5280656ce6c577224707f82b80f876b57e2ee8,2026-08-21T01:52:36.562263+00:00,2026-08-21T01:52:35.579018+00:00,5y5y-real-forward-compound-v1,0.1.0,PASS,STALE
L1-007,2025-10-09,2.251998026640356,percent,FRED-derived,DFII5,DFII10,docs/phase2-ingestion/data/macro/raw/fred/DFII5-20260821T015236Z.json,docs/phase2-ingestion/data/macro/raw/fred/DFII10-20260821T015235Z.json,f092dfcc7b003910593614dedb12c59fe399d0a0e1dcc26f4eb423fb3bb7b7b3,dbaf1dee142b5509e1bf9302fb5280656ce6c577224707f82b80f876b57e2ee8,2026-08-21T01:52:36.562263+00:00,2026-08-21T01:52:35.579018+00:00,5y5y-real-forward-compound-v1,0.1.0,PASS,STALE
L1-007,2025-10-10,2.2019990128332,percent,FRED-derived,DFII5,DFII10,docs/phase2-ingestion/data/macro/raw/fred/DFII5-20260821T015236Z.json,docs/phase2-ingestion/data/macro/raw/fred/DFII10-20260821T015235Z.json,f092dfcc7b003910593614dedb12c59fe399d0a0e1dcc26f4eb423fb3bb7b7b3,dbaf1dee142b5509e1bf9302fb5280656ce6c577224707f82b80f876b57e2ee8,2026-08-21T01:52:36.562263+00:00,2026-08-21T01:52:35.579018+00:00,5y5y-real-forward-compound-v1,0.1.0,PASS,STALE
L1-007,2025-10-14,2.1920894638096433,percent,FRED-derived,DFII5,DFII10,docs/phase2-ingestion/data/macro/raw/fred/DFII5-20260821T015236Z.json,docs/phase2-ingestion/data/macro/raw/fred/DFII10-20260821T015235Z.json,f092dfcc7b003910593614dedb12c59fe399d0a0e1dcc26f4eb423fb3bb7b7b3,dbaf1dee142b5509e1bf9302fb5280656ce6c577224707f82b80f876b57e2ee8,2026-08-21T01:52:36.562263+00:00,2026-08-21T01:52:35.579018+00:00,5y5y-real-forward-compound-v1,0.1.0,PASS,STALE
L1-007,2025-10-15,2.2220888450148246,percent,FRED-derived,DFII5,DFII10,docs/phase2-ingestion/data/macro/raw/fred/DFII5-20260821T015236Z.json,docs/phase2-ingestion/data/macro/raw/fred/DFII10-20260821T015235Z.json,f092dfcc7b003910593614dedb12c59fe399d0a0e1dcc26f4eb423fb3bb7b7b3,dbaf1dee142b5509e1bf9302fb5280656ce6c577224707f82b80f876b57e2ee8,2026-08-21T01:52:36.562263+00:00,2026-08-21T01:52:35.579018+00:00,5y5y-real-forward-compound-v1,0.1.0,PASS,STALE
L1-007,2025-10-16,2.1619998024886344,percent,FRED-derived,DFII5,DFII10,docs/phase2-ingestion/data/macro/raw/fred/DFII5-20260821T015236Z.json,docs/phase2-ingestion/data/macro/raw/fred/DFII10-20260821T015235Z.json,f092dfcc7b003910593614dedb12c59fe399d0a0e1dcc26f4eb423fb3bb7b7b3,dbaf1dee142b5509e1bf9302fb5280656ce6c577224707f82b80f876b57e2ee8,2026-08-21T01:52:36.562263+00:00,2026-08-21T01:52:35.579018+00:00,5y5y-real-forward-compound-v1,0.1.0,PASS,STALE
L1-007,2025-10-17,2.2019990128332,percent,FRED-derived,DFII5,DFII10,docs/phase2-ingestion/data/macro/raw/fred/DFII5-20260821T015236Z.json,docs/phase2-ingestion/data/macro/raw/fred/DFII10-20260821T015235Z.json,f092dfcc7b003910593614dedb12c59fe399d0a0e1dcc26f4eb423fb3bb7b7b3,dbaf1dee142b5509e1bf9302fb5280656ce6c577224707f82b80f876b57e2ee8,2026-08-21T01:52:36.562263+00:00,2026-08-21T01:52:35.579018+00:00,5y5y-real-forward-compound-v1,0.1.0,PASS,STALE
L1-007,2025-10-20,2.1819111549852277,percent,FRED-derived,DFII5,DFII10,docs/phase2-ingestion/data/macro/raw/fred/DFII5-20260821T015236Z.json,docs/phase2-ingestion/data/macro/raw/fred/DFII10-20260821T015235Z.json,f092dfcc7b003910593614dedb12c59fe399d0a0e1dcc26f4eb423fb3bb7b7b3,dbaf1dee142b5509e1bf9302fb5280656ce6c577224707f82b80f876b57e2ee8,2026-08-21T01:52:36.562263+00:00,2026-08-21T01:52:35.579018+00:00,5y5y-real-forward-compound-v1,0.1.0,PASS,STALE
L1-007,2025-10-21,2.1419119099348016,percent,FRED-derived,DFII5,DFII10,docs/phase2-ingestion/data/macro/raw/fred/DFII5-20260821T015236Z.json,docs/phase2-ingestion/data/macro/raw/fred/DFII10-20260821T015235Z.json,f092dfcc7b003910593614dedb12c59fe399d0a0e1dcc26f4eb423fb3bb7b7b3,dbaf1dee142b5509e1bf9302fb5280656ce6c577224707f82b80f876b57e2ee8,2026-08-21T01:52:36.562263+00:00,2026-08-21T01:52:35.579018+00:00,5y5y-real-forward-compound-v1,0.1.0,PASS,STALE
L1-007,2025-10-22,2.121912287633343,percent,FRED-derived,DFII5,DFII10,docs/phase2-ingestion/data/macro/raw/fred/DFII5-20260821T015236Z.json,docs/phase2-ingestion/data/macro/raw/fred/DFII10-20260821T015235Z.json,f092dfcc7b003910593614dedb12c59fe399d0a0e1dcc26f4eb423fb3bb7b7b3,dbaf1dee142b5509e1bf9302fb5280656ce6c577224707f82b80f876b57e2ee8,2026-08-21T01:52:36.562263+00:00,2026-08-21T01:52:35.579018+00:00,5y5y-real-forward-compound-v1,0.1.0,PASS,STALE
L1-007,2025-10-23,2.2326722008103372,percent,FRED-derived,DFII5,DFII10,docs/phase2-ingestion/data/macro/raw/fred/DFII5-20260821T015236Z.json,docs/phase2-ingestion/data/macro/raw/fred/DFII10-20260821T015235Z.json,f092dfcc7b003910593614dedb12c59fe399d0a0e1dcc26f4eb423fb3bb7b7b3,dbaf1dee142b5509e1bf9302fb5280656ce6c577224707f82b80f876b57e2ee8,2026-08-21T01:52:36.562263+00:00,2026-08-21T01:52:35.579018+00:00,5y5y-real-forward-compound-v1,0.1.0,PASS,STALE
L1-007,2025-10-24,2.2526716727596208,percent,FRED-derived,DFII5,DFII10,docs/phase2-ingestion/data/macro/raw/fred/DFII5-20260821T015236Z.json,docs/phase2-ingestion/data/macro/raw/fred/DFII10-20260821T015235Z.json,f092dfcc7b003910593614dedb12c59fe399d0a0e1dcc26f4eb423fb3bb7b7b3,dbaf1dee142b5509e1bf9302fb5280656ce6c577224707f82b80f876b57e2ee8,2026-08-21T01:52:36.562263+00:00,2026-08-21T01:52:35.579018+00:00,5y5y-real-forward-compound-v1,0.1.0,PASS,STALE
L1-007,2025-10-27,2.222371592256045,percent,FRED-derived,DFII5,DFII10,docs/phase2-ingestion/data/macro/raw/fred/DFII5-20260821T015236Z.json,docs/phase2-ingestion/data/macro/raw/fred/DFII10-20260821T015235Z.json,f092dfcc7b003910593614dedb12c59fe399d0a0e1dcc26f4eb423fb3bb7b7b3,dbaf1dee142b5509e1bf9302fb5280656ce6c577224707f82b80f876b57e2ee8,2026-08-21T01:52:36.562263+00:00,2026-08-21T01:52:35.579018+00:00,5y5y-real-forward-compound-v1,0.1.0,PASS,STALE
L1-007,2025-10-28,2.182181943895678,percent,FRED-derived,DFII5,DFII10,docs/phase2-ingestion/data/macro/raw/fred/DFII5-20260821T015236Z.json,docs/phase2-ingestion/data/macro/raw/fred/DFII10-20260821T015235Z.json,f092dfcc7b003910593614dedb12c59fe399d0a0e1dcc26f4eb423fb3bb7b7b3,dbaf1dee142b5509e1bf9302fb5280656ce6c577224707f82b80f876b57e2ee8,2026-08-21T01:52:36.562263+00:00,2026-08-21T01:52:35.579018+00:00,5y5y-real-forward-compound-v1,0.1.0,PASS,STALE
L1-007,2025-10-29,2.2319984210007027,percent,FRED-derived,DFII5,DFII10,docs/phase2-ingestion/data/macro/raw/fred/DFII5-20260821T015236Z.json,docs/phase2-ingestion/data/macro/raw/fred/DFII10-20260821T015235Z.json,f092dfcc7b003910593614dedb12c59fe399d0a0e1dcc26f4eb423fb3bb7b7b3,dbaf1dee142b5509e1bf9302fb5280656ce6c577224707f82b80f876b57e2ee8,2026-08-21T01:52:36.562263+00:00,2026-08-21T01:52:35.579018+00:00,5y5y-real-forward-compound-v1,0.1.0,PASS,STALE
L1-007,2025-10-30,2.302273534635879,percent,FRED-derived,DFII5,DFII10,docs/phase2-ingestion/data/macro/raw/fred/DFII5-20260821T015236Z.json,docs/phase2-ingestion/data/macro/raw/fred/DFII10-20260821T015235Z.json,f092dfcc7b003910593614dedb12c59fe399d0a0e1dcc26f4eb423fb3bb7b7b3,dbaf1dee142b5509e1bf9302fb5280656ce6c577224707f82b80f876b57e2ee8,2026-08-21T01:52:36.562263+00:00,2026-08-21T01:52:35.579018+00:00,5y5y-real-forward-compound-v1,0.1.0,PASS,STALE
L1-007,2025-10-31,2.3124676734774363,percent,FRED-derived,DFII5,DFII10,docs/phase2-ingestion/data/macro/raw/fred/DFII5-20260821T015236Z.json,docs/phase2-ingestion/data/macro/raw/fred/DFII10-20260821T015235Z.json,f092dfcc7b003910593614dedb12c59fe399d0a0e1dcc26f4eb423fb3bb7b7b3,dbaf1dee142b5509e1bf9302fb5280656ce6c577224707f82b80f876b57e2ee8,2026-08-21T01:52:36.562263+00:00,2026-08-21T01:52:35.579018+00:00,5y5y-real-forward-compound-v1,0.1.0,PASS,STALE
L1-007,2025-11-03,2.332567367485927,percent,FRED-derived,DFII5,DFII10,docs/phase2-ingestion/data/macro/raw/fred/DFII5-20260821T015236Z.json,docs/phase2-ingestion/data/macro/raw/fred/DFII10-20260821T015235Z.json,f092dfcc7b003910593614dedb12c59fe399d0a0e1dcc26f4eb423fb3bb7b7b3,dbaf1dee142b5509e1bf9302fb5280656ce6c577224707f82b80f876b57e2ee8,2026-08-21T01:52:36.562263+00:00,2026-08-21T01:52:35.579018+00:00,5y5y-real-forward-compound-v1,0.1.0,PASS,STALE
L1-007,2025-11-04,2.3124676734774363,percent,FRED-derived,DFII5,DFII10,docs/phase2-ingestion/data/macro/raw/fred/DFII5-20260821T015236Z.json,docs/phase2-ingestion/data/macro/raw/fred/DFII10-20260821T015235Z.json,f092dfcc7b003910593614dedb12c59fe399d0a0e1dcc26f4eb423fb3bb7b7b3,dbaf1dee142b5509e1bf9302fb5280656ce6c577224707f82b80f876b57e2ee8,2026-08-21T01:52:36.562263+00:00,2026-08-21T01:52:35.579018+00:00,5y5y-real-forward-compound-v1,0.1.0,PASS,STALE
L1-007,2025-11-05,2.372466212883473,percent,FRED-derived,DFII5,DFII10,docs/phase2-ingestion/data/macro/raw/fred/DFII5-20260821T015236Z.json,docs/phase2-ingestion/data/macro/raw/fred/DFII10-20260821T015235Z.json,f092dfcc7b003910593614dedb12c59fe399d0a0e1dcc26f4eb423fb3bb7b7b3,dbaf1dee142b5509e1bf9302fb5280656ce6c577224707f82b80f876b57e2ee8,2026-08-21T01:52:36.562263+00:00,2026-08-21T01:52:35.579018+00:00,5y5y-real-forward-compound-v1,0.1.0,PASS,STALE
L1-007,2025-11-06,2.342567114093952,percent,FRED-derived,DFII5,DFII10,docs/phase2-ingestion/data/macro/raw/fred/DFII5-20260821T015236Z.json,docs/phase2-ingestion/data/macro/raw/fred/DFII10-20260821T015235Z.json,f092dfcc7b003910593614dedb12c59fe399d0a0e1dcc26f4eb423fb3bb7b7b3,dbaf1dee142b5509e1bf9302fb5280656ce6c577224707f82b80f876b57e2ee8,2026-08-21T01:52:36.562263+00:00,2026-08-21T01:52:35.579018+00:00,5y5y-real-forward-compound-v1,0.1.0,PASS,STALE
L1-007,2025-11-07,2.3526690356331814,percent,FRED-derived,DFII5,DFII10,docs/phase2-ingestion/data/macro/raw/fred/DFII5-20260821T015236Z.json,docs/phase2-ingestion/data/macro/raw/fred/DFII10-20260821T015235Z.json,f092dfcc7b003910593614dedb12c59fe399d0a0e1dcc26f4eb423fb3bb7b7b3,dbaf1dee142b5509e1bf9302fb5280656ce6c577224707f82b80f876b57e2ee8,2026-08-21T01:52:36.562263+00:00,2026-08-21T01:52:35.579018+00:00,5y5y-real-forward-compound-v1,0.1.0,PASS,STALE
L1-007,2025-11-10,2.342466942964272,percent,FRED-derived,DFII5,DFII10,docs/phase2-ingestion/data/macro/raw/fred/DFII5-20260821T015236Z.json,docs/phase2-ingestion/data/macro/raw/fred/DFII10-20260821T015235Z.json,f092dfcc7b003910593614dedb12c59fe399d0a0e1dcc26f4eb423fb3bb7b7b3,dbaf1dee142b5509e1bf9302fb5280656ce6c577224707f82b80f876b57e2ee8,2026-08-21T01:52:36.562263+00:00,2026-08-21T01:52:35.579018+00:00,5y5y-real-forward-compound-v1,0.1.0,PASS,STALE
L1-007,2025-11-12,2.3124676734774363,percent,FRED-derived,DFII5,DFII10,docs/phase2-ingestion/data/macro/raw/fred/DFII5-20260821T015236Z.json,docs/phase2-ingestion/data/macro/raw/fred/DFII10-20260821T015235Z.json,f092dfcc7b003910593614dedb12c59fe399d0a0e1dcc26f4eb423fb3bb7b7b3,dbaf1dee142b5509e1bf9302fb5280656ce6c577224707f82b80f876b57e2ee8,2026-08-21T01:52:36.562263+00:00,2026-08-21T01:52:35.579018+00:00,5y5y-real-forward-compound-v1,0.1.0,PASS,STALE
L1-007,2025-11-13,2.3223692520228933,percent,FRED-derived,DFII5,DFII10,docs/phase2-ingestion/data/macro/raw/fred/DFII5-20260821T015236Z.json,docs/phase2-ingestion/data/macro/raw/fred/DFII10-20260821T015235Z.json,f092dfcc7b003910593614dedb12c59fe399d0a0e1dcc26f4eb423fb3bb7b7b3,dbaf1dee142b5509e1bf9302fb5280656ce6c577224707f82b80f876b57e2ee8,2026-08-21T01:52:36.562263+00:00,2026-08-21T01:52:35.579018+00:00,5y5y-real-forward-compound-v1,0.1.0,PASS,STALE
L1-007,2025-11-14,2.362466456195711,percent,FRED-derived,DFII5,DFII10,docs/phase2-ingestion/data/macro/raw/fred/DFII5-20260821T015236Z.json,docs/phase2-ingestion/data/macro/raw/fred/DFII10-20260821T015235Z.json,f092dfcc7b003910593614dedb12c59fe399d0a0e1dcc26f4eb423fb3bb7b7b3,dbaf1dee142b5509e1bf9302fb5280656ce6c577224707f82b80f876b57e2ee8,2026-08-21T01:52:36.562263+00:00,2026-08-21T01:52:35.579018+00:00,5y5y-real-forward-compound-v1,0.1.0,PASS,STALE
L1-007,2025-11-17,2.3524666995559773,percent,FRED-derived,DFII5,DFII10,docs/phase2-ingestion/data/macro/raw/fred/DFII5-20260821T015236Z.json,docs/phase2-ingestion/data/macro/raw/fred/DFII10-20260821T015235Z.json,f092dfcc7b003910593614dedb12c59fe399d0a0e1dcc26f4eb423fb3bb7b7b3,dbaf1dee142b5509e1bf9302fb5280656ce6c577224707f82b80f876b57e2ee8,2026-08-21T01:52:36.562263+00:00,2026-08-21T01:52:35.579018+00:00,5y5y-real-forward-compound-v1,0.1.0,PASS,STALE
L1-007,2025-11-18,2.362566607460015,percent,FRED-derived,DFII5,DFII10,docs/phase2-ingestion/data/macro/raw/fred/DFII5-20260821T015236Z.json,docs/phase2-ingestion/data/macro/raw/fred/DFII10-20260821T015235Z.json,f092dfcc7b003910593614dedb12c59fe399d0a0e1dcc26f4eb423fb3bb7b7b3,dbaf1dee142b5509e1bf9302fb5280656ce6c577224707f82b80f876b57e2ee8,2026-08-21T01:52:36.562263+00:00,2026-08-21T01:52:35.579018+00:00,5y5y-real-forward-compound-v1,0.1.0,PASS,STALE
L1-007,2025-11-19,2.372566354218031,percent,FRED-derived,DFII5,DFII10,docs/phase2-ingestion/data/macro/raw/fred/DFII5-20260821T015236Z.json,docs/phase2-ingestion/data/macro/raw/fred/DFII10-20260821T015235Z.json,f092dfcc7b003910593614dedb12c59fe399d0a0e1dcc26f4eb423fb3bb7b7b3,dbaf1dee142b5509e1bf9302fb5280656ce6c577224707f82b80f876b57e2ee8,2026-08-21T01:52:36.562263+00:00,2026-08-21T01:52:35.579018+00:00,5y5y-real-forward-compound-v1,0.1.0,PASS,STALE
L1-007,2025-11-20,2.3826682455101444,percent,FRED-derived,DFII5,DFII10,docs/phase2-ingestion/data/macro/raw/fred/DFII5-20260821T015236Z.json,docs/phase2-ingestion/data/macro/raw/fred/DFII10-20260821T015235Z.json,f092dfcc7b003910593614dedb12c59fe399d0a0e1dcc26f4eb423fb3bb7b7b3,dbaf1dee142b5509e1bf9302fb5280656ce6c577224707f82b80f876b57e2ee8,2026-08-21T01:52:36.562263+00:00,2026-08-21T01:52:35.579018+00:00,5y5y-real-forward-compound-v1,0.1.0,PASS,STALE
L1-007,2025-11-21,2.342669299111555,percent,FRED-derived,DFII5,DFII10,docs/phase2-ingestion/data/macro/raw/fred/DFII5-20260821T015236Z.json,docs/phase2-ingestion/data/macro/raw/fred/DFII10-20260821T015235Z.json,f092dfcc7b003910593614dedb12c59fe399d0a0e1dcc26f4eb423fb3bb7b7b3,dbaf1dee142b5509e1bf9302fb5280656ce6c577224707f82b80f876b57e2ee8,2026-08-21T01:52:36.562263+00:00,2026-08-21T01:52:35.579018+00:00,5y5y-real-forward-compound-v1,0.1.0,PASS,STALE
L1-007,2025-11-24,2.3124676734774363,percent,FRED-derived,DFII5,DFII10,docs/phase2-ingestion/data/macro/raw/fred/DFII5-20260821T015236Z.json,docs/phase2-ingestion/data/macro/raw/fred/DFII10-20260821T015235Z.json,f092dfcc7b003910593614dedb12c59fe399d0a0e1dcc26f4eb423fb3bb7b7b3,dbaf1dee142b5509e1bf9302fb5280656ce6c577224707f82b80f876b57e2ee8,2026-08-21T01:52:36.562263+00:00,2026-08-21T01:52:35.579018+00:00,5y5y-real-forward-compound-v1,0.1.0,PASS,STALE
L1-007,2025-11-25,2.3025681279621013,percent,FRED-derived,DFII5,DFII10,docs/phase2-ingestion/data/macro/raw/fred/DFII5-20260821T015236Z.json,docs/phase2-ingestion/data/macro/raw/fred/DFII10-20260821T015235Z.json,f092dfcc7b003910593614dedb12c59fe399d0a0e1dcc26f4eb423fb3bb7b7b3,dbaf1dee142b5509e1bf9302fb5280656ce6c577224707f82b80f876b57e2ee8,2026-08-21T01:52:36.562263+00:00,2026-08-21T01:52:35.579018+00:00,5y5y-real-forward-compound-v1,0.1.0,PASS,STALE
L1-007,2025-11-26,2.27246864816828,percent,FRED-derived,DFII5,DFII10,docs/phase2-ingestion/data/macro/raw/fred/DFII5-20260821T015236Z.json,docs/phase2-ingestion/data/macro/raw/fred/DFII10-20260821T015235Z.json,f092dfcc7b003910593614dedb12c59fe399d0a0e1dcc26f4eb423fb3bb7b7b3,dbaf1dee142b5509e1bf9302fb5280656ce6c577224707f82b80f876b57e2ee8,2026-08-21T01:52:36.562263+00:00,2026-08-21T01:52:35.579018+00:00,5y5y-real-forward-compound-v1,0.1.0,PASS,STALE
L1-007,2025-11-28,2.282370187561722,percent,FRED-derived,DFII5,DFII10,docs/phase2-ingestion/data/macro/raw/fred/DFII5-20260821T015236Z.json,docs/phase2-ingestion/data/macro/raw/fred/DFII10-20260821T015235Z.json,f092dfcc7b003910593614dedb12c59fe399d0a0e1dcc26f4eb423fb3bb7b7b3,dbaf1dee142b5509e1bf9302fb5280656ce6c577224707f82b80f876b57e2ee8,2026-08-21T01:52:36.562263+00:00,2026-08-21T01:52:35.579018+00:00,5y5y-real-forward-compound-v1,0.1.0,PASS,STALE
L1-007,2025-12-01,2.3423687845303798,percent,FRED-derived,DFII5,DFII10,docs/phase2-ingestion/data/macro/raw/fred/DFII5-20260821T015236Z.json,docs/phase2-ingestion/data/macro/raw/fred/DFII10-20260821T015235Z.json,f092dfcc7b003910593614dedb12c59fe399d0a0e1dcc26f4eb423fb3bb7b7b3,dbaf1dee142b5509e1bf9302fb5280656ce6c577224707f82b80f876b57e2ee8,2026-08-21T01:52:36.562263+00:00,2026-08-21T01:52:35.579018+00:00,5y5y-real-forward-compound-v1,0.1.0,PASS,STALE
L1-007,2025-12-02,2.3423687845303798,percent,FRED-derived,DFII5,DFII10,docs/phase2-ingestion/data/macro/raw/fred/DFII5-20260821T015236Z.json,docs/phase2-ingestion/data/macro/raw/fred/DFII10-20260821T015235Z.json,f092dfcc7b003910593614dedb12c59fe399d0a0e1dcc26f4eb423fb3bb7b7b3,dbaf1dee142b5509e1bf9302fb5280656ce6c577224707f82b80f876b57e2ee8,2026-08-21T01:52:36.562263+00:00,2026-08-21T01:52:35.579018+00:00,5y5y-real-forward-compound-v1,0.1.0,PASS,STALE
L1-007,2025-12-03,2.3123694858383503,percent,FRED-derived,DFII5,DFII10,docs/phase2-ingestion/data/macro/raw/fred/DFII5-20260821T015236Z.json,docs/phase2-ingestion/data/macro/raw/fred/DFII10-20260821T015235Z.json,f092dfcc7b003910593614dedb12c59fe399d0a0e1dcc26f4eb423fb3bb7b7b3,dbaf1dee142b5509e1bf9302fb5280656ce6c577224707f82b80f876b57e2ee8,2026-08-21T01:52:36.562263+00:00,2026-08-21T01:52:35.579018+00:00,5y5y-real-forward-compound-v1,0.1.0,PASS,STALE
L1-007,2025-12-04,2.3524666995559773,percent,FRED-derived,DFII5,DFII10,docs/phase2-ingestion/data/macro/raw/fred/DFII5-20260821T015236Z.json,docs/phase2-ingestion/data/macro/raw/fred/DFII10-20260821T015235Z.json,f092dfcc7b003910593614dedb12c59fe399d0a0e1dcc26f4eb423fb3bb7b7b3,dbaf1dee142b5509e1bf9302fb5280656ce6c577224707f82b80f876b57e2ee8,2026-08-21T01:52:36.562263+00:00,2026-08-21T01:52:35.579018+00:00,5y5y-real-forward-compound-v1,0.1.0,PASS,STALE
L1-007,2025-12-05,2.3824659696192407,percent,FRED-derived,DFII5,DFII10,docs/phase2-ingestion/data/macro/raw/fred/DFII5-20260821T015236Z.json,docs/phase2-ingestion/data/macro/raw/fred/DFII10-20260821T015235Z.json,f092dfcc7b003910593614dedb12c59fe399d0a0e1dcc26f4eb423fb3bb7b7b3,dbaf1dee142b5509e1bf9302fb5280656ce6c577224707f82b80f876b57e2ee8,2026-08-21T01:52:36.562263+00:00,2026-08-21T01:52:35.579018+00:00,5y5y-real-forward-compound-v1,0.1.0,PASS,STALE
L1-007,2025-12-08,2.3922715173025466,percent,FRED-derived,DFII5,DFII10,docs/phase2-ingestion/data/macro/raw/fred/DFII5-20260821T015236Z.json,docs/phase2-ingestion/data/macro/raw/fred/DFII10-20260821T015235Z.json,f092dfcc7b003910593614dedb12c59fe399d0a0e1dcc26f4eb423fb3bb7b7b3,dbaf1dee142b5509e1bf9302fb5280656ce6c577224707f82b80f876b57e2ee8,2026-08-21T01:52:36.562263+00:00,2026-08-21T01:52:35.579018+00:00,5y5y-real-forward-compound-v1,0.1.0,PASS,STALE
L1-007,2025-12-09,2.38208555095607,percent,FRED-derived,DFII5,DFII10,docs/phase2-ingestion/data/macro/raw/fred/DFII5-20260821T015236Z.json,docs/phase2-ingestion/data/macro/raw/fred/DFII10-20260821T015235Z.json,f092dfcc7b003910593614dedb12c59fe399d0a0e1dcc26f4eb423fb3bb7b7b3,dbaf1dee142b5509e1bf9302fb5280656ce6c577224707f82b80f876b57e2ee8,2026-08-21T01:52:36.562263+00:00,2026-08-21T01:52:35.579018+00:00,5y5y-real-forward-compound-v1,0.1.0,PASS,STALE
L1-007,2025-12-10,2.3622721893491017,percent,FRED-derived,DFII5,DFII10,docs/phase2-ingestion/data/macro/raw/fred/DFII5-20260821T015236Z.json,docs/phase2-ingestion/data/macro/raw/fred/DFII10-20260821T015235Z.json,f092dfcc7b003910593614dedb12c59fe399d0a0e1dcc26f4eb423fb3bb7b7b3,dbaf1dee142b5509e1bf9302fb5280656ce6c577224707f82b80f876b57e2ee8,2026-08-21T01:52:36.562263+00:00,2026-08-21T01:52:35.579018+00:00,5y5y-real-forward-compound-v1,0.1.0,PASS,STALE
L1-007,2025-12-11,2.382367850098599,percent,FRED-derived,DFII5,DFII10,docs/phase2-ingestion/data/macro/raw/fred/DFII5-20260821T015236Z.json,docs/phase2-ingestion/data/macro/raw/fred/DFII10-20260821T015235Z.json,f092dfcc7b003910593614dedb12c59fe399d0a0e1dcc26f4eb423fb3bb7b7b3,dbaf1dee142b5509e1bf9302fb5280656ce6c577224707f82b80f876b57e2ee8,2026-08-21T01:52:36.562263+00:00,2026-08-21T01:52:35.579018+00:00,5y5y-real-forward-compound-v1,0.1.0,PASS,STALE
L1-007,2025-12-12,2.4324647540175715,percent,FRED-derived,DFII5,DFII10,docs/phase2-ingestion/data/macro/raw/fred/DFII5-20260821T015236Z.json,docs/phase2-ingestion/data/macro/raw/fred/DFII10-20260821T015235Z.json,f092dfcc7b003910593614dedb12c59fe399d0a0e1dcc26f4eb423fb3bb7b7b3,dbaf1dee142b5509e1bf9302fb5280656ce6c577224707f82b80f876b57e2ee8,2026-08-21T01:52:36.562263+00:00,2026-08-21T01:52:35.579018+00:00,5y5y-real-forward-compound-v1,0.1.0,PASS,STALE
L1-007,2025-12-15,2.4223669164038064,percent,FRED-derived,DFII5,DFII10,docs/phase2-ingestion/data/macro/raw/fred/DFII5-20260821T015236Z.json,docs/phase2-ingestion/data/macro/raw/fred/DFII10-20260821T015235Z.json,f092dfcc7b003910593614dedb12c59fe399d0a0e1dcc26f4eb423fb3bb7b7b3,dbaf1dee142b5509e1bf9302fb5280656ce6c577224707f82b80f876b57e2ee8,2026-08-21T01:52:36.562263+00:00,2026-08-21T01:52:35.579018+00:00,5y5y-real-forward-compound-v1,0.1.0,PASS,STALE
L1-007,2025-12-16,2.402271293375424,percent,FRED-derived,DFII5,DFII10,docs/phase2-ingestion/data/macro/raw/fred/DFII5-20260821T015236Z.json,docs/phase2-ingestion/data/macro/raw/fred/DFII10-20260821T015235Z.json,f092dfcc7b003910593614dedb12c59fe399d0a0e1dcc26f4eb423fb3bb7b7b3,dbaf1dee142b5509e1bf9302fb5280656ce6c577224707f82b80f876b57e2ee8,2026-08-21T01:52:36.562263+00:00,2026-08-21T01:52:35.579018+00:00,5y5y-real-forward-compound-v1,0.1.0,PASS,STALE
L1-007,2025-12-17,2.402271293375424,percent,FRED-derived,DFII5,DFII10,docs/phase2-ingestion/data/macro/raw/fred/DFII5-20260821T015236Z.json,docs/phase2-ingestion/data/macro/raw/fred/DFII10-20260821T015235Z.json,f092dfcc7b003910593614dedb12c59fe399d0a0e1dcc26f4eb423fb3bb7b7b3,dbaf1dee142b5509e1bf9302fb5280656ce6c577224707f82b80f876b57e2ee8,2026-08-21T01:52:36.562263+00:00,2026-08-21T01:52:35.579018+00:00,5y5y-real-forward-compound-v1,0.1.0,PASS,STALE
L1-007,2025-12-18,2.3622721893491017,percent,FRED-derived,DFII5,DFII10,docs/phase2-ingestion/data/macro/raw/fred/DFII5-20260821T015236Z.json,docs/phase2-ingestion/data/macro/raw/fred/DFII10-20260821T015235Z.json,f092dfcc7b003910593614dedb12c59fe399d0a0e1dcc26f4eb423fb3bb7b7b3,dbaf1dee142b5509e1bf9302fb5280656ce6c577224707f82b80f876b57e2ee8,2026-08-21T01:52:36.562263+00:00,2026-08-21T01:52:35.579018+00:00,5y5y-real-forward-compound-v1,0.1.0,PASS,STALE
L1-007,2025-12-19,2.4123671497584764,percent,FRED-derived,DFII5,DFII10,docs/phase2-ingestion/data/macro/raw/fred/DFII5-20260821T015236Z.json,docs/phase2-ingestion/data/macro/raw/fred/DFII10-20260821T015235Z.json,f092dfcc7b003910593614dedb12c59fe399d0a0e1dcc26f4eb423fb3bb7b7b3,dbaf1dee142b5509e1bf9302fb5280656ce6c577224707f82b80f876b57e2ee8,2026-08-21T01:52:36.562263+00:00,2026-08-21T01:52:35.579018+00:00,5y5y-real-forward-compound-v1,0.1.0,PASS,STALE
L1-007,2025-12-22,2.4222708456534736,percent,FRED-derived,DFII5,DFII10,docs/phase2-ingestion/data/macro/raw/fred/DFII5-20260821T015236Z.json,docs/phase2-ingestion/data/macro/raw/fred/DFII10-20260821T015235Z.json,f092dfcc7b003910593614dedb12c59fe399d0a0e1dcc26f4eb423fb3bb7b7b3,dbaf1dee142b5509e1bf9302fb5280656ce6c577224707f82b80f876b57e2ee8,2026-08-21T01:52:36.562263+00:00,2026-08-21T01:52:35.579018+00:00,5y5y-real-forward-compound-v1,0.1.0,PASS,STALE
L1-007,2025-12-23,2.4020851399290777,percent,FRED-derived,DFII5,DFII10,docs/phase2-ingestion/data/macro/raw/fred/DFII5-20260821T015236Z.json,docs/phase2-ingestion/data/macro/raw/fred/DFII10-20260821T015235Z.json,f092dfcc7b003910593614dedb12c59fe399d0a0e1dcc26f4eb423fb3bb7b7b3,dbaf1dee142b5509e1bf9302fb5280656ce6c577224707f82b80f876b57e2ee8,2026-08-21T01:52:36.562263+00:00,2026-08-21T01:52:35.579018+00:00,5y5y-real-forward-compound-v1,0.1.0,PASS,STALE
L1-007,2025-12-24,2.3619958604375935,percent,FRED-derived,DFII5,DFII10,docs/phase2-ingestion/data/macro/raw/fred/DFII5-20260821T015236Z.json,docs/phase2-ingestion/data/macro/raw/fred/DFII10-20260821T015235Z.json,f092dfcc7b003910593614dedb12c59fe399d0a0e1dcc26f4eb423fb3bb7b7b3,dbaf1dee142b5509e1bf9302fb5280656ce6c577224707f82b80f876b57e2ee8,2026-08-21T01:52:36.562263+00:00,2026-08-21T01:52:35.579018+00:00,5y5y-real-forward-compound-v1,0.1.0,PASS,STALE
L1-007,2025-12-26,2.3619958604375935,percent,FRED-derived,DFII5,DFII10,docs/phase2-ingestion/data/macro/raw/fred/DFII5-20260821T015236Z.json,docs/phase2-ingestion/data/macro/raw/fred/DFII10-20260821T015235Z.json,f092dfcc7b003910593614dedb12c59fe399d0a0e1dcc26f4eb423fb3bb7b7b3,dbaf1dee142b5509e1bf9302fb5280656ce6c577224707f82b80f876b57e2ee8,2026-08-21T01:52:36.562263+00:00,2026-08-21T01:52:35.579018+00:00,5y5y-real-forward-compound-v1,0.1.0,PASS,STALE
L1-007,2025-12-29,2.3620859621450885,percent,FRED-derived,DFII5,DFII10,docs/phase2-ingestion/data/macro/raw/fred/DFII5-20260821T015236Z.json,docs/phase2-ingestion/data/macro/raw/fred/DFII10-20260821T015235Z.json,f092dfcc7b003910593614dedb12c59fe399d0a0e1dcc26f4eb423fb3bb7b7b3,dbaf1dee142b5509e1bf9302fb5280656ce6c577224707f82b80f876b57e2ee8,2026-08-21T01:52:36.562263+00:00,2026-08-21T01:52:35.579018+00:00,5y5y-real-forward-compound-v1,0.1.0,PASS,STALE
L1-007,2025-12-30,2.372177856649893,percent,FRED-derived,DFII5,DFII10,docs/phase2-ingestion/data/macro/raw/fred/DFII5-20260821T015236Z.json,docs/phase2-ingestion/data/macro/raw/fred/DFII10-20260821T015235Z.json,f092dfcc7b003910593614dedb12c59fe399d0a0e1dcc26f4eb423fb3bb7b7b3,dbaf1dee142b5509e1bf9302fb5280656ce6c577224707f82b80f876b57e2ee8,2026-08-21T01:52:36.562263+00:00,2026-08-21T01:52:35.579018+00:00,5y5y-real-forward-compound-v1,0.1.0,PASS,STALE
L1-007,2025-12-31,2.3920853454223234,percent,FRED-derived,DFII5,DFII10,docs/phase2-ingestion/data/macro/raw/fred/DFII5-20260821T015236Z.json,docs/phase2-ingestion/data/macro/raw/fred/DFII10-20260821T015235Z.json,f092dfcc7b003910593614dedb12c59fe399d0a0e1dcc26f4eb423fb3bb7b7b3,dbaf1dee142b5509e1bf9302fb5280656ce6c577224707f82b80f876b57e2ee8,2026-08-21T01:52:36.562263+00:00,2026-08-21T01:52:35.579018+00:00,5y5y-real-forward-compound-v1,0.1.0,PASS,STALE
L1-007,2026-01-02,2.4222708456534736,percent,FRED-derived,DFII5,DFII10,docs/phase2-ingestion/data/macro/raw/fred/DFII5-20260821T015236Z.json,docs/phase2-ingestion/data/macro/raw/fred/DFII10-20260821T015235Z.json,f092dfcc7b003910593614dedb12c59fe399d0a0e1dcc26f4eb423fb3bb7b7b3,dbaf1dee142b5509e1bf9302fb5280656ce6c577224707f82b80f876b57e2ee8,2026-08-21T01:52:36.562263+00:00,2026-08-21T01:52:35.579018+00:00,5y5y-real-forward-compound-v1,0.1.0,PASS,STALE
L1-007,2026-01-05,2.402367383159132,percent,FRED-derived,DFII5,DFII10,docs/phase2-ingestion/data/macro/raw/fred/DFII5-20260821T015236Z.json,docs/phase2-ingestion/data/macro/raw/fred/DFII10-20260821T015235Z.json,f092dfcc7b003910593614dedb12c59fe399d0a0e1dcc26f4eb423fb3bb7b7b3,dbaf1dee142b5509e1bf9302fb5280656ce6c577224707f82b80f876b57e2ee8,2026-08-21T01:52:36.562263+00:00,2026-08-21T01:52:35.579018+00:00,5y5y-real-forward-compound-v1,0.1.0,PASS,STALE
L1-007,2026-01-06,2.402367383159132,percent,FRED-derived,DFII5,DFII10,docs/phase2-ingestion/data/macro/raw/fred/DFII5-20260821T015236Z.json,docs/phase2-ingestion/data/macro/raw/fred/DFII10-20260821T015235Z.json,f092dfcc7b003910593614dedb12c59fe399d0a0e1dcc26f4eb423fb3bb7b7b3,dbaf1dee142b5509e1bf9302fb5280656ce6c577224707f82b80f876b57e2ee8,2026-08-21T01:52:36.562263+00:00,2026-08-21T01:52:35.579018+00:00,5y5y-real-forward-compound-v1,0.1.0,PASS,STALE
L1-007,2026-01-07,2.3622721893491017,percent,FRED-derived,DFII5,DFII10,docs/phase2-ingestion/data/macro/raw/fred/DFII5-20260821T015236Z.json,docs/phase2-ingestion/data/macro/raw/fred/DFII10-20260821T015235Z.json,f092dfcc7b003910593614dedb12c59fe399d0a0e1dcc26f4eb423fb3bb7b7b3,dbaf1dee142b5509e1bf9302fb5280656ce6c577224707f82b80f876b57e2ee8,2026-08-21T01:52:36.562263+00:00,2026-08-21T01:52:35.579018+00:00,5y5y-real-forward-compound-v1,0.1.0,PASS,STALE
L1-007,2026-01-08,2.4123671497584764,percent,FRED-derived,DFII5,DFII10,docs/phase2-ingestion/data/macro/raw/fred/DFII5-20260821T015236Z.json,docs/phase2-ingestion/data/macro/raw/fred/DFII10-20260821T015235Z.json,f092dfcc7b003910593614dedb12c59fe399d0a0e1dcc26f4eb423fb3bb7b7b3,dbaf1dee142b5509e1bf9302fb5280656ce6c577224707f82b80f876b57e2ee8,2026-08-21T01:52:36.562263+00:00,2026-08-21T01:52:35.579018+00:00,5y5y-real-forward-compound-v1,0.1.0,PASS,STALE
L1-007,2026-01-09,2.372177856649893,percent,FRED-derived,DFII5,DFII10,docs/phase2-ingestion/data/macro/raw/fred/DFII5-20260821T015236Z.json,docs/phase2-ingestion/data/macro/raw/fred/DFII10-20260821T015235Z.json,f092dfcc7b003910593614dedb12c59fe399d0a0e1dcc26f4eb423fb3bb7b7b3,dbaf1dee142b5509e1bf9302fb5280656ce6c577224707f82b80f876b57e2ee8,2026-08-21T01:52:36.562263+00:00,2026-08-21T01:52:35.579018+00:00,5y5y-real-forward-compound-v1,0.1.0,PASS,STALE
L1-007,2026-01-12,2.3923676166058394,percent,FRED-derived,DFII5,DFII10,docs/phase2-ingestion/data/macro/raw/fred/DFII5-20260821T015236Z.json,docs/phase2-ingestion/data/macro/raw/fred/DFII10-20260821T015235Z.json,f092dfcc7b003910593614dedb12c59fe399d0a0e1dcc26f4eb423fb3bb7b7b3,dbaf1dee142b5509e1bf9302fb5280656ce6c577224707f82b80f876b57e2ee8,2026-08-21T01:52:36.562263+00:00,2026-08-21T01:52:35.579018+00:00,5y5y-real-forward-compound-v1,0.1.0,PASS,STALE
L1-007,2026-01-13,2.3824659696192407,percent,FRED-derived,DFII5,DFII10,docs/phase2-ingestion/data/macro/raw/fred/DFII5-20260821T015236Z.json,docs/phase2-ingestion/data/macro/raw/fred/DFII10-20260821T015235Z.json,f092dfcc7b003910593614dedb12c59fe399d0a0e1dcc26f4eb423fb3bb7b7b3,dbaf1dee142b5509e1bf9302fb5280656ce6c577224707f82b80f876b57e2ee8,2026-08-21T01:52:36.562263+00:00,2026-08-21T01:52:35.579018+00:00,5y5y-real-forward-compound-v1,0.1.0,PASS,STALE
L1-007,2026-01-14,2.362466456195711,percent,FRED-derived,DFII5,DFII10,docs/phase2-ingestion/data/macro/raw/fred/DFII5-20260821T015236Z.json,docs/phase2-ingestion/data/macro/raw/fred/DFII10-20260821T015235Z.json,f092dfcc7b003910593614dedb12c59fe399d0a0e1dcc26f4eb423fb3bb7b7b3,dbaf1dee142b5509e1bf9302fb5280656ce6c577224707f82b80f876b57e2ee8,2026-08-21T01:52:36.562263+00:00,2026-08-21T01:52:35.579018+00:00,5y5y-real-forward-compound-v1,0.1.0,PASS,STALE
L1-007,2026-01-15,2.352178286165052,percent,FRED-derived,DFII5,DFII10,docs/phase2-ingestion/data/macro/raw/fred/DFII5-20260821T015236Z.json,docs/phase2-ingestion/data/macro/raw/fred/DFII10-20260821T015235Z.json,f092dfcc7b003910593614dedb12c59fe399d0a0e1dcc26f4eb423fb3bb7b7b3,dbaf1dee142b5509e1bf9302fb5280656ce6c577224707f82b80f876b57e2ee8,2026-08-21T01:52:36.562263+00:00,2026-08-21T01:52:35.579018+00:00,5y5y-real-forward-compound-v1,0.1.0,PASS,STALE
L1-007,2026-01-16,2.3922715173025466,percent,FRED-derived,DFII5,DFII10,docs/phase2-ingestion/data/macro/raw/fred/DFII5-20260821T015236Z.json,docs/phase2-ingestion/data/macro/raw/fred/DFII10-20260821T015235Z.json,f092dfcc7b003910593614dedb12c59fe399d0a0e1dcc26f4eb423fb3bb7b7b3,dbaf1dee142b5509e1bf9302fb5280656ce6c577224707f82b80f876b57e2ee8,2026-08-21T01:52:36.562263+00:00,2026-08-21T01:52:35.579018+00:00,5y5y-real-forward-compound-v1,0.1.0,PASS,STALE
L1-007,2026-01-20,2.482563571850993,percent,FRED-derived,DFII5,DFII10,docs/phase2-ingestion/data/macro/raw/fred/DFII5-20260821T015236Z.json,docs/phase2-ingestion/data/macro/raw/fred/DFII10-20260821T015235Z.json,f092dfcc7b003910593614dedb12c59fe399d0a0e1dcc26f4eb423fb3bb7b7b3,dbaf1dee142b5509e1bf9302fb5280656ce6c577224707f82b80f876b57e2ee8,2026-08-21T01:52:36.562263+00:00,2026-08-21T01:52:35.579018+00:00,5y5y-real-forward-compound-v1,0.1.0,PASS,STALE
L1-007,2026-01-21,2.432564835815021,percent,FRED-derived,DFII5,DFII10,docs/phase2-ingestion/data/macro/raw/fred/DFII5-20260821T015236Z.json,docs/phase2-ingestion/data/macro/raw/fred/DFII10-20260821T015235Z.json,f092dfcc7b003910593614dedb12c59fe399d0a0e1dcc26f4eb423fb3bb7b7b3,dbaf1dee142b5509e1bf9302fb5280656ce6c577224707f82b80f876b57e2ee8,2026-08-21T01:52:36.562263+00:00,2026-08-21T01:52:35.579018+00:00,5y5y-real-forward-compound-v1,0.1.0,PASS,STALE
L1-007,2026-01-22,2.4726658779453903,percent,FRED-derived,DFII5,DFII10,docs/phase2-ingestion/data/macro/raw/fred/DFII5-20260821T015236Z.json,docs/phase2-ingestion/data/macro/raw/fred/DFII10-20260821T015235Z.json,f092dfcc7b003910593614dedb12c59fe399d0a0e1dcc26f4eb423fb3bb7b7b3,dbaf1dee142b5509e1bf9302fb5280656ce6c577224707f82b80f876b57e2ee8,2026-08-21T01:52:36.562263+00:00,2026-08-21T01:52:35.579018+00:00,5y5y-real-forward-compound-v1,0.1.0,PASS,STALE
L1-007,2026-01-23,2.4628763069639126,percent,FRED-derived,DFII5,DFII10,docs/phase2-ingestion/data/macro/raw/fred/DFII5-20260821T015236Z.json,docs/phase2-ingestion/data/macro/raw/fred/DFII10-20260821T015235Z.json,f092dfcc7b003910593614dedb12c59fe399d0a0e1dcc26f4eb423fb3bb7b7b3,dbaf1dee142b5509e1bf9302fb5280656ce6c577224707f82b80f876b57e2ee8,2026-08-21T01:52:36.562263+00:00,2026-08-21T01:52:35.579018+00:00,5y5y-real-forward-compound-v1,0.1.0,PASS,STALE
L1-007,2026-01-26,2.4327710367958666,percent,FRED-derived,DFII5,DFII10,docs/phase2-ingestion/data/macro/raw/fred/DFII5-20260821T015236Z.json,docs/phase2-ingestion/data/macro/raw/fred/DFII10-20260821T015235Z.json,f092dfcc7b003910593614dedb12c59fe399d0a0e1dcc26f4eb423fb3bb7b7b3,dbaf1dee142b5509e1bf9302fb5280656ce6c577224707f82b80f876b57e2ee8,2026-08-21T01:52:36.562263+00:00,2026-08-21T01:52:35.579018+00:00,5y5y-real-forward-compound-v1,0.1.0,PASS,STALE
L1-007,2026-01-27,2.463094533254373,percent,FRED-derived,DFII5,DFII10,docs/phase2-ingestion/data/macro/raw/fred/DFII5-20260821T015236Z.json,docs/phase2-ingestion/data/macro/raw/fred/DFII10-20260821T015235Z.json,f092dfcc7b003910593614dedb12c59fe399d0a0e1dcc26f4eb423fb3bb7b7b3,dbaf1dee142b5509e1bf9302fb5280656ce6c577224707f82b80f876b57e2ee8,2026-08-21T01:52:36.562263+00:00,2026-08-21T01:52:35.579018+00:00,5y5y-real-forward-compound-v1,0.1.0,PASS,STALE
L1-007,2026-01-28,2.4732063554721906,percent,FRED-derived,DFII5,DFII10,docs/phase2-ingestion/data/macro/raw/fred/DFII5-20260821T015236Z.json,docs/phase2-ingestion/data/macro/raw/fred/DFII10-20260821T015235Z.json,f092dfcc7b003910593614dedb12c59fe399d0a0e1dcc26f4eb423fb3bb7b7b3,dbaf1dee142b5509e1bf9302fb5280656ce6c577224707f82b80f876b57e2ee8,2026-08-21T01:52:36.562263+00:00,2026-08-21T01:52:35.579018+00:00,5y5y-real-forward-compound-v1,0.1.0,PASS,STALE
L1-007,2026-01-29,2.5036739731437496,percent,FRED-derived,DFII5,DFII10,docs/phase2-ingestion/data/macro/raw/fred/DFII5-20260821T015236Z.json,docs/phase2-ingestion/data/macro/raw/fred/DFII10-20260821T015235Z.json,f092dfcc7b003910593614dedb12c59fe399d0a0e1dcc26f4eb423fb3bb7b7b3,dbaf1dee142b5509e1bf9302fb5280656ce6c577224707f82b80f876b57e2ee8,2026-08-21T01:52:36.562263+00:00,2026-08-21T01:52:35.579018+00:00,5y5y-real-forward-compound-v1,0.1.0,PASS,STALE
L1-007,2026-01-30,2.5440450325893593,percent,FRED-derived,DFII5,DFII10,docs/phase2-ingestion/data/macro/raw/fred/DFII5-20260821T015236Z.json,docs/phase2-ingestion/data/macro/raw/fred/DFII10-20260821T015235Z.json,f092dfcc7b003910593614dedb12c59fe399d0a0e1dcc26f4eb423fb3bb7b7b3,dbaf1dee142b5509e1bf9302fb5280656ce6c577224707f82b80f876b57e2ee8,2026-08-21T01:52:36.562263+00:00,2026-08-21T01:52:35.579018+00:00,5y5y-real-forward-compound-v1,0.1.0,PASS,STALE
L1-007,2026-02-02,2.573917678412796,percent,FRED-derived,DFII5,DFII10,docs/phase2-ingestion/data/macro/raw/fred/DFII5-20260821T015236Z.json,docs/phase2-ingestion/data/macro/raw/fred/DFII10-20260821T015235Z.json,f092dfcc7b003910593614dedb12c59fe399d0a0e1dcc26f4eb423fb3bb7b7b3,dbaf1dee142b5509e1bf9302fb5280656ce6c577224707f82b80f876b57e2ee8,2026-08-21T01:52:36.562263+00:00,2026-08-21T01:52:35.579018+00:00,5y5y-real-forward-compound-v1,0.1.0,PASS,STALE
L1-007,2026-02-03,2.5437946692991487,percent,FRED-derived,DFII5,DFII10,docs/phase2-ingestion/data/macro/raw/fred/DFII5-20260821T015236Z.json,docs/phase2-ingestion/data/macro/raw/fred/DFII10-20260821T015235Z.json,f092dfcc7b003910593614dedb12c59fe399d0a0e1dcc26f4eb423fb3bb7b7b3,dbaf1dee142b5509e1bf9302fb5280656ce6c577224707f82b80f876b57e2ee8,2026-08-21T01:52:36.562263+00:00,2026-08-21T01:52:35.579018+00:00,5y5y-real-forward-compound-v1,0.1.0,PASS,STALE
L1-007,2026-02-04,2.563793920252677,percent,FRED-derived,DFII5,DFII10,docs/phase2-ingestion/data/macro/raw/fred/DFII5-20260821T015236Z.json,docs/phase2-ingestion/data/macro/raw/fred/DFII10-20260821T015235Z.json,f092dfcc7b003910593614dedb12c59fe399d0a0e1dcc26f4eb423fb3bb7b7b3,dbaf1dee142b5509e1bf9302fb5280656ce6c577224707f82b80f876b57e2ee8,2026-08-21T01:52:36.562263+00:00,2026-08-21T01:52:35.579018+00:00,5y5y-real-forward-compound-v1,0.1.0,PASS,STALE
L1-007,2026-02-05,2.523919612877723,percent,FRED-derived,DFII5,DFII10,docs/phase2-ingestion/data/macro/raw/fred/DFII5-20260821T015236Z.json,docs/phase2-ingestion/data/macro/raw/fred/DFII10-20260821T015235Z.json,f092dfcc7b003910593614dedb12c59fe399d0a0e1dcc26f4eb423fb3bb7b7b3,dbaf1dee142b5509e1bf9302fb5280656ce6c577224707f82b80f876b57e2ee8,2026-08-21T01:52:36.562263+00:00,2026-08-21T01:52:35.579018+00:00,5y5y-real-forward-compound-v1,0.1.0,PASS,STALE
L1-007,2026-02-06,2.5037961682796706,percent,FRED-derived,DFII5,DFII10,docs/phase2-ingestion/data/macro/raw/fred/DFII5-20260821T015236Z.json,docs/phase2-ingestion/data/macro/raw/fred/DFII10-20260821T015235Z.json,f092dfcc7b003910593614dedb12c59fe399d0a0e1dcc26f4eb423fb3bb7b7b3,dbaf1dee142b5509e1bf9302fb5280656ce6c577224707f82b80f876b57e2ee8,2026-08-21T01:52:36.562263+00:00,2026-08-21T01:52:35.579018+00:00,5y5y-real-forward-compound-v1,0.1.0,PASS,STALE
L1-007,2026-02-09,2.4937965432098697,percent,FRED-derived,DFII5,DFII10,docs/phase2-ingestion/data/macro/raw/fred/DFII5-20260821T015236Z.json,docs/phase2-ingestion/data/macro/raw/fred/DFII10-20260821T015235Z.json,f092dfcc7b003910593614dedb12c59fe399d0a0e1dcc26f4eb423fb3bb7b7b3,dbaf1dee142b5509e1bf9302fb5280656ce6c577224707f82b80f876b57e2ee8,2026-08-21T01:52:36.562263+00:00,2026-08-21T01:52:35.579018+00:00,5y5y-real-forward-compound-v1,0.1.0,PASS,STALE
L1-007,2026-02-10,2.453675787809928,percent,FRED-derived,DFII5,DFII10,docs/phase2-ingestion/data/macro/raw/fred/DFII5-20260821T015236Z.json,docs/phase2-ingestion/data/macro/raw/fred/DFII10-20260821T015235Z.json,f092dfcc7b003910593614dedb12c59fe399d0a0e1dcc26f4eb423fb3bb7b7b3,dbaf1dee142b5509e1bf9302fb5280656ce6c577224707f82b80f876b57e2ee8,2026-08-21T01:52:36.562263+00:00,2026-08-21T01:52:35.579018+00:00,5y5y-real-forward-compound-v1,0.1.0,PASS,STALE
L1-007,2026-02-11,2.4635552044242504,percent,FRED-derived,DFII5,DFII10,docs/phase2-ingestion/data/macro/raw/fred/DFII5-20260821T015236Z.json,docs/phase2-ingestion/data/macro/raw/fred/DFII10-20260821T015235Z.json,f092dfcc7b003910593614dedb12c59fe399d0a0e1dcc26f4eb423fb3bb7b7b3,dbaf1dee142b5509e1bf9302fb5280656ce6c577224707f82b80f876b57e2ee8,2026-08-21T01:52:36.562263+00:00,2026-08-21T01:52:35.579018+00:00,5y5y-real-forward-compound-v1,0.1.0,PASS,STALE
L1-007,2026-02-12,2.3833234538628734,percent,FRED-derived,DFII5,DFII10,docs/phase2-ingestion/data/macro/raw/fred/DFII5-20260821T015236Z.json,docs/phase2-ingestion/data/macro/raw/fred/DFII10-20260821T015235Z.json,f092dfcc7b003910593614dedb12c59fe399d0a0e1dcc26f4eb423fb3bb7b7b3,dbaf1dee142b5509e1bf9302fb5280656ce6c577224707f82b80f876b57e2ee8,2026-08-21T01:52:36.562263+00:00,2026-08-21T01:52:35.579018+00:00,5y5y-real-forward-compound-v1,0.1.0,PASS,STALE
L1-007,2026-02-13,2.353324439173843,percent,FRED-derived,DFII5,DFII10,docs/phase2-ingestion/data/macro/raw/fred/DFII5-20260821T015236Z.json,docs/phase2-ingestion/data/macro/raw/fred/DFII10-20260821T015235Z.json,f092dfcc7b003910593614dedb12c59fe399d0a0e1dcc26f4eb423fb3bb7b7b3,dbaf1dee142b5509e1bf9302fb5280656ce6c577224707f82b80f876b57e2ee8,2026-08-21T01:52:36.562263+00:00,2026-08-21T01:52:35.579018+00:00,5y5y-real-forward-compound-v1,0.1.0,PASS,STALE
L1-007,2026-02-17,2.342987949427111,percent,FRED-derived,DFII5,DFII10,docs/phase2-ingestion/data/macro/raw/fred/DFII5-20260821T015236Z.json,docs/phase2-ingestion/data/macro/raw/fred/DFII10-20260821T015235Z.json,f092dfcc7b003910593614dedb12c59fe399d0a0e1dcc26f4eb423fb3bb7b7b3,dbaf1dee142b5509e1bf9302fb5280656ce6c577224707f82b80f876b57e2ee8,2026-08-21T01:52:36.562263+00:00,2026-08-21T01:52:35.579018+00:00,5y5y-real-forward-compound-v1,0.1.0,PASS,STALE
L1-007,2026-02-18,2.3732095228687244,percent,FRED-derived,DFII5,DFII10,docs/phase2-ingestion/data/macro/raw/fred/DFII5-20260821T015236Z.json,docs/phase2-ingestion/data/macro/raw/fred/DFII10-20260821T015235Z.json,f092dfcc7b003910593614dedb12c59fe399d0a0e1dcc26f4eb423fb3bb7b7b3,dbaf1dee142b5509e1bf9302fb5280656ce6c577224707f82b80f876b57e2ee8,2026-08-21T01:52:36.562263+00:00,2026-08-21T01:52:35.579018+00:00,5y5y-real-forward-compound-v1,0.1.0,PASS,STALE
L1-007,2026-02-19,2.3632098399525736,percent,FRED-derived,DFII5,DFII10,docs/phase2-ingestion/data/macro/raw/fred/DFII5-20260821T015236Z.json,docs/phase2-ingestion/data/macro/raw/fred/DFII10-20260821T015235Z.json,f092dfcc7b003910593614dedb12c59fe399d0a0e1dcc26f4eb423fb3bb7b7b3,dbaf1dee142b5509e1bf9302fb5280656ce6c577224707f82b80f876b57e2ee8,2026-08-21T01:52:36.562263+00:00,2026-08-21T01:52:35.579018+00:00,5y5y-real-forward-compound-v1,0.1.0,PASS,STALE
L1-007,2026-02-20,2.3833234538628734,percent,FRED-derived,DFII5,DFII10,docs/phase2-ingestion/data/macro/raw/fred/DFII5-20260821T015236Z.json,docs/phase2-ingestion/data/macro/raw/fred/DFII10-20260821T015235Z.json,f092dfcc7b003910593614dedb12c59fe399d0a0e1dcc26f4eb423fb3bb7b7b3,dbaf1dee142b5509e1bf9302fb5280656ce6c577224707f82b80f876b57e2ee8,2026-08-21T01:52:36.562263+00:00,2026-08-21T01:52:35.579018+00:00,5y5y-real-forward-compound-v1,0.1.0,PASS,STALE
L1-007,2026-02-23,2.353324439173843,percent,FRED-derived,DFII5,DFII10,docs/phase2-ingestion/data/macro/raw/fred/DFII5-20260821T015236Z.json,docs/phase2-ingestion/data/macro/raw/fred/DFII10-20260821T015235Z.json,f092dfcc7b003910593614dedb12c59fe399d0a0e1dcc26f4eb423fb3bb7b7b3,dbaf1dee142b5509e1bf9302fb5280656ce6c577224707f82b80f876b57e2ee8,2026-08-21T01:52:36.562263+00:00,2026-08-21T01:52:35.579018+00:00,5y5y-real-forward-compound-v1,0.1.0,PASS,STALE
L1-007,2026-02-24,2.353210157099106,percent,FRED-derived,DFII5,DFII10,docs/phase2-ingestion/data/macro/raw/fred/DFII5-20260821T015236Z.json,docs/phase2-ingestion/data/macro/raw/fred/DFII10-20260821T015235Z.json,f092dfcc7b003910593614dedb12c59fe399d0a0e1dcc26f4eb423fb3bb7b7b3,dbaf1dee142b5509e1bf9302fb5280656ce6c577224707f82b80f876b57e2ee8,2026-08-21T01:52:36.562263+00:00,2026-08-21T01:52:35.579018+00:00,5y5y-real-forward-compound-v1,0.1.0,PASS,STALE
L1-007,2026-02-25,2.353324439173843,percent,FRED-derived,DFII5,DFII10,docs/phase2-ingestion/data/macro/raw/fred/DFII5-20260821T015236Z.json,docs/phase2-ingestion/data/macro/raw/fred/DFII10-20260821T015235Z.json,f092dfcc7b003910593614dedb12c59fe399d0a0e1dcc26f4eb423fb3bb7b7b3,dbaf1dee142b5509e1bf9302fb5280656ce6c577224707f82b80f876b57e2ee8,2026-08-21T01:52:36.562263+00:00,2026-08-21T01:52:35.579018+00:00,5y5y-real-forward-compound-v1,0.1.0,PASS,STALE
L1-007,2026-02-26,2.343559422582575,percent,FRED-derived,DFII5,DFII10,docs/phase2-ingestion/data/macro/raw/fred/DFII5-20260821T015236Z.json,docs/phase2-ingestion/data/macro/raw/fred/DFII10-20260821T015235Z.json,f092dfcc7b003910593614dedb12c59fe399d0a0e1dcc26f4eb423fb3bb7b7b3,dbaf1dee142b5509e1bf9302fb5280656ce6c577224707f82b80f876b57e2ee8,2026-08-21T01:52:36.562263+00:00,2026-08-21T01:52:35.579018+00:00,5y5y-real-forward-compound-v1,0.1.0,PASS,STALE
L1-007,2026-02-27,2.33368015033133,percent,FRED-derived,DFII5,DFII10,docs/phase2-ingestion/data/macro/raw/fred/DFII5-20260821T015236Z.json,docs/phase2-ingestion/data/macro/raw/fred/DFII10-20260821T015235Z.json,f092dfcc7b003910593614dedb12c59fe399d0a0e1dcc26f4eb423fb3bb7b7b3,dbaf1dee142b5509e1bf9302fb5280656ce6c577224707f82b80f876b57e2ee8,2026-08-21T01:52:36.562263+00:00,2026-08-21T01:52:35.579018+00:00,5y5y-real-forward-compound-v1,0.1.0,PASS,STALE
L1-007,2026-03-02,2.363558718861225,percent,FRED-derived,DFII5,DFII10,docs/phase2-ingestion/data/macro/raw/fred/DFII5-20260821T015236Z.json,docs/phase2-ingestion/data/macro/raw/fred/DFII10-20260821T015235Z.json,f092dfcc7b003910593614dedb12c59fe399d0a0e1dcc26f4eb423fb3bb7b7b3,dbaf1dee142b5509e1bf9302fb5280656ce6c577224707f82b80f876b57e2ee8,2026-08-21T01:52:36.562263+00:00,2026-08-21T01:52:35.579018+00:00,5y5y-real-forward-compound-v1,0.1.0,PASS,STALE
L1-007,2026-03-03,2.3735583671048888,percent,FRED-derived,DFII5,DFII10,docs/phase2-ingestion/data/macro/raw/fred/DFII5-20260821T015236Z.json,docs/phase2-ingestion/data/macro/raw/fred/DFII10-20260821T015235Z.json,f092dfcc7b003910593614dedb12c59fe399d0a0e1dcc26f4eb423fb3bb7b7b3,dbaf1dee142b5509e1bf9302fb5280656ce6c577224707f82b80f876b57e2ee8,2026-08-21T01:52:36.562263+00:00,2026-08-21T01:52:35.579018+00:00,5y5y-real-forward-compound-v1,0.1.0,PASS,STALE
L1-007,2026-03-04,2.3934393834601275,percent,FRED-derived,DFII5,DFII10,docs/phase2-ingestion/data/macro/raw/fred/DFII5-20260821T015236Z.json,docs/phase2-ingestion/data/macro/raw/fred/DFII10-20260821T015235Z.json,f092dfcc7b003910593614dedb12c59fe399d0a0e1dcc26f4eb423fb3bb7b7b3,dbaf1dee142b5509e1bf9302fb5280656ce6c577224707f82b80f876b57e2ee8,2026-08-21T01:52:36.562263+00:00,2026-08-21T01:52:35.579018+00:00,5y5y-real-forward-compound-v1,0.1.0,PASS,STALE
L1-007,2026-03-05,2.433676514178429,percent,FRED-derived,DFII5,DFII10,docs/phase2-ingestion/data/macro/raw/fred/DFII5-20260821T015236Z.json,docs/phase2-ingestion/data/macro/raw/fred/DFII10-20260821T015235Z.json,f092dfcc7b003910593614dedb12c59fe399d0a0e1dcc26f4eb423fb3bb7b7b3,dbaf1dee142b5509e1bf9302fb5280656ce6c577224707f82b80f876b57e2ee8,2026-08-21T01:52:36.562263+00:00,2026-08-21T01:52:35.579018+00:00,5y5y-real-forward-compound-v1,0.1.0,PASS,STALE
L1-007,2026-03-06,2.4440490312376495,percent,FRED-derived,DFII5,DFII10,docs/phase2-ingestion/data/macro/raw/fred/DFII5-20260821T015236Z.json,docs/phase2-ingestion/data/macro/raw/fred/DFII10-20260821T015235Z.json,f092dfcc7b003910593614dedb12c59fe399d0a0e1dcc26f4eb423fb3bb7b7b3,dbaf1dee142b5509e1bf9302fb5280656ce6c577224707f82b80f876b57e2ee8,2026-08-21T01:52:36.562263+00:00,2026-08-21T01:52:35.579018+00:00,5y5y-real-forward-compound-v1,0.1.0,PASS,STALE
L1-007,2026-03-09,2.413923875432533,percent,FRED-derived,DFII5,DFII10,docs/phase2-ingestion/data/macro/raw/fred/DFII5-20260821T015236Z.json,docs/phase2-ingestion/data/macro/raw/fred/DFII10-20260821T015235Z.json,f092dfcc7b003910593614dedb12c59fe399d0a0e1dcc26f4eb423fb3bb7b7b3,dbaf1dee142b5509e1bf9302fb5280656ce6c577224707f82b80f876b57e2ee8,2026-08-21T01:52:36.562263+00:00,2026-08-21T01:52:35.579018+00:00,5y5y-real-forward-compound-v1,0.1.0,PASS,STALE
L1-007,2026-03-10,2.4437984189723316,percent,FRED-derived,DFII5,DFII10,docs/phase2-ingestion/data/macro/raw/fred/DFII5-20260821T015236Z.json,docs/phase2-ingestion/data/macro/raw/fred/DFII10-20260821T015235Z.json,f092dfcc7b003910593614dedb12c59fe399d0a0e1dcc26f4eb423fb3bb7b7b3,dbaf1dee142b5509e1bf9302fb5280656ce6c577224707f82b80f876b57e2ee8,2026-08-21T01:52:36.562263+00:00,2026-08-21T01:52:35.579018+00:00,5y5y-real-forward-compound-v1,0.1.0,PASS,STALE
L1-007,2026-03-11,2.4940470309257945,percent,FRED-derived,DFII5,DFII10,docs/phase2-ingestion/data/macro/raw/fred/DFII5-20260821T015236Z.json,docs/phase2-ingestion/data/macro/raw/fred/DFII10-20260821T015235Z.json,f092dfcc7b003910593614dedb12c59fe399d0a0e1dcc26f4eb423fb3bb7b7b3,dbaf1dee142b5509e1bf9302fb5280656ce6c577224707f82b80f876b57e2ee8,2026-08-21T01:52:36.562263+00:00,2026-08-21T01:52:35.579018+00:00,5y5y-real-forward-compound-v1,0.1.0,PASS,STALE
L1-007,2026-03-12,2.5340454320987638,percent,FRED-derived,DFII5,DFII10,docs/phase2-ingestion/data/macro/raw/fred/DFII5-20260821T015236Z.json,docs/phase2-ingestion/data/macro/raw/fred/DFII10-20260821T015235Z.json,f092dfcc7b003910593614dedb12c59fe399d0a0e1dcc26f4eb423fb3bb7b7b3,dbaf1dee142b5509e1bf9302fb5280656ce6c577224707f82b80f876b57e2ee8,2026-08-21T01:52:36.562263+00:00,2026-08-21T01:52:35.579018+00:00,5y5y-real-forward-compound-v1,0.1.0,PASS,STALE
L1-007,2026-03-13,2.5843017973533833,percent,FRED-derived,DFII5,DFII10,docs/phase2-ingestion/data/macro/raw/fred/DFII5-20260821T015236Z.json,docs/phase2-ingestion/data/macro/raw/fred/DFII10-20260821T015235Z.json,f092dfcc7b003910593614dedb12c59fe399d0a0e1dcc26f4eb423fb3bb7b7b3,dbaf1dee142b5509e1bf9302fb5280656ce6c577224707f82b80f876b57e2ee8,2026-08-21T01:52:36.562263+00:00,2026-08-21T01:52:35.579018+00:00,5y5y-real-forward-compound-v1,0.1.0,PASS,STALE
L1-007,2026-03-16,2.524174076269503,percent,FRED-derived,DFII5,DFII10,docs/phase2-ingestion/data/macro/raw/fred/DFII5-20260821T015236Z.json,docs/phase2-ingestion/data/macro/raw/fred/DFII10-20260821T015235Z.json,f092dfcc7b003910593614dedb12c59fe399d0a0e1dcc26f4eb423fb3bb7b7b3,dbaf1dee142b5509e1bf9302fb5280656ce6c577224707f82b80f876b57e2ee8,2026-08-21T01:52:36.562263+00:00,2026-08-21T01:52:35.579018+00:00,5y5y-real-forward-compound-v1,0.1.0,PASS,STALE
L1-007,2026-03-17,2.4943056241968797,percent,FRED-derived,DFII5,DFII10,docs/phase2-ingestion/data/macro/raw/fred/DFII5-20260821T015236Z.json,docs/phase2-ingestion/data/macro/raw/fred/DFII10-20260821T015235Z.json,f092dfcc7b003910593614dedb12c59fe399d0a0e1dcc26f4eb423fb3bb7b7b3,dbaf1dee142b5509e1bf9302fb5280656ce6c577224707f82b80f876b57e2ee8,2026-08-21T01:52:36.562263+00:00,2026-08-21T01:52:35.579018+00:00,5y5y-real-forward-compound-v1,0.1.0,PASS,STALE
L1-007,2026-03-18,2.514174488686871,percent,FRED-derived,DFII5,DFII10,docs/phase2-ingestion/data/macro/raw/fred/DFII5-20260821T015236Z.json,docs/phase2-ingestion/data/macro/raw/fred/DFII10-20260821T015235Z.json,f092dfcc7b003910593614dedb12c59fe399d0a0e1dcc26f4eb423fb3bb7b7b3,dbaf1dee142b5509e1bf9302fb5280656ce6c577224707f82b80f876b57e2ee8,2026-08-21T01:52:36.562263+00:00,2026-08-21T01:52:35.579018+00:00,5y5y-real-forward-compound-v1,0.1.0,PASS,STALE
L1-007,2026-03-19,2.4936743359336377,percent,FRED-derived,DFII5,DFII10,docs/phase2-ingestion/data/macro/raw/fred/DFII5-20260821T015236Z.json,docs/phase2-ingestion/data/macro/raw/fred/DFII10-20260821T015235Z.json,f092dfcc7b003910593614dedb12c59fe399d0a0e1dcc26f4eb423fb3bb7b7b3,dbaf1dee142b5509e1bf9302fb5280656ce6c577224707f82b80f876b57e2ee8,2026-08-21T01:52:36.562263+00:00,2026-08-21T01:52:35.579018+00:00,5y5y-real-forward-compound-v1,0.1.0,PASS,STALE
L1-007,2026-03-20,2.6439149733675116,percent,FRED-derived,DFII5,DFII10,docs/phase2-ingestion/data/macro/raw/fred/DFII5-20260821T015236Z.json,docs/phase2-ingestion/data/macro/raw/fred/DFII10-20260821T015235Z.json,f092dfcc7b003910593614dedb12c59fe399d0a0e1dcc26f4eb423fb3bb7b7b3,dbaf1dee142b5509e1bf9302fb5280656ce6c577224707f82b80f876b57e2ee8,2026-08-21T01:52:36.562263+00:00,2026-08-21T01:52:35.579018+00:00,5y5y-real-forward-compound-v1,0.1.0,PASS,STALE
L1-007,2026-03-23,2.603432261881289,percent,FRED-derived,DFII5,DFII10,docs/phase2-ingestion/data/macro/raw/fred/DFII5-20260821T015236Z.json,docs/phase2-ingestion/data/macro/raw/fred/DFII10-20260821T015235Z.json,f092dfcc7b003910593614dedb12c59fe399d0a0e1dcc26f4eb423fb3bb7b7b3,dbaf1dee142b5509e1bf9302fb5280656ce6c577224707f82b80f876b57e2ee8,2026-08-21T01:52:36.562263+00:00,2026-08-21T01:52:35.579018+00:00,5y5y-real-forward-compound-v1,0.1.0,PASS,STALE
L1-007,2026-03-24,2.6433149389042176,percent,FRED-derived,DFII5,DFII10,docs/phase2-ingestion/data/macro/raw/fred/DFII5-20260821T015236Z.json,docs/phase2-ingestion/data/macro/raw/fred/DFII10-20260821T015235Z.json,f092dfcc7b003910593614dedb12c59fe399d0a0e1dcc26f4eb423fb3bb7b7b3,dbaf1dee142b5509e1bf9302fb5280656ce6c577224707f82b80f876b57e2ee8,2026-08-21T01:52:36.562263+00:00,2026-08-21T01:52:35.579018+00:00,5y5y-real-forward-compound-v1,0.1.0,PASS,STALE
L1-007,2026-03-25,2.5932025628388367,percent,FRED-derived,DFII5,DFII10,docs/phase2-ingestion/data/macro/raw/fred/DFII5-20260821T015236Z.json,docs/phase2-ingestion/data/macro/raw/fred/DFII10-20260821T015235Z.json,f092dfcc7b003910593614dedb12c59fe399d0a0e1dcc26f4eb423fb3bb7b7b3,dbaf1dee142b5509e1bf9302fb5280656ce6c577224707f82b80f876b57e2ee8,2026-08-21T01:52:36.562263+00:00,2026-08-21T01:52:35.579018+00:00,5y5y-real-forward-compound-v1,0.1.0,PASS,STALE
L1-007,2026-03-26,2.6430890464932855,percent,FRED-derived,DFII5,DFII10,docs/phase2-ingestion/data/macro/raw/fred/DFII5-20260821T015236Z.json,docs/phase2-ingestion/data/macro/raw/fred/DFII10-20260821T015235Z.json,f092dfcc7b003910593614dedb12c59fe399d0a0e1dcc26f4eb423fb3bb7b7b3,dbaf1dee142b5509e1bf9302fb5280656ce6c577224707f82b80f876b57e2ee8,2026-08-21T01:52:36.562263+00:00,2026-08-21T01:52:35.579018+00:00,5y5y-real-forward-compound-v1,0.1.0,PASS,STALE
L1-007,2026-03-27,2.7639103448276137,percent,FRED-derived,DFII5,DFII10,docs/phase2-ingestion/data/macro/raw/fred/DFII5-20260821T015236Z.json,docs/phase2-ingestion/data/macro/raw/fred/DFII10-20260821T015235Z.json,f092dfcc7b003910593614dedb12c59fe399d0a0e1dcc26f4eb423fb3bb7b7b3,dbaf1dee142b5509e1bf9302fb5280656ce6c577224707f82b80f876b57e2ee8,2026-08-21T01:52:36.562263+00:00,2026-08-21T01:52:35.579018+00:00,5y5y-real-forward-compound-v1,0.1.0,PASS,STALE
L1-007,2026-03-30,2.6840394477317453,percent,FRED-derived,DFII5,DFII10,docs/phase2-ingestion/data/macro/raw/fred/DFII5-20260821T015236Z.json,docs/phase2-ingestion/data/macro/raw/fred/DFII10-20260821T015235Z.json,f092dfcc7b003910593614dedb12c59fe399d0a0e1dcc26f4eb423fb3bb7b7b3,dbaf1dee142b5509e1bf9302fb5280656ce6c577224707f82b80f876b57e2ee8,2026-08-21T01:52:36.562263+00:00,2026-08-21T01:52:35.579018+00:00,5y5y-real-forward-compound-v1,0.1.0,PASS,STALE
L1-007,2026-03-31,2.6237916748865553,percent,FRED-derived,DFII5,DFII10,docs/phase2-ingestion/data/macro/raw/fred/DFII5-20260821T015236Z.json,docs/phase2-ingestion/data/macro/raw/fred/DFII10-20260821T015235Z.json,f092dfcc7b003910593614dedb12c59fe399d0a0e1dcc26f4eb423fb3bb7b7b3,dbaf1dee142b5509e1bf9302fb5280656ce6c577224707f82b80f876b57e2ee8,2026-08-21T01:52:36.562263+00:00,2026-08-21T01:52:35.579018+00:00,5y5y-real-forward-compound-v1,0.1.0,PASS,STALE
L1-007,2026-04-01,2.623549595740493,percent,FRED-derived,DFII5,DFII10,docs/phase2-ingestion/data/macro/raw/fred/DFII5-20260821T015236Z.json,docs/phase2-ingestion/data/macro/raw/fred/DFII10-20260821T015235Z.json,f092dfcc7b003910593614dedb12c59fe399d0a0e1dcc26f4eb423fb3bb7b7b3,dbaf1dee142b5509e1bf9302fb5280656ce6c577224707f82b80f876b57e2ee8,2026-08-21T01:52:36.562263+00:00,2026-08-21T01:52:35.579018+00:00,5y5y-real-forward-compound-v1,0.1.0,PASS,STALE
L1-007,2026-04-02,2.5735513465522386,percent,FRED-derived,DFII5,DFII10,docs/phase2-ingestion/data/macro/raw/fred/DFII5-20260821T015236Z.json,docs/phase2-ingestion/data/macro/raw/fred/DFII10-20260821T015235Z.json,f092dfcc7b003910593614dedb12c59fe399d0a0e1dcc26f4eb423fb3bb7b7b3,dbaf1dee142b5509e1bf9302fb5280656ce6c577224707f82b80f876b57e2ee8,2026-08-21T01:52:36.562263+00:00,2026-08-21T01:52:35.579018+00:00,5y5y-real-forward-compound-v1,0.1.0,PASS,STALE
L1-007,2026-04-03,2.6036703491812974,percent,FRED-derived,DFII5,DFII10,docs/phase2-ingestion/data/macro/raw/fred/DFII5-20260821T015236Z.json,docs/phase2-ingestion/data/macro/raw/fred/DFII10-20260821T015235Z.json,f092dfcc7b003910593614dedb12c59fe399d0a0e1dcc26f4eb423fb3bb7b7b3,dbaf1dee142b5509e1bf9302fb5280656ce6c577224707f82b80f876b57e2ee8,2026-08-21T01:52:36.562263+00:00,2026-08-21T01:52:35.579018+00:00,5y5y-real-forward-compound-v1,0.1.0,PASS,STALE
L1-007,2026-04-06,2.583550996251738,percent,FRED-derived,DFII5,DFII10,docs/phase2-ingestion/data/macro/raw/fred/DFII5-20260821T015236Z.json,docs/phase2-ingestion/data/macro/raw/fred/DFII10-20260821T015235Z.json,f092dfcc7b003910593614dedb12c59fe399d0a0e1dcc26f4eb423fb3bb7b7b3,dbaf1dee142b5509e1bf9302fb5280656ce6c577224707f82b80f876b57e2ee8,2026-08-21T01:52:36.562263+00:00,2026-08-21T01:52:35.579018+00:00,5y5y-real-forward-compound-v1,0.1.0,PASS,STALE
L1-007,2026-04-07,2.5837931715018803,percent,FRED-derived,DFII5,DFII10,docs/phase2-ingestion/data/macro/raw/fred/DFII5-20260821T015236Z.json,docs/phase2-ingestion/data/macro/raw/fred/DFII10-20260821T015235Z.json,f092dfcc7b003910593614dedb12c59fe399d0a0e1dcc26f4eb423fb3bb7b7b3,dbaf1dee142b5509e1bf9302fb5280656ce6c577224707f82b80f876b57e2ee8,2026-08-21T01:52:36.562263+00:00,2026-08-21T01:52:35.579018+00:00,5y5y-real-forward-compound-v1,0.1.0,PASS,STALE
L1-007,2026-04-08,2.563551696921862,percent,FRED-derived,DFII5,DFII10,docs/phase2-ingestion/data/macro/raw/fred/DFII5-20260821T015236Z.json,docs/phase2-ingestion/data/macro/raw/fred/DFII10-20260821T015235Z.json,f092dfcc7b003910593614dedb12c59fe399d0a0e1dcc26f4eb423fb3bb7b7b3,dbaf1dee142b5509e1bf9302fb5280656ce6c577224707f82b80f876b57e2ee8,2026-08-21T01:52:36.562263+00:00,2026-08-21T01:52:35.579018+00:00,5y5y-real-forward-compound-v1,0.1.0,PASS,STALE
L1-007,2026-04-09,2.553552047360652,percent,FRED-derived,DFII5,DFII10,docs/phase2-ingestion/data/macro/raw/fred/DFII5-20260821T015236Z.json,docs/phase2-ingestion/data/macro/raw/fred/DFII10-20260821T015235Z.json,f092dfcc7b003910593614dedb12c59fe399d0a0e1dcc26f4eb423fb3bb7b7b3,dbaf1dee142b5509e1bf9302fb5280656ce6c577224707f82b80f876b57e2ee8,2026-08-21T01:52:36.562263+00:00,2026-08-21T01:52:35.579018+00:00,5y5y-real-forward-compound-v1,0.1.0,PASS,STALE
L1-007,2026-04-10,2.54343429360695,percent,FRED-derived,DFII5,DFII10,docs/phase2-ingestion/data/macro/raw/fred/DFII5-20260821T015236Z.json,docs/phase2-ingestion/data/macro/raw/fred/DFII10-20260821T015235Z.json,f092dfcc7b003910593614dedb12c59fe399d0a0e1dcc26f4eb423fb3bb7b7b3,dbaf1dee142b5509e1bf9302fb5280656ce6c577224707f82b80f876b57e2ee8,2026-08-21T01:52:36.562263+00:00,2026-08-21T01:52:35.579018+00:00,5y5y-real-forward-compound-v1,0.1.0,PASS,STALE
L1-007,2026-04-13,2.5336728852038304,percent,FRED-derived,DFII5,DFII10,docs/phase2-ingestion/data/macro/raw/fred/DFII5-20260821T015236Z.json,docs/phase2-ingestion/data/macro/raw/fred/DFII10-20260821T015235Z.json,f092dfcc7b003910593614dedb12c59fe399d0a0e1dcc26f4eb423fb3bb7b7b3,dbaf1dee142b5509e1bf9302fb5280656ce6c577224707f82b80f876b57e2ee8,2026-08-21T01:52:36.562263+00:00,2026-08-21T01:52:35.579018+00:00,5y5y-real-forward-compound-v1,0.1.0,PASS,STALE
L1-007,2026-04-14,2.5036739731437496,percent,FRED-derived,DFII5,DFII10,docs/phase2-ingestion/data/macro/raw/fred/DFII5-20260821T015236Z.json,docs/phase2-ingestion/data/macro/raw/fred/DFII10-20260821T015235Z.json,f092dfcc7b003910593614dedb12c59fe399d0a0e1dcc26f4eb423fb3bb7b7b3,dbaf1dee142b5509e1bf9302fb5280656ce6c577224707f82b80f876b57e2ee8,2026-08-21T01:52:36.562263+00:00,2026-08-21T01:52:35.579018+00:00,5y5y-real-forward-compound-v1,0.1.0,PASS,STALE
L1-007,2026-04-15,2.5136736104255153,percent,FRED-derived,DFII5,DFII10,docs/phase2-ingestion/data/macro/raw/fred/DFII5-20260821T015236Z.json,docs/phase2-ingestion/data/macro/raw/fred/DFII10-20260821T015235Z.json,f092dfcc7b003910593614dedb12c59fe399d0a0e1dcc26f4eb423fb3bb7b7b3,dbaf1dee142b5509e1bf9302fb5280656ce6c577224707f82b80f876b57e2ee8,2026-08-21T01:52:36.562263+00:00,2026-08-21T01:52:35.579018+00:00,5y5y-real-forward-compound-v1,0.1.0,PASS,STALE
L1-007,2026-04-16,2.5537942947389203,percent,FRED-derived,DFII5,DFII10,docs/phase2-ingestion/data/macro/raw/fred/DFII5-20260821T015236Z.json,docs/phase2-ingestion/data/macro/raw/fred/DFII10-20260821T015235Z.json,f092dfcc7b003910593614dedb12c59fe399d0a0e1dcc26f4eb423fb3bb7b7b3,dbaf1dee142b5509e1bf9302fb5280656ce6c577224707f82b80f876b57e2ee8,2026-08-21T01:52:36.562263+00:00,2026-08-21T01:52:35.579018+00:00,5y5y-real-forward-compound-v1,0.1.0,PASS,STALE
L1-007,2026-04-17,2.5237954186413836,percent,FRED-derived,DFII5,DFII10,docs/phase2-ingestion/data/macro/raw/fred/DFII5-20260821T015236Z.json,docs/phase2-ingestion/data/macro/raw/fred/DFII10-20260821T015235Z.json,f092dfcc7b003910593614dedb12c59fe399d0a0e1dcc26f4eb423fb3bb7b7b3,dbaf1dee142b5509e1bf9302fb5280656ce6c577224707f82b80f876b57e2ee8,2026-08-21T01:52:36.562263+00:00,2026-08-21T01:52:35.579018+00:00,5y5y-real-forward-compound-v1,0.1.0,PASS,STALE
L1-007,2026-04-20,2.5337950439332513,percent,FRED-derived,DFII5,DFII10,docs/phase2-ingestion/data/macro/raw/fred/DFII5-20260821T015236Z.json,docs/phase2-ingestion/data/macro/raw/fred/DFII10-20260821T015235Z.json,f092dfcc7b003910593614dedb12c59fe399d0a0e1dcc26f4eb423fb3bb7b7b3,dbaf1dee142b5509e1bf9302fb5280656ce6c577224707f82b80f876b57e2ee8,2026-08-21T01:52:36.562263+00:00,2026-08-21T01:52:35.579018+00:00,5y5y-real-forward-compound-v1,0.1.0,PASS,STALE
L1-007,2026-04-21,2.5336728852038304,percent,FRED-derived,DFII5,DFII10,docs/phase2-ingestion/data/macro/raw/fred/DFII5-20260821T015236Z.json,docs/phase2-ingestion/data/macro/raw/fred/DFII10-20260821T015235Z.json,f092dfcc7b003910593614dedb12c59fe399d0a0e1dcc26f4eb423fb3bb7b7b3,dbaf1dee142b5509e1bf9302fb5280656ce6c577224707f82b80f876b57e2ee8,2026-08-21T01:52:36.562263+00:00,2026-08-21T01:52:35.579018+00:00,5y5y-real-forward-compound-v1,0.1.0,PASS,STALE
L1-007,2026-04-22,2.5437946692991487,percent,FRED-derived,DFII5,DFII10,docs/phase2-ingestion/data/macro/raw/fred/DFII5-20260821T015236Z.json,docs/phase2-ingestion/data/macro/raw/fred/DFII10-20260821T015235Z.json,f092dfcc7b003910593614dedb12c59fe399d0a0e1dcc26f4eb423fb3bb7b7b3,dbaf1dee142b5509e1bf9302fb5280656ce6c577224707f82b80f876b57e2ee8,2026-08-21T01:52:36.562263+00:00,2026-08-21T01:52:35.579018+00:00,5y5y-real-forward-compound-v1,0.1.0,PASS,STALE
L1-007,2026-04-23,2.4628763069639126,percent,FRED-derived,DFII5,DFII10,docs/phase2-ingestion/data/macro/raw/fred/DFII5-20260821T015236Z.json,docs/phase2-ingestion/data/macro/raw/fred/DFII10-20260821T015235Z.json,f092dfcc7b003910593614dedb12c59fe399d0a0e1dcc26f4eb423fb3bb7b7b3,dbaf1dee142b5509e1bf9302fb5280656ce6c577224707f82b80f876b57e2ee8,2026-08-21T01:52:36.562263+00:00,2026-08-21T01:52:35.579018+00:00,5y5y-real-forward-compound-v1,0.1.0,PASS,STALE
L1-007,2026-04-24,2.473320501431231,percent,FRED-derived,DFII5,DFII10,docs/phase2-ingestion/data/macro/raw/fred/DFII5-20260821T015236Z.json,docs/phase2-ingestion/data/macro/raw/fred/DFII10-20260821T015235Z.json,f092dfcc7b003910593614dedb12c59fe399d0a0e1dcc26f4eb423fb3bb7b7b3,dbaf1dee142b5509e1bf9302fb5280656ce6c577224707f82b80f876b57e2ee8,2026-08-21T01:52:36.562263+00:00,2026-08-21T01:52:35.579018+00:00,5y5y-real-forward-compound-v1,0.1.0,PASS,STALE
L1-007,2026-04-27,2.503435649427521,percent,FRED-derived,DFII5,DFII10,docs/phase2-ingestion/data/macro/raw/fred/DFII5-20260821T015236Z.json,docs/phase2-ingestion/data/macro/raw/fred/DFII10-20260821T015235Z.json,f092dfcc7b003910593614dedb12c59fe399d0a0e1dcc26f4eb423fb3bb7b7b3,dbaf1dee142b5509e1bf9302fb5280656ce6c577224707f82b80f876b57e2ee8,2026-08-21T01:52:36.562263+00:00,2026-08-21T01:52:35.579018+00:00,5y5y-real-forward-compound-v1,0.1.0,PASS,STALE
L1-007,2026-04-28,2.5033195184527512,percent,FRED-derived,DFII5,DFII10,docs/phase2-ingestion/data/macro/raw/fred/DFII5-20260821T015236Z.json,docs/phase2-ingestion/data/macro/raw/fred/DFII10-20260821T015235Z.json,f092dfcc7b003910593614dedb12c59fe399d0a0e1dcc26f4eb423fb3bb7b7b3,dbaf1dee142b5509e1bf9302fb5280656ce6c577224707f82b80f876b57e2ee8,2026-08-21T01:52:36.562263+00:00,2026-08-21T01:52:35.579018+00:00,5y5y-real-forward-compound-v1,0.1.0,PASS,STALE
L1-007,2026-04-29,2.5433182087196693,percent,FRED-derived,DFII5,DFII10,docs/phase2-ingestion/data/macro/raw/fred/DFII5-20260821T015236Z.json,docs/phase2-ingestion/data/macro/raw/fred/DFII10-20260821T015235Z.json,f092dfcc7b003910593614dedb12c59fe399d0a0e1dcc26f4eb423fb3bb7b7b3,dbaf1dee142b5509e1bf9302fb5280656ce6c577224707f82b80f876b57e2ee8,2026-08-21T01:52:36.562263+00:00,2026-08-21T01:52:35.579018+00:00,5y5y-real-forward-compound-v1,0.1.0,PASS,STALE
L1-007,2026-04-30,2.533434632461784,percent,FRED-derived,DFII5,DFII10,docs/phase2-ingestion/data/macro/raw/fred/DFII5-20260821T015236Z.json,docs/phase2-ingestion/data/macro/raw/fred/DFII10-20260821T015235Z.json,f092dfcc7b003910593614dedb12c59fe399d0a0e1dcc26f4eb423fb3bb7b7b3,dbaf1dee142b5509e1bf9302fb5280656ce6c577224707f82b80f876b57e2ee8,2026-08-21T01:52:36.562263+00:00,2026-08-21T01:52:35.579018+00:00,5y5y-real-forward-compound-v1,0.1.0,PASS,STALE
L1-007,2026-05-01,2.493319846047548,percent,FRED-derived,DFII5,DFII10,docs/phase2-ingestion/data/macro/raw/fred/DFII5-20260821T015236Z.json,docs/phase2-ingestion/data/macro/raw/fred/DFII10-20260821T015235Z.json,f092dfcc7b003910593614dedb12c59fe399d0a0e1dcc26f4eb423fb3bb7b7b3,dbaf1dee142b5509e1bf9302fb5280656ce6c577224707f82b80f876b57e2ee8,2026-08-21T01:52:36.562263+00:00,2026-08-21T01:52:35.579018+00:00,5y5y-real-forward-compound-v1,0.1.0,PASS,STALE
L1-007,2026-05-04,2.54343429360695,percent,FRED-derived,DFII5,DFII10,docs/phase2-ingestion/data/macro/raw/fred/DFII5-20260821T015236Z.json,docs/phase2-ingestion/data/macro/raw/fred/DFII10-20260821T015235Z.json,f092dfcc7b003910593614dedb12c59fe399d0a0e1dcc26f4eb423fb3bb7b7b3,dbaf1dee142b5509e1bf9302fb5280656ce6c577224707f82b80f876b57e2ee8,2026-08-21T01:52:36.562263+00:00,2026-08-21T01:52:35.579018+00:00,5y5y-real-forward-compound-v1,0.1.0,PASS,STALE
L1-007,2026-05-05,2.5129829405384108,percent,FRED-derived,DFII5,DFII10,docs/phase2-ingestion/data/macro/raw/fred/DFII5-20260821T015236Z.json,docs/phase2-ingestion/data/macro/raw/fred/DFII10-20260821T015235Z.json,f092dfcc7b003910593614dedb12c59fe399d0a0e1dcc26f4eb423fb3bb7b7b3,dbaf1dee142b5509e1bf9302fb5280656ce6c577224707f82b80f876b57e2ee8,2026-08-21T01:52:36.562263+00:00,2026-08-21T01:52:35.579018+00:00,5y5y-real-forward-compound-v1,0.1.0,PASS,STALE
L1-007,2026-05-06,2.47276994379253,percent,FRED-derived,DFII5,DFII10,docs/phase2-ingestion/data/macro/raw/fred/DFII5-20260821T015236Z.json,docs/phase2-ingestion/data/macro/raw/fred/DFII10-20260821T015235Z.json,f092dfcc7b003910593614dedb12c59fe399d0a0e1dcc26f4eb423fb3bb7b7b3,dbaf1dee142b5509e1bf9302fb5280656ce6c577224707f82b80f876b57e2ee8,2026-08-21T01:52:36.562263+00:00,2026-08-21T01:52:35.579018+00:00,5y5y-real-forward-compound-v1,0.1.0,PASS,STALE
L1-007,2026-05-07,2.4927693976141363,percent,FRED-derived,DFII5,DFII10,docs/phase2-ingestion/data/macro/raw/fred/DFII5-20260821T015236Z.json,docs/phase2-ingestion/data/macro/raw/fred/DFII10-20260821T015235Z.json,f092dfcc7b003910593614dedb12c59fe399d0a0e1dcc26f4eb423fb3bb7b7b3,dbaf1dee142b5509e1bf9302fb5280656ce6c577224707f82b80f876b57e2ee8,2026-08-21T01:52:36.562263+00:00,2026-08-21T01:52:35.579018+00:00,5y5y-real-forward-compound-v1,0.1.0,PASS,STALE
L1-007,2026-05-08,2.462770216962551,percent,FRED-derived,DFII5,DFII10,docs/phase2-ingestion/data/macro/raw/fred/DFII5-20260821T015236Z.json,docs/phase2-ingestion/data/macro/raw/fred/DFII10-20260821T015235Z.json,f092dfcc7b003910593614dedb12c59fe399d0a0e1dcc26f4eb423fb3bb7b7b3,dbaf1dee142b5509e1bf9302fb5280656ce6c577224707f82b80f876b57e2ee8,2026-08-21T01:52:36.562263+00:00,2026-08-21T01:52:35.579018+00:00,5y5y-real-forward-compound-v1,0.1.0,PASS,STALE
L1-007,2026-05-11,2.502983234714007,percent,FRED-derived,DFII5,DFII10,docs/phase2-ingestion/data/macro/raw/fred/DFII5-20260821T015236Z.json,docs/phase2-ingestion/data/macro/raw/fred/DFII10-20260821T015235Z.json,f092dfcc7b003910593614dedb12c59fe399d0a0e1dcc26f4eb423fb3bb7b7b3,dbaf1dee142b5509e1bf9302fb5280656ce6c577224707f82b80f876b57e2ee8,2026-08-21T01:52:36.562263+00:00,2026-08-21T01:52:35.579018+00:00,5y5y-real-forward-compound-v1,0.1.0,PASS,STALE
L1-007,2026-05-12,2.5530917874396097,percent,FRED-derived,DFII5,DFII10,docs/phase2-ingestion/data/macro/raw/fred/DFII5-20260821T015236Z.json,docs/phase2-ingestion/data/macro/raw/fred/DFII10-20260821T015235Z.json,f092dfcc7b003910593614dedb12c59fe399d0a0e1dcc26f4eb423fb3bb7b7b3,dbaf1dee142b5509e1bf9302fb5280656ce6c577224707f82b80f876b57e2ee8,2026-08-21T01:52:36.562263+00:00,2026-08-21T01:52:35.579018+00:00,5y5y-real-forward-compound-v1,0.1.0,PASS,STALE
L1-007,2026-05-13,2.563203510155798,percent,FRED-derived,DFII5,DFII10,docs/phase2-ingestion/data/macro/raw/fred/DFII5-20260821T015236Z.json,docs/phase2-ingestion/data/macro/raw/fred/DFII10-20260821T015235Z.json,f092dfcc7b003910593614dedb12c59fe399d0a0e1dcc26f4eb423fb3bb7b7b3,dbaf1dee142b5509e1bf9302fb5280656ce6c577224707f82b80f876b57e2ee8,2026-08-21T01:52:36.562263+00:00,2026-08-21T01:52:35.579018+00:00,5y5y-real-forward-compound-v1,0.1.0,PASS,STALE
L1-007,2026-05-14,2.542874039030174,percent,FRED-derived,DFII5,DFII10,docs/phase2-ingestion/data/macro/raw/fred/DFII5-20260821T015236Z.json,docs/phase2-ingestion/data/macro/raw/fred/DFII10-20260821T015235Z.json,f092dfcc7b003910593614dedb12c59fe399d0a0e1dcc26f4eb423fb3bb7b7b3,dbaf1dee142b5509e1bf9302fb5280656ce6c577224707f82b80f876b57e2ee8,2026-08-21T01:52:36.562263+00:00,2026-08-21T01:52:35.579018+00:00,5y5y-real-forward-compound-v1,0.1.0,PASS,STALE
L1-007,2026-05-15,2.642871209137443,percent,FRED-derived,DFII5,DFII10,docs/phase2-ingestion/data/macro/raw/fred/DFII5-20260821T015236Z.json,docs/phase2-ingestion/data/macro/raw/fred/DFII10-20260821T015235Z.json,f092dfcc7b003910593614dedb12c59fe399d0a0e1dcc26f4eb423fb3bb7b7b3,dbaf1dee142b5509e1bf9302fb5280656ce6c577224707f82b80f876b57e2ee8,2026-08-21T01:52:36.562263+00:00,2026-08-21T01:52:35.579018+00:00,5y5y-real-forward-compound-v1,0.1.0,PASS,STALE
L1-007,2026-05-18,2.682977948415055,percent,FRED-derived,DFII5,DFII10,docs/phase2-ingestion/data/macro/raw/fred/DFII5-20260821T015236Z.json,docs/phase2-ingestion/data/macro/raw/fred/DFII10-20260821T015235Z.json,f092dfcc7b003910593614dedb12c59fe399d0a0e1dcc26f4eb423fb3bb7b7b3,dbaf1dee142b5509e1bf9302fb5280656ce6c577224707f82b80f876b57e2ee8,2026-08-21T01:52:36.562263+00:00,2026-08-21T01:52:35.579018+00:00,5y5y-real-forward-compound-v1,0.1.0,PASS,STALE
L1-007,2026-05-19,2.7026598465473173,percent,FRED-derived,DFII5,DFII10,docs/phase2-ingestion/data/macro/raw/fred/DFII5-20260821T015236Z.json,docs/phase2-ingestion/data/macro/raw/fred/DFII10-20260821T015235Z.json,f092dfcc7b003910593614dedb12c59fe399d0a0e1dcc26f4eb423fb3bb7b7b3,dbaf1dee142b5509e1bf9302fb5280656ce6c577224707f82b80f876b57e2ee8,2026-08-21T01:52:36.562263+00:00,2026-08-21T01:52:35.579018+00:00,5y5y-real-forward-compound-v1,0.1.0,PASS,STALE
L1-007,2026-05-20,2.6324599035717933,percent,FRED-derived,DFII5,DFII10,docs/phase2-ingestion/data/macro/raw/fred/DFII5-20260821T015236Z.json,docs/phase2-ingestion/data/macro/raw/fred/DFII10-20260821T015235Z.json,f092dfcc7b003910593614dedb12c59fe399d0a0e1dcc26f4eb423fb3bb7b7b3,dbaf1dee142b5509e1bf9302fb5280656ce6c577224707f82b80f876b57e2ee8,2026-08-21T01:52:36.562263+00:00,2026-08-21T01:52:35.579018+00:00,5y5y-real-forward-compound-v1,0.1.0,PASS,STALE
L1-007,2026-05-21,2.6824586939417916,percent,FRED-derived,DFII5,DFII10,docs/phase2-ingestion/data/macro/raw/fred/DFII5-20260821T015236Z.json,docs/phase2-ingestion/data/macro/raw/fred/DFII10-20260821T015235Z.json,f092dfcc7b003910593614dedb12c59fe399d0a0e1dcc26f4eb423fb3bb7b7b3,dbaf1dee142b5509e1bf9302fb5280656ce6c577224707f82b80f876b57e2ee8,2026-08-21T01:52:36.562263+00:00,2026-08-21T01:52:35.579018+00:00,5y5y-real-forward-compound-v1,0.1.0,PASS,STALE
L1-007,2026-05-22,2.591817556276421,percent,FRED-derived,DFII5,DFII10,docs/phase2-ingestion/data/macro/raw/fred/DFII5-20260821T015236Z.json,docs/phase2-ingestion/data/macro/raw/fred/DFII10-20260821T015235Z.json,f092dfcc7b003910593614dedb12c59fe399d0a0e1dcc26f4eb423fb3bb7b7b3,dbaf1dee142b5509e1bf9302fb5280656ce6c577224707f82b80f876b57e2ee8,2026-08-21T01:52:36.562263+00:00,2026-08-21T01:52:35.579018+00:00,5y5y-real-forward-compound-v1,0.1.0,PASS,STALE
L1-007,2026-05-26,2.541904387172922,percent,FRED-derived,DFII5,DFII10,docs/phase2-ingestion/data/macro/raw/fred/DFII5-20260821T015236Z.json,docs/phase2-ingestion/data/macro/raw/fred/DFII10-20260821T015235Z.json,f092dfcc7b003910593614dedb12c59fe399d0a0e1dcc26f4eb423fb3bb7b7b3,dbaf1dee142b5509e1bf9302fb5280656ce6c577224707f82b80f876b57e2ee8,2026-08-21T01:52:36.562263+00:00,2026-08-21T01:52:35.579018+00:00,5y5y-real-forward-compound-v1,0.1.0,PASS,STALE
L1-007,2026-05-27,2.5419923258559463,percent,FRED-derived,DFII5,DFII10,docs/phase2-ingestion/data/macro/raw/fred/DFII5-20260821T015236Z.json,docs/phase2-ingestion/data/macro/raw/fred/DFII10-20260821T015235Z.json,f092dfcc7b003910593614dedb12c59fe399d0a0e1dcc26f4eb423fb3bb7b7b3,dbaf1dee142b5509e1bf9302fb5280656ce6c577224707f82b80f876b57e2ee8,2026-08-21T01:52:36.562263+00:00,2026-08-21T01:52:35.579018+00:00,5y5y-real-forward-compound-v1,0.1.0,PASS,STALE
L1-007,2026-05-28,2.5119929140832387,percent,FRED-derived,DFII5,DFII10,docs/phase2-ingestion/data/macro/raw/fred/DFII5-20260821T015236Z.json,docs/phase2-ingestion/data/macro/raw/fred/DFII10-20260821T015235Z.json,f092dfcc7b003910593614dedb12c59fe399d0a0e1dcc26f4eb423fb3bb7b7b3,dbaf1dee142b5509e1bf9302fb5280656ce6c577224707f82b80f876b57e2ee8,2026-08-21T01:52:36.562263+00:00,2026-08-21T01:52:35.579018+00:00,5y5y-real-forward-compound-v1,0.1.0,PASS,STALE
L1-007,2026-05-29,2.5320824721976054,percent,FRED-derived,DFII5,DFII10,docs/phase2-ingestion/data/macro/raw/fred/DFII5-20260821T015236Z.json,docs/phase2-ingestion/data/macro/raw/fred/DFII10-20260821T015235Z.json,f092dfcc7b003910593614dedb12c59fe399d0a0e1dcc26f4eb423fb3bb7b7b3,dbaf1dee142b5509e1bf9302fb5280656ce6c577224707f82b80f876b57e2ee8,2026-08-21T01:52:36.562263+00:00,2026-08-21T01:52:35.579018+00:00,5y5y-real-forward-compound-v1,0.1.0,PASS,STALE
L1-007,2026-06-01,2.501819165682795,percent,FRED-derived,DFII5,DFII10,docs/phase2-ingestion/data/macro/raw/fred/DFII5-20260821T015236Z.json,docs/phase2-ingestion/data/macro/raw/fred/DFII10-20260821T015235Z.json,f092dfcc7b003910593614dedb12c59fe399d0a0e1dcc26f4eb423fb3bb7b7b3,dbaf1dee142b5509e1bf9302fb5280656ce6c577224707f82b80f876b57e2ee8,2026-08-21T01:52:36.562263+00:00,2026-08-21T01:52:35.579018+00:00,5y5y-real-forward-compound-v1,0.1.0,PASS,STALE
L1-007,2026-06-02,2.491735366453507,percent,FRED-derived,DFII5,DFII10,docs/phase2-ingestion/data/macro/raw/fred/DFII5-20260821T015236Z.json,docs/phase2-ingestion/data/macro/raw/fred/DFII10-20260821T015235Z.json,f092dfcc7b003910593614dedb12c59fe399d0a0e1dcc26f4eb423fb3bb7b7b3,dbaf1dee142b5509e1bf9302fb5280656ce6c577224707f82b80f876b57e2ee8,2026-08-21T01:52:36.562263+00:00,2026-08-21T01:52:35.579018+00:00,5y5y-real-forward-compound-v1,0.1.0,PASS,STALE
L1-007,2026-06-03,2.541818450039335,percent,FRED-derived,DFII5,DFII10,docs/phase2-ingestion/data/macro/raw/fred/DFII5-20260821T015236Z.json,docs/phase2-ingestion/data/macro/raw/fred/DFII10-20260821T015235Z.json,f092dfcc7b003910593614dedb12c59fe399d0a0e1dcc26f4eb423fb3bb7b7b3,dbaf1dee142b5509e1bf9302fb5280656ce6c577224707f82b80f876b57e2ee8,2026-08-21T01:52:36.562263+00:00,2026-08-21T01:52:35.579018+00:00,5y5y-real-forward-compound-v1,0.1.0,PASS,STALE
L1-007,2026-06-04,2.521652900688287,percent,FRED-derived,DFII5,DFII10,docs/phase2-ingestion/data/macro/raw/fred/DFII5-20260821T015236Z.json,docs/phase2-ingestion/data/macro/raw/fred/DFII10-20260821T015235Z.json,f092dfcc7b003910593614dedb12c59fe399d0a0e1dcc26f4eb423fb3bb7b7b3,dbaf1dee142b5509e1bf9302fb5280656ce6c577224707f82b80f876b57e2ee8,2026-08-21T01:52:36.562263+00:00,2026-08-21T01:52:35.579018+00:00,5y5y-real-forward-compound-v1,0.1.0,PASS,STALE
L1-007,2026-06-05,2.5714183282585346,percent,FRED-derived,DFII5,DFII10,docs/phase2-ingestion/data/macro/raw/fred/DFII5-20260821T015236Z.json,docs/phase2-ingestion/data/macro/raw/fred/DFII10-20260821T015235Z.json,f092dfcc7b003910593614dedb12c59fe399d0a0e1dcc26f4eb423fb3bb7b7b3,dbaf1dee142b5509e1bf9302fb5280656ce6c577224707f82b80f876b57e2ee8,2026-08-21T01:52:36.562263+00:00,2026-08-21T01:52:35.579018+00:00,5y5y-real-forward-compound-v1,0.1.0,PASS,STALE
L1-007,2026-06-08,2.6014938126105003,percent,FRED-derived,DFII5,DFII10,docs/phase2-ingestion/data/macro/raw/fred/DFII5-20260821T015236Z.json,docs/phase2-ingestion/data/macro/raw/fred/DFII10-20260821T015235Z.json,f092dfcc7b003910593614dedb12c59fe399d0a0e1dcc26f4eb423fb3bb7b7b3,dbaf1dee142b5509e1bf9302fb5280656ce6c577224707f82b80f876b57e2ee8,2026-08-21T01:52:36.562263+00:00,2026-08-21T01:52:35.579018+00:00,5y5y-real-forward-compound-v1,0.1.0,PASS,STALE
L1-007,2026-06-09,2.5814181889609156,percent,FRED-derived,DFII5,DFII10,docs/phase2-ingestion/data/macro/raw/fred/DFII5-20260821T015236Z.json,docs/phase2-ingestion/data/macro/raw/fred/DFII10-20260821T015235Z.json,f092dfcc7b003910593614dedb12c59fe399d0a0e1dcc26f4eb423fb3bb7b7b3,dbaf1dee142b5509e1bf9302fb5280656ce6c577224707f82b80f876b57e2ee8,2026-08-21T01:52:36.562263+00:00,2026-08-21T01:52:35.579018+00:00,5y5y-real-forward-compound-v1,0.1.0,PASS,STALE
L1-007,2026-06-10,2.5914180496906747,percent,FRED-derived,DFII5,DFII10,docs/phase2-ingestion/data/macro/raw/fred/DFII5-20260821T015236Z.json,docs/phase2-ingestion/data/macro/raw/fred/DFII10-20260821T015235Z.json,f092dfcc7b003910593614dedb12c59fe399d0a0e1dcc26f4eb423fb3bb7b7b3,dbaf1dee142b5509e1bf9302fb5280656ce6c577224707f82b80f876b57e2ee8,2026-08-21T01:52:36.562263+00:00,2026-08-21T01:52:35.579018+00:00,5y5y-real-forward-compound-v1,0.1.0,PASS,STALE
L1-007,2026-06-11,2.5414187463155935,percent,FRED-derived,DFII5,DFII10,docs/phase2-ingestion/data/macro/raw/fred/DFII5-20260821T015236Z.json,docs/phase2-ingestion/data/macro/raw/fred/DFII10-20260821T015235Z.json,f092dfcc7b003910593614dedb12c59fe399d0a0e1dcc26f4eb423fb3bb7b7b3,dbaf1dee142b5509e1bf9302fb5280656ce6c577224707f82b80f876b57e2ee8,2026-08-21T01:52:36.562263+00:00,2026-08-21T01:52:35.579018+00:00,5y5y-real-forward-compound-v1,0.1.0,PASS,STALE
L1-007,2026-06-12,2.521203103516023,percent,FRED-derived,DFII5,DFII10,docs/phase2-ingestion/data/macro/raw/fred/DFII5-20260821T015236Z.json,docs/phase2-ingestion/data/macro/raw/fred/DFII10-20260821T015235Z.json,f092dfcc7b003910593614dedb12c59fe399d0a0e1dcc26f4eb423fb3bb7b7b3,dbaf1dee142b5509e1bf9302fb5280656ce6c577224707f82b80f876b57e2ee8,2026-08-21T01:52:36.562263+00:00,2026-08-21T01:52:35.579018+00:00,5y5y-real-forward-compound-v1,0.1.0,PASS,STALE
L1-007,2026-06-15,2.5213450579681718,percent,FRED-derived,DFII5,DFII10,docs/phase2-ingestion/data/macro/raw/fred/DFII5-20260821T015236Z.json,docs/phase2-ingestion/data/macro/raw/fred/DFII10-20260821T015235Z.json,f092dfcc7b003910593614dedb12c59fe399d0a0e1dcc26f4eb423fb3bb7b7b3,dbaf1dee142b5509e1bf9302fb5280656ce6c577224707f82b80f876b57e2ee8,2026-08-21T01:52:36.562263+00:00,2026-08-21T01:52:35.579018+00:00,5y5y-real-forward-compound-v1,0.1.0,PASS,STALE
L1-007,2026-06-16,2.4811355599214213,percent,FRED-derived,DFII5,DFII10,docs/phase2-ingestion/data/macro/raw/fred/DFII5-20260821T015236Z.json,docs/phase2-ingestion/data/macro/raw/fred/DFII10-20260821T015235Z.json,f092dfcc7b003910593614dedb12c59fe399d0a0e1dcc26f4eb423fb3bb7b7b3,dbaf1dee142b5509e1bf9302fb5280656ce6c577224707f82b80f876b57e2ee8,2026-08-21T01:52:36.562263+00:00,2026-08-21T01:52:35.579018+00:00,5y5y-real-forward-compound-v1,0.1.0,PASS,STALE
L1-007,2026-06-17,2.5007149862691147,percent,FRED-derived,DFII5,DFII10,docs/phase2-ingestion/data/macro/raw/fred/DFII5-20260821T015236Z.json,docs/phase2-ingestion/data/macro/raw/fred/DFII10-20260821T015235Z.json,f092dfcc7b003910593614dedb12c59fe399d0a0e1dcc26f4eb423fb3bb7b7b3,dbaf1dee142b5509e1bf9302fb5280656ce6c577224707f82b80f876b57e2ee8,2026-08-21T01:52:36.562263+00:00,2026-08-21T01:52:35.579018+00:00,5y5y-real-forward-compound-v1,0.1.0,PASS,STALE
L1-007,2026-06-18,2.4606129854845005,percent,FRED-derived,DFII5,DFII10,docs/phase2-ingestion/data/macro/raw/fred/DFII5-20260821T015236Z.json,docs/phase2-ingestion/data/macro/raw/fred/DFII10-20260821T015235Z.json,f092dfcc7b003910593614dedb12c59fe399d0a0e1dcc26f4eb423fb3bb7b7b3,dbaf1dee142b5509e1bf9302fb5280656ce6c577224707f82b80f876b57e2ee8,2026-08-21T01:52:36.562263+00:00,2026-08-21T01:52:35.579018+00:00,5y5y-real-forward-compound-v1,0.1.0,PASS,STALE
L1-007,2026-06-22,2.550714635819995,percent,FRED-derived,DFII5,DFII10,docs/phase2-ingestion/data/macro/raw/fred/DFII5-20260821T015236Z.json,docs/phase2-ingestion/data/macro/raw/fred/DFII10-20260821T015235Z.json,f092dfcc7b003910593614dedb12c59fe399d0a0e1dcc26f4eb423fb3bb7b7b3,dbaf1dee142b5509e1bf9302fb5280656ce6c577224707f82b80f876b57e2ee8,2026-08-21T01:52:36.562263+00:00,2026-08-21T01:52:35.579018+00:00,5y5y-real-forward-compound-v1,0.1.0,PASS,STALE
L1-007,2026-06-23,2.5506625502303093,percent,FRED-derived,DFII5,DFII10,docs/phase2-ingestion/data/macro/raw/fred/DFII5-20260821T015236Z.json,docs/phase2-ingestion/data/macro/raw/fred/DFII10-20260821T015235Z.json,f092dfcc7b003910593614dedb12c59fe399d0a0e1dcc26f4eb423fb3bb7b7b3,dbaf1dee142b5509e1bf9302fb5280656ce6c577224707f82b80f876b57e2ee8,2026-08-21T01:52:36.562263+00:00,2026-08-21T01:52:35.579018+00:00,5y5y-real-forward-compound-v1,0.1.0,PASS,STALE
L1-007,2026-06-24,2.480612865267684,percent,FRED-derived,DFII5,DFII10,docs/phase2-ingestion/data/macro/raw/fred/DFII5-20260821T015236Z.json,docs/phase2-ingestion/data/macro/raw/fred/DFII10-20260821T015235Z.json,f092dfcc7b003910593614dedb12c59fe399d0a0e1dcc26f4eb423fb3bb7b7b3,dbaf1dee142b5509e1bf9302fb5280656ce6c577224707f82b80f876b57e2ee8,2026-08-21T01:52:36.562263+00:00,2026-08-21T01:52:35.579018+00:00,5y5y-real-forward-compound-v1,0.1.0,PASS,STALE
L1-007,2026-06-25,2.460715266875968,percent,FRED-derived,DFII5,DFII10,docs/phase2-ingestion/data/macro/raw/fred/DFII5-20260821T015236Z.json,docs/phase2-ingestion/data/macro/raw/fred/DFII10-20260821T015235Z.json,f092dfcc7b003910593614dedb12c59fe399d0a0e1dcc26f4eb423fb3bb7b7b3,dbaf1dee142b5509e1bf9302fb5280656ce6c577224707f82b80f876b57e2ee8,2026-08-21T01:52:36.562263+00:00,2026-08-21T01:52:35.579018+00:00,5y5y-real-forward-compound-v1,0.1.0,PASS,STALE
L1-007,2026-06-26,2.450715337062137,percent,FRED-derived,DFII5,DFII10,docs/phase2-ingestion/data/macro/raw/fred/DFII5-20260821T015236Z.json,docs/phase2-ingestion/data/macro/raw/fred/DFII10-20260821T015235Z.json,f092dfcc7b003910593614dedb12c59fe399d0a0e1dcc26f4eb423fb3bb7b7b3,dbaf1dee142b5509e1bf9302fb5280656ce6c577224707f82b80f876b57e2ee8,2026-08-21T01:52:36.562263+00:00,2026-08-21T01:52:35.579018+00:00,5y5y-real-forward-compound-v1,0.1.0,PASS,STALE
L1-007,2026-06-29,2.4206633954857892,percent,FRED-derived,DFII5,DFII10,docs/phase2-ingestion/data/macro/raw/fred/DFII5-20260821T015236Z.json,docs/phase2-ingestion/data/macro/raw/fred/DFII10-20260821T015235Z.json,f092dfcc7b003910593614dedb12c59fe399d0a0e1dcc26f4eb423fb3bb7b7b3,dbaf1dee142b5509e1bf9302fb5280656ce6c577224707f82b80f876b57e2ee8,2026-08-21T01:52:36.562263+00:00,2026-08-21T01:52:35.579018+00:00,5y5y-real-forward-compound-v1,0.1.0,PASS,STALE
L1-007,2026-06-30,2.47071519670361,percent,FRED-derived,DFII5,DFII10,docs/phase2-ingestion/data/macro/raw/fred/DFII5-20260821T015236Z.json,docs/phase2-ingestion/data/macro/raw/fred/DFII10-20260821T015235Z.json,f092dfcc7b003910593614dedb12c59fe399d0a0e1dcc26f4eb423fb3bb7b7b3,dbaf1dee142b5509e1bf9302fb5280656ce6c577224707f82b80f876b57e2ee8,2026-08-21T01:52:36.562263+00:00,2026-08-21T01:52:35.579018+00:00,5y5y-real-forward-compound-v1,0.1.0,PASS,STALE
L1-007,2026-07-01,2.520714846048233,percent,FRED-derived,DFII5,DFII10,docs/phase2-ingestion/data/macro/raw/fred/DFII5-20260821T015236Z.json,docs/phase2-ingestion/data/macro/raw/fred/DFII10-20260821T015235Z.json,f092dfcc7b003910593614dedb12c59fe399d0a0e1dcc26f4eb423fb3bb7b7b3,dbaf1dee142b5509e1bf9302fb5280656ce6c577224707f82b80f876b57e2ee8,2026-08-21T01:52:36.562263+00:00,2026-08-21T01:52:35.579018+00:00,5y5y-real-forward-compound-v1,0.1.0,PASS,STALE
L1-007,2026-07-02,2.530714775958409,percent,FRED-derived,DFII5,DFII10,docs/phase2-ingestion/data/macro/raw/fred/DFII5-20260821T015236Z.json,docs/phase2-ingestion/data/macro/raw/fred/DFII10-20260821T015235Z.json,f092dfcc7b003910593614dedb12c59fe399d0a0e1dcc26f4eb423fb3bb7b7b3,dbaf1dee142b5509e1bf9302fb5280656ce6c577224707f82b80f876b57e2ee8,2026-08-21T01:52:36.562263+00:00,2026-08-21T01:52:35.579018+00:00,5y5y-real-forward-compound-v1,0.1.0,PASS,STALE
L1-007,2026-07-06,2.5408828722778054,percent,FRED-derived,DFII5,DFII10,docs/phase2-ingestion/data/macro/raw/fred/DFII5-20260821T015236Z.json,docs/phase2-ingestion/data/macro/raw/fred/DFII10-20260821T015235Z.json,f092dfcc7b003910593614dedb12c59fe399d0a0e1dcc26f4eb423fb3bb7b7b3,dbaf1dee142b5509e1bf9302fb5280656ce6c577224707f82b80f876b57e2ee8,2026-08-21T01:52:36.562263+00:00,2026-08-21T01:52:35.579018+00:00,5y5y-real-forward-compound-v1,0.1.0,PASS,STALE
L1-007,2026-07-07,2.6109422492401,percent,FRED-derived,DFII5,DFII10,docs/phase2-ingestion/data/macro/raw/fred/DFII5-20260821T015236Z.json,docs/phase2-ingestion/data/macro/raw/fred/DFII10-20260821T015235Z.json,f092dfcc7b003910593614dedb12c59fe399d0a0e1dcc26f4eb423fb3bb7b7b3,dbaf1dee142b5509e1bf9302fb5280656ce6c577224707f82b80f876b57e2ee8,2026-08-21T01:52:36.562263+00:00,2026-08-21T01:52:35.579018+00:00,5y5y-real-forward-compound-v1,0.1.0,PASS,STALE
L1-007,2026-07-08,2.6209421568627267,percent,FRED-derived,DFII5,DFII10,docs/phase2-ingestion/data/macro/raw/fred/DFII5-20260821T015236Z.json,docs/phase2-ingestion/data/macro/raw/fred/DFII10-20260821T015235Z.json,f092dfcc7b003910593614dedb12c59fe399d0a0e1dcc26f4eb423fb3bb7b7b3,dbaf1dee142b5509e1bf9302fb5280656ce6c577224707f82b80f876b57e2ee8,2026-08-21T01:52:36.562263+00:00,2026-08-21T01:52:35.579018+00:00,5y5y-real-forward-compound-v1,0.1.0,PASS,STALE
L1-007,2026-07-09,2.631004020001937,percent,FRED-derived,DFII5,DFII10,docs/phase2-ingestion/data/macro/raw/fred/DFII5-20260821T015236Z.json,docs/phase2-ingestion/data/macro/raw/fred/DFII10-20260821T015235Z.json,f092dfcc7b003910593614dedb12c59fe399d0a0e1dcc26f4eb423fb3bb7b7b3,dbaf1dee142b5509e1bf9302fb5280656ce6c577224707f82b80f876b57e2ee8,2026-08-21T01:52:36.562263+00:00,2026-08-21T01:52:35.579018+00:00,5y5y-real-forward-compound-v1,0.1.0,PASS,STALE
L1-007,2026-07-10,2.6208821799647453,percent,FRED-derived,DFII5,DFII10,docs/phase2-ingestion/data/macro/raw/fred/DFII5-20260821T015236Z.json,docs/phase2-ingestion/data/macro/raw/fred/DFII10-20260821T015235Z.json,f092dfcc7b003910593614dedb12c59fe399d0a0e1dcc26f4eb423fb3bb7b7b3,dbaf1dee142b5509e1bf9302fb5280656ce6c577224707f82b80f876b57e2ee8,2026-08-21T01:52:36.562263+00:00,2026-08-21T01:52:35.579018+00:00,5y5y-real-forward-compound-v1,0.1.0,PASS,STALE
L1-007,2026-07-13,2.6608818342151785,percent,FRED-derived,DFII5,DFII10,docs/phase2-ingestion/data/macro/raw/fred/DFII5-20260821T015236Z.json,docs/phase2-ingestion/data/macro/raw/fred/DFII10-20260821T015235Z.json,f092dfcc7b003910593614dedb12c59fe399d0a0e1dcc26f4eb423fb3bb7b7b3,dbaf1dee142b5509e1bf9302fb5280656ce6c577224707f82b80f876b57e2ee8,2026-08-21T01:52:36.562263+00:00,2026-08-21T01:52:35.579018+00:00,5y5y-real-forward-compound-v1,0.1.0,PASS,STALE
L1-007,2026-07-14,2.6308820935019295,percent,FRED-derived,DFII5,DFII10,docs/phase2-ingestion/data/macro/raw/fred/DFII5-20260821T015236Z.json,docs/phase2-ingestion/data/macro/raw/fred/DFII10-20260821T015235Z.json,f092dfcc7b003910593614dedb12c59fe399d0a0e1dcc26f4eb423fb3bb7b7b3,dbaf1dee142b5509e1bf9302fb5280656ce6c577224707f82b80f876b57e2ee8,2026-08-21T01:52:36.562263+00:00,2026-08-21T01:52:35.579018+00:00,5y5y-real-forward-compound-v1,0.1.0,PASS,STALE
L1-007,2026-07-15,2.630942064503494,percent,FRED-derived,DFII5,DFII10,docs/phase2-ingestion/data/macro/raw/fred/DFII5-20260821T015236Z.json,docs/phase2-ingestion/data/macro/raw/fred/DFII10-20260821T015235Z.json,f092dfcc7b003910593614dedb12c59fe399d0a0e1dcc26f4eb423fb3bb7b7b3,dbaf1dee142b5509e1bf9302fb5280656ce6c577224707f82b80f876b57e2ee8,2026-08-21T01:52:36.562263+00:00,2026-08-21T01:52:35.579018+00:00,5y5y-real-forward-compound-v1,0.1.0,PASS,STALE
L1-007,2026-07-16,2.66094178753431,percent,FRED-derived,DFII5,DFII10,docs/phase2-ingestion/data/macro/raw/fred/DFII5-20260821T015236Z.json,docs/phase2-ingestion/data/macro/raw/fred/DFII10-20260821T015235Z.json,f092dfcc7b003910593614dedb12c59fe399d0a0e1dcc26f4eb423fb3bb7b7b3,dbaf1dee142b5509e1bf9302fb5280656ce6c577224707f82b80f876b57e2ee8,2026-08-21T01:52:36.562263+00:00,2026-08-21T01:52:35.579018+00:00,5y5y-real-forward-compound-v1,0.1.0,PASS,STALE
L1-007,2026-07-17,2.6108822664444364,percent,FRED-derived,DFII5,DFII10,docs/phase2-ingestion/data/macro/raw/fred/DFII5-20260821T015236Z.json,docs/phase2-ingestion/data/macro/raw/fred/DFII10-20260821T015235Z.json,f092dfcc7b003910593614dedb12c59fe399d0a0e1dcc26f4eb423fb3bb7b7b3,dbaf1dee142b5509e1bf9302fb5280656ce6c577224707f82b80f876b57e2ee8,2026-08-21T01:52:36.562263+00:00,2026-08-21T01:52:35.579018+00:00,5y5y-real-forward-compound-v1,0.1.0,PASS,STALE
L1-007,2026-07-20,2.6508819206271683,percent,FRED-derived,DFII5,DFII10,docs/phase2-ingestion/data/macro/raw/fred/DFII5-20260821T015236Z.json,docs/phase2-ingestion/data/macro/raw/fred/DFII10-20260821T015235Z.json,f092dfcc7b003910593614dedb12c59fe399d0a0e1dcc26f4eb423fb3bb7b7b3,dbaf1dee142b5509e1bf9302fb5280656ce6c577224707f82b80f876b57e2ee8,2026-08-21T01:52:36.562263+00:00,2026-08-21T01:52:35.579018+00:00,5y5y-real-forward-compound-v1,0.1.0,PASS,STALE
L1-007,2026-07-21,2.6507679498481984,percent,FRED-derived,DFII5,DFII10,docs/phase2-ingestion/data/macro/raw/fred/DFII5-20260821T015236Z.json,docs/phase2-ingestion/data/macro/raw/fred/DFII10-20260821T015235Z.json,f092dfcc7b003910593614dedb12c59fe399d0a0e1dcc26f4eb423fb3bb7b7b3,dbaf1dee142b5509e1bf9302fb5280656ce6c577224707f82b80f876b57e2ee8,2026-08-21T01:52:36.562263+00:00,2026-08-21T01:52:35.579018+00:00,5y5y-real-forward-compound-v1,0.1.0,PASS,STALE
L1-007,2026-07-22,2.6707677994320056,percent,FRED-derived,DFII5,DFII10,docs/phase2-ingestion/data/macro/raw/fred/DFII5-20260821T015236Z.json,docs/phase2-ingestion/data/macro/raw/fred/DFII10-20260821T015235Z.json,f092dfcc7b003910593614dedb12c59fe399d0a0e1dcc26f4eb423fb3bb7b7b3,dbaf1dee142b5509e1bf9302fb5280656ce6c577224707f82b80f876b57e2ee8,2026-08-21T01:52:36.562263+00:00,2026-08-21T01:52:35.579018+00:00,5y5y-real-forward-compound-v1,0.1.0,PASS,STALE
L1-007,2026-07-23,2.6906616423607588,percent,FRED-derived,DFII5,DFII10,docs/phase2-ingestion/data/macro/raw/fred/DFII5-20260821T015236Z.json,docs/phase2-ingestion/data/macro/raw/fred/DFII10-20260821T015235Z.json,f092dfcc7b003910593614dedb12c59fe399d0a0e1dcc26f4eb423fb3bb7b7b3,dbaf1dee142b5509e1bf9302fb5280656ce6c577224707f82b80f876b57e2ee8,2026-08-21T01:52:36.562263+00:00,2026-08-21T01:52:35.579018+00:00,5y5y-real-forward-compound-v1,0.1.0,PASS,STALE
L1-007,2026-07-24,2.67056365593501,percent,FRED-derived,DFII5,DFII10,docs/phase2-ingestion/data/macro/raw/fred/DFII5-20260821T015236Z.json,docs/phase2-ingestion/data/macro/raw/fred/DFII10-20260821T015235Z.json,f092dfcc7b003910593614dedb12c59fe399d0a0e1dcc26f4eb423fb3bb7b7b3,dbaf1dee142b5509e1bf9302fb5280656ce6c577224707f82b80f876b57e2ee8,2026-08-21T01:52:36.562263+00:00,2026-08-21T01:52:35.579018+00:00,5y5y-real-forward-compound-v1,0.1.0,PASS,STALE
L1-007,2026-07-27,2.6604734885540937,percent,FRED-derived,DFII5,DFII10,docs/phase2-ingestion/data/macro/raw/fred/DFII5-20260821T015236Z.json,docs/phase2-ingestion/data/macro/raw/fred/DFII10-20260821T015235Z.json,f092dfcc7b003910593614dedb12c59fe399d0a0e1dcc26f4eb423fb3bb7b7b3,dbaf1dee142b5509e1bf9302fb5280656ce6c577224707f82b80f876b57e2ee8,2026-08-21T01:52:36.562263+00:00,2026-08-21T01:52:35.579018+00:00,5y5y-real-forward-compound-v1,0.1.0,PASS,STALE
L1-007,2026-07-28,2.6304736275565066,percent,FRED-derived,DFII5,DFII10,docs/phase2-ingestion/data/macro/raw/fred/DFII5-20260821T015236Z.json,docs/phase2-ingestion/data/macro/raw/fred/DFII10-20260821T015235Z.json,f092dfcc7b003910593614dedb12c59fe399d0a0e1dcc26f4eb423fb3bb7b7b3,dbaf1dee142b5509e1bf9302fb5280656ce6c577224707f82b80f876b57e2ee8,2026-08-21T01:52:36.562263+00:00,2026-08-21T01:52:35.579018+00:00,5y5y-real-forward-compound-v1,0.1.0,PASS,STALE
L1-007,2026-07-29,2.690767649074699,percent,FRED-derived,DFII5,DFII10,docs/phase2-ingestion/data/macro/raw/fred/DFII5-20260821T015236Z.json,docs/phase2-ingestion/data/macro/raw/fred/DFII10-20260821T015235Z.json,f092dfcc7b003910593614dedb12c59fe399d0a0e1dcc26f4eb423fb3bb7b7b3,dbaf1dee142b5509e1bf9302fb5280656ce6c577224707f82b80f876b57e2ee8,2026-08-21T01:52:36.562263+00:00,2026-08-21T01:52:35.579018+00:00,5y5y-real-forward-compound-v1,0.1.0,PASS,STALE
L1-007,2026-07-30,2.680713726258066,percent,FRED-derived,DFII5,DFII10,docs/phase2-ingestion/data/macro/raw/fred/DFII5-20260821T015236Z.json,docs/phase2-ingestion/data/macro/raw/fred/DFII10-20260821T015235Z.json,f092dfcc7b003910593614dedb12c59fe399d0a0e1dcc26f4eb423fb3bb7b7b3,dbaf1dee142b5509e1bf9302fb5280656ce6c577224707f82b80f876b57e2ee8,2026-08-21T01:52:36.562263+00:00,2026-08-21T01:52:35.579018+00:00,5y5y-real-forward-compound-v1,0.1.0,PASS,STALE
L1-007,2026-07-31,2.7507671983559856,percent,FRED-derived,DFII5,DFII10,docs/phase2-ingestion/data/macro/raw/fred/DFII5-20260821T015236Z.json,docs/phase2-ingestion/data/macro/raw/fred/DFII10-20260821T015235Z.json,f092dfcc7b003910593614dedb12c59fe399d0a0e1dcc26f4eb423fb3bb7b7b3,dbaf1dee142b5509e1bf9302fb5280656ce6c577224707f82b80f876b57e2ee8,2026-08-21T01:52:36.562263+00:00,2026-08-21T01:52:35.579018+00:00,5y5y-real-forward-compound-v1,0.1.0,PASS,STALE
L1-007,2026-08-03,2.6906616423607588,percent,FRED-derived,DFII5,DFII10,docs/phase2-ingestion/data/macro/raw/fred/DFII5-20260821T015236Z.json,docs/phase2-ingestion/data/macro/raw/fred/DFII10-20260821T015235Z.json,f092dfcc7b003910593614dedb12c59fe399d0a0e1dcc26f4eb423fb3bb7b7b3,dbaf1dee142b5509e1bf9302fb5280656ce6c577224707f82b80f876b57e2ee8,2026-08-21T01:52:36.562263+00:00,2026-08-21T01:52:35.579018+00:00,5y5y-real-forward-compound-v1,0.1.0,PASS,STALE
L1-007,2026-08-04,2.660661836694733,percent,FRED-derived,DFII5,DFII10,docs/phase2-ingestion/data/macro/raw/fred/DFII5-20260821T015236Z.json,docs/phase2-ingestion/data/macro/raw/fred/DFII10-20260821T015235Z.json,f092dfcc7b003910593614dedb12c59fe399d0a0e1dcc26f4eb423fb3bb7b7b3,dbaf1dee142b5509e1bf9302fb5280656ce6c577224707f82b80f876b57e2ee8,2026-08-21T01:52:36.562263+00:00,2026-08-21T01:52:35.579018+00:00,5y5y-real-forward-compound-v1,0.1.0,PASS,STALE
L1-007,2026-08-05,2.670661771904048,percent,FRED-derived,DFII5,DFII10,docs/phase2-ingestion/data/macro/raw/fred/DFII5-20260821T015236Z.json,docs/phase2-ingestion/data/macro/raw/fred/DFII10-20260821T015235Z.json,f092dfcc7b003910593614dedb12c59fe399d0a0e1dcc26f4eb423fb3bb7b7b3,dbaf1dee142b5509e1bf9302fb5280656ce6c577224707f82b80f876b57e2ee8,2026-08-21T01:52:36.562263+00:00,2026-08-21T01:52:35.579018+00:00,5y5y-real-forward-compound-v1,0.1.0,PASS,STALE
L1-007,2026-08-06,2.6906616423607588,percent,FRED-derived,DFII5,DFII10,docs/phase2-ingestion/data/macro/raw/fred/DFII5-20260821T015236Z.json,docs/phase2-ingestion/data/macro/raw/fred/DFII10-20260821T015235Z.json,f092dfcc7b003910593614dedb12c59fe399d0a0e1dcc26f4eb423fb3bb7b7b3,dbaf1dee142b5509e1bf9302fb5280656ce6c577224707f82b80f876b57e2ee8,2026-08-21T01:52:36.562263+00:00,2026-08-21T01:52:35.579018+00:00,5y5y-real-forward-compound-v1,0.1.0,PASS,STALE
L1-007,2026-08-07,2.6707137961421656,percent,FRED-derived,DFII5,DFII10,docs/phase2-ingestion/data/macro/raw/fred/DFII5-20260821T015236Z.json,docs/phase2-ingestion/data/macro/raw/fred/DFII10-20260821T015235Z.json,f092dfcc7b003910593614dedb12c59fe399d0a0e1dcc26f4eb423fb3bb7b7b3,dbaf1dee142b5509e1bf9302fb5280656ce6c577224707f82b80f876b57e2ee8,2026-08-21T01:52:36.562263+00:00,2026-08-21T01:52:35.579018+00:00,5y5y-real-forward-compound-v1,0.1.0,PASS,STALE
L1-007,2026-08-10,2.700713586530923,percent,FRED-derived,DFII5,DFII10,docs/phase2-ingestion/data/macro/raw/fred/DFII5-20260821T015236Z.json,docs/phase2-ingestion/data/macro/raw/fred/DFII10-20260821T015235Z.json,f092dfcc7b003910593614dedb12c59fe399d0a0e1dcc26f4eb423fb3bb7b7b3,dbaf1dee142b5509e1bf9302fb5280656ce6c577224707f82b80f876b57e2ee8,2026-08-21T01:52:36.562263+00:00,2026-08-21T01:52:35.579018+00:00,5y5y-real-forward-compound-v1,0.1.0,PASS,STALE
L1-007,2026-08-11,2.700713586530923,percent,FRED-derived,DFII5,DFII10,docs/phase2-ingestion/data/macro/raw/fred/DFII5-20260821T015236Z.json,docs/phase2-ingestion/data/macro/raw/fred/DFII10-20260821T015235Z.json,f092dfcc7b003910593614dedb12c59fe399d0a0e1dcc26f4eb423fb3bb7b7b3,dbaf1dee142b5509e1bf9302fb5280656ce6c577224707f82b80f876b57e2ee8,2026-08-21T01:52:36.562263+00:00,2026-08-21T01:52:35.579018+00:00,5y5y-real-forward-compound-v1,0.1.0,PASS,STALE
L1-007,2026-08-12,2.7007675739181503,percent,FRED-derived,DFII5,DFII10,docs/phase2-ingestion/data/macro/raw/fred/DFII5-20260821T015236Z.json,docs/phase2-ingestion/data/macro/raw/fred/DFII10-20260821T015235Z.json,f092dfcc7b003910593614dedb12c59fe399d0a0e1dcc26f4eb423fb3bb7b7b3,dbaf1dee142b5509e1bf9302fb5280656ce6c577224707f82b80f876b57e2ee8,2026-08-21T01:52:36.562263+00:00,2026-08-21T01:52:35.579018+00:00,5y5y-real-forward-compound-v1,0.1.0,PASS,STALE
L1-007,2026-08-13,2.6707677994320056,percent,FRED-derived,DFII5,DFII10,docs/phase2-ingestion/data/macro/raw/fred/DFII5-20260821T015236Z.json,docs/phase2-ingestion/data/macro/raw/fred/DFII10-20260821T015235Z.json,f092dfcc7b003910593614dedb12c59fe399d0a0e1dcc26f4eb423fb3bb7b7b3,dbaf1dee142b5509e1bf9302fb5280656ce6c577224707f82b80f876b57e2ee8,2026-08-21T01:52:36.562263+00:00,2026-08-21T01:52:35.579018+00:00,5y5y-real-forward-compound-v1,0.1.0,PASS,STALE
L1-007,2026-08-14,2.700823540932218,percent,FRED-derived,DFII5,DFII10,docs/phase2-ingestion/data/macro/raw/fred/DFII5-20260821T015236Z.json,docs/phase2-ingestion/data/macro/raw/fred/DFII10-20260821T015235Z.json,f092dfcc7b003910593614dedb12c59fe399d0a0e1dcc26f4eb423fb3bb7b7b3,dbaf1dee142b5509e1bf9302fb5280656ce6c577224707f82b80f876b57e2ee8,2026-08-21T01:52:36.562263+00:00,2026-08-21T01:52:35.579018+00:00,5y5y-real-forward-compound-v1,0.1.0,PASS,AVAILABLE
L1-007,2026-08-17,2.750940957603043,percent,FRED-derived,DFII5,DFII10,docs/phase2-ingestion/data/macro/raw/fred/DFII5-20260821T015236Z.json,docs/phase2-ingestion/data/macro/raw/fred/DFII10-20260821T015235Z.json,f092dfcc7b003910593614dedb12c59fe399d0a0e1dcc26f4eb423fb3bb7b7b3,dbaf1dee142b5509e1bf9302fb5280656ce6c577224707f82b80f876b57e2ee8,2026-08-21T01:52:36.562263+00:00,2026-08-21T01:52:35.579018+00:00,5y5y-real-forward-compound-v1,0.1.0,PASS,AVAILABLE
L1-007,2026-08-18,2.72094123408424,percent,FRED-derived,DFII5,DFII10,docs/phase2-ingestion/data/macro/raw/fred/DFII5-20260821T015236Z.json,docs/phase2-ingestion/data/macro/raw/fred/DFII10-20260821T015235Z.json,f092dfcc7b003910593614dedb12c59fe399d0a0e1dcc26f4eb423fb3bb7b7b3,dbaf1dee142b5509e1bf9302fb5280656ce6c577224707f82b80f876b57e2ee8,2026-08-21T01:52:36.562263+00:00,2026-08-21T01:52:35.579018+00:00,5y5y-real-forward-compound-v1,0.1.0,PASS,AVAILABLE
L1-007,2026-08-19,2.630768100323322,percent,FRED-derived,DFII5,DFII10,docs/phase2-ingestion/data/macro/raw/fred/DFII5-20260821T015236Z.json,docs/phase2-ingestion/data/macro/raw/fred/DFII10-20260821T015235Z.json,f092dfcc7b003910593614dedb12c59fe399d0a0e1dcc26f4eb423fb3bb7b7b3,dbaf1dee142b5509e1bf9302fb5280656ce6c577224707f82b80f876b57e2ee8,2026-08-21T01:52:36.562263+00:00,2026-08-21T01:52:35.579018+00:00,5y5y-real-forward-compound-v1,0.1.0,PASS,AVAILABLE
