variable_id,observation_date,value,unit,source_name,source_series_id,raw_file_path,retrieved_at,validation_status,availability_status,parser_version
L4-002,1959-01-01,15.501,index,FRED,PCEPILFE,/mnt/d/Projects/GoldRush/docs/phase2-ingestion/data/macro/raw/fred/PCEPILFE-20260830T100927Z.json,2026-08-30T10:09:27.940966+00:00,PASS,STALE,0.1.0
L4-002,1959-02-01,15.513,index,FRED,PCEPILFE,/mnt/d/Projects/GoldRush/docs/phase2-ingestion/data/macro/raw/fred/PCEPILFE-20260830T100927Z.json,2026-08-30T10:09:27.940966+00:00,PASS,STALE,0.1.0
L4-002,1959-03-01,15.531,index,FRED,PCEPILFE,/mnt/d/Projects/GoldRush/docs/phase2-ingestion/data/macro/raw/fred/PCEPILFE-20260830T100927Z.json,2026-08-30T10:09:27.940966+00:00,PASS,STALE,0.1.0
L4-002,1959-04-01,15.57,index,FRED,PCEPILFE,/mnt/d/Projects/GoldRush/docs/phase2-ingestion/data/macro/raw/fred/PCEPILFE-20260830T100927Z.json,2026-08-30T10:09:27.940966+00:00,PASS,STALE,0.1.0
L4-002,1959-05-01,15.589,index,FRED,PCEPILFE,/mnt/d/Projects/GoldRush/docs/phase2-ingestion/data/macro/raw/fred/PCEPILFE-20260830T100927Z.json,2026-08-30T10:09:27.940966+00:00,PASS,STALE,0.1.0
L4-002,1959-06-01,15.635,index,FRED,PCEPILFE,/mnt/d/Projects/GoldRush/docs/phase2-ingestion/data/macro/raw/fred/PCEPILFE-20260830T100927Z.json,2026-08-30T10:09:27.940966+00:00,PASS,STALE,0.1.0
L4-002,1959-07-01,15.672,index,FRED,PCEPILFE,/mnt/d/Projects/GoldRush/docs/phase2-ingestion/data/macro/raw/fred/PCEPILFE-20260830T100927Z.json,2026-08-30T10:09:27.940966+00:00,PASS,STALE,0.1.0
L4-002,1959-08-01,15.697,index,FRED,PCEPILFE,/mnt/d/Projects/GoldRush/docs/phase2-ingestion/data/macro/raw/fred/PCEPILFE-20260830T100927Z.json,2026-08-30T10:09:27.940966+00:00,PASS,STALE,0.1.0
L4-002,1959-09-01,15.738,index,FRED,PCEPILFE,/mnt/d/Projects/GoldRush/docs/phase2-ingestion/data/macro/raw/fred/PCEPILFE-20260830T100927Z.json,2026-08-30T10:09:27.940966+00:00,PASS,STALE,0.1.0
L4-002,1959-10-01,15.765,index,FRED,PCEPILFE,/mnt/d/Projects/GoldRush/docs/phase2-ingestion/data/macro/raw/fred/PCEPILFE-20260830T100927Z.json,2026-08-30T10:09:27.940966+00:00,PASS,STALE,0.1.0
L4-002,1959-11-01,15.794,index,FRED,PCEPILFE,/mnt/d/Projects/GoldRush/docs/phase2-ingestion/data/macro/raw/fred/PCEPILFE-20260830T100927Z.json,2026-08-30T10:09:27.940966+00:00,PASS,STALE,0.1.0
L4-002,1959-12-01,15.818,index,FRED,PCEPILFE,/mnt/d/Projects/GoldRush/docs/phase2-ingestion/data/macro/raw/fred/PCEPILFE-20260830T100927Z.json,2026-08-30T10:09:27.940966+00:00,PASS,STALE,0.1.0
L4-002,1960-01-01,15.822,index,FRED,PCEPILFE,/mnt/d/Projects/GoldRush/docs/phase2-ingestion/data/macro/raw/fred/PCEPILFE-20260830T100927Z.json,2026-08-30T10:09:27.940966+00:00,PASS,STALE,0.1.0
L4-002,1960-02-01,15.852,index,FRED,PCEPILFE,/mnt/d/Projects/GoldRush/docs/phase2-ingestion/data/macro/raw/fred/PCEPILFE-20260830T100927Z.json,2026-08-30T10:09:27.940966+00:00,PASS,STALE,0.1.0
L4-002,1960-03-01,15.853,index,FRED,PCEPILFE,/mnt/d/Projects/GoldRush/docs/phase2-ingestion/data/macro/raw/fred/PCEPILFE-20260830T100927Z.json,2026-08-30T10:09:27.940966+00:00,PASS,STALE,0.1.0
L4-002,1960-04-01,15.882,index,FRED,PCEPILFE,/mnt/d/Projects/GoldRush/docs/phase2-ingestion/data/macro/raw/fred/PCEPILFE-20260830T100927Z.json,2026-08-30T10:09:27.940966+00:00,PASS,STALE,0.1.0
L4-002,1960-05-01,15.908,index,FRED,PCEPILFE,/mnt/d/Projects/GoldRush/docs/phase2-ingestion/data/macro/raw/fred/PCEPILFE-20260830T100927Z.json,2026-08-30T10:09:27.940966+00:00,PASS,STALE,0.1.0
L4-002,1960-06-01,15.917,index,FRED,PCEPILFE,/mnt/d/Projects/GoldRush/docs/phase2-ingestion/data/macro/raw/fred/PCEPILFE-20260830T100927Z.json,2026-08-30T10:09:27.940966+00:00,PASS,STALE,0.1.0
L4-002,1960-07-01,15.945,index,FRED,PCEPILFE,/mnt/d/Projects/GoldRush/docs/phase2-ingestion/data/macro/raw/fred/PCEPILFE-20260830T100927Z.json,2026-08-30T10:09:27.940966+00:00,PASS,STALE,0.1.0
L4-002,1960-08-01,15.968,index,FRED,PCEPILFE,/mnt/d/Projects/GoldRush/docs/phase2-ingestion/data/macro/raw/fred/PCEPILFE-20260830T100927Z.json,2026-08-30T10:09:27.940966+00:00,PASS,STALE,0.1.0
L4-002,1960-09-01,15.981,index,FRED,PCEPILFE,/mnt/d/Projects/GoldRush/docs/phase2-ingestion/data/macro/raw/fred/PCEPILFE-20260830T100927Z.json,2026-08-30T10:09:27.940966+00:00,PASS,STALE,0.1.0
L4-002,1960-10-01,15.99,index,FRED,PCEPILFE,/mnt/d/Projects/GoldRush/docs/phase2-ingestion/data/macro/raw/fred/PCEPILFE-20260830T100927Z.json,2026-08-30T10:09:27.940966+00:00,PASS,STALE,0.1.0
L4-002,1960-11-01,16.033,index,FRED,PCEPILFE,/mnt/d/Projects/GoldRush/docs/phase2-ingestion/data/macro/raw/fred/PCEPILFE-20260830T100927Z.json,2026-08-30T10:09:27.940966+00:00,PASS,STALE,0.1.0
L4-002,1960-12-01,16.028,index,FRED,PCEPILFE,/mnt/d/Projects/GoldRush/docs/phase2-ingestion/data/macro/raw/fred/PCEPILFE-20260830T100927Z.json,2026-08-30T10:09:27.940966+00:00,PASS,STALE,0.1.0
L4-002,1961-01-01,16.032,index,FRED,PCEPILFE,/mnt/d/Projects/GoldRush/docs/phase2-ingestion/data/macro/raw/fred/PCEPILFE-20260830T100927Z.json,2026-08-30T10:09:27.940966+00:00,PASS,STALE,0.1.0
L4-002,1961-02-01,16.048,index,FRED,PCEPILFE,/mnt/d/Projects/GoldRush/docs/phase2-ingestion/data/macro/raw/fred/PCEPILFE-20260830T100927Z.json,2026-08-30T10:09:27.940966+00:00,PASS,STALE,0.1.0
L4-002,1961-03-01,16.053,index,FRED,PCEPILFE,/mnt/d/Projects/GoldRush/docs/phase2-ingestion/data/macro/raw/fred/PCEPILFE-20260830T100927Z.json,2026-08-30T10:09:27.940966+00:00,PASS,STALE,0.1.0
L4-002,1961-04-01,16.075,index,FRED,PCEPILFE,/mnt/d/Projects/GoldRush/docs/phase2-ingestion/data/macro/raw/fred/PCEPILFE-20260830T100927Z.json,2026-08-30T10:09:27.940966+00:00,PASS,STALE,0.1.0
L4-002,1961-05-01,16.096,index,FRED,PCEPILFE,/mnt/d/Projects/GoldRush/docs/phase2-ingestion/data/macro/raw/fred/PCEPILFE-20260830T100927Z.json,2026-08-30T10:09:27.940966+00:00,PASS,STALE,0.1.0
L4-002,1961-06-01,16.12,index,FRED,PCEPILFE,/mnt/d/Projects/GoldRush/docs/phase2-ingestion/data/macro/raw/fred/PCEPILFE-20260830T100927Z.json,2026-08-30T10:09:27.940966+00:00,PASS,STALE,0.1.0
L4-002,1961-07-01,16.145,index,FRED,PCEPILFE,/mnt/d/Projects/GoldRush/docs/phase2-ingestion/data/macro/raw/fred/PCEPILFE-20260830T100927Z.json,2026-08-30T10:09:27.940966+00:00,PASS,STALE,0.1.0
L4-002,1961-08-01,16.162,index,FRED,PCEPILFE,/mnt/d/Projects/GoldRush/docs/phase2-ingestion/data/macro/raw/fred/PCEPILFE-20260830T100927Z.json,2026-08-30T10:09:27.940966+00:00,PASS,STALE,0.1.0
L4-002,1961-09-01,16.194,index,FRED,PCEPILFE,/mnt/d/Projects/GoldRush/docs/phase2-ingestion/data/macro/raw/fred/PCEPILFE-20260830T100927Z.json,2026-08-30T10:09:27.940966+00:00,PASS,STALE,0.1.0
L4-002,1961-10-01,16.199,index,FRED,PCEPILFE,/mnt/d/Projects/GoldRush/docs/phase2-ingestion/data/macro/raw/fred/PCEPILFE-20260830T100927Z.json,2026-08-30T10:09:27.940966+00:00,PASS,STALE,0.1.0
L4-002,1961-11-01,16.202,index,FRED,PCEPILFE,/mnt/d/Projects/GoldRush/docs/phase2-ingestion/data/macro/raw/fred/PCEPILFE-20260830T100927Z.json,2026-08-30T10:09:27.940966+00:00,PASS,STALE,0.1.0
L4-002,1961-12-01,16.216,index,FRED,PCEPILFE,/mnt/d/Projects/GoldRush/docs/phase2-ingestion/data/macro/raw/fred/PCEPILFE-20260830T100927Z.json,2026-08-30T10:09:27.940966+00:00,PASS,STALE,0.1.0
L4-002,1962-01-01,16.235,index,FRED,PCEPILFE,/mnt/d/Projects/GoldRush/docs/phase2-ingestion/data/macro/raw/fred/PCEPILFE-20260830T100927Z.json,2026-08-30T10:09:27.940966+00:00,PASS,STALE,0.1.0
L4-002,1962-02-01,16.262,index,FRED,PCEPILFE,/mnt/d/Projects/GoldRush/docs/phase2-ingestion/data/macro/raw/fred/PCEPILFE-20260830T100927Z.json,2026-08-30T10:09:27.940966+00:00,PASS,STALE,0.1.0
L4-002,1962-03-01,16.3,index,FRED,PCEPILFE,/mnt/d/Projects/GoldRush/docs/phase2-ingestion/data/macro/raw/fred/PCEPILFE-20260830T100927Z.json,2026-08-30T10:09:27.940966+00:00,PASS,STALE,0.1.0
L4-002,1962-04-01,16.303,index,FRED,PCEPILFE,/mnt/d/Projects/GoldRush/docs/phase2-ingestion/data/macro/raw/fred/PCEPILFE-20260830T100927Z.json,2026-08-30T10:09:27.940966+00:00,PASS,STALE,0.1.0
L4-002,1962-05-01,16.326,index,FRED,PCEPILFE,/mnt/d/Projects/GoldRush/docs/phase2-ingestion/data/macro/raw/fred/PCEPILFE-20260830T100927Z.json,2026-08-30T10:09:27.940966+00:00,PASS,STALE,0.1.0
L4-002,1962-06-01,16.356,index,FRED,PCEPILFE,/mnt/d/Projects/GoldRush/docs/phase2-ingestion/data/macro/raw/fred/PCEPILFE-20260830T100927Z.json,2026-08-30T10:09:27.940966+00:00,PASS,STALE,0.1.0
L4-002,1962-07-01,16.37,index,FRED,PCEPILFE,/mnt/d/Projects/GoldRush/docs/phase2-ingestion/data/macro/raw/fred/PCEPILFE-20260830T100927Z.json,2026-08-30T10:09:27.940966+00:00,PASS,STALE,0.1.0
L4-002,1962-08-01,16.372,index,FRED,PCEPILFE,/mnt/d/Projects/GoldRush/docs/phase2-ingestion/data/macro/raw/fred/PCEPILFE-20260830T100927Z.json,2026-08-30T10:09:27.940966+00:00,PASS,STALE,0.1.0
L4-002,1962-09-01,16.404,index,FRED,PCEPILFE,/mnt/d/Projects/GoldRush/docs/phase2-ingestion/data/macro/raw/fred/PCEPILFE-20260830T100927Z.json,2026-08-30T10:09:27.940966+00:00,PASS,STALE,0.1.0
L4-002,1962-10-01,16.403,index,FRED,PCEPILFE,/mnt/d/Projects/GoldRush/docs/phase2-ingestion/data/macro/raw/fred/PCEPILFE-20260830T100927Z.json,2026-08-30T10:09:27.940966+00:00,PASS,STALE,0.1.0
L4-002,1962-11-01,16.415,index,FRED,PCEPILFE,/mnt/d/Projects/GoldRush/docs/phase2-ingestion/data/macro/raw/fred/PCEPILFE-20260830T100927Z.json,2026-08-30T10:09:27.940966+00:00,PASS,STALE,0.1.0
L4-002,1962-12-01,16.42,index,FRED,PCEPILFE,/mnt/d/Projects/GoldRush/docs/phase2-ingestion/data/macro/raw/fred/PCEPILFE-20260830T100927Z.json,2026-08-30T10:09:27.940966+00:00,PASS,STALE,0.1.0
L4-002,1963-01-01,16.451,index,FRED,PCEPILFE,/mnt/d/Projects/GoldRush/docs/phase2-ingestion/data/macro/raw/fred/PCEPILFE-20260830T100927Z.json,2026-08-30T10:09:27.940966+00:00,PASS,STALE,0.1.0
L4-002,1963-02-01,16.47,index,FRED,PCEPILFE,/mnt/d/Projects/GoldRush/docs/phase2-ingestion/data/macro/raw/fred/PCEPILFE-20260830T100927Z.json,2026-08-30T10:09:27.940966+00:00,PASS,STALE,0.1.0
L4-002,1963-03-01,16.48,index,FRED,PCEPILFE,/mnt/d/Projects/GoldRush/docs/phase2-ingestion/data/macro/raw/fred/PCEPILFE-20260830T100927Z.json,2026-08-30T10:09:27.940966+00:00,PASS,STALE,0.1.0
L4-002,1963-04-01,16.5,index,FRED,PCEPILFE,/mnt/d/Projects/GoldRush/docs/phase2-ingestion/data/macro/raw/fred/PCEPILFE-20260830T100927Z.json,2026-08-30T10:09:27.940966+00:00,PASS,STALE,0.1.0
L4-002,1963-05-01,16.53,index,FRED,PCEPILFE,/mnt/d/Projects/GoldRush/docs/phase2-ingestion/data/macro/raw/fred/PCEPILFE-20260830T100927Z.json,2026-08-30T10:09:27.940966+00:00,PASS,STALE,0.1.0
L4-002,1963-06-01,16.558,index,FRED,PCEPILFE,/mnt/d/Projects/GoldRush/docs/phase2-ingestion/data/macro/raw/fred/PCEPILFE-20260830T100927Z.json,2026-08-30T10:09:27.940966+00:00,PASS,STALE,0.1.0
L4-002,1963-07-01,16.573,index,FRED,PCEPILFE,/mnt/d/Projects/GoldRush/docs/phase2-ingestion/data/macro/raw/fred/PCEPILFE-20260830T100927Z.json,2026-08-30T10:09:27.940966+00:00,PASS,STALE,0.1.0
L4-002,1963-08-01,16.588,index,FRED,PCEPILFE,/mnt/d/Projects/GoldRush/docs/phase2-ingestion/data/macro/raw/fred/PCEPILFE-20260830T100927Z.json,2026-08-30T10:09:27.940966+00:00,PASS,STALE,0.1.0
L4-002,1963-09-01,16.618,index,FRED,PCEPILFE,/mnt/d/Projects/GoldRush/docs/phase2-ingestion/data/macro/raw/fred/PCEPILFE-20260830T100927Z.json,2026-08-30T10:09:27.940966+00:00,PASS,STALE,0.1.0
L4-002,1963-10-01,16.655,index,FRED,PCEPILFE,/mnt/d/Projects/GoldRush/docs/phase2-ingestion/data/macro/raw/fred/PCEPILFE-20260830T100927Z.json,2026-08-30T10:09:27.940966+00:00,PASS,STALE,0.1.0
L4-002,1963-11-01,16.67,index,FRED,PCEPILFE,/mnt/d/Projects/GoldRush/docs/phase2-ingestion/data/macro/raw/fred/PCEPILFE-20260830T100927Z.json,2026-08-30T10:09:27.940966+00:00,PASS,STALE,0.1.0
L4-002,1963-12-01,16.694,index,FRED,PCEPILFE,/mnt/d/Projects/GoldRush/docs/phase2-ingestion/data/macro/raw/fred/PCEPILFE-20260830T100927Z.json,2026-08-30T10:09:27.940966+00:00,PASS,STALE,0.1.0
L4-002,1964-01-01,16.717,index,FRED,PCEPILFE,/mnt/d/Projects/GoldRush/docs/phase2-ingestion/data/macro/raw/fred/PCEPILFE-20260830T100927Z.json,2026-08-30T10:09:27.940966+00:00,PASS,STALE,0.1.0
L4-002,1964-02-01,16.749,index,FRED,PCEPILFE,/mnt/d/Projects/GoldRush/docs/phase2-ingestion/data/macro/raw/fred/PCEPILFE-20260830T100927Z.json,2026-08-30T10:09:27.940966+00:00,PASS,STALE,0.1.0
L4-002,1964-03-01,16.765,index,FRED,PCEPILFE,/mnt/d/Projects/GoldRush/docs/phase2-ingestion/data/macro/raw/fred/PCEPILFE-20260830T100927Z.json,2026-08-30T10:09:27.940966+00:00,PASS,STALE,0.1.0
L4-002,1964-04-01,16.78,index,FRED,PCEPILFE,/mnt/d/Projects/GoldRush/docs/phase2-ingestion/data/macro/raw/fred/PCEPILFE-20260830T100927Z.json,2026-08-30T10:09:27.940966+00:00,PASS,STALE,0.1.0
L4-002,1964-05-01,16.794,index,FRED,PCEPILFE,/mnt/d/Projects/GoldRush/docs/phase2-ingestion/data/macro/raw/fred/PCEPILFE-20260830T100927Z.json,2026-08-30T10:09:27.940966+00:00,PASS,STALE,0.1.0
L4-002,1964-06-01,16.806,index,FRED,PCEPILFE,/mnt/d/Projects/GoldRush/docs/phase2-ingestion/data/macro/raw/fred/PCEPILFE-20260830T100927Z.json,2026-08-30T10:09:27.940966+00:00,PASS,STALE,0.1.0
L4-002,1964-07-01,16.823,index,FRED,PCEPILFE,/mnt/d/Projects/GoldRush/docs/phase2-ingestion/data/macro/raw/fred/PCEPILFE-20260830T100927Z.json,2026-08-30T10:09:27.940966+00:00,PASS,STALE,0.1.0
L4-002,1964-08-01,16.845,index,FRED,PCEPILFE,/mnt/d/Projects/GoldRush/docs/phase2-ingestion/data/macro/raw/fred/PCEPILFE-20260830T100927Z.json,2026-08-30T10:09:27.940966+00:00,PASS,STALE,0.1.0
L4-002,1964-09-01,16.852,index,FRED,PCEPILFE,/mnt/d/Projects/GoldRush/docs/phase2-ingestion/data/macro/raw/fred/PCEPILFE-20260830T100927Z.json,2026-08-30T10:09:27.940966+00:00,PASS,STALE,0.1.0
L4-002,1964-10-01,16.859,index,FRED,PCEPILFE,/mnt/d/Projects/GoldRush/docs/phase2-ingestion/data/macro/raw/fred/PCEPILFE-20260830T100927Z.json,2026-08-30T10:09:27.940966+00:00,PASS,STALE,0.1.0
L4-002,1964-11-01,16.883,index,FRED,PCEPILFE,/mnt/d/Projects/GoldRush/docs/phase2-ingestion/data/macro/raw/fred/PCEPILFE-20260830T100927Z.json,2026-08-30T10:09:27.940966+00:00,PASS,STALE,0.1.0
L4-002,1964-12-01,16.907,index,FRED,PCEPILFE,/mnt/d/Projects/GoldRush/docs/phase2-ingestion/data/macro/raw/fred/PCEPILFE-20260830T100927Z.json,2026-08-30T10:09:27.940966+00:00,PASS,STALE,0.1.0
L4-002,1965-01-01,16.93,index,FRED,PCEPILFE,/mnt/d/Projects/GoldRush/docs/phase2-ingestion/data/macro/raw/fred/PCEPILFE-20260830T100927Z.json,2026-08-30T10:09:27.940966+00:00,PASS,STALE,0.1.0
L4-002,1965-02-01,16.95,index,FRED,PCEPILFE,/mnt/d/Projects/GoldRush/docs/phase2-ingestion/data/macro/raw/fred/PCEPILFE-20260830T100927Z.json,2026-08-30T10:09:27.940966+00:00,PASS,STALE,0.1.0
L4-002,1965-03-01,16.96,index,FRED,PCEPILFE,/mnt/d/Projects/GoldRush/docs/phase2-ingestion/data/macro/raw/fred/PCEPILFE-20260830T100927Z.json,2026-08-30T10:09:27.940966+00:00,PASS,STALE,0.1.0
L4-002,1965-04-01,16.98,index,FRED,PCEPILFE,/mnt/d/Projects/GoldRush/docs/phase2-ingestion/data/macro/raw/fred/PCEPILFE-20260830T100927Z.json,2026-08-30T10:09:27.940966+00:00,PASS,STALE,0.1.0
L4-002,1965-05-01,17.011,index,FRED,PCEPILFE,/mnt/d/Projects/GoldRush/docs/phase2-ingestion/data/macro/raw/fred/PCEPILFE-20260830T100927Z.json,2026-08-30T10:09:27.940966+00:00,PASS,STALE,0.1.0
L4-002,1965-06-01,17.007,index,FRED,PCEPILFE,/mnt/d/Projects/GoldRush/docs/phase2-ingestion/data/macro/raw/fred/PCEPILFE-20260830T100927Z.json,2026-08-30T10:09:27.940966+00:00,PASS,STALE,0.1.0
L4-002,1965-07-01,17.024,index,FRED,PCEPILFE,/mnt/d/Projects/GoldRush/docs/phase2-ingestion/data/macro/raw/fred/PCEPILFE-20260830T100927Z.json,2026-08-30T10:09:27.940966+00:00,PASS,STALE,0.1.0
L4-002,1965-08-01,17.056,index,FRED,PCEPILFE,/mnt/d/Projects/GoldRush/docs/phase2-ingestion/data/macro/raw/fred/PCEPILFE-20260830T100927Z.json,2026-08-30T10:09:27.940966+00:00,PASS,STALE,0.1.0
L4-002,1965-09-01,17.076,index,FRED,PCEPILFE,/mnt/d/Projects/GoldRush/docs/phase2-ingestion/data/macro/raw/fred/PCEPILFE-20260830T100927Z.json,2026-08-30T10:09:27.940966+00:00,PASS,STALE,0.1.0
L4-002,1965-10-01,17.07,index,FRED,PCEPILFE,/mnt/d/Projects/GoldRush/docs/phase2-ingestion/data/macro/raw/fred/PCEPILFE-20260830T100927Z.json,2026-08-30T10:09:27.940966+00:00,PASS,STALE,0.1.0
L4-002,1965-11-01,17.102,index,FRED,PCEPILFE,/mnt/d/Projects/GoldRush/docs/phase2-ingestion/data/macro/raw/fred/PCEPILFE-20260830T100927Z.json,2026-08-30T10:09:27.940966+00:00,PASS,STALE,0.1.0
L4-002,1965-12-01,17.154,index,FRED,PCEPILFE,/mnt/d/Projects/GoldRush/docs/phase2-ingestion/data/macro/raw/fred/PCEPILFE-20260830T100927Z.json,2026-08-30T10:09:27.940966+00:00,PASS,STALE,0.1.0
L4-002,1966-01-01,17.159,index,FRED,PCEPILFE,/mnt/d/Projects/GoldRush/docs/phase2-ingestion/data/macro/raw/fred/PCEPILFE-20260830T100927Z.json,2026-08-30T10:09:27.940966+00:00,PASS,STALE,0.1.0
L4-002,1966-02-01,17.201,index,FRED,PCEPILFE,/mnt/d/Projects/GoldRush/docs/phase2-ingestion/data/macro/raw/fred/PCEPILFE-20260830T100927Z.json,2026-08-30T10:09:27.940966+00:00,PASS,STALE,0.1.0
L4-002,1966-03-01,17.223,index,FRED,PCEPILFE,/mnt/d/Projects/GoldRush/docs/phase2-ingestion/data/macro/raw/fred/PCEPILFE-20260830T100927Z.json,2026-08-30T10:09:27.940966+00:00,PASS,STALE,0.1.0
L4-002,1966-04-01,17.285,index,FRED,PCEPILFE,/mnt/d/Projects/GoldRush/docs/phase2-ingestion/data/macro/raw/fred/PCEPILFE-20260830T100927Z.json,2026-08-30T10:09:27.940966+00:00,PASS,STALE,0.1.0
L4-002,1966-05-01,17.331,index,FRED,PCEPILFE,/mnt/d/Projects/GoldRush/docs/phase2-ingestion/data/macro/raw/fred/PCEPILFE-20260830T100927Z.json,2026-08-30T10:09:27.940966+00:00,PASS,STALE,0.1.0
L4-002,1966-06-01,17.387,index,FRED,PCEPILFE,/mnt/d/Projects/GoldRush/docs/phase2-ingestion/data/macro/raw/fred/PCEPILFE-20260830T100927Z.json,2026-08-30T10:09:27.940966+00:00,PASS,STALE,0.1.0
L4-002,1966-07-01,17.438,index,FRED,PCEPILFE,/mnt/d/Projects/GoldRush/docs/phase2-ingestion/data/macro/raw/fred/PCEPILFE-20260830T100927Z.json,2026-08-30T10:09:27.940966+00:00,PASS,STALE,0.1.0
L4-002,1966-08-01,17.47,index,FRED,PCEPILFE,/mnt/d/Projects/GoldRush/docs/phase2-ingestion/data/macro/raw/fred/PCEPILFE-20260830T100927Z.json,2026-08-30T10:09:27.940966+00:00,PASS,STALE,0.1.0
L4-002,1966-09-01,17.524,index,FRED,PCEPILFE,/mnt/d/Projects/GoldRush/docs/phase2-ingestion/data/macro/raw/fred/PCEPILFE-20260830T100927Z.json,2026-08-30T10:09:27.940966+00:00,PASS,STALE,0.1.0
L4-002,1966-10-01,17.581,index,FRED,PCEPILFE,/mnt/d/Projects/GoldRush/docs/phase2-ingestion/data/macro/raw/fred/PCEPILFE-20260830T100927Z.json,2026-08-30T10:09:27.940966+00:00,PASS,STALE,0.1.0
L4-002,1966-11-01,17.625,index,FRED,PCEPILFE,/mnt/d/Projects/GoldRush/docs/phase2-ingestion/data/macro/raw/fred/PCEPILFE-20260830T100927Z.json,2026-08-30T10:09:27.940966+00:00,PASS,STALE,0.1.0
L4-002,1966-12-01,17.679,index,FRED,PCEPILFE,/mnt/d/Projects/GoldRush/docs/phase2-ingestion/data/macro/raw/fred/PCEPILFE-20260830T100927Z.json,2026-08-30T10:09:27.940966+00:00,PASS,STALE,0.1.0
L4-002,1967-01-01,17.695,index,FRED,PCEPILFE,/mnt/d/Projects/GoldRush/docs/phase2-ingestion/data/macro/raw/fred/PCEPILFE-20260830T100927Z.json,2026-08-30T10:09:27.940966+00:00,PASS,STALE,0.1.0
L4-002,1967-02-01,17.727,index,FRED,PCEPILFE,/mnt/d/Projects/GoldRush/docs/phase2-ingestion/data/macro/raw/fred/PCEPILFE-20260830T100927Z.json,2026-08-30T10:09:27.940966+00:00,PASS,STALE,0.1.0
L4-002,1967-03-01,17.754,index,FRED,PCEPILFE,/mnt/d/Projects/GoldRush/docs/phase2-ingestion/data/macro/raw/fred/PCEPILFE-20260830T100927Z.json,2026-08-30T10:09:27.940966+00:00,PASS,STALE,0.1.0
L4-002,1967-04-01,17.803,index,FRED,PCEPILFE,/mnt/d/Projects/GoldRush/docs/phase2-ingestion/data/macro/raw/fred/PCEPILFE-20260830T100927Z.json,2026-08-30T10:09:27.940966+00:00,PASS,STALE,0.1.0
L4-002,1967-05-01,17.842,index,FRED,PCEPILFE,/mnt/d/Projects/GoldRush/docs/phase2-ingestion/data/macro/raw/fred/PCEPILFE-20260830T100927Z.json,2026-08-30T10:09:27.940966+00:00,PASS,STALE,0.1.0
L4-002,1967-06-01,17.887,index,FRED,PCEPILFE,/mnt/d/Projects/GoldRush/docs/phase2-ingestion/data/macro/raw/fred/PCEPILFE-20260830T100927Z.json,2026-08-30T10:09:27.940966+00:00,PASS,STALE,0.1.0
L4-002,1967-07-01,17.948,index,FRED,PCEPILFE,/mnt/d/Projects/GoldRush/docs/phase2-ingestion/data/macro/raw/fred/PCEPILFE-20260830T100927Z.json,2026-08-30T10:09:27.940966+00:00,PASS,STALE,0.1.0
L4-002,1967-08-01,18.003,index,FRED,PCEPILFE,/mnt/d/Projects/GoldRush/docs/phase2-ingestion/data/macro/raw/fred/PCEPILFE-20260830T100927Z.json,2026-08-30T10:09:27.940966+00:00,PASS,STALE,0.1.0
L4-002,1967-09-01,18.067,index,FRED,PCEPILFE,/mnt/d/Projects/GoldRush/docs/phase2-ingestion/data/macro/raw/fred/PCEPILFE-20260830T100927Z.json,2026-08-30T10:09:27.940966+00:00,PASS,STALE,0.1.0
L4-002,1967-10-01,18.134,index,FRED,PCEPILFE,/mnt/d/Projects/GoldRush/docs/phase2-ingestion/data/macro/raw/fred/PCEPILFE-20260830T100927Z.json,2026-08-30T10:09:27.940966+00:00,PASS,STALE,0.1.0
L4-002,1967-11-01,18.192,index,FRED,PCEPILFE,/mnt/d/Projects/GoldRush/docs/phase2-ingestion/data/macro/raw/fred/PCEPILFE-20260830T100927Z.json,2026-08-30T10:09:27.940966+00:00,PASS,STALE,0.1.0
L4-002,1967-12-01,18.237,index,FRED,PCEPILFE,/mnt/d/Projects/GoldRush/docs/phase2-ingestion/data/macro/raw/fred/PCEPILFE-20260830T100927Z.json,2026-08-30T10:09:27.940966+00:00,PASS,STALE,0.1.0
L4-002,1968-01-01,18.318,index,FRED,PCEPILFE,/mnt/d/Projects/GoldRush/docs/phase2-ingestion/data/macro/raw/fred/PCEPILFE-20260830T100927Z.json,2026-08-30T10:09:27.940966+00:00,PASS,STALE,0.1.0
L4-002,1968-02-01,18.397,index,FRED,PCEPILFE,/mnt/d/Projects/GoldRush/docs/phase2-ingestion/data/macro/raw/fred/PCEPILFE-20260830T100927Z.json,2026-08-30T10:09:27.940966+00:00,PASS,STALE,0.1.0
L4-002,1968-03-01,18.47,index,FRED,PCEPILFE,/mnt/d/Projects/GoldRush/docs/phase2-ingestion/data/macro/raw/fred/PCEPILFE-20260830T100927Z.json,2026-08-30T10:09:27.940966+00:00,PASS,STALE,0.1.0
L4-002,1968-04-01,18.538,index,FRED,PCEPILFE,/mnt/d/Projects/GoldRush/docs/phase2-ingestion/data/macro/raw/fred/PCEPILFE-20260830T100927Z.json,2026-08-30T10:09:27.940966+00:00,PASS,STALE,0.1.0
L4-002,1968-05-01,18.608,index,FRED,PCEPILFE,/mnt/d/Projects/GoldRush/docs/phase2-ingestion/data/macro/raw/fred/PCEPILFE-20260830T100927Z.json,2026-08-30T10:09:27.940966+00:00,PASS,STALE,0.1.0
L4-002,1968-06-01,18.681,index,FRED,PCEPILFE,/mnt/d/Projects/GoldRush/docs/phase2-ingestion/data/macro/raw/fred/PCEPILFE-20260830T100927Z.json,2026-08-30T10:09:27.940966+00:00,PASS,STALE,0.1.0
L4-002,1968-07-01,18.743,index,FRED,PCEPILFE,/mnt/d/Projects/GoldRush/docs/phase2-ingestion/data/macro/raw/fred/PCEPILFE-20260830T100927Z.json,2026-08-30T10:09:27.940966+00:00,PASS,STALE,0.1.0
L4-002,1968-08-01,18.816,index,FRED,PCEPILFE,/mnt/d/Projects/GoldRush/docs/phase2-ingestion/data/macro/raw/fred/PCEPILFE-20260830T100927Z.json,2026-08-30T10:09:27.940966+00:00,PASS,STALE,0.1.0
L4-002,1968-09-01,18.892,index,FRED,PCEPILFE,/mnt/d/Projects/GoldRush/docs/phase2-ingestion/data/macro/raw/fred/PCEPILFE-20260830T100927Z.json,2026-08-30T10:09:27.940966+00:00,PASS,STALE,0.1.0
L4-002,1968-10-01,18.969,index,FRED,PCEPILFE,/mnt/d/Projects/GoldRush/docs/phase2-ingestion/data/macro/raw/fred/PCEPILFE-20260830T100927Z.json,2026-08-30T10:09:27.940966+00:00,PASS,STALE,0.1.0
L4-002,1968-11-01,19.041,index,FRED,PCEPILFE,/mnt/d/Projects/GoldRush/docs/phase2-ingestion/data/macro/raw/fred/PCEPILFE-20260830T100927Z.json,2026-08-30T10:09:27.940966+00:00,PASS,STALE,0.1.0
L4-002,1968-12-01,19.098,index,FRED,PCEPILFE,/mnt/d/Projects/GoldRush/docs/phase2-ingestion/data/macro/raw/fred/PCEPILFE-20260830T100927Z.json,2026-08-30T10:09:27.940966+00:00,PASS,STALE,0.1.0
L4-002,1969-01-01,19.17,index,FRED,PCEPILFE,/mnt/d/Projects/GoldRush/docs/phase2-ingestion/data/macro/raw/fred/PCEPILFE-20260830T100927Z.json,2026-08-30T10:09:27.940966+00:00,PASS,STALE,0.1.0
L4-002,1969-02-01,19.236,index,FRED,PCEPILFE,/mnt/d/Projects/GoldRush/docs/phase2-ingestion/data/macro/raw/fred/PCEPILFE-20260830T100927Z.json,2026-08-30T10:09:27.940966+00:00,PASS,STALE,0.1.0
L4-002,1969-03-01,19.326,index,FRED,PCEPILFE,/mnt/d/Projects/GoldRush/docs/phase2-ingestion/data/macro/raw/fred/PCEPILFE-20260830T100927Z.json,2026-08-30T10:09:27.940966+00:00,PASS,STALE,0.1.0
L4-002,1969-04-01,19.4,index,FRED,PCEPILFE,/mnt/d/Projects/GoldRush/docs/phase2-ingestion/data/macro/raw/fred/PCEPILFE-20260830T100927Z.json,2026-08-30T10:09:27.940966+00:00,PASS,STALE,0.1.0
L4-002,1969-05-01,19.478,index,FRED,PCEPILFE,/mnt/d/Projects/GoldRush/docs/phase2-ingestion/data/macro/raw/fred/PCEPILFE-20260830T100927Z.json,2026-08-30T10:09:27.940966+00:00,PASS,STALE,0.1.0
L4-002,1969-06-01,19.545,index,FRED,PCEPILFE,/mnt/d/Projects/GoldRush/docs/phase2-ingestion/data/macro/raw/fred/PCEPILFE-20260830T100927Z.json,2026-08-30T10:09:27.940966+00:00,PASS,STALE,0.1.0
L4-002,1969-07-01,19.636,index,FRED,PCEPILFE,/mnt/d/Projects/GoldRush/docs/phase2-ingestion/data/macro/raw/fred/PCEPILFE-20260830T100927Z.json,2026-08-30T10:09:27.940966+00:00,PASS,STALE,0.1.0
L4-002,1969-08-01,19.691,index,FRED,PCEPILFE,/mnt/d/Projects/GoldRush/docs/phase2-ingestion/data/macro/raw/fred/PCEPILFE-20260830T100927Z.json,2026-08-30T10:09:27.940966+00:00,PASS,STALE,0.1.0
L4-002,1969-09-01,19.77,index,FRED,PCEPILFE,/mnt/d/Projects/GoldRush/docs/phase2-ingestion/data/macro/raw/fred/PCEPILFE-20260830T100927Z.json,2026-08-30T10:09:27.940966+00:00,PASS,STALE,0.1.0
L4-002,1969-10-01,19.855,index,FRED,PCEPILFE,/mnt/d/Projects/GoldRush/docs/phase2-ingestion/data/macro/raw/fred/PCEPILFE-20260830T100927Z.json,2026-08-30T10:09:27.940966+00:00,PASS,STALE,0.1.0
L4-002,1969-11-01,19.931,index,FRED,PCEPILFE,/mnt/d/Projects/GoldRush/docs/phase2-ingestion/data/macro/raw/fred/PCEPILFE-20260830T100927Z.json,2026-08-30T10:09:27.940966+00:00,PASS,STALE,0.1.0
L4-002,1969-12-01,20.005,index,FRED,PCEPILFE,/mnt/d/Projects/GoldRush/docs/phase2-ingestion/data/macro/raw/fred/PCEPILFE-20260830T100927Z.json,2026-08-30T10:09:27.940966+00:00,PASS,STALE,0.1.0
L4-002,1970-01-01,20.071,index,FRED,PCEPILFE,/mnt/d/Projects/GoldRush/docs/phase2-ingestion/data/macro/raw/fred/PCEPILFE-20260830T100927Z.json,2026-08-30T10:09:27.940966+00:00,PASS,STALE,0.1.0
L4-002,1970-02-01,20.148,index,FRED,PCEPILFE,/mnt/d/Projects/GoldRush/docs/phase2-ingestion/data/macro/raw/fred/PCEPILFE-20260830T100927Z.json,2026-08-30T10:09:27.940966+00:00,PASS,STALE,0.1.0
L4-002,1970-03-01,20.223,index,FRED,PCEPILFE,/mnt/d/Projects/GoldRush/docs/phase2-ingestion/data/macro/raw/fred/PCEPILFE-20260830T100927Z.json,2026-08-30T10:09:27.940966+00:00,PASS,STALE,0.1.0
L4-002,1970-04-01,20.303,index,FRED,PCEPILFE,/mnt/d/Projects/GoldRush/docs/phase2-ingestion/data/macro/raw/fred/PCEPILFE-20260830T100927Z.json,2026-08-30T10:09:27.940966+00:00,PASS,STALE,0.1.0
L4-002,1970-05-01,20.375,index,FRED,PCEPILFE,/mnt/d/Projects/GoldRush/docs/phase2-ingestion/data/macro/raw/fred/PCEPILFE-20260830T100927Z.json,2026-08-30T10:09:27.940966+00:00,PASS,STALE,0.1.0
L4-002,1970-06-01,20.448,index,FRED,PCEPILFE,/mnt/d/Projects/GoldRush/docs/phase2-ingestion/data/macro/raw/fred/PCEPILFE-20260830T100927Z.json,2026-08-30T10:09:27.940966+00:00,PASS,STALE,0.1.0
L4-002,1970-07-01,20.526,index,FRED,PCEPILFE,/mnt/d/Projects/GoldRush/docs/phase2-ingestion/data/macro/raw/fred/PCEPILFE-20260830T100927Z.json,2026-08-30T10:09:27.940966+00:00,PASS,STALE,0.1.0
L4-002,1970-08-01,20.597,index,FRED,PCEPILFE,/mnt/d/Projects/GoldRush/docs/phase2-ingestion/data/macro/raw/fred/PCEPILFE-20260830T100927Z.json,2026-08-30T10:09:27.940966+00:00,PASS,STALE,0.1.0
L4-002,1970-09-01,20.683,index,FRED,PCEPILFE,/mnt/d/Projects/GoldRush/docs/phase2-ingestion/data/macro/raw/fred/PCEPILFE-20260830T100927Z.json,2026-08-30T10:09:27.940966+00:00,PASS,STALE,0.1.0
L4-002,1970-10-01,20.785,index,FRED,PCEPILFE,/mnt/d/Projects/GoldRush/docs/phase2-ingestion/data/macro/raw/fred/PCEPILFE-20260830T100927Z.json,2026-08-30T10:09:27.940966+00:00,PASS,STALE,0.1.0
L4-002,1970-11-01,20.892,index,FRED,PCEPILFE,/mnt/d/Projects/GoldRush/docs/phase2-ingestion/data/macro/raw/fred/PCEPILFE-20260830T100927Z.json,2026-08-30T10:09:27.940966+00:00,PASS,STALE,0.1.0
L4-002,1970-12-01,20.997,index,FRED,PCEPILFE,/mnt/d/Projects/GoldRush/docs/phase2-ingestion/data/macro/raw/fred/PCEPILFE-20260830T100927Z.json,2026-08-30T10:09:27.940966+00:00,PASS,STALE,0.1.0
L4-002,1971-01-01,21.08,index,FRED,PCEPILFE,/mnt/d/Projects/GoldRush/docs/phase2-ingestion/data/macro/raw/fred/PCEPILFE-20260830T100927Z.json,2026-08-30T10:09:27.940966+00:00,PASS,STALE,0.1.0
L4-002,1971-02-01,21.16,index,FRED,PCEPILFE,/mnt/d/Projects/GoldRush/docs/phase2-ingestion/data/macro/raw/fred/PCEPILFE-20260830T100927Z.json,2026-08-30T10:09:27.940966+00:00,PASS,STALE,0.1.0
L4-002,1971-03-01,21.228,index,FRED,PCEPILFE,/mnt/d/Projects/GoldRush/docs/phase2-ingestion/data/macro/raw/fred/PCEPILFE-20260830T100927Z.json,2026-08-30T10:09:27.940966+00:00,PASS,STALE,0.1.0
L4-002,1971-04-01,21.307,index,FRED,PCEPILFE,/mnt/d/Projects/GoldRush/docs/phase2-ingestion/data/macro/raw/fred/PCEPILFE-20260830T100927Z.json,2026-08-30T10:09:27.940966+00:00,PASS,STALE,0.1.0
L4-002,1971-05-01,21.4,index,FRED,PCEPILFE,/mnt/d/Projects/GoldRush/docs/phase2-ingestion/data/macro/raw/fred/PCEPILFE-20260830T100927Z.json,2026-08-30T10:09:27.940966+00:00,PASS,STALE,0.1.0
L4-002,1971-06-01,21.485,index,FRED,PCEPILFE,/mnt/d/Projects/GoldRush/docs/phase2-ingestion/data/macro/raw/fred/PCEPILFE-20260830T100927Z.json,2026-08-30T10:09:27.940966+00:00,PASS,STALE,0.1.0
L4-002,1971-07-01,21.567,index,FRED,PCEPILFE,/mnt/d/Projects/GoldRush/docs/phase2-ingestion/data/macro/raw/fred/PCEPILFE-20260830T100927Z.json,2026-08-30T10:09:27.940966+00:00,PASS,STALE,0.1.0
L4-002,1971-08-01,21.597,index,FRED,PCEPILFE,/mnt/d/Projects/GoldRush/docs/phase2-ingestion/data/macro/raw/fred/PCEPILFE-20260830T100927Z.json,2026-08-30T10:09:27.940966+00:00,PASS,STALE,0.1.0
L4-002,1971-09-01,21.633,index,FRED,PCEPILFE,/mnt/d/Projects/GoldRush/docs/phase2-ingestion/data/macro/raw/fred/PCEPILFE-20260830T100927Z.json,2026-08-30T10:09:27.940966+00:00,PASS,STALE,0.1.0
L4-002,1971-10-01,21.667,index,FRED,PCEPILFE,/mnt/d/Projects/GoldRush/docs/phase2-ingestion/data/macro/raw/fred/PCEPILFE-20260830T100927Z.json,2026-08-30T10:09:27.940966+00:00,PASS,STALE,0.1.0
L4-002,1971-11-01,21.716,index,FRED,PCEPILFE,/mnt/d/Projects/GoldRush/docs/phase2-ingestion/data/macro/raw/fred/PCEPILFE-20260830T100927Z.json,2026-08-30T10:09:27.940966+00:00,PASS,STALE,0.1.0
L4-002,1971-12-01,21.784,index,FRED,PCEPILFE,/mnt/d/Projects/GoldRush/docs/phase2-ingestion/data/macro/raw/fred/PCEPILFE-20260830T100927Z.json,2026-08-30T10:09:27.940966+00:00,PASS,STALE,0.1.0
L4-002,1972-01-01,21.877,index,FRED,PCEPILFE,/mnt/d/Projects/GoldRush/docs/phase2-ingestion/data/macro/raw/fred/PCEPILFE-20260830T100927Z.json,2026-08-30T10:09:27.940966+00:00,PASS,STALE,0.1.0
L4-002,1972-02-01,21.936,index,FRED,PCEPILFE,/mnt/d/Projects/GoldRush/docs/phase2-ingestion/data/macro/raw/fred/PCEPILFE-20260830T100927Z.json,2026-08-30T10:09:27.940966+00:00,PASS,STALE,0.1.0
L4-002,1972-03-01,21.979,index,FRED,PCEPILFE,/mnt/d/Projects/GoldRush/docs/phase2-ingestion/data/macro/raw/fred/PCEPILFE-20260830T100927Z.json,2026-08-30T10:09:27.940966+00:00,PASS,STALE,0.1.0
L4-002,1972-04-01,22.03,index,FRED,PCEPILFE,/mnt/d/Projects/GoldRush/docs/phase2-ingestion/data/macro/raw/fred/PCEPILFE-20260830T100927Z.json,2026-08-30T10:09:27.940966+00:00,PASS,STALE,0.1.0
L4-002,1972-05-01,22.081,index,FRED,PCEPILFE,/mnt/d/Projects/GoldRush/docs/phase2-ingestion/data/macro/raw/fred/PCEPILFE-20260830T100927Z.json,2026-08-30T10:09:27.940966+00:00,PASS,STALE,0.1.0
L4-002,1972-06-01,22.126,index,FRED,PCEPILFE,/mnt/d/Projects/GoldRush/docs/phase2-ingestion/data/macro/raw/fred/PCEPILFE-20260830T100927Z.json,2026-08-30T10:09:27.940966+00:00,PASS,STALE,0.1.0
L4-002,1972-07-01,22.189,index,FRED,PCEPILFE,/mnt/d/Projects/GoldRush/docs/phase2-ingestion/data/macro/raw/fred/PCEPILFE-20260830T100927Z.json,2026-08-30T10:09:27.940966+00:00,PASS,STALE,0.1.0
L4-002,1972-08-01,22.236,index,FRED,PCEPILFE,/mnt/d/Projects/GoldRush/docs/phase2-ingestion/data/macro/raw/fred/PCEPILFE-20260830T100927Z.json,2026-08-30T10:09:27.940966+00:00,PASS,STALE,0.1.0
L4-002,1972-09-01,22.31,index,FRED,PCEPILFE,/mnt/d/Projects/GoldRush/docs/phase2-ingestion/data/macro/raw/fred/PCEPILFE-20260830T100927Z.json,2026-08-30T10:09:27.940966+00:00,PASS,STALE,0.1.0
L4-002,1972-10-01,22.323,index,FRED,PCEPILFE,/mnt/d/Projects/GoldRush/docs/phase2-ingestion/data/macro/raw/fred/PCEPILFE-20260830T100927Z.json,2026-08-30T10:09:27.940966+00:00,PASS,STALE,0.1.0
L4-002,1972-11-01,22.382,index,FRED,PCEPILFE,/mnt/d/Projects/GoldRush/docs/phase2-ingestion/data/macro/raw/fred/PCEPILFE-20260830T100927Z.json,2026-08-30T10:09:27.940966+00:00,PASS,STALE,0.1.0
L4-002,1972-12-01,22.449,index,FRED,PCEPILFE,/mnt/d/Projects/GoldRush/docs/phase2-ingestion/data/macro/raw/fred/PCEPILFE-20260830T100927Z.json,2026-08-30T10:09:27.940966+00:00,PASS,STALE,0.1.0
L4-002,1973-01-01,22.463,index,FRED,PCEPILFE,/mnt/d/Projects/GoldRush/docs/phase2-ingestion/data/macro/raw/fred/PCEPILFE-20260830T100927Z.json,2026-08-30T10:09:27.940966+00:00,PASS,STALE,0.1.0
L4-002,1973-02-01,22.534,index,FRED,PCEPILFE,/mnt/d/Projects/GoldRush/docs/phase2-ingestion/data/macro/raw/fred/PCEPILFE-20260830T100927Z.json,2026-08-30T10:09:27.940966+00:00,PASS,STALE,0.1.0
L4-002,1973-03-01,22.625,index,FRED,PCEPILFE,/mnt/d/Projects/GoldRush/docs/phase2-ingestion/data/macro/raw/fred/PCEPILFE-20260830T100927Z.json,2026-08-30T10:09:27.940966+00:00,PASS,STALE,0.1.0
L4-002,1973-04-01,22.756,index,FRED,PCEPILFE,/mnt/d/Projects/GoldRush/docs/phase2-ingestion/data/macro/raw/fred/PCEPILFE-20260830T100927Z.json,2026-08-30T10:09:27.940966+00:00,PASS,STALE,0.1.0
L4-002,1973-05-01,22.844,index,FRED,PCEPILFE,/mnt/d/Projects/GoldRush/docs/phase2-ingestion/data/macro/raw/fred/PCEPILFE-20260830T100927Z.json,2026-08-30T10:09:27.940966+00:00,PASS,STALE,0.1.0
L4-002,1973-06-01,22.943,index,FRED,PCEPILFE,/mnt/d/Projects/GoldRush/docs/phase2-ingestion/data/macro/raw/fred/PCEPILFE-20260830T100927Z.json,2026-08-30T10:09:27.940966+00:00,PASS,STALE,0.1.0
L4-002,1973-07-01,23.041,index,FRED,PCEPILFE,/mnt/d/Projects/GoldRush/docs/phase2-ingestion/data/macro/raw/fred/PCEPILFE-20260830T100927Z.json,2026-08-30T10:09:27.940966+00:00,PASS,STALE,0.1.0
L4-002,1973-08-01,23.148,index,FRED,PCEPILFE,/mnt/d/Projects/GoldRush/docs/phase2-ingestion/data/macro/raw/fred/PCEPILFE-20260830T100927Z.json,2026-08-30T10:09:27.940966+00:00,PASS,STALE,0.1.0
L4-002,1973-09-01,23.265,index,FRED,PCEPILFE,/mnt/d/Projects/GoldRush/docs/phase2-ingestion/data/macro/raw/fred/PCEPILFE-20260830T100927Z.json,2026-08-30T10:09:27.940966+00:00,PASS,STALE,0.1.0
L4-002,1973-10-01,23.355,index,FRED,PCEPILFE,/mnt/d/Projects/GoldRush/docs/phase2-ingestion/data/macro/raw/fred/PCEPILFE-20260830T100927Z.json,2026-08-30T10:09:27.940966+00:00,PASS,STALE,0.1.0
L4-002,1973-11-01,23.468,index,FRED,PCEPILFE,/mnt/d/Projects/GoldRush/docs/phase2-ingestion/data/macro/raw/fred/PCEPILFE-20260830T100927Z.json,2026-08-30T10:09:27.940966+00:00,PASS,STALE,0.1.0
L4-002,1973-12-01,23.598,index,FRED,PCEPILFE,/mnt/d/Projects/GoldRush/docs/phase2-ingestion/data/macro/raw/fred/PCEPILFE-20260830T100927Z.json,2026-08-30T10:09:27.940966+00:00,PASS,STALE,0.1.0
L4-002,1974-01-01,23.714,index,FRED,PCEPILFE,/mnt/d/Projects/GoldRush/docs/phase2-ingestion/data/macro/raw/fred/PCEPILFE-20260830T100927Z.json,2026-08-30T10:09:27.940966+00:00,PASS,STALE,0.1.0
L4-002,1974-02-01,23.865,index,FRED,PCEPILFE,/mnt/d/Projects/GoldRush/docs/phase2-ingestion/data/macro/raw/fred/PCEPILFE-20260830T100927Z.json,2026-08-30T10:09:27.940966+00:00,PASS,STALE,0.1.0
L4-002,1974-03-01,24.051,index,FRED,PCEPILFE,/mnt/d/Projects/GoldRush/docs/phase2-ingestion/data/macro/raw/fred/PCEPILFE-20260830T100927Z.json,2026-08-30T10:09:27.940966+00:00,PASS,STALE,0.1.0
L4-002,1974-04-01,24.231,index,FRED,PCEPILFE,/mnt/d/Projects/GoldRush/docs/phase2-ingestion/data/macro/raw/fred/PCEPILFE-20260830T100927Z.json,2026-08-30T10:09:27.940966+00:00,PASS,STALE,0.1.0
L4-002,1974-05-01,24.464,index,FRED,PCEPILFE,/mnt/d/Projects/GoldRush/docs/phase2-ingestion/data/macro/raw/fred/PCEPILFE-20260830T100927Z.json,2026-08-30T10:09:27.940966+00:00,PASS,STALE,0.1.0
L4-002,1974-06-01,24.715,index,FRED,PCEPILFE,/mnt/d/Projects/GoldRush/docs/phase2-ingestion/data/macro/raw/fred/PCEPILFE-20260830T100927Z.json,2026-08-30T10:09:27.940966+00:00,PASS,STALE,0.1.0
L4-002,1974-07-01,24.934,index,FRED,PCEPILFE,/mnt/d/Projects/GoldRush/docs/phase2-ingestion/data/macro/raw/fred/PCEPILFE-20260830T100927Z.json,2026-08-30T10:09:27.940966+00:00,PASS,STALE,0.1.0
L4-002,1974-08-01,25.174,index,FRED,PCEPILFE,/mnt/d/Projects/GoldRush/docs/phase2-ingestion/data/macro/raw/fred/PCEPILFE-20260830T100927Z.json,2026-08-30T10:09:27.940966+00:00,PASS,STALE,0.1.0
L4-002,1974-09-01,25.4,index,FRED,PCEPILFE,/mnt/d/Projects/GoldRush/docs/phase2-ingestion/data/macro/raw/fred/PCEPILFE-20260830T100927Z.json,2026-08-30T10:09:27.940966+00:00,PASS,STALE,0.1.0
L4-002,1974-10-01,25.599,index,FRED,PCEPILFE,/mnt/d/Projects/GoldRush/docs/phase2-ingestion/data/macro/raw/fred/PCEPILFE-20260830T100927Z.json,2026-08-30T10:09:27.940966+00:00,PASS,STALE,0.1.0
L4-002,1974-11-01,25.786,index,FRED,PCEPILFE,/mnt/d/Projects/GoldRush/docs/phase2-ingestion/data/macro/raw/fred/PCEPILFE-20260830T100927Z.json,2026-08-30T10:09:27.940966+00:00,PASS,STALE,0.1.0
L4-002,1974-12-01,25.968,index,FRED,PCEPILFE,/mnt/d/Projects/GoldRush/docs/phase2-ingestion/data/macro/raw/fred/PCEPILFE-20260830T100927Z.json,2026-08-30T10:09:27.940966+00:00,PASS,STALE,0.1.0
L4-002,1975-01-01,26.119,index,FRED,PCEPILFE,/mnt/d/Projects/GoldRush/docs/phase2-ingestion/data/macro/raw/fred/PCEPILFE-20260830T100927Z.json,2026-08-30T10:09:27.940966+00:00,PASS,STALE,0.1.0
L4-002,1975-02-01,26.304,index,FRED,PCEPILFE,/mnt/d/Projects/GoldRush/docs/phase2-ingestion/data/macro/raw/fred/PCEPILFE-20260830T100927Z.json,2026-08-30T10:09:27.940966+00:00,PASS,STALE,0.1.0
L4-002,1975-03-01,26.441,index,FRED,PCEPILFE,/mnt/d/Projects/GoldRush/docs/phase2-ingestion/data/macro/raw/fred/PCEPILFE-20260830T100927Z.json,2026-08-30T10:09:27.940966+00:00,PASS,STALE,0.1.0
L4-002,1975-04-01,26.57,index,FRED,PCEPILFE,/mnt/d/Projects/GoldRush/docs/phase2-ingestion/data/macro/raw/fred/PCEPILFE-20260830T100927Z.json,2026-08-30T10:09:27.940966+00:00,PASS,STALE,0.1.0
L4-002,1975-05-01,26.683,index,FRED,PCEPILFE,/mnt/d/Projects/GoldRush/docs/phase2-ingestion/data/macro/raw/fred/PCEPILFE-20260830T100927Z.json,2026-08-30T10:09:27.940966+00:00,PASS,STALE,0.1.0
L4-002,1975-06-01,26.813,index,FRED,PCEPILFE,/mnt/d/Projects/GoldRush/docs/phase2-ingestion/data/macro/raw/fred/PCEPILFE-20260830T100927Z.json,2026-08-30T10:09:27.940966+00:00,PASS,STALE,0.1.0
L4-002,1975-07-01,26.978,index,FRED,PCEPILFE,/mnt/d/Projects/GoldRush/docs/phase2-ingestion/data/macro/raw/fred/PCEPILFE-20260830T100927Z.json,2026-08-30T10:09:27.940966+00:00,PASS,STALE,0.1.0
L4-002,1975-08-01,27.071,index,FRED,PCEPILFE,/mnt/d/Projects/GoldRush/docs/phase2-ingestion/data/macro/raw/fred/PCEPILFE-20260830T100927Z.json,2026-08-30T10:09:27.940966+00:00,PASS,STALE,0.1.0
L4-002,1975-09-01,27.218,index,FRED,PCEPILFE,/mnt/d/Projects/GoldRush/docs/phase2-ingestion/data/macro/raw/fred/PCEPILFE-20260830T100927Z.json,2026-08-30T10:09:27.940966+00:00,PASS,STALE,0.1.0
L4-002,1975-10-01,27.354,index,FRED,PCEPILFE,/mnt/d/Projects/GoldRush/docs/phase2-ingestion/data/macro/raw/fred/PCEPILFE-20260830T100927Z.json,2026-08-30T10:09:27.940966+00:00,PASS,STALE,0.1.0
L4-002,1975-11-01,27.535,index,FRED,PCEPILFE,/mnt/d/Projects/GoldRush/docs/phase2-ingestion/data/macro/raw/fred/PCEPILFE-20260830T100927Z.json,2026-08-30T10:09:27.940966+00:00,PASS,STALE,0.1.0
L4-002,1975-12-01,27.702,index,FRED,PCEPILFE,/mnt/d/Projects/GoldRush/docs/phase2-ingestion/data/macro/raw/fred/PCEPILFE-20260830T100927Z.json,2026-08-30T10:09:27.940966+00:00,PASS,STALE,0.1.0
L4-002,1976-01-01,27.844,index,FRED,PCEPILFE,/mnt/d/Projects/GoldRush/docs/phase2-ingestion/data/macro/raw/fred/PCEPILFE-20260830T100927Z.json,2026-08-30T10:09:27.940966+00:00,PASS,STALE,0.1.0
L4-002,1976-02-01,27.955,index,FRED,PCEPILFE,/mnt/d/Projects/GoldRush/docs/phase2-ingestion/data/macro/raw/fred/PCEPILFE-20260830T100927Z.json,2026-08-30T10:09:27.940966+00:00,PASS,STALE,0.1.0
L4-002,1976-03-01,28.047,index,FRED,PCEPILFE,/mnt/d/Projects/GoldRush/docs/phase2-ingestion/data/macro/raw/fred/PCEPILFE-20260830T100927Z.json,2026-08-30T10:09:27.940966+00:00,PASS,STALE,0.1.0
L4-002,1976-04-01,28.157,index,FRED,PCEPILFE,/mnt/d/Projects/GoldRush/docs/phase2-ingestion/data/macro/raw/fred/PCEPILFE-20260830T100927Z.json,2026-08-30T10:09:27.940966+00:00,PASS,STALE,0.1.0
L4-002,1976-05-01,28.29,index,FRED,PCEPILFE,/mnt/d/Projects/GoldRush/docs/phase2-ingestion/data/macro/raw/fred/PCEPILFE-20260830T100927Z.json,2026-08-30T10:09:27.940966+00:00,PASS,STALE,0.1.0
L4-002,1976-06-01,28.405,index,FRED,PCEPILFE,/mnt/d/Projects/GoldRush/docs/phase2-ingestion/data/macro/raw/fred/PCEPILFE-20260830T100927Z.json,2026-08-30T10:09:27.940966+00:00,PASS,STALE,0.1.0
L4-002,1976-07-01,28.561,index,FRED,PCEPILFE,/mnt/d/Projects/GoldRush/docs/phase2-ingestion/data/macro/raw/fred/PCEPILFE-20260830T100927Z.json,2026-08-30T10:09:27.940966+00:00,PASS,STALE,0.1.0
L4-002,1976-08-01,28.726,index,FRED,PCEPILFE,/mnt/d/Projects/GoldRush/docs/phase2-ingestion/data/macro/raw/fred/PCEPILFE-20260830T100927Z.json,2026-08-30T10:09:27.940966+00:00,PASS,STALE,0.1.0
L4-002,1976-09-01,28.894,index,FRED,PCEPILFE,/mnt/d/Projects/GoldRush/docs/phase2-ingestion/data/macro/raw/fred/PCEPILFE-20260830T100927Z.json,2026-08-30T10:09:27.940966+00:00,PASS,STALE,0.1.0
L4-002,1976-10-01,29.036,index,FRED,PCEPILFE,/mnt/d/Projects/GoldRush/docs/phase2-ingestion/data/macro/raw/fred/PCEPILFE-20260830T100927Z.json,2026-08-30T10:09:27.940966+00:00,PASS,STALE,0.1.0
L4-002,1976-11-01,29.168,index,FRED,PCEPILFE,/mnt/d/Projects/GoldRush/docs/phase2-ingestion/data/macro/raw/fred/PCEPILFE-20260830T100927Z.json,2026-08-30T10:09:27.940966+00:00,PASS,STALE,0.1.0
L4-002,1976-12-01,29.326,index,FRED,PCEPILFE,/mnt/d/Projects/GoldRush/docs/phase2-ingestion/data/macro/raw/fred/PCEPILFE-20260830T100927Z.json,2026-08-30T10:09:27.940966+00:00,PASS,STALE,0.1.0
L4-002,1977-01-01,29.505,index,FRED,PCEPILFE,/mnt/d/Projects/GoldRush/docs/phase2-ingestion/data/macro/raw/fred/PCEPILFE-20260830T100927Z.json,2026-08-30T10:09:27.940966+00:00,PASS,STALE,0.1.0
L4-002,1977-02-01,29.686,index,FRED,PCEPILFE,/mnt/d/Projects/GoldRush/docs/phase2-ingestion/data/macro/raw/fred/PCEPILFE-20260830T100927Z.json,2026-08-30T10:09:27.940966+00:00,PASS,STALE,0.1.0
L4-002,1977-03-01,29.812,index,FRED,PCEPILFE,/mnt/d/Projects/GoldRush/docs/phase2-ingestion/data/macro/raw/fred/PCEPILFE-20260830T100927Z.json,2026-08-30T10:09:27.940966+00:00,PASS,STALE,0.1.0
L4-002,1977-04-01,29.959,index,FRED,PCEPILFE,/mnt/d/Projects/GoldRush/docs/phase2-ingestion/data/macro/raw/fred/PCEPILFE-20260830T100927Z.json,2026-08-30T10:09:27.940966+00:00,PASS,STALE,0.1.0
L4-002,1977-05-01,30.112,index,FRED,PCEPILFE,/mnt/d/Projects/GoldRush/docs/phase2-ingestion/data/macro/raw/fred/PCEPILFE-20260830T100927Z.json,2026-08-30T10:09:27.940966+00:00,PASS,STALE,0.1.0
L4-002,1977-06-01,30.292,index,FRED,PCEPILFE,/mnt/d/Projects/GoldRush/docs/phase2-ingestion/data/macro/raw/fred/PCEPILFE-20260830T100927Z.json,2026-08-30T10:09:27.940966+00:00,PASS,STALE,0.1.0
L4-002,1977-07-01,30.479,index,FRED,PCEPILFE,/mnt/d/Projects/GoldRush/docs/phase2-ingestion/data/macro/raw/fred/PCEPILFE-20260830T100927Z.json,2026-08-30T10:09:27.940966+00:00,PASS,STALE,0.1.0
L4-002,1977-08-01,30.629,index,FRED,PCEPILFE,/mnt/d/Projects/GoldRush/docs/phase2-ingestion/data/macro/raw/fred/PCEPILFE-20260830T100927Z.json,2026-08-30T10:09:27.940966+00:00,PASS,STALE,0.1.0
L4-002,1977-09-01,30.758,index,FRED,PCEPILFE,/mnt/d/Projects/GoldRush/docs/phase2-ingestion/data/macro/raw/fred/PCEPILFE-20260830T100927Z.json,2026-08-30T10:09:27.940966+00:00,PASS,STALE,0.1.0
L4-002,1977-10-01,30.907,index,FRED,PCEPILFE,/mnt/d/Projects/GoldRush/docs/phase2-ingestion/data/macro/raw/fred/PCEPILFE-20260830T100927Z.json,2026-08-30T10:09:27.940966+00:00,PASS,STALE,0.1.0
L4-002,1977-11-01,31.067,index,FRED,PCEPILFE,/mnt/d/Projects/GoldRush/docs/phase2-ingestion/data/macro/raw/fred/PCEPILFE-20260830T100927Z.json,2026-08-30T10:09:27.940966+00:00,PASS,STALE,0.1.0
L4-002,1977-12-01,31.227,index,FRED,PCEPILFE,/mnt/d/Projects/GoldRush/docs/phase2-ingestion/data/macro/raw/fred/PCEPILFE-20260830T100927Z.json,2026-08-30T10:09:27.940966+00:00,PASS,STALE,0.1.0
L4-002,1978-01-01,31.414,index,FRED,PCEPILFE,/mnt/d/Projects/GoldRush/docs/phase2-ingestion/data/macro/raw/fred/PCEPILFE-20260830T100927Z.json,2026-08-30T10:09:27.940966+00:00,PASS,STALE,0.1.0
L4-002,1978-02-01,31.535,index,FRED,PCEPILFE,/mnt/d/Projects/GoldRush/docs/phase2-ingestion/data/macro/raw/fred/PCEPILFE-20260830T100927Z.json,2026-08-30T10:09:27.940966+00:00,PASS,STALE,0.1.0
L4-002,1978-03-01,31.706,index,FRED,PCEPILFE,/mnt/d/Projects/GoldRush/docs/phase2-ingestion/data/macro/raw/fred/PCEPILFE-20260830T100927Z.json,2026-08-30T10:09:27.940966+00:00,PASS,STALE,0.1.0
L4-002,1978-04-01,31.911,index,FRED,PCEPILFE,/mnt/d/Projects/GoldRush/docs/phase2-ingestion/data/macro/raw/fred/PCEPILFE-20260830T100927Z.json,2026-08-30T10:09:27.940966+00:00,PASS,STALE,0.1.0
L4-002,1978-05-01,32.099,index,FRED,PCEPILFE,/mnt/d/Projects/GoldRush/docs/phase2-ingestion/data/macro/raw/fred/PCEPILFE-20260830T100927Z.json,2026-08-30T10:09:27.940966+00:00,PASS,STALE,0.1.0
L4-002,1978-06-01,32.278,index,FRED,PCEPILFE,/mnt/d/Projects/GoldRush/docs/phase2-ingestion/data/macro/raw/fred/PCEPILFE-20260830T100927Z.json,2026-08-30T10:09:27.940966+00:00,PASS,STALE,0.1.0
L4-002,1978-07-01,32.468,index,FRED,PCEPILFE,/mnt/d/Projects/GoldRush/docs/phase2-ingestion/data/macro/raw/fred/PCEPILFE-20260830T100927Z.json,2026-08-30T10:09:27.940966+00:00,PASS,STALE,0.1.0
L4-002,1978-08-01,32.642,index,FRED,PCEPILFE,/mnt/d/Projects/GoldRush/docs/phase2-ingestion/data/macro/raw/fred/PCEPILFE-20260830T100927Z.json,2026-08-30T10:09:27.940966+00:00,PASS,STALE,0.1.0
L4-002,1978-09-01,32.83,index,FRED,PCEPILFE,/mnt/d/Projects/GoldRush/docs/phase2-ingestion/data/macro/raw/fred/PCEPILFE-20260830T100927Z.json,2026-08-30T10:09:27.940966+00:00,PASS,STALE,0.1.0
L4-002,1978-10-01,33.071,index,FRED,PCEPILFE,/mnt/d/Projects/GoldRush/docs/phase2-ingestion/data/macro/raw/fred/PCEPILFE-20260830T100927Z.json,2026-08-30T10:09:27.940966+00:00,PASS,STALE,0.1.0
L4-002,1978-11-01,33.249,index,FRED,PCEPILFE,/mnt/d/Projects/GoldRush/docs/phase2-ingestion/data/macro/raw/fred/PCEPILFE-20260830T100927Z.json,2026-08-30T10:09:27.940966+00:00,PASS,STALE,0.1.0
L4-002,1978-12-01,33.378,index,FRED,PCEPILFE,/mnt/d/Projects/GoldRush/docs/phase2-ingestion/data/macro/raw/fred/PCEPILFE-20260830T100927Z.json,2026-08-30T10:09:27.940966+00:00,PASS,STALE,0.1.0
L4-002,1979-01-01,33.549,index,FRED,PCEPILFE,/mnt/d/Projects/GoldRush/docs/phase2-ingestion/data/macro/raw/fred/PCEPILFE-20260830T100927Z.json,2026-08-30T10:09:27.940966+00:00,PASS,STALE,0.1.0
L4-002,1979-02-01,33.659,index,FRED,PCEPILFE,/mnt/d/Projects/GoldRush/docs/phase2-ingestion/data/macro/raw/fred/PCEPILFE-20260830T100927Z.json,2026-08-30T10:09:27.940966+00:00,PASS,STALE,0.1.0
L4-002,1979-03-01,33.852,index,FRED,PCEPILFE,/mnt/d/Projects/GoldRush/docs/phase2-ingestion/data/macro/raw/fred/PCEPILFE-20260830T100927Z.json,2026-08-30T10:09:27.940966+00:00,PASS,STALE,0.1.0
L4-002,1979-04-01,34.165,index,FRED,PCEPILFE,/mnt/d/Projects/GoldRush/docs/phase2-ingestion/data/macro/raw/fred/PCEPILFE-20260830T100927Z.json,2026-08-30T10:09:27.940966+00:00,PASS,STALE,0.1.0
L4-002,1979-05-01,34.462,index,FRED,PCEPILFE,/mnt/d/Projects/GoldRush/docs/phase2-ingestion/data/macro/raw/fred/PCEPILFE-20260830T100927Z.json,2026-08-30T10:09:27.940966+00:00,PASS,STALE,0.1.0
L4-002,1979-06-01,34.655,index,FRED,PCEPILFE,/mnt/d/Projects/GoldRush/docs/phase2-ingestion/data/macro/raw/fred/PCEPILFE-20260830T100927Z.json,2026-08-30T10:09:27.940966+00:00,PASS,STALE,0.1.0
L4-002,1979-07-01,34.829,index,FRED,PCEPILFE,/mnt/d/Projects/GoldRush/docs/phase2-ingestion/data/macro/raw/fred/PCEPILFE-20260830T100927Z.json,2026-08-30T10:09:27.940966+00:00,PASS,STALE,0.1.0
L4-002,1979-08-01,35.06,index,FRED,PCEPILFE,/mnt/d/Projects/GoldRush/docs/phase2-ingestion/data/macro/raw/fred/PCEPILFE-20260830T100927Z.json,2026-08-30T10:09:27.940966+00:00,PASS,STALE,0.1.0
L4-002,1979-09-01,35.299,index,FRED,PCEPILFE,/mnt/d/Projects/GoldRush/docs/phase2-ingestion/data/macro/raw/fred/PCEPILFE-20260830T100927Z.json,2026-08-30T10:09:27.940966+00:00,PASS,STALE,0.1.0
L4-002,1979-10-01,35.557,index,FRED,PCEPILFE,/mnt/d/Projects/GoldRush/docs/phase2-ingestion/data/macro/raw/fred/PCEPILFE-20260830T100927Z.json,2026-08-30T10:09:27.940966+00:00,PASS,STALE,0.1.0
L4-002,1979-11-01,35.784,index,FRED,PCEPILFE,/mnt/d/Projects/GoldRush/docs/phase2-ingestion/data/macro/raw/fred/PCEPILFE-20260830T100927Z.json,2026-08-30T10:09:27.940966+00:00,PASS,STALE,0.1.0
L4-002,1979-12-01,36.041,index,FRED,PCEPILFE,/mnt/d/Projects/GoldRush/docs/phase2-ingestion/data/macro/raw/fred/PCEPILFE-20260830T100927Z.json,2026-08-30T10:09:27.940966+00:00,PASS,STALE,0.1.0
L4-002,1980-01-01,36.315,index,FRED,PCEPILFE,/mnt/d/Projects/GoldRush/docs/phase2-ingestion/data/macro/raw/fred/PCEPILFE-20260830T100927Z.json,2026-08-30T10:09:27.940966+00:00,PASS,STALE,0.1.0
L4-002,1980-02-01,36.677,index,FRED,PCEPILFE,/mnt/d/Projects/GoldRush/docs/phase2-ingestion/data/macro/raw/fred/PCEPILFE-20260830T100927Z.json,2026-08-30T10:09:27.940966+00:00,PASS,STALE,0.1.0
L4-002,1980-03-01,37.017,index,FRED,PCEPILFE,/mnt/d/Projects/GoldRush/docs/phase2-ingestion/data/macro/raw/fred/PCEPILFE-20260830T100927Z.json,2026-08-30T10:09:27.940966+00:00,PASS,STALE,0.1.0
L4-002,1980-04-01,37.207,index,FRED,PCEPILFE,/mnt/d/Projects/GoldRush/docs/phase2-ingestion/data/macro/raw/fred/PCEPILFE-20260830T100927Z.json,2026-08-30T10:09:27.940966+00:00,PASS,STALE,0.1.0
L4-002,1980-05-01,37.507,index,FRED,PCEPILFE,/mnt/d/Projects/GoldRush/docs/phase2-ingestion/data/macro/raw/fred/PCEPILFE-20260830T100927Z.json,2026-08-30T10:09:27.940966+00:00,PASS,STALE,0.1.0
L4-002,1980-06-01,37.756,index,FRED,PCEPILFE,/mnt/d/Projects/GoldRush/docs/phase2-ingestion/data/macro/raw/fred/PCEPILFE-20260830T100927Z.json,2026-08-30T10:09:27.940966+00:00,PASS,STALE,0.1.0
L4-002,1980-07-01,38.021,index,FRED,PCEPILFE,/mnt/d/Projects/GoldRush/docs/phase2-ingestion/data/macro/raw/fred/PCEPILFE-20260830T100927Z.json,2026-08-30T10:09:27.940966+00:00,PASS,STALE,0.1.0
L4-002,1980-08-01,38.296,index,FRED,PCEPILFE,/mnt/d/Projects/GoldRush/docs/phase2-ingestion/data/macro/raw/fred/PCEPILFE-20260830T100927Z.json,2026-08-30T10:09:27.940966+00:00,PASS,STALE,0.1.0
L4-002,1980-09-01,38.657,index,FRED,PCEPILFE,/mnt/d/Projects/GoldRush/docs/phase2-ingestion/data/macro/raw/fred/PCEPILFE-20260830T100927Z.json,2026-08-30T10:09:27.940966+00:00,PASS,STALE,0.1.0
L4-002,1980-10-01,38.975,index,FRED,PCEPILFE,/mnt/d/Projects/GoldRush/docs/phase2-ingestion/data/macro/raw/fred/PCEPILFE-20260830T100927Z.json,2026-08-30T10:09:27.940966+00:00,PASS,STALE,0.1.0
L4-002,1980-11-01,39.282,index,FRED,PCEPILFE,/mnt/d/Projects/GoldRush/docs/phase2-ingestion/data/macro/raw/fred/PCEPILFE-20260830T100927Z.json,2026-08-30T10:09:27.940966+00:00,PASS,STALE,0.1.0
L4-002,1980-12-01,39.518,index,FRED,PCEPILFE,/mnt/d/Projects/GoldRush/docs/phase2-ingestion/data/macro/raw/fred/PCEPILFE-20260830T100927Z.json,2026-08-30T10:09:27.940966+00:00,PASS,STALE,0.1.0
L4-002,1981-01-01,39.861,index,FRED,PCEPILFE,/mnt/d/Projects/GoldRush/docs/phase2-ingestion/data/macro/raw/fred/PCEPILFE-20260830T100927Z.json,2026-08-30T10:09:27.940966+00:00,PASS,STALE,0.1.0
L4-002,1981-02-01,40.152,index,FRED,PCEPILFE,/mnt/d/Projects/GoldRush/docs/phase2-ingestion/data/macro/raw/fred/PCEPILFE-20260830T100927Z.json,2026-08-30T10:09:27.940966+00:00,PASS,STALE,0.1.0
L4-002,1981-03-01,40.375,index,FRED,PCEPILFE,/mnt/d/Projects/GoldRush/docs/phase2-ingestion/data/macro/raw/fred/PCEPILFE-20260830T100927Z.json,2026-08-30T10:09:27.940966+00:00,PASS,STALE,0.1.0
L4-002,1981-04-01,40.633,index,FRED,PCEPILFE,/mnt/d/Projects/GoldRush/docs/phase2-ingestion/data/macro/raw/fred/PCEPILFE-20260830T100927Z.json,2026-08-30T10:09:27.940966+00:00,PASS,STALE,0.1.0
L4-002,1981-05-01,40.913,index,FRED,PCEPILFE,/mnt/d/Projects/GoldRush/docs/phase2-ingestion/data/macro/raw/fred/PCEPILFE-20260830T100927Z.json,2026-08-30T10:09:27.940966+00:00,PASS,STALE,0.1.0
L4-002,1981-06-01,41.117,index,FRED,PCEPILFE,/mnt/d/Projects/GoldRush/docs/phase2-ingestion/data/macro/raw/fred/PCEPILFE-20260830T100927Z.json,2026-08-30T10:09:27.940966+00:00,PASS,STALE,0.1.0
L4-002,1981-07-01,41.365,index,FRED,PCEPILFE,/mnt/d/Projects/GoldRush/docs/phase2-ingestion/data/macro/raw/fred/PCEPILFE-20260830T100927Z.json,2026-08-30T10:09:27.940966+00:00,PASS,STALE,0.1.0
L4-002,1981-08-01,41.642,index,FRED,PCEPILFE,/mnt/d/Projects/GoldRush/docs/phase2-ingestion/data/macro/raw/fred/PCEPILFE-20260830T100927Z.json,2026-08-30T10:09:27.940966+00:00,PASS,STALE,0.1.0
L4-002,1981-09-01,41.915,index,FRED,PCEPILFE,/mnt/d/Projects/GoldRush/docs/phase2-ingestion/data/macro/raw/fred/PCEPILFE-20260830T100927Z.json,2026-08-30T10:09:27.940966+00:00,PASS,STALE,0.1.0
L4-002,1981-10-01,42.165,index,FRED,PCEPILFE,/mnt/d/Projects/GoldRush/docs/phase2-ingestion/data/macro/raw/fred/PCEPILFE-20260830T100927Z.json,2026-08-30T10:09:27.940966+00:00,PASS,STALE,0.1.0
L4-002,1981-11-01,42.411,index,FRED,PCEPILFE,/mnt/d/Projects/GoldRush/docs/phase2-ingestion/data/macro/raw/fred/PCEPILFE-20260830T100927Z.json,2026-08-30T10:09:27.940966+00:00,PASS,STALE,0.1.0
L4-002,1981-12-01,42.568,index,FRED,PCEPILFE,/mnt/d/Projects/GoldRush/docs/phase2-ingestion/data/macro/raw/fred/PCEPILFE-20260830T100927Z.json,2026-08-30T10:09:27.940966+00:00,PASS,STALE,0.1.0
L4-002,1982-01-01,42.829,index,FRED,PCEPILFE,/mnt/d/Projects/GoldRush/docs/phase2-ingestion/data/macro/raw/fred/PCEPILFE-20260830T100927Z.json,2026-08-30T10:09:27.940966+00:00,PASS,STALE,0.1.0
L4-002,1982-02-01,42.994,index,FRED,PCEPILFE,/mnt/d/Projects/GoldRush/docs/phase2-ingestion/data/macro/raw/fred/PCEPILFE-20260830T100927Z.json,2026-08-30T10:09:27.940966+00:00,PASS,STALE,0.1.0
L4-002,1982-03-01,43.182,index,FRED,PCEPILFE,/mnt/d/Projects/GoldRush/docs/phase2-ingestion/data/macro/raw/fred/PCEPILFE-20260830T100927Z.json,2026-08-30T10:09:27.940966+00:00,PASS,STALE,0.1.0
L4-002,1982-04-01,43.353,index,FRED,PCEPILFE,/mnt/d/Projects/GoldRush/docs/phase2-ingestion/data/macro/raw/fred/PCEPILFE-20260830T100927Z.json,2026-08-30T10:09:27.940966+00:00,PASS,STALE,0.1.0
L4-002,1982-05-01,43.589,index,FRED,PCEPILFE,/mnt/d/Projects/GoldRush/docs/phase2-ingestion/data/macro/raw/fred/PCEPILFE-20260830T100927Z.json,2026-08-30T10:09:27.940966+00:00,PASS,STALE,0.1.0
L4-002,1982-06-01,43.808,index,FRED,PCEPILFE,/mnt/d/Projects/GoldRush/docs/phase2-ingestion/data/macro/raw/fred/PCEPILFE-20260830T100927Z.json,2026-08-30T10:09:27.940966+00:00,PASS,STALE,0.1.0
L4-002,1982-07-01,44.092,index,FRED,PCEPILFE,/mnt/d/Projects/GoldRush/docs/phase2-ingestion/data/macro/raw/fred/PCEPILFE-20260830T100927Z.json,2026-08-30T10:09:27.940966+00:00,PASS,STALE,0.1.0
L4-002,1982-08-01,44.295,index,FRED,PCEPILFE,/mnt/d/Projects/GoldRush/docs/phase2-ingestion/data/macro/raw/fred/PCEPILFE-20260830T100927Z.json,2026-08-30T10:09:27.940966+00:00,PASS,STALE,0.1.0
L4-002,1982-09-01,44.459,index,FRED,PCEPILFE,/mnt/d/Projects/GoldRush/docs/phase2-ingestion/data/macro/raw/fred/PCEPILFE-20260830T100927Z.json,2026-08-30T10:09:27.940966+00:00,PASS,STALE,0.1.0
L4-002,1982-10-01,44.741,index,FRED,PCEPILFE,/mnt/d/Projects/GoldRush/docs/phase2-ingestion/data/macro/raw/fred/PCEPILFE-20260830T100927Z.json,2026-08-30T10:09:27.940966+00:00,PASS,STALE,0.1.0
L4-002,1982-11-01,44.906,index,FRED,PCEPILFE,/mnt/d/Projects/GoldRush/docs/phase2-ingestion/data/macro/raw/fred/PCEPILFE-20260830T100927Z.json,2026-08-30T10:09:27.940966+00:00,PASS,STALE,0.1.0
L4-002,1982-12-01,45.049,index,FRED,PCEPILFE,/mnt/d/Projects/GoldRush/docs/phase2-ingestion/data/macro/raw/fred/PCEPILFE-20260830T100927Z.json,2026-08-30T10:09:27.940966+00:00,PASS,STALE,0.1.0
L4-002,1983-01-01,45.357,index,FRED,PCEPILFE,/mnt/d/Projects/GoldRush/docs/phase2-ingestion/data/macro/raw/fred/PCEPILFE-20260830T100927Z.json,2026-08-30T10:09:27.940966+00:00,PASS,STALE,0.1.0
L4-002,1983-02-01,45.525,index,FRED,PCEPILFE,/mnt/d/Projects/GoldRush/docs/phase2-ingestion/data/macro/raw/fred/PCEPILFE-20260830T100927Z.json,2026-08-30T10:09:27.940966+00:00,PASS,STALE,0.1.0
L4-002,1983-03-01,45.583,index,FRED,PCEPILFE,/mnt/d/Projects/GoldRush/docs/phase2-ingestion/data/macro/raw/fred/PCEPILFE-20260830T100927Z.json,2026-08-30T10:09:27.940966+00:00,PASS,STALE,0.1.0
L4-002,1983-04-01,45.721,index,FRED,PCEPILFE,/mnt/d/Projects/GoldRush/docs/phase2-ingestion/data/macro/raw/fred/PCEPILFE-20260830T100927Z.json,2026-08-30T10:09:27.940966+00:00,PASS,STALE,0.1.0
L4-002,1983-05-01,45.787,index,FRED,PCEPILFE,/mnt/d/Projects/GoldRush/docs/phase2-ingestion/data/macro/raw/fred/PCEPILFE-20260830T100927Z.json,2026-08-30T10:09:27.940966+00:00,PASS,STALE,0.1.0
L4-002,1983-06-01,46.001,index,FRED,PCEPILFE,/mnt/d/Projects/GoldRush/docs/phase2-ingestion/data/macro/raw/fred/PCEPILFE-20260830T100927Z.json,2026-08-30T10:09:27.940966+00:00,PASS,STALE,0.1.0
L4-002,1983-07-01,46.311,index,FRED,PCEPILFE,/mnt/d/Projects/GoldRush/docs/phase2-ingestion/data/macro/raw/fred/PCEPILFE-20260830T100927Z.json,2026-08-30T10:09:27.940966+00:00,PASS,STALE,0.1.0
L4-002,1983-08-01,46.55,index,FRED,PCEPILFE,/mnt/d/Projects/GoldRush/docs/phase2-ingestion/data/macro/raw/fred/PCEPILFE-20260830T100927Z.json,2026-08-30T10:09:27.940966+00:00,PASS,STALE,0.1.0
L4-002,1983-09-01,46.738,index,FRED,PCEPILFE,/mnt/d/Projects/GoldRush/docs/phase2-ingestion/data/macro/raw/fred/PCEPILFE-20260830T100927Z.json,2026-08-30T10:09:27.940966+00:00,PASS,STALE,0.1.0
L4-002,1983-10-01,46.821,index,FRED,PCEPILFE,/mnt/d/Projects/GoldRush/docs/phase2-ingestion/data/macro/raw/fred/PCEPILFE-20260830T100927Z.json,2026-08-30T10:09:27.940966+00:00,PASS,STALE,0.1.0
L4-002,1983-11-01,46.93,index,FRED,PCEPILFE,/mnt/d/Projects/GoldRush/docs/phase2-ingestion/data/macro/raw/fred/PCEPILFE-20260830T100927Z.json,2026-08-30T10:09:27.940966+00:00,PASS,STALE,0.1.0
L4-002,1983-12-01,46.965,index,FRED,PCEPILFE,/mnt/d/Projects/GoldRush/docs/phase2-ingestion/data/macro/raw/fred/PCEPILFE-20260830T100927Z.json,2026-08-30T10:09:27.940966+00:00,PASS,STALE,0.1.0
L4-002,1984-01-01,47.121,index,FRED,PCEPILFE,/mnt/d/Projects/GoldRush/docs/phase2-ingestion/data/macro/raw/fred/PCEPILFE-20260830T100927Z.json,2026-08-30T10:09:27.940966+00:00,PASS,STALE,0.1.0
L4-002,1984-02-01,47.418,index,FRED,PCEPILFE,/mnt/d/Projects/GoldRush/docs/phase2-ingestion/data/macro/raw/fred/PCEPILFE-20260830T100927Z.json,2026-08-30T10:09:27.940966+00:00,PASS,STALE,0.1.0
L4-002,1984-03-01,47.598,index,FRED,PCEPILFE,/mnt/d/Projects/GoldRush/docs/phase2-ingestion/data/macro/raw/fred/PCEPILFE-20260830T100927Z.json,2026-08-30T10:09:27.940966+00:00,PASS,STALE,0.1.0
L4-002,1984-04-01,47.822,index,FRED,PCEPILFE,/mnt/d/Projects/GoldRush/docs/phase2-ingestion/data/macro/raw/fred/PCEPILFE-20260830T100927Z.json,2026-08-30T10:09:27.940966+00:00,PASS,STALE,0.1.0
L4-002,1984-05-01,47.933,index,FRED,PCEPILFE,/mnt/d/Projects/GoldRush/docs/phase2-ingestion/data/macro/raw/fred/PCEPILFE-20260830T100927Z.json,2026-08-30T10:09:27.940966+00:00,PASS,STALE,0.1.0
L4-002,1984-06-01,48.046,index,FRED,PCEPILFE,/mnt/d/Projects/GoldRush/docs/phase2-ingestion/data/macro/raw/fred/PCEPILFE-20260830T100927Z.json,2026-08-30T10:09:27.940966+00:00,PASS,STALE,0.1.0
L4-002,1984-07-01,48.253,index,FRED,PCEPILFE,/mnt/d/Projects/GoldRush/docs/phase2-ingestion/data/macro/raw/fred/PCEPILFE-20260830T100927Z.json,2026-08-30T10:09:27.940966+00:00,PASS,STALE,0.1.0
L4-002,1984-08-01,48.412,index,FRED,PCEPILFE,/mnt/d/Projects/GoldRush/docs/phase2-ingestion/data/macro/raw/fred/PCEPILFE-20260830T100927Z.json,2026-08-30T10:09:27.940966+00:00,PASS,STALE,0.1.0
L4-002,1984-09-01,48.486,index,FRED,PCEPILFE,/mnt/d/Projects/GoldRush/docs/phase2-ingestion/data/macro/raw/fred/PCEPILFE-20260830T100927Z.json,2026-08-30T10:09:27.940966+00:00,PASS,STALE,0.1.0
L4-002,1984-10-01,48.595,index,FRED,PCEPILFE,/mnt/d/Projects/GoldRush/docs/phase2-ingestion/data/macro/raw/fred/PCEPILFE-20260830T100927Z.json,2026-08-30T10:09:27.940966+00:00,PASS,STALE,0.1.0
L4-002,1984-11-01,48.698,index,FRED,PCEPILFE,/mnt/d/Projects/GoldRush/docs/phase2-ingestion/data/macro/raw/fred/PCEPILFE-20260830T100927Z.json,2026-08-30T10:09:27.940966+00:00,PASS,STALE,0.1.0
L4-002,1984-12-01,48.891,index,FRED,PCEPILFE,/mnt/d/Projects/GoldRush/docs/phase2-ingestion/data/macro/raw/fred/PCEPILFE-20260830T100927Z.json,2026-08-30T10:09:27.940966+00:00,PASS,STALE,0.1.0
L4-002,1985-01-01,49.165,index,FRED,PCEPILFE,/mnt/d/Projects/GoldRush/docs/phase2-ingestion/data/macro/raw/fred/PCEPILFE-20260830T100927Z.json,2026-08-30T10:09:27.940966+00:00,PASS,STALE,0.1.0
L4-002,1985-02-01,49.42,index,FRED,PCEPILFE,/mnt/d/Projects/GoldRush/docs/phase2-ingestion/data/macro/raw/fred/PCEPILFE-20260830T100927Z.json,2026-08-30T10:09:27.940966+00:00,PASS,STALE,0.1.0
L4-002,1985-03-01,49.593,index,FRED,PCEPILFE,/mnt/d/Projects/GoldRush/docs/phase2-ingestion/data/macro/raw/fred/PCEPILFE-20260830T100927Z.json,2026-08-30T10:09:27.940966+00:00,PASS,STALE,0.1.0
L4-002,1985-04-01,49.652,index,FRED,PCEPILFE,/mnt/d/Projects/GoldRush/docs/phase2-ingestion/data/macro/raw/fred/PCEPILFE-20260830T100927Z.json,2026-08-30T10:09:27.940966+00:00,PASS,STALE,0.1.0
L4-002,1985-05-01,49.823,index,FRED,PCEPILFE,/mnt/d/Projects/GoldRush/docs/phase2-ingestion/data/macro/raw/fred/PCEPILFE-20260830T100927Z.json,2026-08-30T10:09:27.940966+00:00,PASS,STALE,0.1.0
L4-002,1985-06-01,49.988,index,FRED,PCEPILFE,/mnt/d/Projects/GoldRush/docs/phase2-ingestion/data/macro/raw/fred/PCEPILFE-20260830T100927Z.json,2026-08-30T10:09:27.940966+00:00,PASS,STALE,0.1.0
L4-002,1985-07-01,50.134,index,FRED,PCEPILFE,/mnt/d/Projects/GoldRush/docs/phase2-ingestion/data/macro/raw/fred/PCEPILFE-20260830T100927Z.json,2026-08-30T10:09:27.940966+00:00,PASS,STALE,0.1.0
L4-002,1985-08-01,50.38,index,FRED,PCEPILFE,/mnt/d/Projects/GoldRush/docs/phase2-ingestion/data/macro/raw/fred/PCEPILFE-20260830T100927Z.json,2026-08-30T10:09:27.940966+00:00,PASS,STALE,0.1.0
L4-002,1985-09-01,50.484,index,FRED,PCEPILFE,/mnt/d/Projects/GoldRush/docs/phase2-ingestion/data/macro/raw/fred/PCEPILFE-20260830T100927Z.json,2026-08-30T10:09:27.940966+00:00,PASS,STALE,0.1.0
L4-002,1985-10-01,50.565,index,FRED,PCEPILFE,/mnt/d/Projects/GoldRush/docs/phase2-ingestion/data/macro/raw/fred/PCEPILFE-20260830T100927Z.json,2026-08-30T10:09:27.940966+00:00,PASS,STALE,0.1.0
L4-002,1985-11-01,50.689,index,FRED,PCEPILFE,/mnt/d/Projects/GoldRush/docs/phase2-ingestion/data/macro/raw/fred/PCEPILFE-20260830T100927Z.json,2026-08-30T10:09:27.940966+00:00,PASS,STALE,0.1.0
L4-002,1985-12-01,50.827,index,FRED,PCEPILFE,/mnt/d/Projects/GoldRush/docs/phase2-ingestion/data/macro/raw/fred/PCEPILFE-20260830T100927Z.json,2026-08-30T10:09:27.940966+00:00,PASS,STALE,0.1.0
L4-002,1986-01-01,51.101,index,FRED,PCEPILFE,/mnt/d/Projects/GoldRush/docs/phase2-ingestion/data/macro/raw/fred/PCEPILFE-20260830T100927Z.json,2026-08-30T10:09:27.940966+00:00,PASS,STALE,0.1.0
L4-002,1986-02-01,51.233,index,FRED,PCEPILFE,/mnt/d/Projects/GoldRush/docs/phase2-ingestion/data/macro/raw/fred/PCEPILFE-20260830T100927Z.json,2026-08-30T10:09:27.940966+00:00,PASS,STALE,0.1.0
L4-002,1986-03-01,51.389,index,FRED,PCEPILFE,/mnt/d/Projects/GoldRush/docs/phase2-ingestion/data/macro/raw/fred/PCEPILFE-20260830T100927Z.json,2026-08-30T10:09:27.940966+00:00,PASS,STALE,0.1.0
L4-002,1986-04-01,51.482,index,FRED,PCEPILFE,/mnt/d/Projects/GoldRush/docs/phase2-ingestion/data/macro/raw/fred/PCEPILFE-20260830T100927Z.json,2026-08-30T10:09:27.940966+00:00,PASS,STALE,0.1.0
L4-002,1986-05-01,51.57,index,FRED,PCEPILFE,/mnt/d/Projects/GoldRush/docs/phase2-ingestion/data/macro/raw/fred/PCEPILFE-20260830T100927Z.json,2026-08-30T10:09:27.940966+00:00,PASS,STALE,0.1.0
L4-002,1986-06-01,51.725,index,FRED,PCEPILFE,/mnt/d/Projects/GoldRush/docs/phase2-ingestion/data/macro/raw/fred/PCEPILFE-20260830T100927Z.json,2026-08-30T10:09:27.940966+00:00,PASS,STALE,0.1.0
L4-002,1986-07-01,51.819,index,FRED,PCEPILFE,/mnt/d/Projects/GoldRush/docs/phase2-ingestion/data/macro/raw/fred/PCEPILFE-20260830T100927Z.json,2026-08-30T10:09:27.940966+00:00,PASS,STALE,0.1.0
L4-002,1986-08-01,51.925,index,FRED,PCEPILFE,/mnt/d/Projects/GoldRush/docs/phase2-ingestion/data/macro/raw/fred/PCEPILFE-20260830T100927Z.json,2026-08-30T10:09:27.940966+00:00,PASS,STALE,0.1.0
L4-002,1986-09-01,52.096,index,FRED,PCEPILFE,/mnt/d/Projects/GoldRush/docs/phase2-ingestion/data/macro/raw/fred/PCEPILFE-20260830T100927Z.json,2026-08-30T10:09:27.940966+00:00,PASS,STALE,0.1.0
L4-002,1986-10-01,52.273,index,FRED,PCEPILFE,/mnt/d/Projects/GoldRush/docs/phase2-ingestion/data/macro/raw/fred/PCEPILFE-20260830T100927Z.json,2026-08-30T10:09:27.940966+00:00,PASS,STALE,0.1.0
L4-002,1986-11-01,52.384,index,FRED,PCEPILFE,/mnt/d/Projects/GoldRush/docs/phase2-ingestion/data/macro/raw/fred/PCEPILFE-20260830T100927Z.json,2026-08-30T10:09:27.940966+00:00,PASS,STALE,0.1.0
L4-002,1986-12-01,52.452,index,FRED,PCEPILFE,/mnt/d/Projects/GoldRush/docs/phase2-ingestion/data/macro/raw/fred/PCEPILFE-20260830T100927Z.json,2026-08-30T10:09:27.940966+00:00,PASS,STALE,0.1.0
L4-002,1987-01-01,52.578,index,FRED,PCEPILFE,/mnt/d/Projects/GoldRush/docs/phase2-ingestion/data/macro/raw/fred/PCEPILFE-20260830T100927Z.json,2026-08-30T10:09:27.940966+00:00,PASS,STALE,0.1.0
L4-002,1987-02-01,52.685,index,FRED,PCEPILFE,/mnt/d/Projects/GoldRush/docs/phase2-ingestion/data/macro/raw/fred/PCEPILFE-20260830T100927Z.json,2026-08-30T10:09:27.940966+00:00,PASS,STALE,0.1.0
L4-002,1987-03-01,52.841,index,FRED,PCEPILFE,/mnt/d/Projects/GoldRush/docs/phase2-ingestion/data/macro/raw/fred/PCEPILFE-20260830T100927Z.json,2026-08-30T10:09:27.940966+00:00,PASS,STALE,0.1.0
L4-002,1987-04-01,53.065,index,FRED,PCEPILFE,/mnt/d/Projects/GoldRush/docs/phase2-ingestion/data/macro/raw/fred/PCEPILFE-20260830T100927Z.json,2026-08-30T10:09:27.940966+00:00,PASS,STALE,0.1.0
L4-002,1987-05-01,53.214,index,FRED,PCEPILFE,/mnt/d/Projects/GoldRush/docs/phase2-ingestion/data/macro/raw/fred/PCEPILFE-20260830T100927Z.json,2026-08-30T10:09:27.940966+00:00,PASS,STALE,0.1.0
L4-002,1987-06-01,53.36,index,FRED,PCEPILFE,/mnt/d/Projects/GoldRush/docs/phase2-ingestion/data/macro/raw/fred/PCEPILFE-20260830T100927Z.json,2026-08-30T10:09:27.940966+00:00,PASS,STALE,0.1.0
L4-002,1987-07-01,53.498,index,FRED,PCEPILFE,/mnt/d/Projects/GoldRush/docs/phase2-ingestion/data/macro/raw/fred/PCEPILFE-20260830T100927Z.json,2026-08-30T10:09:27.940966+00:00,PASS,STALE,0.1.0
L4-002,1987-08-01,53.679,index,FRED,PCEPILFE,/mnt/d/Projects/GoldRush/docs/phase2-ingestion/data/macro/raw/fred/PCEPILFE-20260830T100927Z.json,2026-08-30T10:09:27.940966+00:00,PASS,STALE,0.1.0
L4-002,1987-09-01,53.892,index,FRED,PCEPILFE,/mnt/d/Projects/GoldRush/docs/phase2-ingestion/data/macro/raw/fred/PCEPILFE-20260830T100927Z.json,2026-08-30T10:09:27.940966+00:00,PASS,STALE,0.1.0
L4-002,1987-10-01,54.122,index,FRED,PCEPILFE,/mnt/d/Projects/GoldRush/docs/phase2-ingestion/data/macro/raw/fred/PCEPILFE-20260830T100927Z.json,2026-08-30T10:09:27.940966+00:00,PASS,STALE,0.1.0
L4-002,1987-11-01,54.235,index,FRED,PCEPILFE,/mnt/d/Projects/GoldRush/docs/phase2-ingestion/data/macro/raw/fred/PCEPILFE-20260830T100927Z.json,2026-08-30T10:09:27.940966+00:00,PASS,STALE,0.1.0
L4-002,1987-12-01,54.349,index,FRED,PCEPILFE,/mnt/d/Projects/GoldRush/docs/phase2-ingestion/data/macro/raw/fred/PCEPILFE-20260830T100927Z.json,2026-08-30T10:09:27.940966+00:00,PASS,STALE,0.1.0
L4-002,1988-01-01,54.606,index,FRED,PCEPILFE,/mnt/d/Projects/GoldRush/docs/phase2-ingestion/data/macro/raw/fred/PCEPILFE-20260830T100927Z.json,2026-08-30T10:09:27.940966+00:00,PASS,STALE,0.1.0
L4-002,1988-02-01,54.718,index,FRED,PCEPILFE,/mnt/d/Projects/GoldRush/docs/phase2-ingestion/data/macro/raw/fred/PCEPILFE-20260830T100927Z.json,2026-08-30T10:09:27.940966+00:00,PASS,STALE,0.1.0
L4-002,1988-03-01,54.952,index,FRED,PCEPILFE,/mnt/d/Projects/GoldRush/docs/phase2-ingestion/data/macro/raw/fred/PCEPILFE-20260830T100927Z.json,2026-08-30T10:09:27.940966+00:00,PASS,STALE,0.1.0
L4-002,1988-04-01,55.219,index,FRED,PCEPILFE,/mnt/d/Projects/GoldRush/docs/phase2-ingestion/data/macro/raw/fred/PCEPILFE-20260830T100927Z.json,2026-08-30T10:09:27.940966+00:00,PASS,STALE,0.1.0
L4-002,1988-05-01,55.407,index,FRED,PCEPILFE,/mnt/d/Projects/GoldRush/docs/phase2-ingestion/data/macro/raw/fred/PCEPILFE-20260830T100927Z.json,2026-08-30T10:09:27.940966+00:00,PASS,STALE,0.1.0
L4-002,1988-06-01,55.641,index,FRED,PCEPILFE,/mnt/d/Projects/GoldRush/docs/phase2-ingestion/data/macro/raw/fred/PCEPILFE-20260830T100927Z.json,2026-08-30T10:09:27.940966+00:00,PASS,STALE,0.1.0
L4-002,1988-07-01,55.868,index,FRED,PCEPILFE,/mnt/d/Projects/GoldRush/docs/phase2-ingestion/data/macro/raw/fred/PCEPILFE-20260830T100927Z.json,2026-08-30T10:09:27.940966+00:00,PASS,STALE,0.1.0
L4-002,1988-08-01,56.007,index,FRED,PCEPILFE,/mnt/d/Projects/GoldRush/docs/phase2-ingestion/data/macro/raw/fred/PCEPILFE-20260830T100927Z.json,2026-08-30T10:09:27.940966+00:00,PASS,STALE,0.1.0
L4-002,1988-09-01,56.307,index,FRED,PCEPILFE,/mnt/d/Projects/GoldRush/docs/phase2-ingestion/data/macro/raw/fred/PCEPILFE-20260830T100927Z.json,2026-08-30T10:09:27.940966+00:00,PASS,STALE,0.1.0
L4-002,1988-10-01,56.521,index,FRED,PCEPILFE,/mnt/d/Projects/GoldRush/docs/phase2-ingestion/data/macro/raw/fred/PCEPILFE-20260830T100927Z.json,2026-08-30T10:09:27.940966+00:00,PASS,STALE,0.1.0
L4-002,1988-11-01,56.676,index,FRED,PCEPILFE,/mnt/d/Projects/GoldRush/docs/phase2-ingestion/data/macro/raw/fred/PCEPILFE-20260830T100927Z.json,2026-08-30T10:09:27.940966+00:00,PASS,STALE,0.1.0
L4-002,1988-12-01,56.864,index,FRED,PCEPILFE,/mnt/d/Projects/GoldRush/docs/phase2-ingestion/data/macro/raw/fred/PCEPILFE-20260830T100927Z.json,2026-08-30T10:09:27.940966+00:00,PASS,STALE,0.1.0
L4-002,1989-01-01,57.152,index,FRED,PCEPILFE,/mnt/d/Projects/GoldRush/docs/phase2-ingestion/data/macro/raw/fred/PCEPILFE-20260830T100927Z.json,2026-08-30T10:09:27.940966+00:00,PASS,STALE,0.1.0
L4-002,1989-02-01,57.297,index,FRED,PCEPILFE,/mnt/d/Projects/GoldRush/docs/phase2-ingestion/data/macro/raw/fred/PCEPILFE-20260830T100927Z.json,2026-08-30T10:09:27.940966+00:00,PASS,STALE,0.1.0
L4-002,1989-03-01,57.468,index,FRED,PCEPILFE,/mnt/d/Projects/GoldRush/docs/phase2-ingestion/data/macro/raw/fred/PCEPILFE-20260830T100927Z.json,2026-08-30T10:09:27.940966+00:00,PASS,STALE,0.1.0
L4-002,1989-04-01,57.661,index,FRED,PCEPILFE,/mnt/d/Projects/GoldRush/docs/phase2-ingestion/data/macro/raw/fred/PCEPILFE-20260830T100927Z.json,2026-08-30T10:09:27.940966+00:00,PASS,STALE,0.1.0
L4-002,1989-05-01,57.833,index,FRED,PCEPILFE,/mnt/d/Projects/GoldRush/docs/phase2-ingestion/data/macro/raw/fred/PCEPILFE-20260830T100927Z.json,2026-08-30T10:09:27.940966+00:00,PASS,STALE,0.1.0
L4-002,1989-06-01,57.987,index,FRED,PCEPILFE,/mnt/d/Projects/GoldRush/docs/phase2-ingestion/data/macro/raw/fred/PCEPILFE-20260830T100927Z.json,2026-08-30T10:09:27.940966+00:00,PASS,STALE,0.1.0
L4-002,1989-07-01,58.136,index,FRED,PCEPILFE,/mnt/d/Projects/GoldRush/docs/phase2-ingestion/data/macro/raw/fred/PCEPILFE-20260830T100927Z.json,2026-08-30T10:09:27.940966+00:00,PASS,STALE,0.1.0
L4-002,1989-08-01,58.217,index,FRED,PCEPILFE,/mnt/d/Projects/GoldRush/docs/phase2-ingestion/data/macro/raw/fred/PCEPILFE-20260830T100927Z.json,2026-08-30T10:09:27.940966+00:00,PASS,STALE,0.1.0
L4-002,1989-09-01,58.419,index,FRED,PCEPILFE,/mnt/d/Projects/GoldRush/docs/phase2-ingestion/data/macro/raw/fred/PCEPILFE-20260830T100927Z.json,2026-08-30T10:09:27.940966+00:00,PASS,STALE,0.1.0
L4-002,1989-10-01,58.631,index,FRED,PCEPILFE,/mnt/d/Projects/GoldRush/docs/phase2-ingestion/data/macro/raw/fred/PCEPILFE-20260830T100927Z.json,2026-08-30T10:09:27.940966+00:00,PASS,STALE,0.1.0
L4-002,1989-11-01,58.787,index,FRED,PCEPILFE,/mnt/d/Projects/GoldRush/docs/phase2-ingestion/data/macro/raw/fred/PCEPILFE-20260830T100927Z.json,2026-08-30T10:09:27.940966+00:00,PASS,STALE,0.1.0
L4-002,1989-12-01,58.954,index,FRED,PCEPILFE,/mnt/d/Projects/GoldRush/docs/phase2-ingestion/data/macro/raw/fred/PCEPILFE-20260830T100927Z.json,2026-08-30T10:09:27.940966+00:00,PASS,STALE,0.1.0
L4-002,1990-01-01,59.181,index,FRED,PCEPILFE,/mnt/d/Projects/GoldRush/docs/phase2-ingestion/data/macro/raw/fred/PCEPILFE-20260830T100927Z.json,2026-08-30T10:09:27.940966+00:00,PASS,STALE,0.1.0
L4-002,1990-02-01,59.468,index,FRED,PCEPILFE,/mnt/d/Projects/GoldRush/docs/phase2-ingestion/data/macro/raw/fred/PCEPILFE-20260830T100927Z.json,2026-08-30T10:09:27.940966+00:00,PASS,STALE,0.1.0
L4-002,1990-03-01,59.754,index,FRED,PCEPILFE,/mnt/d/Projects/GoldRush/docs/phase2-ingestion/data/macro/raw/fred/PCEPILFE-20260830T100927Z.json,2026-08-30T10:09:27.940966+00:00,PASS,STALE,0.1.0
L4-002,1990-04-01,59.932,index,FRED,PCEPILFE,/mnt/d/Projects/GoldRush/docs/phase2-ingestion/data/macro/raw/fred/PCEPILFE-20260830T100927Z.json,2026-08-30T10:09:27.940966+00:00,PASS,STALE,0.1.0
L4-002,1990-05-01,60.115,index,FRED,PCEPILFE,/mnt/d/Projects/GoldRush/docs/phase2-ingestion/data/macro/raw/fred/PCEPILFE-20260830T100927Z.json,2026-08-30T10:09:27.940966+00:00,PASS,STALE,0.1.0
L4-002,1990-06-01,60.349,index,FRED,PCEPILFE,/mnt/d/Projects/GoldRush/docs/phase2-ingestion/data/macro/raw/fred/PCEPILFE-20260830T100927Z.json,2026-08-30T10:09:27.940966+00:00,PASS,STALE,0.1.0
L4-002,1990-07-01,60.501,index,FRED,PCEPILFE,/mnt/d/Projects/GoldRush/docs/phase2-ingestion/data/macro/raw/fred/PCEPILFE-20260830T100927Z.json,2026-08-30T10:09:27.940966+00:00,PASS,STALE,0.1.0
L4-002,1990-08-01,60.753,index,FRED,PCEPILFE,/mnt/d/Projects/GoldRush/docs/phase2-ingestion/data/macro/raw/fred/PCEPILFE-20260830T100927Z.json,2026-08-30T10:09:27.940966+00:00,PASS,STALE,0.1.0
L4-002,1990-09-01,60.965,index,FRED,PCEPILFE,/mnt/d/Projects/GoldRush/docs/phase2-ingestion/data/macro/raw/fred/PCEPILFE-20260830T100927Z.json,2026-08-30T10:09:27.940966+00:00,PASS,STALE,0.1.0
L4-002,1990-10-01,61.172,index,FRED,PCEPILFE,/mnt/d/Projects/GoldRush/docs/phase2-ingestion/data/macro/raw/fred/PCEPILFE-20260830T100927Z.json,2026-08-30T10:09:27.940966+00:00,PASS,STALE,0.1.0
L4-002,1990-11-01,61.246,index,FRED,PCEPILFE,/mnt/d/Projects/GoldRush/docs/phase2-ingestion/data/macro/raw/fred/PCEPILFE-20260830T100927Z.json,2026-08-30T10:09:27.940966+00:00,PASS,STALE,0.1.0
L4-002,1990-12-01,61.331,index,FRED,PCEPILFE,/mnt/d/Projects/GoldRush/docs/phase2-ingestion/data/macro/raw/fred/PCEPILFE-20260830T100927Z.json,2026-08-30T10:09:27.940966+00:00,PASS,STALE,0.1.0
L4-002,1991-01-01,61.637,index,FRED,PCEPILFE,/mnt/d/Projects/GoldRush/docs/phase2-ingestion/data/macro/raw/fred/PCEPILFE-20260830T100927Z.json,2026-08-30T10:09:27.940966+00:00,PASS,STALE,0.1.0
L4-002,1991-02-01,61.807,index,FRED,PCEPILFE,/mnt/d/Projects/GoldRush/docs/phase2-ingestion/data/macro/raw/fred/PCEPILFE-20260830T100927Z.json,2026-08-30T10:09:27.940966+00:00,PASS,STALE,0.1.0
L4-002,1991-03-01,61.936,index,FRED,PCEPILFE,/mnt/d/Projects/GoldRush/docs/phase2-ingestion/data/macro/raw/fred/PCEPILFE-20260830T100927Z.json,2026-08-30T10:09:27.940966+00:00,PASS,STALE,0.1.0
L4-002,1991-04-01,62.06,index,FRED,PCEPILFE,/mnt/d/Projects/GoldRush/docs/phase2-ingestion/data/macro/raw/fred/PCEPILFE-20260830T100927Z.json,2026-08-30T10:09:27.940966+00:00,PASS,STALE,0.1.0
L4-002,1991-05-01,62.307,index,FRED,PCEPILFE,/mnt/d/Projects/GoldRush/docs/phase2-ingestion/data/macro/raw/fred/PCEPILFE-20260830T100927Z.json,2026-08-30T10:09:27.940966+00:00,PASS,STALE,0.1.0
L4-002,1991-06-01,62.442,index,FRED,PCEPILFE,/mnt/d/Projects/GoldRush/docs/phase2-ingestion/data/macro/raw/fred/PCEPILFE-20260830T100927Z.json,2026-08-30T10:09:27.940966+00:00,PASS,STALE,0.1.0
L4-002,1991-07-01,62.632,index,FRED,PCEPILFE,/mnt/d/Projects/GoldRush/docs/phase2-ingestion/data/macro/raw/fred/PCEPILFE-20260830T100927Z.json,2026-08-30T10:09:27.940966+00:00,PASS,STALE,0.1.0
L4-002,1991-08-01,62.804,index,FRED,PCEPILFE,/mnt/d/Projects/GoldRush/docs/phase2-ingestion/data/macro/raw/fred/PCEPILFE-20260830T100927Z.json,2026-08-30T10:09:27.940966+00:00,PASS,STALE,0.1.0
L4-002,1991-09-01,63.055,index,FRED,PCEPILFE,/mnt/d/Projects/GoldRush/docs/phase2-ingestion/data/macro/raw/fred/PCEPILFE-20260830T100927Z.json,2026-08-30T10:09:27.940966+00:00,PASS,STALE,0.1.0
L4-002,1991-10-01,63.194,index,FRED,PCEPILFE,/mnt/d/Projects/GoldRush/docs/phase2-ingestion/data/macro/raw/fred/PCEPILFE-20260830T100927Z.json,2026-08-30T10:09:27.940966+00:00,PASS,STALE,0.1.0
L4-002,1991-11-01,63.312,index,FRED,PCEPILFE,/mnt/d/Projects/GoldRush/docs/phase2-ingestion/data/macro/raw/fred/PCEPILFE-20260830T100927Z.json,2026-08-30T10:09:27.940966+00:00,PASS,STALE,0.1.0
L4-002,1991-12-01,63.468,index,FRED,PCEPILFE,/mnt/d/Projects/GoldRush/docs/phase2-ingestion/data/macro/raw/fred/PCEPILFE-20260830T100927Z.json,2026-08-30T10:09:27.940966+00:00,PASS,STALE,0.1.0
L4-002,1992-01-01,63.641,index,FRED,PCEPILFE,/mnt/d/Projects/GoldRush/docs/phase2-ingestion/data/macro/raw/fred/PCEPILFE-20260830T100927Z.json,2026-08-30T10:09:27.940966+00:00,PASS,STALE,0.1.0
L4-002,1992-02-01,63.814,index,FRED,PCEPILFE,/mnt/d/Projects/GoldRush/docs/phase2-ingestion/data/macro/raw/fred/PCEPILFE-20260830T100927Z.json,2026-08-30T10:09:27.940966+00:00,PASS,STALE,0.1.0
L4-002,1992-03-01,63.973,index,FRED,PCEPILFE,/mnt/d/Projects/GoldRush/docs/phase2-ingestion/data/macro/raw/fred/PCEPILFE-20260830T100927Z.json,2026-08-30T10:09:27.940966+00:00,PASS,STALE,0.1.0
L4-002,1992-04-01,64.183,index,FRED,PCEPILFE,/mnt/d/Projects/GoldRush/docs/phase2-ingestion/data/macro/raw/fred/PCEPILFE-20260830T100927Z.json,2026-08-30T10:09:27.940966+00:00,PASS,STALE,0.1.0
L4-002,1992-05-01,64.273,index,FRED,PCEPILFE,/mnt/d/Projects/GoldRush/docs/phase2-ingestion/data/macro/raw/fred/PCEPILFE-20260830T100927Z.json,2026-08-30T10:09:27.940966+00:00,PASS,STALE,0.1.0
L4-002,1992-06-01,64.323,index,FRED,PCEPILFE,/mnt/d/Projects/GoldRush/docs/phase2-ingestion/data/macro/raw/fred/PCEPILFE-20260830T100927Z.json,2026-08-30T10:09:27.940966+00:00,PASS,STALE,0.1.0
L4-002,1992-07-01,64.566,index,FRED,PCEPILFE,/mnt/d/Projects/GoldRush/docs/phase2-ingestion/data/macro/raw/fred/PCEPILFE-20260830T100927Z.json,2026-08-30T10:09:27.940966+00:00,PASS,STALE,0.1.0
L4-002,1992-08-01,64.625,index,FRED,PCEPILFE,/mnt/d/Projects/GoldRush/docs/phase2-ingestion/data/macro/raw/fred/PCEPILFE-20260830T100927Z.json,2026-08-30T10:09:27.940966+00:00,PASS,STALE,0.1.0
L4-002,1992-09-01,64.73,index,FRED,PCEPILFE,/mnt/d/Projects/GoldRush/docs/phase2-ingestion/data/macro/raw/fred/PCEPILFE-20260830T100927Z.json,2026-08-30T10:09:27.940966+00:00,PASS,STALE,0.1.0
L4-002,1992-10-01,64.979,index,FRED,PCEPILFE,/mnt/d/Projects/GoldRush/docs/phase2-ingestion/data/macro/raw/fred/PCEPILFE-20260830T100927Z.json,2026-08-30T10:09:27.940966+00:00,PASS,STALE,0.1.0
L4-002,1992-11-01,65.121,index,FRED,PCEPILFE,/mnt/d/Projects/GoldRush/docs/phase2-ingestion/data/macro/raw/fred/PCEPILFE-20260830T100927Z.json,2026-08-30T10:09:27.940966+00:00,PASS,STALE,0.1.0
L4-002,1992-12-01,65.242,index,FRED,PCEPILFE,/mnt/d/Projects/GoldRush/docs/phase2-ingestion/data/macro/raw/fred/PCEPILFE-20260830T100927Z.json,2026-08-30T10:09:27.940966+00:00,PASS,STALE,0.1.0
L4-002,1993-01-01,65.432,index,FRED,PCEPILFE,/mnt/d/Projects/GoldRush/docs/phase2-ingestion/data/macro/raw/fred/PCEPILFE-20260830T100927Z.json,2026-08-30T10:09:27.940966+00:00,PASS,STALE,0.1.0
L4-002,1993-02-01,65.557,index,FRED,PCEPILFE,/mnt/d/Projects/GoldRush/docs/phase2-ingestion/data/macro/raw/fred/PCEPILFE-20260830T100927Z.json,2026-08-30T10:09:27.940966+00:00,PASS,STALE,0.1.0
L4-002,1993-03-01,65.7,index,FRED,PCEPILFE,/mnt/d/Projects/GoldRush/docs/phase2-ingestion/data/macro/raw/fred/PCEPILFE-20260830T100927Z.json,2026-08-30T10:09:27.940966+00:00,PASS,STALE,0.1.0
L4-002,1993-04-01,65.891,index,FRED,PCEPILFE,/mnt/d/Projects/GoldRush/docs/phase2-ingestion/data/macro/raw/fred/PCEPILFE-20260830T100927Z.json,2026-08-30T10:09:27.940966+00:00,PASS,STALE,0.1.0
L4-002,1993-05-01,66.114,index,FRED,PCEPILFE,/mnt/d/Projects/GoldRush/docs/phase2-ingestion/data/macro/raw/fred/PCEPILFE-20260830T100927Z.json,2026-08-30T10:09:27.940966+00:00,PASS,STALE,0.1.0
L4-002,1993-06-01,66.177,index,FRED,PCEPILFE,/mnt/d/Projects/GoldRush/docs/phase2-ingestion/data/macro/raw/fred/PCEPILFE-20260830T100927Z.json,2026-08-30T10:09:27.940966+00:00,PASS,STALE,0.1.0
L4-002,1993-07-01,66.314,index,FRED,PCEPILFE,/mnt/d/Projects/GoldRush/docs/phase2-ingestion/data/macro/raw/fred/PCEPILFE-20260830T100927Z.json,2026-08-30T10:09:27.940966+00:00,PASS,STALE,0.1.0
L4-002,1993-08-01,66.438,index,FRED,PCEPILFE,/mnt/d/Projects/GoldRush/docs/phase2-ingestion/data/macro/raw/fred/PCEPILFE-20260830T100927Z.json,2026-08-30T10:09:27.940966+00:00,PASS,STALE,0.1.0
L4-002,1993-09-01,66.538,index,FRED,PCEPILFE,/mnt/d/Projects/GoldRush/docs/phase2-ingestion/data/macro/raw/fred/PCEPILFE-20260830T100927Z.json,2026-08-30T10:09:27.940966+00:00,PASS,STALE,0.1.0
L4-002,1993-10-01,66.647,index,FRED,PCEPILFE,/mnt/d/Projects/GoldRush/docs/phase2-ingestion/data/macro/raw/fred/PCEPILFE-20260830T100927Z.json,2026-08-30T10:09:27.940966+00:00,PASS,STALE,0.1.0
L4-002,1993-11-01,66.819,index,FRED,PCEPILFE,/mnt/d/Projects/GoldRush/docs/phase2-ingestion/data/macro/raw/fred/PCEPILFE-20260830T100927Z.json,2026-08-30T10:09:27.940966+00:00,PASS,STALE,0.1.0
L4-002,1993-12-01,66.849,index,FRED,PCEPILFE,/mnt/d/Projects/GoldRush/docs/phase2-ingestion/data/macro/raw/fred/PCEPILFE-20260830T100927Z.json,2026-08-30T10:09:27.940966+00:00,PASS,STALE,0.1.0
L4-002,1994-01-01,66.902,index,FRED,PCEPILFE,/mnt/d/Projects/GoldRush/docs/phase2-ingestion/data/macro/raw/fred/PCEPILFE-20260830T100927Z.json,2026-08-30T10:09:27.940966+00:00,PASS,STALE,0.1.0
L4-002,1994-02-01,67.047,index,FRED,PCEPILFE,/mnt/d/Projects/GoldRush/docs/phase2-ingestion/data/macro/raw/fred/PCEPILFE-20260830T100927Z.json,2026-08-30T10:09:27.940966+00:00,PASS,STALE,0.1.0
L4-002,1994-03-01,67.275,index,FRED,PCEPILFE,/mnt/d/Projects/GoldRush/docs/phase2-ingestion/data/macro/raw/fred/PCEPILFE-20260830T100927Z.json,2026-08-30T10:09:27.940966+00:00,PASS,STALE,0.1.0
L4-002,1994-04-01,67.376,index,FRED,PCEPILFE,/mnt/d/Projects/GoldRush/docs/phase2-ingestion/data/macro/raw/fred/PCEPILFE-20260830T100927Z.json,2026-08-30T10:09:27.940966+00:00,PASS,STALE,0.1.0
L4-002,1994-05-01,67.526,index,FRED,PCEPILFE,/mnt/d/Projects/GoldRush/docs/phase2-ingestion/data/macro/raw/fred/PCEPILFE-20260830T100927Z.json,2026-08-30T10:09:27.940966+00:00,PASS,STALE,0.1.0
L4-002,1994-06-01,67.676,index,FRED,PCEPILFE,/mnt/d/Projects/GoldRush/docs/phase2-ingestion/data/macro/raw/fred/PCEPILFE-20260830T100927Z.json,2026-08-30T10:09:27.940966+00:00,PASS,STALE,0.1.0
L4-002,1994-07-01,67.818,index,FRED,PCEPILFE,/mnt/d/Projects/GoldRush/docs/phase2-ingestion/data/macro/raw/fred/PCEPILFE-20260830T100927Z.json,2026-08-30T10:09:27.940966+00:00,PASS,STALE,0.1.0
L4-002,1994-08-01,67.894,index,FRED,PCEPILFE,/mnt/d/Projects/GoldRush/docs/phase2-ingestion/data/macro/raw/fred/PCEPILFE-20260830T100927Z.json,2026-08-30T10:09:27.940966+00:00,PASS,STALE,0.1.0
L4-002,1994-09-01,67.997,index,FRED,PCEPILFE,/mnt/d/Projects/GoldRush/docs/phase2-ingestion/data/macro/raw/fred/PCEPILFE-20260830T100927Z.json,2026-08-30T10:09:27.940966+00:00,PASS,STALE,0.1.0
L4-002,1994-10-01,68.157,index,FRED,PCEPILFE,/mnt/d/Projects/GoldRush/docs/phase2-ingestion/data/macro/raw/fred/PCEPILFE-20260830T100927Z.json,2026-08-30T10:09:27.940966+00:00,PASS,STALE,0.1.0
L4-002,1994-11-01,68.282,index,FRED,PCEPILFE,/mnt/d/Projects/GoldRush/docs/phase2-ingestion/data/macro/raw/fred/PCEPILFE-20260830T100927Z.json,2026-08-30T10:09:27.940966+00:00,PASS,STALE,0.1.0
L4-002,1994-12-01,68.305,index,FRED,PCEPILFE,/mnt/d/Projects/GoldRush/docs/phase2-ingestion/data/macro/raw/fred/PCEPILFE-20260830T100927Z.json,2026-08-30T10:09:27.940966+00:00,PASS,STALE,0.1.0
L4-002,1995-01-01,68.475,index,FRED,PCEPILFE,/mnt/d/Projects/GoldRush/docs/phase2-ingestion/data/macro/raw/fred/PCEPILFE-20260830T100927Z.json,2026-08-30T10:09:27.940966+00:00,PASS,STALE,0.1.0
L4-002,1995-02-01,68.587,index,FRED,PCEPILFE,/mnt/d/Projects/GoldRush/docs/phase2-ingestion/data/macro/raw/fred/PCEPILFE-20260830T100927Z.json,2026-08-30T10:09:27.940966+00:00,PASS,STALE,0.1.0
L4-002,1995-03-01,68.755,index,FRED,PCEPILFE,/mnt/d/Projects/GoldRush/docs/phase2-ingestion/data/macro/raw/fred/PCEPILFE-20260830T100927Z.json,2026-08-30T10:09:27.940966+00:00,PASS,STALE,0.1.0
L4-002,1995-04-01,68.915,index,FRED,PCEPILFE,/mnt/d/Projects/GoldRush/docs/phase2-ingestion/data/macro/raw/fred/PCEPILFE-20260830T100927Z.json,2026-08-30T10:09:27.940966+00:00,PASS,STALE,0.1.0
L4-002,1995-05-01,69.032,index,FRED,PCEPILFE,/mnt/d/Projects/GoldRush/docs/phase2-ingestion/data/macro/raw/fred/PCEPILFE-20260830T100927Z.json,2026-08-30T10:09:27.940966+00:00,PASS,STALE,0.1.0
L4-002,1995-06-01,69.092,index,FRED,PCEPILFE,/mnt/d/Projects/GoldRush/docs/phase2-ingestion/data/macro/raw/fred/PCEPILFE-20260830T100927Z.json,2026-08-30T10:09:27.940966+00:00,PASS,STALE,0.1.0
L4-002,1995-07-01,69.201,index,FRED,PCEPILFE,/mnt/d/Projects/GoldRush/docs/phase2-ingestion/data/macro/raw/fred/PCEPILFE-20260830T100927Z.json,2026-08-30T10:09:27.940966+00:00,PASS,STALE,0.1.0
L4-002,1995-08-01,69.367,index,FRED,PCEPILFE,/mnt/d/Projects/GoldRush/docs/phase2-ingestion/data/macro/raw/fred/PCEPILFE-20260830T100927Z.json,2026-08-30T10:09:27.940966+00:00,PASS,STALE,0.1.0
L4-002,1995-09-01,69.458,index,FRED,PCEPILFE,/mnt/d/Projects/GoldRush/docs/phase2-ingestion/data/macro/raw/fred/PCEPILFE-20260830T100927Z.json,2026-08-30T10:09:27.940966+00:00,PASS,STALE,0.1.0
L4-002,1995-10-01,69.627,index,FRED,PCEPILFE,/mnt/d/Projects/GoldRush/docs/phase2-ingestion/data/macro/raw/fred/PCEPILFE-20260830T100927Z.json,2026-08-30T10:09:27.940966+00:00,PASS,STALE,0.1.0
L4-002,1995-11-01,69.672,index,FRED,PCEPILFE,/mnt/d/Projects/GoldRush/docs/phase2-ingestion/data/macro/raw/fred/PCEPILFE-20260830T100927Z.json,2026-08-30T10:09:27.940966+00:00,PASS,STALE,0.1.0
L4-002,1995-12-01,69.77,index,FRED,PCEPILFE,/mnt/d/Projects/GoldRush/docs/phase2-ingestion/data/macro/raw/fred/PCEPILFE-20260830T100927Z.json,2026-08-30T10:09:27.940966+00:00,PASS,STALE,0.1.0
L4-002,1996-01-01,69.849,index,FRED,PCEPILFE,/mnt/d/Projects/GoldRush/docs/phase2-ingestion/data/macro/raw/fred/PCEPILFE-20260830T100927Z.json,2026-08-30T10:09:27.940966+00:00,PASS,STALE,0.1.0
L4-002,1996-02-01,69.94,index,FRED,PCEPILFE,/mnt/d/Projects/GoldRush/docs/phase2-ingestion/data/macro/raw/fred/PCEPILFE-20260830T100927Z.json,2026-08-30T10:09:27.940966+00:00,PASS,STALE,0.1.0
L4-002,1996-03-01,70.102,index,FRED,PCEPILFE,/mnt/d/Projects/GoldRush/docs/phase2-ingestion/data/macro/raw/fred/PCEPILFE-20260830T100927Z.json,2026-08-30T10:09:27.940966+00:00,PASS,STALE,0.1.0
L4-002,1996-04-01,70.197,index,FRED,PCEPILFE,/mnt/d/Projects/GoldRush/docs/phase2-ingestion/data/macro/raw/fred/PCEPILFE-20260830T100927Z.json,2026-08-30T10:09:27.940966+00:00,PASS,STALE,0.1.0
L4-002,1996-05-01,70.319,index,FRED,PCEPILFE,/mnt/d/Projects/GoldRush/docs/phase2-ingestion/data/macro/raw/fred/PCEPILFE-20260830T100927Z.json,2026-08-30T10:09:27.940966+00:00,PASS,STALE,0.1.0
L4-002,1996-06-01,70.373,index,FRED,PCEPILFE,/mnt/d/Projects/GoldRush/docs/phase2-ingestion/data/macro/raw/fred/PCEPILFE-20260830T100927Z.json,2026-08-30T10:09:27.940966+00:00,PASS,STALE,0.1.0
L4-002,1996-07-01,70.505,index,FRED,PCEPILFE,/mnt/d/Projects/GoldRush/docs/phase2-ingestion/data/macro/raw/fred/PCEPILFE-20260830T100927Z.json,2026-08-30T10:09:27.940966+00:00,PASS,STALE,0.1.0
L4-002,1996-08-01,70.566,index,FRED,PCEPILFE,/mnt/d/Projects/GoldRush/docs/phase2-ingestion/data/macro/raw/fred/PCEPILFE-20260830T100927Z.json,2026-08-30T10:09:27.940966+00:00,PASS,STALE,0.1.0
L4-002,1996-09-01,70.78,index,FRED,PCEPILFE,/mnt/d/Projects/GoldRush/docs/phase2-ingestion/data/macro/raw/fred/PCEPILFE-20260830T100927Z.json,2026-08-30T10:09:27.940966+00:00,PASS,STALE,0.1.0
L4-002,1996-10-01,70.948,index,FRED,PCEPILFE,/mnt/d/Projects/GoldRush/docs/phase2-ingestion/data/macro/raw/fred/PCEPILFE-20260830T100927Z.json,2026-08-30T10:09:27.940966+00:00,PASS,STALE,0.1.0
L4-002,1996-11-01,71.041,index,FRED,PCEPILFE,/mnt/d/Projects/GoldRush/docs/phase2-ingestion/data/macro/raw/fred/PCEPILFE-20260830T100927Z.json,2026-08-30T10:09:27.940966+00:00,PASS,STALE,0.1.0
L4-002,1996-12-01,71.068,index,FRED,PCEPILFE,/mnt/d/Projects/GoldRush/docs/phase2-ingestion/data/macro/raw/fred/PCEPILFE-20260830T100927Z.json,2026-08-30T10:09:27.940966+00:00,PASS,STALE,0.1.0
L4-002,1997-01-01,71.144,index,FRED,PCEPILFE,/mnt/d/Projects/GoldRush/docs/phase2-ingestion/data/macro/raw/fred/PCEPILFE-20260830T100927Z.json,2026-08-30T10:09:27.940966+00:00,PASS,STALE,0.1.0
L4-002,1997-02-01,71.29,index,FRED,PCEPILFE,/mnt/d/Projects/GoldRush/docs/phase2-ingestion/data/macro/raw/fred/PCEPILFE-20260830T100927Z.json,2026-08-30T10:09:27.940966+00:00,PASS,STALE,0.1.0
L4-002,1997-03-01,71.46,index,FRED,PCEPILFE,/mnt/d/Projects/GoldRush/docs/phase2-ingestion/data/macro/raw/fred/PCEPILFE-20260830T100927Z.json,2026-08-30T10:09:27.940966+00:00,PASS,STALE,0.1.0
L4-002,1997-04-01,71.6,index,FRED,PCEPILFE,/mnt/d/Projects/GoldRush/docs/phase2-ingestion/data/macro/raw/fred/PCEPILFE-20260830T100927Z.json,2026-08-30T10:09:27.940966+00:00,PASS,STALE,0.1.0
L4-002,1997-05-01,71.652,index,FRED,PCEPILFE,/mnt/d/Projects/GoldRush/docs/phase2-ingestion/data/macro/raw/fred/PCEPILFE-20260830T100927Z.json,2026-08-30T10:09:27.940966+00:00,PASS,STALE,0.1.0
L4-002,1997-06-01,71.758,index,FRED,PCEPILFE,/mnt/d/Projects/GoldRush/docs/phase2-ingestion/data/macro/raw/fred/PCEPILFE-20260830T100927Z.json,2026-08-30T10:09:27.940966+00:00,PASS,STALE,0.1.0
L4-002,1997-07-01,71.807,index,FRED,PCEPILFE,/mnt/d/Projects/GoldRush/docs/phase2-ingestion/data/macro/raw/fred/PCEPILFE-20260830T100927Z.json,2026-08-30T10:09:27.940966+00:00,PASS,STALE,0.1.0
L4-002,1997-08-01,71.778,index,FRED,PCEPILFE,/mnt/d/Projects/GoldRush/docs/phase2-ingestion/data/macro/raw/fred/PCEPILFE-20260830T100927Z.json,2026-08-30T10:09:27.940966+00:00,PASS,STALE,0.1.0
L4-002,1997-09-01,71.927,index,FRED,PCEPILFE,/mnt/d/Projects/GoldRush/docs/phase2-ingestion/data/macro/raw/fred/PCEPILFE-20260830T100927Z.json,2026-08-30T10:09:27.940966+00:00,PASS,STALE,0.1.0
L4-002,1997-10-01,72.036,index,FRED,PCEPILFE,/mnt/d/Projects/GoldRush/docs/phase2-ingestion/data/macro/raw/fred/PCEPILFE-20260830T100927Z.json,2026-08-30T10:09:27.940966+00:00,PASS,STALE,0.1.0
L4-002,1997-11-01,72.058,index,FRED,PCEPILFE,/mnt/d/Projects/GoldRush/docs/phase2-ingestion/data/macro/raw/fred/PCEPILFE-20260830T100927Z.json,2026-08-30T10:09:27.940966+00:00,PASS,STALE,0.1.0
L4-002,1997-12-01,72.1,index,FRED,PCEPILFE,/mnt/d/Projects/GoldRush/docs/phase2-ingestion/data/macro/raw/fred/PCEPILFE-20260830T100927Z.json,2026-08-30T10:09:27.940966+00:00,PASS,STALE,0.1.0
L4-002,1998-01-01,72.21,index,FRED,PCEPILFE,/mnt/d/Projects/GoldRush/docs/phase2-ingestion/data/macro/raw/fred/PCEPILFE-20260830T100927Z.json,2026-08-30T10:09:27.940966+00:00,PASS,STALE,0.1.0
L4-002,1998-02-01,72.272,index,FRED,PCEPILFE,/mnt/d/Projects/GoldRush/docs/phase2-ingestion/data/macro/raw/fred/PCEPILFE-20260830T100927Z.json,2026-08-30T10:09:27.940966+00:00,PASS,STALE,0.1.0
L4-002,1998-03-01,72.349,index,FRED,PCEPILFE,/mnt/d/Projects/GoldRush/docs/phase2-ingestion/data/macro/raw/fred/PCEPILFE-20260830T100927Z.json,2026-08-30T10:09:27.940966+00:00,PASS,STALE,0.1.0
L4-002,1998-04-01,72.482,index,FRED,PCEPILFE,/mnt/d/Projects/GoldRush/docs/phase2-ingestion/data/macro/raw/fred/PCEPILFE-20260830T100927Z.json,2026-08-30T10:09:27.940966+00:00,PASS,STALE,0.1.0
L4-002,1998-05-01,72.552,index,FRED,PCEPILFE,/mnt/d/Projects/GoldRush/docs/phase2-ingestion/data/macro/raw/fred/PCEPILFE-20260830T100927Z.json,2026-08-30T10:09:27.940966+00:00,PASS,STALE,0.1.0
L4-002,1998-06-01,72.461,index,FRED,PCEPILFE,/mnt/d/Projects/GoldRush/docs/phase2-ingestion/data/macro/raw/fred/PCEPILFE-20260830T100927Z.json,2026-08-30T10:09:27.940966+00:00,PASS,STALE,0.1.0
L4-002,1998-07-01,72.665,index,FRED,PCEPILFE,/mnt/d/Projects/GoldRush/docs/phase2-ingestion/data/macro/raw/fred/PCEPILFE-20260830T100927Z.json,2026-08-30T10:09:27.940966+00:00,PASS,STALE,0.1.0
L4-002,1998-08-01,72.807,index,FRED,PCEPILFE,/mnt/d/Projects/GoldRush/docs/phase2-ingestion/data/macro/raw/fred/PCEPILFE-20260830T100927Z.json,2026-08-30T10:09:27.940966+00:00,PASS,STALE,0.1.0
L4-002,1998-09-01,72.795,index,FRED,PCEPILFE,/mnt/d/Projects/GoldRush/docs/phase2-ingestion/data/macro/raw/fred/PCEPILFE-20260830T100927Z.json,2026-08-30T10:09:27.940966+00:00,PASS,STALE,0.1.0
L4-002,1998-10-01,72.937,index,FRED,PCEPILFE,/mnt/d/Projects/GoldRush/docs/phase2-ingestion/data/macro/raw/fred/PCEPILFE-20260830T100927Z.json,2026-08-30T10:09:27.940966+00:00,PASS,STALE,0.1.0
L4-002,1998-11-01,72.95,index,FRED,PCEPILFE,/mnt/d/Projects/GoldRush/docs/phase2-ingestion/data/macro/raw/fred/PCEPILFE-20260830T100927Z.json,2026-08-30T10:09:27.940966+00:00,PASS,STALE,0.1.0
L4-002,1998-12-01,73.076,index,FRED,PCEPILFE,/mnt/d/Projects/GoldRush/docs/phase2-ingestion/data/macro/raw/fred/PCEPILFE-20260830T100927Z.json,2026-08-30T10:09:27.940966+00:00,PASS,STALE,0.1.0
L4-002,1999-01-01,73.18,index,FRED,PCEPILFE,/mnt/d/Projects/GoldRush/docs/phase2-ingestion/data/macro/raw/fred/PCEPILFE-20260830T100927Z.json,2026-08-30T10:09:27.940966+00:00,PASS,STALE,0.1.0
L4-002,1999-02-01,73.155,index,FRED,PCEPILFE,/mnt/d/Projects/GoldRush/docs/phase2-ingestion/data/macro/raw/fred/PCEPILFE-20260830T100927Z.json,2026-08-30T10:09:27.940966+00:00,PASS,STALE,0.1.0
L4-002,1999-03-01,73.177,index,FRED,PCEPILFE,/mnt/d/Projects/GoldRush/docs/phase2-ingestion/data/macro/raw/fred/PCEPILFE-20260830T100927Z.json,2026-08-30T10:09:27.940966+00:00,PASS,STALE,0.1.0
L4-002,1999-04-01,73.365,index,FRED,PCEPILFE,/mnt/d/Projects/GoldRush/docs/phase2-ingestion/data/macro/raw/fred/PCEPILFE-20260830T100927Z.json,2026-08-30T10:09:27.940966+00:00,PASS,STALE,0.1.0
L4-002,1999-05-01,73.435,index,FRED,PCEPILFE,/mnt/d/Projects/GoldRush/docs/phase2-ingestion/data/macro/raw/fred/PCEPILFE-20260830T100927Z.json,2026-08-30T10:09:27.940966+00:00,PASS,STALE,0.1.0
L4-002,1999-06-01,73.474,index,FRED,PCEPILFE,/mnt/d/Projects/GoldRush/docs/phase2-ingestion/data/macro/raw/fred/PCEPILFE-20260830T100927Z.json,2026-08-30T10:09:27.940966+00:00,PASS,STALE,0.1.0
L4-002,1999-07-01,73.606,index,FRED,PCEPILFE,/mnt/d/Projects/GoldRush/docs/phase2-ingestion/data/macro/raw/fred/PCEPILFE-20260830T100927Z.json,2026-08-30T10:09:27.940966+00:00,PASS,STALE,0.1.0
L4-002,1999-08-01,73.642,index,FRED,PCEPILFE,/mnt/d/Projects/GoldRush/docs/phase2-ingestion/data/macro/raw/fred/PCEPILFE-20260830T100927Z.json,2026-08-30T10:09:27.940966+00:00,PASS,STALE,0.1.0
L4-002,1999-09-01,73.837,index,FRED,PCEPILFE,/mnt/d/Projects/GoldRush/docs/phase2-ingestion/data/macro/raw/fred/PCEPILFE-20260830T100927Z.json,2026-08-30T10:09:27.940966+00:00,PASS,STALE,0.1.0
L4-002,1999-10-01,73.963,index,FRED,PCEPILFE,/mnt/d/Projects/GoldRush/docs/phase2-ingestion/data/macro/raw/fred/PCEPILFE-20260830T100927Z.json,2026-08-30T10:09:27.940966+00:00,PASS,STALE,0.1.0
L4-002,1999-11-01,74.034,index,FRED,PCEPILFE,/mnt/d/Projects/GoldRush/docs/phase2-ingestion/data/macro/raw/fred/PCEPILFE-20260830T100927Z.json,2026-08-30T10:09:27.940966+00:00,PASS,STALE,0.1.0
L4-002,1999-12-01,74.128,index,FRED,PCEPILFE,/mnt/d/Projects/GoldRush/docs/phase2-ingestion/data/macro/raw/fred/PCEPILFE-20260830T100927Z.json,2026-08-30T10:09:27.940966+00:00,PASS,STALE,0.1.0
L4-002,2000-01-01,74.306,index,FRED,PCEPILFE,/mnt/d/Projects/GoldRush/docs/phase2-ingestion/data/macro/raw/fred/PCEPILFE-20260830T100927Z.json,2026-08-30T10:09:27.940966+00:00,PASS,STALE,0.1.0
L4-002,2000-02-01,74.415,index,FRED,PCEPILFE,/mnt/d/Projects/GoldRush/docs/phase2-ingestion/data/macro/raw/fred/PCEPILFE-20260830T100927Z.json,2026-08-30T10:09:27.940966+00:00,PASS,STALE,0.1.0
L4-002,2000-03-01,74.568,index,FRED,PCEPILFE,/mnt/d/Projects/GoldRush/docs/phase2-ingestion/data/macro/raw/fred/PCEPILFE-20260830T100927Z.json,2026-08-30T10:09:27.940966+00:00,PASS,STALE,0.1.0
L4-002,2000-04-01,74.617,index,FRED,PCEPILFE,/mnt/d/Projects/GoldRush/docs/phase2-ingestion/data/macro/raw/fred/PCEPILFE-20260830T100927Z.json,2026-08-30T10:09:27.940966+00:00,PASS,STALE,0.1.0
L4-002,2000-05-01,74.697,index,FRED,PCEPILFE,/mnt/d/Projects/GoldRush/docs/phase2-ingestion/data/macro/raw/fred/PCEPILFE-20260830T100927Z.json,2026-08-30T10:09:27.940966+00:00,PASS,STALE,0.1.0
L4-002,2000-06-01,74.754,index,FRED,PCEPILFE,/mnt/d/Projects/GoldRush/docs/phase2-ingestion/data/macro/raw/fred/PCEPILFE-20260830T100927Z.json,2026-08-30T10:09:27.940966+00:00,PASS,STALE,0.1.0
L4-002,2000-07-01,74.925,index,FRED,PCEPILFE,/mnt/d/Projects/GoldRush/docs/phase2-ingestion/data/macro/raw/fred/PCEPILFE-20260830T100927Z.json,2026-08-30T10:09:27.940966+00:00,PASS,STALE,0.1.0
L4-002,2000-08-01,75.021,index,FRED,PCEPILFE,/mnt/d/Projects/GoldRush/docs/phase2-ingestion/data/macro/raw/fred/PCEPILFE-20260830T100927Z.json,2026-08-30T10:09:27.940966+00:00,PASS,STALE,0.1.0
L4-002,2000-09-01,75.203,index,FRED,PCEPILFE,/mnt/d/Projects/GoldRush/docs/phase2-ingestion/data/macro/raw/fred/PCEPILFE-20260830T100927Z.json,2026-08-30T10:09:27.940966+00:00,PASS,STALE,0.1.0
L4-002,2000-10-01,75.308,index,FRED,PCEPILFE,/mnt/d/Projects/GoldRush/docs/phase2-ingestion/data/macro/raw/fred/PCEPILFE-20260830T100927Z.json,2026-08-30T10:09:27.940966+00:00,PASS,STALE,0.1.0
L4-002,2000-11-01,75.441,index,FRED,PCEPILFE,/mnt/d/Projects/GoldRush/docs/phase2-ingestion/data/macro/raw/fred/PCEPILFE-20260830T100927Z.json,2026-08-30T10:09:27.940966+00:00,PASS,STALE,0.1.0
L4-002,2000-12-01,75.515,index,FRED,PCEPILFE,/mnt/d/Projects/GoldRush/docs/phase2-ingestion/data/macro/raw/fred/PCEPILFE-20260830T100927Z.json,2026-08-30T10:09:27.940966+00:00,PASS,STALE,0.1.0
L4-002,2001-01-01,75.796,index,FRED,PCEPILFE,/mnt/d/Projects/GoldRush/docs/phase2-ingestion/data/macro/raw/fred/PCEPILFE-20260830T100927Z.json,2026-08-30T10:09:27.940966+00:00,PASS,STALE,0.1.0
L4-002,2001-02-01,75.93,index,FRED,PCEPILFE,/mnt/d/Projects/GoldRush/docs/phase2-ingestion/data/macro/raw/fred/PCEPILFE-20260830T100927Z.json,2026-08-30T10:09:27.940966+00:00,PASS,STALE,0.1.0
L4-002,2001-03-01,76.009,index,FRED,PCEPILFE,/mnt/d/Projects/GoldRush/docs/phase2-ingestion/data/macro/raw/fred/PCEPILFE-20260830T100927Z.json,2026-08-30T10:09:27.940966+00:00,PASS,STALE,0.1.0
L4-002,2001-04-01,76.13,index,FRED,PCEPILFE,/mnt/d/Projects/GoldRush/docs/phase2-ingestion/data/macro/raw/fred/PCEPILFE-20260830T100927Z.json,2026-08-30T10:09:27.940966+00:00,PASS,STALE,0.1.0
L4-002,2001-05-01,76.148,index,FRED,PCEPILFE,/mnt/d/Projects/GoldRush/docs/phase2-ingestion/data/macro/raw/fred/PCEPILFE-20260830T100927Z.json,2026-08-30T10:09:27.940966+00:00,PASS,STALE,0.1.0
L4-002,2001-06-01,76.318,index,FRED,PCEPILFE,/mnt/d/Projects/GoldRush/docs/phase2-ingestion/data/macro/raw/fred/PCEPILFE-20260830T100927Z.json,2026-08-30T10:09:27.940966+00:00,PASS,STALE,0.1.0
L4-002,2001-07-01,76.515,index,FRED,PCEPILFE,/mnt/d/Projects/GoldRush/docs/phase2-ingestion/data/macro/raw/fred/PCEPILFE-20260830T100927Z.json,2026-08-30T10:09:27.940966+00:00,PASS,STALE,0.1.0
L4-002,2001-08-01,76.553,index,FRED,PCEPILFE,/mnt/d/Projects/GoldRush/docs/phase2-ingestion/data/macro/raw/fred/PCEPILFE-20260830T100927Z.json,2026-08-30T10:09:27.940966+00:00,PASS,STALE,0.1.0
L4-002,2001-09-01,76.118,index,FRED,PCEPILFE,/mnt/d/Projects/GoldRush/docs/phase2-ingestion/data/macro/raw/fred/PCEPILFE-20260830T100927Z.json,2026-08-30T10:09:27.940966+00:00,PASS,STALE,0.1.0
L4-002,2001-10-01,76.654,index,FRED,PCEPILFE,/mnt/d/Projects/GoldRush/docs/phase2-ingestion/data/macro/raw/fred/PCEPILFE-20260830T100927Z.json,2026-08-30T10:09:27.940966+00:00,PASS,STALE,0.1.0
L4-002,2001-11-01,76.81,index,FRED,PCEPILFE,/mnt/d/Projects/GoldRush/docs/phase2-ingestion/data/macro/raw/fred/PCEPILFE-20260830T100927Z.json,2026-08-30T10:09:27.940966+00:00,PASS,STALE,0.1.0
L4-002,2001-12-01,76.828,index,FRED,PCEPILFE,/mnt/d/Projects/GoldRush/docs/phase2-ingestion/data/macro/raw/fred/PCEPILFE-20260830T100927Z.json,2026-08-30T10:09:27.940966+00:00,PASS,STALE,0.1.0
L4-002,2002-01-01,76.871,index,FRED,PCEPILFE,/mnt/d/Projects/GoldRush/docs/phase2-ingestion/data/macro/raw/fred/PCEPILFE-20260830T100927Z.json,2026-08-30T10:09:27.940966+00:00,PASS,STALE,0.1.0
L4-002,2002-02-01,77.018,index,FRED,PCEPILFE,/mnt/d/Projects/GoldRush/docs/phase2-ingestion/data/macro/raw/fred/PCEPILFE-20260830T100927Z.json,2026-08-30T10:09:27.940966+00:00,PASS,STALE,0.1.0
L4-002,2002-03-01,77.11,index,FRED,PCEPILFE,/mnt/d/Projects/GoldRush/docs/phase2-ingestion/data/macro/raw/fred/PCEPILFE-20260830T100927Z.json,2026-08-30T10:09:27.940966+00:00,PASS,STALE,0.1.0
L4-002,2002-04-01,77.325,index,FRED,PCEPILFE,/mnt/d/Projects/GoldRush/docs/phase2-ingestion/data/macro/raw/fred/PCEPILFE-20260830T100927Z.json,2026-08-30T10:09:27.940966+00:00,PASS,STALE,0.1.0
L4-002,2002-05-01,77.411,index,FRED,PCEPILFE,/mnt/d/Projects/GoldRush/docs/phase2-ingestion/data/macro/raw/fred/PCEPILFE-20260830T100927Z.json,2026-08-30T10:09:27.940966+00:00,PASS,STALE,0.1.0
L4-002,2002-06-01,77.534,index,FRED,PCEPILFE,/mnt/d/Projects/GoldRush/docs/phase2-ingestion/data/macro/raw/fred/PCEPILFE-20260830T100927Z.json,2026-08-30T10:09:27.940966+00:00,PASS,STALE,0.1.0
L4-002,2002-07-01,77.692,index,FRED,PCEPILFE,/mnt/d/Projects/GoldRush/docs/phase2-ingestion/data/macro/raw/fred/PCEPILFE-20260830T100927Z.json,2026-08-30T10:09:27.940966+00:00,PASS,STALE,0.1.0
L4-002,2002-08-01,77.845,index,FRED,PCEPILFE,/mnt/d/Projects/GoldRush/docs/phase2-ingestion/data/macro/raw/fred/PCEPILFE-20260830T100927Z.json,2026-08-30T10:09:27.940966+00:00,PASS,STALE,0.1.0
L4-002,2002-09-01,77.972,index,FRED,PCEPILFE,/mnt/d/Projects/GoldRush/docs/phase2-ingestion/data/macro/raw/fred/PCEPILFE-20260830T100927Z.json,2026-08-30T10:09:27.940966+00:00,PASS,STALE,0.1.0
L4-002,2002-10-01,78.038,index,FRED,PCEPILFE,/mnt/d/Projects/GoldRush/docs/phase2-ingestion/data/macro/raw/fred/PCEPILFE-20260830T100927Z.json,2026-08-30T10:09:27.940966+00:00,PASS,STALE,0.1.0
L4-002,2002-11-01,78.114,index,FRED,PCEPILFE,/mnt/d/Projects/GoldRush/docs/phase2-ingestion/data/macro/raw/fred/PCEPILFE-20260830T100927Z.json,2026-08-30T10:09:27.940966+00:00,PASS,STALE,0.1.0
L4-002,2002-12-01,78.187,index,FRED,PCEPILFE,/mnt/d/Projects/GoldRush/docs/phase2-ingestion/data/macro/raw/fred/PCEPILFE-20260830T100927Z.json,2026-08-30T10:09:27.940966+00:00,PASS,STALE,0.1.0
L4-002,2003-01-01,78.24,index,FRED,PCEPILFE,/mnt/d/Projects/GoldRush/docs/phase2-ingestion/data/macro/raw/fred/PCEPILFE-20260830T100927Z.json,2026-08-30T10:09:27.940966+00:00,PASS,STALE,0.1.0
L4-002,2003-02-01,78.348,index,FRED,PCEPILFE,/mnt/d/Projects/GoldRush/docs/phase2-ingestion/data/macro/raw/fred/PCEPILFE-20260830T100927Z.json,2026-08-30T10:09:27.940966+00:00,PASS,STALE,0.1.0
L4-002,2003-03-01,78.474,index,FRED,PCEPILFE,/mnt/d/Projects/GoldRush/docs/phase2-ingestion/data/macro/raw/fred/PCEPILFE-20260830T100927Z.json,2026-08-30T10:09:27.940966+00:00,PASS,STALE,0.1.0
L4-002,2003-04-01,78.561,index,FRED,PCEPILFE,/mnt/d/Projects/GoldRush/docs/phase2-ingestion/data/macro/raw/fred/PCEPILFE-20260830T100927Z.json,2026-08-30T10:09:27.940966+00:00,PASS,STALE,0.1.0
L4-002,2003-05-01,78.674,index,FRED,PCEPILFE,/mnt/d/Projects/GoldRush/docs/phase2-ingestion/data/macro/raw/fred/PCEPILFE-20260830T100927Z.json,2026-08-30T10:09:27.940966+00:00,PASS,STALE,0.1.0
L4-002,2003-06-01,78.718,index,FRED,PCEPILFE,/mnt/d/Projects/GoldRush/docs/phase2-ingestion/data/macro/raw/fred/PCEPILFE-20260830T100927Z.json,2026-08-30T10:09:27.940966+00:00,PASS,STALE,0.1.0
L4-002,2003-07-01,78.915,index,FRED,PCEPILFE,/mnt/d/Projects/GoldRush/docs/phase2-ingestion/data/macro/raw/fred/PCEPILFE-20260830T100927Z.json,2026-08-30T10:09:27.940966+00:00,PASS,STALE,0.1.0
L4-002,2003-08-01,79.004,index,FRED,PCEPILFE,/mnt/d/Projects/GoldRush/docs/phase2-ingestion/data/macro/raw/fred/PCEPILFE-20260830T100927Z.json,2026-08-30T10:09:27.940966+00:00,PASS,STALE,0.1.0
L4-002,2003-09-01,79.114,index,FRED,PCEPILFE,/mnt/d/Projects/GoldRush/docs/phase2-ingestion/data/macro/raw/fred/PCEPILFE-20260830T100927Z.json,2026-08-30T10:09:27.940966+00:00,PASS,STALE,0.1.0
L4-002,2003-10-01,79.26,index,FRED,PCEPILFE,/mnt/d/Projects/GoldRush/docs/phase2-ingestion/data/macro/raw/fred/PCEPILFE-20260830T100927Z.json,2026-08-30T10:09:27.940966+00:00,PASS,STALE,0.1.0
L4-002,2003-11-01,79.368,index,FRED,PCEPILFE,/mnt/d/Projects/GoldRush/docs/phase2-ingestion/data/macro/raw/fred/PCEPILFE-20260830T100927Z.json,2026-08-30T10:09:27.940966+00:00,PASS,STALE,0.1.0
L4-002,2003-12-01,79.467,index,FRED,PCEPILFE,/mnt/d/Projects/GoldRush/docs/phase2-ingestion/data/macro/raw/fred/PCEPILFE-20260830T100927Z.json,2026-08-30T10:09:27.940966+00:00,PASS,STALE,0.1.0
L4-002,2004-01-01,79.671,index,FRED,PCEPILFE,/mnt/d/Projects/GoldRush/docs/phase2-ingestion/data/macro/raw/fred/PCEPILFE-20260830T100927Z.json,2026-08-30T10:09:27.940966+00:00,PASS,STALE,0.1.0
L4-002,2004-02-01,79.8,index,FRED,PCEPILFE,/mnt/d/Projects/GoldRush/docs/phase2-ingestion/data/macro/raw/fred/PCEPILFE-20260830T100927Z.json,2026-08-30T10:09:27.940966+00:00,PASS,STALE,0.1.0
L4-002,2004-03-01,79.934,index,FRED,PCEPILFE,/mnt/d/Projects/GoldRush/docs/phase2-ingestion/data/macro/raw/fred/PCEPILFE-20260830T100927Z.json,2026-08-30T10:09:27.940966+00:00,PASS,STALE,0.1.0
L4-002,2004-04-01,80.142,index,FRED,PCEPILFE,/mnt/d/Projects/GoldRush/docs/phase2-ingestion/data/macro/raw/fred/PCEPILFE-20260830T100927Z.json,2026-08-30T10:09:27.940966+00:00,PASS,STALE,0.1.0
L4-002,2004-05-01,80.252,index,FRED,PCEPILFE,/mnt/d/Projects/GoldRush/docs/phase2-ingestion/data/macro/raw/fred/PCEPILFE-20260830T100927Z.json,2026-08-30T10:09:27.940966+00:00,PASS,STALE,0.1.0
L4-002,2004-06-01,80.379,index,FRED,PCEPILFE,/mnt/d/Projects/GoldRush/docs/phase2-ingestion/data/macro/raw/fred/PCEPILFE-20260830T100927Z.json,2026-08-30T10:09:27.940966+00:00,PASS,STALE,0.1.0
L4-002,2004-07-01,80.474,index,FRED,PCEPILFE,/mnt/d/Projects/GoldRush/docs/phase2-ingestion/data/macro/raw/fred/PCEPILFE-20260830T100927Z.json,2026-08-30T10:09:27.940966+00:00,PASS,STALE,0.1.0
L4-002,2004-08-01,80.505,index,FRED,PCEPILFE,/mnt/d/Projects/GoldRush/docs/phase2-ingestion/data/macro/raw/fred/PCEPILFE-20260830T100927Z.json,2026-08-30T10:09:27.940966+00:00,PASS,STALE,0.1.0
L4-002,2004-09-01,80.656,index,FRED,PCEPILFE,/mnt/d/Projects/GoldRush/docs/phase2-ingestion/data/macro/raw/fred/PCEPILFE-20260830T100927Z.json,2026-08-30T10:09:27.940966+00:00,PASS,STALE,0.1.0
L4-002,2004-10-01,80.831,index,FRED,PCEPILFE,/mnt/d/Projects/GoldRush/docs/phase2-ingestion/data/macro/raw/fred/PCEPILFE-20260830T100927Z.json,2026-08-30T10:09:27.940966+00:00,PASS,STALE,0.1.0
L4-002,2004-11-01,81.005,index,FRED,PCEPILFE,/mnt/d/Projects/GoldRush/docs/phase2-ingestion/data/macro/raw/fred/PCEPILFE-20260830T100927Z.json,2026-08-30T10:09:27.940966+00:00,PASS,STALE,0.1.0
L4-002,2004-12-01,81.109,index,FRED,PCEPILFE,/mnt/d/Projects/GoldRush/docs/phase2-ingestion/data/macro/raw/fred/PCEPILFE-20260830T100927Z.json,2026-08-30T10:09:27.940966+00:00,PASS,STALE,0.1.0
L4-002,2005-01-01,81.401,index,FRED,PCEPILFE,/mnt/d/Projects/GoldRush/docs/phase2-ingestion/data/macro/raw/fred/PCEPILFE-20260830T100927Z.json,2026-08-30T10:09:27.940966+00:00,PASS,STALE,0.1.0
L4-002,2005-02-01,81.536,index,FRED,PCEPILFE,/mnt/d/Projects/GoldRush/docs/phase2-ingestion/data/macro/raw/fred/PCEPILFE-20260830T100927Z.json,2026-08-30T10:09:27.940966+00:00,PASS,STALE,0.1.0
L4-002,2005-03-01,81.737,index,FRED,PCEPILFE,/mnt/d/Projects/GoldRush/docs/phase2-ingestion/data/macro/raw/fred/PCEPILFE-20260830T100927Z.json,2026-08-30T10:09:27.940966+00:00,PASS,STALE,0.1.0
L4-002,2005-04-01,81.831,index,FRED,PCEPILFE,/mnt/d/Projects/GoldRush/docs/phase2-ingestion/data/macro/raw/fred/PCEPILFE-20260830T100927Z.json,2026-08-30T10:09:27.940966+00:00,PASS,STALE,0.1.0
L4-002,2005-05-01,81.999,index,FRED,PCEPILFE,/mnt/d/Projects/GoldRush/docs/phase2-ingestion/data/macro/raw/fred/PCEPILFE-20260830T100927Z.json,2026-08-30T10:09:27.940966+00:00,PASS,STALE,0.1.0
L4-002,2005-06-01,82.056,index,FRED,PCEPILFE,/mnt/d/Projects/GoldRush/docs/phase2-ingestion/data/macro/raw/fred/PCEPILFE-20260830T100927Z.json,2026-08-30T10:09:27.940966+00:00,PASS,STALE,0.1.0
L4-002,2005-07-01,82.176,index,FRED,PCEPILFE,/mnt/d/Projects/GoldRush/docs/phase2-ingestion/data/macro/raw/fred/PCEPILFE-20260830T100927Z.json,2026-08-30T10:09:27.940966+00:00,PASS,STALE,0.1.0
L4-002,2005-08-01,82.243,index,FRED,PCEPILFE,/mnt/d/Projects/GoldRush/docs/phase2-ingestion/data/macro/raw/fred/PCEPILFE-20260830T100927Z.json,2026-08-30T10:09:27.940966+00:00,PASS,STALE,0.1.0
L4-002,2005-09-01,82.425,index,FRED,PCEPILFE,/mnt/d/Projects/GoldRush/docs/phase2-ingestion/data/macro/raw/fred/PCEPILFE-20260830T100927Z.json,2026-08-30T10:09:27.940966+00:00,PASS,STALE,0.1.0
L4-002,2005-10-01,82.662,index,FRED,PCEPILFE,/mnt/d/Projects/GoldRush/docs/phase2-ingestion/data/macro/raw/fred/PCEPILFE-20260830T100927Z.json,2026-08-30T10:09:27.940966+00:00,PASS,STALE,0.1.0
L4-002,2005-11-01,82.873,index,FRED,PCEPILFE,/mnt/d/Projects/GoldRush/docs/phase2-ingestion/data/macro/raw/fred/PCEPILFE-20260830T100927Z.json,2026-08-30T10:09:27.940966+00:00,PASS,STALE,0.1.0
L4-002,2005-12-01,82.959,index,FRED,PCEPILFE,/mnt/d/Projects/GoldRush/docs/phase2-ingestion/data/macro/raw/fred/PCEPILFE-20260830T100927Z.json,2026-08-30T10:09:27.940966+00:00,PASS,STALE,0.1.0
L4-002,2006-01-01,83.145,index,FRED,PCEPILFE,/mnt/d/Projects/GoldRush/docs/phase2-ingestion/data/macro/raw/fred/PCEPILFE-20260830T100927Z.json,2026-08-30T10:09:27.940966+00:00,PASS,STALE,0.1.0
L4-002,2006-02-01,83.279,index,FRED,PCEPILFE,/mnt/d/Projects/GoldRush/docs/phase2-ingestion/data/macro/raw/fred/PCEPILFE-20260830T100927Z.json,2026-08-30T10:09:27.940966+00:00,PASS,STALE,0.1.0
L4-002,2006-03-01,83.509,index,FRED,PCEPILFE,/mnt/d/Projects/GoldRush/docs/phase2-ingestion/data/macro/raw/fred/PCEPILFE-20260830T100927Z.json,2026-08-30T10:09:27.940966+00:00,PASS,STALE,0.1.0
L4-002,2006-04-01,83.764,index,FRED,PCEPILFE,/mnt/d/Projects/GoldRush/docs/phase2-ingestion/data/macro/raw/fred/PCEPILFE-20260830T100927Z.json,2026-08-30T10:09:27.940966+00:00,PASS,STALE,0.1.0
L4-002,2006-05-01,83.974,index,FRED,PCEPILFE,/mnt/d/Projects/GoldRush/docs/phase2-ingestion/data/macro/raw/fred/PCEPILFE-20260830T100927Z.json,2026-08-30T10:09:27.940966+00:00,PASS,STALE,0.1.0
L4-002,2006-06-01,84.186,index,FRED,PCEPILFE,/mnt/d/Projects/GoldRush/docs/phase2-ingestion/data/macro/raw/fred/PCEPILFE-20260830T100927Z.json,2026-08-30T10:09:27.940966+00:00,PASS,STALE,0.1.0
L4-002,2006-07-01,84.268,index,FRED,PCEPILFE,/mnt/d/Projects/GoldRush/docs/phase2-ingestion/data/macro/raw/fred/PCEPILFE-20260830T100927Z.json,2026-08-30T10:09:27.940966+00:00,PASS,STALE,0.1.0
L4-002,2006-08-01,84.44,index,FRED,PCEPILFE,/mnt/d/Projects/GoldRush/docs/phase2-ingestion/data/macro/raw/fred/PCEPILFE-20260830T100927Z.json,2026-08-30T10:09:27.940966+00:00,PASS,STALE,0.1.0
L4-002,2006-09-01,84.573,index,FRED,PCEPILFE,/mnt/d/Projects/GoldRush/docs/phase2-ingestion/data/macro/raw/fred/PCEPILFE-20260830T100927Z.json,2026-08-30T10:09:27.940966+00:00,PASS,STALE,0.1.0
L4-002,2006-10-01,84.726,index,FRED,PCEPILFE,/mnt/d/Projects/GoldRush/docs/phase2-ingestion/data/macro/raw/fred/PCEPILFE-20260830T100927Z.json,2026-08-30T10:09:27.940966+00:00,PASS,STALE,0.1.0
L4-002,2006-11-01,84.766,index,FRED,PCEPILFE,/mnt/d/Projects/GoldRush/docs/phase2-ingestion/data/macro/raw/fred/PCEPILFE-20260830T100927Z.json,2026-08-30T10:09:27.940966+00:00,PASS,STALE,0.1.0
L4-002,2006-12-01,84.88,index,FRED,PCEPILFE,/mnt/d/Projects/GoldRush/docs/phase2-ingestion/data/macro/raw/fred/PCEPILFE-20260830T100927Z.json,2026-08-30T10:09:27.940966+00:00,PASS,STALE,0.1.0
L4-002,2007-01-01,85.224,index,FRED,PCEPILFE,/mnt/d/Projects/GoldRush/docs/phase2-ingestion/data/macro/raw/fred/PCEPILFE-20260830T100927Z.json,2026-08-30T10:09:27.940966+00:00,PASS,STALE,0.1.0
L4-002,2007-02-01,85.408,index,FRED,PCEPILFE,/mnt/d/Projects/GoldRush/docs/phase2-ingestion/data/macro/raw/fred/PCEPILFE-20260830T100927Z.json,2026-08-30T10:09:27.940966+00:00,PASS,STALE,0.1.0
L4-002,2007-03-01,85.494,index,FRED,PCEPILFE,/mnt/d/Projects/GoldRush/docs/phase2-ingestion/data/macro/raw/fred/PCEPILFE-20260830T100927Z.json,2026-08-30T10:09:27.940966+00:00,PASS,STALE,0.1.0
L4-002,2007-04-01,85.616,index,FRED,PCEPILFE,/mnt/d/Projects/GoldRush/docs/phase2-ingestion/data/macro/raw/fred/PCEPILFE-20260830T100927Z.json,2026-08-30T10:09:27.940966+00:00,PASS,STALE,0.1.0
L4-002,2007-05-01,85.717,index,FRED,PCEPILFE,/mnt/d/Projects/GoldRush/docs/phase2-ingestion/data/macro/raw/fred/PCEPILFE-20260830T100927Z.json,2026-08-30T10:09:27.940966+00:00,PASS,STALE,0.1.0
L4-002,2007-06-01,85.859,index,FRED,PCEPILFE,/mnt/d/Projects/GoldRush/docs/phase2-ingestion/data/macro/raw/fred/PCEPILFE-20260830T100927Z.json,2026-08-30T10:09:27.940966+00:00,PASS,STALE,0.1.0
L4-002,2007-07-01,85.988,index,FRED,PCEPILFE,/mnt/d/Projects/GoldRush/docs/phase2-ingestion/data/macro/raw/fred/PCEPILFE-20260830T100927Z.json,2026-08-30T10:09:27.940966+00:00,PASS,STALE,0.1.0
L4-002,2007-08-01,86.116,index,FRED,PCEPILFE,/mnt/d/Projects/GoldRush/docs/phase2-ingestion/data/macro/raw/fred/PCEPILFE-20260830T100927Z.json,2026-08-30T10:09:27.940966+00:00,PASS,STALE,0.1.0
L4-002,2007-09-01,86.351,index,FRED,PCEPILFE,/mnt/d/Projects/GoldRush/docs/phase2-ingestion/data/macro/raw/fred/PCEPILFE-20260830T100927Z.json,2026-08-30T10:09:27.940966+00:00,PASS,STALE,0.1.0
L4-002,2007-10-01,86.576,index,FRED,PCEPILFE,/mnt/d/Projects/GoldRush/docs/phase2-ingestion/data/macro/raw/fred/PCEPILFE-20260830T100927Z.json,2026-08-30T10:09:27.940966+00:00,PASS,STALE,0.1.0
L4-002,2007-11-01,86.746,index,FRED,PCEPILFE,/mnt/d/Projects/GoldRush/docs/phase2-ingestion/data/macro/raw/fred/PCEPILFE-20260830T100927Z.json,2026-08-30T10:09:27.940966+00:00,PASS,STALE,0.1.0
L4-002,2007-12-01,86.92,index,FRED,PCEPILFE,/mnt/d/Projects/GoldRush/docs/phase2-ingestion/data/macro/raw/fred/PCEPILFE-20260830T100927Z.json,2026-08-30T10:09:27.940966+00:00,PASS,STALE,0.1.0
L4-002,2008-01-01,87.093,index,FRED,PCEPILFE,/mnt/d/Projects/GoldRush/docs/phase2-ingestion/data/macro/raw/fred/PCEPILFE-20260830T100927Z.json,2026-08-30T10:09:27.940966+00:00,PASS,STALE,0.1.0
L4-002,2008-02-01,87.178,index,FRED,PCEPILFE,/mnt/d/Projects/GoldRush/docs/phase2-ingestion/data/macro/raw/fred/PCEPILFE-20260830T100927Z.json,2026-08-30T10:09:27.940966+00:00,PASS,STALE,0.1.0
L4-002,2008-03-01,87.349,index,FRED,PCEPILFE,/mnt/d/Projects/GoldRush/docs/phase2-ingestion/data/macro/raw/fred/PCEPILFE-20260830T100927Z.json,2026-08-30T10:09:27.940966+00:00,PASS,STALE,0.1.0
L4-002,2008-04-01,87.4,index,FRED,PCEPILFE,/mnt/d/Projects/GoldRush/docs/phase2-ingestion/data/macro/raw/fred/PCEPILFE-20260830T100927Z.json,2026-08-30T10:09:27.940966+00:00,PASS,STALE,0.1.0
L4-002,2008-05-01,87.559,index,FRED,PCEPILFE,/mnt/d/Projects/GoldRush/docs/phase2-ingestion/data/macro/raw/fred/PCEPILFE-20260830T100927Z.json,2026-08-30T10:09:27.940966+00:00,PASS,STALE,0.1.0
L4-002,2008-06-01,87.76,index,FRED,PCEPILFE,/mnt/d/Projects/GoldRush/docs/phase2-ingestion/data/macro/raw/fred/PCEPILFE-20260830T100927Z.json,2026-08-30T10:09:27.940966+00:00,PASS,STALE,0.1.0
L4-002,2008-07-01,87.918,index,FRED,PCEPILFE,/mnt/d/Projects/GoldRush/docs/phase2-ingestion/data/macro/raw/fred/PCEPILFE-20260830T100927Z.json,2026-08-30T10:09:27.940966+00:00,PASS,STALE,0.1.0
L4-002,2008-08-01,88.026,index,FRED,PCEPILFE,/mnt/d/Projects/GoldRush/docs/phase2-ingestion/data/macro/raw/fred/PCEPILFE-20260830T100927Z.json,2026-08-30T10:09:27.940966+00:00,PASS,STALE,0.1.0
L4-002,2008-09-01,88.116,index,FRED,PCEPILFE,/mnt/d/Projects/GoldRush/docs/phase2-ingestion/data/macro/raw/fred/PCEPILFE-20260830T100927Z.json,2026-08-30T10:09:27.940966+00:00,PASS,STALE,0.1.0
L4-002,2008-10-01,87.991,index,FRED,PCEPILFE,/mnt/d/Projects/GoldRush/docs/phase2-ingestion/data/macro/raw/fred/PCEPILFE-20260830T100927Z.json,2026-08-30T10:09:27.940966+00:00,PASS,STALE,0.1.0
L4-002,2008-11-01,87.952,index,FRED,PCEPILFE,/mnt/d/Projects/GoldRush/docs/phase2-ingestion/data/macro/raw/fred/PCEPILFE-20260830T100927Z.json,2026-08-30T10:09:27.940966+00:00,PASS,STALE,0.1.0
L4-002,2008-12-01,87.909,index,FRED,PCEPILFE,/mnt/d/Projects/GoldRush/docs/phase2-ingestion/data/macro/raw/fred/PCEPILFE-20260830T100927Z.json,2026-08-30T10:09:27.940966+00:00,PASS,STALE,0.1.0
L4-002,2009-01-01,87.882,index,FRED,PCEPILFE,/mnt/d/Projects/GoldRush/docs/phase2-ingestion/data/macro/raw/fred/PCEPILFE-20260830T100927Z.json,2026-08-30T10:09:27.940966+00:00,PASS,STALE,0.1.0
L4-002,2009-02-01,87.952,index,FRED,PCEPILFE,/mnt/d/Projects/GoldRush/docs/phase2-ingestion/data/macro/raw/fred/PCEPILFE-20260830T100927Z.json,2026-08-30T10:09:27.940966+00:00,PASS,STALE,0.1.0
L4-002,2009-03-01,88.015,index,FRED,PCEPILFE,/mnt/d/Projects/GoldRush/docs/phase2-ingestion/data/macro/raw/fred/PCEPILFE-20260830T100927Z.json,2026-08-30T10:09:27.940966+00:00,PASS,STALE,0.1.0
L4-002,2009-04-01,88.211,index,FRED,PCEPILFE,/mnt/d/Projects/GoldRush/docs/phase2-ingestion/data/macro/raw/fred/PCEPILFE-20260830T100927Z.json,2026-08-30T10:09:27.940966+00:00,PASS,STALE,0.1.0
L4-002,2009-05-01,88.279,index,FRED,PCEPILFE,/mnt/d/Projects/GoldRush/docs/phase2-ingestion/data/macro/raw/fred/PCEPILFE-20260830T100927Z.json,2026-08-30T10:09:27.940966+00:00,PASS,STALE,0.1.0
L4-002,2009-06-01,88.392,index,FRED,PCEPILFE,/mnt/d/Projects/GoldRush/docs/phase2-ingestion/data/macro/raw/fred/PCEPILFE-20260830T100927Z.json,2026-08-30T10:09:27.940966+00:00,PASS,STALE,0.1.0
L4-002,2009-07-01,88.468,index,FRED,PCEPILFE,/mnt/d/Projects/GoldRush/docs/phase2-ingestion/data/macro/raw/fred/PCEPILFE-20260830T100927Z.json,2026-08-30T10:09:27.940966+00:00,PASS,STALE,0.1.0
L4-002,2009-08-01,88.599,index,FRED,PCEPILFE,/mnt/d/Projects/GoldRush/docs/phase2-ingestion/data/macro/raw/fred/PCEPILFE-20260830T100927Z.json,2026-08-30T10:09:27.940966+00:00,PASS,STALE,0.1.0
L4-002,2009-09-01,88.755,index,FRED,PCEPILFE,/mnt/d/Projects/GoldRush/docs/phase2-ingestion/data/macro/raw/fred/PCEPILFE-20260830T100927Z.json,2026-08-30T10:09:27.940966+00:00,PASS,STALE,0.1.0
L4-002,2009-10-01,89.082,index,FRED,PCEPILFE,/mnt/d/Projects/GoldRush/docs/phase2-ingestion/data/macro/raw/fred/PCEPILFE-20260830T100927Z.json,2026-08-30T10:09:27.940966+00:00,PASS,STALE,0.1.0
L4-002,2009-11-01,89.16,index,FRED,PCEPILFE,/mnt/d/Projects/GoldRush/docs/phase2-ingestion/data/macro/raw/fred/PCEPILFE-20260830T100927Z.json,2026-08-30T10:09:27.940966+00:00,PASS,STALE,0.1.0
L4-002,2009-12-01,89.236,index,FRED,PCEPILFE,/mnt/d/Projects/GoldRush/docs/phase2-ingestion/data/macro/raw/fred/PCEPILFE-20260830T100927Z.json,2026-08-30T10:09:27.940966+00:00,PASS,STALE,0.1.0
L4-002,2010-01-01,89.368,index,FRED,PCEPILFE,/mnt/d/Projects/GoldRush/docs/phase2-ingestion/data/macro/raw/fred/PCEPILFE-20260830T100927Z.json,2026-08-30T10:09:27.940966+00:00,PASS,STALE,0.1.0
L4-002,2010-02-01,89.446,index,FRED,PCEPILFE,/mnt/d/Projects/GoldRush/docs/phase2-ingestion/data/macro/raw/fred/PCEPILFE-20260830T100927Z.json,2026-08-30T10:09:27.940966+00:00,PASS,STALE,0.1.0
L4-002,2010-03-01,89.579,index,FRED,PCEPILFE,/mnt/d/Projects/GoldRush/docs/phase2-ingestion/data/macro/raw/fred/PCEPILFE-20260830T100927Z.json,2026-08-30T10:09:27.940966+00:00,PASS,STALE,0.1.0
L4-002,2010-04-01,89.625,index,FRED,PCEPILFE,/mnt/d/Projects/GoldRush/docs/phase2-ingestion/data/macro/raw/fred/PCEPILFE-20260830T100927Z.json,2026-08-30T10:09:27.940966+00:00,PASS,STALE,0.1.0
L4-002,2010-05-01,89.724,index,FRED,PCEPILFE,/mnt/d/Projects/GoldRush/docs/phase2-ingestion/data/macro/raw/fred/PCEPILFE-20260830T100927Z.json,2026-08-30T10:09:27.940966+00:00,PASS,STALE,0.1.0
L4-002,2010-06-01,89.767,index,FRED,PCEPILFE,/mnt/d/Projects/GoldRush/docs/phase2-ingestion/data/macro/raw/fred/PCEPILFE-20260830T100927Z.json,2026-08-30T10:09:27.940966+00:00,PASS,STALE,0.1.0
L4-002,2010-07-01,89.769,index,FRED,PCEPILFE,/mnt/d/Projects/GoldRush/docs/phase2-ingestion/data/macro/raw/fred/PCEPILFE-20260830T100927Z.json,2026-08-30T10:09:27.940966+00:00,PASS,STALE,0.1.0
L4-002,2010-08-01,89.855,index,FRED,PCEPILFE,/mnt/d/Projects/GoldRush/docs/phase2-ingestion/data/macro/raw/fred/PCEPILFE-20260830T100927Z.json,2026-08-30T10:09:27.940966+00:00,PASS,STALE,0.1.0
L4-002,2010-09-01,89.906,index,FRED,PCEPILFE,/mnt/d/Projects/GoldRush/docs/phase2-ingestion/data/macro/raw/fred/PCEPILFE-20260830T100927Z.json,2026-08-30T10:09:27.940966+00:00,PASS,STALE,0.1.0
L4-002,2010-10-01,90.043,index,FRED,PCEPILFE,/mnt/d/Projects/GoldRush/docs/phase2-ingestion/data/macro/raw/fred/PCEPILFE-20260830T100927Z.json,2026-08-30T10:09:27.940966+00:00,PASS,STALE,0.1.0
L4-002,2010-11-01,90.16,index,FRED,PCEPILFE,/mnt/d/Projects/GoldRush/docs/phase2-ingestion/data/macro/raw/fred/PCEPILFE-20260830T100927Z.json,2026-08-30T10:09:27.940966+00:00,PASS,STALE,0.1.0
L4-002,2010-12-01,90.179,index,FRED,PCEPILFE,/mnt/d/Projects/GoldRush/docs/phase2-ingestion/data/macro/raw/fred/PCEPILFE-20260830T100927Z.json,2026-08-30T10:09:27.940966+00:00,PASS,STALE,0.1.0
L4-002,2011-01-01,90.372,index,FRED,PCEPILFE,/mnt/d/Projects/GoldRush/docs/phase2-ingestion/data/macro/raw/fred/PCEPILFE-20260830T100927Z.json,2026-08-30T10:09:27.940966+00:00,PASS,STALE,0.1.0
L4-002,2011-02-01,90.53,index,FRED,PCEPILFE,/mnt/d/Projects/GoldRush/docs/phase2-ingestion/data/macro/raw/fred/PCEPILFE-20260830T100927Z.json,2026-08-30T10:09:27.940966+00:00,PASS,STALE,0.1.0
L4-002,2011-03-01,90.667,index,FRED,PCEPILFE,/mnt/d/Projects/GoldRush/docs/phase2-ingestion/data/macro/raw/fred/PCEPILFE-20260830T100927Z.json,2026-08-30T10:09:27.940966+00:00,PASS,STALE,0.1.0
L4-002,2011-04-01,90.875,index,FRED,PCEPILFE,/mnt/d/Projects/GoldRush/docs/phase2-ingestion/data/macro/raw/fred/PCEPILFE-20260830T100927Z.json,2026-08-30T10:09:27.940966+00:00,PASS,STALE,0.1.0
L4-002,2011-05-01,91.091,index,FRED,PCEPILFE,/mnt/d/Projects/GoldRush/docs/phase2-ingestion/data/macro/raw/fred/PCEPILFE-20260830T100927Z.json,2026-08-30T10:09:27.940966+00:00,PASS,STALE,0.1.0
L4-002,2011-06-01,91.191,index,FRED,PCEPILFE,/mnt/d/Projects/GoldRush/docs/phase2-ingestion/data/macro/raw/fred/PCEPILFE-20260830T100927Z.json,2026-08-30T10:09:27.940966+00:00,PASS,STALE,0.1.0
L4-002,2011-07-01,91.326,index,FRED,PCEPILFE,/mnt/d/Projects/GoldRush/docs/phase2-ingestion/data/macro/raw/fred/PCEPILFE-20260830T100927Z.json,2026-08-30T10:09:27.940966+00:00,PASS,STALE,0.1.0
L4-002,2011-08-01,91.508,index,FRED,PCEPILFE,/mnt/d/Projects/GoldRush/docs/phase2-ingestion/data/macro/raw/fred/PCEPILFE-20260830T100927Z.json,2026-08-30T10:09:27.940966+00:00,PASS,STALE,0.1.0
L4-002,2011-09-01,91.57,index,FRED,PCEPILFE,/mnt/d/Projects/GoldRush/docs/phase2-ingestion/data/macro/raw/fred/PCEPILFE-20260830T100927Z.json,2026-08-30T10:09:27.940966+00:00,PASS,STALE,0.1.0
L4-002,2011-10-01,91.614,index,FRED,PCEPILFE,/mnt/d/Projects/GoldRush/docs/phase2-ingestion/data/macro/raw/fred/PCEPILFE-20260830T100927Z.json,2026-08-30T10:09:27.940966+00:00,PASS,STALE,0.1.0
L4-002,2011-11-01,91.808,index,FRED,PCEPILFE,/mnt/d/Projects/GoldRush/docs/phase2-ingestion/data/macro/raw/fred/PCEPILFE-20260830T100927Z.json,2026-08-30T10:09:27.940966+00:00,PASS,STALE,0.1.0
L4-002,2011-12-01,91.96,index,FRED,PCEPILFE,/mnt/d/Projects/GoldRush/docs/phase2-ingestion/data/macro/raw/fred/PCEPILFE-20260830T100927Z.json,2026-08-30T10:09:27.940966+00:00,PASS,STALE,0.1.0
L4-002,2012-01-01,92.235,index,FRED,PCEPILFE,/mnt/d/Projects/GoldRush/docs/phase2-ingestion/data/macro/raw/fred/PCEPILFE-20260830T100927Z.json,2026-08-30T10:09:27.940966+00:00,PASS,STALE,0.1.0
L4-002,2012-02-01,92.364,index,FRED,PCEPILFE,/mnt/d/Projects/GoldRush/docs/phase2-ingestion/data/macro/raw/fred/PCEPILFE-20260830T100927Z.json,2026-08-30T10:09:27.940966+00:00,PASS,STALE,0.1.0
L4-002,2012-03-01,92.521,index,FRED,PCEPILFE,/mnt/d/Projects/GoldRush/docs/phase2-ingestion/data/macro/raw/fred/PCEPILFE-20260830T100927Z.json,2026-08-30T10:09:27.940966+00:00,PASS,STALE,0.1.0
L4-002,2012-04-01,92.661,index,FRED,PCEPILFE,/mnt/d/Projects/GoldRush/docs/phase2-ingestion/data/macro/raw/fred/PCEPILFE-20260830T100927Z.json,2026-08-30T10:09:27.940966+00:00,PASS,STALE,0.1.0
L4-002,2012-05-01,92.755,index,FRED,PCEPILFE,/mnt/d/Projects/GoldRush/docs/phase2-ingestion/data/macro/raw/fred/PCEPILFE-20260830T100927Z.json,2026-08-30T10:09:27.940966+00:00,PASS,STALE,0.1.0
L4-002,2012-06-01,92.85,index,FRED,PCEPILFE,/mnt/d/Projects/GoldRush/docs/phase2-ingestion/data/macro/raw/fred/PCEPILFE-20260830T100927Z.json,2026-08-30T10:09:27.940966+00:00,PASS,STALE,0.1.0
L4-002,2012-07-01,92.946,index,FRED,PCEPILFE,/mnt/d/Projects/GoldRush/docs/phase2-ingestion/data/macro/raw/fred/PCEPILFE-20260830T100927Z.json,2026-08-30T10:09:27.940966+00:00,PASS,STALE,0.1.0
L4-002,2012-08-01,93.005,index,FRED,PCEPILFE,/mnt/d/Projects/GoldRush/docs/phase2-ingestion/data/macro/raw/fred/PCEPILFE-20260830T100927Z.json,2026-08-30T10:09:27.940966+00:00,PASS,STALE,0.1.0
L4-002,2012-09-01,93.119,index,FRED,PCEPILFE,/mnt/d/Projects/GoldRush/docs/phase2-ingestion/data/macro/raw/fred/PCEPILFE-20260830T100927Z.json,2026-08-30T10:09:27.940966+00:00,PASS,STALE,0.1.0
L4-002,2012-10-01,93.345,index,FRED,PCEPILFE,/mnt/d/Projects/GoldRush/docs/phase2-ingestion/data/macro/raw/fred/PCEPILFE-20260830T100927Z.json,2026-08-30T10:09:27.940966+00:00,PASS,STALE,0.1.0
L4-002,2012-11-01,93.445,index,FRED,PCEPILFE,/mnt/d/Projects/GoldRush/docs/phase2-ingestion/data/macro/raw/fred/PCEPILFE-20260830T100927Z.json,2026-08-30T10:09:27.940966+00:00,PASS,STALE,0.1.0
L4-002,2012-12-01,93.514,index,FRED,PCEPILFE,/mnt/d/Projects/GoldRush/docs/phase2-ingestion/data/macro/raw/fred/PCEPILFE-20260830T100927Z.json,2026-08-30T10:09:27.940966+00:00,PASS,STALE,0.1.0
L4-002,2013-01-01,93.703,index,FRED,PCEPILFE,/mnt/d/Projects/GoldRush/docs/phase2-ingestion/data/macro/raw/fred/PCEPILFE-20260830T100927Z.json,2026-08-30T10:09:27.940966+00:00,PASS,STALE,0.1.0
L4-002,2013-02-01,93.805,index,FRED,PCEPILFE,/mnt/d/Projects/GoldRush/docs/phase2-ingestion/data/macro/raw/fred/PCEPILFE-20260830T100927Z.json,2026-08-30T10:09:27.940966+00:00,PASS,STALE,0.1.0
L4-002,2013-03-01,93.891,index,FRED,PCEPILFE,/mnt/d/Projects/GoldRush/docs/phase2-ingestion/data/macro/raw/fred/PCEPILFE-20260830T100927Z.json,2026-08-30T10:09:27.940966+00:00,PASS,STALE,0.1.0
L4-002,2013-04-01,93.937,index,FRED,PCEPILFE,/mnt/d/Projects/GoldRush/docs/phase2-ingestion/data/macro/raw/fred/PCEPILFE-20260830T100927Z.json,2026-08-30T10:09:27.940966+00:00,PASS,STALE,0.1.0
L4-002,2013-05-01,94.047,index,FRED,PCEPILFE,/mnt/d/Projects/GoldRush/docs/phase2-ingestion/data/macro/raw/fred/PCEPILFE-20260830T100927Z.json,2026-08-30T10:09:27.940966+00:00,PASS,STALE,0.1.0
L4-002,2013-06-01,94.209,index,FRED,PCEPILFE,/mnt/d/Projects/GoldRush/docs/phase2-ingestion/data/macro/raw/fred/PCEPILFE-20260830T100927Z.json,2026-08-30T10:09:27.940966+00:00,PASS,STALE,0.1.0
L4-002,2013-07-01,94.329,index,FRED,PCEPILFE,/mnt/d/Projects/GoldRush/docs/phase2-ingestion/data/macro/raw/fred/PCEPILFE-20260830T100927Z.json,2026-08-30T10:09:27.940966+00:00,PASS,STALE,0.1.0
L4-002,2013-08-01,94.431,index,FRED,PCEPILFE,/mnt/d/Projects/GoldRush/docs/phase2-ingestion/data/macro/raw/fred/PCEPILFE-20260830T100927Z.json,2026-08-30T10:09:27.940966+00:00,PASS,STALE,0.1.0
L4-002,2013-09-01,94.543,index,FRED,PCEPILFE,/mnt/d/Projects/GoldRush/docs/phase2-ingestion/data/macro/raw/fred/PCEPILFE-20260830T100927Z.json,2026-08-30T10:09:27.940966+00:00,PASS,STALE,0.1.0
L4-002,2013-10-01,94.703,index,FRED,PCEPILFE,/mnt/d/Projects/GoldRush/docs/phase2-ingestion/data/macro/raw/fred/PCEPILFE-20260830T100927Z.json,2026-08-30T10:09:27.940966+00:00,PASS,STALE,0.1.0
L4-002,2013-11-01,94.86,index,FRED,PCEPILFE,/mnt/d/Projects/GoldRush/docs/phase2-ingestion/data/macro/raw/fred/PCEPILFE-20260830T100927Z.json,2026-08-30T10:09:27.940966+00:00,PASS,STALE,0.1.0
L4-002,2013-12-01,94.961,index,FRED,PCEPILFE,/mnt/d/Projects/GoldRush/docs/phase2-ingestion/data/macro/raw/fred/PCEPILFE-20260830T100927Z.json,2026-08-30T10:09:27.940966+00:00,PASS,STALE,0.1.0
L4-002,2014-01-01,95.064,index,FRED,PCEPILFE,/mnt/d/Projects/GoldRush/docs/phase2-ingestion/data/macro/raw/fred/PCEPILFE-20260830T100927Z.json,2026-08-30T10:09:27.940966+00:00,PASS,STALE,0.1.0
L4-002,2014-02-01,95.109,index,FRED,PCEPILFE,/mnt/d/Projects/GoldRush/docs/phase2-ingestion/data/macro/raw/fred/PCEPILFE-20260830T100927Z.json,2026-08-30T10:09:27.940966+00:00,PASS,STALE,0.1.0
L4-002,2014-03-01,95.25,index,FRED,PCEPILFE,/mnt/d/Projects/GoldRush/docs/phase2-ingestion/data/macro/raw/fred/PCEPILFE-20260830T100927Z.json,2026-08-30T10:09:27.940966+00:00,PASS,STALE,0.1.0
L4-002,2014-04-01,95.413,index,FRED,PCEPILFE,/mnt/d/Projects/GoldRush/docs/phase2-ingestion/data/macro/raw/fred/PCEPILFE-20260830T100927Z.json,2026-08-30T10:09:27.940966+00:00,PASS,STALE,0.1.0
L4-002,2014-05-01,95.574,index,FRED,PCEPILFE,/mnt/d/Projects/GoldRush/docs/phase2-ingestion/data/macro/raw/fred/PCEPILFE-20260830T100927Z.json,2026-08-30T10:09:27.940966+00:00,PASS,STALE,0.1.0
L4-002,2014-06-01,95.682,index,FRED,PCEPILFE,/mnt/d/Projects/GoldRush/docs/phase2-ingestion/data/macro/raw/fred/PCEPILFE-20260830T100927Z.json,2026-08-30T10:09:27.940966+00:00,PASS,STALE,0.1.0
L4-002,2014-07-01,95.848,index,FRED,PCEPILFE,/mnt/d/Projects/GoldRush/docs/phase2-ingestion/data/macro/raw/fred/PCEPILFE-20260830T100927Z.json,2026-08-30T10:09:27.940966+00:00,PASS,STALE,0.1.0
L4-002,2014-08-01,95.885,index,FRED,PCEPILFE,/mnt/d/Projects/GoldRush/docs/phase2-ingestion/data/macro/raw/fred/PCEPILFE-20260830T100927Z.json,2026-08-30T10:09:27.940966+00:00,PASS,STALE,0.1.0
L4-002,2014-09-01,96.013,index,FRED,PCEPILFE,/mnt/d/Projects/GoldRush/docs/phase2-ingestion/data/macro/raw/fred/PCEPILFE-20260830T100927Z.json,2026-08-30T10:09:27.940966+00:00,PASS,STALE,0.1.0
L4-002,2014-10-01,96.096,index,FRED,PCEPILFE,/mnt/d/Projects/GoldRush/docs/phase2-ingestion/data/macro/raw/fred/PCEPILFE-20260830T100927Z.json,2026-08-30T10:09:27.940966+00:00,PASS,STALE,0.1.0
L4-002,2014-11-01,96.181,index,FRED,PCEPILFE,/mnt/d/Projects/GoldRush/docs/phase2-ingestion/data/macro/raw/fred/PCEPILFE-20260830T100927Z.json,2026-08-30T10:09:27.940966+00:00,PASS,STALE,0.1.0
L4-002,2014-12-01,96.249,index,FRED,PCEPILFE,/mnt/d/Projects/GoldRush/docs/phase2-ingestion/data/macro/raw/fred/PCEPILFE-20260830T100927Z.json,2026-08-30T10:09:27.940966+00:00,PASS,STALE,0.1.0
L4-002,2015-01-01,96.214,index,FRED,PCEPILFE,/mnt/d/Projects/GoldRush/docs/phase2-ingestion/data/macro/raw/fred/PCEPILFE-20260830T100927Z.json,2026-08-30T10:09:27.940966+00:00,PASS,STALE,0.1.0
L4-002,2015-02-01,96.324,index,FRED,PCEPILFE,/mnt/d/Projects/GoldRush/docs/phase2-ingestion/data/macro/raw/fred/PCEPILFE-20260830T100927Z.json,2026-08-30T10:09:27.940966+00:00,PASS,STALE,0.1.0
L4-002,2015-03-01,96.47,index,FRED,PCEPILFE,/mnt/d/Projects/GoldRush/docs/phase2-ingestion/data/macro/raw/fred/PCEPILFE-20260830T100927Z.json,2026-08-30T10:09:27.940966+00:00,PASS,STALE,0.1.0
L4-002,2015-04-01,96.648,index,FRED,PCEPILFE,/mnt/d/Projects/GoldRush/docs/phase2-ingestion/data/macro/raw/fred/PCEPILFE-20260830T100927Z.json,2026-08-30T10:09:27.940966+00:00,PASS,STALE,0.1.0
L4-002,2015-05-01,96.766,index,FRED,PCEPILFE,/mnt/d/Projects/GoldRush/docs/phase2-ingestion/data/macro/raw/fred/PCEPILFE-20260830T100927Z.json,2026-08-30T10:09:27.940966+00:00,PASS,STALE,0.1.0
L4-002,2015-06-01,96.882,index,FRED,PCEPILFE,/mnt/d/Projects/GoldRush/docs/phase2-ingestion/data/macro/raw/fred/PCEPILFE-20260830T100927Z.json,2026-08-30T10:09:27.940966+00:00,PASS,STALE,0.1.0
L4-002,2015-07-01,96.978,index,FRED,PCEPILFE,/mnt/d/Projects/GoldRush/docs/phase2-ingestion/data/macro/raw/fred/PCEPILFE-20260830T100927Z.json,2026-08-30T10:09:27.940966+00:00,PASS,STALE,0.1.0
L4-002,2015-08-01,97.056,index,FRED,PCEPILFE,/mnt/d/Projects/GoldRush/docs/phase2-ingestion/data/macro/raw/fred/PCEPILFE-20260830T100927Z.json,2026-08-30T10:09:27.940966+00:00,PASS,STALE,0.1.0
L4-002,2015-09-01,97.196,index,FRED,PCEPILFE,/mnt/d/Projects/GoldRush/docs/phase2-ingestion/data/macro/raw/fred/PCEPILFE-20260830T100927Z.json,2026-08-30T10:09:27.940966+00:00,PASS,STALE,0.1.0
L4-002,2015-10-01,97.228,index,FRED,PCEPILFE,/mnt/d/Projects/GoldRush/docs/phase2-ingestion/data/macro/raw/fred/PCEPILFE-20260830T100927Z.json,2026-08-30T10:09:27.940966+00:00,PASS,STALE,0.1.0
L4-002,2015-11-01,97.332,index,FRED,PCEPILFE,/mnt/d/Projects/GoldRush/docs/phase2-ingestion/data/macro/raw/fred/PCEPILFE-20260830T100927Z.json,2026-08-30T10:09:27.940966+00:00,PASS,STALE,0.1.0
L4-002,2015-12-01,97.396,index,FRED,PCEPILFE,/mnt/d/Projects/GoldRush/docs/phase2-ingestion/data/macro/raw/fred/PCEPILFE-20260830T100927Z.json,2026-08-30T10:09:27.940966+00:00,PASS,STALE,0.1.0
L4-002,2016-01-01,97.567,index,FRED,PCEPILFE,/mnt/d/Projects/GoldRush/docs/phase2-ingestion/data/macro/raw/fred/PCEPILFE-20260830T100927Z.json,2026-08-30T10:09:27.940966+00:00,PASS,STALE,0.1.0
L4-002,2016-02-01,97.736,index,FRED,PCEPILFE,/mnt/d/Projects/GoldRush/docs/phase2-ingestion/data/macro/raw/fred/PCEPILFE-20260830T100927Z.json,2026-08-30T10:09:27.940966+00:00,PASS,STALE,0.1.0
L4-002,2016-03-01,97.876,index,FRED,PCEPILFE,/mnt/d/Projects/GoldRush/docs/phase2-ingestion/data/macro/raw/fred/PCEPILFE-20260830T100927Z.json,2026-08-30T10:09:27.940966+00:00,PASS,STALE,0.1.0
L4-002,2016-04-01,98.117,index,FRED,PCEPILFE,/mnt/d/Projects/GoldRush/docs/phase2-ingestion/data/macro/raw/fred/PCEPILFE-20260830T100927Z.json,2026-08-30T10:09:27.940966+00:00,PASS,STALE,0.1.0
L4-002,2016-05-01,98.284,index,FRED,PCEPILFE,/mnt/d/Projects/GoldRush/docs/phase2-ingestion/data/macro/raw/fred/PCEPILFE-20260830T100927Z.json,2026-08-30T10:09:27.940966+00:00,PASS,STALE,0.1.0
L4-002,2016-06-01,98.386,index,FRED,PCEPILFE,/mnt/d/Projects/GoldRush/docs/phase2-ingestion/data/macro/raw/fred/PCEPILFE-20260830T100927Z.json,2026-08-30T10:09:27.940966+00:00,PASS,STALE,0.1.0
L4-002,2016-07-01,98.529,index,FRED,PCEPILFE,/mnt/d/Projects/GoldRush/docs/phase2-ingestion/data/macro/raw/fred/PCEPILFE-20260830T100927Z.json,2026-08-30T10:09:27.940966+00:00,PASS,STALE,0.1.0
L4-002,2016-08-01,98.703,index,FRED,PCEPILFE,/mnt/d/Projects/GoldRush/docs/phase2-ingestion/data/macro/raw/fred/PCEPILFE-20260830T100927Z.json,2026-08-30T10:09:27.940966+00:00,PASS,STALE,0.1.0
L4-002,2016-09-01,98.834,index,FRED,PCEPILFE,/mnt/d/Projects/GoldRush/docs/phase2-ingestion/data/macro/raw/fred/PCEPILFE-20260830T100927Z.json,2026-08-30T10:09:27.940966+00:00,PASS,STALE,0.1.0
L4-002,2016-10-01,98.961,index,FRED,PCEPILFE,/mnt/d/Projects/GoldRush/docs/phase2-ingestion/data/macro/raw/fred/PCEPILFE-20260830T100927Z.json,2026-08-30T10:09:27.940966+00:00,PASS,STALE,0.1.0
L4-002,2016-11-01,99.005,index,FRED,PCEPILFE,/mnt/d/Projects/GoldRush/docs/phase2-ingestion/data/macro/raw/fred/PCEPILFE-20260830T100927Z.json,2026-08-30T10:09:27.940966+00:00,PASS,STALE,0.1.0
L4-002,2016-12-01,99.12,index,FRED,PCEPILFE,/mnt/d/Projects/GoldRush/docs/phase2-ingestion/data/macro/raw/fred/PCEPILFE-20260830T100927Z.json,2026-08-30T10:09:27.940966+00:00,PASS,STALE,0.1.0
L4-002,2017-01-01,99.385,index,FRED,PCEPILFE,/mnt/d/Projects/GoldRush/docs/phase2-ingestion/data/macro/raw/fred/PCEPILFE-20260830T100927Z.json,2026-08-30T10:09:27.940966+00:00,PASS,STALE,0.1.0
L4-002,2017-02-01,99.561,index,FRED,PCEPILFE,/mnt/d/Projects/GoldRush/docs/phase2-ingestion/data/macro/raw/fred/PCEPILFE-20260830T100927Z.json,2026-08-30T10:09:27.940966+00:00,PASS,STALE,0.1.0
L4-002,2017-03-01,99.519,index,FRED,PCEPILFE,/mnt/d/Projects/GoldRush/docs/phase2-ingestion/data/macro/raw/fred/PCEPILFE-20260830T100927Z.json,2026-08-30T10:09:27.940966+00:00,PASS,STALE,0.1.0
L4-002,2017-04-01,99.723,index,FRED,PCEPILFE,/mnt/d/Projects/GoldRush/docs/phase2-ingestion/data/macro/raw/fred/PCEPILFE-20260830T100927Z.json,2026-08-30T10:09:27.940966+00:00,PASS,STALE,0.1.0
L4-002,2017-05-01,99.803,index,FRED,PCEPILFE,/mnt/d/Projects/GoldRush/docs/phase2-ingestion/data/macro/raw/fred/PCEPILFE-20260830T100927Z.json,2026-08-30T10:09:27.940966+00:00,PASS,STALE,0.1.0
L4-002,2017-06-01,99.937,index,FRED,PCEPILFE,/mnt/d/Projects/GoldRush/docs/phase2-ingestion/data/macro/raw/fred/PCEPILFE-20260830T100927Z.json,2026-08-30T10:09:27.940966+00:00,PASS,STALE,0.1.0
L4-002,2017-07-01,100.01,index,FRED,PCEPILFE,/mnt/d/Projects/GoldRush/docs/phase2-ingestion/data/macro/raw/fred/PCEPILFE-20260830T100927Z.json,2026-08-30T10:09:27.940966+00:00,PASS,STALE,0.1.0
L4-002,2017-08-01,100.118,index,FRED,PCEPILFE,/mnt/d/Projects/GoldRush/docs/phase2-ingestion/data/macro/raw/fred/PCEPILFE-20260830T100927Z.json,2026-08-30T10:09:27.940966+00:00,PASS,STALE,0.1.0
L4-002,2017-09-01,100.24,index,FRED,PCEPILFE,/mnt/d/Projects/GoldRush/docs/phase2-ingestion/data/macro/raw/fred/PCEPILFE-20260830T100927Z.json,2026-08-30T10:09:27.940966+00:00,PASS,STALE,0.1.0
L4-002,2017-10-01,100.486,index,FRED,PCEPILFE,/mnt/d/Projects/GoldRush/docs/phase2-ingestion/data/macro/raw/fred/PCEPILFE-20260830T100927Z.json,2026-08-30T10:09:27.940966+00:00,PASS,STALE,0.1.0
L4-002,2017-11-01,100.535,index,FRED,PCEPILFE,/mnt/d/Projects/GoldRush/docs/phase2-ingestion/data/macro/raw/fred/PCEPILFE-20260830T100927Z.json,2026-08-30T10:09:27.940966+00:00,PASS,STALE,0.1.0
L4-002,2017-12-01,100.683,index,FRED,PCEPILFE,/mnt/d/Projects/GoldRush/docs/phase2-ingestion/data/macro/raw/fred/PCEPILFE-20260830T100927Z.json,2026-08-30T10:09:27.940966+00:00,PASS,STALE,0.1.0
L4-002,2018-01-01,101.007,index,FRED,PCEPILFE,/mnt/d/Projects/GoldRush/docs/phase2-ingestion/data/macro/raw/fred/PCEPILFE-20260830T100927Z.json,2026-08-30T10:09:27.940966+00:00,PASS,STALE,0.1.0
L4-002,2018-02-01,101.198,index,FRED,PCEPILFE,/mnt/d/Projects/GoldRush/docs/phase2-ingestion/data/macro/raw/fred/PCEPILFE-20260830T100927Z.json,2026-08-30T10:09:27.940966+00:00,PASS,STALE,0.1.0
L4-002,2018-03-01,101.419,index,FRED,PCEPILFE,/mnt/d/Projects/GoldRush/docs/phase2-ingestion/data/macro/raw/fred/PCEPILFE-20260830T100927Z.json,2026-08-30T10:09:27.940966+00:00,PASS,STALE,0.1.0
L4-002,2018-04-01,101.602,index,FRED,PCEPILFE,/mnt/d/Projects/GoldRush/docs/phase2-ingestion/data/macro/raw/fred/PCEPILFE-20260830T100927Z.json,2026-08-30T10:09:27.940966+00:00,PASS,STALE,0.1.0
L4-002,2018-05-01,101.78,index,FRED,PCEPILFE,/mnt/d/Projects/GoldRush/docs/phase2-ingestion/data/macro/raw/fred/PCEPILFE-20260830T100927Z.json,2026-08-30T10:09:27.940966+00:00,PASS,STALE,0.1.0
L4-002,2018-06-01,101.872,index,FRED,PCEPILFE,/mnt/d/Projects/GoldRush/docs/phase2-ingestion/data/macro/raw/fred/PCEPILFE-20260830T100927Z.json,2026-08-30T10:09:27.940966+00:00,PASS,STALE,0.1.0
L4-002,2018-07-01,102.006,index,FRED,PCEPILFE,/mnt/d/Projects/GoldRush/docs/phase2-ingestion/data/macro/raw/fred/PCEPILFE-20260830T100927Z.json,2026-08-30T10:09:27.940966+00:00,PASS,STALE,0.1.0
L4-002,2018-08-01,102.016,index,FRED,PCEPILFE,/mnt/d/Projects/GoldRush/docs/phase2-ingestion/data/macro/raw/fred/PCEPILFE-20260830T100927Z.json,2026-08-30T10:09:27.940966+00:00,PASS,STALE,0.1.0
L4-002,2018-09-01,102.205,index,FRED,PCEPILFE,/mnt/d/Projects/GoldRush/docs/phase2-ingestion/data/macro/raw/fred/PCEPILFE-20260830T100927Z.json,2026-08-30T10:09:27.940966+00:00,PASS,STALE,0.1.0
L4-002,2018-10-01,102.366,index,FRED,PCEPILFE,/mnt/d/Projects/GoldRush/docs/phase2-ingestion/data/macro/raw/fred/PCEPILFE-20260830T100927Z.json,2026-08-30T10:09:27.940966+00:00,PASS,STALE,0.1.0
L4-002,2018-11-01,102.556,index,FRED,PCEPILFE,/mnt/d/Projects/GoldRush/docs/phase2-ingestion/data/macro/raw/fred/PCEPILFE-20260830T100927Z.json,2026-08-30T10:09:27.940966+00:00,PASS,STALE,0.1.0
L4-002,2018-12-01,102.735,index,FRED,PCEPILFE,/mnt/d/Projects/GoldRush/docs/phase2-ingestion/data/macro/raw/fred/PCEPILFE-20260830T100927Z.json,2026-08-30T10:09:27.940966+00:00,PASS,STALE,0.1.0
L4-002,2019-01-01,102.87,index,FRED,PCEPILFE,/mnt/d/Projects/GoldRush/docs/phase2-ingestion/data/macro/raw/fred/PCEPILFE-20260830T100927Z.json,2026-08-30T10:09:27.940966+00:00,PASS,STALE,0.1.0
L4-002,2019-02-01,102.963,index,FRED,PCEPILFE,/mnt/d/Projects/GoldRush/docs/phase2-ingestion/data/macro/raw/fred/PCEPILFE-20260830T100927Z.json,2026-08-30T10:09:27.940966+00:00,PASS,STALE,0.1.0
L4-002,2019-03-01,103.058,index,FRED,PCEPILFE,/mnt/d/Projects/GoldRush/docs/phase2-ingestion/data/macro/raw/fred/PCEPILFE-20260830T100927Z.json,2026-08-30T10:09:27.940966+00:00,PASS,STALE,0.1.0
L4-002,2019-04-01,103.265,index,FRED,PCEPILFE,/mnt/d/Projects/GoldRush/docs/phase2-ingestion/data/macro/raw/fred/PCEPILFE-20260830T100927Z.json,2026-08-30T10:09:27.940966+00:00,PASS,STALE,0.1.0
L4-002,2019-05-01,103.371,index,FRED,PCEPILFE,/mnt/d/Projects/GoldRush/docs/phase2-ingestion/data/macro/raw/fred/PCEPILFE-20260830T100927Z.json,2026-08-30T10:09:27.940966+00:00,PASS,STALE,0.1.0
L4-002,2019-06-01,103.56,index,FRED,PCEPILFE,/mnt/d/Projects/GoldRush/docs/phase2-ingestion/data/macro/raw/fred/PCEPILFE-20260830T100927Z.json,2026-08-30T10:09:27.940966+00:00,PASS,STALE,0.1.0
L4-002,2019-07-01,103.678,index,FRED,PCEPILFE,/mnt/d/Projects/GoldRush/docs/phase2-ingestion/data/macro/raw/fred/PCEPILFE-20260830T100927Z.json,2026-08-30T10:09:27.940966+00:00,PASS,STALE,0.1.0
L4-002,2019-08-01,103.797,index,FRED,PCEPILFE,/mnt/d/Projects/GoldRush/docs/phase2-ingestion/data/macro/raw/fred/PCEPILFE-20260830T100927Z.json,2026-08-30T10:09:27.940966+00:00,PASS,STALE,0.1.0
L4-002,2019-09-01,103.873,index,FRED,PCEPILFE,/mnt/d/Projects/GoldRush/docs/phase2-ingestion/data/macro/raw/fred/PCEPILFE-20260830T100927Z.json,2026-08-30T10:09:27.940966+00:00,PASS,STALE,0.1.0
L4-002,2019-10-01,104.028,index,FRED,PCEPILFE,/mnt/d/Projects/GoldRush/docs/phase2-ingestion/data/macro/raw/fred/PCEPILFE-20260830T100927Z.json,2026-08-30T10:09:27.940966+00:00,PASS,STALE,0.1.0
L4-002,2019-11-01,104.092,index,FRED,PCEPILFE,/mnt/d/Projects/GoldRush/docs/phase2-ingestion/data/macro/raw/fred/PCEPILFE-20260830T100927Z.json,2026-08-30T10:09:27.940966+00:00,PASS,STALE,0.1.0
L4-002,2019-12-01,104.322,index,FRED,PCEPILFE,/mnt/d/Projects/GoldRush/docs/phase2-ingestion/data/macro/raw/fred/PCEPILFE-20260830T100927Z.json,2026-08-30T10:09:27.940966+00:00,PASS,STALE,0.1.0
L4-002,2020-01-01,104.507,index,FRED,PCEPILFE,/mnt/d/Projects/GoldRush/docs/phase2-ingestion/data/macro/raw/fred/PCEPILFE-20260830T100927Z.json,2026-08-30T10:09:27.940966+00:00,PASS,STALE,0.1.0
L4-002,2020-02-01,104.711,index,FRED,PCEPILFE,/mnt/d/Projects/GoldRush/docs/phase2-ingestion/data/macro/raw/fred/PCEPILFE-20260830T100927Z.json,2026-08-30T10:09:27.940966+00:00,PASS,STALE,0.1.0
L4-002,2020-03-01,104.632,index,FRED,PCEPILFE,/mnt/d/Projects/GoldRush/docs/phase2-ingestion/data/macro/raw/fred/PCEPILFE-20260830T100927Z.json,2026-08-30T10:09:27.940966+00:00,PASS,STALE,0.1.0
L4-002,2020-04-01,104.293,index,FRED,PCEPILFE,/mnt/d/Projects/GoldRush/docs/phase2-ingestion/data/macro/raw/fred/PCEPILFE-20260830T100927Z.json,2026-08-30T10:09:27.940966+00:00,PASS,STALE,0.1.0
L4-002,2020-05-01,104.402,index,FRED,PCEPILFE,/mnt/d/Projects/GoldRush/docs/phase2-ingestion/data/macro/raw/fred/PCEPILFE-20260830T100927Z.json,2026-08-30T10:09:27.940966+00:00,PASS,STALE,0.1.0
L4-002,2020-06-01,104.565,index,FRED,PCEPILFE,/mnt/d/Projects/GoldRush/docs/phase2-ingestion/data/macro/raw/fred/PCEPILFE-20260830T100927Z.json,2026-08-30T10:09:27.940966+00:00,PASS,STALE,0.1.0
L4-002,2020-07-01,104.937,index,FRED,PCEPILFE,/mnt/d/Projects/GoldRush/docs/phase2-ingestion/data/macro/raw/fred/PCEPILFE-20260830T100927Z.json,2026-08-30T10:09:27.940966+00:00,PASS,STALE,0.1.0
L4-002,2020-08-01,105.243,index,FRED,PCEPILFE,/mnt/d/Projects/GoldRush/docs/phase2-ingestion/data/macro/raw/fred/PCEPILFE-20260830T100927Z.json,2026-08-30T10:09:27.940966+00:00,PASS,STALE,0.1.0
L4-002,2020-09-01,105.41,index,FRED,PCEPILFE,/mnt/d/Projects/GoldRush/docs/phase2-ingestion/data/macro/raw/fred/PCEPILFE-20260830T100927Z.json,2026-08-30T10:09:27.940966+00:00,PASS,STALE,0.1.0
L4-002,2020-10-01,105.507,index,FRED,PCEPILFE,/mnt/d/Projects/GoldRush/docs/phase2-ingestion/data/macro/raw/fred/PCEPILFE-20260830T100927Z.json,2026-08-30T10:09:27.940966+00:00,PASS,STALE,0.1.0
L4-002,2020-11-01,105.605,index,FRED,PCEPILFE,/mnt/d/Projects/GoldRush/docs/phase2-ingestion/data/macro/raw/fred/PCEPILFE-20260830T100927Z.json,2026-08-30T10:09:27.940966+00:00,PASS,STALE,0.1.0
L4-002,2020-12-01,105.896,index,FRED,PCEPILFE,/mnt/d/Projects/GoldRush/docs/phase2-ingestion/data/macro/raw/fred/PCEPILFE-20260830T100927Z.json,2026-08-30T10:09:27.940966+00:00,PASS,STALE,0.1.0
L4-002,2021-01-01,106.281,index,FRED,PCEPILFE,/mnt/d/Projects/GoldRush/docs/phase2-ingestion/data/macro/raw/fred/PCEPILFE-20260830T100927Z.json,2026-08-30T10:09:27.940966+00:00,PASS,STALE,0.1.0
L4-002,2021-02-01,106.501,index,FRED,PCEPILFE,/mnt/d/Projects/GoldRush/docs/phase2-ingestion/data/macro/raw/fred/PCEPILFE-20260830T100927Z.json,2026-08-30T10:09:27.940966+00:00,PASS,STALE,0.1.0
L4-002,2021-03-01,106.933,index,FRED,PCEPILFE,/mnt/d/Projects/GoldRush/docs/phase2-ingestion/data/macro/raw/fred/PCEPILFE-20260830T100927Z.json,2026-08-30T10:09:27.940966+00:00,PASS,STALE,0.1.0
L4-002,2021-04-01,107.558,index,FRED,PCEPILFE,/mnt/d/Projects/GoldRush/docs/phase2-ingestion/data/macro/raw/fred/PCEPILFE-20260830T100927Z.json,2026-08-30T10:09:27.940966+00:00,PASS,STALE,0.1.0
L4-002,2021-05-01,108.099,index,FRED,PCEPILFE,/mnt/d/Projects/GoldRush/docs/phase2-ingestion/data/macro/raw/fred/PCEPILFE-20260830T100927Z.json,2026-08-30T10:09:27.940966+00:00,PASS,STALE,0.1.0
L4-002,2021-06-01,108.603,index,FRED,PCEPILFE,/mnt/d/Projects/GoldRush/docs/phase2-ingestion/data/macro/raw/fred/PCEPILFE-20260830T100927Z.json,2026-08-30T10:09:27.940966+00:00,PASS,STALE,0.1.0
L4-002,2021-07-01,109.058,index,FRED,PCEPILFE,/mnt/d/Projects/GoldRush/docs/phase2-ingestion/data/macro/raw/fred/PCEPILFE-20260830T100927Z.json,2026-08-30T10:09:27.940966+00:00,PASS,STALE,0.1.0
L4-002,2021-08-01,109.409,index,FRED,PCEPILFE,/mnt/d/Projects/GoldRush/docs/phase2-ingestion/data/macro/raw/fred/PCEPILFE-20260830T100927Z.json,2026-08-30T10:09:27.940966+00:00,PASS,STALE,0.1.0
L4-002,2021-09-01,109.641,index,FRED,PCEPILFE,/mnt/d/Projects/GoldRush/docs/phase2-ingestion/data/macro/raw/fred/PCEPILFE-20260830T100927Z.json,2026-08-30T10:09:27.940966+00:00,PASS,STALE,0.1.0
L4-002,2021-10-01,110.188,index,FRED,PCEPILFE,/mnt/d/Projects/GoldRush/docs/phase2-ingestion/data/macro/raw/fred/PCEPILFE-20260830T100927Z.json,2026-08-30T10:09:27.940966+00:00,PASS,STALE,0.1.0
L4-002,2021-11-01,110.77,index,FRED,PCEPILFE,/mnt/d/Projects/GoldRush/docs/phase2-ingestion/data/macro/raw/fred/PCEPILFE-20260830T100927Z.json,2026-08-30T10:09:27.940966+00:00,PASS,STALE,0.1.0
L4-002,2021-12-01,111.418,index,FRED,PCEPILFE,/mnt/d/Projects/GoldRush/docs/phase2-ingestion/data/macro/raw/fred/PCEPILFE-20260830T100927Z.json,2026-08-30T10:09:27.940966+00:00,PASS,STALE,0.1.0
L4-002,2022-01-01,111.976,index,FRED,PCEPILFE,/mnt/d/Projects/GoldRush/docs/phase2-ingestion/data/macro/raw/fred/PCEPILFE-20260830T100927Z.json,2026-08-30T10:09:27.940966+00:00,PASS,STALE,0.1.0
L4-002,2022-02-01,112.468,index,FRED,PCEPILFE,/mnt/d/Projects/GoldRush/docs/phase2-ingestion/data/macro/raw/fred/PCEPILFE-20260830T100927Z.json,2026-08-30T10:09:27.940966+00:00,PASS,STALE,0.1.0
L4-002,2022-03-01,112.914,index,FRED,PCEPILFE,/mnt/d/Projects/GoldRush/docs/phase2-ingestion/data/macro/raw/fred/PCEPILFE-20260830T100927Z.json,2026-08-30T10:09:27.940966+00:00,PASS,STALE,0.1.0
L4-002,2022-04-01,113.307,index,FRED,PCEPILFE,/mnt/d/Projects/GoldRush/docs/phase2-ingestion/data/macro/raw/fred/PCEPILFE-20260830T100927Z.json,2026-08-30T10:09:27.940966+00:00,PASS,STALE,0.1.0
L4-002,2022-05-01,113.703,index,FRED,PCEPILFE,/mnt/d/Projects/GoldRush/docs/phase2-ingestion/data/macro/raw/fred/PCEPILFE-20260830T100927Z.json,2026-08-30T10:09:27.940966+00:00,PASS,STALE,0.1.0
L4-002,2022-06-01,114.376,index,FRED,PCEPILFE,/mnt/d/Projects/GoldRush/docs/phase2-ingestion/data/macro/raw/fred/PCEPILFE-20260830T100927Z.json,2026-08-30T10:09:27.940966+00:00,PASS,STALE,0.1.0
L4-002,2022-07-01,114.628,index,FRED,PCEPILFE,/mnt/d/Projects/GoldRush/docs/phase2-ingestion/data/macro/raw/fred/PCEPILFE-20260830T100927Z.json,2026-08-30T10:09:27.940966+00:00,PASS,STALE,0.1.0
L4-002,2022-08-01,115.276,index,FRED,PCEPILFE,/mnt/d/Projects/GoldRush/docs/phase2-ingestion/data/macro/raw/fred/PCEPILFE-20260830T100927Z.json,2026-08-30T10:09:27.940966+00:00,PASS,STALE,0.1.0
L4-002,2022-09-01,115.788,index,FRED,PCEPILFE,/mnt/d/Projects/GoldRush/docs/phase2-ingestion/data/macro/raw/fred/PCEPILFE-20260830T100927Z.json,2026-08-30T10:09:27.940966+00:00,PASS,STALE,0.1.0
L4-002,2022-10-01,116.204,index,FRED,PCEPILFE,/mnt/d/Projects/GoldRush/docs/phase2-ingestion/data/macro/raw/fred/PCEPILFE-20260830T100927Z.json,2026-08-30T10:09:27.940966+00:00,PASS,STALE,0.1.0
L4-002,2022-11-01,116.539,index,FRED,PCEPILFE,/mnt/d/Projects/GoldRush/docs/phase2-ingestion/data/macro/raw/fred/PCEPILFE-20260830T100927Z.json,2026-08-30T10:09:27.940966+00:00,PASS,STALE,0.1.0
L4-002,2022-12-01,116.952,index,FRED,PCEPILFE,/mnt/d/Projects/GoldRush/docs/phase2-ingestion/data/macro/raw/fred/PCEPILFE-20260830T100927Z.json,2026-08-30T10:09:27.940966+00:00,PASS,STALE,0.1.0
L4-002,2023-01-01,117.505,index,FRED,PCEPILFE,/mnt/d/Projects/GoldRush/docs/phase2-ingestion/data/macro/raw/fred/PCEPILFE-20260830T100927Z.json,2026-08-30T10:09:27.940966+00:00,PASS,STALE,0.1.0
L4-002,2023-02-01,117.929,index,FRED,PCEPILFE,/mnt/d/Projects/GoldRush/docs/phase2-ingestion/data/macro/raw/fred/PCEPILFE-20260830T100927Z.json,2026-08-30T10:09:27.940966+00:00,PASS,STALE,0.1.0
L4-002,2023-03-01,118.315,index,FRED,PCEPILFE,/mnt/d/Projects/GoldRush/docs/phase2-ingestion/data/macro/raw/fred/PCEPILFE-20260830T100927Z.json,2026-08-30T10:09:27.940966+00:00,PASS,STALE,0.1.0
L4-002,2023-04-01,118.734,index,FRED,PCEPILFE,/mnt/d/Projects/GoldRush/docs/phase2-ingestion/data/macro/raw/fred/PCEPILFE-20260830T100927Z.json,2026-08-30T10:09:27.940966+00:00,PASS,STALE,0.1.0
L4-002,2023-05-01,119.083,index,FRED,PCEPILFE,/mnt/d/Projects/GoldRush/docs/phase2-ingestion/data/macro/raw/fred/PCEPILFE-20260830T100927Z.json,2026-08-30T10:09:27.940966+00:00,PASS,STALE,0.1.0
L4-002,2023-06-01,119.39,index,FRED,PCEPILFE,/mnt/d/Projects/GoldRush/docs/phase2-ingestion/data/macro/raw/fred/PCEPILFE-20260830T100927Z.json,2026-08-30T10:09:27.940966+00:00,PASS,STALE,0.1.0
L4-002,2023-07-01,119.556,index,FRED,PCEPILFE,/mnt/d/Projects/GoldRush/docs/phase2-ingestion/data/macro/raw/fred/PCEPILFE-20260830T100927Z.json,2026-08-30T10:09:27.940966+00:00,PASS,STALE,0.1.0
L4-002,2023-08-01,119.689,index,FRED,PCEPILFE,/mnt/d/Projects/GoldRush/docs/phase2-ingestion/data/macro/raw/fred/PCEPILFE-20260830T100927Z.json,2026-08-30T10:09:27.940966+00:00,PASS,STALE,0.1.0
L4-002,2023-09-01,120.058,index,FRED,PCEPILFE,/mnt/d/Projects/GoldRush/docs/phase2-ingestion/data/macro/raw/fred/PCEPILFE-20260830T100927Z.json,2026-08-30T10:09:27.940966+00:00,PASS,STALE,0.1.0
L4-002,2023-10-01,120.241,index,FRED,PCEPILFE,/mnt/d/Projects/GoldRush/docs/phase2-ingestion/data/macro/raw/fred/PCEPILFE-20260830T100927Z.json,2026-08-30T10:09:27.940966+00:00,PASS,STALE,0.1.0
L4-002,2023-11-01,120.374,index,FRED,PCEPILFE,/mnt/d/Projects/GoldRush/docs/phase2-ingestion/data/macro/raw/fred/PCEPILFE-20260830T100927Z.json,2026-08-30T10:09:27.940966+00:00,PASS,STALE,0.1.0
L4-002,2023-12-01,120.592,index,FRED,PCEPILFE,/mnt/d/Projects/GoldRush/docs/phase2-ingestion/data/macro/raw/fred/PCEPILFE-20260830T100927Z.json,2026-08-30T10:09:27.940966+00:00,PASS,STALE,0.1.0
L4-002,2024-01-01,121.217,index,FRED,PCEPILFE,/mnt/d/Projects/GoldRush/docs/phase2-ingestion/data/macro/raw/fred/PCEPILFE-20260830T100927Z.json,2026-08-30T10:09:27.940966+00:00,PASS,STALE,0.1.0
L4-002,2024-02-01,121.537,index,FRED,PCEPILFE,/mnt/d/Projects/GoldRush/docs/phase2-ingestion/data/macro/raw/fred/PCEPILFE-20260830T100927Z.json,2026-08-30T10:09:27.940966+00:00,PASS,STALE,0.1.0
L4-002,2024-03-01,122.009,index,FRED,PCEPILFE,/mnt/d/Projects/GoldRush/docs/phase2-ingestion/data/macro/raw/fred/PCEPILFE-20260830T100927Z.json,2026-08-30T10:09:27.940966+00:00,PASS,STALE,0.1.0
L4-002,2024-04-01,122.304,index,FRED,PCEPILFE,/mnt/d/Projects/GoldRush/docs/phase2-ingestion/data/macro/raw/fred/PCEPILFE-20260830T100927Z.json,2026-08-30T10:09:27.940966+00:00,PASS,STALE,0.1.0
L4-002,2024-05-01,122.383,index,FRED,PCEPILFE,/mnt/d/Projects/GoldRush/docs/phase2-ingestion/data/macro/raw/fred/PCEPILFE-20260830T100927Z.json,2026-08-30T10:09:27.940966+00:00,PASS,STALE,0.1.0
L4-002,2024-06-01,122.677,index,FRED,PCEPILFE,/mnt/d/Projects/GoldRush/docs/phase2-ingestion/data/macro/raw/fred/PCEPILFE-20260830T100927Z.json,2026-08-30T10:09:27.940966+00:00,PASS,STALE,0.1.0
L4-002,2024-07-01,122.911,index,FRED,PCEPILFE,/mnt/d/Projects/GoldRush/docs/phase2-ingestion/data/macro/raw/fred/PCEPILFE-20260830T100927Z.json,2026-08-30T10:09:27.940966+00:00,PASS,STALE,0.1.0
L4-002,2024-08-01,123.128,index,FRED,PCEPILFE,/mnt/d/Projects/GoldRush/docs/phase2-ingestion/data/macro/raw/fred/PCEPILFE-20260830T100927Z.json,2026-08-30T10:09:27.940966+00:00,PASS,STALE,0.1.0
L4-002,2024-09-01,123.466,index,FRED,PCEPILFE,/mnt/d/Projects/GoldRush/docs/phase2-ingestion/data/macro/raw/fred/PCEPILFE-20260830T100927Z.json,2026-08-30T10:09:27.940966+00:00,PASS,STALE,0.1.0
L4-002,2024-10-01,123.832,index,FRED,PCEPILFE,/mnt/d/Projects/GoldRush/docs/phase2-ingestion/data/macro/raw/fred/PCEPILFE-20260830T100927Z.json,2026-08-30T10:09:27.940966+00:00,PASS,STALE,0.1.0
L4-002,2024-11-01,123.962,index,FRED,PCEPILFE,/mnt/d/Projects/GoldRush/docs/phase2-ingestion/data/macro/raw/fred/PCEPILFE-20260830T100927Z.json,2026-08-30T10:09:27.940966+00:00,PASS,STALE,0.1.0
L4-002,2024-12-01,124.196,index,FRED,PCEPILFE,/mnt/d/Projects/GoldRush/docs/phase2-ingestion/data/macro/raw/fred/PCEPILFE-20260830T100927Z.json,2026-08-30T10:09:27.940966+00:00,PASS,STALE,0.1.0
L4-002,2025-01-01,124.587,index,FRED,PCEPILFE,/mnt/d/Projects/GoldRush/docs/phase2-ingestion/data/macro/raw/fred/PCEPILFE-20260830T100927Z.json,2026-08-30T10:09:27.940966+00:00,PASS,STALE,0.1.0
L4-002,2025-02-01,125.145,index,FRED,PCEPILFE,/mnt/d/Projects/GoldRush/docs/phase2-ingestion/data/macro/raw/fred/PCEPILFE-20260830T100927Z.json,2026-08-30T10:09:27.940966+00:00,PASS,STALE,0.1.0
L4-002,2025-03-01,125.267,index,FRED,PCEPILFE,/mnt/d/Projects/GoldRush/docs/phase2-ingestion/data/macro/raw/fred/PCEPILFE-20260830T100927Z.json,2026-08-30T10:09:27.940966+00:00,PASS,STALE,0.1.0
L4-002,2025-04-01,125.502,index,FRED,PCEPILFE,/mnt/d/Projects/GoldRush/docs/phase2-ingestion/data/macro/raw/fred/PCEPILFE-20260830T100927Z.json,2026-08-30T10:09:27.940966+00:00,PASS,STALE,0.1.0
L4-002,2025-05-01,125.79,index,FRED,PCEPILFE,/mnt/d/Projects/GoldRush/docs/phase2-ingestion/data/macro/raw/fred/PCEPILFE-20260830T100927Z.json,2026-08-30T10:09:27.940966+00:00,PASS,STALE,0.1.0
L4-002,2025-06-01,126.121,index,FRED,PCEPILFE,/mnt/d/Projects/GoldRush/docs/phase2-ingestion/data/macro/raw/fred/PCEPILFE-20260830T100927Z.json,2026-08-30T10:09:27.940966+00:00,PASS,STALE,0.1.0
L4-002,2025-07-01,126.43,index,FRED,PCEPILFE,/mnt/d/Projects/GoldRush/docs/phase2-ingestion/data/macro/raw/fred/PCEPILFE-20260830T100927Z.json,2026-08-30T10:09:27.940966+00:00,PASS,STALE,0.1.0
L4-002,2025-08-01,126.714,index,FRED,PCEPILFE,/mnt/d/Projects/GoldRush/docs/phase2-ingestion/data/macro/raw/fred/PCEPILFE-20260830T100927Z.json,2026-08-30T10:09:27.940966+00:00,PASS,STALE,0.1.0
L4-002,2025-09-01,126.954,index,FRED,PCEPILFE,/mnt/d/Projects/GoldRush/docs/phase2-ingestion/data/macro/raw/fred/PCEPILFE-20260830T100927Z.json,2026-08-30T10:09:27.940966+00:00,PASS,STALE,0.1.0
L4-002,2025-10-01,127.243,index,FRED,PCEPILFE,/mnt/d/Projects/GoldRush/docs/phase2-ingestion/data/macro/raw/fred/PCEPILFE-20260830T100927Z.json,2026-08-30T10:09:27.940966+00:00,PASS,STALE,0.1.0
L4-002,2025-11-01,127.469,index,FRED,PCEPILFE,/mnt/d/Projects/GoldRush/docs/phase2-ingestion/data/macro/raw/fred/PCEPILFE-20260830T100927Z.json,2026-08-30T10:09:27.940966+00:00,PASS,STALE,0.1.0
L4-002,2025-12-01,127.886,index,FRED,PCEPILFE,/mnt/d/Projects/GoldRush/docs/phase2-ingestion/data/macro/raw/fred/PCEPILFE-20260830T100927Z.json,2026-08-30T10:09:27.940966+00:00,PASS,STALE,0.1.0
L4-002,2026-01-01,128.455,index,FRED,PCEPILFE,/mnt/d/Projects/GoldRush/docs/phase2-ingestion/data/macro/raw/fred/PCEPILFE-20260830T100927Z.json,2026-08-30T10:09:27.940966+00:00,PASS,STALE,0.1.0
L4-002,2026-02-01,128.961,index,FRED,PCEPILFE,/mnt/d/Projects/GoldRush/docs/phase2-ingestion/data/macro/raw/fred/PCEPILFE-20260830T100927Z.json,2026-08-30T10:09:27.940966+00:00,PASS,STALE,0.1.0
L4-002,2026-03-01,129.343,index,FRED,PCEPILFE,/mnt/d/Projects/GoldRush/docs/phase2-ingestion/data/macro/raw/fred/PCEPILFE-20260830T100927Z.json,2026-08-30T10:09:27.940966+00:00,PASS,STALE,0.1.0
L4-002,2026-04-01,129.681,index,FRED,PCEPILFE,/mnt/d/Projects/GoldRush/docs/phase2-ingestion/data/macro/raw/fred/PCEPILFE-20260830T100927Z.json,2026-08-30T10:09:27.940966+00:00,PASS,STALE,0.1.0
L4-002,2026-05-01,130.147,index,FRED,PCEPILFE,/mnt/d/Projects/GoldRush/docs/phase2-ingestion/data/macro/raw/fred/PCEPILFE-20260830T100927Z.json,2026-08-30T10:09:27.940966+00:00,PASS,STALE,0.1.0
L4-002,2026-06-01,130.338,index,FRED,PCEPILFE,/mnt/d/Projects/GoldRush/docs/phase2-ingestion/data/macro/raw/fred/PCEPILFE-20260830T100927Z.json,2026-08-30T10:09:27.940966+00:00,PASS,STALE,0.1.0
L4-002,2026-07-01,130.658,index,FRED,PCEPILFE,/mnt/d/Projects/GoldRush/docs/phase2-ingestion/data/macro/raw/fred/PCEPILFE-20260830T100927Z.json,2026-08-30T10:09:27.940966+00:00,PASS,STALE,0.1.0
