variable_id,observation_date,maturing_within_1y_mil_usd,total_marketable_outstanding_mil_usd,dated_detail_outstanding_mil_usd,classification_coverage_pct,marketable_debt_maturing_within_1y_pct,unit,measure_definition,source_name,endpoint,query,raw_file_paths,manifest_path,page_count,source_sha256,retrieved_at,validation_status,availability_status,parser_version
L4-009,2001-01-31,1154775.678,2977327.753,2962201.339,99.49194662949827,38.78564181711035,percent_of_marketable_treasury_debt,Positive dated marketable debt maturing after record date and within one calendar year / Total Marketable outstanding * 100,U.S. Treasury Fiscal Data — Monthly Statement of the Public Debt Table 3,https://api.fiscaldata.treasury.gov/services/api/fiscal_service/v1/debt/mspd/mspd_table_3_market,"{""fields"":""record_date,security_type_desc,security_class1_desc,maturity_date,outstanding_amt,src_line_nbr"",""filter"":""record_date:gte:1900-01-01"",""page[size]"":10000,""sort"":""record_date,src_line_nbr""}",/mnt/d/Projects/GoldRush/docs/phase2-ingestion/data/treasury/raw/treasury-20260824T034935Z-page001.json;/mnt/d/Projects/GoldRush/docs/phase2-ingestion/data/treasury/raw/treasury-20260824T034935Z-page002.json;/mnt/d/Projects/GoldRush/docs/phase2-ingestion/data/treasury/raw/treasury-20260824T034935Z-page003.json;/mnt/d/Projects/GoldRush/docs/phase2-ingestion/data/treasury/raw/treasury-20260824T034935Z-page004.json;/mnt/d/Projects/GoldRush/docs/phase2-ingestion/data/treasury/raw/treasury-20260824T034935Z-page005.json;/mnt/d/Projects/GoldRush/docs/phase2-ingestion/data/treasury/raw/treasury-20260824T034935Z-page006.json;/mnt/d/Projects/GoldRush/docs/phase2-ingestion/data/treasury/raw/treasury-20260824T034935Z-page007.json;/mnt/d/Projects/GoldRush/docs/phase2-ingestion/data/treasury/raw/treasury-20260824T034935Z-page008.json;/mnt/d/Projects/GoldRush/docs/phase2-ingestion/data/treasury/raw/treasury-20260824T034935Z-page009.json;/mnt/d/Projects/GoldRush/docs/phase2-ingestion/data/treasury/raw/treasury-20260824T034935Z-page010.json;/mnt/d/Projects/GoldRush/docs/phase2-ingestion/data/treasury/raw/treasury-20260824T034935Z-page011.json;/mnt/d/Projects/GoldRush/docs/phase2-ingestion/data/treasury/raw/treasury-20260824T034935Z-page012.json;/mnt/d/Projects/GoldRush/docs/phase2-ingestion/data/treasury/raw/treasury-20260824T034935Z-page013.json;/mnt/d/Projects/GoldRush/docs/phase2-ingestion/data/treasury/raw/treasury-20260824T034935Z-page014.json;/mnt/d/Projects/GoldRush/docs/phase2-ingestion/data/treasury/raw/treasury-20260824T034935Z-page015.json;/mnt/d/Projects/GoldRush/docs/phase2-ingestion/data/treasury/raw/treasury-20260824T034935Z-page016.json,docs/phase2-ingestion/data/treasury/manifests/treasury-20260824T034935Z.manifest.json,16,cf284fd2186cebbd098b2823e2195f5af04c4bc8c7e75507d7dd4e8bf063fd5b,2026-08-24T03:49:35.808873+00:00,PASS,AVAILABLE,0.1.0
L4-009,2001-02-28,1150820.117,2989258.357,2974113.414,99.49335449829772,38.49851633951625,percent_of_marketable_treasury_debt,Positive dated marketable debt maturing after record date and within one calendar year / Total Marketable outstanding * 100,U.S. Treasury Fiscal Data — Monthly Statement of the Public Debt Table 3,https://api.fiscaldata.treasury.gov/services/api/fiscal_service/v1/debt/mspd/mspd_table_3_market,"{""fields"":""record_date,security_type_desc,security_class1_desc,maturity_date,outstanding_amt,src_line_nbr"",""filter"":""record_date:gte:1900-01-01"",""page[size]"":10000,""sort"":""record_date,src_line_nbr""}",/mnt/d/Projects/GoldRush/docs/phase2-ingestion/data/treasury/raw/treasury-20260824T034935Z-page001.json;/mnt/d/Projects/GoldRush/docs/phase2-ingestion/data/treasury/raw/treasury-20260824T034935Z-page002.json;/mnt/d/Projects/GoldRush/docs/phase2-ingestion/data/treasury/raw/treasury-20260824T034935Z-page003.json;/mnt/d/Projects/GoldRush/docs/phase2-ingestion/data/treasury/raw/treasury-20260824T034935Z-page004.json;/mnt/d/Projects/GoldRush/docs/phase2-ingestion/data/treasury/raw/treasury-20260824T034935Z-page005.json;/mnt/d/Projects/GoldRush/docs/phase2-ingestion/data/treasury/raw/treasury-20260824T034935Z-page006.json;/mnt/d/Projects/GoldRush/docs/phase2-ingestion/data/treasury/raw/treasury-20260824T034935Z-page007.json;/mnt/d/Projects/GoldRush/docs/phase2-ingestion/data/treasury/raw/treasury-20260824T034935Z-page008.json;/mnt/d/Projects/GoldRush/docs/phase2-ingestion/data/treasury/raw/treasury-20260824T034935Z-page009.json;/mnt/d/Projects/GoldRush/docs/phase2-ingestion/data/treasury/raw/treasury-20260824T034935Z-page010.json;/mnt/d/Projects/GoldRush/docs/phase2-ingestion/data/treasury/raw/treasury-20260824T034935Z-page011.json;/mnt/d/Projects/GoldRush/docs/phase2-ingestion/data/treasury/raw/treasury-20260824T034935Z-page012.json;/mnt/d/Projects/GoldRush/docs/phase2-ingestion/data/treasury/raw/treasury-20260824T034935Z-page013.json;/mnt/d/Projects/GoldRush/docs/phase2-ingestion/data/treasury/raw/treasury-20260824T034935Z-page014.json;/mnt/d/Projects/GoldRush/docs/phase2-ingestion/data/treasury/raw/treasury-20260824T034935Z-page015.json;/mnt/d/Projects/GoldRush/docs/phase2-ingestion/data/treasury/raw/treasury-20260824T034935Z-page016.json,docs/phase2-ingestion/data/treasury/manifests/treasury-20260824T034935Z.manifest.json,16,cf284fd2186cebbd098b2823e2195f5af04c4bc8c7e75507d7dd4e8bf063fd5b,2026-08-24T03:49:35.808873+00:00,PASS,AVAILABLE,0.1.0
L4-009,2001-03-31,1177946.689,3017868.867,2966952.488,98.31283659947044,39.03240137040719,percent_of_marketable_treasury_debt,Positive dated marketable debt maturing after record date and within one calendar year / Total Marketable outstanding * 100,U.S. Treasury Fiscal Data — Monthly Statement of the Public Debt Table 3,https://api.fiscaldata.treasury.gov/services/api/fiscal_service/v1/debt/mspd/mspd_table_3_market,"{""fields"":""record_date,security_type_desc,security_class1_desc,maturity_date,outstanding_amt,src_line_nbr"",""filter"":""record_date:gte:1900-01-01"",""page[size]"":10000,""sort"":""record_date,src_line_nbr""}",/mnt/d/Projects/GoldRush/docs/phase2-ingestion/data/treasury/raw/treasury-20260824T034935Z-page001.json;/mnt/d/Projects/GoldRush/docs/phase2-ingestion/data/treasury/raw/treasury-20260824T034935Z-page002.json;/mnt/d/Projects/GoldRush/docs/phase2-ingestion/data/treasury/raw/treasury-20260824T034935Z-page003.json;/mnt/d/Projects/GoldRush/docs/phase2-ingestion/data/treasury/raw/treasury-20260824T034935Z-page004.json;/mnt/d/Projects/GoldRush/docs/phase2-ingestion/data/treasury/raw/treasury-20260824T034935Z-page005.json;/mnt/d/Projects/GoldRush/docs/phase2-ingestion/data/treasury/raw/treasury-20260824T034935Z-page006.json;/mnt/d/Projects/GoldRush/docs/phase2-ingestion/data/treasury/raw/treasury-20260824T034935Z-page007.json;/mnt/d/Projects/GoldRush/docs/phase2-ingestion/data/treasury/raw/treasury-20260824T034935Z-page008.json;/mnt/d/Projects/GoldRush/docs/phase2-ingestion/data/treasury/raw/treasury-20260824T034935Z-page009.json;/mnt/d/Projects/GoldRush/docs/phase2-ingestion/data/treasury/raw/treasury-20260824T034935Z-page010.json;/mnt/d/Projects/GoldRush/docs/phase2-ingestion/data/treasury/raw/treasury-20260824T034935Z-page011.json;/mnt/d/Projects/GoldRush/docs/phase2-ingestion/data/treasury/raw/treasury-20260824T034935Z-page012.json;/mnt/d/Projects/GoldRush/docs/phase2-ingestion/data/treasury/raw/treasury-20260824T034935Z-page013.json;/mnt/d/Projects/GoldRush/docs/phase2-ingestion/data/treasury/raw/treasury-20260824T034935Z-page014.json;/mnt/d/Projects/GoldRush/docs/phase2-ingestion/data/treasury/raw/treasury-20260824T034935Z-page015.json;/mnt/d/Projects/GoldRush/docs/phase2-ingestion/data/treasury/raw/treasury-20260824T034935Z-page016.json,docs/phase2-ingestion/data/treasury/manifests/treasury-20260824T034935Z.manifest.json,16,cf284fd2186cebbd098b2823e2195f5af04c4bc8c7e75507d7dd4e8bf063fd5b,2026-08-24T03:49:35.808873+00:00,PASS,AVAILABLE,0.1.0
L4-009,2001-04-30,1082077.784,2877871.838,2862753.66,99.47467507759114,37.599929562950884,percent_of_marketable_treasury_debt,Positive dated marketable debt maturing after record date and within one calendar year / Total Marketable outstanding * 100,U.S. Treasury Fiscal Data — Monthly Statement of the Public Debt Table 3,https://api.fiscaldata.treasury.gov/services/api/fiscal_service/v1/debt/mspd/mspd_table_3_market,"{""fields"":""record_date,security_type_desc,security_class1_desc,maturity_date,outstanding_amt,src_line_nbr"",""filter"":""record_date:gte:1900-01-01"",""page[size]"":10000,""sort"":""record_date,src_line_nbr""}",/mnt/d/Projects/GoldRush/docs/phase2-ingestion/data/treasury/raw/treasury-20260824T034935Z-page001.json;/mnt/d/Projects/GoldRush/docs/phase2-ingestion/data/treasury/raw/treasury-20260824T034935Z-page002.json;/mnt/d/Projects/GoldRush/docs/phase2-ingestion/data/treasury/raw/treasury-20260824T034935Z-page003.json;/mnt/d/Projects/GoldRush/docs/phase2-ingestion/data/treasury/raw/treasury-20260824T034935Z-page004.json;/mnt/d/Projects/GoldRush/docs/phase2-ingestion/data/treasury/raw/treasury-20260824T034935Z-page005.json;/mnt/d/Projects/GoldRush/docs/phase2-ingestion/data/treasury/raw/treasury-20260824T034935Z-page006.json;/mnt/d/Projects/GoldRush/docs/phase2-ingestion/data/treasury/raw/treasury-20260824T034935Z-page007.json;/mnt/d/Projects/GoldRush/docs/phase2-ingestion/data/treasury/raw/treasury-20260824T034935Z-page008.json;/mnt/d/Projects/GoldRush/docs/phase2-ingestion/data/treasury/raw/treasury-20260824T034935Z-page009.json;/mnt/d/Projects/GoldRush/docs/phase2-ingestion/data/treasury/raw/treasury-20260824T034935Z-page010.json;/mnt/d/Projects/GoldRush/docs/phase2-ingestion/data/treasury/raw/treasury-20260824T034935Z-page011.json;/mnt/d/Projects/GoldRush/docs/phase2-ingestion/data/treasury/raw/treasury-20260824T034935Z-page012.json;/mnt/d/Projects/GoldRush/docs/phase2-ingestion/data/treasury/raw/treasury-20260824T034935Z-page013.json;/mnt/d/Projects/GoldRush/docs/phase2-ingestion/data/treasury/raw/treasury-20260824T034935Z-page014.json;/mnt/d/Projects/GoldRush/docs/phase2-ingestion/data/treasury/raw/treasury-20260824T034935Z-page015.json;/mnt/d/Projects/GoldRush/docs/phase2-ingestion/data/treasury/raw/treasury-20260824T034935Z-page016.json,docs/phase2-ingestion/data/treasury/manifests/treasury-20260824T034935Z.manifest.json,16,cf284fd2186cebbd098b2823e2195f5af04c4bc8c7e75507d7dd4e8bf063fd5b,2026-08-24T03:49:35.808873+00:00,PASS,AVAILABLE,0.1.0
L4-009,2001-05-31,1060923.951,2855416.925,2840282.84,99.4699868566479,37.15478260674665,percent_of_marketable_treasury_debt,Positive dated marketable debt maturing after record date and within one calendar year / Total Marketable outstanding * 100,U.S. Treasury Fiscal Data — Monthly Statement of the Public Debt Table 3,https://api.fiscaldata.treasury.gov/services/api/fiscal_service/v1/debt/mspd/mspd_table_3_market,"{""fields"":""record_date,security_type_desc,security_class1_desc,maturity_date,outstanding_amt,src_line_nbr"",""filter"":""record_date:gte:1900-01-01"",""page[size]"":10000,""sort"":""record_date,src_line_nbr""}",/mnt/d/Projects/GoldRush/docs/phase2-ingestion/data/treasury/raw/treasury-20260824T034935Z-page001.json;/mnt/d/Projects/GoldRush/docs/phase2-ingestion/data/treasury/raw/treasury-20260824T034935Z-page002.json;/mnt/d/Projects/GoldRush/docs/phase2-ingestion/data/treasury/raw/treasury-20260824T034935Z-page003.json;/mnt/d/Projects/GoldRush/docs/phase2-ingestion/data/treasury/raw/treasury-20260824T034935Z-page004.json;/mnt/d/Projects/GoldRush/docs/phase2-ingestion/data/treasury/raw/treasury-20260824T034935Z-page005.json;/mnt/d/Projects/GoldRush/docs/phase2-ingestion/data/treasury/raw/treasury-20260824T034935Z-page006.json;/mnt/d/Projects/GoldRush/docs/phase2-ingestion/data/treasury/raw/treasury-20260824T034935Z-page007.json;/mnt/d/Projects/GoldRush/docs/phase2-ingestion/data/treasury/raw/treasury-20260824T034935Z-page008.json;/mnt/d/Projects/GoldRush/docs/phase2-ingestion/data/treasury/raw/treasury-20260824T034935Z-page009.json;/mnt/d/Projects/GoldRush/docs/phase2-ingestion/data/treasury/raw/treasury-20260824T034935Z-page010.json;/mnt/d/Projects/GoldRush/docs/phase2-ingestion/data/treasury/raw/treasury-20260824T034935Z-page011.json;/mnt/d/Projects/GoldRush/docs/phase2-ingestion/data/treasury/raw/treasury-20260824T034935Z-page012.json;/mnt/d/Projects/GoldRush/docs/phase2-ingestion/data/treasury/raw/treasury-20260824T034935Z-page013.json;/mnt/d/Projects/GoldRush/docs/phase2-ingestion/data/treasury/raw/treasury-20260824T034935Z-page014.json;/mnt/d/Projects/GoldRush/docs/phase2-ingestion/data/treasury/raw/treasury-20260824T034935Z-page015.json;/mnt/d/Projects/GoldRush/docs/phase2-ingestion/data/treasury/raw/treasury-20260824T034935Z-page016.json,docs/phase2-ingestion/data/treasury/manifests/treasury-20260824T034935Z.manifest.json,16,cf284fd2186cebbd098b2823e2195f5af04c4bc8c7e75507d7dd4e8bf063fd5b,2026-08-24T03:49:35.808873+00:00,PASS,AVAILABLE,0.1.0
L4-009,2001-06-30,1056602.936,2855734.856,2807334.99,98.30516947684025,36.999336047604,percent_of_marketable_treasury_debt,Positive dated marketable debt maturing after record date and within one calendar year / Total Marketable outstanding * 100,U.S. Treasury Fiscal Data — Monthly Statement of the Public Debt Table 3,https://api.fiscaldata.treasury.gov/services/api/fiscal_service/v1/debt/mspd/mspd_table_3_market,"{""fields"":""record_date,security_type_desc,security_class1_desc,maturity_date,outstanding_amt,src_line_nbr"",""filter"":""record_date:gte:1900-01-01"",""page[size]"":10000,""sort"":""record_date,src_line_nbr""}",/mnt/d/Projects/GoldRush/docs/phase2-ingestion/data/treasury/raw/treasury-20260824T034935Z-page001.json;/mnt/d/Projects/GoldRush/docs/phase2-ingestion/data/treasury/raw/treasury-20260824T034935Z-page002.json;/mnt/d/Projects/GoldRush/docs/phase2-ingestion/data/treasury/raw/treasury-20260824T034935Z-page003.json;/mnt/d/Projects/GoldRush/docs/phase2-ingestion/data/treasury/raw/treasury-20260824T034935Z-page004.json;/mnt/d/Projects/GoldRush/docs/phase2-ingestion/data/treasury/raw/treasury-20260824T034935Z-page005.json;/mnt/d/Projects/GoldRush/docs/phase2-ingestion/data/treasury/raw/treasury-20260824T034935Z-page006.json;/mnt/d/Projects/GoldRush/docs/phase2-ingestion/data/treasury/raw/treasury-20260824T034935Z-page007.json;/mnt/d/Projects/GoldRush/docs/phase2-ingestion/data/treasury/raw/treasury-20260824T034935Z-page008.json;/mnt/d/Projects/GoldRush/docs/phase2-ingestion/data/treasury/raw/treasury-20260824T034935Z-page009.json;/mnt/d/Projects/GoldRush/docs/phase2-ingestion/data/treasury/raw/treasury-20260824T034935Z-page010.json;/mnt/d/Projects/GoldRush/docs/phase2-ingestion/data/treasury/raw/treasury-20260824T034935Z-page011.json;/mnt/d/Projects/GoldRush/docs/phase2-ingestion/data/treasury/raw/treasury-20260824T034935Z-page012.json;/mnt/d/Projects/GoldRush/docs/phase2-ingestion/data/treasury/raw/treasury-20260824T034935Z-page013.json;/mnt/d/Projects/GoldRush/docs/phase2-ingestion/data/treasury/raw/treasury-20260824T034935Z-page014.json;/mnt/d/Projects/GoldRush/docs/phase2-ingestion/data/treasury/raw/treasury-20260824T034935Z-page015.json;/mnt/d/Projects/GoldRush/docs/phase2-ingestion/data/treasury/raw/treasury-20260824T034935Z-page016.json,docs/phase2-ingestion/data/treasury/manifests/treasury-20260824T034935Z.manifest.json,16,cf284fd2186cebbd098b2823e2195f5af04c4bc8c7e75507d7dd4e8bf063fd5b,2026-08-24T03:49:35.808873+00:00,PASS,AVAILABLE,0.1.0
L4-009,2001-07-31,1100871.412,2852884.536,2837770.707,99.47022640386312,38.58801147078741,percent_of_marketable_treasury_debt,Positive dated marketable debt maturing after record date and within one calendar year / Total Marketable outstanding * 100,U.S. Treasury Fiscal Data — Monthly Statement of the Public Debt Table 3,https://api.fiscaldata.treasury.gov/services/api/fiscal_service/v1/debt/mspd/mspd_table_3_market,"{""fields"":""record_date,security_type_desc,security_class1_desc,maturity_date,outstanding_amt,src_line_nbr"",""filter"":""record_date:gte:1900-01-01"",""page[size]"":10000,""sort"":""record_date,src_line_nbr""}",/mnt/d/Projects/GoldRush/docs/phase2-ingestion/data/treasury/raw/treasury-20260824T034935Z-page001.json;/mnt/d/Projects/GoldRush/docs/phase2-ingestion/data/treasury/raw/treasury-20260824T034935Z-page002.json;/mnt/d/Projects/GoldRush/docs/phase2-ingestion/data/treasury/raw/treasury-20260824T034935Z-page003.json;/mnt/d/Projects/GoldRush/docs/phase2-ingestion/data/treasury/raw/treasury-20260824T034935Z-page004.json;/mnt/d/Projects/GoldRush/docs/phase2-ingestion/data/treasury/raw/treasury-20260824T034935Z-page005.json;/mnt/d/Projects/GoldRush/docs/phase2-ingestion/data/treasury/raw/treasury-20260824T034935Z-page006.json;/mnt/d/Projects/GoldRush/docs/phase2-ingestion/data/treasury/raw/treasury-20260824T034935Z-page007.json;/mnt/d/Projects/GoldRush/docs/phase2-ingestion/data/treasury/raw/treasury-20260824T034935Z-page008.json;/mnt/d/Projects/GoldRush/docs/phase2-ingestion/data/treasury/raw/treasury-20260824T034935Z-page009.json;/mnt/d/Projects/GoldRush/docs/phase2-ingestion/data/treasury/raw/treasury-20260824T034935Z-page010.json;/mnt/d/Projects/GoldRush/docs/phase2-ingestion/data/treasury/raw/treasury-20260824T034935Z-page011.json;/mnt/d/Projects/GoldRush/docs/phase2-ingestion/data/treasury/raw/treasury-20260824T034935Z-page012.json;/mnt/d/Projects/GoldRush/docs/phase2-ingestion/data/treasury/raw/treasury-20260824T034935Z-page013.json;/mnt/d/Projects/GoldRush/docs/phase2-ingestion/data/treasury/raw/treasury-20260824T034935Z-page014.json;/mnt/d/Projects/GoldRush/docs/phase2-ingestion/data/treasury/raw/treasury-20260824T034935Z-page015.json;/mnt/d/Projects/GoldRush/docs/phase2-ingestion/data/treasury/raw/treasury-20260824T034935Z-page016.json,docs/phase2-ingestion/data/treasury/manifests/treasury-20260824T034935Z.manifest.json,16,cf284fd2186cebbd098b2823e2195f5af04c4bc8c7e75507d7dd4e8bf063fd5b,2026-08-24T03:49:35.808873+00:00,PASS,AVAILABLE,0.1.0
L4-009,2001-08-31,1183893.477,2928832.253,2913707.62,99.48359510912556,40.42203085503921,percent_of_marketable_treasury_debt,Positive dated marketable debt maturing after record date and within one calendar year / Total Marketable outstanding * 100,U.S. Treasury Fiscal Data — Monthly Statement of the Public Debt Table 3,https://api.fiscaldata.treasury.gov/services/api/fiscal_service/v1/debt/mspd/mspd_table_3_market,"{""fields"":""record_date,security_type_desc,security_class1_desc,maturity_date,outstanding_amt,src_line_nbr"",""filter"":""record_date:gte:1900-01-01"",""page[size]"":10000,""sort"":""record_date,src_line_nbr""}",/mnt/d/Projects/GoldRush/docs/phase2-ingestion/data/treasury/raw/treasury-20260824T034935Z-page001.json;/mnt/d/Projects/GoldRush/docs/phase2-ingestion/data/treasury/raw/treasury-20260824T034935Z-page002.json;/mnt/d/Projects/GoldRush/docs/phase2-ingestion/data/treasury/raw/treasury-20260824T034935Z-page003.json;/mnt/d/Projects/GoldRush/docs/phase2-ingestion/data/treasury/raw/treasury-20260824T034935Z-page004.json;/mnt/d/Projects/GoldRush/docs/phase2-ingestion/data/treasury/raw/treasury-20260824T034935Z-page005.json;/mnt/d/Projects/GoldRush/docs/phase2-ingestion/data/treasury/raw/treasury-20260824T034935Z-page006.json;/mnt/d/Projects/GoldRush/docs/phase2-ingestion/data/treasury/raw/treasury-20260824T034935Z-page007.json;/mnt/d/Projects/GoldRush/docs/phase2-ingestion/data/treasury/raw/treasury-20260824T034935Z-page008.json;/mnt/d/Projects/GoldRush/docs/phase2-ingestion/data/treasury/raw/treasury-20260824T034935Z-page009.json;/mnt/d/Projects/GoldRush/docs/phase2-ingestion/data/treasury/raw/treasury-20260824T034935Z-page010.json;/mnt/d/Projects/GoldRush/docs/phase2-ingestion/data/treasury/raw/treasury-20260824T034935Z-page011.json;/mnt/d/Projects/GoldRush/docs/phase2-ingestion/data/treasury/raw/treasury-20260824T034935Z-page012.json;/mnt/d/Projects/GoldRush/docs/phase2-ingestion/data/treasury/raw/treasury-20260824T034935Z-page013.json;/mnt/d/Projects/GoldRush/docs/phase2-ingestion/data/treasury/raw/treasury-20260824T034935Z-page014.json;/mnt/d/Projects/GoldRush/docs/phase2-ingestion/data/treasury/raw/treasury-20260824T034935Z-page015.json;/mnt/d/Projects/GoldRush/docs/phase2-ingestion/data/treasury/raw/treasury-20260824T034935Z-page016.json,docs/phase2-ingestion/data/treasury/manifests/treasury-20260824T034935Z.manifest.json,16,cf284fd2186cebbd098b2823e2195f5af04c4bc8c7e75507d7dd4e8bf063fd5b,2026-08-24T03:49:35.808873+00:00,PASS,AVAILABLE,0.1.0
L4-009,2001-09-30,1180748.214,2930725.578,2882296.982,98.34755610134441,40.28859688752476,percent_of_marketable_treasury_debt,Positive dated marketable debt maturing after record date and within one calendar year / Total Marketable outstanding * 100,U.S. Treasury Fiscal Data — Monthly Statement of the Public Debt Table 3,https://api.fiscaldata.treasury.gov/services/api/fiscal_service/v1/debt/mspd/mspd_table_3_market,"{""fields"":""record_date,security_type_desc,security_class1_desc,maturity_date,outstanding_amt,src_line_nbr"",""filter"":""record_date:gte:1900-01-01"",""page[size]"":10000,""sort"":""record_date,src_line_nbr""}",/mnt/d/Projects/GoldRush/docs/phase2-ingestion/data/treasury/raw/treasury-20260824T034935Z-page001.json;/mnt/d/Projects/GoldRush/docs/phase2-ingestion/data/treasury/raw/treasury-20260824T034935Z-page002.json;/mnt/d/Projects/GoldRush/docs/phase2-ingestion/data/treasury/raw/treasury-20260824T034935Z-page003.json;/mnt/d/Projects/GoldRush/docs/phase2-ingestion/data/treasury/raw/treasury-20260824T034935Z-page004.json;/mnt/d/Projects/GoldRush/docs/phase2-ingestion/data/treasury/raw/treasury-20260824T034935Z-page005.json;/mnt/d/Projects/GoldRush/docs/phase2-ingestion/data/treasury/raw/treasury-20260824T034935Z-page006.json;/mnt/d/Projects/GoldRush/docs/phase2-ingestion/data/treasury/raw/treasury-20260824T034935Z-page007.json;/mnt/d/Projects/GoldRush/docs/phase2-ingestion/data/treasury/raw/treasury-20260824T034935Z-page008.json;/mnt/d/Projects/GoldRush/docs/phase2-ingestion/data/treasury/raw/treasury-20260824T034935Z-page009.json;/mnt/d/Projects/GoldRush/docs/phase2-ingestion/data/treasury/raw/treasury-20260824T034935Z-page010.json;/mnt/d/Projects/GoldRush/docs/phase2-ingestion/data/treasury/raw/treasury-20260824T034935Z-page011.json;/mnt/d/Projects/GoldRush/docs/phase2-ingestion/data/treasury/raw/treasury-20260824T034935Z-page012.json;/mnt/d/Projects/GoldRush/docs/phase2-ingestion/data/treasury/raw/treasury-20260824T034935Z-page013.json;/mnt/d/Projects/GoldRush/docs/phase2-ingestion/data/treasury/raw/treasury-20260824T034935Z-page014.json;/mnt/d/Projects/GoldRush/docs/phase2-ingestion/data/treasury/raw/treasury-20260824T034935Z-page015.json;/mnt/d/Projects/GoldRush/docs/phase2-ingestion/data/treasury/raw/treasury-20260824T034935Z-page016.json,docs/phase2-ingestion/data/treasury/manifests/treasury-20260824T034935Z.manifest.json,16,cf284fd2186cebbd098b2823e2195f5af04c4bc8c7e75507d7dd4e8bf063fd5b,2026-08-24T03:49:35.808873+00:00,PASS,AVAILABLE,0.1.0
L4-009,2001-10-31,1174867.304,2921252.5438,2906147.2438,99.48291700996344,40.21793002777222,percent_of_marketable_treasury_debt,Positive dated marketable debt maturing after record date and within one calendar year / Total Marketable outstanding * 100,U.S. Treasury Fiscal Data — Monthly Statement of the Public Debt Table 3,https://api.fiscaldata.treasury.gov/services/api/fiscal_service/v1/debt/mspd/mspd_table_3_market,"{""fields"":""record_date,security_type_desc,security_class1_desc,maturity_date,outstanding_amt,src_line_nbr"",""filter"":""record_date:gte:1900-01-01"",""page[size]"":10000,""sort"":""record_date,src_line_nbr""}",/mnt/d/Projects/GoldRush/docs/phase2-ingestion/data/treasury/raw/treasury-20260824T034935Z-page001.json;/mnt/d/Projects/GoldRush/docs/phase2-ingestion/data/treasury/raw/treasury-20260824T034935Z-page002.json;/mnt/d/Projects/GoldRush/docs/phase2-ingestion/data/treasury/raw/treasury-20260824T034935Z-page003.json;/mnt/d/Projects/GoldRush/docs/phase2-ingestion/data/treasury/raw/treasury-20260824T034935Z-page004.json;/mnt/d/Projects/GoldRush/docs/phase2-ingestion/data/treasury/raw/treasury-20260824T034935Z-page005.json;/mnt/d/Projects/GoldRush/docs/phase2-ingestion/data/treasury/raw/treasury-20260824T034935Z-page006.json;/mnt/d/Projects/GoldRush/docs/phase2-ingestion/data/treasury/raw/treasury-20260824T034935Z-page007.json;/mnt/d/Projects/GoldRush/docs/phase2-ingestion/data/treasury/raw/treasury-20260824T034935Z-page008.json;/mnt/d/Projects/GoldRush/docs/phase2-ingestion/data/treasury/raw/treasury-20260824T034935Z-page009.json;/mnt/d/Projects/GoldRush/docs/phase2-ingestion/data/treasury/raw/treasury-20260824T034935Z-page010.json;/mnt/d/Projects/GoldRush/docs/phase2-ingestion/data/treasury/raw/treasury-20260824T034935Z-page011.json;/mnt/d/Projects/GoldRush/docs/phase2-ingestion/data/treasury/raw/treasury-20260824T034935Z-page012.json;/mnt/d/Projects/GoldRush/docs/phase2-ingestion/data/treasury/raw/treasury-20260824T034935Z-page013.json;/mnt/d/Projects/GoldRush/docs/phase2-ingestion/data/treasury/raw/treasury-20260824T034935Z-page014.json;/mnt/d/Projects/GoldRush/docs/phase2-ingestion/data/treasury/raw/treasury-20260824T034935Z-page015.json;/mnt/d/Projects/GoldRush/docs/phase2-ingestion/data/treasury/raw/treasury-20260824T034935Z-page016.json,docs/phase2-ingestion/data/treasury/manifests/treasury-20260824T034935Z.manifest.json,16,cf284fd2186cebbd098b2823e2195f5af04c4bc8c7e75507d7dd4e8bf063fd5b,2026-08-24T03:49:35.808873+00:00,PASS,AVAILABLE,0.1.0
L4-009,2001-11-30,1222540.54,2991375.461,2976230.009,99.49369605395717,40.868842976712514,percent_of_marketable_treasury_debt,Positive dated marketable debt maturing after record date and within one calendar year / Total Marketable outstanding * 100,U.S. Treasury Fiscal Data — Monthly Statement of the Public Debt Table 3,https://api.fiscaldata.treasury.gov/services/api/fiscal_service/v1/debt/mspd/mspd_table_3_market,"{""fields"":""record_date,security_type_desc,security_class1_desc,maturity_date,outstanding_amt,src_line_nbr"",""filter"":""record_date:gte:1900-01-01"",""page[size]"":10000,""sort"":""record_date,src_line_nbr""}",/mnt/d/Projects/GoldRush/docs/phase2-ingestion/data/treasury/raw/treasury-20260824T034935Z-page001.json;/mnt/d/Projects/GoldRush/docs/phase2-ingestion/data/treasury/raw/treasury-20260824T034935Z-page002.json;/mnt/d/Projects/GoldRush/docs/phase2-ingestion/data/treasury/raw/treasury-20260824T034935Z-page003.json;/mnt/d/Projects/GoldRush/docs/phase2-ingestion/data/treasury/raw/treasury-20260824T034935Z-page004.json;/mnt/d/Projects/GoldRush/docs/phase2-ingestion/data/treasury/raw/treasury-20260824T034935Z-page005.json;/mnt/d/Projects/GoldRush/docs/phase2-ingestion/data/treasury/raw/treasury-20260824T034935Z-page006.json;/mnt/d/Projects/GoldRush/docs/phase2-ingestion/data/treasury/raw/treasury-20260824T034935Z-page007.json;/mnt/d/Projects/GoldRush/docs/phase2-ingestion/data/treasury/raw/treasury-20260824T034935Z-page008.json;/mnt/d/Projects/GoldRush/docs/phase2-ingestion/data/treasury/raw/treasury-20260824T034935Z-page009.json;/mnt/d/Projects/GoldRush/docs/phase2-ingestion/data/treasury/raw/treasury-20260824T034935Z-page010.json;/mnt/d/Projects/GoldRush/docs/phase2-ingestion/data/treasury/raw/treasury-20260824T034935Z-page011.json;/mnt/d/Projects/GoldRush/docs/phase2-ingestion/data/treasury/raw/treasury-20260824T034935Z-page012.json;/mnt/d/Projects/GoldRush/docs/phase2-ingestion/data/treasury/raw/treasury-20260824T034935Z-page013.json;/mnt/d/Projects/GoldRush/docs/phase2-ingestion/data/treasury/raw/treasury-20260824T034935Z-page014.json;/mnt/d/Projects/GoldRush/docs/phase2-ingestion/data/treasury/raw/treasury-20260824T034935Z-page015.json;/mnt/d/Projects/GoldRush/docs/phase2-ingestion/data/treasury/raw/treasury-20260824T034935Z-page016.json,docs/phase2-ingestion/data/treasury/manifests/treasury-20260824T034935Z.manifest.json,16,cf284fd2186cebbd098b2823e2195f5af04c4bc8c7e75507d7dd4e8bf063fd5b,2026-08-24T03:49:35.808873+00:00,PASS,AVAILABLE,0.1.0
L4-009,2001-12-31,1216041.884,2983000.584,2967893.182,99.4935501494357,40.765727319079865,percent_of_marketable_treasury_debt,Positive dated marketable debt maturing after record date and within one calendar year / Total Marketable outstanding * 100,U.S. Treasury Fiscal Data — Monthly Statement of the Public Debt Table 3,https://api.fiscaldata.treasury.gov/services/api/fiscal_service/v1/debt/mspd/mspd_table_3_market,"{""fields"":""record_date,security_type_desc,security_class1_desc,maturity_date,outstanding_amt,src_line_nbr"",""filter"":""record_date:gte:1900-01-01"",""page[size]"":10000,""sort"":""record_date,src_line_nbr""}",/mnt/d/Projects/GoldRush/docs/phase2-ingestion/data/treasury/raw/treasury-20260824T034935Z-page001.json;/mnt/d/Projects/GoldRush/docs/phase2-ingestion/data/treasury/raw/treasury-20260824T034935Z-page002.json;/mnt/d/Projects/GoldRush/docs/phase2-ingestion/data/treasury/raw/treasury-20260824T034935Z-page003.json;/mnt/d/Projects/GoldRush/docs/phase2-ingestion/data/treasury/raw/treasury-20260824T034935Z-page004.json;/mnt/d/Projects/GoldRush/docs/phase2-ingestion/data/treasury/raw/treasury-20260824T034935Z-page005.json;/mnt/d/Projects/GoldRush/docs/phase2-ingestion/data/treasury/raw/treasury-20260824T034935Z-page006.json;/mnt/d/Projects/GoldRush/docs/phase2-ingestion/data/treasury/raw/treasury-20260824T034935Z-page007.json;/mnt/d/Projects/GoldRush/docs/phase2-ingestion/data/treasury/raw/treasury-20260824T034935Z-page008.json;/mnt/d/Projects/GoldRush/docs/phase2-ingestion/data/treasury/raw/treasury-20260824T034935Z-page009.json;/mnt/d/Projects/GoldRush/docs/phase2-ingestion/data/treasury/raw/treasury-20260824T034935Z-page010.json;/mnt/d/Projects/GoldRush/docs/phase2-ingestion/data/treasury/raw/treasury-20260824T034935Z-page011.json;/mnt/d/Projects/GoldRush/docs/phase2-ingestion/data/treasury/raw/treasury-20260824T034935Z-page012.json;/mnt/d/Projects/GoldRush/docs/phase2-ingestion/data/treasury/raw/treasury-20260824T034935Z-page013.json;/mnt/d/Projects/GoldRush/docs/phase2-ingestion/data/treasury/raw/treasury-20260824T034935Z-page014.json;/mnt/d/Projects/GoldRush/docs/phase2-ingestion/data/treasury/raw/treasury-20260824T034935Z-page015.json;/mnt/d/Projects/GoldRush/docs/phase2-ingestion/data/treasury/raw/treasury-20260824T034935Z-page016.json,docs/phase2-ingestion/data/treasury/manifests/treasury-20260824T034935Z.manifest.json,16,cf284fd2186cebbd098b2823e2195f5af04c4bc8c7e75507d7dd4e8bf063fd5b,2026-08-24T03:49:35.808873+00:00,PASS,AVAILABLE,0.1.0
L4-009,2002-01-31,1193208.629,2968185.95,2953079.832,99.49106564566819,40.19992847820063,percent_of_marketable_treasury_debt,Positive dated marketable debt maturing after record date and within one calendar year / Total Marketable outstanding * 100,U.S. Treasury Fiscal Data — Monthly Statement of the Public Debt Table 3,https://api.fiscaldata.treasury.gov/services/api/fiscal_service/v1/debt/mspd/mspd_table_3_market,"{""fields"":""record_date,security_type_desc,security_class1_desc,maturity_date,outstanding_amt,src_line_nbr"",""filter"":""record_date:gte:1900-01-01"",""page[size]"":10000,""sort"":""record_date,src_line_nbr""}",/mnt/d/Projects/GoldRush/docs/phase2-ingestion/data/treasury/raw/treasury-20260824T034935Z-page001.json;/mnt/d/Projects/GoldRush/docs/phase2-ingestion/data/treasury/raw/treasury-20260824T034935Z-page002.json;/mnt/d/Projects/GoldRush/docs/phase2-ingestion/data/treasury/raw/treasury-20260824T034935Z-page003.json;/mnt/d/Projects/GoldRush/docs/phase2-ingestion/data/treasury/raw/treasury-20260824T034935Z-page004.json;/mnt/d/Projects/GoldRush/docs/phase2-ingestion/data/treasury/raw/treasury-20260824T034935Z-page005.json;/mnt/d/Projects/GoldRush/docs/phase2-ingestion/data/treasury/raw/treasury-20260824T034935Z-page006.json;/mnt/d/Projects/GoldRush/docs/phase2-ingestion/data/treasury/raw/treasury-20260824T034935Z-page007.json;/mnt/d/Projects/GoldRush/docs/phase2-ingestion/data/treasury/raw/treasury-20260824T034935Z-page008.json;/mnt/d/Projects/GoldRush/docs/phase2-ingestion/data/treasury/raw/treasury-20260824T034935Z-page009.json;/mnt/d/Projects/GoldRush/docs/phase2-ingestion/data/treasury/raw/treasury-20260824T034935Z-page010.json;/mnt/d/Projects/GoldRush/docs/phase2-ingestion/data/treasury/raw/treasury-20260824T034935Z-page011.json;/mnt/d/Projects/GoldRush/docs/phase2-ingestion/data/treasury/raw/treasury-20260824T034935Z-page012.json;/mnt/d/Projects/GoldRush/docs/phase2-ingestion/data/treasury/raw/treasury-20260824T034935Z-page013.json;/mnt/d/Projects/GoldRush/docs/phase2-ingestion/data/treasury/raw/treasury-20260824T034935Z-page014.json;/mnt/d/Projects/GoldRush/docs/phase2-ingestion/data/treasury/raw/treasury-20260824T034935Z-page015.json;/mnt/d/Projects/GoldRush/docs/phase2-ingestion/data/treasury/raw/treasury-20260824T034935Z-page016.json,docs/phase2-ingestion/data/treasury/manifests/treasury-20260824T034935Z.manifest.json,16,cf284fd2186cebbd098b2823e2195f5af04c4bc8c7e75507d7dd4e8bf063fd5b,2026-08-24T03:49:35.808873+00:00,PASS,AVAILABLE,0.1.0
L4-009,2002-02-28,1256456.831,3033620.492,3018427.057,99.49916494037186,41.41773284804143,percent_of_marketable_treasury_debt,Positive dated marketable debt maturing after record date and within one calendar year / Total Marketable outstanding * 100,U.S. Treasury Fiscal Data — Monthly Statement of the Public Debt Table 3,https://api.fiscaldata.treasury.gov/services/api/fiscal_service/v1/debt/mspd/mspd_table_3_market,"{""fields"":""record_date,security_type_desc,security_class1_desc,maturity_date,outstanding_amt,src_line_nbr"",""filter"":""record_date:gte:1900-01-01"",""page[size]"":10000,""sort"":""record_date,src_line_nbr""}",/mnt/d/Projects/GoldRush/docs/phase2-ingestion/data/treasury/raw/treasury-20260824T034935Z-page001.json;/mnt/d/Projects/GoldRush/docs/phase2-ingestion/data/treasury/raw/treasury-20260824T034935Z-page002.json;/mnt/d/Projects/GoldRush/docs/phase2-ingestion/data/treasury/raw/treasury-20260824T034935Z-page003.json;/mnt/d/Projects/GoldRush/docs/phase2-ingestion/data/treasury/raw/treasury-20260824T034935Z-page004.json;/mnt/d/Projects/GoldRush/docs/phase2-ingestion/data/treasury/raw/treasury-20260824T034935Z-page005.json;/mnt/d/Projects/GoldRush/docs/phase2-ingestion/data/treasury/raw/treasury-20260824T034935Z-page006.json;/mnt/d/Projects/GoldRush/docs/phase2-ingestion/data/treasury/raw/treasury-20260824T034935Z-page007.json;/mnt/d/Projects/GoldRush/docs/phase2-ingestion/data/treasury/raw/treasury-20260824T034935Z-page008.json;/mnt/d/Projects/GoldRush/docs/phase2-ingestion/data/treasury/raw/treasury-20260824T034935Z-page009.json;/mnt/d/Projects/GoldRush/docs/phase2-ingestion/data/treasury/raw/treasury-20260824T034935Z-page010.json;/mnt/d/Projects/GoldRush/docs/phase2-ingestion/data/treasury/raw/treasury-20260824T034935Z-page011.json;/mnt/d/Projects/GoldRush/docs/phase2-ingestion/data/treasury/raw/treasury-20260824T034935Z-page012.json;/mnt/d/Projects/GoldRush/docs/phase2-ingestion/data/treasury/raw/treasury-20260824T034935Z-page013.json;/mnt/d/Projects/GoldRush/docs/phase2-ingestion/data/treasury/raw/treasury-20260824T034935Z-page014.json;/mnt/d/Projects/GoldRush/docs/phase2-ingestion/data/treasury/raw/treasury-20260824T034935Z-page015.json;/mnt/d/Projects/GoldRush/docs/phase2-ingestion/data/treasury/raw/treasury-20260824T034935Z-page016.json,docs/phase2-ingestion/data/treasury/manifests/treasury-20260824T034935Z.manifest.json,16,cf284fd2186cebbd098b2823e2195f5af04c4bc8c7e75507d7dd4e8bf063fd5b,2026-08-24T03:49:35.808873+00:00,PASS,AVAILABLE,0.1.0
L4-009,2002-03-31,1254968.168,3035025.685,2988332.622,98.46152659495533,41.349507327151336,percent_of_marketable_treasury_debt,Positive dated marketable debt maturing after record date and within one calendar year / Total Marketable outstanding * 100,U.S. Treasury Fiscal Data — Monthly Statement of the Public Debt Table 3,https://api.fiscaldata.treasury.gov/services/api/fiscal_service/v1/debt/mspd/mspd_table_3_market,"{""fields"":""record_date,security_type_desc,security_class1_desc,maturity_date,outstanding_amt,src_line_nbr"",""filter"":""record_date:gte:1900-01-01"",""page[size]"":10000,""sort"":""record_date,src_line_nbr""}",/mnt/d/Projects/GoldRush/docs/phase2-ingestion/data/treasury/raw/treasury-20260824T034935Z-page001.json;/mnt/d/Projects/GoldRush/docs/phase2-ingestion/data/treasury/raw/treasury-20260824T034935Z-page002.json;/mnt/d/Projects/GoldRush/docs/phase2-ingestion/data/treasury/raw/treasury-20260824T034935Z-page003.json;/mnt/d/Projects/GoldRush/docs/phase2-ingestion/data/treasury/raw/treasury-20260824T034935Z-page004.json;/mnt/d/Projects/GoldRush/docs/phase2-ingestion/data/treasury/raw/treasury-20260824T034935Z-page005.json;/mnt/d/Projects/GoldRush/docs/phase2-ingestion/data/treasury/raw/treasury-20260824T034935Z-page006.json;/mnt/d/Projects/GoldRush/docs/phase2-ingestion/data/treasury/raw/treasury-20260824T034935Z-page007.json;/mnt/d/Projects/GoldRush/docs/phase2-ingestion/data/treasury/raw/treasury-20260824T034935Z-page008.json;/mnt/d/Projects/GoldRush/docs/phase2-ingestion/data/treasury/raw/treasury-20260824T034935Z-page009.json;/mnt/d/Projects/GoldRush/docs/phase2-ingestion/data/treasury/raw/treasury-20260824T034935Z-page010.json;/mnt/d/Projects/GoldRush/docs/phase2-ingestion/data/treasury/raw/treasury-20260824T034935Z-page011.json;/mnt/d/Projects/GoldRush/docs/phase2-ingestion/data/treasury/raw/treasury-20260824T034935Z-page012.json;/mnt/d/Projects/GoldRush/docs/phase2-ingestion/data/treasury/raw/treasury-20260824T034935Z-page013.json;/mnt/d/Projects/GoldRush/docs/phase2-ingestion/data/treasury/raw/treasury-20260824T034935Z-page014.json;/mnt/d/Projects/GoldRush/docs/phase2-ingestion/data/treasury/raw/treasury-20260824T034935Z-page015.json;/mnt/d/Projects/GoldRush/docs/phase2-ingestion/data/treasury/raw/treasury-20260824T034935Z-page016.json,docs/phase2-ingestion/data/treasury/manifests/treasury-20260824T034935Z.manifest.json,16,cf284fd2186cebbd098b2823e2195f5af04c4bc8c7e75507d7dd4e8bf063fd5b,2026-08-24T03:49:35.808873+00:00,PASS,AVAILABLE,0.1.0
L4-009,2002-04-30,1208180.89,2992748.637,2977611.506,99.4942064023401,40.3702761756533,percent_of_marketable_treasury_debt,Positive dated marketable debt maturing after record date and within one calendar year / Total Marketable outstanding * 100,U.S. Treasury Fiscal Data — Monthly Statement of the Public Debt Table 3,https://api.fiscaldata.treasury.gov/services/api/fiscal_service/v1/debt/mspd/mspd_table_3_market,"{""fields"":""record_date,security_type_desc,security_class1_desc,maturity_date,outstanding_amt,src_line_nbr"",""filter"":""record_date:gte:1900-01-01"",""page[size]"":10000,""sort"":""record_date,src_line_nbr""}",/mnt/d/Projects/GoldRush/docs/phase2-ingestion/data/treasury/raw/treasury-20260824T034935Z-page001.json;/mnt/d/Projects/GoldRush/docs/phase2-ingestion/data/treasury/raw/treasury-20260824T034935Z-page002.json;/mnt/d/Projects/GoldRush/docs/phase2-ingestion/data/treasury/raw/treasury-20260824T034935Z-page003.json;/mnt/d/Projects/GoldRush/docs/phase2-ingestion/data/treasury/raw/treasury-20260824T034935Z-page004.json;/mnt/d/Projects/GoldRush/docs/phase2-ingestion/data/treasury/raw/treasury-20260824T034935Z-page005.json;/mnt/d/Projects/GoldRush/docs/phase2-ingestion/data/treasury/raw/treasury-20260824T034935Z-page006.json;/mnt/d/Projects/GoldRush/docs/phase2-ingestion/data/treasury/raw/treasury-20260824T034935Z-page007.json;/mnt/d/Projects/GoldRush/docs/phase2-ingestion/data/treasury/raw/treasury-20260824T034935Z-page008.json;/mnt/d/Projects/GoldRush/docs/phase2-ingestion/data/treasury/raw/treasury-20260824T034935Z-page009.json;/mnt/d/Projects/GoldRush/docs/phase2-ingestion/data/treasury/raw/treasury-20260824T034935Z-page010.json;/mnt/d/Projects/GoldRush/docs/phase2-ingestion/data/treasury/raw/treasury-20260824T034935Z-page011.json;/mnt/d/Projects/GoldRush/docs/phase2-ingestion/data/treasury/raw/treasury-20260824T034935Z-page012.json;/mnt/d/Projects/GoldRush/docs/phase2-ingestion/data/treasury/raw/treasury-20260824T034935Z-page013.json;/mnt/d/Projects/GoldRush/docs/phase2-ingestion/data/treasury/raw/treasury-20260824T034935Z-page014.json;/mnt/d/Projects/GoldRush/docs/phase2-ingestion/data/treasury/raw/treasury-20260824T034935Z-page015.json;/mnt/d/Projects/GoldRush/docs/phase2-ingestion/data/treasury/raw/treasury-20260824T034935Z-page016.json,docs/phase2-ingestion/data/treasury/manifests/treasury-20260824T034935Z.manifest.json,16,cf284fd2186cebbd098b2823e2195f5af04c4bc8c7e75507d7dd4e8bf063fd5b,2026-08-24T03:49:35.808873+00:00,PASS,AVAILABLE,0.1.0
L4-009,2002-05-31,1220535.209,3045137.3039,3030004.042,99.50303515442084,40.081450758782644,percent_of_marketable_treasury_debt,Positive dated marketable debt maturing after record date and within one calendar year / Total Marketable outstanding * 100,U.S. Treasury Fiscal Data — Monthly Statement of the Public Debt Table 3,https://api.fiscaldata.treasury.gov/services/api/fiscal_service/v1/debt/mspd/mspd_table_3_market,"{""fields"":""record_date,security_type_desc,security_class1_desc,maturity_date,outstanding_amt,src_line_nbr"",""filter"":""record_date:gte:1900-01-01"",""page[size]"":10000,""sort"":""record_date,src_line_nbr""}",/mnt/d/Projects/GoldRush/docs/phase2-ingestion/data/treasury/raw/treasury-20260824T034935Z-page001.json;/mnt/d/Projects/GoldRush/docs/phase2-ingestion/data/treasury/raw/treasury-20260824T034935Z-page002.json;/mnt/d/Projects/GoldRush/docs/phase2-ingestion/data/treasury/raw/treasury-20260824T034935Z-page003.json;/mnt/d/Projects/GoldRush/docs/phase2-ingestion/data/treasury/raw/treasury-20260824T034935Z-page004.json;/mnt/d/Projects/GoldRush/docs/phase2-ingestion/data/treasury/raw/treasury-20260824T034935Z-page005.json;/mnt/d/Projects/GoldRush/docs/phase2-ingestion/data/treasury/raw/treasury-20260824T034935Z-page006.json;/mnt/d/Projects/GoldRush/docs/phase2-ingestion/data/treasury/raw/treasury-20260824T034935Z-page007.json;/mnt/d/Projects/GoldRush/docs/phase2-ingestion/data/treasury/raw/treasury-20260824T034935Z-page008.json;/mnt/d/Projects/GoldRush/docs/phase2-ingestion/data/treasury/raw/treasury-20260824T034935Z-page009.json;/mnt/d/Projects/GoldRush/docs/phase2-ingestion/data/treasury/raw/treasury-20260824T034935Z-page010.json;/mnt/d/Projects/GoldRush/docs/phase2-ingestion/data/treasury/raw/treasury-20260824T034935Z-page011.json;/mnt/d/Projects/GoldRush/docs/phase2-ingestion/data/treasury/raw/treasury-20260824T034935Z-page012.json;/mnt/d/Projects/GoldRush/docs/phase2-ingestion/data/treasury/raw/treasury-20260824T034935Z-page013.json;/mnt/d/Projects/GoldRush/docs/phase2-ingestion/data/treasury/raw/treasury-20260824T034935Z-page014.json;/mnt/d/Projects/GoldRush/docs/phase2-ingestion/data/treasury/raw/treasury-20260824T034935Z-page015.json;/mnt/d/Projects/GoldRush/docs/phase2-ingestion/data/treasury/raw/treasury-20260824T034935Z-page016.json,docs/phase2-ingestion/data/treasury/manifests/treasury-20260824T034935Z.manifest.json,16,cf284fd2186cebbd098b2823e2195f5af04c4bc8c7e75507d7dd4e8bf063fd5b,2026-08-24T03:49:35.808873+00:00,PASS,AVAILABLE,0.1.0
L4-009,2002-06-30,1227400.799,3052290.876,3009779.543,98.6072319209724,40.212445303001324,percent_of_marketable_treasury_debt,Positive dated marketable debt maturing after record date and within one calendar year / Total Marketable outstanding * 100,U.S. Treasury Fiscal Data — Monthly Statement of the Public Debt Table 3,https://api.fiscaldata.treasury.gov/services/api/fiscal_service/v1/debt/mspd/mspd_table_3_market,"{""fields"":""record_date,security_type_desc,security_class1_desc,maturity_date,outstanding_amt,src_line_nbr"",""filter"":""record_date:gte:1900-01-01"",""page[size]"":10000,""sort"":""record_date,src_line_nbr""}",/mnt/d/Projects/GoldRush/docs/phase2-ingestion/data/treasury/raw/treasury-20260824T034935Z-page001.json;/mnt/d/Projects/GoldRush/docs/phase2-ingestion/data/treasury/raw/treasury-20260824T034935Z-page002.json;/mnt/d/Projects/GoldRush/docs/phase2-ingestion/data/treasury/raw/treasury-20260824T034935Z-page003.json;/mnt/d/Projects/GoldRush/docs/phase2-ingestion/data/treasury/raw/treasury-20260824T034935Z-page004.json;/mnt/d/Projects/GoldRush/docs/phase2-ingestion/data/treasury/raw/treasury-20260824T034935Z-page005.json;/mnt/d/Projects/GoldRush/docs/phase2-ingestion/data/treasury/raw/treasury-20260824T034935Z-page006.json;/mnt/d/Projects/GoldRush/docs/phase2-ingestion/data/treasury/raw/treasury-20260824T034935Z-page007.json;/mnt/d/Projects/GoldRush/docs/phase2-ingestion/data/treasury/raw/treasury-20260824T034935Z-page008.json;/mnt/d/Projects/GoldRush/docs/phase2-ingestion/data/treasury/raw/treasury-20260824T034935Z-page009.json;/mnt/d/Projects/GoldRush/docs/phase2-ingestion/data/treasury/raw/treasury-20260824T034935Z-page010.json;/mnt/d/Projects/GoldRush/docs/phase2-ingestion/data/treasury/raw/treasury-20260824T034935Z-page011.json;/mnt/d/Projects/GoldRush/docs/phase2-ingestion/data/treasury/raw/treasury-20260824T034935Z-page012.json;/mnt/d/Projects/GoldRush/docs/phase2-ingestion/data/treasury/raw/treasury-20260824T034935Z-page013.json;/mnt/d/Projects/GoldRush/docs/phase2-ingestion/data/treasury/raw/treasury-20260824T034935Z-page014.json;/mnt/d/Projects/GoldRush/docs/phase2-ingestion/data/treasury/raw/treasury-20260824T034935Z-page015.json;/mnt/d/Projects/GoldRush/docs/phase2-ingestion/data/treasury/raw/treasury-20260824T034935Z-page016.json,docs/phase2-ingestion/data/treasury/manifests/treasury-20260824T034935Z.manifest.json,16,cf284fd2186cebbd098b2823e2195f5af04c4bc8c7e75507d7dd4e8bf063fd5b,2026-08-24T03:49:35.808873+00:00,PASS,AVAILABLE,0.1.0
L4-009,2002-07-31,1237043.2,3095892.399,3080762.076,99.51127749126917,39.95756442955109,percent_of_marketable_treasury_debt,Positive dated marketable debt maturing after record date and within one calendar year / Total Marketable outstanding * 100,U.S. Treasury Fiscal Data — Monthly Statement of the Public Debt Table 3,https://api.fiscaldata.treasury.gov/services/api/fiscal_service/v1/debt/mspd/mspd_table_3_market,"{""fields"":""record_date,security_type_desc,security_class1_desc,maturity_date,outstanding_amt,src_line_nbr"",""filter"":""record_date:gte:1900-01-01"",""page[size]"":10000,""sort"":""record_date,src_line_nbr""}",/mnt/d/Projects/GoldRush/docs/phase2-ingestion/data/treasury/raw/treasury-20260824T034935Z-page001.json;/mnt/d/Projects/GoldRush/docs/phase2-ingestion/data/treasury/raw/treasury-20260824T034935Z-page002.json;/mnt/d/Projects/GoldRush/docs/phase2-ingestion/data/treasury/raw/treasury-20260824T034935Z-page003.json;/mnt/d/Projects/GoldRush/docs/phase2-ingestion/data/treasury/raw/treasury-20260824T034935Z-page004.json;/mnt/d/Projects/GoldRush/docs/phase2-ingestion/data/treasury/raw/treasury-20260824T034935Z-page005.json;/mnt/d/Projects/GoldRush/docs/phase2-ingestion/data/treasury/raw/treasury-20260824T034935Z-page006.json;/mnt/d/Projects/GoldRush/docs/phase2-ingestion/data/treasury/raw/treasury-20260824T034935Z-page007.json;/mnt/d/Projects/GoldRush/docs/phase2-ingestion/data/treasury/raw/treasury-20260824T034935Z-page008.json;/mnt/d/Projects/GoldRush/docs/phase2-ingestion/data/treasury/raw/treasury-20260824T034935Z-page009.json;/mnt/d/Projects/GoldRush/docs/phase2-ingestion/data/treasury/raw/treasury-20260824T034935Z-page010.json;/mnt/d/Projects/GoldRush/docs/phase2-ingestion/data/treasury/raw/treasury-20260824T034935Z-page011.json;/mnt/d/Projects/GoldRush/docs/phase2-ingestion/data/treasury/raw/treasury-20260824T034935Z-page012.json;/mnt/d/Projects/GoldRush/docs/phase2-ingestion/data/treasury/raw/treasury-20260824T034935Z-page013.json;/mnt/d/Projects/GoldRush/docs/phase2-ingestion/data/treasury/raw/treasury-20260824T034935Z-page014.json;/mnt/d/Projects/GoldRush/docs/phase2-ingestion/data/treasury/raw/treasury-20260824T034935Z-page015.json;/mnt/d/Projects/GoldRush/docs/phase2-ingestion/data/treasury/raw/treasury-20260824T034935Z-page016.json,docs/phase2-ingestion/data/treasury/manifests/treasury-20260824T034935Z.manifest.json,16,cf284fd2186cebbd098b2823e2195f5af04c4bc8c7e75507d7dd4e8bf063fd5b,2026-08-24T03:49:35.808873+00:00,PASS,AVAILABLE,0.1.0
L4-009,2002-08-31,1283862.233,3145611.26,3102680.242,98.63520904359936,40.81439589582344,percent_of_marketable_treasury_debt,Positive dated marketable debt maturing after record date and within one calendar year / Total Marketable outstanding * 100,U.S. Treasury Fiscal Data — Monthly Statement of the Public Debt Table 3,https://api.fiscaldata.treasury.gov/services/api/fiscal_service/v1/debt/mspd/mspd_table_3_market,"{""fields"":""record_date,security_type_desc,security_class1_desc,maturity_date,outstanding_amt,src_line_nbr"",""filter"":""record_date:gte:1900-01-01"",""page[size]"":10000,""sort"":""record_date,src_line_nbr""}",/mnt/d/Projects/GoldRush/docs/phase2-ingestion/data/treasury/raw/treasury-20260824T034935Z-page001.json;/mnt/d/Projects/GoldRush/docs/phase2-ingestion/data/treasury/raw/treasury-20260824T034935Z-page002.json;/mnt/d/Projects/GoldRush/docs/phase2-ingestion/data/treasury/raw/treasury-20260824T034935Z-page003.json;/mnt/d/Projects/GoldRush/docs/phase2-ingestion/data/treasury/raw/treasury-20260824T034935Z-page004.json;/mnt/d/Projects/GoldRush/docs/phase2-ingestion/data/treasury/raw/treasury-20260824T034935Z-page005.json;/mnt/d/Projects/GoldRush/docs/phase2-ingestion/data/treasury/raw/treasury-20260824T034935Z-page006.json;/mnt/d/Projects/GoldRush/docs/phase2-ingestion/data/treasury/raw/treasury-20260824T034935Z-page007.json;/mnt/d/Projects/GoldRush/docs/phase2-ingestion/data/treasury/raw/treasury-20260824T034935Z-page008.json;/mnt/d/Projects/GoldRush/docs/phase2-ingestion/data/treasury/raw/treasury-20260824T034935Z-page009.json;/mnt/d/Projects/GoldRush/docs/phase2-ingestion/data/treasury/raw/treasury-20260824T034935Z-page010.json;/mnt/d/Projects/GoldRush/docs/phase2-ingestion/data/treasury/raw/treasury-20260824T034935Z-page011.json;/mnt/d/Projects/GoldRush/docs/phase2-ingestion/data/treasury/raw/treasury-20260824T034935Z-page012.json;/mnt/d/Projects/GoldRush/docs/phase2-ingestion/data/treasury/raw/treasury-20260824T034935Z-page013.json;/mnt/d/Projects/GoldRush/docs/phase2-ingestion/data/treasury/raw/treasury-20260824T034935Z-page014.json;/mnt/d/Projects/GoldRush/docs/phase2-ingestion/data/treasury/raw/treasury-20260824T034935Z-page015.json;/mnt/d/Projects/GoldRush/docs/phase2-ingestion/data/treasury/raw/treasury-20260824T034935Z-page016.json,docs/phase2-ingestion/data/treasury/manifests/treasury-20260824T034935Z.manifest.json,16,cf284fd2186cebbd098b2823e2195f5af04c4bc8c7e75507d7dd4e8bf063fd5b,2026-08-24T03:49:35.808873+00:00,PASS,AVAILABLE,0.1.0
L4-009,2002-09-30,1256107.148,3136721.918,3121599.959,99.5179056545235,40.045218570121264,percent_of_marketable_treasury_debt,Positive dated marketable debt maturing after record date and within one calendar year / Total Marketable outstanding * 100,U.S. Treasury Fiscal Data — Monthly Statement of the Public Debt Table 3,https://api.fiscaldata.treasury.gov/services/api/fiscal_service/v1/debt/mspd/mspd_table_3_market,"{""fields"":""record_date,security_type_desc,security_class1_desc,maturity_date,outstanding_amt,src_line_nbr"",""filter"":""record_date:gte:1900-01-01"",""page[size]"":10000,""sort"":""record_date,src_line_nbr""}",/mnt/d/Projects/GoldRush/docs/phase2-ingestion/data/treasury/raw/treasury-20260824T034935Z-page001.json;/mnt/d/Projects/GoldRush/docs/phase2-ingestion/data/treasury/raw/treasury-20260824T034935Z-page002.json;/mnt/d/Projects/GoldRush/docs/phase2-ingestion/data/treasury/raw/treasury-20260824T034935Z-page003.json;/mnt/d/Projects/GoldRush/docs/phase2-ingestion/data/treasury/raw/treasury-20260824T034935Z-page004.json;/mnt/d/Projects/GoldRush/docs/phase2-ingestion/data/treasury/raw/treasury-20260824T034935Z-page005.json;/mnt/d/Projects/GoldRush/docs/phase2-ingestion/data/treasury/raw/treasury-20260824T034935Z-page006.json;/mnt/d/Projects/GoldRush/docs/phase2-ingestion/data/treasury/raw/treasury-20260824T034935Z-page007.json;/mnt/d/Projects/GoldRush/docs/phase2-ingestion/data/treasury/raw/treasury-20260824T034935Z-page008.json;/mnt/d/Projects/GoldRush/docs/phase2-ingestion/data/treasury/raw/treasury-20260824T034935Z-page009.json;/mnt/d/Projects/GoldRush/docs/phase2-ingestion/data/treasury/raw/treasury-20260824T034935Z-page010.json;/mnt/d/Projects/GoldRush/docs/phase2-ingestion/data/treasury/raw/treasury-20260824T034935Z-page011.json;/mnt/d/Projects/GoldRush/docs/phase2-ingestion/data/treasury/raw/treasury-20260824T034935Z-page012.json;/mnt/d/Projects/GoldRush/docs/phase2-ingestion/data/treasury/raw/treasury-20260824T034935Z-page013.json;/mnt/d/Projects/GoldRush/docs/phase2-ingestion/data/treasury/raw/treasury-20260824T034935Z-page014.json;/mnt/d/Projects/GoldRush/docs/phase2-ingestion/data/treasury/raw/treasury-20260824T034935Z-page015.json;/mnt/d/Projects/GoldRush/docs/phase2-ingestion/data/treasury/raw/treasury-20260824T034935Z-page016.json,docs/phase2-ingestion/data/treasury/manifests/treasury-20260824T034935Z.manifest.json,16,cf284fd2186cebbd098b2823e2195f5af04c4bc8c7e75507d7dd4e8bf063fd5b,2026-08-24T03:49:35.808873+00:00,PASS,AVAILABLE,0.1.0
L4-009,2002-10-31,1268278.446,3148663.207,3148547.37,99.99632107366254,40.27990174307646,percent_of_marketable_treasury_debt,Positive dated marketable debt maturing after record date and within one calendar year / Total Marketable outstanding * 100,U.S. Treasury Fiscal Data — Monthly Statement of the Public Debt Table 3,https://api.fiscaldata.treasury.gov/services/api/fiscal_service/v1/debt/mspd/mspd_table_3_market,"{""fields"":""record_date,security_type_desc,security_class1_desc,maturity_date,outstanding_amt,src_line_nbr"",""filter"":""record_date:gte:1900-01-01"",""page[size]"":10000,""sort"":""record_date,src_line_nbr""}",/mnt/d/Projects/GoldRush/docs/phase2-ingestion/data/treasury/raw/treasury-20260824T034935Z-page001.json;/mnt/d/Projects/GoldRush/docs/phase2-ingestion/data/treasury/raw/treasury-20260824T034935Z-page002.json;/mnt/d/Projects/GoldRush/docs/phase2-ingestion/data/treasury/raw/treasury-20260824T034935Z-page003.json;/mnt/d/Projects/GoldRush/docs/phase2-ingestion/data/treasury/raw/treasury-20260824T034935Z-page004.json;/mnt/d/Projects/GoldRush/docs/phase2-ingestion/data/treasury/raw/treasury-20260824T034935Z-page005.json;/mnt/d/Projects/GoldRush/docs/phase2-ingestion/data/treasury/raw/treasury-20260824T034935Z-page006.json;/mnt/d/Projects/GoldRush/docs/phase2-ingestion/data/treasury/raw/treasury-20260824T034935Z-page007.json;/mnt/d/Projects/GoldRush/docs/phase2-ingestion/data/treasury/raw/treasury-20260824T034935Z-page008.json;/mnt/d/Projects/GoldRush/docs/phase2-ingestion/data/treasury/raw/treasury-20260824T034935Z-page009.json;/mnt/d/Projects/GoldRush/docs/phase2-ingestion/data/treasury/raw/treasury-20260824T034935Z-page010.json;/mnt/d/Projects/GoldRush/docs/phase2-ingestion/data/treasury/raw/treasury-20260824T034935Z-page011.json;/mnt/d/Projects/GoldRush/docs/phase2-ingestion/data/treasury/raw/treasury-20260824T034935Z-page012.json;/mnt/d/Projects/GoldRush/docs/phase2-ingestion/data/treasury/raw/treasury-20260824T034935Z-page013.json;/mnt/d/Projects/GoldRush/docs/phase2-ingestion/data/treasury/raw/treasury-20260824T034935Z-page014.json;/mnt/d/Projects/GoldRush/docs/phase2-ingestion/data/treasury/raw/treasury-20260824T034935Z-page015.json;/mnt/d/Projects/GoldRush/docs/phase2-ingestion/data/treasury/raw/treasury-20260824T034935Z-page016.json,docs/phase2-ingestion/data/treasury/manifests/treasury-20260824T034935Z.manifest.json,16,cf284fd2186cebbd098b2823e2195f5af04c4bc8c7e75507d7dd4e8bf063fd5b,2026-08-24T03:49:35.808873+00:00,PASS,AVAILABLE,0.1.0
L4-009,2002-11-30,1309978.611,3205689.552,3178371.282,99.14781922713145,40.86417570231392,percent_of_marketable_treasury_debt,Positive dated marketable debt maturing after record date and within one calendar year / Total Marketable outstanding * 100,U.S. Treasury Fiscal Data — Monthly Statement of the Public Debt Table 3,https://api.fiscaldata.treasury.gov/services/api/fiscal_service/v1/debt/mspd/mspd_table_3_market,"{""fields"":""record_date,security_type_desc,security_class1_desc,maturity_date,outstanding_amt,src_line_nbr"",""filter"":""record_date:gte:1900-01-01"",""page[size]"":10000,""sort"":""record_date,src_line_nbr""}",/mnt/d/Projects/GoldRush/docs/phase2-ingestion/data/treasury/raw/treasury-20260824T034935Z-page001.json;/mnt/d/Projects/GoldRush/docs/phase2-ingestion/data/treasury/raw/treasury-20260824T034935Z-page002.json;/mnt/d/Projects/GoldRush/docs/phase2-ingestion/data/treasury/raw/treasury-20260824T034935Z-page003.json;/mnt/d/Projects/GoldRush/docs/phase2-ingestion/data/treasury/raw/treasury-20260824T034935Z-page004.json;/mnt/d/Projects/GoldRush/docs/phase2-ingestion/data/treasury/raw/treasury-20260824T034935Z-page005.json;/mnt/d/Projects/GoldRush/docs/phase2-ingestion/data/treasury/raw/treasury-20260824T034935Z-page006.json;/mnt/d/Projects/GoldRush/docs/phase2-ingestion/data/treasury/raw/treasury-20260824T034935Z-page007.json;/mnt/d/Projects/GoldRush/docs/phase2-ingestion/data/treasury/raw/treasury-20260824T034935Z-page008.json;/mnt/d/Projects/GoldRush/docs/phase2-ingestion/data/treasury/raw/treasury-20260824T034935Z-page009.json;/mnt/d/Projects/GoldRush/docs/phase2-ingestion/data/treasury/raw/treasury-20260824T034935Z-page010.json;/mnt/d/Projects/GoldRush/docs/phase2-ingestion/data/treasury/raw/treasury-20260824T034935Z-page011.json;/mnt/d/Projects/GoldRush/docs/phase2-ingestion/data/treasury/raw/treasury-20260824T034935Z-page012.json;/mnt/d/Projects/GoldRush/docs/phase2-ingestion/data/treasury/raw/treasury-20260824T034935Z-page013.json;/mnt/d/Projects/GoldRush/docs/phase2-ingestion/data/treasury/raw/treasury-20260824T034935Z-page014.json;/mnt/d/Projects/GoldRush/docs/phase2-ingestion/data/treasury/raw/treasury-20260824T034935Z-page015.json;/mnt/d/Projects/GoldRush/docs/phase2-ingestion/data/treasury/raw/treasury-20260824T034935Z-page016.json,docs/phase2-ingestion/data/treasury/manifests/treasury-20260824T034935Z.manifest.json,16,cf284fd2186cebbd098b2823e2195f5af04c4bc8c7e75507d7dd4e8bf063fd5b,2026-08-24T03:49:35.808873+00:00,PASS,AVAILABLE,0.1.0
L4-009,2002-12-31,1300092.389,3205261.654,3205137.14,99.99611532494252,40.561193728990965,percent_of_marketable_treasury_debt,Positive dated marketable debt maturing after record date and within one calendar year / Total Marketable outstanding * 100,U.S. Treasury Fiscal Data — Monthly Statement of the Public Debt Table 3,https://api.fiscaldata.treasury.gov/services/api/fiscal_service/v1/debt/mspd/mspd_table_3_market,"{""fields"":""record_date,security_type_desc,security_class1_desc,maturity_date,outstanding_amt,src_line_nbr"",""filter"":""record_date:gte:1900-01-01"",""page[size]"":10000,""sort"":""record_date,src_line_nbr""}",/mnt/d/Projects/GoldRush/docs/phase2-ingestion/data/treasury/raw/treasury-20260824T034935Z-page001.json;/mnt/d/Projects/GoldRush/docs/phase2-ingestion/data/treasury/raw/treasury-20260824T034935Z-page002.json;/mnt/d/Projects/GoldRush/docs/phase2-ingestion/data/treasury/raw/treasury-20260824T034935Z-page003.json;/mnt/d/Projects/GoldRush/docs/phase2-ingestion/data/treasury/raw/treasury-20260824T034935Z-page004.json;/mnt/d/Projects/GoldRush/docs/phase2-ingestion/data/treasury/raw/treasury-20260824T034935Z-page005.json;/mnt/d/Projects/GoldRush/docs/phase2-ingestion/data/treasury/raw/treasury-20260824T034935Z-page006.json;/mnt/d/Projects/GoldRush/docs/phase2-ingestion/data/treasury/raw/treasury-20260824T034935Z-page007.json;/mnt/d/Projects/GoldRush/docs/phase2-ingestion/data/treasury/raw/treasury-20260824T034935Z-page008.json;/mnt/d/Projects/GoldRush/docs/phase2-ingestion/data/treasury/raw/treasury-20260824T034935Z-page009.json;/mnt/d/Projects/GoldRush/docs/phase2-ingestion/data/treasury/raw/treasury-20260824T034935Z-page010.json;/mnt/d/Projects/GoldRush/docs/phase2-ingestion/data/treasury/raw/treasury-20260824T034935Z-page011.json;/mnt/d/Projects/GoldRush/docs/phase2-ingestion/data/treasury/raw/treasury-20260824T034935Z-page012.json;/mnt/d/Projects/GoldRush/docs/phase2-ingestion/data/treasury/raw/treasury-20260824T034935Z-page013.json;/mnt/d/Projects/GoldRush/docs/phase2-ingestion/data/treasury/raw/treasury-20260824T034935Z-page014.json;/mnt/d/Projects/GoldRush/docs/phase2-ingestion/data/treasury/raw/treasury-20260824T034935Z-page015.json;/mnt/d/Projects/GoldRush/docs/phase2-ingestion/data/treasury/raw/treasury-20260824T034935Z-page016.json,docs/phase2-ingestion/data/treasury/manifests/treasury-20260824T034935Z.manifest.json,16,cf284fd2186cebbd098b2823e2195f5af04c4bc8c7e75507d7dd4e8bf063fd5b,2026-08-24T03:49:35.808873+00:00,PASS,AVAILABLE,0.1.0
L4-009,2003-01-31,1282892.664,3197180.146,3197060.546,99.99625920359384,40.12575474062762,percent_of_marketable_treasury_debt,Positive dated marketable debt maturing after record date and within one calendar year / Total Marketable outstanding * 100,U.S. Treasury Fiscal Data — Monthly Statement of the Public Debt Table 3,https://api.fiscaldata.treasury.gov/services/api/fiscal_service/v1/debt/mspd/mspd_table_3_market,"{""fields"":""record_date,security_type_desc,security_class1_desc,maturity_date,outstanding_amt,src_line_nbr"",""filter"":""record_date:gte:1900-01-01"",""page[size]"":10000,""sort"":""record_date,src_line_nbr""}",/mnt/d/Projects/GoldRush/docs/phase2-ingestion/data/treasury/raw/treasury-20260824T034935Z-page001.json;/mnt/d/Projects/GoldRush/docs/phase2-ingestion/data/treasury/raw/treasury-20260824T034935Z-page002.json;/mnt/d/Projects/GoldRush/docs/phase2-ingestion/data/treasury/raw/treasury-20260824T034935Z-page003.json;/mnt/d/Projects/GoldRush/docs/phase2-ingestion/data/treasury/raw/treasury-20260824T034935Z-page004.json;/mnt/d/Projects/GoldRush/docs/phase2-ingestion/data/treasury/raw/treasury-20260824T034935Z-page005.json;/mnt/d/Projects/GoldRush/docs/phase2-ingestion/data/treasury/raw/treasury-20260824T034935Z-page006.json;/mnt/d/Projects/GoldRush/docs/phase2-ingestion/data/treasury/raw/treasury-20260824T034935Z-page007.json;/mnt/d/Projects/GoldRush/docs/phase2-ingestion/data/treasury/raw/treasury-20260824T034935Z-page008.json;/mnt/d/Projects/GoldRush/docs/phase2-ingestion/data/treasury/raw/treasury-20260824T034935Z-page009.json;/mnt/d/Projects/GoldRush/docs/phase2-ingestion/data/treasury/raw/treasury-20260824T034935Z-page010.json;/mnt/d/Projects/GoldRush/docs/phase2-ingestion/data/treasury/raw/treasury-20260824T034935Z-page011.json;/mnt/d/Projects/GoldRush/docs/phase2-ingestion/data/treasury/raw/treasury-20260824T034935Z-page012.json;/mnt/d/Projects/GoldRush/docs/phase2-ingestion/data/treasury/raw/treasury-20260824T034935Z-page013.json;/mnt/d/Projects/GoldRush/docs/phase2-ingestion/data/treasury/raw/treasury-20260824T034935Z-page014.json;/mnt/d/Projects/GoldRush/docs/phase2-ingestion/data/treasury/raw/treasury-20260824T034935Z-page015.json;/mnt/d/Projects/GoldRush/docs/phase2-ingestion/data/treasury/raw/treasury-20260824T034935Z-page016.json,docs/phase2-ingestion/data/treasury/manifests/treasury-20260824T034935Z.manifest.json,16,cf284fd2186cebbd098b2823e2195f5af04c4bc8c7e75507d7dd4e8bf063fd5b,2026-08-24T03:49:35.808873+00:00,PASS,AVAILABLE,0.1.0
L4-009,2003-02-28,1308197.91,3273709.689,3273583.392,99.99614208308012,39.96071839832588,percent_of_marketable_treasury_debt,Positive dated marketable debt maturing after record date and within one calendar year / Total Marketable outstanding * 100,U.S. Treasury Fiscal Data — Monthly Statement of the Public Debt Table 3,https://api.fiscaldata.treasury.gov/services/api/fiscal_service/v1/debt/mspd/mspd_table_3_market,"{""fields"":""record_date,security_type_desc,security_class1_desc,maturity_date,outstanding_amt,src_line_nbr"",""filter"":""record_date:gte:1900-01-01"",""page[size]"":10000,""sort"":""record_date,src_line_nbr""}",/mnt/d/Projects/GoldRush/docs/phase2-ingestion/data/treasury/raw/treasury-20260824T034935Z-page001.json;/mnt/d/Projects/GoldRush/docs/phase2-ingestion/data/treasury/raw/treasury-20260824T034935Z-page002.json;/mnt/d/Projects/GoldRush/docs/phase2-ingestion/data/treasury/raw/treasury-20260824T034935Z-page003.json;/mnt/d/Projects/GoldRush/docs/phase2-ingestion/data/treasury/raw/treasury-20260824T034935Z-page004.json;/mnt/d/Projects/GoldRush/docs/phase2-ingestion/data/treasury/raw/treasury-20260824T034935Z-page005.json;/mnt/d/Projects/GoldRush/docs/phase2-ingestion/data/treasury/raw/treasury-20260824T034935Z-page006.json;/mnt/d/Projects/GoldRush/docs/phase2-ingestion/data/treasury/raw/treasury-20260824T034935Z-page007.json;/mnt/d/Projects/GoldRush/docs/phase2-ingestion/data/treasury/raw/treasury-20260824T034935Z-page008.json;/mnt/d/Projects/GoldRush/docs/phase2-ingestion/data/treasury/raw/treasury-20260824T034935Z-page009.json;/mnt/d/Projects/GoldRush/docs/phase2-ingestion/data/treasury/raw/treasury-20260824T034935Z-page010.json;/mnt/d/Projects/GoldRush/docs/phase2-ingestion/data/treasury/raw/treasury-20260824T034935Z-page011.json;/mnt/d/Projects/GoldRush/docs/phase2-ingestion/data/treasury/raw/treasury-20260824T034935Z-page012.json;/mnt/d/Projects/GoldRush/docs/phase2-ingestion/data/treasury/raw/treasury-20260824T034935Z-page013.json;/mnt/d/Projects/GoldRush/docs/phase2-ingestion/data/treasury/raw/treasury-20260824T034935Z-page014.json;/mnt/d/Projects/GoldRush/docs/phase2-ingestion/data/treasury/raw/treasury-20260824T034935Z-page015.json;/mnt/d/Projects/GoldRush/docs/phase2-ingestion/data/treasury/raw/treasury-20260824T034935Z-page016.json,docs/phase2-ingestion/data/treasury/manifests/treasury-20260824T034935Z.manifest.json,16,cf284fd2186cebbd098b2823e2195f5af04c4bc8c7e75507d7dd4e8bf063fd5b,2026-08-24T03:49:35.808873+00:00,PASS,AVAILABLE,0.1.0
L4-009,2003-03-31,1380224.163,3331962.761,3316842.069,99.5461926472593,41.4237571666546,percent_of_marketable_treasury_debt,Positive dated marketable debt maturing after record date and within one calendar year / Total Marketable outstanding * 100,U.S. Treasury Fiscal Data — Monthly Statement of the Public Debt Table 3,https://api.fiscaldata.treasury.gov/services/api/fiscal_service/v1/debt/mspd/mspd_table_3_market,"{""fields"":""record_date,security_type_desc,security_class1_desc,maturity_date,outstanding_amt,src_line_nbr"",""filter"":""record_date:gte:1900-01-01"",""page[size]"":10000,""sort"":""record_date,src_line_nbr""}",/mnt/d/Projects/GoldRush/docs/phase2-ingestion/data/treasury/raw/treasury-20260824T034935Z-page001.json;/mnt/d/Projects/GoldRush/docs/phase2-ingestion/data/treasury/raw/treasury-20260824T034935Z-page002.json;/mnt/d/Projects/GoldRush/docs/phase2-ingestion/data/treasury/raw/treasury-20260824T034935Z-page003.json;/mnt/d/Projects/GoldRush/docs/phase2-ingestion/data/treasury/raw/treasury-20260824T034935Z-page004.json;/mnt/d/Projects/GoldRush/docs/phase2-ingestion/data/treasury/raw/treasury-20260824T034935Z-page005.json;/mnt/d/Projects/GoldRush/docs/phase2-ingestion/data/treasury/raw/treasury-20260824T034935Z-page006.json;/mnt/d/Projects/GoldRush/docs/phase2-ingestion/data/treasury/raw/treasury-20260824T034935Z-page007.json;/mnt/d/Projects/GoldRush/docs/phase2-ingestion/data/treasury/raw/treasury-20260824T034935Z-page008.json;/mnt/d/Projects/GoldRush/docs/phase2-ingestion/data/treasury/raw/treasury-20260824T034935Z-page009.json;/mnt/d/Projects/GoldRush/docs/phase2-ingestion/data/treasury/raw/treasury-20260824T034935Z-page010.json;/mnt/d/Projects/GoldRush/docs/phase2-ingestion/data/treasury/raw/treasury-20260824T034935Z-page011.json;/mnt/d/Projects/GoldRush/docs/phase2-ingestion/data/treasury/raw/treasury-20260824T034935Z-page012.json;/mnt/d/Projects/GoldRush/docs/phase2-ingestion/data/treasury/raw/treasury-20260824T034935Z-page013.json;/mnt/d/Projects/GoldRush/docs/phase2-ingestion/data/treasury/raw/treasury-20260824T034935Z-page014.json;/mnt/d/Projects/GoldRush/docs/phase2-ingestion/data/treasury/raw/treasury-20260824T034935Z-page015.json;/mnt/d/Projects/GoldRush/docs/phase2-ingestion/data/treasury/raw/treasury-20260824T034935Z-page016.json,docs/phase2-ingestion/data/treasury/manifests/treasury-20260824T034935Z.manifest.json,16,cf284fd2186cebbd098b2823e2195f5af04c4bc8c7e75507d7dd4e8bf063fd5b,2026-08-24T03:49:35.808873+00:00,PASS,AVAILABLE,0.1.0
L4-009,2003-04-30,1361819.003,3316355.051,3301238.639,99.5441859581518,41.063727558041855,percent_of_marketable_treasury_debt,Positive dated marketable debt maturing after record date and within one calendar year / Total Marketable outstanding * 100,U.S. Treasury Fiscal Data — Monthly Statement of the Public Debt Table 3,https://api.fiscaldata.treasury.gov/services/api/fiscal_service/v1/debt/mspd/mspd_table_3_market,"{""fields"":""record_date,security_type_desc,security_class1_desc,maturity_date,outstanding_amt,src_line_nbr"",""filter"":""record_date:gte:1900-01-01"",""page[size]"":10000,""sort"":""record_date,src_line_nbr""}",/mnt/d/Projects/GoldRush/docs/phase2-ingestion/data/treasury/raw/treasury-20260824T034935Z-page001.json;/mnt/d/Projects/GoldRush/docs/phase2-ingestion/data/treasury/raw/treasury-20260824T034935Z-page002.json;/mnt/d/Projects/GoldRush/docs/phase2-ingestion/data/treasury/raw/treasury-20260824T034935Z-page003.json;/mnt/d/Projects/GoldRush/docs/phase2-ingestion/data/treasury/raw/treasury-20260824T034935Z-page004.json;/mnt/d/Projects/GoldRush/docs/phase2-ingestion/data/treasury/raw/treasury-20260824T034935Z-page005.json;/mnt/d/Projects/GoldRush/docs/phase2-ingestion/data/treasury/raw/treasury-20260824T034935Z-page006.json;/mnt/d/Projects/GoldRush/docs/phase2-ingestion/data/treasury/raw/treasury-20260824T034935Z-page007.json;/mnt/d/Projects/GoldRush/docs/phase2-ingestion/data/treasury/raw/treasury-20260824T034935Z-page008.json;/mnt/d/Projects/GoldRush/docs/phase2-ingestion/data/treasury/raw/treasury-20260824T034935Z-page009.json;/mnt/d/Projects/GoldRush/docs/phase2-ingestion/data/treasury/raw/treasury-20260824T034935Z-page010.json;/mnt/d/Projects/GoldRush/docs/phase2-ingestion/data/treasury/raw/treasury-20260824T034935Z-page011.json;/mnt/d/Projects/GoldRush/docs/phase2-ingestion/data/treasury/raw/treasury-20260824T034935Z-page012.json;/mnt/d/Projects/GoldRush/docs/phase2-ingestion/data/treasury/raw/treasury-20260824T034935Z-page013.json;/mnt/d/Projects/GoldRush/docs/phase2-ingestion/data/treasury/raw/treasury-20260824T034935Z-page014.json;/mnt/d/Projects/GoldRush/docs/phase2-ingestion/data/treasury/raw/treasury-20260824T034935Z-page015.json;/mnt/d/Projects/GoldRush/docs/phase2-ingestion/data/treasury/raw/treasury-20260824T034935Z-page016.json,docs/phase2-ingestion/data/treasury/manifests/treasury-20260824T034935Z.manifest.json,16,cf284fd2186cebbd098b2823e2195f5af04c4bc8c7e75507d7dd4e8bf063fd5b,2026-08-24T03:49:35.808873+00:00,PASS,AVAILABLE,0.1.0
L4-009,2003-05-31,1383408.91,3353924.7412,3312331.108,98.75985192246388,41.24746429179059,percent_of_marketable_treasury_debt,Positive dated marketable debt maturing after record date and within one calendar year / Total Marketable outstanding * 100,U.S. Treasury Fiscal Data — Monthly Statement of the Public Debt Table 3,https://api.fiscaldata.treasury.gov/services/api/fiscal_service/v1/debt/mspd/mspd_table_3_market,"{""fields"":""record_date,security_type_desc,security_class1_desc,maturity_date,outstanding_amt,src_line_nbr"",""filter"":""record_date:gte:1900-01-01"",""page[size]"":10000,""sort"":""record_date,src_line_nbr""}",/mnt/d/Projects/GoldRush/docs/phase2-ingestion/data/treasury/raw/treasury-20260824T034935Z-page001.json;/mnt/d/Projects/GoldRush/docs/phase2-ingestion/data/treasury/raw/treasury-20260824T034935Z-page002.json;/mnt/d/Projects/GoldRush/docs/phase2-ingestion/data/treasury/raw/treasury-20260824T034935Z-page003.json;/mnt/d/Projects/GoldRush/docs/phase2-ingestion/data/treasury/raw/treasury-20260824T034935Z-page004.json;/mnt/d/Projects/GoldRush/docs/phase2-ingestion/data/treasury/raw/treasury-20260824T034935Z-page005.json;/mnt/d/Projects/GoldRush/docs/phase2-ingestion/data/treasury/raw/treasury-20260824T034935Z-page006.json;/mnt/d/Projects/GoldRush/docs/phase2-ingestion/data/treasury/raw/treasury-20260824T034935Z-page007.json;/mnt/d/Projects/GoldRush/docs/phase2-ingestion/data/treasury/raw/treasury-20260824T034935Z-page008.json;/mnt/d/Projects/GoldRush/docs/phase2-ingestion/data/treasury/raw/treasury-20260824T034935Z-page009.json;/mnt/d/Projects/GoldRush/docs/phase2-ingestion/data/treasury/raw/treasury-20260824T034935Z-page010.json;/mnt/d/Projects/GoldRush/docs/phase2-ingestion/data/treasury/raw/treasury-20260824T034935Z-page011.json;/mnt/d/Projects/GoldRush/docs/phase2-ingestion/data/treasury/raw/treasury-20260824T034935Z-page012.json;/mnt/d/Projects/GoldRush/docs/phase2-ingestion/data/treasury/raw/treasury-20260824T034935Z-page013.json;/mnt/d/Projects/GoldRush/docs/phase2-ingestion/data/treasury/raw/treasury-20260824T034935Z-page014.json;/mnt/d/Projects/GoldRush/docs/phase2-ingestion/data/treasury/raw/treasury-20260824T034935Z-page015.json;/mnt/d/Projects/GoldRush/docs/phase2-ingestion/data/treasury/raw/treasury-20260824T034935Z-page016.json,docs/phase2-ingestion/data/treasury/manifests/treasury-20260824T034935Z.manifest.json,16,cf284fd2186cebbd098b2823e2195f5af04c4bc8c7e75507d7dd4e8bf063fd5b,2026-08-24T03:49:35.808873+00:00,PASS,AVAILABLE,0.1.0
L4-009,2003-06-30,1406663.56,3379089.339,3378962.568,99.99624836790976,41.62848089764578,percent_of_marketable_treasury_debt,Positive dated marketable debt maturing after record date and within one calendar year / Total Marketable outstanding * 100,U.S. Treasury Fiscal Data — Monthly Statement of the Public Debt Table 3,https://api.fiscaldata.treasury.gov/services/api/fiscal_service/v1/debt/mspd/mspd_table_3_market,"{""fields"":""record_date,security_type_desc,security_class1_desc,maturity_date,outstanding_amt,src_line_nbr"",""filter"":""record_date:gte:1900-01-01"",""page[size]"":10000,""sort"":""record_date,src_line_nbr""}",/mnt/d/Projects/GoldRush/docs/phase2-ingestion/data/treasury/raw/treasury-20260824T034935Z-page001.json;/mnt/d/Projects/GoldRush/docs/phase2-ingestion/data/treasury/raw/treasury-20260824T034935Z-page002.json;/mnt/d/Projects/GoldRush/docs/phase2-ingestion/data/treasury/raw/treasury-20260824T034935Z-page003.json;/mnt/d/Projects/GoldRush/docs/phase2-ingestion/data/treasury/raw/treasury-20260824T034935Z-page004.json;/mnt/d/Projects/GoldRush/docs/phase2-ingestion/data/treasury/raw/treasury-20260824T034935Z-page005.json;/mnt/d/Projects/GoldRush/docs/phase2-ingestion/data/treasury/raw/treasury-20260824T034935Z-page006.json;/mnt/d/Projects/GoldRush/docs/phase2-ingestion/data/treasury/raw/treasury-20260824T034935Z-page007.json;/mnt/d/Projects/GoldRush/docs/phase2-ingestion/data/treasury/raw/treasury-20260824T034935Z-page008.json;/mnt/d/Projects/GoldRush/docs/phase2-ingestion/data/treasury/raw/treasury-20260824T034935Z-page009.json;/mnt/d/Projects/GoldRush/docs/phase2-ingestion/data/treasury/raw/treasury-20260824T034935Z-page010.json;/mnt/d/Projects/GoldRush/docs/phase2-ingestion/data/treasury/raw/treasury-20260824T034935Z-page011.json;/mnt/d/Projects/GoldRush/docs/phase2-ingestion/data/treasury/raw/treasury-20260824T034935Z-page012.json;/mnt/d/Projects/GoldRush/docs/phase2-ingestion/data/treasury/raw/treasury-20260824T034935Z-page013.json;/mnt/d/Projects/GoldRush/docs/phase2-ingestion/data/treasury/raw/treasury-20260824T034935Z-page014.json;/mnt/d/Projects/GoldRush/docs/phase2-ingestion/data/treasury/raw/treasury-20260824T034935Z-page015.json;/mnt/d/Projects/GoldRush/docs/phase2-ingestion/data/treasury/raw/treasury-20260824T034935Z-page016.json,docs/phase2-ingestion/data/treasury/manifests/treasury-20260824T034935Z.manifest.json,16,cf284fd2186cebbd098b2823e2195f5af04c4bc8c7e75507d7dd4e8bf063fd5b,2026-08-24T03:49:35.808873+00:00,PASS,AVAILABLE,0.1.0
L4-009,2003-07-31,1433165.577,3413085.86,3412963.462,99.99641386109168,41.99031714367713,percent_of_marketable_treasury_debt,Positive dated marketable debt maturing after record date and within one calendar year / Total Marketable outstanding * 100,U.S. Treasury Fiscal Data — Monthly Statement of the Public Debt Table 3,https://api.fiscaldata.treasury.gov/services/api/fiscal_service/v1/debt/mspd/mspd_table_3_market,"{""fields"":""record_date,security_type_desc,security_class1_desc,maturity_date,outstanding_amt,src_line_nbr"",""filter"":""record_date:gte:1900-01-01"",""page[size]"":10000,""sort"":""record_date,src_line_nbr""}",/mnt/d/Projects/GoldRush/docs/phase2-ingestion/data/treasury/raw/treasury-20260824T034935Z-page001.json;/mnt/d/Projects/GoldRush/docs/phase2-ingestion/data/treasury/raw/treasury-20260824T034935Z-page002.json;/mnt/d/Projects/GoldRush/docs/phase2-ingestion/data/treasury/raw/treasury-20260824T034935Z-page003.json;/mnt/d/Projects/GoldRush/docs/phase2-ingestion/data/treasury/raw/treasury-20260824T034935Z-page004.json;/mnt/d/Projects/GoldRush/docs/phase2-ingestion/data/treasury/raw/treasury-20260824T034935Z-page005.json;/mnt/d/Projects/GoldRush/docs/phase2-ingestion/data/treasury/raw/treasury-20260824T034935Z-page006.json;/mnt/d/Projects/GoldRush/docs/phase2-ingestion/data/treasury/raw/treasury-20260824T034935Z-page007.json;/mnt/d/Projects/GoldRush/docs/phase2-ingestion/data/treasury/raw/treasury-20260824T034935Z-page008.json;/mnt/d/Projects/GoldRush/docs/phase2-ingestion/data/treasury/raw/treasury-20260824T034935Z-page009.json;/mnt/d/Projects/GoldRush/docs/phase2-ingestion/data/treasury/raw/treasury-20260824T034935Z-page010.json;/mnt/d/Projects/GoldRush/docs/phase2-ingestion/data/treasury/raw/treasury-20260824T034935Z-page011.json;/mnt/d/Projects/GoldRush/docs/phase2-ingestion/data/treasury/raw/treasury-20260824T034935Z-page012.json;/mnt/d/Projects/GoldRush/docs/phase2-ingestion/data/treasury/raw/treasury-20260824T034935Z-page013.json;/mnt/d/Projects/GoldRush/docs/phase2-ingestion/data/treasury/raw/treasury-20260824T034935Z-page014.json;/mnt/d/Projects/GoldRush/docs/phase2-ingestion/data/treasury/raw/treasury-20260824T034935Z-page015.json;/mnt/d/Projects/GoldRush/docs/phase2-ingestion/data/treasury/raw/treasury-20260824T034935Z-page016.json,docs/phase2-ingestion/data/treasury/manifests/treasury-20260824T034935Z.manifest.json,16,cf284fd2186cebbd098b2823e2195f5af04c4bc8c7e75507d7dd4e8bf063fd5b,2026-08-24T03:49:35.808873+00:00,PASS,AVAILABLE,0.1.0
L4-009,2003-08-31,1457744.001,3454200.689,3435403.168,99.45580692344075,42.20206444988061,percent_of_marketable_treasury_debt,Positive dated marketable debt maturing after record date and within one calendar year / Total Marketable outstanding * 100,U.S. Treasury Fiscal Data — Monthly Statement of the Public Debt Table 3,https://api.fiscaldata.treasury.gov/services/api/fiscal_service/v1/debt/mspd/mspd_table_3_market,"{""fields"":""record_date,security_type_desc,security_class1_desc,maturity_date,outstanding_amt,src_line_nbr"",""filter"":""record_date:gte:1900-01-01"",""page[size]"":10000,""sort"":""record_date,src_line_nbr""}",/mnt/d/Projects/GoldRush/docs/phase2-ingestion/data/treasury/raw/treasury-20260824T034935Z-page001.json;/mnt/d/Projects/GoldRush/docs/phase2-ingestion/data/treasury/raw/treasury-20260824T034935Z-page002.json;/mnt/d/Projects/GoldRush/docs/phase2-ingestion/data/treasury/raw/treasury-20260824T034935Z-page003.json;/mnt/d/Projects/GoldRush/docs/phase2-ingestion/data/treasury/raw/treasury-20260824T034935Z-page004.json;/mnt/d/Projects/GoldRush/docs/phase2-ingestion/data/treasury/raw/treasury-20260824T034935Z-page005.json;/mnt/d/Projects/GoldRush/docs/phase2-ingestion/data/treasury/raw/treasury-20260824T034935Z-page006.json;/mnt/d/Projects/GoldRush/docs/phase2-ingestion/data/treasury/raw/treasury-20260824T034935Z-page007.json;/mnt/d/Projects/GoldRush/docs/phase2-ingestion/data/treasury/raw/treasury-20260824T034935Z-page008.json;/mnt/d/Projects/GoldRush/docs/phase2-ingestion/data/treasury/raw/treasury-20260824T034935Z-page009.json;/mnt/d/Projects/GoldRush/docs/phase2-ingestion/data/treasury/raw/treasury-20260824T034935Z-page010.json;/mnt/d/Projects/GoldRush/docs/phase2-ingestion/data/treasury/raw/treasury-20260824T034935Z-page011.json;/mnt/d/Projects/GoldRush/docs/phase2-ingestion/data/treasury/raw/treasury-20260824T034935Z-page012.json;/mnt/d/Projects/GoldRush/docs/phase2-ingestion/data/treasury/raw/treasury-20260824T034935Z-page013.json;/mnt/d/Projects/GoldRush/docs/phase2-ingestion/data/treasury/raw/treasury-20260824T034935Z-page014.json;/mnt/d/Projects/GoldRush/docs/phase2-ingestion/data/treasury/raw/treasury-20260824T034935Z-page015.json;/mnt/d/Projects/GoldRush/docs/phase2-ingestion/data/treasury/raw/treasury-20260824T034935Z-page016.json,docs/phase2-ingestion/data/treasury/manifests/treasury-20260824T034935Z.manifest.json,16,cf284fd2186cebbd098b2823e2195f5af04c4bc8c7e75507d7dd4e8bf063fd5b,2026-08-24T03:49:35.808873+00:00,PASS,AVAILABLE,0.1.0
L4-009,2003-09-30,1426277.554,3460717.93695,3460595.816,99.99647122498207,41.21334301104606,percent_of_marketable_treasury_debt,Positive dated marketable debt maturing after record date and within one calendar year / Total Marketable outstanding * 100,U.S. Treasury Fiscal Data — Monthly Statement of the Public Debt Table 3,https://api.fiscaldata.treasury.gov/services/api/fiscal_service/v1/debt/mspd/mspd_table_3_market,"{""fields"":""record_date,security_type_desc,security_class1_desc,maturity_date,outstanding_amt,src_line_nbr"",""filter"":""record_date:gte:1900-01-01"",""page[size]"":10000,""sort"":""record_date,src_line_nbr""}",/mnt/d/Projects/GoldRush/docs/phase2-ingestion/data/treasury/raw/treasury-20260824T034935Z-page001.json;/mnt/d/Projects/GoldRush/docs/phase2-ingestion/data/treasury/raw/treasury-20260824T034935Z-page002.json;/mnt/d/Projects/GoldRush/docs/phase2-ingestion/data/treasury/raw/treasury-20260824T034935Z-page003.json;/mnt/d/Projects/GoldRush/docs/phase2-ingestion/data/treasury/raw/treasury-20260824T034935Z-page004.json;/mnt/d/Projects/GoldRush/docs/phase2-ingestion/data/treasury/raw/treasury-20260824T034935Z-page005.json;/mnt/d/Projects/GoldRush/docs/phase2-ingestion/data/treasury/raw/treasury-20260824T034935Z-page006.json;/mnt/d/Projects/GoldRush/docs/phase2-ingestion/data/treasury/raw/treasury-20260824T034935Z-page007.json;/mnt/d/Projects/GoldRush/docs/phase2-ingestion/data/treasury/raw/treasury-20260824T034935Z-page008.json;/mnt/d/Projects/GoldRush/docs/phase2-ingestion/data/treasury/raw/treasury-20260824T034935Z-page009.json;/mnt/d/Projects/GoldRush/docs/phase2-ingestion/data/treasury/raw/treasury-20260824T034935Z-page010.json;/mnt/d/Projects/GoldRush/docs/phase2-ingestion/data/treasury/raw/treasury-20260824T034935Z-page011.json;/mnt/d/Projects/GoldRush/docs/phase2-ingestion/data/treasury/raw/treasury-20260824T034935Z-page012.json;/mnt/d/Projects/GoldRush/docs/phase2-ingestion/data/treasury/raw/treasury-20260824T034935Z-page013.json;/mnt/d/Projects/GoldRush/docs/phase2-ingestion/data/treasury/raw/treasury-20260824T034935Z-page014.json;/mnt/d/Projects/GoldRush/docs/phase2-ingestion/data/treasury/raw/treasury-20260824T034935Z-page015.json;/mnt/d/Projects/GoldRush/docs/phase2-ingestion/data/treasury/raw/treasury-20260824T034935Z-page016.json,docs/phase2-ingestion/data/treasury/manifests/treasury-20260824T034935Z.manifest.json,16,cf284fd2186cebbd098b2823e2195f5af04c4bc8c7e75507d7dd4e8bf063fd5b,2026-08-24T03:49:35.808873+00:00,PASS,AVAILABLE,0.1.0
L4-009,2003-10-31,1459262.747,3519287.915,3519170.169,99.99665426635036,41.46471622228726,percent_of_marketable_treasury_debt,Positive dated marketable debt maturing after record date and within one calendar year / Total Marketable outstanding * 100,U.S. Treasury Fiscal Data — Monthly Statement of the Public Debt Table 3,https://api.fiscaldata.treasury.gov/services/api/fiscal_service/v1/debt/mspd/mspd_table_3_market,"{""fields"":""record_date,security_type_desc,security_class1_desc,maturity_date,outstanding_amt,src_line_nbr"",""filter"":""record_date:gte:1900-01-01"",""page[size]"":10000,""sort"":""record_date,src_line_nbr""}",/mnt/d/Projects/GoldRush/docs/phase2-ingestion/data/treasury/raw/treasury-20260824T034935Z-page001.json;/mnt/d/Projects/GoldRush/docs/phase2-ingestion/data/treasury/raw/treasury-20260824T034935Z-page002.json;/mnt/d/Projects/GoldRush/docs/phase2-ingestion/data/treasury/raw/treasury-20260824T034935Z-page003.json;/mnt/d/Projects/GoldRush/docs/phase2-ingestion/data/treasury/raw/treasury-20260824T034935Z-page004.json;/mnt/d/Projects/GoldRush/docs/phase2-ingestion/data/treasury/raw/treasury-20260824T034935Z-page005.json;/mnt/d/Projects/GoldRush/docs/phase2-ingestion/data/treasury/raw/treasury-20260824T034935Z-page006.json;/mnt/d/Projects/GoldRush/docs/phase2-ingestion/data/treasury/raw/treasury-20260824T034935Z-page007.json;/mnt/d/Projects/GoldRush/docs/phase2-ingestion/data/treasury/raw/treasury-20260824T034935Z-page008.json;/mnt/d/Projects/GoldRush/docs/phase2-ingestion/data/treasury/raw/treasury-20260824T034935Z-page009.json;/mnt/d/Projects/GoldRush/docs/phase2-ingestion/data/treasury/raw/treasury-20260824T034935Z-page010.json;/mnt/d/Projects/GoldRush/docs/phase2-ingestion/data/treasury/raw/treasury-20260824T034935Z-page011.json;/mnt/d/Projects/GoldRush/docs/phase2-ingestion/data/treasury/raw/treasury-20260824T034935Z-page012.json;/mnt/d/Projects/GoldRush/docs/phase2-ingestion/data/treasury/raw/treasury-20260824T034935Z-page013.json;/mnt/d/Projects/GoldRush/docs/phase2-ingestion/data/treasury/raw/treasury-20260824T034935Z-page014.json;/mnt/d/Projects/GoldRush/docs/phase2-ingestion/data/treasury/raw/treasury-20260824T034935Z-page015.json;/mnt/d/Projects/GoldRush/docs/phase2-ingestion/data/treasury/raw/treasury-20260824T034935Z-page016.json,docs/phase2-ingestion/data/treasury/manifests/treasury-20260824T034935Z.manifest.json,16,cf284fd2186cebbd098b2823e2195f5af04c4bc8c7e75507d7dd4e8bf063fd5b,2026-08-24T03:49:35.808873+00:00,PASS,AVAILABLE,0.1.0
L4-009,2003-11-30,1506244.717,3562960.068,3536646.759,99.26147617436615,42.27509397391315,percent_of_marketable_treasury_debt,Positive dated marketable debt maturing after record date and within one calendar year / Total Marketable outstanding * 100,U.S. Treasury Fiscal Data — Monthly Statement of the Public Debt Table 3,https://api.fiscaldata.treasury.gov/services/api/fiscal_service/v1/debt/mspd/mspd_table_3_market,"{""fields"":""record_date,security_type_desc,security_class1_desc,maturity_date,outstanding_amt,src_line_nbr"",""filter"":""record_date:gte:1900-01-01"",""page[size]"":10000,""sort"":""record_date,src_line_nbr""}",/mnt/d/Projects/GoldRush/docs/phase2-ingestion/data/treasury/raw/treasury-20260824T034935Z-page001.json;/mnt/d/Projects/GoldRush/docs/phase2-ingestion/data/treasury/raw/treasury-20260824T034935Z-page002.json;/mnt/d/Projects/GoldRush/docs/phase2-ingestion/data/treasury/raw/treasury-20260824T034935Z-page003.json;/mnt/d/Projects/GoldRush/docs/phase2-ingestion/data/treasury/raw/treasury-20260824T034935Z-page004.json;/mnt/d/Projects/GoldRush/docs/phase2-ingestion/data/treasury/raw/treasury-20260824T034935Z-page005.json;/mnt/d/Projects/GoldRush/docs/phase2-ingestion/data/treasury/raw/treasury-20260824T034935Z-page006.json;/mnt/d/Projects/GoldRush/docs/phase2-ingestion/data/treasury/raw/treasury-20260824T034935Z-page007.json;/mnt/d/Projects/GoldRush/docs/phase2-ingestion/data/treasury/raw/treasury-20260824T034935Z-page008.json;/mnt/d/Projects/GoldRush/docs/phase2-ingestion/data/treasury/raw/treasury-20260824T034935Z-page009.json;/mnt/d/Projects/GoldRush/docs/phase2-ingestion/data/treasury/raw/treasury-20260824T034935Z-page010.json;/mnt/d/Projects/GoldRush/docs/phase2-ingestion/data/treasury/raw/treasury-20260824T034935Z-page011.json;/mnt/d/Projects/GoldRush/docs/phase2-ingestion/data/treasury/raw/treasury-20260824T034935Z-page012.json;/mnt/d/Projects/GoldRush/docs/phase2-ingestion/data/treasury/raw/treasury-20260824T034935Z-page013.json;/mnt/d/Projects/GoldRush/docs/phase2-ingestion/data/treasury/raw/treasury-20260824T034935Z-page014.json;/mnt/d/Projects/GoldRush/docs/phase2-ingestion/data/treasury/raw/treasury-20260824T034935Z-page015.json;/mnt/d/Projects/GoldRush/docs/phase2-ingestion/data/treasury/raw/treasury-20260824T034935Z-page016.json,docs/phase2-ingestion/data/treasury/manifests/treasury-20260824T034935Z.manifest.json,16,cf284fd2186cebbd098b2823e2195f5af04c4bc8c7e75507d7dd4e8bf063fd5b,2026-08-24T03:49:35.808873+00:00,PASS,AVAILABLE,0.1.0
L4-009,2003-12-31,1483826.477,3575182.491,3575052.864,99.99637425501142,41.5035171137506,percent_of_marketable_treasury_debt,Positive dated marketable debt maturing after record date and within one calendar year / Total Marketable outstanding * 100,U.S. Treasury Fiscal Data — Monthly Statement of the Public Debt Table 3,https://api.fiscaldata.treasury.gov/services/api/fiscal_service/v1/debt/mspd/mspd_table_3_market,"{""fields"":""record_date,security_type_desc,security_class1_desc,maturity_date,outstanding_amt,src_line_nbr"",""filter"":""record_date:gte:1900-01-01"",""page[size]"":10000,""sort"":""record_date,src_line_nbr""}",/mnt/d/Projects/GoldRush/docs/phase2-ingestion/data/treasury/raw/treasury-20260824T034935Z-page001.json;/mnt/d/Projects/GoldRush/docs/phase2-ingestion/data/treasury/raw/treasury-20260824T034935Z-page002.json;/mnt/d/Projects/GoldRush/docs/phase2-ingestion/data/treasury/raw/treasury-20260824T034935Z-page003.json;/mnt/d/Projects/GoldRush/docs/phase2-ingestion/data/treasury/raw/treasury-20260824T034935Z-page004.json;/mnt/d/Projects/GoldRush/docs/phase2-ingestion/data/treasury/raw/treasury-20260824T034935Z-page005.json;/mnt/d/Projects/GoldRush/docs/phase2-ingestion/data/treasury/raw/treasury-20260824T034935Z-page006.json;/mnt/d/Projects/GoldRush/docs/phase2-ingestion/data/treasury/raw/treasury-20260824T034935Z-page007.json;/mnt/d/Projects/GoldRush/docs/phase2-ingestion/data/treasury/raw/treasury-20260824T034935Z-page008.json;/mnt/d/Projects/GoldRush/docs/phase2-ingestion/data/treasury/raw/treasury-20260824T034935Z-page009.json;/mnt/d/Projects/GoldRush/docs/phase2-ingestion/data/treasury/raw/treasury-20260824T034935Z-page010.json;/mnt/d/Projects/GoldRush/docs/phase2-ingestion/data/treasury/raw/treasury-20260824T034935Z-page011.json;/mnt/d/Projects/GoldRush/docs/phase2-ingestion/data/treasury/raw/treasury-20260824T034935Z-page012.json;/mnt/d/Projects/GoldRush/docs/phase2-ingestion/data/treasury/raw/treasury-20260824T034935Z-page013.json;/mnt/d/Projects/GoldRush/docs/phase2-ingestion/data/treasury/raw/treasury-20260824T034935Z-page014.json;/mnt/d/Projects/GoldRush/docs/phase2-ingestion/data/treasury/raw/treasury-20260824T034935Z-page015.json;/mnt/d/Projects/GoldRush/docs/phase2-ingestion/data/treasury/raw/treasury-20260824T034935Z-page016.json,docs/phase2-ingestion/data/treasury/manifests/treasury-20260824T034935Z.manifest.json,16,cf284fd2186cebbd098b2823e2195f5af04c4bc8c7e75507d7dd4e8bf063fd5b,2026-08-24T03:49:35.808873+00:00,PASS,AVAILABLE,0.1.0
L4-009,2004-01-31,1465960.543,3581789.27699699,3550890.29034699,99.13733097453722,40.92816270389521,percent_of_marketable_treasury_debt,Positive dated marketable debt maturing after record date and within one calendar year / Total Marketable outstanding * 100,U.S. Treasury Fiscal Data — Monthly Statement of the Public Debt Table 3,https://api.fiscaldata.treasury.gov/services/api/fiscal_service/v1/debt/mspd/mspd_table_3_market,"{""fields"":""record_date,security_type_desc,security_class1_desc,maturity_date,outstanding_amt,src_line_nbr"",""filter"":""record_date:gte:1900-01-01"",""page[size]"":10000,""sort"":""record_date,src_line_nbr""}",/mnt/d/Projects/GoldRush/docs/phase2-ingestion/data/treasury/raw/treasury-20260824T034935Z-page001.json;/mnt/d/Projects/GoldRush/docs/phase2-ingestion/data/treasury/raw/treasury-20260824T034935Z-page002.json;/mnt/d/Projects/GoldRush/docs/phase2-ingestion/data/treasury/raw/treasury-20260824T034935Z-page003.json;/mnt/d/Projects/GoldRush/docs/phase2-ingestion/data/treasury/raw/treasury-20260824T034935Z-page004.json;/mnt/d/Projects/GoldRush/docs/phase2-ingestion/data/treasury/raw/treasury-20260824T034935Z-page005.json;/mnt/d/Projects/GoldRush/docs/phase2-ingestion/data/treasury/raw/treasury-20260824T034935Z-page006.json;/mnt/d/Projects/GoldRush/docs/phase2-ingestion/data/treasury/raw/treasury-20260824T034935Z-page007.json;/mnt/d/Projects/GoldRush/docs/phase2-ingestion/data/treasury/raw/treasury-20260824T034935Z-page008.json;/mnt/d/Projects/GoldRush/docs/phase2-ingestion/data/treasury/raw/treasury-20260824T034935Z-page009.json;/mnt/d/Projects/GoldRush/docs/phase2-ingestion/data/treasury/raw/treasury-20260824T034935Z-page010.json;/mnt/d/Projects/GoldRush/docs/phase2-ingestion/data/treasury/raw/treasury-20260824T034935Z-page011.json;/mnt/d/Projects/GoldRush/docs/phase2-ingestion/data/treasury/raw/treasury-20260824T034935Z-page012.json;/mnt/d/Projects/GoldRush/docs/phase2-ingestion/data/treasury/raw/treasury-20260824T034935Z-page013.json;/mnt/d/Projects/GoldRush/docs/phase2-ingestion/data/treasury/raw/treasury-20260824T034935Z-page014.json;/mnt/d/Projects/GoldRush/docs/phase2-ingestion/data/treasury/raw/treasury-20260824T034935Z-page015.json;/mnt/d/Projects/GoldRush/docs/phase2-ingestion/data/treasury/raw/treasury-20260824T034935Z-page016.json,docs/phase2-ingestion/data/treasury/manifests/treasury-20260824T034935Z.manifest.json,16,cf284fd2186cebbd098b2823e2195f5af04c4bc8c7e75507d7dd4e8bf063fd5b,2026-08-24T03:49:35.808873+00:00,PASS,AVAILABLE,0.1.0
L4-009,2004-02-29,1502926.071,3662871.326,3631007.562,99.13008781461083,41.03136411950497,percent_of_marketable_treasury_debt,Positive dated marketable debt maturing after record date and within one calendar year / Total Marketable outstanding * 100,U.S. Treasury Fiscal Data — Monthly Statement of the Public Debt Table 3,https://api.fiscaldata.treasury.gov/services/api/fiscal_service/v1/debt/mspd/mspd_table_3_market,"{""fields"":""record_date,security_type_desc,security_class1_desc,maturity_date,outstanding_amt,src_line_nbr"",""filter"":""record_date:gte:1900-01-01"",""page[size]"":10000,""sort"":""record_date,src_line_nbr""}",/mnt/d/Projects/GoldRush/docs/phase2-ingestion/data/treasury/raw/treasury-20260824T034935Z-page001.json;/mnt/d/Projects/GoldRush/docs/phase2-ingestion/data/treasury/raw/treasury-20260824T034935Z-page002.json;/mnt/d/Projects/GoldRush/docs/phase2-ingestion/data/treasury/raw/treasury-20260824T034935Z-page003.json;/mnt/d/Projects/GoldRush/docs/phase2-ingestion/data/treasury/raw/treasury-20260824T034935Z-page004.json;/mnt/d/Projects/GoldRush/docs/phase2-ingestion/data/treasury/raw/treasury-20260824T034935Z-page005.json;/mnt/d/Projects/GoldRush/docs/phase2-ingestion/data/treasury/raw/treasury-20260824T034935Z-page006.json;/mnt/d/Projects/GoldRush/docs/phase2-ingestion/data/treasury/raw/treasury-20260824T034935Z-page007.json;/mnt/d/Projects/GoldRush/docs/phase2-ingestion/data/treasury/raw/treasury-20260824T034935Z-page008.json;/mnt/d/Projects/GoldRush/docs/phase2-ingestion/data/treasury/raw/treasury-20260824T034935Z-page009.json;/mnt/d/Projects/GoldRush/docs/phase2-ingestion/data/treasury/raw/treasury-20260824T034935Z-page010.json;/mnt/d/Projects/GoldRush/docs/phase2-ingestion/data/treasury/raw/treasury-20260824T034935Z-page011.json;/mnt/d/Projects/GoldRush/docs/phase2-ingestion/data/treasury/raw/treasury-20260824T034935Z-page012.json;/mnt/d/Projects/GoldRush/docs/phase2-ingestion/data/treasury/raw/treasury-20260824T034935Z-page013.json;/mnt/d/Projects/GoldRush/docs/phase2-ingestion/data/treasury/raw/treasury-20260824T034935Z-page014.json;/mnt/d/Projects/GoldRush/docs/phase2-ingestion/data/treasury/raw/treasury-20260824T034935Z-page015.json;/mnt/d/Projects/GoldRush/docs/phase2-ingestion/data/treasury/raw/treasury-20260824T034935Z-page016.json,docs/phase2-ingestion/data/treasury/manifests/treasury-20260824T034935Z.manifest.json,16,cf284fd2186cebbd098b2823e2195f5af04c4bc8c7e75507d7dd4e8bf063fd5b,2026-08-24T03:49:35.808873+00:00,PASS,AVAILABLE,0.1.0
L4-009,2004-03-31,1532039.676,3721214.429,3721100.607,99.99694126736925,41.17042178651619,percent_of_marketable_treasury_debt,Positive dated marketable debt maturing after record date and within one calendar year / Total Marketable outstanding * 100,U.S. Treasury Fiscal Data — Monthly Statement of the Public Debt Table 3,https://api.fiscaldata.treasury.gov/services/api/fiscal_service/v1/debt/mspd/mspd_table_3_market,"{""fields"":""record_date,security_type_desc,security_class1_desc,maturity_date,outstanding_amt,src_line_nbr"",""filter"":""record_date:gte:1900-01-01"",""page[size]"":10000,""sort"":""record_date,src_line_nbr""}",/mnt/d/Projects/GoldRush/docs/phase2-ingestion/data/treasury/raw/treasury-20260824T034935Z-page001.json;/mnt/d/Projects/GoldRush/docs/phase2-ingestion/data/treasury/raw/treasury-20260824T034935Z-page002.json;/mnt/d/Projects/GoldRush/docs/phase2-ingestion/data/treasury/raw/treasury-20260824T034935Z-page003.json;/mnt/d/Projects/GoldRush/docs/phase2-ingestion/data/treasury/raw/treasury-20260824T034935Z-page004.json;/mnt/d/Projects/GoldRush/docs/phase2-ingestion/data/treasury/raw/treasury-20260824T034935Z-page005.json;/mnt/d/Projects/GoldRush/docs/phase2-ingestion/data/treasury/raw/treasury-20260824T034935Z-page006.json;/mnt/d/Projects/GoldRush/docs/phase2-ingestion/data/treasury/raw/treasury-20260824T034935Z-page007.json;/mnt/d/Projects/GoldRush/docs/phase2-ingestion/data/treasury/raw/treasury-20260824T034935Z-page008.json;/mnt/d/Projects/GoldRush/docs/phase2-ingestion/data/treasury/raw/treasury-20260824T034935Z-page009.json;/mnt/d/Projects/GoldRush/docs/phase2-ingestion/data/treasury/raw/treasury-20260824T034935Z-page010.json;/mnt/d/Projects/GoldRush/docs/phase2-ingestion/data/treasury/raw/treasury-20260824T034935Z-page011.json;/mnt/d/Projects/GoldRush/docs/phase2-ingestion/data/treasury/raw/treasury-20260824T034935Z-page012.json;/mnt/d/Projects/GoldRush/docs/phase2-ingestion/data/treasury/raw/treasury-20260824T034935Z-page013.json;/mnt/d/Projects/GoldRush/docs/phase2-ingestion/data/treasury/raw/treasury-20260824T034935Z-page014.json;/mnt/d/Projects/GoldRush/docs/phase2-ingestion/data/treasury/raw/treasury-20260824T034935Z-page015.json;/mnt/d/Projects/GoldRush/docs/phase2-ingestion/data/treasury/raw/treasury-20260824T034935Z-page016.json,docs/phase2-ingestion/data/treasury/manifests/treasury-20260824T034935Z.manifest.json,16,cf284fd2186cebbd098b2823e2195f5af04c4bc8c7e75507d7dd4e8bf063fd5b,2026-08-24T03:49:35.808873+00:00,PASS,AVAILABLE,0.1.0
L4-009,2004-04-30,1482135.9,3697433.01298024,3697321.16958024,99.99697510679417,40.08553758233891,percent_of_marketable_treasury_debt,Positive dated marketable debt maturing after record date and within one calendar year / Total Marketable outstanding * 100,U.S. Treasury Fiscal Data — Monthly Statement of the Public Debt Table 3,https://api.fiscaldata.treasury.gov/services/api/fiscal_service/v1/debt/mspd/mspd_table_3_market,"{""fields"":""record_date,security_type_desc,security_class1_desc,maturity_date,outstanding_amt,src_line_nbr"",""filter"":""record_date:gte:1900-01-01"",""page[size]"":10000,""sort"":""record_date,src_line_nbr""}",/mnt/d/Projects/GoldRush/docs/phase2-ingestion/data/treasury/raw/treasury-20260824T034935Z-page001.json;/mnt/d/Projects/GoldRush/docs/phase2-ingestion/data/treasury/raw/treasury-20260824T034935Z-page002.json;/mnt/d/Projects/GoldRush/docs/phase2-ingestion/data/treasury/raw/treasury-20260824T034935Z-page003.json;/mnt/d/Projects/GoldRush/docs/phase2-ingestion/data/treasury/raw/treasury-20260824T034935Z-page004.json;/mnt/d/Projects/GoldRush/docs/phase2-ingestion/data/treasury/raw/treasury-20260824T034935Z-page005.json;/mnt/d/Projects/GoldRush/docs/phase2-ingestion/data/treasury/raw/treasury-20260824T034935Z-page006.json;/mnt/d/Projects/GoldRush/docs/phase2-ingestion/data/treasury/raw/treasury-20260824T034935Z-page007.json;/mnt/d/Projects/GoldRush/docs/phase2-ingestion/data/treasury/raw/treasury-20260824T034935Z-page008.json;/mnt/d/Projects/GoldRush/docs/phase2-ingestion/data/treasury/raw/treasury-20260824T034935Z-page009.json;/mnt/d/Projects/GoldRush/docs/phase2-ingestion/data/treasury/raw/treasury-20260824T034935Z-page010.json;/mnt/d/Projects/GoldRush/docs/phase2-ingestion/data/treasury/raw/treasury-20260824T034935Z-page011.json;/mnt/d/Projects/GoldRush/docs/phase2-ingestion/data/treasury/raw/treasury-20260824T034935Z-page012.json;/mnt/d/Projects/GoldRush/docs/phase2-ingestion/data/treasury/raw/treasury-20260824T034935Z-page013.json;/mnt/d/Projects/GoldRush/docs/phase2-ingestion/data/treasury/raw/treasury-20260824T034935Z-page014.json;/mnt/d/Projects/GoldRush/docs/phase2-ingestion/data/treasury/raw/treasury-20260824T034935Z-page015.json;/mnt/d/Projects/GoldRush/docs/phase2-ingestion/data/treasury/raw/treasury-20260824T034935Z-page016.json,docs/phase2-ingestion/data/treasury/manifests/treasury-20260824T034935Z.manifest.json,16,cf284fd2186cebbd098b2823e2195f5af04c4bc8c7e75507d7dd4e8bf063fd5b,2026-08-24T03:49:35.808873+00:00,PASS,AVAILABLE,0.1.0
L4-009,2004-05-31,1514956.554,3744589.85562959,3711146.99022959,99.10690177858271,40.4572092647857,percent_of_marketable_treasury_debt,Positive dated marketable debt maturing after record date and within one calendar year / Total Marketable outstanding * 100,U.S. Treasury Fiscal Data — Monthly Statement of the Public Debt Table 3,https://api.fiscaldata.treasury.gov/services/api/fiscal_service/v1/debt/mspd/mspd_table_3_market,"{""fields"":""record_date,security_type_desc,security_class1_desc,maturity_date,outstanding_amt,src_line_nbr"",""filter"":""record_date:gte:1900-01-01"",""page[size]"":10000,""sort"":""record_date,src_line_nbr""}",/mnt/d/Projects/GoldRush/docs/phase2-ingestion/data/treasury/raw/treasury-20260824T034935Z-page001.json;/mnt/d/Projects/GoldRush/docs/phase2-ingestion/data/treasury/raw/treasury-20260824T034935Z-page002.json;/mnt/d/Projects/GoldRush/docs/phase2-ingestion/data/treasury/raw/treasury-20260824T034935Z-page003.json;/mnt/d/Projects/GoldRush/docs/phase2-ingestion/data/treasury/raw/treasury-20260824T034935Z-page004.json;/mnt/d/Projects/GoldRush/docs/phase2-ingestion/data/treasury/raw/treasury-20260824T034935Z-page005.json;/mnt/d/Projects/GoldRush/docs/phase2-ingestion/data/treasury/raw/treasury-20260824T034935Z-page006.json;/mnt/d/Projects/GoldRush/docs/phase2-ingestion/data/treasury/raw/treasury-20260824T034935Z-page007.json;/mnt/d/Projects/GoldRush/docs/phase2-ingestion/data/treasury/raw/treasury-20260824T034935Z-page008.json;/mnt/d/Projects/GoldRush/docs/phase2-ingestion/data/treasury/raw/treasury-20260824T034935Z-page009.json;/mnt/d/Projects/GoldRush/docs/phase2-ingestion/data/treasury/raw/treasury-20260824T034935Z-page010.json;/mnt/d/Projects/GoldRush/docs/phase2-ingestion/data/treasury/raw/treasury-20260824T034935Z-page011.json;/mnt/d/Projects/GoldRush/docs/phase2-ingestion/data/treasury/raw/treasury-20260824T034935Z-page012.json;/mnt/d/Projects/GoldRush/docs/phase2-ingestion/data/treasury/raw/treasury-20260824T034935Z-page013.json;/mnt/d/Projects/GoldRush/docs/phase2-ingestion/data/treasury/raw/treasury-20260824T034935Z-page014.json;/mnt/d/Projects/GoldRush/docs/phase2-ingestion/data/treasury/raw/treasury-20260824T034935Z-page015.json;/mnt/d/Projects/GoldRush/docs/phase2-ingestion/data/treasury/raw/treasury-20260824T034935Z-page016.json,docs/phase2-ingestion/data/treasury/manifests/treasury-20260824T034935Z.manifest.json,16,cf284fd2186cebbd098b2823e2195f5af04c4bc8c7e75507d7dd4e8bf063fd5b,2026-08-24T03:49:35.808873+00:00,PASS,AVAILABLE,0.1.0
L4-009,2004-06-30,1501315.738,3755508.07362449,3755373.51372449,99.99641699878254,39.9763682720847,percent_of_marketable_treasury_debt,Positive dated marketable debt maturing after record date and within one calendar year / Total Marketable outstanding * 100,U.S. Treasury Fiscal Data — Monthly Statement of the Public Debt Table 3,https://api.fiscaldata.treasury.gov/services/api/fiscal_service/v1/debt/mspd/mspd_table_3_market,"{""fields"":""record_date,security_type_desc,security_class1_desc,maturity_date,outstanding_amt,src_line_nbr"",""filter"":""record_date:gte:1900-01-01"",""page[size]"":10000,""sort"":""record_date,src_line_nbr""}",/mnt/d/Projects/GoldRush/docs/phase2-ingestion/data/treasury/raw/treasury-20260824T034935Z-page001.json;/mnt/d/Projects/GoldRush/docs/phase2-ingestion/data/treasury/raw/treasury-20260824T034935Z-page002.json;/mnt/d/Projects/GoldRush/docs/phase2-ingestion/data/treasury/raw/treasury-20260824T034935Z-page003.json;/mnt/d/Projects/GoldRush/docs/phase2-ingestion/data/treasury/raw/treasury-20260824T034935Z-page004.json;/mnt/d/Projects/GoldRush/docs/phase2-ingestion/data/treasury/raw/treasury-20260824T034935Z-page005.json;/mnt/d/Projects/GoldRush/docs/phase2-ingestion/data/treasury/raw/treasury-20260824T034935Z-page006.json;/mnt/d/Projects/GoldRush/docs/phase2-ingestion/data/treasury/raw/treasury-20260824T034935Z-page007.json;/mnt/d/Projects/GoldRush/docs/phase2-ingestion/data/treasury/raw/treasury-20260824T034935Z-page008.json;/mnt/d/Projects/GoldRush/docs/phase2-ingestion/data/treasury/raw/treasury-20260824T034935Z-page009.json;/mnt/d/Projects/GoldRush/docs/phase2-ingestion/data/treasury/raw/treasury-20260824T034935Z-page010.json;/mnt/d/Projects/GoldRush/docs/phase2-ingestion/data/treasury/raw/treasury-20260824T034935Z-page011.json;/mnt/d/Projects/GoldRush/docs/phase2-ingestion/data/treasury/raw/treasury-20260824T034935Z-page012.json;/mnt/d/Projects/GoldRush/docs/phase2-ingestion/data/treasury/raw/treasury-20260824T034935Z-page013.json;/mnt/d/Projects/GoldRush/docs/phase2-ingestion/data/treasury/raw/treasury-20260824T034935Z-page014.json;/mnt/d/Projects/GoldRush/docs/phase2-ingestion/data/treasury/raw/treasury-20260824T034935Z-page015.json;/mnt/d/Projects/GoldRush/docs/phase2-ingestion/data/treasury/raw/treasury-20260824T034935Z-page016.json,docs/phase2-ingestion/data/treasury/manifests/treasury-20260824T034935Z.manifest.json,16,cf284fd2186cebbd098b2823e2195f5af04c4bc8c7e75507d7dd4e8bf063fd5b,2026-08-24T03:49:35.808873+00:00,PASS,AVAILABLE,0.1.0
L4-009,2004-07-31,1513818.006,3808475.51572147,3775098.39492147,99.12360941636047,39.74866057956592,percent_of_marketable_treasury_debt,Positive dated marketable debt maturing after record date and within one calendar year / Total Marketable outstanding * 100,U.S. Treasury Fiscal Data — Monthly Statement of the Public Debt Table 3,https://api.fiscaldata.treasury.gov/services/api/fiscal_service/v1/debt/mspd/mspd_table_3_market,"{""fields"":""record_date,security_type_desc,security_class1_desc,maturity_date,outstanding_amt,src_line_nbr"",""filter"":""record_date:gte:1900-01-01"",""page[size]"":10000,""sort"":""record_date,src_line_nbr""}",/mnt/d/Projects/GoldRush/docs/phase2-ingestion/data/treasury/raw/treasury-20260824T034935Z-page001.json;/mnt/d/Projects/GoldRush/docs/phase2-ingestion/data/treasury/raw/treasury-20260824T034935Z-page002.json;/mnt/d/Projects/GoldRush/docs/phase2-ingestion/data/treasury/raw/treasury-20260824T034935Z-page003.json;/mnt/d/Projects/GoldRush/docs/phase2-ingestion/data/treasury/raw/treasury-20260824T034935Z-page004.json;/mnt/d/Projects/GoldRush/docs/phase2-ingestion/data/treasury/raw/treasury-20260824T034935Z-page005.json;/mnt/d/Projects/GoldRush/docs/phase2-ingestion/data/treasury/raw/treasury-20260824T034935Z-page006.json;/mnt/d/Projects/GoldRush/docs/phase2-ingestion/data/treasury/raw/treasury-20260824T034935Z-page007.json;/mnt/d/Projects/GoldRush/docs/phase2-ingestion/data/treasury/raw/treasury-20260824T034935Z-page008.json;/mnt/d/Projects/GoldRush/docs/phase2-ingestion/data/treasury/raw/treasury-20260824T034935Z-page009.json;/mnt/d/Projects/GoldRush/docs/phase2-ingestion/data/treasury/raw/treasury-20260824T034935Z-page010.json;/mnt/d/Projects/GoldRush/docs/phase2-ingestion/data/treasury/raw/treasury-20260824T034935Z-page011.json;/mnt/d/Projects/GoldRush/docs/phase2-ingestion/data/treasury/raw/treasury-20260824T034935Z-page012.json;/mnt/d/Projects/GoldRush/docs/phase2-ingestion/data/treasury/raw/treasury-20260824T034935Z-page013.json;/mnt/d/Projects/GoldRush/docs/phase2-ingestion/data/treasury/raw/treasury-20260824T034935Z-page014.json;/mnt/d/Projects/GoldRush/docs/phase2-ingestion/data/treasury/raw/treasury-20260824T034935Z-page015.json;/mnt/d/Projects/GoldRush/docs/phase2-ingestion/data/treasury/raw/treasury-20260824T034935Z-page016.json,docs/phase2-ingestion/data/treasury/manifests/treasury-20260824T034935Z.manifest.json,16,cf284fd2186cebbd098b2823e2195f5af04c4bc8c7e75507d7dd4e8bf063fd5b,2026-08-24T03:49:35.808873+00:00,PASS,AVAILABLE,0.1.0
L4-009,2004-08-31,1512922.545,3840703.51588372,3840582.29828372,99.99684386989261,39.39180774415717,percent_of_marketable_treasury_debt,Positive dated marketable debt maturing after record date and within one calendar year / Total Marketable outstanding * 100,U.S. Treasury Fiscal Data — Monthly Statement of the Public Debt Table 3,https://api.fiscaldata.treasury.gov/services/api/fiscal_service/v1/debt/mspd/mspd_table_3_market,"{""fields"":""record_date,security_type_desc,security_class1_desc,maturity_date,outstanding_amt,src_line_nbr"",""filter"":""record_date:gte:1900-01-01"",""page[size]"":10000,""sort"":""record_date,src_line_nbr""}",/mnt/d/Projects/GoldRush/docs/phase2-ingestion/data/treasury/raw/treasury-20260824T034935Z-page001.json;/mnt/d/Projects/GoldRush/docs/phase2-ingestion/data/treasury/raw/treasury-20260824T034935Z-page002.json;/mnt/d/Projects/GoldRush/docs/phase2-ingestion/data/treasury/raw/treasury-20260824T034935Z-page003.json;/mnt/d/Projects/GoldRush/docs/phase2-ingestion/data/treasury/raw/treasury-20260824T034935Z-page004.json;/mnt/d/Projects/GoldRush/docs/phase2-ingestion/data/treasury/raw/treasury-20260824T034935Z-page005.json;/mnt/d/Projects/GoldRush/docs/phase2-ingestion/data/treasury/raw/treasury-20260824T034935Z-page006.json;/mnt/d/Projects/GoldRush/docs/phase2-ingestion/data/treasury/raw/treasury-20260824T034935Z-page007.json;/mnt/d/Projects/GoldRush/docs/phase2-ingestion/data/treasury/raw/treasury-20260824T034935Z-page008.json;/mnt/d/Projects/GoldRush/docs/phase2-ingestion/data/treasury/raw/treasury-20260824T034935Z-page009.json;/mnt/d/Projects/GoldRush/docs/phase2-ingestion/data/treasury/raw/treasury-20260824T034935Z-page010.json;/mnt/d/Projects/GoldRush/docs/phase2-ingestion/data/treasury/raw/treasury-20260824T034935Z-page011.json;/mnt/d/Projects/GoldRush/docs/phase2-ingestion/data/treasury/raw/treasury-20260824T034935Z-page012.json;/mnt/d/Projects/GoldRush/docs/phase2-ingestion/data/treasury/raw/treasury-20260824T034935Z-page013.json;/mnt/d/Projects/GoldRush/docs/phase2-ingestion/data/treasury/raw/treasury-20260824T034935Z-page014.json;/mnt/d/Projects/GoldRush/docs/phase2-ingestion/data/treasury/raw/treasury-20260824T034935Z-page015.json;/mnt/d/Projects/GoldRush/docs/phase2-ingestion/data/treasury/raw/treasury-20260824T034935Z-page016.json,docs/phase2-ingestion/data/treasury/manifests/treasury-20260824T034935Z.manifest.json,16,cf284fd2186cebbd098b2823e2195f5af04c4bc8c7e75507d7dd4e8bf063fd5b,2026-08-24T03:49:35.808873+00:00,PASS,AVAILABLE,0.1.0
L4-009,2004-09-30,1494522.915,3846100.91993226,3845985.27893226,99.99699329262525,38.8581305096467,percent_of_marketable_treasury_debt,Positive dated marketable debt maturing after record date and within one calendar year / Total Marketable outstanding * 100,U.S. Treasury Fiscal Data — Monthly Statement of the Public Debt Table 3,https://api.fiscaldata.treasury.gov/services/api/fiscal_service/v1/debt/mspd/mspd_table_3_market,"{""fields"":""record_date,security_type_desc,security_class1_desc,maturity_date,outstanding_amt,src_line_nbr"",""filter"":""record_date:gte:1900-01-01"",""page[size]"":10000,""sort"":""record_date,src_line_nbr""}",/mnt/d/Projects/GoldRush/docs/phase2-ingestion/data/treasury/raw/treasury-20260824T034935Z-page001.json;/mnt/d/Projects/GoldRush/docs/phase2-ingestion/data/treasury/raw/treasury-20260824T034935Z-page002.json;/mnt/d/Projects/GoldRush/docs/phase2-ingestion/data/treasury/raw/treasury-20260824T034935Z-page003.json;/mnt/d/Projects/GoldRush/docs/phase2-ingestion/data/treasury/raw/treasury-20260824T034935Z-page004.json;/mnt/d/Projects/GoldRush/docs/phase2-ingestion/data/treasury/raw/treasury-20260824T034935Z-page005.json;/mnt/d/Projects/GoldRush/docs/phase2-ingestion/data/treasury/raw/treasury-20260824T034935Z-page006.json;/mnt/d/Projects/GoldRush/docs/phase2-ingestion/data/treasury/raw/treasury-20260824T034935Z-page007.json;/mnt/d/Projects/GoldRush/docs/phase2-ingestion/data/treasury/raw/treasury-20260824T034935Z-page008.json;/mnt/d/Projects/GoldRush/docs/phase2-ingestion/data/treasury/raw/treasury-20260824T034935Z-page009.json;/mnt/d/Projects/GoldRush/docs/phase2-ingestion/data/treasury/raw/treasury-20260824T034935Z-page010.json;/mnt/d/Projects/GoldRush/docs/phase2-ingestion/data/treasury/raw/treasury-20260824T034935Z-page011.json;/mnt/d/Projects/GoldRush/docs/phase2-ingestion/data/treasury/raw/treasury-20260824T034935Z-page012.json;/mnt/d/Projects/GoldRush/docs/phase2-ingestion/data/treasury/raw/treasury-20260824T034935Z-page013.json;/mnt/d/Projects/GoldRush/docs/phase2-ingestion/data/treasury/raw/treasury-20260824T034935Z-page014.json;/mnt/d/Projects/GoldRush/docs/phase2-ingestion/data/treasury/raw/treasury-20260824T034935Z-page015.json;/mnt/d/Projects/GoldRush/docs/phase2-ingestion/data/treasury/raw/treasury-20260824T034935Z-page016.json,docs/phase2-ingestion/data/treasury/manifests/treasury-20260824T034935Z.manifest.json,16,cf284fd2186cebbd098b2823e2195f5af04c4bc8c7e75507d7dd4e8bf063fd5b,2026-08-24T03:49:35.808873+00:00,PASS,AVAILABLE,0.1.0
L4-009,2004-10-31,1514920.142,3902728.86,3870175.791,99.16588955657042,38.81694568963728,percent_of_marketable_treasury_debt,Positive dated marketable debt maturing after record date and within one calendar year / Total Marketable outstanding * 100,U.S. Treasury Fiscal Data — Monthly Statement of the Public Debt Table 3,https://api.fiscaldata.treasury.gov/services/api/fiscal_service/v1/debt/mspd/mspd_table_3_market,"{""fields"":""record_date,security_type_desc,security_class1_desc,maturity_date,outstanding_amt,src_line_nbr"",""filter"":""record_date:gte:1900-01-01"",""page[size]"":10000,""sort"":""record_date,src_line_nbr""}",/mnt/d/Projects/GoldRush/docs/phase2-ingestion/data/treasury/raw/treasury-20260824T034935Z-page001.json;/mnt/d/Projects/GoldRush/docs/phase2-ingestion/data/treasury/raw/treasury-20260824T034935Z-page002.json;/mnt/d/Projects/GoldRush/docs/phase2-ingestion/data/treasury/raw/treasury-20260824T034935Z-page003.json;/mnt/d/Projects/GoldRush/docs/phase2-ingestion/data/treasury/raw/treasury-20260824T034935Z-page004.json;/mnt/d/Projects/GoldRush/docs/phase2-ingestion/data/treasury/raw/treasury-20260824T034935Z-page005.json;/mnt/d/Projects/GoldRush/docs/phase2-ingestion/data/treasury/raw/treasury-20260824T034935Z-page006.json;/mnt/d/Projects/GoldRush/docs/phase2-ingestion/data/treasury/raw/treasury-20260824T034935Z-page007.json;/mnt/d/Projects/GoldRush/docs/phase2-ingestion/data/treasury/raw/treasury-20260824T034935Z-page008.json;/mnt/d/Projects/GoldRush/docs/phase2-ingestion/data/treasury/raw/treasury-20260824T034935Z-page009.json;/mnt/d/Projects/GoldRush/docs/phase2-ingestion/data/treasury/raw/treasury-20260824T034935Z-page010.json;/mnt/d/Projects/GoldRush/docs/phase2-ingestion/data/treasury/raw/treasury-20260824T034935Z-page011.json;/mnt/d/Projects/GoldRush/docs/phase2-ingestion/data/treasury/raw/treasury-20260824T034935Z-page012.json;/mnt/d/Projects/GoldRush/docs/phase2-ingestion/data/treasury/raw/treasury-20260824T034935Z-page013.json;/mnt/d/Projects/GoldRush/docs/phase2-ingestion/data/treasury/raw/treasury-20260824T034935Z-page014.json;/mnt/d/Projects/GoldRush/docs/phase2-ingestion/data/treasury/raw/treasury-20260824T034935Z-page015.json;/mnt/d/Projects/GoldRush/docs/phase2-ingestion/data/treasury/raw/treasury-20260824T034935Z-page016.json,docs/phase2-ingestion/data/treasury/manifests/treasury-20260824T034935Z.manifest.json,16,cf284fd2186cebbd098b2823e2195f5af04c4bc8c7e75507d7dd4e8bf063fd5b,2026-08-24T03:49:35.808873+00:00,PASS,AVAILABLE,0.1.0
L4-009,2004-11-30,1551003.626,3963609.911,3949235.182,99.63733239842531,39.13108658083583,percent_of_marketable_treasury_debt,Positive dated marketable debt maturing after record date and within one calendar year / Total Marketable outstanding * 100,U.S. Treasury Fiscal Data — Monthly Statement of the Public Debt Table 3,https://api.fiscaldata.treasury.gov/services/api/fiscal_service/v1/debt/mspd/mspd_table_3_market,"{""fields"":""record_date,security_type_desc,security_class1_desc,maturity_date,outstanding_amt,src_line_nbr"",""filter"":""record_date:gte:1900-01-01"",""page[size]"":10000,""sort"":""record_date,src_line_nbr""}",/mnt/d/Projects/GoldRush/docs/phase2-ingestion/data/treasury/raw/treasury-20260824T034935Z-page001.json;/mnt/d/Projects/GoldRush/docs/phase2-ingestion/data/treasury/raw/treasury-20260824T034935Z-page002.json;/mnt/d/Projects/GoldRush/docs/phase2-ingestion/data/treasury/raw/treasury-20260824T034935Z-page003.json;/mnt/d/Projects/GoldRush/docs/phase2-ingestion/data/treasury/raw/treasury-20260824T034935Z-page004.json;/mnt/d/Projects/GoldRush/docs/phase2-ingestion/data/treasury/raw/treasury-20260824T034935Z-page005.json;/mnt/d/Projects/GoldRush/docs/phase2-ingestion/data/treasury/raw/treasury-20260824T034935Z-page006.json;/mnt/d/Projects/GoldRush/docs/phase2-ingestion/data/treasury/raw/treasury-20260824T034935Z-page007.json;/mnt/d/Projects/GoldRush/docs/phase2-ingestion/data/treasury/raw/treasury-20260824T034935Z-page008.json;/mnt/d/Projects/GoldRush/docs/phase2-ingestion/data/treasury/raw/treasury-20260824T034935Z-page009.json;/mnt/d/Projects/GoldRush/docs/phase2-ingestion/data/treasury/raw/treasury-20260824T034935Z-page010.json;/mnt/d/Projects/GoldRush/docs/phase2-ingestion/data/treasury/raw/treasury-20260824T034935Z-page011.json;/mnt/d/Projects/GoldRush/docs/phase2-ingestion/data/treasury/raw/treasury-20260824T034935Z-page012.json;/mnt/d/Projects/GoldRush/docs/phase2-ingestion/data/treasury/raw/treasury-20260824T034935Z-page013.json;/mnt/d/Projects/GoldRush/docs/phase2-ingestion/data/treasury/raw/treasury-20260824T034935Z-page014.json;/mnt/d/Projects/GoldRush/docs/phase2-ingestion/data/treasury/raw/treasury-20260824T034935Z-page015.json;/mnt/d/Projects/GoldRush/docs/phase2-ingestion/data/treasury/raw/treasury-20260824T034935Z-page016.json,docs/phase2-ingestion/data/treasury/manifests/treasury-20260824T034935Z.manifest.json,16,cf284fd2186cebbd098b2823e2195f5af04c4bc8c7e75507d7dd4e8bf063fd5b,2026-08-24T03:49:35.808873+00:00,PASS,AVAILABLE,0.1.0
L4-009,2004-12-31,1524208.752,3959781.289,3945660.718,99.64340022921907,38.49224592868669,percent_of_marketable_treasury_debt,Positive dated marketable debt maturing after record date and within one calendar year / Total Marketable outstanding * 100,U.S. Treasury Fiscal Data — Monthly Statement of the Public Debt Table 3,https://api.fiscaldata.treasury.gov/services/api/fiscal_service/v1/debt/mspd/mspd_table_3_market,"{""fields"":""record_date,security_type_desc,security_class1_desc,maturity_date,outstanding_amt,src_line_nbr"",""filter"":""record_date:gte:1900-01-01"",""page[size]"":10000,""sort"":""record_date,src_line_nbr""}",/mnt/d/Projects/GoldRush/docs/phase2-ingestion/data/treasury/raw/treasury-20260824T034935Z-page001.json;/mnt/d/Projects/GoldRush/docs/phase2-ingestion/data/treasury/raw/treasury-20260824T034935Z-page002.json;/mnt/d/Projects/GoldRush/docs/phase2-ingestion/data/treasury/raw/treasury-20260824T034935Z-page003.json;/mnt/d/Projects/GoldRush/docs/phase2-ingestion/data/treasury/raw/treasury-20260824T034935Z-page004.json;/mnt/d/Projects/GoldRush/docs/phase2-ingestion/data/treasury/raw/treasury-20260824T034935Z-page005.json;/mnt/d/Projects/GoldRush/docs/phase2-ingestion/data/treasury/raw/treasury-20260824T034935Z-page006.json;/mnt/d/Projects/GoldRush/docs/phase2-ingestion/data/treasury/raw/treasury-20260824T034935Z-page007.json;/mnt/d/Projects/GoldRush/docs/phase2-ingestion/data/treasury/raw/treasury-20260824T034935Z-page008.json;/mnt/d/Projects/GoldRush/docs/phase2-ingestion/data/treasury/raw/treasury-20260824T034935Z-page009.json;/mnt/d/Projects/GoldRush/docs/phase2-ingestion/data/treasury/raw/treasury-20260824T034935Z-page010.json;/mnt/d/Projects/GoldRush/docs/phase2-ingestion/data/treasury/raw/treasury-20260824T034935Z-page011.json;/mnt/d/Projects/GoldRush/docs/phase2-ingestion/data/treasury/raw/treasury-20260824T034935Z-page012.json;/mnt/d/Projects/GoldRush/docs/phase2-ingestion/data/treasury/raw/treasury-20260824T034935Z-page013.json;/mnt/d/Projects/GoldRush/docs/phase2-ingestion/data/treasury/raw/treasury-20260824T034935Z-page014.json;/mnt/d/Projects/GoldRush/docs/phase2-ingestion/data/treasury/raw/treasury-20260824T034935Z-page015.json;/mnt/d/Projects/GoldRush/docs/phase2-ingestion/data/treasury/raw/treasury-20260824T034935Z-page016.json,docs/phase2-ingestion/data/treasury/manifests/treasury-20260824T034935Z.manifest.json,16,cf284fd2186cebbd098b2823e2195f5af04c4bc8c7e75507d7dd4e8bf063fd5b,2026-08-24T03:49:35.808873+00:00,PASS,AVAILABLE,0.1.0
L4-009,2005-01-31,1506571.269,3974964.972,3960848.822,99.64487360015912,37.90149799086078,percent_of_marketable_treasury_debt,Positive dated marketable debt maturing after record date and within one calendar year / Total Marketable outstanding * 100,U.S. Treasury Fiscal Data — Monthly Statement of the Public Debt Table 3,https://api.fiscaldata.treasury.gov/services/api/fiscal_service/v1/debt/mspd/mspd_table_3_market,"{""fields"":""record_date,security_type_desc,security_class1_desc,maturity_date,outstanding_amt,src_line_nbr"",""filter"":""record_date:gte:1900-01-01"",""page[size]"":10000,""sort"":""record_date,src_line_nbr""}",/mnt/d/Projects/GoldRush/docs/phase2-ingestion/data/treasury/raw/treasury-20260824T034935Z-page001.json;/mnt/d/Projects/GoldRush/docs/phase2-ingestion/data/treasury/raw/treasury-20260824T034935Z-page002.json;/mnt/d/Projects/GoldRush/docs/phase2-ingestion/data/treasury/raw/treasury-20260824T034935Z-page003.json;/mnt/d/Projects/GoldRush/docs/phase2-ingestion/data/treasury/raw/treasury-20260824T034935Z-page004.json;/mnt/d/Projects/GoldRush/docs/phase2-ingestion/data/treasury/raw/treasury-20260824T034935Z-page005.json;/mnt/d/Projects/GoldRush/docs/phase2-ingestion/data/treasury/raw/treasury-20260824T034935Z-page006.json;/mnt/d/Projects/GoldRush/docs/phase2-ingestion/data/treasury/raw/treasury-20260824T034935Z-page007.json;/mnt/d/Projects/GoldRush/docs/phase2-ingestion/data/treasury/raw/treasury-20260824T034935Z-page008.json;/mnt/d/Projects/GoldRush/docs/phase2-ingestion/data/treasury/raw/treasury-20260824T034935Z-page009.json;/mnt/d/Projects/GoldRush/docs/phase2-ingestion/data/treasury/raw/treasury-20260824T034935Z-page010.json;/mnt/d/Projects/GoldRush/docs/phase2-ingestion/data/treasury/raw/treasury-20260824T034935Z-page011.json;/mnt/d/Projects/GoldRush/docs/phase2-ingestion/data/treasury/raw/treasury-20260824T034935Z-page012.json;/mnt/d/Projects/GoldRush/docs/phase2-ingestion/data/treasury/raw/treasury-20260824T034935Z-page013.json;/mnt/d/Projects/GoldRush/docs/phase2-ingestion/data/treasury/raw/treasury-20260824T034935Z-page014.json;/mnt/d/Projects/GoldRush/docs/phase2-ingestion/data/treasury/raw/treasury-20260824T034935Z-page015.json;/mnt/d/Projects/GoldRush/docs/phase2-ingestion/data/treasury/raw/treasury-20260824T034935Z-page016.json,docs/phase2-ingestion/data/treasury/manifests/treasury-20260824T034935Z.manifest.json,16,cf284fd2186cebbd098b2823e2195f5af04c4bc8c7e75507d7dd4e8bf063fd5b,2026-08-24T03:49:35.808873+00:00,PASS,AVAILABLE,0.1.0
L4-009,2005-02-28,1555696.345,4054314.828,4040192.753,99.6516778888884,38.37137496713415,percent_of_marketable_treasury_debt,Positive dated marketable debt maturing after record date and within one calendar year / Total Marketable outstanding * 100,U.S. Treasury Fiscal Data — Monthly Statement of the Public Debt Table 3,https://api.fiscaldata.treasury.gov/services/api/fiscal_service/v1/debt/mspd/mspd_table_3_market,"{""fields"":""record_date,security_type_desc,security_class1_desc,maturity_date,outstanding_amt,src_line_nbr"",""filter"":""record_date:gte:1900-01-01"",""page[size]"":10000,""sort"":""record_date,src_line_nbr""}",/mnt/d/Projects/GoldRush/docs/phase2-ingestion/data/treasury/raw/treasury-20260824T034935Z-page001.json;/mnt/d/Projects/GoldRush/docs/phase2-ingestion/data/treasury/raw/treasury-20260824T034935Z-page002.json;/mnt/d/Projects/GoldRush/docs/phase2-ingestion/data/treasury/raw/treasury-20260824T034935Z-page003.json;/mnt/d/Projects/GoldRush/docs/phase2-ingestion/data/treasury/raw/treasury-20260824T034935Z-page004.json;/mnt/d/Projects/GoldRush/docs/phase2-ingestion/data/treasury/raw/treasury-20260824T034935Z-page005.json;/mnt/d/Projects/GoldRush/docs/phase2-ingestion/data/treasury/raw/treasury-20260824T034935Z-page006.json;/mnt/d/Projects/GoldRush/docs/phase2-ingestion/data/treasury/raw/treasury-20260824T034935Z-page007.json;/mnt/d/Projects/GoldRush/docs/phase2-ingestion/data/treasury/raw/treasury-20260824T034935Z-page008.json;/mnt/d/Projects/GoldRush/docs/phase2-ingestion/data/treasury/raw/treasury-20260824T034935Z-page009.json;/mnt/d/Projects/GoldRush/docs/phase2-ingestion/data/treasury/raw/treasury-20260824T034935Z-page010.json;/mnt/d/Projects/GoldRush/docs/phase2-ingestion/data/treasury/raw/treasury-20260824T034935Z-page011.json;/mnt/d/Projects/GoldRush/docs/phase2-ingestion/data/treasury/raw/treasury-20260824T034935Z-page012.json;/mnt/d/Projects/GoldRush/docs/phase2-ingestion/data/treasury/raw/treasury-20260824T034935Z-page013.json;/mnt/d/Projects/GoldRush/docs/phase2-ingestion/data/treasury/raw/treasury-20260824T034935Z-page014.json;/mnt/d/Projects/GoldRush/docs/phase2-ingestion/data/treasury/raw/treasury-20260824T034935Z-page015.json;/mnt/d/Projects/GoldRush/docs/phase2-ingestion/data/treasury/raw/treasury-20260824T034935Z-page016.json,docs/phase2-ingestion/data/treasury/manifests/treasury-20260824T034935Z.manifest.json,16,cf284fd2186cebbd098b2823e2195f5af04c4bc8c7e75507d7dd4e8bf063fd5b,2026-08-24T03:49:35.808873+00:00,PASS,AVAILABLE,0.1.0
L4-009,2005-03-31,1583065.879,4103837.2698,4089720.578,99.65601238860312,38.57525956620474,percent_of_marketable_treasury_debt,Positive dated marketable debt maturing after record date and within one calendar year / Total Marketable outstanding * 100,U.S. Treasury Fiscal Data — Monthly Statement of the Public Debt Table 3,https://api.fiscaldata.treasury.gov/services/api/fiscal_service/v1/debt/mspd/mspd_table_3_market,"{""fields"":""record_date,security_type_desc,security_class1_desc,maturity_date,outstanding_amt,src_line_nbr"",""filter"":""record_date:gte:1900-01-01"",""page[size]"":10000,""sort"":""record_date,src_line_nbr""}",/mnt/d/Projects/GoldRush/docs/phase2-ingestion/data/treasury/raw/treasury-20260824T034935Z-page001.json;/mnt/d/Projects/GoldRush/docs/phase2-ingestion/data/treasury/raw/treasury-20260824T034935Z-page002.json;/mnt/d/Projects/GoldRush/docs/phase2-ingestion/data/treasury/raw/treasury-20260824T034935Z-page003.json;/mnt/d/Projects/GoldRush/docs/phase2-ingestion/data/treasury/raw/treasury-20260824T034935Z-page004.json;/mnt/d/Projects/GoldRush/docs/phase2-ingestion/data/treasury/raw/treasury-20260824T034935Z-page005.json;/mnt/d/Projects/GoldRush/docs/phase2-ingestion/data/treasury/raw/treasury-20260824T034935Z-page006.json;/mnt/d/Projects/GoldRush/docs/phase2-ingestion/data/treasury/raw/treasury-20260824T034935Z-page007.json;/mnt/d/Projects/GoldRush/docs/phase2-ingestion/data/treasury/raw/treasury-20260824T034935Z-page008.json;/mnt/d/Projects/GoldRush/docs/phase2-ingestion/data/treasury/raw/treasury-20260824T034935Z-page009.json;/mnt/d/Projects/GoldRush/docs/phase2-ingestion/data/treasury/raw/treasury-20260824T034935Z-page010.json;/mnt/d/Projects/GoldRush/docs/phase2-ingestion/data/treasury/raw/treasury-20260824T034935Z-page011.json;/mnt/d/Projects/GoldRush/docs/phase2-ingestion/data/treasury/raw/treasury-20260824T034935Z-page012.json;/mnt/d/Projects/GoldRush/docs/phase2-ingestion/data/treasury/raw/treasury-20260824T034935Z-page013.json;/mnt/d/Projects/GoldRush/docs/phase2-ingestion/data/treasury/raw/treasury-20260824T034935Z-page014.json;/mnt/d/Projects/GoldRush/docs/phase2-ingestion/data/treasury/raw/treasury-20260824T034935Z-page015.json;/mnt/d/Projects/GoldRush/docs/phase2-ingestion/data/treasury/raw/treasury-20260824T034935Z-page016.json,docs/phase2-ingestion/data/treasury/manifests/treasury-20260824T034935Z.manifest.json,16,cf284fd2186cebbd098b2823e2195f5af04c4bc8c7e75507d7dd4e8bf063fd5b,2026-08-24T03:49:35.808873+00:00,PASS,AVAILABLE,0.1.0
L4-009,2005-04-30,1515320.551,4070686.497,4022278.063,98.810804171835,37.225184305319395,percent_of_marketable_treasury_debt,Positive dated marketable debt maturing after record date and within one calendar year / Total Marketable outstanding * 100,U.S. Treasury Fiscal Data — Monthly Statement of the Public Debt Table 3,https://api.fiscaldata.treasury.gov/services/api/fiscal_service/v1/debt/mspd/mspd_table_3_market,"{""fields"":""record_date,security_type_desc,security_class1_desc,maturity_date,outstanding_amt,src_line_nbr"",""filter"":""record_date:gte:1900-01-01"",""page[size]"":10000,""sort"":""record_date,src_line_nbr""}",/mnt/d/Projects/GoldRush/docs/phase2-ingestion/data/treasury/raw/treasury-20260824T034935Z-page001.json;/mnt/d/Projects/GoldRush/docs/phase2-ingestion/data/treasury/raw/treasury-20260824T034935Z-page002.json;/mnt/d/Projects/GoldRush/docs/phase2-ingestion/data/treasury/raw/treasury-20260824T034935Z-page003.json;/mnt/d/Projects/GoldRush/docs/phase2-ingestion/data/treasury/raw/treasury-20260824T034935Z-page004.json;/mnt/d/Projects/GoldRush/docs/phase2-ingestion/data/treasury/raw/treasury-20260824T034935Z-page005.json;/mnt/d/Projects/GoldRush/docs/phase2-ingestion/data/treasury/raw/treasury-20260824T034935Z-page006.json;/mnt/d/Projects/GoldRush/docs/phase2-ingestion/data/treasury/raw/treasury-20260824T034935Z-page007.json;/mnt/d/Projects/GoldRush/docs/phase2-ingestion/data/treasury/raw/treasury-20260824T034935Z-page008.json;/mnt/d/Projects/GoldRush/docs/phase2-ingestion/data/treasury/raw/treasury-20260824T034935Z-page009.json;/mnt/d/Projects/GoldRush/docs/phase2-ingestion/data/treasury/raw/treasury-20260824T034935Z-page010.json;/mnt/d/Projects/GoldRush/docs/phase2-ingestion/data/treasury/raw/treasury-20260824T034935Z-page011.json;/mnt/d/Projects/GoldRush/docs/phase2-ingestion/data/treasury/raw/treasury-20260824T034935Z-page012.json;/mnt/d/Projects/GoldRush/docs/phase2-ingestion/data/treasury/raw/treasury-20260824T034935Z-page013.json;/mnt/d/Projects/GoldRush/docs/phase2-ingestion/data/treasury/raw/treasury-20260824T034935Z-page014.json;/mnt/d/Projects/GoldRush/docs/phase2-ingestion/data/treasury/raw/treasury-20260824T034935Z-page015.json;/mnt/d/Projects/GoldRush/docs/phase2-ingestion/data/treasury/raw/treasury-20260824T034935Z-page016.json,docs/phase2-ingestion/data/treasury/manifests/treasury-20260824T034935Z.manifest.json,16,cf284fd2186cebbd098b2823e2195f5af04c4bc8c7e75507d7dd4e8bf063fd5b,2026-08-24T03:49:35.808873+00:00,PASS,AVAILABLE,0.1.0
L4-009,2005-05-31,1504230.22,4050163.124,4035958.658,99.64928657031544,37.13999100644619,percent_of_marketable_treasury_debt,Positive dated marketable debt maturing after record date and within one calendar year / Total Marketable outstanding * 100,U.S. Treasury Fiscal Data — Monthly Statement of the Public Debt Table 3,https://api.fiscaldata.treasury.gov/services/api/fiscal_service/v1/debt/mspd/mspd_table_3_market,"{""fields"":""record_date,security_type_desc,security_class1_desc,maturity_date,outstanding_amt,src_line_nbr"",""filter"":""record_date:gte:1900-01-01"",""page[size]"":10000,""sort"":""record_date,src_line_nbr""}",/mnt/d/Projects/GoldRush/docs/phase2-ingestion/data/treasury/raw/treasury-20260824T034935Z-page001.json;/mnt/d/Projects/GoldRush/docs/phase2-ingestion/data/treasury/raw/treasury-20260824T034935Z-page002.json;/mnt/d/Projects/GoldRush/docs/phase2-ingestion/data/treasury/raw/treasury-20260824T034935Z-page003.json;/mnt/d/Projects/GoldRush/docs/phase2-ingestion/data/treasury/raw/treasury-20260824T034935Z-page004.json;/mnt/d/Projects/GoldRush/docs/phase2-ingestion/data/treasury/raw/treasury-20260824T034935Z-page005.json;/mnt/d/Projects/GoldRush/docs/phase2-ingestion/data/treasury/raw/treasury-20260824T034935Z-page006.json;/mnt/d/Projects/GoldRush/docs/phase2-ingestion/data/treasury/raw/treasury-20260824T034935Z-page007.json;/mnt/d/Projects/GoldRush/docs/phase2-ingestion/data/treasury/raw/treasury-20260824T034935Z-page008.json;/mnt/d/Projects/GoldRush/docs/phase2-ingestion/data/treasury/raw/treasury-20260824T034935Z-page009.json;/mnt/d/Projects/GoldRush/docs/phase2-ingestion/data/treasury/raw/treasury-20260824T034935Z-page010.json;/mnt/d/Projects/GoldRush/docs/phase2-ingestion/data/treasury/raw/treasury-20260824T034935Z-page011.json;/mnt/d/Projects/GoldRush/docs/phase2-ingestion/data/treasury/raw/treasury-20260824T034935Z-page012.json;/mnt/d/Projects/GoldRush/docs/phase2-ingestion/data/treasury/raw/treasury-20260824T034935Z-page013.json;/mnt/d/Projects/GoldRush/docs/phase2-ingestion/data/treasury/raw/treasury-20260824T034935Z-page014.json;/mnt/d/Projects/GoldRush/docs/phase2-ingestion/data/treasury/raw/treasury-20260824T034935Z-page015.json;/mnt/d/Projects/GoldRush/docs/phase2-ingestion/data/treasury/raw/treasury-20260824T034935Z-page016.json,docs/phase2-ingestion/data/treasury/manifests/treasury-20260824T034935Z.manifest.json,16,cf284fd2186cebbd098b2823e2195f5af04c4bc8c7e75507d7dd4e8bf063fd5b,2026-08-24T03:49:35.808873+00:00,PASS,AVAILABLE,0.1.0
L4-009,2005-06-30,1467223.172,4031095.61030415,4016979.15395415,99.6498109269868,36.39762768835187,percent_of_marketable_treasury_debt,Positive dated marketable debt maturing after record date and within one calendar year / Total Marketable outstanding * 100,U.S. Treasury Fiscal Data — Monthly Statement of the Public Debt Table 3,https://api.fiscaldata.treasury.gov/services/api/fiscal_service/v1/debt/mspd/mspd_table_3_market,"{""fields"":""record_date,security_type_desc,security_class1_desc,maturity_date,outstanding_amt,src_line_nbr"",""filter"":""record_date:gte:1900-01-01"",""page[size]"":10000,""sort"":""record_date,src_line_nbr""}",/mnt/d/Projects/GoldRush/docs/phase2-ingestion/data/treasury/raw/treasury-20260824T034935Z-page001.json;/mnt/d/Projects/GoldRush/docs/phase2-ingestion/data/treasury/raw/treasury-20260824T034935Z-page002.json;/mnt/d/Projects/GoldRush/docs/phase2-ingestion/data/treasury/raw/treasury-20260824T034935Z-page003.json;/mnt/d/Projects/GoldRush/docs/phase2-ingestion/data/treasury/raw/treasury-20260824T034935Z-page004.json;/mnt/d/Projects/GoldRush/docs/phase2-ingestion/data/treasury/raw/treasury-20260824T034935Z-page005.json;/mnt/d/Projects/GoldRush/docs/phase2-ingestion/data/treasury/raw/treasury-20260824T034935Z-page006.json;/mnt/d/Projects/GoldRush/docs/phase2-ingestion/data/treasury/raw/treasury-20260824T034935Z-page007.json;/mnt/d/Projects/GoldRush/docs/phase2-ingestion/data/treasury/raw/treasury-20260824T034935Z-page008.json;/mnt/d/Projects/GoldRush/docs/phase2-ingestion/data/treasury/raw/treasury-20260824T034935Z-page009.json;/mnt/d/Projects/GoldRush/docs/phase2-ingestion/data/treasury/raw/treasury-20260824T034935Z-page010.json;/mnt/d/Projects/GoldRush/docs/phase2-ingestion/data/treasury/raw/treasury-20260824T034935Z-page011.json;/mnt/d/Projects/GoldRush/docs/phase2-ingestion/data/treasury/raw/treasury-20260824T034935Z-page012.json;/mnt/d/Projects/GoldRush/docs/phase2-ingestion/data/treasury/raw/treasury-20260824T034935Z-page013.json;/mnt/d/Projects/GoldRush/docs/phase2-ingestion/data/treasury/raw/treasury-20260824T034935Z-page014.json;/mnt/d/Projects/GoldRush/docs/phase2-ingestion/data/treasury/raw/treasury-20260824T034935Z-page015.json;/mnt/d/Projects/GoldRush/docs/phase2-ingestion/data/treasury/raw/treasury-20260824T034935Z-page016.json,docs/phase2-ingestion/data/treasury/manifests/treasury-20260824T034935Z.manifest.json,16,cf284fd2186cebbd098b2823e2195f5af04c4bc8c7e75507d7dd4e8bf063fd5b,2026-08-24T03:49:35.808873+00:00,PASS,AVAILABLE,0.1.0
L4-009,2005-07-31,1509817.496,4077904.168,4033795.841,98.91835793135785,37.024349611935264,percent_of_marketable_treasury_debt,Positive dated marketable debt maturing after record date and within one calendar year / Total Marketable outstanding * 100,U.S. Treasury Fiscal Data — Monthly Statement of the Public Debt Table 3,https://api.fiscaldata.treasury.gov/services/api/fiscal_service/v1/debt/mspd/mspd_table_3_market,"{""fields"":""record_date,security_type_desc,security_class1_desc,maturity_date,outstanding_amt,src_line_nbr"",""filter"":""record_date:gte:1900-01-01"",""page[size]"":10000,""sort"":""record_date,src_line_nbr""}",/mnt/d/Projects/GoldRush/docs/phase2-ingestion/data/treasury/raw/treasury-20260824T034935Z-page001.json;/mnt/d/Projects/GoldRush/docs/phase2-ingestion/data/treasury/raw/treasury-20260824T034935Z-page002.json;/mnt/d/Projects/GoldRush/docs/phase2-ingestion/data/treasury/raw/treasury-20260824T034935Z-page003.json;/mnt/d/Projects/GoldRush/docs/phase2-ingestion/data/treasury/raw/treasury-20260824T034935Z-page004.json;/mnt/d/Projects/GoldRush/docs/phase2-ingestion/data/treasury/raw/treasury-20260824T034935Z-page005.json;/mnt/d/Projects/GoldRush/docs/phase2-ingestion/data/treasury/raw/treasury-20260824T034935Z-page006.json;/mnt/d/Projects/GoldRush/docs/phase2-ingestion/data/treasury/raw/treasury-20260824T034935Z-page007.json;/mnt/d/Projects/GoldRush/docs/phase2-ingestion/data/treasury/raw/treasury-20260824T034935Z-page008.json;/mnt/d/Projects/GoldRush/docs/phase2-ingestion/data/treasury/raw/treasury-20260824T034935Z-page009.json;/mnt/d/Projects/GoldRush/docs/phase2-ingestion/data/treasury/raw/treasury-20260824T034935Z-page010.json;/mnt/d/Projects/GoldRush/docs/phase2-ingestion/data/treasury/raw/treasury-20260824T034935Z-page011.json;/mnt/d/Projects/GoldRush/docs/phase2-ingestion/data/treasury/raw/treasury-20260824T034935Z-page012.json;/mnt/d/Projects/GoldRush/docs/phase2-ingestion/data/treasury/raw/treasury-20260824T034935Z-page013.json;/mnt/d/Projects/GoldRush/docs/phase2-ingestion/data/treasury/raw/treasury-20260824T034935Z-page014.json;/mnt/d/Projects/GoldRush/docs/phase2-ingestion/data/treasury/raw/treasury-20260824T034935Z-page015.json;/mnt/d/Projects/GoldRush/docs/phase2-ingestion/data/treasury/raw/treasury-20260824T034935Z-page016.json,docs/phase2-ingestion/data/treasury/manifests/treasury-20260824T034935Z.manifest.json,16,cf284fd2186cebbd098b2823e2195f5af04c4bc8c7e75507d7dd4e8bf063fd5b,2026-08-24T03:49:35.808873+00:00,PASS,AVAILABLE,0.1.0
L4-009,2005-08-31,1525685.117,4106451.214,4092338.584,99.65633026512317,37.15337252269131,percent_of_marketable_treasury_debt,Positive dated marketable debt maturing after record date and within one calendar year / Total Marketable outstanding * 100,U.S. Treasury Fiscal Data — Monthly Statement of the Public Debt Table 3,https://api.fiscaldata.treasury.gov/services/api/fiscal_service/v1/debt/mspd/mspd_table_3_market,"{""fields"":""record_date,security_type_desc,security_class1_desc,maturity_date,outstanding_amt,src_line_nbr"",""filter"":""record_date:gte:1900-01-01"",""page[size]"":10000,""sort"":""record_date,src_line_nbr""}",/mnt/d/Projects/GoldRush/docs/phase2-ingestion/data/treasury/raw/treasury-20260824T034935Z-page001.json;/mnt/d/Projects/GoldRush/docs/phase2-ingestion/data/treasury/raw/treasury-20260824T034935Z-page002.json;/mnt/d/Projects/GoldRush/docs/phase2-ingestion/data/treasury/raw/treasury-20260824T034935Z-page003.json;/mnt/d/Projects/GoldRush/docs/phase2-ingestion/data/treasury/raw/treasury-20260824T034935Z-page004.json;/mnt/d/Projects/GoldRush/docs/phase2-ingestion/data/treasury/raw/treasury-20260824T034935Z-page005.json;/mnt/d/Projects/GoldRush/docs/phase2-ingestion/data/treasury/raw/treasury-20260824T034935Z-page006.json;/mnt/d/Projects/GoldRush/docs/phase2-ingestion/data/treasury/raw/treasury-20260824T034935Z-page007.json;/mnt/d/Projects/GoldRush/docs/phase2-ingestion/data/treasury/raw/treasury-20260824T034935Z-page008.json;/mnt/d/Projects/GoldRush/docs/phase2-ingestion/data/treasury/raw/treasury-20260824T034935Z-page009.json;/mnt/d/Projects/GoldRush/docs/phase2-ingestion/data/treasury/raw/treasury-20260824T034935Z-page010.json;/mnt/d/Projects/GoldRush/docs/phase2-ingestion/data/treasury/raw/treasury-20260824T034935Z-page011.json;/mnt/d/Projects/GoldRush/docs/phase2-ingestion/data/treasury/raw/treasury-20260824T034935Z-page012.json;/mnt/d/Projects/GoldRush/docs/phase2-ingestion/data/treasury/raw/treasury-20260824T034935Z-page013.json;/mnt/d/Projects/GoldRush/docs/phase2-ingestion/data/treasury/raw/treasury-20260824T034935Z-page014.json;/mnt/d/Projects/GoldRush/docs/phase2-ingestion/data/treasury/raw/treasury-20260824T034935Z-page015.json;/mnt/d/Projects/GoldRush/docs/phase2-ingestion/data/treasury/raw/treasury-20260824T034935Z-page016.json,docs/phase2-ingestion/data/treasury/manifests/treasury-20260824T034935Z.manifest.json,16,cf284fd2186cebbd098b2823e2195f5af04c4bc8c7e75507d7dd4e8bf063fd5b,2026-08-24T03:49:35.808873+00:00,PASS,AVAILABLE,0.1.0
L4-009,2005-09-30,1486815.218,4084879.998,4070771.778,99.65462339146052,36.398014598420524,percent_of_marketable_treasury_debt,Positive dated marketable debt maturing after record date and within one calendar year / Total Marketable outstanding * 100,U.S. Treasury Fiscal Data — Monthly Statement of the Public Debt Table 3,https://api.fiscaldata.treasury.gov/services/api/fiscal_service/v1/debt/mspd/mspd_table_3_market,"{""fields"":""record_date,security_type_desc,security_class1_desc,maturity_date,outstanding_amt,src_line_nbr"",""filter"":""record_date:gte:1900-01-01"",""page[size]"":10000,""sort"":""record_date,src_line_nbr""}",/mnt/d/Projects/GoldRush/docs/phase2-ingestion/data/treasury/raw/treasury-20260824T034935Z-page001.json;/mnt/d/Projects/GoldRush/docs/phase2-ingestion/data/treasury/raw/treasury-20260824T034935Z-page002.json;/mnt/d/Projects/GoldRush/docs/phase2-ingestion/data/treasury/raw/treasury-20260824T034935Z-page003.json;/mnt/d/Projects/GoldRush/docs/phase2-ingestion/data/treasury/raw/treasury-20260824T034935Z-page004.json;/mnt/d/Projects/GoldRush/docs/phase2-ingestion/data/treasury/raw/treasury-20260824T034935Z-page005.json;/mnt/d/Projects/GoldRush/docs/phase2-ingestion/data/treasury/raw/treasury-20260824T034935Z-page006.json;/mnt/d/Projects/GoldRush/docs/phase2-ingestion/data/treasury/raw/treasury-20260824T034935Z-page007.json;/mnt/d/Projects/GoldRush/docs/phase2-ingestion/data/treasury/raw/treasury-20260824T034935Z-page008.json;/mnt/d/Projects/GoldRush/docs/phase2-ingestion/data/treasury/raw/treasury-20260824T034935Z-page009.json;/mnt/d/Projects/GoldRush/docs/phase2-ingestion/data/treasury/raw/treasury-20260824T034935Z-page010.json;/mnt/d/Projects/GoldRush/docs/phase2-ingestion/data/treasury/raw/treasury-20260824T034935Z-page011.json;/mnt/d/Projects/GoldRush/docs/phase2-ingestion/data/treasury/raw/treasury-20260824T034935Z-page012.json;/mnt/d/Projects/GoldRush/docs/phase2-ingestion/data/treasury/raw/treasury-20260824T034935Z-page013.json;/mnt/d/Projects/GoldRush/docs/phase2-ingestion/data/treasury/raw/treasury-20260824T034935Z-page014.json;/mnt/d/Projects/GoldRush/docs/phase2-ingestion/data/treasury/raw/treasury-20260824T034935Z-page015.json;/mnt/d/Projects/GoldRush/docs/phase2-ingestion/data/treasury/raw/treasury-20260824T034935Z-page016.json,docs/phase2-ingestion/data/treasury/manifests/treasury-20260824T034935Z.manifest.json,16,cf284fd2186cebbd098b2823e2195f5af04c4bc8c7e75507d7dd4e8bf063fd5b,2026-08-24T03:49:35.808873+00:00,PASS,AVAILABLE,0.1.0
L4-009,2005-10-31,1528806.399,4131295.7977,4117189.521,99.65855079396994,37.00549352702187,percent_of_marketable_treasury_debt,Positive dated marketable debt maturing after record date and within one calendar year / Total Marketable outstanding * 100,U.S. Treasury Fiscal Data — Monthly Statement of the Public Debt Table 3,https://api.fiscaldata.treasury.gov/services/api/fiscal_service/v1/debt/mspd/mspd_table_3_market,"{""fields"":""record_date,security_type_desc,security_class1_desc,maturity_date,outstanding_amt,src_line_nbr"",""filter"":""record_date:gte:1900-01-01"",""page[size]"":10000,""sort"":""record_date,src_line_nbr""}",/mnt/d/Projects/GoldRush/docs/phase2-ingestion/data/treasury/raw/treasury-20260824T034935Z-page001.json;/mnt/d/Projects/GoldRush/docs/phase2-ingestion/data/treasury/raw/treasury-20260824T034935Z-page002.json;/mnt/d/Projects/GoldRush/docs/phase2-ingestion/data/treasury/raw/treasury-20260824T034935Z-page003.json;/mnt/d/Projects/GoldRush/docs/phase2-ingestion/data/treasury/raw/treasury-20260824T034935Z-page004.json;/mnt/d/Projects/GoldRush/docs/phase2-ingestion/data/treasury/raw/treasury-20260824T034935Z-page005.json;/mnt/d/Projects/GoldRush/docs/phase2-ingestion/data/treasury/raw/treasury-20260824T034935Z-page006.json;/mnt/d/Projects/GoldRush/docs/phase2-ingestion/data/treasury/raw/treasury-20260824T034935Z-page007.json;/mnt/d/Projects/GoldRush/docs/phase2-ingestion/data/treasury/raw/treasury-20260824T034935Z-page008.json;/mnt/d/Projects/GoldRush/docs/phase2-ingestion/data/treasury/raw/treasury-20260824T034935Z-page009.json;/mnt/d/Projects/GoldRush/docs/phase2-ingestion/data/treasury/raw/treasury-20260824T034935Z-page010.json;/mnt/d/Projects/GoldRush/docs/phase2-ingestion/data/treasury/raw/treasury-20260824T034935Z-page011.json;/mnt/d/Projects/GoldRush/docs/phase2-ingestion/data/treasury/raw/treasury-20260824T034935Z-page012.json;/mnt/d/Projects/GoldRush/docs/phase2-ingestion/data/treasury/raw/treasury-20260824T034935Z-page013.json;/mnt/d/Projects/GoldRush/docs/phase2-ingestion/data/treasury/raw/treasury-20260824T034935Z-page014.json;/mnt/d/Projects/GoldRush/docs/phase2-ingestion/data/treasury/raw/treasury-20260824T034935Z-page015.json;/mnt/d/Projects/GoldRush/docs/phase2-ingestion/data/treasury/raw/treasury-20260824T034935Z-page016.json,docs/phase2-ingestion/data/treasury/manifests/treasury-20260824T034935Z.manifest.json,16,cf284fd2186cebbd098b2823e2195f5af04c4bc8c7e75507d7dd4e8bf063fd5b,2026-08-24T03:49:35.808873+00:00,PASS,AVAILABLE,0.1.0
L4-009,2005-11-30,1595633.409,4185263.4836,4171150.81,99.66280083308254,38.12504075914232,percent_of_marketable_treasury_debt,Positive dated marketable debt maturing after record date and within one calendar year / Total Marketable outstanding * 100,U.S. Treasury Fiscal Data — Monthly Statement of the Public Debt Table 3,https://api.fiscaldata.treasury.gov/services/api/fiscal_service/v1/debt/mspd/mspd_table_3_market,"{""fields"":""record_date,security_type_desc,security_class1_desc,maturity_date,outstanding_amt,src_line_nbr"",""filter"":""record_date:gte:1900-01-01"",""page[size]"":10000,""sort"":""record_date,src_line_nbr""}",/mnt/d/Projects/GoldRush/docs/phase2-ingestion/data/treasury/raw/treasury-20260824T034935Z-page001.json;/mnt/d/Projects/GoldRush/docs/phase2-ingestion/data/treasury/raw/treasury-20260824T034935Z-page002.json;/mnt/d/Projects/GoldRush/docs/phase2-ingestion/data/treasury/raw/treasury-20260824T034935Z-page003.json;/mnt/d/Projects/GoldRush/docs/phase2-ingestion/data/treasury/raw/treasury-20260824T034935Z-page004.json;/mnt/d/Projects/GoldRush/docs/phase2-ingestion/data/treasury/raw/treasury-20260824T034935Z-page005.json;/mnt/d/Projects/GoldRush/docs/phase2-ingestion/data/treasury/raw/treasury-20260824T034935Z-page006.json;/mnt/d/Projects/GoldRush/docs/phase2-ingestion/data/treasury/raw/treasury-20260824T034935Z-page007.json;/mnt/d/Projects/GoldRush/docs/phase2-ingestion/data/treasury/raw/treasury-20260824T034935Z-page008.json;/mnt/d/Projects/GoldRush/docs/phase2-ingestion/data/treasury/raw/treasury-20260824T034935Z-page009.json;/mnt/d/Projects/GoldRush/docs/phase2-ingestion/data/treasury/raw/treasury-20260824T034935Z-page010.json;/mnt/d/Projects/GoldRush/docs/phase2-ingestion/data/treasury/raw/treasury-20260824T034935Z-page011.json;/mnt/d/Projects/GoldRush/docs/phase2-ingestion/data/treasury/raw/treasury-20260824T034935Z-page012.json;/mnt/d/Projects/GoldRush/docs/phase2-ingestion/data/treasury/raw/treasury-20260824T034935Z-page013.json;/mnt/d/Projects/GoldRush/docs/phase2-ingestion/data/treasury/raw/treasury-20260824T034935Z-page014.json;/mnt/d/Projects/GoldRush/docs/phase2-ingestion/data/treasury/raw/treasury-20260824T034935Z-page015.json;/mnt/d/Projects/GoldRush/docs/phase2-ingestion/data/treasury/raw/treasury-20260824T034935Z-page016.json,docs/phase2-ingestion/data/treasury/manifests/treasury-20260824T034935Z.manifest.json,16,cf284fd2186cebbd098b2823e2195f5af04c4bc8c7e75507d7dd4e8bf063fd5b,2026-08-24T03:49:35.808873+00:00,PASS,AVAILABLE,0.1.0
L4-009,2005-12-31,1570521.587,4183959.075,4135856.2787,98.85030433047436,37.536733960525176,percent_of_marketable_treasury_debt,Positive dated marketable debt maturing after record date and within one calendar year / Total Marketable outstanding * 100,U.S. Treasury Fiscal Data — Monthly Statement of the Public Debt Table 3,https://api.fiscaldata.treasury.gov/services/api/fiscal_service/v1/debt/mspd/mspd_table_3_market,"{""fields"":""record_date,security_type_desc,security_class1_desc,maturity_date,outstanding_amt,src_line_nbr"",""filter"":""record_date:gte:1900-01-01"",""page[size]"":10000,""sort"":""record_date,src_line_nbr""}",/mnt/d/Projects/GoldRush/docs/phase2-ingestion/data/treasury/raw/treasury-20260824T034935Z-page001.json;/mnt/d/Projects/GoldRush/docs/phase2-ingestion/data/treasury/raw/treasury-20260824T034935Z-page002.json;/mnt/d/Projects/GoldRush/docs/phase2-ingestion/data/treasury/raw/treasury-20260824T034935Z-page003.json;/mnt/d/Projects/GoldRush/docs/phase2-ingestion/data/treasury/raw/treasury-20260824T034935Z-page004.json;/mnt/d/Projects/GoldRush/docs/phase2-ingestion/data/treasury/raw/treasury-20260824T034935Z-page005.json;/mnt/d/Projects/GoldRush/docs/phase2-ingestion/data/treasury/raw/treasury-20260824T034935Z-page006.json;/mnt/d/Projects/GoldRush/docs/phase2-ingestion/data/treasury/raw/treasury-20260824T034935Z-page007.json;/mnt/d/Projects/GoldRush/docs/phase2-ingestion/data/treasury/raw/treasury-20260824T034935Z-page008.json;/mnt/d/Projects/GoldRush/docs/phase2-ingestion/data/treasury/raw/treasury-20260824T034935Z-page009.json;/mnt/d/Projects/GoldRush/docs/phase2-ingestion/data/treasury/raw/treasury-20260824T034935Z-page010.json;/mnt/d/Projects/GoldRush/docs/phase2-ingestion/data/treasury/raw/treasury-20260824T034935Z-page011.json;/mnt/d/Projects/GoldRush/docs/phase2-ingestion/data/treasury/raw/treasury-20260824T034935Z-page012.json;/mnt/d/Projects/GoldRush/docs/phase2-ingestion/data/treasury/raw/treasury-20260824T034935Z-page013.json;/mnt/d/Projects/GoldRush/docs/phase2-ingestion/data/treasury/raw/treasury-20260824T034935Z-page014.json;/mnt/d/Projects/GoldRush/docs/phase2-ingestion/data/treasury/raw/treasury-20260824T034935Z-page015.json;/mnt/d/Projects/GoldRush/docs/phase2-ingestion/data/treasury/raw/treasury-20260824T034935Z-page016.json,docs/phase2-ingestion/data/treasury/manifests/treasury-20260824T034935Z.manifest.json,16,cf284fd2186cebbd098b2823e2195f5af04c4bc8c7e75507d7dd4e8bf063fd5b,2026-08-24T03:49:35.808873+00:00,PASS,AVAILABLE,0.1.0
L4-009,2006-01-31,1579056.74998192,4194831.64212861,4180727.37932861,99.66377046796464,37.6429111987114,percent_of_marketable_treasury_debt,Positive dated marketable debt maturing after record date and within one calendar year / Total Marketable outstanding * 100,U.S. Treasury Fiscal Data — Monthly Statement of the Public Debt Table 3,https://api.fiscaldata.treasury.gov/services/api/fiscal_service/v1/debt/mspd/mspd_table_3_market,"{""fields"":""record_date,security_type_desc,security_class1_desc,maturity_date,outstanding_amt,src_line_nbr"",""filter"":""record_date:gte:1900-01-01"",""page[size]"":10000,""sort"":""record_date,src_line_nbr""}",/mnt/d/Projects/GoldRush/docs/phase2-ingestion/data/treasury/raw/treasury-20260824T034935Z-page001.json;/mnt/d/Projects/GoldRush/docs/phase2-ingestion/data/treasury/raw/treasury-20260824T034935Z-page002.json;/mnt/d/Projects/GoldRush/docs/phase2-ingestion/data/treasury/raw/treasury-20260824T034935Z-page003.json;/mnt/d/Projects/GoldRush/docs/phase2-ingestion/data/treasury/raw/treasury-20260824T034935Z-page004.json;/mnt/d/Projects/GoldRush/docs/phase2-ingestion/data/treasury/raw/treasury-20260824T034935Z-page005.json;/mnt/d/Projects/GoldRush/docs/phase2-ingestion/data/treasury/raw/treasury-20260824T034935Z-page006.json;/mnt/d/Projects/GoldRush/docs/phase2-ingestion/data/treasury/raw/treasury-20260824T034935Z-page007.json;/mnt/d/Projects/GoldRush/docs/phase2-ingestion/data/treasury/raw/treasury-20260824T034935Z-page008.json;/mnt/d/Projects/GoldRush/docs/phase2-ingestion/data/treasury/raw/treasury-20260824T034935Z-page009.json;/mnt/d/Projects/GoldRush/docs/phase2-ingestion/data/treasury/raw/treasury-20260824T034935Z-page010.json;/mnt/d/Projects/GoldRush/docs/phase2-ingestion/data/treasury/raw/treasury-20260824T034935Z-page011.json;/mnt/d/Projects/GoldRush/docs/phase2-ingestion/data/treasury/raw/treasury-20260824T034935Z-page012.json;/mnt/d/Projects/GoldRush/docs/phase2-ingestion/data/treasury/raw/treasury-20260824T034935Z-page013.json;/mnt/d/Projects/GoldRush/docs/phase2-ingestion/data/treasury/raw/treasury-20260824T034935Z-page014.json;/mnt/d/Projects/GoldRush/docs/phase2-ingestion/data/treasury/raw/treasury-20260824T034935Z-page015.json;/mnt/d/Projects/GoldRush/docs/phase2-ingestion/data/treasury/raw/treasury-20260824T034935Z-page016.json,docs/phase2-ingestion/data/treasury/manifests/treasury-20260824T034935Z.manifest.json,16,cf284fd2186cebbd098b2823e2195f5af04c4bc8c7e75507d7dd4e8bf063fd5b,2026-08-24T03:49:35.808873+00:00,PASS,AVAILABLE,0.1.0
L4-009,2006-02-28,1638594.83011243,4277570.33036339,4263453.64006339,99.66998344364333,38.30667186185639,percent_of_marketable_treasury_debt,Positive dated marketable debt maturing after record date and within one calendar year / Total Marketable outstanding * 100,U.S. Treasury Fiscal Data — Monthly Statement of the Public Debt Table 3,https://api.fiscaldata.treasury.gov/services/api/fiscal_service/v1/debt/mspd/mspd_table_3_market,"{""fields"":""record_date,security_type_desc,security_class1_desc,maturity_date,outstanding_amt,src_line_nbr"",""filter"":""record_date:gte:1900-01-01"",""page[size]"":10000,""sort"":""record_date,src_line_nbr""}",/mnt/d/Projects/GoldRush/docs/phase2-ingestion/data/treasury/raw/treasury-20260824T034935Z-page001.json;/mnt/d/Projects/GoldRush/docs/phase2-ingestion/data/treasury/raw/treasury-20260824T034935Z-page002.json;/mnt/d/Projects/GoldRush/docs/phase2-ingestion/data/treasury/raw/treasury-20260824T034935Z-page003.json;/mnt/d/Projects/GoldRush/docs/phase2-ingestion/data/treasury/raw/treasury-20260824T034935Z-page004.json;/mnt/d/Projects/GoldRush/docs/phase2-ingestion/data/treasury/raw/treasury-20260824T034935Z-page005.json;/mnt/d/Projects/GoldRush/docs/phase2-ingestion/data/treasury/raw/treasury-20260824T034935Z-page006.json;/mnt/d/Projects/GoldRush/docs/phase2-ingestion/data/treasury/raw/treasury-20260824T034935Z-page007.json;/mnt/d/Projects/GoldRush/docs/phase2-ingestion/data/treasury/raw/treasury-20260824T034935Z-page008.json;/mnt/d/Projects/GoldRush/docs/phase2-ingestion/data/treasury/raw/treasury-20260824T034935Z-page009.json;/mnt/d/Projects/GoldRush/docs/phase2-ingestion/data/treasury/raw/treasury-20260824T034935Z-page010.json;/mnt/d/Projects/GoldRush/docs/phase2-ingestion/data/treasury/raw/treasury-20260824T034935Z-page011.json;/mnt/d/Projects/GoldRush/docs/phase2-ingestion/data/treasury/raw/treasury-20260824T034935Z-page012.json;/mnt/d/Projects/GoldRush/docs/phase2-ingestion/data/treasury/raw/treasury-20260824T034935Z-page013.json;/mnt/d/Projects/GoldRush/docs/phase2-ingestion/data/treasury/raw/treasury-20260824T034935Z-page014.json;/mnt/d/Projects/GoldRush/docs/phase2-ingestion/data/treasury/raw/treasury-20260824T034935Z-page015.json;/mnt/d/Projects/GoldRush/docs/phase2-ingestion/data/treasury/raw/treasury-20260824T034935Z-page016.json,docs/phase2-ingestion/data/treasury/manifests/treasury-20260824T034935Z.manifest.json,16,cf284fd2186cebbd098b2823e2195f5af04c4bc8c7e75507d7dd4e8bf063fd5b,2026-08-24T03:49:35.808873+00:00,PASS,AVAILABLE,0.1.0
L4-009,2006-03-31,1678887.56569201,4340399.60402342,4326295.84082342,99.67505841658159,38.680483800056834,percent_of_marketable_treasury_debt,Positive dated marketable debt maturing after record date and within one calendar year / Total Marketable outstanding * 100,U.S. Treasury Fiscal Data — Monthly Statement of the Public Debt Table 3,https://api.fiscaldata.treasury.gov/services/api/fiscal_service/v1/debt/mspd/mspd_table_3_market,"{""fields"":""record_date,security_type_desc,security_class1_desc,maturity_date,outstanding_amt,src_line_nbr"",""filter"":""record_date:gte:1900-01-01"",""page[size]"":10000,""sort"":""record_date,src_line_nbr""}",/mnt/d/Projects/GoldRush/docs/phase2-ingestion/data/treasury/raw/treasury-20260824T034935Z-page001.json;/mnt/d/Projects/GoldRush/docs/phase2-ingestion/data/treasury/raw/treasury-20260824T034935Z-page002.json;/mnt/d/Projects/GoldRush/docs/phase2-ingestion/data/treasury/raw/treasury-20260824T034935Z-page003.json;/mnt/d/Projects/GoldRush/docs/phase2-ingestion/data/treasury/raw/treasury-20260824T034935Z-page004.json;/mnt/d/Projects/GoldRush/docs/phase2-ingestion/data/treasury/raw/treasury-20260824T034935Z-page005.json;/mnt/d/Projects/GoldRush/docs/phase2-ingestion/data/treasury/raw/treasury-20260824T034935Z-page006.json;/mnt/d/Projects/GoldRush/docs/phase2-ingestion/data/treasury/raw/treasury-20260824T034935Z-page007.json;/mnt/d/Projects/GoldRush/docs/phase2-ingestion/data/treasury/raw/treasury-20260824T034935Z-page008.json;/mnt/d/Projects/GoldRush/docs/phase2-ingestion/data/treasury/raw/treasury-20260824T034935Z-page009.json;/mnt/d/Projects/GoldRush/docs/phase2-ingestion/data/treasury/raw/treasury-20260824T034935Z-page010.json;/mnt/d/Projects/GoldRush/docs/phase2-ingestion/data/treasury/raw/treasury-20260824T034935Z-page011.json;/mnt/d/Projects/GoldRush/docs/phase2-ingestion/data/treasury/raw/treasury-20260824T034935Z-page012.json;/mnt/d/Projects/GoldRush/docs/phase2-ingestion/data/treasury/raw/treasury-20260824T034935Z-page013.json;/mnt/d/Projects/GoldRush/docs/phase2-ingestion/data/treasury/raw/treasury-20260824T034935Z-page014.json;/mnt/d/Projects/GoldRush/docs/phase2-ingestion/data/treasury/raw/treasury-20260824T034935Z-page015.json;/mnt/d/Projects/GoldRush/docs/phase2-ingestion/data/treasury/raw/treasury-20260824T034935Z-page016.json,docs/phase2-ingestion/data/treasury/manifests/treasury-20260824T034935Z.manifest.json,16,cf284fd2186cebbd098b2823e2195f5af04c4bc8c7e75507d7dd4e8bf063fd5b,2026-08-24T03:49:35.808873+00:00,PASS,AVAILABLE,0.1.0
L4-009,2006-04-30,1599651.10253255,4283205.24583179,4234768.72283179,98.86915241693971,37.34705695201634,percent_of_marketable_treasury_debt,Positive dated marketable debt maturing after record date and within one calendar year / Total Marketable outstanding * 100,U.S. Treasury Fiscal Data — Monthly Statement of the Public Debt Table 3,https://api.fiscaldata.treasury.gov/services/api/fiscal_service/v1/debt/mspd/mspd_table_3_market,"{""fields"":""record_date,security_type_desc,security_class1_desc,maturity_date,outstanding_amt,src_line_nbr"",""filter"":""record_date:gte:1900-01-01"",""page[size]"":10000,""sort"":""record_date,src_line_nbr""}",/mnt/d/Projects/GoldRush/docs/phase2-ingestion/data/treasury/raw/treasury-20260824T034935Z-page001.json;/mnt/d/Projects/GoldRush/docs/phase2-ingestion/data/treasury/raw/treasury-20260824T034935Z-page002.json;/mnt/d/Projects/GoldRush/docs/phase2-ingestion/data/treasury/raw/treasury-20260824T034935Z-page003.json;/mnt/d/Projects/GoldRush/docs/phase2-ingestion/data/treasury/raw/treasury-20260824T034935Z-page004.json;/mnt/d/Projects/GoldRush/docs/phase2-ingestion/data/treasury/raw/treasury-20260824T034935Z-page005.json;/mnt/d/Projects/GoldRush/docs/phase2-ingestion/data/treasury/raw/treasury-20260824T034935Z-page006.json;/mnt/d/Projects/GoldRush/docs/phase2-ingestion/data/treasury/raw/treasury-20260824T034935Z-page007.json;/mnt/d/Projects/GoldRush/docs/phase2-ingestion/data/treasury/raw/treasury-20260824T034935Z-page008.json;/mnt/d/Projects/GoldRush/docs/phase2-ingestion/data/treasury/raw/treasury-20260824T034935Z-page009.json;/mnt/d/Projects/GoldRush/docs/phase2-ingestion/data/treasury/raw/treasury-20260824T034935Z-page010.json;/mnt/d/Projects/GoldRush/docs/phase2-ingestion/data/treasury/raw/treasury-20260824T034935Z-page011.json;/mnt/d/Projects/GoldRush/docs/phase2-ingestion/data/treasury/raw/treasury-20260824T034935Z-page012.json;/mnt/d/Projects/GoldRush/docs/phase2-ingestion/data/treasury/raw/treasury-20260824T034935Z-page013.json;/mnt/d/Projects/GoldRush/docs/phase2-ingestion/data/treasury/raw/treasury-20260824T034935Z-page014.json;/mnt/d/Projects/GoldRush/docs/phase2-ingestion/data/treasury/raw/treasury-20260824T034935Z-page015.json;/mnt/d/Projects/GoldRush/docs/phase2-ingestion/data/treasury/raw/treasury-20260824T034935Z-page016.json,docs/phase2-ingestion/data/treasury/manifests/treasury-20260824T034935Z.manifest.json,16,cf284fd2186cebbd098b2823e2195f5af04c4bc8c7e75507d7dd4e8bf063fd5b,2026-08-24T03:49:35.808873+00:00,PASS,AVAILABLE,0.1.0
L4-009,2006-05-31,1586572.32431506,4269243.57495005,4255133.19795005,99.66948765624915,37.162843872959925,percent_of_marketable_treasury_debt,Positive dated marketable debt maturing after record date and within one calendar year / Total Marketable outstanding * 100,U.S. Treasury Fiscal Data — Monthly Statement of the Public Debt Table 3,https://api.fiscaldata.treasury.gov/services/api/fiscal_service/v1/debt/mspd/mspd_table_3_market,"{""fields"":""record_date,security_type_desc,security_class1_desc,maturity_date,outstanding_amt,src_line_nbr"",""filter"":""record_date:gte:1900-01-01"",""page[size]"":10000,""sort"":""record_date,src_line_nbr""}",/mnt/d/Projects/GoldRush/docs/phase2-ingestion/data/treasury/raw/treasury-20260824T034935Z-page001.json;/mnt/d/Projects/GoldRush/docs/phase2-ingestion/data/treasury/raw/treasury-20260824T034935Z-page002.json;/mnt/d/Projects/GoldRush/docs/phase2-ingestion/data/treasury/raw/treasury-20260824T034935Z-page003.json;/mnt/d/Projects/GoldRush/docs/phase2-ingestion/data/treasury/raw/treasury-20260824T034935Z-page004.json;/mnt/d/Projects/GoldRush/docs/phase2-ingestion/data/treasury/raw/treasury-20260824T034935Z-page005.json;/mnt/d/Projects/GoldRush/docs/phase2-ingestion/data/treasury/raw/treasury-20260824T034935Z-page006.json;/mnt/d/Projects/GoldRush/docs/phase2-ingestion/data/treasury/raw/treasury-20260824T034935Z-page007.json;/mnt/d/Projects/GoldRush/docs/phase2-ingestion/data/treasury/raw/treasury-20260824T034935Z-page008.json;/mnt/d/Projects/GoldRush/docs/phase2-ingestion/data/treasury/raw/treasury-20260824T034935Z-page009.json;/mnt/d/Projects/GoldRush/docs/phase2-ingestion/data/treasury/raw/treasury-20260824T034935Z-page010.json;/mnt/d/Projects/GoldRush/docs/phase2-ingestion/data/treasury/raw/treasury-20260824T034935Z-page011.json;/mnt/d/Projects/GoldRush/docs/phase2-ingestion/data/treasury/raw/treasury-20260824T034935Z-page012.json;/mnt/d/Projects/GoldRush/docs/phase2-ingestion/data/treasury/raw/treasury-20260824T034935Z-page013.json;/mnt/d/Projects/GoldRush/docs/phase2-ingestion/data/treasury/raw/treasury-20260824T034935Z-page014.json;/mnt/d/Projects/GoldRush/docs/phase2-ingestion/data/treasury/raw/treasury-20260824T034935Z-page015.json;/mnt/d/Projects/GoldRush/docs/phase2-ingestion/data/treasury/raw/treasury-20260824T034935Z-page016.json,docs/phase2-ingestion/data/treasury/manifests/treasury-20260824T034935Z.manifest.json,16,cf284fd2186cebbd098b2823e2195f5af04c4bc8c7e75507d7dd4e8bf063fd5b,2026-08-24T03:49:35.808873+00:00,PASS,AVAILABLE,0.1.0
L4-009,2006-06-30,1543081.12022795,4254017.48397949,4239916.00797949,99.66851391530228,36.27350207278531,percent_of_marketable_treasury_debt,Positive dated marketable debt maturing after record date and within one calendar year / Total Marketable outstanding * 100,U.S. Treasury Fiscal Data — Monthly Statement of the Public Debt Table 3,https://api.fiscaldata.treasury.gov/services/api/fiscal_service/v1/debt/mspd/mspd_table_3_market,"{""fields"":""record_date,security_type_desc,security_class1_desc,maturity_date,outstanding_amt,src_line_nbr"",""filter"":""record_date:gte:1900-01-01"",""page[size]"":10000,""sort"":""record_date,src_line_nbr""}",/mnt/d/Projects/GoldRush/docs/phase2-ingestion/data/treasury/raw/treasury-20260824T034935Z-page001.json;/mnt/d/Projects/GoldRush/docs/phase2-ingestion/data/treasury/raw/treasury-20260824T034935Z-page002.json;/mnt/d/Projects/GoldRush/docs/phase2-ingestion/data/treasury/raw/treasury-20260824T034935Z-page003.json;/mnt/d/Projects/GoldRush/docs/phase2-ingestion/data/treasury/raw/treasury-20260824T034935Z-page004.json;/mnt/d/Projects/GoldRush/docs/phase2-ingestion/data/treasury/raw/treasury-20260824T034935Z-page005.json;/mnt/d/Projects/GoldRush/docs/phase2-ingestion/data/treasury/raw/treasury-20260824T034935Z-page006.json;/mnt/d/Projects/GoldRush/docs/phase2-ingestion/data/treasury/raw/treasury-20260824T034935Z-page007.json;/mnt/d/Projects/GoldRush/docs/phase2-ingestion/data/treasury/raw/treasury-20260824T034935Z-page008.json;/mnt/d/Projects/GoldRush/docs/phase2-ingestion/data/treasury/raw/treasury-20260824T034935Z-page009.json;/mnt/d/Projects/GoldRush/docs/phase2-ingestion/data/treasury/raw/treasury-20260824T034935Z-page010.json;/mnt/d/Projects/GoldRush/docs/phase2-ingestion/data/treasury/raw/treasury-20260824T034935Z-page011.json;/mnt/d/Projects/GoldRush/docs/phase2-ingestion/data/treasury/raw/treasury-20260824T034935Z-page012.json;/mnt/d/Projects/GoldRush/docs/phase2-ingestion/data/treasury/raw/treasury-20260824T034935Z-page013.json;/mnt/d/Projects/GoldRush/docs/phase2-ingestion/data/treasury/raw/treasury-20260824T034935Z-page014.json;/mnt/d/Projects/GoldRush/docs/phase2-ingestion/data/treasury/raw/treasury-20260824T034935Z-page015.json;/mnt/d/Projects/GoldRush/docs/phase2-ingestion/data/treasury/raw/treasury-20260824T034935Z-page016.json,docs/phase2-ingestion/data/treasury/manifests/treasury-20260824T034935Z.manifest.json,16,cf284fd2186cebbd098b2823e2195f5af04c4bc8c7e75507d7dd4e8bf063fd5b,2026-08-24T03:49:35.808873+00:00,PASS,AVAILABLE,0.1.0
L4-009,2006-07-31,1531288.48430032,4280410.24393,4266310.23943,99.67059221671579,35.77433930478562,percent_of_marketable_treasury_debt,Positive dated marketable debt maturing after record date and within one calendar year / Total Marketable outstanding * 100,U.S. Treasury Fiscal Data — Monthly Statement of the Public Debt Table 3,https://api.fiscaldata.treasury.gov/services/api/fiscal_service/v1/debt/mspd/mspd_table_3_market,"{""fields"":""record_date,security_type_desc,security_class1_desc,maturity_date,outstanding_amt,src_line_nbr"",""filter"":""record_date:gte:1900-01-01"",""page[size]"":10000,""sort"":""record_date,src_line_nbr""}",/mnt/d/Projects/GoldRush/docs/phase2-ingestion/data/treasury/raw/treasury-20260824T034935Z-page001.json;/mnt/d/Projects/GoldRush/docs/phase2-ingestion/data/treasury/raw/treasury-20260824T034935Z-page002.json;/mnt/d/Projects/GoldRush/docs/phase2-ingestion/data/treasury/raw/treasury-20260824T034935Z-page003.json;/mnt/d/Projects/GoldRush/docs/phase2-ingestion/data/treasury/raw/treasury-20260824T034935Z-page004.json;/mnt/d/Projects/GoldRush/docs/phase2-ingestion/data/treasury/raw/treasury-20260824T034935Z-page005.json;/mnt/d/Projects/GoldRush/docs/phase2-ingestion/data/treasury/raw/treasury-20260824T034935Z-page006.json;/mnt/d/Projects/GoldRush/docs/phase2-ingestion/data/treasury/raw/treasury-20260824T034935Z-page007.json;/mnt/d/Projects/GoldRush/docs/phase2-ingestion/data/treasury/raw/treasury-20260824T034935Z-page008.json;/mnt/d/Projects/GoldRush/docs/phase2-ingestion/data/treasury/raw/treasury-20260824T034935Z-page009.json;/mnt/d/Projects/GoldRush/docs/phase2-ingestion/data/treasury/raw/treasury-20260824T034935Z-page010.json;/mnt/d/Projects/GoldRush/docs/phase2-ingestion/data/treasury/raw/treasury-20260824T034935Z-page011.json;/mnt/d/Projects/GoldRush/docs/phase2-ingestion/data/treasury/raw/treasury-20260824T034935Z-page012.json;/mnt/d/Projects/GoldRush/docs/phase2-ingestion/data/treasury/raw/treasury-20260824T034935Z-page013.json;/mnt/d/Projects/GoldRush/docs/phase2-ingestion/data/treasury/raw/treasury-20260824T034935Z-page014.json;/mnt/d/Projects/GoldRush/docs/phase2-ingestion/data/treasury/raw/treasury-20260824T034935Z-page015.json;/mnt/d/Projects/GoldRush/docs/phase2-ingestion/data/treasury/raw/treasury-20260824T034935Z-page016.json,docs/phase2-ingestion/data/treasury/manifests/treasury-20260824T034935Z.manifest.json,16,cf284fd2186cebbd098b2823e2195f5af04c4bc8c7e75507d7dd4e8bf063fd5b,2026-08-24T03:49:35.808873+00:00,PASS,AVAILABLE,0.1.0
L4-009,2006-08-31,1603618.54192347,4344671.86266336,4330572.95826336,99.67548977585255,36.91000362316025,percent_of_marketable_treasury_debt,Positive dated marketable debt maturing after record date and within one calendar year / Total Marketable outstanding * 100,U.S. Treasury Fiscal Data — Monthly Statement of the Public Debt Table 3,https://api.fiscaldata.treasury.gov/services/api/fiscal_service/v1/debt/mspd/mspd_table_3_market,"{""fields"":""record_date,security_type_desc,security_class1_desc,maturity_date,outstanding_amt,src_line_nbr"",""filter"":""record_date:gte:1900-01-01"",""page[size]"":10000,""sort"":""record_date,src_line_nbr""}",/mnt/d/Projects/GoldRush/docs/phase2-ingestion/data/treasury/raw/treasury-20260824T034935Z-page001.json;/mnt/d/Projects/GoldRush/docs/phase2-ingestion/data/treasury/raw/treasury-20260824T034935Z-page002.json;/mnt/d/Projects/GoldRush/docs/phase2-ingestion/data/treasury/raw/treasury-20260824T034935Z-page003.json;/mnt/d/Projects/GoldRush/docs/phase2-ingestion/data/treasury/raw/treasury-20260824T034935Z-page004.json;/mnt/d/Projects/GoldRush/docs/phase2-ingestion/data/treasury/raw/treasury-20260824T034935Z-page005.json;/mnt/d/Projects/GoldRush/docs/phase2-ingestion/data/treasury/raw/treasury-20260824T034935Z-page006.json;/mnt/d/Projects/GoldRush/docs/phase2-ingestion/data/treasury/raw/treasury-20260824T034935Z-page007.json;/mnt/d/Projects/GoldRush/docs/phase2-ingestion/data/treasury/raw/treasury-20260824T034935Z-page008.json;/mnt/d/Projects/GoldRush/docs/phase2-ingestion/data/treasury/raw/treasury-20260824T034935Z-page009.json;/mnt/d/Projects/GoldRush/docs/phase2-ingestion/data/treasury/raw/treasury-20260824T034935Z-page010.json;/mnt/d/Projects/GoldRush/docs/phase2-ingestion/data/treasury/raw/treasury-20260824T034935Z-page011.json;/mnt/d/Projects/GoldRush/docs/phase2-ingestion/data/treasury/raw/treasury-20260824T034935Z-page012.json;/mnt/d/Projects/GoldRush/docs/phase2-ingestion/data/treasury/raw/treasury-20260824T034935Z-page013.json;/mnt/d/Projects/GoldRush/docs/phase2-ingestion/data/treasury/raw/treasury-20260824T034935Z-page014.json;/mnt/d/Projects/GoldRush/docs/phase2-ingestion/data/treasury/raw/treasury-20260824T034935Z-page015.json;/mnt/d/Projects/GoldRush/docs/phase2-ingestion/data/treasury/raw/treasury-20260824T034935Z-page016.json,docs/phase2-ingestion/data/treasury/manifests/treasury-20260824T034935Z.manifest.json,16,cf284fd2186cebbd098b2823e2195f5af04c4bc8c7e75507d7dd4e8bf063fd5b,2026-08-24T03:49:35.808873+00:00,PASS,AVAILABLE,0.1.0
L4-009,2006-09-30,1547829.60773501,4303038.89905015,4257284.67515015,98.93669973771095,35.9706162097832,percent_of_marketable_treasury_debt,Positive dated marketable debt maturing after record date and within one calendar year / Total Marketable outstanding * 100,U.S. Treasury Fiscal Data — Monthly Statement of the Public Debt Table 3,https://api.fiscaldata.treasury.gov/services/api/fiscal_service/v1/debt/mspd/mspd_table_3_market,"{""fields"":""record_date,security_type_desc,security_class1_desc,maturity_date,outstanding_amt,src_line_nbr"",""filter"":""record_date:gte:1900-01-01"",""page[size]"":10000,""sort"":""record_date,src_line_nbr""}",/mnt/d/Projects/GoldRush/docs/phase2-ingestion/data/treasury/raw/treasury-20260824T034935Z-page001.json;/mnt/d/Projects/GoldRush/docs/phase2-ingestion/data/treasury/raw/treasury-20260824T034935Z-page002.json;/mnt/d/Projects/GoldRush/docs/phase2-ingestion/data/treasury/raw/treasury-20260824T034935Z-page003.json;/mnt/d/Projects/GoldRush/docs/phase2-ingestion/data/treasury/raw/treasury-20260824T034935Z-page004.json;/mnt/d/Projects/GoldRush/docs/phase2-ingestion/data/treasury/raw/treasury-20260824T034935Z-page005.json;/mnt/d/Projects/GoldRush/docs/phase2-ingestion/data/treasury/raw/treasury-20260824T034935Z-page006.json;/mnt/d/Projects/GoldRush/docs/phase2-ingestion/data/treasury/raw/treasury-20260824T034935Z-page007.json;/mnt/d/Projects/GoldRush/docs/phase2-ingestion/data/treasury/raw/treasury-20260824T034935Z-page008.json;/mnt/d/Projects/GoldRush/docs/phase2-ingestion/data/treasury/raw/treasury-20260824T034935Z-page009.json;/mnt/d/Projects/GoldRush/docs/phase2-ingestion/data/treasury/raw/treasury-20260824T034935Z-page010.json;/mnt/d/Projects/GoldRush/docs/phase2-ingestion/data/treasury/raw/treasury-20260824T034935Z-page011.json;/mnt/d/Projects/GoldRush/docs/phase2-ingestion/data/treasury/raw/treasury-20260824T034935Z-page012.json;/mnt/d/Projects/GoldRush/docs/phase2-ingestion/data/treasury/raw/treasury-20260824T034935Z-page013.json;/mnt/d/Projects/GoldRush/docs/phase2-ingestion/data/treasury/raw/treasury-20260824T034935Z-page014.json;/mnt/d/Projects/GoldRush/docs/phase2-ingestion/data/treasury/raw/treasury-20260824T034935Z-page015.json;/mnt/d/Projects/GoldRush/docs/phase2-ingestion/data/treasury/raw/treasury-20260824T034935Z-page016.json,docs/phase2-ingestion/data/treasury/manifests/treasury-20260824T034935Z.manifest.json,16,cf284fd2186cebbd098b2823e2195f5af04c4bc8c7e75507d7dd4e8bf063fd5b,2026-08-24T03:49:35.808873+00:00,PASS,AVAILABLE,0.1.0
L4-009,2006-10-31,1540380.69872048,4337969.49718388,4323872.37333388,99.67502943810113,35.50925610981044,percent_of_marketable_treasury_debt,Positive dated marketable debt maturing after record date and within one calendar year / Total Marketable outstanding * 100,U.S. Treasury Fiscal Data — Monthly Statement of the Public Debt Table 3,https://api.fiscaldata.treasury.gov/services/api/fiscal_service/v1/debt/mspd/mspd_table_3_market,"{""fields"":""record_date,security_type_desc,security_class1_desc,maturity_date,outstanding_amt,src_line_nbr"",""filter"":""record_date:gte:1900-01-01"",""page[size]"":10000,""sort"":""record_date,src_line_nbr""}",/mnt/d/Projects/GoldRush/docs/phase2-ingestion/data/treasury/raw/treasury-20260824T034935Z-page001.json;/mnt/d/Projects/GoldRush/docs/phase2-ingestion/data/treasury/raw/treasury-20260824T034935Z-page002.json;/mnt/d/Projects/GoldRush/docs/phase2-ingestion/data/treasury/raw/treasury-20260824T034935Z-page003.json;/mnt/d/Projects/GoldRush/docs/phase2-ingestion/data/treasury/raw/treasury-20260824T034935Z-page004.json;/mnt/d/Projects/GoldRush/docs/phase2-ingestion/data/treasury/raw/treasury-20260824T034935Z-page005.json;/mnt/d/Projects/GoldRush/docs/phase2-ingestion/data/treasury/raw/treasury-20260824T034935Z-page006.json;/mnt/d/Projects/GoldRush/docs/phase2-ingestion/data/treasury/raw/treasury-20260824T034935Z-page007.json;/mnt/d/Projects/GoldRush/docs/phase2-ingestion/data/treasury/raw/treasury-20260824T034935Z-page008.json;/mnt/d/Projects/GoldRush/docs/phase2-ingestion/data/treasury/raw/treasury-20260824T034935Z-page009.json;/mnt/d/Projects/GoldRush/docs/phase2-ingestion/data/treasury/raw/treasury-20260824T034935Z-page010.json;/mnt/d/Projects/GoldRush/docs/phase2-ingestion/data/treasury/raw/treasury-20260824T034935Z-page011.json;/mnt/d/Projects/GoldRush/docs/phase2-ingestion/data/treasury/raw/treasury-20260824T034935Z-page012.json;/mnt/d/Projects/GoldRush/docs/phase2-ingestion/data/treasury/raw/treasury-20260824T034935Z-page013.json;/mnt/d/Projects/GoldRush/docs/phase2-ingestion/data/treasury/raw/treasury-20260824T034935Z-page014.json;/mnt/d/Projects/GoldRush/docs/phase2-ingestion/data/treasury/raw/treasury-20260824T034935Z-page015.json;/mnt/d/Projects/GoldRush/docs/phase2-ingestion/data/treasury/raw/treasury-20260824T034935Z-page016.json,docs/phase2-ingestion/data/treasury/manifests/treasury-20260824T034935Z.manifest.json,16,cf284fd2186cebbd098b2823e2195f5af04c4bc8c7e75507d7dd4e8bf063fd5b,2026-08-24T03:49:35.808873+00:00,PASS,AVAILABLE,0.1.0
L4-009,2006-11-30,1585126.56873506,4381011.11675252,4366880.43000252,99.67745603986336,36.18175180322426,percent_of_marketable_treasury_debt,Positive dated marketable debt maturing after record date and within one calendar year / Total Marketable outstanding * 100,U.S. Treasury Fiscal Data — Monthly Statement of the Public Debt Table 3,https://api.fiscaldata.treasury.gov/services/api/fiscal_service/v1/debt/mspd/mspd_table_3_market,"{""fields"":""record_date,security_type_desc,security_class1_desc,maturity_date,outstanding_amt,src_line_nbr"",""filter"":""record_date:gte:1900-01-01"",""page[size]"":10000,""sort"":""record_date,src_line_nbr""}",/mnt/d/Projects/GoldRush/docs/phase2-ingestion/data/treasury/raw/treasury-20260824T034935Z-page001.json;/mnt/d/Projects/GoldRush/docs/phase2-ingestion/data/treasury/raw/treasury-20260824T034935Z-page002.json;/mnt/d/Projects/GoldRush/docs/phase2-ingestion/data/treasury/raw/treasury-20260824T034935Z-page003.json;/mnt/d/Projects/GoldRush/docs/phase2-ingestion/data/treasury/raw/treasury-20260824T034935Z-page004.json;/mnt/d/Projects/GoldRush/docs/phase2-ingestion/data/treasury/raw/treasury-20260824T034935Z-page005.json;/mnt/d/Projects/GoldRush/docs/phase2-ingestion/data/treasury/raw/treasury-20260824T034935Z-page006.json;/mnt/d/Projects/GoldRush/docs/phase2-ingestion/data/treasury/raw/treasury-20260824T034935Z-page007.json;/mnt/d/Projects/GoldRush/docs/phase2-ingestion/data/treasury/raw/treasury-20260824T034935Z-page008.json;/mnt/d/Projects/GoldRush/docs/phase2-ingestion/data/treasury/raw/treasury-20260824T034935Z-page009.json;/mnt/d/Projects/GoldRush/docs/phase2-ingestion/data/treasury/raw/treasury-20260824T034935Z-page010.json;/mnt/d/Projects/GoldRush/docs/phase2-ingestion/data/treasury/raw/treasury-20260824T034935Z-page011.json;/mnt/d/Projects/GoldRush/docs/phase2-ingestion/data/treasury/raw/treasury-20260824T034935Z-page012.json;/mnt/d/Projects/GoldRush/docs/phase2-ingestion/data/treasury/raw/treasury-20260824T034935Z-page013.json;/mnt/d/Projects/GoldRush/docs/phase2-ingestion/data/treasury/raw/treasury-20260824T034935Z-page014.json;/mnt/d/Projects/GoldRush/docs/phase2-ingestion/data/treasury/raw/treasury-20260824T034935Z-page015.json;/mnt/d/Projects/GoldRush/docs/phase2-ingestion/data/treasury/raw/treasury-20260824T034935Z-page016.json,docs/phase2-ingestion/data/treasury/manifests/treasury-20260824T034935Z.manifest.json,16,cf284fd2186cebbd098b2823e2195f5af04c4bc8c7e75507d7dd4e8bf063fd5b,2026-08-24T03:49:35.808873+00:00,PASS,AVAILABLE,0.1.0
L4-009,2006-12-31,1534919.79999603,4341958.40195112,4295888.47620112,98.9389597622746,35.350863778572645,percent_of_marketable_treasury_debt,Positive dated marketable debt maturing after record date and within one calendar year / Total Marketable outstanding * 100,U.S. Treasury Fiscal Data — Monthly Statement of the Public Debt Table 3,https://api.fiscaldata.treasury.gov/services/api/fiscal_service/v1/debt/mspd/mspd_table_3_market,"{""fields"":""record_date,security_type_desc,security_class1_desc,maturity_date,outstanding_amt,src_line_nbr"",""filter"":""record_date:gte:1900-01-01"",""page[size]"":10000,""sort"":""record_date,src_line_nbr""}",/mnt/d/Projects/GoldRush/docs/phase2-ingestion/data/treasury/raw/treasury-20260824T034935Z-page001.json;/mnt/d/Projects/GoldRush/docs/phase2-ingestion/data/treasury/raw/treasury-20260824T034935Z-page002.json;/mnt/d/Projects/GoldRush/docs/phase2-ingestion/data/treasury/raw/treasury-20260824T034935Z-page003.json;/mnt/d/Projects/GoldRush/docs/phase2-ingestion/data/treasury/raw/treasury-20260824T034935Z-page004.json;/mnt/d/Projects/GoldRush/docs/phase2-ingestion/data/treasury/raw/treasury-20260824T034935Z-page005.json;/mnt/d/Projects/GoldRush/docs/phase2-ingestion/data/treasury/raw/treasury-20260824T034935Z-page006.json;/mnt/d/Projects/GoldRush/docs/phase2-ingestion/data/treasury/raw/treasury-20260824T034935Z-page007.json;/mnt/d/Projects/GoldRush/docs/phase2-ingestion/data/treasury/raw/treasury-20260824T034935Z-page008.json;/mnt/d/Projects/GoldRush/docs/phase2-ingestion/data/treasury/raw/treasury-20260824T034935Z-page009.json;/mnt/d/Projects/GoldRush/docs/phase2-ingestion/data/treasury/raw/treasury-20260824T034935Z-page010.json;/mnt/d/Projects/GoldRush/docs/phase2-ingestion/data/treasury/raw/treasury-20260824T034935Z-page011.json;/mnt/d/Projects/GoldRush/docs/phase2-ingestion/data/treasury/raw/treasury-20260824T034935Z-page012.json;/mnt/d/Projects/GoldRush/docs/phase2-ingestion/data/treasury/raw/treasury-20260824T034935Z-page013.json;/mnt/d/Projects/GoldRush/docs/phase2-ingestion/data/treasury/raw/treasury-20260824T034935Z-page014.json;/mnt/d/Projects/GoldRush/docs/phase2-ingestion/data/treasury/raw/treasury-20260824T034935Z-page015.json;/mnt/d/Projects/GoldRush/docs/phase2-ingestion/data/treasury/raw/treasury-20260824T034935Z-page016.json,docs/phase2-ingestion/data/treasury/manifests/treasury-20260824T034935Z.manifest.json,16,cf284fd2186cebbd098b2823e2195f5af04c4bc8c7e75507d7dd4e8bf063fd5b,2026-08-24T03:49:35.808873+00:00,PASS,AVAILABLE,0.1.0
L4-009,2007-01-31,1521807.6534305,4347441.90240167,4333327.01615167,99.67532892751936,35.00466912714356,percent_of_marketable_treasury_debt,Positive dated marketable debt maturing after record date and within one calendar year / Total Marketable outstanding * 100,U.S. Treasury Fiscal Data — Monthly Statement of the Public Debt Table 3,https://api.fiscaldata.treasury.gov/services/api/fiscal_service/v1/debt/mspd/mspd_table_3_market,"{""fields"":""record_date,security_type_desc,security_class1_desc,maturity_date,outstanding_amt,src_line_nbr"",""filter"":""record_date:gte:1900-01-01"",""page[size]"":10000,""sort"":""record_date,src_line_nbr""}",/mnt/d/Projects/GoldRush/docs/phase2-ingestion/data/treasury/raw/treasury-20260824T034935Z-page001.json;/mnt/d/Projects/GoldRush/docs/phase2-ingestion/data/treasury/raw/treasury-20260824T034935Z-page002.json;/mnt/d/Projects/GoldRush/docs/phase2-ingestion/data/treasury/raw/treasury-20260824T034935Z-page003.json;/mnt/d/Projects/GoldRush/docs/phase2-ingestion/data/treasury/raw/treasury-20260824T034935Z-page004.json;/mnt/d/Projects/GoldRush/docs/phase2-ingestion/data/treasury/raw/treasury-20260824T034935Z-page005.json;/mnt/d/Projects/GoldRush/docs/phase2-ingestion/data/treasury/raw/treasury-20260824T034935Z-page006.json;/mnt/d/Projects/GoldRush/docs/phase2-ingestion/data/treasury/raw/treasury-20260824T034935Z-page007.json;/mnt/d/Projects/GoldRush/docs/phase2-ingestion/data/treasury/raw/treasury-20260824T034935Z-page008.json;/mnt/d/Projects/GoldRush/docs/phase2-ingestion/data/treasury/raw/treasury-20260824T034935Z-page009.json;/mnt/d/Projects/GoldRush/docs/phase2-ingestion/data/treasury/raw/treasury-20260824T034935Z-page010.json;/mnt/d/Projects/GoldRush/docs/phase2-ingestion/data/treasury/raw/treasury-20260824T034935Z-page011.json;/mnt/d/Projects/GoldRush/docs/phase2-ingestion/data/treasury/raw/treasury-20260824T034935Z-page012.json;/mnt/d/Projects/GoldRush/docs/phase2-ingestion/data/treasury/raw/treasury-20260824T034935Z-page013.json;/mnt/d/Projects/GoldRush/docs/phase2-ingestion/data/treasury/raw/treasury-20260824T034935Z-page014.json;/mnt/d/Projects/GoldRush/docs/phase2-ingestion/data/treasury/raw/treasury-20260824T034935Z-page015.json;/mnt/d/Projects/GoldRush/docs/phase2-ingestion/data/treasury/raw/treasury-20260824T034935Z-page016.json,docs/phase2-ingestion/data/treasury/manifests/treasury-20260824T034935Z.manifest.json,16,cf284fd2186cebbd098b2823e2195f5af04c4bc8c7e75507d7dd4e8bf063fd5b,2026-08-24T03:49:35.808873+00:00,PASS,AVAILABLE,0.1.0
L4-009,2007-02-28,1566228.0685275,4408561.32141596,4394453.95266596,99.68000062329928,35.52696570010401,percent_of_marketable_treasury_debt,Positive dated marketable debt maturing after record date and within one calendar year / Total Marketable outstanding * 100,U.S. Treasury Fiscal Data — Monthly Statement of the Public Debt Table 3,https://api.fiscaldata.treasury.gov/services/api/fiscal_service/v1/debt/mspd/mspd_table_3_market,"{""fields"":""record_date,security_type_desc,security_class1_desc,maturity_date,outstanding_amt,src_line_nbr"",""filter"":""record_date:gte:1900-01-01"",""page[size]"":10000,""sort"":""record_date,src_line_nbr""}",/mnt/d/Projects/GoldRush/docs/phase2-ingestion/data/treasury/raw/treasury-20260824T034935Z-page001.json;/mnt/d/Projects/GoldRush/docs/phase2-ingestion/data/treasury/raw/treasury-20260824T034935Z-page002.json;/mnt/d/Projects/GoldRush/docs/phase2-ingestion/data/treasury/raw/treasury-20260824T034935Z-page003.json;/mnt/d/Projects/GoldRush/docs/phase2-ingestion/data/treasury/raw/treasury-20260824T034935Z-page004.json;/mnt/d/Projects/GoldRush/docs/phase2-ingestion/data/treasury/raw/treasury-20260824T034935Z-page005.json;/mnt/d/Projects/GoldRush/docs/phase2-ingestion/data/treasury/raw/treasury-20260824T034935Z-page006.json;/mnt/d/Projects/GoldRush/docs/phase2-ingestion/data/treasury/raw/treasury-20260824T034935Z-page007.json;/mnt/d/Projects/GoldRush/docs/phase2-ingestion/data/treasury/raw/treasury-20260824T034935Z-page008.json;/mnt/d/Projects/GoldRush/docs/phase2-ingestion/data/treasury/raw/treasury-20260824T034935Z-page009.json;/mnt/d/Projects/GoldRush/docs/phase2-ingestion/data/treasury/raw/treasury-20260824T034935Z-page010.json;/mnt/d/Projects/GoldRush/docs/phase2-ingestion/data/treasury/raw/treasury-20260824T034935Z-page011.json;/mnt/d/Projects/GoldRush/docs/phase2-ingestion/data/treasury/raw/treasury-20260824T034935Z-page012.json;/mnt/d/Projects/GoldRush/docs/phase2-ingestion/data/treasury/raw/treasury-20260824T034935Z-page013.json;/mnt/d/Projects/GoldRush/docs/phase2-ingestion/data/treasury/raw/treasury-20260824T034935Z-page014.json;/mnt/d/Projects/GoldRush/docs/phase2-ingestion/data/treasury/raw/treasury-20260824T034935Z-page015.json;/mnt/d/Projects/GoldRush/docs/phase2-ingestion/data/treasury/raw/treasury-20260824T034935Z-page016.json,docs/phase2-ingestion/data/treasury/manifests/treasury-20260824T034935Z.manifest.json,16,cf284fd2186cebbd098b2823e2195f5af04c4bc8c7e75507d7dd4e8bf063fd5b,2026-08-24T03:49:35.808873+00:00,PASS,AVAILABLE,0.1.0
L4-009,2007-03-31,1638643.01784,4468786.81155875,4422680.42680875,98.96825723190143,36.66863260519755,percent_of_marketable_treasury_debt,Positive dated marketable debt maturing after record date and within one calendar year / Total Marketable outstanding * 100,U.S. Treasury Fiscal Data — Monthly Statement of the Public Debt Table 3,https://api.fiscaldata.treasury.gov/services/api/fiscal_service/v1/debt/mspd/mspd_table_3_market,"{""fields"":""record_date,security_type_desc,security_class1_desc,maturity_date,outstanding_amt,src_line_nbr"",""filter"":""record_date:gte:1900-01-01"",""page[size]"":10000,""sort"":""record_date,src_line_nbr""}",/mnt/d/Projects/GoldRush/docs/phase2-ingestion/data/treasury/raw/treasury-20260824T034935Z-page001.json;/mnt/d/Projects/GoldRush/docs/phase2-ingestion/data/treasury/raw/treasury-20260824T034935Z-page002.json;/mnt/d/Projects/GoldRush/docs/phase2-ingestion/data/treasury/raw/treasury-20260824T034935Z-page003.json;/mnt/d/Projects/GoldRush/docs/phase2-ingestion/data/treasury/raw/treasury-20260824T034935Z-page004.json;/mnt/d/Projects/GoldRush/docs/phase2-ingestion/data/treasury/raw/treasury-20260824T034935Z-page005.json;/mnt/d/Projects/GoldRush/docs/phase2-ingestion/data/treasury/raw/treasury-20260824T034935Z-page006.json;/mnt/d/Projects/GoldRush/docs/phase2-ingestion/data/treasury/raw/treasury-20260824T034935Z-page007.json;/mnt/d/Projects/GoldRush/docs/phase2-ingestion/data/treasury/raw/treasury-20260824T034935Z-page008.json;/mnt/d/Projects/GoldRush/docs/phase2-ingestion/data/treasury/raw/treasury-20260824T034935Z-page009.json;/mnt/d/Projects/GoldRush/docs/phase2-ingestion/data/treasury/raw/treasury-20260824T034935Z-page010.json;/mnt/d/Projects/GoldRush/docs/phase2-ingestion/data/treasury/raw/treasury-20260824T034935Z-page011.json;/mnt/d/Projects/GoldRush/docs/phase2-ingestion/data/treasury/raw/treasury-20260824T034935Z-page012.json;/mnt/d/Projects/GoldRush/docs/phase2-ingestion/data/treasury/raw/treasury-20260824T034935Z-page013.json;/mnt/d/Projects/GoldRush/docs/phase2-ingestion/data/treasury/raw/treasury-20260824T034935Z-page014.json;/mnt/d/Projects/GoldRush/docs/phase2-ingestion/data/treasury/raw/treasury-20260824T034935Z-page015.json;/mnt/d/Projects/GoldRush/docs/phase2-ingestion/data/treasury/raw/treasury-20260824T034935Z-page016.json,docs/phase2-ingestion/data/treasury/manifests/treasury-20260824T034935Z.manifest.json,16,cf284fd2186cebbd098b2823e2195f5af04c4bc8c7e75507d7dd4e8bf063fd5b,2026-08-24T03:49:35.808873+00:00,PASS,AVAILABLE,0.1.0
L4-009,2007-04-30,1544584.07507,4412385.41968016,4398281.07293016,99.68034644736402,35.00564724425098,percent_of_marketable_treasury_debt,Positive dated marketable debt maturing after record date and within one calendar year / Total Marketable outstanding * 100,U.S. Treasury Fiscal Data — Monthly Statement of the Public Debt Table 3,https://api.fiscaldata.treasury.gov/services/api/fiscal_service/v1/debt/mspd/mspd_table_3_market,"{""fields"":""record_date,security_type_desc,security_class1_desc,maturity_date,outstanding_amt,src_line_nbr"",""filter"":""record_date:gte:1900-01-01"",""page[size]"":10000,""sort"":""record_date,src_line_nbr""}",/mnt/d/Projects/GoldRush/docs/phase2-ingestion/data/treasury/raw/treasury-20260824T034935Z-page001.json;/mnt/d/Projects/GoldRush/docs/phase2-ingestion/data/treasury/raw/treasury-20260824T034935Z-page002.json;/mnt/d/Projects/GoldRush/docs/phase2-ingestion/data/treasury/raw/treasury-20260824T034935Z-page003.json;/mnt/d/Projects/GoldRush/docs/phase2-ingestion/data/treasury/raw/treasury-20260824T034935Z-page004.json;/mnt/d/Projects/GoldRush/docs/phase2-ingestion/data/treasury/raw/treasury-20260824T034935Z-page005.json;/mnt/d/Projects/GoldRush/docs/phase2-ingestion/data/treasury/raw/treasury-20260824T034935Z-page006.json;/mnt/d/Projects/GoldRush/docs/phase2-ingestion/data/treasury/raw/treasury-20260824T034935Z-page007.json;/mnt/d/Projects/GoldRush/docs/phase2-ingestion/data/treasury/raw/treasury-20260824T034935Z-page008.json;/mnt/d/Projects/GoldRush/docs/phase2-ingestion/data/treasury/raw/treasury-20260824T034935Z-page009.json;/mnt/d/Projects/GoldRush/docs/phase2-ingestion/data/treasury/raw/treasury-20260824T034935Z-page010.json;/mnt/d/Projects/GoldRush/docs/phase2-ingestion/data/treasury/raw/treasury-20260824T034935Z-page011.json;/mnt/d/Projects/GoldRush/docs/phase2-ingestion/data/treasury/raw/treasury-20260824T034935Z-page012.json;/mnt/d/Projects/GoldRush/docs/phase2-ingestion/data/treasury/raw/treasury-20260824T034935Z-page013.json;/mnt/d/Projects/GoldRush/docs/phase2-ingestion/data/treasury/raw/treasury-20260824T034935Z-page014.json;/mnt/d/Projects/GoldRush/docs/phase2-ingestion/data/treasury/raw/treasury-20260824T034935Z-page015.json;/mnt/d/Projects/GoldRush/docs/phase2-ingestion/data/treasury/raw/treasury-20260824T034935Z-page016.json,docs/phase2-ingestion/data/treasury/manifests/treasury-20260824T034935Z.manifest.json,16,cf284fd2186cebbd098b2823e2195f5af04c4bc8c7e75507d7dd4e8bf063fd5b,2026-08-24T03:49:35.808873+00:00,PASS,AVAILABLE,0.1.0
L4-009,2007-05-31,1537944.0999315,4378272.94839163,4364170.24974163,99.6778935709072,35.126729604568574,percent_of_marketable_treasury_debt,Positive dated marketable debt maturing after record date and within one calendar year / Total Marketable outstanding * 100,U.S. Treasury Fiscal Data — Monthly Statement of the Public Debt Table 3,https://api.fiscaldata.treasury.gov/services/api/fiscal_service/v1/debt/mspd/mspd_table_3_market,"{""fields"":""record_date,security_type_desc,security_class1_desc,maturity_date,outstanding_amt,src_line_nbr"",""filter"":""record_date:gte:1900-01-01"",""page[size]"":10000,""sort"":""record_date,src_line_nbr""}",/mnt/d/Projects/GoldRush/docs/phase2-ingestion/data/treasury/raw/treasury-20260824T034935Z-page001.json;/mnt/d/Projects/GoldRush/docs/phase2-ingestion/data/treasury/raw/treasury-20260824T034935Z-page002.json;/mnt/d/Projects/GoldRush/docs/phase2-ingestion/data/treasury/raw/treasury-20260824T034935Z-page003.json;/mnt/d/Projects/GoldRush/docs/phase2-ingestion/data/treasury/raw/treasury-20260824T034935Z-page004.json;/mnt/d/Projects/GoldRush/docs/phase2-ingestion/data/treasury/raw/treasury-20260824T034935Z-page005.json;/mnt/d/Projects/GoldRush/docs/phase2-ingestion/data/treasury/raw/treasury-20260824T034935Z-page006.json;/mnt/d/Projects/GoldRush/docs/phase2-ingestion/data/treasury/raw/treasury-20260824T034935Z-page007.json;/mnt/d/Projects/GoldRush/docs/phase2-ingestion/data/treasury/raw/treasury-20260824T034935Z-page008.json;/mnt/d/Projects/GoldRush/docs/phase2-ingestion/data/treasury/raw/treasury-20260824T034935Z-page009.json;/mnt/d/Projects/GoldRush/docs/phase2-ingestion/data/treasury/raw/treasury-20260824T034935Z-page010.json;/mnt/d/Projects/GoldRush/docs/phase2-ingestion/data/treasury/raw/treasury-20260824T034935Z-page011.json;/mnt/d/Projects/GoldRush/docs/phase2-ingestion/data/treasury/raw/treasury-20260824T034935Z-page012.json;/mnt/d/Projects/GoldRush/docs/phase2-ingestion/data/treasury/raw/treasury-20260824T034935Z-page013.json;/mnt/d/Projects/GoldRush/docs/phase2-ingestion/data/treasury/raw/treasury-20260824T034935Z-page014.json;/mnt/d/Projects/GoldRush/docs/phase2-ingestion/data/treasury/raw/treasury-20260824T034935Z-page015.json;/mnt/d/Projects/GoldRush/docs/phase2-ingestion/data/treasury/raw/treasury-20260824T034935Z-page016.json,docs/phase2-ingestion/data/treasury/manifests/treasury-20260824T034935Z.manifest.json,16,cf284fd2186cebbd098b2823e2195f5af04c4bc8c7e75507d7dd4e8bf063fd5b,2026-08-24T03:49:35.808873+00:00,PASS,AVAILABLE,0.1.0
L4-009,2007-06-30,1487891.615374,4339101.21244758,4298335.65989758,99.06050699087046,34.29031826005084,percent_of_marketable_treasury_debt,Positive dated marketable debt maturing after record date and within one calendar year / Total Marketable outstanding * 100,U.S. Treasury Fiscal Data — Monthly Statement of the Public Debt Table 3,https://api.fiscaldata.treasury.gov/services/api/fiscal_service/v1/debt/mspd/mspd_table_3_market,"{""fields"":""record_date,security_type_desc,security_class1_desc,maturity_date,outstanding_amt,src_line_nbr"",""filter"":""record_date:gte:1900-01-01"",""page[size]"":10000,""sort"":""record_date,src_line_nbr""}",/mnt/d/Projects/GoldRush/docs/phase2-ingestion/data/treasury/raw/treasury-20260824T034935Z-page001.json;/mnt/d/Projects/GoldRush/docs/phase2-ingestion/data/treasury/raw/treasury-20260824T034935Z-page002.json;/mnt/d/Projects/GoldRush/docs/phase2-ingestion/data/treasury/raw/treasury-20260824T034935Z-page003.json;/mnt/d/Projects/GoldRush/docs/phase2-ingestion/data/treasury/raw/treasury-20260824T034935Z-page004.json;/mnt/d/Projects/GoldRush/docs/phase2-ingestion/data/treasury/raw/treasury-20260824T034935Z-page005.json;/mnt/d/Projects/GoldRush/docs/phase2-ingestion/data/treasury/raw/treasury-20260824T034935Z-page006.json;/mnt/d/Projects/GoldRush/docs/phase2-ingestion/data/treasury/raw/treasury-20260824T034935Z-page007.json;/mnt/d/Projects/GoldRush/docs/phase2-ingestion/data/treasury/raw/treasury-20260824T034935Z-page008.json;/mnt/d/Projects/GoldRush/docs/phase2-ingestion/data/treasury/raw/treasury-20260824T034935Z-page009.json;/mnt/d/Projects/GoldRush/docs/phase2-ingestion/data/treasury/raw/treasury-20260824T034935Z-page010.json;/mnt/d/Projects/GoldRush/docs/phase2-ingestion/data/treasury/raw/treasury-20260824T034935Z-page011.json;/mnt/d/Projects/GoldRush/docs/phase2-ingestion/data/treasury/raw/treasury-20260824T034935Z-page012.json;/mnt/d/Projects/GoldRush/docs/phase2-ingestion/data/treasury/raw/treasury-20260824T034935Z-page013.json;/mnt/d/Projects/GoldRush/docs/phase2-ingestion/data/treasury/raw/treasury-20260824T034935Z-page014.json;/mnt/d/Projects/GoldRush/docs/phase2-ingestion/data/treasury/raw/treasury-20260824T034935Z-page015.json;/mnt/d/Projects/GoldRush/docs/phase2-ingestion/data/treasury/raw/treasury-20260824T034935Z-page016.json,docs/phase2-ingestion/data/treasury/manifests/treasury-20260824T034935Z.manifest.json,16,cf284fd2186cebbd098b2823e2195f5af04c4bc8c7e75507d7dd4e8bf063fd5b,2026-08-24T03:49:35.808873+00:00,PASS,AVAILABLE,0.1.0
L4-009,2007-07-31,1511599.365926,4403421.30522754,4389321.81967754,99.67980611954478,34.32783876781217,percent_of_marketable_treasury_debt,Positive dated marketable debt maturing after record date and within one calendar year / Total Marketable outstanding * 100,U.S. Treasury Fiscal Data — Monthly Statement of the Public Debt Table 3,https://api.fiscaldata.treasury.gov/services/api/fiscal_service/v1/debt/mspd/mspd_table_3_market,"{""fields"":""record_date,security_type_desc,security_class1_desc,maturity_date,outstanding_amt,src_line_nbr"",""filter"":""record_date:gte:1900-01-01"",""page[size]"":10000,""sort"":""record_date,src_line_nbr""}",/mnt/d/Projects/GoldRush/docs/phase2-ingestion/data/treasury/raw/treasury-20260824T034935Z-page001.json;/mnt/d/Projects/GoldRush/docs/phase2-ingestion/data/treasury/raw/treasury-20260824T034935Z-page002.json;/mnt/d/Projects/GoldRush/docs/phase2-ingestion/data/treasury/raw/treasury-20260824T034935Z-page003.json;/mnt/d/Projects/GoldRush/docs/phase2-ingestion/data/treasury/raw/treasury-20260824T034935Z-page004.json;/mnt/d/Projects/GoldRush/docs/phase2-ingestion/data/treasury/raw/treasury-20260824T034935Z-page005.json;/mnt/d/Projects/GoldRush/docs/phase2-ingestion/data/treasury/raw/treasury-20260824T034935Z-page006.json;/mnt/d/Projects/GoldRush/docs/phase2-ingestion/data/treasury/raw/treasury-20260824T034935Z-page007.json;/mnt/d/Projects/GoldRush/docs/phase2-ingestion/data/treasury/raw/treasury-20260824T034935Z-page008.json;/mnt/d/Projects/GoldRush/docs/phase2-ingestion/data/treasury/raw/treasury-20260824T034935Z-page009.json;/mnt/d/Projects/GoldRush/docs/phase2-ingestion/data/treasury/raw/treasury-20260824T034935Z-page010.json;/mnt/d/Projects/GoldRush/docs/phase2-ingestion/data/treasury/raw/treasury-20260824T034935Z-page011.json;/mnt/d/Projects/GoldRush/docs/phase2-ingestion/data/treasury/raw/treasury-20260824T034935Z-page012.json;/mnt/d/Projects/GoldRush/docs/phase2-ingestion/data/treasury/raw/treasury-20260824T034935Z-page013.json;/mnt/d/Projects/GoldRush/docs/phase2-ingestion/data/treasury/raw/treasury-20260824T034935Z-page014.json;/mnt/d/Projects/GoldRush/docs/phase2-ingestion/data/treasury/raw/treasury-20260824T034935Z-page015.json;/mnt/d/Projects/GoldRush/docs/phase2-ingestion/data/treasury/raw/treasury-20260824T034935Z-page016.json,docs/phase2-ingestion/data/treasury/manifests/treasury-20260824T034935Z.manifest.json,16,cf284fd2186cebbd098b2823e2195f5af04c4bc8c7e75507d7dd4e8bf063fd5b,2026-08-24T03:49:35.808873+00:00,PASS,AVAILABLE,0.1.0
L4-009,2007-08-31,1599402.3827645,4496199.22908985,4482100.88303985,99.68643858219659,35.572320114655184,percent_of_marketable_treasury_debt,Positive dated marketable debt maturing after record date and within one calendar year / Total Marketable outstanding * 100,U.S. Treasury Fiscal Data — Monthly Statement of the Public Debt Table 3,https://api.fiscaldata.treasury.gov/services/api/fiscal_service/v1/debt/mspd/mspd_table_3_market,"{""fields"":""record_date,security_type_desc,security_class1_desc,maturity_date,outstanding_amt,src_line_nbr"",""filter"":""record_date:gte:1900-01-01"",""page[size]"":10000,""sort"":""record_date,src_line_nbr""}",/mnt/d/Projects/GoldRush/docs/phase2-ingestion/data/treasury/raw/treasury-20260824T034935Z-page001.json;/mnt/d/Projects/GoldRush/docs/phase2-ingestion/data/treasury/raw/treasury-20260824T034935Z-page002.json;/mnt/d/Projects/GoldRush/docs/phase2-ingestion/data/treasury/raw/treasury-20260824T034935Z-page003.json;/mnt/d/Projects/GoldRush/docs/phase2-ingestion/data/treasury/raw/treasury-20260824T034935Z-page004.json;/mnt/d/Projects/GoldRush/docs/phase2-ingestion/data/treasury/raw/treasury-20260824T034935Z-page005.json;/mnt/d/Projects/GoldRush/docs/phase2-ingestion/data/treasury/raw/treasury-20260824T034935Z-page006.json;/mnt/d/Projects/GoldRush/docs/phase2-ingestion/data/treasury/raw/treasury-20260824T034935Z-page007.json;/mnt/d/Projects/GoldRush/docs/phase2-ingestion/data/treasury/raw/treasury-20260824T034935Z-page008.json;/mnt/d/Projects/GoldRush/docs/phase2-ingestion/data/treasury/raw/treasury-20260824T034935Z-page009.json;/mnt/d/Projects/GoldRush/docs/phase2-ingestion/data/treasury/raw/treasury-20260824T034935Z-page010.json;/mnt/d/Projects/GoldRush/docs/phase2-ingestion/data/treasury/raw/treasury-20260824T034935Z-page011.json;/mnt/d/Projects/GoldRush/docs/phase2-ingestion/data/treasury/raw/treasury-20260824T034935Z-page012.json;/mnt/d/Projects/GoldRush/docs/phase2-ingestion/data/treasury/raw/treasury-20260824T034935Z-page013.json;/mnt/d/Projects/GoldRush/docs/phase2-ingestion/data/treasury/raw/treasury-20260824T034935Z-page014.json;/mnt/d/Projects/GoldRush/docs/phase2-ingestion/data/treasury/raw/treasury-20260824T034935Z-page015.json;/mnt/d/Projects/GoldRush/docs/phase2-ingestion/data/treasury/raw/treasury-20260824T034935Z-page016.json,docs/phase2-ingestion/data/treasury/manifests/treasury-20260824T034935Z.manifest.json,16,cf284fd2186cebbd098b2823e2195f5af04c4bc8c7e75507d7dd4e8bf063fd5b,2026-08-24T03:49:35.808873+00:00,PASS,AVAILABLE,0.1.0
L4-009,2007-09-30,1557323.8982235,4448133.94828622,4407445.36523622,99.08526623696491,35.01072396490009,percent_of_marketable_treasury_debt,Positive dated marketable debt maturing after record date and within one calendar year / Total Marketable outstanding * 100,U.S. Treasury Fiscal Data — Monthly Statement of the Public Debt Table 3,https://api.fiscaldata.treasury.gov/services/api/fiscal_service/v1/debt/mspd/mspd_table_3_market,"{""fields"":""record_date,security_type_desc,security_class1_desc,maturity_date,outstanding_amt,src_line_nbr"",""filter"":""record_date:gte:1900-01-01"",""page[size]"":10000,""sort"":""record_date,src_line_nbr""}",/mnt/d/Projects/GoldRush/docs/phase2-ingestion/data/treasury/raw/treasury-20260824T034935Z-page001.json;/mnt/d/Projects/GoldRush/docs/phase2-ingestion/data/treasury/raw/treasury-20260824T034935Z-page002.json;/mnt/d/Projects/GoldRush/docs/phase2-ingestion/data/treasury/raw/treasury-20260824T034935Z-page003.json;/mnt/d/Projects/GoldRush/docs/phase2-ingestion/data/treasury/raw/treasury-20260824T034935Z-page004.json;/mnt/d/Projects/GoldRush/docs/phase2-ingestion/data/treasury/raw/treasury-20260824T034935Z-page005.json;/mnt/d/Projects/GoldRush/docs/phase2-ingestion/data/treasury/raw/treasury-20260824T034935Z-page006.json;/mnt/d/Projects/GoldRush/docs/phase2-ingestion/data/treasury/raw/treasury-20260824T034935Z-page007.json;/mnt/d/Projects/GoldRush/docs/phase2-ingestion/data/treasury/raw/treasury-20260824T034935Z-page008.json;/mnt/d/Projects/GoldRush/docs/phase2-ingestion/data/treasury/raw/treasury-20260824T034935Z-page009.json;/mnt/d/Projects/GoldRush/docs/phase2-ingestion/data/treasury/raw/treasury-20260824T034935Z-page010.json;/mnt/d/Projects/GoldRush/docs/phase2-ingestion/data/treasury/raw/treasury-20260824T034935Z-page011.json;/mnt/d/Projects/GoldRush/docs/phase2-ingestion/data/treasury/raw/treasury-20260824T034935Z-page012.json;/mnt/d/Projects/GoldRush/docs/phase2-ingestion/data/treasury/raw/treasury-20260824T034935Z-page013.json;/mnt/d/Projects/GoldRush/docs/phase2-ingestion/data/treasury/raw/treasury-20260824T034935Z-page014.json;/mnt/d/Projects/GoldRush/docs/phase2-ingestion/data/treasury/raw/treasury-20260824T034935Z-page015.json;/mnt/d/Projects/GoldRush/docs/phase2-ingestion/data/treasury/raw/treasury-20260824T034935Z-page016.json,docs/phase2-ingestion/data/treasury/manifests/treasury-20260824T034935Z.manifest.json,16,cf284fd2186cebbd098b2823e2195f5af04c4bc8c7e75507d7dd4e8bf063fd5b,2026-08-24T03:49:35.808873+00:00,PASS,AVAILABLE,0.1.0
L4-009,2007-10-31,1549447.0764275,4464730.42151252,4450633.29996252,99.68425592994203,34.70415747749878,percent_of_marketable_treasury_debt,Positive dated marketable debt maturing after record date and within one calendar year / Total Marketable outstanding * 100,U.S. Treasury Fiscal Data — Monthly Statement of the Public Debt Table 3,https://api.fiscaldata.treasury.gov/services/api/fiscal_service/v1/debt/mspd/mspd_table_3_market,"{""fields"":""record_date,security_type_desc,security_class1_desc,maturity_date,outstanding_amt,src_line_nbr"",""filter"":""record_date:gte:1900-01-01"",""page[size]"":10000,""sort"":""record_date,src_line_nbr""}",/mnt/d/Projects/GoldRush/docs/phase2-ingestion/data/treasury/raw/treasury-20260824T034935Z-page001.json;/mnt/d/Projects/GoldRush/docs/phase2-ingestion/data/treasury/raw/treasury-20260824T034935Z-page002.json;/mnt/d/Projects/GoldRush/docs/phase2-ingestion/data/treasury/raw/treasury-20260824T034935Z-page003.json;/mnt/d/Projects/GoldRush/docs/phase2-ingestion/data/treasury/raw/treasury-20260824T034935Z-page004.json;/mnt/d/Projects/GoldRush/docs/phase2-ingestion/data/treasury/raw/treasury-20260824T034935Z-page005.json;/mnt/d/Projects/GoldRush/docs/phase2-ingestion/data/treasury/raw/treasury-20260824T034935Z-page006.json;/mnt/d/Projects/GoldRush/docs/phase2-ingestion/data/treasury/raw/treasury-20260824T034935Z-page007.json;/mnt/d/Projects/GoldRush/docs/phase2-ingestion/data/treasury/raw/treasury-20260824T034935Z-page008.json;/mnt/d/Projects/GoldRush/docs/phase2-ingestion/data/treasury/raw/treasury-20260824T034935Z-page009.json;/mnt/d/Projects/GoldRush/docs/phase2-ingestion/data/treasury/raw/treasury-20260824T034935Z-page010.json;/mnt/d/Projects/GoldRush/docs/phase2-ingestion/data/treasury/raw/treasury-20260824T034935Z-page011.json;/mnt/d/Projects/GoldRush/docs/phase2-ingestion/data/treasury/raw/treasury-20260824T034935Z-page012.json;/mnt/d/Projects/GoldRush/docs/phase2-ingestion/data/treasury/raw/treasury-20260824T034935Z-page013.json;/mnt/d/Projects/GoldRush/docs/phase2-ingestion/data/treasury/raw/treasury-20260824T034935Z-page014.json;/mnt/d/Projects/GoldRush/docs/phase2-ingestion/data/treasury/raw/treasury-20260824T034935Z-page015.json;/mnt/d/Projects/GoldRush/docs/phase2-ingestion/data/treasury/raw/treasury-20260824T034935Z-page016.json,docs/phase2-ingestion/data/treasury/manifests/treasury-20260824T034935Z.manifest.json,16,cf284fd2186cebbd098b2823e2195f5af04c4bc8c7e75507d7dd4e8bf063fd5b,2026-08-24T03:49:35.808873+00:00,PASS,AVAILABLE,0.1.0
L4-009,2007-11-30,1658245.75512,4543259.79651584,4529159.45001584,99.68964252251625,36.499029978247876,percent_of_marketable_treasury_debt,Positive dated marketable debt maturing after record date and within one calendar year / Total Marketable outstanding * 100,U.S. Treasury Fiscal Data — Monthly Statement of the Public Debt Table 3,https://api.fiscaldata.treasury.gov/services/api/fiscal_service/v1/debt/mspd/mspd_table_3_market,"{""fields"":""record_date,security_type_desc,security_class1_desc,maturity_date,outstanding_amt,src_line_nbr"",""filter"":""record_date:gte:1900-01-01"",""page[size]"":10000,""sort"":""record_date,src_line_nbr""}",/mnt/d/Projects/GoldRush/docs/phase2-ingestion/data/treasury/raw/treasury-20260824T034935Z-page001.json;/mnt/d/Projects/GoldRush/docs/phase2-ingestion/data/treasury/raw/treasury-20260824T034935Z-page002.json;/mnt/d/Projects/GoldRush/docs/phase2-ingestion/data/treasury/raw/treasury-20260824T034935Z-page003.json;/mnt/d/Projects/GoldRush/docs/phase2-ingestion/data/treasury/raw/treasury-20260824T034935Z-page004.json;/mnt/d/Projects/GoldRush/docs/phase2-ingestion/data/treasury/raw/treasury-20260824T034935Z-page005.json;/mnt/d/Projects/GoldRush/docs/phase2-ingestion/data/treasury/raw/treasury-20260824T034935Z-page006.json;/mnt/d/Projects/GoldRush/docs/phase2-ingestion/data/treasury/raw/treasury-20260824T034935Z-page007.json;/mnt/d/Projects/GoldRush/docs/phase2-ingestion/data/treasury/raw/treasury-20260824T034935Z-page008.json;/mnt/d/Projects/GoldRush/docs/phase2-ingestion/data/treasury/raw/treasury-20260824T034935Z-page009.json;/mnt/d/Projects/GoldRush/docs/phase2-ingestion/data/treasury/raw/treasury-20260824T034935Z-page010.json;/mnt/d/Projects/GoldRush/docs/phase2-ingestion/data/treasury/raw/treasury-20260824T034935Z-page011.json;/mnt/d/Projects/GoldRush/docs/phase2-ingestion/data/treasury/raw/treasury-20260824T034935Z-page012.json;/mnt/d/Projects/GoldRush/docs/phase2-ingestion/data/treasury/raw/treasury-20260824T034935Z-page013.json;/mnt/d/Projects/GoldRush/docs/phase2-ingestion/data/treasury/raw/treasury-20260824T034935Z-page014.json;/mnt/d/Projects/GoldRush/docs/phase2-ingestion/data/treasury/raw/treasury-20260824T034935Z-page015.json;/mnt/d/Projects/GoldRush/docs/phase2-ingestion/data/treasury/raw/treasury-20260824T034935Z-page016.json,docs/phase2-ingestion/data/treasury/manifests/treasury-20260824T034935Z.manifest.json,16,cf284fd2186cebbd098b2823e2195f5af04c4bc8c7e75507d7dd4e8bf063fd5b,2026-08-24T03:49:35.808873+00:00,PASS,AVAILABLE,0.1.0
L4-009,2007-12-31,1641268.0673445,4536585.3003397,4522488.8578397,99.68927196191055,36.17849017898113,percent_of_marketable_treasury_debt,Positive dated marketable debt maturing after record date and within one calendar year / Total Marketable outstanding * 100,U.S. Treasury Fiscal Data — Monthly Statement of the Public Debt Table 3,https://api.fiscaldata.treasury.gov/services/api/fiscal_service/v1/debt/mspd/mspd_table_3_market,"{""fields"":""record_date,security_type_desc,security_class1_desc,maturity_date,outstanding_amt,src_line_nbr"",""filter"":""record_date:gte:1900-01-01"",""page[size]"":10000,""sort"":""record_date,src_line_nbr""}",/mnt/d/Projects/GoldRush/docs/phase2-ingestion/data/treasury/raw/treasury-20260824T034935Z-page001.json;/mnt/d/Projects/GoldRush/docs/phase2-ingestion/data/treasury/raw/treasury-20260824T034935Z-page002.json;/mnt/d/Projects/GoldRush/docs/phase2-ingestion/data/treasury/raw/treasury-20260824T034935Z-page003.json;/mnt/d/Projects/GoldRush/docs/phase2-ingestion/data/treasury/raw/treasury-20260824T034935Z-page004.json;/mnt/d/Projects/GoldRush/docs/phase2-ingestion/data/treasury/raw/treasury-20260824T034935Z-page005.json;/mnt/d/Projects/GoldRush/docs/phase2-ingestion/data/treasury/raw/treasury-20260824T034935Z-page006.json;/mnt/d/Projects/GoldRush/docs/phase2-ingestion/data/treasury/raw/treasury-20260824T034935Z-page007.json;/mnt/d/Projects/GoldRush/docs/phase2-ingestion/data/treasury/raw/treasury-20260824T034935Z-page008.json;/mnt/d/Projects/GoldRush/docs/phase2-ingestion/data/treasury/raw/treasury-20260824T034935Z-page009.json;/mnt/d/Projects/GoldRush/docs/phase2-ingestion/data/treasury/raw/treasury-20260824T034935Z-page010.json;/mnt/d/Projects/GoldRush/docs/phase2-ingestion/data/treasury/raw/treasury-20260824T034935Z-page011.json;/mnt/d/Projects/GoldRush/docs/phase2-ingestion/data/treasury/raw/treasury-20260824T034935Z-page012.json;/mnt/d/Projects/GoldRush/docs/phase2-ingestion/data/treasury/raw/treasury-20260824T034935Z-page013.json;/mnt/d/Projects/GoldRush/docs/phase2-ingestion/data/treasury/raw/treasury-20260824T034935Z-page014.json;/mnt/d/Projects/GoldRush/docs/phase2-ingestion/data/treasury/raw/treasury-20260824T034935Z-page015.json;/mnt/d/Projects/GoldRush/docs/phase2-ingestion/data/treasury/raw/treasury-20260824T034935Z-page016.json,docs/phase2-ingestion/data/treasury/manifests/treasury-20260824T034935Z.manifest.json,16,cf284fd2186cebbd098b2823e2195f5af04c4bc8c7e75507d7dd4e8bf063fd5b,2026-08-24T03:49:35.808873+00:00,PASS,AVAILABLE,0.1.0
L4-009,2008-01-31,1632226.89532404,4532886.0550817,4518790.7840817,99.68904422417152,36.00855780379022,percent_of_marketable_treasury_debt,Positive dated marketable debt maturing after record date and within one calendar year / Total Marketable outstanding * 100,U.S. Treasury Fiscal Data — Monthly Statement of the Public Debt Table 3,https://api.fiscaldata.treasury.gov/services/api/fiscal_service/v1/debt/mspd/mspd_table_3_market,"{""fields"":""record_date,security_type_desc,security_class1_desc,maturity_date,outstanding_amt,src_line_nbr"",""filter"":""record_date:gte:1900-01-01"",""page[size]"":10000,""sort"":""record_date,src_line_nbr""}",/mnt/d/Projects/GoldRush/docs/phase2-ingestion/data/treasury/raw/treasury-20260824T034935Z-page001.json;/mnt/d/Projects/GoldRush/docs/phase2-ingestion/data/treasury/raw/treasury-20260824T034935Z-page002.json;/mnt/d/Projects/GoldRush/docs/phase2-ingestion/data/treasury/raw/treasury-20260824T034935Z-page003.json;/mnt/d/Projects/GoldRush/docs/phase2-ingestion/data/treasury/raw/treasury-20260824T034935Z-page004.json;/mnt/d/Projects/GoldRush/docs/phase2-ingestion/data/treasury/raw/treasury-20260824T034935Z-page005.json;/mnt/d/Projects/GoldRush/docs/phase2-ingestion/data/treasury/raw/treasury-20260824T034935Z-page006.json;/mnt/d/Projects/GoldRush/docs/phase2-ingestion/data/treasury/raw/treasury-20260824T034935Z-page007.json;/mnt/d/Projects/GoldRush/docs/phase2-ingestion/data/treasury/raw/treasury-20260824T034935Z-page008.json;/mnt/d/Projects/GoldRush/docs/phase2-ingestion/data/treasury/raw/treasury-20260824T034935Z-page009.json;/mnt/d/Projects/GoldRush/docs/phase2-ingestion/data/treasury/raw/treasury-20260824T034935Z-page010.json;/mnt/d/Projects/GoldRush/docs/phase2-ingestion/data/treasury/raw/treasury-20260824T034935Z-page011.json;/mnt/d/Projects/GoldRush/docs/phase2-ingestion/data/treasury/raw/treasury-20260824T034935Z-page012.json;/mnt/d/Projects/GoldRush/docs/phase2-ingestion/data/treasury/raw/treasury-20260824T034935Z-page013.json;/mnt/d/Projects/GoldRush/docs/phase2-ingestion/data/treasury/raw/treasury-20260824T034935Z-page014.json;/mnt/d/Projects/GoldRush/docs/phase2-ingestion/data/treasury/raw/treasury-20260824T034935Z-page015.json;/mnt/d/Projects/GoldRush/docs/phase2-ingestion/data/treasury/raw/treasury-20260824T034935Z-page016.json,docs/phase2-ingestion/data/treasury/manifests/treasury-20260824T034935Z.manifest.json,16,cf284fd2186cebbd098b2823e2195f5af04c4bc8c7e75507d7dd4e8bf063fd5b,2026-08-24T03:49:35.808873+00:00,PASS,AVAILABLE,0.1.0
L4-009,2008-02-29,1744541.04693378,4661387.26870722,4647292.81870722,99.69763400491054,37.42536172965538,percent_of_marketable_treasury_debt,Positive dated marketable debt maturing after record date and within one calendar year / Total Marketable outstanding * 100,U.S. Treasury Fiscal Data — Monthly Statement of the Public Debt Table 3,https://api.fiscaldata.treasury.gov/services/api/fiscal_service/v1/debt/mspd/mspd_table_3_market,"{""fields"":""record_date,security_type_desc,security_class1_desc,maturity_date,outstanding_amt,src_line_nbr"",""filter"":""record_date:gte:1900-01-01"",""page[size]"":10000,""sort"":""record_date,src_line_nbr""}",/mnt/d/Projects/GoldRush/docs/phase2-ingestion/data/treasury/raw/treasury-20260824T034935Z-page001.json;/mnt/d/Projects/GoldRush/docs/phase2-ingestion/data/treasury/raw/treasury-20260824T034935Z-page002.json;/mnt/d/Projects/GoldRush/docs/phase2-ingestion/data/treasury/raw/treasury-20260824T034935Z-page003.json;/mnt/d/Projects/GoldRush/docs/phase2-ingestion/data/treasury/raw/treasury-20260824T034935Z-page004.json;/mnt/d/Projects/GoldRush/docs/phase2-ingestion/data/treasury/raw/treasury-20260824T034935Z-page005.json;/mnt/d/Projects/GoldRush/docs/phase2-ingestion/data/treasury/raw/treasury-20260824T034935Z-page006.json;/mnt/d/Projects/GoldRush/docs/phase2-ingestion/data/treasury/raw/treasury-20260824T034935Z-page007.json;/mnt/d/Projects/GoldRush/docs/phase2-ingestion/data/treasury/raw/treasury-20260824T034935Z-page008.json;/mnt/d/Projects/GoldRush/docs/phase2-ingestion/data/treasury/raw/treasury-20260824T034935Z-page009.json;/mnt/d/Projects/GoldRush/docs/phase2-ingestion/data/treasury/raw/treasury-20260824T034935Z-page010.json;/mnt/d/Projects/GoldRush/docs/phase2-ingestion/data/treasury/raw/treasury-20260824T034935Z-page011.json;/mnt/d/Projects/GoldRush/docs/phase2-ingestion/data/treasury/raw/treasury-20260824T034935Z-page012.json;/mnt/d/Projects/GoldRush/docs/phase2-ingestion/data/treasury/raw/treasury-20260824T034935Z-page013.json;/mnt/d/Projects/GoldRush/docs/phase2-ingestion/data/treasury/raw/treasury-20260824T034935Z-page014.json;/mnt/d/Projects/GoldRush/docs/phase2-ingestion/data/treasury/raw/treasury-20260824T034935Z-page015.json;/mnt/d/Projects/GoldRush/docs/phase2-ingestion/data/treasury/raw/treasury-20260824T034935Z-page016.json,docs/phase2-ingestion/data/treasury/manifests/treasury-20260824T034935Z.manifest.json,16,cf284fd2186cebbd098b2823e2195f5af04c4bc8c7e75507d7dd4e8bf063fd5b,2026-08-24T03:49:35.808873+00:00,PASS,AVAILABLE,0.1.0
L4-009,2008-03-31,1789438.82162739,4732361.04111477,4718267.49711477,99.7021878956919,37.812812802758266,percent_of_marketable_treasury_debt,Positive dated marketable debt maturing after record date and within one calendar year / Total Marketable outstanding * 100,U.S. Treasury Fiscal Data — Monthly Statement of the Public Debt Table 3,https://api.fiscaldata.treasury.gov/services/api/fiscal_service/v1/debt/mspd/mspd_table_3_market,"{""fields"":""record_date,security_type_desc,security_class1_desc,maturity_date,outstanding_amt,src_line_nbr"",""filter"":""record_date:gte:1900-01-01"",""page[size]"":10000,""sort"":""record_date,src_line_nbr""}",/mnt/d/Projects/GoldRush/docs/phase2-ingestion/data/treasury/raw/treasury-20260824T034935Z-page001.json;/mnt/d/Projects/GoldRush/docs/phase2-ingestion/data/treasury/raw/treasury-20260824T034935Z-page002.json;/mnt/d/Projects/GoldRush/docs/phase2-ingestion/data/treasury/raw/treasury-20260824T034935Z-page003.json;/mnt/d/Projects/GoldRush/docs/phase2-ingestion/data/treasury/raw/treasury-20260824T034935Z-page004.json;/mnt/d/Projects/GoldRush/docs/phase2-ingestion/data/treasury/raw/treasury-20260824T034935Z-page005.json;/mnt/d/Projects/GoldRush/docs/phase2-ingestion/data/treasury/raw/treasury-20260824T034935Z-page006.json;/mnt/d/Projects/GoldRush/docs/phase2-ingestion/data/treasury/raw/treasury-20260824T034935Z-page007.json;/mnt/d/Projects/GoldRush/docs/phase2-ingestion/data/treasury/raw/treasury-20260824T034935Z-page008.json;/mnt/d/Projects/GoldRush/docs/phase2-ingestion/data/treasury/raw/treasury-20260824T034935Z-page009.json;/mnt/d/Projects/GoldRush/docs/phase2-ingestion/data/treasury/raw/treasury-20260824T034935Z-page010.json;/mnt/d/Projects/GoldRush/docs/phase2-ingestion/data/treasury/raw/treasury-20260824T034935Z-page011.json;/mnt/d/Projects/GoldRush/docs/phase2-ingestion/data/treasury/raw/treasury-20260824T034935Z-page012.json;/mnt/d/Projects/GoldRush/docs/phase2-ingestion/data/treasury/raw/treasury-20260824T034935Z-page013.json;/mnt/d/Projects/GoldRush/docs/phase2-ingestion/data/treasury/raw/treasury-20260824T034935Z-page014.json;/mnt/d/Projects/GoldRush/docs/phase2-ingestion/data/treasury/raw/treasury-20260824T034935Z-page015.json;/mnt/d/Projects/GoldRush/docs/phase2-ingestion/data/treasury/raw/treasury-20260824T034935Z-page016.json,docs/phase2-ingestion/data/treasury/manifests/treasury-20260824T034935Z.manifest.json,16,cf284fd2186cebbd098b2823e2195f5af04c4bc8c7e75507d7dd4e8bf063fd5b,2026-08-24T03:49:35.808873+00:00,PASS,AVAILABLE,0.1.0
L4-009,2008-04-30,1668771.13618393,4642561.92732772,4628469.24582772,99.69644602009409,35.945048494904675,percent_of_marketable_treasury_debt,Positive dated marketable debt maturing after record date and within one calendar year / Total Marketable outstanding * 100,U.S. Treasury Fiscal Data — Monthly Statement of the Public Debt Table 3,https://api.fiscaldata.treasury.gov/services/api/fiscal_service/v1/debt/mspd/mspd_table_3_market,"{""fields"":""record_date,security_type_desc,security_class1_desc,maturity_date,outstanding_amt,src_line_nbr"",""filter"":""record_date:gte:1900-01-01"",""page[size]"":10000,""sort"":""record_date,src_line_nbr""}",/mnt/d/Projects/GoldRush/docs/phase2-ingestion/data/treasury/raw/treasury-20260824T034935Z-page001.json;/mnt/d/Projects/GoldRush/docs/phase2-ingestion/data/treasury/raw/treasury-20260824T034935Z-page002.json;/mnt/d/Projects/GoldRush/docs/phase2-ingestion/data/treasury/raw/treasury-20260824T034935Z-page003.json;/mnt/d/Projects/GoldRush/docs/phase2-ingestion/data/treasury/raw/treasury-20260824T034935Z-page004.json;/mnt/d/Projects/GoldRush/docs/phase2-ingestion/data/treasury/raw/treasury-20260824T034935Z-page005.json;/mnt/d/Projects/GoldRush/docs/phase2-ingestion/data/treasury/raw/treasury-20260824T034935Z-page006.json;/mnt/d/Projects/GoldRush/docs/phase2-ingestion/data/treasury/raw/treasury-20260824T034935Z-page007.json;/mnt/d/Projects/GoldRush/docs/phase2-ingestion/data/treasury/raw/treasury-20260824T034935Z-page008.json;/mnt/d/Projects/GoldRush/docs/phase2-ingestion/data/treasury/raw/treasury-20260824T034935Z-page009.json;/mnt/d/Projects/GoldRush/docs/phase2-ingestion/data/treasury/raw/treasury-20260824T034935Z-page010.json;/mnt/d/Projects/GoldRush/docs/phase2-ingestion/data/treasury/raw/treasury-20260824T034935Z-page011.json;/mnt/d/Projects/GoldRush/docs/phase2-ingestion/data/treasury/raw/treasury-20260824T034935Z-page012.json;/mnt/d/Projects/GoldRush/docs/phase2-ingestion/data/treasury/raw/treasury-20260824T034935Z-page013.json;/mnt/d/Projects/GoldRush/docs/phase2-ingestion/data/treasury/raw/treasury-20260824T034935Z-page014.json;/mnt/d/Projects/GoldRush/docs/phase2-ingestion/data/treasury/raw/treasury-20260824T034935Z-page015.json;/mnt/d/Projects/GoldRush/docs/phase2-ingestion/data/treasury/raw/treasury-20260824T034935Z-page016.json,docs/phase2-ingestion/data/treasury/manifests/treasury-20260824T034935Z.manifest.json,16,cf284fd2186cebbd098b2823e2195f5af04c4bc8c7e75507d7dd4e8bf063fd5b,2026-08-24T03:49:35.808873+00:00,PASS,AVAILABLE,0.1.0
L4-009,2008-05-31,1732019.73276816,4685183.61649064,4645157.99099064,99.1456978258201,36.96802248415401,percent_of_marketable_treasury_debt,Positive dated marketable debt maturing after record date and within one calendar year / Total Marketable outstanding * 100,U.S. Treasury Fiscal Data — Monthly Statement of the Public Debt Table 3,https://api.fiscaldata.treasury.gov/services/api/fiscal_service/v1/debt/mspd/mspd_table_3_market,"{""fields"":""record_date,security_type_desc,security_class1_desc,maturity_date,outstanding_amt,src_line_nbr"",""filter"":""record_date:gte:1900-01-01"",""page[size]"":10000,""sort"":""record_date,src_line_nbr""}",/mnt/d/Projects/GoldRush/docs/phase2-ingestion/data/treasury/raw/treasury-20260824T034935Z-page001.json;/mnt/d/Projects/GoldRush/docs/phase2-ingestion/data/treasury/raw/treasury-20260824T034935Z-page002.json;/mnt/d/Projects/GoldRush/docs/phase2-ingestion/data/treasury/raw/treasury-20260824T034935Z-page003.json;/mnt/d/Projects/GoldRush/docs/phase2-ingestion/data/treasury/raw/treasury-20260824T034935Z-page004.json;/mnt/d/Projects/GoldRush/docs/phase2-ingestion/data/treasury/raw/treasury-20260824T034935Z-page005.json;/mnt/d/Projects/GoldRush/docs/phase2-ingestion/data/treasury/raw/treasury-20260824T034935Z-page006.json;/mnt/d/Projects/GoldRush/docs/phase2-ingestion/data/treasury/raw/treasury-20260824T034935Z-page007.json;/mnt/d/Projects/GoldRush/docs/phase2-ingestion/data/treasury/raw/treasury-20260824T034935Z-page008.json;/mnt/d/Projects/GoldRush/docs/phase2-ingestion/data/treasury/raw/treasury-20260824T034935Z-page009.json;/mnt/d/Projects/GoldRush/docs/phase2-ingestion/data/treasury/raw/treasury-20260824T034935Z-page010.json;/mnt/d/Projects/GoldRush/docs/phase2-ingestion/data/treasury/raw/treasury-20260824T034935Z-page011.json;/mnt/d/Projects/GoldRush/docs/phase2-ingestion/data/treasury/raw/treasury-20260824T034935Z-page012.json;/mnt/d/Projects/GoldRush/docs/phase2-ingestion/data/treasury/raw/treasury-20260824T034935Z-page013.json;/mnt/d/Projects/GoldRush/docs/phase2-ingestion/data/treasury/raw/treasury-20260824T034935Z-page014.json;/mnt/d/Projects/GoldRush/docs/phase2-ingestion/data/treasury/raw/treasury-20260824T034935Z-page015.json;/mnt/d/Projects/GoldRush/docs/phase2-ingestion/data/treasury/raw/treasury-20260824T034935Z-page016.json,docs/phase2-ingestion/data/treasury/manifests/treasury-20260824T034935Z.manifest.json,16,cf284fd2186cebbd098b2823e2195f5af04c4bc8c7e75507d7dd4e8bf063fd5b,2026-08-24T03:49:35.808873+00:00,PASS,AVAILABLE,0.1.0
L4-009,2008-06-30,1683890.82768311,4696425.59845108,4682334.05895108,99.69995182070706,35.85473233598061,percent_of_marketable_treasury_debt,Positive dated marketable debt maturing after record date and within one calendar year / Total Marketable outstanding * 100,U.S. Treasury Fiscal Data — Monthly Statement of the Public Debt Table 3,https://api.fiscaldata.treasury.gov/services/api/fiscal_service/v1/debt/mspd/mspd_table_3_market,"{""fields"":""record_date,security_type_desc,security_class1_desc,maturity_date,outstanding_amt,src_line_nbr"",""filter"":""record_date:gte:1900-01-01"",""page[size]"":10000,""sort"":""record_date,src_line_nbr""}",/mnt/d/Projects/GoldRush/docs/phase2-ingestion/data/treasury/raw/treasury-20260824T034935Z-page001.json;/mnt/d/Projects/GoldRush/docs/phase2-ingestion/data/treasury/raw/treasury-20260824T034935Z-page002.json;/mnt/d/Projects/GoldRush/docs/phase2-ingestion/data/treasury/raw/treasury-20260824T034935Z-page003.json;/mnt/d/Projects/GoldRush/docs/phase2-ingestion/data/treasury/raw/treasury-20260824T034935Z-page004.json;/mnt/d/Projects/GoldRush/docs/phase2-ingestion/data/treasury/raw/treasury-20260824T034935Z-page005.json;/mnt/d/Projects/GoldRush/docs/phase2-ingestion/data/treasury/raw/treasury-20260824T034935Z-page006.json;/mnt/d/Projects/GoldRush/docs/phase2-ingestion/data/treasury/raw/treasury-20260824T034935Z-page007.json;/mnt/d/Projects/GoldRush/docs/phase2-ingestion/data/treasury/raw/treasury-20260824T034935Z-page008.json;/mnt/d/Projects/GoldRush/docs/phase2-ingestion/data/treasury/raw/treasury-20260824T034935Z-page009.json;/mnt/d/Projects/GoldRush/docs/phase2-ingestion/data/treasury/raw/treasury-20260824T034935Z-page010.json;/mnt/d/Projects/GoldRush/docs/phase2-ingestion/data/treasury/raw/treasury-20260824T034935Z-page011.json;/mnt/d/Projects/GoldRush/docs/phase2-ingestion/data/treasury/raw/treasury-20260824T034935Z-page012.json;/mnt/d/Projects/GoldRush/docs/phase2-ingestion/data/treasury/raw/treasury-20260824T034935Z-page013.json;/mnt/d/Projects/GoldRush/docs/phase2-ingestion/data/treasury/raw/treasury-20260824T034935Z-page014.json;/mnt/d/Projects/GoldRush/docs/phase2-ingestion/data/treasury/raw/treasury-20260824T034935Z-page015.json;/mnt/d/Projects/GoldRush/docs/phase2-ingestion/data/treasury/raw/treasury-20260824T034935Z-page016.json,docs/phase2-ingestion/data/treasury/manifests/treasury-20260824T034935Z.manifest.json,16,cf284fd2186cebbd098b2823e2195f5af04c4bc8c7e75507d7dd4e8bf063fd5b,2026-08-24T03:49:35.808873+00:00,PASS,AVAILABLE,0.1.0
L4-009,2008-07-31,1769858.36380629,4822123.31706148,4808032.95806148,99.7077976220528,36.70288475502554,percent_of_marketable_treasury_debt,Positive dated marketable debt maturing after record date and within one calendar year / Total Marketable outstanding * 100,U.S. Treasury Fiscal Data — Monthly Statement of the Public Debt Table 3,https://api.fiscaldata.treasury.gov/services/api/fiscal_service/v1/debt/mspd/mspd_table_3_market,"{""fields"":""record_date,security_type_desc,security_class1_desc,maturity_date,outstanding_amt,src_line_nbr"",""filter"":""record_date:gte:1900-01-01"",""page[size]"":10000,""sort"":""record_date,src_line_nbr""}",/mnt/d/Projects/GoldRush/docs/phase2-ingestion/data/treasury/raw/treasury-20260824T034935Z-page001.json;/mnt/d/Projects/GoldRush/docs/phase2-ingestion/data/treasury/raw/treasury-20260824T034935Z-page002.json;/mnt/d/Projects/GoldRush/docs/phase2-ingestion/data/treasury/raw/treasury-20260824T034935Z-page003.json;/mnt/d/Projects/GoldRush/docs/phase2-ingestion/data/treasury/raw/treasury-20260824T034935Z-page004.json;/mnt/d/Projects/GoldRush/docs/phase2-ingestion/data/treasury/raw/treasury-20260824T034935Z-page005.json;/mnt/d/Projects/GoldRush/docs/phase2-ingestion/data/treasury/raw/treasury-20260824T034935Z-page006.json;/mnt/d/Projects/GoldRush/docs/phase2-ingestion/data/treasury/raw/treasury-20260824T034935Z-page007.json;/mnt/d/Projects/GoldRush/docs/phase2-ingestion/data/treasury/raw/treasury-20260824T034935Z-page008.json;/mnt/d/Projects/GoldRush/docs/phase2-ingestion/data/treasury/raw/treasury-20260824T034935Z-page009.json;/mnt/d/Projects/GoldRush/docs/phase2-ingestion/data/treasury/raw/treasury-20260824T034935Z-page010.json;/mnt/d/Projects/GoldRush/docs/phase2-ingestion/data/treasury/raw/treasury-20260824T034935Z-page011.json;/mnt/d/Projects/GoldRush/docs/phase2-ingestion/data/treasury/raw/treasury-20260824T034935Z-page012.json;/mnt/d/Projects/GoldRush/docs/phase2-ingestion/data/treasury/raw/treasury-20260824T034935Z-page013.json;/mnt/d/Projects/GoldRush/docs/phase2-ingestion/data/treasury/raw/treasury-20260824T034935Z-page014.json;/mnt/d/Projects/GoldRush/docs/phase2-ingestion/data/treasury/raw/treasury-20260824T034935Z-page015.json;/mnt/d/Projects/GoldRush/docs/phase2-ingestion/data/treasury/raw/treasury-20260824T034935Z-page016.json,docs/phase2-ingestion/data/treasury/manifests/treasury-20260824T034935Z.manifest.json,16,cf284fd2186cebbd098b2823e2195f5af04c4bc8c7e75507d7dd4e8bf063fd5b,2026-08-24T03:49:35.808873+00:00,PASS,AVAILABLE,0.1.0
L4-009,2008-08-31,1883706.24708115,4901889.98598525,4861290.29458525,99.1717543332046,38.42816245298774,percent_of_marketable_treasury_debt,Positive dated marketable debt maturing after record date and within one calendar year / Total Marketable outstanding * 100,U.S. Treasury Fiscal Data — Monthly Statement of the Public Debt Table 3,https://api.fiscaldata.treasury.gov/services/api/fiscal_service/v1/debt/mspd/mspd_table_3_market,"{""fields"":""record_date,security_type_desc,security_class1_desc,maturity_date,outstanding_amt,src_line_nbr"",""filter"":""record_date:gte:1900-01-01"",""page[size]"":10000,""sort"":""record_date,src_line_nbr""}",/mnt/d/Projects/GoldRush/docs/phase2-ingestion/data/treasury/raw/treasury-20260824T034935Z-page001.json;/mnt/d/Projects/GoldRush/docs/phase2-ingestion/data/treasury/raw/treasury-20260824T034935Z-page002.json;/mnt/d/Projects/GoldRush/docs/phase2-ingestion/data/treasury/raw/treasury-20260824T034935Z-page003.json;/mnt/d/Projects/GoldRush/docs/phase2-ingestion/data/treasury/raw/treasury-20260824T034935Z-page004.json;/mnt/d/Projects/GoldRush/docs/phase2-ingestion/data/treasury/raw/treasury-20260824T034935Z-page005.json;/mnt/d/Projects/GoldRush/docs/phase2-ingestion/data/treasury/raw/treasury-20260824T034935Z-page006.json;/mnt/d/Projects/GoldRush/docs/phase2-ingestion/data/treasury/raw/treasury-20260824T034935Z-page007.json;/mnt/d/Projects/GoldRush/docs/phase2-ingestion/data/treasury/raw/treasury-20260824T034935Z-page008.json;/mnt/d/Projects/GoldRush/docs/phase2-ingestion/data/treasury/raw/treasury-20260824T034935Z-page009.json;/mnt/d/Projects/GoldRush/docs/phase2-ingestion/data/treasury/raw/treasury-20260824T034935Z-page010.json;/mnt/d/Projects/GoldRush/docs/phase2-ingestion/data/treasury/raw/treasury-20260824T034935Z-page011.json;/mnt/d/Projects/GoldRush/docs/phase2-ingestion/data/treasury/raw/treasury-20260824T034935Z-page012.json;/mnt/d/Projects/GoldRush/docs/phase2-ingestion/data/treasury/raw/treasury-20260824T034935Z-page013.json;/mnt/d/Projects/GoldRush/docs/phase2-ingestion/data/treasury/raw/treasury-20260824T034935Z-page014.json;/mnt/d/Projects/GoldRush/docs/phase2-ingestion/data/treasury/raw/treasury-20260824T034935Z-page015.json;/mnt/d/Projects/GoldRush/docs/phase2-ingestion/data/treasury/raw/treasury-20260824T034935Z-page016.json,docs/phase2-ingestion/data/treasury/manifests/treasury-20260824T034935Z.manifest.json,16,cf284fd2186cebbd098b2823e2195f5af04c4bc8c7e75507d7dd4e8bf063fd5b,2026-08-24T03:49:35.808873+00:00,PASS,AVAILABLE,0.1.0
L4-009,2008-09-30,2142922.54760097,5235976.18113637,5221883.26493637,99.7308445318989,40.92689640799491,percent_of_marketable_treasury_debt,Positive dated marketable debt maturing after record date and within one calendar year / Total Marketable outstanding * 100,U.S. Treasury Fiscal Data — Monthly Statement of the Public Debt Table 3,https://api.fiscaldata.treasury.gov/services/api/fiscal_service/v1/debt/mspd/mspd_table_3_market,"{""fields"":""record_date,security_type_desc,security_class1_desc,maturity_date,outstanding_amt,src_line_nbr"",""filter"":""record_date:gte:1900-01-01"",""page[size]"":10000,""sort"":""record_date,src_line_nbr""}",/mnt/d/Projects/GoldRush/docs/phase2-ingestion/data/treasury/raw/treasury-20260824T034935Z-page001.json;/mnt/d/Projects/GoldRush/docs/phase2-ingestion/data/treasury/raw/treasury-20260824T034935Z-page002.json;/mnt/d/Projects/GoldRush/docs/phase2-ingestion/data/treasury/raw/treasury-20260824T034935Z-page003.json;/mnt/d/Projects/GoldRush/docs/phase2-ingestion/data/treasury/raw/treasury-20260824T034935Z-page004.json;/mnt/d/Projects/GoldRush/docs/phase2-ingestion/data/treasury/raw/treasury-20260824T034935Z-page005.json;/mnt/d/Projects/GoldRush/docs/phase2-ingestion/data/treasury/raw/treasury-20260824T034935Z-page006.json;/mnt/d/Projects/GoldRush/docs/phase2-ingestion/data/treasury/raw/treasury-20260824T034935Z-page007.json;/mnt/d/Projects/GoldRush/docs/phase2-ingestion/data/treasury/raw/treasury-20260824T034935Z-page008.json;/mnt/d/Projects/GoldRush/docs/phase2-ingestion/data/treasury/raw/treasury-20260824T034935Z-page009.json;/mnt/d/Projects/GoldRush/docs/phase2-ingestion/data/treasury/raw/treasury-20260824T034935Z-page010.json;/mnt/d/Projects/GoldRush/docs/phase2-ingestion/data/treasury/raw/treasury-20260824T034935Z-page011.json;/mnt/d/Projects/GoldRush/docs/phase2-ingestion/data/treasury/raw/treasury-20260824T034935Z-page012.json;/mnt/d/Projects/GoldRush/docs/phase2-ingestion/data/treasury/raw/treasury-20260824T034935Z-page013.json;/mnt/d/Projects/GoldRush/docs/phase2-ingestion/data/treasury/raw/treasury-20260824T034935Z-page014.json;/mnt/d/Projects/GoldRush/docs/phase2-ingestion/data/treasury/raw/treasury-20260824T034935Z-page015.json;/mnt/d/Projects/GoldRush/docs/phase2-ingestion/data/treasury/raw/treasury-20260824T034935Z-page016.json,docs/phase2-ingestion/data/treasury/manifests/treasury-20260824T034935Z.manifest.json,16,cf284fd2186cebbd098b2823e2195f5af04c4bc8c7e75507d7dd4e8bf063fd5b,2026-08-24T03:49:35.808873+00:00,PASS,AVAILABLE,0.1.0
L4-009,2008-10-31,2562918.68383582,5729360.39379872,5715268.68259872,99.75404390313355,44.73306805083937,percent_of_marketable_treasury_debt,Positive dated marketable debt maturing after record date and within one calendar year / Total Marketable outstanding * 100,U.S. Treasury Fiscal Data — Monthly Statement of the Public Debt Table 3,https://api.fiscaldata.treasury.gov/services/api/fiscal_service/v1/debt/mspd/mspd_table_3_market,"{""fields"":""record_date,security_type_desc,security_class1_desc,maturity_date,outstanding_amt,src_line_nbr"",""filter"":""record_date:gte:1900-01-01"",""page[size]"":10000,""sort"":""record_date,src_line_nbr""}",/mnt/d/Projects/GoldRush/docs/phase2-ingestion/data/treasury/raw/treasury-20260824T034935Z-page001.json;/mnt/d/Projects/GoldRush/docs/phase2-ingestion/data/treasury/raw/treasury-20260824T034935Z-page002.json;/mnt/d/Projects/GoldRush/docs/phase2-ingestion/data/treasury/raw/treasury-20260824T034935Z-page003.json;/mnt/d/Projects/GoldRush/docs/phase2-ingestion/data/treasury/raw/treasury-20260824T034935Z-page004.json;/mnt/d/Projects/GoldRush/docs/phase2-ingestion/data/treasury/raw/treasury-20260824T034935Z-page005.json;/mnt/d/Projects/GoldRush/docs/phase2-ingestion/data/treasury/raw/treasury-20260824T034935Z-page006.json;/mnt/d/Projects/GoldRush/docs/phase2-ingestion/data/treasury/raw/treasury-20260824T034935Z-page007.json;/mnt/d/Projects/GoldRush/docs/phase2-ingestion/data/treasury/raw/treasury-20260824T034935Z-page008.json;/mnt/d/Projects/GoldRush/docs/phase2-ingestion/data/treasury/raw/treasury-20260824T034935Z-page009.json;/mnt/d/Projects/GoldRush/docs/phase2-ingestion/data/treasury/raw/treasury-20260824T034935Z-page010.json;/mnt/d/Projects/GoldRush/docs/phase2-ingestion/data/treasury/raw/treasury-20260824T034935Z-page011.json;/mnt/d/Projects/GoldRush/docs/phase2-ingestion/data/treasury/raw/treasury-20260824T034935Z-page012.json;/mnt/d/Projects/GoldRush/docs/phase2-ingestion/data/treasury/raw/treasury-20260824T034935Z-page013.json;/mnt/d/Projects/GoldRush/docs/phase2-ingestion/data/treasury/raw/treasury-20260824T034935Z-page014.json;/mnt/d/Projects/GoldRush/docs/phase2-ingestion/data/treasury/raw/treasury-20260824T034935Z-page015.json;/mnt/d/Projects/GoldRush/docs/phase2-ingestion/data/treasury/raw/treasury-20260824T034935Z-page016.json,docs/phase2-ingestion/data/treasury/manifests/treasury-20260824T034935Z.manifest.json,16,cf284fd2186cebbd098b2823e2195f5af04c4bc8c7e75507d7dd4e8bf063fd5b,2026-08-24T03:49:35.808873+00:00,PASS,AVAILABLE,0.1.0
L4-009,2008-11-30,2635876.59744931,5822665.24307531,5784236.30287531,99.34001117021621,45.26924505206726,percent_of_marketable_treasury_debt,Positive dated marketable debt maturing after record date and within one calendar year / Total Marketable outstanding * 100,U.S. Treasury Fiscal Data — Monthly Statement of the Public Debt Table 3,https://api.fiscaldata.treasury.gov/services/api/fiscal_service/v1/debt/mspd/mspd_table_3_market,"{""fields"":""record_date,security_type_desc,security_class1_desc,maturity_date,outstanding_amt,src_line_nbr"",""filter"":""record_date:gte:1900-01-01"",""page[size]"":10000,""sort"":""record_date,src_line_nbr""}",/mnt/d/Projects/GoldRush/docs/phase2-ingestion/data/treasury/raw/treasury-20260824T034935Z-page001.json;/mnt/d/Projects/GoldRush/docs/phase2-ingestion/data/treasury/raw/treasury-20260824T034935Z-page002.json;/mnt/d/Projects/GoldRush/docs/phase2-ingestion/data/treasury/raw/treasury-20260824T034935Z-page003.json;/mnt/d/Projects/GoldRush/docs/phase2-ingestion/data/treasury/raw/treasury-20260824T034935Z-page004.json;/mnt/d/Projects/GoldRush/docs/phase2-ingestion/data/treasury/raw/treasury-20260824T034935Z-page005.json;/mnt/d/Projects/GoldRush/docs/phase2-ingestion/data/treasury/raw/treasury-20260824T034935Z-page006.json;/mnt/d/Projects/GoldRush/docs/phase2-ingestion/data/treasury/raw/treasury-20260824T034935Z-page007.json;/mnt/d/Projects/GoldRush/docs/phase2-ingestion/data/treasury/raw/treasury-20260824T034935Z-page008.json;/mnt/d/Projects/GoldRush/docs/phase2-ingestion/data/treasury/raw/treasury-20260824T034935Z-page009.json;/mnt/d/Projects/GoldRush/docs/phase2-ingestion/data/treasury/raw/treasury-20260824T034935Z-page010.json;/mnt/d/Projects/GoldRush/docs/phase2-ingestion/data/treasury/raw/treasury-20260824T034935Z-page011.json;/mnt/d/Projects/GoldRush/docs/phase2-ingestion/data/treasury/raw/treasury-20260824T034935Z-page012.json;/mnt/d/Projects/GoldRush/docs/phase2-ingestion/data/treasury/raw/treasury-20260824T034935Z-page013.json;/mnt/d/Projects/GoldRush/docs/phase2-ingestion/data/treasury/raw/treasury-20260824T034935Z-page014.json;/mnt/d/Projects/GoldRush/docs/phase2-ingestion/data/treasury/raw/treasury-20260824T034935Z-page015.json;/mnt/d/Projects/GoldRush/docs/phase2-ingestion/data/treasury/raw/treasury-20260824T034935Z-page016.json,docs/phase2-ingestion/data/treasury/manifests/treasury-20260824T034935Z.manifest.json,16,cf284fd2186cebbd098b2823e2195f5af04c4bc8c7e75507d7dd4e8bf063fd5b,2026-08-24T03:49:35.808873+00:00,PASS,AVAILABLE,0.1.0
L4-009,2008-12-31,2499309.608437,5797643.92544388,5783553.75334388,99.75696727358223,43.10905672334211,percent_of_marketable_treasury_debt,Positive dated marketable debt maturing after record date and within one calendar year / Total Marketable outstanding * 100,U.S. Treasury Fiscal Data — Monthly Statement of the Public Debt Table 3,https://api.fiscaldata.treasury.gov/services/api/fiscal_service/v1/debt/mspd/mspd_table_3_market,"{""fields"":""record_date,security_type_desc,security_class1_desc,maturity_date,outstanding_amt,src_line_nbr"",""filter"":""record_date:gte:1900-01-01"",""page[size]"":10000,""sort"":""record_date,src_line_nbr""}",/mnt/d/Projects/GoldRush/docs/phase2-ingestion/data/treasury/raw/treasury-20260824T034935Z-page001.json;/mnt/d/Projects/GoldRush/docs/phase2-ingestion/data/treasury/raw/treasury-20260824T034935Z-page002.json;/mnt/d/Projects/GoldRush/docs/phase2-ingestion/data/treasury/raw/treasury-20260824T034935Z-page003.json;/mnt/d/Projects/GoldRush/docs/phase2-ingestion/data/treasury/raw/treasury-20260824T034935Z-page004.json;/mnt/d/Projects/GoldRush/docs/phase2-ingestion/data/treasury/raw/treasury-20260824T034935Z-page005.json;/mnt/d/Projects/GoldRush/docs/phase2-ingestion/data/treasury/raw/treasury-20260824T034935Z-page006.json;/mnt/d/Projects/GoldRush/docs/phase2-ingestion/data/treasury/raw/treasury-20260824T034935Z-page007.json;/mnt/d/Projects/GoldRush/docs/phase2-ingestion/data/treasury/raw/treasury-20260824T034935Z-page008.json;/mnt/d/Projects/GoldRush/docs/phase2-ingestion/data/treasury/raw/treasury-20260824T034935Z-page009.json;/mnt/d/Projects/GoldRush/docs/phase2-ingestion/data/treasury/raw/treasury-20260824T034935Z-page010.json;/mnt/d/Projects/GoldRush/docs/phase2-ingestion/data/treasury/raw/treasury-20260824T034935Z-page011.json;/mnt/d/Projects/GoldRush/docs/phase2-ingestion/data/treasury/raw/treasury-20260824T034935Z-page012.json;/mnt/d/Projects/GoldRush/docs/phase2-ingestion/data/treasury/raw/treasury-20260824T034935Z-page013.json;/mnt/d/Projects/GoldRush/docs/phase2-ingestion/data/treasury/raw/treasury-20260824T034935Z-page014.json;/mnt/d/Projects/GoldRush/docs/phase2-ingestion/data/treasury/raw/treasury-20260824T034935Z-page015.json;/mnt/d/Projects/GoldRush/docs/phase2-ingestion/data/treasury/raw/treasury-20260824T034935Z-page016.json,docs/phase2-ingestion/data/treasury/manifests/treasury-20260824T034935Z.manifest.json,16,cf284fd2186cebbd098b2823e2195f5af04c4bc8c7e75507d7dd4e8bf063fd5b,2026-08-24T03:49:35.808873+00:00,PASS,AVAILABLE,0.1.0
L4-009,2009-01-31,2427456.75580534,5749916.18033893,5712850.19223893,99.35536472293731,42.217254646349524,percent_of_marketable_treasury_debt,Positive dated marketable debt maturing after record date and within one calendar year / Total Marketable outstanding * 100,U.S. Treasury Fiscal Data — Monthly Statement of the Public Debt Table 3,https://api.fiscaldata.treasury.gov/services/api/fiscal_service/v1/debt/mspd/mspd_table_3_market,"{""fields"":""record_date,security_type_desc,security_class1_desc,maturity_date,outstanding_amt,src_line_nbr"",""filter"":""record_date:gte:1900-01-01"",""page[size]"":10000,""sort"":""record_date,src_line_nbr""}",/mnt/d/Projects/GoldRush/docs/phase2-ingestion/data/treasury/raw/treasury-20260824T034935Z-page001.json;/mnt/d/Projects/GoldRush/docs/phase2-ingestion/data/treasury/raw/treasury-20260824T034935Z-page002.json;/mnt/d/Projects/GoldRush/docs/phase2-ingestion/data/treasury/raw/treasury-20260824T034935Z-page003.json;/mnt/d/Projects/GoldRush/docs/phase2-ingestion/data/treasury/raw/treasury-20260824T034935Z-page004.json;/mnt/d/Projects/GoldRush/docs/phase2-ingestion/data/treasury/raw/treasury-20260824T034935Z-page005.json;/mnt/d/Projects/GoldRush/docs/phase2-ingestion/data/treasury/raw/treasury-20260824T034935Z-page006.json;/mnt/d/Projects/GoldRush/docs/phase2-ingestion/data/treasury/raw/treasury-20260824T034935Z-page007.json;/mnt/d/Projects/GoldRush/docs/phase2-ingestion/data/treasury/raw/treasury-20260824T034935Z-page008.json;/mnt/d/Projects/GoldRush/docs/phase2-ingestion/data/treasury/raw/treasury-20260824T034935Z-page009.json;/mnt/d/Projects/GoldRush/docs/phase2-ingestion/data/treasury/raw/treasury-20260824T034935Z-page010.json;/mnt/d/Projects/GoldRush/docs/phase2-ingestion/data/treasury/raw/treasury-20260824T034935Z-page011.json;/mnt/d/Projects/GoldRush/docs/phase2-ingestion/data/treasury/raw/treasury-20260824T034935Z-page012.json;/mnt/d/Projects/GoldRush/docs/phase2-ingestion/data/treasury/raw/treasury-20260824T034935Z-page013.json;/mnt/d/Projects/GoldRush/docs/phase2-ingestion/data/treasury/raw/treasury-20260824T034935Z-page014.json;/mnt/d/Projects/GoldRush/docs/phase2-ingestion/data/treasury/raw/treasury-20260824T034935Z-page015.json;/mnt/d/Projects/GoldRush/docs/phase2-ingestion/data/treasury/raw/treasury-20260824T034935Z-page016.json,docs/phase2-ingestion/data/treasury/manifests/treasury-20260824T034935Z.manifest.json,16,cf284fd2186cebbd098b2823e2195f5af04c4bc8c7e75507d7dd4e8bf063fd5b,2026-08-24T03:49:35.808873+00:00,PASS,AVAILABLE,0.1.0
L4-009,2009-02-28,2637865.73580261,6012391.67683807,5975264.78573807,99.38249380453661,43.87381723590352,percent_of_marketable_treasury_debt,Positive dated marketable debt maturing after record date and within one calendar year / Total Marketable outstanding * 100,U.S. Treasury Fiscal Data — Monthly Statement of the Public Debt Table 3,https://api.fiscaldata.treasury.gov/services/api/fiscal_service/v1/debt/mspd/mspd_table_3_market,"{""fields"":""record_date,security_type_desc,security_class1_desc,maturity_date,outstanding_amt,src_line_nbr"",""filter"":""record_date:gte:1900-01-01"",""page[size]"":10000,""sort"":""record_date,src_line_nbr""}",/mnt/d/Projects/GoldRush/docs/phase2-ingestion/data/treasury/raw/treasury-20260824T034935Z-page001.json;/mnt/d/Projects/GoldRush/docs/phase2-ingestion/data/treasury/raw/treasury-20260824T034935Z-page002.json;/mnt/d/Projects/GoldRush/docs/phase2-ingestion/data/treasury/raw/treasury-20260824T034935Z-page003.json;/mnt/d/Projects/GoldRush/docs/phase2-ingestion/data/treasury/raw/treasury-20260824T034935Z-page004.json;/mnt/d/Projects/GoldRush/docs/phase2-ingestion/data/treasury/raw/treasury-20260824T034935Z-page005.json;/mnt/d/Projects/GoldRush/docs/phase2-ingestion/data/treasury/raw/treasury-20260824T034935Z-page006.json;/mnt/d/Projects/GoldRush/docs/phase2-ingestion/data/treasury/raw/treasury-20260824T034935Z-page007.json;/mnt/d/Projects/GoldRush/docs/phase2-ingestion/data/treasury/raw/treasury-20260824T034935Z-page008.json;/mnt/d/Projects/GoldRush/docs/phase2-ingestion/data/treasury/raw/treasury-20260824T034935Z-page009.json;/mnt/d/Projects/GoldRush/docs/phase2-ingestion/data/treasury/raw/treasury-20260824T034935Z-page010.json;/mnt/d/Projects/GoldRush/docs/phase2-ingestion/data/treasury/raw/treasury-20260824T034935Z-page011.json;/mnt/d/Projects/GoldRush/docs/phase2-ingestion/data/treasury/raw/treasury-20260824T034935Z-page012.json;/mnt/d/Projects/GoldRush/docs/phase2-ingestion/data/treasury/raw/treasury-20260824T034935Z-page013.json;/mnt/d/Projects/GoldRush/docs/phase2-ingestion/data/treasury/raw/treasury-20260824T034935Z-page014.json;/mnt/d/Projects/GoldRush/docs/phase2-ingestion/data/treasury/raw/treasury-20260824T034935Z-page015.json;/mnt/d/Projects/GoldRush/docs/phase2-ingestion/data/treasury/raw/treasury-20260824T034935Z-page016.json,docs/phase2-ingestion/data/treasury/manifests/treasury-20260824T034935Z.manifest.json,16,cf284fd2186cebbd098b2823e2195f5af04c4bc8c7e75507d7dd4e8bf063fd5b,2026-08-24T03:49:35.808873+00:00,PASS,AVAILABLE,0.1.0
L4-009,2009-03-31,2694263.7913724,6266120.80307569,6252032.07797569,99.7751603337573,42.997316458532616,percent_of_marketable_treasury_debt,Positive dated marketable debt maturing after record date and within one calendar year / Total Marketable outstanding * 100,U.S. Treasury Fiscal Data — Monthly Statement of the Public Debt Table 3,https://api.fiscaldata.treasury.gov/services/api/fiscal_service/v1/debt/mspd/mspd_table_3_market,"{""fields"":""record_date,security_type_desc,security_class1_desc,maturity_date,outstanding_amt,src_line_nbr"",""filter"":""record_date:gte:1900-01-01"",""page[size]"":10000,""sort"":""record_date,src_line_nbr""}",/mnt/d/Projects/GoldRush/docs/phase2-ingestion/data/treasury/raw/treasury-20260824T034935Z-page001.json;/mnt/d/Projects/GoldRush/docs/phase2-ingestion/data/treasury/raw/treasury-20260824T034935Z-page002.json;/mnt/d/Projects/GoldRush/docs/phase2-ingestion/data/treasury/raw/treasury-20260824T034935Z-page003.json;/mnt/d/Projects/GoldRush/docs/phase2-ingestion/data/treasury/raw/treasury-20260824T034935Z-page004.json;/mnt/d/Projects/GoldRush/docs/phase2-ingestion/data/treasury/raw/treasury-20260824T034935Z-page005.json;/mnt/d/Projects/GoldRush/docs/phase2-ingestion/data/treasury/raw/treasury-20260824T034935Z-page006.json;/mnt/d/Projects/GoldRush/docs/phase2-ingestion/data/treasury/raw/treasury-20260824T034935Z-page007.json;/mnt/d/Projects/GoldRush/docs/phase2-ingestion/data/treasury/raw/treasury-20260824T034935Z-page008.json;/mnt/d/Projects/GoldRush/docs/phase2-ingestion/data/treasury/raw/treasury-20260824T034935Z-page009.json;/mnt/d/Projects/GoldRush/docs/phase2-ingestion/data/treasury/raw/treasury-20260824T034935Z-page010.json;/mnt/d/Projects/GoldRush/docs/phase2-ingestion/data/treasury/raw/treasury-20260824T034935Z-page011.json;/mnt/d/Projects/GoldRush/docs/phase2-ingestion/data/treasury/raw/treasury-20260824T034935Z-page012.json;/mnt/d/Projects/GoldRush/docs/phase2-ingestion/data/treasury/raw/treasury-20260824T034935Z-page013.json;/mnt/d/Projects/GoldRush/docs/phase2-ingestion/data/treasury/raw/treasury-20260824T034935Z-page014.json;/mnt/d/Projects/GoldRush/docs/phase2-ingestion/data/treasury/raw/treasury-20260824T034935Z-page015.json;/mnt/d/Projects/GoldRush/docs/phase2-ingestion/data/treasury/raw/treasury-20260824T034935Z-page016.json,docs/phase2-ingestion/data/treasury/manifests/treasury-20260824T034935Z.manifest.json,16,cf284fd2186cebbd098b2823e2195f5af04c4bc8c7e75507d7dd4e8bf063fd5b,2026-08-24T03:49:35.808873+00:00,PASS,AVAILABLE,0.1.0
L4-009,2009-04-30,2695633.65352127,6363391.0260229,6349302.6621229,99.77860288889389,42.361590581147,percent_of_marketable_treasury_debt,Positive dated marketable debt maturing after record date and within one calendar year / Total Marketable outstanding * 100,U.S. Treasury Fiscal Data — Monthly Statement of the Public Debt Table 3,https://api.fiscaldata.treasury.gov/services/api/fiscal_service/v1/debt/mspd/mspd_table_3_market,"{""fields"":""record_date,security_type_desc,security_class1_desc,maturity_date,outstanding_amt,src_line_nbr"",""filter"":""record_date:gte:1900-01-01"",""page[size]"":10000,""sort"":""record_date,src_line_nbr""}",/mnt/d/Projects/GoldRush/docs/phase2-ingestion/data/treasury/raw/treasury-20260824T034935Z-page001.json;/mnt/d/Projects/GoldRush/docs/phase2-ingestion/data/treasury/raw/treasury-20260824T034935Z-page002.json;/mnt/d/Projects/GoldRush/docs/phase2-ingestion/data/treasury/raw/treasury-20260824T034935Z-page003.json;/mnt/d/Projects/GoldRush/docs/phase2-ingestion/data/treasury/raw/treasury-20260824T034935Z-page004.json;/mnt/d/Projects/GoldRush/docs/phase2-ingestion/data/treasury/raw/treasury-20260824T034935Z-page005.json;/mnt/d/Projects/GoldRush/docs/phase2-ingestion/data/treasury/raw/treasury-20260824T034935Z-page006.json;/mnt/d/Projects/GoldRush/docs/phase2-ingestion/data/treasury/raw/treasury-20260824T034935Z-page007.json;/mnt/d/Projects/GoldRush/docs/phase2-ingestion/data/treasury/raw/treasury-20260824T034935Z-page008.json;/mnt/d/Projects/GoldRush/docs/phase2-ingestion/data/treasury/raw/treasury-20260824T034935Z-page009.json;/mnt/d/Projects/GoldRush/docs/phase2-ingestion/data/treasury/raw/treasury-20260824T034935Z-page010.json;/mnt/d/Projects/GoldRush/docs/phase2-ingestion/data/treasury/raw/treasury-20260824T034935Z-page011.json;/mnt/d/Projects/GoldRush/docs/phase2-ingestion/data/treasury/raw/treasury-20260824T034935Z-page012.json;/mnt/d/Projects/GoldRush/docs/phase2-ingestion/data/treasury/raw/treasury-20260824T034935Z-page013.json;/mnt/d/Projects/GoldRush/docs/phase2-ingestion/data/treasury/raw/treasury-20260824T034935Z-page014.json;/mnt/d/Projects/GoldRush/docs/phase2-ingestion/data/treasury/raw/treasury-20260824T034935Z-page015.json;/mnt/d/Projects/GoldRush/docs/phase2-ingestion/data/treasury/raw/treasury-20260824T034935Z-page016.json,docs/phase2-ingestion/data/treasury/manifests/treasury-20260824T034935Z.manifest.json,16,cf284fd2186cebbd098b2823e2195f5af04c4bc8c7e75507d7dd4e8bf063fd5b,2026-08-24T03:49:35.808873+00:00,PASS,AVAILABLE,0.1.0
L4-009,2009-05-31,2753985.60012778,6454269.58886071,6417692.94306071,99.43329535129541,42.6692062085666,percent_of_marketable_treasury_debt,Positive dated marketable debt maturing after record date and within one calendar year / Total Marketable outstanding * 100,U.S. Treasury Fiscal Data — Monthly Statement of the Public Debt Table 3,https://api.fiscaldata.treasury.gov/services/api/fiscal_service/v1/debt/mspd/mspd_table_3_market,"{""fields"":""record_date,security_type_desc,security_class1_desc,maturity_date,outstanding_amt,src_line_nbr"",""filter"":""record_date:gte:1900-01-01"",""page[size]"":10000,""sort"":""record_date,src_line_nbr""}",/mnt/d/Projects/GoldRush/docs/phase2-ingestion/data/treasury/raw/treasury-20260824T034935Z-page001.json;/mnt/d/Projects/GoldRush/docs/phase2-ingestion/data/treasury/raw/treasury-20260824T034935Z-page002.json;/mnt/d/Projects/GoldRush/docs/phase2-ingestion/data/treasury/raw/treasury-20260824T034935Z-page003.json;/mnt/d/Projects/GoldRush/docs/phase2-ingestion/data/treasury/raw/treasury-20260824T034935Z-page004.json;/mnt/d/Projects/GoldRush/docs/phase2-ingestion/data/treasury/raw/treasury-20260824T034935Z-page005.json;/mnt/d/Projects/GoldRush/docs/phase2-ingestion/data/treasury/raw/treasury-20260824T034935Z-page006.json;/mnt/d/Projects/GoldRush/docs/phase2-ingestion/data/treasury/raw/treasury-20260824T034935Z-page007.json;/mnt/d/Projects/GoldRush/docs/phase2-ingestion/data/treasury/raw/treasury-20260824T034935Z-page008.json;/mnt/d/Projects/GoldRush/docs/phase2-ingestion/data/treasury/raw/treasury-20260824T034935Z-page009.json;/mnt/d/Projects/GoldRush/docs/phase2-ingestion/data/treasury/raw/treasury-20260824T034935Z-page010.json;/mnt/d/Projects/GoldRush/docs/phase2-ingestion/data/treasury/raw/treasury-20260824T034935Z-page011.json;/mnt/d/Projects/GoldRush/docs/phase2-ingestion/data/treasury/raw/treasury-20260824T034935Z-page012.json;/mnt/d/Projects/GoldRush/docs/phase2-ingestion/data/treasury/raw/treasury-20260824T034935Z-page013.json;/mnt/d/Projects/GoldRush/docs/phase2-ingestion/data/treasury/raw/treasury-20260824T034935Z-page014.json;/mnt/d/Projects/GoldRush/docs/phase2-ingestion/data/treasury/raw/treasury-20260824T034935Z-page015.json;/mnt/d/Projects/GoldRush/docs/phase2-ingestion/data/treasury/raw/treasury-20260824T034935Z-page016.json,docs/phase2-ingestion/data/treasury/manifests/treasury-20260824T034935Z.manifest.json,16,cf284fd2186cebbd098b2823e2195f5af04c4bc8c7e75507d7dd4e8bf063fd5b,2026-08-24T03:49:35.808873+00:00,PASS,AVAILABLE,0.1.0
L4-009,2009-06-30,2705362.16024055,6612109.99347652,6600101.29327652,99.81838323603436,40.915262494266564,percent_of_marketable_treasury_debt,Positive dated marketable debt maturing after record date and within one calendar year / Total Marketable outstanding * 100,U.S. Treasury Fiscal Data — Monthly Statement of the Public Debt Table 3,https://api.fiscaldata.treasury.gov/services/api/fiscal_service/v1/debt/mspd/mspd_table_3_market,"{""fields"":""record_date,security_type_desc,security_class1_desc,maturity_date,outstanding_amt,src_line_nbr"",""filter"":""record_date:gte:1900-01-01"",""page[size]"":10000,""sort"":""record_date,src_line_nbr""}",/mnt/d/Projects/GoldRush/docs/phase2-ingestion/data/treasury/raw/treasury-20260824T034935Z-page001.json;/mnt/d/Projects/GoldRush/docs/phase2-ingestion/data/treasury/raw/treasury-20260824T034935Z-page002.json;/mnt/d/Projects/GoldRush/docs/phase2-ingestion/data/treasury/raw/treasury-20260824T034935Z-page003.json;/mnt/d/Projects/GoldRush/docs/phase2-ingestion/data/treasury/raw/treasury-20260824T034935Z-page004.json;/mnt/d/Projects/GoldRush/docs/phase2-ingestion/data/treasury/raw/treasury-20260824T034935Z-page005.json;/mnt/d/Projects/GoldRush/docs/phase2-ingestion/data/treasury/raw/treasury-20260824T034935Z-page006.json;/mnt/d/Projects/GoldRush/docs/phase2-ingestion/data/treasury/raw/treasury-20260824T034935Z-page007.json;/mnt/d/Projects/GoldRush/docs/phase2-ingestion/data/treasury/raw/treasury-20260824T034935Z-page008.json;/mnt/d/Projects/GoldRush/docs/phase2-ingestion/data/treasury/raw/treasury-20260824T034935Z-page009.json;/mnt/d/Projects/GoldRush/docs/phase2-ingestion/data/treasury/raw/treasury-20260824T034935Z-page010.json;/mnt/d/Projects/GoldRush/docs/phase2-ingestion/data/treasury/raw/treasury-20260824T034935Z-page011.json;/mnt/d/Projects/GoldRush/docs/phase2-ingestion/data/treasury/raw/treasury-20260824T034935Z-page012.json;/mnt/d/Projects/GoldRush/docs/phase2-ingestion/data/treasury/raw/treasury-20260824T034935Z-page013.json;/mnt/d/Projects/GoldRush/docs/phase2-ingestion/data/treasury/raw/treasury-20260824T034935Z-page014.json;/mnt/d/Projects/GoldRush/docs/phase2-ingestion/data/treasury/raw/treasury-20260824T034935Z-page015.json;/mnt/d/Projects/GoldRush/docs/phase2-ingestion/data/treasury/raw/treasury-20260824T034935Z-page016.json,docs/phase2-ingestion/data/treasury/manifests/treasury-20260824T034935Z.manifest.json,16,cf284fd2186cebbd098b2823e2195f5af04c4bc8c7e75507d7dd4e8bf063fd5b,2026-08-24T03:49:35.808873+00:00,PASS,AVAILABLE,0.1.0
L4-009,2009-07-31,2730043.83341374,6782780.81596544,6770773.19176544,99.82296900746466,40.24962485869675,percent_of_marketable_treasury_debt,Positive dated marketable debt maturing after record date and within one calendar year / Total Marketable outstanding * 100,U.S. Treasury Fiscal Data — Monthly Statement of the Public Debt Table 3,https://api.fiscaldata.treasury.gov/services/api/fiscal_service/v1/debt/mspd/mspd_table_3_market,"{""fields"":""record_date,security_type_desc,security_class1_desc,maturity_date,outstanding_amt,src_line_nbr"",""filter"":""record_date:gte:1900-01-01"",""page[size]"":10000,""sort"":""record_date,src_line_nbr""}",/mnt/d/Projects/GoldRush/docs/phase2-ingestion/data/treasury/raw/treasury-20260824T034935Z-page001.json;/mnt/d/Projects/GoldRush/docs/phase2-ingestion/data/treasury/raw/treasury-20260824T034935Z-page002.json;/mnt/d/Projects/GoldRush/docs/phase2-ingestion/data/treasury/raw/treasury-20260824T034935Z-page003.json;/mnt/d/Projects/GoldRush/docs/phase2-ingestion/data/treasury/raw/treasury-20260824T034935Z-page004.json;/mnt/d/Projects/GoldRush/docs/phase2-ingestion/data/treasury/raw/treasury-20260824T034935Z-page005.json;/mnt/d/Projects/GoldRush/docs/phase2-ingestion/data/treasury/raw/treasury-20260824T034935Z-page006.json;/mnt/d/Projects/GoldRush/docs/phase2-ingestion/data/treasury/raw/treasury-20260824T034935Z-page007.json;/mnt/d/Projects/GoldRush/docs/phase2-ingestion/data/treasury/raw/treasury-20260824T034935Z-page008.json;/mnt/d/Projects/GoldRush/docs/phase2-ingestion/data/treasury/raw/treasury-20260824T034935Z-page009.json;/mnt/d/Projects/GoldRush/docs/phase2-ingestion/data/treasury/raw/treasury-20260824T034935Z-page010.json;/mnt/d/Projects/GoldRush/docs/phase2-ingestion/data/treasury/raw/treasury-20260824T034935Z-page011.json;/mnt/d/Projects/GoldRush/docs/phase2-ingestion/data/treasury/raw/treasury-20260824T034935Z-page012.json;/mnt/d/Projects/GoldRush/docs/phase2-ingestion/data/treasury/raw/treasury-20260824T034935Z-page013.json;/mnt/d/Projects/GoldRush/docs/phase2-ingestion/data/treasury/raw/treasury-20260824T034935Z-page014.json;/mnt/d/Projects/GoldRush/docs/phase2-ingestion/data/treasury/raw/treasury-20260824T034935Z-page015.json;/mnt/d/Projects/GoldRush/docs/phase2-ingestion/data/treasury/raw/treasury-20260824T034935Z-page016.json,docs/phase2-ingestion/data/treasury/manifests/treasury-20260824T034935Z.manifest.json,16,cf284fd2186cebbd098b2823e2195f5af04c4bc8c7e75507d7dd4e8bf063fd5b,2026-08-24T03:49:35.808873+00:00,PASS,AVAILABLE,0.1.0
L4-009,2009-08-31,2760098.39025682,6939239.23418808,6927230.00243808,99.826937343638,39.77523035462493,percent_of_marketable_treasury_debt,Positive dated marketable debt maturing after record date and within one calendar year / Total Marketable outstanding * 100,U.S. Treasury Fiscal Data — Monthly Statement of the Public Debt Table 3,https://api.fiscaldata.treasury.gov/services/api/fiscal_service/v1/debt/mspd/mspd_table_3_market,"{""fields"":""record_date,security_type_desc,security_class1_desc,maturity_date,outstanding_amt,src_line_nbr"",""filter"":""record_date:gte:1900-01-01"",""page[size]"":10000,""sort"":""record_date,src_line_nbr""}",/mnt/d/Projects/GoldRush/docs/phase2-ingestion/data/treasury/raw/treasury-20260824T034935Z-page001.json;/mnt/d/Projects/GoldRush/docs/phase2-ingestion/data/treasury/raw/treasury-20260824T034935Z-page002.json;/mnt/d/Projects/GoldRush/docs/phase2-ingestion/data/treasury/raw/treasury-20260824T034935Z-page003.json;/mnt/d/Projects/GoldRush/docs/phase2-ingestion/data/treasury/raw/treasury-20260824T034935Z-page004.json;/mnt/d/Projects/GoldRush/docs/phase2-ingestion/data/treasury/raw/treasury-20260824T034935Z-page005.json;/mnt/d/Projects/GoldRush/docs/phase2-ingestion/data/treasury/raw/treasury-20260824T034935Z-page006.json;/mnt/d/Projects/GoldRush/docs/phase2-ingestion/data/treasury/raw/treasury-20260824T034935Z-page007.json;/mnt/d/Projects/GoldRush/docs/phase2-ingestion/data/treasury/raw/treasury-20260824T034935Z-page008.json;/mnt/d/Projects/GoldRush/docs/phase2-ingestion/data/treasury/raw/treasury-20260824T034935Z-page009.json;/mnt/d/Projects/GoldRush/docs/phase2-ingestion/data/treasury/raw/treasury-20260824T034935Z-page010.json;/mnt/d/Projects/GoldRush/docs/phase2-ingestion/data/treasury/raw/treasury-20260824T034935Z-page011.json;/mnt/d/Projects/GoldRush/docs/phase2-ingestion/data/treasury/raw/treasury-20260824T034935Z-page012.json;/mnt/d/Projects/GoldRush/docs/phase2-ingestion/data/treasury/raw/treasury-20260824T034935Z-page013.json;/mnt/d/Projects/GoldRush/docs/phase2-ingestion/data/treasury/raw/treasury-20260824T034935Z-page014.json;/mnt/d/Projects/GoldRush/docs/phase2-ingestion/data/treasury/raw/treasury-20260824T034935Z-page015.json;/mnt/d/Projects/GoldRush/docs/phase2-ingestion/data/treasury/raw/treasury-20260824T034935Z-page016.json,docs/phase2-ingestion/data/treasury/manifests/treasury-20260824T034935Z.manifest.json,16,cf284fd2186cebbd098b2823e2195f5af04c4bc8c7e75507d7dd4e8bf063fd5b,2026-08-24T03:49:35.808873+00:00,PASS,AVAILABLE,0.1.0
L4-009,2009-09-30,2697228.91543871,7009733.38769118,6997724.82044118,99.82868724692031,38.47833813729548,percent_of_marketable_treasury_debt,Positive dated marketable debt maturing after record date and within one calendar year / Total Marketable outstanding * 100,U.S. Treasury Fiscal Data — Monthly Statement of the Public Debt Table 3,https://api.fiscaldata.treasury.gov/services/api/fiscal_service/v1/debt/mspd/mspd_table_3_market,"{""fields"":""record_date,security_type_desc,security_class1_desc,maturity_date,outstanding_amt,src_line_nbr"",""filter"":""record_date:gte:1900-01-01"",""page[size]"":10000,""sort"":""record_date,src_line_nbr""}",/mnt/d/Projects/GoldRush/docs/phase2-ingestion/data/treasury/raw/treasury-20260824T034935Z-page001.json;/mnt/d/Projects/GoldRush/docs/phase2-ingestion/data/treasury/raw/treasury-20260824T034935Z-page002.json;/mnt/d/Projects/GoldRush/docs/phase2-ingestion/data/treasury/raw/treasury-20260824T034935Z-page003.json;/mnt/d/Projects/GoldRush/docs/phase2-ingestion/data/treasury/raw/treasury-20260824T034935Z-page004.json;/mnt/d/Projects/GoldRush/docs/phase2-ingestion/data/treasury/raw/treasury-20260824T034935Z-page005.json;/mnt/d/Projects/GoldRush/docs/phase2-ingestion/data/treasury/raw/treasury-20260824T034935Z-page006.json;/mnt/d/Projects/GoldRush/docs/phase2-ingestion/data/treasury/raw/treasury-20260824T034935Z-page007.json;/mnt/d/Projects/GoldRush/docs/phase2-ingestion/data/treasury/raw/treasury-20260824T034935Z-page008.json;/mnt/d/Projects/GoldRush/docs/phase2-ingestion/data/treasury/raw/treasury-20260824T034935Z-page009.json;/mnt/d/Projects/GoldRush/docs/phase2-ingestion/data/treasury/raw/treasury-20260824T034935Z-page010.json;/mnt/d/Projects/GoldRush/docs/phase2-ingestion/data/treasury/raw/treasury-20260824T034935Z-page011.json;/mnt/d/Projects/GoldRush/docs/phase2-ingestion/data/treasury/raw/treasury-20260824T034935Z-page012.json;/mnt/d/Projects/GoldRush/docs/phase2-ingestion/data/treasury/raw/treasury-20260824T034935Z-page013.json;/mnt/d/Projects/GoldRush/docs/phase2-ingestion/data/treasury/raw/treasury-20260824T034935Z-page014.json;/mnt/d/Projects/GoldRush/docs/phase2-ingestion/data/treasury/raw/treasury-20260824T034935Z-page015.json;/mnt/d/Projects/GoldRush/docs/phase2-ingestion/data/treasury/raw/treasury-20260824T034935Z-page016.json,docs/phase2-ingestion/data/treasury/manifests/treasury-20260824T034935Z.manifest.json,16,cf284fd2186cebbd098b2823e2195f5af04c4bc8c7e75507d7dd4e8bf063fd5b,2026-08-24T03:49:35.808873+00:00,PASS,AVAILABLE,0.1.0
L4-009,2009-10-31,2572959.27255409,6947632.80253413,6911759.85728413,99.4836666492087,37.0336105214946,percent_of_marketable_treasury_debt,Positive dated marketable debt maturing after record date and within one calendar year / Total Marketable outstanding * 100,U.S. Treasury Fiscal Data — Monthly Statement of the Public Debt Table 3,https://api.fiscaldata.treasury.gov/services/api/fiscal_service/v1/debt/mspd/mspd_table_3_market,"{""fields"":""record_date,security_type_desc,security_class1_desc,maturity_date,outstanding_amt,src_line_nbr"",""filter"":""record_date:gte:1900-01-01"",""page[size]"":10000,""sort"":""record_date,src_line_nbr""}",/mnt/d/Projects/GoldRush/docs/phase2-ingestion/data/treasury/raw/treasury-20260824T034935Z-page001.json;/mnt/d/Projects/GoldRush/docs/phase2-ingestion/data/treasury/raw/treasury-20260824T034935Z-page002.json;/mnt/d/Projects/GoldRush/docs/phase2-ingestion/data/treasury/raw/treasury-20260824T034935Z-page003.json;/mnt/d/Projects/GoldRush/docs/phase2-ingestion/data/treasury/raw/treasury-20260824T034935Z-page004.json;/mnt/d/Projects/GoldRush/docs/phase2-ingestion/data/treasury/raw/treasury-20260824T034935Z-page005.json;/mnt/d/Projects/GoldRush/docs/phase2-ingestion/data/treasury/raw/treasury-20260824T034935Z-page006.json;/mnt/d/Projects/GoldRush/docs/phase2-ingestion/data/treasury/raw/treasury-20260824T034935Z-page007.json;/mnt/d/Projects/GoldRush/docs/phase2-ingestion/data/treasury/raw/treasury-20260824T034935Z-page008.json;/mnt/d/Projects/GoldRush/docs/phase2-ingestion/data/treasury/raw/treasury-20260824T034935Z-page009.json;/mnt/d/Projects/GoldRush/docs/phase2-ingestion/data/treasury/raw/treasury-20260824T034935Z-page010.json;/mnt/d/Projects/GoldRush/docs/phase2-ingestion/data/treasury/raw/treasury-20260824T034935Z-page011.json;/mnt/d/Projects/GoldRush/docs/phase2-ingestion/data/treasury/raw/treasury-20260824T034935Z-page012.json;/mnt/d/Projects/GoldRush/docs/phase2-ingestion/data/treasury/raw/treasury-20260824T034935Z-page013.json;/mnt/d/Projects/GoldRush/docs/phase2-ingestion/data/treasury/raw/treasury-20260824T034935Z-page014.json;/mnt/d/Projects/GoldRush/docs/phase2-ingestion/data/treasury/raw/treasury-20260824T034935Z-page015.json;/mnt/d/Projects/GoldRush/docs/phase2-ingestion/data/treasury/raw/treasury-20260824T034935Z-page016.json,docs/phase2-ingestion/data/treasury/manifests/treasury-20260824T034935Z.manifest.json,16,cf284fd2186cebbd098b2823e2195f5af04c4bc8c7e75507d7dd4e8bf063fd5b,2026-08-24T03:49:35.808873+00:00,PASS,AVAILABLE,0.1.0
L4-009,2009-11-30,2551399.18644817,7174572.7082722,7162565.4720222,99.832641792923,35.56168834286725,percent_of_marketable_treasury_debt,Positive dated marketable debt maturing after record date and within one calendar year / Total Marketable outstanding * 100,U.S. Treasury Fiscal Data — Monthly Statement of the Public Debt Table 3,https://api.fiscaldata.treasury.gov/services/api/fiscal_service/v1/debt/mspd/mspd_table_3_market,"{""fields"":""record_date,security_type_desc,security_class1_desc,maturity_date,outstanding_amt,src_line_nbr"",""filter"":""record_date:gte:1900-01-01"",""page[size]"":10000,""sort"":""record_date,src_line_nbr""}",/mnt/d/Projects/GoldRush/docs/phase2-ingestion/data/treasury/raw/treasury-20260824T034935Z-page001.json;/mnt/d/Projects/GoldRush/docs/phase2-ingestion/data/treasury/raw/treasury-20260824T034935Z-page002.json;/mnt/d/Projects/GoldRush/docs/phase2-ingestion/data/treasury/raw/treasury-20260824T034935Z-page003.json;/mnt/d/Projects/GoldRush/docs/phase2-ingestion/data/treasury/raw/treasury-20260824T034935Z-page004.json;/mnt/d/Projects/GoldRush/docs/phase2-ingestion/data/treasury/raw/treasury-20260824T034935Z-page005.json;/mnt/d/Projects/GoldRush/docs/phase2-ingestion/data/treasury/raw/treasury-20260824T034935Z-page006.json;/mnt/d/Projects/GoldRush/docs/phase2-ingestion/data/treasury/raw/treasury-20260824T034935Z-page007.json;/mnt/d/Projects/GoldRush/docs/phase2-ingestion/data/treasury/raw/treasury-20260824T034935Z-page008.json;/mnt/d/Projects/GoldRush/docs/phase2-ingestion/data/treasury/raw/treasury-20260824T034935Z-page009.json;/mnt/d/Projects/GoldRush/docs/phase2-ingestion/data/treasury/raw/treasury-20260824T034935Z-page010.json;/mnt/d/Projects/GoldRush/docs/phase2-ingestion/data/treasury/raw/treasury-20260824T034935Z-page011.json;/mnt/d/Projects/GoldRush/docs/phase2-ingestion/data/treasury/raw/treasury-20260824T034935Z-page012.json;/mnt/d/Projects/GoldRush/docs/phase2-ingestion/data/treasury/raw/treasury-20260824T034935Z-page013.json;/mnt/d/Projects/GoldRush/docs/phase2-ingestion/data/treasury/raw/treasury-20260824T034935Z-page014.json;/mnt/d/Projects/GoldRush/docs/phase2-ingestion/data/treasury/raw/treasury-20260824T034935Z-page015.json;/mnt/d/Projects/GoldRush/docs/phase2-ingestion/data/treasury/raw/treasury-20260824T034935Z-page016.json,docs/phase2-ingestion/data/treasury/manifests/treasury-20260824T034935Z.manifest.json,16,cf284fd2186cebbd098b2823e2195f5af04c4bc8c7e75507d7dd4e8bf063fd5b,2026-08-24T03:49:35.808873+00:00,PASS,AVAILABLE,0.1.0
L4-009,2009-12-31,2506702.12642287,7272495.98351231,7260489.45426231,99.83490497241634,34.4682504068189,percent_of_marketable_treasury_debt,Positive dated marketable debt maturing after record date and within one calendar year / Total Marketable outstanding * 100,U.S. Treasury Fiscal Data — Monthly Statement of the Public Debt Table 3,https://api.fiscaldata.treasury.gov/services/api/fiscal_service/v1/debt/mspd/mspd_table_3_market,"{""fields"":""record_date,security_type_desc,security_class1_desc,maturity_date,outstanding_amt,src_line_nbr"",""filter"":""record_date:gte:1900-01-01"",""page[size]"":10000,""sort"":""record_date,src_line_nbr""}",/mnt/d/Projects/GoldRush/docs/phase2-ingestion/data/treasury/raw/treasury-20260824T034935Z-page001.json;/mnt/d/Projects/GoldRush/docs/phase2-ingestion/data/treasury/raw/treasury-20260824T034935Z-page002.json;/mnt/d/Projects/GoldRush/docs/phase2-ingestion/data/treasury/raw/treasury-20260824T034935Z-page003.json;/mnt/d/Projects/GoldRush/docs/phase2-ingestion/data/treasury/raw/treasury-20260824T034935Z-page004.json;/mnt/d/Projects/GoldRush/docs/phase2-ingestion/data/treasury/raw/treasury-20260824T034935Z-page005.json;/mnt/d/Projects/GoldRush/docs/phase2-ingestion/data/treasury/raw/treasury-20260824T034935Z-page006.json;/mnt/d/Projects/GoldRush/docs/phase2-ingestion/data/treasury/raw/treasury-20260824T034935Z-page007.json;/mnt/d/Projects/GoldRush/docs/phase2-ingestion/data/treasury/raw/treasury-20260824T034935Z-page008.json;/mnt/d/Projects/GoldRush/docs/phase2-ingestion/data/treasury/raw/treasury-20260824T034935Z-page009.json;/mnt/d/Projects/GoldRush/docs/phase2-ingestion/data/treasury/raw/treasury-20260824T034935Z-page010.json;/mnt/d/Projects/GoldRush/docs/phase2-ingestion/data/treasury/raw/treasury-20260824T034935Z-page011.json;/mnt/d/Projects/GoldRush/docs/phase2-ingestion/data/treasury/raw/treasury-20260824T034935Z-page012.json;/mnt/d/Projects/GoldRush/docs/phase2-ingestion/data/treasury/raw/treasury-20260824T034935Z-page013.json;/mnt/d/Projects/GoldRush/docs/phase2-ingestion/data/treasury/raw/treasury-20260824T034935Z-page014.json;/mnt/d/Projects/GoldRush/docs/phase2-ingestion/data/treasury/raw/treasury-20260824T034935Z-page015.json;/mnt/d/Projects/GoldRush/docs/phase2-ingestion/data/treasury/raw/treasury-20260824T034935Z-page016.json,docs/phase2-ingestion/data/treasury/manifests/treasury-20260824T034935Z.manifest.json,16,cf284fd2186cebbd098b2823e2195f5af04c4bc8c7e75507d7dd4e8bf063fd5b,2026-08-24T03:49:35.808873+00:00,PASS,AVAILABLE,0.1.0
L4-009,2010-01-31,2414597.63198516,7226551.06957154,7187624.72532154,99.4613427086414,33.41286332497088,percent_of_marketable_treasury_debt,Positive dated marketable debt maturing after record date and within one calendar year / Total Marketable outstanding * 100,U.S. Treasury Fiscal Data — Monthly Statement of the Public Debt Table 3,https://api.fiscaldata.treasury.gov/services/api/fiscal_service/v1/debt/mspd/mspd_table_3_market,"{""fields"":""record_date,security_type_desc,security_class1_desc,maturity_date,outstanding_amt,src_line_nbr"",""filter"":""record_date:gte:1900-01-01"",""page[size]"":10000,""sort"":""record_date,src_line_nbr""}",/mnt/d/Projects/GoldRush/docs/phase2-ingestion/data/treasury/raw/treasury-20260824T034935Z-page001.json;/mnt/d/Projects/GoldRush/docs/phase2-ingestion/data/treasury/raw/treasury-20260824T034935Z-page002.json;/mnt/d/Projects/GoldRush/docs/phase2-ingestion/data/treasury/raw/treasury-20260824T034935Z-page003.json;/mnt/d/Projects/GoldRush/docs/phase2-ingestion/data/treasury/raw/treasury-20260824T034935Z-page004.json;/mnt/d/Projects/GoldRush/docs/phase2-ingestion/data/treasury/raw/treasury-20260824T034935Z-page005.json;/mnt/d/Projects/GoldRush/docs/phase2-ingestion/data/treasury/raw/treasury-20260824T034935Z-page006.json;/mnt/d/Projects/GoldRush/docs/phase2-ingestion/data/treasury/raw/treasury-20260824T034935Z-page007.json;/mnt/d/Projects/GoldRush/docs/phase2-ingestion/data/treasury/raw/treasury-20260824T034935Z-page008.json;/mnt/d/Projects/GoldRush/docs/phase2-ingestion/data/treasury/raw/treasury-20260824T034935Z-page009.json;/mnt/d/Projects/GoldRush/docs/phase2-ingestion/data/treasury/raw/treasury-20260824T034935Z-page010.json;/mnt/d/Projects/GoldRush/docs/phase2-ingestion/data/treasury/raw/treasury-20260824T034935Z-page011.json;/mnt/d/Projects/GoldRush/docs/phase2-ingestion/data/treasury/raw/treasury-20260824T034935Z-page012.json;/mnt/d/Projects/GoldRush/docs/phase2-ingestion/data/treasury/raw/treasury-20260824T034935Z-page013.json;/mnt/d/Projects/GoldRush/docs/phase2-ingestion/data/treasury/raw/treasury-20260824T034935Z-page014.json;/mnt/d/Projects/GoldRush/docs/phase2-ingestion/data/treasury/raw/treasury-20260824T034935Z-page015.json;/mnt/d/Projects/GoldRush/docs/phase2-ingestion/data/treasury/raw/treasury-20260824T034935Z-page016.json,docs/phase2-ingestion/data/treasury/manifests/treasury-20260824T034935Z.manifest.json,16,cf284fd2186cebbd098b2823e2195f5af04c4bc8c7e75507d7dd4e8bf063fd5b,2026-08-24T03:49:35.808873+00:00,PASS,AVAILABLE,0.1.0
L4-009,2010-02-28,2458273.23368112,7406381.10726823,7365475.04001823,99.44769156950542,33.19128732477324,percent_of_marketable_treasury_debt,Positive dated marketable debt maturing after record date and within one calendar year / Total Marketable outstanding * 100,U.S. Treasury Fiscal Data — Monthly Statement of the Public Debt Table 3,https://api.fiscaldata.treasury.gov/services/api/fiscal_service/v1/debt/mspd/mspd_table_3_market,"{""fields"":""record_date,security_type_desc,security_class1_desc,maturity_date,outstanding_amt,src_line_nbr"",""filter"":""record_date:gte:1900-01-01"",""page[size]"":10000,""sort"":""record_date,src_line_nbr""}",/mnt/d/Projects/GoldRush/docs/phase2-ingestion/data/treasury/raw/treasury-20260824T034935Z-page001.json;/mnt/d/Projects/GoldRush/docs/phase2-ingestion/data/treasury/raw/treasury-20260824T034935Z-page002.json;/mnt/d/Projects/GoldRush/docs/phase2-ingestion/data/treasury/raw/treasury-20260824T034935Z-page003.json;/mnt/d/Projects/GoldRush/docs/phase2-ingestion/data/treasury/raw/treasury-20260824T034935Z-page004.json;/mnt/d/Projects/GoldRush/docs/phase2-ingestion/data/treasury/raw/treasury-20260824T034935Z-page005.json;/mnt/d/Projects/GoldRush/docs/phase2-ingestion/data/treasury/raw/treasury-20260824T034935Z-page006.json;/mnt/d/Projects/GoldRush/docs/phase2-ingestion/data/treasury/raw/treasury-20260824T034935Z-page007.json;/mnt/d/Projects/GoldRush/docs/phase2-ingestion/data/treasury/raw/treasury-20260824T034935Z-page008.json;/mnt/d/Projects/GoldRush/docs/phase2-ingestion/data/treasury/raw/treasury-20260824T034935Z-page009.json;/mnt/d/Projects/GoldRush/docs/phase2-ingestion/data/treasury/raw/treasury-20260824T034935Z-page010.json;/mnt/d/Projects/GoldRush/docs/phase2-ingestion/data/treasury/raw/treasury-20260824T034935Z-page011.json;/mnt/d/Projects/GoldRush/docs/phase2-ingestion/data/treasury/raw/treasury-20260824T034935Z-page012.json;/mnt/d/Projects/GoldRush/docs/phase2-ingestion/data/treasury/raw/treasury-20260824T034935Z-page013.json;/mnt/d/Projects/GoldRush/docs/phase2-ingestion/data/treasury/raw/treasury-20260824T034935Z-page014.json;/mnt/d/Projects/GoldRush/docs/phase2-ingestion/data/treasury/raw/treasury-20260824T034935Z-page015.json;/mnt/d/Projects/GoldRush/docs/phase2-ingestion/data/treasury/raw/treasury-20260824T034935Z-page016.json,docs/phase2-ingestion/data/treasury/manifests/treasury-20260824T034935Z.manifest.json,16,cf284fd2186cebbd098b2823e2195f5af04c4bc8c7e75507d7dd4e8bf063fd5b,2026-08-24T03:49:35.808873+00:00,PASS,AVAILABLE,0.1.0
L4-009,2010-03-31,2577836.13467524,7757041.25367433,7745035.57692433,99.84522865926085,33.232208652418585,percent_of_marketable_treasury_debt,Positive dated marketable debt maturing after record date and within one calendar year / Total Marketable outstanding * 100,U.S. Treasury Fiscal Data — Monthly Statement of the Public Debt Table 3,https://api.fiscaldata.treasury.gov/services/api/fiscal_service/v1/debt/mspd/mspd_table_3_market,"{""fields"":""record_date,security_type_desc,security_class1_desc,maturity_date,outstanding_amt,src_line_nbr"",""filter"":""record_date:gte:1900-01-01"",""page[size]"":10000,""sort"":""record_date,src_line_nbr""}",/mnt/d/Projects/GoldRush/docs/phase2-ingestion/data/treasury/raw/treasury-20260824T034935Z-page001.json;/mnt/d/Projects/GoldRush/docs/phase2-ingestion/data/treasury/raw/treasury-20260824T034935Z-page002.json;/mnt/d/Projects/GoldRush/docs/phase2-ingestion/data/treasury/raw/treasury-20260824T034935Z-page003.json;/mnt/d/Projects/GoldRush/docs/phase2-ingestion/data/treasury/raw/treasury-20260824T034935Z-page004.json;/mnt/d/Projects/GoldRush/docs/phase2-ingestion/data/treasury/raw/treasury-20260824T034935Z-page005.json;/mnt/d/Projects/GoldRush/docs/phase2-ingestion/data/treasury/raw/treasury-20260824T034935Z-page006.json;/mnt/d/Projects/GoldRush/docs/phase2-ingestion/data/treasury/raw/treasury-20260824T034935Z-page007.json;/mnt/d/Projects/GoldRush/docs/phase2-ingestion/data/treasury/raw/treasury-20260824T034935Z-page008.json;/mnt/d/Projects/GoldRush/docs/phase2-ingestion/data/treasury/raw/treasury-20260824T034935Z-page009.json;/mnt/d/Projects/GoldRush/docs/phase2-ingestion/data/treasury/raw/treasury-20260824T034935Z-page010.json;/mnt/d/Projects/GoldRush/docs/phase2-ingestion/data/treasury/raw/treasury-20260824T034935Z-page011.json;/mnt/d/Projects/GoldRush/docs/phase2-ingestion/data/treasury/raw/treasury-20260824T034935Z-page012.json;/mnt/d/Projects/GoldRush/docs/phase2-ingestion/data/treasury/raw/treasury-20260824T034935Z-page013.json;/mnt/d/Projects/GoldRush/docs/phase2-ingestion/data/treasury/raw/treasury-20260824T034935Z-page014.json;/mnt/d/Projects/GoldRush/docs/phase2-ingestion/data/treasury/raw/treasury-20260824T034935Z-page015.json;/mnt/d/Projects/GoldRush/docs/phase2-ingestion/data/treasury/raw/treasury-20260824T034935Z-page016.json,docs/phase2-ingestion/data/treasury/manifests/treasury-20260824T034935Z.manifest.json,16,cf284fd2186cebbd098b2823e2195f5af04c4bc8c7e75507d7dd4e8bf063fd5b,2026-08-24T03:49:35.808873+00:00,PASS,AVAILABLE,0.1.0
L4-009,2010-04-30,2583035.6443042,7901278.27480765,7889272.91105765,99.84805795553008,32.691364035866485,percent_of_marketable_treasury_debt,Positive dated marketable debt maturing after record date and within one calendar year / Total Marketable outstanding * 100,U.S. Treasury Fiscal Data — Monthly Statement of the Public Debt Table 3,https://api.fiscaldata.treasury.gov/services/api/fiscal_service/v1/debt/mspd/mspd_table_3_market,"{""fields"":""record_date,security_type_desc,security_class1_desc,maturity_date,outstanding_amt,src_line_nbr"",""filter"":""record_date:gte:1900-01-01"",""page[size]"":10000,""sort"":""record_date,src_line_nbr""}",/mnt/d/Projects/GoldRush/docs/phase2-ingestion/data/treasury/raw/treasury-20260824T034935Z-page001.json;/mnt/d/Projects/GoldRush/docs/phase2-ingestion/data/treasury/raw/treasury-20260824T034935Z-page002.json;/mnt/d/Projects/GoldRush/docs/phase2-ingestion/data/treasury/raw/treasury-20260824T034935Z-page003.json;/mnt/d/Projects/GoldRush/docs/phase2-ingestion/data/treasury/raw/treasury-20260824T034935Z-page004.json;/mnt/d/Projects/GoldRush/docs/phase2-ingestion/data/treasury/raw/treasury-20260824T034935Z-page005.json;/mnt/d/Projects/GoldRush/docs/phase2-ingestion/data/treasury/raw/treasury-20260824T034935Z-page006.json;/mnt/d/Projects/GoldRush/docs/phase2-ingestion/data/treasury/raw/treasury-20260824T034935Z-page007.json;/mnt/d/Projects/GoldRush/docs/phase2-ingestion/data/treasury/raw/treasury-20260824T034935Z-page008.json;/mnt/d/Projects/GoldRush/docs/phase2-ingestion/data/treasury/raw/treasury-20260824T034935Z-page009.json;/mnt/d/Projects/GoldRush/docs/phase2-ingestion/data/treasury/raw/treasury-20260824T034935Z-page010.json;/mnt/d/Projects/GoldRush/docs/phase2-ingestion/data/treasury/raw/treasury-20260824T034935Z-page011.json;/mnt/d/Projects/GoldRush/docs/phase2-ingestion/data/treasury/raw/treasury-20260824T034935Z-page012.json;/mnt/d/Projects/GoldRush/docs/phase2-ingestion/data/treasury/raw/treasury-20260824T034935Z-page013.json;/mnt/d/Projects/GoldRush/docs/phase2-ingestion/data/treasury/raw/treasury-20260824T034935Z-page014.json;/mnt/d/Projects/GoldRush/docs/phase2-ingestion/data/treasury/raw/treasury-20260824T034935Z-page015.json;/mnt/d/Projects/GoldRush/docs/phase2-ingestion/data/treasury/raw/treasury-20260824T034935Z-page016.json,docs/phase2-ingestion/data/treasury/manifests/treasury-20260824T034935Z.manifest.json,16,cf284fd2186cebbd098b2823e2195f5af04c4bc8c7e75507d7dd4e8bf063fd5b,2026-08-24T03:49:35.808873+00:00,PASS,AVAILABLE,0.1.0
L4-009,2010-05-31,2579485.05720527,7958389.47839543,7913977.48524543,99.44194747856253,32.41214901843866,percent_of_marketable_treasury_debt,Positive dated marketable debt maturing after record date and within one calendar year / Total Marketable outstanding * 100,U.S. Treasury Fiscal Data — Monthly Statement of the Public Debt Table 3,https://api.fiscaldata.treasury.gov/services/api/fiscal_service/v1/debt/mspd/mspd_table_3_market,"{""fields"":""record_date,security_type_desc,security_class1_desc,maturity_date,outstanding_amt,src_line_nbr"",""filter"":""record_date:gte:1900-01-01"",""page[size]"":10000,""sort"":""record_date,src_line_nbr""}",/mnt/d/Projects/GoldRush/docs/phase2-ingestion/data/treasury/raw/treasury-20260824T034935Z-page001.json;/mnt/d/Projects/GoldRush/docs/phase2-ingestion/data/treasury/raw/treasury-20260824T034935Z-page002.json;/mnt/d/Projects/GoldRush/docs/phase2-ingestion/data/treasury/raw/treasury-20260824T034935Z-page003.json;/mnt/d/Projects/GoldRush/docs/phase2-ingestion/data/treasury/raw/treasury-20260824T034935Z-page004.json;/mnt/d/Projects/GoldRush/docs/phase2-ingestion/data/treasury/raw/treasury-20260824T034935Z-page005.json;/mnt/d/Projects/GoldRush/docs/phase2-ingestion/data/treasury/raw/treasury-20260824T034935Z-page006.json;/mnt/d/Projects/GoldRush/docs/phase2-ingestion/data/treasury/raw/treasury-20260824T034935Z-page007.json;/mnt/d/Projects/GoldRush/docs/phase2-ingestion/data/treasury/raw/treasury-20260824T034935Z-page008.json;/mnt/d/Projects/GoldRush/docs/phase2-ingestion/data/treasury/raw/treasury-20260824T034935Z-page009.json;/mnt/d/Projects/GoldRush/docs/phase2-ingestion/data/treasury/raw/treasury-20260824T034935Z-page010.json;/mnt/d/Projects/GoldRush/docs/phase2-ingestion/data/treasury/raw/treasury-20260824T034935Z-page011.json;/mnt/d/Projects/GoldRush/docs/phase2-ingestion/data/treasury/raw/treasury-20260824T034935Z-page012.json;/mnt/d/Projects/GoldRush/docs/phase2-ingestion/data/treasury/raw/treasury-20260824T034935Z-page013.json;/mnt/d/Projects/GoldRush/docs/phase2-ingestion/data/treasury/raw/treasury-20260824T034935Z-page014.json;/mnt/d/Projects/GoldRush/docs/phase2-ingestion/data/treasury/raw/treasury-20260824T034935Z-page015.json;/mnt/d/Projects/GoldRush/docs/phase2-ingestion/data/treasury/raw/treasury-20260824T034935Z-page016.json,docs/phase2-ingestion/data/treasury/manifests/treasury-20260824T034935Z.manifest.json,16,cf284fd2186cebbd098b2823e2195f5af04c4bc8c7e75507d7dd4e8bf063fd5b,2026-08-24T03:49:35.808873+00:00,PASS,AVAILABLE,0.1.0
L4-009,2010-06-30,2518014.87871393,8102408.21705157,8092086.26280157,99.87260634155315,31.07736380666123,percent_of_marketable_treasury_debt,Positive dated marketable debt maturing after record date and within one calendar year / Total Marketable outstanding * 100,U.S. Treasury Fiscal Data — Monthly Statement of the Public Debt Table 3,https://api.fiscaldata.treasury.gov/services/api/fiscal_service/v1/debt/mspd/mspd_table_3_market,"{""fields"":""record_date,security_type_desc,security_class1_desc,maturity_date,outstanding_amt,src_line_nbr"",""filter"":""record_date:gte:1900-01-01"",""page[size]"":10000,""sort"":""record_date,src_line_nbr""}",/mnt/d/Projects/GoldRush/docs/phase2-ingestion/data/treasury/raw/treasury-20260824T034935Z-page001.json;/mnt/d/Projects/GoldRush/docs/phase2-ingestion/data/treasury/raw/treasury-20260824T034935Z-page002.json;/mnt/d/Projects/GoldRush/docs/phase2-ingestion/data/treasury/raw/treasury-20260824T034935Z-page003.json;/mnt/d/Projects/GoldRush/docs/phase2-ingestion/data/treasury/raw/treasury-20260824T034935Z-page004.json;/mnt/d/Projects/GoldRush/docs/phase2-ingestion/data/treasury/raw/treasury-20260824T034935Z-page005.json;/mnt/d/Projects/GoldRush/docs/phase2-ingestion/data/treasury/raw/treasury-20260824T034935Z-page006.json;/mnt/d/Projects/GoldRush/docs/phase2-ingestion/data/treasury/raw/treasury-20260824T034935Z-page007.json;/mnt/d/Projects/GoldRush/docs/phase2-ingestion/data/treasury/raw/treasury-20260824T034935Z-page008.json;/mnt/d/Projects/GoldRush/docs/phase2-ingestion/data/treasury/raw/treasury-20260824T034935Z-page009.json;/mnt/d/Projects/GoldRush/docs/phase2-ingestion/data/treasury/raw/treasury-20260824T034935Z-page010.json;/mnt/d/Projects/GoldRush/docs/phase2-ingestion/data/treasury/raw/treasury-20260824T034935Z-page011.json;/mnt/d/Projects/GoldRush/docs/phase2-ingestion/data/treasury/raw/treasury-20260824T034935Z-page012.json;/mnt/d/Projects/GoldRush/docs/phase2-ingestion/data/treasury/raw/treasury-20260824T034935Z-page013.json;/mnt/d/Projects/GoldRush/docs/phase2-ingestion/data/treasury/raw/treasury-20260824T034935Z-page014.json;/mnt/d/Projects/GoldRush/docs/phase2-ingestion/data/treasury/raw/treasury-20260824T034935Z-page015.json;/mnt/d/Projects/GoldRush/docs/phase2-ingestion/data/treasury/raw/treasury-20260824T034935Z-page016.json,docs/phase2-ingestion/data/treasury/manifests/treasury-20260824T034935Z.manifest.json,16,cf284fd2186cebbd098b2823e2195f5af04c4bc8c7e75507d7dd4e8bf063fd5b,2026-08-24T03:49:35.808873+00:00,PASS,AVAILABLE,0.1.0
L4-009,2010-07-31,2538481.18652111,8178852.46613701,8134109.71388701,99.45294584496726,31.037131395036294,percent_of_marketable_treasury_debt,Positive dated marketable debt maturing after record date and within one calendar year / Total Marketable outstanding * 100,U.S. Treasury Fiscal Data — Monthly Statement of the Public Debt Table 3,https://api.fiscaldata.treasury.gov/services/api/fiscal_service/v1/debt/mspd/mspd_table_3_market,"{""fields"":""record_date,security_type_desc,security_class1_desc,maturity_date,outstanding_amt,src_line_nbr"",""filter"":""record_date:gte:1900-01-01"",""page[size]"":10000,""sort"":""record_date,src_line_nbr""}",/mnt/d/Projects/GoldRush/docs/phase2-ingestion/data/treasury/raw/treasury-20260824T034935Z-page001.json;/mnt/d/Projects/GoldRush/docs/phase2-ingestion/data/treasury/raw/treasury-20260824T034935Z-page002.json;/mnt/d/Projects/GoldRush/docs/phase2-ingestion/data/treasury/raw/treasury-20260824T034935Z-page003.json;/mnt/d/Projects/GoldRush/docs/phase2-ingestion/data/treasury/raw/treasury-20260824T034935Z-page004.json;/mnt/d/Projects/GoldRush/docs/phase2-ingestion/data/treasury/raw/treasury-20260824T034935Z-page005.json;/mnt/d/Projects/GoldRush/docs/phase2-ingestion/data/treasury/raw/treasury-20260824T034935Z-page006.json;/mnt/d/Projects/GoldRush/docs/phase2-ingestion/data/treasury/raw/treasury-20260824T034935Z-page007.json;/mnt/d/Projects/GoldRush/docs/phase2-ingestion/data/treasury/raw/treasury-20260824T034935Z-page008.json;/mnt/d/Projects/GoldRush/docs/phase2-ingestion/data/treasury/raw/treasury-20260824T034935Z-page009.json;/mnt/d/Projects/GoldRush/docs/phase2-ingestion/data/treasury/raw/treasury-20260824T034935Z-page010.json;/mnt/d/Projects/GoldRush/docs/phase2-ingestion/data/treasury/raw/treasury-20260824T034935Z-page011.json;/mnt/d/Projects/GoldRush/docs/phase2-ingestion/data/treasury/raw/treasury-20260824T034935Z-page012.json;/mnt/d/Projects/GoldRush/docs/phase2-ingestion/data/treasury/raw/treasury-20260824T034935Z-page013.json;/mnt/d/Projects/GoldRush/docs/phase2-ingestion/data/treasury/raw/treasury-20260824T034935Z-page014.json;/mnt/d/Projects/GoldRush/docs/phase2-ingestion/data/treasury/raw/treasury-20260824T034935Z-page015.json;/mnt/d/Projects/GoldRush/docs/phase2-ingestion/data/treasury/raw/treasury-20260824T034935Z-page016.json,docs/phase2-ingestion/data/treasury/manifests/treasury-20260824T034935Z.manifest.json,16,cf284fd2186cebbd098b2823e2195f5af04c4bc8c7e75507d7dd4e8bf063fd5b,2026-08-24T03:49:35.808873+00:00,PASS,AVAILABLE,0.1.0
L4-009,2010-08-31,2588807.49814909,8404463.67237928,8394142.32717928,99.87719210169328,30.802768612791276,percent_of_marketable_treasury_debt,Positive dated marketable debt maturing after record date and within one calendar year / Total Marketable outstanding * 100,U.S. Treasury Fiscal Data — Monthly Statement of the Public Debt Table 3,https://api.fiscaldata.treasury.gov/services/api/fiscal_service/v1/debt/mspd/mspd_table_3_market,"{""fields"":""record_date,security_type_desc,security_class1_desc,maturity_date,outstanding_amt,src_line_nbr"",""filter"":""record_date:gte:1900-01-01"",""page[size]"":10000,""sort"":""record_date,src_line_nbr""}",/mnt/d/Projects/GoldRush/docs/phase2-ingestion/data/treasury/raw/treasury-20260824T034935Z-page001.json;/mnt/d/Projects/GoldRush/docs/phase2-ingestion/data/treasury/raw/treasury-20260824T034935Z-page002.json;/mnt/d/Projects/GoldRush/docs/phase2-ingestion/data/treasury/raw/treasury-20260824T034935Z-page003.json;/mnt/d/Projects/GoldRush/docs/phase2-ingestion/data/treasury/raw/treasury-20260824T034935Z-page004.json;/mnt/d/Projects/GoldRush/docs/phase2-ingestion/data/treasury/raw/treasury-20260824T034935Z-page005.json;/mnt/d/Projects/GoldRush/docs/phase2-ingestion/data/treasury/raw/treasury-20260824T034935Z-page006.json;/mnt/d/Projects/GoldRush/docs/phase2-ingestion/data/treasury/raw/treasury-20260824T034935Z-page007.json;/mnt/d/Projects/GoldRush/docs/phase2-ingestion/data/treasury/raw/treasury-20260824T034935Z-page008.json;/mnt/d/Projects/GoldRush/docs/phase2-ingestion/data/treasury/raw/treasury-20260824T034935Z-page009.json;/mnt/d/Projects/GoldRush/docs/phase2-ingestion/data/treasury/raw/treasury-20260824T034935Z-page010.json;/mnt/d/Projects/GoldRush/docs/phase2-ingestion/data/treasury/raw/treasury-20260824T034935Z-page011.json;/mnt/d/Projects/GoldRush/docs/phase2-ingestion/data/treasury/raw/treasury-20260824T034935Z-page012.json;/mnt/d/Projects/GoldRush/docs/phase2-ingestion/data/treasury/raw/treasury-20260824T034935Z-page013.json;/mnt/d/Projects/GoldRush/docs/phase2-ingestion/data/treasury/raw/treasury-20260824T034935Z-page014.json;/mnt/d/Projects/GoldRush/docs/phase2-ingestion/data/treasury/raw/treasury-20260824T034935Z-page015.json;/mnt/d/Projects/GoldRush/docs/phase2-ingestion/data/treasury/raw/treasury-20260824T034935Z-page016.json,docs/phase2-ingestion/data/treasury/manifests/treasury-20260824T034935Z.manifest.json,16,cf284fd2186cebbd098b2823e2195f5af04c4bc8c7e75507d7dd4e8bf063fd5b,2026-08-24T03:49:35.808873+00:00,PASS,AVAILABLE,0.1.0
L4-009,2010-09-30,2562861.159223,8498324.93069517,8488004.14514517,99.87855506074236,30.15725075380656,percent_of_marketable_treasury_debt,Positive dated marketable debt maturing after record date and within one calendar year / Total Marketable outstanding * 100,U.S. Treasury Fiscal Data — Monthly Statement of the Public Debt Table 3,https://api.fiscaldata.treasury.gov/services/api/fiscal_service/v1/debt/mspd/mspd_table_3_market,"{""fields"":""record_date,security_type_desc,security_class1_desc,maturity_date,outstanding_amt,src_line_nbr"",""filter"":""record_date:gte:1900-01-01"",""page[size]"":10000,""sort"":""record_date,src_line_nbr""}",/mnt/d/Projects/GoldRush/docs/phase2-ingestion/data/treasury/raw/treasury-20260824T034935Z-page001.json;/mnt/d/Projects/GoldRush/docs/phase2-ingestion/data/treasury/raw/treasury-20260824T034935Z-page002.json;/mnt/d/Projects/GoldRush/docs/phase2-ingestion/data/treasury/raw/treasury-20260824T034935Z-page003.json;/mnt/d/Projects/GoldRush/docs/phase2-ingestion/data/treasury/raw/treasury-20260824T034935Z-page004.json;/mnt/d/Projects/GoldRush/docs/phase2-ingestion/data/treasury/raw/treasury-20260824T034935Z-page005.json;/mnt/d/Projects/GoldRush/docs/phase2-ingestion/data/treasury/raw/treasury-20260824T034935Z-page006.json;/mnt/d/Projects/GoldRush/docs/phase2-ingestion/data/treasury/raw/treasury-20260824T034935Z-page007.json;/mnt/d/Projects/GoldRush/docs/phase2-ingestion/data/treasury/raw/treasury-20260824T034935Z-page008.json;/mnt/d/Projects/GoldRush/docs/phase2-ingestion/data/treasury/raw/treasury-20260824T034935Z-page009.json;/mnt/d/Projects/GoldRush/docs/phase2-ingestion/data/treasury/raw/treasury-20260824T034935Z-page010.json;/mnt/d/Projects/GoldRush/docs/phase2-ingestion/data/treasury/raw/treasury-20260824T034935Z-page011.json;/mnt/d/Projects/GoldRush/docs/phase2-ingestion/data/treasury/raw/treasury-20260824T034935Z-page012.json;/mnt/d/Projects/GoldRush/docs/phase2-ingestion/data/treasury/raw/treasury-20260824T034935Z-page013.json;/mnt/d/Projects/GoldRush/docs/phase2-ingestion/data/treasury/raw/treasury-20260824T034935Z-page014.json;/mnt/d/Projects/GoldRush/docs/phase2-ingestion/data/treasury/raw/treasury-20260824T034935Z-page015.json;/mnt/d/Projects/GoldRush/docs/phase2-ingestion/data/treasury/raw/treasury-20260824T034935Z-page016.json,docs/phase2-ingestion/data/treasury/manifests/treasury-20260824T034935Z.manifest.json,16,cf284fd2186cebbd098b2823e2195f5af04c4bc8c7e75507d7dd4e8bf063fd5b,2026-08-24T03:49:35.808873+00:00,PASS,AVAILABLE,0.1.0
L4-009,2010-10-31,2555671.48172722,8542719.01724317,8496891.39299317,99.46354756421816,29.916370614188402,percent_of_marketable_treasury_debt,Positive dated marketable debt maturing after record date and within one calendar year / Total Marketable outstanding * 100,U.S. Treasury Fiscal Data — Monthly Statement of the Public Debt Table 3,https://api.fiscaldata.treasury.gov/services/api/fiscal_service/v1/debt/mspd/mspd_table_3_market,"{""fields"":""record_date,security_type_desc,security_class1_desc,maturity_date,outstanding_amt,src_line_nbr"",""filter"":""record_date:gte:1900-01-01"",""page[size]"":10000,""sort"":""record_date,src_line_nbr""}",/mnt/d/Projects/GoldRush/docs/phase2-ingestion/data/treasury/raw/treasury-20260824T034935Z-page001.json;/mnt/d/Projects/GoldRush/docs/phase2-ingestion/data/treasury/raw/treasury-20260824T034935Z-page002.json;/mnt/d/Projects/GoldRush/docs/phase2-ingestion/data/treasury/raw/treasury-20260824T034935Z-page003.json;/mnt/d/Projects/GoldRush/docs/phase2-ingestion/data/treasury/raw/treasury-20260824T034935Z-page004.json;/mnt/d/Projects/GoldRush/docs/phase2-ingestion/data/treasury/raw/treasury-20260824T034935Z-page005.json;/mnt/d/Projects/GoldRush/docs/phase2-ingestion/data/treasury/raw/treasury-20260824T034935Z-page006.json;/mnt/d/Projects/GoldRush/docs/phase2-ingestion/data/treasury/raw/treasury-20260824T034935Z-page007.json;/mnt/d/Projects/GoldRush/docs/phase2-ingestion/data/treasury/raw/treasury-20260824T034935Z-page008.json;/mnt/d/Projects/GoldRush/docs/phase2-ingestion/data/treasury/raw/treasury-20260824T034935Z-page009.json;/mnt/d/Projects/GoldRush/docs/phase2-ingestion/data/treasury/raw/treasury-20260824T034935Z-page010.json;/mnt/d/Projects/GoldRush/docs/phase2-ingestion/data/treasury/raw/treasury-20260824T034935Z-page011.json;/mnt/d/Projects/GoldRush/docs/phase2-ingestion/data/treasury/raw/treasury-20260824T034935Z-page012.json;/mnt/d/Projects/GoldRush/docs/phase2-ingestion/data/treasury/raw/treasury-20260824T034935Z-page013.json;/mnt/d/Projects/GoldRush/docs/phase2-ingestion/data/treasury/raw/treasury-20260824T034935Z-page014.json;/mnt/d/Projects/GoldRush/docs/phase2-ingestion/data/treasury/raw/treasury-20260824T034935Z-page015.json;/mnt/d/Projects/GoldRush/docs/phase2-ingestion/data/treasury/raw/treasury-20260824T034935Z-page016.json,docs/phase2-ingestion/data/treasury/manifests/treasury-20260824T034935Z.manifest.json,16,cf284fd2186cebbd098b2823e2195f5af04c4bc8c7e75507d7dd4e8bf063fd5b,2026-08-24T03:49:35.808873+00:00,PASS,AVAILABLE,0.1.0
L4-009,2010-11-30,2600011.8098643,8748286.37505589,8737966.11105589,99.8820310223334,29.720241180921438,percent_of_marketable_treasury_debt,Positive dated marketable debt maturing after record date and within one calendar year / Total Marketable outstanding * 100,U.S. Treasury Fiscal Data — Monthly Statement of the Public Debt Table 3,https://api.fiscaldata.treasury.gov/services/api/fiscal_service/v1/debt/mspd/mspd_table_3_market,"{""fields"":""record_date,security_type_desc,security_class1_desc,maturity_date,outstanding_amt,src_line_nbr"",""filter"":""record_date:gte:1900-01-01"",""page[size]"":10000,""sort"":""record_date,src_line_nbr""}",/mnt/d/Projects/GoldRush/docs/phase2-ingestion/data/treasury/raw/treasury-20260824T034935Z-page001.json;/mnt/d/Projects/GoldRush/docs/phase2-ingestion/data/treasury/raw/treasury-20260824T034935Z-page002.json;/mnt/d/Projects/GoldRush/docs/phase2-ingestion/data/treasury/raw/treasury-20260824T034935Z-page003.json;/mnt/d/Projects/GoldRush/docs/phase2-ingestion/data/treasury/raw/treasury-20260824T034935Z-page004.json;/mnt/d/Projects/GoldRush/docs/phase2-ingestion/data/treasury/raw/treasury-20260824T034935Z-page005.json;/mnt/d/Projects/GoldRush/docs/phase2-ingestion/data/treasury/raw/treasury-20260824T034935Z-page006.json;/mnt/d/Projects/GoldRush/docs/phase2-ingestion/data/treasury/raw/treasury-20260824T034935Z-page007.json;/mnt/d/Projects/GoldRush/docs/phase2-ingestion/data/treasury/raw/treasury-20260824T034935Z-page008.json;/mnt/d/Projects/GoldRush/docs/phase2-ingestion/data/treasury/raw/treasury-20260824T034935Z-page009.json;/mnt/d/Projects/GoldRush/docs/phase2-ingestion/data/treasury/raw/treasury-20260824T034935Z-page010.json;/mnt/d/Projects/GoldRush/docs/phase2-ingestion/data/treasury/raw/treasury-20260824T034935Z-page011.json;/mnt/d/Projects/GoldRush/docs/phase2-ingestion/data/treasury/raw/treasury-20260824T034935Z-page012.json;/mnt/d/Projects/GoldRush/docs/phase2-ingestion/data/treasury/raw/treasury-20260824T034935Z-page013.json;/mnt/d/Projects/GoldRush/docs/phase2-ingestion/data/treasury/raw/treasury-20260824T034935Z-page014.json;/mnt/d/Projects/GoldRush/docs/phase2-ingestion/data/treasury/raw/treasury-20260824T034935Z-page015.json;/mnt/d/Projects/GoldRush/docs/phase2-ingestion/data/treasury/raw/treasury-20260824T034935Z-page016.json,docs/phase2-ingestion/data/treasury/manifests/treasury-20260824T034935Z.manifest.json,16,cf284fd2186cebbd098b2823e2195f5af04c4bc8c7e75507d7dd4e8bf063fd5b,2026-08-24T03:49:35.808873+00:00,PASS,AVAILABLE,0.1.0
L4-009,2010-12-31,2633631.11019713,8863260.59706599,8852940.64706598,99.88356485869967,29.714020944718047,percent_of_marketable_treasury_debt,Positive dated marketable debt maturing after record date and within one calendar year / Total Marketable outstanding * 100,U.S. Treasury Fiscal Data — Monthly Statement of the Public Debt Table 3,https://api.fiscaldata.treasury.gov/services/api/fiscal_service/v1/debt/mspd/mspd_table_3_market,"{""fields"":""record_date,security_type_desc,security_class1_desc,maturity_date,outstanding_amt,src_line_nbr"",""filter"":""record_date:gte:1900-01-01"",""page[size]"":10000,""sort"":""record_date,src_line_nbr""}",/mnt/d/Projects/GoldRush/docs/phase2-ingestion/data/treasury/raw/treasury-20260824T034935Z-page001.json;/mnt/d/Projects/GoldRush/docs/phase2-ingestion/data/treasury/raw/treasury-20260824T034935Z-page002.json;/mnt/d/Projects/GoldRush/docs/phase2-ingestion/data/treasury/raw/treasury-20260824T034935Z-page003.json;/mnt/d/Projects/GoldRush/docs/phase2-ingestion/data/treasury/raw/treasury-20260824T034935Z-page004.json;/mnt/d/Projects/GoldRush/docs/phase2-ingestion/data/treasury/raw/treasury-20260824T034935Z-page005.json;/mnt/d/Projects/GoldRush/docs/phase2-ingestion/data/treasury/raw/treasury-20260824T034935Z-page006.json;/mnt/d/Projects/GoldRush/docs/phase2-ingestion/data/treasury/raw/treasury-20260824T034935Z-page007.json;/mnt/d/Projects/GoldRush/docs/phase2-ingestion/data/treasury/raw/treasury-20260824T034935Z-page008.json;/mnt/d/Projects/GoldRush/docs/phase2-ingestion/data/treasury/raw/treasury-20260824T034935Z-page009.json;/mnt/d/Projects/GoldRush/docs/phase2-ingestion/data/treasury/raw/treasury-20260824T034935Z-page010.json;/mnt/d/Projects/GoldRush/docs/phase2-ingestion/data/treasury/raw/treasury-20260824T034935Z-page011.json;/mnt/d/Projects/GoldRush/docs/phase2-ingestion/data/treasury/raw/treasury-20260824T034935Z-page012.json;/mnt/d/Projects/GoldRush/docs/phase2-ingestion/data/treasury/raw/treasury-20260824T034935Z-page013.json;/mnt/d/Projects/GoldRush/docs/phase2-ingestion/data/treasury/raw/treasury-20260824T034935Z-page014.json;/mnt/d/Projects/GoldRush/docs/phase2-ingestion/data/treasury/raw/treasury-20260824T034935Z-page015.json;/mnt/d/Projects/GoldRush/docs/phase2-ingestion/data/treasury/raw/treasury-20260824T034935Z-page016.json,docs/phase2-ingestion/data/treasury/manifests/treasury-20260824T034935Z.manifest.json,16,cf284fd2186cebbd098b2823e2195f5af04c4bc8c7e75507d7dd4e8bf063fd5b,2026-08-24T03:49:35.808873+00:00,PASS,AVAILABLE,0.1.0
L4-009,2011-01-31,2652662.74687719,8964705.00292119,8954385.12992119,99.88488329513757,29.590072913863956,percent_of_marketable_treasury_debt,Positive dated marketable debt maturing after record date and within one calendar year / Total Marketable outstanding * 100,U.S. Treasury Fiscal Data — Monthly Statement of the Public Debt Table 3,https://api.fiscaldata.treasury.gov/services/api/fiscal_service/v1/debt/mspd/mspd_table_3_market,"{""fields"":""record_date,security_type_desc,security_class1_desc,maturity_date,outstanding_amt,src_line_nbr"",""filter"":""record_date:gte:1900-01-01"",""page[size]"":10000,""sort"":""record_date,src_line_nbr""}",/mnt/d/Projects/GoldRush/docs/phase2-ingestion/data/treasury/raw/treasury-20260824T034935Z-page001.json;/mnt/d/Projects/GoldRush/docs/phase2-ingestion/data/treasury/raw/treasury-20260824T034935Z-page002.json;/mnt/d/Projects/GoldRush/docs/phase2-ingestion/data/treasury/raw/treasury-20260824T034935Z-page003.json;/mnt/d/Projects/GoldRush/docs/phase2-ingestion/data/treasury/raw/treasury-20260824T034935Z-page004.json;/mnt/d/Projects/GoldRush/docs/phase2-ingestion/data/treasury/raw/treasury-20260824T034935Z-page005.json;/mnt/d/Projects/GoldRush/docs/phase2-ingestion/data/treasury/raw/treasury-20260824T034935Z-page006.json;/mnt/d/Projects/GoldRush/docs/phase2-ingestion/data/treasury/raw/treasury-20260824T034935Z-page007.json;/mnt/d/Projects/GoldRush/docs/phase2-ingestion/data/treasury/raw/treasury-20260824T034935Z-page008.json;/mnt/d/Projects/GoldRush/docs/phase2-ingestion/data/treasury/raw/treasury-20260824T034935Z-page009.json;/mnt/d/Projects/GoldRush/docs/phase2-ingestion/data/treasury/raw/treasury-20260824T034935Z-page010.json;/mnt/d/Projects/GoldRush/docs/phase2-ingestion/data/treasury/raw/treasury-20260824T034935Z-page011.json;/mnt/d/Projects/GoldRush/docs/phase2-ingestion/data/treasury/raw/treasury-20260824T034935Z-page012.json;/mnt/d/Projects/GoldRush/docs/phase2-ingestion/data/treasury/raw/treasury-20260824T034935Z-page013.json;/mnt/d/Projects/GoldRush/docs/phase2-ingestion/data/treasury/raw/treasury-20260824T034935Z-page014.json;/mnt/d/Projects/GoldRush/docs/phase2-ingestion/data/treasury/raw/treasury-20260824T034935Z-page015.json;/mnt/d/Projects/GoldRush/docs/phase2-ingestion/data/treasury/raw/treasury-20260824T034935Z-page016.json,docs/phase2-ingestion/data/treasury/manifests/treasury-20260824T034935Z.manifest.json,16,cf284fd2186cebbd098b2823e2195f5af04c4bc8c7e75507d7dd4e8bf063fd5b,2026-08-24T03:49:35.808873+00:00,PASS,AVAILABLE,0.1.0
L4-009,2011-02-28,2635016.22560377,9048214.73056958,9066900.27416958,100.20651083287038,29.121946196759826,percent_of_marketable_treasury_debt,Positive dated marketable debt maturing after record date and within one calendar year / Total Marketable outstanding * 100,U.S. Treasury Fiscal Data — Monthly Statement of the Public Debt Table 3,https://api.fiscaldata.treasury.gov/services/api/fiscal_service/v1/debt/mspd/mspd_table_3_market,"{""fields"":""record_date,security_type_desc,security_class1_desc,maturity_date,outstanding_amt,src_line_nbr"",""filter"":""record_date:gte:1900-01-01"",""page[size]"":10000,""sort"":""record_date,src_line_nbr""}",/mnt/d/Projects/GoldRush/docs/phase2-ingestion/data/treasury/raw/treasury-20260824T034935Z-page001.json;/mnt/d/Projects/GoldRush/docs/phase2-ingestion/data/treasury/raw/treasury-20260824T034935Z-page002.json;/mnt/d/Projects/GoldRush/docs/phase2-ingestion/data/treasury/raw/treasury-20260824T034935Z-page003.json;/mnt/d/Projects/GoldRush/docs/phase2-ingestion/data/treasury/raw/treasury-20260824T034935Z-page004.json;/mnt/d/Projects/GoldRush/docs/phase2-ingestion/data/treasury/raw/treasury-20260824T034935Z-page005.json;/mnt/d/Projects/GoldRush/docs/phase2-ingestion/data/treasury/raw/treasury-20260824T034935Z-page006.json;/mnt/d/Projects/GoldRush/docs/phase2-ingestion/data/treasury/raw/treasury-20260824T034935Z-page007.json;/mnt/d/Projects/GoldRush/docs/phase2-ingestion/data/treasury/raw/treasury-20260824T034935Z-page008.json;/mnt/d/Projects/GoldRush/docs/phase2-ingestion/data/treasury/raw/treasury-20260824T034935Z-page009.json;/mnt/d/Projects/GoldRush/docs/phase2-ingestion/data/treasury/raw/treasury-20260824T034935Z-page010.json;/mnt/d/Projects/GoldRush/docs/phase2-ingestion/data/treasury/raw/treasury-20260824T034935Z-page011.json;/mnt/d/Projects/GoldRush/docs/phase2-ingestion/data/treasury/raw/treasury-20260824T034935Z-page012.json;/mnt/d/Projects/GoldRush/docs/phase2-ingestion/data/treasury/raw/treasury-20260824T034935Z-page013.json;/mnt/d/Projects/GoldRush/docs/phase2-ingestion/data/treasury/raw/treasury-20260824T034935Z-page014.json;/mnt/d/Projects/GoldRush/docs/phase2-ingestion/data/treasury/raw/treasury-20260824T034935Z-page015.json;/mnt/d/Projects/GoldRush/docs/phase2-ingestion/data/treasury/raw/treasury-20260824T034935Z-page016.json,docs/phase2-ingestion/data/treasury/manifests/treasury-20260824T034935Z.manifest.json,16,cf284fd2186cebbd098b2823e2195f5af04c4bc8c7e75507d7dd4e8bf063fd5b,2026-08-24T03:49:35.808873+00:00,PASS,AVAILABLE,0.1.0
L4-009,2011-03-31,2664906.27602525,9132740.04485703,9122420.69985703,99.88700713094521,29.179701414209784,percent_of_marketable_treasury_debt,Positive dated marketable debt maturing after record date and within one calendar year / Total Marketable outstanding * 100,U.S. Treasury Fiscal Data — Monthly Statement of the Public Debt Table 3,https://api.fiscaldata.treasury.gov/services/api/fiscal_service/v1/debt/mspd/mspd_table_3_market,"{""fields"":""record_date,security_type_desc,security_class1_desc,maturity_date,outstanding_amt,src_line_nbr"",""filter"":""record_date:gte:1900-01-01"",""page[size]"":10000,""sort"":""record_date,src_line_nbr""}",/mnt/d/Projects/GoldRush/docs/phase2-ingestion/data/treasury/raw/treasury-20260824T034935Z-page001.json;/mnt/d/Projects/GoldRush/docs/phase2-ingestion/data/treasury/raw/treasury-20260824T034935Z-page002.json;/mnt/d/Projects/GoldRush/docs/phase2-ingestion/data/treasury/raw/treasury-20260824T034935Z-page003.json;/mnt/d/Projects/GoldRush/docs/phase2-ingestion/data/treasury/raw/treasury-20260824T034935Z-page004.json;/mnt/d/Projects/GoldRush/docs/phase2-ingestion/data/treasury/raw/treasury-20260824T034935Z-page005.json;/mnt/d/Projects/GoldRush/docs/phase2-ingestion/data/treasury/raw/treasury-20260824T034935Z-page006.json;/mnt/d/Projects/GoldRush/docs/phase2-ingestion/data/treasury/raw/treasury-20260824T034935Z-page007.json;/mnt/d/Projects/GoldRush/docs/phase2-ingestion/data/treasury/raw/treasury-20260824T034935Z-page008.json;/mnt/d/Projects/GoldRush/docs/phase2-ingestion/data/treasury/raw/treasury-20260824T034935Z-page009.json;/mnt/d/Projects/GoldRush/docs/phase2-ingestion/data/treasury/raw/treasury-20260824T034935Z-page010.json;/mnt/d/Projects/GoldRush/docs/phase2-ingestion/data/treasury/raw/treasury-20260824T034935Z-page011.json;/mnt/d/Projects/GoldRush/docs/phase2-ingestion/data/treasury/raw/treasury-20260824T034935Z-page012.json;/mnt/d/Projects/GoldRush/docs/phase2-ingestion/data/treasury/raw/treasury-20260824T034935Z-page013.json;/mnt/d/Projects/GoldRush/docs/phase2-ingestion/data/treasury/raw/treasury-20260824T034935Z-page014.json;/mnt/d/Projects/GoldRush/docs/phase2-ingestion/data/treasury/raw/treasury-20260824T034935Z-page015.json;/mnt/d/Projects/GoldRush/docs/phase2-ingestion/data/treasury/raw/treasury-20260824T034935Z-page016.json,docs/phase2-ingestion/data/treasury/manifests/treasury-20260824T034935Z.manifest.json,16,cf284fd2186cebbd098b2823e2195f5af04c4bc8c7e75507d7dd4e8bf063fd5b,2026-08-24T03:49:35.808873+00:00,PASS,AVAILABLE,0.1.0
L4-009,2011-04-30,2611445.90088457,9136570.18327495,9039360.95587495,98.93604245958787,28.582343795322465,percent_of_marketable_treasury_debt,Positive dated marketable debt maturing after record date and within one calendar year / Total Marketable outstanding * 100,U.S. Treasury Fiscal Data — Monthly Statement of the Public Debt Table 3,https://api.fiscaldata.treasury.gov/services/api/fiscal_service/v1/debt/mspd/mspd_table_3_market,"{""fields"":""record_date,security_type_desc,security_class1_desc,maturity_date,outstanding_amt,src_line_nbr"",""filter"":""record_date:gte:1900-01-01"",""page[size]"":10000,""sort"":""record_date,src_line_nbr""}",/mnt/d/Projects/GoldRush/docs/phase2-ingestion/data/treasury/raw/treasury-20260824T034935Z-page001.json;/mnt/d/Projects/GoldRush/docs/phase2-ingestion/data/treasury/raw/treasury-20260824T034935Z-page002.json;/mnt/d/Projects/GoldRush/docs/phase2-ingestion/data/treasury/raw/treasury-20260824T034935Z-page003.json;/mnt/d/Projects/GoldRush/docs/phase2-ingestion/data/treasury/raw/treasury-20260824T034935Z-page004.json;/mnt/d/Projects/GoldRush/docs/phase2-ingestion/data/treasury/raw/treasury-20260824T034935Z-page005.json;/mnt/d/Projects/GoldRush/docs/phase2-ingestion/data/treasury/raw/treasury-20260824T034935Z-page006.json;/mnt/d/Projects/GoldRush/docs/phase2-ingestion/data/treasury/raw/treasury-20260824T034935Z-page007.json;/mnt/d/Projects/GoldRush/docs/phase2-ingestion/data/treasury/raw/treasury-20260824T034935Z-page008.json;/mnt/d/Projects/GoldRush/docs/phase2-ingestion/data/treasury/raw/treasury-20260824T034935Z-page009.json;/mnt/d/Projects/GoldRush/docs/phase2-ingestion/data/treasury/raw/treasury-20260824T034935Z-page010.json;/mnt/d/Projects/GoldRush/docs/phase2-ingestion/data/treasury/raw/treasury-20260824T034935Z-page011.json;/mnt/d/Projects/GoldRush/docs/phase2-ingestion/data/treasury/raw/treasury-20260824T034935Z-page012.json;/mnt/d/Projects/GoldRush/docs/phase2-ingestion/data/treasury/raw/treasury-20260824T034935Z-page013.json;/mnt/d/Projects/GoldRush/docs/phase2-ingestion/data/treasury/raw/treasury-20260824T034935Z-page014.json;/mnt/d/Projects/GoldRush/docs/phase2-ingestion/data/treasury/raw/treasury-20260824T034935Z-page015.json;/mnt/d/Projects/GoldRush/docs/phase2-ingestion/data/treasury/raw/treasury-20260824T034935Z-page016.json,docs/phase2-ingestion/data/treasury/manifests/treasury-20260824T034935Z.manifest.json,16,cf284fd2186cebbd098b2823e2195f5af04c4bc8c7e75507d7dd4e8bf063fd5b,2026-08-24T03:49:35.808873+00:00,PASS,AVAILABLE,0.1.0
L4-009,2011-05-31,2621631.25923048,9262230.84279427,9251911.87329426,99.8885908840413,28.30453379673676,percent_of_marketable_treasury_debt,Positive dated marketable debt maturing after record date and within one calendar year / Total Marketable outstanding * 100,U.S. Treasury Fiscal Data — Monthly Statement of the Public Debt Table 3,https://api.fiscaldata.treasury.gov/services/api/fiscal_service/v1/debt/mspd/mspd_table_3_market,"{""fields"":""record_date,security_type_desc,security_class1_desc,maturity_date,outstanding_amt,src_line_nbr"",""filter"":""record_date:gte:1900-01-01"",""page[size]"":10000,""sort"":""record_date,src_line_nbr""}",/mnt/d/Projects/GoldRush/docs/phase2-ingestion/data/treasury/raw/treasury-20260824T034935Z-page001.json;/mnt/d/Projects/GoldRush/docs/phase2-ingestion/data/treasury/raw/treasury-20260824T034935Z-page002.json;/mnt/d/Projects/GoldRush/docs/phase2-ingestion/data/treasury/raw/treasury-20260824T034935Z-page003.json;/mnt/d/Projects/GoldRush/docs/phase2-ingestion/data/treasury/raw/treasury-20260824T034935Z-page004.json;/mnt/d/Projects/GoldRush/docs/phase2-ingestion/data/treasury/raw/treasury-20260824T034935Z-page005.json;/mnt/d/Projects/GoldRush/docs/phase2-ingestion/data/treasury/raw/treasury-20260824T034935Z-page006.json;/mnt/d/Projects/GoldRush/docs/phase2-ingestion/data/treasury/raw/treasury-20260824T034935Z-page007.json;/mnt/d/Projects/GoldRush/docs/phase2-ingestion/data/treasury/raw/treasury-20260824T034935Z-page008.json;/mnt/d/Projects/GoldRush/docs/phase2-ingestion/data/treasury/raw/treasury-20260824T034935Z-page009.json;/mnt/d/Projects/GoldRush/docs/phase2-ingestion/data/treasury/raw/treasury-20260824T034935Z-page010.json;/mnt/d/Projects/GoldRush/docs/phase2-ingestion/data/treasury/raw/treasury-20260824T034935Z-page011.json;/mnt/d/Projects/GoldRush/docs/phase2-ingestion/data/treasury/raw/treasury-20260824T034935Z-page012.json;/mnt/d/Projects/GoldRush/docs/phase2-ingestion/data/treasury/raw/treasury-20260824T034935Z-page013.json;/mnt/d/Projects/GoldRush/docs/phase2-ingestion/data/treasury/raw/treasury-20260824T034935Z-page014.json;/mnt/d/Projects/GoldRush/docs/phase2-ingestion/data/treasury/raw/treasury-20260824T034935Z-page015.json;/mnt/d/Projects/GoldRush/docs/phase2-ingestion/data/treasury/raw/treasury-20260824T034935Z-page016.json,docs/phase2-ingestion/data/treasury/manifests/treasury-20260824T034935Z.manifest.json,16,cf284fd2186cebbd098b2823e2195f5af04c4bc8c7e75507d7dd4e8bf063fd5b,2026-08-24T03:49:35.808873+00:00,PASS,AVAILABLE,0.1.0
L4-009,2011-06-30,2608597.29473025,9334648.35611844,9326127.04661843,99.90871311724962,27.945319365141724,percent_of_marketable_treasury_debt,Positive dated marketable debt maturing after record date and within one calendar year / Total Marketable outstanding * 100,U.S. Treasury Fiscal Data — Monthly Statement of the Public Debt Table 3,https://api.fiscaldata.treasury.gov/services/api/fiscal_service/v1/debt/mspd/mspd_table_3_market,"{""fields"":""record_date,security_type_desc,security_class1_desc,maturity_date,outstanding_amt,src_line_nbr"",""filter"":""record_date:gte:1900-01-01"",""page[size]"":10000,""sort"":""record_date,src_line_nbr""}",/mnt/d/Projects/GoldRush/docs/phase2-ingestion/data/treasury/raw/treasury-20260824T034935Z-page001.json;/mnt/d/Projects/GoldRush/docs/phase2-ingestion/data/treasury/raw/treasury-20260824T034935Z-page002.json;/mnt/d/Projects/GoldRush/docs/phase2-ingestion/data/treasury/raw/treasury-20260824T034935Z-page003.json;/mnt/d/Projects/GoldRush/docs/phase2-ingestion/data/treasury/raw/treasury-20260824T034935Z-page004.json;/mnt/d/Projects/GoldRush/docs/phase2-ingestion/data/treasury/raw/treasury-20260824T034935Z-page005.json;/mnt/d/Projects/GoldRush/docs/phase2-ingestion/data/treasury/raw/treasury-20260824T034935Z-page006.json;/mnt/d/Projects/GoldRush/docs/phase2-ingestion/data/treasury/raw/treasury-20260824T034935Z-page007.json;/mnt/d/Projects/GoldRush/docs/phase2-ingestion/data/treasury/raw/treasury-20260824T034935Z-page008.json;/mnt/d/Projects/GoldRush/docs/phase2-ingestion/data/treasury/raw/treasury-20260824T034935Z-page009.json;/mnt/d/Projects/GoldRush/docs/phase2-ingestion/data/treasury/raw/treasury-20260824T034935Z-page010.json;/mnt/d/Projects/GoldRush/docs/phase2-ingestion/data/treasury/raw/treasury-20260824T034935Z-page011.json;/mnt/d/Projects/GoldRush/docs/phase2-ingestion/data/treasury/raw/treasury-20260824T034935Z-page012.json;/mnt/d/Projects/GoldRush/docs/phase2-ingestion/data/treasury/raw/treasury-20260824T034935Z-page013.json;/mnt/d/Projects/GoldRush/docs/phase2-ingestion/data/treasury/raw/treasury-20260824T034935Z-page014.json;/mnt/d/Projects/GoldRush/docs/phase2-ingestion/data/treasury/raw/treasury-20260824T034935Z-page015.json;/mnt/d/Projects/GoldRush/docs/phase2-ingestion/data/treasury/raw/treasury-20260824T034935Z-page016.json,docs/phase2-ingestion/data/treasury/manifests/treasury-20260824T034935Z.manifest.json,16,cf284fd2186cebbd098b2823e2195f5af04c4bc8c7e75507d7dd4e8bf063fd5b,2026-08-24T03:49:35.808873+00:00,PASS,AVAILABLE,0.1.0
L4-009,2011-07-31,2629394.80899278,9377630.39816502,9309227.04841502,99.27056893004244,28.039010894557013,percent_of_marketable_treasury_debt,Positive dated marketable debt maturing after record date and within one calendar year / Total Marketable outstanding * 100,U.S. Treasury Fiscal Data — Monthly Statement of the Public Debt Table 3,https://api.fiscaldata.treasury.gov/services/api/fiscal_service/v1/debt/mspd/mspd_table_3_market,"{""fields"":""record_date,security_type_desc,security_class1_desc,maturity_date,outstanding_amt,src_line_nbr"",""filter"":""record_date:gte:1900-01-01"",""page[size]"":10000,""sort"":""record_date,src_line_nbr""}",/mnt/d/Projects/GoldRush/docs/phase2-ingestion/data/treasury/raw/treasury-20260824T034935Z-page001.json;/mnt/d/Projects/GoldRush/docs/phase2-ingestion/data/treasury/raw/treasury-20260824T034935Z-page002.json;/mnt/d/Projects/GoldRush/docs/phase2-ingestion/data/treasury/raw/treasury-20260824T034935Z-page003.json;/mnt/d/Projects/GoldRush/docs/phase2-ingestion/data/treasury/raw/treasury-20260824T034935Z-page004.json;/mnt/d/Projects/GoldRush/docs/phase2-ingestion/data/treasury/raw/treasury-20260824T034935Z-page005.json;/mnt/d/Projects/GoldRush/docs/phase2-ingestion/data/treasury/raw/treasury-20260824T034935Z-page006.json;/mnt/d/Projects/GoldRush/docs/phase2-ingestion/data/treasury/raw/treasury-20260824T034935Z-page007.json;/mnt/d/Projects/GoldRush/docs/phase2-ingestion/data/treasury/raw/treasury-20260824T034935Z-page008.json;/mnt/d/Projects/GoldRush/docs/phase2-ingestion/data/treasury/raw/treasury-20260824T034935Z-page009.json;/mnt/d/Projects/GoldRush/docs/phase2-ingestion/data/treasury/raw/treasury-20260824T034935Z-page010.json;/mnt/d/Projects/GoldRush/docs/phase2-ingestion/data/treasury/raw/treasury-20260824T034935Z-page011.json;/mnt/d/Projects/GoldRush/docs/phase2-ingestion/data/treasury/raw/treasury-20260824T034935Z-page012.json;/mnt/d/Projects/GoldRush/docs/phase2-ingestion/data/treasury/raw/treasury-20260824T034935Z-page013.json;/mnt/d/Projects/GoldRush/docs/phase2-ingestion/data/treasury/raw/treasury-20260824T034935Z-page014.json;/mnt/d/Projects/GoldRush/docs/phase2-ingestion/data/treasury/raw/treasury-20260824T034935Z-page015.json;/mnt/d/Projects/GoldRush/docs/phase2-ingestion/data/treasury/raw/treasury-20260824T034935Z-page016.json,docs/phase2-ingestion/data/treasury/manifests/treasury-20260824T034935Z.manifest.json,16,cf284fd2186cebbd098b2823e2195f5af04c4bc8c7e75507d7dd4e8bf063fd5b,2026-08-24T03:49:35.808873+00:00,PASS,AVAILABLE,0.1.0
L4-009,2011-08-31,2659337.93399983,9521805.41480966,9513284.47105965,99.9105112593799,27.928925431133585,percent_of_marketable_treasury_debt,Positive dated marketable debt maturing after record date and within one calendar year / Total Marketable outstanding * 100,U.S. Treasury Fiscal Data — Monthly Statement of the Public Debt Table 3,https://api.fiscaldata.treasury.gov/services/api/fiscal_service/v1/debt/mspd/mspd_table_3_market,"{""fields"":""record_date,security_type_desc,security_class1_desc,maturity_date,outstanding_amt,src_line_nbr"",""filter"":""record_date:gte:1900-01-01"",""page[size]"":10000,""sort"":""record_date,src_line_nbr""}",/mnt/d/Projects/GoldRush/docs/phase2-ingestion/data/treasury/raw/treasury-20260824T034935Z-page001.json;/mnt/d/Projects/GoldRush/docs/phase2-ingestion/data/treasury/raw/treasury-20260824T034935Z-page002.json;/mnt/d/Projects/GoldRush/docs/phase2-ingestion/data/treasury/raw/treasury-20260824T034935Z-page003.json;/mnt/d/Projects/GoldRush/docs/phase2-ingestion/data/treasury/raw/treasury-20260824T034935Z-page004.json;/mnt/d/Projects/GoldRush/docs/phase2-ingestion/data/treasury/raw/treasury-20260824T034935Z-page005.json;/mnt/d/Projects/GoldRush/docs/phase2-ingestion/data/treasury/raw/treasury-20260824T034935Z-page006.json;/mnt/d/Projects/GoldRush/docs/phase2-ingestion/data/treasury/raw/treasury-20260824T034935Z-page007.json;/mnt/d/Projects/GoldRush/docs/phase2-ingestion/data/treasury/raw/treasury-20260824T034935Z-page008.json;/mnt/d/Projects/GoldRush/docs/phase2-ingestion/data/treasury/raw/treasury-20260824T034935Z-page009.json;/mnt/d/Projects/GoldRush/docs/phase2-ingestion/data/treasury/raw/treasury-20260824T034935Z-page010.json;/mnt/d/Projects/GoldRush/docs/phase2-ingestion/data/treasury/raw/treasury-20260824T034935Z-page011.json;/mnt/d/Projects/GoldRush/docs/phase2-ingestion/data/treasury/raw/treasury-20260824T034935Z-page012.json;/mnt/d/Projects/GoldRush/docs/phase2-ingestion/data/treasury/raw/treasury-20260824T034935Z-page013.json;/mnt/d/Projects/GoldRush/docs/phase2-ingestion/data/treasury/raw/treasury-20260824T034935Z-page014.json;/mnt/d/Projects/GoldRush/docs/phase2-ingestion/data/treasury/raw/treasury-20260824T034935Z-page015.json;/mnt/d/Projects/GoldRush/docs/phase2-ingestion/data/treasury/raw/treasury-20260824T034935Z-page016.json,docs/phase2-ingestion/data/treasury/manifests/treasury-20260824T034935Z.manifest.json,16,cf284fd2186cebbd098b2823e2195f5af04c4bc8c7e75507d7dd4e8bf063fd5b,2026-08-24T03:49:35.808873+00:00,PASS,AVAILABLE,0.1.0
L4-009,2011-09-30,2673202.1882887,9624545.67640969,9616024.93565968,99.91146864447956,27.77484026950873,percent_of_marketable_treasury_debt,Positive dated marketable debt maturing after record date and within one calendar year / Total Marketable outstanding * 100,U.S. Treasury Fiscal Data — Monthly Statement of the Public Debt Table 3,https://api.fiscaldata.treasury.gov/services/api/fiscal_service/v1/debt/mspd/mspd_table_3_market,"{""fields"":""record_date,security_type_desc,security_class1_desc,maturity_date,outstanding_amt,src_line_nbr"",""filter"":""record_date:gte:1900-01-01"",""page[size]"":10000,""sort"":""record_date,src_line_nbr""}",/mnt/d/Projects/GoldRush/docs/phase2-ingestion/data/treasury/raw/treasury-20260824T034935Z-page001.json;/mnt/d/Projects/GoldRush/docs/phase2-ingestion/data/treasury/raw/treasury-20260824T034935Z-page002.json;/mnt/d/Projects/GoldRush/docs/phase2-ingestion/data/treasury/raw/treasury-20260824T034935Z-page003.json;/mnt/d/Projects/GoldRush/docs/phase2-ingestion/data/treasury/raw/treasury-20260824T034935Z-page004.json;/mnt/d/Projects/GoldRush/docs/phase2-ingestion/data/treasury/raw/treasury-20260824T034935Z-page005.json;/mnt/d/Projects/GoldRush/docs/phase2-ingestion/data/treasury/raw/treasury-20260824T034935Z-page006.json;/mnt/d/Projects/GoldRush/docs/phase2-ingestion/data/treasury/raw/treasury-20260824T034935Z-page007.json;/mnt/d/Projects/GoldRush/docs/phase2-ingestion/data/treasury/raw/treasury-20260824T034935Z-page008.json;/mnt/d/Projects/GoldRush/docs/phase2-ingestion/data/treasury/raw/treasury-20260824T034935Z-page009.json;/mnt/d/Projects/GoldRush/docs/phase2-ingestion/data/treasury/raw/treasury-20260824T034935Z-page010.json;/mnt/d/Projects/GoldRush/docs/phase2-ingestion/data/treasury/raw/treasury-20260824T034935Z-page011.json;/mnt/d/Projects/GoldRush/docs/phase2-ingestion/data/treasury/raw/treasury-20260824T034935Z-page012.json;/mnt/d/Projects/GoldRush/docs/phase2-ingestion/data/treasury/raw/treasury-20260824T034935Z-page013.json;/mnt/d/Projects/GoldRush/docs/phase2-ingestion/data/treasury/raw/treasury-20260824T034935Z-page014.json;/mnt/d/Projects/GoldRush/docs/phase2-ingestion/data/treasury/raw/treasury-20260824T034935Z-page015.json;/mnt/d/Projects/GoldRush/docs/phase2-ingestion/data/treasury/raw/treasury-20260824T034935Z-page016.json,docs/phase2-ingestion/data/treasury/manifests/treasury-20260824T034935Z.manifest.json,16,cf284fd2186cebbd098b2823e2195f5af04c4bc8c7e75507d7dd4e8bf063fd5b,2026-08-24T03:49:35.808873+00:00,PASS,AVAILABLE,0.1.0
L4-009,2011-10-31,2707617.4416095,9746532.03892468,9738011.47447468,99.91257850057876,27.780316432512617,percent_of_marketable_treasury_debt,Positive dated marketable debt maturing after record date and within one calendar year / Total Marketable outstanding * 100,U.S. Treasury Fiscal Data — Monthly Statement of the Public Debt Table 3,https://api.fiscaldata.treasury.gov/services/api/fiscal_service/v1/debt/mspd/mspd_table_3_market,"{""fields"":""record_date,security_type_desc,security_class1_desc,maturity_date,outstanding_amt,src_line_nbr"",""filter"":""record_date:gte:1900-01-01"",""page[size]"":10000,""sort"":""record_date,src_line_nbr""}",/mnt/d/Projects/GoldRush/docs/phase2-ingestion/data/treasury/raw/treasury-20260824T034935Z-page001.json;/mnt/d/Projects/GoldRush/docs/phase2-ingestion/data/treasury/raw/treasury-20260824T034935Z-page002.json;/mnt/d/Projects/GoldRush/docs/phase2-ingestion/data/treasury/raw/treasury-20260824T034935Z-page003.json;/mnt/d/Projects/GoldRush/docs/phase2-ingestion/data/treasury/raw/treasury-20260824T034935Z-page004.json;/mnt/d/Projects/GoldRush/docs/phase2-ingestion/data/treasury/raw/treasury-20260824T034935Z-page005.json;/mnt/d/Projects/GoldRush/docs/phase2-ingestion/data/treasury/raw/treasury-20260824T034935Z-page006.json;/mnt/d/Projects/GoldRush/docs/phase2-ingestion/data/treasury/raw/treasury-20260824T034935Z-page007.json;/mnt/d/Projects/GoldRush/docs/phase2-ingestion/data/treasury/raw/treasury-20260824T034935Z-page008.json;/mnt/d/Projects/GoldRush/docs/phase2-ingestion/data/treasury/raw/treasury-20260824T034935Z-page009.json;/mnt/d/Projects/GoldRush/docs/phase2-ingestion/data/treasury/raw/treasury-20260824T034935Z-page010.json;/mnt/d/Projects/GoldRush/docs/phase2-ingestion/data/treasury/raw/treasury-20260824T034935Z-page011.json;/mnt/d/Projects/GoldRush/docs/phase2-ingestion/data/treasury/raw/treasury-20260824T034935Z-page012.json;/mnt/d/Projects/GoldRush/docs/phase2-ingestion/data/treasury/raw/treasury-20260824T034935Z-page013.json;/mnt/d/Projects/GoldRush/docs/phase2-ingestion/data/treasury/raw/treasury-20260824T034935Z-page014.json;/mnt/d/Projects/GoldRush/docs/phase2-ingestion/data/treasury/raw/treasury-20260824T034935Z-page015.json;/mnt/d/Projects/GoldRush/docs/phase2-ingestion/data/treasury/raw/treasury-20260824T034935Z-page016.json,docs/phase2-ingestion/data/treasury/manifests/treasury-20260824T034935Z.manifest.json,16,cf284fd2186cebbd098b2823e2195f5af04c4bc8c7e75507d7dd4e8bf063fd5b,2026-08-24T03:49:35.808873+00:00,PASS,AVAILABLE,0.1.0
L4-009,2011-11-30,2761301.82166991,9878316.40476589,9869796.28681588,99.91374929086196,27.953162345940783,percent_of_marketable_treasury_debt,Positive dated marketable debt maturing after record date and within one calendar year / Total Marketable outstanding * 100,U.S. Treasury Fiscal Data — Monthly Statement of the Public Debt Table 3,https://api.fiscaldata.treasury.gov/services/api/fiscal_service/v1/debt/mspd/mspd_table_3_market,"{""fields"":""record_date,security_type_desc,security_class1_desc,maturity_date,outstanding_amt,src_line_nbr"",""filter"":""record_date:gte:1900-01-01"",""page[size]"":10000,""sort"":""record_date,src_line_nbr""}",/mnt/d/Projects/GoldRush/docs/phase2-ingestion/data/treasury/raw/treasury-20260824T034935Z-page001.json;/mnt/d/Projects/GoldRush/docs/phase2-ingestion/data/treasury/raw/treasury-20260824T034935Z-page002.json;/mnt/d/Projects/GoldRush/docs/phase2-ingestion/data/treasury/raw/treasury-20260824T034935Z-page003.json;/mnt/d/Projects/GoldRush/docs/phase2-ingestion/data/treasury/raw/treasury-20260824T034935Z-page004.json;/mnt/d/Projects/GoldRush/docs/phase2-ingestion/data/treasury/raw/treasury-20260824T034935Z-page005.json;/mnt/d/Projects/GoldRush/docs/phase2-ingestion/data/treasury/raw/treasury-20260824T034935Z-page006.json;/mnt/d/Projects/GoldRush/docs/phase2-ingestion/data/treasury/raw/treasury-20260824T034935Z-page007.json;/mnt/d/Projects/GoldRush/docs/phase2-ingestion/data/treasury/raw/treasury-20260824T034935Z-page008.json;/mnt/d/Projects/GoldRush/docs/phase2-ingestion/data/treasury/raw/treasury-20260824T034935Z-page009.json;/mnt/d/Projects/GoldRush/docs/phase2-ingestion/data/treasury/raw/treasury-20260824T034935Z-page010.json;/mnt/d/Projects/GoldRush/docs/phase2-ingestion/data/treasury/raw/treasury-20260824T034935Z-page011.json;/mnt/d/Projects/GoldRush/docs/phase2-ingestion/data/treasury/raw/treasury-20260824T034935Z-page012.json;/mnt/d/Projects/GoldRush/docs/phase2-ingestion/data/treasury/raw/treasury-20260824T034935Z-page013.json;/mnt/d/Projects/GoldRush/docs/phase2-ingestion/data/treasury/raw/treasury-20260824T034935Z-page014.json;/mnt/d/Projects/GoldRush/docs/phase2-ingestion/data/treasury/raw/treasury-20260824T034935Z-page015.json;/mnt/d/Projects/GoldRush/docs/phase2-ingestion/data/treasury/raw/treasury-20260824T034935Z-page016.json,docs/phase2-ingestion/data/treasury/manifests/treasury-20260824T034935Z.manifest.json,16,cf284fd2186cebbd098b2823e2195f5af04c4bc8c7e75507d7dd4e8bf063fd5b,2026-08-24T03:49:35.808873+00:00,PASS,AVAILABLE,0.1.0
L4-009,2011-12-31,2771583.93071814,9936882.26239466,9866922.04634465,99.29595406081474,27.891886585060778,percent_of_marketable_treasury_debt,Positive dated marketable debt maturing after record date and within one calendar year / Total Marketable outstanding * 100,U.S. Treasury Fiscal Data — Monthly Statement of the Public Debt Table 3,https://api.fiscaldata.treasury.gov/services/api/fiscal_service/v1/debt/mspd/mspd_table_3_market,"{""fields"":""record_date,security_type_desc,security_class1_desc,maturity_date,outstanding_amt,src_line_nbr"",""filter"":""record_date:gte:1900-01-01"",""page[size]"":10000,""sort"":""record_date,src_line_nbr""}",/mnt/d/Projects/GoldRush/docs/phase2-ingestion/data/treasury/raw/treasury-20260824T034935Z-page001.json;/mnt/d/Projects/GoldRush/docs/phase2-ingestion/data/treasury/raw/treasury-20260824T034935Z-page002.json;/mnt/d/Projects/GoldRush/docs/phase2-ingestion/data/treasury/raw/treasury-20260824T034935Z-page003.json;/mnt/d/Projects/GoldRush/docs/phase2-ingestion/data/treasury/raw/treasury-20260824T034935Z-page004.json;/mnt/d/Projects/GoldRush/docs/phase2-ingestion/data/treasury/raw/treasury-20260824T034935Z-page005.json;/mnt/d/Projects/GoldRush/docs/phase2-ingestion/data/treasury/raw/treasury-20260824T034935Z-page006.json;/mnt/d/Projects/GoldRush/docs/phase2-ingestion/data/treasury/raw/treasury-20260824T034935Z-page007.json;/mnt/d/Projects/GoldRush/docs/phase2-ingestion/data/treasury/raw/treasury-20260824T034935Z-page008.json;/mnt/d/Projects/GoldRush/docs/phase2-ingestion/data/treasury/raw/treasury-20260824T034935Z-page009.json;/mnt/d/Projects/GoldRush/docs/phase2-ingestion/data/treasury/raw/treasury-20260824T034935Z-page010.json;/mnt/d/Projects/GoldRush/docs/phase2-ingestion/data/treasury/raw/treasury-20260824T034935Z-page011.json;/mnt/d/Projects/GoldRush/docs/phase2-ingestion/data/treasury/raw/treasury-20260824T034935Z-page012.json;/mnt/d/Projects/GoldRush/docs/phase2-ingestion/data/treasury/raw/treasury-20260824T034935Z-page013.json;/mnt/d/Projects/GoldRush/docs/phase2-ingestion/data/treasury/raw/treasury-20260824T034935Z-page014.json;/mnt/d/Projects/GoldRush/docs/phase2-ingestion/data/treasury/raw/treasury-20260824T034935Z-page015.json;/mnt/d/Projects/GoldRush/docs/phase2-ingestion/data/treasury/raw/treasury-20260824T034935Z-page016.json,docs/phase2-ingestion/data/treasury/manifests/treasury-20260824T034935Z.manifest.json,16,cf284fd2186cebbd098b2823e2195f5af04c4bc8c7e75507d7dd4e8bf063fd5b,2026-08-24T03:49:35.808873+00:00,PASS,AVAILABLE,0.1.0
L4-009,2012-01-31,2769629.05034007,10068909.5584151,10060389.8904651,99.91538638915591,27.506742753740895,percent_of_marketable_treasury_debt,Positive dated marketable debt maturing after record date and within one calendar year / Total Marketable outstanding * 100,U.S. Treasury Fiscal Data — Monthly Statement of the Public Debt Table 3,https://api.fiscaldata.treasury.gov/services/api/fiscal_service/v1/debt/mspd/mspd_table_3_market,"{""fields"":""record_date,security_type_desc,security_class1_desc,maturity_date,outstanding_amt,src_line_nbr"",""filter"":""record_date:gte:1900-01-01"",""page[size]"":10000,""sort"":""record_date,src_line_nbr""}",/mnt/d/Projects/GoldRush/docs/phase2-ingestion/data/treasury/raw/treasury-20260824T034935Z-page001.json;/mnt/d/Projects/GoldRush/docs/phase2-ingestion/data/treasury/raw/treasury-20260824T034935Z-page002.json;/mnt/d/Projects/GoldRush/docs/phase2-ingestion/data/treasury/raw/treasury-20260824T034935Z-page003.json;/mnt/d/Projects/GoldRush/docs/phase2-ingestion/data/treasury/raw/treasury-20260824T034935Z-page004.json;/mnt/d/Projects/GoldRush/docs/phase2-ingestion/data/treasury/raw/treasury-20260824T034935Z-page005.json;/mnt/d/Projects/GoldRush/docs/phase2-ingestion/data/treasury/raw/treasury-20260824T034935Z-page006.json;/mnt/d/Projects/GoldRush/docs/phase2-ingestion/data/treasury/raw/treasury-20260824T034935Z-page007.json;/mnt/d/Projects/GoldRush/docs/phase2-ingestion/data/treasury/raw/treasury-20260824T034935Z-page008.json;/mnt/d/Projects/GoldRush/docs/phase2-ingestion/data/treasury/raw/treasury-20260824T034935Z-page009.json;/mnt/d/Projects/GoldRush/docs/phase2-ingestion/data/treasury/raw/treasury-20260824T034935Z-page010.json;/mnt/d/Projects/GoldRush/docs/phase2-ingestion/data/treasury/raw/treasury-20260824T034935Z-page011.json;/mnt/d/Projects/GoldRush/docs/phase2-ingestion/data/treasury/raw/treasury-20260824T034935Z-page012.json;/mnt/d/Projects/GoldRush/docs/phase2-ingestion/data/treasury/raw/treasury-20260824T034935Z-page013.json;/mnt/d/Projects/GoldRush/docs/phase2-ingestion/data/treasury/raw/treasury-20260824T034935Z-page014.json;/mnt/d/Projects/GoldRush/docs/phase2-ingestion/data/treasury/raw/treasury-20260824T034935Z-page015.json;/mnt/d/Projects/GoldRush/docs/phase2-ingestion/data/treasury/raw/treasury-20260824T034935Z-page016.json,docs/phase2-ingestion/data/treasury/manifests/treasury-20260824T034935Z.manifest.json,16,cf284fd2186cebbd098b2823e2195f5af04c4bc8c7e75507d7dd4e8bf063fd5b,2026-08-24T03:49:35.808873+00:00,PASS,AVAILABLE,0.1.0
L4-009,2012-02-29,2853057.55915235,10222297.3491161,10213777.82016609,99.91665739452642,27.910140565408692,percent_of_marketable_treasury_debt,Positive dated marketable debt maturing after record date and within one calendar year / Total Marketable outstanding * 100,U.S. Treasury Fiscal Data — Monthly Statement of the Public Debt Table 3,https://api.fiscaldata.treasury.gov/services/api/fiscal_service/v1/debt/mspd/mspd_table_3_market,"{""fields"":""record_date,security_type_desc,security_class1_desc,maturity_date,outstanding_amt,src_line_nbr"",""filter"":""record_date:gte:1900-01-01"",""page[size]"":10000,""sort"":""record_date,src_line_nbr""}",/mnt/d/Projects/GoldRush/docs/phase2-ingestion/data/treasury/raw/treasury-20260824T034935Z-page001.json;/mnt/d/Projects/GoldRush/docs/phase2-ingestion/data/treasury/raw/treasury-20260824T034935Z-page002.json;/mnt/d/Projects/GoldRush/docs/phase2-ingestion/data/treasury/raw/treasury-20260824T034935Z-page003.json;/mnt/d/Projects/GoldRush/docs/phase2-ingestion/data/treasury/raw/treasury-20260824T034935Z-page004.json;/mnt/d/Projects/GoldRush/docs/phase2-ingestion/data/treasury/raw/treasury-20260824T034935Z-page005.json;/mnt/d/Projects/GoldRush/docs/phase2-ingestion/data/treasury/raw/treasury-20260824T034935Z-page006.json;/mnt/d/Projects/GoldRush/docs/phase2-ingestion/data/treasury/raw/treasury-20260824T034935Z-page007.json;/mnt/d/Projects/GoldRush/docs/phase2-ingestion/data/treasury/raw/treasury-20260824T034935Z-page008.json;/mnt/d/Projects/GoldRush/docs/phase2-ingestion/data/treasury/raw/treasury-20260824T034935Z-page009.json;/mnt/d/Projects/GoldRush/docs/phase2-ingestion/data/treasury/raw/treasury-20260824T034935Z-page010.json;/mnt/d/Projects/GoldRush/docs/phase2-ingestion/data/treasury/raw/treasury-20260824T034935Z-page011.json;/mnt/d/Projects/GoldRush/docs/phase2-ingestion/data/treasury/raw/treasury-20260824T034935Z-page012.json;/mnt/d/Projects/GoldRush/docs/phase2-ingestion/data/treasury/raw/treasury-20260824T034935Z-page013.json;/mnt/d/Projects/GoldRush/docs/phase2-ingestion/data/treasury/raw/treasury-20260824T034935Z-page014.json;/mnt/d/Projects/GoldRush/docs/phase2-ingestion/data/treasury/raw/treasury-20260824T034935Z-page015.json;/mnt/d/Projects/GoldRush/docs/phase2-ingestion/data/treasury/raw/treasury-20260824T034935Z-page016.json,docs/phase2-ingestion/data/treasury/manifests/treasury-20260824T034935Z.manifest.json,16,cf284fd2186cebbd098b2823e2195f5af04c4bc8c7e75507d7dd4e8bf063fd5b,2026-08-24T03:49:35.808873+00:00,PASS,AVAILABLE,0.1.0
L4-009,2012-03-31,2918437.39957797,10338285.5640157,10267923.63626571,99.31940429276884,28.229413682826937,percent_of_marketable_treasury_debt,Positive dated marketable debt maturing after record date and within one calendar year / Total Marketable outstanding * 100,U.S. Treasury Fiscal Data — Monthly Statement of the Public Debt Table 3,https://api.fiscaldata.treasury.gov/services/api/fiscal_service/v1/debt/mspd/mspd_table_3_market,"{""fields"":""record_date,security_type_desc,security_class1_desc,maturity_date,outstanding_amt,src_line_nbr"",""filter"":""record_date:gte:1900-01-01"",""page[size]"":10000,""sort"":""record_date,src_line_nbr""}",/mnt/d/Projects/GoldRush/docs/phase2-ingestion/data/treasury/raw/treasury-20260824T034935Z-page001.json;/mnt/d/Projects/GoldRush/docs/phase2-ingestion/data/treasury/raw/treasury-20260824T034935Z-page002.json;/mnt/d/Projects/GoldRush/docs/phase2-ingestion/data/treasury/raw/treasury-20260824T034935Z-page003.json;/mnt/d/Projects/GoldRush/docs/phase2-ingestion/data/treasury/raw/treasury-20260824T034935Z-page004.json;/mnt/d/Projects/GoldRush/docs/phase2-ingestion/data/treasury/raw/treasury-20260824T034935Z-page005.json;/mnt/d/Projects/GoldRush/docs/phase2-ingestion/data/treasury/raw/treasury-20260824T034935Z-page006.json;/mnt/d/Projects/GoldRush/docs/phase2-ingestion/data/treasury/raw/treasury-20260824T034935Z-page007.json;/mnt/d/Projects/GoldRush/docs/phase2-ingestion/data/treasury/raw/treasury-20260824T034935Z-page008.json;/mnt/d/Projects/GoldRush/docs/phase2-ingestion/data/treasury/raw/treasury-20260824T034935Z-page009.json;/mnt/d/Projects/GoldRush/docs/phase2-ingestion/data/treasury/raw/treasury-20260824T034935Z-page010.json;/mnt/d/Projects/GoldRush/docs/phase2-ingestion/data/treasury/raw/treasury-20260824T034935Z-page011.json;/mnt/d/Projects/GoldRush/docs/phase2-ingestion/data/treasury/raw/treasury-20260824T034935Z-page012.json;/mnt/d/Projects/GoldRush/docs/phase2-ingestion/data/treasury/raw/treasury-20260824T034935Z-page013.json;/mnt/d/Projects/GoldRush/docs/phase2-ingestion/data/treasury/raw/treasury-20260824T034935Z-page014.json;/mnt/d/Projects/GoldRush/docs/phase2-ingestion/data/treasury/raw/treasury-20260824T034935Z-page015.json;/mnt/d/Projects/GoldRush/docs/phase2-ingestion/data/treasury/raw/treasury-20260824T034935Z-page016.json,docs/phase2-ingestion/data/treasury/manifests/treasury-20260824T034935Z.manifest.json,16,cf284fd2186cebbd098b2823e2195f5af04c4bc8c7e75507d7dd4e8bf063fd5b,2026-08-24T03:49:35.808873+00:00,PASS,AVAILABLE,0.1.0
L4-009,2012-04-30,2858343.29530927,10400076.5138127,10391557.22486268,99.91808436275728,27.4838679457118,percent_of_marketable_treasury_debt,Positive dated marketable debt maturing after record date and within one calendar year / Total Marketable outstanding * 100,U.S. Treasury Fiscal Data — Monthly Statement of the Public Debt Table 3,https://api.fiscaldata.treasury.gov/services/api/fiscal_service/v1/debt/mspd/mspd_table_3_market,"{""fields"":""record_date,security_type_desc,security_class1_desc,maturity_date,outstanding_amt,src_line_nbr"",""filter"":""record_date:gte:1900-01-01"",""page[size]"":10000,""sort"":""record_date,src_line_nbr""}",/mnt/d/Projects/GoldRush/docs/phase2-ingestion/data/treasury/raw/treasury-20260824T034935Z-page001.json;/mnt/d/Projects/GoldRush/docs/phase2-ingestion/data/treasury/raw/treasury-20260824T034935Z-page002.json;/mnt/d/Projects/GoldRush/docs/phase2-ingestion/data/treasury/raw/treasury-20260824T034935Z-page003.json;/mnt/d/Projects/GoldRush/docs/phase2-ingestion/data/treasury/raw/treasury-20260824T034935Z-page004.json;/mnt/d/Projects/GoldRush/docs/phase2-ingestion/data/treasury/raw/treasury-20260824T034935Z-page005.json;/mnt/d/Projects/GoldRush/docs/phase2-ingestion/data/treasury/raw/treasury-20260824T034935Z-page006.json;/mnt/d/Projects/GoldRush/docs/phase2-ingestion/data/treasury/raw/treasury-20260824T034935Z-page007.json;/mnt/d/Projects/GoldRush/docs/phase2-ingestion/data/treasury/raw/treasury-20260824T034935Z-page008.json;/mnt/d/Projects/GoldRush/docs/phase2-ingestion/data/treasury/raw/treasury-20260824T034935Z-page009.json;/mnt/d/Projects/GoldRush/docs/phase2-ingestion/data/treasury/raw/treasury-20260824T034935Z-page010.json;/mnt/d/Projects/GoldRush/docs/phase2-ingestion/data/treasury/raw/treasury-20260824T034935Z-page011.json;/mnt/d/Projects/GoldRush/docs/phase2-ingestion/data/treasury/raw/treasury-20260824T034935Z-page012.json;/mnt/d/Projects/GoldRush/docs/phase2-ingestion/data/treasury/raw/treasury-20260824T034935Z-page013.json;/mnt/d/Projects/GoldRush/docs/phase2-ingestion/data/treasury/raw/treasury-20260824T034935Z-page014.json;/mnt/d/Projects/GoldRush/docs/phase2-ingestion/data/treasury/raw/treasury-20260824T034935Z-page015.json;/mnt/d/Projects/GoldRush/docs/phase2-ingestion/data/treasury/raw/treasury-20260824T034935Z-page016.json,docs/phase2-ingestion/data/treasury/manifests/treasury-20260824T034935Z.manifest.json,16,cf284fd2186cebbd098b2823e2195f5af04c4bc8c7e75507d7dd4e8bf063fd5b,2026-08-24T03:49:35.808873+00:00,PASS,AVAILABLE,0.1.0
L4-009,2012-05-31,2868367.85845102,10486172.0125598,10477652.75860978,99.91875725536624,27.353812764233087,percent_of_marketable_treasury_debt,Positive dated marketable debt maturing after record date and within one calendar year / Total Marketable outstanding * 100,U.S. Treasury Fiscal Data — Monthly Statement of the Public Debt Table 3,https://api.fiscaldata.treasury.gov/services/api/fiscal_service/v1/debt/mspd/mspd_table_3_market,"{""fields"":""record_date,security_type_desc,security_class1_desc,maturity_date,outstanding_amt,src_line_nbr"",""filter"":""record_date:gte:1900-01-01"",""page[size]"":10000,""sort"":""record_date,src_line_nbr""}",/mnt/d/Projects/GoldRush/docs/phase2-ingestion/data/treasury/raw/treasury-20260824T034935Z-page001.json;/mnt/d/Projects/GoldRush/docs/phase2-ingestion/data/treasury/raw/treasury-20260824T034935Z-page002.json;/mnt/d/Projects/GoldRush/docs/phase2-ingestion/data/treasury/raw/treasury-20260824T034935Z-page003.json;/mnt/d/Projects/GoldRush/docs/phase2-ingestion/data/treasury/raw/treasury-20260824T034935Z-page004.json;/mnt/d/Projects/GoldRush/docs/phase2-ingestion/data/treasury/raw/treasury-20260824T034935Z-page005.json;/mnt/d/Projects/GoldRush/docs/phase2-ingestion/data/treasury/raw/treasury-20260824T034935Z-page006.json;/mnt/d/Projects/GoldRush/docs/phase2-ingestion/data/treasury/raw/treasury-20260824T034935Z-page007.json;/mnt/d/Projects/GoldRush/docs/phase2-ingestion/data/treasury/raw/treasury-20260824T034935Z-page008.json;/mnt/d/Projects/GoldRush/docs/phase2-ingestion/data/treasury/raw/treasury-20260824T034935Z-page009.json;/mnt/d/Projects/GoldRush/docs/phase2-ingestion/data/treasury/raw/treasury-20260824T034935Z-page010.json;/mnt/d/Projects/GoldRush/docs/phase2-ingestion/data/treasury/raw/treasury-20260824T034935Z-page011.json;/mnt/d/Projects/GoldRush/docs/phase2-ingestion/data/treasury/raw/treasury-20260824T034935Z-page012.json;/mnt/d/Projects/GoldRush/docs/phase2-ingestion/data/treasury/raw/treasury-20260824T034935Z-page013.json;/mnt/d/Projects/GoldRush/docs/phase2-ingestion/data/treasury/raw/treasury-20260824T034935Z-page014.json;/mnt/d/Projects/GoldRush/docs/phase2-ingestion/data/treasury/raw/treasury-20260824T034935Z-page015.json;/mnt/d/Projects/GoldRush/docs/phase2-ingestion/data/treasury/raw/treasury-20260824T034935Z-page016.json,docs/phase2-ingestion/data/treasury/manifests/treasury-20260824T034935Z.manifest.json,16,cf284fd2186cebbd098b2823e2195f5af04c4bc8c7e75507d7dd4e8bf063fd5b,2026-08-24T03:49:35.808873+00:00,PASS,AVAILABLE,0.1.0
L4-009,2012-06-30,2861503.08383991,10521984.3455413,10456370.22844125,99.37640928796996,27.195469883515596,percent_of_marketable_treasury_debt,Positive dated marketable debt maturing after record date and within one calendar year / Total Marketable outstanding * 100,U.S. Treasury Fiscal Data — Monthly Statement of the Public Debt Table 3,https://api.fiscaldata.treasury.gov/services/api/fiscal_service/v1/debt/mspd/mspd_table_3_market,"{""fields"":""record_date,security_type_desc,security_class1_desc,maturity_date,outstanding_amt,src_line_nbr"",""filter"":""record_date:gte:1900-01-01"",""page[size]"":10000,""sort"":""record_date,src_line_nbr""}",/mnt/d/Projects/GoldRush/docs/phase2-ingestion/data/treasury/raw/treasury-20260824T034935Z-page001.json;/mnt/d/Projects/GoldRush/docs/phase2-ingestion/data/treasury/raw/treasury-20260824T034935Z-page002.json;/mnt/d/Projects/GoldRush/docs/phase2-ingestion/data/treasury/raw/treasury-20260824T034935Z-page003.json;/mnt/d/Projects/GoldRush/docs/phase2-ingestion/data/treasury/raw/treasury-20260824T034935Z-page004.json;/mnt/d/Projects/GoldRush/docs/phase2-ingestion/data/treasury/raw/treasury-20260824T034935Z-page005.json;/mnt/d/Projects/GoldRush/docs/phase2-ingestion/data/treasury/raw/treasury-20260824T034935Z-page006.json;/mnt/d/Projects/GoldRush/docs/phase2-ingestion/data/treasury/raw/treasury-20260824T034935Z-page007.json;/mnt/d/Projects/GoldRush/docs/phase2-ingestion/data/treasury/raw/treasury-20260824T034935Z-page008.json;/mnt/d/Projects/GoldRush/docs/phase2-ingestion/data/treasury/raw/treasury-20260824T034935Z-page009.json;/mnt/d/Projects/GoldRush/docs/phase2-ingestion/data/treasury/raw/treasury-20260824T034935Z-page010.json;/mnt/d/Projects/GoldRush/docs/phase2-ingestion/data/treasury/raw/treasury-20260824T034935Z-page011.json;/mnt/d/Projects/GoldRush/docs/phase2-ingestion/data/treasury/raw/treasury-20260824T034935Z-page012.json;/mnt/d/Projects/GoldRush/docs/phase2-ingestion/data/treasury/raw/treasury-20260824T034935Z-page013.json;/mnt/d/Projects/GoldRush/docs/phase2-ingestion/data/treasury/raw/treasury-20260824T034935Z-page014.json;/mnt/d/Projects/GoldRush/docs/phase2-ingestion/data/treasury/raw/treasury-20260824T034935Z-page015.json;/mnt/d/Projects/GoldRush/docs/phase2-ingestion/data/treasury/raw/treasury-20260824T034935Z-page016.json,docs/phase2-ingestion/data/treasury/manifests/treasury-20260824T034935Z.manifest.json,16,cf284fd2186cebbd098b2823e2195f5af04c4bc8c7e75507d7dd4e8bf063fd5b,2026-08-24T03:49:35.808873+00:00,PASS,AVAILABLE,0.1.0
L4-009,2012-07-31,2845388.28639767,10607347.1551514,10600157.90370143,99.93222385064979,26.82469277924804,percent_of_marketable_treasury_debt,Positive dated marketable debt maturing after record date and within one calendar year / Total Marketable outstanding * 100,U.S. Treasury Fiscal Data — Monthly Statement of the Public Debt Table 3,https://api.fiscaldata.treasury.gov/services/api/fiscal_service/v1/debt/mspd/mspd_table_3_market,"{""fields"":""record_date,security_type_desc,security_class1_desc,maturity_date,outstanding_amt,src_line_nbr"",""filter"":""record_date:gte:1900-01-01"",""page[size]"":10000,""sort"":""record_date,src_line_nbr""}",/mnt/d/Projects/GoldRush/docs/phase2-ingestion/data/treasury/raw/treasury-20260824T034935Z-page001.json;/mnt/d/Projects/GoldRush/docs/phase2-ingestion/data/treasury/raw/treasury-20260824T034935Z-page002.json;/mnt/d/Projects/GoldRush/docs/phase2-ingestion/data/treasury/raw/treasury-20260824T034935Z-page003.json;/mnt/d/Projects/GoldRush/docs/phase2-ingestion/data/treasury/raw/treasury-20260824T034935Z-page004.json;/mnt/d/Projects/GoldRush/docs/phase2-ingestion/data/treasury/raw/treasury-20260824T034935Z-page005.json;/mnt/d/Projects/GoldRush/docs/phase2-ingestion/data/treasury/raw/treasury-20260824T034935Z-page006.json;/mnt/d/Projects/GoldRush/docs/phase2-ingestion/data/treasury/raw/treasury-20260824T034935Z-page007.json;/mnt/d/Projects/GoldRush/docs/phase2-ingestion/data/treasury/raw/treasury-20260824T034935Z-page008.json;/mnt/d/Projects/GoldRush/docs/phase2-ingestion/data/treasury/raw/treasury-20260824T034935Z-page009.json;/mnt/d/Projects/GoldRush/docs/phase2-ingestion/data/treasury/raw/treasury-20260824T034935Z-page010.json;/mnt/d/Projects/GoldRush/docs/phase2-ingestion/data/treasury/raw/treasury-20260824T034935Z-page011.json;/mnt/d/Projects/GoldRush/docs/phase2-ingestion/data/treasury/raw/treasury-20260824T034935Z-page012.json;/mnt/d/Projects/GoldRush/docs/phase2-ingestion/data/treasury/raw/treasury-20260824T034935Z-page013.json;/mnt/d/Projects/GoldRush/docs/phase2-ingestion/data/treasury/raw/treasury-20260824T034935Z-page014.json;/mnt/d/Projects/GoldRush/docs/phase2-ingestion/data/treasury/raw/treasury-20260824T034935Z-page015.json;/mnt/d/Projects/GoldRush/docs/phase2-ingestion/data/treasury/raw/treasury-20260824T034935Z-page016.json,docs/phase2-ingestion/data/treasury/manifests/treasury-20260824T034935Z.manifest.json,16,cf284fd2186cebbd098b2823e2195f5af04c4bc8c7e75507d7dd4e8bf063fd5b,2026-08-24T03:49:35.808873+00:00,PASS,AVAILABLE,0.1.0
L4-009,2012-08-31,2940446.25873166,10757024.5791691,10749835.37571906,99.93316736057328,27.335126336197213,percent_of_marketable_treasury_debt,Positive dated marketable debt maturing after record date and within one calendar year / Total Marketable outstanding * 100,U.S. Treasury Fiscal Data — Monthly Statement of the Public Debt Table 3,https://api.fiscaldata.treasury.gov/services/api/fiscal_service/v1/debt/mspd/mspd_table_3_market,"{""fields"":""record_date,security_type_desc,security_class1_desc,maturity_date,outstanding_amt,src_line_nbr"",""filter"":""record_date:gte:1900-01-01"",""page[size]"":10000,""sort"":""record_date,src_line_nbr""}",/mnt/d/Projects/GoldRush/docs/phase2-ingestion/data/treasury/raw/treasury-20260824T034935Z-page001.json;/mnt/d/Projects/GoldRush/docs/phase2-ingestion/data/treasury/raw/treasury-20260824T034935Z-page002.json;/mnt/d/Projects/GoldRush/docs/phase2-ingestion/data/treasury/raw/treasury-20260824T034935Z-page003.json;/mnt/d/Projects/GoldRush/docs/phase2-ingestion/data/treasury/raw/treasury-20260824T034935Z-page004.json;/mnt/d/Projects/GoldRush/docs/phase2-ingestion/data/treasury/raw/treasury-20260824T034935Z-page005.json;/mnt/d/Projects/GoldRush/docs/phase2-ingestion/data/treasury/raw/treasury-20260824T034935Z-page006.json;/mnt/d/Projects/GoldRush/docs/phase2-ingestion/data/treasury/raw/treasury-20260824T034935Z-page007.json;/mnt/d/Projects/GoldRush/docs/phase2-ingestion/data/treasury/raw/treasury-20260824T034935Z-page008.json;/mnt/d/Projects/GoldRush/docs/phase2-ingestion/data/treasury/raw/treasury-20260824T034935Z-page009.json;/mnt/d/Projects/GoldRush/docs/phase2-ingestion/data/treasury/raw/treasury-20260824T034935Z-page010.json;/mnt/d/Projects/GoldRush/docs/phase2-ingestion/data/treasury/raw/treasury-20260824T034935Z-page011.json;/mnt/d/Projects/GoldRush/docs/phase2-ingestion/data/treasury/raw/treasury-20260824T034935Z-page012.json;/mnt/d/Projects/GoldRush/docs/phase2-ingestion/data/treasury/raw/treasury-20260824T034935Z-page013.json;/mnt/d/Projects/GoldRush/docs/phase2-ingestion/data/treasury/raw/treasury-20260824T034935Z-page014.json;/mnt/d/Projects/GoldRush/docs/phase2-ingestion/data/treasury/raw/treasury-20260824T034935Z-page015.json;/mnt/d/Projects/GoldRush/docs/phase2-ingestion/data/treasury/raw/treasury-20260824T034935Z-page016.json,docs/phase2-ingestion/data/treasury/manifests/treasury-20260824T034935Z.manifest.json,16,cf284fd2186cebbd098b2823e2195f5af04c4bc8c7e75507d7dd4e8bf063fd5b,2026-08-24T03:49:35.808873+00:00,PASS,AVAILABLE,0.1.0
L4-009,2012-09-30,2897968.53990327,10749757.6101027,10689565.06175274,99.44005669213053,26.958454739293266,percent_of_marketable_treasury_debt,Positive dated marketable debt maturing after record date and within one calendar year / Total Marketable outstanding * 100,U.S. Treasury Fiscal Data — Monthly Statement of the Public Debt Table 3,https://api.fiscaldata.treasury.gov/services/api/fiscal_service/v1/debt/mspd/mspd_table_3_market,"{""fields"":""record_date,security_type_desc,security_class1_desc,maturity_date,outstanding_amt,src_line_nbr"",""filter"":""record_date:gte:1900-01-01"",""page[size]"":10000,""sort"":""record_date,src_line_nbr""}",/mnt/d/Projects/GoldRush/docs/phase2-ingestion/data/treasury/raw/treasury-20260824T034935Z-page001.json;/mnt/d/Projects/GoldRush/docs/phase2-ingestion/data/treasury/raw/treasury-20260824T034935Z-page002.json;/mnt/d/Projects/GoldRush/docs/phase2-ingestion/data/treasury/raw/treasury-20260824T034935Z-page003.json;/mnt/d/Projects/GoldRush/docs/phase2-ingestion/data/treasury/raw/treasury-20260824T034935Z-page004.json;/mnt/d/Projects/GoldRush/docs/phase2-ingestion/data/treasury/raw/treasury-20260824T034935Z-page005.json;/mnt/d/Projects/GoldRush/docs/phase2-ingestion/data/treasury/raw/treasury-20260824T034935Z-page006.json;/mnt/d/Projects/GoldRush/docs/phase2-ingestion/data/treasury/raw/treasury-20260824T034935Z-page007.json;/mnt/d/Projects/GoldRush/docs/phase2-ingestion/data/treasury/raw/treasury-20260824T034935Z-page008.json;/mnt/d/Projects/GoldRush/docs/phase2-ingestion/data/treasury/raw/treasury-20260824T034935Z-page009.json;/mnt/d/Projects/GoldRush/docs/phase2-ingestion/data/treasury/raw/treasury-20260824T034935Z-page010.json;/mnt/d/Projects/GoldRush/docs/phase2-ingestion/data/treasury/raw/treasury-20260824T034935Z-page011.json;/mnt/d/Projects/GoldRush/docs/phase2-ingestion/data/treasury/raw/treasury-20260824T034935Z-page012.json;/mnt/d/Projects/GoldRush/docs/phase2-ingestion/data/treasury/raw/treasury-20260824T034935Z-page013.json;/mnt/d/Projects/GoldRush/docs/phase2-ingestion/data/treasury/raw/treasury-20260824T034935Z-page014.json;/mnt/d/Projects/GoldRush/docs/phase2-ingestion/data/treasury/raw/treasury-20260824T034935Z-page015.json;/mnt/d/Projects/GoldRush/docs/phase2-ingestion/data/treasury/raw/treasury-20260824T034935Z-page016.json,docs/phase2-ingestion/data/treasury/manifests/treasury-20260824T034935Z.manifest.json,16,cf284fd2186cebbd098b2823e2195f5af04c4bc8c7e75507d7dd4e8bf063fd5b,2026-08-24T03:49:35.808873+00:00,PASS,AVAILABLE,0.1.0
L4-009,2012-10-31,2907321.89454106,10887468.0259035,10880279.00095346,99.93396972617568,26.70337940487127,percent_of_marketable_treasury_debt,Positive dated marketable debt maturing after record date and within one calendar year / Total Marketable outstanding * 100,U.S. Treasury Fiscal Data — Monthly Statement of the Public Debt Table 3,https://api.fiscaldata.treasury.gov/services/api/fiscal_service/v1/debt/mspd/mspd_table_3_market,"{""fields"":""record_date,security_type_desc,security_class1_desc,maturity_date,outstanding_amt,src_line_nbr"",""filter"":""record_date:gte:1900-01-01"",""page[size]"":10000,""sort"":""record_date,src_line_nbr""}",/mnt/d/Projects/GoldRush/docs/phase2-ingestion/data/treasury/raw/treasury-20260824T034935Z-page001.json;/mnt/d/Projects/GoldRush/docs/phase2-ingestion/data/treasury/raw/treasury-20260824T034935Z-page002.json;/mnt/d/Projects/GoldRush/docs/phase2-ingestion/data/treasury/raw/treasury-20260824T034935Z-page003.json;/mnt/d/Projects/GoldRush/docs/phase2-ingestion/data/treasury/raw/treasury-20260824T034935Z-page004.json;/mnt/d/Projects/GoldRush/docs/phase2-ingestion/data/treasury/raw/treasury-20260824T034935Z-page005.json;/mnt/d/Projects/GoldRush/docs/phase2-ingestion/data/treasury/raw/treasury-20260824T034935Z-page006.json;/mnt/d/Projects/GoldRush/docs/phase2-ingestion/data/treasury/raw/treasury-20260824T034935Z-page007.json;/mnt/d/Projects/GoldRush/docs/phase2-ingestion/data/treasury/raw/treasury-20260824T034935Z-page008.json;/mnt/d/Projects/GoldRush/docs/phase2-ingestion/data/treasury/raw/treasury-20260824T034935Z-page009.json;/mnt/d/Projects/GoldRush/docs/phase2-ingestion/data/treasury/raw/treasury-20260824T034935Z-page010.json;/mnt/d/Projects/GoldRush/docs/phase2-ingestion/data/treasury/raw/treasury-20260824T034935Z-page011.json;/mnt/d/Projects/GoldRush/docs/phase2-ingestion/data/treasury/raw/treasury-20260824T034935Z-page012.json;/mnt/d/Projects/GoldRush/docs/phase2-ingestion/data/treasury/raw/treasury-20260824T034935Z-page013.json;/mnt/d/Projects/GoldRush/docs/phase2-ingestion/data/treasury/raw/treasury-20260824T034935Z-page014.json;/mnt/d/Projects/GoldRush/docs/phase2-ingestion/data/treasury/raw/treasury-20260824T034935Z-page015.json;/mnt/d/Projects/GoldRush/docs/phase2-ingestion/data/treasury/raw/treasury-20260824T034935Z-page016.json,docs/phase2-ingestion/data/treasury/manifests/treasury-20260824T034935Z.manifest.json,16,cf284fd2186cebbd098b2823e2195f5af04c4bc8c7e75507d7dd4e8bf063fd5b,2026-08-24T03:49:35.808873+00:00,PASS,AVAILABLE,0.1.0
L4-009,2012-11-30,2992964.80186862,11032783.8374671,11025594.86051713,99.93483986402819,27.127920259840266,percent_of_marketable_treasury_debt,Positive dated marketable debt maturing after record date and within one calendar year / Total Marketable outstanding * 100,U.S. Treasury Fiscal Data — Monthly Statement of the Public Debt Table 3,https://api.fiscaldata.treasury.gov/services/api/fiscal_service/v1/debt/mspd/mspd_table_3_market,"{""fields"":""record_date,security_type_desc,security_class1_desc,maturity_date,outstanding_amt,src_line_nbr"",""filter"":""record_date:gte:1900-01-01"",""page[size]"":10000,""sort"":""record_date,src_line_nbr""}",/mnt/d/Projects/GoldRush/docs/phase2-ingestion/data/treasury/raw/treasury-20260824T034935Z-page001.json;/mnt/d/Projects/GoldRush/docs/phase2-ingestion/data/treasury/raw/treasury-20260824T034935Z-page002.json;/mnt/d/Projects/GoldRush/docs/phase2-ingestion/data/treasury/raw/treasury-20260824T034935Z-page003.json;/mnt/d/Projects/GoldRush/docs/phase2-ingestion/data/treasury/raw/treasury-20260824T034935Z-page004.json;/mnt/d/Projects/GoldRush/docs/phase2-ingestion/data/treasury/raw/treasury-20260824T034935Z-page005.json;/mnt/d/Projects/GoldRush/docs/phase2-ingestion/data/treasury/raw/treasury-20260824T034935Z-page006.json;/mnt/d/Projects/GoldRush/docs/phase2-ingestion/data/treasury/raw/treasury-20260824T034935Z-page007.json;/mnt/d/Projects/GoldRush/docs/phase2-ingestion/data/treasury/raw/treasury-20260824T034935Z-page008.json;/mnt/d/Projects/GoldRush/docs/phase2-ingestion/data/treasury/raw/treasury-20260824T034935Z-page009.json;/mnt/d/Projects/GoldRush/docs/phase2-ingestion/data/treasury/raw/treasury-20260824T034935Z-page010.json;/mnt/d/Projects/GoldRush/docs/phase2-ingestion/data/treasury/raw/treasury-20260824T034935Z-page011.json;/mnt/d/Projects/GoldRush/docs/phase2-ingestion/data/treasury/raw/treasury-20260824T034935Z-page012.json;/mnt/d/Projects/GoldRush/docs/phase2-ingestion/data/treasury/raw/treasury-20260824T034935Z-page013.json;/mnt/d/Projects/GoldRush/docs/phase2-ingestion/data/treasury/raw/treasury-20260824T034935Z-page014.json;/mnt/d/Projects/GoldRush/docs/phase2-ingestion/data/treasury/raw/treasury-20260824T034935Z-page015.json;/mnt/d/Projects/GoldRush/docs/phase2-ingestion/data/treasury/raw/treasury-20260824T034935Z-page016.json,docs/phase2-ingestion/data/treasury/manifests/treasury-20260824T034935Z.manifest.json,16,cf284fd2186cebbd098b2823e2195f5af04c4bc8c7e75507d7dd4e8bf063fd5b,2026-08-24T03:49:35.808873+00:00,PASS,AVAILABLE,0.1.0
L4-009,2012-12-31,2932951.35865589,11053202.3608211,11046013.44887109,99.93496082207369,26.53485626076977,percent_of_marketable_treasury_debt,Positive dated marketable debt maturing after record date and within one calendar year / Total Marketable outstanding * 100,U.S. Treasury Fiscal Data — Monthly Statement of the Public Debt Table 3,https://api.fiscaldata.treasury.gov/services/api/fiscal_service/v1/debt/mspd/mspd_table_3_market,"{""fields"":""record_date,security_type_desc,security_class1_desc,maturity_date,outstanding_amt,src_line_nbr"",""filter"":""record_date:gte:1900-01-01"",""page[size]"":10000,""sort"":""record_date,src_line_nbr""}",/mnt/d/Projects/GoldRush/docs/phase2-ingestion/data/treasury/raw/treasury-20260824T034935Z-page001.json;/mnt/d/Projects/GoldRush/docs/phase2-ingestion/data/treasury/raw/treasury-20260824T034935Z-page002.json;/mnt/d/Projects/GoldRush/docs/phase2-ingestion/data/treasury/raw/treasury-20260824T034935Z-page003.json;/mnt/d/Projects/GoldRush/docs/phase2-ingestion/data/treasury/raw/treasury-20260824T034935Z-page004.json;/mnt/d/Projects/GoldRush/docs/phase2-ingestion/data/treasury/raw/treasury-20260824T034935Z-page005.json;/mnt/d/Projects/GoldRush/docs/phase2-ingestion/data/treasury/raw/treasury-20260824T034935Z-page006.json;/mnt/d/Projects/GoldRush/docs/phase2-ingestion/data/treasury/raw/treasury-20260824T034935Z-page007.json;/mnt/d/Projects/GoldRush/docs/phase2-ingestion/data/treasury/raw/treasury-20260824T034935Z-page008.json;/mnt/d/Projects/GoldRush/docs/phase2-ingestion/data/treasury/raw/treasury-20260824T034935Z-page009.json;/mnt/d/Projects/GoldRush/docs/phase2-ingestion/data/treasury/raw/treasury-20260824T034935Z-page010.json;/mnt/d/Projects/GoldRush/docs/phase2-ingestion/data/treasury/raw/treasury-20260824T034935Z-page011.json;/mnt/d/Projects/GoldRush/docs/phase2-ingestion/data/treasury/raw/treasury-20260824T034935Z-page012.json;/mnt/d/Projects/GoldRush/docs/phase2-ingestion/data/treasury/raw/treasury-20260824T034935Z-page013.json;/mnt/d/Projects/GoldRush/docs/phase2-ingestion/data/treasury/raw/treasury-20260824T034935Z-page014.json;/mnt/d/Projects/GoldRush/docs/phase2-ingestion/data/treasury/raw/treasury-20260824T034935Z-page015.json;/mnt/d/Projects/GoldRush/docs/phase2-ingestion/data/treasury/raw/treasury-20260824T034935Z-page016.json,docs/phase2-ingestion/data/treasury/manifests/treasury-20260824T034935Z.manifest.json,16,cf284fd2186cebbd098b2823e2195f5af04c4bc8c7e75507d7dd4e8bf063fd5b,2026-08-24T03:49:35.808873+00:00,PASS,AVAILABLE,0.1.0
L4-009,2013-01-31,2944593.02376265,11115321.0438535,11108132.16690348,99.93532461256262,26.491299820718517,percent_of_marketable_treasury_debt,Positive dated marketable debt maturing after record date and within one calendar year / Total Marketable outstanding * 100,U.S. Treasury Fiscal Data — Monthly Statement of the Public Debt Table 3,https://api.fiscaldata.treasury.gov/services/api/fiscal_service/v1/debt/mspd/mspd_table_3_market,"{""fields"":""record_date,security_type_desc,security_class1_desc,maturity_date,outstanding_amt,src_line_nbr"",""filter"":""record_date:gte:1900-01-01"",""page[size]"":10000,""sort"":""record_date,src_line_nbr""}",/mnt/d/Projects/GoldRush/docs/phase2-ingestion/data/treasury/raw/treasury-20260824T034935Z-page001.json;/mnt/d/Projects/GoldRush/docs/phase2-ingestion/data/treasury/raw/treasury-20260824T034935Z-page002.json;/mnt/d/Projects/GoldRush/docs/phase2-ingestion/data/treasury/raw/treasury-20260824T034935Z-page003.json;/mnt/d/Projects/GoldRush/docs/phase2-ingestion/data/treasury/raw/treasury-20260824T034935Z-page004.json;/mnt/d/Projects/GoldRush/docs/phase2-ingestion/data/treasury/raw/treasury-20260824T034935Z-page005.json;/mnt/d/Projects/GoldRush/docs/phase2-ingestion/data/treasury/raw/treasury-20260824T034935Z-page006.json;/mnt/d/Projects/GoldRush/docs/phase2-ingestion/data/treasury/raw/treasury-20260824T034935Z-page007.json;/mnt/d/Projects/GoldRush/docs/phase2-ingestion/data/treasury/raw/treasury-20260824T034935Z-page008.json;/mnt/d/Projects/GoldRush/docs/phase2-ingestion/data/treasury/raw/treasury-20260824T034935Z-page009.json;/mnt/d/Projects/GoldRush/docs/phase2-ingestion/data/treasury/raw/treasury-20260824T034935Z-page010.json;/mnt/d/Projects/GoldRush/docs/phase2-ingestion/data/treasury/raw/treasury-20260824T034935Z-page011.json;/mnt/d/Projects/GoldRush/docs/phase2-ingestion/data/treasury/raw/treasury-20260824T034935Z-page012.json;/mnt/d/Projects/GoldRush/docs/phase2-ingestion/data/treasury/raw/treasury-20260824T034935Z-page013.json;/mnt/d/Projects/GoldRush/docs/phase2-ingestion/data/treasury/raw/treasury-20260824T034935Z-page014.json;/mnt/d/Projects/GoldRush/docs/phase2-ingestion/data/treasury/raw/treasury-20260824T034935Z-page015.json;/mnt/d/Projects/GoldRush/docs/phase2-ingestion/data/treasury/raw/treasury-20260824T034935Z-page016.json,docs/phase2-ingestion/data/treasury/manifests/treasury-20260824T034935Z.manifest.json,16,cf284fd2186cebbd098b2823e2195f5af04c4bc8c7e75507d7dd4e8bf063fd5b,2026-08-24T03:49:35.808873+00:00,PASS,AVAILABLE,0.1.0
L4-009,2013-02-28,3089732.42193775,11308353.2779901,11301164.60904014,99.93643045301785,27.32256718536924,percent_of_marketable_treasury_debt,Positive dated marketable debt maturing after record date and within one calendar year / Total Marketable outstanding * 100,U.S. Treasury Fiscal Data — Monthly Statement of the Public Debt Table 3,https://api.fiscaldata.treasury.gov/services/api/fiscal_service/v1/debt/mspd/mspd_table_3_market,"{""fields"":""record_date,security_type_desc,security_class1_desc,maturity_date,outstanding_amt,src_line_nbr"",""filter"":""record_date:gte:1900-01-01"",""page[size]"":10000,""sort"":""record_date,src_line_nbr""}",/mnt/d/Projects/GoldRush/docs/phase2-ingestion/data/treasury/raw/treasury-20260824T034935Z-page001.json;/mnt/d/Projects/GoldRush/docs/phase2-ingestion/data/treasury/raw/treasury-20260824T034935Z-page002.json;/mnt/d/Projects/GoldRush/docs/phase2-ingestion/data/treasury/raw/treasury-20260824T034935Z-page003.json;/mnt/d/Projects/GoldRush/docs/phase2-ingestion/data/treasury/raw/treasury-20260824T034935Z-page004.json;/mnt/d/Projects/GoldRush/docs/phase2-ingestion/data/treasury/raw/treasury-20260824T034935Z-page005.json;/mnt/d/Projects/GoldRush/docs/phase2-ingestion/data/treasury/raw/treasury-20260824T034935Z-page006.json;/mnt/d/Projects/GoldRush/docs/phase2-ingestion/data/treasury/raw/treasury-20260824T034935Z-page007.json;/mnt/d/Projects/GoldRush/docs/phase2-ingestion/data/treasury/raw/treasury-20260824T034935Z-page008.json;/mnt/d/Projects/GoldRush/docs/phase2-ingestion/data/treasury/raw/treasury-20260824T034935Z-page009.json;/mnt/d/Projects/GoldRush/docs/phase2-ingestion/data/treasury/raw/treasury-20260824T034935Z-page010.json;/mnt/d/Projects/GoldRush/docs/phase2-ingestion/data/treasury/raw/treasury-20260824T034935Z-page011.json;/mnt/d/Projects/GoldRush/docs/phase2-ingestion/data/treasury/raw/treasury-20260824T034935Z-page012.json;/mnt/d/Projects/GoldRush/docs/phase2-ingestion/data/treasury/raw/treasury-20260824T034935Z-page013.json;/mnt/d/Projects/GoldRush/docs/phase2-ingestion/data/treasury/raw/treasury-20260824T034935Z-page014.json;/mnt/d/Projects/GoldRush/docs/phase2-ingestion/data/treasury/raw/treasury-20260824T034935Z-page015.json;/mnt/d/Projects/GoldRush/docs/phase2-ingestion/data/treasury/raw/treasury-20260824T034935Z-page016.json,docs/phase2-ingestion/data/treasury/manifests/treasury-20260824T034935Z.manifest.json,16,cf284fd2186cebbd098b2823e2195f5af04c4bc8c7e75507d7dd4e8bf063fd5b,2026-08-24T03:49:35.808873+00:00,PASS,AVAILABLE,0.1.0
L4-009,2013-03-31,3144735.48796984,11398005.3842472,11333676.05919718,99.43560892558511,27.590226376941995,percent_of_marketable_treasury_debt,Positive dated marketable debt maturing after record date and within one calendar year / Total Marketable outstanding * 100,U.S. Treasury Fiscal Data — Monthly Statement of the Public Debt Table 3,https://api.fiscaldata.treasury.gov/services/api/fiscal_service/v1/debt/mspd/mspd_table_3_market,"{""fields"":""record_date,security_type_desc,security_class1_desc,maturity_date,outstanding_amt,src_line_nbr"",""filter"":""record_date:gte:1900-01-01"",""page[size]"":10000,""sort"":""record_date,src_line_nbr""}",/mnt/d/Projects/GoldRush/docs/phase2-ingestion/data/treasury/raw/treasury-20260824T034935Z-page001.json;/mnt/d/Projects/GoldRush/docs/phase2-ingestion/data/treasury/raw/treasury-20260824T034935Z-page002.json;/mnt/d/Projects/GoldRush/docs/phase2-ingestion/data/treasury/raw/treasury-20260824T034935Z-page003.json;/mnt/d/Projects/GoldRush/docs/phase2-ingestion/data/treasury/raw/treasury-20260824T034935Z-page004.json;/mnt/d/Projects/GoldRush/docs/phase2-ingestion/data/treasury/raw/treasury-20260824T034935Z-page005.json;/mnt/d/Projects/GoldRush/docs/phase2-ingestion/data/treasury/raw/treasury-20260824T034935Z-page006.json;/mnt/d/Projects/GoldRush/docs/phase2-ingestion/data/treasury/raw/treasury-20260824T034935Z-page007.json;/mnt/d/Projects/GoldRush/docs/phase2-ingestion/data/treasury/raw/treasury-20260824T034935Z-page008.json;/mnt/d/Projects/GoldRush/docs/phase2-ingestion/data/treasury/raw/treasury-20260824T034935Z-page009.json;/mnt/d/Projects/GoldRush/docs/phase2-ingestion/data/treasury/raw/treasury-20260824T034935Z-page010.json;/mnt/d/Projects/GoldRush/docs/phase2-ingestion/data/treasury/raw/treasury-20260824T034935Z-page011.json;/mnt/d/Projects/GoldRush/docs/phase2-ingestion/data/treasury/raw/treasury-20260824T034935Z-page012.json;/mnt/d/Projects/GoldRush/docs/phase2-ingestion/data/treasury/raw/treasury-20260824T034935Z-page013.json;/mnt/d/Projects/GoldRush/docs/phase2-ingestion/data/treasury/raw/treasury-20260824T034935Z-page014.json;/mnt/d/Projects/GoldRush/docs/phase2-ingestion/data/treasury/raw/treasury-20260824T034935Z-page015.json;/mnt/d/Projects/GoldRush/docs/phase2-ingestion/data/treasury/raw/treasury-20260824T034935Z-page016.json,docs/phase2-ingestion/data/treasury/manifests/treasury-20260824T034935Z.manifest.json,16,cf284fd2186cebbd098b2823e2195f5af04c4bc8c7e75507d7dd4e8bf063fd5b,2026-08-24T03:49:35.808873+00:00,PASS,AVAILABLE,0.1.0
L4-009,2013-04-30,3054413.29030959,11416760.8483259,11409572.32357593,99.93703533913452,26.753764319741137,percent_of_marketable_treasury_debt,Positive dated marketable debt maturing after record date and within one calendar year / Total Marketable outstanding * 100,U.S. Treasury Fiscal Data — Monthly Statement of the Public Debt Table 3,https://api.fiscaldata.treasury.gov/services/api/fiscal_service/v1/debt/mspd/mspd_table_3_market,"{""fields"":""record_date,security_type_desc,security_class1_desc,maturity_date,outstanding_amt,src_line_nbr"",""filter"":""record_date:gte:1900-01-01"",""page[size]"":10000,""sort"":""record_date,src_line_nbr""}",/mnt/d/Projects/GoldRush/docs/phase2-ingestion/data/treasury/raw/treasury-20260824T034935Z-page001.json;/mnt/d/Projects/GoldRush/docs/phase2-ingestion/data/treasury/raw/treasury-20260824T034935Z-page002.json;/mnt/d/Projects/GoldRush/docs/phase2-ingestion/data/treasury/raw/treasury-20260824T034935Z-page003.json;/mnt/d/Projects/GoldRush/docs/phase2-ingestion/data/treasury/raw/treasury-20260824T034935Z-page004.json;/mnt/d/Projects/GoldRush/docs/phase2-ingestion/data/treasury/raw/treasury-20260824T034935Z-page005.json;/mnt/d/Projects/GoldRush/docs/phase2-ingestion/data/treasury/raw/treasury-20260824T034935Z-page006.json;/mnt/d/Projects/GoldRush/docs/phase2-ingestion/data/treasury/raw/treasury-20260824T034935Z-page007.json;/mnt/d/Projects/GoldRush/docs/phase2-ingestion/data/treasury/raw/treasury-20260824T034935Z-page008.json;/mnt/d/Projects/GoldRush/docs/phase2-ingestion/data/treasury/raw/treasury-20260824T034935Z-page009.json;/mnt/d/Projects/GoldRush/docs/phase2-ingestion/data/treasury/raw/treasury-20260824T034935Z-page010.json;/mnt/d/Projects/GoldRush/docs/phase2-ingestion/data/treasury/raw/treasury-20260824T034935Z-page011.json;/mnt/d/Projects/GoldRush/docs/phase2-ingestion/data/treasury/raw/treasury-20260824T034935Z-page012.json;/mnt/d/Projects/GoldRush/docs/phase2-ingestion/data/treasury/raw/treasury-20260824T034935Z-page013.json;/mnt/d/Projects/GoldRush/docs/phase2-ingestion/data/treasury/raw/treasury-20260824T034935Z-page014.json;/mnt/d/Projects/GoldRush/docs/phase2-ingestion/data/treasury/raw/treasury-20260824T034935Z-page015.json;/mnt/d/Projects/GoldRush/docs/phase2-ingestion/data/treasury/raw/treasury-20260824T034935Z-page016.json,docs/phase2-ingestion/data/treasury/manifests/treasury-20260824T034935Z.manifest.json,16,cf284fd2186cebbd098b2823e2195f5af04c4bc8c7e75507d7dd4e8bf063fd5b,2026-08-24T03:49:35.808873+00:00,PASS,AVAILABLE,0.1.0
L4-009,2013-05-31,2979033.44455287,11397311.036359,11390122.73975904,99.93692989006767,26.13803760421507,percent_of_marketable_treasury_debt,Positive dated marketable debt maturing after record date and within one calendar year / Total Marketable outstanding * 100,U.S. Treasury Fiscal Data — Monthly Statement of the Public Debt Table 3,https://api.fiscaldata.treasury.gov/services/api/fiscal_service/v1/debt/mspd/mspd_table_3_market,"{""fields"":""record_date,security_type_desc,security_class1_desc,maturity_date,outstanding_amt,src_line_nbr"",""filter"":""record_date:gte:1900-01-01"",""page[size]"":10000,""sort"":""record_date,src_line_nbr""}",/mnt/d/Projects/GoldRush/docs/phase2-ingestion/data/treasury/raw/treasury-20260824T034935Z-page001.json;/mnt/d/Projects/GoldRush/docs/phase2-ingestion/data/treasury/raw/treasury-20260824T034935Z-page002.json;/mnt/d/Projects/GoldRush/docs/phase2-ingestion/data/treasury/raw/treasury-20260824T034935Z-page003.json;/mnt/d/Projects/GoldRush/docs/phase2-ingestion/data/treasury/raw/treasury-20260824T034935Z-page004.json;/mnt/d/Projects/GoldRush/docs/phase2-ingestion/data/treasury/raw/treasury-20260824T034935Z-page005.json;/mnt/d/Projects/GoldRush/docs/phase2-ingestion/data/treasury/raw/treasury-20260824T034935Z-page006.json;/mnt/d/Projects/GoldRush/docs/phase2-ingestion/data/treasury/raw/treasury-20260824T034935Z-page007.json;/mnt/d/Projects/GoldRush/docs/phase2-ingestion/data/treasury/raw/treasury-20260824T034935Z-page008.json;/mnt/d/Projects/GoldRush/docs/phase2-ingestion/data/treasury/raw/treasury-20260824T034935Z-page009.json;/mnt/d/Projects/GoldRush/docs/phase2-ingestion/data/treasury/raw/treasury-20260824T034935Z-page010.json;/mnt/d/Projects/GoldRush/docs/phase2-ingestion/data/treasury/raw/treasury-20260824T034935Z-page011.json;/mnt/d/Projects/GoldRush/docs/phase2-ingestion/data/treasury/raw/treasury-20260824T034935Z-page012.json;/mnt/d/Projects/GoldRush/docs/phase2-ingestion/data/treasury/raw/treasury-20260824T034935Z-page013.json;/mnt/d/Projects/GoldRush/docs/phase2-ingestion/data/treasury/raw/treasury-20260824T034935Z-page014.json;/mnt/d/Projects/GoldRush/docs/phase2-ingestion/data/treasury/raw/treasury-20260824T034935Z-page015.json;/mnt/d/Projects/GoldRush/docs/phase2-ingestion/data/treasury/raw/treasury-20260824T034935Z-page016.json,docs/phase2-ingestion/data/treasury/manifests/treasury-20260824T034935Z.manifest.json,16,cf284fd2186cebbd098b2823e2195f5af04c4bc8c7e75507d7dd4e8bf063fd5b,2026-08-24T03:49:35.808873+00:00,PASS,AVAILABLE,0.1.0
L4-009,2013-06-30,2952936.53566785,11395002.8756427,11330959.67364274,99.43797116421221,25.91431145647077,percent_of_marketable_treasury_debt,Positive dated marketable debt maturing after record date and within one calendar year / Total Marketable outstanding * 100,U.S. Treasury Fiscal Data — Monthly Statement of the Public Debt Table 3,https://api.fiscaldata.treasury.gov/services/api/fiscal_service/v1/debt/mspd/mspd_table_3_market,"{""fields"":""record_date,security_type_desc,security_class1_desc,maturity_date,outstanding_amt,src_line_nbr"",""filter"":""record_date:gte:1900-01-01"",""page[size]"":10000,""sort"":""record_date,src_line_nbr""}",/mnt/d/Projects/GoldRush/docs/phase2-ingestion/data/treasury/raw/treasury-20260824T034935Z-page001.json;/mnt/d/Projects/GoldRush/docs/phase2-ingestion/data/treasury/raw/treasury-20260824T034935Z-page002.json;/mnt/d/Projects/GoldRush/docs/phase2-ingestion/data/treasury/raw/treasury-20260824T034935Z-page003.json;/mnt/d/Projects/GoldRush/docs/phase2-ingestion/data/treasury/raw/treasury-20260824T034935Z-page004.json;/mnt/d/Projects/GoldRush/docs/phase2-ingestion/data/treasury/raw/treasury-20260824T034935Z-page005.json;/mnt/d/Projects/GoldRush/docs/phase2-ingestion/data/treasury/raw/treasury-20260824T034935Z-page006.json;/mnt/d/Projects/GoldRush/docs/phase2-ingestion/data/treasury/raw/treasury-20260824T034935Z-page007.json;/mnt/d/Projects/GoldRush/docs/phase2-ingestion/data/treasury/raw/treasury-20260824T034935Z-page008.json;/mnt/d/Projects/GoldRush/docs/phase2-ingestion/data/treasury/raw/treasury-20260824T034935Z-page009.json;/mnt/d/Projects/GoldRush/docs/phase2-ingestion/data/treasury/raw/treasury-20260824T034935Z-page010.json;/mnt/d/Projects/GoldRush/docs/phase2-ingestion/data/treasury/raw/treasury-20260824T034935Z-page011.json;/mnt/d/Projects/GoldRush/docs/phase2-ingestion/data/treasury/raw/treasury-20260824T034935Z-page012.json;/mnt/d/Projects/GoldRush/docs/phase2-ingestion/data/treasury/raw/treasury-20260824T034935Z-page013.json;/mnt/d/Projects/GoldRush/docs/phase2-ingestion/data/treasury/raw/treasury-20260824T034935Z-page014.json;/mnt/d/Projects/GoldRush/docs/phase2-ingestion/data/treasury/raw/treasury-20260824T034935Z-page015.json;/mnt/d/Projects/GoldRush/docs/phase2-ingestion/data/treasury/raw/treasury-20260824T034935Z-page016.json,docs/phase2-ingestion/data/treasury/manifests/treasury-20260824T034935Z.manifest.json,16,cf284fd2186cebbd098b2823e2195f5af04c4bc8c7e75507d7dd4e8bf063fd5b,2026-08-24T03:49:35.808873+00:00,PASS,AVAILABLE,0.1.0
L4-009,2013-07-31,2949771.78921675,11483490.685511,11477719.22541097,99.94974123933142,25.68706563186879,percent_of_marketable_treasury_debt,Positive dated marketable debt maturing after record date and within one calendar year / Total Marketable outstanding * 100,U.S. Treasury Fiscal Data — Monthly Statement of the Public Debt Table 3,https://api.fiscaldata.treasury.gov/services/api/fiscal_service/v1/debt/mspd/mspd_table_3_market,"{""fields"":""record_date,security_type_desc,security_class1_desc,maturity_date,outstanding_amt,src_line_nbr"",""filter"":""record_date:gte:1900-01-01"",""page[size]"":10000,""sort"":""record_date,src_line_nbr""}",/mnt/d/Projects/GoldRush/docs/phase2-ingestion/data/treasury/raw/treasury-20260824T034935Z-page001.json;/mnt/d/Projects/GoldRush/docs/phase2-ingestion/data/treasury/raw/treasury-20260824T034935Z-page002.json;/mnt/d/Projects/GoldRush/docs/phase2-ingestion/data/treasury/raw/treasury-20260824T034935Z-page003.json;/mnt/d/Projects/GoldRush/docs/phase2-ingestion/data/treasury/raw/treasury-20260824T034935Z-page004.json;/mnt/d/Projects/GoldRush/docs/phase2-ingestion/data/treasury/raw/treasury-20260824T034935Z-page005.json;/mnt/d/Projects/GoldRush/docs/phase2-ingestion/data/treasury/raw/treasury-20260824T034935Z-page006.json;/mnt/d/Projects/GoldRush/docs/phase2-ingestion/data/treasury/raw/treasury-20260824T034935Z-page007.json;/mnt/d/Projects/GoldRush/docs/phase2-ingestion/data/treasury/raw/treasury-20260824T034935Z-page008.json;/mnt/d/Projects/GoldRush/docs/phase2-ingestion/data/treasury/raw/treasury-20260824T034935Z-page009.json;/mnt/d/Projects/GoldRush/docs/phase2-ingestion/data/treasury/raw/treasury-20260824T034935Z-page010.json;/mnt/d/Projects/GoldRush/docs/phase2-ingestion/data/treasury/raw/treasury-20260824T034935Z-page011.json;/mnt/d/Projects/GoldRush/docs/phase2-ingestion/data/treasury/raw/treasury-20260824T034935Z-page012.json;/mnt/d/Projects/GoldRush/docs/phase2-ingestion/data/treasury/raw/treasury-20260824T034935Z-page013.json;/mnt/d/Projects/GoldRush/docs/phase2-ingestion/data/treasury/raw/treasury-20260824T034935Z-page014.json;/mnt/d/Projects/GoldRush/docs/phase2-ingestion/data/treasury/raw/treasury-20260824T034935Z-page015.json;/mnt/d/Projects/GoldRush/docs/phase2-ingestion/data/treasury/raw/treasury-20260824T034935Z-page016.json,docs/phase2-ingestion/data/treasury/manifests/treasury-20260824T034935Z.manifest.json,16,cf284fd2186cebbd098b2823e2195f5af04c4bc8c7e75507d7dd4e8bf063fd5b,2026-08-24T03:49:35.808873+00:00,PASS,AVAILABLE,0.1.0
L4-009,2013-08-31,3035340.03736348,11586179.0644218,11520499.87062184,99.43312464415776,26.197938254590202,percent_of_marketable_treasury_debt,Positive dated marketable debt maturing after record date and within one calendar year / Total Marketable outstanding * 100,U.S. Treasury Fiscal Data — Monthly Statement of the Public Debt Table 3,https://api.fiscaldata.treasury.gov/services/api/fiscal_service/v1/debt/mspd/mspd_table_3_market,"{""fields"":""record_date,security_type_desc,security_class1_desc,maturity_date,outstanding_amt,src_line_nbr"",""filter"":""record_date:gte:1900-01-01"",""page[size]"":10000,""sort"":""record_date,src_line_nbr""}",/mnt/d/Projects/GoldRush/docs/phase2-ingestion/data/treasury/raw/treasury-20260824T034935Z-page001.json;/mnt/d/Projects/GoldRush/docs/phase2-ingestion/data/treasury/raw/treasury-20260824T034935Z-page002.json;/mnt/d/Projects/GoldRush/docs/phase2-ingestion/data/treasury/raw/treasury-20260824T034935Z-page003.json;/mnt/d/Projects/GoldRush/docs/phase2-ingestion/data/treasury/raw/treasury-20260824T034935Z-page004.json;/mnt/d/Projects/GoldRush/docs/phase2-ingestion/data/treasury/raw/treasury-20260824T034935Z-page005.json;/mnt/d/Projects/GoldRush/docs/phase2-ingestion/data/treasury/raw/treasury-20260824T034935Z-page006.json;/mnt/d/Projects/GoldRush/docs/phase2-ingestion/data/treasury/raw/treasury-20260824T034935Z-page007.json;/mnt/d/Projects/GoldRush/docs/phase2-ingestion/data/treasury/raw/treasury-20260824T034935Z-page008.json;/mnt/d/Projects/GoldRush/docs/phase2-ingestion/data/treasury/raw/treasury-20260824T034935Z-page009.json;/mnt/d/Projects/GoldRush/docs/phase2-ingestion/data/treasury/raw/treasury-20260824T034935Z-page010.json;/mnt/d/Projects/GoldRush/docs/phase2-ingestion/data/treasury/raw/treasury-20260824T034935Z-page011.json;/mnt/d/Projects/GoldRush/docs/phase2-ingestion/data/treasury/raw/treasury-20260824T034935Z-page012.json;/mnt/d/Projects/GoldRush/docs/phase2-ingestion/data/treasury/raw/treasury-20260824T034935Z-page013.json;/mnt/d/Projects/GoldRush/docs/phase2-ingestion/data/treasury/raw/treasury-20260824T034935Z-page014.json;/mnt/d/Projects/GoldRush/docs/phase2-ingestion/data/treasury/raw/treasury-20260824T034935Z-page015.json;/mnt/d/Projects/GoldRush/docs/phase2-ingestion/data/treasury/raw/treasury-20260824T034935Z-page016.json,docs/phase2-ingestion/data/treasury/manifests/treasury-20260824T034935Z.manifest.json,16,cf284fd2186cebbd098b2823e2195f5af04c4bc8c7e75507d7dd4e8bf063fd5b,2026-08-24T03:49:35.808873+00:00,PASS,AVAILABLE,0.1.0
L4-009,2013-09-30,2939425.77248996,11596155.0256437,11590384.01554371,99.95023341713501,25.34827937354859,percent_of_marketable_treasury_debt,Positive dated marketable debt maturing after record date and within one calendar year / Total Marketable outstanding * 100,U.S. Treasury Fiscal Data — Monthly Statement of the Public Debt Table 3,https://api.fiscaldata.treasury.gov/services/api/fiscal_service/v1/debt/mspd/mspd_table_3_market,"{""fields"":""record_date,security_type_desc,security_class1_desc,maturity_date,outstanding_amt,src_line_nbr"",""filter"":""record_date:gte:1900-01-01"",""page[size]"":10000,""sort"":""record_date,src_line_nbr""}",/mnt/d/Projects/GoldRush/docs/phase2-ingestion/data/treasury/raw/treasury-20260824T034935Z-page001.json;/mnt/d/Projects/GoldRush/docs/phase2-ingestion/data/treasury/raw/treasury-20260824T034935Z-page002.json;/mnt/d/Projects/GoldRush/docs/phase2-ingestion/data/treasury/raw/treasury-20260824T034935Z-page003.json;/mnt/d/Projects/GoldRush/docs/phase2-ingestion/data/treasury/raw/treasury-20260824T034935Z-page004.json;/mnt/d/Projects/GoldRush/docs/phase2-ingestion/data/treasury/raw/treasury-20260824T034935Z-page005.json;/mnt/d/Projects/GoldRush/docs/phase2-ingestion/data/treasury/raw/treasury-20260824T034935Z-page006.json;/mnt/d/Projects/GoldRush/docs/phase2-ingestion/data/treasury/raw/treasury-20260824T034935Z-page007.json;/mnt/d/Projects/GoldRush/docs/phase2-ingestion/data/treasury/raw/treasury-20260824T034935Z-page008.json;/mnt/d/Projects/GoldRush/docs/phase2-ingestion/data/treasury/raw/treasury-20260824T034935Z-page009.json;/mnt/d/Projects/GoldRush/docs/phase2-ingestion/data/treasury/raw/treasury-20260824T034935Z-page010.json;/mnt/d/Projects/GoldRush/docs/phase2-ingestion/data/treasury/raw/treasury-20260824T034935Z-page011.json;/mnt/d/Projects/GoldRush/docs/phase2-ingestion/data/treasury/raw/treasury-20260824T034935Z-page012.json;/mnt/d/Projects/GoldRush/docs/phase2-ingestion/data/treasury/raw/treasury-20260824T034935Z-page013.json;/mnt/d/Projects/GoldRush/docs/phase2-ingestion/data/treasury/raw/treasury-20260824T034935Z-page014.json;/mnt/d/Projects/GoldRush/docs/phase2-ingestion/data/treasury/raw/treasury-20260824T034935Z-page015.json;/mnt/d/Projects/GoldRush/docs/phase2-ingestion/data/treasury/raw/treasury-20260824T034935Z-page016.json,docs/phase2-ingestion/data/treasury/manifests/treasury-20260824T034935Z.manifest.json,16,cf284fd2186cebbd098b2823e2195f5af04c4bc8c7e75507d7dd4e8bf063fd5b,2026-08-24T03:49:35.808873+00:00,PASS,AVAILABLE,0.1.0
L4-009,2013-10-31,2969829.35058725,11694997.3370875,11679921.58198748,99.8710922741965,25.394014765349667,percent_of_marketable_treasury_debt,Positive dated marketable debt maturing after record date and within one calendar year / Total Marketable outstanding * 100,U.S. Treasury Fiscal Data — Monthly Statement of the Public Debt Table 3,https://api.fiscaldata.treasury.gov/services/api/fiscal_service/v1/debt/mspd/mspd_table_3_market,"{""fields"":""record_date,security_type_desc,security_class1_desc,maturity_date,outstanding_amt,src_line_nbr"",""filter"":""record_date:gte:1900-01-01"",""page[size]"":10000,""sort"":""record_date,src_line_nbr""}",/mnt/d/Projects/GoldRush/docs/phase2-ingestion/data/treasury/raw/treasury-20260824T034935Z-page001.json;/mnt/d/Projects/GoldRush/docs/phase2-ingestion/data/treasury/raw/treasury-20260824T034935Z-page002.json;/mnt/d/Projects/GoldRush/docs/phase2-ingestion/data/treasury/raw/treasury-20260824T034935Z-page003.json;/mnt/d/Projects/GoldRush/docs/phase2-ingestion/data/treasury/raw/treasury-20260824T034935Z-page004.json;/mnt/d/Projects/GoldRush/docs/phase2-ingestion/data/treasury/raw/treasury-20260824T034935Z-page005.json;/mnt/d/Projects/GoldRush/docs/phase2-ingestion/data/treasury/raw/treasury-20260824T034935Z-page006.json;/mnt/d/Projects/GoldRush/docs/phase2-ingestion/data/treasury/raw/treasury-20260824T034935Z-page007.json;/mnt/d/Projects/GoldRush/docs/phase2-ingestion/data/treasury/raw/treasury-20260824T034935Z-page008.json;/mnt/d/Projects/GoldRush/docs/phase2-ingestion/data/treasury/raw/treasury-20260824T034935Z-page009.json;/mnt/d/Projects/GoldRush/docs/phase2-ingestion/data/treasury/raw/treasury-20260824T034935Z-page010.json;/mnt/d/Projects/GoldRush/docs/phase2-ingestion/data/treasury/raw/treasury-20260824T034935Z-page011.json;/mnt/d/Projects/GoldRush/docs/phase2-ingestion/data/treasury/raw/treasury-20260824T034935Z-page012.json;/mnt/d/Projects/GoldRush/docs/phase2-ingestion/data/treasury/raw/treasury-20260824T034935Z-page013.json;/mnt/d/Projects/GoldRush/docs/phase2-ingestion/data/treasury/raw/treasury-20260824T034935Z-page014.json;/mnt/d/Projects/GoldRush/docs/phase2-ingestion/data/treasury/raw/treasury-20260824T034935Z-page015.json;/mnt/d/Projects/GoldRush/docs/phase2-ingestion/data/treasury/raw/treasury-20260824T034935Z-page016.json,docs/phase2-ingestion/data/treasury/manifests/treasury-20260824T034935Z.manifest.json,16,cf284fd2186cebbd098b2823e2195f5af04c4bc8c7e75507d7dd4e8bf063fd5b,2026-08-24T03:49:35.808873+00:00,PASS,AVAILABLE,0.1.0
L4-009,2013-11-30,3056185.47105683,11791637.4304214,11712156.70582137,99.32595684807119,25.918244934941242,percent_of_marketable_treasury_debt,Positive dated marketable debt maturing after record date and within one calendar year / Total Marketable outstanding * 100,U.S. Treasury Fiscal Data — Monthly Statement of the Public Debt Table 3,https://api.fiscaldata.treasury.gov/services/api/fiscal_service/v1/debt/mspd/mspd_table_3_market,"{""fields"":""record_date,security_type_desc,security_class1_desc,maturity_date,outstanding_amt,src_line_nbr"",""filter"":""record_date:gte:1900-01-01"",""page[size]"":10000,""sort"":""record_date,src_line_nbr""}",/mnt/d/Projects/GoldRush/docs/phase2-ingestion/data/treasury/raw/treasury-20260824T034935Z-page001.json;/mnt/d/Projects/GoldRush/docs/phase2-ingestion/data/treasury/raw/treasury-20260824T034935Z-page002.json;/mnt/d/Projects/GoldRush/docs/phase2-ingestion/data/treasury/raw/treasury-20260824T034935Z-page003.json;/mnt/d/Projects/GoldRush/docs/phase2-ingestion/data/treasury/raw/treasury-20260824T034935Z-page004.json;/mnt/d/Projects/GoldRush/docs/phase2-ingestion/data/treasury/raw/treasury-20260824T034935Z-page005.json;/mnt/d/Projects/GoldRush/docs/phase2-ingestion/data/treasury/raw/treasury-20260824T034935Z-page006.json;/mnt/d/Projects/GoldRush/docs/phase2-ingestion/data/treasury/raw/treasury-20260824T034935Z-page007.json;/mnt/d/Projects/GoldRush/docs/phase2-ingestion/data/treasury/raw/treasury-20260824T034935Z-page008.json;/mnt/d/Projects/GoldRush/docs/phase2-ingestion/data/treasury/raw/treasury-20260824T034935Z-page009.json;/mnt/d/Projects/GoldRush/docs/phase2-ingestion/data/treasury/raw/treasury-20260824T034935Z-page010.json;/mnt/d/Projects/GoldRush/docs/phase2-ingestion/data/treasury/raw/treasury-20260824T034935Z-page011.json;/mnt/d/Projects/GoldRush/docs/phase2-ingestion/data/treasury/raw/treasury-20260824T034935Z-page012.json;/mnt/d/Projects/GoldRush/docs/phase2-ingestion/data/treasury/raw/treasury-20260824T034935Z-page013.json;/mnt/d/Projects/GoldRush/docs/phase2-ingestion/data/treasury/raw/treasury-20260824T034935Z-page014.json;/mnt/d/Projects/GoldRush/docs/phase2-ingestion/data/treasury/raw/treasury-20260824T034935Z-page015.json;/mnt/d/Projects/GoldRush/docs/phase2-ingestion/data/treasury/raw/treasury-20260824T034935Z-page016.json,docs/phase2-ingestion/data/treasury/manifests/treasury-20260824T034935Z.manifest.json,16,cf284fd2186cebbd098b2823e2195f5af04c4bc8c7e75507d7dd4e8bf063fd5b,2026-08-24T03:49:35.808873+00:00,PASS,AVAILABLE,0.1.0
L4-009,2013-12-31,3039790.33246215,11869434.173826,11854358.46492604,99.87298713081704,25.6102379266349,percent_of_marketable_treasury_debt,Positive dated marketable debt maturing after record date and within one calendar year / Total Marketable outstanding * 100,U.S. Treasury Fiscal Data — Monthly Statement of the Public Debt Table 3,https://api.fiscaldata.treasury.gov/services/api/fiscal_service/v1/debt/mspd/mspd_table_3_market,"{""fields"":""record_date,security_type_desc,security_class1_desc,maturity_date,outstanding_amt,src_line_nbr"",""filter"":""record_date:gte:1900-01-01"",""page[size]"":10000,""sort"":""record_date,src_line_nbr""}",/mnt/d/Projects/GoldRush/docs/phase2-ingestion/data/treasury/raw/treasury-20260824T034935Z-page001.json;/mnt/d/Projects/GoldRush/docs/phase2-ingestion/data/treasury/raw/treasury-20260824T034935Z-page002.json;/mnt/d/Projects/GoldRush/docs/phase2-ingestion/data/treasury/raw/treasury-20260824T034935Z-page003.json;/mnt/d/Projects/GoldRush/docs/phase2-ingestion/data/treasury/raw/treasury-20260824T034935Z-page004.json;/mnt/d/Projects/GoldRush/docs/phase2-ingestion/data/treasury/raw/treasury-20260824T034935Z-page005.json;/mnt/d/Projects/GoldRush/docs/phase2-ingestion/data/treasury/raw/treasury-20260824T034935Z-page006.json;/mnt/d/Projects/GoldRush/docs/phase2-ingestion/data/treasury/raw/treasury-20260824T034935Z-page007.json;/mnt/d/Projects/GoldRush/docs/phase2-ingestion/data/treasury/raw/treasury-20260824T034935Z-page008.json;/mnt/d/Projects/GoldRush/docs/phase2-ingestion/data/treasury/raw/treasury-20260824T034935Z-page009.json;/mnt/d/Projects/GoldRush/docs/phase2-ingestion/data/treasury/raw/treasury-20260824T034935Z-page010.json;/mnt/d/Projects/GoldRush/docs/phase2-ingestion/data/treasury/raw/treasury-20260824T034935Z-page011.json;/mnt/d/Projects/GoldRush/docs/phase2-ingestion/data/treasury/raw/treasury-20260824T034935Z-page012.json;/mnt/d/Projects/GoldRush/docs/phase2-ingestion/data/treasury/raw/treasury-20260824T034935Z-page013.json;/mnt/d/Projects/GoldRush/docs/phase2-ingestion/data/treasury/raw/treasury-20260824T034935Z-page014.json;/mnt/d/Projects/GoldRush/docs/phase2-ingestion/data/treasury/raw/treasury-20260824T034935Z-page015.json;/mnt/d/Projects/GoldRush/docs/phase2-ingestion/data/treasury/raw/treasury-20260824T034935Z-page016.json,docs/phase2-ingestion/data/treasury/manifests/treasury-20260824T034935Z.manifest.json,16,cf284fd2186cebbd098b2823e2195f5af04c4bc8c7e75507d7dd4e8bf063fd5b,2026-08-24T03:49:35.808873+00:00,PASS,AVAILABLE,0.1.0
L4-009,2014-01-31,2942700.68860376,11825321.5965193,11810245.92761926,99.87251366673632,24.884741311981934,percent_of_marketable_treasury_debt,Positive dated marketable debt maturing after record date and within one calendar year / Total Marketable outstanding * 100,U.S. Treasury Fiscal Data — Monthly Statement of the Public Debt Table 3,https://api.fiscaldata.treasury.gov/services/api/fiscal_service/v1/debt/mspd/mspd_table_3_market,"{""fields"":""record_date,security_type_desc,security_class1_desc,maturity_date,outstanding_amt,src_line_nbr"",""filter"":""record_date:gte:1900-01-01"",""page[size]"":10000,""sort"":""record_date,src_line_nbr""}",/mnt/d/Projects/GoldRush/docs/phase2-ingestion/data/treasury/raw/treasury-20260824T034935Z-page001.json;/mnt/d/Projects/GoldRush/docs/phase2-ingestion/data/treasury/raw/treasury-20260824T034935Z-page002.json;/mnt/d/Projects/GoldRush/docs/phase2-ingestion/data/treasury/raw/treasury-20260824T034935Z-page003.json;/mnt/d/Projects/GoldRush/docs/phase2-ingestion/data/treasury/raw/treasury-20260824T034935Z-page004.json;/mnt/d/Projects/GoldRush/docs/phase2-ingestion/data/treasury/raw/treasury-20260824T034935Z-page005.json;/mnt/d/Projects/GoldRush/docs/phase2-ingestion/data/treasury/raw/treasury-20260824T034935Z-page006.json;/mnt/d/Projects/GoldRush/docs/phase2-ingestion/data/treasury/raw/treasury-20260824T034935Z-page007.json;/mnt/d/Projects/GoldRush/docs/phase2-ingestion/data/treasury/raw/treasury-20260824T034935Z-page008.json;/mnt/d/Projects/GoldRush/docs/phase2-ingestion/data/treasury/raw/treasury-20260824T034935Z-page009.json;/mnt/d/Projects/GoldRush/docs/phase2-ingestion/data/treasury/raw/treasury-20260824T034935Z-page010.json;/mnt/d/Projects/GoldRush/docs/phase2-ingestion/data/treasury/raw/treasury-20260824T034935Z-page011.json;/mnt/d/Projects/GoldRush/docs/phase2-ingestion/data/treasury/raw/treasury-20260824T034935Z-page012.json;/mnt/d/Projects/GoldRush/docs/phase2-ingestion/data/treasury/raw/treasury-20260824T034935Z-page013.json;/mnt/d/Projects/GoldRush/docs/phase2-ingestion/data/treasury/raw/treasury-20260824T034935Z-page014.json;/mnt/d/Projects/GoldRush/docs/phase2-ingestion/data/treasury/raw/treasury-20260824T034935Z-page015.json;/mnt/d/Projects/GoldRush/docs/phase2-ingestion/data/treasury/raw/treasury-20260824T034935Z-page016.json,docs/phase2-ingestion/data/treasury/manifests/treasury-20260824T034935Z.manifest.json,16,cf284fd2186cebbd098b2823e2195f5af04c4bc8c7e75507d7dd4e8bf063fd5b,2026-08-24T03:49:35.808873+00:00,PASS,AVAILABLE,0.1.0
L4-009,2014-02-28,3099330.18403654,12011442.9386853,11996367.48878528,99.87449093354583,25.80314621530204,percent_of_marketable_treasury_debt,Positive dated marketable debt maturing after record date and within one calendar year / Total Marketable outstanding * 100,U.S. Treasury Fiscal Data — Monthly Statement of the Public Debt Table 3,https://api.fiscaldata.treasury.gov/services/api/fiscal_service/v1/debt/mspd/mspd_table_3_market,"{""fields"":""record_date,security_type_desc,security_class1_desc,maturity_date,outstanding_amt,src_line_nbr"",""filter"":""record_date:gte:1900-01-01"",""page[size]"":10000,""sort"":""record_date,src_line_nbr""}",/mnt/d/Projects/GoldRush/docs/phase2-ingestion/data/treasury/raw/treasury-20260824T034935Z-page001.json;/mnt/d/Projects/GoldRush/docs/phase2-ingestion/data/treasury/raw/treasury-20260824T034935Z-page002.json;/mnt/d/Projects/GoldRush/docs/phase2-ingestion/data/treasury/raw/treasury-20260824T034935Z-page003.json;/mnt/d/Projects/GoldRush/docs/phase2-ingestion/data/treasury/raw/treasury-20260824T034935Z-page004.json;/mnt/d/Projects/GoldRush/docs/phase2-ingestion/data/treasury/raw/treasury-20260824T034935Z-page005.json;/mnt/d/Projects/GoldRush/docs/phase2-ingestion/data/treasury/raw/treasury-20260824T034935Z-page006.json;/mnt/d/Projects/GoldRush/docs/phase2-ingestion/data/treasury/raw/treasury-20260824T034935Z-page007.json;/mnt/d/Projects/GoldRush/docs/phase2-ingestion/data/treasury/raw/treasury-20260824T034935Z-page008.json;/mnt/d/Projects/GoldRush/docs/phase2-ingestion/data/treasury/raw/treasury-20260824T034935Z-page009.json;/mnt/d/Projects/GoldRush/docs/phase2-ingestion/data/treasury/raw/treasury-20260824T034935Z-page010.json;/mnt/d/Projects/GoldRush/docs/phase2-ingestion/data/treasury/raw/treasury-20260824T034935Z-page011.json;/mnt/d/Projects/GoldRush/docs/phase2-ingestion/data/treasury/raw/treasury-20260824T034935Z-page012.json;/mnt/d/Projects/GoldRush/docs/phase2-ingestion/data/treasury/raw/treasury-20260824T034935Z-page013.json;/mnt/d/Projects/GoldRush/docs/phase2-ingestion/data/treasury/raw/treasury-20260824T034935Z-page014.json;/mnt/d/Projects/GoldRush/docs/phase2-ingestion/data/treasury/raw/treasury-20260824T034935Z-page015.json;/mnt/d/Projects/GoldRush/docs/phase2-ingestion/data/treasury/raw/treasury-20260824T034935Z-page016.json,docs/phase2-ingestion/data/treasury/manifests/treasury-20260824T034935Z.manifest.json,16,cf284fd2186cebbd098b2823e2195f5af04c4bc8c7e75507d7dd4e8bf063fd5b,2026-08-24T03:49:35.808873+00:00,PASS,AVAILABLE,0.1.0
L4-009,2014-03-31,3146756.18475708,12135492.2081673,12120416.86901726,99.87577480260839,25.930189981410756,percent_of_marketable_treasury_debt,Positive dated marketable debt maturing after record date and within one calendar year / Total Marketable outstanding * 100,U.S. Treasury Fiscal Data — Monthly Statement of the Public Debt Table 3,https://api.fiscaldata.treasury.gov/services/api/fiscal_service/v1/debt/mspd/mspd_table_3_market,"{""fields"":""record_date,security_type_desc,security_class1_desc,maturity_date,outstanding_amt,src_line_nbr"",""filter"":""record_date:gte:1900-01-01"",""page[size]"":10000,""sort"":""record_date,src_line_nbr""}",/mnt/d/Projects/GoldRush/docs/phase2-ingestion/data/treasury/raw/treasury-20260824T034935Z-page001.json;/mnt/d/Projects/GoldRush/docs/phase2-ingestion/data/treasury/raw/treasury-20260824T034935Z-page002.json;/mnt/d/Projects/GoldRush/docs/phase2-ingestion/data/treasury/raw/treasury-20260824T034935Z-page003.json;/mnt/d/Projects/GoldRush/docs/phase2-ingestion/data/treasury/raw/treasury-20260824T034935Z-page004.json;/mnt/d/Projects/GoldRush/docs/phase2-ingestion/data/treasury/raw/treasury-20260824T034935Z-page005.json;/mnt/d/Projects/GoldRush/docs/phase2-ingestion/data/treasury/raw/treasury-20260824T034935Z-page006.json;/mnt/d/Projects/GoldRush/docs/phase2-ingestion/data/treasury/raw/treasury-20260824T034935Z-page007.json;/mnt/d/Projects/GoldRush/docs/phase2-ingestion/data/treasury/raw/treasury-20260824T034935Z-page008.json;/mnt/d/Projects/GoldRush/docs/phase2-ingestion/data/treasury/raw/treasury-20260824T034935Z-page009.json;/mnt/d/Projects/GoldRush/docs/phase2-ingestion/data/treasury/raw/treasury-20260824T034935Z-page010.json;/mnt/d/Projects/GoldRush/docs/phase2-ingestion/data/treasury/raw/treasury-20260824T034935Z-page011.json;/mnt/d/Projects/GoldRush/docs/phase2-ingestion/data/treasury/raw/treasury-20260824T034935Z-page012.json;/mnt/d/Projects/GoldRush/docs/phase2-ingestion/data/treasury/raw/treasury-20260824T034935Z-page013.json;/mnt/d/Projects/GoldRush/docs/phase2-ingestion/data/treasury/raw/treasury-20260824T034935Z-page014.json;/mnt/d/Projects/GoldRush/docs/phase2-ingestion/data/treasury/raw/treasury-20260824T034935Z-page015.json;/mnt/d/Projects/GoldRush/docs/phase2-ingestion/data/treasury/raw/treasury-20260824T034935Z-page016.json,docs/phase2-ingestion/data/treasury/manifests/treasury-20260824T034935Z.manifest.json,16,cf284fd2186cebbd098b2823e2195f5af04c4bc8c7e75507d7dd4e8bf063fd5b,2026-08-24T03:49:35.808873+00:00,PASS,AVAILABLE,0.1.0
L4-009,2014-04-30,2995047.18762077,12016501.7193983,12026426.39944832,100.08259209112414,24.924451870928873,percent_of_marketable_treasury_debt,Positive dated marketable debt maturing after record date and within one calendar year / Total Marketable outstanding * 100,U.S. Treasury Fiscal Data — Monthly Statement of the Public Debt Table 3,https://api.fiscaldata.treasury.gov/services/api/fiscal_service/v1/debt/mspd/mspd_table_3_market,"{""fields"":""record_date,security_type_desc,security_class1_desc,maturity_date,outstanding_amt,src_line_nbr"",""filter"":""record_date:gte:1900-01-01"",""page[size]"":10000,""sort"":""record_date,src_line_nbr""}",/mnt/d/Projects/GoldRush/docs/phase2-ingestion/data/treasury/raw/treasury-20260824T034935Z-page001.json;/mnt/d/Projects/GoldRush/docs/phase2-ingestion/data/treasury/raw/treasury-20260824T034935Z-page002.json;/mnt/d/Projects/GoldRush/docs/phase2-ingestion/data/treasury/raw/treasury-20260824T034935Z-page003.json;/mnt/d/Projects/GoldRush/docs/phase2-ingestion/data/treasury/raw/treasury-20260824T034935Z-page004.json;/mnt/d/Projects/GoldRush/docs/phase2-ingestion/data/treasury/raw/treasury-20260824T034935Z-page005.json;/mnt/d/Projects/GoldRush/docs/phase2-ingestion/data/treasury/raw/treasury-20260824T034935Z-page006.json;/mnt/d/Projects/GoldRush/docs/phase2-ingestion/data/treasury/raw/treasury-20260824T034935Z-page007.json;/mnt/d/Projects/GoldRush/docs/phase2-ingestion/data/treasury/raw/treasury-20260824T034935Z-page008.json;/mnt/d/Projects/GoldRush/docs/phase2-ingestion/data/treasury/raw/treasury-20260824T034935Z-page009.json;/mnt/d/Projects/GoldRush/docs/phase2-ingestion/data/treasury/raw/treasury-20260824T034935Z-page010.json;/mnt/d/Projects/GoldRush/docs/phase2-ingestion/data/treasury/raw/treasury-20260824T034935Z-page011.json;/mnt/d/Projects/GoldRush/docs/phase2-ingestion/data/treasury/raw/treasury-20260824T034935Z-page012.json;/mnt/d/Projects/GoldRush/docs/phase2-ingestion/data/treasury/raw/treasury-20260824T034935Z-page013.json;/mnt/d/Projects/GoldRush/docs/phase2-ingestion/data/treasury/raw/treasury-20260824T034935Z-page014.json;/mnt/d/Projects/GoldRush/docs/phase2-ingestion/data/treasury/raw/treasury-20260824T034935Z-page015.json;/mnt/d/Projects/GoldRush/docs/phase2-ingestion/data/treasury/raw/treasury-20260824T034935Z-page016.json,docs/phase2-ingestion/data/treasury/manifests/treasury-20260824T034935Z.manifest.json,16,cf284fd2186cebbd098b2823e2195f5af04c4bc8c7e75507d7dd4e8bf063fd5b,2026-08-24T03:49:35.808873+00:00,PASS,AVAILABLE,0.1.0
L4-009,2014-05-31,2974355.72688106,12048416.5128509,11962171.67670094,99.28418115311692,24.686694087215507,percent_of_marketable_treasury_debt,Positive dated marketable debt maturing after record date and within one calendar year / Total Marketable outstanding * 100,U.S. Treasury Fiscal Data — Monthly Statement of the Public Debt Table 3,https://api.fiscaldata.treasury.gov/services/api/fiscal_service/v1/debt/mspd/mspd_table_3_market,"{""fields"":""record_date,security_type_desc,security_class1_desc,maturity_date,outstanding_amt,src_line_nbr"",""filter"":""record_date:gte:1900-01-01"",""page[size]"":10000,""sort"":""record_date,src_line_nbr""}",/mnt/d/Projects/GoldRush/docs/phase2-ingestion/data/treasury/raw/treasury-20260824T034935Z-page001.json;/mnt/d/Projects/GoldRush/docs/phase2-ingestion/data/treasury/raw/treasury-20260824T034935Z-page002.json;/mnt/d/Projects/GoldRush/docs/phase2-ingestion/data/treasury/raw/treasury-20260824T034935Z-page003.json;/mnt/d/Projects/GoldRush/docs/phase2-ingestion/data/treasury/raw/treasury-20260824T034935Z-page004.json;/mnt/d/Projects/GoldRush/docs/phase2-ingestion/data/treasury/raw/treasury-20260824T034935Z-page005.json;/mnt/d/Projects/GoldRush/docs/phase2-ingestion/data/treasury/raw/treasury-20260824T034935Z-page006.json;/mnt/d/Projects/GoldRush/docs/phase2-ingestion/data/treasury/raw/treasury-20260824T034935Z-page007.json;/mnt/d/Projects/GoldRush/docs/phase2-ingestion/data/treasury/raw/treasury-20260824T034935Z-page008.json;/mnt/d/Projects/GoldRush/docs/phase2-ingestion/data/treasury/raw/treasury-20260824T034935Z-page009.json;/mnt/d/Projects/GoldRush/docs/phase2-ingestion/data/treasury/raw/treasury-20260824T034935Z-page010.json;/mnt/d/Projects/GoldRush/docs/phase2-ingestion/data/treasury/raw/treasury-20260824T034935Z-page011.json;/mnt/d/Projects/GoldRush/docs/phase2-ingestion/data/treasury/raw/treasury-20260824T034935Z-page012.json;/mnt/d/Projects/GoldRush/docs/phase2-ingestion/data/treasury/raw/treasury-20260824T034935Z-page013.json;/mnt/d/Projects/GoldRush/docs/phase2-ingestion/data/treasury/raw/treasury-20260824T034935Z-page014.json;/mnt/d/Projects/GoldRush/docs/phase2-ingestion/data/treasury/raw/treasury-20260824T034935Z-page015.json;/mnt/d/Projects/GoldRush/docs/phase2-ingestion/data/treasury/raw/treasury-20260824T034935Z-page016.json,docs/phase2-ingestion/data/treasury/manifests/treasury-20260824T034935Z.manifest.json,16,cf284fd2186cebbd098b2823e2195f5af04c4bc8c7e75507d7dd4e8bf063fd5b,2026-08-24T03:49:35.808873+00:00,PASS,AVAILABLE,0.1.0
L4-009,2014-06-30,2916572.6149967,12084216.7988846,12070529.83973459,99.88673689509383,24.13538803165056,percent_of_marketable_treasury_debt,Positive dated marketable debt maturing after record date and within one calendar year / Total Marketable outstanding * 100,U.S. Treasury Fiscal Data — Monthly Statement of the Public Debt Table 3,https://api.fiscaldata.treasury.gov/services/api/fiscal_service/v1/debt/mspd/mspd_table_3_market,"{""fields"":""record_date,security_type_desc,security_class1_desc,maturity_date,outstanding_amt,src_line_nbr"",""filter"":""record_date:gte:1900-01-01"",""page[size]"":10000,""sort"":""record_date,src_line_nbr""}",/mnt/d/Projects/GoldRush/docs/phase2-ingestion/data/treasury/raw/treasury-20260824T034935Z-page001.json;/mnt/d/Projects/GoldRush/docs/phase2-ingestion/data/treasury/raw/treasury-20260824T034935Z-page002.json;/mnt/d/Projects/GoldRush/docs/phase2-ingestion/data/treasury/raw/treasury-20260824T034935Z-page003.json;/mnt/d/Projects/GoldRush/docs/phase2-ingestion/data/treasury/raw/treasury-20260824T034935Z-page004.json;/mnt/d/Projects/GoldRush/docs/phase2-ingestion/data/treasury/raw/treasury-20260824T034935Z-page005.json;/mnt/d/Projects/GoldRush/docs/phase2-ingestion/data/treasury/raw/treasury-20260824T034935Z-page006.json;/mnt/d/Projects/GoldRush/docs/phase2-ingestion/data/treasury/raw/treasury-20260824T034935Z-page007.json;/mnt/d/Projects/GoldRush/docs/phase2-ingestion/data/treasury/raw/treasury-20260824T034935Z-page008.json;/mnt/d/Projects/GoldRush/docs/phase2-ingestion/data/treasury/raw/treasury-20260824T034935Z-page009.json;/mnt/d/Projects/GoldRush/docs/phase2-ingestion/data/treasury/raw/treasury-20260824T034935Z-page010.json;/mnt/d/Projects/GoldRush/docs/phase2-ingestion/data/treasury/raw/treasury-20260824T034935Z-page011.json;/mnt/d/Projects/GoldRush/docs/phase2-ingestion/data/treasury/raw/treasury-20260824T034935Z-page012.json;/mnt/d/Projects/GoldRush/docs/phase2-ingestion/data/treasury/raw/treasury-20260824T034935Z-page013.json;/mnt/d/Projects/GoldRush/docs/phase2-ingestion/data/treasury/raw/treasury-20260824T034935Z-page014.json;/mnt/d/Projects/GoldRush/docs/phase2-ingestion/data/treasury/raw/treasury-20260824T034935Z-page015.json;/mnt/d/Projects/GoldRush/docs/phase2-ingestion/data/treasury/raw/treasury-20260824T034935Z-page016.json,docs/phase2-ingestion/data/treasury/manifests/treasury-20260824T034935Z.manifest.json,16,cf284fd2186cebbd098b2823e2195f5af04c4bc8c7e75507d7dd4e8bf063fd5b,2026-08-24T03:49:35.808873+00:00,PASS,AVAILABLE,0.1.0
L4-009,2014-07-31,2933867.32969088,12162871.4368627,12149184.49121268,99.88746945389443,24.121502434030855,percent_of_marketable_treasury_debt,Positive dated marketable debt maturing after record date and within one calendar year / Total Marketable outstanding * 100,U.S. Treasury Fiscal Data — Monthly Statement of the Public Debt Table 3,https://api.fiscaldata.treasury.gov/services/api/fiscal_service/v1/debt/mspd/mspd_table_3_market,"{""fields"":""record_date,security_type_desc,security_class1_desc,maturity_date,outstanding_amt,src_line_nbr"",""filter"":""record_date:gte:1900-01-01"",""page[size]"":10000,""sort"":""record_date,src_line_nbr""}",/mnt/d/Projects/GoldRush/docs/phase2-ingestion/data/treasury/raw/treasury-20260824T034935Z-page001.json;/mnt/d/Projects/GoldRush/docs/phase2-ingestion/data/treasury/raw/treasury-20260824T034935Z-page002.json;/mnt/d/Projects/GoldRush/docs/phase2-ingestion/data/treasury/raw/treasury-20260824T034935Z-page003.json;/mnt/d/Projects/GoldRush/docs/phase2-ingestion/data/treasury/raw/treasury-20260824T034935Z-page004.json;/mnt/d/Projects/GoldRush/docs/phase2-ingestion/data/treasury/raw/treasury-20260824T034935Z-page005.json;/mnt/d/Projects/GoldRush/docs/phase2-ingestion/data/treasury/raw/treasury-20260824T034935Z-page006.json;/mnt/d/Projects/GoldRush/docs/phase2-ingestion/data/treasury/raw/treasury-20260824T034935Z-page007.json;/mnt/d/Projects/GoldRush/docs/phase2-ingestion/data/treasury/raw/treasury-20260824T034935Z-page008.json;/mnt/d/Projects/GoldRush/docs/phase2-ingestion/data/treasury/raw/treasury-20260824T034935Z-page009.json;/mnt/d/Projects/GoldRush/docs/phase2-ingestion/data/treasury/raw/treasury-20260824T034935Z-page010.json;/mnt/d/Projects/GoldRush/docs/phase2-ingestion/data/treasury/raw/treasury-20260824T034935Z-page011.json;/mnt/d/Projects/GoldRush/docs/phase2-ingestion/data/treasury/raw/treasury-20260824T034935Z-page012.json;/mnt/d/Projects/GoldRush/docs/phase2-ingestion/data/treasury/raw/treasury-20260824T034935Z-page013.json;/mnt/d/Projects/GoldRush/docs/phase2-ingestion/data/treasury/raw/treasury-20260824T034935Z-page014.json;/mnt/d/Projects/GoldRush/docs/phase2-ingestion/data/treasury/raw/treasury-20260824T034935Z-page015.json;/mnt/d/Projects/GoldRush/docs/phase2-ingestion/data/treasury/raw/treasury-20260824T034935Z-page016.json,docs/phase2-ingestion/data/treasury/manifests/treasury-20260824T034935Z.manifest.json,16,cf284fd2186cebbd098b2823e2195f5af04c4bc8c7e75507d7dd4e8bf063fd5b,2026-08-24T03:49:35.808873+00:00,PASS,AVAILABLE,0.1.0
L4-009,2014-08-31,2982501.91314409,12245271.4799642,12156413.03431417,99.27434482938642,24.356355986260336,percent_of_marketable_treasury_debt,Positive dated marketable debt maturing after record date and within one calendar year / Total Marketable outstanding * 100,U.S. Treasury Fiscal Data — Monthly Statement of the Public Debt Table 3,https://api.fiscaldata.treasury.gov/services/api/fiscal_service/v1/debt/mspd/mspd_table_3_market,"{""fields"":""record_date,security_type_desc,security_class1_desc,maturity_date,outstanding_amt,src_line_nbr"",""filter"":""record_date:gte:1900-01-01"",""page[size]"":10000,""sort"":""record_date,src_line_nbr""}",/mnt/d/Projects/GoldRush/docs/phase2-ingestion/data/treasury/raw/treasury-20260824T034935Z-page001.json;/mnt/d/Projects/GoldRush/docs/phase2-ingestion/data/treasury/raw/treasury-20260824T034935Z-page002.json;/mnt/d/Projects/GoldRush/docs/phase2-ingestion/data/treasury/raw/treasury-20260824T034935Z-page003.json;/mnt/d/Projects/GoldRush/docs/phase2-ingestion/data/treasury/raw/treasury-20260824T034935Z-page004.json;/mnt/d/Projects/GoldRush/docs/phase2-ingestion/data/treasury/raw/treasury-20260824T034935Z-page005.json;/mnt/d/Projects/GoldRush/docs/phase2-ingestion/data/treasury/raw/treasury-20260824T034935Z-page006.json;/mnt/d/Projects/GoldRush/docs/phase2-ingestion/data/treasury/raw/treasury-20260824T034935Z-page007.json;/mnt/d/Projects/GoldRush/docs/phase2-ingestion/data/treasury/raw/treasury-20260824T034935Z-page008.json;/mnt/d/Projects/GoldRush/docs/phase2-ingestion/data/treasury/raw/treasury-20260824T034935Z-page009.json;/mnt/d/Projects/GoldRush/docs/phase2-ingestion/data/treasury/raw/treasury-20260824T034935Z-page010.json;/mnt/d/Projects/GoldRush/docs/phase2-ingestion/data/treasury/raw/treasury-20260824T034935Z-page011.json;/mnt/d/Projects/GoldRush/docs/phase2-ingestion/data/treasury/raw/treasury-20260824T034935Z-page012.json;/mnt/d/Projects/GoldRush/docs/phase2-ingestion/data/treasury/raw/treasury-20260824T034935Z-page013.json;/mnt/d/Projects/GoldRush/docs/phase2-ingestion/data/treasury/raw/treasury-20260824T034935Z-page014.json;/mnt/d/Projects/GoldRush/docs/phase2-ingestion/data/treasury/raw/treasury-20260824T034935Z-page015.json;/mnt/d/Projects/GoldRush/docs/phase2-ingestion/data/treasury/raw/treasury-20260824T034935Z-page016.json,docs/phase2-ingestion/data/treasury/manifests/treasury-20260824T034935Z.manifest.json,16,cf284fd2186cebbd098b2823e2195f5af04c4bc8c7e75507d7dd4e8bf063fd5b,2026-08-24T03:49:35.808873+00:00,PASS,AVAILABLE,0.1.0
L4-009,2014-09-30,2934864.93012015,12294212.6321459,12280525.86609587,99.88867309798886,23.8719226512018,percent_of_marketable_treasury_debt,Positive dated marketable debt maturing after record date and within one calendar year / Total Marketable outstanding * 100,U.S. Treasury Fiscal Data — Monthly Statement of the Public Debt Table 3,https://api.fiscaldata.treasury.gov/services/api/fiscal_service/v1/debt/mspd/mspd_table_3_market,"{""fields"":""record_date,security_type_desc,security_class1_desc,maturity_date,outstanding_amt,src_line_nbr"",""filter"":""record_date:gte:1900-01-01"",""page[size]"":10000,""sort"":""record_date,src_line_nbr""}",/mnt/d/Projects/GoldRush/docs/phase2-ingestion/data/treasury/raw/treasury-20260824T034935Z-page001.json;/mnt/d/Projects/GoldRush/docs/phase2-ingestion/data/treasury/raw/treasury-20260824T034935Z-page002.json;/mnt/d/Projects/GoldRush/docs/phase2-ingestion/data/treasury/raw/treasury-20260824T034935Z-page003.json;/mnt/d/Projects/GoldRush/docs/phase2-ingestion/data/treasury/raw/treasury-20260824T034935Z-page004.json;/mnt/d/Projects/GoldRush/docs/phase2-ingestion/data/treasury/raw/treasury-20260824T034935Z-page005.json;/mnt/d/Projects/GoldRush/docs/phase2-ingestion/data/treasury/raw/treasury-20260824T034935Z-page006.json;/mnt/d/Projects/GoldRush/docs/phase2-ingestion/data/treasury/raw/treasury-20260824T034935Z-page007.json;/mnt/d/Projects/GoldRush/docs/phase2-ingestion/data/treasury/raw/treasury-20260824T034935Z-page008.json;/mnt/d/Projects/GoldRush/docs/phase2-ingestion/data/treasury/raw/treasury-20260824T034935Z-page009.json;/mnt/d/Projects/GoldRush/docs/phase2-ingestion/data/treasury/raw/treasury-20260824T034935Z-page010.json;/mnt/d/Projects/GoldRush/docs/phase2-ingestion/data/treasury/raw/treasury-20260824T034935Z-page011.json;/mnt/d/Projects/GoldRush/docs/phase2-ingestion/data/treasury/raw/treasury-20260824T034935Z-page012.json;/mnt/d/Projects/GoldRush/docs/phase2-ingestion/data/treasury/raw/treasury-20260824T034935Z-page013.json;/mnt/d/Projects/GoldRush/docs/phase2-ingestion/data/treasury/raw/treasury-20260824T034935Z-page014.json;/mnt/d/Projects/GoldRush/docs/phase2-ingestion/data/treasury/raw/treasury-20260824T034935Z-page015.json;/mnt/d/Projects/GoldRush/docs/phase2-ingestion/data/treasury/raw/treasury-20260824T034935Z-page016.json,docs/phase2-ingestion/data/treasury/manifests/treasury-20260824T034935Z.manifest.json,16,cf284fd2186cebbd098b2823e2195f5af04c4bc8c7e75507d7dd4e8bf063fd5b,2026-08-24T03:49:35.808873+00:00,PASS,AVAILABLE,0.1.0
L4-009,2014-10-31,2928426.20006166,12362574.369426,12348887.65687597,99.88928913880689,23.687834851808688,percent_of_marketable_treasury_debt,Positive dated marketable debt maturing after record date and within one calendar year / Total Marketable outstanding * 100,U.S. Treasury Fiscal Data — Monthly Statement of the Public Debt Table 3,https://api.fiscaldata.treasury.gov/services/api/fiscal_service/v1/debt/mspd/mspd_table_3_market,"{""fields"":""record_date,security_type_desc,security_class1_desc,maturity_date,outstanding_amt,src_line_nbr"",""filter"":""record_date:gte:1900-01-01"",""page[size]"":10000,""sort"":""record_date,src_line_nbr""}",/mnt/d/Projects/GoldRush/docs/phase2-ingestion/data/treasury/raw/treasury-20260824T034935Z-page001.json;/mnt/d/Projects/GoldRush/docs/phase2-ingestion/data/treasury/raw/treasury-20260824T034935Z-page002.json;/mnt/d/Projects/GoldRush/docs/phase2-ingestion/data/treasury/raw/treasury-20260824T034935Z-page003.json;/mnt/d/Projects/GoldRush/docs/phase2-ingestion/data/treasury/raw/treasury-20260824T034935Z-page004.json;/mnt/d/Projects/GoldRush/docs/phase2-ingestion/data/treasury/raw/treasury-20260824T034935Z-page005.json;/mnt/d/Projects/GoldRush/docs/phase2-ingestion/data/treasury/raw/treasury-20260824T034935Z-page006.json;/mnt/d/Projects/GoldRush/docs/phase2-ingestion/data/treasury/raw/treasury-20260824T034935Z-page007.json;/mnt/d/Projects/GoldRush/docs/phase2-ingestion/data/treasury/raw/treasury-20260824T034935Z-page008.json;/mnt/d/Projects/GoldRush/docs/phase2-ingestion/data/treasury/raw/treasury-20260824T034935Z-page009.json;/mnt/d/Projects/GoldRush/docs/phase2-ingestion/data/treasury/raw/treasury-20260824T034935Z-page010.json;/mnt/d/Projects/GoldRush/docs/phase2-ingestion/data/treasury/raw/treasury-20260824T034935Z-page011.json;/mnt/d/Projects/GoldRush/docs/phase2-ingestion/data/treasury/raw/treasury-20260824T034935Z-page012.json;/mnt/d/Projects/GoldRush/docs/phase2-ingestion/data/treasury/raw/treasury-20260824T034935Z-page013.json;/mnt/d/Projects/GoldRush/docs/phase2-ingestion/data/treasury/raw/treasury-20260824T034935Z-page014.json;/mnt/d/Projects/GoldRush/docs/phase2-ingestion/data/treasury/raw/treasury-20260824T034935Z-page015.json;/mnt/d/Projects/GoldRush/docs/phase2-ingestion/data/treasury/raw/treasury-20260824T034935Z-page016.json,docs/phase2-ingestion/data/treasury/manifests/treasury-20260824T034935Z.manifest.json,16,cf284fd2186cebbd098b2823e2195f5af04c4bc8c7e75507d7dd4e8bf063fd5b,2026-08-24T03:49:35.808873+00:00,PASS,AVAILABLE,0.1.0
L4-009,2014-11-30,2945447.74338693,12421401.1926682,12329453.44671824,99.25976349589101,23.712685048169096,percent_of_marketable_treasury_debt,Positive dated marketable debt maturing after record date and within one calendar year / Total Marketable outstanding * 100,U.S. Treasury Fiscal Data — Monthly Statement of the Public Debt Table 3,https://api.fiscaldata.treasury.gov/services/api/fiscal_service/v1/debt/mspd/mspd_table_3_market,"{""fields"":""record_date,security_type_desc,security_class1_desc,maturity_date,outstanding_amt,src_line_nbr"",""filter"":""record_date:gte:1900-01-01"",""page[size]"":10000,""sort"":""record_date,src_line_nbr""}",/mnt/d/Projects/GoldRush/docs/phase2-ingestion/data/treasury/raw/treasury-20260824T034935Z-page001.json;/mnt/d/Projects/GoldRush/docs/phase2-ingestion/data/treasury/raw/treasury-20260824T034935Z-page002.json;/mnt/d/Projects/GoldRush/docs/phase2-ingestion/data/treasury/raw/treasury-20260824T034935Z-page003.json;/mnt/d/Projects/GoldRush/docs/phase2-ingestion/data/treasury/raw/treasury-20260824T034935Z-page004.json;/mnt/d/Projects/GoldRush/docs/phase2-ingestion/data/treasury/raw/treasury-20260824T034935Z-page005.json;/mnt/d/Projects/GoldRush/docs/phase2-ingestion/data/treasury/raw/treasury-20260824T034935Z-page006.json;/mnt/d/Projects/GoldRush/docs/phase2-ingestion/data/treasury/raw/treasury-20260824T034935Z-page007.json;/mnt/d/Projects/GoldRush/docs/phase2-ingestion/data/treasury/raw/treasury-20260824T034935Z-page008.json;/mnt/d/Projects/GoldRush/docs/phase2-ingestion/data/treasury/raw/treasury-20260824T034935Z-page009.json;/mnt/d/Projects/GoldRush/docs/phase2-ingestion/data/treasury/raw/treasury-20260824T034935Z-page010.json;/mnt/d/Projects/GoldRush/docs/phase2-ingestion/data/treasury/raw/treasury-20260824T034935Z-page011.json;/mnt/d/Projects/GoldRush/docs/phase2-ingestion/data/treasury/raw/treasury-20260824T034935Z-page012.json;/mnt/d/Projects/GoldRush/docs/phase2-ingestion/data/treasury/raw/treasury-20260824T034935Z-page013.json;/mnt/d/Projects/GoldRush/docs/phase2-ingestion/data/treasury/raw/treasury-20260824T034935Z-page014.json;/mnt/d/Projects/GoldRush/docs/phase2-ingestion/data/treasury/raw/treasury-20260824T034935Z-page015.json;/mnt/d/Projects/GoldRush/docs/phase2-ingestion/data/treasury/raw/treasury-20260824T034935Z-page016.json,docs/phase2-ingestion/data/treasury/manifests/treasury-20260824T034935Z.manifest.json,16,cf284fd2186cebbd098b2823e2195f5af04c4bc8c7e75507d7dd4e8bf063fd5b,2026-08-24T03:49:35.808873+00:00,PASS,AVAILABLE,0.1.0
L4-009,2014-12-31,2952587.86144701,12518394.1586914,12504707.58994145,99.8906683351199,23.585995328299013,percent_of_marketable_treasury_debt,Positive dated marketable debt maturing after record date and within one calendar year / Total Marketable outstanding * 100,U.S. Treasury Fiscal Data — Monthly Statement of the Public Debt Table 3,https://api.fiscaldata.treasury.gov/services/api/fiscal_service/v1/debt/mspd/mspd_table_3_market,"{""fields"":""record_date,security_type_desc,security_class1_desc,maturity_date,outstanding_amt,src_line_nbr"",""filter"":""record_date:gte:1900-01-01"",""page[size]"":10000,""sort"":""record_date,src_line_nbr""}",/mnt/d/Projects/GoldRush/docs/phase2-ingestion/data/treasury/raw/treasury-20260824T034935Z-page001.json;/mnt/d/Projects/GoldRush/docs/phase2-ingestion/data/treasury/raw/treasury-20260824T034935Z-page002.json;/mnt/d/Projects/GoldRush/docs/phase2-ingestion/data/treasury/raw/treasury-20260824T034935Z-page003.json;/mnt/d/Projects/GoldRush/docs/phase2-ingestion/data/treasury/raw/treasury-20260824T034935Z-page004.json;/mnt/d/Projects/GoldRush/docs/phase2-ingestion/data/treasury/raw/treasury-20260824T034935Z-page005.json;/mnt/d/Projects/GoldRush/docs/phase2-ingestion/data/treasury/raw/treasury-20260824T034935Z-page006.json;/mnt/d/Projects/GoldRush/docs/phase2-ingestion/data/treasury/raw/treasury-20260824T034935Z-page007.json;/mnt/d/Projects/GoldRush/docs/phase2-ingestion/data/treasury/raw/treasury-20260824T034935Z-page008.json;/mnt/d/Projects/GoldRush/docs/phase2-ingestion/data/treasury/raw/treasury-20260824T034935Z-page009.json;/mnt/d/Projects/GoldRush/docs/phase2-ingestion/data/treasury/raw/treasury-20260824T034935Z-page010.json;/mnt/d/Projects/GoldRush/docs/phase2-ingestion/data/treasury/raw/treasury-20260824T034935Z-page011.json;/mnt/d/Projects/GoldRush/docs/phase2-ingestion/data/treasury/raw/treasury-20260824T034935Z-page012.json;/mnt/d/Projects/GoldRush/docs/phase2-ingestion/data/treasury/raw/treasury-20260824T034935Z-page013.json;/mnt/d/Projects/GoldRush/docs/phase2-ingestion/data/treasury/raw/treasury-20260824T034935Z-page014.json;/mnt/d/Projects/GoldRush/docs/phase2-ingestion/data/treasury/raw/treasury-20260824T034935Z-page015.json;/mnt/d/Projects/GoldRush/docs/phase2-ingestion/data/treasury/raw/treasury-20260824T034935Z-page016.json,docs/phase2-ingestion/data/treasury/manifests/treasury-20260824T034935Z.manifest.json,16,cf284fd2186cebbd098b2823e2195f5af04c4bc8c7e75507d7dd4e8bf063fd5b,2026-08-24T03:49:35.808873+00:00,PASS,AVAILABLE,0.1.0
L4-009,2015-01-31,2932711.4271195,12483296.6947596,12391926.19740961,99.26805795308584,23.493084389724004,percent_of_marketable_treasury_debt,Positive dated marketable debt maturing after record date and within one calendar year / Total Marketable outstanding * 100,U.S. Treasury Fiscal Data — Monthly Statement of the Public Debt Table 3,https://api.fiscaldata.treasury.gov/services/api/fiscal_service/v1/debt/mspd/mspd_table_3_market,"{""fields"":""record_date,security_type_desc,security_class1_desc,maturity_date,outstanding_amt,src_line_nbr"",""filter"":""record_date:gte:1900-01-01"",""page[size]"":10000,""sort"":""record_date,src_line_nbr""}",/mnt/d/Projects/GoldRush/docs/phase2-ingestion/data/treasury/raw/treasury-20260824T034935Z-page001.json;/mnt/d/Projects/GoldRush/docs/phase2-ingestion/data/treasury/raw/treasury-20260824T034935Z-page002.json;/mnt/d/Projects/GoldRush/docs/phase2-ingestion/data/treasury/raw/treasury-20260824T034935Z-page003.json;/mnt/d/Projects/GoldRush/docs/phase2-ingestion/data/treasury/raw/treasury-20260824T034935Z-page004.json;/mnt/d/Projects/GoldRush/docs/phase2-ingestion/data/treasury/raw/treasury-20260824T034935Z-page005.json;/mnt/d/Projects/GoldRush/docs/phase2-ingestion/data/treasury/raw/treasury-20260824T034935Z-page006.json;/mnt/d/Projects/GoldRush/docs/phase2-ingestion/data/treasury/raw/treasury-20260824T034935Z-page007.json;/mnt/d/Projects/GoldRush/docs/phase2-ingestion/data/treasury/raw/treasury-20260824T034935Z-page008.json;/mnt/d/Projects/GoldRush/docs/phase2-ingestion/data/treasury/raw/treasury-20260824T034935Z-page009.json;/mnt/d/Projects/GoldRush/docs/phase2-ingestion/data/treasury/raw/treasury-20260824T034935Z-page010.json;/mnt/d/Projects/GoldRush/docs/phase2-ingestion/data/treasury/raw/treasury-20260824T034935Z-page011.json;/mnt/d/Projects/GoldRush/docs/phase2-ingestion/data/treasury/raw/treasury-20260824T034935Z-page012.json;/mnt/d/Projects/GoldRush/docs/phase2-ingestion/data/treasury/raw/treasury-20260824T034935Z-page013.json;/mnt/d/Projects/GoldRush/docs/phase2-ingestion/data/treasury/raw/treasury-20260824T034935Z-page014.json;/mnt/d/Projects/GoldRush/docs/phase2-ingestion/data/treasury/raw/treasury-20260824T034935Z-page015.json;/mnt/d/Projects/GoldRush/docs/phase2-ingestion/data/treasury/raw/treasury-20260824T034935Z-page016.json,docs/phase2-ingestion/data/treasury/manifests/treasury-20260824T034935Z.manifest.json,16,cf284fd2186cebbd098b2823e2195f5af04c4bc8c7e75507d7dd4e8bf063fd5b,2026-08-24T03:49:35.808873+00:00,PASS,AVAILABLE,0.1.0
L4-009,2015-02-28,2892957.20974111,12570324.749109,12478603.01655905,99.27033124139095,23.014180361141158,percent_of_marketable_treasury_debt,Positive dated marketable debt maturing after record date and within one calendar year / Total Marketable outstanding * 100,U.S. Treasury Fiscal Data — Monthly Statement of the Public Debt Table 3,https://api.fiscaldata.treasury.gov/services/api/fiscal_service/v1/debt/mspd/mspd_table_3_market,"{""fields"":""record_date,security_type_desc,security_class1_desc,maturity_date,outstanding_amt,src_line_nbr"",""filter"":""record_date:gte:1900-01-01"",""page[size]"":10000,""sort"":""record_date,src_line_nbr""}",/mnt/d/Projects/GoldRush/docs/phase2-ingestion/data/treasury/raw/treasury-20260824T034935Z-page001.json;/mnt/d/Projects/GoldRush/docs/phase2-ingestion/data/treasury/raw/treasury-20260824T034935Z-page002.json;/mnt/d/Projects/GoldRush/docs/phase2-ingestion/data/treasury/raw/treasury-20260824T034935Z-page003.json;/mnt/d/Projects/GoldRush/docs/phase2-ingestion/data/treasury/raw/treasury-20260824T034935Z-page004.json;/mnt/d/Projects/GoldRush/docs/phase2-ingestion/data/treasury/raw/treasury-20260824T034935Z-page005.json;/mnt/d/Projects/GoldRush/docs/phase2-ingestion/data/treasury/raw/treasury-20260824T034935Z-page006.json;/mnt/d/Projects/GoldRush/docs/phase2-ingestion/data/treasury/raw/treasury-20260824T034935Z-page007.json;/mnt/d/Projects/GoldRush/docs/phase2-ingestion/data/treasury/raw/treasury-20260824T034935Z-page008.json;/mnt/d/Projects/GoldRush/docs/phase2-ingestion/data/treasury/raw/treasury-20260824T034935Z-page009.json;/mnt/d/Projects/GoldRush/docs/phase2-ingestion/data/treasury/raw/treasury-20260824T034935Z-page010.json;/mnt/d/Projects/GoldRush/docs/phase2-ingestion/data/treasury/raw/treasury-20260824T034935Z-page011.json;/mnt/d/Projects/GoldRush/docs/phase2-ingestion/data/treasury/raw/treasury-20260824T034935Z-page012.json;/mnt/d/Projects/GoldRush/docs/phase2-ingestion/data/treasury/raw/treasury-20260824T034935Z-page013.json;/mnt/d/Projects/GoldRush/docs/phase2-ingestion/data/treasury/raw/treasury-20260824T034935Z-page014.json;/mnt/d/Projects/GoldRush/docs/phase2-ingestion/data/treasury/raw/treasury-20260824T034935Z-page015.json;/mnt/d/Projects/GoldRush/docs/phase2-ingestion/data/treasury/raw/treasury-20260824T034935Z-page016.json,docs/phase2-ingestion/data/treasury/manifests/treasury-20260824T034935Z.manifest.json,16,cf284fd2186cebbd098b2823e2195f5af04c4bc8c7e75507d7dd4e8bf063fd5b,2026-08-24T03:49:35.808873+00:00,PASS,AVAILABLE,0.1.0
L4-009,2015-03-31,3002885.88991087,12643806.5734461,12630118.71069611,99.89174254865037,23.749856283133777,percent_of_marketable_treasury_debt,Positive dated marketable debt maturing after record date and within one calendar year / Total Marketable outstanding * 100,U.S. Treasury Fiscal Data — Monthly Statement of the Public Debt Table 3,https://api.fiscaldata.treasury.gov/services/api/fiscal_service/v1/debt/mspd/mspd_table_3_market,"{""fields"":""record_date,security_type_desc,security_class1_desc,maturity_date,outstanding_amt,src_line_nbr"",""filter"":""record_date:gte:1900-01-01"",""page[size]"":10000,""sort"":""record_date,src_line_nbr""}",/mnt/d/Projects/GoldRush/docs/phase2-ingestion/data/treasury/raw/treasury-20260824T034935Z-page001.json;/mnt/d/Projects/GoldRush/docs/phase2-ingestion/data/treasury/raw/treasury-20260824T034935Z-page002.json;/mnt/d/Projects/GoldRush/docs/phase2-ingestion/data/treasury/raw/treasury-20260824T034935Z-page003.json;/mnt/d/Projects/GoldRush/docs/phase2-ingestion/data/treasury/raw/treasury-20260824T034935Z-page004.json;/mnt/d/Projects/GoldRush/docs/phase2-ingestion/data/treasury/raw/treasury-20260824T034935Z-page005.json;/mnt/d/Projects/GoldRush/docs/phase2-ingestion/data/treasury/raw/treasury-20260824T034935Z-page006.json;/mnt/d/Projects/GoldRush/docs/phase2-ingestion/data/treasury/raw/treasury-20260824T034935Z-page007.json;/mnt/d/Projects/GoldRush/docs/phase2-ingestion/data/treasury/raw/treasury-20260824T034935Z-page008.json;/mnt/d/Projects/GoldRush/docs/phase2-ingestion/data/treasury/raw/treasury-20260824T034935Z-page009.json;/mnt/d/Projects/GoldRush/docs/phase2-ingestion/data/treasury/raw/treasury-20260824T034935Z-page010.json;/mnt/d/Projects/GoldRush/docs/phase2-ingestion/data/treasury/raw/treasury-20260824T034935Z-page011.json;/mnt/d/Projects/GoldRush/docs/phase2-ingestion/data/treasury/raw/treasury-20260824T034935Z-page012.json;/mnt/d/Projects/GoldRush/docs/phase2-ingestion/data/treasury/raw/treasury-20260824T034935Z-page013.json;/mnt/d/Projects/GoldRush/docs/phase2-ingestion/data/treasury/raw/treasury-20260824T034935Z-page014.json;/mnt/d/Projects/GoldRush/docs/phase2-ingestion/data/treasury/raw/treasury-20260824T034935Z-page015.json;/mnt/d/Projects/GoldRush/docs/phase2-ingestion/data/treasury/raw/treasury-20260824T034935Z-page016.json,docs/phase2-ingestion/data/treasury/manifests/treasury-20260824T034935Z.manifest.json,16,cf284fd2186cebbd098b2823e2195f5af04c4bc8c7e75507d7dd4e8bf063fd5b,2026-08-24T03:49:35.808873+00:00,PASS,AVAILABLE,0.1.0
L4-009,2015-04-30,3029359.42483133,12645504.5035001,12631817.65875012,99.89176513482565,23.956018709991724,percent_of_marketable_treasury_debt,Positive dated marketable debt maturing after record date and within one calendar year / Total Marketable outstanding * 100,U.S. Treasury Fiscal Data — Monthly Statement of the Public Debt Table 3,https://api.fiscaldata.treasury.gov/services/api/fiscal_service/v1/debt/mspd/mspd_table_3_market,"{""fields"":""record_date,security_type_desc,security_class1_desc,maturity_date,outstanding_amt,src_line_nbr"",""filter"":""record_date:gte:1900-01-01"",""page[size]"":10000,""sort"":""record_date,src_line_nbr""}",/mnt/d/Projects/GoldRush/docs/phase2-ingestion/data/treasury/raw/treasury-20260824T034935Z-page001.json;/mnt/d/Projects/GoldRush/docs/phase2-ingestion/data/treasury/raw/treasury-20260824T034935Z-page002.json;/mnt/d/Projects/GoldRush/docs/phase2-ingestion/data/treasury/raw/treasury-20260824T034935Z-page003.json;/mnt/d/Projects/GoldRush/docs/phase2-ingestion/data/treasury/raw/treasury-20260824T034935Z-page004.json;/mnt/d/Projects/GoldRush/docs/phase2-ingestion/data/treasury/raw/treasury-20260824T034935Z-page005.json;/mnt/d/Projects/GoldRush/docs/phase2-ingestion/data/treasury/raw/treasury-20260824T034935Z-page006.json;/mnt/d/Projects/GoldRush/docs/phase2-ingestion/data/treasury/raw/treasury-20260824T034935Z-page007.json;/mnt/d/Projects/GoldRush/docs/phase2-ingestion/data/treasury/raw/treasury-20260824T034935Z-page008.json;/mnt/d/Projects/GoldRush/docs/phase2-ingestion/data/treasury/raw/treasury-20260824T034935Z-page009.json;/mnt/d/Projects/GoldRush/docs/phase2-ingestion/data/treasury/raw/treasury-20260824T034935Z-page010.json;/mnt/d/Projects/GoldRush/docs/phase2-ingestion/data/treasury/raw/treasury-20260824T034935Z-page011.json;/mnt/d/Projects/GoldRush/docs/phase2-ingestion/data/treasury/raw/treasury-20260824T034935Z-page012.json;/mnt/d/Projects/GoldRush/docs/phase2-ingestion/data/treasury/raw/treasury-20260824T034935Z-page013.json;/mnt/d/Projects/GoldRush/docs/phase2-ingestion/data/treasury/raw/treasury-20260824T034935Z-page014.json;/mnt/d/Projects/GoldRush/docs/phase2-ingestion/data/treasury/raw/treasury-20260824T034935Z-page015.json;/mnt/d/Projects/GoldRush/docs/phase2-ingestion/data/treasury/raw/treasury-20260824T034935Z-page016.json,docs/phase2-ingestion/data/treasury/manifests/treasury-20260824T034935Z.manifest.json,16,cf284fd2186cebbd098b2823e2195f5af04c4bc8c7e75507d7dd4e8bf063fd5b,2026-08-24T03:49:35.808873+00:00,PASS,AVAILABLE,0.1.0
L4-009,2015-05-31,3069463.66862194,12688018.4854651,12598468.77766513,99.29421833753982,24.191828472966037,percent_of_marketable_treasury_debt,Positive dated marketable debt maturing after record date and within one calendar year / Total Marketable outstanding * 100,U.S. Treasury Fiscal Data — Monthly Statement of the Public Debt Table 3,https://api.fiscaldata.treasury.gov/services/api/fiscal_service/v1/debt/mspd/mspd_table_3_market,"{""fields"":""record_date,security_type_desc,security_class1_desc,maturity_date,outstanding_amt,src_line_nbr"",""filter"":""record_date:gte:1900-01-01"",""page[size]"":10000,""sort"":""record_date,src_line_nbr""}",/mnt/d/Projects/GoldRush/docs/phase2-ingestion/data/treasury/raw/treasury-20260824T034935Z-page001.json;/mnt/d/Projects/GoldRush/docs/phase2-ingestion/data/treasury/raw/treasury-20260824T034935Z-page002.json;/mnt/d/Projects/GoldRush/docs/phase2-ingestion/data/treasury/raw/treasury-20260824T034935Z-page003.json;/mnt/d/Projects/GoldRush/docs/phase2-ingestion/data/treasury/raw/treasury-20260824T034935Z-page004.json;/mnt/d/Projects/GoldRush/docs/phase2-ingestion/data/treasury/raw/treasury-20260824T034935Z-page005.json;/mnt/d/Projects/GoldRush/docs/phase2-ingestion/data/treasury/raw/treasury-20260824T034935Z-page006.json;/mnt/d/Projects/GoldRush/docs/phase2-ingestion/data/treasury/raw/treasury-20260824T034935Z-page007.json;/mnt/d/Projects/GoldRush/docs/phase2-ingestion/data/treasury/raw/treasury-20260824T034935Z-page008.json;/mnt/d/Projects/GoldRush/docs/phase2-ingestion/data/treasury/raw/treasury-20260824T034935Z-page009.json;/mnt/d/Projects/GoldRush/docs/phase2-ingestion/data/treasury/raw/treasury-20260824T034935Z-page010.json;/mnt/d/Projects/GoldRush/docs/phase2-ingestion/data/treasury/raw/treasury-20260824T034935Z-page011.json;/mnt/d/Projects/GoldRush/docs/phase2-ingestion/data/treasury/raw/treasury-20260824T034935Z-page012.json;/mnt/d/Projects/GoldRush/docs/phase2-ingestion/data/treasury/raw/treasury-20260824T034935Z-page013.json;/mnt/d/Projects/GoldRush/docs/phase2-ingestion/data/treasury/raw/treasury-20260824T034935Z-page014.json;/mnt/d/Projects/GoldRush/docs/phase2-ingestion/data/treasury/raw/treasury-20260824T034935Z-page015.json;/mnt/d/Projects/GoldRush/docs/phase2-ingestion/data/treasury/raw/treasury-20260824T034935Z-page016.json,docs/phase2-ingestion/data/treasury/manifests/treasury-20260824T034935Z.manifest.json,16,cf284fd2186cebbd098b2823e2195f5af04c4bc8c7e75507d7dd4e8bf063fd5b,2026-08-24T03:49:35.808873+00:00,PASS,AVAILABLE,0.1.0
L4-009,2015-06-30,3035217.9421541,12711093.9169801,12698704.45438011,99.90253031972772,23.878495131717244,percent_of_marketable_treasury_debt,Positive dated marketable debt maturing after record date and within one calendar year / Total Marketable outstanding * 100,U.S. Treasury Fiscal Data — Monthly Statement of the Public Debt Table 3,https://api.fiscaldata.treasury.gov/services/api/fiscal_service/v1/debt/mspd/mspd_table_3_market,"{""fields"":""record_date,security_type_desc,security_class1_desc,maturity_date,outstanding_amt,src_line_nbr"",""filter"":""record_date:gte:1900-01-01"",""page[size]"":10000,""sort"":""record_date,src_line_nbr""}",/mnt/d/Projects/GoldRush/docs/phase2-ingestion/data/treasury/raw/treasury-20260824T034935Z-page001.json;/mnt/d/Projects/GoldRush/docs/phase2-ingestion/data/treasury/raw/treasury-20260824T034935Z-page002.json;/mnt/d/Projects/GoldRush/docs/phase2-ingestion/data/treasury/raw/treasury-20260824T034935Z-page003.json;/mnt/d/Projects/GoldRush/docs/phase2-ingestion/data/treasury/raw/treasury-20260824T034935Z-page004.json;/mnt/d/Projects/GoldRush/docs/phase2-ingestion/data/treasury/raw/treasury-20260824T034935Z-page005.json;/mnt/d/Projects/GoldRush/docs/phase2-ingestion/data/treasury/raw/treasury-20260824T034935Z-page006.json;/mnt/d/Projects/GoldRush/docs/phase2-ingestion/data/treasury/raw/treasury-20260824T034935Z-page007.json;/mnt/d/Projects/GoldRush/docs/phase2-ingestion/data/treasury/raw/treasury-20260824T034935Z-page008.json;/mnt/d/Projects/GoldRush/docs/phase2-ingestion/data/treasury/raw/treasury-20260824T034935Z-page009.json;/mnt/d/Projects/GoldRush/docs/phase2-ingestion/data/treasury/raw/treasury-20260824T034935Z-page010.json;/mnt/d/Projects/GoldRush/docs/phase2-ingestion/data/treasury/raw/treasury-20260824T034935Z-page011.json;/mnt/d/Projects/GoldRush/docs/phase2-ingestion/data/treasury/raw/treasury-20260824T034935Z-page012.json;/mnt/d/Projects/GoldRush/docs/phase2-ingestion/data/treasury/raw/treasury-20260824T034935Z-page013.json;/mnt/d/Projects/GoldRush/docs/phase2-ingestion/data/treasury/raw/treasury-20260824T034935Z-page014.json;/mnt/d/Projects/GoldRush/docs/phase2-ingestion/data/treasury/raw/treasury-20260824T034935Z-page015.json;/mnt/d/Projects/GoldRush/docs/phase2-ingestion/data/treasury/raw/treasury-20260824T034935Z-page016.json,docs/phase2-ingestion/data/treasury/manifests/treasury-20260824T034935Z.manifest.json,16,cf284fd2186cebbd098b2823e2195f5af04c4bc8c7e75507d7dd4e8bf063fd5b,2026-08-24T03:49:35.808873+00:00,PASS,AVAILABLE,0.1.0
L4-009,2015-07-31,3144930.31246412,12813431.6212368,12801042.22463679,99.90330930100352,24.54401291884804,percent_of_marketable_treasury_debt,Positive dated marketable debt maturing after record date and within one calendar year / Total Marketable outstanding * 100,U.S. Treasury Fiscal Data — Monthly Statement of the Public Debt Table 3,https://api.fiscaldata.treasury.gov/services/api/fiscal_service/v1/debt/mspd/mspd_table_3_market,"{""fields"":""record_date,security_type_desc,security_class1_desc,maturity_date,outstanding_amt,src_line_nbr"",""filter"":""record_date:gte:1900-01-01"",""page[size]"":10000,""sort"":""record_date,src_line_nbr""}",/mnt/d/Projects/GoldRush/docs/phase2-ingestion/data/treasury/raw/treasury-20260824T034935Z-page001.json;/mnt/d/Projects/GoldRush/docs/phase2-ingestion/data/treasury/raw/treasury-20260824T034935Z-page002.json;/mnt/d/Projects/GoldRush/docs/phase2-ingestion/data/treasury/raw/treasury-20260824T034935Z-page003.json;/mnt/d/Projects/GoldRush/docs/phase2-ingestion/data/treasury/raw/treasury-20260824T034935Z-page004.json;/mnt/d/Projects/GoldRush/docs/phase2-ingestion/data/treasury/raw/treasury-20260824T034935Z-page005.json;/mnt/d/Projects/GoldRush/docs/phase2-ingestion/data/treasury/raw/treasury-20260824T034935Z-page006.json;/mnt/d/Projects/GoldRush/docs/phase2-ingestion/data/treasury/raw/treasury-20260824T034935Z-page007.json;/mnt/d/Projects/GoldRush/docs/phase2-ingestion/data/treasury/raw/treasury-20260824T034935Z-page008.json;/mnt/d/Projects/GoldRush/docs/phase2-ingestion/data/treasury/raw/treasury-20260824T034935Z-page009.json;/mnt/d/Projects/GoldRush/docs/phase2-ingestion/data/treasury/raw/treasury-20260824T034935Z-page010.json;/mnt/d/Projects/GoldRush/docs/phase2-ingestion/data/treasury/raw/treasury-20260824T034935Z-page011.json;/mnt/d/Projects/GoldRush/docs/phase2-ingestion/data/treasury/raw/treasury-20260824T034935Z-page012.json;/mnt/d/Projects/GoldRush/docs/phase2-ingestion/data/treasury/raw/treasury-20260824T034935Z-page013.json;/mnt/d/Projects/GoldRush/docs/phase2-ingestion/data/treasury/raw/treasury-20260824T034935Z-page014.json;/mnt/d/Projects/GoldRush/docs/phase2-ingestion/data/treasury/raw/treasury-20260824T034935Z-page015.json;/mnt/d/Projects/GoldRush/docs/phase2-ingestion/data/treasury/raw/treasury-20260824T034935Z-page016.json,docs/phase2-ingestion/data/treasury/manifests/treasury-20260824T034935Z.manifest.json,16,cf284fd2186cebbd098b2823e2195f5af04c4bc8c7e75507d7dd4e8bf063fd5b,2026-08-24T03:49:35.808873+00:00,PASS,AVAILABLE,0.1.0
L4-009,2015-08-31,3138311.50961437,12846548.7203349,12834158.34123486,99.90355091184587,24.4292189126774,percent_of_marketable_treasury_debt,Positive dated marketable debt maturing after record date and within one calendar year / Total Marketable outstanding * 100,U.S. Treasury Fiscal Data — Monthly Statement of the Public Debt Table 3,https://api.fiscaldata.treasury.gov/services/api/fiscal_service/v1/debt/mspd/mspd_table_3_market,"{""fields"":""record_date,security_type_desc,security_class1_desc,maturity_date,outstanding_amt,src_line_nbr"",""filter"":""record_date:gte:1900-01-01"",""page[size]"":10000,""sort"":""record_date,src_line_nbr""}",/mnt/d/Projects/GoldRush/docs/phase2-ingestion/data/treasury/raw/treasury-20260824T034935Z-page001.json;/mnt/d/Projects/GoldRush/docs/phase2-ingestion/data/treasury/raw/treasury-20260824T034935Z-page002.json;/mnt/d/Projects/GoldRush/docs/phase2-ingestion/data/treasury/raw/treasury-20260824T034935Z-page003.json;/mnt/d/Projects/GoldRush/docs/phase2-ingestion/data/treasury/raw/treasury-20260824T034935Z-page004.json;/mnt/d/Projects/GoldRush/docs/phase2-ingestion/data/treasury/raw/treasury-20260824T034935Z-page005.json;/mnt/d/Projects/GoldRush/docs/phase2-ingestion/data/treasury/raw/treasury-20260824T034935Z-page006.json;/mnt/d/Projects/GoldRush/docs/phase2-ingestion/data/treasury/raw/treasury-20260824T034935Z-page007.json;/mnt/d/Projects/GoldRush/docs/phase2-ingestion/data/treasury/raw/treasury-20260824T034935Z-page008.json;/mnt/d/Projects/GoldRush/docs/phase2-ingestion/data/treasury/raw/treasury-20260824T034935Z-page009.json;/mnt/d/Projects/GoldRush/docs/phase2-ingestion/data/treasury/raw/treasury-20260824T034935Z-page010.json;/mnt/d/Projects/GoldRush/docs/phase2-ingestion/data/treasury/raw/treasury-20260824T034935Z-page011.json;/mnt/d/Projects/GoldRush/docs/phase2-ingestion/data/treasury/raw/treasury-20260824T034935Z-page012.json;/mnt/d/Projects/GoldRush/docs/phase2-ingestion/data/treasury/raw/treasury-20260824T034935Z-page013.json;/mnt/d/Projects/GoldRush/docs/phase2-ingestion/data/treasury/raw/treasury-20260824T034935Z-page014.json;/mnt/d/Projects/GoldRush/docs/phase2-ingestion/data/treasury/raw/treasury-20260824T034935Z-page015.json;/mnt/d/Projects/GoldRush/docs/phase2-ingestion/data/treasury/raw/treasury-20260824T034935Z-page016.json,docs/phase2-ingestion/data/treasury/manifests/treasury-20260824T034935Z.manifest.json,16,cf284fd2186cebbd098b2823e2195f5af04c4bc8c7e75507d7dd4e8bf063fd5b,2026-08-24T03:49:35.808873+00:00,PASS,AVAILABLE,0.1.0
L4-009,2015-09-30,3096848.45457796,12853750.7858698,12841360.70591983,99.9036072804244,24.09295548177535,percent_of_marketable_treasury_debt,Positive dated marketable debt maturing after record date and within one calendar year / Total Marketable outstanding * 100,U.S. Treasury Fiscal Data — Monthly Statement of the Public Debt Table 3,https://api.fiscaldata.treasury.gov/services/api/fiscal_service/v1/debt/mspd/mspd_table_3_market,"{""fields"":""record_date,security_type_desc,security_class1_desc,maturity_date,outstanding_amt,src_line_nbr"",""filter"":""record_date:gte:1900-01-01"",""page[size]"":10000,""sort"":""record_date,src_line_nbr""}",/mnt/d/Projects/GoldRush/docs/phase2-ingestion/data/treasury/raw/treasury-20260824T034935Z-page001.json;/mnt/d/Projects/GoldRush/docs/phase2-ingestion/data/treasury/raw/treasury-20260824T034935Z-page002.json;/mnt/d/Projects/GoldRush/docs/phase2-ingestion/data/treasury/raw/treasury-20260824T034935Z-page003.json;/mnt/d/Projects/GoldRush/docs/phase2-ingestion/data/treasury/raw/treasury-20260824T034935Z-page004.json;/mnt/d/Projects/GoldRush/docs/phase2-ingestion/data/treasury/raw/treasury-20260824T034935Z-page005.json;/mnt/d/Projects/GoldRush/docs/phase2-ingestion/data/treasury/raw/treasury-20260824T034935Z-page006.json;/mnt/d/Projects/GoldRush/docs/phase2-ingestion/data/treasury/raw/treasury-20260824T034935Z-page007.json;/mnt/d/Projects/GoldRush/docs/phase2-ingestion/data/treasury/raw/treasury-20260824T034935Z-page008.json;/mnt/d/Projects/GoldRush/docs/phase2-ingestion/data/treasury/raw/treasury-20260824T034935Z-page009.json;/mnt/d/Projects/GoldRush/docs/phase2-ingestion/data/treasury/raw/treasury-20260824T034935Z-page010.json;/mnt/d/Projects/GoldRush/docs/phase2-ingestion/data/treasury/raw/treasury-20260824T034935Z-page011.json;/mnt/d/Projects/GoldRush/docs/phase2-ingestion/data/treasury/raw/treasury-20260824T034935Z-page012.json;/mnt/d/Projects/GoldRush/docs/phase2-ingestion/data/treasury/raw/treasury-20260824T034935Z-page013.json;/mnt/d/Projects/GoldRush/docs/phase2-ingestion/data/treasury/raw/treasury-20260824T034935Z-page014.json;/mnt/d/Projects/GoldRush/docs/phase2-ingestion/data/treasury/raw/treasury-20260824T034935Z-page015.json;/mnt/d/Projects/GoldRush/docs/phase2-ingestion/data/treasury/raw/treasury-20260824T034935Z-page016.json,docs/phase2-ingestion/data/treasury/manifests/treasury-20260824T034935Z.manifest.json,16,cf284fd2186cebbd098b2823e2195f5af04c4bc8c7e75507d7dd4e8bf063fd5b,2026-08-24T03:49:35.808873+00:00,PASS,AVAILABLE,0.1.0
L4-009,2015-10-31,3080104.82322022,12803018.7354394,12720226.52458944,99.35333836057907,24.05764520748794,percent_of_marketable_treasury_debt,Positive dated marketable debt maturing after record date and within one calendar year / Total Marketable outstanding * 100,U.S. Treasury Fiscal Data — Monthly Statement of the Public Debt Table 3,https://api.fiscaldata.treasury.gov/services/api/fiscal_service/v1/debt/mspd/mspd_table_3_market,"{""fields"":""record_date,security_type_desc,security_class1_desc,maturity_date,outstanding_amt,src_line_nbr"",""filter"":""record_date:gte:1900-01-01"",""page[size]"":10000,""sort"":""record_date,src_line_nbr""}",/mnt/d/Projects/GoldRush/docs/phase2-ingestion/data/treasury/raw/treasury-20260824T034935Z-page001.json;/mnt/d/Projects/GoldRush/docs/phase2-ingestion/data/treasury/raw/treasury-20260824T034935Z-page002.json;/mnt/d/Projects/GoldRush/docs/phase2-ingestion/data/treasury/raw/treasury-20260824T034935Z-page003.json;/mnt/d/Projects/GoldRush/docs/phase2-ingestion/data/treasury/raw/treasury-20260824T034935Z-page004.json;/mnt/d/Projects/GoldRush/docs/phase2-ingestion/data/treasury/raw/treasury-20260824T034935Z-page005.json;/mnt/d/Projects/GoldRush/docs/phase2-ingestion/data/treasury/raw/treasury-20260824T034935Z-page006.json;/mnt/d/Projects/GoldRush/docs/phase2-ingestion/data/treasury/raw/treasury-20260824T034935Z-page007.json;/mnt/d/Projects/GoldRush/docs/phase2-ingestion/data/treasury/raw/treasury-20260824T034935Z-page008.json;/mnt/d/Projects/GoldRush/docs/phase2-ingestion/data/treasury/raw/treasury-20260824T034935Z-page009.json;/mnt/d/Projects/GoldRush/docs/phase2-ingestion/data/treasury/raw/treasury-20260824T034935Z-page010.json;/mnt/d/Projects/GoldRush/docs/phase2-ingestion/data/treasury/raw/treasury-20260824T034935Z-page011.json;/mnt/d/Projects/GoldRush/docs/phase2-ingestion/data/treasury/raw/treasury-20260824T034935Z-page012.json;/mnt/d/Projects/GoldRush/docs/phase2-ingestion/data/treasury/raw/treasury-20260824T034935Z-page013.json;/mnt/d/Projects/GoldRush/docs/phase2-ingestion/data/treasury/raw/treasury-20260824T034935Z-page014.json;/mnt/d/Projects/GoldRush/docs/phase2-ingestion/data/treasury/raw/treasury-20260824T034935Z-page015.json;/mnt/d/Projects/GoldRush/docs/phase2-ingestion/data/treasury/raw/treasury-20260824T034935Z-page016.json,docs/phase2-ingestion/data/treasury/manifests/treasury-20260824T034935Z.manifest.json,16,cf284fd2186cebbd098b2823e2195f5af04c4bc8c7e75507d7dd4e8bf063fd5b,2026-08-24T03:49:35.808873+00:00,PASS,AVAILABLE,0.1.0
L4-009,2015-11-30,3353389.1314863,13122642.9482143,13107567.40776427,99.88511810837556,25.554220630095113,percent_of_marketable_treasury_debt,Positive dated marketable debt maturing after record date and within one calendar year / Total Marketable outstanding * 100,U.S. Treasury Fiscal Data — Monthly Statement of the Public Debt Table 3,https://api.fiscaldata.treasury.gov/services/api/fiscal_service/v1/debt/mspd/mspd_table_3_market,"{""fields"":""record_date,security_type_desc,security_class1_desc,maturity_date,outstanding_amt,src_line_nbr"",""filter"":""record_date:gte:1900-01-01"",""page[size]"":10000,""sort"":""record_date,src_line_nbr""}",/mnt/d/Projects/GoldRush/docs/phase2-ingestion/data/treasury/raw/treasury-20260824T034935Z-page001.json;/mnt/d/Projects/GoldRush/docs/phase2-ingestion/data/treasury/raw/treasury-20260824T034935Z-page002.json;/mnt/d/Projects/GoldRush/docs/phase2-ingestion/data/treasury/raw/treasury-20260824T034935Z-page003.json;/mnt/d/Projects/GoldRush/docs/phase2-ingestion/data/treasury/raw/treasury-20260824T034935Z-page004.json;/mnt/d/Projects/GoldRush/docs/phase2-ingestion/data/treasury/raw/treasury-20260824T034935Z-page005.json;/mnt/d/Projects/GoldRush/docs/phase2-ingestion/data/treasury/raw/treasury-20260824T034935Z-page006.json;/mnt/d/Projects/GoldRush/docs/phase2-ingestion/data/treasury/raw/treasury-20260824T034935Z-page007.json;/mnt/d/Projects/GoldRush/docs/phase2-ingestion/data/treasury/raw/treasury-20260824T034935Z-page008.json;/mnt/d/Projects/GoldRush/docs/phase2-ingestion/data/treasury/raw/treasury-20260824T034935Z-page009.json;/mnt/d/Projects/GoldRush/docs/phase2-ingestion/data/treasury/raw/treasury-20260824T034935Z-page010.json;/mnt/d/Projects/GoldRush/docs/phase2-ingestion/data/treasury/raw/treasury-20260824T034935Z-page011.json;/mnt/d/Projects/GoldRush/docs/phase2-ingestion/data/treasury/raw/treasury-20260824T034935Z-page012.json;/mnt/d/Projects/GoldRush/docs/phase2-ingestion/data/treasury/raw/treasury-20260824T034935Z-page013.json;/mnt/d/Projects/GoldRush/docs/phase2-ingestion/data/treasury/raw/treasury-20260824T034935Z-page014.json;/mnt/d/Projects/GoldRush/docs/phase2-ingestion/data/treasury/raw/treasury-20260824T034935Z-page015.json;/mnt/d/Projects/GoldRush/docs/phase2-ingestion/data/treasury/raw/treasury-20260824T034935Z-page016.json,docs/phase2-ingestion/data/treasury/manifests/treasury-20260824T034935Z.manifest.json,16,cf284fd2186cebbd098b2823e2195f5af04c4bc8c7e75507d7dd4e8bf063fd5b,2026-08-24T03:49:35.808873+00:00,PASS,AVAILABLE,0.1.0
L4-009,2015-12-31,3386659.50185038,13206555.3914435,13191480.19749347,99.88585067412963,25.64377615108168,percent_of_marketable_treasury_debt,Positive dated marketable debt maturing after record date and within one calendar year / Total Marketable outstanding * 100,U.S. Treasury Fiscal Data — Monthly Statement of the Public Debt Table 3,https://api.fiscaldata.treasury.gov/services/api/fiscal_service/v1/debt/mspd/mspd_table_3_market,"{""fields"":""record_date,security_type_desc,security_class1_desc,maturity_date,outstanding_amt,src_line_nbr"",""filter"":""record_date:gte:1900-01-01"",""page[size]"":10000,""sort"":""record_date,src_line_nbr""}",/mnt/d/Projects/GoldRush/docs/phase2-ingestion/data/treasury/raw/treasury-20260824T034935Z-page001.json;/mnt/d/Projects/GoldRush/docs/phase2-ingestion/data/treasury/raw/treasury-20260824T034935Z-page002.json;/mnt/d/Projects/GoldRush/docs/phase2-ingestion/data/treasury/raw/treasury-20260824T034935Z-page003.json;/mnt/d/Projects/GoldRush/docs/phase2-ingestion/data/treasury/raw/treasury-20260824T034935Z-page004.json;/mnt/d/Projects/GoldRush/docs/phase2-ingestion/data/treasury/raw/treasury-20260824T034935Z-page005.json;/mnt/d/Projects/GoldRush/docs/phase2-ingestion/data/treasury/raw/treasury-20260824T034935Z-page006.json;/mnt/d/Projects/GoldRush/docs/phase2-ingestion/data/treasury/raw/treasury-20260824T034935Z-page007.json;/mnt/d/Projects/GoldRush/docs/phase2-ingestion/data/treasury/raw/treasury-20260824T034935Z-page008.json;/mnt/d/Projects/GoldRush/docs/phase2-ingestion/data/treasury/raw/treasury-20260824T034935Z-page009.json;/mnt/d/Projects/GoldRush/docs/phase2-ingestion/data/treasury/raw/treasury-20260824T034935Z-page010.json;/mnt/d/Projects/GoldRush/docs/phase2-ingestion/data/treasury/raw/treasury-20260824T034935Z-page011.json;/mnt/d/Projects/GoldRush/docs/phase2-ingestion/data/treasury/raw/treasury-20260824T034935Z-page012.json;/mnt/d/Projects/GoldRush/docs/phase2-ingestion/data/treasury/raw/treasury-20260824T034935Z-page013.json;/mnt/d/Projects/GoldRush/docs/phase2-ingestion/data/treasury/raw/treasury-20260824T034935Z-page014.json;/mnt/d/Projects/GoldRush/docs/phase2-ingestion/data/treasury/raw/treasury-20260824T034935Z-page015.json;/mnt/d/Projects/GoldRush/docs/phase2-ingestion/data/treasury/raw/treasury-20260824T034935Z-page016.json,docs/phase2-ingestion/data/treasury/manifests/treasury-20260824T034935Z.manifest.json,16,cf284fd2186cebbd098b2823e2195f5af04c4bc8c7e75507d7dd4e8bf063fd5b,2026-08-24T03:49:35.808873+00:00,PASS,AVAILABLE,0.1.0
L4-009,2016-01-31,3374926.93840851,13188959.1456966,13065186.60014663,99.06154424937804,25.58903171301208,percent_of_marketable_treasury_debt,Positive dated marketable debt maturing after record date and within one calendar year / Total Marketable outstanding * 100,U.S. Treasury Fiscal Data — Monthly Statement of the Public Debt Table 3,https://api.fiscaldata.treasury.gov/services/api/fiscal_service/v1/debt/mspd/mspd_table_3_market,"{""fields"":""record_date,security_type_desc,security_class1_desc,maturity_date,outstanding_amt,src_line_nbr"",""filter"":""record_date:gte:1900-01-01"",""page[size]"":10000,""sort"":""record_date,src_line_nbr""}",/mnt/d/Projects/GoldRush/docs/phase2-ingestion/data/treasury/raw/treasury-20260824T034935Z-page001.json;/mnt/d/Projects/GoldRush/docs/phase2-ingestion/data/treasury/raw/treasury-20260824T034935Z-page002.json;/mnt/d/Projects/GoldRush/docs/phase2-ingestion/data/treasury/raw/treasury-20260824T034935Z-page003.json;/mnt/d/Projects/GoldRush/docs/phase2-ingestion/data/treasury/raw/treasury-20260824T034935Z-page004.json;/mnt/d/Projects/GoldRush/docs/phase2-ingestion/data/treasury/raw/treasury-20260824T034935Z-page005.json;/mnt/d/Projects/GoldRush/docs/phase2-ingestion/data/treasury/raw/treasury-20260824T034935Z-page006.json;/mnt/d/Projects/GoldRush/docs/phase2-ingestion/data/treasury/raw/treasury-20260824T034935Z-page007.json;/mnt/d/Projects/GoldRush/docs/phase2-ingestion/data/treasury/raw/treasury-20260824T034935Z-page008.json;/mnt/d/Projects/GoldRush/docs/phase2-ingestion/data/treasury/raw/treasury-20260824T034935Z-page009.json;/mnt/d/Projects/GoldRush/docs/phase2-ingestion/data/treasury/raw/treasury-20260824T034935Z-page010.json;/mnt/d/Projects/GoldRush/docs/phase2-ingestion/data/treasury/raw/treasury-20260824T034935Z-page011.json;/mnt/d/Projects/GoldRush/docs/phase2-ingestion/data/treasury/raw/treasury-20260824T034935Z-page012.json;/mnt/d/Projects/GoldRush/docs/phase2-ingestion/data/treasury/raw/treasury-20260824T034935Z-page013.json;/mnt/d/Projects/GoldRush/docs/phase2-ingestion/data/treasury/raw/treasury-20260824T034935Z-page014.json;/mnt/d/Projects/GoldRush/docs/phase2-ingestion/data/treasury/raw/treasury-20260824T034935Z-page015.json;/mnt/d/Projects/GoldRush/docs/phase2-ingestion/data/treasury/raw/treasury-20260824T034935Z-page016.json,docs/phase2-ingestion/data/treasury/manifests/treasury-20260824T034935Z.manifest.json,16,cf284fd2186cebbd098b2823e2195f5af04c4bc8c7e75507d7dd4e8bf063fd5b,2026-08-24T03:49:35.808873+00:00,PASS,AVAILABLE,0.1.0
L4-009,2016-02-29,3443676.13196965,13312730.8223693,13297652.32641925,99.88673626657639,25.867541212380424,percent_of_marketable_treasury_debt,Positive dated marketable debt maturing after record date and within one calendar year / Total Marketable outstanding * 100,U.S. Treasury Fiscal Data — Monthly Statement of the Public Debt Table 3,https://api.fiscaldata.treasury.gov/services/api/fiscal_service/v1/debt/mspd/mspd_table_3_market,"{""fields"":""record_date,security_type_desc,security_class1_desc,maturity_date,outstanding_amt,src_line_nbr"",""filter"":""record_date:gte:1900-01-01"",""page[size]"":10000,""sort"":""record_date,src_line_nbr""}",/mnt/d/Projects/GoldRush/docs/phase2-ingestion/data/treasury/raw/treasury-20260824T034935Z-page001.json;/mnt/d/Projects/GoldRush/docs/phase2-ingestion/data/treasury/raw/treasury-20260824T034935Z-page002.json;/mnt/d/Projects/GoldRush/docs/phase2-ingestion/data/treasury/raw/treasury-20260824T034935Z-page003.json;/mnt/d/Projects/GoldRush/docs/phase2-ingestion/data/treasury/raw/treasury-20260824T034935Z-page004.json;/mnt/d/Projects/GoldRush/docs/phase2-ingestion/data/treasury/raw/treasury-20260824T034935Z-page005.json;/mnt/d/Projects/GoldRush/docs/phase2-ingestion/data/treasury/raw/treasury-20260824T034935Z-page006.json;/mnt/d/Projects/GoldRush/docs/phase2-ingestion/data/treasury/raw/treasury-20260824T034935Z-page007.json;/mnt/d/Projects/GoldRush/docs/phase2-ingestion/data/treasury/raw/treasury-20260824T034935Z-page008.json;/mnt/d/Projects/GoldRush/docs/phase2-ingestion/data/treasury/raw/treasury-20260824T034935Z-page009.json;/mnt/d/Projects/GoldRush/docs/phase2-ingestion/data/treasury/raw/treasury-20260824T034935Z-page010.json;/mnt/d/Projects/GoldRush/docs/phase2-ingestion/data/treasury/raw/treasury-20260824T034935Z-page011.json;/mnt/d/Projects/GoldRush/docs/phase2-ingestion/data/treasury/raw/treasury-20260824T034935Z-page012.json;/mnt/d/Projects/GoldRush/docs/phase2-ingestion/data/treasury/raw/treasury-20260824T034935Z-page013.json;/mnt/d/Projects/GoldRush/docs/phase2-ingestion/data/treasury/raw/treasury-20260824T034935Z-page014.json;/mnt/d/Projects/GoldRush/docs/phase2-ingestion/data/treasury/raw/treasury-20260824T034935Z-page015.json;/mnt/d/Projects/GoldRush/docs/phase2-ingestion/data/treasury/raw/treasury-20260824T034935Z-page016.json,docs/phase2-ingestion/data/treasury/manifests/treasury-20260824T034935Z.manifest.json,16,cf284fd2186cebbd098b2823e2195f5af04c4bc8c7e75507d7dd4e8bf063fd5b,2026-08-24T03:49:35.808873+00:00,PASS,AVAILABLE,0.1.0
L4-009,2016-03-31,3509021.47750839,13446140.3751868,13431063.78023678,99.88787418151723,26.096867796976582,percent_of_marketable_treasury_debt,Positive dated marketable debt maturing after record date and within one calendar year / Total Marketable outstanding * 100,U.S. Treasury Fiscal Data — Monthly Statement of the Public Debt Table 3,https://api.fiscaldata.treasury.gov/services/api/fiscal_service/v1/debt/mspd/mspd_table_3_market,"{""fields"":""record_date,security_type_desc,security_class1_desc,maturity_date,outstanding_amt,src_line_nbr"",""filter"":""record_date:gte:1900-01-01"",""page[size]"":10000,""sort"":""record_date,src_line_nbr""}",/mnt/d/Projects/GoldRush/docs/phase2-ingestion/data/treasury/raw/treasury-20260824T034935Z-page001.json;/mnt/d/Projects/GoldRush/docs/phase2-ingestion/data/treasury/raw/treasury-20260824T034935Z-page002.json;/mnt/d/Projects/GoldRush/docs/phase2-ingestion/data/treasury/raw/treasury-20260824T034935Z-page003.json;/mnt/d/Projects/GoldRush/docs/phase2-ingestion/data/treasury/raw/treasury-20260824T034935Z-page004.json;/mnt/d/Projects/GoldRush/docs/phase2-ingestion/data/treasury/raw/treasury-20260824T034935Z-page005.json;/mnt/d/Projects/GoldRush/docs/phase2-ingestion/data/treasury/raw/treasury-20260824T034935Z-page006.json;/mnt/d/Projects/GoldRush/docs/phase2-ingestion/data/treasury/raw/treasury-20260824T034935Z-page007.json;/mnt/d/Projects/GoldRush/docs/phase2-ingestion/data/treasury/raw/treasury-20260824T034935Z-page008.json;/mnt/d/Projects/GoldRush/docs/phase2-ingestion/data/treasury/raw/treasury-20260824T034935Z-page009.json;/mnt/d/Projects/GoldRush/docs/phase2-ingestion/data/treasury/raw/treasury-20260824T034935Z-page010.json;/mnt/d/Projects/GoldRush/docs/phase2-ingestion/data/treasury/raw/treasury-20260824T034935Z-page011.json;/mnt/d/Projects/GoldRush/docs/phase2-ingestion/data/treasury/raw/treasury-20260824T034935Z-page012.json;/mnt/d/Projects/GoldRush/docs/phase2-ingestion/data/treasury/raw/treasury-20260824T034935Z-page013.json;/mnt/d/Projects/GoldRush/docs/phase2-ingestion/data/treasury/raw/treasury-20260824T034935Z-page014.json;/mnt/d/Projects/GoldRush/docs/phase2-ingestion/data/treasury/raw/treasury-20260824T034935Z-page015.json;/mnt/d/Projects/GoldRush/docs/phase2-ingestion/data/treasury/raw/treasury-20260824T034935Z-page016.json,docs/phase2-ingestion/data/treasury/manifests/treasury-20260824T034935Z.manifest.json,16,cf284fd2186cebbd098b2823e2195f5af04c4bc8c7e75507d7dd4e8bf063fd5b,2026-08-24T03:49:35.808873+00:00,PASS,AVAILABLE,0.1.0
L4-009,2016-04-30,3419914.69656978,13355170.8355637,13202995.10551373,98.8605482331627,25.607420067310812,percent_of_marketable_treasury_debt,Positive dated marketable debt maturing after record date and within one calendar year / Total Marketable outstanding * 100,U.S. Treasury Fiscal Data — Monthly Statement of the Public Debt Table 3,https://api.fiscaldata.treasury.gov/services/api/fiscal_service/v1/debt/mspd/mspd_table_3_market,"{""fields"":""record_date,security_type_desc,security_class1_desc,maturity_date,outstanding_amt,src_line_nbr"",""filter"":""record_date:gte:1900-01-01"",""page[size]"":10000,""sort"":""record_date,src_line_nbr""}",/mnt/d/Projects/GoldRush/docs/phase2-ingestion/data/treasury/raw/treasury-20260824T034935Z-page001.json;/mnt/d/Projects/GoldRush/docs/phase2-ingestion/data/treasury/raw/treasury-20260824T034935Z-page002.json;/mnt/d/Projects/GoldRush/docs/phase2-ingestion/data/treasury/raw/treasury-20260824T034935Z-page003.json;/mnt/d/Projects/GoldRush/docs/phase2-ingestion/data/treasury/raw/treasury-20260824T034935Z-page004.json;/mnt/d/Projects/GoldRush/docs/phase2-ingestion/data/treasury/raw/treasury-20260824T034935Z-page005.json;/mnt/d/Projects/GoldRush/docs/phase2-ingestion/data/treasury/raw/treasury-20260824T034935Z-page006.json;/mnt/d/Projects/GoldRush/docs/phase2-ingestion/data/treasury/raw/treasury-20260824T034935Z-page007.json;/mnt/d/Projects/GoldRush/docs/phase2-ingestion/data/treasury/raw/treasury-20260824T034935Z-page008.json;/mnt/d/Projects/GoldRush/docs/phase2-ingestion/data/treasury/raw/treasury-20260824T034935Z-page009.json;/mnt/d/Projects/GoldRush/docs/phase2-ingestion/data/treasury/raw/treasury-20260824T034935Z-page010.json;/mnt/d/Projects/GoldRush/docs/phase2-ingestion/data/treasury/raw/treasury-20260824T034935Z-page011.json;/mnt/d/Projects/GoldRush/docs/phase2-ingestion/data/treasury/raw/treasury-20260824T034935Z-page012.json;/mnt/d/Projects/GoldRush/docs/phase2-ingestion/data/treasury/raw/treasury-20260824T034935Z-page013.json;/mnt/d/Projects/GoldRush/docs/phase2-ingestion/data/treasury/raw/treasury-20260824T034935Z-page014.json;/mnt/d/Projects/GoldRush/docs/phase2-ingestion/data/treasury/raw/treasury-20260824T034935Z-page015.json;/mnt/d/Projects/GoldRush/docs/phase2-ingestion/data/treasury/raw/treasury-20260824T034935Z-page016.json,docs/phase2-ingestion/data/treasury/manifests/treasury-20260824T034935Z.manifest.json,16,cf284fd2186cebbd098b2823e2195f5af04c4bc8c7e75507d7dd4e8bf063fd5b,2026-08-24T03:49:35.808873+00:00,PASS,AVAILABLE,0.1.0
L4-009,2016-05-31,3410139.81564051,13393532.3276857,13378446.72423572,99.887366505856,25.4610936996167,percent_of_marketable_treasury_debt,Positive dated marketable debt maturing after record date and within one calendar year / Total Marketable outstanding * 100,U.S. Treasury Fiscal Data — Monthly Statement of the Public Debt Table 3,https://api.fiscaldata.treasury.gov/services/api/fiscal_service/v1/debt/mspd/mspd_table_3_market,"{""fields"":""record_date,security_type_desc,security_class1_desc,maturity_date,outstanding_amt,src_line_nbr"",""filter"":""record_date:gte:1900-01-01"",""page[size]"":10000,""sort"":""record_date,src_line_nbr""}",/mnt/d/Projects/GoldRush/docs/phase2-ingestion/data/treasury/raw/treasury-20260824T034935Z-page001.json;/mnt/d/Projects/GoldRush/docs/phase2-ingestion/data/treasury/raw/treasury-20260824T034935Z-page002.json;/mnt/d/Projects/GoldRush/docs/phase2-ingestion/data/treasury/raw/treasury-20260824T034935Z-page003.json;/mnt/d/Projects/GoldRush/docs/phase2-ingestion/data/treasury/raw/treasury-20260824T034935Z-page004.json;/mnt/d/Projects/GoldRush/docs/phase2-ingestion/data/treasury/raw/treasury-20260824T034935Z-page005.json;/mnt/d/Projects/GoldRush/docs/phase2-ingestion/data/treasury/raw/treasury-20260824T034935Z-page006.json;/mnt/d/Projects/GoldRush/docs/phase2-ingestion/data/treasury/raw/treasury-20260824T034935Z-page007.json;/mnt/d/Projects/GoldRush/docs/phase2-ingestion/data/treasury/raw/treasury-20260824T034935Z-page008.json;/mnt/d/Projects/GoldRush/docs/phase2-ingestion/data/treasury/raw/treasury-20260824T034935Z-page009.json;/mnt/d/Projects/GoldRush/docs/phase2-ingestion/data/treasury/raw/treasury-20260824T034935Z-page010.json;/mnt/d/Projects/GoldRush/docs/phase2-ingestion/data/treasury/raw/treasury-20260824T034935Z-page011.json;/mnt/d/Projects/GoldRush/docs/phase2-ingestion/data/treasury/raw/treasury-20260824T034935Z-page012.json;/mnt/d/Projects/GoldRush/docs/phase2-ingestion/data/treasury/raw/treasury-20260824T034935Z-page013.json;/mnt/d/Projects/GoldRush/docs/phase2-ingestion/data/treasury/raw/treasury-20260824T034935Z-page014.json;/mnt/d/Projects/GoldRush/docs/phase2-ingestion/data/treasury/raw/treasury-20260824T034935Z-page015.json;/mnt/d/Projects/GoldRush/docs/phase2-ingestion/data/treasury/raw/treasury-20260824T034935Z-page016.json,docs/phase2-ingestion/data/treasury/manifests/treasury-20260824T034935Z.manifest.json,16,cf284fd2186cebbd098b2823e2195f5af04c4bc8c7e75507d7dd4e8bf063fd5b,2026-08-24T03:49:35.808873+00:00,PASS,AVAILABLE,0.1.0
L4-009,2016-06-30,3388900.75089059,13430795.9243539,13417691.41945395,99.90242942433376,25.232315120993963,percent_of_marketable_treasury_debt,Positive dated marketable debt maturing after record date and within one calendar year / Total Marketable outstanding * 100,U.S. Treasury Fiscal Data — Monthly Statement of the Public Debt Table 3,https://api.fiscaldata.treasury.gov/services/api/fiscal_service/v1/debt/mspd/mspd_table_3_market,"{""fields"":""record_date,security_type_desc,security_class1_desc,maturity_date,outstanding_amt,src_line_nbr"",""filter"":""record_date:gte:1900-01-01"",""page[size]"":10000,""sort"":""record_date,src_line_nbr""}",/mnt/d/Projects/GoldRush/docs/phase2-ingestion/data/treasury/raw/treasury-20260824T034935Z-page001.json;/mnt/d/Projects/GoldRush/docs/phase2-ingestion/data/treasury/raw/treasury-20260824T034935Z-page002.json;/mnt/d/Projects/GoldRush/docs/phase2-ingestion/data/treasury/raw/treasury-20260824T034935Z-page003.json;/mnt/d/Projects/GoldRush/docs/phase2-ingestion/data/treasury/raw/treasury-20260824T034935Z-page004.json;/mnt/d/Projects/GoldRush/docs/phase2-ingestion/data/treasury/raw/treasury-20260824T034935Z-page005.json;/mnt/d/Projects/GoldRush/docs/phase2-ingestion/data/treasury/raw/treasury-20260824T034935Z-page006.json;/mnt/d/Projects/GoldRush/docs/phase2-ingestion/data/treasury/raw/treasury-20260824T034935Z-page007.json;/mnt/d/Projects/GoldRush/docs/phase2-ingestion/data/treasury/raw/treasury-20260824T034935Z-page008.json;/mnt/d/Projects/GoldRush/docs/phase2-ingestion/data/treasury/raw/treasury-20260824T034935Z-page009.json;/mnt/d/Projects/GoldRush/docs/phase2-ingestion/data/treasury/raw/treasury-20260824T034935Z-page010.json;/mnt/d/Projects/GoldRush/docs/phase2-ingestion/data/treasury/raw/treasury-20260824T034935Z-page011.json;/mnt/d/Projects/GoldRush/docs/phase2-ingestion/data/treasury/raw/treasury-20260824T034935Z-page012.json;/mnt/d/Projects/GoldRush/docs/phase2-ingestion/data/treasury/raw/treasury-20260824T034935Z-page013.json;/mnt/d/Projects/GoldRush/docs/phase2-ingestion/data/treasury/raw/treasury-20260824T034935Z-page014.json;/mnt/d/Projects/GoldRush/docs/phase2-ingestion/data/treasury/raw/treasury-20260824T034935Z-page015.json;/mnt/d/Projects/GoldRush/docs/phase2-ingestion/data/treasury/raw/treasury-20260824T034935Z-page016.json,docs/phase2-ingestion/data/treasury/manifests/treasury-20260824T034935Z.manifest.json,16,cf284fd2186cebbd098b2823e2195f5af04c4bc8c7e75507d7dd4e8bf063fd5b,2026-08-24T03:49:35.808873+00:00,PASS,AVAILABLE,0.1.0
L4-009,2016-07-31,3415871.58043386,13494222.4863388,13346367.94973876,98.90431229550481,25.313585750435045,percent_of_marketable_treasury_debt,Positive dated marketable debt maturing after record date and within one calendar year / Total Marketable outstanding * 100,U.S. Treasury Fiscal Data — Monthly Statement of the Public Debt Table 3,https://api.fiscaldata.treasury.gov/services/api/fiscal_service/v1/debt/mspd/mspd_table_3_market,"{""fields"":""record_date,security_type_desc,security_class1_desc,maturity_date,outstanding_amt,src_line_nbr"",""filter"":""record_date:gte:1900-01-01"",""page[size]"":10000,""sort"":""record_date,src_line_nbr""}",/mnt/d/Projects/GoldRush/docs/phase2-ingestion/data/treasury/raw/treasury-20260824T034935Z-page001.json;/mnt/d/Projects/GoldRush/docs/phase2-ingestion/data/treasury/raw/treasury-20260824T034935Z-page002.json;/mnt/d/Projects/GoldRush/docs/phase2-ingestion/data/treasury/raw/treasury-20260824T034935Z-page003.json;/mnt/d/Projects/GoldRush/docs/phase2-ingestion/data/treasury/raw/treasury-20260824T034935Z-page004.json;/mnt/d/Projects/GoldRush/docs/phase2-ingestion/data/treasury/raw/treasury-20260824T034935Z-page005.json;/mnt/d/Projects/GoldRush/docs/phase2-ingestion/data/treasury/raw/treasury-20260824T034935Z-page006.json;/mnt/d/Projects/GoldRush/docs/phase2-ingestion/data/treasury/raw/treasury-20260824T034935Z-page007.json;/mnt/d/Projects/GoldRush/docs/phase2-ingestion/data/treasury/raw/treasury-20260824T034935Z-page008.json;/mnt/d/Projects/GoldRush/docs/phase2-ingestion/data/treasury/raw/treasury-20260824T034935Z-page009.json;/mnt/d/Projects/GoldRush/docs/phase2-ingestion/data/treasury/raw/treasury-20260824T034935Z-page010.json;/mnt/d/Projects/GoldRush/docs/phase2-ingestion/data/treasury/raw/treasury-20260824T034935Z-page011.json;/mnt/d/Projects/GoldRush/docs/phase2-ingestion/data/treasury/raw/treasury-20260824T034935Z-page012.json;/mnt/d/Projects/GoldRush/docs/phase2-ingestion/data/treasury/raw/treasury-20260824T034935Z-page013.json;/mnt/d/Projects/GoldRush/docs/phase2-ingestion/data/treasury/raw/treasury-20260824T034935Z-page014.json;/mnt/d/Projects/GoldRush/docs/phase2-ingestion/data/treasury/raw/treasury-20260824T034935Z-page015.json;/mnt/d/Projects/GoldRush/docs/phase2-ingestion/data/treasury/raw/treasury-20260824T034935Z-page016.json,docs/phase2-ingestion/data/treasury/manifests/treasury-20260824T034935Z.manifest.json,16,cf284fd2186cebbd098b2823e2195f5af04c4bc8c7e75507d7dd4e8bf063fd5b,2026-08-24T03:49:35.808873+00:00,PASS,AVAILABLE,0.1.0
L4-009,2016-08-31,3507397.98585098,13599071.2465464,13585969.04564645,99.90365370794511,25.79145238864539,percent_of_marketable_treasury_debt,Positive dated marketable debt maturing after record date and within one calendar year / Total Marketable outstanding * 100,U.S. Treasury Fiscal Data — Monthly Statement of the Public Debt Table 3,https://api.fiscaldata.treasury.gov/services/api/fiscal_service/v1/debt/mspd/mspd_table_3_market,"{""fields"":""record_date,security_type_desc,security_class1_desc,maturity_date,outstanding_amt,src_line_nbr"",""filter"":""record_date:gte:1900-01-01"",""page[size]"":10000,""sort"":""record_date,src_line_nbr""}",/mnt/d/Projects/GoldRush/docs/phase2-ingestion/data/treasury/raw/treasury-20260824T034935Z-page001.json;/mnt/d/Projects/GoldRush/docs/phase2-ingestion/data/treasury/raw/treasury-20260824T034935Z-page002.json;/mnt/d/Projects/GoldRush/docs/phase2-ingestion/data/treasury/raw/treasury-20260824T034935Z-page003.json;/mnt/d/Projects/GoldRush/docs/phase2-ingestion/data/treasury/raw/treasury-20260824T034935Z-page004.json;/mnt/d/Projects/GoldRush/docs/phase2-ingestion/data/treasury/raw/treasury-20260824T034935Z-page005.json;/mnt/d/Projects/GoldRush/docs/phase2-ingestion/data/treasury/raw/treasury-20260824T034935Z-page006.json;/mnt/d/Projects/GoldRush/docs/phase2-ingestion/data/treasury/raw/treasury-20260824T034935Z-page007.json;/mnt/d/Projects/GoldRush/docs/phase2-ingestion/data/treasury/raw/treasury-20260824T034935Z-page008.json;/mnt/d/Projects/GoldRush/docs/phase2-ingestion/data/treasury/raw/treasury-20260824T034935Z-page009.json;/mnt/d/Projects/GoldRush/docs/phase2-ingestion/data/treasury/raw/treasury-20260824T034935Z-page010.json;/mnt/d/Projects/GoldRush/docs/phase2-ingestion/data/treasury/raw/treasury-20260824T034935Z-page011.json;/mnt/d/Projects/GoldRush/docs/phase2-ingestion/data/treasury/raw/treasury-20260824T034935Z-page012.json;/mnt/d/Projects/GoldRush/docs/phase2-ingestion/data/treasury/raw/treasury-20260824T034935Z-page013.json;/mnt/d/Projects/GoldRush/docs/phase2-ingestion/data/treasury/raw/treasury-20260824T034935Z-page014.json;/mnt/d/Projects/GoldRush/docs/phase2-ingestion/data/treasury/raw/treasury-20260824T034935Z-page015.json;/mnt/d/Projects/GoldRush/docs/phase2-ingestion/data/treasury/raw/treasury-20260824T034935Z-page016.json,docs/phase2-ingestion/data/treasury/manifests/treasury-20260824T034935Z.manifest.json,16,cf284fd2186cebbd098b2823e2195f5af04c4bc8c7e75507d7dd4e8bf063fd5b,2026-08-24T03:49:35.808873+00:00,PASS,AVAILABLE,0.1.0
L4-009,2016-09-30,3513606.33540547,13660603.9831401,13647501.95724011,99.90408897061828,25.72072464542533,percent_of_marketable_treasury_debt,Positive dated marketable debt maturing after record date and within one calendar year / Total Marketable outstanding * 100,U.S. Treasury Fiscal Data — Monthly Statement of the Public Debt Table 3,https://api.fiscaldata.treasury.gov/services/api/fiscal_service/v1/debt/mspd/mspd_table_3_market,"{""fields"":""record_date,security_type_desc,security_class1_desc,maturity_date,outstanding_amt,src_line_nbr"",""filter"":""record_date:gte:1900-01-01"",""page[size]"":10000,""sort"":""record_date,src_line_nbr""}",/mnt/d/Projects/GoldRush/docs/phase2-ingestion/data/treasury/raw/treasury-20260824T034935Z-page001.json;/mnt/d/Projects/GoldRush/docs/phase2-ingestion/data/treasury/raw/treasury-20260824T034935Z-page002.json;/mnt/d/Projects/GoldRush/docs/phase2-ingestion/data/treasury/raw/treasury-20260824T034935Z-page003.json;/mnt/d/Projects/GoldRush/docs/phase2-ingestion/data/treasury/raw/treasury-20260824T034935Z-page004.json;/mnt/d/Projects/GoldRush/docs/phase2-ingestion/data/treasury/raw/treasury-20260824T034935Z-page005.json;/mnt/d/Projects/GoldRush/docs/phase2-ingestion/data/treasury/raw/treasury-20260824T034935Z-page006.json;/mnt/d/Projects/GoldRush/docs/phase2-ingestion/data/treasury/raw/treasury-20260824T034935Z-page007.json;/mnt/d/Projects/GoldRush/docs/phase2-ingestion/data/treasury/raw/treasury-20260824T034935Z-page008.json;/mnt/d/Projects/GoldRush/docs/phase2-ingestion/data/treasury/raw/treasury-20260824T034935Z-page009.json;/mnt/d/Projects/GoldRush/docs/phase2-ingestion/data/treasury/raw/treasury-20260824T034935Z-page010.json;/mnt/d/Projects/GoldRush/docs/phase2-ingestion/data/treasury/raw/treasury-20260824T034935Z-page011.json;/mnt/d/Projects/GoldRush/docs/phase2-ingestion/data/treasury/raw/treasury-20260824T034935Z-page012.json;/mnt/d/Projects/GoldRush/docs/phase2-ingestion/data/treasury/raw/treasury-20260824T034935Z-page013.json;/mnt/d/Projects/GoldRush/docs/phase2-ingestion/data/treasury/raw/treasury-20260824T034935Z-page014.json;/mnt/d/Projects/GoldRush/docs/phase2-ingestion/data/treasury/raw/treasury-20260824T034935Z-page015.json;/mnt/d/Projects/GoldRush/docs/phase2-ingestion/data/treasury/raw/treasury-20260824T034935Z-page016.json,docs/phase2-ingestion/data/treasury/manifests/treasury-20260824T034935Z.manifest.json,16,cf284fd2186cebbd098b2823e2195f5af04c4bc8c7e75507d7dd4e8bf063fd5b,2026-08-24T03:49:35.808873+00:00,PASS,AVAILABLE,0.1.0
L4-009,2016-10-31,3610159.22997971,13770055.0385759,13756954.82477594,99.90486447756919,26.21746405418197,percent_of_marketable_treasury_debt,Positive dated marketable debt maturing after record date and within one calendar year / Total Marketable outstanding * 100,U.S. Treasury Fiscal Data — Monthly Statement of the Public Debt Table 3,https://api.fiscaldata.treasury.gov/services/api/fiscal_service/v1/debt/mspd/mspd_table_3_market,"{""fields"":""record_date,security_type_desc,security_class1_desc,maturity_date,outstanding_amt,src_line_nbr"",""filter"":""record_date:gte:1900-01-01"",""page[size]"":10000,""sort"":""record_date,src_line_nbr""}",/mnt/d/Projects/GoldRush/docs/phase2-ingestion/data/treasury/raw/treasury-20260824T034935Z-page001.json;/mnt/d/Projects/GoldRush/docs/phase2-ingestion/data/treasury/raw/treasury-20260824T034935Z-page002.json;/mnt/d/Projects/GoldRush/docs/phase2-ingestion/data/treasury/raw/treasury-20260824T034935Z-page003.json;/mnt/d/Projects/GoldRush/docs/phase2-ingestion/data/treasury/raw/treasury-20260824T034935Z-page004.json;/mnt/d/Projects/GoldRush/docs/phase2-ingestion/data/treasury/raw/treasury-20260824T034935Z-page005.json;/mnt/d/Projects/GoldRush/docs/phase2-ingestion/data/treasury/raw/treasury-20260824T034935Z-page006.json;/mnt/d/Projects/GoldRush/docs/phase2-ingestion/data/treasury/raw/treasury-20260824T034935Z-page007.json;/mnt/d/Projects/GoldRush/docs/phase2-ingestion/data/treasury/raw/treasury-20260824T034935Z-page008.json;/mnt/d/Projects/GoldRush/docs/phase2-ingestion/data/treasury/raw/treasury-20260824T034935Z-page009.json;/mnt/d/Projects/GoldRush/docs/phase2-ingestion/data/treasury/raw/treasury-20260824T034935Z-page010.json;/mnt/d/Projects/GoldRush/docs/phase2-ingestion/data/treasury/raw/treasury-20260824T034935Z-page011.json;/mnt/d/Projects/GoldRush/docs/phase2-ingestion/data/treasury/raw/treasury-20260824T034935Z-page012.json;/mnt/d/Projects/GoldRush/docs/phase2-ingestion/data/treasury/raw/treasury-20260824T034935Z-page013.json;/mnt/d/Projects/GoldRush/docs/phase2-ingestion/data/treasury/raw/treasury-20260824T034935Z-page014.json;/mnt/d/Projects/GoldRush/docs/phase2-ingestion/data/treasury/raw/treasury-20260824T034935Z-page015.json;/mnt/d/Projects/GoldRush/docs/phase2-ingestion/data/treasury/raw/treasury-20260824T034935Z-page016.json,docs/phase2-ingestion/data/treasury/manifests/treasury-20260824T034935Z.manifest.json,16,cf284fd2186cebbd098b2823e2195f5af04c4bc8c7e75507d7dd4e8bf063fd5b,2026-08-24T03:49:35.808873+00:00,PASS,AVAILABLE,0.1.0
L4-009,2016-11-30,3705584.75732453,13921469.7539833,13908369.74618334,99.90590068411267,26.617769695360394,percent_of_marketable_treasury_debt,Positive dated marketable debt maturing after record date and within one calendar year / Total Marketable outstanding * 100,U.S. Treasury Fiscal Data — Monthly Statement of the Public Debt Table 3,https://api.fiscaldata.treasury.gov/services/api/fiscal_service/v1/debt/mspd/mspd_table_3_market,"{""fields"":""record_date,security_type_desc,security_class1_desc,maturity_date,outstanding_amt,src_line_nbr"",""filter"":""record_date:gte:1900-01-01"",""page[size]"":10000,""sort"":""record_date,src_line_nbr""}",/mnt/d/Projects/GoldRush/docs/phase2-ingestion/data/treasury/raw/treasury-20260824T034935Z-page001.json;/mnt/d/Projects/GoldRush/docs/phase2-ingestion/data/treasury/raw/treasury-20260824T034935Z-page002.json;/mnt/d/Projects/GoldRush/docs/phase2-ingestion/data/treasury/raw/treasury-20260824T034935Z-page003.json;/mnt/d/Projects/GoldRush/docs/phase2-ingestion/data/treasury/raw/treasury-20260824T034935Z-page004.json;/mnt/d/Projects/GoldRush/docs/phase2-ingestion/data/treasury/raw/treasury-20260824T034935Z-page005.json;/mnt/d/Projects/GoldRush/docs/phase2-ingestion/data/treasury/raw/treasury-20260824T034935Z-page006.json;/mnt/d/Projects/GoldRush/docs/phase2-ingestion/data/treasury/raw/treasury-20260824T034935Z-page007.json;/mnt/d/Projects/GoldRush/docs/phase2-ingestion/data/treasury/raw/treasury-20260824T034935Z-page008.json;/mnt/d/Projects/GoldRush/docs/phase2-ingestion/data/treasury/raw/treasury-20260824T034935Z-page009.json;/mnt/d/Projects/GoldRush/docs/phase2-ingestion/data/treasury/raw/treasury-20260824T034935Z-page010.json;/mnt/d/Projects/GoldRush/docs/phase2-ingestion/data/treasury/raw/treasury-20260824T034935Z-page011.json;/mnt/d/Projects/GoldRush/docs/phase2-ingestion/data/treasury/raw/treasury-20260824T034935Z-page012.json;/mnt/d/Projects/GoldRush/docs/phase2-ingestion/data/treasury/raw/treasury-20260824T034935Z-page013.json;/mnt/d/Projects/GoldRush/docs/phase2-ingestion/data/treasury/raw/treasury-20260824T034935Z-page014.json;/mnt/d/Projects/GoldRush/docs/phase2-ingestion/data/treasury/raw/treasury-20260824T034935Z-page015.json;/mnt/d/Projects/GoldRush/docs/phase2-ingestion/data/treasury/raw/treasury-20260824T034935Z-page016.json,docs/phase2-ingestion/data/treasury/manifests/treasury-20260824T034935Z.manifest.json,16,cf284fd2186cebbd098b2823e2195f5af04c4bc8c7e75507d7dd4e8bf063fd5b,2026-08-24T03:49:35.808873+00:00,PASS,AVAILABLE,0.1.0
L4-009,2016-12-31,3641069.41134367,13921265.0024953,13812083.85849534,99.21572397350104,26.154730986667023,percent_of_marketable_treasury_debt,Positive dated marketable debt maturing after record date and within one calendar year / Total Marketable outstanding * 100,U.S. Treasury Fiscal Data — Monthly Statement of the Public Debt Table 3,https://api.fiscaldata.treasury.gov/services/api/fiscal_service/v1/debt/mspd/mspd_table_3_market,"{""fields"":""record_date,security_type_desc,security_class1_desc,maturity_date,outstanding_amt,src_line_nbr"",""filter"":""record_date:gte:1900-01-01"",""page[size]"":10000,""sort"":""record_date,src_line_nbr""}",/mnt/d/Projects/GoldRush/docs/phase2-ingestion/data/treasury/raw/treasury-20260824T034935Z-page001.json;/mnt/d/Projects/GoldRush/docs/phase2-ingestion/data/treasury/raw/treasury-20260824T034935Z-page002.json;/mnt/d/Projects/GoldRush/docs/phase2-ingestion/data/treasury/raw/treasury-20260824T034935Z-page003.json;/mnt/d/Projects/GoldRush/docs/phase2-ingestion/data/treasury/raw/treasury-20260824T034935Z-page004.json;/mnt/d/Projects/GoldRush/docs/phase2-ingestion/data/treasury/raw/treasury-20260824T034935Z-page005.json;/mnt/d/Projects/GoldRush/docs/phase2-ingestion/data/treasury/raw/treasury-20260824T034935Z-page006.json;/mnt/d/Projects/GoldRush/docs/phase2-ingestion/data/treasury/raw/treasury-20260824T034935Z-page007.json;/mnt/d/Projects/GoldRush/docs/phase2-ingestion/data/treasury/raw/treasury-20260824T034935Z-page008.json;/mnt/d/Projects/GoldRush/docs/phase2-ingestion/data/treasury/raw/treasury-20260824T034935Z-page009.json;/mnt/d/Projects/GoldRush/docs/phase2-ingestion/data/treasury/raw/treasury-20260824T034935Z-page010.json;/mnt/d/Projects/GoldRush/docs/phase2-ingestion/data/treasury/raw/treasury-20260824T034935Z-page011.json;/mnt/d/Projects/GoldRush/docs/phase2-ingestion/data/treasury/raw/treasury-20260824T034935Z-page012.json;/mnt/d/Projects/GoldRush/docs/phase2-ingestion/data/treasury/raw/treasury-20260824T034935Z-page013.json;/mnt/d/Projects/GoldRush/docs/phase2-ingestion/data/treasury/raw/treasury-20260824T034935Z-page014.json;/mnt/d/Projects/GoldRush/docs/phase2-ingestion/data/treasury/raw/treasury-20260824T034935Z-page015.json;/mnt/d/Projects/GoldRush/docs/phase2-ingestion/data/treasury/raw/treasury-20260824T034935Z-page016.json,docs/phase2-ingestion/data/treasury/manifests/treasury-20260824T034935Z.manifest.json,16,cf284fd2186cebbd098b2823e2195f5af04c4bc8c7e75507d7dd4e8bf063fd5b,2026-08-24T03:49:35.808873+00:00,PASS,AVAILABLE,0.1.0
L4-009,2017-01-31,3574363.57476599,13863760.7439419,13850661.05734187,99.90551130503493,25.782063328869068,percent_of_marketable_treasury_debt,Positive dated marketable debt maturing after record date and within one calendar year / Total Marketable outstanding * 100,U.S. Treasury Fiscal Data — Monthly Statement of the Public Debt Table 3,https://api.fiscaldata.treasury.gov/services/api/fiscal_service/v1/debt/mspd/mspd_table_3_market,"{""fields"":""record_date,security_type_desc,security_class1_desc,maturity_date,outstanding_amt,src_line_nbr"",""filter"":""record_date:gte:1900-01-01"",""page[size]"":10000,""sort"":""record_date,src_line_nbr""}",/mnt/d/Projects/GoldRush/docs/phase2-ingestion/data/treasury/raw/treasury-20260824T034935Z-page001.json;/mnt/d/Projects/GoldRush/docs/phase2-ingestion/data/treasury/raw/treasury-20260824T034935Z-page002.json;/mnt/d/Projects/GoldRush/docs/phase2-ingestion/data/treasury/raw/treasury-20260824T034935Z-page003.json;/mnt/d/Projects/GoldRush/docs/phase2-ingestion/data/treasury/raw/treasury-20260824T034935Z-page004.json;/mnt/d/Projects/GoldRush/docs/phase2-ingestion/data/treasury/raw/treasury-20260824T034935Z-page005.json;/mnt/d/Projects/GoldRush/docs/phase2-ingestion/data/treasury/raw/treasury-20260824T034935Z-page006.json;/mnt/d/Projects/GoldRush/docs/phase2-ingestion/data/treasury/raw/treasury-20260824T034935Z-page007.json;/mnt/d/Projects/GoldRush/docs/phase2-ingestion/data/treasury/raw/treasury-20260824T034935Z-page008.json;/mnt/d/Projects/GoldRush/docs/phase2-ingestion/data/treasury/raw/treasury-20260824T034935Z-page009.json;/mnt/d/Projects/GoldRush/docs/phase2-ingestion/data/treasury/raw/treasury-20260824T034935Z-page010.json;/mnt/d/Projects/GoldRush/docs/phase2-ingestion/data/treasury/raw/treasury-20260824T034935Z-page011.json;/mnt/d/Projects/GoldRush/docs/phase2-ingestion/data/treasury/raw/treasury-20260824T034935Z-page012.json;/mnt/d/Projects/GoldRush/docs/phase2-ingestion/data/treasury/raw/treasury-20260824T034935Z-page013.json;/mnt/d/Projects/GoldRush/docs/phase2-ingestion/data/treasury/raw/treasury-20260824T034935Z-page014.json;/mnt/d/Projects/GoldRush/docs/phase2-ingestion/data/treasury/raw/treasury-20260824T034935Z-page015.json;/mnt/d/Projects/GoldRush/docs/phase2-ingestion/data/treasury/raw/treasury-20260824T034935Z-page016.json,docs/phase2-ingestion/data/treasury/manifests/treasury-20260824T034935Z.manifest.json,16,cf284fd2186cebbd098b2823e2195f5af04c4bc8c7e75507d7dd4e8bf063fd5b,2026-08-24T03:49:35.808873+00:00,PASS,AVAILABLE,0.1.0
L4-009,2017-02-28,3582391.44622954,13898926.6874589,13885827.26285892,99.90575225774951,25.774590562175977,percent_of_marketable_treasury_debt,Positive dated marketable debt maturing after record date and within one calendar year / Total Marketable outstanding * 100,U.S. Treasury Fiscal Data — Monthly Statement of the Public Debt Table 3,https://api.fiscaldata.treasury.gov/services/api/fiscal_service/v1/debt/mspd/mspd_table_3_market,"{""fields"":""record_date,security_type_desc,security_class1_desc,maturity_date,outstanding_amt,src_line_nbr"",""filter"":""record_date:gte:1900-01-01"",""page[size]"":10000,""sort"":""record_date,src_line_nbr""}",/mnt/d/Projects/GoldRush/docs/phase2-ingestion/data/treasury/raw/treasury-20260824T034935Z-page001.json;/mnt/d/Projects/GoldRush/docs/phase2-ingestion/data/treasury/raw/treasury-20260824T034935Z-page002.json;/mnt/d/Projects/GoldRush/docs/phase2-ingestion/data/treasury/raw/treasury-20260824T034935Z-page003.json;/mnt/d/Projects/GoldRush/docs/phase2-ingestion/data/treasury/raw/treasury-20260824T034935Z-page004.json;/mnt/d/Projects/GoldRush/docs/phase2-ingestion/data/treasury/raw/treasury-20260824T034935Z-page005.json;/mnt/d/Projects/GoldRush/docs/phase2-ingestion/data/treasury/raw/treasury-20260824T034935Z-page006.json;/mnt/d/Projects/GoldRush/docs/phase2-ingestion/data/treasury/raw/treasury-20260824T034935Z-page007.json;/mnt/d/Projects/GoldRush/docs/phase2-ingestion/data/treasury/raw/treasury-20260824T034935Z-page008.json;/mnt/d/Projects/GoldRush/docs/phase2-ingestion/data/treasury/raw/treasury-20260824T034935Z-page009.json;/mnt/d/Projects/GoldRush/docs/phase2-ingestion/data/treasury/raw/treasury-20260824T034935Z-page010.json;/mnt/d/Projects/GoldRush/docs/phase2-ingestion/data/treasury/raw/treasury-20260824T034935Z-page011.json;/mnt/d/Projects/GoldRush/docs/phase2-ingestion/data/treasury/raw/treasury-20260824T034935Z-page012.json;/mnt/d/Projects/GoldRush/docs/phase2-ingestion/data/treasury/raw/treasury-20260824T034935Z-page013.json;/mnt/d/Projects/GoldRush/docs/phase2-ingestion/data/treasury/raw/treasury-20260824T034935Z-page014.json;/mnt/d/Projects/GoldRush/docs/phase2-ingestion/data/treasury/raw/treasury-20260824T034935Z-page015.json;/mnt/d/Projects/GoldRush/docs/phase2-ingestion/data/treasury/raw/treasury-20260824T034935Z-page016.json,docs/phase2-ingestion/data/treasury/manifests/treasury-20260824T034935Z.manifest.json,16,cf284fd2186cebbd098b2823e2195f5af04c4bc8c7e75507d7dd4e8bf063fd5b,2026-08-24T03:49:35.808873+00:00,PASS,AVAILABLE,0.1.0
L4-009,2017-03-31,3583436.07842326,13966669.6518639,13953570.66026394,99.90621249069056,25.657054743505284,percent_of_marketable_treasury_debt,Positive dated marketable debt maturing after record date and within one calendar year / Total Marketable outstanding * 100,U.S. Treasury Fiscal Data — Monthly Statement of the Public Debt Table 3,https://api.fiscaldata.treasury.gov/services/api/fiscal_service/v1/debt/mspd/mspd_table_3_market,"{""fields"":""record_date,security_type_desc,security_class1_desc,maturity_date,outstanding_amt,src_line_nbr"",""filter"":""record_date:gte:1900-01-01"",""page[size]"":10000,""sort"":""record_date,src_line_nbr""}",/mnt/d/Projects/GoldRush/docs/phase2-ingestion/data/treasury/raw/treasury-20260824T034935Z-page001.json;/mnt/d/Projects/GoldRush/docs/phase2-ingestion/data/treasury/raw/treasury-20260824T034935Z-page002.json;/mnt/d/Projects/GoldRush/docs/phase2-ingestion/data/treasury/raw/treasury-20260824T034935Z-page003.json;/mnt/d/Projects/GoldRush/docs/phase2-ingestion/data/treasury/raw/treasury-20260824T034935Z-page004.json;/mnt/d/Projects/GoldRush/docs/phase2-ingestion/data/treasury/raw/treasury-20260824T034935Z-page005.json;/mnt/d/Projects/GoldRush/docs/phase2-ingestion/data/treasury/raw/treasury-20260824T034935Z-page006.json;/mnt/d/Projects/GoldRush/docs/phase2-ingestion/data/treasury/raw/treasury-20260824T034935Z-page007.json;/mnt/d/Projects/GoldRush/docs/phase2-ingestion/data/treasury/raw/treasury-20260824T034935Z-page008.json;/mnt/d/Projects/GoldRush/docs/phase2-ingestion/data/treasury/raw/treasury-20260824T034935Z-page009.json;/mnt/d/Projects/GoldRush/docs/phase2-ingestion/data/treasury/raw/treasury-20260824T034935Z-page010.json;/mnt/d/Projects/GoldRush/docs/phase2-ingestion/data/treasury/raw/treasury-20260824T034935Z-page011.json;/mnt/d/Projects/GoldRush/docs/phase2-ingestion/data/treasury/raw/treasury-20260824T034935Z-page012.json;/mnt/d/Projects/GoldRush/docs/phase2-ingestion/data/treasury/raw/treasury-20260824T034935Z-page013.json;/mnt/d/Projects/GoldRush/docs/phase2-ingestion/data/treasury/raw/treasury-20260824T034935Z-page014.json;/mnt/d/Projects/GoldRush/docs/phase2-ingestion/data/treasury/raw/treasury-20260824T034935Z-page015.json;/mnt/d/Projects/GoldRush/docs/phase2-ingestion/data/treasury/raw/treasury-20260824T034935Z-page016.json,docs/phase2-ingestion/data/treasury/manifests/treasury-20260824T034935Z.manifest.json,16,cf284fd2186cebbd098b2823e2195f5af04c4bc8c7e75507d7dd4e8bf063fd5b,2026-08-24T03:49:35.808873+00:00,PASS,AVAILABLE,0.1.0
L4-009,2017-04-30,3575708.6117884,13950346.1378986,13801483.1694986,98.93290842443265,25.63168380513764,percent_of_marketable_treasury_debt,Positive dated marketable debt maturing after record date and within one calendar year / Total Marketable outstanding * 100,U.S. Treasury Fiscal Data — Monthly Statement of the Public Debt Table 3,https://api.fiscaldata.treasury.gov/services/api/fiscal_service/v1/debt/mspd/mspd_table_3_market,"{""fields"":""record_date,security_type_desc,security_class1_desc,maturity_date,outstanding_amt,src_line_nbr"",""filter"":""record_date:gte:1900-01-01"",""page[size]"":10000,""sort"":""record_date,src_line_nbr""}",/mnt/d/Projects/GoldRush/docs/phase2-ingestion/data/treasury/raw/treasury-20260824T034935Z-page001.json;/mnt/d/Projects/GoldRush/docs/phase2-ingestion/data/treasury/raw/treasury-20260824T034935Z-page002.json;/mnt/d/Projects/GoldRush/docs/phase2-ingestion/data/treasury/raw/treasury-20260824T034935Z-page003.json;/mnt/d/Projects/GoldRush/docs/phase2-ingestion/data/treasury/raw/treasury-20260824T034935Z-page004.json;/mnt/d/Projects/GoldRush/docs/phase2-ingestion/data/treasury/raw/treasury-20260824T034935Z-page005.json;/mnt/d/Projects/GoldRush/docs/phase2-ingestion/data/treasury/raw/treasury-20260824T034935Z-page006.json;/mnt/d/Projects/GoldRush/docs/phase2-ingestion/data/treasury/raw/treasury-20260824T034935Z-page007.json;/mnt/d/Projects/GoldRush/docs/phase2-ingestion/data/treasury/raw/treasury-20260824T034935Z-page008.json;/mnt/d/Projects/GoldRush/docs/phase2-ingestion/data/treasury/raw/treasury-20260824T034935Z-page009.json;/mnt/d/Projects/GoldRush/docs/phase2-ingestion/data/treasury/raw/treasury-20260824T034935Z-page010.json;/mnt/d/Projects/GoldRush/docs/phase2-ingestion/data/treasury/raw/treasury-20260824T034935Z-page011.json;/mnt/d/Projects/GoldRush/docs/phase2-ingestion/data/treasury/raw/treasury-20260824T034935Z-page012.json;/mnt/d/Projects/GoldRush/docs/phase2-ingestion/data/treasury/raw/treasury-20260824T034935Z-page013.json;/mnt/d/Projects/GoldRush/docs/phase2-ingestion/data/treasury/raw/treasury-20260824T034935Z-page014.json;/mnt/d/Projects/GoldRush/docs/phase2-ingestion/data/treasury/raw/treasury-20260824T034935Z-page015.json;/mnt/d/Projects/GoldRush/docs/phase2-ingestion/data/treasury/raw/treasury-20260824T034935Z-page016.json,docs/phase2-ingestion/data/treasury/manifests/treasury-20260824T034935Z.manifest.json,16,cf284fd2186cebbd098b2823e2195f5af04c4bc8c7e75507d7dd4e8bf063fd5b,2026-08-24T03:49:35.808873+00:00,PASS,AVAILABLE,0.1.0
L4-009,2017-05-31,3583371.29537607,13982653.7607083,13969554.99120828,99.90632129119275,25.62726186816881,percent_of_marketable_treasury_debt,Positive dated marketable debt maturing after record date and within one calendar year / Total Marketable outstanding * 100,U.S. Treasury Fiscal Data — Monthly Statement of the Public Debt Table 3,https://api.fiscaldata.treasury.gov/services/api/fiscal_service/v1/debt/mspd/mspd_table_3_market,"{""fields"":""record_date,security_type_desc,security_class1_desc,maturity_date,outstanding_amt,src_line_nbr"",""filter"":""record_date:gte:1900-01-01"",""page[size]"":10000,""sort"":""record_date,src_line_nbr""}",/mnt/d/Projects/GoldRush/docs/phase2-ingestion/data/treasury/raw/treasury-20260824T034935Z-page001.json;/mnt/d/Projects/GoldRush/docs/phase2-ingestion/data/treasury/raw/treasury-20260824T034935Z-page002.json;/mnt/d/Projects/GoldRush/docs/phase2-ingestion/data/treasury/raw/treasury-20260824T034935Z-page003.json;/mnt/d/Projects/GoldRush/docs/phase2-ingestion/data/treasury/raw/treasury-20260824T034935Z-page004.json;/mnt/d/Projects/GoldRush/docs/phase2-ingestion/data/treasury/raw/treasury-20260824T034935Z-page005.json;/mnt/d/Projects/GoldRush/docs/phase2-ingestion/data/treasury/raw/treasury-20260824T034935Z-page006.json;/mnt/d/Projects/GoldRush/docs/phase2-ingestion/data/treasury/raw/treasury-20260824T034935Z-page007.json;/mnt/d/Projects/GoldRush/docs/phase2-ingestion/data/treasury/raw/treasury-20260824T034935Z-page008.json;/mnt/d/Projects/GoldRush/docs/phase2-ingestion/data/treasury/raw/treasury-20260824T034935Z-page009.json;/mnt/d/Projects/GoldRush/docs/phase2-ingestion/data/treasury/raw/treasury-20260824T034935Z-page010.json;/mnt/d/Projects/GoldRush/docs/phase2-ingestion/data/treasury/raw/treasury-20260824T034935Z-page011.json;/mnt/d/Projects/GoldRush/docs/phase2-ingestion/data/treasury/raw/treasury-20260824T034935Z-page012.json;/mnt/d/Projects/GoldRush/docs/phase2-ingestion/data/treasury/raw/treasury-20260824T034935Z-page013.json;/mnt/d/Projects/GoldRush/docs/phase2-ingestion/data/treasury/raw/treasury-20260824T034935Z-page014.json;/mnt/d/Projects/GoldRush/docs/phase2-ingestion/data/treasury/raw/treasury-20260824T034935Z-page015.json;/mnt/d/Projects/GoldRush/docs/phase2-ingestion/data/treasury/raw/treasury-20260824T034935Z-page016.json,docs/phase2-ingestion/data/treasury/manifests/treasury-20260824T034935Z.manifest.json,16,cf284fd2186cebbd098b2823e2195f5af04c4bc8c7e75507d7dd4e8bf063fd5b,2026-08-24T03:49:35.808873+00:00,PASS,AVAILABLE,0.1.0
L4-009,2017-06-30,3552103.37921785,14009416.9408711,13997884.98957113,99.91768428801397,25.35511216640956,percent_of_marketable_treasury_debt,Positive dated marketable debt maturing after record date and within one calendar year / Total Marketable outstanding * 100,U.S. Treasury Fiscal Data — Monthly Statement of the Public Debt Table 3,https://api.fiscaldata.treasury.gov/services/api/fiscal_service/v1/debt/mspd/mspd_table_3_market,"{""fields"":""record_date,security_type_desc,security_class1_desc,maturity_date,outstanding_amt,src_line_nbr"",""filter"":""record_date:gte:1900-01-01"",""page[size]"":10000,""sort"":""record_date,src_line_nbr""}",/mnt/d/Projects/GoldRush/docs/phase2-ingestion/data/treasury/raw/treasury-20260824T034935Z-page001.json;/mnt/d/Projects/GoldRush/docs/phase2-ingestion/data/treasury/raw/treasury-20260824T034935Z-page002.json;/mnt/d/Projects/GoldRush/docs/phase2-ingestion/data/treasury/raw/treasury-20260824T034935Z-page003.json;/mnt/d/Projects/GoldRush/docs/phase2-ingestion/data/treasury/raw/treasury-20260824T034935Z-page004.json;/mnt/d/Projects/GoldRush/docs/phase2-ingestion/data/treasury/raw/treasury-20260824T034935Z-page005.json;/mnt/d/Projects/GoldRush/docs/phase2-ingestion/data/treasury/raw/treasury-20260824T034935Z-page006.json;/mnt/d/Projects/GoldRush/docs/phase2-ingestion/data/treasury/raw/treasury-20260824T034935Z-page007.json;/mnt/d/Projects/GoldRush/docs/phase2-ingestion/data/treasury/raw/treasury-20260824T034935Z-page008.json;/mnt/d/Projects/GoldRush/docs/phase2-ingestion/data/treasury/raw/treasury-20260824T034935Z-page009.json;/mnt/d/Projects/GoldRush/docs/phase2-ingestion/data/treasury/raw/treasury-20260824T034935Z-page010.json;/mnt/d/Projects/GoldRush/docs/phase2-ingestion/data/treasury/raw/treasury-20260824T034935Z-page011.json;/mnt/d/Projects/GoldRush/docs/phase2-ingestion/data/treasury/raw/treasury-20260824T034935Z-page012.json;/mnt/d/Projects/GoldRush/docs/phase2-ingestion/data/treasury/raw/treasury-20260824T034935Z-page013.json;/mnt/d/Projects/GoldRush/docs/phase2-ingestion/data/treasury/raw/treasury-20260824T034935Z-page014.json;/mnt/d/Projects/GoldRush/docs/phase2-ingestion/data/treasury/raw/treasury-20260824T034935Z-page015.json;/mnt/d/Projects/GoldRush/docs/phase2-ingestion/data/treasury/raw/treasury-20260824T034935Z-page016.json,docs/phase2-ingestion/data/treasury/manifests/treasury-20260824T034935Z.manifest.json,16,cf284fd2186cebbd098b2823e2195f5af04c4bc8c7e75507d7dd4e8bf063fd5b,2026-08-24T03:49:35.808873+00:00,PASS,AVAILABLE,0.1.0
L4-009,2017-07-31,3593210.68837805,14060173.7569064,14048642.42460641,99.9179858478326,25.555947959839784,percent_of_marketable_treasury_debt,Positive dated marketable debt maturing after record date and within one calendar year / Total Marketable outstanding * 100,U.S. Treasury Fiscal Data — Monthly Statement of the Public Debt Table 3,https://api.fiscaldata.treasury.gov/services/api/fiscal_service/v1/debt/mspd/mspd_table_3_market,"{""fields"":""record_date,security_type_desc,security_class1_desc,maturity_date,outstanding_amt,src_line_nbr"",""filter"":""record_date:gte:1900-01-01"",""page[size]"":10000,""sort"":""record_date,src_line_nbr""}",/mnt/d/Projects/GoldRush/docs/phase2-ingestion/data/treasury/raw/treasury-20260824T034935Z-page001.json;/mnt/d/Projects/GoldRush/docs/phase2-ingestion/data/treasury/raw/treasury-20260824T034935Z-page002.json;/mnt/d/Projects/GoldRush/docs/phase2-ingestion/data/treasury/raw/treasury-20260824T034935Z-page003.json;/mnt/d/Projects/GoldRush/docs/phase2-ingestion/data/treasury/raw/treasury-20260824T034935Z-page004.json;/mnt/d/Projects/GoldRush/docs/phase2-ingestion/data/treasury/raw/treasury-20260824T034935Z-page005.json;/mnt/d/Projects/GoldRush/docs/phase2-ingestion/data/treasury/raw/treasury-20260824T034935Z-page006.json;/mnt/d/Projects/GoldRush/docs/phase2-ingestion/data/treasury/raw/treasury-20260824T034935Z-page007.json;/mnt/d/Projects/GoldRush/docs/phase2-ingestion/data/treasury/raw/treasury-20260824T034935Z-page008.json;/mnt/d/Projects/GoldRush/docs/phase2-ingestion/data/treasury/raw/treasury-20260824T034935Z-page009.json;/mnt/d/Projects/GoldRush/docs/phase2-ingestion/data/treasury/raw/treasury-20260824T034935Z-page010.json;/mnt/d/Projects/GoldRush/docs/phase2-ingestion/data/treasury/raw/treasury-20260824T034935Z-page011.json;/mnt/d/Projects/GoldRush/docs/phase2-ingestion/data/treasury/raw/treasury-20260824T034935Z-page012.json;/mnt/d/Projects/GoldRush/docs/phase2-ingestion/data/treasury/raw/treasury-20260824T034935Z-page013.json;/mnt/d/Projects/GoldRush/docs/phase2-ingestion/data/treasury/raw/treasury-20260824T034935Z-page014.json;/mnt/d/Projects/GoldRush/docs/phase2-ingestion/data/treasury/raw/treasury-20260824T034935Z-page015.json;/mnt/d/Projects/GoldRush/docs/phase2-ingestion/data/treasury/raw/treasury-20260824T034935Z-page016.json,docs/phase2-ingestion/data/treasury/manifests/treasury-20260824T034935Z.manifest.json,16,cf284fd2186cebbd098b2823e2195f5af04c4bc8c7e75507d7dd4e8bf063fd5b,2026-08-24T03:49:35.808873+00:00,PASS,AVAILABLE,0.1.0
L4-009,2017-08-31,3580534.38802484,14093563.1999157,14082032.00861573,99.91818115024283,25.405458770328973,percent_of_marketable_treasury_debt,Positive dated marketable debt maturing after record date and within one calendar year / Total Marketable outstanding * 100,U.S. Treasury Fiscal Data — Monthly Statement of the Public Debt Table 3,https://api.fiscaldata.treasury.gov/services/api/fiscal_service/v1/debt/mspd/mspd_table_3_market,"{""fields"":""record_date,security_type_desc,security_class1_desc,maturity_date,outstanding_amt,src_line_nbr"",""filter"":""record_date:gte:1900-01-01"",""page[size]"":10000,""sort"":""record_date,src_line_nbr""}",/mnt/d/Projects/GoldRush/docs/phase2-ingestion/data/treasury/raw/treasury-20260824T034935Z-page001.json;/mnt/d/Projects/GoldRush/docs/phase2-ingestion/data/treasury/raw/treasury-20260824T034935Z-page002.json;/mnt/d/Projects/GoldRush/docs/phase2-ingestion/data/treasury/raw/treasury-20260824T034935Z-page003.json;/mnt/d/Projects/GoldRush/docs/phase2-ingestion/data/treasury/raw/treasury-20260824T034935Z-page004.json;/mnt/d/Projects/GoldRush/docs/phase2-ingestion/data/treasury/raw/treasury-20260824T034935Z-page005.json;/mnt/d/Projects/GoldRush/docs/phase2-ingestion/data/treasury/raw/treasury-20260824T034935Z-page006.json;/mnt/d/Projects/GoldRush/docs/phase2-ingestion/data/treasury/raw/treasury-20260824T034935Z-page007.json;/mnt/d/Projects/GoldRush/docs/phase2-ingestion/data/treasury/raw/treasury-20260824T034935Z-page008.json;/mnt/d/Projects/GoldRush/docs/phase2-ingestion/data/treasury/raw/treasury-20260824T034935Z-page009.json;/mnt/d/Projects/GoldRush/docs/phase2-ingestion/data/treasury/raw/treasury-20260824T034935Z-page010.json;/mnt/d/Projects/GoldRush/docs/phase2-ingestion/data/treasury/raw/treasury-20260824T034935Z-page011.json;/mnt/d/Projects/GoldRush/docs/phase2-ingestion/data/treasury/raw/treasury-20260824T034935Z-page012.json;/mnt/d/Projects/GoldRush/docs/phase2-ingestion/data/treasury/raw/treasury-20260824T034935Z-page013.json;/mnt/d/Projects/GoldRush/docs/phase2-ingestion/data/treasury/raw/treasury-20260824T034935Z-page014.json;/mnt/d/Projects/GoldRush/docs/phase2-ingestion/data/treasury/raw/treasury-20260824T034935Z-page015.json;/mnt/d/Projects/GoldRush/docs/phase2-ingestion/data/treasury/raw/treasury-20260824T034935Z-page016.json,docs/phase2-ingestion/data/treasury/manifests/treasury-20260824T034935Z.manifest.json,16,cf284fd2186cebbd098b2823e2195f5af04c4bc8c7e75507d7dd4e8bf063fd5b,2026-08-24T03:49:35.808873+00:00,PASS,AVAILABLE,0.1.0
L4-009,2017-09-30,3633061.48340094,14199791.5486166,14097346.99881665,99.27854891778372,25.585315608065297,percent_of_marketable_treasury_debt,Positive dated marketable debt maturing after record date and within one calendar year / Total Marketable outstanding * 100,U.S. Treasury Fiscal Data — Monthly Statement of the Public Debt Table 3,https://api.fiscaldata.treasury.gov/services/api/fiscal_service/v1/debt/mspd/mspd_table_3_market,"{""fields"":""record_date,security_type_desc,security_class1_desc,maturity_date,outstanding_amt,src_line_nbr"",""filter"":""record_date:gte:1900-01-01"",""page[size]"":10000,""sort"":""record_date,src_line_nbr""}",/mnt/d/Projects/GoldRush/docs/phase2-ingestion/data/treasury/raw/treasury-20260824T034935Z-page001.json;/mnt/d/Projects/GoldRush/docs/phase2-ingestion/data/treasury/raw/treasury-20260824T034935Z-page002.json;/mnt/d/Projects/GoldRush/docs/phase2-ingestion/data/treasury/raw/treasury-20260824T034935Z-page003.json;/mnt/d/Projects/GoldRush/docs/phase2-ingestion/data/treasury/raw/treasury-20260824T034935Z-page004.json;/mnt/d/Projects/GoldRush/docs/phase2-ingestion/data/treasury/raw/treasury-20260824T034935Z-page005.json;/mnt/d/Projects/GoldRush/docs/phase2-ingestion/data/treasury/raw/treasury-20260824T034935Z-page006.json;/mnt/d/Projects/GoldRush/docs/phase2-ingestion/data/treasury/raw/treasury-20260824T034935Z-page007.json;/mnt/d/Projects/GoldRush/docs/phase2-ingestion/data/treasury/raw/treasury-20260824T034935Z-page008.json;/mnt/d/Projects/GoldRush/docs/phase2-ingestion/data/treasury/raw/treasury-20260824T034935Z-page009.json;/mnt/d/Projects/GoldRush/docs/phase2-ingestion/data/treasury/raw/treasury-20260824T034935Z-page010.json;/mnt/d/Projects/GoldRush/docs/phase2-ingestion/data/treasury/raw/treasury-20260824T034935Z-page011.json;/mnt/d/Projects/GoldRush/docs/phase2-ingestion/data/treasury/raw/treasury-20260824T034935Z-page012.json;/mnt/d/Projects/GoldRush/docs/phase2-ingestion/data/treasury/raw/treasury-20260824T034935Z-page013.json;/mnt/d/Projects/GoldRush/docs/phase2-ingestion/data/treasury/raw/treasury-20260824T034935Z-page014.json;/mnt/d/Projects/GoldRush/docs/phase2-ingestion/data/treasury/raw/treasury-20260824T034935Z-page015.json;/mnt/d/Projects/GoldRush/docs/phase2-ingestion/data/treasury/raw/treasury-20260824T034935Z-page016.json,docs/phase2-ingestion/data/treasury/manifests/treasury-20260824T034935Z.manifest.json,16,cf284fd2186cebbd098b2823e2195f5af04c4bc8c7e75507d7dd4e8bf063fd5b,2026-08-24T03:49:35.808873+00:00,PASS,AVAILABLE,0.1.0
L4-009,2017-10-31,3687299.41570147,14273677.7067663,14262146.71346627,99.91921498063135,25.832861659427415,percent_of_marketable_treasury_debt,Positive dated marketable debt maturing after record date and within one calendar year / Total Marketable outstanding * 100,U.S. Treasury Fiscal Data — Monthly Statement of the Public Debt Table 3,https://api.fiscaldata.treasury.gov/services/api/fiscal_service/v1/debt/mspd/mspd_table_3_market,"{""fields"":""record_date,security_type_desc,security_class1_desc,maturity_date,outstanding_amt,src_line_nbr"",""filter"":""record_date:gte:1900-01-01"",""page[size]"":10000,""sort"":""record_date,src_line_nbr""}",/mnt/d/Projects/GoldRush/docs/phase2-ingestion/data/treasury/raw/treasury-20260824T034935Z-page001.json;/mnt/d/Projects/GoldRush/docs/phase2-ingestion/data/treasury/raw/treasury-20260824T034935Z-page002.json;/mnt/d/Projects/GoldRush/docs/phase2-ingestion/data/treasury/raw/treasury-20260824T034935Z-page003.json;/mnt/d/Projects/GoldRush/docs/phase2-ingestion/data/treasury/raw/treasury-20260824T034935Z-page004.json;/mnt/d/Projects/GoldRush/docs/phase2-ingestion/data/treasury/raw/treasury-20260824T034935Z-page005.json;/mnt/d/Projects/GoldRush/docs/phase2-ingestion/data/treasury/raw/treasury-20260824T034935Z-page006.json;/mnt/d/Projects/GoldRush/docs/phase2-ingestion/data/treasury/raw/treasury-20260824T034935Z-page007.json;/mnt/d/Projects/GoldRush/docs/phase2-ingestion/data/treasury/raw/treasury-20260824T034935Z-page008.json;/mnt/d/Projects/GoldRush/docs/phase2-ingestion/data/treasury/raw/treasury-20260824T034935Z-page009.json;/mnt/d/Projects/GoldRush/docs/phase2-ingestion/data/treasury/raw/treasury-20260824T034935Z-page010.json;/mnt/d/Projects/GoldRush/docs/phase2-ingestion/data/treasury/raw/treasury-20260824T034935Z-page011.json;/mnt/d/Projects/GoldRush/docs/phase2-ingestion/data/treasury/raw/treasury-20260824T034935Z-page012.json;/mnt/d/Projects/GoldRush/docs/phase2-ingestion/data/treasury/raw/treasury-20260824T034935Z-page013.json;/mnt/d/Projects/GoldRush/docs/phase2-ingestion/data/treasury/raw/treasury-20260824T034935Z-page014.json;/mnt/d/Projects/GoldRush/docs/phase2-ingestion/data/treasury/raw/treasury-20260824T034935Z-page015.json;/mnt/d/Projects/GoldRush/docs/phase2-ingestion/data/treasury/raw/treasury-20260824T034935Z-page016.json,docs/phase2-ingestion/data/treasury/manifests/treasury-20260824T034935Z.manifest.json,16,cf284fd2186cebbd098b2823e2195f5af04c4bc8c7e75507d7dd4e8bf063fd5b,2026-08-24T03:49:35.808873+00:00,PASS,AVAILABLE,0.1.0
L4-009,2017-11-30,3840616.01634074,14437541.0913725,14426012.7905725,99.92015052475321,26.601593664975212,percent_of_marketable_treasury_debt,Positive dated marketable debt maturing after record date and within one calendar year / Total Marketable outstanding * 100,U.S. Treasury Fiscal Data — Monthly Statement of the Public Debt Table 3,https://api.fiscaldata.treasury.gov/services/api/fiscal_service/v1/debt/mspd/mspd_table_3_market,"{""fields"":""record_date,security_type_desc,security_class1_desc,maturity_date,outstanding_amt,src_line_nbr"",""filter"":""record_date:gte:1900-01-01"",""page[size]"":10000,""sort"":""record_date,src_line_nbr""}",/mnt/d/Projects/GoldRush/docs/phase2-ingestion/data/treasury/raw/treasury-20260824T034935Z-page001.json;/mnt/d/Projects/GoldRush/docs/phase2-ingestion/data/treasury/raw/treasury-20260824T034935Z-page002.json;/mnt/d/Projects/GoldRush/docs/phase2-ingestion/data/treasury/raw/treasury-20260824T034935Z-page003.json;/mnt/d/Projects/GoldRush/docs/phase2-ingestion/data/treasury/raw/treasury-20260824T034935Z-page004.json;/mnt/d/Projects/GoldRush/docs/phase2-ingestion/data/treasury/raw/treasury-20260824T034935Z-page005.json;/mnt/d/Projects/GoldRush/docs/phase2-ingestion/data/treasury/raw/treasury-20260824T034935Z-page006.json;/mnt/d/Projects/GoldRush/docs/phase2-ingestion/data/treasury/raw/treasury-20260824T034935Z-page007.json;/mnt/d/Projects/GoldRush/docs/phase2-ingestion/data/treasury/raw/treasury-20260824T034935Z-page008.json;/mnt/d/Projects/GoldRush/docs/phase2-ingestion/data/treasury/raw/treasury-20260824T034935Z-page009.json;/mnt/d/Projects/GoldRush/docs/phase2-ingestion/data/treasury/raw/treasury-20260824T034935Z-page010.json;/mnt/d/Projects/GoldRush/docs/phase2-ingestion/data/treasury/raw/treasury-20260824T034935Z-page011.json;/mnt/d/Projects/GoldRush/docs/phase2-ingestion/data/treasury/raw/treasury-20260824T034935Z-page012.json;/mnt/d/Projects/GoldRush/docs/phase2-ingestion/data/treasury/raw/treasury-20260824T034935Z-page013.json;/mnt/d/Projects/GoldRush/docs/phase2-ingestion/data/treasury/raw/treasury-20260824T034935Z-page014.json;/mnt/d/Projects/GoldRush/docs/phase2-ingestion/data/treasury/raw/treasury-20260824T034935Z-page015.json;/mnt/d/Projects/GoldRush/docs/phase2-ingestion/data/treasury/raw/treasury-20260824T034935Z-page016.json,docs/phase2-ingestion/data/treasury/manifests/treasury-20260824T034935Z.manifest.json,16,cf284fd2186cebbd098b2823e2195f5af04c4bc8c7e75507d7dd4e8bf063fd5b,2026-08-24T03:49:35.808873+00:00,PASS,AVAILABLE,0.1.0
L4-009,2017-12-31,3827534.20332899,14480237.6030831,14377257.19238309,99.28882098814398,26.432813523129205,percent_of_marketable_treasury_debt,Positive dated marketable debt maturing after record date and within one calendar year / Total Marketable outstanding * 100,U.S. Treasury Fiscal Data — Monthly Statement of the Public Debt Table 3,https://api.fiscaldata.treasury.gov/services/api/fiscal_service/v1/debt/mspd/mspd_table_3_market,"{""fields"":""record_date,security_type_desc,security_class1_desc,maturity_date,outstanding_amt,src_line_nbr"",""filter"":""record_date:gte:1900-01-01"",""page[size]"":10000,""sort"":""record_date,src_line_nbr""}",/mnt/d/Projects/GoldRush/docs/phase2-ingestion/data/treasury/raw/treasury-20260824T034935Z-page001.json;/mnt/d/Projects/GoldRush/docs/phase2-ingestion/data/treasury/raw/treasury-20260824T034935Z-page002.json;/mnt/d/Projects/GoldRush/docs/phase2-ingestion/data/treasury/raw/treasury-20260824T034935Z-page003.json;/mnt/d/Projects/GoldRush/docs/phase2-ingestion/data/treasury/raw/treasury-20260824T034935Z-page004.json;/mnt/d/Projects/GoldRush/docs/phase2-ingestion/data/treasury/raw/treasury-20260824T034935Z-page005.json;/mnt/d/Projects/GoldRush/docs/phase2-ingestion/data/treasury/raw/treasury-20260824T034935Z-page006.json;/mnt/d/Projects/GoldRush/docs/phase2-ingestion/data/treasury/raw/treasury-20260824T034935Z-page007.json;/mnt/d/Projects/GoldRush/docs/phase2-ingestion/data/treasury/raw/treasury-20260824T034935Z-page008.json;/mnt/d/Projects/GoldRush/docs/phase2-ingestion/data/treasury/raw/treasury-20260824T034935Z-page009.json;/mnt/d/Projects/GoldRush/docs/phase2-ingestion/data/treasury/raw/treasury-20260824T034935Z-page010.json;/mnt/d/Projects/GoldRush/docs/phase2-ingestion/data/treasury/raw/treasury-20260824T034935Z-page011.json;/mnt/d/Projects/GoldRush/docs/phase2-ingestion/data/treasury/raw/treasury-20260824T034935Z-page012.json;/mnt/d/Projects/GoldRush/docs/phase2-ingestion/data/treasury/raw/treasury-20260824T034935Z-page013.json;/mnt/d/Projects/GoldRush/docs/phase2-ingestion/data/treasury/raw/treasury-20260824T034935Z-page014.json;/mnt/d/Projects/GoldRush/docs/phase2-ingestion/data/treasury/raw/treasury-20260824T034935Z-page015.json;/mnt/d/Projects/GoldRush/docs/phase2-ingestion/data/treasury/raw/treasury-20260824T034935Z-page016.json,docs/phase2-ingestion/data/treasury/manifests/treasury-20260824T034935Z.manifest.json,16,cf284fd2186cebbd098b2823e2195f5af04c4bc8c7e75507d7dd4e8bf063fd5b,2026-08-24T03:49:35.808873+00:00,PASS,AVAILABLE,0.1.0
L4-009,2018-01-31,3839550.7246245,14514544.9432032,14503016.99690319,99.92057659165258,26.453125052483756,percent_of_marketable_treasury_debt,Positive dated marketable debt maturing after record date and within one calendar year / Total Marketable outstanding * 100,U.S. Treasury Fiscal Data — Monthly Statement of the Public Debt Table 3,https://api.fiscaldata.treasury.gov/services/api/fiscal_service/v1/debt/mspd/mspd_table_3_market,"{""fields"":""record_date,security_type_desc,security_class1_desc,maturity_date,outstanding_amt,src_line_nbr"",""filter"":""record_date:gte:1900-01-01"",""page[size]"":10000,""sort"":""record_date,src_line_nbr""}",/mnt/d/Projects/GoldRush/docs/phase2-ingestion/data/treasury/raw/treasury-20260824T034935Z-page001.json;/mnt/d/Projects/GoldRush/docs/phase2-ingestion/data/treasury/raw/treasury-20260824T034935Z-page002.json;/mnt/d/Projects/GoldRush/docs/phase2-ingestion/data/treasury/raw/treasury-20260824T034935Z-page003.json;/mnt/d/Projects/GoldRush/docs/phase2-ingestion/data/treasury/raw/treasury-20260824T034935Z-page004.json;/mnt/d/Projects/GoldRush/docs/phase2-ingestion/data/treasury/raw/treasury-20260824T034935Z-page005.json;/mnt/d/Projects/GoldRush/docs/phase2-ingestion/data/treasury/raw/treasury-20260824T034935Z-page006.json;/mnt/d/Projects/GoldRush/docs/phase2-ingestion/data/treasury/raw/treasury-20260824T034935Z-page007.json;/mnt/d/Projects/GoldRush/docs/phase2-ingestion/data/treasury/raw/treasury-20260824T034935Z-page008.json;/mnt/d/Projects/GoldRush/docs/phase2-ingestion/data/treasury/raw/treasury-20260824T034935Z-page009.json;/mnt/d/Projects/GoldRush/docs/phase2-ingestion/data/treasury/raw/treasury-20260824T034935Z-page010.json;/mnt/d/Projects/GoldRush/docs/phase2-ingestion/data/treasury/raw/treasury-20260824T034935Z-page011.json;/mnt/d/Projects/GoldRush/docs/phase2-ingestion/data/treasury/raw/treasury-20260824T034935Z-page012.json;/mnt/d/Projects/GoldRush/docs/phase2-ingestion/data/treasury/raw/treasury-20260824T034935Z-page013.json;/mnt/d/Projects/GoldRush/docs/phase2-ingestion/data/treasury/raw/treasury-20260824T034935Z-page014.json;/mnt/d/Projects/GoldRush/docs/phase2-ingestion/data/treasury/raw/treasury-20260824T034935Z-page015.json;/mnt/d/Projects/GoldRush/docs/phase2-ingestion/data/treasury/raw/treasury-20260824T034935Z-page016.json,docs/phase2-ingestion/data/treasury/manifests/treasury-20260824T034935Z.manifest.json,16,cf284fd2186cebbd098b2823e2195f5af04c4bc8c7e75507d7dd4e8bf063fd5b,2026-08-24T03:49:35.808873+00:00,PASS,AVAILABLE,0.1.0
L4-009,2018-02-28,3978790.1596408,14677942.0032937,14666414.28399373,99.9214622915298,27.107275384709705,percent_of_marketable_treasury_debt,Positive dated marketable debt maturing after record date and within one calendar year / Total Marketable outstanding * 100,U.S. Treasury Fiscal Data — Monthly Statement of the Public Debt Table 3,https://api.fiscaldata.treasury.gov/services/api/fiscal_service/v1/debt/mspd/mspd_table_3_market,"{""fields"":""record_date,security_type_desc,security_class1_desc,maturity_date,outstanding_amt,src_line_nbr"",""filter"":""record_date:gte:1900-01-01"",""page[size]"":10000,""sort"":""record_date,src_line_nbr""}",/mnt/d/Projects/GoldRush/docs/phase2-ingestion/data/treasury/raw/treasury-20260824T034935Z-page001.json;/mnt/d/Projects/GoldRush/docs/phase2-ingestion/data/treasury/raw/treasury-20260824T034935Z-page002.json;/mnt/d/Projects/GoldRush/docs/phase2-ingestion/data/treasury/raw/treasury-20260824T034935Z-page003.json;/mnt/d/Projects/GoldRush/docs/phase2-ingestion/data/treasury/raw/treasury-20260824T034935Z-page004.json;/mnt/d/Projects/GoldRush/docs/phase2-ingestion/data/treasury/raw/treasury-20260824T034935Z-page005.json;/mnt/d/Projects/GoldRush/docs/phase2-ingestion/data/treasury/raw/treasury-20260824T034935Z-page006.json;/mnt/d/Projects/GoldRush/docs/phase2-ingestion/data/treasury/raw/treasury-20260824T034935Z-page007.json;/mnt/d/Projects/GoldRush/docs/phase2-ingestion/data/treasury/raw/treasury-20260824T034935Z-page008.json;/mnt/d/Projects/GoldRush/docs/phase2-ingestion/data/treasury/raw/treasury-20260824T034935Z-page009.json;/mnt/d/Projects/GoldRush/docs/phase2-ingestion/data/treasury/raw/treasury-20260824T034935Z-page010.json;/mnt/d/Projects/GoldRush/docs/phase2-ingestion/data/treasury/raw/treasury-20260824T034935Z-page011.json;/mnt/d/Projects/GoldRush/docs/phase2-ingestion/data/treasury/raw/treasury-20260824T034935Z-page012.json;/mnt/d/Projects/GoldRush/docs/phase2-ingestion/data/treasury/raw/treasury-20260824T034935Z-page013.json;/mnt/d/Projects/GoldRush/docs/phase2-ingestion/data/treasury/raw/treasury-20260824T034935Z-page014.json;/mnt/d/Projects/GoldRush/docs/phase2-ingestion/data/treasury/raw/treasury-20260824T034935Z-page015.json;/mnt/d/Projects/GoldRush/docs/phase2-ingestion/data/treasury/raw/treasury-20260824T034935Z-page016.json,docs/phase2-ingestion/data/treasury/manifests/treasury-20260824T034935Z.manifest.json,16,cf284fd2186cebbd098b2823e2195f5af04c4bc8c7e75507d7dd4e8bf063fd5b,2026-08-24T03:49:35.808873+00:00,PASS,AVAILABLE,0.1.0
L4-009,2018-03-31,4186578.66193583,14944735.6672312,14835713.52073117,99.27049799389172,28.01373510483424,percent_of_marketable_treasury_debt,Positive dated marketable debt maturing after record date and within one calendar year / Total Marketable outstanding * 100,U.S. Treasury Fiscal Data — Monthly Statement of the Public Debt Table 3,https://api.fiscaldata.treasury.gov/services/api/fiscal_service/v1/debt/mspd/mspd_table_3_market,"{""fields"":""record_date,security_type_desc,security_class1_desc,maturity_date,outstanding_amt,src_line_nbr"",""filter"":""record_date:gte:1900-01-01"",""page[size]"":10000,""sort"":""record_date,src_line_nbr""}",/mnt/d/Projects/GoldRush/docs/phase2-ingestion/data/treasury/raw/treasury-20260824T034935Z-page001.json;/mnt/d/Projects/GoldRush/docs/phase2-ingestion/data/treasury/raw/treasury-20260824T034935Z-page002.json;/mnt/d/Projects/GoldRush/docs/phase2-ingestion/data/treasury/raw/treasury-20260824T034935Z-page003.json;/mnt/d/Projects/GoldRush/docs/phase2-ingestion/data/treasury/raw/treasury-20260824T034935Z-page004.json;/mnt/d/Projects/GoldRush/docs/phase2-ingestion/data/treasury/raw/treasury-20260824T034935Z-page005.json;/mnt/d/Projects/GoldRush/docs/phase2-ingestion/data/treasury/raw/treasury-20260824T034935Z-page006.json;/mnt/d/Projects/GoldRush/docs/phase2-ingestion/data/treasury/raw/treasury-20260824T034935Z-page007.json;/mnt/d/Projects/GoldRush/docs/phase2-ingestion/data/treasury/raw/treasury-20260824T034935Z-page008.json;/mnt/d/Projects/GoldRush/docs/phase2-ingestion/data/treasury/raw/treasury-20260824T034935Z-page009.json;/mnt/d/Projects/GoldRush/docs/phase2-ingestion/data/treasury/raw/treasury-20260824T034935Z-page010.json;/mnt/d/Projects/GoldRush/docs/phase2-ingestion/data/treasury/raw/treasury-20260824T034935Z-page011.json;/mnt/d/Projects/GoldRush/docs/phase2-ingestion/data/treasury/raw/treasury-20260824T034935Z-page012.json;/mnt/d/Projects/GoldRush/docs/phase2-ingestion/data/treasury/raw/treasury-20260824T034935Z-page013.json;/mnt/d/Projects/GoldRush/docs/phase2-ingestion/data/treasury/raw/treasury-20260824T034935Z-page014.json;/mnt/d/Projects/GoldRush/docs/phase2-ingestion/data/treasury/raw/treasury-20260824T034935Z-page015.json;/mnt/d/Projects/GoldRush/docs/phase2-ingestion/data/treasury/raw/treasury-20260824T034935Z-page016.json,docs/phase2-ingestion/data/treasury/manifests/treasury-20260824T034935Z.manifest.json,16,cf284fd2186cebbd098b2823e2195f5af04c4bc8c7e75507d7dd4e8bf063fd5b,2026-08-24T03:49:35.808873+00:00,PASS,AVAILABLE,0.1.0
L4-009,2018-04-30,4061695.29602743,14849893.0728992,14838365.61959916,99.92237349290362,27.351680420109922,percent_of_marketable_treasury_debt,Positive dated marketable debt maturing after record date and within one calendar year / Total Marketable outstanding * 100,U.S. Treasury Fiscal Data — Monthly Statement of the Public Debt Table 3,https://api.fiscaldata.treasury.gov/services/api/fiscal_service/v1/debt/mspd/mspd_table_3_market,"{""fields"":""record_date,security_type_desc,security_class1_desc,maturity_date,outstanding_amt,src_line_nbr"",""filter"":""record_date:gte:1900-01-01"",""page[size]"":10000,""sort"":""record_date,src_line_nbr""}",/mnt/d/Projects/GoldRush/docs/phase2-ingestion/data/treasury/raw/treasury-20260824T034935Z-page001.json;/mnt/d/Projects/GoldRush/docs/phase2-ingestion/data/treasury/raw/treasury-20260824T034935Z-page002.json;/mnt/d/Projects/GoldRush/docs/phase2-ingestion/data/treasury/raw/treasury-20260824T034935Z-page003.json;/mnt/d/Projects/GoldRush/docs/phase2-ingestion/data/treasury/raw/treasury-20260824T034935Z-page004.json;/mnt/d/Projects/GoldRush/docs/phase2-ingestion/data/treasury/raw/treasury-20260824T034935Z-page005.json;/mnt/d/Projects/GoldRush/docs/phase2-ingestion/data/treasury/raw/treasury-20260824T034935Z-page006.json;/mnt/d/Projects/GoldRush/docs/phase2-ingestion/data/treasury/raw/treasury-20260824T034935Z-page007.json;/mnt/d/Projects/GoldRush/docs/phase2-ingestion/data/treasury/raw/treasury-20260824T034935Z-page008.json;/mnt/d/Projects/GoldRush/docs/phase2-ingestion/data/treasury/raw/treasury-20260824T034935Z-page009.json;/mnt/d/Projects/GoldRush/docs/phase2-ingestion/data/treasury/raw/treasury-20260824T034935Z-page010.json;/mnt/d/Projects/GoldRush/docs/phase2-ingestion/data/treasury/raw/treasury-20260824T034935Z-page011.json;/mnt/d/Projects/GoldRush/docs/phase2-ingestion/data/treasury/raw/treasury-20260824T034935Z-page012.json;/mnt/d/Projects/GoldRush/docs/phase2-ingestion/data/treasury/raw/treasury-20260824T034935Z-page013.json;/mnt/d/Projects/GoldRush/docs/phase2-ingestion/data/treasury/raw/treasury-20260824T034935Z-page014.json;/mnt/d/Projects/GoldRush/docs/phase2-ingestion/data/treasury/raw/treasury-20260824T034935Z-page015.json;/mnt/d/Projects/GoldRush/docs/phase2-ingestion/data/treasury/raw/treasury-20260824T034935Z-page016.json,docs/phase2-ingestion/data/treasury/manifests/treasury-20260824T034935Z.manifest.json,16,cf284fd2186cebbd098b2823e2195f5af04c4bc8c7e75507d7dd4e8bf063fd5b,2026-08-24T03:49:35.808873+00:00,PASS,AVAILABLE,0.1.0
L4-009,2018-05-31,4099465.18317403,14939394.5856875,14927867.12738753,99.9228385177602,27.440637970038434,percent_of_marketable_treasury_debt,Positive dated marketable debt maturing after record date and within one calendar year / Total Marketable outstanding * 100,U.S. Treasury Fiscal Data — Monthly Statement of the Public Debt Table 3,https://api.fiscaldata.treasury.gov/services/api/fiscal_service/v1/debt/mspd/mspd_table_3_market,"{""fields"":""record_date,security_type_desc,security_class1_desc,maturity_date,outstanding_amt,src_line_nbr"",""filter"":""record_date:gte:1900-01-01"",""page[size]"":10000,""sort"":""record_date,src_line_nbr""}",/mnt/d/Projects/GoldRush/docs/phase2-ingestion/data/treasury/raw/treasury-20260824T034935Z-page001.json;/mnt/d/Projects/GoldRush/docs/phase2-ingestion/data/treasury/raw/treasury-20260824T034935Z-page002.json;/mnt/d/Projects/GoldRush/docs/phase2-ingestion/data/treasury/raw/treasury-20260824T034935Z-page003.json;/mnt/d/Projects/GoldRush/docs/phase2-ingestion/data/treasury/raw/treasury-20260824T034935Z-page004.json;/mnt/d/Projects/GoldRush/docs/phase2-ingestion/data/treasury/raw/treasury-20260824T034935Z-page005.json;/mnt/d/Projects/GoldRush/docs/phase2-ingestion/data/treasury/raw/treasury-20260824T034935Z-page006.json;/mnt/d/Projects/GoldRush/docs/phase2-ingestion/data/treasury/raw/treasury-20260824T034935Z-page007.json;/mnt/d/Projects/GoldRush/docs/phase2-ingestion/data/treasury/raw/treasury-20260824T034935Z-page008.json;/mnt/d/Projects/GoldRush/docs/phase2-ingestion/data/treasury/raw/treasury-20260824T034935Z-page009.json;/mnt/d/Projects/GoldRush/docs/phase2-ingestion/data/treasury/raw/treasury-20260824T034935Z-page010.json;/mnt/d/Projects/GoldRush/docs/phase2-ingestion/data/treasury/raw/treasury-20260824T034935Z-page011.json;/mnt/d/Projects/GoldRush/docs/phase2-ingestion/data/treasury/raw/treasury-20260824T034935Z-page012.json;/mnt/d/Projects/GoldRush/docs/phase2-ingestion/data/treasury/raw/treasury-20260824T034935Z-page013.json;/mnt/d/Projects/GoldRush/docs/phase2-ingestion/data/treasury/raw/treasury-20260824T034935Z-page014.json;/mnt/d/Projects/GoldRush/docs/phase2-ingestion/data/treasury/raw/treasury-20260824T034935Z-page015.json;/mnt/d/Projects/GoldRush/docs/phase2-ingestion/data/treasury/raw/treasury-20260824T034935Z-page016.json,docs/phase2-ingestion/data/treasury/manifests/treasury-20260824T034935Z.manifest.json,16,cf284fd2186cebbd098b2823e2195f5af04c4bc8c7e75507d7dd4e8bf063fd5b,2026-08-24T03:49:35.808873+00:00,PASS,AVAILABLE,0.1.0
L4-009,2018-06-30,4072526.16966004,14982405.5934224,14877270.01492241,99.29827304537699,27.182057943004608,percent_of_marketable_treasury_debt,Positive dated marketable debt maturing after record date and within one calendar year / Total Marketable outstanding * 100,U.S. Treasury Fiscal Data — Monthly Statement of the Public Debt Table 3,https://api.fiscaldata.treasury.gov/services/api/fiscal_service/v1/debt/mspd/mspd_table_3_market,"{""fields"":""record_date,security_type_desc,security_class1_desc,maturity_date,outstanding_amt,src_line_nbr"",""filter"":""record_date:gte:1900-01-01"",""page[size]"":10000,""sort"":""record_date,src_line_nbr""}",/mnt/d/Projects/GoldRush/docs/phase2-ingestion/data/treasury/raw/treasury-20260824T034935Z-page001.json;/mnt/d/Projects/GoldRush/docs/phase2-ingestion/data/treasury/raw/treasury-20260824T034935Z-page002.json;/mnt/d/Projects/GoldRush/docs/phase2-ingestion/data/treasury/raw/treasury-20260824T034935Z-page003.json;/mnt/d/Projects/GoldRush/docs/phase2-ingestion/data/treasury/raw/treasury-20260824T034935Z-page004.json;/mnt/d/Projects/GoldRush/docs/phase2-ingestion/data/treasury/raw/treasury-20260824T034935Z-page005.json;/mnt/d/Projects/GoldRush/docs/phase2-ingestion/data/treasury/raw/treasury-20260824T034935Z-page006.json;/mnt/d/Projects/GoldRush/docs/phase2-ingestion/data/treasury/raw/treasury-20260824T034935Z-page007.json;/mnt/d/Projects/GoldRush/docs/phase2-ingestion/data/treasury/raw/treasury-20260824T034935Z-page008.json;/mnt/d/Projects/GoldRush/docs/phase2-ingestion/data/treasury/raw/treasury-20260824T034935Z-page009.json;/mnt/d/Projects/GoldRush/docs/phase2-ingestion/data/treasury/raw/treasury-20260824T034935Z-page010.json;/mnt/d/Projects/GoldRush/docs/phase2-ingestion/data/treasury/raw/treasury-20260824T034935Z-page011.json;/mnt/d/Projects/GoldRush/docs/phase2-ingestion/data/treasury/raw/treasury-20260824T034935Z-page012.json;/mnt/d/Projects/GoldRush/docs/phase2-ingestion/data/treasury/raw/treasury-20260824T034935Z-page013.json;/mnt/d/Projects/GoldRush/docs/phase2-ingestion/data/treasury/raw/treasury-20260824T034935Z-page014.json;/mnt/d/Projects/GoldRush/docs/phase2-ingestion/data/treasury/raw/treasury-20260824T034935Z-page015.json;/mnt/d/Projects/GoldRush/docs/phase2-ingestion/data/treasury/raw/treasury-20260824T034935Z-page016.json,docs/phase2-ingestion/data/treasury/manifests/treasury-20260824T034935Z.manifest.json,16,cf284fd2186cebbd098b2823e2195f5af04c4bc8c7e75507d7dd4e8bf063fd5b,2026-08-24T03:49:35.808873+00:00,PASS,AVAILABLE,0.1.0
L4-009,2018-07-31,4122454.70195132,15085302.1011043,15074892.74730428,99.9309967163385,27.327624427551513,percent_of_marketable_treasury_debt,Positive dated marketable debt maturing after record date and within one calendar year / Total Marketable outstanding * 100,U.S. Treasury Fiscal Data — Monthly Statement of the Public Debt Table 3,https://api.fiscaldata.treasury.gov/services/api/fiscal_service/v1/debt/mspd/mspd_table_3_market,"{""fields"":""record_date,security_type_desc,security_class1_desc,maturity_date,outstanding_amt,src_line_nbr"",""filter"":""record_date:gte:1900-01-01"",""page[size]"":10000,""sort"":""record_date,src_line_nbr""}",/mnt/d/Projects/GoldRush/docs/phase2-ingestion/data/treasury/raw/treasury-20260824T034935Z-page001.json;/mnt/d/Projects/GoldRush/docs/phase2-ingestion/data/treasury/raw/treasury-20260824T034935Z-page002.json;/mnt/d/Projects/GoldRush/docs/phase2-ingestion/data/treasury/raw/treasury-20260824T034935Z-page003.json;/mnt/d/Projects/GoldRush/docs/phase2-ingestion/data/treasury/raw/treasury-20260824T034935Z-page004.json;/mnt/d/Projects/GoldRush/docs/phase2-ingestion/data/treasury/raw/treasury-20260824T034935Z-page005.json;/mnt/d/Projects/GoldRush/docs/phase2-ingestion/data/treasury/raw/treasury-20260824T034935Z-page006.json;/mnt/d/Projects/GoldRush/docs/phase2-ingestion/data/treasury/raw/treasury-20260824T034935Z-page007.json;/mnt/d/Projects/GoldRush/docs/phase2-ingestion/data/treasury/raw/treasury-20260824T034935Z-page008.json;/mnt/d/Projects/GoldRush/docs/phase2-ingestion/data/treasury/raw/treasury-20260824T034935Z-page009.json;/mnt/d/Projects/GoldRush/docs/phase2-ingestion/data/treasury/raw/treasury-20260824T034935Z-page010.json;/mnt/d/Projects/GoldRush/docs/phase2-ingestion/data/treasury/raw/treasury-20260824T034935Z-page011.json;/mnt/d/Projects/GoldRush/docs/phase2-ingestion/data/treasury/raw/treasury-20260824T034935Z-page012.json;/mnt/d/Projects/GoldRush/docs/phase2-ingestion/data/treasury/raw/treasury-20260824T034935Z-page013.json;/mnt/d/Projects/GoldRush/docs/phase2-ingestion/data/treasury/raw/treasury-20260824T034935Z-page014.json;/mnt/d/Projects/GoldRush/docs/phase2-ingestion/data/treasury/raw/treasury-20260824T034935Z-page015.json;/mnt/d/Projects/GoldRush/docs/phase2-ingestion/data/treasury/raw/treasury-20260824T034935Z-page016.json,docs/phase2-ingestion/data/treasury/manifests/treasury-20260824T034935Z.manifest.json,16,cf284fd2186cebbd098b2823e2195f5af04c4bc8c7e75507d7dd4e8bf063fd5b,2026-08-24T03:49:35.808873+00:00,PASS,AVAILABLE,0.1.0
L4-009,2018-08-31,4306648.28351306,15301837.580955,15291428.45715502,99.93197468117859,28.144647730892192,percent_of_marketable_treasury_debt,Positive dated marketable debt maturing after record date and within one calendar year / Total Marketable outstanding * 100,U.S. Treasury Fiscal Data — Monthly Statement of the Public Debt Table 3,https://api.fiscaldata.treasury.gov/services/api/fiscal_service/v1/debt/mspd/mspd_table_3_market,"{""fields"":""record_date,security_type_desc,security_class1_desc,maturity_date,outstanding_amt,src_line_nbr"",""filter"":""record_date:gte:1900-01-01"",""page[size]"":10000,""sort"":""record_date,src_line_nbr""}",/mnt/d/Projects/GoldRush/docs/phase2-ingestion/data/treasury/raw/treasury-20260824T034935Z-page001.json;/mnt/d/Projects/GoldRush/docs/phase2-ingestion/data/treasury/raw/treasury-20260824T034935Z-page002.json;/mnt/d/Projects/GoldRush/docs/phase2-ingestion/data/treasury/raw/treasury-20260824T034935Z-page003.json;/mnt/d/Projects/GoldRush/docs/phase2-ingestion/data/treasury/raw/treasury-20260824T034935Z-page004.json;/mnt/d/Projects/GoldRush/docs/phase2-ingestion/data/treasury/raw/treasury-20260824T034935Z-page005.json;/mnt/d/Projects/GoldRush/docs/phase2-ingestion/data/treasury/raw/treasury-20260824T034935Z-page006.json;/mnt/d/Projects/GoldRush/docs/phase2-ingestion/data/treasury/raw/treasury-20260824T034935Z-page007.json;/mnt/d/Projects/GoldRush/docs/phase2-ingestion/data/treasury/raw/treasury-20260824T034935Z-page008.json;/mnt/d/Projects/GoldRush/docs/phase2-ingestion/data/treasury/raw/treasury-20260824T034935Z-page009.json;/mnt/d/Projects/GoldRush/docs/phase2-ingestion/data/treasury/raw/treasury-20260824T034935Z-page010.json;/mnt/d/Projects/GoldRush/docs/phase2-ingestion/data/treasury/raw/treasury-20260824T034935Z-page011.json;/mnt/d/Projects/GoldRush/docs/phase2-ingestion/data/treasury/raw/treasury-20260824T034935Z-page012.json;/mnt/d/Projects/GoldRush/docs/phase2-ingestion/data/treasury/raw/treasury-20260824T034935Z-page013.json;/mnt/d/Projects/GoldRush/docs/phase2-ingestion/data/treasury/raw/treasury-20260824T034935Z-page014.json;/mnt/d/Projects/GoldRush/docs/phase2-ingestion/data/treasury/raw/treasury-20260824T034935Z-page015.json;/mnt/d/Projects/GoldRush/docs/phase2-ingestion/data/treasury/raw/treasury-20260824T034935Z-page016.json,docs/phase2-ingestion/data/treasury/manifests/treasury-20260824T034935Z.manifest.json,16,cf284fd2186cebbd098b2823e2195f5af04c4bc8c7e75507d7dd4e8bf063fd5b,2026-08-24T03:49:35.808873+00:00,PASS,AVAILABLE,0.1.0
L4-009,2018-09-30,4206418.81987638,15278045.2079861,15175149.09948609,99.32650998803025,27.53244124240195,percent_of_marketable_treasury_debt,Positive dated marketable debt maturing after record date and within one calendar year / Total Marketable outstanding * 100,U.S. Treasury Fiscal Data — Monthly Statement of the Public Debt Table 3,https://api.fiscaldata.treasury.gov/services/api/fiscal_service/v1/debt/mspd/mspd_table_3_market,"{""fields"":""record_date,security_type_desc,security_class1_desc,maturity_date,outstanding_amt,src_line_nbr"",""filter"":""record_date:gte:1900-01-01"",""page[size]"":10000,""sort"":""record_date,src_line_nbr""}",/mnt/d/Projects/GoldRush/docs/phase2-ingestion/data/treasury/raw/treasury-20260824T034935Z-page001.json;/mnt/d/Projects/GoldRush/docs/phase2-ingestion/data/treasury/raw/treasury-20260824T034935Z-page002.json;/mnt/d/Projects/GoldRush/docs/phase2-ingestion/data/treasury/raw/treasury-20260824T034935Z-page003.json;/mnt/d/Projects/GoldRush/docs/phase2-ingestion/data/treasury/raw/treasury-20260824T034935Z-page004.json;/mnt/d/Projects/GoldRush/docs/phase2-ingestion/data/treasury/raw/treasury-20260824T034935Z-page005.json;/mnt/d/Projects/GoldRush/docs/phase2-ingestion/data/treasury/raw/treasury-20260824T034935Z-page006.json;/mnt/d/Projects/GoldRush/docs/phase2-ingestion/data/treasury/raw/treasury-20260824T034935Z-page007.json;/mnt/d/Projects/GoldRush/docs/phase2-ingestion/data/treasury/raw/treasury-20260824T034935Z-page008.json;/mnt/d/Projects/GoldRush/docs/phase2-ingestion/data/treasury/raw/treasury-20260824T034935Z-page009.json;/mnt/d/Projects/GoldRush/docs/phase2-ingestion/data/treasury/raw/treasury-20260824T034935Z-page010.json;/mnt/d/Projects/GoldRush/docs/phase2-ingestion/data/treasury/raw/treasury-20260824T034935Z-page011.json;/mnt/d/Projects/GoldRush/docs/phase2-ingestion/data/treasury/raw/treasury-20260824T034935Z-page012.json;/mnt/d/Projects/GoldRush/docs/phase2-ingestion/data/treasury/raw/treasury-20260824T034935Z-page013.json;/mnt/d/Projects/GoldRush/docs/phase2-ingestion/data/treasury/raw/treasury-20260824T034935Z-page014.json;/mnt/d/Projects/GoldRush/docs/phase2-ingestion/data/treasury/raw/treasury-20260824T034935Z-page015.json;/mnt/d/Projects/GoldRush/docs/phase2-ingestion/data/treasury/raw/treasury-20260824T034935Z-page016.json,docs/phase2-ingestion/data/treasury/manifests/treasury-20260824T034935Z.manifest.json,16,cf284fd2186cebbd098b2823e2195f5af04c4bc8c7e75507d7dd4e8bf063fd5b,2026-08-24T03:49:35.808873+00:00,PASS,AVAILABLE,0.1.0
L4-009,2018-10-31,4221973.51052673,15357896.1181846,15347487.31138465,99.93222504749446,27.490572133299427,percent_of_marketable_treasury_debt,Positive dated marketable debt maturing after record date and within one calendar year / Total Marketable outstanding * 100,U.S. Treasury Fiscal Data — Monthly Statement of the Public Debt Table 3,https://api.fiscaldata.treasury.gov/services/api/fiscal_service/v1/debt/mspd/mspd_table_3_market,"{""fields"":""record_date,security_type_desc,security_class1_desc,maturity_date,outstanding_amt,src_line_nbr"",""filter"":""record_date:gte:1900-01-01"",""page[size]"":10000,""sort"":""record_date,src_line_nbr""}",/mnt/d/Projects/GoldRush/docs/phase2-ingestion/data/treasury/raw/treasury-20260824T034935Z-page001.json;/mnt/d/Projects/GoldRush/docs/phase2-ingestion/data/treasury/raw/treasury-20260824T034935Z-page002.json;/mnt/d/Projects/GoldRush/docs/phase2-ingestion/data/treasury/raw/treasury-20260824T034935Z-page003.json;/mnt/d/Projects/GoldRush/docs/phase2-ingestion/data/treasury/raw/treasury-20260824T034935Z-page004.json;/mnt/d/Projects/GoldRush/docs/phase2-ingestion/data/treasury/raw/treasury-20260824T034935Z-page005.json;/mnt/d/Projects/GoldRush/docs/phase2-ingestion/data/treasury/raw/treasury-20260824T034935Z-page006.json;/mnt/d/Projects/GoldRush/docs/phase2-ingestion/data/treasury/raw/treasury-20260824T034935Z-page007.json;/mnt/d/Projects/GoldRush/docs/phase2-ingestion/data/treasury/raw/treasury-20260824T034935Z-page008.json;/mnt/d/Projects/GoldRush/docs/phase2-ingestion/data/treasury/raw/treasury-20260824T034935Z-page009.json;/mnt/d/Projects/GoldRush/docs/phase2-ingestion/data/treasury/raw/treasury-20260824T034935Z-page010.json;/mnt/d/Projects/GoldRush/docs/phase2-ingestion/data/treasury/raw/treasury-20260824T034935Z-page011.json;/mnt/d/Projects/GoldRush/docs/phase2-ingestion/data/treasury/raw/treasury-20260824T034935Z-page012.json;/mnt/d/Projects/GoldRush/docs/phase2-ingestion/data/treasury/raw/treasury-20260824T034935Z-page013.json;/mnt/d/Projects/GoldRush/docs/phase2-ingestion/data/treasury/raw/treasury-20260824T034935Z-page014.json;/mnt/d/Projects/GoldRush/docs/phase2-ingestion/data/treasury/raw/treasury-20260824T034935Z-page015.json;/mnt/d/Projects/GoldRush/docs/phase2-ingestion/data/treasury/raw/treasury-20260824T034935Z-page016.json,docs/phase2-ingestion/data/treasury/manifests/treasury-20260824T034935Z.manifest.json,16,cf284fd2186cebbd098b2823e2195f5af04c4bc8c7e75507d7dd4e8bf063fd5b,2026-08-24T03:49:35.808873+00:00,PASS,AVAILABLE,0.1.0
L4-009,2018-11-30,4362156.6018992,15560109.1091133,15549700.59941334,99.93310773319794,28.034228881752227,percent_of_marketable_treasury_debt,Positive dated marketable debt maturing after record date and within one calendar year / Total Marketable outstanding * 100,U.S. Treasury Fiscal Data — Monthly Statement of the Public Debt Table 3,https://api.fiscaldata.treasury.gov/services/api/fiscal_service/v1/debt/mspd/mspd_table_3_market,"{""fields"":""record_date,security_type_desc,security_class1_desc,maturity_date,outstanding_amt,src_line_nbr"",""filter"":""record_date:gte:1900-01-01"",""page[size]"":10000,""sort"":""record_date,src_line_nbr""}",/mnt/d/Projects/GoldRush/docs/phase2-ingestion/data/treasury/raw/treasury-20260824T034935Z-page001.json;/mnt/d/Projects/GoldRush/docs/phase2-ingestion/data/treasury/raw/treasury-20260824T034935Z-page002.json;/mnt/d/Projects/GoldRush/docs/phase2-ingestion/data/treasury/raw/treasury-20260824T034935Z-page003.json;/mnt/d/Projects/GoldRush/docs/phase2-ingestion/data/treasury/raw/treasury-20260824T034935Z-page004.json;/mnt/d/Projects/GoldRush/docs/phase2-ingestion/data/treasury/raw/treasury-20260824T034935Z-page005.json;/mnt/d/Projects/GoldRush/docs/phase2-ingestion/data/treasury/raw/treasury-20260824T034935Z-page006.json;/mnt/d/Projects/GoldRush/docs/phase2-ingestion/data/treasury/raw/treasury-20260824T034935Z-page007.json;/mnt/d/Projects/GoldRush/docs/phase2-ingestion/data/treasury/raw/treasury-20260824T034935Z-page008.json;/mnt/d/Projects/GoldRush/docs/phase2-ingestion/data/treasury/raw/treasury-20260824T034935Z-page009.json;/mnt/d/Projects/GoldRush/docs/phase2-ingestion/data/treasury/raw/treasury-20260824T034935Z-page010.json;/mnt/d/Projects/GoldRush/docs/phase2-ingestion/data/treasury/raw/treasury-20260824T034935Z-page011.json;/mnt/d/Projects/GoldRush/docs/phase2-ingestion/data/treasury/raw/treasury-20260824T034935Z-page012.json;/mnt/d/Projects/GoldRush/docs/phase2-ingestion/data/treasury/raw/treasury-20260824T034935Z-page013.json;/mnt/d/Projects/GoldRush/docs/phase2-ingestion/data/treasury/raw/treasury-20260824T034935Z-page014.json;/mnt/d/Projects/GoldRush/docs/phase2-ingestion/data/treasury/raw/treasury-20260824T034935Z-page015.json;/mnt/d/Projects/GoldRush/docs/phase2-ingestion/data/treasury/raw/treasury-20260824T034935Z-page016.json,docs/phase2-ingestion/data/treasury/manifests/treasury-20260824T034935Z.manifest.json,16,cf284fd2186cebbd098b2823e2195f5af04c4bc8c7e75507d7dd4e8bf063fd5b,2026-08-24T03:49:35.808873+00:00,PASS,AVAILABLE,0.1.0
L4-009,2018-12-31,4312214.88568773,15618306.9135072,15607898.4348072,99.93335718936987,27.610002220909053,percent_of_marketable_treasury_debt,Positive dated marketable debt maturing after record date and within one calendar year / Total Marketable outstanding * 100,U.S. Treasury Fiscal Data — Monthly Statement of the Public Debt Table 3,https://api.fiscaldata.treasury.gov/services/api/fiscal_service/v1/debt/mspd/mspd_table_3_market,"{""fields"":""record_date,security_type_desc,security_class1_desc,maturity_date,outstanding_amt,src_line_nbr"",""filter"":""record_date:gte:1900-01-01"",""page[size]"":10000,""sort"":""record_date,src_line_nbr""}",/mnt/d/Projects/GoldRush/docs/phase2-ingestion/data/treasury/raw/treasury-20260824T034935Z-page001.json;/mnt/d/Projects/GoldRush/docs/phase2-ingestion/data/treasury/raw/treasury-20260824T034935Z-page002.json;/mnt/d/Projects/GoldRush/docs/phase2-ingestion/data/treasury/raw/treasury-20260824T034935Z-page003.json;/mnt/d/Projects/GoldRush/docs/phase2-ingestion/data/treasury/raw/treasury-20260824T034935Z-page004.json;/mnt/d/Projects/GoldRush/docs/phase2-ingestion/data/treasury/raw/treasury-20260824T034935Z-page005.json;/mnt/d/Projects/GoldRush/docs/phase2-ingestion/data/treasury/raw/treasury-20260824T034935Z-page006.json;/mnt/d/Projects/GoldRush/docs/phase2-ingestion/data/treasury/raw/treasury-20260824T034935Z-page007.json;/mnt/d/Projects/GoldRush/docs/phase2-ingestion/data/treasury/raw/treasury-20260824T034935Z-page008.json;/mnt/d/Projects/GoldRush/docs/phase2-ingestion/data/treasury/raw/treasury-20260824T034935Z-page009.json;/mnt/d/Projects/GoldRush/docs/phase2-ingestion/data/treasury/raw/treasury-20260824T034935Z-page010.json;/mnt/d/Projects/GoldRush/docs/phase2-ingestion/data/treasury/raw/treasury-20260824T034935Z-page011.json;/mnt/d/Projects/GoldRush/docs/phase2-ingestion/data/treasury/raw/treasury-20260824T034935Z-page012.json;/mnt/d/Projects/GoldRush/docs/phase2-ingestion/data/treasury/raw/treasury-20260824T034935Z-page013.json;/mnt/d/Projects/GoldRush/docs/phase2-ingestion/data/treasury/raw/treasury-20260824T034935Z-page014.json;/mnt/d/Projects/GoldRush/docs/phase2-ingestion/data/treasury/raw/treasury-20260824T034935Z-page015.json;/mnt/d/Projects/GoldRush/docs/phase2-ingestion/data/treasury/raw/treasury-20260824T034935Z-page016.json,docs/phase2-ingestion/data/treasury/manifests/treasury-20260824T034935Z.manifest.json,16,cf284fd2186cebbd098b2823e2195f5af04c4bc8c7e75507d7dd4e8bf063fd5b,2026-08-24T03:49:35.808873+00:00,PASS,AVAILABLE,0.1.0
L4-009,2019-01-31,4285090.24331617,15619847.2300424,15609438.91734245,99.9333648239534,27.433624543231453,percent_of_marketable_treasury_debt,Positive dated marketable debt maturing after record date and within one calendar year / Total Marketable outstanding * 100,U.S. Treasury Fiscal Data — Monthly Statement of the Public Debt Table 3,https://api.fiscaldata.treasury.gov/services/api/fiscal_service/v1/debt/mspd/mspd_table_3_market,"{""fields"":""record_date,security_type_desc,security_class1_desc,maturity_date,outstanding_amt,src_line_nbr"",""filter"":""record_date:gte:1900-01-01"",""page[size]"":10000,""sort"":""record_date,src_line_nbr""}",/mnt/d/Projects/GoldRush/docs/phase2-ingestion/data/treasury/raw/treasury-20260824T034935Z-page001.json;/mnt/d/Projects/GoldRush/docs/phase2-ingestion/data/treasury/raw/treasury-20260824T034935Z-page002.json;/mnt/d/Projects/GoldRush/docs/phase2-ingestion/data/treasury/raw/treasury-20260824T034935Z-page003.json;/mnt/d/Projects/GoldRush/docs/phase2-ingestion/data/treasury/raw/treasury-20260824T034935Z-page004.json;/mnt/d/Projects/GoldRush/docs/phase2-ingestion/data/treasury/raw/treasury-20260824T034935Z-page005.json;/mnt/d/Projects/GoldRush/docs/phase2-ingestion/data/treasury/raw/treasury-20260824T034935Z-page006.json;/mnt/d/Projects/GoldRush/docs/phase2-ingestion/data/treasury/raw/treasury-20260824T034935Z-page007.json;/mnt/d/Projects/GoldRush/docs/phase2-ingestion/data/treasury/raw/treasury-20260824T034935Z-page008.json;/mnt/d/Projects/GoldRush/docs/phase2-ingestion/data/treasury/raw/treasury-20260824T034935Z-page009.json;/mnt/d/Projects/GoldRush/docs/phase2-ingestion/data/treasury/raw/treasury-20260824T034935Z-page010.json;/mnt/d/Projects/GoldRush/docs/phase2-ingestion/data/treasury/raw/treasury-20260824T034935Z-page011.json;/mnt/d/Projects/GoldRush/docs/phase2-ingestion/data/treasury/raw/treasury-20260824T034935Z-page012.json;/mnt/d/Projects/GoldRush/docs/phase2-ingestion/data/treasury/raw/treasury-20260824T034935Z-page013.json;/mnt/d/Projects/GoldRush/docs/phase2-ingestion/data/treasury/raw/treasury-20260824T034935Z-page014.json;/mnt/d/Projects/GoldRush/docs/phase2-ingestion/data/treasury/raw/treasury-20260824T034935Z-page015.json;/mnt/d/Projects/GoldRush/docs/phase2-ingestion/data/treasury/raw/treasury-20260824T034935Z-page016.json,docs/phase2-ingestion/data/treasury/manifests/treasury-20260824T034935Z.manifest.json,16,cf284fd2186cebbd098b2823e2195f5af04c4bc8c7e75507d7dd4e8bf063fd5b,2026-08-24T03:49:35.808873+00:00,PASS,AVAILABLE,0.1.0
L4-009,2019-02-28,4297852.25877165,15769676.7040185,15759268.45131852,99.93399831274075,27.25390215308886,percent_of_marketable_treasury_debt,Positive dated marketable debt maturing after record date and within one calendar year / Total Marketable outstanding * 100,U.S. Treasury Fiscal Data — Monthly Statement of the Public Debt Table 3,https://api.fiscaldata.treasury.gov/services/api/fiscal_service/v1/debt/mspd/mspd_table_3_market,"{""fields"":""record_date,security_type_desc,security_class1_desc,maturity_date,outstanding_amt,src_line_nbr"",""filter"":""record_date:gte:1900-01-01"",""page[size]"":10000,""sort"":""record_date,src_line_nbr""}",/mnt/d/Projects/GoldRush/docs/phase2-ingestion/data/treasury/raw/treasury-20260824T034935Z-page001.json;/mnt/d/Projects/GoldRush/docs/phase2-ingestion/data/treasury/raw/treasury-20260824T034935Z-page002.json;/mnt/d/Projects/GoldRush/docs/phase2-ingestion/data/treasury/raw/treasury-20260824T034935Z-page003.json;/mnt/d/Projects/GoldRush/docs/phase2-ingestion/data/treasury/raw/treasury-20260824T034935Z-page004.json;/mnt/d/Projects/GoldRush/docs/phase2-ingestion/data/treasury/raw/treasury-20260824T034935Z-page005.json;/mnt/d/Projects/GoldRush/docs/phase2-ingestion/data/treasury/raw/treasury-20260824T034935Z-page006.json;/mnt/d/Projects/GoldRush/docs/phase2-ingestion/data/treasury/raw/treasury-20260824T034935Z-page007.json;/mnt/d/Projects/GoldRush/docs/phase2-ingestion/data/treasury/raw/treasury-20260824T034935Z-page008.json;/mnt/d/Projects/GoldRush/docs/phase2-ingestion/data/treasury/raw/treasury-20260824T034935Z-page009.json;/mnt/d/Projects/GoldRush/docs/phase2-ingestion/data/treasury/raw/treasury-20260824T034935Z-page010.json;/mnt/d/Projects/GoldRush/docs/phase2-ingestion/data/treasury/raw/treasury-20260824T034935Z-page011.json;/mnt/d/Projects/GoldRush/docs/phase2-ingestion/data/treasury/raw/treasury-20260824T034935Z-page012.json;/mnt/d/Projects/GoldRush/docs/phase2-ingestion/data/treasury/raw/treasury-20260824T034935Z-page013.json;/mnt/d/Projects/GoldRush/docs/phase2-ingestion/data/treasury/raw/treasury-20260824T034935Z-page014.json;/mnt/d/Projects/GoldRush/docs/phase2-ingestion/data/treasury/raw/treasury-20260824T034935Z-page015.json;/mnt/d/Projects/GoldRush/docs/phase2-ingestion/data/treasury/raw/treasury-20260824T034935Z-page016.json,docs/phase2-ingestion/data/treasury/manifests/treasury-20260824T034935Z.manifest.json,16,cf284fd2186cebbd098b2823e2195f5af04c4bc8c7e75507d7dd4e8bf063fd5b,2026-08-24T03:49:35.808873+00:00,PASS,AVAILABLE,0.1.0
L4-009,2019-03-31,4486265.84187346,15938898.2355616,15834653.71736159,99.3459741278263,28.146649633938065,percent_of_marketable_treasury_debt,Positive dated marketable debt maturing after record date and within one calendar year / Total Marketable outstanding * 100,U.S. Treasury Fiscal Data — Monthly Statement of the Public Debt Table 3,https://api.fiscaldata.treasury.gov/services/api/fiscal_service/v1/debt/mspd/mspd_table_3_market,"{""fields"":""record_date,security_type_desc,security_class1_desc,maturity_date,outstanding_amt,src_line_nbr"",""filter"":""record_date:gte:1900-01-01"",""page[size]"":10000,""sort"":""record_date,src_line_nbr""}",/mnt/d/Projects/GoldRush/docs/phase2-ingestion/data/treasury/raw/treasury-20260824T034935Z-page001.json;/mnt/d/Projects/GoldRush/docs/phase2-ingestion/data/treasury/raw/treasury-20260824T034935Z-page002.json;/mnt/d/Projects/GoldRush/docs/phase2-ingestion/data/treasury/raw/treasury-20260824T034935Z-page003.json;/mnt/d/Projects/GoldRush/docs/phase2-ingestion/data/treasury/raw/treasury-20260824T034935Z-page004.json;/mnt/d/Projects/GoldRush/docs/phase2-ingestion/data/treasury/raw/treasury-20260824T034935Z-page005.json;/mnt/d/Projects/GoldRush/docs/phase2-ingestion/data/treasury/raw/treasury-20260824T034935Z-page006.json;/mnt/d/Projects/GoldRush/docs/phase2-ingestion/data/treasury/raw/treasury-20260824T034935Z-page007.json;/mnt/d/Projects/GoldRush/docs/phase2-ingestion/data/treasury/raw/treasury-20260824T034935Z-page008.json;/mnt/d/Projects/GoldRush/docs/phase2-ingestion/data/treasury/raw/treasury-20260824T034935Z-page009.json;/mnt/d/Projects/GoldRush/docs/phase2-ingestion/data/treasury/raw/treasury-20260824T034935Z-page010.json;/mnt/d/Projects/GoldRush/docs/phase2-ingestion/data/treasury/raw/treasury-20260824T034935Z-page011.json;/mnt/d/Projects/GoldRush/docs/phase2-ingestion/data/treasury/raw/treasury-20260824T034935Z-page012.json;/mnt/d/Projects/GoldRush/docs/phase2-ingestion/data/treasury/raw/treasury-20260824T034935Z-page013.json;/mnt/d/Projects/GoldRush/docs/phase2-ingestion/data/treasury/raw/treasury-20260824T034935Z-page014.json;/mnt/d/Projects/GoldRush/docs/phase2-ingestion/data/treasury/raw/treasury-20260824T034935Z-page015.json;/mnt/d/Projects/GoldRush/docs/phase2-ingestion/data/treasury/raw/treasury-20260824T034935Z-page016.json,docs/phase2-ingestion/data/treasury/manifests/treasury-20260824T034935Z.manifest.json,16,cf284fd2186cebbd098b2823e2195f5af04c4bc8c7e75507d7dd4e8bf063fd5b,2026-08-24T03:49:35.808873+00:00,PASS,AVAILABLE,0.1.0
L4-009,2019-04-30,4403177.54286731,15880911.5764282,15870503.49182822,99.93446166770786,27.726226682118682,percent_of_marketable_treasury_debt,Positive dated marketable debt maturing after record date and within one calendar year / Total Marketable outstanding * 100,U.S. Treasury Fiscal Data — Monthly Statement of the Public Debt Table 3,https://api.fiscaldata.treasury.gov/services/api/fiscal_service/v1/debt/mspd/mspd_table_3_market,"{""fields"":""record_date,security_type_desc,security_class1_desc,maturity_date,outstanding_amt,src_line_nbr"",""filter"":""record_date:gte:1900-01-01"",""page[size]"":10000,""sort"":""record_date,src_line_nbr""}",/mnt/d/Projects/GoldRush/docs/phase2-ingestion/data/treasury/raw/treasury-20260824T034935Z-page001.json;/mnt/d/Projects/GoldRush/docs/phase2-ingestion/data/treasury/raw/treasury-20260824T034935Z-page002.json;/mnt/d/Projects/GoldRush/docs/phase2-ingestion/data/treasury/raw/treasury-20260824T034935Z-page003.json;/mnt/d/Projects/GoldRush/docs/phase2-ingestion/data/treasury/raw/treasury-20260824T034935Z-page004.json;/mnt/d/Projects/GoldRush/docs/phase2-ingestion/data/treasury/raw/treasury-20260824T034935Z-page005.json;/mnt/d/Projects/GoldRush/docs/phase2-ingestion/data/treasury/raw/treasury-20260824T034935Z-page006.json;/mnt/d/Projects/GoldRush/docs/phase2-ingestion/data/treasury/raw/treasury-20260824T034935Z-page007.json;/mnt/d/Projects/GoldRush/docs/phase2-ingestion/data/treasury/raw/treasury-20260824T034935Z-page008.json;/mnt/d/Projects/GoldRush/docs/phase2-ingestion/data/treasury/raw/treasury-20260824T034935Z-page009.json;/mnt/d/Projects/GoldRush/docs/phase2-ingestion/data/treasury/raw/treasury-20260824T034935Z-page010.json;/mnt/d/Projects/GoldRush/docs/phase2-ingestion/data/treasury/raw/treasury-20260824T034935Z-page011.json;/mnt/d/Projects/GoldRush/docs/phase2-ingestion/data/treasury/raw/treasury-20260824T034935Z-page012.json;/mnt/d/Projects/GoldRush/docs/phase2-ingestion/data/treasury/raw/treasury-20260824T034935Z-page013.json;/mnt/d/Projects/GoldRush/docs/phase2-ingestion/data/treasury/raw/treasury-20260824T034935Z-page014.json;/mnt/d/Projects/GoldRush/docs/phase2-ingestion/data/treasury/raw/treasury-20260824T034935Z-page015.json;/mnt/d/Projects/GoldRush/docs/phase2-ingestion/data/treasury/raw/treasury-20260824T034935Z-page016.json,docs/phase2-ingestion/data/treasury/manifests/treasury-20260824T034935Z.manifest.json,16,cf284fd2186cebbd098b2823e2195f5af04c4bc8c7e75507d7dd4e8bf063fd5b,2026-08-24T03:49:35.808873+00:00,PASS,AVAILABLE,0.1.0
L4-009,2019-05-31,4397130.29262259,15941251.1318504,15930843.04925042,99.93470975073478,27.583344972448142,percent_of_marketable_treasury_debt,Positive dated marketable debt maturing after record date and within one calendar year / Total Marketable outstanding * 100,U.S. Treasury Fiscal Data — Monthly Statement of the Public Debt Table 3,https://api.fiscaldata.treasury.gov/services/api/fiscal_service/v1/debt/mspd/mspd_table_3_market,"{""fields"":""record_date,security_type_desc,security_class1_desc,maturity_date,outstanding_amt,src_line_nbr"",""filter"":""record_date:gte:1900-01-01"",""page[size]"":10000,""sort"":""record_date,src_line_nbr""}",/mnt/d/Projects/GoldRush/docs/phase2-ingestion/data/treasury/raw/treasury-20260824T034935Z-page001.json;/mnt/d/Projects/GoldRush/docs/phase2-ingestion/data/treasury/raw/treasury-20260824T034935Z-page002.json;/mnt/d/Projects/GoldRush/docs/phase2-ingestion/data/treasury/raw/treasury-20260824T034935Z-page003.json;/mnt/d/Projects/GoldRush/docs/phase2-ingestion/data/treasury/raw/treasury-20260824T034935Z-page004.json;/mnt/d/Projects/GoldRush/docs/phase2-ingestion/data/treasury/raw/treasury-20260824T034935Z-page005.json;/mnt/d/Projects/GoldRush/docs/phase2-ingestion/data/treasury/raw/treasury-20260824T034935Z-page006.json;/mnt/d/Projects/GoldRush/docs/phase2-ingestion/data/treasury/raw/treasury-20260824T034935Z-page007.json;/mnt/d/Projects/GoldRush/docs/phase2-ingestion/data/treasury/raw/treasury-20260824T034935Z-page008.json;/mnt/d/Projects/GoldRush/docs/phase2-ingestion/data/treasury/raw/treasury-20260824T034935Z-page009.json;/mnt/d/Projects/GoldRush/docs/phase2-ingestion/data/treasury/raw/treasury-20260824T034935Z-page010.json;/mnt/d/Projects/GoldRush/docs/phase2-ingestion/data/treasury/raw/treasury-20260824T034935Z-page011.json;/mnt/d/Projects/GoldRush/docs/phase2-ingestion/data/treasury/raw/treasury-20260824T034935Z-page012.json;/mnt/d/Projects/GoldRush/docs/phase2-ingestion/data/treasury/raw/treasury-20260824T034935Z-page013.json;/mnt/d/Projects/GoldRush/docs/phase2-ingestion/data/treasury/raw/treasury-20260824T034935Z-page014.json;/mnt/d/Projects/GoldRush/docs/phase2-ingestion/data/treasury/raw/treasury-20260824T034935Z-page015.json;/mnt/d/Projects/GoldRush/docs/phase2-ingestion/data/treasury/raw/treasury-20260824T034935Z-page016.json,docs/phase2-ingestion/data/treasury/manifests/treasury-20260824T034935Z.manifest.json,16,cf284fd2186cebbd098b2823e2195f5af04c4bc8c7e75507d7dd4e8bf063fd5b,2026-08-24T03:49:35.808873+00:00,PASS,AVAILABLE,0.1.0
L4-009,2019-06-30,4303355.12319547,15930899.443489,15828565.27103904,99.35763719548312,27.012631260780836,percent_of_marketable_treasury_debt,Positive dated marketable debt maturing after record date and within one calendar year / Total Marketable outstanding * 100,U.S. Treasury Fiscal Data — Monthly Statement of the Public Debt Table 3,https://api.fiscaldata.treasury.gov/services/api/fiscal_service/v1/debt/mspd/mspd_table_3_market,"{""fields"":""record_date,security_type_desc,security_class1_desc,maturity_date,outstanding_amt,src_line_nbr"",""filter"":""record_date:gte:1900-01-01"",""page[size]"":10000,""sort"":""record_date,src_line_nbr""}",/mnt/d/Projects/GoldRush/docs/phase2-ingestion/data/treasury/raw/treasury-20260824T034935Z-page001.json;/mnt/d/Projects/GoldRush/docs/phase2-ingestion/data/treasury/raw/treasury-20260824T034935Z-page002.json;/mnt/d/Projects/GoldRush/docs/phase2-ingestion/data/treasury/raw/treasury-20260824T034935Z-page003.json;/mnt/d/Projects/GoldRush/docs/phase2-ingestion/data/treasury/raw/treasury-20260824T034935Z-page004.json;/mnt/d/Projects/GoldRush/docs/phase2-ingestion/data/treasury/raw/treasury-20260824T034935Z-page005.json;/mnt/d/Projects/GoldRush/docs/phase2-ingestion/data/treasury/raw/treasury-20260824T034935Z-page006.json;/mnt/d/Projects/GoldRush/docs/phase2-ingestion/data/treasury/raw/treasury-20260824T034935Z-page007.json;/mnt/d/Projects/GoldRush/docs/phase2-ingestion/data/treasury/raw/treasury-20260824T034935Z-page008.json;/mnt/d/Projects/GoldRush/docs/phase2-ingestion/data/treasury/raw/treasury-20260824T034935Z-page009.json;/mnt/d/Projects/GoldRush/docs/phase2-ingestion/data/treasury/raw/treasury-20260824T034935Z-page010.json;/mnt/d/Projects/GoldRush/docs/phase2-ingestion/data/treasury/raw/treasury-20260824T034935Z-page011.json;/mnt/d/Projects/GoldRush/docs/phase2-ingestion/data/treasury/raw/treasury-20260824T034935Z-page012.json;/mnt/d/Projects/GoldRush/docs/phase2-ingestion/data/treasury/raw/treasury-20260824T034935Z-page013.json;/mnt/d/Projects/GoldRush/docs/phase2-ingestion/data/treasury/raw/treasury-20260824T034935Z-page014.json;/mnt/d/Projects/GoldRush/docs/phase2-ingestion/data/treasury/raw/treasury-20260824T034935Z-page015.json;/mnt/d/Projects/GoldRush/docs/phase2-ingestion/data/treasury/raw/treasury-20260824T034935Z-page016.json,docs/phase2-ingestion/data/treasury/manifests/treasury-20260824T034935Z.manifest.json,16,cf284fd2186cebbd098b2823e2195f5af04c4bc8c7e75507d7dd4e8bf063fd5b,2026-08-24T03:49:35.808873+00:00,PASS,AVAILABLE,0.1.0
L4-009,2019-07-31,4297253.30140945,15968140.3978599,15959262.99400988,99.94440552482111,26.911419829358348,percent_of_marketable_treasury_debt,Positive dated marketable debt maturing after record date and within one calendar year / Total Marketable outstanding * 100,U.S. Treasury Fiscal Data — Monthly Statement of the Public Debt Table 3,https://api.fiscaldata.treasury.gov/services/api/fiscal_service/v1/debt/mspd/mspd_table_3_market,"{""fields"":""record_date,security_type_desc,security_class1_desc,maturity_date,outstanding_amt,src_line_nbr"",""filter"":""record_date:gte:1900-01-01"",""page[size]"":10000,""sort"":""record_date,src_line_nbr""}",/mnt/d/Projects/GoldRush/docs/phase2-ingestion/data/treasury/raw/treasury-20260824T034935Z-page001.json;/mnt/d/Projects/GoldRush/docs/phase2-ingestion/data/treasury/raw/treasury-20260824T034935Z-page002.json;/mnt/d/Projects/GoldRush/docs/phase2-ingestion/data/treasury/raw/treasury-20260824T034935Z-page003.json;/mnt/d/Projects/GoldRush/docs/phase2-ingestion/data/treasury/raw/treasury-20260824T034935Z-page004.json;/mnt/d/Projects/GoldRush/docs/phase2-ingestion/data/treasury/raw/treasury-20260824T034935Z-page005.json;/mnt/d/Projects/GoldRush/docs/phase2-ingestion/data/treasury/raw/treasury-20260824T034935Z-page006.json;/mnt/d/Projects/GoldRush/docs/phase2-ingestion/data/treasury/raw/treasury-20260824T034935Z-page007.json;/mnt/d/Projects/GoldRush/docs/phase2-ingestion/data/treasury/raw/treasury-20260824T034935Z-page008.json;/mnt/d/Projects/GoldRush/docs/phase2-ingestion/data/treasury/raw/treasury-20260824T034935Z-page009.json;/mnt/d/Projects/GoldRush/docs/phase2-ingestion/data/treasury/raw/treasury-20260824T034935Z-page010.json;/mnt/d/Projects/GoldRush/docs/phase2-ingestion/data/treasury/raw/treasury-20260824T034935Z-page011.json;/mnt/d/Projects/GoldRush/docs/phase2-ingestion/data/treasury/raw/treasury-20260824T034935Z-page012.json;/mnt/d/Projects/GoldRush/docs/phase2-ingestion/data/treasury/raw/treasury-20260824T034935Z-page013.json;/mnt/d/Projects/GoldRush/docs/phase2-ingestion/data/treasury/raw/treasury-20260824T034935Z-page014.json;/mnt/d/Projects/GoldRush/docs/phase2-ingestion/data/treasury/raw/treasury-20260824T034935Z-page015.json;/mnt/d/Projects/GoldRush/docs/phase2-ingestion/data/treasury/raw/treasury-20260824T034935Z-page016.json,docs/phase2-ingestion/data/treasury/manifests/treasury-20260824T034935Z.manifest.json,16,cf284fd2186cebbd098b2823e2195f5af04c4bc8c7e75507d7dd4e8bf063fd5b,2026-08-24T03:49:35.808873+00:00,PASS,AVAILABLE,0.1.0
L4-009,2019-08-31,4438994.74845729,16146306.9178475,16046614.03659748,99.38256542652597,27.49232236847051,percent_of_marketable_treasury_debt,Positive dated marketable debt maturing after record date and within one calendar year / Total Marketable outstanding * 100,U.S. Treasury Fiscal Data — Monthly Statement of the Public Debt Table 3,https://api.fiscaldata.treasury.gov/services/api/fiscal_service/v1/debt/mspd/mspd_table_3_market,"{""fields"":""record_date,security_type_desc,security_class1_desc,maturity_date,outstanding_amt,src_line_nbr"",""filter"":""record_date:gte:1900-01-01"",""page[size]"":10000,""sort"":""record_date,src_line_nbr""}",/mnt/d/Projects/GoldRush/docs/phase2-ingestion/data/treasury/raw/treasury-20260824T034935Z-page001.json;/mnt/d/Projects/GoldRush/docs/phase2-ingestion/data/treasury/raw/treasury-20260824T034935Z-page002.json;/mnt/d/Projects/GoldRush/docs/phase2-ingestion/data/treasury/raw/treasury-20260824T034935Z-page003.json;/mnt/d/Projects/GoldRush/docs/phase2-ingestion/data/treasury/raw/treasury-20260824T034935Z-page004.json;/mnt/d/Projects/GoldRush/docs/phase2-ingestion/data/treasury/raw/treasury-20260824T034935Z-page005.json;/mnt/d/Projects/GoldRush/docs/phase2-ingestion/data/treasury/raw/treasury-20260824T034935Z-page006.json;/mnt/d/Projects/GoldRush/docs/phase2-ingestion/data/treasury/raw/treasury-20260824T034935Z-page007.json;/mnt/d/Projects/GoldRush/docs/phase2-ingestion/data/treasury/raw/treasury-20260824T034935Z-page008.json;/mnt/d/Projects/GoldRush/docs/phase2-ingestion/data/treasury/raw/treasury-20260824T034935Z-page009.json;/mnt/d/Projects/GoldRush/docs/phase2-ingestion/data/treasury/raw/treasury-20260824T034935Z-page010.json;/mnt/d/Projects/GoldRush/docs/phase2-ingestion/data/treasury/raw/treasury-20260824T034935Z-page011.json;/mnt/d/Projects/GoldRush/docs/phase2-ingestion/data/treasury/raw/treasury-20260824T034935Z-page012.json;/mnt/d/Projects/GoldRush/docs/phase2-ingestion/data/treasury/raw/treasury-20260824T034935Z-page013.json;/mnt/d/Projects/GoldRush/docs/phase2-ingestion/data/treasury/raw/treasury-20260824T034935Z-page014.json;/mnt/d/Projects/GoldRush/docs/phase2-ingestion/data/treasury/raw/treasury-20260824T034935Z-page015.json;/mnt/d/Projects/GoldRush/docs/phase2-ingestion/data/treasury/raw/treasury-20260824T034935Z-page016.json,docs/phase2-ingestion/data/treasury/manifests/treasury-20260824T034935Z.manifest.json,16,cf284fd2186cebbd098b2823e2195f5af04c4bc8c7e75507d7dd4e8bf063fd5b,2026-08-24T03:49:35.808873+00:00,PASS,AVAILABLE,0.1.0
L4-009,2019-09-30,4491973.61297648,16347340.3110171,16338462.98516709,99.94569559523987,27.478314683087415,percent_of_marketable_treasury_debt,Positive dated marketable debt maturing after record date and within one calendar year / Total Marketable outstanding * 100,U.S. Treasury Fiscal Data — Monthly Statement of the Public Debt Table 3,https://api.fiscaldata.treasury.gov/services/api/fiscal_service/v1/debt/mspd/mspd_table_3_market,"{""fields"":""record_date,security_type_desc,security_class1_desc,maturity_date,outstanding_amt,src_line_nbr"",""filter"":""record_date:gte:1900-01-01"",""page[size]"":10000,""sort"":""record_date,src_line_nbr""}",/mnt/d/Projects/GoldRush/docs/phase2-ingestion/data/treasury/raw/treasury-20260824T034935Z-page001.json;/mnt/d/Projects/GoldRush/docs/phase2-ingestion/data/treasury/raw/treasury-20260824T034935Z-page002.json;/mnt/d/Projects/GoldRush/docs/phase2-ingestion/data/treasury/raw/treasury-20260824T034935Z-page003.json;/mnt/d/Projects/GoldRush/docs/phase2-ingestion/data/treasury/raw/treasury-20260824T034935Z-page004.json;/mnt/d/Projects/GoldRush/docs/phase2-ingestion/data/treasury/raw/treasury-20260824T034935Z-page005.json;/mnt/d/Projects/GoldRush/docs/phase2-ingestion/data/treasury/raw/treasury-20260824T034935Z-page006.json;/mnt/d/Projects/GoldRush/docs/phase2-ingestion/data/treasury/raw/treasury-20260824T034935Z-page007.json;/mnt/d/Projects/GoldRush/docs/phase2-ingestion/data/treasury/raw/treasury-20260824T034935Z-page008.json;/mnt/d/Projects/GoldRush/docs/phase2-ingestion/data/treasury/raw/treasury-20260824T034935Z-page009.json;/mnt/d/Projects/GoldRush/docs/phase2-ingestion/data/treasury/raw/treasury-20260824T034935Z-page010.json;/mnt/d/Projects/GoldRush/docs/phase2-ingestion/data/treasury/raw/treasury-20260824T034935Z-page011.json;/mnt/d/Projects/GoldRush/docs/phase2-ingestion/data/treasury/raw/treasury-20260824T034935Z-page012.json;/mnt/d/Projects/GoldRush/docs/phase2-ingestion/data/treasury/raw/treasury-20260824T034935Z-page013.json;/mnt/d/Projects/GoldRush/docs/phase2-ingestion/data/treasury/raw/treasury-20260824T034935Z-page014.json;/mnt/d/Projects/GoldRush/docs/phase2-ingestion/data/treasury/raw/treasury-20260824T034935Z-page015.json;/mnt/d/Projects/GoldRush/docs/phase2-ingestion/data/treasury/raw/treasury-20260824T034935Z-page016.json,docs/phase2-ingestion/data/treasury/manifests/treasury-20260824T034935Z.manifest.json,16,cf284fd2186cebbd098b2823e2195f5af04c4bc8c7e75507d7dd4e8bf063fd5b,2026-08-24T03:49:35.808873+00:00,PASS,AVAILABLE,0.1.0
L4-009,2019-10-31,4597641.43345176,16514123.7008719,16505246.60202186,99.94624541386007,27.840662433750676,percent_of_marketable_treasury_debt,Positive dated marketable debt maturing after record date and within one calendar year / Total Marketable outstanding * 100,U.S. Treasury Fiscal Data — Monthly Statement of the Public Debt Table 3,https://api.fiscaldata.treasury.gov/services/api/fiscal_service/v1/debt/mspd/mspd_table_3_market,"{""fields"":""record_date,security_type_desc,security_class1_desc,maturity_date,outstanding_amt,src_line_nbr"",""filter"":""record_date:gte:1900-01-01"",""page[size]"":10000,""sort"":""record_date,src_line_nbr""}",/mnt/d/Projects/GoldRush/docs/phase2-ingestion/data/treasury/raw/treasury-20260824T034935Z-page001.json;/mnt/d/Projects/GoldRush/docs/phase2-ingestion/data/treasury/raw/treasury-20260824T034935Z-page002.json;/mnt/d/Projects/GoldRush/docs/phase2-ingestion/data/treasury/raw/treasury-20260824T034935Z-page003.json;/mnt/d/Projects/GoldRush/docs/phase2-ingestion/data/treasury/raw/treasury-20260824T034935Z-page004.json;/mnt/d/Projects/GoldRush/docs/phase2-ingestion/data/treasury/raw/treasury-20260824T034935Z-page005.json;/mnt/d/Projects/GoldRush/docs/phase2-ingestion/data/treasury/raw/treasury-20260824T034935Z-page006.json;/mnt/d/Projects/GoldRush/docs/phase2-ingestion/data/treasury/raw/treasury-20260824T034935Z-page007.json;/mnt/d/Projects/GoldRush/docs/phase2-ingestion/data/treasury/raw/treasury-20260824T034935Z-page008.json;/mnt/d/Projects/GoldRush/docs/phase2-ingestion/data/treasury/raw/treasury-20260824T034935Z-page009.json;/mnt/d/Projects/GoldRush/docs/phase2-ingestion/data/treasury/raw/treasury-20260824T034935Z-page010.json;/mnt/d/Projects/GoldRush/docs/phase2-ingestion/data/treasury/raw/treasury-20260824T034935Z-page011.json;/mnt/d/Projects/GoldRush/docs/phase2-ingestion/data/treasury/raw/treasury-20260824T034935Z-page012.json;/mnt/d/Projects/GoldRush/docs/phase2-ingestion/data/treasury/raw/treasury-20260824T034935Z-page013.json;/mnt/d/Projects/GoldRush/docs/phase2-ingestion/data/treasury/raw/treasury-20260824T034935Z-page014.json;/mnt/d/Projects/GoldRush/docs/phase2-ingestion/data/treasury/raw/treasury-20260824T034935Z-page015.json;/mnt/d/Projects/GoldRush/docs/phase2-ingestion/data/treasury/raw/treasury-20260824T034935Z-page016.json,docs/phase2-ingestion/data/treasury/manifests/treasury-20260824T034935Z.manifest.json,16,cf284fd2186cebbd098b2823e2195f5af04c4bc8c7e75507d7dd4e8bf063fd5b,2026-08-24T03:49:35.808873+00:00,PASS,AVAILABLE,0.1.0
L4-009,2019-11-30,4665826.22646319,16627745.2720525,16527458.77500249,99.39687254399688,28.06048655499549,percent_of_marketable_treasury_debt,Positive dated marketable debt maturing after record date and within one calendar year / Total Marketable outstanding * 100,U.S. Treasury Fiscal Data — Monthly Statement of the Public Debt Table 3,https://api.fiscaldata.treasury.gov/services/api/fiscal_service/v1/debt/mspd/mspd_table_3_market,"{""fields"":""record_date,security_type_desc,security_class1_desc,maturity_date,outstanding_amt,src_line_nbr"",""filter"":""record_date:gte:1900-01-01"",""page[size]"":10000,""sort"":""record_date,src_line_nbr""}",/mnt/d/Projects/GoldRush/docs/phase2-ingestion/data/treasury/raw/treasury-20260824T034935Z-page001.json;/mnt/d/Projects/GoldRush/docs/phase2-ingestion/data/treasury/raw/treasury-20260824T034935Z-page002.json;/mnt/d/Projects/GoldRush/docs/phase2-ingestion/data/treasury/raw/treasury-20260824T034935Z-page003.json;/mnt/d/Projects/GoldRush/docs/phase2-ingestion/data/treasury/raw/treasury-20260824T034935Z-page004.json;/mnt/d/Projects/GoldRush/docs/phase2-ingestion/data/treasury/raw/treasury-20260824T034935Z-page005.json;/mnt/d/Projects/GoldRush/docs/phase2-ingestion/data/treasury/raw/treasury-20260824T034935Z-page006.json;/mnt/d/Projects/GoldRush/docs/phase2-ingestion/data/treasury/raw/treasury-20260824T034935Z-page007.json;/mnt/d/Projects/GoldRush/docs/phase2-ingestion/data/treasury/raw/treasury-20260824T034935Z-page008.json;/mnt/d/Projects/GoldRush/docs/phase2-ingestion/data/treasury/raw/treasury-20260824T034935Z-page009.json;/mnt/d/Projects/GoldRush/docs/phase2-ingestion/data/treasury/raw/treasury-20260824T034935Z-page010.json;/mnt/d/Projects/GoldRush/docs/phase2-ingestion/data/treasury/raw/treasury-20260824T034935Z-page011.json;/mnt/d/Projects/GoldRush/docs/phase2-ingestion/data/treasury/raw/treasury-20260824T034935Z-page012.json;/mnt/d/Projects/GoldRush/docs/phase2-ingestion/data/treasury/raw/treasury-20260824T034935Z-page013.json;/mnt/d/Projects/GoldRush/docs/phase2-ingestion/data/treasury/raw/treasury-20260824T034935Z-page014.json;/mnt/d/Projects/GoldRush/docs/phase2-ingestion/data/treasury/raw/treasury-20260824T034935Z-page015.json;/mnt/d/Projects/GoldRush/docs/phase2-ingestion/data/treasury/raw/treasury-20260824T034935Z-page016.json,docs/phase2-ingestion/data/treasury/manifests/treasury-20260824T034935Z.manifest.json,16,cf284fd2186cebbd098b2823e2195f5af04c4bc8c7e75507d7dd4e8bf063fd5b,2026-08-24T03:49:35.808873+00:00,PASS,AVAILABLE,0.1.0
L4-009,2019-12-31,4578423.56723074,16682136.146703,16673259.40185303,99.94678891976478,27.445067747727283,percent_of_marketable_treasury_debt,Positive dated marketable debt maturing after record date and within one calendar year / Total Marketable outstanding * 100,U.S. Treasury Fiscal Data — Monthly Statement of the Public Debt Table 3,https://api.fiscaldata.treasury.gov/services/api/fiscal_service/v1/debt/mspd/mspd_table_3_market,"{""fields"":""record_date,security_type_desc,security_class1_desc,maturity_date,outstanding_amt,src_line_nbr"",""filter"":""record_date:gte:1900-01-01"",""page[size]"":10000,""sort"":""record_date,src_line_nbr""}",/mnt/d/Projects/GoldRush/docs/phase2-ingestion/data/treasury/raw/treasury-20260824T034935Z-page001.json;/mnt/d/Projects/GoldRush/docs/phase2-ingestion/data/treasury/raw/treasury-20260824T034935Z-page002.json;/mnt/d/Projects/GoldRush/docs/phase2-ingestion/data/treasury/raw/treasury-20260824T034935Z-page003.json;/mnt/d/Projects/GoldRush/docs/phase2-ingestion/data/treasury/raw/treasury-20260824T034935Z-page004.json;/mnt/d/Projects/GoldRush/docs/phase2-ingestion/data/treasury/raw/treasury-20260824T034935Z-page005.json;/mnt/d/Projects/GoldRush/docs/phase2-ingestion/data/treasury/raw/treasury-20260824T034935Z-page006.json;/mnt/d/Projects/GoldRush/docs/phase2-ingestion/data/treasury/raw/treasury-20260824T034935Z-page007.json;/mnt/d/Projects/GoldRush/docs/phase2-ingestion/data/treasury/raw/treasury-20260824T034935Z-page008.json;/mnt/d/Projects/GoldRush/docs/phase2-ingestion/data/treasury/raw/treasury-20260824T034935Z-page009.json;/mnt/d/Projects/GoldRush/docs/phase2-ingestion/data/treasury/raw/treasury-20260824T034935Z-page010.json;/mnt/d/Projects/GoldRush/docs/phase2-ingestion/data/treasury/raw/treasury-20260824T034935Z-page011.json;/mnt/d/Projects/GoldRush/docs/phase2-ingestion/data/treasury/raw/treasury-20260824T034935Z-page012.json;/mnt/d/Projects/GoldRush/docs/phase2-ingestion/data/treasury/raw/treasury-20260824T034935Z-page013.json;/mnt/d/Projects/GoldRush/docs/phase2-ingestion/data/treasury/raw/treasury-20260824T034935Z-page014.json;/mnt/d/Projects/GoldRush/docs/phase2-ingestion/data/treasury/raw/treasury-20260824T034935Z-page015.json;/mnt/d/Projects/GoldRush/docs/phase2-ingestion/data/treasury/raw/treasury-20260824T034935Z-page016.json,docs/phase2-ingestion/data/treasury/manifests/treasury-20260824T034935Z.manifest.json,16,cf284fd2186cebbd098b2823e2195f5af04c4bc8c7e75507d7dd4e8bf063fd5b,2026-08-24T03:49:35.808873+00:00,PASS,AVAILABLE,0.1.0
L4-009,2020-01-31,4602805.49820034,16720002.0960416,16711125.70919162,99.94691156855727,27.528737566905196,percent_of_marketable_treasury_debt,Positive dated marketable debt maturing after record date and within one calendar year / Total Marketable outstanding * 100,U.S. Treasury Fiscal Data — Monthly Statement of the Public Debt Table 3,https://api.fiscaldata.treasury.gov/services/api/fiscal_service/v1/debt/mspd/mspd_table_3_market,"{""fields"":""record_date,security_type_desc,security_class1_desc,maturity_date,outstanding_amt,src_line_nbr"",""filter"":""record_date:gte:1900-01-01"",""page[size]"":10000,""sort"":""record_date,src_line_nbr""}",/mnt/d/Projects/GoldRush/docs/phase2-ingestion/data/treasury/raw/treasury-20260824T034935Z-page001.json;/mnt/d/Projects/GoldRush/docs/phase2-ingestion/data/treasury/raw/treasury-20260824T034935Z-page002.json;/mnt/d/Projects/GoldRush/docs/phase2-ingestion/data/treasury/raw/treasury-20260824T034935Z-page003.json;/mnt/d/Projects/GoldRush/docs/phase2-ingestion/data/treasury/raw/treasury-20260824T034935Z-page004.json;/mnt/d/Projects/GoldRush/docs/phase2-ingestion/data/treasury/raw/treasury-20260824T034935Z-page005.json;/mnt/d/Projects/GoldRush/docs/phase2-ingestion/data/treasury/raw/treasury-20260824T034935Z-page006.json;/mnt/d/Projects/GoldRush/docs/phase2-ingestion/data/treasury/raw/treasury-20260824T034935Z-page007.json;/mnt/d/Projects/GoldRush/docs/phase2-ingestion/data/treasury/raw/treasury-20260824T034935Z-page008.json;/mnt/d/Projects/GoldRush/docs/phase2-ingestion/data/treasury/raw/treasury-20260824T034935Z-page009.json;/mnt/d/Projects/GoldRush/docs/phase2-ingestion/data/treasury/raw/treasury-20260824T034935Z-page010.json;/mnt/d/Projects/GoldRush/docs/phase2-ingestion/data/treasury/raw/treasury-20260824T034935Z-page011.json;/mnt/d/Projects/GoldRush/docs/phase2-ingestion/data/treasury/raw/treasury-20260824T034935Z-page012.json;/mnt/d/Projects/GoldRush/docs/phase2-ingestion/data/treasury/raw/treasury-20260824T034935Z-page013.json;/mnt/d/Projects/GoldRush/docs/phase2-ingestion/data/treasury/raw/treasury-20260824T034935Z-page014.json;/mnt/d/Projects/GoldRush/docs/phase2-ingestion/data/treasury/raw/treasury-20260824T034935Z-page015.json;/mnt/d/Projects/GoldRush/docs/phase2-ingestion/data/treasury/raw/treasury-20260824T034935Z-page016.json,docs/phase2-ingestion/data/treasury/manifests/treasury-20260824T034935Z.manifest.json,16,cf284fd2186cebbd098b2823e2195f5af04c4bc8c7e75507d7dd4e8bf063fd5b,2026-08-24T03:49:35.808873+00:00,PASS,AVAILABLE,0.1.0
L4-009,2020-02-29,4781288.33836662,16918525.2408973,16810825.6298473,99.3634219914768,28.26066852924491,percent_of_marketable_treasury_debt,Positive dated marketable debt maturing after record date and within one calendar year / Total Marketable outstanding * 100,U.S. Treasury Fiscal Data — Monthly Statement of the Public Debt Table 3,https://api.fiscaldata.treasury.gov/services/api/fiscal_service/v1/debt/mspd/mspd_table_3_market,"{""fields"":""record_date,security_type_desc,security_class1_desc,maturity_date,outstanding_amt,src_line_nbr"",""filter"":""record_date:gte:1900-01-01"",""page[size]"":10000,""sort"":""record_date,src_line_nbr""}",/mnt/d/Projects/GoldRush/docs/phase2-ingestion/data/treasury/raw/treasury-20260824T034935Z-page001.json;/mnt/d/Projects/GoldRush/docs/phase2-ingestion/data/treasury/raw/treasury-20260824T034935Z-page002.json;/mnt/d/Projects/GoldRush/docs/phase2-ingestion/data/treasury/raw/treasury-20260824T034935Z-page003.json;/mnt/d/Projects/GoldRush/docs/phase2-ingestion/data/treasury/raw/treasury-20260824T034935Z-page004.json;/mnt/d/Projects/GoldRush/docs/phase2-ingestion/data/treasury/raw/treasury-20260824T034935Z-page005.json;/mnt/d/Projects/GoldRush/docs/phase2-ingestion/data/treasury/raw/treasury-20260824T034935Z-page006.json;/mnt/d/Projects/GoldRush/docs/phase2-ingestion/data/treasury/raw/treasury-20260824T034935Z-page007.json;/mnt/d/Projects/GoldRush/docs/phase2-ingestion/data/treasury/raw/treasury-20260824T034935Z-page008.json;/mnt/d/Projects/GoldRush/docs/phase2-ingestion/data/treasury/raw/treasury-20260824T034935Z-page009.json;/mnt/d/Projects/GoldRush/docs/phase2-ingestion/data/treasury/raw/treasury-20260824T034935Z-page010.json;/mnt/d/Projects/GoldRush/docs/phase2-ingestion/data/treasury/raw/treasury-20260824T034935Z-page011.json;/mnt/d/Projects/GoldRush/docs/phase2-ingestion/data/treasury/raw/treasury-20260824T034935Z-page012.json;/mnt/d/Projects/GoldRush/docs/phase2-ingestion/data/treasury/raw/treasury-20260824T034935Z-page013.json;/mnt/d/Projects/GoldRush/docs/phase2-ingestion/data/treasury/raw/treasury-20260824T034935Z-page014.json;/mnt/d/Projects/GoldRush/docs/phase2-ingestion/data/treasury/raw/treasury-20260824T034935Z-page015.json;/mnt/d/Projects/GoldRush/docs/phase2-ingestion/data/treasury/raw/treasury-20260824T034935Z-page016.json,docs/phase2-ingestion/data/treasury/manifests/treasury-20260824T034935Z.manifest.json,16,cf284fd2186cebbd098b2823e2195f5af04c4bc8c7e75507d7dd4e8bf063fd5b,2026-08-24T03:49:35.808873+00:00,PASS,AVAILABLE,0.1.0
L4-009,2020-03-31,4890465.10099684,17162806.7526961,17153930.68434613,99.94828311896843,28.494553201378896,percent_of_marketable_treasury_debt,Positive dated marketable debt maturing after record date and within one calendar year / Total Marketable outstanding * 100,U.S. Treasury Fiscal Data — Monthly Statement of the Public Debt Table 3,https://api.fiscaldata.treasury.gov/services/api/fiscal_service/v1/debt/mspd/mspd_table_3_market,"{""fields"":""record_date,security_type_desc,security_class1_desc,maturity_date,outstanding_amt,src_line_nbr"",""filter"":""record_date:gte:1900-01-01"",""page[size]"":10000,""sort"":""record_date,src_line_nbr""}",/mnt/d/Projects/GoldRush/docs/phase2-ingestion/data/treasury/raw/treasury-20260824T034935Z-page001.json;/mnt/d/Projects/GoldRush/docs/phase2-ingestion/data/treasury/raw/treasury-20260824T034935Z-page002.json;/mnt/d/Projects/GoldRush/docs/phase2-ingestion/data/treasury/raw/treasury-20260824T034935Z-page003.json;/mnt/d/Projects/GoldRush/docs/phase2-ingestion/data/treasury/raw/treasury-20260824T034935Z-page004.json;/mnt/d/Projects/GoldRush/docs/phase2-ingestion/data/treasury/raw/treasury-20260824T034935Z-page005.json;/mnt/d/Projects/GoldRush/docs/phase2-ingestion/data/treasury/raw/treasury-20260824T034935Z-page006.json;/mnt/d/Projects/GoldRush/docs/phase2-ingestion/data/treasury/raw/treasury-20260824T034935Z-page007.json;/mnt/d/Projects/GoldRush/docs/phase2-ingestion/data/treasury/raw/treasury-20260824T034935Z-page008.json;/mnt/d/Projects/GoldRush/docs/phase2-ingestion/data/treasury/raw/treasury-20260824T034935Z-page009.json;/mnt/d/Projects/GoldRush/docs/phase2-ingestion/data/treasury/raw/treasury-20260824T034935Z-page010.json;/mnt/d/Projects/GoldRush/docs/phase2-ingestion/data/treasury/raw/treasury-20260824T034935Z-page011.json;/mnt/d/Projects/GoldRush/docs/phase2-ingestion/data/treasury/raw/treasury-20260824T034935Z-page012.json;/mnt/d/Projects/GoldRush/docs/phase2-ingestion/data/treasury/raw/treasury-20260824T034935Z-page013.json;/mnt/d/Projects/GoldRush/docs/phase2-ingestion/data/treasury/raw/treasury-20260824T034935Z-page014.json;/mnt/d/Projects/GoldRush/docs/phase2-ingestion/data/treasury/raw/treasury-20260824T034935Z-page015.json;/mnt/d/Projects/GoldRush/docs/phase2-ingestion/data/treasury/raw/treasury-20260824T034935Z-page016.json,docs/phase2-ingestion/data/treasury/manifests/treasury-20260824T034935Z.manifest.json,16,cf284fd2186cebbd098b2823e2195f5af04c4bc8c7e75507d7dd4e8bf063fd5b,2026-08-24T03:49:35.808873+00:00,PASS,AVAILABLE,0.1.0
L4-009,2020-04-30,6254103.82246589,18535604.0407677,18526727.98741766,99.95211349287287,33.741030552392296,percent_of_marketable_treasury_debt,Positive dated marketable debt maturing after record date and within one calendar year / Total Marketable outstanding * 100,U.S. Treasury Fiscal Data — Monthly Statement of the Public Debt Table 3,https://api.fiscaldata.treasury.gov/services/api/fiscal_service/v1/debt/mspd/mspd_table_3_market,"{""fields"":""record_date,security_type_desc,security_class1_desc,maturity_date,outstanding_amt,src_line_nbr"",""filter"":""record_date:gte:1900-01-01"",""page[size]"":10000,""sort"":""record_date,src_line_nbr""}",/mnt/d/Projects/GoldRush/docs/phase2-ingestion/data/treasury/raw/treasury-20260824T034935Z-page001.json;/mnt/d/Projects/GoldRush/docs/phase2-ingestion/data/treasury/raw/treasury-20260824T034935Z-page002.json;/mnt/d/Projects/GoldRush/docs/phase2-ingestion/data/treasury/raw/treasury-20260824T034935Z-page003.json;/mnt/d/Projects/GoldRush/docs/phase2-ingestion/data/treasury/raw/treasury-20260824T034935Z-page004.json;/mnt/d/Projects/GoldRush/docs/phase2-ingestion/data/treasury/raw/treasury-20260824T034935Z-page005.json;/mnt/d/Projects/GoldRush/docs/phase2-ingestion/data/treasury/raw/treasury-20260824T034935Z-page006.json;/mnt/d/Projects/GoldRush/docs/phase2-ingestion/data/treasury/raw/treasury-20260824T034935Z-page007.json;/mnt/d/Projects/GoldRush/docs/phase2-ingestion/data/treasury/raw/treasury-20260824T034935Z-page008.json;/mnt/d/Projects/GoldRush/docs/phase2-ingestion/data/treasury/raw/treasury-20260824T034935Z-page009.json;/mnt/d/Projects/GoldRush/docs/phase2-ingestion/data/treasury/raw/treasury-20260824T034935Z-page010.json;/mnt/d/Projects/GoldRush/docs/phase2-ingestion/data/treasury/raw/treasury-20260824T034935Z-page011.json;/mnt/d/Projects/GoldRush/docs/phase2-ingestion/data/treasury/raw/treasury-20260824T034935Z-page012.json;/mnt/d/Projects/GoldRush/docs/phase2-ingestion/data/treasury/raw/treasury-20260824T034935Z-page013.json;/mnt/d/Projects/GoldRush/docs/phase2-ingestion/data/treasury/raw/treasury-20260824T034935Z-page014.json;/mnt/d/Projects/GoldRush/docs/phase2-ingestion/data/treasury/raw/treasury-20260824T034935Z-page015.json;/mnt/d/Projects/GoldRush/docs/phase2-ingestion/data/treasury/raw/treasury-20260824T034935Z-page016.json,docs/phase2-ingestion/data/treasury/manifests/treasury-20260824T034935Z.manifest.json,16,cf284fd2186cebbd098b2823e2195f5af04c4bc8c7e75507d7dd4e8bf063fd5b,2026-08-24T03:49:35.808873+00:00,PASS,AVAILABLE,0.1.0
L4-009,2020-05-31,6901969.18346096,19232039.4394917,19120442.92364172,99.41973644448323,35.88786932959502,percent_of_marketable_treasury_debt,Positive dated marketable debt maturing after record date and within one calendar year / Total Marketable outstanding * 100,U.S. Treasury Fiscal Data — Monthly Statement of the Public Debt Table 3,https://api.fiscaldata.treasury.gov/services/api/fiscal_service/v1/debt/mspd/mspd_table_3_market,"{""fields"":""record_date,security_type_desc,security_class1_desc,maturity_date,outstanding_amt,src_line_nbr"",""filter"":""record_date:gte:1900-01-01"",""page[size]"":10000,""sort"":""record_date,src_line_nbr""}",/mnt/d/Projects/GoldRush/docs/phase2-ingestion/data/treasury/raw/treasury-20260824T034935Z-page001.json;/mnt/d/Projects/GoldRush/docs/phase2-ingestion/data/treasury/raw/treasury-20260824T034935Z-page002.json;/mnt/d/Projects/GoldRush/docs/phase2-ingestion/data/treasury/raw/treasury-20260824T034935Z-page003.json;/mnt/d/Projects/GoldRush/docs/phase2-ingestion/data/treasury/raw/treasury-20260824T034935Z-page004.json;/mnt/d/Projects/GoldRush/docs/phase2-ingestion/data/treasury/raw/treasury-20260824T034935Z-page005.json;/mnt/d/Projects/GoldRush/docs/phase2-ingestion/data/treasury/raw/treasury-20260824T034935Z-page006.json;/mnt/d/Projects/GoldRush/docs/phase2-ingestion/data/treasury/raw/treasury-20260824T034935Z-page007.json;/mnt/d/Projects/GoldRush/docs/phase2-ingestion/data/treasury/raw/treasury-20260824T034935Z-page008.json;/mnt/d/Projects/GoldRush/docs/phase2-ingestion/data/treasury/raw/treasury-20260824T034935Z-page009.json;/mnt/d/Projects/GoldRush/docs/phase2-ingestion/data/treasury/raw/treasury-20260824T034935Z-page010.json;/mnt/d/Projects/GoldRush/docs/phase2-ingestion/data/treasury/raw/treasury-20260824T034935Z-page011.json;/mnt/d/Projects/GoldRush/docs/phase2-ingestion/data/treasury/raw/treasury-20260824T034935Z-page012.json;/mnt/d/Projects/GoldRush/docs/phase2-ingestion/data/treasury/raw/treasury-20260824T034935Z-page013.json;/mnt/d/Projects/GoldRush/docs/phase2-ingestion/data/treasury/raw/treasury-20260824T034935Z-page014.json;/mnt/d/Projects/GoldRush/docs/phase2-ingestion/data/treasury/raw/treasury-20260824T034935Z-page015.json;/mnt/d/Projects/GoldRush/docs/phase2-ingestion/data/treasury/raw/treasury-20260824T034935Z-page016.json,docs/phase2-ingestion/data/treasury/manifests/treasury-20260824T034935Z.manifest.json,16,cf284fd2186cebbd098b2823e2195f5af04c4bc8c7e75507d7dd4e8bf063fd5b,2026-08-24T03:49:35.808873+00:00,PASS,AVAILABLE,0.1.0
L4-009,2020-06-30,7366827.0032318,19905964.9580984,19898636.28374844,99.96318352631793,37.00813810703878,percent_of_marketable_treasury_debt,Positive dated marketable debt maturing after record date and within one calendar year / Total Marketable outstanding * 100,U.S. Treasury Fiscal Data — Monthly Statement of the Public Debt Table 3,https://api.fiscaldata.treasury.gov/services/api/fiscal_service/v1/debt/mspd/mspd_table_3_market,"{""fields"":""record_date,security_type_desc,security_class1_desc,maturity_date,outstanding_amt,src_line_nbr"",""filter"":""record_date:gte:1900-01-01"",""page[size]"":10000,""sort"":""record_date,src_line_nbr""}",/mnt/d/Projects/GoldRush/docs/phase2-ingestion/data/treasury/raw/treasury-20260824T034935Z-page001.json;/mnt/d/Projects/GoldRush/docs/phase2-ingestion/data/treasury/raw/treasury-20260824T034935Z-page002.json;/mnt/d/Projects/GoldRush/docs/phase2-ingestion/data/treasury/raw/treasury-20260824T034935Z-page003.json;/mnt/d/Projects/GoldRush/docs/phase2-ingestion/data/treasury/raw/treasury-20260824T034935Z-page004.json;/mnt/d/Projects/GoldRush/docs/phase2-ingestion/data/treasury/raw/treasury-20260824T034935Z-page005.json;/mnt/d/Projects/GoldRush/docs/phase2-ingestion/data/treasury/raw/treasury-20260824T034935Z-page006.json;/mnt/d/Projects/GoldRush/docs/phase2-ingestion/data/treasury/raw/treasury-20260824T034935Z-page007.json;/mnt/d/Projects/GoldRush/docs/phase2-ingestion/data/treasury/raw/treasury-20260824T034935Z-page008.json;/mnt/d/Projects/GoldRush/docs/phase2-ingestion/data/treasury/raw/treasury-20260824T034935Z-page009.json;/mnt/d/Projects/GoldRush/docs/phase2-ingestion/data/treasury/raw/treasury-20260824T034935Z-page010.json;/mnt/d/Projects/GoldRush/docs/phase2-ingestion/data/treasury/raw/treasury-20260824T034935Z-page011.json;/mnt/d/Projects/GoldRush/docs/phase2-ingestion/data/treasury/raw/treasury-20260824T034935Z-page012.json;/mnt/d/Projects/GoldRush/docs/phase2-ingestion/data/treasury/raw/treasury-20260824T034935Z-page013.json;/mnt/d/Projects/GoldRush/docs/phase2-ingestion/data/treasury/raw/treasury-20260824T034935Z-page014.json;/mnt/d/Projects/GoldRush/docs/phase2-ingestion/data/treasury/raw/treasury-20260824T034935Z-page015.json;/mnt/d/Projects/GoldRush/docs/phase2-ingestion/data/treasury/raw/treasury-20260824T034935Z-page016.json,docs/phase2-ingestion/data/treasury/manifests/treasury-20260824T034935Z.manifest.json,16,cf284fd2186cebbd098b2823e2195f5af04c4bc8c7e75507d7dd4e8bf063fd5b,2026-08-24T03:49:35.808873+00:00,PASS,AVAILABLE,0.1.0
L4-009,2020-07-31,7386097.53192888,20007863.9447583,20000535.30640834,99.96337121058903,36.91597240126128,percent_of_marketable_treasury_debt,Positive dated marketable debt maturing after record date and within one calendar year / Total Marketable outstanding * 100,U.S. Treasury Fiscal Data — Monthly Statement of the Public Debt Table 3,https://api.fiscaldata.treasury.gov/services/api/fiscal_service/v1/debt/mspd/mspd_table_3_market,"{""fields"":""record_date,security_type_desc,security_class1_desc,maturity_date,outstanding_amt,src_line_nbr"",""filter"":""record_date:gte:1900-01-01"",""page[size]"":10000,""sort"":""record_date,src_line_nbr""}",/mnt/d/Projects/GoldRush/docs/phase2-ingestion/data/treasury/raw/treasury-20260824T034935Z-page001.json;/mnt/d/Projects/GoldRush/docs/phase2-ingestion/data/treasury/raw/treasury-20260824T034935Z-page002.json;/mnt/d/Projects/GoldRush/docs/phase2-ingestion/data/treasury/raw/treasury-20260824T034935Z-page003.json;/mnt/d/Projects/GoldRush/docs/phase2-ingestion/data/treasury/raw/treasury-20260824T034935Z-page004.json;/mnt/d/Projects/GoldRush/docs/phase2-ingestion/data/treasury/raw/treasury-20260824T034935Z-page005.json;/mnt/d/Projects/GoldRush/docs/phase2-ingestion/data/treasury/raw/treasury-20260824T034935Z-page006.json;/mnt/d/Projects/GoldRush/docs/phase2-ingestion/data/treasury/raw/treasury-20260824T034935Z-page007.json;/mnt/d/Projects/GoldRush/docs/phase2-ingestion/data/treasury/raw/treasury-20260824T034935Z-page008.json;/mnt/d/Projects/GoldRush/docs/phase2-ingestion/data/treasury/raw/treasury-20260824T034935Z-page009.json;/mnt/d/Projects/GoldRush/docs/phase2-ingestion/data/treasury/raw/treasury-20260824T034935Z-page010.json;/mnt/d/Projects/GoldRush/docs/phase2-ingestion/data/treasury/raw/treasury-20260824T034935Z-page011.json;/mnt/d/Projects/GoldRush/docs/phase2-ingestion/data/treasury/raw/treasury-20260824T034935Z-page012.json;/mnt/d/Projects/GoldRush/docs/phase2-ingestion/data/treasury/raw/treasury-20260824T034935Z-page013.json;/mnt/d/Projects/GoldRush/docs/phase2-ingestion/data/treasury/raw/treasury-20260824T034935Z-page014.json;/mnt/d/Projects/GoldRush/docs/phase2-ingestion/data/treasury/raw/treasury-20260824T034935Z-page015.json;/mnt/d/Projects/GoldRush/docs/phase2-ingestion/data/treasury/raw/treasury-20260824T034935Z-page016.json,docs/phase2-ingestion/data/treasury/manifests/treasury-20260824T034935Z.manifest.json,16,cf284fd2186cebbd098b2823e2195f5af04c4bc8c7e75507d7dd4e8bf063fd5b,2026-08-24T03:49:35.808873+00:00,PASS,AVAILABLE,0.1.0
L4-009,2020-08-31,7391251.49183478,20190746.3707545,20183417.85890456,99.9637036109742,36.607123660077846,percent_of_marketable_treasury_debt,Positive dated marketable debt maturing after record date and within one calendar year / Total Marketable outstanding * 100,U.S. Treasury Fiscal Data — Monthly Statement of the Public Debt Table 3,https://api.fiscaldata.treasury.gov/services/api/fiscal_service/v1/debt/mspd/mspd_table_3_market,"{""fields"":""record_date,security_type_desc,security_class1_desc,maturity_date,outstanding_amt,src_line_nbr"",""filter"":""record_date:gte:1900-01-01"",""page[size]"":10000,""sort"":""record_date,src_line_nbr""}",/mnt/d/Projects/GoldRush/docs/phase2-ingestion/data/treasury/raw/treasury-20260824T034935Z-page001.json;/mnt/d/Projects/GoldRush/docs/phase2-ingestion/data/treasury/raw/treasury-20260824T034935Z-page002.json;/mnt/d/Projects/GoldRush/docs/phase2-ingestion/data/treasury/raw/treasury-20260824T034935Z-page003.json;/mnt/d/Projects/GoldRush/docs/phase2-ingestion/data/treasury/raw/treasury-20260824T034935Z-page004.json;/mnt/d/Projects/GoldRush/docs/phase2-ingestion/data/treasury/raw/treasury-20260824T034935Z-page005.json;/mnt/d/Projects/GoldRush/docs/phase2-ingestion/data/treasury/raw/treasury-20260824T034935Z-page006.json;/mnt/d/Projects/GoldRush/docs/phase2-ingestion/data/treasury/raw/treasury-20260824T034935Z-page007.json;/mnt/d/Projects/GoldRush/docs/phase2-ingestion/data/treasury/raw/treasury-20260824T034935Z-page008.json;/mnt/d/Projects/GoldRush/docs/phase2-ingestion/data/treasury/raw/treasury-20260824T034935Z-page009.json;/mnt/d/Projects/GoldRush/docs/phase2-ingestion/data/treasury/raw/treasury-20260824T034935Z-page010.json;/mnt/d/Projects/GoldRush/docs/phase2-ingestion/data/treasury/raw/treasury-20260824T034935Z-page011.json;/mnt/d/Projects/GoldRush/docs/phase2-ingestion/data/treasury/raw/treasury-20260824T034935Z-page012.json;/mnt/d/Projects/GoldRush/docs/phase2-ingestion/data/treasury/raw/treasury-20260824T034935Z-page013.json;/mnt/d/Projects/GoldRush/docs/phase2-ingestion/data/treasury/raw/treasury-20260824T034935Z-page014.json;/mnt/d/Projects/GoldRush/docs/phase2-ingestion/data/treasury/raw/treasury-20260824T034935Z-page015.json;/mnt/d/Projects/GoldRush/docs/phase2-ingestion/data/treasury/raw/treasury-20260824T034935Z-page016.json,docs/phase2-ingestion/data/treasury/manifests/treasury-20260824T034935Z.manifest.json,16,cf284fd2186cebbd098b2823e2195f5af04c4bc8c7e75507d7dd4e8bf063fd5b,2026-08-24T03:49:35.808873+00:00,PASS,AVAILABLE,0.1.0
L4-009,2020-09-30,7363356.57510397,20374940.4466181,20367611.9347681,99.9640317385506,36.139279004990485,percent_of_marketable_treasury_debt,Positive dated marketable debt maturing after record date and within one calendar year / Total Marketable outstanding * 100,U.S. Treasury Fiscal Data — Monthly Statement of the Public Debt Table 3,https://api.fiscaldata.treasury.gov/services/api/fiscal_service/v1/debt/mspd/mspd_table_3_market,"{""fields"":""record_date,security_type_desc,security_class1_desc,maturity_date,outstanding_amt,src_line_nbr"",""filter"":""record_date:gte:1900-01-01"",""page[size]"":10000,""sort"":""record_date,src_line_nbr""}",/mnt/d/Projects/GoldRush/docs/phase2-ingestion/data/treasury/raw/treasury-20260824T034935Z-page001.json;/mnt/d/Projects/GoldRush/docs/phase2-ingestion/data/treasury/raw/treasury-20260824T034935Z-page002.json;/mnt/d/Projects/GoldRush/docs/phase2-ingestion/data/treasury/raw/treasury-20260824T034935Z-page003.json;/mnt/d/Projects/GoldRush/docs/phase2-ingestion/data/treasury/raw/treasury-20260824T034935Z-page004.json;/mnt/d/Projects/GoldRush/docs/phase2-ingestion/data/treasury/raw/treasury-20260824T034935Z-page005.json;/mnt/d/Projects/GoldRush/docs/phase2-ingestion/data/treasury/raw/treasury-20260824T034935Z-page006.json;/mnt/d/Projects/GoldRush/docs/phase2-ingestion/data/treasury/raw/treasury-20260824T034935Z-page007.json;/mnt/d/Projects/GoldRush/docs/phase2-ingestion/data/treasury/raw/treasury-20260824T034935Z-page008.json;/mnt/d/Projects/GoldRush/docs/phase2-ingestion/data/treasury/raw/treasury-20260824T034935Z-page009.json;/mnt/d/Projects/GoldRush/docs/phase2-ingestion/data/treasury/raw/treasury-20260824T034935Z-page010.json;/mnt/d/Projects/GoldRush/docs/phase2-ingestion/data/treasury/raw/treasury-20260824T034935Z-page011.json;/mnt/d/Projects/GoldRush/docs/phase2-ingestion/data/treasury/raw/treasury-20260824T034935Z-page012.json;/mnt/d/Projects/GoldRush/docs/phase2-ingestion/data/treasury/raw/treasury-20260824T034935Z-page013.json;/mnt/d/Projects/GoldRush/docs/phase2-ingestion/data/treasury/raw/treasury-20260824T034935Z-page014.json;/mnt/d/Projects/GoldRush/docs/phase2-ingestion/data/treasury/raw/treasury-20260824T034935Z-page015.json;/mnt/d/Projects/GoldRush/docs/phase2-ingestion/data/treasury/raw/treasury-20260824T034935Z-page016.json,docs/phase2-ingestion/data/treasury/manifests/treasury-20260824T034935Z.manifest.json,16,cf284fd2186cebbd098b2823e2195f5af04c4bc8c7e75507d7dd4e8bf063fd5b,2026-08-24T03:49:35.808873+00:00,PASS,AVAILABLE,0.1.0
L4-009,2020-10-31,7340983.43630044,20442226.958152,20276323.51795202,99.18842775525579,35.91087923702454,percent_of_marketable_treasury_debt,Positive dated marketable debt maturing after record date and within one calendar year / Total Marketable outstanding * 100,U.S. Treasury Fiscal Data — Monthly Statement of the Public Debt Table 3,https://api.fiscaldata.treasury.gov/services/api/fiscal_service/v1/debt/mspd/mspd_table_3_market,"{""fields"":""record_date,security_type_desc,security_class1_desc,maturity_date,outstanding_amt,src_line_nbr"",""filter"":""record_date:gte:1900-01-01"",""page[size]"":10000,""sort"":""record_date,src_line_nbr""}",/mnt/d/Projects/GoldRush/docs/phase2-ingestion/data/treasury/raw/treasury-20260824T034935Z-page001.json;/mnt/d/Projects/GoldRush/docs/phase2-ingestion/data/treasury/raw/treasury-20260824T034935Z-page002.json;/mnt/d/Projects/GoldRush/docs/phase2-ingestion/data/treasury/raw/treasury-20260824T034935Z-page003.json;/mnt/d/Projects/GoldRush/docs/phase2-ingestion/data/treasury/raw/treasury-20260824T034935Z-page004.json;/mnt/d/Projects/GoldRush/docs/phase2-ingestion/data/treasury/raw/treasury-20260824T034935Z-page005.json;/mnt/d/Projects/GoldRush/docs/phase2-ingestion/data/treasury/raw/treasury-20260824T034935Z-page006.json;/mnt/d/Projects/GoldRush/docs/phase2-ingestion/data/treasury/raw/treasury-20260824T034935Z-page007.json;/mnt/d/Projects/GoldRush/docs/phase2-ingestion/data/treasury/raw/treasury-20260824T034935Z-page008.json;/mnt/d/Projects/GoldRush/docs/phase2-ingestion/data/treasury/raw/treasury-20260824T034935Z-page009.json;/mnt/d/Projects/GoldRush/docs/phase2-ingestion/data/treasury/raw/treasury-20260824T034935Z-page010.json;/mnt/d/Projects/GoldRush/docs/phase2-ingestion/data/treasury/raw/treasury-20260824T034935Z-page011.json;/mnt/d/Projects/GoldRush/docs/phase2-ingestion/data/treasury/raw/treasury-20260824T034935Z-page012.json;/mnt/d/Projects/GoldRush/docs/phase2-ingestion/data/treasury/raw/treasury-20260824T034935Z-page013.json;/mnt/d/Projects/GoldRush/docs/phase2-ingestion/data/treasury/raw/treasury-20260824T034935Z-page014.json;/mnt/d/Projects/GoldRush/docs/phase2-ingestion/data/treasury/raw/treasury-20260824T034935Z-page015.json;/mnt/d/Projects/GoldRush/docs/phase2-ingestion/data/treasury/raw/treasury-20260824T034935Z-page016.json,docs/phase2-ingestion/data/treasury/manifests/treasury-20260824T034935Z.manifest.json,16,cf284fd2186cebbd098b2823e2195f5af04c4bc8c7e75507d7dd4e8bf063fd5b,2026-08-24T03:49:35.808873+00:00,PASS,AVAILABLE,0.1.0
L4-009,2020-11-30,7353826.72897336,20692409.6782572,20685081.34795724,99.96458445191301,35.538764422881506,percent_of_marketable_treasury_debt,Positive dated marketable debt maturing after record date and within one calendar year / Total Marketable outstanding * 100,U.S. Treasury Fiscal Data — Monthly Statement of the Public Debt Table 3,https://api.fiscaldata.treasury.gov/services/api/fiscal_service/v1/debt/mspd/mspd_table_3_market,"{""fields"":""record_date,security_type_desc,security_class1_desc,maturity_date,outstanding_amt,src_line_nbr"",""filter"":""record_date:gte:1900-01-01"",""page[size]"":10000,""sort"":""record_date,src_line_nbr""}",/mnt/d/Projects/GoldRush/docs/phase2-ingestion/data/treasury/raw/treasury-20260824T034935Z-page001.json;/mnt/d/Projects/GoldRush/docs/phase2-ingestion/data/treasury/raw/treasury-20260824T034935Z-page002.json;/mnt/d/Projects/GoldRush/docs/phase2-ingestion/data/treasury/raw/treasury-20260824T034935Z-page003.json;/mnt/d/Projects/GoldRush/docs/phase2-ingestion/data/treasury/raw/treasury-20260824T034935Z-page004.json;/mnt/d/Projects/GoldRush/docs/phase2-ingestion/data/treasury/raw/treasury-20260824T034935Z-page005.json;/mnt/d/Projects/GoldRush/docs/phase2-ingestion/data/treasury/raw/treasury-20260824T034935Z-page006.json;/mnt/d/Projects/GoldRush/docs/phase2-ingestion/data/treasury/raw/treasury-20260824T034935Z-page007.json;/mnt/d/Projects/GoldRush/docs/phase2-ingestion/data/treasury/raw/treasury-20260824T034935Z-page008.json;/mnt/d/Projects/GoldRush/docs/phase2-ingestion/data/treasury/raw/treasury-20260824T034935Z-page009.json;/mnt/d/Projects/GoldRush/docs/phase2-ingestion/data/treasury/raw/treasury-20260824T034935Z-page010.json;/mnt/d/Projects/GoldRush/docs/phase2-ingestion/data/treasury/raw/treasury-20260824T034935Z-page011.json;/mnt/d/Projects/GoldRush/docs/phase2-ingestion/data/treasury/raw/treasury-20260824T034935Z-page012.json;/mnt/d/Projects/GoldRush/docs/phase2-ingestion/data/treasury/raw/treasury-20260824T034935Z-page013.json;/mnt/d/Projects/GoldRush/docs/phase2-ingestion/data/treasury/raw/treasury-20260824T034935Z-page014.json;/mnt/d/Projects/GoldRush/docs/phase2-ingestion/data/treasury/raw/treasury-20260824T034935Z-page015.json;/mnt/d/Projects/GoldRush/docs/phase2-ingestion/data/treasury/raw/treasury-20260824T034935Z-page016.json,docs/phase2-ingestion/data/treasury/manifests/treasury-20260824T034935Z.manifest.json,16,cf284fd2186cebbd098b2823e2195f5af04c4bc8c7e75507d7dd4e8bf063fd5b,2026-08-24T03:49:35.808873+00:00,PASS,AVAILABLE,0.1.0
L4-009,2020-12-31,7395655.62355117,20980391.280196,20973063.036896,99.965070988419,35.2503226693019,percent_of_marketable_treasury_debt,Positive dated marketable debt maturing after record date and within one calendar year / Total Marketable outstanding * 100,U.S. Treasury Fiscal Data — Monthly Statement of the Public Debt Table 3,https://api.fiscaldata.treasury.gov/services/api/fiscal_service/v1/debt/mspd/mspd_table_3_market,"{""fields"":""record_date,security_type_desc,security_class1_desc,maturity_date,outstanding_amt,src_line_nbr"",""filter"":""record_date:gte:1900-01-01"",""page[size]"":10000,""sort"":""record_date,src_line_nbr""}",/mnt/d/Projects/GoldRush/docs/phase2-ingestion/data/treasury/raw/treasury-20260824T034935Z-page001.json;/mnt/d/Projects/GoldRush/docs/phase2-ingestion/data/treasury/raw/treasury-20260824T034935Z-page002.json;/mnt/d/Projects/GoldRush/docs/phase2-ingestion/data/treasury/raw/treasury-20260824T034935Z-page003.json;/mnt/d/Projects/GoldRush/docs/phase2-ingestion/data/treasury/raw/treasury-20260824T034935Z-page004.json;/mnt/d/Projects/GoldRush/docs/phase2-ingestion/data/treasury/raw/treasury-20260824T034935Z-page005.json;/mnt/d/Projects/GoldRush/docs/phase2-ingestion/data/treasury/raw/treasury-20260824T034935Z-page006.json;/mnt/d/Projects/GoldRush/docs/phase2-ingestion/data/treasury/raw/treasury-20260824T034935Z-page007.json;/mnt/d/Projects/GoldRush/docs/phase2-ingestion/data/treasury/raw/treasury-20260824T034935Z-page008.json;/mnt/d/Projects/GoldRush/docs/phase2-ingestion/data/treasury/raw/treasury-20260824T034935Z-page009.json;/mnt/d/Projects/GoldRush/docs/phase2-ingestion/data/treasury/raw/treasury-20260824T034935Z-page010.json;/mnt/d/Projects/GoldRush/docs/phase2-ingestion/data/treasury/raw/treasury-20260824T034935Z-page011.json;/mnt/d/Projects/GoldRush/docs/phase2-ingestion/data/treasury/raw/treasury-20260824T034935Z-page012.json;/mnt/d/Projects/GoldRush/docs/phase2-ingestion/data/treasury/raw/treasury-20260824T034935Z-page013.json;/mnt/d/Projects/GoldRush/docs/phase2-ingestion/data/treasury/raw/treasury-20260824T034935Z-page014.json;/mnt/d/Projects/GoldRush/docs/phase2-ingestion/data/treasury/raw/treasury-20260824T034935Z-page015.json;/mnt/d/Projects/GoldRush/docs/phase2-ingestion/data/treasury/raw/treasury-20260824T034935Z-page016.json,docs/phase2-ingestion/data/treasury/manifests/treasury-20260824T034935Z.manifest.json,16,cf284fd2186cebbd098b2823e2195f5af04c4bc8c7e75507d7dd4e8bf063fd5b,2026-08-24T03:49:35.808873+00:00,PASS,AVAILABLE,0.1.0
L4-009,2021-01-31,7410124.38303894,21048965.4695571,20881006.24725708,99.20205473973085,35.204221289431665,percent_of_marketable_treasury_debt,Positive dated marketable debt maturing after record date and within one calendar year / Total Marketable outstanding * 100,U.S. Treasury Fiscal Data — Monthly Statement of the Public Debt Table 3,https://api.fiscaldata.treasury.gov/services/api/fiscal_service/v1/debt/mspd/mspd_table_3_market,"{""fields"":""record_date,security_type_desc,security_class1_desc,maturity_date,outstanding_amt,src_line_nbr"",""filter"":""record_date:gte:1900-01-01"",""page[size]"":10000,""sort"":""record_date,src_line_nbr""}",/mnt/d/Projects/GoldRush/docs/phase2-ingestion/data/treasury/raw/treasury-20260824T034935Z-page001.json;/mnt/d/Projects/GoldRush/docs/phase2-ingestion/data/treasury/raw/treasury-20260824T034935Z-page002.json;/mnt/d/Projects/GoldRush/docs/phase2-ingestion/data/treasury/raw/treasury-20260824T034935Z-page003.json;/mnt/d/Projects/GoldRush/docs/phase2-ingestion/data/treasury/raw/treasury-20260824T034935Z-page004.json;/mnt/d/Projects/GoldRush/docs/phase2-ingestion/data/treasury/raw/treasury-20260824T034935Z-page005.json;/mnt/d/Projects/GoldRush/docs/phase2-ingestion/data/treasury/raw/treasury-20260824T034935Z-page006.json;/mnt/d/Projects/GoldRush/docs/phase2-ingestion/data/treasury/raw/treasury-20260824T034935Z-page007.json;/mnt/d/Projects/GoldRush/docs/phase2-ingestion/data/treasury/raw/treasury-20260824T034935Z-page008.json;/mnt/d/Projects/GoldRush/docs/phase2-ingestion/data/treasury/raw/treasury-20260824T034935Z-page009.json;/mnt/d/Projects/GoldRush/docs/phase2-ingestion/data/treasury/raw/treasury-20260824T034935Z-page010.json;/mnt/d/Projects/GoldRush/docs/phase2-ingestion/data/treasury/raw/treasury-20260824T034935Z-page011.json;/mnt/d/Projects/GoldRush/docs/phase2-ingestion/data/treasury/raw/treasury-20260824T034935Z-page012.json;/mnt/d/Projects/GoldRush/docs/phase2-ingestion/data/treasury/raw/treasury-20260824T034935Z-page013.json;/mnt/d/Projects/GoldRush/docs/phase2-ingestion/data/treasury/raw/treasury-20260824T034935Z-page014.json;/mnt/d/Projects/GoldRush/docs/phase2-ingestion/data/treasury/raw/treasury-20260824T034935Z-page015.json;/mnt/d/Projects/GoldRush/docs/phase2-ingestion/data/treasury/raw/treasury-20260824T034935Z-page016.json,docs/phase2-ingestion/data/treasury/manifests/treasury-20260824T034935Z.manifest.json,16,cf284fd2186cebbd098b2823e2195f5af04c4bc8c7e75507d7dd4e8bf063fd5b,2026-08-24T03:49:35.808873+00:00,PASS,AVAILABLE,0.1.0
L4-009,2021-02-28,7324451.45052093,21158519.8774174,21034791.21976745,99.41523008997427,34.61703130916239,percent_of_marketable_treasury_debt,Positive dated marketable debt maturing after record date and within one calendar year / Total Marketable outstanding * 100,U.S. Treasury Fiscal Data — Monthly Statement of the Public Debt Table 3,https://api.fiscaldata.treasury.gov/services/api/fiscal_service/v1/debt/mspd/mspd_table_3_market,"{""fields"":""record_date,security_type_desc,security_class1_desc,maturity_date,outstanding_amt,src_line_nbr"",""filter"":""record_date:gte:1900-01-01"",""page[size]"":10000,""sort"":""record_date,src_line_nbr""}",/mnt/d/Projects/GoldRush/docs/phase2-ingestion/data/treasury/raw/treasury-20260824T034935Z-page001.json;/mnt/d/Projects/GoldRush/docs/phase2-ingestion/data/treasury/raw/treasury-20260824T034935Z-page002.json;/mnt/d/Projects/GoldRush/docs/phase2-ingestion/data/treasury/raw/treasury-20260824T034935Z-page003.json;/mnt/d/Projects/GoldRush/docs/phase2-ingestion/data/treasury/raw/treasury-20260824T034935Z-page004.json;/mnt/d/Projects/GoldRush/docs/phase2-ingestion/data/treasury/raw/treasury-20260824T034935Z-page005.json;/mnt/d/Projects/GoldRush/docs/phase2-ingestion/data/treasury/raw/treasury-20260824T034935Z-page006.json;/mnt/d/Projects/GoldRush/docs/phase2-ingestion/data/treasury/raw/treasury-20260824T034935Z-page007.json;/mnt/d/Projects/GoldRush/docs/phase2-ingestion/data/treasury/raw/treasury-20260824T034935Z-page008.json;/mnt/d/Projects/GoldRush/docs/phase2-ingestion/data/treasury/raw/treasury-20260824T034935Z-page009.json;/mnt/d/Projects/GoldRush/docs/phase2-ingestion/data/treasury/raw/treasury-20260824T034935Z-page010.json;/mnt/d/Projects/GoldRush/docs/phase2-ingestion/data/treasury/raw/treasury-20260824T034935Z-page011.json;/mnt/d/Projects/GoldRush/docs/phase2-ingestion/data/treasury/raw/treasury-20260824T034935Z-page012.json;/mnt/d/Projects/GoldRush/docs/phase2-ingestion/data/treasury/raw/treasury-20260824T034935Z-page013.json;/mnt/d/Projects/GoldRush/docs/phase2-ingestion/data/treasury/raw/treasury-20260824T034935Z-page014.json;/mnt/d/Projects/GoldRush/docs/phase2-ingestion/data/treasury/raw/treasury-20260824T034935Z-page015.json;/mnt/d/Projects/GoldRush/docs/phase2-ingestion/data/treasury/raw/treasury-20260824T034935Z-page016.json,docs/phase2-ingestion/data/treasury/manifests/treasury-20260824T034935Z.manifest.json,16,cf284fd2186cebbd098b2823e2195f5af04c4bc8c7e75507d7dd4e8bf063fd5b,2026-08-24T03:49:35.808873+00:00,PASS,AVAILABLE,0.1.0
L4-009,2021-03-31,7146431.7784046,21388099.9615609,21380771.79131095,99.96573716102355,33.413121274205295,percent_of_marketable_treasury_debt,Positive dated marketable debt maturing after record date and within one calendar year / Total Marketable outstanding * 100,U.S. Treasury Fiscal Data — Monthly Statement of the Public Debt Table 3,https://api.fiscaldata.treasury.gov/services/api/fiscal_service/v1/debt/mspd/mspd_table_3_market,"{""fields"":""record_date,security_type_desc,security_class1_desc,maturity_date,outstanding_amt,src_line_nbr"",""filter"":""record_date:gte:1900-01-01"",""page[size]"":10000,""sort"":""record_date,src_line_nbr""}",/mnt/d/Projects/GoldRush/docs/phase2-ingestion/data/treasury/raw/treasury-20260824T034935Z-page001.json;/mnt/d/Projects/GoldRush/docs/phase2-ingestion/data/treasury/raw/treasury-20260824T034935Z-page002.json;/mnt/d/Projects/GoldRush/docs/phase2-ingestion/data/treasury/raw/treasury-20260824T034935Z-page003.json;/mnt/d/Projects/GoldRush/docs/phase2-ingestion/data/treasury/raw/treasury-20260824T034935Z-page004.json;/mnt/d/Projects/GoldRush/docs/phase2-ingestion/data/treasury/raw/treasury-20260824T034935Z-page005.json;/mnt/d/Projects/GoldRush/docs/phase2-ingestion/data/treasury/raw/treasury-20260824T034935Z-page006.json;/mnt/d/Projects/GoldRush/docs/phase2-ingestion/data/treasury/raw/treasury-20260824T034935Z-page007.json;/mnt/d/Projects/GoldRush/docs/phase2-ingestion/data/treasury/raw/treasury-20260824T034935Z-page008.json;/mnt/d/Projects/GoldRush/docs/phase2-ingestion/data/treasury/raw/treasury-20260824T034935Z-page009.json;/mnt/d/Projects/GoldRush/docs/phase2-ingestion/data/treasury/raw/treasury-20260824T034935Z-page010.json;/mnt/d/Projects/GoldRush/docs/phase2-ingestion/data/treasury/raw/treasury-20260824T034935Z-page011.json;/mnt/d/Projects/GoldRush/docs/phase2-ingestion/data/treasury/raw/treasury-20260824T034935Z-page012.json;/mnt/d/Projects/GoldRush/docs/phase2-ingestion/data/treasury/raw/treasury-20260824T034935Z-page013.json;/mnt/d/Projects/GoldRush/docs/phase2-ingestion/data/treasury/raw/treasury-20260824T034935Z-page014.json;/mnt/d/Projects/GoldRush/docs/phase2-ingestion/data/treasury/raw/treasury-20260824T034935Z-page015.json;/mnt/d/Projects/GoldRush/docs/phase2-ingestion/data/treasury/raw/treasury-20260824T034935Z-page016.json,docs/phase2-ingestion/data/treasury/manifests/treasury-20260824T034935Z.manifest.json,16,cf284fd2186cebbd098b2823e2195f5af04c4bc8c7e75507d7dd4e8bf063fd5b,2026-08-24T03:49:35.808873+00:00,PASS,AVAILABLE,0.1.0
L4-009,2021-04-30,7030930.65095754,21456853.9355273,21449525.82627728,99.96584723337335,32.76776116425922,percent_of_marketable_treasury_debt,Positive dated marketable debt maturing after record date and within one calendar year / Total Marketable outstanding * 100,U.S. Treasury Fiscal Data — Monthly Statement of the Public Debt Table 3,https://api.fiscaldata.treasury.gov/services/api/fiscal_service/v1/debt/mspd/mspd_table_3_market,"{""fields"":""record_date,security_type_desc,security_class1_desc,maturity_date,outstanding_amt,src_line_nbr"",""filter"":""record_date:gte:1900-01-01"",""page[size]"":10000,""sort"":""record_date,src_line_nbr""}",/mnt/d/Projects/GoldRush/docs/phase2-ingestion/data/treasury/raw/treasury-20260824T034935Z-page001.json;/mnt/d/Projects/GoldRush/docs/phase2-ingestion/data/treasury/raw/treasury-20260824T034935Z-page002.json;/mnt/d/Projects/GoldRush/docs/phase2-ingestion/data/treasury/raw/treasury-20260824T034935Z-page003.json;/mnt/d/Projects/GoldRush/docs/phase2-ingestion/data/treasury/raw/treasury-20260824T034935Z-page004.json;/mnt/d/Projects/GoldRush/docs/phase2-ingestion/data/treasury/raw/treasury-20260824T034935Z-page005.json;/mnt/d/Projects/GoldRush/docs/phase2-ingestion/data/treasury/raw/treasury-20260824T034935Z-page006.json;/mnt/d/Projects/GoldRush/docs/phase2-ingestion/data/treasury/raw/treasury-20260824T034935Z-page007.json;/mnt/d/Projects/GoldRush/docs/phase2-ingestion/data/treasury/raw/treasury-20260824T034935Z-page008.json;/mnt/d/Projects/GoldRush/docs/phase2-ingestion/data/treasury/raw/treasury-20260824T034935Z-page009.json;/mnt/d/Projects/GoldRush/docs/phase2-ingestion/data/treasury/raw/treasury-20260824T034935Z-page010.json;/mnt/d/Projects/GoldRush/docs/phase2-ingestion/data/treasury/raw/treasury-20260824T034935Z-page011.json;/mnt/d/Projects/GoldRush/docs/phase2-ingestion/data/treasury/raw/treasury-20260824T034935Z-page012.json;/mnt/d/Projects/GoldRush/docs/phase2-ingestion/data/treasury/raw/treasury-20260824T034935Z-page013.json;/mnt/d/Projects/GoldRush/docs/phase2-ingestion/data/treasury/raw/treasury-20260824T034935Z-page014.json;/mnt/d/Projects/GoldRush/docs/phase2-ingestion/data/treasury/raw/treasury-20260824T034935Z-page015.json;/mnt/d/Projects/GoldRush/docs/phase2-ingestion/data/treasury/raw/treasury-20260824T034935Z-page016.json,docs/phase2-ingestion/data/treasury/manifests/treasury-20260824T034935Z.manifest.json,16,cf284fd2186cebbd098b2823e2195f5af04c4bc8c7e75507d7dd4e8bf063fd5b,2026-08-24T03:49:35.808873+00:00,PASS,AVAILABLE,0.1.0
L4-009,2021-05-31,6874054.4377353,21421327.0875936,21298120.24484364,99.42484029002425,32.08976927352221,percent_of_marketable_treasury_debt,Positive dated marketable debt maturing after record date and within one calendar year / Total Marketable outstanding * 100,U.S. Treasury Fiscal Data — Monthly Statement of the Public Debt Table 3,https://api.fiscaldata.treasury.gov/services/api/fiscal_service/v1/debt/mspd/mspd_table_3_market,"{""fields"":""record_date,security_type_desc,security_class1_desc,maturity_date,outstanding_amt,src_line_nbr"",""filter"":""record_date:gte:1900-01-01"",""page[size]"":10000,""sort"":""record_date,src_line_nbr""}",/mnt/d/Projects/GoldRush/docs/phase2-ingestion/data/treasury/raw/treasury-20260824T034935Z-page001.json;/mnt/d/Projects/GoldRush/docs/phase2-ingestion/data/treasury/raw/treasury-20260824T034935Z-page002.json;/mnt/d/Projects/GoldRush/docs/phase2-ingestion/data/treasury/raw/treasury-20260824T034935Z-page003.json;/mnt/d/Projects/GoldRush/docs/phase2-ingestion/data/treasury/raw/treasury-20260824T034935Z-page004.json;/mnt/d/Projects/GoldRush/docs/phase2-ingestion/data/treasury/raw/treasury-20260824T034935Z-page005.json;/mnt/d/Projects/GoldRush/docs/phase2-ingestion/data/treasury/raw/treasury-20260824T034935Z-page006.json;/mnt/d/Projects/GoldRush/docs/phase2-ingestion/data/treasury/raw/treasury-20260824T034935Z-page007.json;/mnt/d/Projects/GoldRush/docs/phase2-ingestion/data/treasury/raw/treasury-20260824T034935Z-page008.json;/mnt/d/Projects/GoldRush/docs/phase2-ingestion/data/treasury/raw/treasury-20260824T034935Z-page009.json;/mnt/d/Projects/GoldRush/docs/phase2-ingestion/data/treasury/raw/treasury-20260824T034935Z-page010.json;/mnt/d/Projects/GoldRush/docs/phase2-ingestion/data/treasury/raw/treasury-20260824T034935Z-page011.json;/mnt/d/Projects/GoldRush/docs/phase2-ingestion/data/treasury/raw/treasury-20260824T034935Z-page012.json;/mnt/d/Projects/GoldRush/docs/phase2-ingestion/data/treasury/raw/treasury-20260824T034935Z-page013.json;/mnt/d/Projects/GoldRush/docs/phase2-ingestion/data/treasury/raw/treasury-20260824T034935Z-page014.json;/mnt/d/Projects/GoldRush/docs/phase2-ingestion/data/treasury/raw/treasury-20260824T034935Z-page015.json;/mnt/d/Projects/GoldRush/docs/phase2-ingestion/data/treasury/raw/treasury-20260824T034935Z-page016.json,docs/phase2-ingestion/data/treasury/manifests/treasury-20260824T034935Z.manifest.json,16,cf284fd2186cebbd098b2823e2195f5af04c4bc8c7e75507d7dd4e8bf063fd5b,2026-08-24T03:49:35.808873+00:00,PASS,AVAILABLE,0.1.0
L4-009,2021-06-30,6788474.79047356,21739025.1874471,21732905.93269713,99.97185129187162,31.227135218526133,percent_of_marketable_treasury_debt,Positive dated marketable debt maturing after record date and within one calendar year / Total Marketable outstanding * 100,U.S. Treasury Fiscal Data — Monthly Statement of the Public Debt Table 3,https://api.fiscaldata.treasury.gov/services/api/fiscal_service/v1/debt/mspd/mspd_table_3_market,"{""fields"":""record_date,security_type_desc,security_class1_desc,maturity_date,outstanding_amt,src_line_nbr"",""filter"":""record_date:gte:1900-01-01"",""page[size]"":10000,""sort"":""record_date,src_line_nbr""}",/mnt/d/Projects/GoldRush/docs/phase2-ingestion/data/treasury/raw/treasury-20260824T034935Z-page001.json;/mnt/d/Projects/GoldRush/docs/phase2-ingestion/data/treasury/raw/treasury-20260824T034935Z-page002.json;/mnt/d/Projects/GoldRush/docs/phase2-ingestion/data/treasury/raw/treasury-20260824T034935Z-page003.json;/mnt/d/Projects/GoldRush/docs/phase2-ingestion/data/treasury/raw/treasury-20260824T034935Z-page004.json;/mnt/d/Projects/GoldRush/docs/phase2-ingestion/data/treasury/raw/treasury-20260824T034935Z-page005.json;/mnt/d/Projects/GoldRush/docs/phase2-ingestion/data/treasury/raw/treasury-20260824T034935Z-page006.json;/mnt/d/Projects/GoldRush/docs/phase2-ingestion/data/treasury/raw/treasury-20260824T034935Z-page007.json;/mnt/d/Projects/GoldRush/docs/phase2-ingestion/data/treasury/raw/treasury-20260824T034935Z-page008.json;/mnt/d/Projects/GoldRush/docs/phase2-ingestion/data/treasury/raw/treasury-20260824T034935Z-page009.json;/mnt/d/Projects/GoldRush/docs/phase2-ingestion/data/treasury/raw/treasury-20260824T034935Z-page010.json;/mnt/d/Projects/GoldRush/docs/phase2-ingestion/data/treasury/raw/treasury-20260824T034935Z-page011.json;/mnt/d/Projects/GoldRush/docs/phase2-ingestion/data/treasury/raw/treasury-20260824T034935Z-page012.json;/mnt/d/Projects/GoldRush/docs/phase2-ingestion/data/treasury/raw/treasury-20260824T034935Z-page013.json;/mnt/d/Projects/GoldRush/docs/phase2-ingestion/data/treasury/raw/treasury-20260824T034935Z-page014.json;/mnt/d/Projects/GoldRush/docs/phase2-ingestion/data/treasury/raw/treasury-20260824T034935Z-page015.json;/mnt/d/Projects/GoldRush/docs/phase2-ingestion/data/treasury/raw/treasury-20260824T034935Z-page016.json,docs/phase2-ingestion/data/treasury/manifests/treasury-20260824T034935Z.manifest.json,16,cf284fd2186cebbd098b2823e2195f5af04c4bc8c7e75507d7dd4e8bf063fd5b,2026-08-24T03:49:35.808873+00:00,PASS,AVAILABLE,0.1.0
L4-009,2021-07-31,6693847.71304898,21698541.8335984,21528666.5934484,99.21711218452955,30.849297452256028,percent_of_marketable_treasury_debt,Positive dated marketable debt maturing after record date and within one calendar year / Total Marketable outstanding * 100,U.S. Treasury Fiscal Data — Monthly Statement of the Public Debt Table 3,https://api.fiscaldata.treasury.gov/services/api/fiscal_service/v1/debt/mspd/mspd_table_3_market,"{""fields"":""record_date,security_type_desc,security_class1_desc,maturity_date,outstanding_amt,src_line_nbr"",""filter"":""record_date:gte:1900-01-01"",""page[size]"":10000,""sort"":""record_date,src_line_nbr""}",/mnt/d/Projects/GoldRush/docs/phase2-ingestion/data/treasury/raw/treasury-20260824T034935Z-page001.json;/mnt/d/Projects/GoldRush/docs/phase2-ingestion/data/treasury/raw/treasury-20260824T034935Z-page002.json;/mnt/d/Projects/GoldRush/docs/phase2-ingestion/data/treasury/raw/treasury-20260824T034935Z-page003.json;/mnt/d/Projects/GoldRush/docs/phase2-ingestion/data/treasury/raw/treasury-20260824T034935Z-page004.json;/mnt/d/Projects/GoldRush/docs/phase2-ingestion/data/treasury/raw/treasury-20260824T034935Z-page005.json;/mnt/d/Projects/GoldRush/docs/phase2-ingestion/data/treasury/raw/treasury-20260824T034935Z-page006.json;/mnt/d/Projects/GoldRush/docs/phase2-ingestion/data/treasury/raw/treasury-20260824T034935Z-page007.json;/mnt/d/Projects/GoldRush/docs/phase2-ingestion/data/treasury/raw/treasury-20260824T034935Z-page008.json;/mnt/d/Projects/GoldRush/docs/phase2-ingestion/data/treasury/raw/treasury-20260824T034935Z-page009.json;/mnt/d/Projects/GoldRush/docs/phase2-ingestion/data/treasury/raw/treasury-20260824T034935Z-page010.json;/mnt/d/Projects/GoldRush/docs/phase2-ingestion/data/treasury/raw/treasury-20260824T034935Z-page011.json;/mnt/d/Projects/GoldRush/docs/phase2-ingestion/data/treasury/raw/treasury-20260824T034935Z-page012.json;/mnt/d/Projects/GoldRush/docs/phase2-ingestion/data/treasury/raw/treasury-20260824T034935Z-page013.json;/mnt/d/Projects/GoldRush/docs/phase2-ingestion/data/treasury/raw/treasury-20260824T034935Z-page014.json;/mnt/d/Projects/GoldRush/docs/phase2-ingestion/data/treasury/raw/treasury-20260824T034935Z-page015.json;/mnt/d/Projects/GoldRush/docs/phase2-ingestion/data/treasury/raw/treasury-20260824T034935Z-page016.json,docs/phase2-ingestion/data/treasury/manifests/treasury-20260824T034935Z.manifest.json,16,cf284fd2186cebbd098b2823e2195f5af04c4bc8c7e75507d7dd4e8bf063fd5b,2026-08-24T03:49:35.808873+00:00,PASS,AVAILABLE,0.1.0
L4-009,2021-08-31,6623218.86753331,21932187.7803112,21926068.57606125,99.9720994352627,30.198623748238454,percent_of_marketable_treasury_debt,Positive dated marketable debt maturing after record date and within one calendar year / Total Marketable outstanding * 100,U.S. Treasury Fiscal Data — Monthly Statement of the Public Debt Table 3,https://api.fiscaldata.treasury.gov/services/api/fiscal_service/v1/debt/mspd/mspd_table_3_market,"{""fields"":""record_date,security_type_desc,security_class1_desc,maturity_date,outstanding_amt,src_line_nbr"",""filter"":""record_date:gte:1900-01-01"",""page[size]"":10000,""sort"":""record_date,src_line_nbr""}",/mnt/d/Projects/GoldRush/docs/phase2-ingestion/data/treasury/raw/treasury-20260824T034935Z-page001.json;/mnt/d/Projects/GoldRush/docs/phase2-ingestion/data/treasury/raw/treasury-20260824T034935Z-page002.json;/mnt/d/Projects/GoldRush/docs/phase2-ingestion/data/treasury/raw/treasury-20260824T034935Z-page003.json;/mnt/d/Projects/GoldRush/docs/phase2-ingestion/data/treasury/raw/treasury-20260824T034935Z-page004.json;/mnt/d/Projects/GoldRush/docs/phase2-ingestion/data/treasury/raw/treasury-20260824T034935Z-page005.json;/mnt/d/Projects/GoldRush/docs/phase2-ingestion/data/treasury/raw/treasury-20260824T034935Z-page006.json;/mnt/d/Projects/GoldRush/docs/phase2-ingestion/data/treasury/raw/treasury-20260824T034935Z-page007.json;/mnt/d/Projects/GoldRush/docs/phase2-ingestion/data/treasury/raw/treasury-20260824T034935Z-page008.json;/mnt/d/Projects/GoldRush/docs/phase2-ingestion/data/treasury/raw/treasury-20260824T034935Z-page009.json;/mnt/d/Projects/GoldRush/docs/phase2-ingestion/data/treasury/raw/treasury-20260824T034935Z-page010.json;/mnt/d/Projects/GoldRush/docs/phase2-ingestion/data/treasury/raw/treasury-20260824T034935Z-page011.json;/mnt/d/Projects/GoldRush/docs/phase2-ingestion/data/treasury/raw/treasury-20260824T034935Z-page012.json;/mnt/d/Projects/GoldRush/docs/phase2-ingestion/data/treasury/raw/treasury-20260824T034935Z-page013.json;/mnt/d/Projects/GoldRush/docs/phase2-ingestion/data/treasury/raw/treasury-20260824T034935Z-page014.json;/mnt/d/Projects/GoldRush/docs/phase2-ingestion/data/treasury/raw/treasury-20260824T034935Z-page015.json;/mnt/d/Projects/GoldRush/docs/phase2-ingestion/data/treasury/raw/treasury-20260824T034935Z-page016.json,docs/phase2-ingestion/data/treasury/manifests/treasury-20260824T034935Z.manifest.json,16,cf284fd2186cebbd098b2823e2195f5af04c4bc8c7e75507d7dd4e8bf063fd5b,2026-08-24T03:49:35.808873+00:00,PASS,AVAILABLE,0.1.0
L4-009,2021-09-30,6320070.69622521,21878702.2123106,21872583.12806057,99.97203177688215,28.88686282621034,percent_of_marketable_treasury_debt,Positive dated marketable debt maturing after record date and within one calendar year / Total Marketable outstanding * 100,U.S. Treasury Fiscal Data — Monthly Statement of the Public Debt Table 3,https://api.fiscaldata.treasury.gov/services/api/fiscal_service/v1/debt/mspd/mspd_table_3_market,"{""fields"":""record_date,security_type_desc,security_class1_desc,maturity_date,outstanding_amt,src_line_nbr"",""filter"":""record_date:gte:1900-01-01"",""page[size]"":10000,""sort"":""record_date,src_line_nbr""}",/mnt/d/Projects/GoldRush/docs/phase2-ingestion/data/treasury/raw/treasury-20260824T034935Z-page001.json;/mnt/d/Projects/GoldRush/docs/phase2-ingestion/data/treasury/raw/treasury-20260824T034935Z-page002.json;/mnt/d/Projects/GoldRush/docs/phase2-ingestion/data/treasury/raw/treasury-20260824T034935Z-page003.json;/mnt/d/Projects/GoldRush/docs/phase2-ingestion/data/treasury/raw/treasury-20260824T034935Z-page004.json;/mnt/d/Projects/GoldRush/docs/phase2-ingestion/data/treasury/raw/treasury-20260824T034935Z-page005.json;/mnt/d/Projects/GoldRush/docs/phase2-ingestion/data/treasury/raw/treasury-20260824T034935Z-page006.json;/mnt/d/Projects/GoldRush/docs/phase2-ingestion/data/treasury/raw/treasury-20260824T034935Z-page007.json;/mnt/d/Projects/GoldRush/docs/phase2-ingestion/data/treasury/raw/treasury-20260824T034935Z-page008.json;/mnt/d/Projects/GoldRush/docs/phase2-ingestion/data/treasury/raw/treasury-20260824T034935Z-page009.json;/mnt/d/Projects/GoldRush/docs/phase2-ingestion/data/treasury/raw/treasury-20260824T034935Z-page010.json;/mnt/d/Projects/GoldRush/docs/phase2-ingestion/data/treasury/raw/treasury-20260824T034935Z-page011.json;/mnt/d/Projects/GoldRush/docs/phase2-ingestion/data/treasury/raw/treasury-20260824T034935Z-page012.json;/mnt/d/Projects/GoldRush/docs/phase2-ingestion/data/treasury/raw/treasury-20260824T034935Z-page013.json;/mnt/d/Projects/GoldRush/docs/phase2-ingestion/data/treasury/raw/treasury-20260824T034935Z-page014.json;/mnt/d/Projects/GoldRush/docs/phase2-ingestion/data/treasury/raw/treasury-20260824T034935Z-page015.json;/mnt/d/Projects/GoldRush/docs/phase2-ingestion/data/treasury/raw/treasury-20260824T034935Z-page016.json,docs/phase2-ingestion/data/treasury/manifests/treasury-20260824T034935Z.manifest.json,16,cf284fd2186cebbd098b2823e2195f5af04c4bc8c7e75507d7dd4e8bf063fd5b,2026-08-24T03:49:35.808873+00:00,PASS,AVAILABLE,0.1.0
L4-009,2021-10-31,6493334.14771461,22132082.0799285,21958615.0642785,99.21621917439337,29.339011685680443,percent_of_marketable_treasury_debt,Positive dated marketable debt maturing after record date and within one calendar year / Total Marketable outstanding * 100,U.S. Treasury Fiscal Data — Monthly Statement of the Public Debt Table 3,https://api.fiscaldata.treasury.gov/services/api/fiscal_service/v1/debt/mspd/mspd_table_3_market,"{""fields"":""record_date,security_type_desc,security_class1_desc,maturity_date,outstanding_amt,src_line_nbr"",""filter"":""record_date:gte:1900-01-01"",""page[size]"":10000,""sort"":""record_date,src_line_nbr""}",/mnt/d/Projects/GoldRush/docs/phase2-ingestion/data/treasury/raw/treasury-20260824T034935Z-page001.json;/mnt/d/Projects/GoldRush/docs/phase2-ingestion/data/treasury/raw/treasury-20260824T034935Z-page002.json;/mnt/d/Projects/GoldRush/docs/phase2-ingestion/data/treasury/raw/treasury-20260824T034935Z-page003.json;/mnt/d/Projects/GoldRush/docs/phase2-ingestion/data/treasury/raw/treasury-20260824T034935Z-page004.json;/mnt/d/Projects/GoldRush/docs/phase2-ingestion/data/treasury/raw/treasury-20260824T034935Z-page005.json;/mnt/d/Projects/GoldRush/docs/phase2-ingestion/data/treasury/raw/treasury-20260824T034935Z-page006.json;/mnt/d/Projects/GoldRush/docs/phase2-ingestion/data/treasury/raw/treasury-20260824T034935Z-page007.json;/mnt/d/Projects/GoldRush/docs/phase2-ingestion/data/treasury/raw/treasury-20260824T034935Z-page008.json;/mnt/d/Projects/GoldRush/docs/phase2-ingestion/data/treasury/raw/treasury-20260824T034935Z-page009.json;/mnt/d/Projects/GoldRush/docs/phase2-ingestion/data/treasury/raw/treasury-20260824T034935Z-page010.json;/mnt/d/Projects/GoldRush/docs/phase2-ingestion/data/treasury/raw/treasury-20260824T034935Z-page011.json;/mnt/d/Projects/GoldRush/docs/phase2-ingestion/data/treasury/raw/treasury-20260824T034935Z-page012.json;/mnt/d/Projects/GoldRush/docs/phase2-ingestion/data/treasury/raw/treasury-20260824T034935Z-page013.json;/mnt/d/Projects/GoldRush/docs/phase2-ingestion/data/treasury/raw/treasury-20260824T034935Z-page014.json;/mnt/d/Projects/GoldRush/docs/phase2-ingestion/data/treasury/raw/treasury-20260824T034935Z-page015.json;/mnt/d/Projects/GoldRush/docs/phase2-ingestion/data/treasury/raw/treasury-20260824T034935Z-page016.json,docs/phase2-ingestion/data/treasury/manifests/treasury-20260824T034935Z.manifest.json,16,cf284fd2186cebbd098b2823e2195f5af04c4bc8c7e75507d7dd4e8bf063fd5b,2026-08-24T03:49:35.808873+00:00,PASS,AVAILABLE,0.1.0
L4-009,2021-11-30,6430712.45768242,22351606.9628032,22345487.9045532,99.97262363166915,28.77069406411896,percent_of_marketable_treasury_debt,Positive dated marketable debt maturing after record date and within one calendar year / Total Marketable outstanding * 100,U.S. Treasury Fiscal Data — Monthly Statement of the Public Debt Table 3,https://api.fiscaldata.treasury.gov/services/api/fiscal_service/v1/debt/mspd/mspd_table_3_market,"{""fields"":""record_date,security_type_desc,security_class1_desc,maturity_date,outstanding_amt,src_line_nbr"",""filter"":""record_date:gte:1900-01-01"",""page[size]"":10000,""sort"":""record_date,src_line_nbr""}",/mnt/d/Projects/GoldRush/docs/phase2-ingestion/data/treasury/raw/treasury-20260824T034935Z-page001.json;/mnt/d/Projects/GoldRush/docs/phase2-ingestion/data/treasury/raw/treasury-20260824T034935Z-page002.json;/mnt/d/Projects/GoldRush/docs/phase2-ingestion/data/treasury/raw/treasury-20260824T034935Z-page003.json;/mnt/d/Projects/GoldRush/docs/phase2-ingestion/data/treasury/raw/treasury-20260824T034935Z-page004.json;/mnt/d/Projects/GoldRush/docs/phase2-ingestion/data/treasury/raw/treasury-20260824T034935Z-page005.json;/mnt/d/Projects/GoldRush/docs/phase2-ingestion/data/treasury/raw/treasury-20260824T034935Z-page006.json;/mnt/d/Projects/GoldRush/docs/phase2-ingestion/data/treasury/raw/treasury-20260824T034935Z-page007.json;/mnt/d/Projects/GoldRush/docs/phase2-ingestion/data/treasury/raw/treasury-20260824T034935Z-page008.json;/mnt/d/Projects/GoldRush/docs/phase2-ingestion/data/treasury/raw/treasury-20260824T034935Z-page009.json;/mnt/d/Projects/GoldRush/docs/phase2-ingestion/data/treasury/raw/treasury-20260824T034935Z-page010.json;/mnt/d/Projects/GoldRush/docs/phase2-ingestion/data/treasury/raw/treasury-20260824T034935Z-page011.json;/mnt/d/Projects/GoldRush/docs/phase2-ingestion/data/treasury/raw/treasury-20260824T034935Z-page012.json;/mnt/d/Projects/GoldRush/docs/phase2-ingestion/data/treasury/raw/treasury-20260824T034935Z-page013.json;/mnt/d/Projects/GoldRush/docs/phase2-ingestion/data/treasury/raw/treasury-20260824T034935Z-page014.json;/mnt/d/Projects/GoldRush/docs/phase2-ingestion/data/treasury/raw/treasury-20260824T034935Z-page015.json;/mnt/d/Projects/GoldRush/docs/phase2-ingestion/data/treasury/raw/treasury-20260824T034935Z-page016.json,docs/phase2-ingestion/data/treasury/manifests/treasury-20260824T034935Z.manifest.json,16,cf284fd2186cebbd098b2823e2195f5af04c4bc8c7e75507d7dd4e8bf063fd5b,2026-08-24T03:49:35.808873+00:00,PASS,AVAILABLE,0.1.0
L4-009,2021-12-31,6438876.8755498,22590091.5615147,22583972.70326469,99.9729135305479,28.503102158821278,percent_of_marketable_treasury_debt,Positive dated marketable debt maturing after record date and within one calendar year / Total Marketable outstanding * 100,U.S. Treasury Fiscal Data — Monthly Statement of the Public Debt Table 3,https://api.fiscaldata.treasury.gov/services/api/fiscal_service/v1/debt/mspd/mspd_table_3_market,"{""fields"":""record_date,security_type_desc,security_class1_desc,maturity_date,outstanding_amt,src_line_nbr"",""filter"":""record_date:gte:1900-01-01"",""page[size]"":10000,""sort"":""record_date,src_line_nbr""}",/mnt/d/Projects/GoldRush/docs/phase2-ingestion/data/treasury/raw/treasury-20260824T034935Z-page001.json;/mnt/d/Projects/GoldRush/docs/phase2-ingestion/data/treasury/raw/treasury-20260824T034935Z-page002.json;/mnt/d/Projects/GoldRush/docs/phase2-ingestion/data/treasury/raw/treasury-20260824T034935Z-page003.json;/mnt/d/Projects/GoldRush/docs/phase2-ingestion/data/treasury/raw/treasury-20260824T034935Z-page004.json;/mnt/d/Projects/GoldRush/docs/phase2-ingestion/data/treasury/raw/treasury-20260824T034935Z-page005.json;/mnt/d/Projects/GoldRush/docs/phase2-ingestion/data/treasury/raw/treasury-20260824T034935Z-page006.json;/mnt/d/Projects/GoldRush/docs/phase2-ingestion/data/treasury/raw/treasury-20260824T034935Z-page007.json;/mnt/d/Projects/GoldRush/docs/phase2-ingestion/data/treasury/raw/treasury-20260824T034935Z-page008.json;/mnt/d/Projects/GoldRush/docs/phase2-ingestion/data/treasury/raw/treasury-20260824T034935Z-page009.json;/mnt/d/Projects/GoldRush/docs/phase2-ingestion/data/treasury/raw/treasury-20260824T034935Z-page010.json;/mnt/d/Projects/GoldRush/docs/phase2-ingestion/data/treasury/raw/treasury-20260824T034935Z-page011.json;/mnt/d/Projects/GoldRush/docs/phase2-ingestion/data/treasury/raw/treasury-20260824T034935Z-page012.json;/mnt/d/Projects/GoldRush/docs/phase2-ingestion/data/treasury/raw/treasury-20260824T034935Z-page013.json;/mnt/d/Projects/GoldRush/docs/phase2-ingestion/data/treasury/raw/treasury-20260824T034935Z-page014.json;/mnt/d/Projects/GoldRush/docs/phase2-ingestion/data/treasury/raw/treasury-20260824T034935Z-page015.json;/mnt/d/Projects/GoldRush/docs/phase2-ingestion/data/treasury/raw/treasury-20260824T034935Z-page016.json,docs/phase2-ingestion/data/treasury/manifests/treasury-20260824T034935Z.manifest.json,16,cf284fd2186cebbd098b2823e2195f5af04c4bc8c7e75507d7dd4e8bf063fd5b,2026-08-24T03:49:35.808873+00:00,PASS,AVAILABLE,0.1.0
L4-009,2022-01-31,6683570.26792178,22918898.2916234,22912779.44637344,99.97330218419707,29.161830481025127,percent_of_marketable_treasury_debt,Positive dated marketable debt maturing after record date and within one calendar year / Total Marketable outstanding * 100,U.S. Treasury Fiscal Data — Monthly Statement of the Public Debt Table 3,https://api.fiscaldata.treasury.gov/services/api/fiscal_service/v1/debt/mspd/mspd_table_3_market,"{""fields"":""record_date,security_type_desc,security_class1_desc,maturity_date,outstanding_amt,src_line_nbr"",""filter"":""record_date:gte:1900-01-01"",""page[size]"":10000,""sort"":""record_date,src_line_nbr""}",/mnt/d/Projects/GoldRush/docs/phase2-ingestion/data/treasury/raw/treasury-20260824T034935Z-page001.json;/mnt/d/Projects/GoldRush/docs/phase2-ingestion/data/treasury/raw/treasury-20260824T034935Z-page002.json;/mnt/d/Projects/GoldRush/docs/phase2-ingestion/data/treasury/raw/treasury-20260824T034935Z-page003.json;/mnt/d/Projects/GoldRush/docs/phase2-ingestion/data/treasury/raw/treasury-20260824T034935Z-page004.json;/mnt/d/Projects/GoldRush/docs/phase2-ingestion/data/treasury/raw/treasury-20260824T034935Z-page005.json;/mnt/d/Projects/GoldRush/docs/phase2-ingestion/data/treasury/raw/treasury-20260824T034935Z-page006.json;/mnt/d/Projects/GoldRush/docs/phase2-ingestion/data/treasury/raw/treasury-20260824T034935Z-page007.json;/mnt/d/Projects/GoldRush/docs/phase2-ingestion/data/treasury/raw/treasury-20260824T034935Z-page008.json;/mnt/d/Projects/GoldRush/docs/phase2-ingestion/data/treasury/raw/treasury-20260824T034935Z-page009.json;/mnt/d/Projects/GoldRush/docs/phase2-ingestion/data/treasury/raw/treasury-20260824T034935Z-page010.json;/mnt/d/Projects/GoldRush/docs/phase2-ingestion/data/treasury/raw/treasury-20260824T034935Z-page011.json;/mnt/d/Projects/GoldRush/docs/phase2-ingestion/data/treasury/raw/treasury-20260824T034935Z-page012.json;/mnt/d/Projects/GoldRush/docs/phase2-ingestion/data/treasury/raw/treasury-20260824T034935Z-page013.json;/mnt/d/Projects/GoldRush/docs/phase2-ingestion/data/treasury/raw/treasury-20260824T034935Z-page014.json;/mnt/d/Projects/GoldRush/docs/phase2-ingestion/data/treasury/raw/treasury-20260824T034935Z-page015.json;/mnt/d/Projects/GoldRush/docs/phase2-ingestion/data/treasury/raw/treasury-20260824T034935Z-page016.json,docs/phase2-ingestion/data/treasury/manifests/treasury-20260824T034935Z.manifest.json,16,cf284fd2186cebbd098b2823e2195f5af04c4bc8c7e75507d7dd4e8bf063fd5b,2026-08-24T03:49:35.808873+00:00,PASS,AVAILABLE,0.1.0
L4-009,2022-02-28,6833458.45734684,23195962.1718275,23189843.36157752,99.97362122681244,29.459689607729967,percent_of_marketable_treasury_debt,Positive dated marketable debt maturing after record date and within one calendar year / Total Marketable outstanding * 100,U.S. Treasury Fiscal Data — Monthly Statement of the Public Debt Table 3,https://api.fiscaldata.treasury.gov/services/api/fiscal_service/v1/debt/mspd/mspd_table_3_market,"{""fields"":""record_date,security_type_desc,security_class1_desc,maturity_date,outstanding_amt,src_line_nbr"",""filter"":""record_date:gte:1900-01-01"",""page[size]"":10000,""sort"":""record_date,src_line_nbr""}",/mnt/d/Projects/GoldRush/docs/phase2-ingestion/data/treasury/raw/treasury-20260824T034935Z-page001.json;/mnt/d/Projects/GoldRush/docs/phase2-ingestion/data/treasury/raw/treasury-20260824T034935Z-page002.json;/mnt/d/Projects/GoldRush/docs/phase2-ingestion/data/treasury/raw/treasury-20260824T034935Z-page003.json;/mnt/d/Projects/GoldRush/docs/phase2-ingestion/data/treasury/raw/treasury-20260824T034935Z-page004.json;/mnt/d/Projects/GoldRush/docs/phase2-ingestion/data/treasury/raw/treasury-20260824T034935Z-page005.json;/mnt/d/Projects/GoldRush/docs/phase2-ingestion/data/treasury/raw/treasury-20260824T034935Z-page006.json;/mnt/d/Projects/GoldRush/docs/phase2-ingestion/data/treasury/raw/treasury-20260824T034935Z-page007.json;/mnt/d/Projects/GoldRush/docs/phase2-ingestion/data/treasury/raw/treasury-20260824T034935Z-page008.json;/mnt/d/Projects/GoldRush/docs/phase2-ingestion/data/treasury/raw/treasury-20260824T034935Z-page009.json;/mnt/d/Projects/GoldRush/docs/phase2-ingestion/data/treasury/raw/treasury-20260824T034935Z-page010.json;/mnt/d/Projects/GoldRush/docs/phase2-ingestion/data/treasury/raw/treasury-20260824T034935Z-page011.json;/mnt/d/Projects/GoldRush/docs/phase2-ingestion/data/treasury/raw/treasury-20260824T034935Z-page012.json;/mnt/d/Projects/GoldRush/docs/phase2-ingestion/data/treasury/raw/treasury-20260824T034935Z-page013.json;/mnt/d/Projects/GoldRush/docs/phase2-ingestion/data/treasury/raw/treasury-20260824T034935Z-page014.json;/mnt/d/Projects/GoldRush/docs/phase2-ingestion/data/treasury/raw/treasury-20260824T034935Z-page015.json;/mnt/d/Projects/GoldRush/docs/phase2-ingestion/data/treasury/raw/treasury-20260824T034935Z-page016.json,docs/phase2-ingestion/data/treasury/manifests/treasury-20260824T034935Z.manifest.json,16,cf284fd2186cebbd098b2823e2195f5af04c4bc8c7e75507d7dd4e8bf063fd5b,2026-08-24T03:49:35.808873+00:00,PASS,AVAILABLE,0.1.0
L4-009,2022-03-31,6742807.45707713,23286112.1042172,23279993.37396723,99.97372369323575,28.956347143308577,percent_of_marketable_treasury_debt,Positive dated marketable debt maturing after record date and within one calendar year / Total Marketable outstanding * 100,U.S. Treasury Fiscal Data — Monthly Statement of the Public Debt Table 3,https://api.fiscaldata.treasury.gov/services/api/fiscal_service/v1/debt/mspd/mspd_table_3_market,"{""fields"":""record_date,security_type_desc,security_class1_desc,maturity_date,outstanding_amt,src_line_nbr"",""filter"":""record_date:gte:1900-01-01"",""page[size]"":10000,""sort"":""record_date,src_line_nbr""}",/mnt/d/Projects/GoldRush/docs/phase2-ingestion/data/treasury/raw/treasury-20260824T034935Z-page001.json;/mnt/d/Projects/GoldRush/docs/phase2-ingestion/data/treasury/raw/treasury-20260824T034935Z-page002.json;/mnt/d/Projects/GoldRush/docs/phase2-ingestion/data/treasury/raw/treasury-20260824T034935Z-page003.json;/mnt/d/Projects/GoldRush/docs/phase2-ingestion/data/treasury/raw/treasury-20260824T034935Z-page004.json;/mnt/d/Projects/GoldRush/docs/phase2-ingestion/data/treasury/raw/treasury-20260824T034935Z-page005.json;/mnt/d/Projects/GoldRush/docs/phase2-ingestion/data/treasury/raw/treasury-20260824T034935Z-page006.json;/mnt/d/Projects/GoldRush/docs/phase2-ingestion/data/treasury/raw/treasury-20260824T034935Z-page007.json;/mnt/d/Projects/GoldRush/docs/phase2-ingestion/data/treasury/raw/treasury-20260824T034935Z-page008.json;/mnt/d/Projects/GoldRush/docs/phase2-ingestion/data/treasury/raw/treasury-20260824T034935Z-page009.json;/mnt/d/Projects/GoldRush/docs/phase2-ingestion/data/treasury/raw/treasury-20260824T034935Z-page010.json;/mnt/d/Projects/GoldRush/docs/phase2-ingestion/data/treasury/raw/treasury-20260824T034935Z-page011.json;/mnt/d/Projects/GoldRush/docs/phase2-ingestion/data/treasury/raw/treasury-20260824T034935Z-page012.json;/mnt/d/Projects/GoldRush/docs/phase2-ingestion/data/treasury/raw/treasury-20260824T034935Z-page013.json;/mnt/d/Projects/GoldRush/docs/phase2-ingestion/data/treasury/raw/treasury-20260824T034935Z-page014.json;/mnt/d/Projects/GoldRush/docs/phase2-ingestion/data/treasury/raw/treasury-20260824T034935Z-page015.json;/mnt/d/Projects/GoldRush/docs/phase2-ingestion/data/treasury/raw/treasury-20260824T034935Z-page016.json,docs/phase2-ingestion/data/treasury/manifests/treasury-20260824T034935Z.manifest.json,16,cf284fd2186cebbd098b2823e2195f5af04c4bc8c7e75507d7dd4e8bf063fd5b,2026-08-24T03:49:35.808873+00:00,PASS,AVAILABLE,0.1.0
L4-009,2022-04-30,6701522.56944293,23254619.5198031,23071196.36505309,99.21123992334593,28.818027161167127,percent_of_marketable_treasury_debt,Positive dated marketable debt maturing after record date and within one calendar year / Total Marketable outstanding * 100,U.S. Treasury Fiscal Data — Monthly Statement of the Public Debt Table 3,https://api.fiscaldata.treasury.gov/services/api/fiscal_service/v1/debt/mspd/mspd_table_3_market,"{""fields"":""record_date,security_type_desc,security_class1_desc,maturity_date,outstanding_amt,src_line_nbr"",""filter"":""record_date:gte:1900-01-01"",""page[size]"":10000,""sort"":""record_date,src_line_nbr""}",/mnt/d/Projects/GoldRush/docs/phase2-ingestion/data/treasury/raw/treasury-20260824T034935Z-page001.json;/mnt/d/Projects/GoldRush/docs/phase2-ingestion/data/treasury/raw/treasury-20260824T034935Z-page002.json;/mnt/d/Projects/GoldRush/docs/phase2-ingestion/data/treasury/raw/treasury-20260824T034935Z-page003.json;/mnt/d/Projects/GoldRush/docs/phase2-ingestion/data/treasury/raw/treasury-20260824T034935Z-page004.json;/mnt/d/Projects/GoldRush/docs/phase2-ingestion/data/treasury/raw/treasury-20260824T034935Z-page005.json;/mnt/d/Projects/GoldRush/docs/phase2-ingestion/data/treasury/raw/treasury-20260824T034935Z-page006.json;/mnt/d/Projects/GoldRush/docs/phase2-ingestion/data/treasury/raw/treasury-20260824T034935Z-page007.json;/mnt/d/Projects/GoldRush/docs/phase2-ingestion/data/treasury/raw/treasury-20260824T034935Z-page008.json;/mnt/d/Projects/GoldRush/docs/phase2-ingestion/data/treasury/raw/treasury-20260824T034935Z-page009.json;/mnt/d/Projects/GoldRush/docs/phase2-ingestion/data/treasury/raw/treasury-20260824T034935Z-page010.json;/mnt/d/Projects/GoldRush/docs/phase2-ingestion/data/treasury/raw/treasury-20260824T034935Z-page011.json;/mnt/d/Projects/GoldRush/docs/phase2-ingestion/data/treasury/raw/treasury-20260824T034935Z-page012.json;/mnt/d/Projects/GoldRush/docs/phase2-ingestion/data/treasury/raw/treasury-20260824T034935Z-page013.json;/mnt/d/Projects/GoldRush/docs/phase2-ingestion/data/treasury/raw/treasury-20260824T034935Z-page014.json;/mnt/d/Projects/GoldRush/docs/phase2-ingestion/data/treasury/raw/treasury-20260824T034935Z-page015.json;/mnt/d/Projects/GoldRush/docs/phase2-ingestion/data/treasury/raw/treasury-20260824T034935Z-page016.json,docs/phase2-ingestion/data/treasury/manifests/treasury-20260824T034935Z.manifest.json,16,cf284fd2186cebbd098b2823e2195f5af04c4bc8c7e75507d7dd4e8bf063fd5b,2026-08-24T03:49:35.808873+00:00,PASS,AVAILABLE,0.1.0
L4-009,2022-05-31,6592216.62577039,23307155.3168524,23301036.69860237,99.97374789772991,28.28408931142207,percent_of_marketable_treasury_debt,Positive dated marketable debt maturing after record date and within one calendar year / Total Marketable outstanding * 100,U.S. Treasury Fiscal Data — Monthly Statement of the Public Debt Table 3,https://api.fiscaldata.treasury.gov/services/api/fiscal_service/v1/debt/mspd/mspd_table_3_market,"{""fields"":""record_date,security_type_desc,security_class1_desc,maturity_date,outstanding_amt,src_line_nbr"",""filter"":""record_date:gte:1900-01-01"",""page[size]"":10000,""sort"":""record_date,src_line_nbr""}",/mnt/d/Projects/GoldRush/docs/phase2-ingestion/data/treasury/raw/treasury-20260824T034935Z-page001.json;/mnt/d/Projects/GoldRush/docs/phase2-ingestion/data/treasury/raw/treasury-20260824T034935Z-page002.json;/mnt/d/Projects/GoldRush/docs/phase2-ingestion/data/treasury/raw/treasury-20260824T034935Z-page003.json;/mnt/d/Projects/GoldRush/docs/phase2-ingestion/data/treasury/raw/treasury-20260824T034935Z-page004.json;/mnt/d/Projects/GoldRush/docs/phase2-ingestion/data/treasury/raw/treasury-20260824T034935Z-page005.json;/mnt/d/Projects/GoldRush/docs/phase2-ingestion/data/treasury/raw/treasury-20260824T034935Z-page006.json;/mnt/d/Projects/GoldRush/docs/phase2-ingestion/data/treasury/raw/treasury-20260824T034935Z-page007.json;/mnt/d/Projects/GoldRush/docs/phase2-ingestion/data/treasury/raw/treasury-20260824T034935Z-page008.json;/mnt/d/Projects/GoldRush/docs/phase2-ingestion/data/treasury/raw/treasury-20260824T034935Z-page009.json;/mnt/d/Projects/GoldRush/docs/phase2-ingestion/data/treasury/raw/treasury-20260824T034935Z-page010.json;/mnt/d/Projects/GoldRush/docs/phase2-ingestion/data/treasury/raw/treasury-20260824T034935Z-page011.json;/mnt/d/Projects/GoldRush/docs/phase2-ingestion/data/treasury/raw/treasury-20260824T034935Z-page012.json;/mnt/d/Projects/GoldRush/docs/phase2-ingestion/data/treasury/raw/treasury-20260824T034935Z-page013.json;/mnt/d/Projects/GoldRush/docs/phase2-ingestion/data/treasury/raw/treasury-20260824T034935Z-page014.json;/mnt/d/Projects/GoldRush/docs/phase2-ingestion/data/treasury/raw/treasury-20260824T034935Z-page015.json;/mnt/d/Projects/GoldRush/docs/phase2-ingestion/data/treasury/raw/treasury-20260824T034935Z-page016.json,docs/phase2-ingestion/data/treasury/manifests/treasury-20260824T034935Z.manifest.json,16,cf284fd2186cebbd098b2823e2195f5af04c4bc8c7e75507d7dd4e8bf063fd5b,2026-08-24T03:49:35.808873+00:00,PASS,AVAILABLE,0.1.0
L4-009,2022-06-30,6473007.40210869,23311582.1000712,23306669.51992125,99.97892644038976,27.767344894574613,percent_of_marketable_treasury_debt,Positive dated marketable debt maturing after record date and within one calendar year / Total Marketable outstanding * 100,U.S. Treasury Fiscal Data — Monthly Statement of the Public Debt Table 3,https://api.fiscaldata.treasury.gov/services/api/fiscal_service/v1/debt/mspd/mspd_table_3_market,"{""fields"":""record_date,security_type_desc,security_class1_desc,maturity_date,outstanding_amt,src_line_nbr"",""filter"":""record_date:gte:1900-01-01"",""page[size]"":10000,""sort"":""record_date,src_line_nbr""}",/mnt/d/Projects/GoldRush/docs/phase2-ingestion/data/treasury/raw/treasury-20260824T034935Z-page001.json;/mnt/d/Projects/GoldRush/docs/phase2-ingestion/data/treasury/raw/treasury-20260824T034935Z-page002.json;/mnt/d/Projects/GoldRush/docs/phase2-ingestion/data/treasury/raw/treasury-20260824T034935Z-page003.json;/mnt/d/Projects/GoldRush/docs/phase2-ingestion/data/treasury/raw/treasury-20260824T034935Z-page004.json;/mnt/d/Projects/GoldRush/docs/phase2-ingestion/data/treasury/raw/treasury-20260824T034935Z-page005.json;/mnt/d/Projects/GoldRush/docs/phase2-ingestion/data/treasury/raw/treasury-20260824T034935Z-page006.json;/mnt/d/Projects/GoldRush/docs/phase2-ingestion/data/treasury/raw/treasury-20260824T034935Z-page007.json;/mnt/d/Projects/GoldRush/docs/phase2-ingestion/data/treasury/raw/treasury-20260824T034935Z-page008.json;/mnt/d/Projects/GoldRush/docs/phase2-ingestion/data/treasury/raw/treasury-20260824T034935Z-page009.json;/mnt/d/Projects/GoldRush/docs/phase2-ingestion/data/treasury/raw/treasury-20260824T034935Z-page010.json;/mnt/d/Projects/GoldRush/docs/phase2-ingestion/data/treasury/raw/treasury-20260824T034935Z-page011.json;/mnt/d/Projects/GoldRush/docs/phase2-ingestion/data/treasury/raw/treasury-20260824T034935Z-page012.json;/mnt/d/Projects/GoldRush/docs/phase2-ingestion/data/treasury/raw/treasury-20260824T034935Z-page013.json;/mnt/d/Projects/GoldRush/docs/phase2-ingestion/data/treasury/raw/treasury-20260824T034935Z-page014.json;/mnt/d/Projects/GoldRush/docs/phase2-ingestion/data/treasury/raw/treasury-20260824T034935Z-page015.json;/mnt/d/Projects/GoldRush/docs/phase2-ingestion/data/treasury/raw/treasury-20260824T034935Z-page016.json,docs/phase2-ingestion/data/treasury/manifests/treasury-20260824T034935Z.manifest.json,16,cf284fd2186cebbd098b2823e2195f5af04c4bc8c7e75507d7dd4e8bf063fd5b,2026-08-24T03:49:35.808873+00:00,PASS,AVAILABLE,0.1.0
L4-009,2022-07-31,6502423.34171002,23354745.9402463,23159201.93899629,99.16272263568906,27.841978492708215,percent_of_marketable_treasury_debt,Positive dated marketable debt maturing after record date and within one calendar year / Total Marketable outstanding * 100,U.S. Treasury Fiscal Data — Monthly Statement of the Public Debt Table 3,https://api.fiscaldata.treasury.gov/services/api/fiscal_service/v1/debt/mspd/mspd_table_3_market,"{""fields"":""record_date,security_type_desc,security_class1_desc,maturity_date,outstanding_amt,src_line_nbr"",""filter"":""record_date:gte:1900-01-01"",""page[size]"":10000,""sort"":""record_date,src_line_nbr""}",/mnt/d/Projects/GoldRush/docs/phase2-ingestion/data/treasury/raw/treasury-20260824T034935Z-page001.json;/mnt/d/Projects/GoldRush/docs/phase2-ingestion/data/treasury/raw/treasury-20260824T034935Z-page002.json;/mnt/d/Projects/GoldRush/docs/phase2-ingestion/data/treasury/raw/treasury-20260824T034935Z-page003.json;/mnt/d/Projects/GoldRush/docs/phase2-ingestion/data/treasury/raw/treasury-20260824T034935Z-page004.json;/mnt/d/Projects/GoldRush/docs/phase2-ingestion/data/treasury/raw/treasury-20260824T034935Z-page005.json;/mnt/d/Projects/GoldRush/docs/phase2-ingestion/data/treasury/raw/treasury-20260824T034935Z-page006.json;/mnt/d/Projects/GoldRush/docs/phase2-ingestion/data/treasury/raw/treasury-20260824T034935Z-page007.json;/mnt/d/Projects/GoldRush/docs/phase2-ingestion/data/treasury/raw/treasury-20260824T034935Z-page008.json;/mnt/d/Projects/GoldRush/docs/phase2-ingestion/data/treasury/raw/treasury-20260824T034935Z-page009.json;/mnt/d/Projects/GoldRush/docs/phase2-ingestion/data/treasury/raw/treasury-20260824T034935Z-page010.json;/mnt/d/Projects/GoldRush/docs/phase2-ingestion/data/treasury/raw/treasury-20260824T034935Z-page011.json;/mnt/d/Projects/GoldRush/docs/phase2-ingestion/data/treasury/raw/treasury-20260824T034935Z-page012.json;/mnt/d/Projects/GoldRush/docs/phase2-ingestion/data/treasury/raw/treasury-20260824T034935Z-page013.json;/mnt/d/Projects/GoldRush/docs/phase2-ingestion/data/treasury/raw/treasury-20260824T034935Z-page014.json;/mnt/d/Projects/GoldRush/docs/phase2-ingestion/data/treasury/raw/treasury-20260824T034935Z-page015.json;/mnt/d/Projects/GoldRush/docs/phase2-ingestion/data/treasury/raw/treasury-20260824T034935Z-page016.json,docs/phase2-ingestion/data/treasury/manifests/treasury-20260824T034935Z.manifest.json,16,cf284fd2186cebbd098b2823e2195f5af04c4bc8c7e75507d7dd4e8bf063fd5b,2026-08-24T03:49:35.808873+00:00,PASS,AVAILABLE,0.1.0
L4-009,2022-08-31,6759684.55211749,23674958.3839783,23670045.8198283,99.9792499565561,28.552044073251732,percent_of_marketable_treasury_debt,Positive dated marketable debt maturing after record date and within one calendar year / Total Marketable outstanding * 100,U.S. Treasury Fiscal Data — Monthly Statement of the Public Debt Table 3,https://api.fiscaldata.treasury.gov/services/api/fiscal_service/v1/debt/mspd/mspd_table_3_market,"{""fields"":""record_date,security_type_desc,security_class1_desc,maturity_date,outstanding_amt,src_line_nbr"",""filter"":""record_date:gte:1900-01-01"",""page[size]"":10000,""sort"":""record_date,src_line_nbr""}",/mnt/d/Projects/GoldRush/docs/phase2-ingestion/data/treasury/raw/treasury-20260824T034935Z-page001.json;/mnt/d/Projects/GoldRush/docs/phase2-ingestion/data/treasury/raw/treasury-20260824T034935Z-page002.json;/mnt/d/Projects/GoldRush/docs/phase2-ingestion/data/treasury/raw/treasury-20260824T034935Z-page003.json;/mnt/d/Projects/GoldRush/docs/phase2-ingestion/data/treasury/raw/treasury-20260824T034935Z-page004.json;/mnt/d/Projects/GoldRush/docs/phase2-ingestion/data/treasury/raw/treasury-20260824T034935Z-page005.json;/mnt/d/Projects/GoldRush/docs/phase2-ingestion/data/treasury/raw/treasury-20260824T034935Z-page006.json;/mnt/d/Projects/GoldRush/docs/phase2-ingestion/data/treasury/raw/treasury-20260824T034935Z-page007.json;/mnt/d/Projects/GoldRush/docs/phase2-ingestion/data/treasury/raw/treasury-20260824T034935Z-page008.json;/mnt/d/Projects/GoldRush/docs/phase2-ingestion/data/treasury/raw/treasury-20260824T034935Z-page009.json;/mnt/d/Projects/GoldRush/docs/phase2-ingestion/data/treasury/raw/treasury-20260824T034935Z-page010.json;/mnt/d/Projects/GoldRush/docs/phase2-ingestion/data/treasury/raw/treasury-20260824T034935Z-page011.json;/mnt/d/Projects/GoldRush/docs/phase2-ingestion/data/treasury/raw/treasury-20260824T034935Z-page012.json;/mnt/d/Projects/GoldRush/docs/phase2-ingestion/data/treasury/raw/treasury-20260824T034935Z-page013.json;/mnt/d/Projects/GoldRush/docs/phase2-ingestion/data/treasury/raw/treasury-20260824T034935Z-page014.json;/mnt/d/Projects/GoldRush/docs/phase2-ingestion/data/treasury/raw/treasury-20260824T034935Z-page015.json;/mnt/d/Projects/GoldRush/docs/phase2-ingestion/data/treasury/raw/treasury-20260824T034935Z-page016.json,docs/phase2-ingestion/data/treasury/manifests/treasury-20260824T034935Z.manifest.json,16,cf284fd2186cebbd098b2823e2195f5af04c4bc8c7e75507d7dd4e8bf063fd5b,2026-08-24T03:49:35.808873+00:00,PASS,AVAILABLE,0.1.0
L4-009,2022-09-30,6702016.00555316,23694123.9419895,23689211.41283947,99.97926688844012,28.28556152555695,percent_of_marketable_treasury_debt,Positive dated marketable debt maturing after record date and within one calendar year / Total Marketable outstanding * 100,U.S. Treasury Fiscal Data — Monthly Statement of the Public Debt Table 3,https://api.fiscaldata.treasury.gov/services/api/fiscal_service/v1/debt/mspd/mspd_table_3_market,"{""fields"":""record_date,security_type_desc,security_class1_desc,maturity_date,outstanding_amt,src_line_nbr"",""filter"":""record_date:gte:1900-01-01"",""page[size]"":10000,""sort"":""record_date,src_line_nbr""}",/mnt/d/Projects/GoldRush/docs/phase2-ingestion/data/treasury/raw/treasury-20260824T034935Z-page001.json;/mnt/d/Projects/GoldRush/docs/phase2-ingestion/data/treasury/raw/treasury-20260824T034935Z-page002.json;/mnt/d/Projects/GoldRush/docs/phase2-ingestion/data/treasury/raw/treasury-20260824T034935Z-page003.json;/mnt/d/Projects/GoldRush/docs/phase2-ingestion/data/treasury/raw/treasury-20260824T034935Z-page004.json;/mnt/d/Projects/GoldRush/docs/phase2-ingestion/data/treasury/raw/treasury-20260824T034935Z-page005.json;/mnt/d/Projects/GoldRush/docs/phase2-ingestion/data/treasury/raw/treasury-20260824T034935Z-page006.json;/mnt/d/Projects/GoldRush/docs/phase2-ingestion/data/treasury/raw/treasury-20260824T034935Z-page007.json;/mnt/d/Projects/GoldRush/docs/phase2-ingestion/data/treasury/raw/treasury-20260824T034935Z-page008.json;/mnt/d/Projects/GoldRush/docs/phase2-ingestion/data/treasury/raw/treasury-20260824T034935Z-page009.json;/mnt/d/Projects/GoldRush/docs/phase2-ingestion/data/treasury/raw/treasury-20260824T034935Z-page010.json;/mnt/d/Projects/GoldRush/docs/phase2-ingestion/data/treasury/raw/treasury-20260824T034935Z-page011.json;/mnt/d/Projects/GoldRush/docs/phase2-ingestion/data/treasury/raw/treasury-20260824T034935Z-page012.json;/mnt/d/Projects/GoldRush/docs/phase2-ingestion/data/treasury/raw/treasury-20260824T034935Z-page013.json;/mnt/d/Projects/GoldRush/docs/phase2-ingestion/data/treasury/raw/treasury-20260824T034935Z-page014.json;/mnt/d/Projects/GoldRush/docs/phase2-ingestion/data/treasury/raw/treasury-20260824T034935Z-page015.json;/mnt/d/Projects/GoldRush/docs/phase2-ingestion/data/treasury/raw/treasury-20260824T034935Z-page016.json,docs/phase2-ingestion/data/treasury/manifests/treasury-20260824T034935Z.manifest.json,16,cf284fd2186cebbd098b2823e2195f5af04c4bc8c7e75507d7dd4e8bf063fd5b,2026-08-24T03:49:35.808873+00:00,PASS,AVAILABLE,0.1.0
L4-009,2022-10-31,6755346.54084118,23743485.491889,23738572.96273899,99.97930999156932,28.451368452828337,percent_of_marketable_treasury_debt,Positive dated marketable debt maturing after record date and within one calendar year / Total Marketable outstanding * 100,U.S. Treasury Fiscal Data — Monthly Statement of the Public Debt Table 3,https://api.fiscaldata.treasury.gov/services/api/fiscal_service/v1/debt/mspd/mspd_table_3_market,"{""fields"":""record_date,security_type_desc,security_class1_desc,maturity_date,outstanding_amt,src_line_nbr"",""filter"":""record_date:gte:1900-01-01"",""page[size]"":10000,""sort"":""record_date,src_line_nbr""}",/mnt/d/Projects/GoldRush/docs/phase2-ingestion/data/treasury/raw/treasury-20260824T034935Z-page001.json;/mnt/d/Projects/GoldRush/docs/phase2-ingestion/data/treasury/raw/treasury-20260824T034935Z-page002.json;/mnt/d/Projects/GoldRush/docs/phase2-ingestion/data/treasury/raw/treasury-20260824T034935Z-page003.json;/mnt/d/Projects/GoldRush/docs/phase2-ingestion/data/treasury/raw/treasury-20260824T034935Z-page004.json;/mnt/d/Projects/GoldRush/docs/phase2-ingestion/data/treasury/raw/treasury-20260824T034935Z-page005.json;/mnt/d/Projects/GoldRush/docs/phase2-ingestion/data/treasury/raw/treasury-20260824T034935Z-page006.json;/mnt/d/Projects/GoldRush/docs/phase2-ingestion/data/treasury/raw/treasury-20260824T034935Z-page007.json;/mnt/d/Projects/GoldRush/docs/phase2-ingestion/data/treasury/raw/treasury-20260824T034935Z-page008.json;/mnt/d/Projects/GoldRush/docs/phase2-ingestion/data/treasury/raw/treasury-20260824T034935Z-page009.json;/mnt/d/Projects/GoldRush/docs/phase2-ingestion/data/treasury/raw/treasury-20260824T034935Z-page010.json;/mnt/d/Projects/GoldRush/docs/phase2-ingestion/data/treasury/raw/treasury-20260824T034935Z-page011.json;/mnt/d/Projects/GoldRush/docs/phase2-ingestion/data/treasury/raw/treasury-20260824T034935Z-page012.json;/mnt/d/Projects/GoldRush/docs/phase2-ingestion/data/treasury/raw/treasury-20260824T034935Z-page013.json;/mnt/d/Projects/GoldRush/docs/phase2-ingestion/data/treasury/raw/treasury-20260824T034935Z-page014.json;/mnt/d/Projects/GoldRush/docs/phase2-ingestion/data/treasury/raw/treasury-20260824T034935Z-page015.json;/mnt/d/Projects/GoldRush/docs/phase2-ingestion/data/treasury/raw/treasury-20260824T034935Z-page016.json,docs/phase2-ingestion/data/treasury/manifests/treasury-20260824T034935Z.manifest.json,16,cf284fd2186cebbd098b2823e2195f5af04c4bc8c7e75507d7dd4e8bf063fd5b,2026-08-24T03:49:35.808873+00:00,PASS,AVAILABLE,0.1.0
L4-009,2022-11-30,6915648.99857071,23953500.3037366,23948587.79658662,99.97949148522058,28.87114163223949,percent_of_marketable_treasury_debt,Positive dated marketable debt maturing after record date and within one calendar year / Total Marketable outstanding * 100,U.S. Treasury Fiscal Data — Monthly Statement of the Public Debt Table 3,https://api.fiscaldata.treasury.gov/services/api/fiscal_service/v1/debt/mspd/mspd_table_3_market,"{""fields"":""record_date,security_type_desc,security_class1_desc,maturity_date,outstanding_amt,src_line_nbr"",""filter"":""record_date:gte:1900-01-01"",""page[size]"":10000,""sort"":""record_date,src_line_nbr""}",/mnt/d/Projects/GoldRush/docs/phase2-ingestion/data/treasury/raw/treasury-20260824T034935Z-page001.json;/mnt/d/Projects/GoldRush/docs/phase2-ingestion/data/treasury/raw/treasury-20260824T034935Z-page002.json;/mnt/d/Projects/GoldRush/docs/phase2-ingestion/data/treasury/raw/treasury-20260824T034935Z-page003.json;/mnt/d/Projects/GoldRush/docs/phase2-ingestion/data/treasury/raw/treasury-20260824T034935Z-page004.json;/mnt/d/Projects/GoldRush/docs/phase2-ingestion/data/treasury/raw/treasury-20260824T034935Z-page005.json;/mnt/d/Projects/GoldRush/docs/phase2-ingestion/data/treasury/raw/treasury-20260824T034935Z-page006.json;/mnt/d/Projects/GoldRush/docs/phase2-ingestion/data/treasury/raw/treasury-20260824T034935Z-page007.json;/mnt/d/Projects/GoldRush/docs/phase2-ingestion/data/treasury/raw/treasury-20260824T034935Z-page008.json;/mnt/d/Projects/GoldRush/docs/phase2-ingestion/data/treasury/raw/treasury-20260824T034935Z-page009.json;/mnt/d/Projects/GoldRush/docs/phase2-ingestion/data/treasury/raw/treasury-20260824T034935Z-page010.json;/mnt/d/Projects/GoldRush/docs/phase2-ingestion/data/treasury/raw/treasury-20260824T034935Z-page011.json;/mnt/d/Projects/GoldRush/docs/phase2-ingestion/data/treasury/raw/treasury-20260824T034935Z-page012.json;/mnt/d/Projects/GoldRush/docs/phase2-ingestion/data/treasury/raw/treasury-20260824T034935Z-page013.json;/mnt/d/Projects/GoldRush/docs/phase2-ingestion/data/treasury/raw/treasury-20260824T034935Z-page014.json;/mnt/d/Projects/GoldRush/docs/phase2-ingestion/data/treasury/raw/treasury-20260824T034935Z-page015.json;/mnt/d/Projects/GoldRush/docs/phase2-ingestion/data/treasury/raw/treasury-20260824T034935Z-page016.json,docs/phase2-ingestion/data/treasury/manifests/treasury-20260824T034935Z.manifest.json,16,cf284fd2186cebbd098b2823e2195f5af04c4bc8c7e75507d7dd4e8bf063fd5b,2026-08-24T03:49:35.808873+00:00,PASS,AVAILABLE,0.1.0
L4-009,2022-12-31,6824199.88223087,23939299.8132755,23800118.59522553,99.41860781586942,28.50626348915402,percent_of_marketable_treasury_debt,Positive dated marketable debt maturing after record date and within one calendar year / Total Marketable outstanding * 100,U.S. Treasury Fiscal Data — Monthly Statement of the Public Debt Table 3,https://api.fiscaldata.treasury.gov/services/api/fiscal_service/v1/debt/mspd/mspd_table_3_market,"{""fields"":""record_date,security_type_desc,security_class1_desc,maturity_date,outstanding_amt,src_line_nbr"",""filter"":""record_date:gte:1900-01-01"",""page[size]"":10000,""sort"":""record_date,src_line_nbr""}",/mnt/d/Projects/GoldRush/docs/phase2-ingestion/data/treasury/raw/treasury-20260824T034935Z-page001.json;/mnt/d/Projects/GoldRush/docs/phase2-ingestion/data/treasury/raw/treasury-20260824T034935Z-page002.json;/mnt/d/Projects/GoldRush/docs/phase2-ingestion/data/treasury/raw/treasury-20260824T034935Z-page003.json;/mnt/d/Projects/GoldRush/docs/phase2-ingestion/data/treasury/raw/treasury-20260824T034935Z-page004.json;/mnt/d/Projects/GoldRush/docs/phase2-ingestion/data/treasury/raw/treasury-20260824T034935Z-page005.json;/mnt/d/Projects/GoldRush/docs/phase2-ingestion/data/treasury/raw/treasury-20260824T034935Z-page006.json;/mnt/d/Projects/GoldRush/docs/phase2-ingestion/data/treasury/raw/treasury-20260824T034935Z-page007.json;/mnt/d/Projects/GoldRush/docs/phase2-ingestion/data/treasury/raw/treasury-20260824T034935Z-page008.json;/mnt/d/Projects/GoldRush/docs/phase2-ingestion/data/treasury/raw/treasury-20260824T034935Z-page009.json;/mnt/d/Projects/GoldRush/docs/phase2-ingestion/data/treasury/raw/treasury-20260824T034935Z-page010.json;/mnt/d/Projects/GoldRush/docs/phase2-ingestion/data/treasury/raw/treasury-20260824T034935Z-page011.json;/mnt/d/Projects/GoldRush/docs/phase2-ingestion/data/treasury/raw/treasury-20260824T034935Z-page012.json;/mnt/d/Projects/GoldRush/docs/phase2-ingestion/data/treasury/raw/treasury-20260824T034935Z-page013.json;/mnt/d/Projects/GoldRush/docs/phase2-ingestion/data/treasury/raw/treasury-20260824T034935Z-page014.json;/mnt/d/Projects/GoldRush/docs/phase2-ingestion/data/treasury/raw/treasury-20260824T034935Z-page015.json;/mnt/d/Projects/GoldRush/docs/phase2-ingestion/data/treasury/raw/treasury-20260824T034935Z-page016.json,docs/phase2-ingestion/data/treasury/manifests/treasury-20260824T034935Z.manifest.json,16,cf284fd2186cebbd098b2823e2195f5af04c4bc8c7e75507d7dd4e8bf063fd5b,2026-08-24T03:49:35.808873+00:00,PASS,AVAILABLE,0.1.0
L4-009,2023-01-31,7075922.1680239,24127609.3011524,24122696.89250239,99.9796398864525,29.327075383659892,percent_of_marketable_treasury_debt,Positive dated marketable debt maturing after record date and within one calendar year / Total Marketable outstanding * 100,U.S. Treasury Fiscal Data — Monthly Statement of the Public Debt Table 3,https://api.fiscaldata.treasury.gov/services/api/fiscal_service/v1/debt/mspd/mspd_table_3_market,"{""fields"":""record_date,security_type_desc,security_class1_desc,maturity_date,outstanding_amt,src_line_nbr"",""filter"":""record_date:gte:1900-01-01"",""page[size]"":10000,""sort"":""record_date,src_line_nbr""}",/mnt/d/Projects/GoldRush/docs/phase2-ingestion/data/treasury/raw/treasury-20260824T034935Z-page001.json;/mnt/d/Projects/GoldRush/docs/phase2-ingestion/data/treasury/raw/treasury-20260824T034935Z-page002.json;/mnt/d/Projects/GoldRush/docs/phase2-ingestion/data/treasury/raw/treasury-20260824T034935Z-page003.json;/mnt/d/Projects/GoldRush/docs/phase2-ingestion/data/treasury/raw/treasury-20260824T034935Z-page004.json;/mnt/d/Projects/GoldRush/docs/phase2-ingestion/data/treasury/raw/treasury-20260824T034935Z-page005.json;/mnt/d/Projects/GoldRush/docs/phase2-ingestion/data/treasury/raw/treasury-20260824T034935Z-page006.json;/mnt/d/Projects/GoldRush/docs/phase2-ingestion/data/treasury/raw/treasury-20260824T034935Z-page007.json;/mnt/d/Projects/GoldRush/docs/phase2-ingestion/data/treasury/raw/treasury-20260824T034935Z-page008.json;/mnt/d/Projects/GoldRush/docs/phase2-ingestion/data/treasury/raw/treasury-20260824T034935Z-page009.json;/mnt/d/Projects/GoldRush/docs/phase2-ingestion/data/treasury/raw/treasury-20260824T034935Z-page010.json;/mnt/d/Projects/GoldRush/docs/phase2-ingestion/data/treasury/raw/treasury-20260824T034935Z-page011.json;/mnt/d/Projects/GoldRush/docs/phase2-ingestion/data/treasury/raw/treasury-20260824T034935Z-page012.json;/mnt/d/Projects/GoldRush/docs/phase2-ingestion/data/treasury/raw/treasury-20260824T034935Z-page013.json;/mnt/d/Projects/GoldRush/docs/phase2-ingestion/data/treasury/raw/treasury-20260824T034935Z-page014.json;/mnt/d/Projects/GoldRush/docs/phase2-ingestion/data/treasury/raw/treasury-20260824T034935Z-page015.json;/mnt/d/Projects/GoldRush/docs/phase2-ingestion/data/treasury/raw/treasury-20260824T034935Z-page016.json,docs/phase2-ingestion/data/treasury/manifests/treasury-20260824T034935Z.manifest.json,16,cf284fd2186cebbd098b2823e2195f5af04c4bc8c7e75507d7dd4e8bf063fd5b,2026-08-24T03:49:35.808873+00:00,PASS,AVAILABLE,0.1.0
L4-009,2023-02-28,7048801.16256079,24282564.9012551,24277652.4926051,99.97976981150889,29.028239772959306,percent_of_marketable_treasury_debt,Positive dated marketable debt maturing after record date and within one calendar year / Total Marketable outstanding * 100,U.S. Treasury Fiscal Data — Monthly Statement of the Public Debt Table 3,https://api.fiscaldata.treasury.gov/services/api/fiscal_service/v1/debt/mspd/mspd_table_3_market,"{""fields"":""record_date,security_type_desc,security_class1_desc,maturity_date,outstanding_amt,src_line_nbr"",""filter"":""record_date:gte:1900-01-01"",""page[size]"":10000,""sort"":""record_date,src_line_nbr""}",/mnt/d/Projects/GoldRush/docs/phase2-ingestion/data/treasury/raw/treasury-20260824T034935Z-page001.json;/mnt/d/Projects/GoldRush/docs/phase2-ingestion/data/treasury/raw/treasury-20260824T034935Z-page002.json;/mnt/d/Projects/GoldRush/docs/phase2-ingestion/data/treasury/raw/treasury-20260824T034935Z-page003.json;/mnt/d/Projects/GoldRush/docs/phase2-ingestion/data/treasury/raw/treasury-20260824T034935Z-page004.json;/mnt/d/Projects/GoldRush/docs/phase2-ingestion/data/treasury/raw/treasury-20260824T034935Z-page005.json;/mnt/d/Projects/GoldRush/docs/phase2-ingestion/data/treasury/raw/treasury-20260824T034935Z-page006.json;/mnt/d/Projects/GoldRush/docs/phase2-ingestion/data/treasury/raw/treasury-20260824T034935Z-page007.json;/mnt/d/Projects/GoldRush/docs/phase2-ingestion/data/treasury/raw/treasury-20260824T034935Z-page008.json;/mnt/d/Projects/GoldRush/docs/phase2-ingestion/data/treasury/raw/treasury-20260824T034935Z-page009.json;/mnt/d/Projects/GoldRush/docs/phase2-ingestion/data/treasury/raw/treasury-20260824T034935Z-page010.json;/mnt/d/Projects/GoldRush/docs/phase2-ingestion/data/treasury/raw/treasury-20260824T034935Z-page011.json;/mnt/d/Projects/GoldRush/docs/phase2-ingestion/data/treasury/raw/treasury-20260824T034935Z-page012.json;/mnt/d/Projects/GoldRush/docs/phase2-ingestion/data/treasury/raw/treasury-20260824T034935Z-page013.json;/mnt/d/Projects/GoldRush/docs/phase2-ingestion/data/treasury/raw/treasury-20260824T034935Z-page014.json;/mnt/d/Projects/GoldRush/docs/phase2-ingestion/data/treasury/raw/treasury-20260824T034935Z-page015.json;/mnt/d/Projects/GoldRush/docs/phase2-ingestion/data/treasury/raw/treasury-20260824T034935Z-page016.json,docs/phase2-ingestion/data/treasury/manifests/treasury-20260824T034935Z.manifest.json,16,cf284fd2186cebbd098b2823e2195f5af04c4bc8c7e75507d7dd4e8bf063fd5b,2026-08-24T03:49:35.808873+00:00,PASS,AVAILABLE,0.1.0
L4-009,2023-03-31,7205490.43785828,24382241.3836087,24377328.99000871,99.97985257580424,29.55220697102224,percent_of_marketable_treasury_debt,Positive dated marketable debt maturing after record date and within one calendar year / Total Marketable outstanding * 100,U.S. Treasury Fiscal Data — Monthly Statement of the Public Debt Table 3,https://api.fiscaldata.treasury.gov/services/api/fiscal_service/v1/debt/mspd/mspd_table_3_market,"{""fields"":""record_date,security_type_desc,security_class1_desc,maturity_date,outstanding_amt,src_line_nbr"",""filter"":""record_date:gte:1900-01-01"",""page[size]"":10000,""sort"":""record_date,src_line_nbr""}",/mnt/d/Projects/GoldRush/docs/phase2-ingestion/data/treasury/raw/treasury-20260824T034935Z-page001.json;/mnt/d/Projects/GoldRush/docs/phase2-ingestion/data/treasury/raw/treasury-20260824T034935Z-page002.json;/mnt/d/Projects/GoldRush/docs/phase2-ingestion/data/treasury/raw/treasury-20260824T034935Z-page003.json;/mnt/d/Projects/GoldRush/docs/phase2-ingestion/data/treasury/raw/treasury-20260824T034935Z-page004.json;/mnt/d/Projects/GoldRush/docs/phase2-ingestion/data/treasury/raw/treasury-20260824T034935Z-page005.json;/mnt/d/Projects/GoldRush/docs/phase2-ingestion/data/treasury/raw/treasury-20260824T034935Z-page006.json;/mnt/d/Projects/GoldRush/docs/phase2-ingestion/data/treasury/raw/treasury-20260824T034935Z-page007.json;/mnt/d/Projects/GoldRush/docs/phase2-ingestion/data/treasury/raw/treasury-20260824T034935Z-page008.json;/mnt/d/Projects/GoldRush/docs/phase2-ingestion/data/treasury/raw/treasury-20260824T034935Z-page009.json;/mnt/d/Projects/GoldRush/docs/phase2-ingestion/data/treasury/raw/treasury-20260824T034935Z-page010.json;/mnt/d/Projects/GoldRush/docs/phase2-ingestion/data/treasury/raw/treasury-20260824T034935Z-page011.json;/mnt/d/Projects/GoldRush/docs/phase2-ingestion/data/treasury/raw/treasury-20260824T034935Z-page012.json;/mnt/d/Projects/GoldRush/docs/phase2-ingestion/data/treasury/raw/treasury-20260824T034935Z-page013.json;/mnt/d/Projects/GoldRush/docs/phase2-ingestion/data/treasury/raw/treasury-20260824T034935Z-page014.json;/mnt/d/Projects/GoldRush/docs/phase2-ingestion/data/treasury/raw/treasury-20260824T034935Z-page015.json;/mnt/d/Projects/GoldRush/docs/phase2-ingestion/data/treasury/raw/treasury-20260824T034935Z-page016.json,docs/phase2-ingestion/data/treasury/manifests/treasury-20260824T034935Z.manifest.json,16,cf284fd2186cebbd098b2823e2195f5af04c4bc8c7e75507d7dd4e8bf063fd5b,2026-08-24T03:49:35.808873+00:00,PASS,AVAILABLE,0.1.0
L4-009,2023-04-30,7056022.10666262,24285795.6946825,24049170.33398247,99.0256635455768,29.054111281219303,percent_of_marketable_treasury_debt,Positive dated marketable debt maturing after record date and within one calendar year / Total Marketable outstanding * 100,U.S. Treasury Fiscal Data — Monthly Statement of the Public Debt Table 3,https://api.fiscaldata.treasury.gov/services/api/fiscal_service/v1/debt/mspd/mspd_table_3_market,"{""fields"":""record_date,security_type_desc,security_class1_desc,maturity_date,outstanding_amt,src_line_nbr"",""filter"":""record_date:gte:1900-01-01"",""page[size]"":10000,""sort"":""record_date,src_line_nbr""}",/mnt/d/Projects/GoldRush/docs/phase2-ingestion/data/treasury/raw/treasury-20260824T034935Z-page001.json;/mnt/d/Projects/GoldRush/docs/phase2-ingestion/data/treasury/raw/treasury-20260824T034935Z-page002.json;/mnt/d/Projects/GoldRush/docs/phase2-ingestion/data/treasury/raw/treasury-20260824T034935Z-page003.json;/mnt/d/Projects/GoldRush/docs/phase2-ingestion/data/treasury/raw/treasury-20260824T034935Z-page004.json;/mnt/d/Projects/GoldRush/docs/phase2-ingestion/data/treasury/raw/treasury-20260824T034935Z-page005.json;/mnt/d/Projects/GoldRush/docs/phase2-ingestion/data/treasury/raw/treasury-20260824T034935Z-page006.json;/mnt/d/Projects/GoldRush/docs/phase2-ingestion/data/treasury/raw/treasury-20260824T034935Z-page007.json;/mnt/d/Projects/GoldRush/docs/phase2-ingestion/data/treasury/raw/treasury-20260824T034935Z-page008.json;/mnt/d/Projects/GoldRush/docs/phase2-ingestion/data/treasury/raw/treasury-20260824T034935Z-page009.json;/mnt/d/Projects/GoldRush/docs/phase2-ingestion/data/treasury/raw/treasury-20260824T034935Z-page010.json;/mnt/d/Projects/GoldRush/docs/phase2-ingestion/data/treasury/raw/treasury-20260824T034935Z-page011.json;/mnt/d/Projects/GoldRush/docs/phase2-ingestion/data/treasury/raw/treasury-20260824T034935Z-page012.json;/mnt/d/Projects/GoldRush/docs/phase2-ingestion/data/treasury/raw/treasury-20260824T034935Z-page013.json;/mnt/d/Projects/GoldRush/docs/phase2-ingestion/data/treasury/raw/treasury-20260824T034935Z-page014.json;/mnt/d/Projects/GoldRush/docs/phase2-ingestion/data/treasury/raw/treasury-20260824T034935Z-page015.json;/mnt/d/Projects/GoldRush/docs/phase2-ingestion/data/treasury/raw/treasury-20260824T034935Z-page016.json,docs/phase2-ingestion/data/treasury/manifests/treasury-20260824T034935Z.manifest.json,16,cf284fd2186cebbd098b2823e2195f5af04c4bc8c7e75507d7dd4e8bf063fd5b,2026-08-24T03:49:35.808873+00:00,PASS,AVAILABLE,0.1.0
L4-009,2023-05-31,7113602.31505232,24328181.188019,24321393.96491899,99.97210139530138,29.240173196981882,percent_of_marketable_treasury_debt,Positive dated marketable debt maturing after record date and within one calendar year / Total Marketable outstanding * 100,U.S. Treasury Fiscal Data — Monthly Statement of the Public Debt Table 3,https://api.fiscaldata.treasury.gov/services/api/fiscal_service/v1/debt/mspd/mspd_table_3_market,"{""fields"":""record_date,security_type_desc,security_class1_desc,maturity_date,outstanding_amt,src_line_nbr"",""filter"":""record_date:gte:1900-01-01"",""page[size]"":10000,""sort"":""record_date,src_line_nbr""}",/mnt/d/Projects/GoldRush/docs/phase2-ingestion/data/treasury/raw/treasury-20260824T034935Z-page001.json;/mnt/d/Projects/GoldRush/docs/phase2-ingestion/data/treasury/raw/treasury-20260824T034935Z-page002.json;/mnt/d/Projects/GoldRush/docs/phase2-ingestion/data/treasury/raw/treasury-20260824T034935Z-page003.json;/mnt/d/Projects/GoldRush/docs/phase2-ingestion/data/treasury/raw/treasury-20260824T034935Z-page004.json;/mnt/d/Projects/GoldRush/docs/phase2-ingestion/data/treasury/raw/treasury-20260824T034935Z-page005.json;/mnt/d/Projects/GoldRush/docs/phase2-ingestion/data/treasury/raw/treasury-20260824T034935Z-page006.json;/mnt/d/Projects/GoldRush/docs/phase2-ingestion/data/treasury/raw/treasury-20260824T034935Z-page007.json;/mnt/d/Projects/GoldRush/docs/phase2-ingestion/data/treasury/raw/treasury-20260824T034935Z-page008.json;/mnt/d/Projects/GoldRush/docs/phase2-ingestion/data/treasury/raw/treasury-20260824T034935Z-page009.json;/mnt/d/Projects/GoldRush/docs/phase2-ingestion/data/treasury/raw/treasury-20260824T034935Z-page010.json;/mnt/d/Projects/GoldRush/docs/phase2-ingestion/data/treasury/raw/treasury-20260824T034935Z-page011.json;/mnt/d/Projects/GoldRush/docs/phase2-ingestion/data/treasury/raw/treasury-20260824T034935Z-page012.json;/mnt/d/Projects/GoldRush/docs/phase2-ingestion/data/treasury/raw/treasury-20260824T034935Z-page013.json;/mnt/d/Projects/GoldRush/docs/phase2-ingestion/data/treasury/raw/treasury-20260824T034935Z-page014.json;/mnt/d/Projects/GoldRush/docs/phase2-ingestion/data/treasury/raw/treasury-20260824T034935Z-page015.json;/mnt/d/Projects/GoldRush/docs/phase2-ingestion/data/treasury/raw/treasury-20260824T034935Z-page016.json,docs/phase2-ingestion/data/treasury/manifests/treasury-20260824T034935Z.manifest.json,16,cf284fd2186cebbd098b2823e2195f5af04c4bc8c7e75507d7dd4e8bf063fd5b,2026-08-24T03:49:35.808873+00:00,PASS,AVAILABLE,0.1.0
L4-009,2023-06-30,7588894.82255288,24886649.672142,24881092.38204197,99.9776695932428,30.493838755032797,percent_of_marketable_treasury_debt,Positive dated marketable debt maturing after record date and within one calendar year / Total Marketable outstanding * 100,U.S. Treasury Fiscal Data — Monthly Statement of the Public Debt Table 3,https://api.fiscaldata.treasury.gov/services/api/fiscal_service/v1/debt/mspd/mspd_table_3_market,"{""fields"":""record_date,security_type_desc,security_class1_desc,maturity_date,outstanding_amt,src_line_nbr"",""filter"":""record_date:gte:1900-01-01"",""page[size]"":10000,""sort"":""record_date,src_line_nbr""}",/mnt/d/Projects/GoldRush/docs/phase2-ingestion/data/treasury/raw/treasury-20260824T034935Z-page001.json;/mnt/d/Projects/GoldRush/docs/phase2-ingestion/data/treasury/raw/treasury-20260824T034935Z-page002.json;/mnt/d/Projects/GoldRush/docs/phase2-ingestion/data/treasury/raw/treasury-20260824T034935Z-page003.json;/mnt/d/Projects/GoldRush/docs/phase2-ingestion/data/treasury/raw/treasury-20260824T034935Z-page004.json;/mnt/d/Projects/GoldRush/docs/phase2-ingestion/data/treasury/raw/treasury-20260824T034935Z-page005.json;/mnt/d/Projects/GoldRush/docs/phase2-ingestion/data/treasury/raw/treasury-20260824T034935Z-page006.json;/mnt/d/Projects/GoldRush/docs/phase2-ingestion/data/treasury/raw/treasury-20260824T034935Z-page007.json;/mnt/d/Projects/GoldRush/docs/phase2-ingestion/data/treasury/raw/treasury-20260824T034935Z-page008.json;/mnt/d/Projects/GoldRush/docs/phase2-ingestion/data/treasury/raw/treasury-20260824T034935Z-page009.json;/mnt/d/Projects/GoldRush/docs/phase2-ingestion/data/treasury/raw/treasury-20260824T034935Z-page010.json;/mnt/d/Projects/GoldRush/docs/phase2-ingestion/data/treasury/raw/treasury-20260824T034935Z-page011.json;/mnt/d/Projects/GoldRush/docs/phase2-ingestion/data/treasury/raw/treasury-20260824T034935Z-page012.json;/mnt/d/Projects/GoldRush/docs/phase2-ingestion/data/treasury/raw/treasury-20260824T034935Z-page013.json;/mnt/d/Projects/GoldRush/docs/phase2-ingestion/data/treasury/raw/treasury-20260824T034935Z-page014.json;/mnt/d/Projects/GoldRush/docs/phase2-ingestion/data/treasury/raw/treasury-20260824T034935Z-page015.json;/mnt/d/Projects/GoldRush/docs/phase2-ingestion/data/treasury/raw/treasury-20260824T034935Z-page016.json,docs/phase2-ingestion/data/treasury/manifests/treasury-20260824T034935Z.manifest.json,16,cf284fd2186cebbd098b2823e2195f5af04c4bc8c7e75507d7dd4e8bf063fd5b,2026-08-24T03:49:35.808873+00:00,PASS,AVAILABLE,0.1.0
L4-009,2023-07-31,7885659.62262929,25137995.8374586,25132438.56835857,99.97789295083044,31.369484161019393,percent_of_marketable_treasury_debt,Positive dated marketable debt maturing after record date and within one calendar year / Total Marketable outstanding * 100,U.S. Treasury Fiscal Data — Monthly Statement of the Public Debt Table 3,https://api.fiscaldata.treasury.gov/services/api/fiscal_service/v1/debt/mspd/mspd_table_3_market,"{""fields"":""record_date,security_type_desc,security_class1_desc,maturity_date,outstanding_amt,src_line_nbr"",""filter"":""record_date:gte:1900-01-01"",""page[size]"":10000,""sort"":""record_date,src_line_nbr""}",/mnt/d/Projects/GoldRush/docs/phase2-ingestion/data/treasury/raw/treasury-20260824T034935Z-page001.json;/mnt/d/Projects/GoldRush/docs/phase2-ingestion/data/treasury/raw/treasury-20260824T034935Z-page002.json;/mnt/d/Projects/GoldRush/docs/phase2-ingestion/data/treasury/raw/treasury-20260824T034935Z-page003.json;/mnt/d/Projects/GoldRush/docs/phase2-ingestion/data/treasury/raw/treasury-20260824T034935Z-page004.json;/mnt/d/Projects/GoldRush/docs/phase2-ingestion/data/treasury/raw/treasury-20260824T034935Z-page005.json;/mnt/d/Projects/GoldRush/docs/phase2-ingestion/data/treasury/raw/treasury-20260824T034935Z-page006.json;/mnt/d/Projects/GoldRush/docs/phase2-ingestion/data/treasury/raw/treasury-20260824T034935Z-page007.json;/mnt/d/Projects/GoldRush/docs/phase2-ingestion/data/treasury/raw/treasury-20260824T034935Z-page008.json;/mnt/d/Projects/GoldRush/docs/phase2-ingestion/data/treasury/raw/treasury-20260824T034935Z-page009.json;/mnt/d/Projects/GoldRush/docs/phase2-ingestion/data/treasury/raw/treasury-20260824T034935Z-page010.json;/mnt/d/Projects/GoldRush/docs/phase2-ingestion/data/treasury/raw/treasury-20260824T034935Z-page011.json;/mnt/d/Projects/GoldRush/docs/phase2-ingestion/data/treasury/raw/treasury-20260824T034935Z-page012.json;/mnt/d/Projects/GoldRush/docs/phase2-ingestion/data/treasury/raw/treasury-20260824T034935Z-page013.json;/mnt/d/Projects/GoldRush/docs/phase2-ingestion/data/treasury/raw/treasury-20260824T034935Z-page014.json;/mnt/d/Projects/GoldRush/docs/phase2-ingestion/data/treasury/raw/treasury-20260824T034935Z-page015.json;/mnt/d/Projects/GoldRush/docs/phase2-ingestion/data/treasury/raw/treasury-20260824T034935Z-page016.json,docs/phase2-ingestion/data/treasury/manifests/treasury-20260824T034935Z.manifest.json,16,cf284fd2186cebbd098b2823e2195f5af04c4bc8c7e75507d7dd4e8bf063fd5b,2026-08-24T03:49:35.808873+00:00,PASS,AVAILABLE,0.1.0
L4-009,2023-08-31,8162066.06307879,25477563.0207613,25472006.70266134,99.97819132820736,32.03629034860061,percent_of_marketable_treasury_debt,Positive dated marketable debt maturing after record date and within one calendar year / Total Marketable outstanding * 100,U.S. Treasury Fiscal Data — Monthly Statement of the Public Debt Table 3,https://api.fiscaldata.treasury.gov/services/api/fiscal_service/v1/debt/mspd/mspd_table_3_market,"{""fields"":""record_date,security_type_desc,security_class1_desc,maturity_date,outstanding_amt,src_line_nbr"",""filter"":""record_date:gte:1900-01-01"",""page[size]"":10000,""sort"":""record_date,src_line_nbr""}",/mnt/d/Projects/GoldRush/docs/phase2-ingestion/data/treasury/raw/treasury-20260824T034935Z-page001.json;/mnt/d/Projects/GoldRush/docs/phase2-ingestion/data/treasury/raw/treasury-20260824T034935Z-page002.json;/mnt/d/Projects/GoldRush/docs/phase2-ingestion/data/treasury/raw/treasury-20260824T034935Z-page003.json;/mnt/d/Projects/GoldRush/docs/phase2-ingestion/data/treasury/raw/treasury-20260824T034935Z-page004.json;/mnt/d/Projects/GoldRush/docs/phase2-ingestion/data/treasury/raw/treasury-20260824T034935Z-page005.json;/mnt/d/Projects/GoldRush/docs/phase2-ingestion/data/treasury/raw/treasury-20260824T034935Z-page006.json;/mnt/d/Projects/GoldRush/docs/phase2-ingestion/data/treasury/raw/treasury-20260824T034935Z-page007.json;/mnt/d/Projects/GoldRush/docs/phase2-ingestion/data/treasury/raw/treasury-20260824T034935Z-page008.json;/mnt/d/Projects/GoldRush/docs/phase2-ingestion/data/treasury/raw/treasury-20260824T034935Z-page009.json;/mnt/d/Projects/GoldRush/docs/phase2-ingestion/data/treasury/raw/treasury-20260824T034935Z-page010.json;/mnt/d/Projects/GoldRush/docs/phase2-ingestion/data/treasury/raw/treasury-20260824T034935Z-page011.json;/mnt/d/Projects/GoldRush/docs/phase2-ingestion/data/treasury/raw/treasury-20260824T034935Z-page012.json;/mnt/d/Projects/GoldRush/docs/phase2-ingestion/data/treasury/raw/treasury-20260824T034935Z-page013.json;/mnt/d/Projects/GoldRush/docs/phase2-ingestion/data/treasury/raw/treasury-20260824T034935Z-page014.json;/mnt/d/Projects/GoldRush/docs/phase2-ingestion/data/treasury/raw/treasury-20260824T034935Z-page015.json;/mnt/d/Projects/GoldRush/docs/phase2-ingestion/data/treasury/raw/treasury-20260824T034935Z-page016.json,docs/phase2-ingestion/data/treasury/manifests/treasury-20260824T034935Z.manifest.json,16,cf284fd2186cebbd098b2823e2195f5af04c4bc8c7e75507d7dd4e8bf063fd5b,2026-08-24T03:49:35.808873+00:00,PASS,AVAILABLE,0.1.0
L4-009,2023-09-30,8345745.81130746,25753682.650781,25613199.97428101,99.45451422072358,32.40602877839053,percent_of_marketable_treasury_debt,Positive dated marketable debt maturing after record date and within one calendar year / Total Marketable outstanding * 100,U.S. Treasury Fiscal Data — Monthly Statement of the Public Debt Table 3,https://api.fiscaldata.treasury.gov/services/api/fiscal_service/v1/debt/mspd/mspd_table_3_market,"{""fields"":""record_date,security_type_desc,security_class1_desc,maturity_date,outstanding_amt,src_line_nbr"",""filter"":""record_date:gte:1900-01-01"",""page[size]"":10000,""sort"":""record_date,src_line_nbr""}",/mnt/d/Projects/GoldRush/docs/phase2-ingestion/data/treasury/raw/treasury-20260824T034935Z-page001.json;/mnt/d/Projects/GoldRush/docs/phase2-ingestion/data/treasury/raw/treasury-20260824T034935Z-page002.json;/mnt/d/Projects/GoldRush/docs/phase2-ingestion/data/treasury/raw/treasury-20260824T034935Z-page003.json;/mnt/d/Projects/GoldRush/docs/phase2-ingestion/data/treasury/raw/treasury-20260824T034935Z-page004.json;/mnt/d/Projects/GoldRush/docs/phase2-ingestion/data/treasury/raw/treasury-20260824T034935Z-page005.json;/mnt/d/Projects/GoldRush/docs/phase2-ingestion/data/treasury/raw/treasury-20260824T034935Z-page006.json;/mnt/d/Projects/GoldRush/docs/phase2-ingestion/data/treasury/raw/treasury-20260824T034935Z-page007.json;/mnt/d/Projects/GoldRush/docs/phase2-ingestion/data/treasury/raw/treasury-20260824T034935Z-page008.json;/mnt/d/Projects/GoldRush/docs/phase2-ingestion/data/treasury/raw/treasury-20260824T034935Z-page009.json;/mnt/d/Projects/GoldRush/docs/phase2-ingestion/data/treasury/raw/treasury-20260824T034935Z-page010.json;/mnt/d/Projects/GoldRush/docs/phase2-ingestion/data/treasury/raw/treasury-20260824T034935Z-page011.json;/mnt/d/Projects/GoldRush/docs/phase2-ingestion/data/treasury/raw/treasury-20260824T034935Z-page012.json;/mnt/d/Projects/GoldRush/docs/phase2-ingestion/data/treasury/raw/treasury-20260824T034935Z-page013.json;/mnt/d/Projects/GoldRush/docs/phase2-ingestion/data/treasury/raw/treasury-20260824T034935Z-page014.json;/mnt/d/Projects/GoldRush/docs/phase2-ingestion/data/treasury/raw/treasury-20260824T034935Z-page015.json;/mnt/d/Projects/GoldRush/docs/phase2-ingestion/data/treasury/raw/treasury-20260824T034935Z-page016.json,docs/phase2-ingestion/data/treasury/manifests/treasury-20260824T034935Z.manifest.json,16,cf284fd2186cebbd098b2823e2195f5af04c4bc8c7e75507d7dd4e8bf063fd5b,2026-08-24T03:49:35.808873+00:00,PASS,AVAILABLE,0.1.0
L4-009,2023-10-31,8561041.7649297,26003466.9354593,25997910.66295936,99.97863257036559,32.92269367841695,percent_of_marketable_treasury_debt,Positive dated marketable debt maturing after record date and within one calendar year / Total Marketable outstanding * 100,U.S. Treasury Fiscal Data — Monthly Statement of the Public Debt Table 3,https://api.fiscaldata.treasury.gov/services/api/fiscal_service/v1/debt/mspd/mspd_table_3_market,"{""fields"":""record_date,security_type_desc,security_class1_desc,maturity_date,outstanding_amt,src_line_nbr"",""filter"":""record_date:gte:1900-01-01"",""page[size]"":10000,""sort"":""record_date,src_line_nbr""}",/mnt/d/Projects/GoldRush/docs/phase2-ingestion/data/treasury/raw/treasury-20260824T034935Z-page001.json;/mnt/d/Projects/GoldRush/docs/phase2-ingestion/data/treasury/raw/treasury-20260824T034935Z-page002.json;/mnt/d/Projects/GoldRush/docs/phase2-ingestion/data/treasury/raw/treasury-20260824T034935Z-page003.json;/mnt/d/Projects/GoldRush/docs/phase2-ingestion/data/treasury/raw/treasury-20260824T034935Z-page004.json;/mnt/d/Projects/GoldRush/docs/phase2-ingestion/data/treasury/raw/treasury-20260824T034935Z-page005.json;/mnt/d/Projects/GoldRush/docs/phase2-ingestion/data/treasury/raw/treasury-20260824T034935Z-page006.json;/mnt/d/Projects/GoldRush/docs/phase2-ingestion/data/treasury/raw/treasury-20260824T034935Z-page007.json;/mnt/d/Projects/GoldRush/docs/phase2-ingestion/data/treasury/raw/treasury-20260824T034935Z-page008.json;/mnt/d/Projects/GoldRush/docs/phase2-ingestion/data/treasury/raw/treasury-20260824T034935Z-page009.json;/mnt/d/Projects/GoldRush/docs/phase2-ingestion/data/treasury/raw/treasury-20260824T034935Z-page010.json;/mnt/d/Projects/GoldRush/docs/phase2-ingestion/data/treasury/raw/treasury-20260824T034935Z-page011.json;/mnt/d/Projects/GoldRush/docs/phase2-ingestion/data/treasury/raw/treasury-20260824T034935Z-page012.json;/mnt/d/Projects/GoldRush/docs/phase2-ingestion/data/treasury/raw/treasury-20260824T034935Z-page013.json;/mnt/d/Projects/GoldRush/docs/phase2-ingestion/data/treasury/raw/treasury-20260824T034935Z-page014.json;/mnt/d/Projects/GoldRush/docs/phase2-ingestion/data/treasury/raw/treasury-20260824T034935Z-page015.json;/mnt/d/Projects/GoldRush/docs/phase2-ingestion/data/treasury/raw/treasury-20260824T034935Z-page016.json,docs/phase2-ingestion/data/treasury/manifests/treasury-20260824T034935Z.manifest.json,16,cf284fd2186cebbd098b2823e2195f5af04c4bc8c7e75507d7dd4e8bf063fd5b,2026-08-24T03:49:35.808873+00:00,PASS,AVAILABLE,0.1.0
L4-009,2023-11-30,8787962.31718521,26271925.959263,26266369.84676305,99.97885152193042,33.45001173804974,percent_of_marketable_treasury_debt,Positive dated marketable debt maturing after record date and within one calendar year / Total Marketable outstanding * 100,U.S. Treasury Fiscal Data — Monthly Statement of the Public Debt Table 3,https://api.fiscaldata.treasury.gov/services/api/fiscal_service/v1/debt/mspd/mspd_table_3_market,"{""fields"":""record_date,security_type_desc,security_class1_desc,maturity_date,outstanding_amt,src_line_nbr"",""filter"":""record_date:gte:1900-01-01"",""page[size]"":10000,""sort"":""record_date,src_line_nbr""}",/mnt/d/Projects/GoldRush/docs/phase2-ingestion/data/treasury/raw/treasury-20260824T034935Z-page001.json;/mnt/d/Projects/GoldRush/docs/phase2-ingestion/data/treasury/raw/treasury-20260824T034935Z-page002.json;/mnt/d/Projects/GoldRush/docs/phase2-ingestion/data/treasury/raw/treasury-20260824T034935Z-page003.json;/mnt/d/Projects/GoldRush/docs/phase2-ingestion/data/treasury/raw/treasury-20260824T034935Z-page004.json;/mnt/d/Projects/GoldRush/docs/phase2-ingestion/data/treasury/raw/treasury-20260824T034935Z-page005.json;/mnt/d/Projects/GoldRush/docs/phase2-ingestion/data/treasury/raw/treasury-20260824T034935Z-page006.json;/mnt/d/Projects/GoldRush/docs/phase2-ingestion/data/treasury/raw/treasury-20260824T034935Z-page007.json;/mnt/d/Projects/GoldRush/docs/phase2-ingestion/data/treasury/raw/treasury-20260824T034935Z-page008.json;/mnt/d/Projects/GoldRush/docs/phase2-ingestion/data/treasury/raw/treasury-20260824T034935Z-page009.json;/mnt/d/Projects/GoldRush/docs/phase2-ingestion/data/treasury/raw/treasury-20260824T034935Z-page010.json;/mnt/d/Projects/GoldRush/docs/phase2-ingestion/data/treasury/raw/treasury-20260824T034935Z-page011.json;/mnt/d/Projects/GoldRush/docs/phase2-ingestion/data/treasury/raw/treasury-20260824T034935Z-page012.json;/mnt/d/Projects/GoldRush/docs/phase2-ingestion/data/treasury/raw/treasury-20260824T034935Z-page013.json;/mnt/d/Projects/GoldRush/docs/phase2-ingestion/data/treasury/raw/treasury-20260824T034935Z-page014.json;/mnt/d/Projects/GoldRush/docs/phase2-ingestion/data/treasury/raw/treasury-20260824T034935Z-page015.json;/mnt/d/Projects/GoldRush/docs/phase2-ingestion/data/treasury/raw/treasury-20260824T034935Z-page016.json,docs/phase2-ingestion/data/treasury/manifests/treasury-20260824T034935Z.manifest.json,16,cf284fd2186cebbd098b2823e2195f5af04c4bc8c7e75507d7dd4e8bf063fd5b,2026-08-24T03:49:35.808873+00:00,PASS,AVAILABLE,0.1.0
L4-009,2023-12-31,8778299.91506095,26371707.796926,26229821.49732602,99.46197530818797,33.28680866122818,percent_of_marketable_treasury_debt,Positive dated marketable debt maturing after record date and within one calendar year / Total Marketable outstanding * 100,U.S. Treasury Fiscal Data — Monthly Statement of the Public Debt Table 3,https://api.fiscaldata.treasury.gov/services/api/fiscal_service/v1/debt/mspd/mspd_table_3_market,"{""fields"":""record_date,security_type_desc,security_class1_desc,maturity_date,outstanding_amt,src_line_nbr"",""filter"":""record_date:gte:1900-01-01"",""page[size]"":10000,""sort"":""record_date,src_line_nbr""}",/mnt/d/Projects/GoldRush/docs/phase2-ingestion/data/treasury/raw/treasury-20260824T034935Z-page001.json;/mnt/d/Projects/GoldRush/docs/phase2-ingestion/data/treasury/raw/treasury-20260824T034935Z-page002.json;/mnt/d/Projects/GoldRush/docs/phase2-ingestion/data/treasury/raw/treasury-20260824T034935Z-page003.json;/mnt/d/Projects/GoldRush/docs/phase2-ingestion/data/treasury/raw/treasury-20260824T034935Z-page004.json;/mnt/d/Projects/GoldRush/docs/phase2-ingestion/data/treasury/raw/treasury-20260824T034935Z-page005.json;/mnt/d/Projects/GoldRush/docs/phase2-ingestion/data/treasury/raw/treasury-20260824T034935Z-page006.json;/mnt/d/Projects/GoldRush/docs/phase2-ingestion/data/treasury/raw/treasury-20260824T034935Z-page007.json;/mnt/d/Projects/GoldRush/docs/phase2-ingestion/data/treasury/raw/treasury-20260824T034935Z-page008.json;/mnt/d/Projects/GoldRush/docs/phase2-ingestion/data/treasury/raw/treasury-20260824T034935Z-page009.json;/mnt/d/Projects/GoldRush/docs/phase2-ingestion/data/treasury/raw/treasury-20260824T034935Z-page010.json;/mnt/d/Projects/GoldRush/docs/phase2-ingestion/data/treasury/raw/treasury-20260824T034935Z-page011.json;/mnt/d/Projects/GoldRush/docs/phase2-ingestion/data/treasury/raw/treasury-20260824T034935Z-page012.json;/mnt/d/Projects/GoldRush/docs/phase2-ingestion/data/treasury/raw/treasury-20260824T034935Z-page013.json;/mnt/d/Projects/GoldRush/docs/phase2-ingestion/data/treasury/raw/treasury-20260824T034935Z-page014.json;/mnt/d/Projects/GoldRush/docs/phase2-ingestion/data/treasury/raw/treasury-20260824T034935Z-page015.json;/mnt/d/Projects/GoldRush/docs/phase2-ingestion/data/treasury/raw/treasury-20260824T034935Z-page016.json,docs/phase2-ingestion/data/treasury/manifests/treasury-20260824T034935Z.manifest.json,16,cf284fd2186cebbd098b2823e2195f5af04c4bc8c7e75507d7dd4e8bf063fd5b,2026-08-24T03:49:35.808873+00:00,PASS,AVAILABLE,0.1.0
L4-009,2024-01-31,8904324.77724555,26510337.554995,26504781.67349499,99.97904258484644,33.58812296815822,percent_of_marketable_treasury_debt,Positive dated marketable debt maturing after record date and within one calendar year / Total Marketable outstanding * 100,U.S. Treasury Fiscal Data — Monthly Statement of the Public Debt Table 3,https://api.fiscaldata.treasury.gov/services/api/fiscal_service/v1/debt/mspd/mspd_table_3_market,"{""fields"":""record_date,security_type_desc,security_class1_desc,maturity_date,outstanding_amt,src_line_nbr"",""filter"":""record_date:gte:1900-01-01"",""page[size]"":10000,""sort"":""record_date,src_line_nbr""}",/mnt/d/Projects/GoldRush/docs/phase2-ingestion/data/treasury/raw/treasury-20260824T034935Z-page001.json;/mnt/d/Projects/GoldRush/docs/phase2-ingestion/data/treasury/raw/treasury-20260824T034935Z-page002.json;/mnt/d/Projects/GoldRush/docs/phase2-ingestion/data/treasury/raw/treasury-20260824T034935Z-page003.json;/mnt/d/Projects/GoldRush/docs/phase2-ingestion/data/treasury/raw/treasury-20260824T034935Z-page004.json;/mnt/d/Projects/GoldRush/docs/phase2-ingestion/data/treasury/raw/treasury-20260824T034935Z-page005.json;/mnt/d/Projects/GoldRush/docs/phase2-ingestion/data/treasury/raw/treasury-20260824T034935Z-page006.json;/mnt/d/Projects/GoldRush/docs/phase2-ingestion/data/treasury/raw/treasury-20260824T034935Z-page007.json;/mnt/d/Projects/GoldRush/docs/phase2-ingestion/data/treasury/raw/treasury-20260824T034935Z-page008.json;/mnt/d/Projects/GoldRush/docs/phase2-ingestion/data/treasury/raw/treasury-20260824T034935Z-page009.json;/mnt/d/Projects/GoldRush/docs/phase2-ingestion/data/treasury/raw/treasury-20260824T034935Z-page010.json;/mnt/d/Projects/GoldRush/docs/phase2-ingestion/data/treasury/raw/treasury-20260824T034935Z-page011.json;/mnt/d/Projects/GoldRush/docs/phase2-ingestion/data/treasury/raw/treasury-20260824T034935Z-page012.json;/mnt/d/Projects/GoldRush/docs/phase2-ingestion/data/treasury/raw/treasury-20260824T034935Z-page013.json;/mnt/d/Projects/GoldRush/docs/phase2-ingestion/data/treasury/raw/treasury-20260824T034935Z-page014.json;/mnt/d/Projects/GoldRush/docs/phase2-ingestion/data/treasury/raw/treasury-20260824T034935Z-page015.json;/mnt/d/Projects/GoldRush/docs/phase2-ingestion/data/treasury/raw/treasury-20260824T034935Z-page016.json,docs/phase2-ingestion/data/treasury/manifests/treasury-20260824T034935Z.manifest.json,16,cf284fd2186cebbd098b2823e2195f5af04c4bc8c7e75507d7dd4e8bf063fd5b,2026-08-24T03:49:35.808873+00:00,PASS,AVAILABLE,0.1.0
L4-009,2024-02-29,9144821.60934081,26818850.0868723,26813294.24617236,99.97928382208057,34.098485131609564,percent_of_marketable_treasury_debt,Positive dated marketable debt maturing after record date and within one calendar year / Total Marketable outstanding * 100,U.S. Treasury Fiscal Data — Monthly Statement of the Public Debt Table 3,https://api.fiscaldata.treasury.gov/services/api/fiscal_service/v1/debt/mspd/mspd_table_3_market,"{""fields"":""record_date,security_type_desc,security_class1_desc,maturity_date,outstanding_amt,src_line_nbr"",""filter"":""record_date:gte:1900-01-01"",""page[size]"":10000,""sort"":""record_date,src_line_nbr""}",/mnt/d/Projects/GoldRush/docs/phase2-ingestion/data/treasury/raw/treasury-20260824T034935Z-page001.json;/mnt/d/Projects/GoldRush/docs/phase2-ingestion/data/treasury/raw/treasury-20260824T034935Z-page002.json;/mnt/d/Projects/GoldRush/docs/phase2-ingestion/data/treasury/raw/treasury-20260824T034935Z-page003.json;/mnt/d/Projects/GoldRush/docs/phase2-ingestion/data/treasury/raw/treasury-20260824T034935Z-page004.json;/mnt/d/Projects/GoldRush/docs/phase2-ingestion/data/treasury/raw/treasury-20260824T034935Z-page005.json;/mnt/d/Projects/GoldRush/docs/phase2-ingestion/data/treasury/raw/treasury-20260824T034935Z-page006.json;/mnt/d/Projects/GoldRush/docs/phase2-ingestion/data/treasury/raw/treasury-20260824T034935Z-page007.json;/mnt/d/Projects/GoldRush/docs/phase2-ingestion/data/treasury/raw/treasury-20260824T034935Z-page008.json;/mnt/d/Projects/GoldRush/docs/phase2-ingestion/data/treasury/raw/treasury-20260824T034935Z-page009.json;/mnt/d/Projects/GoldRush/docs/phase2-ingestion/data/treasury/raw/treasury-20260824T034935Z-page010.json;/mnt/d/Projects/GoldRush/docs/phase2-ingestion/data/treasury/raw/treasury-20260824T034935Z-page011.json;/mnt/d/Projects/GoldRush/docs/phase2-ingestion/data/treasury/raw/treasury-20260824T034935Z-page012.json;/mnt/d/Projects/GoldRush/docs/phase2-ingestion/data/treasury/raw/treasury-20260824T034935Z-page013.json;/mnt/d/Projects/GoldRush/docs/phase2-ingestion/data/treasury/raw/treasury-20260824T034935Z-page014.json;/mnt/d/Projects/GoldRush/docs/phase2-ingestion/data/treasury/raw/treasury-20260824T034935Z-page015.json;/mnt/d/Projects/GoldRush/docs/phase2-ingestion/data/treasury/raw/treasury-20260824T034935Z-page016.json,docs/phase2-ingestion/data/treasury/manifests/treasury-20260824T034935Z.manifest.json,16,cf284fd2186cebbd098b2823e2195f5af04c4bc8c7e75507d7dd4e8bf063fd5b,2026-08-24T03:49:35.808873+00:00,PASS,AVAILABLE,0.1.0
L4-009,2024-03-31,9182977.43721742,26951507.9021269,26814255.6542269,99.49074371497719,34.072221378354634,percent_of_marketable_treasury_debt,Positive dated marketable debt maturing after record date and within one calendar year / Total Marketable outstanding * 100,U.S. Treasury Fiscal Data — Monthly Statement of the Public Debt Table 3,https://api.fiscaldata.treasury.gov/services/api/fiscal_service/v1/debt/mspd/mspd_table_3_market,"{""fields"":""record_date,security_type_desc,security_class1_desc,maturity_date,outstanding_amt,src_line_nbr"",""filter"":""record_date:gte:1900-01-01"",""page[size]"":10000,""sort"":""record_date,src_line_nbr""}",/mnt/d/Projects/GoldRush/docs/phase2-ingestion/data/treasury/raw/treasury-20260824T034935Z-page001.json;/mnt/d/Projects/GoldRush/docs/phase2-ingestion/data/treasury/raw/treasury-20260824T034935Z-page002.json;/mnt/d/Projects/GoldRush/docs/phase2-ingestion/data/treasury/raw/treasury-20260824T034935Z-page003.json;/mnt/d/Projects/GoldRush/docs/phase2-ingestion/data/treasury/raw/treasury-20260824T034935Z-page004.json;/mnt/d/Projects/GoldRush/docs/phase2-ingestion/data/treasury/raw/treasury-20260824T034935Z-page005.json;/mnt/d/Projects/GoldRush/docs/phase2-ingestion/data/treasury/raw/treasury-20260824T034935Z-page006.json;/mnt/d/Projects/GoldRush/docs/phase2-ingestion/data/treasury/raw/treasury-20260824T034935Z-page007.json;/mnt/d/Projects/GoldRush/docs/phase2-ingestion/data/treasury/raw/treasury-20260824T034935Z-page008.json;/mnt/d/Projects/GoldRush/docs/phase2-ingestion/data/treasury/raw/treasury-20260824T034935Z-page009.json;/mnt/d/Projects/GoldRush/docs/phase2-ingestion/data/treasury/raw/treasury-20260824T034935Z-page010.json;/mnt/d/Projects/GoldRush/docs/phase2-ingestion/data/treasury/raw/treasury-20260824T034935Z-page011.json;/mnt/d/Projects/GoldRush/docs/phase2-ingestion/data/treasury/raw/treasury-20260824T034935Z-page012.json;/mnt/d/Projects/GoldRush/docs/phase2-ingestion/data/treasury/raw/treasury-20260824T034935Z-page013.json;/mnt/d/Projects/GoldRush/docs/phase2-ingestion/data/treasury/raw/treasury-20260824T034935Z-page014.json;/mnt/d/Projects/GoldRush/docs/phase2-ingestion/data/treasury/raw/treasury-20260824T034935Z-page015.json;/mnt/d/Projects/GoldRush/docs/phase2-ingestion/data/treasury/raw/treasury-20260824T034935Z-page016.json,docs/phase2-ingestion/data/treasury/manifests/treasury-20260824T034935Z.manifest.json,16,cf284fd2186cebbd098b2823e2195f5af04c4bc8c7e75507d7dd4e8bf063fd5b,2026-08-24T03:49:35.808873+00:00,PASS,AVAILABLE,0.1.0
L4-009,2024-04-30,8977859.81984069,26918364.5658202,26912809.28212017,99.97936247692,33.352174118484136,percent_of_marketable_treasury_debt,Positive dated marketable debt maturing after record date and within one calendar year / Total Marketable outstanding * 100,U.S. Treasury Fiscal Data — Monthly Statement of the Public Debt Table 3,https://api.fiscaldata.treasury.gov/services/api/fiscal_service/v1/debt/mspd/mspd_table_3_market,"{""fields"":""record_date,security_type_desc,security_class1_desc,maturity_date,outstanding_amt,src_line_nbr"",""filter"":""record_date:gte:1900-01-01"",""page[size]"":10000,""sort"":""record_date,src_line_nbr""}",/mnt/d/Projects/GoldRush/docs/phase2-ingestion/data/treasury/raw/treasury-20260824T034935Z-page001.json;/mnt/d/Projects/GoldRush/docs/phase2-ingestion/data/treasury/raw/treasury-20260824T034935Z-page002.json;/mnt/d/Projects/GoldRush/docs/phase2-ingestion/data/treasury/raw/treasury-20260824T034935Z-page003.json;/mnt/d/Projects/GoldRush/docs/phase2-ingestion/data/treasury/raw/treasury-20260824T034935Z-page004.json;/mnt/d/Projects/GoldRush/docs/phase2-ingestion/data/treasury/raw/treasury-20260824T034935Z-page005.json;/mnt/d/Projects/GoldRush/docs/phase2-ingestion/data/treasury/raw/treasury-20260824T034935Z-page006.json;/mnt/d/Projects/GoldRush/docs/phase2-ingestion/data/treasury/raw/treasury-20260824T034935Z-page007.json;/mnt/d/Projects/GoldRush/docs/phase2-ingestion/data/treasury/raw/treasury-20260824T034935Z-page008.json;/mnt/d/Projects/GoldRush/docs/phase2-ingestion/data/treasury/raw/treasury-20260824T034935Z-page009.json;/mnt/d/Projects/GoldRush/docs/phase2-ingestion/data/treasury/raw/treasury-20260824T034935Z-page010.json;/mnt/d/Projects/GoldRush/docs/phase2-ingestion/data/treasury/raw/treasury-20260824T034935Z-page011.json;/mnt/d/Projects/GoldRush/docs/phase2-ingestion/data/treasury/raw/treasury-20260824T034935Z-page012.json;/mnt/d/Projects/GoldRush/docs/phase2-ingestion/data/treasury/raw/treasury-20260824T034935Z-page013.json;/mnt/d/Projects/GoldRush/docs/phase2-ingestion/data/treasury/raw/treasury-20260824T034935Z-page014.json;/mnt/d/Projects/GoldRush/docs/phase2-ingestion/data/treasury/raw/treasury-20260824T034935Z-page015.json;/mnt/d/Projects/GoldRush/docs/phase2-ingestion/data/treasury/raw/treasury-20260824T034935Z-page016.json,docs/phase2-ingestion/data/treasury/manifests/treasury-20260824T034935Z.manifest.json,16,cf284fd2186cebbd098b2823e2195f5af04c4bc8c7e75507d7dd4e8bf063fd5b,2026-08-24T03:49:35.808873+00:00,PASS,AVAILABLE,0.1.0
L4-009,2024-05-31,8971744.52211973,27042166.1843338,27036610.93063381,99.97945706840893,33.17687074683124,percent_of_marketable_treasury_debt,Positive dated marketable debt maturing after record date and within one calendar year / Total Marketable outstanding * 100,U.S. Treasury Fiscal Data — Monthly Statement of the Public Debt Table 3,https://api.fiscaldata.treasury.gov/services/api/fiscal_service/v1/debt/mspd/mspd_table_3_market,"{""fields"":""record_date,security_type_desc,security_class1_desc,maturity_date,outstanding_amt,src_line_nbr"",""filter"":""record_date:gte:1900-01-01"",""page[size]"":10000,""sort"":""record_date,src_line_nbr""}",/mnt/d/Projects/GoldRush/docs/phase2-ingestion/data/treasury/raw/treasury-20260824T034935Z-page001.json;/mnt/d/Projects/GoldRush/docs/phase2-ingestion/data/treasury/raw/treasury-20260824T034935Z-page002.json;/mnt/d/Projects/GoldRush/docs/phase2-ingestion/data/treasury/raw/treasury-20260824T034935Z-page003.json;/mnt/d/Projects/GoldRush/docs/phase2-ingestion/data/treasury/raw/treasury-20260824T034935Z-page004.json;/mnt/d/Projects/GoldRush/docs/phase2-ingestion/data/treasury/raw/treasury-20260824T034935Z-page005.json;/mnt/d/Projects/GoldRush/docs/phase2-ingestion/data/treasury/raw/treasury-20260824T034935Z-page006.json;/mnt/d/Projects/GoldRush/docs/phase2-ingestion/data/treasury/raw/treasury-20260824T034935Z-page007.json;/mnt/d/Projects/GoldRush/docs/phase2-ingestion/data/treasury/raw/treasury-20260824T034935Z-page008.json;/mnt/d/Projects/GoldRush/docs/phase2-ingestion/data/treasury/raw/treasury-20260824T034935Z-page009.json;/mnt/d/Projects/GoldRush/docs/phase2-ingestion/data/treasury/raw/treasury-20260824T034935Z-page010.json;/mnt/d/Projects/GoldRush/docs/phase2-ingestion/data/treasury/raw/treasury-20260824T034935Z-page011.json;/mnt/d/Projects/GoldRush/docs/phase2-ingestion/data/treasury/raw/treasury-20260824T034935Z-page012.json;/mnt/d/Projects/GoldRush/docs/phase2-ingestion/data/treasury/raw/treasury-20260824T034935Z-page013.json;/mnt/d/Projects/GoldRush/docs/phase2-ingestion/data/treasury/raw/treasury-20260824T034935Z-page014.json;/mnt/d/Projects/GoldRush/docs/phase2-ingestion/data/treasury/raw/treasury-20260824T034935Z-page015.json;/mnt/d/Projects/GoldRush/docs/phase2-ingestion/data/treasury/raw/treasury-20260824T034935Z-page016.json,docs/phase2-ingestion/data/treasury/manifests/treasury-20260824T034935Z.manifest.json,16,cf284fd2186cebbd098b2823e2195f5af04c4bc8c7e75507d7dd4e8bf063fd5b,2026-08-24T03:49:35.808873+00:00,PASS,AVAILABLE,0.1.0
L4-009,2024-06-30,8859836.26869292,27049994.207134,26921155.41853401,99.5237012340431,32.753560687847695,percent_of_marketable_treasury_debt,Positive dated marketable debt maturing after record date and within one calendar year / Total Marketable outstanding * 100,U.S. Treasury Fiscal Data — Monthly Statement of the Public Debt Table 3,https://api.fiscaldata.treasury.gov/services/api/fiscal_service/v1/debt/mspd/mspd_table_3_market,"{""fields"":""record_date,security_type_desc,security_class1_desc,maturity_date,outstanding_amt,src_line_nbr"",""filter"":""record_date:gte:1900-01-01"",""page[size]"":10000,""sort"":""record_date,src_line_nbr""}",/mnt/d/Projects/GoldRush/docs/phase2-ingestion/data/treasury/raw/treasury-20260824T034935Z-page001.json;/mnt/d/Projects/GoldRush/docs/phase2-ingestion/data/treasury/raw/treasury-20260824T034935Z-page002.json;/mnt/d/Projects/GoldRush/docs/phase2-ingestion/data/treasury/raw/treasury-20260824T034935Z-page003.json;/mnt/d/Projects/GoldRush/docs/phase2-ingestion/data/treasury/raw/treasury-20260824T034935Z-page004.json;/mnt/d/Projects/GoldRush/docs/phase2-ingestion/data/treasury/raw/treasury-20260824T034935Z-page005.json;/mnt/d/Projects/GoldRush/docs/phase2-ingestion/data/treasury/raw/treasury-20260824T034935Z-page006.json;/mnt/d/Projects/GoldRush/docs/phase2-ingestion/data/treasury/raw/treasury-20260824T034935Z-page007.json;/mnt/d/Projects/GoldRush/docs/phase2-ingestion/data/treasury/raw/treasury-20260824T034935Z-page008.json;/mnt/d/Projects/GoldRush/docs/phase2-ingestion/data/treasury/raw/treasury-20260824T034935Z-page009.json;/mnt/d/Projects/GoldRush/docs/phase2-ingestion/data/treasury/raw/treasury-20260824T034935Z-page010.json;/mnt/d/Projects/GoldRush/docs/phase2-ingestion/data/treasury/raw/treasury-20260824T034935Z-page011.json;/mnt/d/Projects/GoldRush/docs/phase2-ingestion/data/treasury/raw/treasury-20260824T034935Z-page012.json;/mnt/d/Projects/GoldRush/docs/phase2-ingestion/data/treasury/raw/treasury-20260824T034935Z-page013.json;/mnt/d/Projects/GoldRush/docs/phase2-ingestion/data/treasury/raw/treasury-20260824T034935Z-page014.json;/mnt/d/Projects/GoldRush/docs/phase2-ingestion/data/treasury/raw/treasury-20260824T034935Z-page015.json;/mnt/d/Projects/GoldRush/docs/phase2-ingestion/data/treasury/raw/treasury-20260824T034935Z-page016.json,docs/phase2-ingestion/data/treasury/manifests/treasury-20260824T034935Z.manifest.json,16,cf284fd2186cebbd098b2823e2195f5af04c4bc8c7e75507d7dd4e8bf063fd5b,2026-08-24T03:49:35.808873+00:00,PASS,AVAILABLE,0.1.0
L4-009,2024-07-31,8996782.62536188,27362377.095316,27357799.96801607,99.98327218690106,32.8801207366665,percent_of_marketable_treasury_debt,Positive dated marketable debt maturing after record date and within one calendar year / Total Marketable outstanding * 100,U.S. Treasury Fiscal Data — Monthly Statement of the Public Debt Table 3,https://api.fiscaldata.treasury.gov/services/api/fiscal_service/v1/debt/mspd/mspd_table_3_market,"{""fields"":""record_date,security_type_desc,security_class1_desc,maturity_date,outstanding_amt,src_line_nbr"",""filter"":""record_date:gte:1900-01-01"",""page[size]"":10000,""sort"":""record_date,src_line_nbr""}",/mnt/d/Projects/GoldRush/docs/phase2-ingestion/data/treasury/raw/treasury-20260824T034935Z-page001.json;/mnt/d/Projects/GoldRush/docs/phase2-ingestion/data/treasury/raw/treasury-20260824T034935Z-page002.json;/mnt/d/Projects/GoldRush/docs/phase2-ingestion/data/treasury/raw/treasury-20260824T034935Z-page003.json;/mnt/d/Projects/GoldRush/docs/phase2-ingestion/data/treasury/raw/treasury-20260824T034935Z-page004.json;/mnt/d/Projects/GoldRush/docs/phase2-ingestion/data/treasury/raw/treasury-20260824T034935Z-page005.json;/mnt/d/Projects/GoldRush/docs/phase2-ingestion/data/treasury/raw/treasury-20260824T034935Z-page006.json;/mnt/d/Projects/GoldRush/docs/phase2-ingestion/data/treasury/raw/treasury-20260824T034935Z-page007.json;/mnt/d/Projects/GoldRush/docs/phase2-ingestion/data/treasury/raw/treasury-20260824T034935Z-page008.json;/mnt/d/Projects/GoldRush/docs/phase2-ingestion/data/treasury/raw/treasury-20260824T034935Z-page009.json;/mnt/d/Projects/GoldRush/docs/phase2-ingestion/data/treasury/raw/treasury-20260824T034935Z-page010.json;/mnt/d/Projects/GoldRush/docs/phase2-ingestion/data/treasury/raw/treasury-20260824T034935Z-page011.json;/mnt/d/Projects/GoldRush/docs/phase2-ingestion/data/treasury/raw/treasury-20260824T034935Z-page012.json;/mnt/d/Projects/GoldRush/docs/phase2-ingestion/data/treasury/raw/treasury-20260824T034935Z-page013.json;/mnt/d/Projects/GoldRush/docs/phase2-ingestion/data/treasury/raw/treasury-20260824T034935Z-page014.json;/mnt/d/Projects/GoldRush/docs/phase2-ingestion/data/treasury/raw/treasury-20260824T034935Z-page015.json;/mnt/d/Projects/GoldRush/docs/phase2-ingestion/data/treasury/raw/treasury-20260824T034935Z-page016.json,docs/phase2-ingestion/data/treasury/manifests/treasury-20260824T034935Z.manifest.json,16,cf284fd2186cebbd098b2823e2195f5af04c4bc8c7e75507d7dd4e8bf063fd5b,2026-08-24T03:49:35.808873+00:00,PASS,AVAILABLE,0.1.0
L4-009,2024-08-31,9209840.30711842,27595855.543731,27466350.51893104,99.53070842614488,33.3739981082436,percent_of_marketable_treasury_debt,Positive dated marketable debt maturing after record date and within one calendar year / Total Marketable outstanding * 100,U.S. Treasury Fiscal Data — Monthly Statement of the Public Debt Table 3,https://api.fiscaldata.treasury.gov/services/api/fiscal_service/v1/debt/mspd/mspd_table_3_market,"{""fields"":""record_date,security_type_desc,security_class1_desc,maturity_date,outstanding_amt,src_line_nbr"",""filter"":""record_date:gte:1900-01-01"",""page[size]"":10000,""sort"":""record_date,src_line_nbr""}",/mnt/d/Projects/GoldRush/docs/phase2-ingestion/data/treasury/raw/treasury-20260824T034935Z-page001.json;/mnt/d/Projects/GoldRush/docs/phase2-ingestion/data/treasury/raw/treasury-20260824T034935Z-page002.json;/mnt/d/Projects/GoldRush/docs/phase2-ingestion/data/treasury/raw/treasury-20260824T034935Z-page003.json;/mnt/d/Projects/GoldRush/docs/phase2-ingestion/data/treasury/raw/treasury-20260824T034935Z-page004.json;/mnt/d/Projects/GoldRush/docs/phase2-ingestion/data/treasury/raw/treasury-20260824T034935Z-page005.json;/mnt/d/Projects/GoldRush/docs/phase2-ingestion/data/treasury/raw/treasury-20260824T034935Z-page006.json;/mnt/d/Projects/GoldRush/docs/phase2-ingestion/data/treasury/raw/treasury-20260824T034935Z-page007.json;/mnt/d/Projects/GoldRush/docs/phase2-ingestion/data/treasury/raw/treasury-20260824T034935Z-page008.json;/mnt/d/Projects/GoldRush/docs/phase2-ingestion/data/treasury/raw/treasury-20260824T034935Z-page009.json;/mnt/d/Projects/GoldRush/docs/phase2-ingestion/data/treasury/raw/treasury-20260824T034935Z-page010.json;/mnt/d/Projects/GoldRush/docs/phase2-ingestion/data/treasury/raw/treasury-20260824T034935Z-page011.json;/mnt/d/Projects/GoldRush/docs/phase2-ingestion/data/treasury/raw/treasury-20260824T034935Z-page012.json;/mnt/d/Projects/GoldRush/docs/phase2-ingestion/data/treasury/raw/treasury-20260824T034935Z-page013.json;/mnt/d/Projects/GoldRush/docs/phase2-ingestion/data/treasury/raw/treasury-20260824T034935Z-page014.json;/mnt/d/Projects/GoldRush/docs/phase2-ingestion/data/treasury/raw/treasury-20260824T034935Z-page015.json;/mnt/d/Projects/GoldRush/docs/phase2-ingestion/data/treasury/raw/treasury-20260824T034935Z-page016.json,docs/phase2-ingestion/data/treasury/manifests/treasury-20260824T034935Z.manifest.json,16,cf284fd2186cebbd098b2823e2195f5af04c4bc8c7e75507d7dd4e8bf063fd5b,2026-08-24T03:49:35.808873+00:00,PASS,AVAILABLE,0.1.0
L4-009,2024-09-30,9076895.51065328,27728337.4603614,27723760.35806141,99.98349305180473,32.735087430427484,percent_of_marketable_treasury_debt,Positive dated marketable debt maturing after record date and within one calendar year / Total Marketable outstanding * 100,U.S. Treasury Fiscal Data — Monthly Statement of the Public Debt Table 3,https://api.fiscaldata.treasury.gov/services/api/fiscal_service/v1/debt/mspd/mspd_table_3_market,"{""fields"":""record_date,security_type_desc,security_class1_desc,maturity_date,outstanding_amt,src_line_nbr"",""filter"":""record_date:gte:1900-01-01"",""page[size]"":10000,""sort"":""record_date,src_line_nbr""}",/mnt/d/Projects/GoldRush/docs/phase2-ingestion/data/treasury/raw/treasury-20260824T034935Z-page001.json;/mnt/d/Projects/GoldRush/docs/phase2-ingestion/data/treasury/raw/treasury-20260824T034935Z-page002.json;/mnt/d/Projects/GoldRush/docs/phase2-ingestion/data/treasury/raw/treasury-20260824T034935Z-page003.json;/mnt/d/Projects/GoldRush/docs/phase2-ingestion/data/treasury/raw/treasury-20260824T034935Z-page004.json;/mnt/d/Projects/GoldRush/docs/phase2-ingestion/data/treasury/raw/treasury-20260824T034935Z-page005.json;/mnt/d/Projects/GoldRush/docs/phase2-ingestion/data/treasury/raw/treasury-20260824T034935Z-page006.json;/mnt/d/Projects/GoldRush/docs/phase2-ingestion/data/treasury/raw/treasury-20260824T034935Z-page007.json;/mnt/d/Projects/GoldRush/docs/phase2-ingestion/data/treasury/raw/treasury-20260824T034935Z-page008.json;/mnt/d/Projects/GoldRush/docs/phase2-ingestion/data/treasury/raw/treasury-20260824T034935Z-page009.json;/mnt/d/Projects/GoldRush/docs/phase2-ingestion/data/treasury/raw/treasury-20260824T034935Z-page010.json;/mnt/d/Projects/GoldRush/docs/phase2-ingestion/data/treasury/raw/treasury-20260824T034935Z-page011.json;/mnt/d/Projects/GoldRush/docs/phase2-ingestion/data/treasury/raw/treasury-20260824T034935Z-page012.json;/mnt/d/Projects/GoldRush/docs/phase2-ingestion/data/treasury/raw/treasury-20260824T034935Z-page013.json;/mnt/d/Projects/GoldRush/docs/phase2-ingestion/data/treasury/raw/treasury-20260824T034935Z-page014.json;/mnt/d/Projects/GoldRush/docs/phase2-ingestion/data/treasury/raw/treasury-20260824T034935Z-page015.json;/mnt/d/Projects/GoldRush/docs/phase2-ingestion/data/treasury/raw/treasury-20260824T034935Z-page016.json,docs/phase2-ingestion/data/treasury/manifests/treasury-20260824T034935Z.manifest.json,16,cf284fd2186cebbd098b2823e2195f5af04c4bc8c7e75507d7dd4e8bf063fd5b,2026-08-24T03:49:35.808873+00:00,PASS,AVAILABLE,0.1.0
L4-009,2024-10-31,9270090.11715719,27990771.0069246,27986193.9341246,99.9836479216708,33.11838075079773,percent_of_marketable_treasury_debt,Positive dated marketable debt maturing after record date and within one calendar year / Total Marketable outstanding * 100,U.S. Treasury Fiscal Data — Monthly Statement of the Public Debt Table 3,https://api.fiscaldata.treasury.gov/services/api/fiscal_service/v1/debt/mspd/mspd_table_3_market,"{""fields"":""record_date,security_type_desc,security_class1_desc,maturity_date,outstanding_amt,src_line_nbr"",""filter"":""record_date:gte:1900-01-01"",""page[size]"":10000,""sort"":""record_date,src_line_nbr""}",/mnt/d/Projects/GoldRush/docs/phase2-ingestion/data/treasury/raw/treasury-20260824T034935Z-page001.json;/mnt/d/Projects/GoldRush/docs/phase2-ingestion/data/treasury/raw/treasury-20260824T034935Z-page002.json;/mnt/d/Projects/GoldRush/docs/phase2-ingestion/data/treasury/raw/treasury-20260824T034935Z-page003.json;/mnt/d/Projects/GoldRush/docs/phase2-ingestion/data/treasury/raw/treasury-20260824T034935Z-page004.json;/mnt/d/Projects/GoldRush/docs/phase2-ingestion/data/treasury/raw/treasury-20260824T034935Z-page005.json;/mnt/d/Projects/GoldRush/docs/phase2-ingestion/data/treasury/raw/treasury-20260824T034935Z-page006.json;/mnt/d/Projects/GoldRush/docs/phase2-ingestion/data/treasury/raw/treasury-20260824T034935Z-page007.json;/mnt/d/Projects/GoldRush/docs/phase2-ingestion/data/treasury/raw/treasury-20260824T034935Z-page008.json;/mnt/d/Projects/GoldRush/docs/phase2-ingestion/data/treasury/raw/treasury-20260824T034935Z-page009.json;/mnt/d/Projects/GoldRush/docs/phase2-ingestion/data/treasury/raw/treasury-20260824T034935Z-page010.json;/mnt/d/Projects/GoldRush/docs/phase2-ingestion/data/treasury/raw/treasury-20260824T034935Z-page011.json;/mnt/d/Projects/GoldRush/docs/phase2-ingestion/data/treasury/raw/treasury-20260824T034935Z-page012.json;/mnt/d/Projects/GoldRush/docs/phase2-ingestion/data/treasury/raw/treasury-20260824T034935Z-page013.json;/mnt/d/Projects/GoldRush/docs/phase2-ingestion/data/treasury/raw/treasury-20260824T034935Z-page014.json;/mnt/d/Projects/GoldRush/docs/phase2-ingestion/data/treasury/raw/treasury-20260824T034935Z-page015.json;/mnt/d/Projects/GoldRush/docs/phase2-ingestion/data/treasury/raw/treasury-20260824T034935Z-page016.json,docs/phase2-ingestion/data/treasury/manifests/treasury-20260824T034935Z.manifest.json,16,cf284fd2186cebbd098b2823e2195f5af04c4bc8c7e75507d7dd4e8bf063fd5b,2026-08-24T03:49:35.808873+00:00,PASS,AVAILABLE,0.1.0
L4-009,2024-11-30,9458756.08945991,28223059.6713116,28098146.19491167,99.55740632711448,33.51428299985002,percent_of_marketable_treasury_debt,Positive dated marketable debt maturing after record date and within one calendar year / Total Marketable outstanding * 100,U.S. Treasury Fiscal Data — Monthly Statement of the Public Debt Table 3,https://api.fiscaldata.treasury.gov/services/api/fiscal_service/v1/debt/mspd/mspd_table_3_market,"{""fields"":""record_date,security_type_desc,security_class1_desc,maturity_date,outstanding_amt,src_line_nbr"",""filter"":""record_date:gte:1900-01-01"",""page[size]"":10000,""sort"":""record_date,src_line_nbr""}",/mnt/d/Projects/GoldRush/docs/phase2-ingestion/data/treasury/raw/treasury-20260824T034935Z-page001.json;/mnt/d/Projects/GoldRush/docs/phase2-ingestion/data/treasury/raw/treasury-20260824T034935Z-page002.json;/mnt/d/Projects/GoldRush/docs/phase2-ingestion/data/treasury/raw/treasury-20260824T034935Z-page003.json;/mnt/d/Projects/GoldRush/docs/phase2-ingestion/data/treasury/raw/treasury-20260824T034935Z-page004.json;/mnt/d/Projects/GoldRush/docs/phase2-ingestion/data/treasury/raw/treasury-20260824T034935Z-page005.json;/mnt/d/Projects/GoldRush/docs/phase2-ingestion/data/treasury/raw/treasury-20260824T034935Z-page006.json;/mnt/d/Projects/GoldRush/docs/phase2-ingestion/data/treasury/raw/treasury-20260824T034935Z-page007.json;/mnt/d/Projects/GoldRush/docs/phase2-ingestion/data/treasury/raw/treasury-20260824T034935Z-page008.json;/mnt/d/Projects/GoldRush/docs/phase2-ingestion/data/treasury/raw/treasury-20260824T034935Z-page009.json;/mnt/d/Projects/GoldRush/docs/phase2-ingestion/data/treasury/raw/treasury-20260824T034935Z-page010.json;/mnt/d/Projects/GoldRush/docs/phase2-ingestion/data/treasury/raw/treasury-20260824T034935Z-page011.json;/mnt/d/Projects/GoldRush/docs/phase2-ingestion/data/treasury/raw/treasury-20260824T034935Z-page012.json;/mnt/d/Projects/GoldRush/docs/phase2-ingestion/data/treasury/raw/treasury-20260824T034935Z-page013.json;/mnt/d/Projects/GoldRush/docs/phase2-ingestion/data/treasury/raw/treasury-20260824T034935Z-page014.json;/mnt/d/Projects/GoldRush/docs/phase2-ingestion/data/treasury/raw/treasury-20260824T034935Z-page015.json;/mnt/d/Projects/GoldRush/docs/phase2-ingestion/data/treasury/raw/treasury-20260824T034935Z-page016.json,docs/phase2-ingestion/data/treasury/manifests/treasury-20260824T034935Z.manifest.json,16,cf284fd2186cebbd098b2823e2195f5af04c4bc8c7e75507d7dd4e8bf063fd5b,2026-08-24T03:49:35.808873+00:00,PASS,AVAILABLE,0.1.0
L4-009,2024-12-31,9261238.58575767,28280668.6575746,28276091.69577458,99.98381593499278,32.747594117712524,percent_of_marketable_treasury_debt,Positive dated marketable debt maturing after record date and within one calendar year / Total Marketable outstanding * 100,U.S. Treasury Fiscal Data — Monthly Statement of the Public Debt Table 3,https://api.fiscaldata.treasury.gov/services/api/fiscal_service/v1/debt/mspd/mspd_table_3_market,"{""fields"":""record_date,security_type_desc,security_class1_desc,maturity_date,outstanding_amt,src_line_nbr"",""filter"":""record_date:gte:1900-01-01"",""page[size]"":10000,""sort"":""record_date,src_line_nbr""}",/mnt/d/Projects/GoldRush/docs/phase2-ingestion/data/treasury/raw/treasury-20260824T034935Z-page001.json;/mnt/d/Projects/GoldRush/docs/phase2-ingestion/data/treasury/raw/treasury-20260824T034935Z-page002.json;/mnt/d/Projects/GoldRush/docs/phase2-ingestion/data/treasury/raw/treasury-20260824T034935Z-page003.json;/mnt/d/Projects/GoldRush/docs/phase2-ingestion/data/treasury/raw/treasury-20260824T034935Z-page004.json;/mnt/d/Projects/GoldRush/docs/phase2-ingestion/data/treasury/raw/treasury-20260824T034935Z-page005.json;/mnt/d/Projects/GoldRush/docs/phase2-ingestion/data/treasury/raw/treasury-20260824T034935Z-page006.json;/mnt/d/Projects/GoldRush/docs/phase2-ingestion/data/treasury/raw/treasury-20260824T034935Z-page007.json;/mnt/d/Projects/GoldRush/docs/phase2-ingestion/data/treasury/raw/treasury-20260824T034935Z-page008.json;/mnt/d/Projects/GoldRush/docs/phase2-ingestion/data/treasury/raw/treasury-20260824T034935Z-page009.json;/mnt/d/Projects/GoldRush/docs/phase2-ingestion/data/treasury/raw/treasury-20260824T034935Z-page010.json;/mnt/d/Projects/GoldRush/docs/phase2-ingestion/data/treasury/raw/treasury-20260824T034935Z-page011.json;/mnt/d/Projects/GoldRush/docs/phase2-ingestion/data/treasury/raw/treasury-20260824T034935Z-page012.json;/mnt/d/Projects/GoldRush/docs/phase2-ingestion/data/treasury/raw/treasury-20260824T034935Z-page013.json;/mnt/d/Projects/GoldRush/docs/phase2-ingestion/data/treasury/raw/treasury-20260824T034935Z-page014.json;/mnt/d/Projects/GoldRush/docs/phase2-ingestion/data/treasury/raw/treasury-20260824T034935Z-page015.json;/mnt/d/Projects/GoldRush/docs/phase2-ingestion/data/treasury/raw/treasury-20260824T034935Z-page016.json,docs/phase2-ingestion/data/treasury/manifests/treasury-20260824T034935Z.manifest.json,16,cf284fd2186cebbd098b2823e2195f5af04c4bc8c7e75507d7dd4e8bf063fd5b,2026-08-24T03:49:35.808873+00:00,PASS,AVAILABLE,0.1.0
L4-009,2025-01-31,9476691.26963382,28518853.0712521,28514276.13045207,99.98395117507498,33.229566581647084,percent_of_marketable_treasury_debt,Positive dated marketable debt maturing after record date and within one calendar year / Total Marketable outstanding * 100,U.S. Treasury Fiscal Data — Monthly Statement of the Public Debt Table 3,https://api.fiscaldata.treasury.gov/services/api/fiscal_service/v1/debt/mspd/mspd_table_3_market,"{""fields"":""record_date,security_type_desc,security_class1_desc,maturity_date,outstanding_amt,src_line_nbr"",""filter"":""record_date:gte:1900-01-01"",""page[size]"":10000,""sort"":""record_date,src_line_nbr""}",/mnt/d/Projects/GoldRush/docs/phase2-ingestion/data/treasury/raw/treasury-20260824T034935Z-page001.json;/mnt/d/Projects/GoldRush/docs/phase2-ingestion/data/treasury/raw/treasury-20260824T034935Z-page002.json;/mnt/d/Projects/GoldRush/docs/phase2-ingestion/data/treasury/raw/treasury-20260824T034935Z-page003.json;/mnt/d/Projects/GoldRush/docs/phase2-ingestion/data/treasury/raw/treasury-20260824T034935Z-page004.json;/mnt/d/Projects/GoldRush/docs/phase2-ingestion/data/treasury/raw/treasury-20260824T034935Z-page005.json;/mnt/d/Projects/GoldRush/docs/phase2-ingestion/data/treasury/raw/treasury-20260824T034935Z-page006.json;/mnt/d/Projects/GoldRush/docs/phase2-ingestion/data/treasury/raw/treasury-20260824T034935Z-page007.json;/mnt/d/Projects/GoldRush/docs/phase2-ingestion/data/treasury/raw/treasury-20260824T034935Z-page008.json;/mnt/d/Projects/GoldRush/docs/phase2-ingestion/data/treasury/raw/treasury-20260824T034935Z-page009.json;/mnt/d/Projects/GoldRush/docs/phase2-ingestion/data/treasury/raw/treasury-20260824T034935Z-page010.json;/mnt/d/Projects/GoldRush/docs/phase2-ingestion/data/treasury/raw/treasury-20260824T034935Z-page011.json;/mnt/d/Projects/GoldRush/docs/phase2-ingestion/data/treasury/raw/treasury-20260824T034935Z-page012.json;/mnt/d/Projects/GoldRush/docs/phase2-ingestion/data/treasury/raw/treasury-20260824T034935Z-page013.json;/mnt/d/Projects/GoldRush/docs/phase2-ingestion/data/treasury/raw/treasury-20260824T034935Z-page014.json;/mnt/d/Projects/GoldRush/docs/phase2-ingestion/data/treasury/raw/treasury-20260824T034935Z-page015.json;/mnt/d/Projects/GoldRush/docs/phase2-ingestion/data/treasury/raw/treasury-20260824T034935Z-page016.json,docs/phase2-ingestion/data/treasury/manifests/treasury-20260824T034935Z.manifest.json,16,cf284fd2186cebbd098b2823e2195f5af04c4bc8c7e75507d7dd4e8bf063fd5b,2026-08-24T03:49:35.808873+00:00,PASS,AVAILABLE,0.1.0
L4-009,2025-02-28,9473277.62509576,28628551.1469655,28623974.28366551,99.98401294121908,33.09031454810414,percent_of_marketable_treasury_debt,Positive dated marketable debt maturing after record date and within one calendar year / Total Marketable outstanding * 100,U.S. Treasury Fiscal Data — Monthly Statement of the Public Debt Table 3,https://api.fiscaldata.treasury.gov/services/api/fiscal_service/v1/debt/mspd/mspd_table_3_market,"{""fields"":""record_date,security_type_desc,security_class1_desc,maturity_date,outstanding_amt,src_line_nbr"",""filter"":""record_date:gte:1900-01-01"",""page[size]"":10000,""sort"":""record_date,src_line_nbr""}",/mnt/d/Projects/GoldRush/docs/phase2-ingestion/data/treasury/raw/treasury-20260824T034935Z-page001.json;/mnt/d/Projects/GoldRush/docs/phase2-ingestion/data/treasury/raw/treasury-20260824T034935Z-page002.json;/mnt/d/Projects/GoldRush/docs/phase2-ingestion/data/treasury/raw/treasury-20260824T034935Z-page003.json;/mnt/d/Projects/GoldRush/docs/phase2-ingestion/data/treasury/raw/treasury-20260824T034935Z-page004.json;/mnt/d/Projects/GoldRush/docs/phase2-ingestion/data/treasury/raw/treasury-20260824T034935Z-page005.json;/mnt/d/Projects/GoldRush/docs/phase2-ingestion/data/treasury/raw/treasury-20260824T034935Z-page006.json;/mnt/d/Projects/GoldRush/docs/phase2-ingestion/data/treasury/raw/treasury-20260824T034935Z-page007.json;/mnt/d/Projects/GoldRush/docs/phase2-ingestion/data/treasury/raw/treasury-20260824T034935Z-page008.json;/mnt/d/Projects/GoldRush/docs/phase2-ingestion/data/treasury/raw/treasury-20260824T034935Z-page009.json;/mnt/d/Projects/GoldRush/docs/phase2-ingestion/data/treasury/raw/treasury-20260824T034935Z-page010.json;/mnt/d/Projects/GoldRush/docs/phase2-ingestion/data/treasury/raw/treasury-20260824T034935Z-page011.json;/mnt/d/Projects/GoldRush/docs/phase2-ingestion/data/treasury/raw/treasury-20260824T034935Z-page012.json;/mnt/d/Projects/GoldRush/docs/phase2-ingestion/data/treasury/raw/treasury-20260824T034935Z-page013.json;/mnt/d/Projects/GoldRush/docs/phase2-ingestion/data/treasury/raw/treasury-20260824T034935Z-page014.json;/mnt/d/Projects/GoldRush/docs/phase2-ingestion/data/treasury/raw/treasury-20260824T034935Z-page015.json;/mnt/d/Projects/GoldRush/docs/phase2-ingestion/data/treasury/raw/treasury-20260824T034935Z-page016.json,docs/phase2-ingestion/data/treasury/manifests/treasury-20260824T034935Z.manifest.json,16,cf284fd2186cebbd098b2823e2195f5af04c4bc8c7e75507d7dd4e8bf063fd5b,2026-08-24T03:49:35.808873+00:00,PASS,AVAILABLE,0.1.0
L4-009,2025-03-31,9276376.93700012,28587050.47113,28582473.67883004,99.9839899806922,32.44957693823052,percent_of_marketable_treasury_debt,Positive dated marketable debt maturing after record date and within one calendar year / Total Marketable outstanding * 100,U.S. Treasury Fiscal Data — Monthly Statement of the Public Debt Table 3,https://api.fiscaldata.treasury.gov/services/api/fiscal_service/v1/debt/mspd/mspd_table_3_market,"{""fields"":""record_date,security_type_desc,security_class1_desc,maturity_date,outstanding_amt,src_line_nbr"",""filter"":""record_date:gte:1900-01-01"",""page[size]"":10000,""sort"":""record_date,src_line_nbr""}",/mnt/d/Projects/GoldRush/docs/phase2-ingestion/data/treasury/raw/treasury-20260824T034935Z-page001.json;/mnt/d/Projects/GoldRush/docs/phase2-ingestion/data/treasury/raw/treasury-20260824T034935Z-page002.json;/mnt/d/Projects/GoldRush/docs/phase2-ingestion/data/treasury/raw/treasury-20260824T034935Z-page003.json;/mnt/d/Projects/GoldRush/docs/phase2-ingestion/data/treasury/raw/treasury-20260824T034935Z-page004.json;/mnt/d/Projects/GoldRush/docs/phase2-ingestion/data/treasury/raw/treasury-20260824T034935Z-page005.json;/mnt/d/Projects/GoldRush/docs/phase2-ingestion/data/treasury/raw/treasury-20260824T034935Z-page006.json;/mnt/d/Projects/GoldRush/docs/phase2-ingestion/data/treasury/raw/treasury-20260824T034935Z-page007.json;/mnt/d/Projects/GoldRush/docs/phase2-ingestion/data/treasury/raw/treasury-20260824T034935Z-page008.json;/mnt/d/Projects/GoldRush/docs/phase2-ingestion/data/treasury/raw/treasury-20260824T034935Z-page009.json;/mnt/d/Projects/GoldRush/docs/phase2-ingestion/data/treasury/raw/treasury-20260824T034935Z-page010.json;/mnt/d/Projects/GoldRush/docs/phase2-ingestion/data/treasury/raw/treasury-20260824T034935Z-page011.json;/mnt/d/Projects/GoldRush/docs/phase2-ingestion/data/treasury/raw/treasury-20260824T034935Z-page012.json;/mnt/d/Projects/GoldRush/docs/phase2-ingestion/data/treasury/raw/treasury-20260824T034935Z-page013.json;/mnt/d/Projects/GoldRush/docs/phase2-ingestion/data/treasury/raw/treasury-20260824T034935Z-page014.json;/mnt/d/Projects/GoldRush/docs/phase2-ingestion/data/treasury/raw/treasury-20260824T034935Z-page015.json;/mnt/d/Projects/GoldRush/docs/phase2-ingestion/data/treasury/raw/treasury-20260824T034935Z-page016.json,docs/phase2-ingestion/data/treasury/manifests/treasury-20260824T034935Z.manifest.json,16,cf284fd2186cebbd098b2823e2195f5af04c4bc8c7e75507d7dd4e8bf063fd5b,2026-08-24T03:49:35.808873+00:00,PASS,AVAILABLE,0.1.0
L4-009,2025-04-30,9222604.19795008,28575758.1382111,28571181.34591112,99.98398365398445,32.274224023536036,percent_of_marketable_treasury_debt,Positive dated marketable debt maturing after record date and within one calendar year / Total Marketable outstanding * 100,U.S. Treasury Fiscal Data — Monthly Statement of the Public Debt Table 3,https://api.fiscaldata.treasury.gov/services/api/fiscal_service/v1/debt/mspd/mspd_table_3_market,"{""fields"":""record_date,security_type_desc,security_class1_desc,maturity_date,outstanding_amt,src_line_nbr"",""filter"":""record_date:gte:1900-01-01"",""page[size]"":10000,""sort"":""record_date,src_line_nbr""}",/mnt/d/Projects/GoldRush/docs/phase2-ingestion/data/treasury/raw/treasury-20260824T034935Z-page001.json;/mnt/d/Projects/GoldRush/docs/phase2-ingestion/data/treasury/raw/treasury-20260824T034935Z-page002.json;/mnt/d/Projects/GoldRush/docs/phase2-ingestion/data/treasury/raw/treasury-20260824T034935Z-page003.json;/mnt/d/Projects/GoldRush/docs/phase2-ingestion/data/treasury/raw/treasury-20260824T034935Z-page004.json;/mnt/d/Projects/GoldRush/docs/phase2-ingestion/data/treasury/raw/treasury-20260824T034935Z-page005.json;/mnt/d/Projects/GoldRush/docs/phase2-ingestion/data/treasury/raw/treasury-20260824T034935Z-page006.json;/mnt/d/Projects/GoldRush/docs/phase2-ingestion/data/treasury/raw/treasury-20260824T034935Z-page007.json;/mnt/d/Projects/GoldRush/docs/phase2-ingestion/data/treasury/raw/treasury-20260824T034935Z-page008.json;/mnt/d/Projects/GoldRush/docs/phase2-ingestion/data/treasury/raw/treasury-20260824T034935Z-page009.json;/mnt/d/Projects/GoldRush/docs/phase2-ingestion/data/treasury/raw/treasury-20260824T034935Z-page010.json;/mnt/d/Projects/GoldRush/docs/phase2-ingestion/data/treasury/raw/treasury-20260824T034935Z-page011.json;/mnt/d/Projects/GoldRush/docs/phase2-ingestion/data/treasury/raw/treasury-20260824T034935Z-page012.json;/mnt/d/Projects/GoldRush/docs/phase2-ingestion/data/treasury/raw/treasury-20260824T034935Z-page013.json;/mnt/d/Projects/GoldRush/docs/phase2-ingestion/data/treasury/raw/treasury-20260824T034935Z-page014.json;/mnt/d/Projects/GoldRush/docs/phase2-ingestion/data/treasury/raw/treasury-20260824T034935Z-page015.json;/mnt/d/Projects/GoldRush/docs/phase2-ingestion/data/treasury/raw/treasury-20260824T034935Z-page016.json,docs/phase2-ingestion/data/treasury/manifests/treasury-20260824T034935Z.manifest.json,16,cf284fd2186cebbd098b2823e2195f5af04c4bc8c7e75507d7dd4e8bf063fd5b,2026-08-24T03:49:35.808873+00:00,PASS,AVAILABLE,0.1.0
L4-009,2025-05-31,9180047.49006193,28588471.2936438,28450200.60214379,99.51634108001167,32.1110121481136,percent_of_marketable_treasury_debt,Positive dated marketable debt maturing after record date and within one calendar year / Total Marketable outstanding * 100,U.S. Treasury Fiscal Data — Monthly Statement of the Public Debt Table 3,https://api.fiscaldata.treasury.gov/services/api/fiscal_service/v1/debt/mspd/mspd_table_3_market,"{""fields"":""record_date,security_type_desc,security_class1_desc,maturity_date,outstanding_amt,src_line_nbr"",""filter"":""record_date:gte:1900-01-01"",""page[size]"":10000,""sort"":""record_date,src_line_nbr""}",/mnt/d/Projects/GoldRush/docs/phase2-ingestion/data/treasury/raw/treasury-20260824T034935Z-page001.json;/mnt/d/Projects/GoldRush/docs/phase2-ingestion/data/treasury/raw/treasury-20260824T034935Z-page002.json;/mnt/d/Projects/GoldRush/docs/phase2-ingestion/data/treasury/raw/treasury-20260824T034935Z-page003.json;/mnt/d/Projects/GoldRush/docs/phase2-ingestion/data/treasury/raw/treasury-20260824T034935Z-page004.json;/mnt/d/Projects/GoldRush/docs/phase2-ingestion/data/treasury/raw/treasury-20260824T034935Z-page005.json;/mnt/d/Projects/GoldRush/docs/phase2-ingestion/data/treasury/raw/treasury-20260824T034935Z-page006.json;/mnt/d/Projects/GoldRush/docs/phase2-ingestion/data/treasury/raw/treasury-20260824T034935Z-page007.json;/mnt/d/Projects/GoldRush/docs/phase2-ingestion/data/treasury/raw/treasury-20260824T034935Z-page008.json;/mnt/d/Projects/GoldRush/docs/phase2-ingestion/data/treasury/raw/treasury-20260824T034935Z-page009.json;/mnt/d/Projects/GoldRush/docs/phase2-ingestion/data/treasury/raw/treasury-20260824T034935Z-page010.json;/mnt/d/Projects/GoldRush/docs/phase2-ingestion/data/treasury/raw/treasury-20260824T034935Z-page011.json;/mnt/d/Projects/GoldRush/docs/phase2-ingestion/data/treasury/raw/treasury-20260824T034935Z-page012.json;/mnt/d/Projects/GoldRush/docs/phase2-ingestion/data/treasury/raw/treasury-20260824T034935Z-page013.json;/mnt/d/Projects/GoldRush/docs/phase2-ingestion/data/treasury/raw/treasury-20260824T034935Z-page014.json;/mnt/d/Projects/GoldRush/docs/phase2-ingestion/data/treasury/raw/treasury-20260824T034935Z-page015.json;/mnt/d/Projects/GoldRush/docs/phase2-ingestion/data/treasury/raw/treasury-20260824T034935Z-page016.json,docs/phase2-ingestion/data/treasury/manifests/treasury-20260824T034935Z.manifest.json,16,cf284fd2186cebbd098b2823e2195f5af04c4bc8c7e75507d7dd4e8bf063fd5b,2026-08-24T03:49:35.808873+00:00,PASS,AVAILABLE,0.1.0
L4-009,2025-06-30,8990202.00761564,28657287.9807887,28653132.66128874,99.98549995553401,31.371433380725,percent_of_marketable_treasury_debt,Positive dated marketable debt maturing after record date and within one calendar year / Total Marketable outstanding * 100,U.S. Treasury Fiscal Data — Monthly Statement of the Public Debt Table 3,https://api.fiscaldata.treasury.gov/services/api/fiscal_service/v1/debt/mspd/mspd_table_3_market,"{""fields"":""record_date,security_type_desc,security_class1_desc,maturity_date,outstanding_amt,src_line_nbr"",""filter"":""record_date:gte:1900-01-01"",""page[size]"":10000,""sort"":""record_date,src_line_nbr""}",/mnt/d/Projects/GoldRush/docs/phase2-ingestion/data/treasury/raw/treasury-20260824T034935Z-page001.json;/mnt/d/Projects/GoldRush/docs/phase2-ingestion/data/treasury/raw/treasury-20260824T034935Z-page002.json;/mnt/d/Projects/GoldRush/docs/phase2-ingestion/data/treasury/raw/treasury-20260824T034935Z-page003.json;/mnt/d/Projects/GoldRush/docs/phase2-ingestion/data/treasury/raw/treasury-20260824T034935Z-page004.json;/mnt/d/Projects/GoldRush/docs/phase2-ingestion/data/treasury/raw/treasury-20260824T034935Z-page005.json;/mnt/d/Projects/GoldRush/docs/phase2-ingestion/data/treasury/raw/treasury-20260824T034935Z-page006.json;/mnt/d/Projects/GoldRush/docs/phase2-ingestion/data/treasury/raw/treasury-20260824T034935Z-page007.json;/mnt/d/Projects/GoldRush/docs/phase2-ingestion/data/treasury/raw/treasury-20260824T034935Z-page008.json;/mnt/d/Projects/GoldRush/docs/phase2-ingestion/data/treasury/raw/treasury-20260824T034935Z-page009.json;/mnt/d/Projects/GoldRush/docs/phase2-ingestion/data/treasury/raw/treasury-20260824T034935Z-page010.json;/mnt/d/Projects/GoldRush/docs/phase2-ingestion/data/treasury/raw/treasury-20260824T034935Z-page011.json;/mnt/d/Projects/GoldRush/docs/phase2-ingestion/data/treasury/raw/treasury-20260824T034935Z-page012.json;/mnt/d/Projects/GoldRush/docs/phase2-ingestion/data/treasury/raw/treasury-20260824T034935Z-page013.json;/mnt/d/Projects/GoldRush/docs/phase2-ingestion/data/treasury/raw/treasury-20260824T034935Z-page014.json;/mnt/d/Projects/GoldRush/docs/phase2-ingestion/data/treasury/raw/treasury-20260824T034935Z-page015.json;/mnt/d/Projects/GoldRush/docs/phase2-ingestion/data/treasury/raw/treasury-20260824T034935Z-page016.json,docs/phase2-ingestion/data/treasury/manifests/treasury-20260824T034935Z.manifest.json,16,cf284fd2186cebbd098b2823e2195f5af04c4bc8c7e75507d7dd4e8bf063fd5b,2026-08-24T03:49:35.808873+00:00,PASS,AVAILABLE,0.1.0
L4-009,2025-07-31,9249155.64457202,28969964.538388,28965809.27288797,99.98565664278075,31.926706821874067,percent_of_marketable_treasury_debt,Positive dated marketable debt maturing after record date and within one calendar year / Total Marketable outstanding * 100,U.S. Treasury Fiscal Data — Monthly Statement of the Public Debt Table 3,https://api.fiscaldata.treasury.gov/services/api/fiscal_service/v1/debt/mspd/mspd_table_3_market,"{""fields"":""record_date,security_type_desc,security_class1_desc,maturity_date,outstanding_amt,src_line_nbr"",""filter"":""record_date:gte:1900-01-01"",""page[size]"":10000,""sort"":""record_date,src_line_nbr""}",/mnt/d/Projects/GoldRush/docs/phase2-ingestion/data/treasury/raw/treasury-20260824T034935Z-page001.json;/mnt/d/Projects/GoldRush/docs/phase2-ingestion/data/treasury/raw/treasury-20260824T034935Z-page002.json;/mnt/d/Projects/GoldRush/docs/phase2-ingestion/data/treasury/raw/treasury-20260824T034935Z-page003.json;/mnt/d/Projects/GoldRush/docs/phase2-ingestion/data/treasury/raw/treasury-20260824T034935Z-page004.json;/mnt/d/Projects/GoldRush/docs/phase2-ingestion/data/treasury/raw/treasury-20260824T034935Z-page005.json;/mnt/d/Projects/GoldRush/docs/phase2-ingestion/data/treasury/raw/treasury-20260824T034935Z-page006.json;/mnt/d/Projects/GoldRush/docs/phase2-ingestion/data/treasury/raw/treasury-20260824T034935Z-page007.json;/mnt/d/Projects/GoldRush/docs/phase2-ingestion/data/treasury/raw/treasury-20260824T034935Z-page008.json;/mnt/d/Projects/GoldRush/docs/phase2-ingestion/data/treasury/raw/treasury-20260824T034935Z-page009.json;/mnt/d/Projects/GoldRush/docs/phase2-ingestion/data/treasury/raw/treasury-20260824T034935Z-page010.json;/mnt/d/Projects/GoldRush/docs/phase2-ingestion/data/treasury/raw/treasury-20260824T034935Z-page011.json;/mnt/d/Projects/GoldRush/docs/phase2-ingestion/data/treasury/raw/treasury-20260824T034935Z-page012.json;/mnt/d/Projects/GoldRush/docs/phase2-ingestion/data/treasury/raw/treasury-20260824T034935Z-page013.json;/mnt/d/Projects/GoldRush/docs/phase2-ingestion/data/treasury/raw/treasury-20260824T034935Z-page014.json;/mnt/d/Projects/GoldRush/docs/phase2-ingestion/data/treasury/raw/treasury-20260824T034935Z-page015.json;/mnt/d/Projects/GoldRush/docs/phase2-ingestion/data/treasury/raw/treasury-20260824T034935Z-page016.json,docs/phase2-ingestion/data/treasury/manifests/treasury-20260824T034935Z.manifest.json,16,cf284fd2186cebbd098b2823e2195f5af04c4bc8c7e75507d7dd4e8bf063fd5b,2026-08-24T03:49:35.808873+00:00,PASS,AVAILABLE,0.1.0
L4-009,2025-08-31,9655927.88959052,29406845.0513743,29268203.60957429,99.52854023762903,32.835647185957676,percent_of_marketable_treasury_debt,Positive dated marketable debt maturing after record date and within one calendar year / Total Marketable outstanding * 100,U.S. Treasury Fiscal Data — Monthly Statement of the Public Debt Table 3,https://api.fiscaldata.treasury.gov/services/api/fiscal_service/v1/debt/mspd/mspd_table_3_market,"{""fields"":""record_date,security_type_desc,security_class1_desc,maturity_date,outstanding_amt,src_line_nbr"",""filter"":""record_date:gte:1900-01-01"",""page[size]"":10000,""sort"":""record_date,src_line_nbr""}",/mnt/d/Projects/GoldRush/docs/phase2-ingestion/data/treasury/raw/treasury-20260824T034935Z-page001.json;/mnt/d/Projects/GoldRush/docs/phase2-ingestion/data/treasury/raw/treasury-20260824T034935Z-page002.json;/mnt/d/Projects/GoldRush/docs/phase2-ingestion/data/treasury/raw/treasury-20260824T034935Z-page003.json;/mnt/d/Projects/GoldRush/docs/phase2-ingestion/data/treasury/raw/treasury-20260824T034935Z-page004.json;/mnt/d/Projects/GoldRush/docs/phase2-ingestion/data/treasury/raw/treasury-20260824T034935Z-page005.json;/mnt/d/Projects/GoldRush/docs/phase2-ingestion/data/treasury/raw/treasury-20260824T034935Z-page006.json;/mnt/d/Projects/GoldRush/docs/phase2-ingestion/data/treasury/raw/treasury-20260824T034935Z-page007.json;/mnt/d/Projects/GoldRush/docs/phase2-ingestion/data/treasury/raw/treasury-20260824T034935Z-page008.json;/mnt/d/Projects/GoldRush/docs/phase2-ingestion/data/treasury/raw/treasury-20260824T034935Z-page009.json;/mnt/d/Projects/GoldRush/docs/phase2-ingestion/data/treasury/raw/treasury-20260824T034935Z-page010.json;/mnt/d/Projects/GoldRush/docs/phase2-ingestion/data/treasury/raw/treasury-20260824T034935Z-page011.json;/mnt/d/Projects/GoldRush/docs/phase2-ingestion/data/treasury/raw/treasury-20260824T034935Z-page012.json;/mnt/d/Projects/GoldRush/docs/phase2-ingestion/data/treasury/raw/treasury-20260824T034935Z-page013.json;/mnt/d/Projects/GoldRush/docs/phase2-ingestion/data/treasury/raw/treasury-20260824T034935Z-page014.json;/mnt/d/Projects/GoldRush/docs/phase2-ingestion/data/treasury/raw/treasury-20260824T034935Z-page015.json;/mnt/d/Projects/GoldRush/docs/phase2-ingestion/data/treasury/raw/treasury-20260824T034935Z-page016.json,docs/phase2-ingestion/data/treasury/manifests/treasury-20260824T034935Z.manifest.json,16,cf284fd2186cebbd098b2823e2195f5af04c4bc8c7e75507d7dd4e8bf063fd5b,2026-08-24T03:49:35.808873+00:00,PASS,AVAILABLE,0.1.0
L4-009,2025-09-30,9721931.11510113,29714713.3185456,29710558.65454558,99.98601815889832,32.717566583533085,percent_of_marketable_treasury_debt,Positive dated marketable debt maturing after record date and within one calendar year / Total Marketable outstanding * 100,U.S. Treasury Fiscal Data — Monthly Statement of the Public Debt Table 3,https://api.fiscaldata.treasury.gov/services/api/fiscal_service/v1/debt/mspd/mspd_table_3_market,"{""fields"":""record_date,security_type_desc,security_class1_desc,maturity_date,outstanding_amt,src_line_nbr"",""filter"":""record_date:gte:1900-01-01"",""page[size]"":10000,""sort"":""record_date,src_line_nbr""}",/mnt/d/Projects/GoldRush/docs/phase2-ingestion/data/treasury/raw/treasury-20260824T034935Z-page001.json;/mnt/d/Projects/GoldRush/docs/phase2-ingestion/data/treasury/raw/treasury-20260824T034935Z-page002.json;/mnt/d/Projects/GoldRush/docs/phase2-ingestion/data/treasury/raw/treasury-20260824T034935Z-page003.json;/mnt/d/Projects/GoldRush/docs/phase2-ingestion/data/treasury/raw/treasury-20260824T034935Z-page004.json;/mnt/d/Projects/GoldRush/docs/phase2-ingestion/data/treasury/raw/treasury-20260824T034935Z-page005.json;/mnt/d/Projects/GoldRush/docs/phase2-ingestion/data/treasury/raw/treasury-20260824T034935Z-page006.json;/mnt/d/Projects/GoldRush/docs/phase2-ingestion/data/treasury/raw/treasury-20260824T034935Z-page007.json;/mnt/d/Projects/GoldRush/docs/phase2-ingestion/data/treasury/raw/treasury-20260824T034935Z-page008.json;/mnt/d/Projects/GoldRush/docs/phase2-ingestion/data/treasury/raw/treasury-20260824T034935Z-page009.json;/mnt/d/Projects/GoldRush/docs/phase2-ingestion/data/treasury/raw/treasury-20260824T034935Z-page010.json;/mnt/d/Projects/GoldRush/docs/phase2-ingestion/data/treasury/raw/treasury-20260824T034935Z-page011.json;/mnt/d/Projects/GoldRush/docs/phase2-ingestion/data/treasury/raw/treasury-20260824T034935Z-page012.json;/mnt/d/Projects/GoldRush/docs/phase2-ingestion/data/treasury/raw/treasury-20260824T034935Z-page013.json;/mnt/d/Projects/GoldRush/docs/phase2-ingestion/data/treasury/raw/treasury-20260824T034935Z-page014.json;/mnt/d/Projects/GoldRush/docs/phase2-ingestion/data/treasury/raw/treasury-20260824T034935Z-page015.json;/mnt/d/Projects/GoldRush/docs/phase2-ingestion/data/treasury/raw/treasury-20260824T034935Z-page016.json,docs/phase2-ingestion/data/treasury/manifests/treasury-20260824T034935Z.manifest.json,16,cf284fd2186cebbd098b2823e2195f5af04c4bc8c7e75507d7dd4e8bf063fd5b,2026-08-24T03:49:35.808873+00:00,PASS,AVAILABLE,0.1.0
L4-009,2025-10-31,9972914.72769549,29998563.8610595,29994409.22755947,99.98615055867583,33.244640556413835,percent_of_marketable_treasury_debt,Positive dated marketable debt maturing after record date and within one calendar year / Total Marketable outstanding * 100,U.S. Treasury Fiscal Data — Monthly Statement of the Public Debt Table 3,https://api.fiscaldata.treasury.gov/services/api/fiscal_service/v1/debt/mspd/mspd_table_3_market,"{""fields"":""record_date,security_type_desc,security_class1_desc,maturity_date,outstanding_amt,src_line_nbr"",""filter"":""record_date:gte:1900-01-01"",""page[size]"":10000,""sort"":""record_date,src_line_nbr""}",/mnt/d/Projects/GoldRush/docs/phase2-ingestion/data/treasury/raw/treasury-20260824T034935Z-page001.json;/mnt/d/Projects/GoldRush/docs/phase2-ingestion/data/treasury/raw/treasury-20260824T034935Z-page002.json;/mnt/d/Projects/GoldRush/docs/phase2-ingestion/data/treasury/raw/treasury-20260824T034935Z-page003.json;/mnt/d/Projects/GoldRush/docs/phase2-ingestion/data/treasury/raw/treasury-20260824T034935Z-page004.json;/mnt/d/Projects/GoldRush/docs/phase2-ingestion/data/treasury/raw/treasury-20260824T034935Z-page005.json;/mnt/d/Projects/GoldRush/docs/phase2-ingestion/data/treasury/raw/treasury-20260824T034935Z-page006.json;/mnt/d/Projects/GoldRush/docs/phase2-ingestion/data/treasury/raw/treasury-20260824T034935Z-page007.json;/mnt/d/Projects/GoldRush/docs/phase2-ingestion/data/treasury/raw/treasury-20260824T034935Z-page008.json;/mnt/d/Projects/GoldRush/docs/phase2-ingestion/data/treasury/raw/treasury-20260824T034935Z-page009.json;/mnt/d/Projects/GoldRush/docs/phase2-ingestion/data/treasury/raw/treasury-20260824T034935Z-page010.json;/mnt/d/Projects/GoldRush/docs/phase2-ingestion/data/treasury/raw/treasury-20260824T034935Z-page011.json;/mnt/d/Projects/GoldRush/docs/phase2-ingestion/data/treasury/raw/treasury-20260824T034935Z-page012.json;/mnt/d/Projects/GoldRush/docs/phase2-ingestion/data/treasury/raw/treasury-20260824T034935Z-page013.json;/mnt/d/Projects/GoldRush/docs/phase2-ingestion/data/treasury/raw/treasury-20260824T034935Z-page014.json;/mnt/d/Projects/GoldRush/docs/phase2-ingestion/data/treasury/raw/treasury-20260824T034935Z-page015.json;/mnt/d/Projects/GoldRush/docs/phase2-ingestion/data/treasury/raw/treasury-20260824T034935Z-page016.json,docs/phase2-ingestion/data/treasury/manifests/treasury-20260824T034935Z.manifest.json,16,cf284fd2186cebbd098b2823e2195f5af04c4bc8c7e75507d7dd4e8bf063fd5b,2026-08-24T03:49:35.808873+00:00,PASS,AVAILABLE,0.1.0
L4-009,2025-11-30,10140062.57841948,30197988.744782,30053277.76638206,99.52079266065378,33.57860241659839,percent_of_marketable_treasury_debt,Positive dated marketable debt maturing after record date and within one calendar year / Total Marketable outstanding * 100,U.S. Treasury Fiscal Data — Monthly Statement of the Public Debt Table 3,https://api.fiscaldata.treasury.gov/services/api/fiscal_service/v1/debt/mspd/mspd_table_3_market,"{""fields"":""record_date,security_type_desc,security_class1_desc,maturity_date,outstanding_amt,src_line_nbr"",""filter"":""record_date:gte:1900-01-01"",""page[size]"":10000,""sort"":""record_date,src_line_nbr""}",/mnt/d/Projects/GoldRush/docs/phase2-ingestion/data/treasury/raw/treasury-20260824T034935Z-page001.json;/mnt/d/Projects/GoldRush/docs/phase2-ingestion/data/treasury/raw/treasury-20260824T034935Z-page002.json;/mnt/d/Projects/GoldRush/docs/phase2-ingestion/data/treasury/raw/treasury-20260824T034935Z-page003.json;/mnt/d/Projects/GoldRush/docs/phase2-ingestion/data/treasury/raw/treasury-20260824T034935Z-page004.json;/mnt/d/Projects/GoldRush/docs/phase2-ingestion/data/treasury/raw/treasury-20260824T034935Z-page005.json;/mnt/d/Projects/GoldRush/docs/phase2-ingestion/data/treasury/raw/treasury-20260824T034935Z-page006.json;/mnt/d/Projects/GoldRush/docs/phase2-ingestion/data/treasury/raw/treasury-20260824T034935Z-page007.json;/mnt/d/Projects/GoldRush/docs/phase2-ingestion/data/treasury/raw/treasury-20260824T034935Z-page008.json;/mnt/d/Projects/GoldRush/docs/phase2-ingestion/data/treasury/raw/treasury-20260824T034935Z-page009.json;/mnt/d/Projects/GoldRush/docs/phase2-ingestion/data/treasury/raw/treasury-20260824T034935Z-page010.json;/mnt/d/Projects/GoldRush/docs/phase2-ingestion/data/treasury/raw/treasury-20260824T034935Z-page011.json;/mnt/d/Projects/GoldRush/docs/phase2-ingestion/data/treasury/raw/treasury-20260824T034935Z-page012.json;/mnt/d/Projects/GoldRush/docs/phase2-ingestion/data/treasury/raw/treasury-20260824T034935Z-page013.json;/mnt/d/Projects/GoldRush/docs/phase2-ingestion/data/treasury/raw/treasury-20260824T034935Z-page014.json;/mnt/d/Projects/GoldRush/docs/phase2-ingestion/data/treasury/raw/treasury-20260824T034935Z-page015.json;/mnt/d/Projects/GoldRush/docs/phase2-ingestion/data/treasury/raw/treasury-20260824T034935Z-page016.json,docs/phase2-ingestion/data/treasury/manifests/treasury-20260824T034935Z.manifest.json,16,cf284fd2186cebbd098b2823e2195f5af04c4bc8c7e75507d7dd4e8bf063fd5b,2026-08-24T03:49:35.808873+00:00,PASS,AVAILABLE,0.1.0
L4-009,2025-12-31,9966215.7067285,30271343.1212417,30267188.48774172,99.98627535790752,32.922938591829805,percent_of_marketable_treasury_debt,Positive dated marketable debt maturing after record date and within one calendar year / Total Marketable outstanding * 100,U.S. Treasury Fiscal Data — Monthly Statement of the Public Debt Table 3,https://api.fiscaldata.treasury.gov/services/api/fiscal_service/v1/debt/mspd/mspd_table_3_market,"{""fields"":""record_date,security_type_desc,security_class1_desc,maturity_date,outstanding_amt,src_line_nbr"",""filter"":""record_date:gte:1900-01-01"",""page[size]"":10000,""sort"":""record_date,src_line_nbr""}",/mnt/d/Projects/GoldRush/docs/phase2-ingestion/data/treasury/raw/treasury-20260824T034935Z-page001.json;/mnt/d/Projects/GoldRush/docs/phase2-ingestion/data/treasury/raw/treasury-20260824T034935Z-page002.json;/mnt/d/Projects/GoldRush/docs/phase2-ingestion/data/treasury/raw/treasury-20260824T034935Z-page003.json;/mnt/d/Projects/GoldRush/docs/phase2-ingestion/data/treasury/raw/treasury-20260824T034935Z-page004.json;/mnt/d/Projects/GoldRush/docs/phase2-ingestion/data/treasury/raw/treasury-20260824T034935Z-page005.json;/mnt/d/Projects/GoldRush/docs/phase2-ingestion/data/treasury/raw/treasury-20260824T034935Z-page006.json;/mnt/d/Projects/GoldRush/docs/phase2-ingestion/data/treasury/raw/treasury-20260824T034935Z-page007.json;/mnt/d/Projects/GoldRush/docs/phase2-ingestion/data/treasury/raw/treasury-20260824T034935Z-page008.json;/mnt/d/Projects/GoldRush/docs/phase2-ingestion/data/treasury/raw/treasury-20260824T034935Z-page009.json;/mnt/d/Projects/GoldRush/docs/phase2-ingestion/data/treasury/raw/treasury-20260824T034935Z-page010.json;/mnt/d/Projects/GoldRush/docs/phase2-ingestion/data/treasury/raw/treasury-20260824T034935Z-page011.json;/mnt/d/Projects/GoldRush/docs/phase2-ingestion/data/treasury/raw/treasury-20260824T034935Z-page012.json;/mnt/d/Projects/GoldRush/docs/phase2-ingestion/data/treasury/raw/treasury-20260824T034935Z-page013.json;/mnt/d/Projects/GoldRush/docs/phase2-ingestion/data/treasury/raw/treasury-20260824T034935Z-page014.json;/mnt/d/Projects/GoldRush/docs/phase2-ingestion/data/treasury/raw/treasury-20260824T034935Z-page015.json;/mnt/d/Projects/GoldRush/docs/phase2-ingestion/data/treasury/raw/treasury-20260824T034935Z-page016.json,docs/phase2-ingestion/data/treasury/manifests/treasury-20260824T034935Z.manifest.json,16,cf284fd2186cebbd098b2823e2195f5af04c4bc8c7e75507d7dd4e8bf063fd5b,2026-08-24T03:49:35.808873+00:00,PASS,AVAILABLE,0.1.0
L4-009,2026-01-31,10031015.66310899,30345524.3404303,30099529.43883035,99.18935359679317,33.05599715653735,percent_of_marketable_treasury_debt,Positive dated marketable debt maturing after record date and within one calendar year / Total Marketable outstanding * 100,U.S. Treasury Fiscal Data — Monthly Statement of the Public Debt Table 3,https://api.fiscaldata.treasury.gov/services/api/fiscal_service/v1/debt/mspd/mspd_table_3_market,"{""fields"":""record_date,security_type_desc,security_class1_desc,maturity_date,outstanding_amt,src_line_nbr"",""filter"":""record_date:gte:1900-01-01"",""page[size]"":10000,""sort"":""record_date,src_line_nbr""}",/mnt/d/Projects/GoldRush/docs/phase2-ingestion/data/treasury/raw/treasury-20260824T034935Z-page001.json;/mnt/d/Projects/GoldRush/docs/phase2-ingestion/data/treasury/raw/treasury-20260824T034935Z-page002.json;/mnt/d/Projects/GoldRush/docs/phase2-ingestion/data/treasury/raw/treasury-20260824T034935Z-page003.json;/mnt/d/Projects/GoldRush/docs/phase2-ingestion/data/treasury/raw/treasury-20260824T034935Z-page004.json;/mnt/d/Projects/GoldRush/docs/phase2-ingestion/data/treasury/raw/treasury-20260824T034935Z-page005.json;/mnt/d/Projects/GoldRush/docs/phase2-ingestion/data/treasury/raw/treasury-20260824T034935Z-page006.json;/mnt/d/Projects/GoldRush/docs/phase2-ingestion/data/treasury/raw/treasury-20260824T034935Z-page007.json;/mnt/d/Projects/GoldRush/docs/phase2-ingestion/data/treasury/raw/treasury-20260824T034935Z-page008.json;/mnt/d/Projects/GoldRush/docs/phase2-ingestion/data/treasury/raw/treasury-20260824T034935Z-page009.json;/mnt/d/Projects/GoldRush/docs/phase2-ingestion/data/treasury/raw/treasury-20260824T034935Z-page010.json;/mnt/d/Projects/GoldRush/docs/phase2-ingestion/data/treasury/raw/treasury-20260824T034935Z-page011.json;/mnt/d/Projects/GoldRush/docs/phase2-ingestion/data/treasury/raw/treasury-20260824T034935Z-page012.json;/mnt/d/Projects/GoldRush/docs/phase2-ingestion/data/treasury/raw/treasury-20260824T034935Z-page013.json;/mnt/d/Projects/GoldRush/docs/phase2-ingestion/data/treasury/raw/treasury-20260824T034935Z-page014.json;/mnt/d/Projects/GoldRush/docs/phase2-ingestion/data/treasury/raw/treasury-20260824T034935Z-page015.json;/mnt/d/Projects/GoldRush/docs/phase2-ingestion/data/treasury/raw/treasury-20260824T034935Z-page016.json,docs/phase2-ingestion/data/treasury/manifests/treasury-20260824T034935Z.manifest.json,16,cf284fd2186cebbd098b2823e2195f5af04c4bc8c7e75507d7dd4e8bf063fd5b,2026-08-24T03:49:35.808873+00:00,PASS,AVAILABLE,0.1.0
L4-009,2026-02-28,10253359.75560898,30616419.4785923,30448313.51819229,99.45092873934017,33.48974155119074,percent_of_marketable_treasury_debt,Positive dated marketable debt maturing after record date and within one calendar year / Total Marketable outstanding * 100,U.S. Treasury Fiscal Data — Monthly Statement of the Public Debt Table 3,https://api.fiscaldata.treasury.gov/services/api/fiscal_service/v1/debt/mspd/mspd_table_3_market,"{""fields"":""record_date,security_type_desc,security_class1_desc,maturity_date,outstanding_amt,src_line_nbr"",""filter"":""record_date:gte:1900-01-01"",""page[size]"":10000,""sort"":""record_date,src_line_nbr""}",/mnt/d/Projects/GoldRush/docs/phase2-ingestion/data/treasury/raw/treasury-20260824T034935Z-page001.json;/mnt/d/Projects/GoldRush/docs/phase2-ingestion/data/treasury/raw/treasury-20260824T034935Z-page002.json;/mnt/d/Projects/GoldRush/docs/phase2-ingestion/data/treasury/raw/treasury-20260824T034935Z-page003.json;/mnt/d/Projects/GoldRush/docs/phase2-ingestion/data/treasury/raw/treasury-20260824T034935Z-page004.json;/mnt/d/Projects/GoldRush/docs/phase2-ingestion/data/treasury/raw/treasury-20260824T034935Z-page005.json;/mnt/d/Projects/GoldRush/docs/phase2-ingestion/data/treasury/raw/treasury-20260824T034935Z-page006.json;/mnt/d/Projects/GoldRush/docs/phase2-ingestion/data/treasury/raw/treasury-20260824T034935Z-page007.json;/mnt/d/Projects/GoldRush/docs/phase2-ingestion/data/treasury/raw/treasury-20260824T034935Z-page008.json;/mnt/d/Projects/GoldRush/docs/phase2-ingestion/data/treasury/raw/treasury-20260824T034935Z-page009.json;/mnt/d/Projects/GoldRush/docs/phase2-ingestion/data/treasury/raw/treasury-20260824T034935Z-page010.json;/mnt/d/Projects/GoldRush/docs/phase2-ingestion/data/treasury/raw/treasury-20260824T034935Z-page011.json;/mnt/d/Projects/GoldRush/docs/phase2-ingestion/data/treasury/raw/treasury-20260824T034935Z-page012.json;/mnt/d/Projects/GoldRush/docs/phase2-ingestion/data/treasury/raw/treasury-20260824T034935Z-page013.json;/mnt/d/Projects/GoldRush/docs/phase2-ingestion/data/treasury/raw/treasury-20260824T034935Z-page014.json;/mnt/d/Projects/GoldRush/docs/phase2-ingestion/data/treasury/raw/treasury-20260824T034935Z-page015.json;/mnt/d/Projects/GoldRush/docs/phase2-ingestion/data/treasury/raw/treasury-20260824T034935Z-page016.json,docs/phase2-ingestion/data/treasury/manifests/treasury-20260824T034935Z.manifest.json,16,cf284fd2186cebbd098b2823e2195f5af04c4bc8c7e75507d7dd4e8bf063fd5b,2026-08-24T03:49:35.808873+00:00,PASS,AVAILABLE,0.1.0
L4-009,2026-03-31,10270932.27857022,30846290.0721381,30842135.43863811,99.98653117282412,33.29713963834969,percent_of_marketable_treasury_debt,Positive dated marketable debt maturing after record date and within one calendar year / Total Marketable outstanding * 100,U.S. Treasury Fiscal Data — Monthly Statement of the Public Debt Table 3,https://api.fiscaldata.treasury.gov/services/api/fiscal_service/v1/debt/mspd/mspd_table_3_market,"{""fields"":""record_date,security_type_desc,security_class1_desc,maturity_date,outstanding_amt,src_line_nbr"",""filter"":""record_date:gte:1900-01-01"",""page[size]"":10000,""sort"":""record_date,src_line_nbr""}",/mnt/d/Projects/GoldRush/docs/phase2-ingestion/data/treasury/raw/treasury-20260824T034935Z-page001.json;/mnt/d/Projects/GoldRush/docs/phase2-ingestion/data/treasury/raw/treasury-20260824T034935Z-page002.json;/mnt/d/Projects/GoldRush/docs/phase2-ingestion/data/treasury/raw/treasury-20260824T034935Z-page003.json;/mnt/d/Projects/GoldRush/docs/phase2-ingestion/data/treasury/raw/treasury-20260824T034935Z-page004.json;/mnt/d/Projects/GoldRush/docs/phase2-ingestion/data/treasury/raw/treasury-20260824T034935Z-page005.json;/mnt/d/Projects/GoldRush/docs/phase2-ingestion/data/treasury/raw/treasury-20260824T034935Z-page006.json;/mnt/d/Projects/GoldRush/docs/phase2-ingestion/data/treasury/raw/treasury-20260824T034935Z-page007.json;/mnt/d/Projects/GoldRush/docs/phase2-ingestion/data/treasury/raw/treasury-20260824T034935Z-page008.json;/mnt/d/Projects/GoldRush/docs/phase2-ingestion/data/treasury/raw/treasury-20260824T034935Z-page009.json;/mnt/d/Projects/GoldRush/docs/phase2-ingestion/data/treasury/raw/treasury-20260824T034935Z-page010.json;/mnt/d/Projects/GoldRush/docs/phase2-ingestion/data/treasury/raw/treasury-20260824T034935Z-page011.json;/mnt/d/Projects/GoldRush/docs/phase2-ingestion/data/treasury/raw/treasury-20260824T034935Z-page012.json;/mnt/d/Projects/GoldRush/docs/phase2-ingestion/data/treasury/raw/treasury-20260824T034935Z-page013.json;/mnt/d/Projects/GoldRush/docs/phase2-ingestion/data/treasury/raw/treasury-20260824T034935Z-page014.json;/mnt/d/Projects/GoldRush/docs/phase2-ingestion/data/treasury/raw/treasury-20260824T034935Z-page015.json;/mnt/d/Projects/GoldRush/docs/phase2-ingestion/data/treasury/raw/treasury-20260824T034935Z-page016.json,docs/phase2-ingestion/data/treasury/manifests/treasury-20260824T034935Z.manifest.json,16,cf284fd2186cebbd098b2823e2195f5af04c4bc8c7e75507d7dd4e8bf063fd5b,2026-08-24T03:49:35.808873+00:00,PASS,AVAILABLE,0.1.0
L4-009,2026-04-30,10044573.50832044,30677204.2004511,30673049.56695115,99.98645693566857,32.74279312641123,percent_of_marketable_treasury_debt,Positive dated marketable debt maturing after record date and within one calendar year / Total Marketable outstanding * 100,U.S. Treasury Fiscal Data — Monthly Statement of the Public Debt Table 3,https://api.fiscaldata.treasury.gov/services/api/fiscal_service/v1/debt/mspd/mspd_table_3_market,"{""fields"":""record_date,security_type_desc,security_class1_desc,maturity_date,outstanding_amt,src_line_nbr"",""filter"":""record_date:gte:1900-01-01"",""page[size]"":10000,""sort"":""record_date,src_line_nbr""}",/mnt/d/Projects/GoldRush/docs/phase2-ingestion/data/treasury/raw/treasury-20260824T034935Z-page001.json;/mnt/d/Projects/GoldRush/docs/phase2-ingestion/data/treasury/raw/treasury-20260824T034935Z-page002.json;/mnt/d/Projects/GoldRush/docs/phase2-ingestion/data/treasury/raw/treasury-20260824T034935Z-page003.json;/mnt/d/Projects/GoldRush/docs/phase2-ingestion/data/treasury/raw/treasury-20260824T034935Z-page004.json;/mnt/d/Projects/GoldRush/docs/phase2-ingestion/data/treasury/raw/treasury-20260824T034935Z-page005.json;/mnt/d/Projects/GoldRush/docs/phase2-ingestion/data/treasury/raw/treasury-20260824T034935Z-page006.json;/mnt/d/Projects/GoldRush/docs/phase2-ingestion/data/treasury/raw/treasury-20260824T034935Z-page007.json;/mnt/d/Projects/GoldRush/docs/phase2-ingestion/data/treasury/raw/treasury-20260824T034935Z-page008.json;/mnt/d/Projects/GoldRush/docs/phase2-ingestion/data/treasury/raw/treasury-20260824T034935Z-page009.json;/mnt/d/Projects/GoldRush/docs/phase2-ingestion/data/treasury/raw/treasury-20260824T034935Z-page010.json;/mnt/d/Projects/GoldRush/docs/phase2-ingestion/data/treasury/raw/treasury-20260824T034935Z-page011.json;/mnt/d/Projects/GoldRush/docs/phase2-ingestion/data/treasury/raw/treasury-20260824T034935Z-page012.json;/mnt/d/Projects/GoldRush/docs/phase2-ingestion/data/treasury/raw/treasury-20260824T034935Z-page013.json;/mnt/d/Projects/GoldRush/docs/phase2-ingestion/data/treasury/raw/treasury-20260824T034935Z-page014.json;/mnt/d/Projects/GoldRush/docs/phase2-ingestion/data/treasury/raw/treasury-20260824T034935Z-page015.json;/mnt/d/Projects/GoldRush/docs/phase2-ingestion/data/treasury/raw/treasury-20260824T034935Z-page016.json,docs/phase2-ingestion/data/treasury/manifests/treasury-20260824T034935Z.manifest.json,16,cf284fd2186cebbd098b2823e2195f5af04c4bc8c7e75507d7dd4e8bf063fd5b,2026-08-24T03:49:35.808873+00:00,PASS,AVAILABLE,0.1.0
L4-009,2026-05-31,10210998.57984297,30914033.9837218,30749579.15272178,99.468025327634,33.03030133569663,percent_of_marketable_treasury_debt,Positive dated marketable debt maturing after record date and within one calendar year / Total Marketable outstanding * 100,U.S. Treasury Fiscal Data — Monthly Statement of the Public Debt Table 3,https://api.fiscaldata.treasury.gov/services/api/fiscal_service/v1/debt/mspd/mspd_table_3_market,"{""fields"":""record_date,security_type_desc,security_class1_desc,maturity_date,outstanding_amt,src_line_nbr"",""filter"":""record_date:gte:1900-01-01"",""page[size]"":10000,""sort"":""record_date,src_line_nbr""}",/mnt/d/Projects/GoldRush/docs/phase2-ingestion/data/treasury/raw/treasury-20260824T034935Z-page001.json;/mnt/d/Projects/GoldRush/docs/phase2-ingestion/data/treasury/raw/treasury-20260824T034935Z-page002.json;/mnt/d/Projects/GoldRush/docs/phase2-ingestion/data/treasury/raw/treasury-20260824T034935Z-page003.json;/mnt/d/Projects/GoldRush/docs/phase2-ingestion/data/treasury/raw/treasury-20260824T034935Z-page004.json;/mnt/d/Projects/GoldRush/docs/phase2-ingestion/data/treasury/raw/treasury-20260824T034935Z-page005.json;/mnt/d/Projects/GoldRush/docs/phase2-ingestion/data/treasury/raw/treasury-20260824T034935Z-page006.json;/mnt/d/Projects/GoldRush/docs/phase2-ingestion/data/treasury/raw/treasury-20260824T034935Z-page007.json;/mnt/d/Projects/GoldRush/docs/phase2-ingestion/data/treasury/raw/treasury-20260824T034935Z-page008.json;/mnt/d/Projects/GoldRush/docs/phase2-ingestion/data/treasury/raw/treasury-20260824T034935Z-page009.json;/mnt/d/Projects/GoldRush/docs/phase2-ingestion/data/treasury/raw/treasury-20260824T034935Z-page010.json;/mnt/d/Projects/GoldRush/docs/phase2-ingestion/data/treasury/raw/treasury-20260824T034935Z-page011.json;/mnt/d/Projects/GoldRush/docs/phase2-ingestion/data/treasury/raw/treasury-20260824T034935Z-page012.json;/mnt/d/Projects/GoldRush/docs/phase2-ingestion/data/treasury/raw/treasury-20260824T034935Z-page013.json;/mnt/d/Projects/GoldRush/docs/phase2-ingestion/data/treasury/raw/treasury-20260824T034935Z-page014.json;/mnt/d/Projects/GoldRush/docs/phase2-ingestion/data/treasury/raw/treasury-20260824T034935Z-page015.json;/mnt/d/Projects/GoldRush/docs/phase2-ingestion/data/treasury/raw/treasury-20260824T034935Z-page016.json,docs/phase2-ingestion/data/treasury/manifests/treasury-20260824T034935Z.manifest.json,16,cf284fd2186cebbd098b2823e2195f5af04c4bc8c7e75507d7dd4e8bf063fd5b,2026-08-24T03:49:35.808873+00:00,PASS,AVAILABLE,0.1.0
L4-009,2026-06-30,10146468.31559119,31085831.2471383,31082178.32343828,99.98824891098785,32.640170484504104,percent_of_marketable_treasury_debt,Positive dated marketable debt maturing after record date and within one calendar year / Total Marketable outstanding * 100,U.S. Treasury Fiscal Data — Monthly Statement of the Public Debt Table 3,https://api.fiscaldata.treasury.gov/services/api/fiscal_service/v1/debt/mspd/mspd_table_3_market,"{""fields"":""record_date,security_type_desc,security_class1_desc,maturity_date,outstanding_amt,src_line_nbr"",""filter"":""record_date:gte:1900-01-01"",""page[size]"":10000,""sort"":""record_date,src_line_nbr""}",/mnt/d/Projects/GoldRush/docs/phase2-ingestion/data/treasury/raw/treasury-20260824T034935Z-page001.json;/mnt/d/Projects/GoldRush/docs/phase2-ingestion/data/treasury/raw/treasury-20260824T034935Z-page002.json;/mnt/d/Projects/GoldRush/docs/phase2-ingestion/data/treasury/raw/treasury-20260824T034935Z-page003.json;/mnt/d/Projects/GoldRush/docs/phase2-ingestion/data/treasury/raw/treasury-20260824T034935Z-page004.json;/mnt/d/Projects/GoldRush/docs/phase2-ingestion/data/treasury/raw/treasury-20260824T034935Z-page005.json;/mnt/d/Projects/GoldRush/docs/phase2-ingestion/data/treasury/raw/treasury-20260824T034935Z-page006.json;/mnt/d/Projects/GoldRush/docs/phase2-ingestion/data/treasury/raw/treasury-20260824T034935Z-page007.json;/mnt/d/Projects/GoldRush/docs/phase2-ingestion/data/treasury/raw/treasury-20260824T034935Z-page008.json;/mnt/d/Projects/GoldRush/docs/phase2-ingestion/data/treasury/raw/treasury-20260824T034935Z-page009.json;/mnt/d/Projects/GoldRush/docs/phase2-ingestion/data/treasury/raw/treasury-20260824T034935Z-page010.json;/mnt/d/Projects/GoldRush/docs/phase2-ingestion/data/treasury/raw/treasury-20260824T034935Z-page011.json;/mnt/d/Projects/GoldRush/docs/phase2-ingestion/data/treasury/raw/treasury-20260824T034935Z-page012.json;/mnt/d/Projects/GoldRush/docs/phase2-ingestion/data/treasury/raw/treasury-20260824T034935Z-page013.json;/mnt/d/Projects/GoldRush/docs/phase2-ingestion/data/treasury/raw/treasury-20260824T034935Z-page014.json;/mnt/d/Projects/GoldRush/docs/phase2-ingestion/data/treasury/raw/treasury-20260824T034935Z-page015.json;/mnt/d/Projects/GoldRush/docs/phase2-ingestion/data/treasury/raw/treasury-20260824T034935Z-page016.json,docs/phase2-ingestion/data/treasury/manifests/treasury-20260824T034935Z.manifest.json,16,cf284fd2186cebbd098b2823e2195f5af04c4bc8c7e75507d7dd4e8bf063fd5b,2026-08-24T03:49:35.808873+00:00,PASS,AVAILABLE,0.1.0
L4-009,2026-07-31,10481977.76117396,31455078.3191432,31451425.39544321,99.988386855493,33.32364222661862,percent_of_marketable_treasury_debt,Positive dated marketable debt maturing after record date and within one calendar year / Total Marketable outstanding * 100,U.S. Treasury Fiscal Data — Monthly Statement of the Public Debt Table 3,https://api.fiscaldata.treasury.gov/services/api/fiscal_service/v1/debt/mspd/mspd_table_3_market,"{""fields"":""record_date,security_type_desc,security_class1_desc,maturity_date,outstanding_amt,src_line_nbr"",""filter"":""record_date:gte:1900-01-01"",""page[size]"":10000,""sort"":""record_date,src_line_nbr""}",/mnt/d/Projects/GoldRush/docs/phase2-ingestion/data/treasury/raw/treasury-20260824T034935Z-page001.json;/mnt/d/Projects/GoldRush/docs/phase2-ingestion/data/treasury/raw/treasury-20260824T034935Z-page002.json;/mnt/d/Projects/GoldRush/docs/phase2-ingestion/data/treasury/raw/treasury-20260824T034935Z-page003.json;/mnt/d/Projects/GoldRush/docs/phase2-ingestion/data/treasury/raw/treasury-20260824T034935Z-page004.json;/mnt/d/Projects/GoldRush/docs/phase2-ingestion/data/treasury/raw/treasury-20260824T034935Z-page005.json;/mnt/d/Projects/GoldRush/docs/phase2-ingestion/data/treasury/raw/treasury-20260824T034935Z-page006.json;/mnt/d/Projects/GoldRush/docs/phase2-ingestion/data/treasury/raw/treasury-20260824T034935Z-page007.json;/mnt/d/Projects/GoldRush/docs/phase2-ingestion/data/treasury/raw/treasury-20260824T034935Z-page008.json;/mnt/d/Projects/GoldRush/docs/phase2-ingestion/data/treasury/raw/treasury-20260824T034935Z-page009.json;/mnt/d/Projects/GoldRush/docs/phase2-ingestion/data/treasury/raw/treasury-20260824T034935Z-page010.json;/mnt/d/Projects/GoldRush/docs/phase2-ingestion/data/treasury/raw/treasury-20260824T034935Z-page011.json;/mnt/d/Projects/GoldRush/docs/phase2-ingestion/data/treasury/raw/treasury-20260824T034935Z-page012.json;/mnt/d/Projects/GoldRush/docs/phase2-ingestion/data/treasury/raw/treasury-20260824T034935Z-page013.json;/mnt/d/Projects/GoldRush/docs/phase2-ingestion/data/treasury/raw/treasury-20260824T034935Z-page014.json;/mnt/d/Projects/GoldRush/docs/phase2-ingestion/data/treasury/raw/treasury-20260824T034935Z-page015.json;/mnt/d/Projects/GoldRush/docs/phase2-ingestion/data/treasury/raw/treasury-20260824T034935Z-page016.json,docs/phase2-ingestion/data/treasury/manifests/treasury-20260824T034935Z.manifest.json,16,cf284fd2186cebbd098b2823e2195f5af04c4bc8c7e75507d7dd4e8bf063fd5b,2026-08-24T03:49:35.808873+00:00,PASS,AVAILABLE,0.1.0
