variable_id,observation_period,observation_period_type,observation_date,component,value,unit,value_definition,source_workbook,raw_file_path,manifest_path,retrieved_at,publication_date,download_date,validation_status,availability_status,parser_version
L9-004,Q1'10,quarterly,2010-03-31,bar_and_coin_demand_tonnes,78.55400183,metric_tonnes,India bar-and-coin demand,GDT_Tables_Q2'26_EN.xlsx,/mnt/d/Projects/GoldRush/docs/phase2-ingestion/data/wgc/raw/gdt/GDT_Tables_Q2'26_EN.xlsx,/mnt/d/Projects/GoldRush/docs/phase2-ingestion/data/wgc/manifests/gdt-20260820T221513Z.json,2026-08-20T22:15:13.139564+00:00,2026-08-07,2026-08-20,PASS,STALE,0.2.0
L9-004,Q1'10,quarterly,2010-03-31,jewellery_demand_tonnes,190.86518726,metric_tonnes,India jewellery demand,GDT_Tables_Q2'26_EN.xlsx,/mnt/d/Projects/GoldRush/docs/phase2-ingestion/data/wgc/raw/gdt/GDT_Tables_Q2'26_EN.xlsx,/mnt/d/Projects/GoldRush/docs/phase2-ingestion/data/wgc/manifests/gdt-20260820T221513Z.json,2026-08-20T22:15:13.139564+00:00,2026-08-07,2026-08-20,PASS,STALE,0.2.0
L9-004,Q2'10,quarterly,2010-06-30,bar_and_coin_demand_tonnes,59.85231051,metric_tonnes,India bar-and-coin demand,GDT_Tables_Q2'26_EN.xlsx,/mnt/d/Projects/GoldRush/docs/phase2-ingestion/data/wgc/raw/gdt/GDT_Tables_Q2'26_EN.xlsx,/mnt/d/Projects/GoldRush/docs/phase2-ingestion/data/wgc/manifests/gdt-20260820T221513Z.json,2026-08-20T22:15:13.139564+00:00,2026-08-07,2026-08-20,PASS,STALE,0.2.0
L9-004,Q2'10,quarterly,2010-06-30,jewellery_demand_tonnes,117.27024531,metric_tonnes,India jewellery demand,GDT_Tables_Q2'26_EN.xlsx,/mnt/d/Projects/GoldRush/docs/phase2-ingestion/data/wgc/raw/gdt/GDT_Tables_Q2'26_EN.xlsx,/mnt/d/Projects/GoldRush/docs/phase2-ingestion/data/wgc/manifests/gdt-20260820T221513Z.json,2026-08-20T22:15:13.139564+00:00,2026-08-07,2026-08-20,PASS,STALE,0.2.0
L9-004,Q3'10,quarterly,2010-09-30,bar_and_coin_demand_tonnes,92.80481116,metric_tonnes,India bar-and-coin demand,GDT_Tables_Q2'26_EN.xlsx,/mnt/d/Projects/GoldRush/docs/phase2-ingestion/data/wgc/raw/gdt/GDT_Tables_Q2'26_EN.xlsx,/mnt/d/Projects/GoldRush/docs/phase2-ingestion/data/wgc/manifests/gdt-20260820T221513Z.json,2026-08-20T22:15:13.139564+00:00,2026-08-07,2026-08-20,PASS,STALE,0.2.0
L9-004,Q3'10,quarterly,2010-09-30,jewellery_demand_tonnes,166.612321,metric_tonnes,India jewellery demand,GDT_Tables_Q2'26_EN.xlsx,/mnt/d/Projects/GoldRush/docs/phase2-ingestion/data/wgc/raw/gdt/GDT_Tables_Q2'26_EN.xlsx,/mnt/d/Projects/GoldRush/docs/phase2-ingestion/data/wgc/manifests/gdt-20260820T221513Z.json,2026-08-20T22:15:13.139564+00:00,2026-08-07,2026-08-20,PASS,STALE,0.2.0
L9-004,2010,annual,2010-12-31,bar_and_coin_demand_tonnes,340.0552651,metric_tonnes,India bar-and-coin demand,GDT_Tables_Q2'26_EN.xlsx,/mnt/d/Projects/GoldRush/docs/phase2-ingestion/data/wgc/raw/gdt/GDT_Tables_Q2'26_EN.xlsx,/mnt/d/Projects/GoldRush/docs/phase2-ingestion/data/wgc/manifests/gdt-20260820T221513Z.json,2026-08-20T22:15:13.139564+00:00,2026-08-07,2026-08-20,PASS,STALE,0.2.0
L9-004,Q4'10,quarterly,2010-12-31,bar_and_coin_demand_tonnes,108.8441416,metric_tonnes,India bar-and-coin demand,GDT_Tables_Q2'26_EN.xlsx,/mnt/d/Projects/GoldRush/docs/phase2-ingestion/data/wgc/raw/gdt/GDT_Tables_Q2'26_EN.xlsx,/mnt/d/Projects/GoldRush/docs/phase2-ingestion/data/wgc/manifests/gdt-20260820T221513Z.json,2026-08-20T22:15:13.139564+00:00,2026-08-07,2026-08-20,PASS,STALE,0.2.0
L9-004,2010,annual,2010-12-31,jewellery_demand_tonnes,661.65670655,metric_tonnes,India jewellery demand,GDT_Tables_Q2'26_EN.xlsx,/mnt/d/Projects/GoldRush/docs/phase2-ingestion/data/wgc/raw/gdt/GDT_Tables_Q2'26_EN.xlsx,/mnt/d/Projects/GoldRush/docs/phase2-ingestion/data/wgc/manifests/gdt-20260820T221513Z.json,2026-08-20T22:15:13.139564+00:00,2026-08-07,2026-08-20,PASS,STALE,0.2.0
L9-004,Q4'10,quarterly,2010-12-31,jewellery_demand_tonnes,186.90895298,metric_tonnes,India jewellery demand,GDT_Tables_Q2'26_EN.xlsx,/mnt/d/Projects/GoldRush/docs/phase2-ingestion/data/wgc/raw/gdt/GDT_Tables_Q2'26_EN.xlsx,/mnt/d/Projects/GoldRush/docs/phase2-ingestion/data/wgc/manifests/gdt-20260820T221513Z.json,2026-08-20T22:15:13.139564+00:00,2026-08-07,2026-08-20,PASS,STALE,0.2.0
L9-004,Q1'11,quarterly,2011-03-31,bar_and_coin_demand_tonnes,100.0589695,metric_tonnes,India bar-and-coin demand,GDT_Tables_Q2'26_EN.xlsx,/mnt/d/Projects/GoldRush/docs/phase2-ingestion/data/wgc/raw/gdt/GDT_Tables_Q2'26_EN.xlsx,/mnt/d/Projects/GoldRush/docs/phase2-ingestion/data/wgc/manifests/gdt-20260820T221513Z.json,2026-08-20T22:15:13.139564+00:00,2026-08-07,2026-08-20,PASS,STALE,0.2.0
L9-004,Q1'11,quarterly,2011-03-31,jewellery_demand_tonnes,198.75967694,metric_tonnes,India jewellery demand,GDT_Tables_Q2'26_EN.xlsx,/mnt/d/Projects/GoldRush/docs/phase2-ingestion/data/wgc/raw/gdt/GDT_Tables_Q2'26_EN.xlsx,/mnt/d/Projects/GoldRush/docs/phase2-ingestion/data/wgc/manifests/gdt-20260820T221513Z.json,2026-08-20T22:15:13.139564+00:00,2026-08-07,2026-08-20,PASS,STALE,0.2.0
L9-004,Q2'11,quarterly,2011-06-30,bar_and_coin_demand_tonnes,111.05959019,metric_tonnes,India bar-and-coin demand,GDT_Tables_Q2'26_EN.xlsx,/mnt/d/Projects/GoldRush/docs/phase2-ingestion/data/wgc/raw/gdt/GDT_Tables_Q2'26_EN.xlsx,/mnt/d/Projects/GoldRush/docs/phase2-ingestion/data/wgc/manifests/gdt-20260820T221513Z.json,2026-08-20T22:15:13.139564+00:00,2026-08-07,2026-08-20,PASS,STALE,0.2.0
L9-004,Q2'11,quarterly,2011-06-30,jewellery_demand_tonnes,179.78178543,metric_tonnes,India jewellery demand,GDT_Tables_Q2'26_EN.xlsx,/mnt/d/Projects/GoldRush/docs/phase2-ingestion/data/wgc/raw/gdt/GDT_Tables_Q2'26_EN.xlsx,/mnt/d/Projects/GoldRush/docs/phase2-ingestion/data/wgc/manifests/gdt-20260820T221513Z.json,2026-08-20T22:15:13.139564+00:00,2026-08-07,2026-08-20,PASS,STALE,0.2.0
L9-004,Q3'11,quarterly,2011-09-30,bar_and_coin_demand_tonnes,74.88193659,metric_tonnes,India bar-and-coin demand,GDT_Tables_Q2'26_EN.xlsx,/mnt/d/Projects/GoldRush/docs/phase2-ingestion/data/wgc/raw/gdt/GDT_Tables_Q2'26_EN.xlsx,/mnt/d/Projects/GoldRush/docs/phase2-ingestion/data/wgc/manifests/gdt-20260820T221513Z.json,2026-08-20T22:15:13.139564+00:00,2026-08-07,2026-08-20,PASS,STALE,0.2.0
L9-004,Q3'11,quarterly,2011-09-30,jewellery_demand_tonnes,127.03223099,metric_tonnes,India jewellery demand,GDT_Tables_Q2'26_EN.xlsx,/mnt/d/Projects/GoldRush/docs/phase2-ingestion/data/wgc/raw/gdt/GDT_Tables_Q2'26_EN.xlsx,/mnt/d/Projects/GoldRush/docs/phase2-ingestion/data/wgc/manifests/gdt-20260820T221513Z.json,2026-08-20T22:15:13.139564+00:00,2026-08-07,2026-08-20,PASS,STALE,0.2.0
L9-004,2011,annual,2011-12-31,bar_and_coin_demand_tonnes,354.71111071,metric_tonnes,India bar-and-coin demand,GDT_Tables_Q2'26_EN.xlsx,/mnt/d/Projects/GoldRush/docs/phase2-ingestion/data/wgc/raw/gdt/GDT_Tables_Q2'26_EN.xlsx,/mnt/d/Projects/GoldRush/docs/phase2-ingestion/data/wgc/manifests/gdt-20260820T221513Z.json,2026-08-20T22:15:13.139564+00:00,2026-08-07,2026-08-20,PASS,STALE,0.2.0
L9-004,Q4'11,quarterly,2011-12-31,bar_and_coin_demand_tonnes,68.71061443,metric_tonnes,India bar-and-coin demand,GDT_Tables_Q2'26_EN.xlsx,/mnt/d/Projects/GoldRush/docs/phase2-ingestion/data/wgc/raw/gdt/GDT_Tables_Q2'26_EN.xlsx,/mnt/d/Projects/GoldRush/docs/phase2-ingestion/data/wgc/manifests/gdt-20260820T221513Z.json,2026-08-20T22:15:13.139564+00:00,2026-08-07,2026-08-20,PASS,STALE,0.2.0
L9-004,2011,annual,2011-12-31,jewellery_demand_tonnes,619.31126176,metric_tonnes,India jewellery demand,GDT_Tables_Q2'26_EN.xlsx,/mnt/d/Projects/GoldRush/docs/phase2-ingestion/data/wgc/raw/gdt/GDT_Tables_Q2'26_EN.xlsx,/mnt/d/Projects/GoldRush/docs/phase2-ingestion/data/wgc/manifests/gdt-20260820T221513Z.json,2026-08-20T22:15:13.139564+00:00,2026-08-07,2026-08-20,PASS,STALE,0.2.0
L9-004,Q4'11,quarterly,2011-12-31,jewellery_demand_tonnes,113.7375684,metric_tonnes,India jewellery demand,GDT_Tables_Q2'26_EN.xlsx,/mnt/d/Projects/GoldRush/docs/phase2-ingestion/data/wgc/raw/gdt/GDT_Tables_Q2'26_EN.xlsx,/mnt/d/Projects/GoldRush/docs/phase2-ingestion/data/wgc/manifests/gdt-20260820T221513Z.json,2026-08-20T22:15:13.139564+00:00,2026-08-07,2026-08-20,PASS,STALE,0.2.0
L9-004,Q1'12,quarterly,2012-03-31,bar_and_coin_demand_tonnes,64.95962009,metric_tonnes,India bar-and-coin demand,GDT_Tables_Q2'26_EN.xlsx,/mnt/d/Projects/GoldRush/docs/phase2-ingestion/data/wgc/raw/gdt/GDT_Tables_Q2'26_EN.xlsx,/mnt/d/Projects/GoldRush/docs/phase2-ingestion/data/wgc/manifests/gdt-20260820T221513Z.json,2026-08-20T22:15:13.139564+00:00,2026-08-07,2026-08-20,PASS,STALE,0.2.0
L9-004,Q1'12,quarterly,2012-03-31,gross_bullion_imports_tonnes,271.27020000000005,metric_tonnes,India gross bullion imports,GDT_Tables_Q2'26_EN.xlsx,/mnt/d/Projects/GoldRush/docs/phase2-ingestion/data/wgc/raw/gdt/GDT_Tables_Q2'26_EN.xlsx,/mnt/d/Projects/GoldRush/docs/phase2-ingestion/data/wgc/manifests/gdt-20260820T221513Z.json,2026-08-20T22:15:13.139564+00:00,2026-08-07,2026-08-20,PASS,STALE,0.2.0
L9-004,Q1'12,quarterly,2012-03-31,jewellery_demand_tonnes,147.52604276,metric_tonnes,India jewellery demand,GDT_Tables_Q2'26_EN.xlsx,/mnt/d/Projects/GoldRush/docs/phase2-ingestion/data/wgc/raw/gdt/GDT_Tables_Q2'26_EN.xlsx,/mnt/d/Projects/GoldRush/docs/phase2-ingestion/data/wgc/manifests/gdt-20260820T221513Z.json,2026-08-20T22:15:13.139564+00:00,2026-08-07,2026-08-20,PASS,STALE,0.2.0
L9-004,Q1'12,quarterly,2012-03-31,net_bullion_imports_tonnes,228.14062030000005,metric_tonnes,India net bullion imports,GDT_Tables_Q2'26_EN.xlsx,/mnt/d/Projects/GoldRush/docs/phase2-ingestion/data/wgc/raw/gdt/GDT_Tables_Q2'26_EN.xlsx,/mnt/d/Projects/GoldRush/docs/phase2-ingestion/data/wgc/manifests/gdt-20260820T221513Z.json,2026-08-20T22:15:13.139564+00:00,2026-08-07,2026-08-20,PASS,STALE,0.2.0
L9-004,Q2'12,quarterly,2012-06-30,bar_and_coin_demand_tonnes,57.64104033,metric_tonnes,India bar-and-coin demand,GDT_Tables_Q2'26_EN.xlsx,/mnt/d/Projects/GoldRush/docs/phase2-ingestion/data/wgc/raw/gdt/GDT_Tables_Q2'26_EN.xlsx,/mnt/d/Projects/GoldRush/docs/phase2-ingestion/data/wgc/manifests/gdt-20260820T221513Z.json,2026-08-20T22:15:13.139564+00:00,2026-08-07,2026-08-20,PASS,STALE,0.2.0
L9-004,Q2'12,quarterly,2012-06-30,gross_bullion_imports_tonnes,178.3662,metric_tonnes,India gross bullion imports,GDT_Tables_Q2'26_EN.xlsx,/mnt/d/Projects/GoldRush/docs/phase2-ingestion/data/wgc/raw/gdt/GDT_Tables_Q2'26_EN.xlsx,/mnt/d/Projects/GoldRush/docs/phase2-ingestion/data/wgc/manifests/gdt-20260820T221513Z.json,2026-08-20T22:15:13.139564+00:00,2026-08-07,2026-08-20,PASS,STALE,0.2.0
L9-004,Q2'12,quarterly,2012-06-30,jewellery_demand_tonnes,133.83567875,metric_tonnes,India jewellery demand,GDT_Tables_Q2'26_EN.xlsx,/mnt/d/Projects/GoldRush/docs/phase2-ingestion/data/wgc/raw/gdt/GDT_Tables_Q2'26_EN.xlsx,/mnt/d/Projects/GoldRush/docs/phase2-ingestion/data/wgc/manifests/gdt-20260820T221513Z.json,2026-08-20T22:15:13.139564+00:00,2026-08-07,2026-08-20,PASS,STALE,0.2.0
L9-004,Q2'12,quarterly,2012-06-30,net_bullion_imports_tonnes,147.29484929999998,metric_tonnes,India net bullion imports,GDT_Tables_Q2'26_EN.xlsx,/mnt/d/Projects/GoldRush/docs/phase2-ingestion/data/wgc/raw/gdt/GDT_Tables_Q2'26_EN.xlsx,/mnt/d/Projects/GoldRush/docs/phase2-ingestion/data/wgc/manifests/gdt-20260820T221513Z.json,2026-08-20T22:15:13.139564+00:00,2026-08-07,2026-08-20,PASS,STALE,0.2.0
L9-004,Q3'12,quarterly,2012-09-30,bar_and_coin_demand_tonnes,84.84384038,metric_tonnes,India bar-and-coin demand,GDT_Tables_Q2'26_EN.xlsx,/mnt/d/Projects/GoldRush/docs/phase2-ingestion/data/wgc/raw/gdt/GDT_Tables_Q2'26_EN.xlsx,/mnt/d/Projects/GoldRush/docs/phase2-ingestion/data/wgc/manifests/gdt-20260820T221513Z.json,2026-08-20T22:15:13.139564+00:00,2026-08-07,2026-08-20,PASS,STALE,0.2.0
L9-004,Q3'12,quarterly,2012-09-30,gross_bullion_imports_tonnes,207.4668,metric_tonnes,India gross bullion imports,GDT_Tables_Q2'26_EN.xlsx,/mnt/d/Projects/GoldRush/docs/phase2-ingestion/data/wgc/raw/gdt/GDT_Tables_Q2'26_EN.xlsx,/mnt/d/Projects/GoldRush/docs/phase2-ingestion/data/wgc/manifests/gdt-20260820T221513Z.json,2026-08-20T22:15:13.139564+00:00,2026-08-07,2026-08-20,PASS,STALE,0.2.0
L9-004,Q3'12,quarterly,2012-09-30,jewellery_demand_tonnes,147.19689776,metric_tonnes,India jewellery demand,GDT_Tables_Q2'26_EN.xlsx,/mnt/d/Projects/GoldRush/docs/phase2-ingestion/data/wgc/raw/gdt/GDT_Tables_Q2'26_EN.xlsx,/mnt/d/Projects/GoldRush/docs/phase2-ingestion/data/wgc/manifests/gdt-20260820T221513Z.json,2026-08-20T22:15:13.139564+00:00,2026-08-07,2026-08-20,PASS,STALE,0.2.0
L9-004,Q3'12,quarterly,2012-09-30,net_bullion_imports_tonnes,176.4290119,metric_tonnes,India net bullion imports,GDT_Tables_Q2'26_EN.xlsx,/mnt/d/Projects/GoldRush/docs/phase2-ingestion/data/wgc/raw/gdt/GDT_Tables_Q2'26_EN.xlsx,/mnt/d/Projects/GoldRush/docs/phase2-ingestion/data/wgc/manifests/gdt-20260820T221513Z.json,2026-08-20T22:15:13.139564+00:00,2026-08-07,2026-08-20,PASS,STALE,0.2.0
L9-004,2012,annual,2012-12-31,bar_and_coin_demand_tonnes,318.9836362,metric_tonnes,India bar-and-coin demand,GDT_Tables_Q2'26_EN.xlsx,/mnt/d/Projects/GoldRush/docs/phase2-ingestion/data/wgc/raw/gdt/GDT_Tables_Q2'26_EN.xlsx,/mnt/d/Projects/GoldRush/docs/phase2-ingestion/data/wgc/manifests/gdt-20260820T221513Z.json,2026-08-20T22:15:13.139564+00:00,2026-08-07,2026-08-20,PASS,STALE,0.2.0
L9-004,Q4'12,quarterly,2012-12-31,bar_and_coin_demand_tonnes,111.5391354,metric_tonnes,India bar-and-coin demand,GDT_Tables_Q2'26_EN.xlsx,/mnt/d/Projects/GoldRush/docs/phase2-ingestion/data/wgc/raw/gdt/GDT_Tables_Q2'26_EN.xlsx,/mnt/d/Projects/GoldRush/docs/phase2-ingestion/data/wgc/manifests/gdt-20260820T221513Z.json,2026-08-20T22:15:13.139564+00:00,2026-08-07,2026-08-20,PASS,STALE,0.2.0
L9-004,2012,annual,2012-12-31,gross_bullion_imports_tonnes,974.4516000000001,metric_tonnes,India gross bullion imports,GDT_Tables_Q2'26_EN.xlsx,/mnt/d/Projects/GoldRush/docs/phase2-ingestion/data/wgc/raw/gdt/GDT_Tables_Q2'26_EN.xlsx,/mnt/d/Projects/GoldRush/docs/phase2-ingestion/data/wgc/manifests/gdt-20260820T221513Z.json,2026-08-20T22:15:13.139564+00:00,2026-08-07,2026-08-20,PASS,STALE,0.2.0
L9-004,Q4'12,quarterly,2012-12-31,gross_bullion_imports_tonnes,317.3484,metric_tonnes,India gross bullion imports,GDT_Tables_Q2'26_EN.xlsx,/mnt/d/Projects/GoldRush/docs/phase2-ingestion/data/wgc/raw/gdt/GDT_Tables_Q2'26_EN.xlsx,/mnt/d/Projects/GoldRush/docs/phase2-ingestion/data/wgc/manifests/gdt-20260820T221513Z.json,2026-08-20T22:15:13.139564+00:00,2026-08-07,2026-08-20,PASS,STALE,0.2.0
L9-004,2012,annual,2012-12-31,jewellery_demand_tonnes,595.1675327,metric_tonnes,India jewellery demand,GDT_Tables_Q2'26_EN.xlsx,/mnt/d/Projects/GoldRush/docs/phase2-ingestion/data/wgc/raw/gdt/GDT_Tables_Q2'26_EN.xlsx,/mnt/d/Projects/GoldRush/docs/phase2-ingestion/data/wgc/manifests/gdt-20260820T221513Z.json,2026-08-20T22:15:13.139564+00:00,2026-08-07,2026-08-20,PASS,STALE,0.2.0
L9-004,Q4'12,quarterly,2012-12-31,jewellery_demand_tonnes,166.60891343,metric_tonnes,India jewellery demand,GDT_Tables_Q2'26_EN.xlsx,/mnt/d/Projects/GoldRush/docs/phase2-ingestion/data/wgc/raw/gdt/GDT_Tables_Q2'26_EN.xlsx,/mnt/d/Projects/GoldRush/docs/phase2-ingestion/data/wgc/manifests/gdt-20260820T221513Z.json,2026-08-20T22:15:13.139564+00:00,2026-08-07,2026-08-20,PASS,STALE,0.2.0
L9-004,2012,annual,2012-12-31,net_bullion_imports_tonnes,842.8033924,metric_tonnes,India net bullion imports,GDT_Tables_Q2'26_EN.xlsx,/mnt/d/Projects/GoldRush/docs/phase2-ingestion/data/wgc/raw/gdt/GDT_Tables_Q2'26_EN.xlsx,/mnt/d/Projects/GoldRush/docs/phase2-ingestion/data/wgc/manifests/gdt-20260820T221513Z.json,2026-08-20T22:15:13.139564+00:00,2026-08-07,2026-08-20,PASS,STALE,0.2.0
L9-004,Q4'12,quarterly,2012-12-31,net_bullion_imports_tonnes,290.9389109,metric_tonnes,India net bullion imports,GDT_Tables_Q2'26_EN.xlsx,/mnt/d/Projects/GoldRush/docs/phase2-ingestion/data/wgc/raw/gdt/GDT_Tables_Q2'26_EN.xlsx,/mnt/d/Projects/GoldRush/docs/phase2-ingestion/data/wgc/manifests/gdt-20260820T221513Z.json,2026-08-20T22:15:13.139564+00:00,2026-08-07,2026-08-20,PASS,STALE,0.2.0
L9-004,Q1'13,quarterly,2013-03-31,bar_and_coin_demand_tonnes,90.63516564,metric_tonnes,India bar-and-coin demand,GDT_Tables_Q2'26_EN.xlsx,/mnt/d/Projects/GoldRush/docs/phase2-ingestion/data/wgc/raw/gdt/GDT_Tables_Q2'26_EN.xlsx,/mnt/d/Projects/GoldRush/docs/phase2-ingestion/data/wgc/manifests/gdt-20260820T221513Z.json,2026-08-20T22:15:13.139564+00:00,2026-08-07,2026-08-20,PASS,STALE,0.2.0
L9-004,Q1'13,quarterly,2013-03-31,gross_bullion_imports_tonnes,334.50630000000007,metric_tonnes,India gross bullion imports,GDT_Tables_Q2'26_EN.xlsx,/mnt/d/Projects/GoldRush/docs/phase2-ingestion/data/wgc/raw/gdt/GDT_Tables_Q2'26_EN.xlsx,/mnt/d/Projects/GoldRush/docs/phase2-ingestion/data/wgc/manifests/gdt-20260820T221513Z.json,2026-08-20T22:15:13.139564+00:00,2026-08-07,2026-08-20,PASS,STALE,0.2.0
L9-004,Q1'13,quarterly,2013-03-31,jewellery_demand_tonnes,144.65041022,metric_tonnes,India jewellery demand,GDT_Tables_Q2'26_EN.xlsx,/mnt/d/Projects/GoldRush/docs/phase2-ingestion/data/wgc/raw/gdt/GDT_Tables_Q2'26_EN.xlsx,/mnt/d/Projects/GoldRush/docs/phase2-ingestion/data/wgc/manifests/gdt-20260820T221513Z.json,2026-08-20T22:15:13.139564+00:00,2026-08-07,2026-08-20,PASS,STALE,0.2.0
L9-004,Q1'13,quarterly,2013-03-31,net_bullion_imports_tonnes,307.98909340000006,metric_tonnes,India net bullion imports,GDT_Tables_Q2'26_EN.xlsx,/mnt/d/Projects/GoldRush/docs/phase2-ingestion/data/wgc/raw/gdt/GDT_Tables_Q2'26_EN.xlsx,/mnt/d/Projects/GoldRush/docs/phase2-ingestion/data/wgc/manifests/gdt-20260820T221513Z.json,2026-08-20T22:15:13.139564+00:00,2026-08-07,2026-08-20,PASS,STALE,0.2.0
L9-004,Q2'13,quarterly,2013-06-30,bar_and_coin_demand_tonnes,133.13957511,metric_tonnes,India bar-and-coin demand,GDT_Tables_Q2'26_EN.xlsx,/mnt/d/Projects/GoldRush/docs/phase2-ingestion/data/wgc/raw/gdt/GDT_Tables_Q2'26_EN.xlsx,/mnt/d/Projects/GoldRush/docs/phase2-ingestion/data/wgc/manifests/gdt-20260820T221513Z.json,2026-08-20T22:15:13.139564+00:00,2026-08-07,2026-08-20,PASS,STALE,0.2.0
L9-004,Q2'13,quarterly,2013-06-30,gross_bullion_imports_tonnes,416.4226,metric_tonnes,India gross bullion imports,GDT_Tables_Q2'26_EN.xlsx,/mnt/d/Projects/GoldRush/docs/phase2-ingestion/data/wgc/raw/gdt/GDT_Tables_Q2'26_EN.xlsx,/mnt/d/Projects/GoldRush/docs/phase2-ingestion/data/wgc/manifests/gdt-20260820T221513Z.json,2026-08-20T22:15:13.139564+00:00,2026-08-07,2026-08-20,PASS,STALE,0.2.0
L9-004,Q2'13,quarterly,2013-06-30,jewellery_demand_tonnes,187.78910017,metric_tonnes,India jewellery demand,GDT_Tables_Q2'26_EN.xlsx,/mnt/d/Projects/GoldRush/docs/phase2-ingestion/data/wgc/raw/gdt/GDT_Tables_Q2'26_EN.xlsx,/mnt/d/Projects/GoldRush/docs/phase2-ingestion/data/wgc/manifests/gdt-20260820T221513Z.json,2026-08-20T22:15:13.139564+00:00,2026-08-07,2026-08-20,PASS,STALE,0.2.0
L9-004,Q2'13,quarterly,2013-06-30,net_bullion_imports_tonnes,395.7260983,metric_tonnes,India net bullion imports,GDT_Tables_Q2'26_EN.xlsx,/mnt/d/Projects/GoldRush/docs/phase2-ingestion/data/wgc/raw/gdt/GDT_Tables_Q2'26_EN.xlsx,/mnt/d/Projects/GoldRush/docs/phase2-ingestion/data/wgc/manifests/gdt-20260820T221513Z.json,2026-08-20T22:15:13.139564+00:00,2026-08-07,2026-08-20,PASS,STALE,0.2.0
L9-004,Q3'13,quarterly,2013-09-30,bar_and_coin_demand_tonnes,51.48225032,metric_tonnes,India bar-and-coin demand,GDT_Tables_Q2'26_EN.xlsx,/mnt/d/Projects/GoldRush/docs/phase2-ingestion/data/wgc/raw/gdt/GDT_Tables_Q2'26_EN.xlsx,/mnt/d/Projects/GoldRush/docs/phase2-ingestion/data/wgc/manifests/gdt-20260820T221513Z.json,2026-08-20T22:15:13.139564+00:00,2026-08-07,2026-08-20,PASS,STALE,0.2.0
L9-004,Q3'13,quarterly,2013-09-30,gross_bullion_imports_tonnes,149.93650000000002,metric_tonnes,India gross bullion imports,GDT_Tables_Q2'26_EN.xlsx,/mnt/d/Projects/GoldRush/docs/phase2-ingestion/data/wgc/raw/gdt/GDT_Tables_Q2'26_EN.xlsx,/mnt/d/Projects/GoldRush/docs/phase2-ingestion/data/wgc/manifests/gdt-20260820T221513Z.json,2026-08-20T22:15:13.139564+00:00,2026-08-07,2026-08-20,PASS,STALE,0.2.0
L9-004,Q3'13,quarterly,2013-09-30,jewellery_demand_tonnes,145.44823928,metric_tonnes,India jewellery demand,GDT_Tables_Q2'26_EN.xlsx,/mnt/d/Projects/GoldRush/docs/phase2-ingestion/data/wgc/raw/gdt/GDT_Tables_Q2'26_EN.xlsx,/mnt/d/Projects/GoldRush/docs/phase2-ingestion/data/wgc/manifests/gdt-20260820T221513Z.json,2026-08-20T22:15:13.139564+00:00,2026-08-07,2026-08-20,PASS,STALE,0.2.0
L9-004,Q3'13,quarterly,2013-09-30,net_bullion_imports_tonnes,126.30827740000002,metric_tonnes,India net bullion imports,GDT_Tables_Q2'26_EN.xlsx,/mnt/d/Projects/GoldRush/docs/phase2-ingestion/data/wgc/raw/gdt/GDT_Tables_Q2'26_EN.xlsx,/mnt/d/Projects/GoldRush/docs/phase2-ingestion/data/wgc/manifests/gdt-20260820T221513Z.json,2026-08-20T22:15:13.139564+00:00,2026-08-07,2026-08-20,PASS,STALE,0.2.0
L9-004,2013,annual,2013-12-31,bar_and_coin_demand_tonnes,341.15168241,metric_tonnes,India bar-and-coin demand,GDT_Tables_Q2'26_EN.xlsx,/mnt/d/Projects/GoldRush/docs/phase2-ingestion/data/wgc/raw/gdt/GDT_Tables_Q2'26_EN.xlsx,/mnt/d/Projects/GoldRush/docs/phase2-ingestion/data/wgc/manifests/gdt-20260820T221513Z.json,2026-08-20T22:15:13.139564+00:00,2026-08-07,2026-08-20,PASS,STALE,0.2.0
L9-004,Q4'13,quarterly,2013-12-31,bar_and_coin_demand_tonnes,65.89469134,metric_tonnes,India bar-and-coin demand,GDT_Tables_Q2'26_EN.xlsx,/mnt/d/Projects/GoldRush/docs/phase2-ingestion/data/wgc/raw/gdt/GDT_Tables_Q2'26_EN.xlsx,/mnt/d/Projects/GoldRush/docs/phase2-ingestion/data/wgc/manifests/gdt-20260820T221513Z.json,2026-08-20T22:15:13.139564+00:00,2026-08-07,2026-08-20,PASS,STALE,0.2.0
L9-004,2013,annual,2013-12-31,gross_bullion_imports_tonnes,1040.3728,metric_tonnes,India gross bullion imports,GDT_Tables_Q2'26_EN.xlsx,/mnt/d/Projects/GoldRush/docs/phase2-ingestion/data/wgc/raw/gdt/GDT_Tables_Q2'26_EN.xlsx,/mnt/d/Projects/GoldRush/docs/phase2-ingestion/data/wgc/manifests/gdt-20260820T221513Z.json,2026-08-20T22:15:13.139564+00:00,2026-08-07,2026-08-20,PASS,STALE,0.2.0
L9-004,Q4'13,quarterly,2013-12-31,gross_bullion_imports_tonnes,139.50740000000002,metric_tonnes,India gross bullion imports,GDT_Tables_Q2'26_EN.xlsx,/mnt/d/Projects/GoldRush/docs/phase2-ingestion/data/wgc/raw/gdt/GDT_Tables_Q2'26_EN.xlsx,/mnt/d/Projects/GoldRush/docs/phase2-ingestion/data/wgc/manifests/gdt-20260820T221513Z.json,2026-08-20T22:15:13.139564+00:00,2026-08-07,2026-08-20,PASS,STALE,0.2.0
L9-004,2013,annual,2013-12-31,jewellery_demand_tonnes,615.52712473,metric_tonnes,India jewellery demand,GDT_Tables_Q2'26_EN.xlsx,/mnt/d/Projects/GoldRush/docs/phase2-ingestion/data/wgc/raw/gdt/GDT_Tables_Q2'26_EN.xlsx,/mnt/d/Projects/GoldRush/docs/phase2-ingestion/data/wgc/manifests/gdt-20260820T221513Z.json,2026-08-20T22:15:13.139564+00:00,2026-08-07,2026-08-20,PASS,STALE,0.2.0
L9-004,Q4'13,quarterly,2013-12-31,jewellery_demand_tonnes,137.63937506,metric_tonnes,India jewellery demand,GDT_Tables_Q2'26_EN.xlsx,/mnt/d/Projects/GoldRush/docs/phase2-ingestion/data/wgc/raw/gdt/GDT_Tables_Q2'26_EN.xlsx,/mnt/d/Projects/GoldRush/docs/phase2-ingestion/data/wgc/manifests/gdt-20260820T221513Z.json,2026-08-20T22:15:13.139564+00:00,2026-08-07,2026-08-20,PASS,STALE,0.2.0
L9-004,2013,annual,2013-12-31,net_bullion_imports_tonnes,957.4229492000002,metric_tonnes,India net bullion imports,GDT_Tables_Q2'26_EN.xlsx,/mnt/d/Projects/GoldRush/docs/phase2-ingestion/data/wgc/raw/gdt/GDT_Tables_Q2'26_EN.xlsx,/mnt/d/Projects/GoldRush/docs/phase2-ingestion/data/wgc/manifests/gdt-20260820T221513Z.json,2026-08-20T22:15:13.139564+00:00,2026-08-07,2026-08-20,PASS,STALE,0.2.0
L9-004,Q4'13,quarterly,2013-12-31,net_bullion_imports_tonnes,127.39948010000002,metric_tonnes,India net bullion imports,GDT_Tables_Q2'26_EN.xlsx,/mnt/d/Projects/GoldRush/docs/phase2-ingestion/data/wgc/raw/gdt/GDT_Tables_Q2'26_EN.xlsx,/mnt/d/Projects/GoldRush/docs/phase2-ingestion/data/wgc/manifests/gdt-20260820T221513Z.json,2026-08-20T22:15:13.139564+00:00,2026-08-07,2026-08-20,PASS,STALE,0.2.0
L9-004,Q1'14,quarterly,2014-03-31,bar_and_coin_demand_tonnes,42.68908247,metric_tonnes,India bar-and-coin demand,GDT_Tables_Q2'26_EN.xlsx,/mnt/d/Projects/GoldRush/docs/phase2-ingestion/data/wgc/raw/gdt/GDT_Tables_Q2'26_EN.xlsx,/mnt/d/Projects/GoldRush/docs/phase2-ingestion/data/wgc/manifests/gdt-20260820T221513Z.json,2026-08-20T22:15:13.139564+00:00,2026-08-07,2026-08-20,PASS,STALE,0.2.0
L9-004,Q1'14,quarterly,2014-03-31,gross_bullion_imports_tonnes,197.99360000000001,metric_tonnes,India gross bullion imports,GDT_Tables_Q2'26_EN.xlsx,/mnt/d/Projects/GoldRush/docs/phase2-ingestion/data/wgc/raw/gdt/GDT_Tables_Q2'26_EN.xlsx,/mnt/d/Projects/GoldRush/docs/phase2-ingestion/data/wgc/manifests/gdt-20260820T221513Z.json,2026-08-20T22:15:13.139564+00:00,2026-08-07,2026-08-20,PASS,STALE,0.2.0
L9-004,Q1'14,quarterly,2014-03-31,jewellery_demand_tonnes,123.53429766,metric_tonnes,India jewellery demand,GDT_Tables_Q2'26_EN.xlsx,/mnt/d/Projects/GoldRush/docs/phase2-ingestion/data/wgc/raw/gdt/GDT_Tables_Q2'26_EN.xlsx,/mnt/d/Projects/GoldRush/docs/phase2-ingestion/data/wgc/manifests/gdt-20260820T221513Z.json,2026-08-20T22:15:13.139564+00:00,2026-08-07,2026-08-20,PASS,STALE,0.2.0
L9-004,Q1'14,quarterly,2014-03-31,net_bullion_imports_tonnes,184.70451670000003,metric_tonnes,India net bullion imports,GDT_Tables_Q2'26_EN.xlsx,/mnt/d/Projects/GoldRush/docs/phase2-ingestion/data/wgc/raw/gdt/GDT_Tables_Q2'26_EN.xlsx,/mnt/d/Projects/GoldRush/docs/phase2-ingestion/data/wgc/manifests/gdt-20260820T221513Z.json,2026-08-20T22:15:13.139564+00:00,2026-08-07,2026-08-20,PASS,STALE,0.2.0
L9-004,Q2'14,quarterly,2014-06-30,bar_and_coin_demand_tonnes,52.34952005,metric_tonnes,India bar-and-coin demand,GDT_Tables_Q2'26_EN.xlsx,/mnt/d/Projects/GoldRush/docs/phase2-ingestion/data/wgc/raw/gdt/GDT_Tables_Q2'26_EN.xlsx,/mnt/d/Projects/GoldRush/docs/phase2-ingestion/data/wgc/manifests/gdt-20260820T221513Z.json,2026-08-20T22:15:13.139564+00:00,2026-08-07,2026-08-20,PASS,STALE,0.2.0
L9-004,Q2'14,quarterly,2014-06-30,gross_bullion_imports_tonnes,231.4443,metric_tonnes,India gross bullion imports,GDT_Tables_Q2'26_EN.xlsx,/mnt/d/Projects/GoldRush/docs/phase2-ingestion/data/wgc/raw/gdt/GDT_Tables_Q2'26_EN.xlsx,/mnt/d/Projects/GoldRush/docs/phase2-ingestion/data/wgc/manifests/gdt-20260820T221513Z.json,2026-08-20T22:15:13.139564+00:00,2026-08-07,2026-08-20,PASS,STALE,0.2.0
L9-004,Q2'14,quarterly,2014-06-30,jewellery_demand_tonnes,152.54662977,metric_tonnes,India jewellery demand,GDT_Tables_Q2'26_EN.xlsx,/mnt/d/Projects/GoldRush/docs/phase2-ingestion/data/wgc/raw/gdt/GDT_Tables_Q2'26_EN.xlsx,/mnt/d/Projects/GoldRush/docs/phase2-ingestion/data/wgc/manifests/gdt-20260820T221513Z.json,2026-08-20T22:15:13.139564+00:00,2026-08-07,2026-08-20,PASS,STALE,0.2.0
L9-004,Q2'14,quarterly,2014-06-30,net_bullion_imports_tonnes,213.47837785,metric_tonnes,India net bullion imports,GDT_Tables_Q2'26_EN.xlsx,/mnt/d/Projects/GoldRush/docs/phase2-ingestion/data/wgc/raw/gdt/GDT_Tables_Q2'26_EN.xlsx,/mnt/d/Projects/GoldRush/docs/phase2-ingestion/data/wgc/manifests/gdt-20260820T221513Z.json,2026-08-20T22:15:13.139564+00:00,2026-08-07,2026-08-20,PASS,STALE,0.2.0
L9-004,Q3'14,quarterly,2014-09-30,bar_and_coin_demand_tonnes,53.97672438,metric_tonnes,India bar-and-coin demand,GDT_Tables_Q2'26_EN.xlsx,/mnt/d/Projects/GoldRush/docs/phase2-ingestion/data/wgc/raw/gdt/GDT_Tables_Q2'26_EN.xlsx,/mnt/d/Projects/GoldRush/docs/phase2-ingestion/data/wgc/manifests/gdt-20260820T221513Z.json,2026-08-20T22:15:13.139564+00:00,2026-08-07,2026-08-20,PASS,STALE,0.2.0
L9-004,Q3'14,quarterly,2014-09-30,gross_bullion_imports_tonnes,244.97920000000002,metric_tonnes,India gross bullion imports,GDT_Tables_Q2'26_EN.xlsx,/mnt/d/Projects/GoldRush/docs/phase2-ingestion/data/wgc/raw/gdt/GDT_Tables_Q2'26_EN.xlsx,/mnt/d/Projects/GoldRush/docs/phase2-ingestion/data/wgc/manifests/gdt-20260820T221513Z.json,2026-08-20T22:15:13.139564+00:00,2026-08-07,2026-08-20,PASS,STALE,0.2.0
L9-004,Q3'14,quarterly,2014-09-30,jewellery_demand_tonnes,181.29527301,metric_tonnes,India jewellery demand,GDT_Tables_Q2'26_EN.xlsx,/mnt/d/Projects/GoldRush/docs/phase2-ingestion/data/wgc/raw/gdt/GDT_Tables_Q2'26_EN.xlsx,/mnt/d/Projects/GoldRush/docs/phase2-ingestion/data/wgc/manifests/gdt-20260820T221513Z.json,2026-08-20T22:15:13.139564+00:00,2026-08-07,2026-08-20,PASS,STALE,0.2.0
L9-004,Q3'14,quarterly,2014-09-30,net_bullion_imports_tonnes,227.07920000000001,metric_tonnes,India net bullion imports,GDT_Tables_Q2'26_EN.xlsx,/mnt/d/Projects/GoldRush/docs/phase2-ingestion/data/wgc/raw/gdt/GDT_Tables_Q2'26_EN.xlsx,/mnt/d/Projects/GoldRush/docs/phase2-ingestion/data/wgc/manifests/gdt-20260820T221513Z.json,2026-08-20T22:15:13.139564+00:00,2026-08-07,2026-08-20,PASS,STALE,0.2.0
L9-004,2014,annual,2014-12-31,bar_and_coin_demand_tonnes,205.96237174,metric_tonnes,India bar-and-coin demand,GDT_Tables_Q2'26_EN.xlsx,/mnt/d/Projects/GoldRush/docs/phase2-ingestion/data/wgc/raw/gdt/GDT_Tables_Q2'26_EN.xlsx,/mnt/d/Projects/GoldRush/docs/phase2-ingestion/data/wgc/manifests/gdt-20260820T221513Z.json,2026-08-20T22:15:13.139564+00:00,2026-08-07,2026-08-20,PASS,STALE,0.2.0
L9-004,Q4'14,quarterly,2014-12-31,bar_and_coin_demand_tonnes,56.94704484,metric_tonnes,India bar-and-coin demand,GDT_Tables_Q2'26_EN.xlsx,/mnt/d/Projects/GoldRush/docs/phase2-ingestion/data/wgc/raw/gdt/GDT_Tables_Q2'26_EN.xlsx,/mnt/d/Projects/GoldRush/docs/phase2-ingestion/data/wgc/manifests/gdt-20260820T221513Z.json,2026-08-20T22:15:13.139564+00:00,2026-08-07,2026-08-20,PASS,STALE,0.2.0
L9-004,2014,annual,2014-12-31,gross_bullion_imports_tonnes,1016.1471,metric_tonnes,India gross bullion imports,GDT_Tables_Q2'26_EN.xlsx,/mnt/d/Projects/GoldRush/docs/phase2-ingestion/data/wgc/raw/gdt/GDT_Tables_Q2'26_EN.xlsx,/mnt/d/Projects/GoldRush/docs/phase2-ingestion/data/wgc/manifests/gdt-20260820T221513Z.json,2026-08-20T22:15:13.139564+00:00,2026-08-07,2026-08-20,PASS,STALE,0.2.0
L9-004,Q4'14,quarterly,2014-12-31,gross_bullion_imports_tonnes,341.73,metric_tonnes,India gross bullion imports,GDT_Tables_Q2'26_EN.xlsx,/mnt/d/Projects/GoldRush/docs/phase2-ingestion/data/wgc/raw/gdt/GDT_Tables_Q2'26_EN.xlsx,/mnt/d/Projects/GoldRush/docs/phase2-ingestion/data/wgc/manifests/gdt-20260820T221513Z.json,2026-08-20T22:15:13.139564+00:00,2026-08-07,2026-08-20,PASS,STALE,0.2.0
L9-004,2014,annual,2014-12-31,jewellery_demand_tonnes,626.54880591,metric_tonnes,India jewellery demand,GDT_Tables_Q2'26_EN.xlsx,/mnt/d/Projects/GoldRush/docs/phase2-ingestion/data/wgc/raw/gdt/GDT_Tables_Q2'26_EN.xlsx,/mnt/d/Projects/GoldRush/docs/phase2-ingestion/data/wgc/manifests/gdt-20260820T221513Z.json,2026-08-20T22:15:13.139564+00:00,2026-08-07,2026-08-20,PASS,STALE,0.2.0
L9-004,Q4'14,quarterly,2014-12-31,jewellery_demand_tonnes,169.17260547,metric_tonnes,India jewellery demand,GDT_Tables_Q2'26_EN.xlsx,/mnt/d/Projects/GoldRush/docs/phase2-ingestion/data/wgc/raw/gdt/GDT_Tables_Q2'26_EN.xlsx,/mnt/d/Projects/GoldRush/docs/phase2-ingestion/data/wgc/manifests/gdt-20260820T221513Z.json,2026-08-20T22:15:13.139564+00:00,2026-08-07,2026-08-20,PASS,STALE,0.2.0
L9-004,2014,annual,2014-12-31,net_bullion_imports_tonnes,919.99209455,metric_tonnes,India net bullion imports,GDT_Tables_Q2'26_EN.xlsx,/mnt/d/Projects/GoldRush/docs/phase2-ingestion/data/wgc/raw/gdt/GDT_Tables_Q2'26_EN.xlsx,/mnt/d/Projects/GoldRush/docs/phase2-ingestion/data/wgc/manifests/gdt-20260820T221513Z.json,2026-08-20T22:15:13.139564+00:00,2026-08-07,2026-08-20,PASS,STALE,0.2.0
L9-004,Q4'14,quarterly,2014-12-31,net_bullion_imports_tonnes,294.73,metric_tonnes,India net bullion imports,GDT_Tables_Q2'26_EN.xlsx,/mnt/d/Projects/GoldRush/docs/phase2-ingestion/data/wgc/raw/gdt/GDT_Tables_Q2'26_EN.xlsx,/mnt/d/Projects/GoldRush/docs/phase2-ingestion/data/wgc/manifests/gdt-20260820T221513Z.json,2026-08-20T22:15:13.139564+00:00,2026-08-07,2026-08-20,PASS,STALE,0.2.0
L9-004,Q1'15,quarterly,2015-03-31,bar_and_coin_demand_tonnes,40.04235936,metric_tonnes,India bar-and-coin demand,GDT_Tables_Q2'26_EN.xlsx,/mnt/d/Projects/GoldRush/docs/phase2-ingestion/data/wgc/raw/gdt/GDT_Tables_Q2'26_EN.xlsx,/mnt/d/Projects/GoldRush/docs/phase2-ingestion/data/wgc/manifests/gdt-20260820T221513Z.json,2026-08-20T22:15:13.139564+00:00,2026-08-07,2026-08-20,PASS,STALE,0.2.0
L9-004,Q1'15,quarterly,2015-03-31,gross_bullion_imports_tonnes,252.341,metric_tonnes,India gross bullion imports,GDT_Tables_Q2'26_EN.xlsx,/mnt/d/Projects/GoldRush/docs/phase2-ingestion/data/wgc/raw/gdt/GDT_Tables_Q2'26_EN.xlsx,/mnt/d/Projects/GoldRush/docs/phase2-ingestion/data/wgc/manifests/gdt-20260820T221513Z.json,2026-08-20T22:15:13.139564+00:00,2026-08-07,2026-08-20,PASS,STALE,0.2.0
L9-004,Q1'15,quarterly,2015-03-31,jewellery_demand_tonnes,150.70482133,metric_tonnes,India jewellery demand,GDT_Tables_Q2'26_EN.xlsx,/mnt/d/Projects/GoldRush/docs/phase2-ingestion/data/wgc/raw/gdt/GDT_Tables_Q2'26_EN.xlsx,/mnt/d/Projects/GoldRush/docs/phase2-ingestion/data/wgc/manifests/gdt-20260820T221513Z.json,2026-08-20T22:15:13.139564+00:00,2026-08-07,2026-08-20,PASS,STALE,0.2.0
L9-004,Q1'15,quarterly,2015-03-31,net_bullion_imports_tonnes,223.341,metric_tonnes,India net bullion imports,GDT_Tables_Q2'26_EN.xlsx,/mnt/d/Projects/GoldRush/docs/phase2-ingestion/data/wgc/raw/gdt/GDT_Tables_Q2'26_EN.xlsx,/mnt/d/Projects/GoldRush/docs/phase2-ingestion/data/wgc/manifests/gdt-20260820T221513Z.json,2026-08-20T22:15:13.139564+00:00,2026-08-07,2026-08-20,PASS,STALE,0.2.0
L9-004,Q2'15,quarterly,2015-06-30,bar_and_coin_demand_tonnes,37.69445452,metric_tonnes,India bar-and-coin demand,GDT_Tables_Q2'26_EN.xlsx,/mnt/d/Projects/GoldRush/docs/phase2-ingestion/data/wgc/raw/gdt/GDT_Tables_Q2'26_EN.xlsx,/mnt/d/Projects/GoldRush/docs/phase2-ingestion/data/wgc/manifests/gdt-20260820T221513Z.json,2026-08-20T22:15:13.139564+00:00,2026-08-07,2026-08-20,PASS,STALE,0.2.0
L9-004,Q2'15,quarterly,2015-06-30,gross_bullion_imports_tonnes,237.798,metric_tonnes,India gross bullion imports,GDT_Tables_Q2'26_EN.xlsx,/mnt/d/Projects/GoldRush/docs/phase2-ingestion/data/wgc/raw/gdt/GDT_Tables_Q2'26_EN.xlsx,/mnt/d/Projects/GoldRush/docs/phase2-ingestion/data/wgc/manifests/gdt-20260820T221513Z.json,2026-08-20T22:15:13.139564+00:00,2026-08-07,2026-08-20,PASS,STALE,0.2.0
L9-004,Q2'15,quarterly,2015-06-30,jewellery_demand_tonnes,121.47024535,metric_tonnes,India jewellery demand,GDT_Tables_Q2'26_EN.xlsx,/mnt/d/Projects/GoldRush/docs/phase2-ingestion/data/wgc/raw/gdt/GDT_Tables_Q2'26_EN.xlsx,/mnt/d/Projects/GoldRush/docs/phase2-ingestion/data/wgc/manifests/gdt-20260820T221513Z.json,2026-08-20T22:15:13.139564+00:00,2026-08-07,2026-08-20,PASS,STALE,0.2.0
L9-004,Q2'15,quarterly,2015-06-30,net_bullion_imports_tonnes,204.798,metric_tonnes,India net bullion imports,GDT_Tables_Q2'26_EN.xlsx,/mnt/d/Projects/GoldRush/docs/phase2-ingestion/data/wgc/raw/gdt/GDT_Tables_Q2'26_EN.xlsx,/mnt/d/Projects/GoldRush/docs/phase2-ingestion/data/wgc/manifests/gdt-20260820T221513Z.json,2026-08-20T22:15:13.139564+00:00,2026-08-07,2026-08-20,PASS,STALE,0.2.0
L9-004,Q3'15,quarterly,2015-09-30,bar_and_coin_demand_tonnes,57.03871991,metric_tonnes,India bar-and-coin demand,GDT_Tables_Q2'26_EN.xlsx,/mnt/d/Projects/GoldRush/docs/phase2-ingestion/data/wgc/raw/gdt/GDT_Tables_Q2'26_EN.xlsx,/mnt/d/Projects/GoldRush/docs/phase2-ingestion/data/wgc/manifests/gdt-20260820T221513Z.json,2026-08-20T22:15:13.139564+00:00,2026-08-07,2026-08-20,PASS,STALE,0.2.0
L9-004,Q3'15,quarterly,2015-09-30,gross_bullion_imports_tonnes,310.33500000000004,metric_tonnes,India gross bullion imports,GDT_Tables_Q2'26_EN.xlsx,/mnt/d/Projects/GoldRush/docs/phase2-ingestion/data/wgc/raw/gdt/GDT_Tables_Q2'26_EN.xlsx,/mnt/d/Projects/GoldRush/docs/phase2-ingestion/data/wgc/manifests/gdt-20260820T221513Z.json,2026-08-20T22:15:13.139564+00:00,2026-08-07,2026-08-20,PASS,STALE,0.2.0
L9-004,Q3'15,quarterly,2015-09-30,jewellery_demand_tonnes,214.13879867,metric_tonnes,India jewellery demand,GDT_Tables_Q2'26_EN.xlsx,/mnt/d/Projects/GoldRush/docs/phase2-ingestion/data/wgc/raw/gdt/GDT_Tables_Q2'26_EN.xlsx,/mnt/d/Projects/GoldRush/docs/phase2-ingestion/data/wgc/manifests/gdt-20260820T221513Z.json,2026-08-20T22:15:13.139564+00:00,2026-08-07,2026-08-20,PASS,STALE,0.2.0
L9-004,Q3'15,quarterly,2015-09-30,net_bullion_imports_tonnes,268.43500000000006,metric_tonnes,India net bullion imports,GDT_Tables_Q2'26_EN.xlsx,/mnt/d/Projects/GoldRush/docs/phase2-ingestion/data/wgc/raw/gdt/GDT_Tables_Q2'26_EN.xlsx,/mnt/d/Projects/GoldRush/docs/phase2-ingestion/data/wgc/manifests/gdt-20260820T221513Z.json,2026-08-20T22:15:13.139564+00:00,2026-08-07,2026-08-20,PASS,STALE,0.2.0
L9-004,2015,annual,2015-12-31,bar_and_coin_demand_tonnes,194.94163296,metric_tonnes,India bar-and-coin demand,GDT_Tables_Q2'26_EN.xlsx,/mnt/d/Projects/GoldRush/docs/phase2-ingestion/data/wgc/raw/gdt/GDT_Tables_Q2'26_EN.xlsx,/mnt/d/Projects/GoldRush/docs/phase2-ingestion/data/wgc/manifests/gdt-20260820T221513Z.json,2026-08-20T22:15:13.139564+00:00,2026-08-07,2026-08-20,PASS,STALE,0.2.0
L9-004,Q4'15,quarterly,2015-12-31,bar_and_coin_demand_tonnes,60.16609917,metric_tonnes,India bar-and-coin demand,GDT_Tables_Q2'26_EN.xlsx,/mnt/d/Projects/GoldRush/docs/phase2-ingestion/data/wgc/raw/gdt/GDT_Tables_Q2'26_EN.xlsx,/mnt/d/Projects/GoldRush/docs/phase2-ingestion/data/wgc/manifests/gdt-20260820T221513Z.json,2026-08-20T22:15:13.139564+00:00,2026-08-07,2026-08-20,PASS,STALE,0.2.0
L9-004,2015,annual,2015-12-31,gross_bullion_imports_tonnes,1084.367,metric_tonnes,India gross bullion imports,GDT_Tables_Q2'26_EN.xlsx,/mnt/d/Projects/GoldRush/docs/phase2-ingestion/data/wgc/raw/gdt/GDT_Tables_Q2'26_EN.xlsx,/mnt/d/Projects/GoldRush/docs/phase2-ingestion/data/wgc/manifests/gdt-20260820T221513Z.json,2026-08-20T22:15:13.139564+00:00,2026-08-07,2026-08-20,PASS,STALE,0.2.0
L9-004,Q4'15,quarterly,2015-12-31,gross_bullion_imports_tonnes,283.893,metric_tonnes,India gross bullion imports,GDT_Tables_Q2'26_EN.xlsx,/mnt/d/Projects/GoldRush/docs/phase2-ingestion/data/wgc/raw/gdt/GDT_Tables_Q2'26_EN.xlsx,/mnt/d/Projects/GoldRush/docs/phase2-ingestion/data/wgc/manifests/gdt-20260820T221513Z.json,2026-08-20T22:15:13.139564+00:00,2026-08-07,2026-08-20,PASS,STALE,0.2.0
L9-004,2015,annual,2015-12-31,jewellery_demand_tonnes,662.29770971,metric_tonnes,India jewellery demand,GDT_Tables_Q2'26_EN.xlsx,/mnt/d/Projects/GoldRush/docs/phase2-ingestion/data/wgc/raw/gdt/GDT_Tables_Q2'26_EN.xlsx,/mnt/d/Projects/GoldRush/docs/phase2-ingestion/data/wgc/manifests/gdt-20260820T221513Z.json,2026-08-20T22:15:13.139564+00:00,2026-08-07,2026-08-20,PASS,STALE,0.2.0
L9-004,Q4'15,quarterly,2015-12-31,jewellery_demand_tonnes,175.98384436,metric_tonnes,India jewellery demand,GDT_Tables_Q2'26_EN.xlsx,/mnt/d/Projects/GoldRush/docs/phase2-ingestion/data/wgc/raw/gdt/GDT_Tables_Q2'26_EN.xlsx,/mnt/d/Projects/GoldRush/docs/phase2-ingestion/data/wgc/manifests/gdt-20260820T221513Z.json,2026-08-20T22:15:13.139564+00:00,2026-08-07,2026-08-20,PASS,STALE,0.2.0
L9-004,2015,annual,2015-12-31,net_bullion_imports_tonnes,932.9670000000001,metric_tonnes,India net bullion imports,GDT_Tables_Q2'26_EN.xlsx,/mnt/d/Projects/GoldRush/docs/phase2-ingestion/data/wgc/raw/gdt/GDT_Tables_Q2'26_EN.xlsx,/mnt/d/Projects/GoldRush/docs/phase2-ingestion/data/wgc/manifests/gdt-20260820T221513Z.json,2026-08-20T22:15:13.139564+00:00,2026-08-07,2026-08-20,PASS,STALE,0.2.0
L9-004,Q4'15,quarterly,2015-12-31,net_bullion_imports_tonnes,236.39299999999997,metric_tonnes,India net bullion imports,GDT_Tables_Q2'26_EN.xlsx,/mnt/d/Projects/GoldRush/docs/phase2-ingestion/data/wgc/raw/gdt/GDT_Tables_Q2'26_EN.xlsx,/mnt/d/Projects/GoldRush/docs/phase2-ingestion/data/wgc/manifests/gdt-20260820T221513Z.json,2026-08-20T22:15:13.139564+00:00,2026-08-07,2026-08-20,PASS,STALE,0.2.0
L9-004,Q1'16,quarterly,2016-03-31,bar_and_coin_demand_tonnes,27.46188675,metric_tonnes,India bar-and-coin demand,GDT_Tables_Q2'26_EN.xlsx,/mnt/d/Projects/GoldRush/docs/phase2-ingestion/data/wgc/raw/gdt/GDT_Tables_Q2'26_EN.xlsx,/mnt/d/Projects/GoldRush/docs/phase2-ingestion/data/wgc/manifests/gdt-20260820T221513Z.json,2026-08-20T22:15:13.139564+00:00,2026-08-07,2026-08-20,PASS,STALE,0.2.0
L9-004,Q1'16,quarterly,2016-03-31,gross_bullion_imports_tonnes,176.505,metric_tonnes,India gross bullion imports,GDT_Tables_Q2'26_EN.xlsx,/mnt/d/Projects/GoldRush/docs/phase2-ingestion/data/wgc/raw/gdt/GDT_Tables_Q2'26_EN.xlsx,/mnt/d/Projects/GoldRush/docs/phase2-ingestion/data/wgc/manifests/gdt-20260820T221513Z.json,2026-08-20T22:15:13.139564+00:00,2026-08-07,2026-08-20,PASS,STALE,0.2.0
L9-004,Q1'16,quarterly,2016-03-31,jewellery_demand_tonnes,79.77711713,metric_tonnes,India jewellery demand,GDT_Tables_Q2'26_EN.xlsx,/mnt/d/Projects/GoldRush/docs/phase2-ingestion/data/wgc/raw/gdt/GDT_Tables_Q2'26_EN.xlsx,/mnt/d/Projects/GoldRush/docs/phase2-ingestion/data/wgc/manifests/gdt-20260820T221513Z.json,2026-08-20T22:15:13.139564+00:00,2026-08-07,2026-08-20,PASS,STALE,0.2.0
L9-004,Q1'16,quarterly,2016-03-31,net_bullion_imports_tonnes,152.505,metric_tonnes,India net bullion imports,GDT_Tables_Q2'26_EN.xlsx,/mnt/d/Projects/GoldRush/docs/phase2-ingestion/data/wgc/raw/gdt/GDT_Tables_Q2'26_EN.xlsx,/mnt/d/Projects/GoldRush/docs/phase2-ingestion/data/wgc/manifests/gdt-20260820T221513Z.json,2026-08-20T22:15:13.139564+00:00,2026-08-07,2026-08-20,PASS,STALE,0.2.0
L9-004,Q2'16,quarterly,2016-06-30,bar_and_coin_demand_tonnes,32.25669965,metric_tonnes,India bar-and-coin demand,GDT_Tables_Q2'26_EN.xlsx,/mnt/d/Projects/GoldRush/docs/phase2-ingestion/data/wgc/raw/gdt/GDT_Tables_Q2'26_EN.xlsx,/mnt/d/Projects/GoldRush/docs/phase2-ingestion/data/wgc/manifests/gdt-20260820T221513Z.json,2026-08-20T22:15:13.139564+00:00,2026-08-07,2026-08-20,PASS,STALE,0.2.0
L9-004,Q2'16,quarterly,2016-06-30,gross_bullion_imports_tonnes,138.973,metric_tonnes,India gross bullion imports,GDT_Tables_Q2'26_EN.xlsx,/mnt/d/Projects/GoldRush/docs/phase2-ingestion/data/wgc/raw/gdt/GDT_Tables_Q2'26_EN.xlsx,/mnt/d/Projects/GoldRush/docs/phase2-ingestion/data/wgc/manifests/gdt-20260820T221513Z.json,2026-08-20T22:15:13.139564+00:00,2026-08-07,2026-08-20,PASS,STALE,0.2.0
L9-004,Q2'16,quarterly,2016-06-30,jewellery_demand_tonnes,89.8385801,metric_tonnes,India jewellery demand,GDT_Tables_Q2'26_EN.xlsx,/mnt/d/Projects/GoldRush/docs/phase2-ingestion/data/wgc/raw/gdt/GDT_Tables_Q2'26_EN.xlsx,/mnt/d/Projects/GoldRush/docs/phase2-ingestion/data/wgc/manifests/gdt-20260820T221513Z.json,2026-08-20T22:15:13.139564+00:00,2026-08-07,2026-08-20,PASS,STALE,0.2.0
L9-004,Q2'16,quarterly,2016-06-30,net_bullion_imports_tonnes,116.40160400000002,metric_tonnes,India net bullion imports,GDT_Tables_Q2'26_EN.xlsx,/mnt/d/Projects/GoldRush/docs/phase2-ingestion/data/wgc/raw/gdt/GDT_Tables_Q2'26_EN.xlsx,/mnt/d/Projects/GoldRush/docs/phase2-ingestion/data/wgc/manifests/gdt-20260820T221513Z.json,2026-08-20T22:15:13.139564+00:00,2026-08-07,2026-08-20,PASS,STALE,0.2.0
L9-004,Q3'16,quarterly,2016-09-30,bar_and_coin_demand_tonnes,40.08439782,metric_tonnes,India bar-and-coin demand,GDT_Tables_Q2'26_EN.xlsx,/mnt/d/Projects/GoldRush/docs/phase2-ingestion/data/wgc/raw/gdt/GDT_Tables_Q2'26_EN.xlsx,/mnt/d/Projects/GoldRush/docs/phase2-ingestion/data/wgc/manifests/gdt-20260820T221513Z.json,2026-08-20T22:15:13.139564+00:00,2026-08-07,2026-08-20,PASS,STALE,0.2.0
L9-004,Q3'16,quarterly,2016-09-30,gross_bullion_imports_tonnes,126.02400000000002,metric_tonnes,India gross bullion imports,GDT_Tables_Q2'26_EN.xlsx,/mnt/d/Projects/GoldRush/docs/phase2-ingestion/data/wgc/raw/gdt/GDT_Tables_Q2'26_EN.xlsx,/mnt/d/Projects/GoldRush/docs/phase2-ingestion/data/wgc/manifests/gdt-20260820T221513Z.json,2026-08-20T22:15:13.139564+00:00,2026-08-07,2026-08-20,PASS,STALE,0.2.0
L9-004,Q3'16,quarterly,2016-09-30,jewellery_demand_tonnes,152.69484303,metric_tonnes,India jewellery demand,GDT_Tables_Q2'26_EN.xlsx,/mnt/d/Projects/GoldRush/docs/phase2-ingestion/data/wgc/raw/gdt/GDT_Tables_Q2'26_EN.xlsx,/mnt/d/Projects/GoldRush/docs/phase2-ingestion/data/wgc/manifests/gdt-20260820T221513Z.json,2026-08-20T22:15:13.139564+00:00,2026-08-07,2026-08-20,PASS,STALE,0.2.0
L9-004,Q3'16,quarterly,2016-09-30,net_bullion_imports_tonnes,107.52400000000002,metric_tonnes,India net bullion imports,GDT_Tables_Q2'26_EN.xlsx,/mnt/d/Projects/GoldRush/docs/phase2-ingestion/data/wgc/raw/gdt/GDT_Tables_Q2'26_EN.xlsx,/mnt/d/Projects/GoldRush/docs/phase2-ingestion/data/wgc/manifests/gdt-20260820T221513Z.json,2026-08-20T22:15:13.139564+00:00,2026-08-07,2026-08-20,PASS,STALE,0.2.0
L9-004,2016,annual,2016-12-31,bar_and_coin_demand_tonnes,161.57631542,metric_tonnes,India bar-and-coin demand,GDT_Tables_Q2'26_EN.xlsx,/mnt/d/Projects/GoldRush/docs/phase2-ingestion/data/wgc/raw/gdt/GDT_Tables_Q2'26_EN.xlsx,/mnt/d/Projects/GoldRush/docs/phase2-ingestion/data/wgc/manifests/gdt-20260820T221513Z.json,2026-08-20T22:15:13.139564+00:00,2026-08-07,2026-08-20,PASS,STALE,0.2.0
L9-004,Q4'16,quarterly,2016-12-31,bar_and_coin_demand_tonnes,61.7733312,metric_tonnes,India bar-and-coin demand,GDT_Tables_Q2'26_EN.xlsx,/mnt/d/Projects/GoldRush/docs/phase2-ingestion/data/wgc/raw/gdt/GDT_Tables_Q2'26_EN.xlsx,/mnt/d/Projects/GoldRush/docs/phase2-ingestion/data/wgc/manifests/gdt-20260820T221513Z.json,2026-08-20T22:15:13.139564+00:00,2026-08-07,2026-08-20,PASS,STALE,0.2.0
L9-004,2016,annual,2016-12-31,gross_bullion_imports_tonnes,701.043,metric_tonnes,India gross bullion imports,GDT_Tables_Q2'26_EN.xlsx,/mnt/d/Projects/GoldRush/docs/phase2-ingestion/data/wgc/raw/gdt/GDT_Tables_Q2'26_EN.xlsx,/mnt/d/Projects/GoldRush/docs/phase2-ingestion/data/wgc/manifests/gdt-20260820T221513Z.json,2026-08-20T22:15:13.139564+00:00,2026-08-07,2026-08-20,PASS,STALE,0.2.0
L9-004,Q4'16,quarterly,2016-12-31,gross_bullion_imports_tonnes,259.541,metric_tonnes,India gross bullion imports,GDT_Tables_Q2'26_EN.xlsx,/mnt/d/Projects/GoldRush/docs/phase2-ingestion/data/wgc/raw/gdt/GDT_Tables_Q2'26_EN.xlsx,/mnt/d/Projects/GoldRush/docs/phase2-ingestion/data/wgc/manifests/gdt-20260820T221513Z.json,2026-08-20T22:15:13.139564+00:00,2026-08-07,2026-08-20,PASS,STALE,0.2.0
L9-004,2016,annual,2016-12-31,jewellery_demand_tonnes,504.50925983,metric_tonnes,India jewellery demand,GDT_Tables_Q2'26_EN.xlsx,/mnt/d/Projects/GoldRush/docs/phase2-ingestion/data/wgc/raw/gdt/GDT_Tables_Q2'26_EN.xlsx,/mnt/d/Projects/GoldRush/docs/phase2-ingestion/data/wgc/manifests/gdt-20260820T221513Z.json,2026-08-20T22:15:13.139564+00:00,2026-08-07,2026-08-20,PASS,STALE,0.2.0
L9-004,Q4'16,quarterly,2016-12-31,jewellery_demand_tonnes,182.19871957,metric_tonnes,India jewellery demand,GDT_Tables_Q2'26_EN.xlsx,/mnt/d/Projects/GoldRush/docs/phase2-ingestion/data/wgc/raw/gdt/GDT_Tables_Q2'26_EN.xlsx,/mnt/d/Projects/GoldRush/docs/phase2-ingestion/data/wgc/manifests/gdt-20260820T221513Z.json,2026-08-20T22:15:13.139564+00:00,2026-08-07,2026-08-20,PASS,STALE,0.2.0
L9-004,2016,annual,2016-12-31,net_bullion_imports_tonnes,610.4716040000001,metric_tonnes,India net bullion imports,GDT_Tables_Q2'26_EN.xlsx,/mnt/d/Projects/GoldRush/docs/phase2-ingestion/data/wgc/raw/gdt/GDT_Tables_Q2'26_EN.xlsx,/mnt/d/Projects/GoldRush/docs/phase2-ingestion/data/wgc/manifests/gdt-20260820T221513Z.json,2026-08-20T22:15:13.139564+00:00,2026-08-07,2026-08-20,PASS,STALE,0.2.0
L9-004,Q4'16,quarterly,2016-12-31,net_bullion_imports_tonnes,234.041,metric_tonnes,India net bullion imports,GDT_Tables_Q2'26_EN.xlsx,/mnt/d/Projects/GoldRush/docs/phase2-ingestion/data/wgc/raw/gdt/GDT_Tables_Q2'26_EN.xlsx,/mnt/d/Projects/GoldRush/docs/phase2-ingestion/data/wgc/manifests/gdt-20260820T221513Z.json,2026-08-20T22:15:13.139564+00:00,2026-08-07,2026-08-20,PASS,STALE,0.2.0
L9-004,Q1'17,quarterly,2017-03-31,bar_and_coin_demand_tonnes,37.07354711,metric_tonnes,India bar-and-coin demand,GDT_Tables_Q2'26_EN.xlsx,/mnt/d/Projects/GoldRush/docs/phase2-ingestion/data/wgc/raw/gdt/GDT_Tables_Q2'26_EN.xlsx,/mnt/d/Projects/GoldRush/docs/phase2-ingestion/data/wgc/manifests/gdt-20260820T221513Z.json,2026-08-20T22:15:13.139564+00:00,2026-08-07,2026-08-20,PASS,STALE,0.2.0
L9-004,Q1'17,quarterly,2017-03-31,gross_bullion_imports_tonnes,285.53099999999995,metric_tonnes,India gross bullion imports,GDT_Tables_Q2'26_EN.xlsx,/mnt/d/Projects/GoldRush/docs/phase2-ingestion/data/wgc/raw/gdt/GDT_Tables_Q2'26_EN.xlsx,/mnt/d/Projects/GoldRush/docs/phase2-ingestion/data/wgc/manifests/gdt-20260820T221513Z.json,2026-08-20T22:15:13.139564+00:00,2026-08-07,2026-08-20,PASS,STALE,0.2.0
L9-004,Q1'17,quarterly,2017-03-31,jewellery_demand_tonnes,123.7251102,metric_tonnes,India jewellery demand,GDT_Tables_Q2'26_EN.xlsx,/mnt/d/Projects/GoldRush/docs/phase2-ingestion/data/wgc/raw/gdt/GDT_Tables_Q2'26_EN.xlsx,/mnt/d/Projects/GoldRush/docs/phase2-ingestion/data/wgc/manifests/gdt-20260820T221513Z.json,2026-08-20T22:15:13.139564+00:00,2026-08-07,2026-08-20,PASS,STALE,0.2.0
L9-004,Q1'17,quarterly,2017-03-31,net_bullion_imports_tonnes,264.631,metric_tonnes,India net bullion imports,GDT_Tables_Q2'26_EN.xlsx,/mnt/d/Projects/GoldRush/docs/phase2-ingestion/data/wgc/raw/gdt/GDT_Tables_Q2'26_EN.xlsx,/mnt/d/Projects/GoldRush/docs/phase2-ingestion/data/wgc/manifests/gdt-20260820T221513Z.json,2026-08-20T22:15:13.139564+00:00,2026-08-07,2026-08-20,PASS,STALE,0.2.0
L9-004,Q2'17,quarterly,2017-06-30,bar_and_coin_demand_tonnes,41.55715039,metric_tonnes,India bar-and-coin demand,GDT_Tables_Q2'26_EN.xlsx,/mnt/d/Projects/GoldRush/docs/phase2-ingestion/data/wgc/raw/gdt/GDT_Tables_Q2'26_EN.xlsx,/mnt/d/Projects/GoldRush/docs/phase2-ingestion/data/wgc/manifests/gdt-20260820T221513Z.json,2026-08-20T22:15:13.139564+00:00,2026-08-07,2026-08-20,PASS,STALE,0.2.0
L9-004,Q2'17,quarterly,2017-06-30,gross_bullion_imports_tonnes,312.71099999999996,metric_tonnes,India gross bullion imports,GDT_Tables_Q2'26_EN.xlsx,/mnt/d/Projects/GoldRush/docs/phase2-ingestion/data/wgc/raw/gdt/GDT_Tables_Q2'26_EN.xlsx,/mnt/d/Projects/GoldRush/docs/phase2-ingestion/data/wgc/manifests/gdt-20260820T221513Z.json,2026-08-20T22:15:13.139564+00:00,2026-08-07,2026-08-20,PASS,STALE,0.2.0
L9-004,Q2'17,quarterly,2017-06-30,jewellery_demand_tonnes,160.95015694,metric_tonnes,India jewellery demand,GDT_Tables_Q2'26_EN.xlsx,/mnt/d/Projects/GoldRush/docs/phase2-ingestion/data/wgc/raw/gdt/GDT_Tables_Q2'26_EN.xlsx,/mnt/d/Projects/GoldRush/docs/phase2-ingestion/data/wgc/manifests/gdt-20260820T221513Z.json,2026-08-20T22:15:13.139564+00:00,2026-08-07,2026-08-20,PASS,STALE,0.2.0
L9-004,Q2'17,quarterly,2017-06-30,net_bullion_imports_tonnes,283.91099999999994,metric_tonnes,India net bullion imports,GDT_Tables_Q2'26_EN.xlsx,/mnt/d/Projects/GoldRush/docs/phase2-ingestion/data/wgc/raw/gdt/GDT_Tables_Q2'26_EN.xlsx,/mnt/d/Projects/GoldRush/docs/phase2-ingestion/data/wgc/manifests/gdt-20260820T221513Z.json,2026-08-20T22:15:13.139564+00:00,2026-08-07,2026-08-20,PASS,STALE,0.2.0
L9-004,Q3'17,quarterly,2017-09-30,bar_and_coin_demand_tonnes,31.03684958,metric_tonnes,India bar-and-coin demand,GDT_Tables_Q2'26_EN.xlsx,/mnt/d/Projects/GoldRush/docs/phase2-ingestion/data/wgc/raw/gdt/GDT_Tables_Q2'26_EN.xlsx,/mnt/d/Projects/GoldRush/docs/phase2-ingestion/data/wgc/manifests/gdt-20260820T221513Z.json,2026-08-20T22:15:13.139564+00:00,2026-08-07,2026-08-20,PASS,STALE,0.2.0
L9-004,Q3'17,quarterly,2017-09-30,gross_bullion_imports_tonnes,202.6755,metric_tonnes,India gross bullion imports,GDT_Tables_Q2'26_EN.xlsx,/mnt/d/Projects/GoldRush/docs/phase2-ingestion/data/wgc/raw/gdt/GDT_Tables_Q2'26_EN.xlsx,/mnt/d/Projects/GoldRush/docs/phase2-ingestion/data/wgc/manifests/gdt-20260820T221513Z.json,2026-08-20T22:15:13.139564+00:00,2026-08-07,2026-08-20,PASS,STALE,0.2.0
L9-004,Q3'17,quarterly,2017-09-30,jewellery_demand_tonnes,134.79864247,metric_tonnes,India jewellery demand,GDT_Tables_Q2'26_EN.xlsx,/mnt/d/Projects/GoldRush/docs/phase2-ingestion/data/wgc/raw/gdt/GDT_Tables_Q2'26_EN.xlsx,/mnt/d/Projects/GoldRush/docs/phase2-ingestion/data/wgc/manifests/gdt-20260820T221513Z.json,2026-08-20T22:15:13.139564+00:00,2026-08-07,2026-08-20,PASS,STALE,0.2.0
L9-004,Q3'17,quarterly,2017-09-30,net_bullion_imports_tonnes,178.07643688,metric_tonnes,India net bullion imports,GDT_Tables_Q2'26_EN.xlsx,/mnt/d/Projects/GoldRush/docs/phase2-ingestion/data/wgc/raw/gdt/GDT_Tables_Q2'26_EN.xlsx,/mnt/d/Projects/GoldRush/docs/phase2-ingestion/data/wgc/manifests/gdt-20260820T221513Z.json,2026-08-20T22:15:13.139564+00:00,2026-08-07,2026-08-20,PASS,STALE,0.2.0
L9-004,2017,annual,2017-12-31,bar_and_coin_demand_tonnes,169.3158718,metric_tonnes,India bar-and-coin demand,GDT_Tables_Q2'26_EN.xlsx,/mnt/d/Projects/GoldRush/docs/phase2-ingestion/data/wgc/raw/gdt/GDT_Tables_Q2'26_EN.xlsx,/mnt/d/Projects/GoldRush/docs/phase2-ingestion/data/wgc/manifests/gdt-20260820T221513Z.json,2026-08-20T22:15:13.139564+00:00,2026-08-07,2026-08-20,PASS,STALE,0.2.0
L9-004,Q4'17,quarterly,2017-12-31,bar_and_coin_demand_tonnes,59.64832472,metric_tonnes,India bar-and-coin demand,GDT_Tables_Q2'26_EN.xlsx,/mnt/d/Projects/GoldRush/docs/phase2-ingestion/data/wgc/raw/gdt/GDT_Tables_Q2'26_EN.xlsx,/mnt/d/Projects/GoldRush/docs/phase2-ingestion/data/wgc/manifests/gdt-20260820T221513Z.json,2026-08-20T22:15:13.139564+00:00,2026-08-07,2026-08-20,PASS,STALE,0.2.0
L9-004,2017,annual,2017-12-31,gross_bullion_imports_tonnes,1052.3515,metric_tonnes,India gross bullion imports,GDT_Tables_Q2'26_EN.xlsx,/mnt/d/Projects/GoldRush/docs/phase2-ingestion/data/wgc/raw/gdt/GDT_Tables_Q2'26_EN.xlsx,/mnt/d/Projects/GoldRush/docs/phase2-ingestion/data/wgc/manifests/gdt-20260820T221513Z.json,2026-08-20T22:15:13.139564+00:00,2026-08-07,2026-08-20,PASS,STALE,0.2.0
L9-004,Q4'17,quarterly,2017-12-31,gross_bullion_imports_tonnes,251.43400000000003,metric_tonnes,India gross bullion imports,GDT_Tables_Q2'26_EN.xlsx,/mnt/d/Projects/GoldRush/docs/phase2-ingestion/data/wgc/raw/gdt/GDT_Tables_Q2'26_EN.xlsx,/mnt/d/Projects/GoldRush/docs/phase2-ingestion/data/wgc/manifests/gdt-20260820T221513Z.json,2026-08-20T22:15:13.139564+00:00,2026-08-07,2026-08-20,PASS,STALE,0.2.0
L9-004,2017,annual,2017-12-31,jewellery_demand_tonnes,601.90228055,metric_tonnes,India jewellery demand,GDT_Tables_Q2'26_EN.xlsx,/mnt/d/Projects/GoldRush/docs/phase2-ingestion/data/wgc/raw/gdt/GDT_Tables_Q2'26_EN.xlsx,/mnt/d/Projects/GoldRush/docs/phase2-ingestion/data/wgc/manifests/gdt-20260820T221513Z.json,2026-08-20T22:15:13.139564+00:00,2026-08-07,2026-08-20,PASS,STALE,0.2.0
L9-004,Q4'17,quarterly,2017-12-31,jewellery_demand_tonnes,182.42837094,metric_tonnes,India jewellery demand,GDT_Tables_Q2'26_EN.xlsx,/mnt/d/Projects/GoldRush/docs/phase2-ingestion/data/wgc/raw/gdt/GDT_Tables_Q2'26_EN.xlsx,/mnt/d/Projects/GoldRush/docs/phase2-ingestion/data/wgc/manifests/gdt-20260820T221513Z.json,2026-08-20T22:15:13.139564+00:00,2026-08-07,2026-08-20,PASS,STALE,0.2.0
L9-004,2017,annual,2017-12-31,net_bullion_imports_tonnes,956.0235165199999,metric_tonnes,India net bullion imports,GDT_Tables_Q2'26_EN.xlsx,/mnt/d/Projects/GoldRush/docs/phase2-ingestion/data/wgc/raw/gdt/GDT_Tables_Q2'26_EN.xlsx,/mnt/d/Projects/GoldRush/docs/phase2-ingestion/data/wgc/manifests/gdt-20260820T221513Z.json,2026-08-20T22:15:13.139564+00:00,2026-08-07,2026-08-20,PASS,STALE,0.2.0
L9-004,Q4'17,quarterly,2017-12-31,net_bullion_imports_tonnes,229.40507964000003,metric_tonnes,India net bullion imports,GDT_Tables_Q2'26_EN.xlsx,/mnt/d/Projects/GoldRush/docs/phase2-ingestion/data/wgc/raw/gdt/GDT_Tables_Q2'26_EN.xlsx,/mnt/d/Projects/GoldRush/docs/phase2-ingestion/data/wgc/manifests/gdt-20260820T221513Z.json,2026-08-20T22:15:13.139564+00:00,2026-08-07,2026-08-20,PASS,STALE,0.2.0
L9-004,Q1'18,quarterly,2018-03-31,bar_and_coin_demand_tonnes,32.32377624,metric_tonnes,India bar-and-coin demand,GDT_Tables_Q2'26_EN.xlsx,/mnt/d/Projects/GoldRush/docs/phase2-ingestion/data/wgc/raw/gdt/GDT_Tables_Q2'26_EN.xlsx,/mnt/d/Projects/GoldRush/docs/phase2-ingestion/data/wgc/manifests/gdt-20260820T221513Z.json,2026-08-20T22:15:13.139564+00:00,2026-08-07,2026-08-20,PASS,STALE,0.2.0
L9-004,Q1'18,quarterly,2018-03-31,gross_bullion_imports_tonnes,194.848,metric_tonnes,India gross bullion imports,GDT_Tables_Q2'26_EN.xlsx,/mnt/d/Projects/GoldRush/docs/phase2-ingestion/data/wgc/raw/gdt/GDT_Tables_Q2'26_EN.xlsx,/mnt/d/Projects/GoldRush/docs/phase2-ingestion/data/wgc/manifests/gdt-20260820T221513Z.json,2026-08-20T22:15:13.139564+00:00,2026-08-07,2026-08-20,PASS,STALE,0.2.0
L9-004,Q1'18,quarterly,2018-03-31,jewellery_demand_tonnes,119.2095931,metric_tonnes,India jewellery demand,GDT_Tables_Q2'26_EN.xlsx,/mnt/d/Projects/GoldRush/docs/phase2-ingestion/data/wgc/raw/gdt/GDT_Tables_Q2'26_EN.xlsx,/mnt/d/Projects/GoldRush/docs/phase2-ingestion/data/wgc/manifests/gdt-20260820T221513Z.json,2026-08-20T22:15:13.139564+00:00,2026-08-07,2026-08-20,PASS,STALE,0.2.0
L9-004,Q1'18,quarterly,2018-03-31,net_bullion_imports_tonnes,176.038,metric_tonnes,India net bullion imports,GDT_Tables_Q2'26_EN.xlsx,/mnt/d/Projects/GoldRush/docs/phase2-ingestion/data/wgc/raw/gdt/GDT_Tables_Q2'26_EN.xlsx,/mnt/d/Projects/GoldRush/docs/phase2-ingestion/data/wgc/manifests/gdt-20260820T221513Z.json,2026-08-20T22:15:13.139564+00:00,2026-08-07,2026-08-20,PASS,STALE,0.2.0
L9-004,Q2'18,quarterly,2018-06-30,bar_and_coin_demand_tonnes,39.30095364,metric_tonnes,India bar-and-coin demand,GDT_Tables_Q2'26_EN.xlsx,/mnt/d/Projects/GoldRush/docs/phase2-ingestion/data/wgc/raw/gdt/GDT_Tables_Q2'26_EN.xlsx,/mnt/d/Projects/GoldRush/docs/phase2-ingestion/data/wgc/manifests/gdt-20260820T221513Z.json,2026-08-20T22:15:13.139564+00:00,2026-08-07,2026-08-20,PASS,STALE,0.2.0
L9-004,Q2'18,quarterly,2018-06-30,gross_bullion_imports_tonnes,230.42350000000002,metric_tonnes,India gross bullion imports,GDT_Tables_Q2'26_EN.xlsx,/mnt/d/Projects/GoldRush/docs/phase2-ingestion/data/wgc/raw/gdt/GDT_Tables_Q2'26_EN.xlsx,/mnt/d/Projects/GoldRush/docs/phase2-ingestion/data/wgc/manifests/gdt-20260820T221513Z.json,2026-08-20T22:15:13.139564+00:00,2026-08-07,2026-08-20,PASS,STALE,0.2.0
L9-004,Q2'18,quarterly,2018-06-30,jewellery_demand_tonnes,149.94365132,metric_tonnes,India jewellery demand,GDT_Tables_Q2'26_EN.xlsx,/mnt/d/Projects/GoldRush/docs/phase2-ingestion/data/wgc/raw/gdt/GDT_Tables_Q2'26_EN.xlsx,/mnt/d/Projects/GoldRush/docs/phase2-ingestion/data/wgc/manifests/gdt-20260820T221513Z.json,2026-08-20T22:15:13.139564+00:00,2026-08-07,2026-08-20,PASS,STALE,0.2.0
L9-004,Q2'18,quarterly,2018-06-30,net_bullion_imports_tonnes,194.2835,metric_tonnes,India net bullion imports,GDT_Tables_Q2'26_EN.xlsx,/mnt/d/Projects/GoldRush/docs/phase2-ingestion/data/wgc/raw/gdt/GDT_Tables_Q2'26_EN.xlsx,/mnt/d/Projects/GoldRush/docs/phase2-ingestion/data/wgc/manifests/gdt-20260820T221513Z.json,2026-08-20T22:15:13.139564+00:00,2026-08-07,2026-08-20,PASS,STALE,0.2.0
L9-004,Q3'18,quarterly,2018-09-30,bar_and_coin_demand_tonnes,34.36862367,metric_tonnes,India bar-and-coin demand,GDT_Tables_Q2'26_EN.xlsx,/mnt/d/Projects/GoldRush/docs/phase2-ingestion/data/wgc/raw/gdt/GDT_Tables_Q2'26_EN.xlsx,/mnt/d/Projects/GoldRush/docs/phase2-ingestion/data/wgc/manifests/gdt-20260820T221513Z.json,2026-08-20T22:15:13.139564+00:00,2026-08-07,2026-08-20,PASS,STALE,0.2.0
L9-004,Q3'18,quarterly,2018-09-30,gross_bullion_imports_tonnes,271.763875,metric_tonnes,India gross bullion imports,GDT_Tables_Q2'26_EN.xlsx,/mnt/d/Projects/GoldRush/docs/phase2-ingestion/data/wgc/raw/gdt/GDT_Tables_Q2'26_EN.xlsx,/mnt/d/Projects/GoldRush/docs/phase2-ingestion/data/wgc/manifests/gdt-20260820T221513Z.json,2026-08-20T22:15:13.139564+00:00,2026-08-07,2026-08-20,PASS,STALE,0.2.0
L9-004,Q3'18,quarterly,2018-09-30,jewellery_demand_tonnes,148.78823626,metric_tonnes,India jewellery demand,GDT_Tables_Q2'26_EN.xlsx,/mnt/d/Projects/GoldRush/docs/phase2-ingestion/data/wgc/raw/gdt/GDT_Tables_Q2'26_EN.xlsx,/mnt/d/Projects/GoldRush/docs/phase2-ingestion/data/wgc/manifests/gdt-20260820T221513Z.json,2026-08-20T22:15:13.139564+00:00,2026-08-07,2026-08-20,PASS,STALE,0.2.0
L9-004,Q3'18,quarterly,2018-09-30,net_bullion_imports_tonnes,240.12518663199998,metric_tonnes,India net bullion imports,GDT_Tables_Q2'26_EN.xlsx,/mnt/d/Projects/GoldRush/docs/phase2-ingestion/data/wgc/raw/gdt/GDT_Tables_Q2'26_EN.xlsx,/mnt/d/Projects/GoldRush/docs/phase2-ingestion/data/wgc/manifests/gdt-20260820T221513Z.json,2026-08-20T22:15:13.139564+00:00,2026-08-07,2026-08-20,PASS,STALE,0.2.0
L9-004,2018,annual,2018-12-31,bar_and_coin_demand_tonnes,162.40178702,metric_tonnes,India bar-and-coin demand,GDT_Tables_Q2'26_EN.xlsx,/mnt/d/Projects/GoldRush/docs/phase2-ingestion/data/wgc/raw/gdt/GDT_Tables_Q2'26_EN.xlsx,/mnt/d/Projects/GoldRush/docs/phase2-ingestion/data/wgc/manifests/gdt-20260820T221513Z.json,2026-08-20T22:15:13.139564+00:00,2026-08-07,2026-08-20,PASS,STALE,0.2.0
L9-004,Q4'18,quarterly,2018-12-31,bar_and_coin_demand_tonnes,56.40843347,metric_tonnes,India bar-and-coin demand,GDT_Tables_Q2'26_EN.xlsx,/mnt/d/Projects/GoldRush/docs/phase2-ingestion/data/wgc/raw/gdt/GDT_Tables_Q2'26_EN.xlsx,/mnt/d/Projects/GoldRush/docs/phase2-ingestion/data/wgc/manifests/gdt-20260820T221513Z.json,2026-08-20T22:15:13.139564+00:00,2026-08-07,2026-08-20,PASS,STALE,0.2.0
L9-004,2018,annual,2018-12-31,gross_bullion_imports_tonnes,898.6163750000001,metric_tonnes,India gross bullion imports,GDT_Tables_Q2'26_EN.xlsx,/mnt/d/Projects/GoldRush/docs/phase2-ingestion/data/wgc/raw/gdt/GDT_Tables_Q2'26_EN.xlsx,/mnt/d/Projects/GoldRush/docs/phase2-ingestion/data/wgc/manifests/gdt-20260820T221513Z.json,2026-08-20T22:15:13.139564+00:00,2026-08-07,2026-08-20,PASS,STALE,0.2.0
L9-004,Q4'18,quarterly,2018-12-31,gross_bullion_imports_tonnes,201.581,metric_tonnes,India gross bullion imports,GDT_Tables_Q2'26_EN.xlsx,/mnt/d/Projects/GoldRush/docs/phase2-ingestion/data/wgc/raw/gdt/GDT_Tables_Q2'26_EN.xlsx,/mnt/d/Projects/GoldRush/docs/phase2-ingestion/data/wgc/manifests/gdt-20260820T221513Z.json,2026-08-20T22:15:13.139564+00:00,2026-08-07,2026-08-20,PASS,STALE,0.2.0
L9-004,2018,annual,2018-12-31,jewellery_demand_tonnes,598.01204807,metric_tonnes,India jewellery demand,GDT_Tables_Q2'26_EN.xlsx,/mnt/d/Projects/GoldRush/docs/phase2-ingestion/data/wgc/raw/gdt/GDT_Tables_Q2'26_EN.xlsx,/mnt/d/Projects/GoldRush/docs/phase2-ingestion/data/wgc/manifests/gdt-20260820T221513Z.json,2026-08-20T22:15:13.139564+00:00,2026-08-07,2026-08-20,PASS,STALE,0.2.0
L9-004,Q4'18,quarterly,2018-12-31,jewellery_demand_tonnes,180.07056739,metric_tonnes,India jewellery demand,GDT_Tables_Q2'26_EN.xlsx,/mnt/d/Projects/GoldRush/docs/phase2-ingestion/data/wgc/raw/gdt/GDT_Tables_Q2'26_EN.xlsx,/mnt/d/Projects/GoldRush/docs/phase2-ingestion/data/wgc/manifests/gdt-20260820T221513Z.json,2026-08-20T22:15:13.139564+00:00,2026-08-07,2026-08-20,PASS,STALE,0.2.0
L9-004,2018,annual,2018-12-31,net_bullion_imports_tonnes,782.587198128,metric_tonnes,India net bullion imports,GDT_Tables_Q2'26_EN.xlsx,/mnt/d/Projects/GoldRush/docs/phase2-ingestion/data/wgc/raw/gdt/GDT_Tables_Q2'26_EN.xlsx,/mnt/d/Projects/GoldRush/docs/phase2-ingestion/data/wgc/manifests/gdt-20260820T221513Z.json,2026-08-20T22:15:13.139564+00:00,2026-08-07,2026-08-20,PASS,STALE,0.2.0
L9-004,Q4'18,quarterly,2018-12-31,net_bullion_imports_tonnes,172.140511496,metric_tonnes,India net bullion imports,GDT_Tables_Q2'26_EN.xlsx,/mnt/d/Projects/GoldRush/docs/phase2-ingestion/data/wgc/raw/gdt/GDT_Tables_Q2'26_EN.xlsx,/mnt/d/Projects/GoldRush/docs/phase2-ingestion/data/wgc/manifests/gdt-20260820T221513Z.json,2026-08-20T22:15:13.139564+00:00,2026-08-07,2026-08-20,PASS,STALE,0.2.0
L9-004,Q1'19,quarterly,2019-03-31,bar_and_coin_demand_tonnes,33.61672729,metric_tonnes,India bar-and-coin demand,GDT_Tables_Q2'26_EN.xlsx,/mnt/d/Projects/GoldRush/docs/phase2-ingestion/data/wgc/raw/gdt/GDT_Tables_Q2'26_EN.xlsx,/mnt/d/Projects/GoldRush/docs/phase2-ingestion/data/wgc/manifests/gdt-20260820T221513Z.json,2026-08-20T22:15:13.139564+00:00,2026-08-07,2026-08-20,PASS,STALE,0.2.0
L9-004,Q1'19,quarterly,2019-03-31,gross_bullion_imports_tonnes,219.323,metric_tonnes,India gross bullion imports,GDT_Tables_Q2'26_EN.xlsx,/mnt/d/Projects/GoldRush/docs/phase2-ingestion/data/wgc/raw/gdt/GDT_Tables_Q2'26_EN.xlsx,/mnt/d/Projects/GoldRush/docs/phase2-ingestion/data/wgc/manifests/gdt-20260820T221513Z.json,2026-08-20T22:15:13.139564+00:00,2026-08-07,2026-08-20,PASS,STALE,0.2.0
L9-004,Q1'19,quarterly,2019-03-31,jewellery_demand_tonnes,125.42837833,metric_tonnes,India jewellery demand,GDT_Tables_Q2'26_EN.xlsx,/mnt/d/Projects/GoldRush/docs/phase2-ingestion/data/wgc/raw/gdt/GDT_Tables_Q2'26_EN.xlsx,/mnt/d/Projects/GoldRush/docs/phase2-ingestion/data/wgc/manifests/gdt-20260820T221513Z.json,2026-08-20T22:15:13.139564+00:00,2026-08-07,2026-08-20,PASS,STALE,0.2.0
L9-004,Q1'19,quarterly,2019-03-31,net_bullion_imports_tonnes,183.584,metric_tonnes,India net bullion imports,GDT_Tables_Q2'26_EN.xlsx,/mnt/d/Projects/GoldRush/docs/phase2-ingestion/data/wgc/raw/gdt/GDT_Tables_Q2'26_EN.xlsx,/mnt/d/Projects/GoldRush/docs/phase2-ingestion/data/wgc/manifests/gdt-20260820T221513Z.json,2026-08-20T22:15:13.139564+00:00,2026-08-07,2026-08-20,PASS,STALE,0.2.0
L9-004,Q2'19,quarterly,2019-06-30,bar_and_coin_demand_tonnes,44.5239491,metric_tonnes,India bar-and-coin demand,GDT_Tables_Q2'26_EN.xlsx,/mnt/d/Projects/GoldRush/docs/phase2-ingestion/data/wgc/raw/gdt/GDT_Tables_Q2'26_EN.xlsx,/mnt/d/Projects/GoldRush/docs/phase2-ingestion/data/wgc/manifests/gdt-20260820T221513Z.json,2026-08-20T22:15:13.139564+00:00,2026-08-07,2026-08-20,PASS,STALE,0.2.0
L9-004,Q2'19,quarterly,2019-06-30,gross_bullion_imports_tonnes,299.44124999999997,metric_tonnes,India gross bullion imports,GDT_Tables_Q2'26_EN.xlsx,/mnt/d/Projects/GoldRush/docs/phase2-ingestion/data/wgc/raw/gdt/GDT_Tables_Q2'26_EN.xlsx,/mnt/d/Projects/GoldRush/docs/phase2-ingestion/data/wgc/manifests/gdt-20260820T221513Z.json,2026-08-20T22:15:13.139564+00:00,2026-08-07,2026-08-20,PASS,STALE,0.2.0
L9-004,Q2'19,quarterly,2019-06-30,jewellery_demand_tonnes,168.6432355,metric_tonnes,India jewellery demand,GDT_Tables_Q2'26_EN.xlsx,/mnt/d/Projects/GoldRush/docs/phase2-ingestion/data/wgc/raw/gdt/GDT_Tables_Q2'26_EN.xlsx,/mnt/d/Projects/GoldRush/docs/phase2-ingestion/data/wgc/manifests/gdt-20260820T221513Z.json,2026-08-20T22:15:13.139564+00:00,2026-08-07,2026-08-20,PASS,STALE,0.2.0
L9-004,Q2'19,quarterly,2019-06-30,net_bullion_imports_tonnes,248.84524999999996,metric_tonnes,India net bullion imports,GDT_Tables_Q2'26_EN.xlsx,/mnt/d/Projects/GoldRush/docs/phase2-ingestion/data/wgc/raw/gdt/GDT_Tables_Q2'26_EN.xlsx,/mnt/d/Projects/GoldRush/docs/phase2-ingestion/data/wgc/manifests/gdt-20260820T221513Z.json,2026-08-20T22:15:13.139564+00:00,2026-08-07,2026-08-20,PASS,STALE,0.2.0
L9-004,Q3'19,quarterly,2019-09-30,bar_and_coin_demand_tonnes,22.33960539,metric_tonnes,India bar-and-coin demand,GDT_Tables_Q2'26_EN.xlsx,/mnt/d/Projects/GoldRush/docs/phase2-ingestion/data/wgc/raw/gdt/GDT_Tables_Q2'26_EN.xlsx,/mnt/d/Projects/GoldRush/docs/phase2-ingestion/data/wgc/manifests/gdt-20260820T221513Z.json,2026-08-20T22:15:13.139564+00:00,2026-08-07,2026-08-20,PASS,STALE,0.2.0
L9-004,Q3'19,quarterly,2019-09-30,gross_bullion_imports_tonnes,138.42362500000002,metric_tonnes,India gross bullion imports,GDT_Tables_Q2'26_EN.xlsx,/mnt/d/Projects/GoldRush/docs/phase2-ingestion/data/wgc/raw/gdt/GDT_Tables_Q2'26_EN.xlsx,/mnt/d/Projects/GoldRush/docs/phase2-ingestion/data/wgc/manifests/gdt-20260820T221513Z.json,2026-08-20T22:15:13.139564+00:00,2026-08-07,2026-08-20,PASS,STALE,0.2.0
L9-004,Q3'19,quarterly,2019-09-30,jewellery_demand_tonnes,101.5666243,metric_tonnes,India jewellery demand,GDT_Tables_Q2'26_EN.xlsx,/mnt/d/Projects/GoldRush/docs/phase2-ingestion/data/wgc/raw/gdt/GDT_Tables_Q2'26_EN.xlsx,/mnt/d/Projects/GoldRush/docs/phase2-ingestion/data/wgc/manifests/gdt-20260820T221513Z.json,2026-08-20T22:15:13.139564+00:00,2026-08-07,2026-08-20,PASS,STALE,0.2.0
L9-004,Q3'19,quarterly,2019-09-30,net_bullion_imports_tonnes,86.21978919280002,metric_tonnes,India net bullion imports,GDT_Tables_Q2'26_EN.xlsx,/mnt/d/Projects/GoldRush/docs/phase2-ingestion/data/wgc/raw/gdt/GDT_Tables_Q2'26_EN.xlsx,/mnt/d/Projects/GoldRush/docs/phase2-ingestion/data/wgc/manifests/gdt-20260820T221513Z.json,2026-08-20T22:15:13.139564+00:00,2026-08-07,2026-08-20,PASS,STALE,0.2.0
L9-004,2019,annual,2019-12-31,bar_and_coin_demand_tonnes,145.76975251,metric_tonnes,India bar-and-coin demand,GDT_Tables_Q2'26_EN.xlsx,/mnt/d/Projects/GoldRush/docs/phase2-ingestion/data/wgc/raw/gdt/GDT_Tables_Q2'26_EN.xlsx,/mnt/d/Projects/GoldRush/docs/phase2-ingestion/data/wgc/manifests/gdt-20260820T221513Z.json,2026-08-20T22:15:13.139564+00:00,2026-08-07,2026-08-20,PASS,STALE,0.2.0
L9-004,Q4'19,quarterly,2019-12-31,bar_and_coin_demand_tonnes,45.28947073,metric_tonnes,India bar-and-coin demand,GDT_Tables_Q2'26_EN.xlsx,/mnt/d/Projects/GoldRush/docs/phase2-ingestion/data/wgc/raw/gdt/GDT_Tables_Q2'26_EN.xlsx,/mnt/d/Projects/GoldRush/docs/phase2-ingestion/data/wgc/manifests/gdt-20260820T221513Z.json,2026-08-20T22:15:13.139564+00:00,2026-08-07,2026-08-20,PASS,STALE,0.2.0
L9-004,2019,annual,2019-12-31,gross_bullion_imports_tonnes,840.822875,metric_tonnes,India gross bullion imports,GDT_Tables_Q2'26_EN.xlsx,/mnt/d/Projects/GoldRush/docs/phase2-ingestion/data/wgc/raw/gdt/GDT_Tables_Q2'26_EN.xlsx,/mnt/d/Projects/GoldRush/docs/phase2-ingestion/data/wgc/manifests/gdt-20260820T221513Z.json,2026-08-20T22:15:13.139564+00:00,2026-08-07,2026-08-20,PASS,STALE,0.2.0
L9-004,Q4'19,quarterly,2019-12-31,gross_bullion_imports_tonnes,183.635,metric_tonnes,India gross bullion imports,GDT_Tables_Q2'26_EN.xlsx,/mnt/d/Projects/GoldRush/docs/phase2-ingestion/data/wgc/raw/gdt/GDT_Tables_Q2'26_EN.xlsx,/mnt/d/Projects/GoldRush/docs/phase2-ingestion/data/wgc/manifests/gdt-20260820T221513Z.json,2026-08-20T22:15:13.139564+00:00,2026-08-07,2026-08-20,PASS,STALE,0.2.0
L9-004,2019,annual,2019-12-31,jewellery_demand_tonnes,544.63708143,metric_tonnes,India jewellery demand,GDT_Tables_Q2'26_EN.xlsx,/mnt/d/Projects/GoldRush/docs/phase2-ingestion/data/wgc/raw/gdt/GDT_Tables_Q2'26_EN.xlsx,/mnt/d/Projects/GoldRush/docs/phase2-ingestion/data/wgc/manifests/gdt-20260820T221513Z.json,2026-08-20T22:15:13.139564+00:00,2026-08-07,2026-08-20,PASS,STALE,0.2.0
L9-004,Q4'19,quarterly,2019-12-31,jewellery_demand_tonnes,148.9988433,metric_tonnes,India jewellery demand,GDT_Tables_Q2'26_EN.xlsx,/mnt/d/Projects/GoldRush/docs/phase2-ingestion/data/wgc/raw/gdt/GDT_Tables_Q2'26_EN.xlsx,/mnt/d/Projects/GoldRush/docs/phase2-ingestion/data/wgc/manifests/gdt-20260820T221513Z.json,2026-08-20T22:15:13.139564+00:00,2026-08-07,2026-08-20,PASS,STALE,0.2.0
L9-004,2019,annual,2019-12-31,net_bullion_imports_tonnes,660.1840391928,metric_tonnes,India net bullion imports,GDT_Tables_Q2'26_EN.xlsx,/mnt/d/Projects/GoldRush/docs/phase2-ingestion/data/wgc/raw/gdt/GDT_Tables_Q2'26_EN.xlsx,/mnt/d/Projects/GoldRush/docs/phase2-ingestion/data/wgc/manifests/gdt-20260820T221513Z.json,2026-08-20T22:15:13.139564+00:00,2026-08-07,2026-08-20,PASS,STALE,0.2.0
L9-004,Q4'19,quarterly,2019-12-31,net_bullion_imports_tonnes,141.535,metric_tonnes,India net bullion imports,GDT_Tables_Q2'26_EN.xlsx,/mnt/d/Projects/GoldRush/docs/phase2-ingestion/data/wgc/raw/gdt/GDT_Tables_Q2'26_EN.xlsx,/mnt/d/Projects/GoldRush/docs/phase2-ingestion/data/wgc/manifests/gdt-20260820T221513Z.json,2026-08-20T22:15:13.139564+00:00,2026-08-07,2026-08-20,PASS,STALE,0.2.0
L9-004,Q1'20,quarterly,2020-03-31,bar_and_coin_demand_tonnes,28.0588031,metric_tonnes,India bar-and-coin demand,GDT_Tables_Q2'26_EN.xlsx,/mnt/d/Projects/GoldRush/docs/phase2-ingestion/data/wgc/raw/gdt/GDT_Tables_Q2'26_EN.xlsx,/mnt/d/Projects/GoldRush/docs/phase2-ingestion/data/wgc/manifests/gdt-20260820T221513Z.json,2026-08-20T22:15:13.139564+00:00,2026-08-07,2026-08-20,PASS,STALE,0.2.0
L9-004,Q1'20,quarterly,2020-03-31,gross_bullion_imports_tonnes,118.496,metric_tonnes,India gross bullion imports,GDT_Tables_Q2'26_EN.xlsx,/mnt/d/Projects/GoldRush/docs/phase2-ingestion/data/wgc/raw/gdt/GDT_Tables_Q2'26_EN.xlsx,/mnt/d/Projects/GoldRush/docs/phase2-ingestion/data/wgc/manifests/gdt-20260820T221513Z.json,2026-08-20T22:15:13.139564+00:00,2026-08-07,2026-08-20,PASS,STALE,0.2.0
L9-004,Q1'20,quarterly,2020-03-31,jewellery_demand_tonnes,73.86100833,metric_tonnes,India jewellery demand,GDT_Tables_Q2'26_EN.xlsx,/mnt/d/Projects/GoldRush/docs/phase2-ingestion/data/wgc/raw/gdt/GDT_Tables_Q2'26_EN.xlsx,/mnt/d/Projects/GoldRush/docs/phase2-ingestion/data/wgc/manifests/gdt-20260820T221513Z.json,2026-08-20T22:15:13.139564+00:00,2026-08-07,2026-08-20,PASS,STALE,0.2.0
L9-004,Q1'20,quarterly,2020-03-31,net_bullion_imports_tonnes,83.496,metric_tonnes,India net bullion imports,GDT_Tables_Q2'26_EN.xlsx,/mnt/d/Projects/GoldRush/docs/phase2-ingestion/data/wgc/raw/gdt/GDT_Tables_Q2'26_EN.xlsx,/mnt/d/Projects/GoldRush/docs/phase2-ingestion/data/wgc/manifests/gdt-20260820T221513Z.json,2026-08-20T22:15:13.139564+00:00,2026-08-07,2026-08-20,PASS,STALE,0.2.0
L9-004,Q2'20,quarterly,2020-06-30,bar_and_coin_demand_tonnes,19.75678207,metric_tonnes,India bar-and-coin demand,GDT_Tables_Q2'26_EN.xlsx,/mnt/d/Projects/GoldRush/docs/phase2-ingestion/data/wgc/raw/gdt/GDT_Tables_Q2'26_EN.xlsx,/mnt/d/Projects/GoldRush/docs/phase2-ingestion/data/wgc/manifests/gdt-20260820T221513Z.json,2026-08-20T22:15:13.139564+00:00,2026-08-07,2026-08-20,PASS,STALE,0.2.0
L9-004,Q2'20,quarterly,2020-06-30,gross_bullion_imports_tonnes,13.5793125,metric_tonnes,India gross bullion imports,GDT_Tables_Q2'26_EN.xlsx,/mnt/d/Projects/GoldRush/docs/phase2-ingestion/data/wgc/raw/gdt/GDT_Tables_Q2'26_EN.xlsx,/mnt/d/Projects/GoldRush/docs/phase2-ingestion/data/wgc/manifests/gdt-20260820T221513Z.json,2026-08-20T22:15:13.139564+00:00,2026-08-07,2026-08-20,PASS,STALE,0.2.0
L9-004,Q2'20,quarterly,2020-06-30,jewellery_demand_tonnes,43.97484219,metric_tonnes,India jewellery demand,GDT_Tables_Q2'26_EN.xlsx,/mnt/d/Projects/GoldRush/docs/phase2-ingestion/data/wgc/raw/gdt/GDT_Tables_Q2'26_EN.xlsx,/mnt/d/Projects/GoldRush/docs/phase2-ingestion/data/wgc/manifests/gdt-20260820T221513Z.json,2026-08-20T22:15:13.139564+00:00,2026-08-07,2026-08-20,PASS,STALE,0.2.0
L9-004,Q2'20,quarterly,2020-06-30,net_bullion_imports_tonnes,11.0793125,metric_tonnes,India net bullion imports,GDT_Tables_Q2'26_EN.xlsx,/mnt/d/Projects/GoldRush/docs/phase2-ingestion/data/wgc/raw/gdt/GDT_Tables_Q2'26_EN.xlsx,/mnt/d/Projects/GoldRush/docs/phase2-ingestion/data/wgc/manifests/gdt-20260820T221513Z.json,2026-08-20T22:15:13.139564+00:00,2026-08-07,2026-08-20,PASS,STALE,0.2.0
L9-004,Q3'20,quarterly,2020-09-30,bar_and_coin_demand_tonnes,33.76618096,metric_tonnes,India bar-and-coin demand,GDT_Tables_Q2'26_EN.xlsx,/mnt/d/Projects/GoldRush/docs/phase2-ingestion/data/wgc/raw/gdt/GDT_Tables_Q2'26_EN.xlsx,/mnt/d/Projects/GoldRush/docs/phase2-ingestion/data/wgc/manifests/gdt-20260820T221513Z.json,2026-08-20T22:15:13.139564+00:00,2026-08-07,2026-08-20,PASS,STALE,0.2.0
L9-004,Q3'20,quarterly,2020-09-30,gross_bullion_imports_tonnes,100.57225,metric_tonnes,India gross bullion imports,GDT_Tables_Q2'26_EN.xlsx,/mnt/d/Projects/GoldRush/docs/phase2-ingestion/data/wgc/raw/gdt/GDT_Tables_Q2'26_EN.xlsx,/mnt/d/Projects/GoldRush/docs/phase2-ingestion/data/wgc/manifests/gdt-20260820T221513Z.json,2026-08-20T22:15:13.139564+00:00,2026-08-07,2026-08-20,PASS,STALE,0.2.0
L9-004,Q3'20,quarterly,2020-09-30,jewellery_demand_tonnes,60.79586077,metric_tonnes,India jewellery demand,GDT_Tables_Q2'26_EN.xlsx,/mnt/d/Projects/GoldRush/docs/phase2-ingestion/data/wgc/raw/gdt/GDT_Tables_Q2'26_EN.xlsx,/mnt/d/Projects/GoldRush/docs/phase2-ingestion/data/wgc/manifests/gdt-20260820T221513Z.json,2026-08-20T22:15:13.139564+00:00,2026-08-07,2026-08-20,PASS,STALE,0.2.0
L9-004,Q3'20,quarterly,2020-09-30,net_bullion_imports_tonnes,90.07225,metric_tonnes,India net bullion imports,GDT_Tables_Q2'26_EN.xlsx,/mnt/d/Projects/GoldRush/docs/phase2-ingestion/data/wgc/raw/gdt/GDT_Tables_Q2'26_EN.xlsx,/mnt/d/Projects/GoldRush/docs/phase2-ingestion/data/wgc/manifests/gdt-20260820T221513Z.json,2026-08-20T22:15:13.139564+00:00,2026-08-07,2026-08-20,PASS,STALE,0.2.0
L9-004,2020,annual,2020-12-31,bar_and_coin_demand_tonnes,130.43691901,metric_tonnes,India bar-and-coin demand,GDT_Tables_Q2'26_EN.xlsx,/mnt/d/Projects/GoldRush/docs/phase2-ingestion/data/wgc/raw/gdt/GDT_Tables_Q2'26_EN.xlsx,/mnt/d/Projects/GoldRush/docs/phase2-ingestion/data/wgc/manifests/gdt-20260820T221513Z.json,2026-08-20T22:15:13.139564+00:00,2026-08-07,2026-08-20,PASS,STALE,0.2.0
L9-004,Q4'20,quarterly,2020-12-31,bar_and_coin_demand_tonnes,48.85515288,metric_tonnes,India bar-and-coin demand,GDT_Tables_Q2'26_EN.xlsx,/mnt/d/Projects/GoldRush/docs/phase2-ingestion/data/wgc/raw/gdt/GDT_Tables_Q2'26_EN.xlsx,/mnt/d/Projects/GoldRush/docs/phase2-ingestion/data/wgc/manifests/gdt-20260820T221513Z.json,2026-08-20T22:15:13.139564+00:00,2026-08-07,2026-08-20,PASS,STALE,0.2.0
L9-004,2020,annual,2020-12-31,gross_bullion_imports_tonnes,401.68956249999997,metric_tonnes,India gross bullion imports,GDT_Tables_Q2'26_EN.xlsx,/mnt/d/Projects/GoldRush/docs/phase2-ingestion/data/wgc/raw/gdt/GDT_Tables_Q2'26_EN.xlsx,/mnt/d/Projects/GoldRush/docs/phase2-ingestion/data/wgc/manifests/gdt-20260820T221513Z.json,2026-08-20T22:15:13.139564+00:00,2026-08-07,2026-08-20,PASS,STALE,0.2.0
L9-004,Q4'20,quarterly,2020-12-31,gross_bullion_imports_tonnes,169.042,metric_tonnes,India gross bullion imports,GDT_Tables_Q2'26_EN.xlsx,/mnt/d/Projects/GoldRush/docs/phase2-ingestion/data/wgc/raw/gdt/GDT_Tables_Q2'26_EN.xlsx,/mnt/d/Projects/GoldRush/docs/phase2-ingestion/data/wgc/manifests/gdt-20260820T221513Z.json,2026-08-20T22:15:13.139564+00:00,2026-08-07,2026-08-20,PASS,STALE,0.2.0
L9-004,2020,annual,2020-12-31,jewellery_demand_tonnes,315.93323466,metric_tonnes,India jewellery demand,GDT_Tables_Q2'26_EN.xlsx,/mnt/d/Projects/GoldRush/docs/phase2-ingestion/data/wgc/raw/gdt/GDT_Tables_Q2'26_EN.xlsx,/mnt/d/Projects/GoldRush/docs/phase2-ingestion/data/wgc/manifests/gdt-20260820T221513Z.json,2026-08-20T22:15:13.139564+00:00,2026-08-07,2026-08-20,PASS,STALE,0.2.0
L9-004,Q4'20,quarterly,2020-12-31,jewellery_demand_tonnes,137.30152337,metric_tonnes,India jewellery demand,GDT_Tables_Q2'26_EN.xlsx,/mnt/d/Projects/GoldRush/docs/phase2-ingestion/data/wgc/raw/gdt/GDT_Tables_Q2'26_EN.xlsx,/mnt/d/Projects/GoldRush/docs/phase2-ingestion/data/wgc/manifests/gdt-20260820T221513Z.json,2026-08-20T22:15:13.139564+00:00,2026-08-07,2026-08-20,PASS,STALE,0.2.0
L9-004,2020,annual,2020-12-31,net_bullion_imports_tonnes,351.5845625,metric_tonnes,India net bullion imports,GDT_Tables_Q2'26_EN.xlsx,/mnt/d/Projects/GoldRush/docs/phase2-ingestion/data/wgc/raw/gdt/GDT_Tables_Q2'26_EN.xlsx,/mnt/d/Projects/GoldRush/docs/phase2-ingestion/data/wgc/manifests/gdt-20260820T221513Z.json,2026-08-20T22:15:13.139564+00:00,2026-08-07,2026-08-20,PASS,STALE,0.2.0
L9-004,Q4'20,quarterly,2020-12-31,net_bullion_imports_tonnes,166.937,metric_tonnes,India net bullion imports,GDT_Tables_Q2'26_EN.xlsx,/mnt/d/Projects/GoldRush/docs/phase2-ingestion/data/wgc/raw/gdt/GDT_Tables_Q2'26_EN.xlsx,/mnt/d/Projects/GoldRush/docs/phase2-ingestion/data/wgc/manifests/gdt-20260820T221513Z.json,2026-08-20T22:15:13.139564+00:00,2026-08-07,2026-08-20,PASS,STALE,0.2.0
L9-004,Q1'21,quarterly,2021-03-31,bar_and_coin_demand_tonnes,39.29841318,metric_tonnes,India bar-and-coin demand,GDT_Tables_Q2'26_EN.xlsx,/mnt/d/Projects/GoldRush/docs/phase2-ingestion/data/wgc/raw/gdt/GDT_Tables_Q2'26_EN.xlsx,/mnt/d/Projects/GoldRush/docs/phase2-ingestion/data/wgc/manifests/gdt-20260820T221513Z.json,2026-08-20T22:15:13.139564+00:00,2026-08-07,2026-08-20,PASS,STALE,0.2.0
L9-004,Q1'21,quarterly,2021-03-31,gross_bullion_imports_tonnes,326.50079999999997,metric_tonnes,India gross bullion imports,GDT_Tables_Q2'26_EN.xlsx,/mnt/d/Projects/GoldRush/docs/phase2-ingestion/data/wgc/raw/gdt/GDT_Tables_Q2'26_EN.xlsx,/mnt/d/Projects/GoldRush/docs/phase2-ingestion/data/wgc/manifests/gdt-20260820T221513Z.json,2026-08-20T22:15:13.139564+00:00,2026-08-07,2026-08-20,PASS,STALE,0.2.0
L9-004,Q1'21,quarterly,2021-03-31,jewellery_demand_tonnes,126.52267742,metric_tonnes,India jewellery demand,GDT_Tables_Q2'26_EN.xlsx,/mnt/d/Projects/GoldRush/docs/phase2-ingestion/data/wgc/raw/gdt/GDT_Tables_Q2'26_EN.xlsx,/mnt/d/Projects/GoldRush/docs/phase2-ingestion/data/wgc/manifests/gdt-20260820T221513Z.json,2026-08-20T22:15:13.139564+00:00,2026-08-07,2026-08-20,PASS,STALE,0.2.0
L9-004,Q1'21,quarterly,2021-03-31,net_bullion_imports_tonnes,314.00079999999997,metric_tonnes,India net bullion imports,GDT_Tables_Q2'26_EN.xlsx,/mnt/d/Projects/GoldRush/docs/phase2-ingestion/data/wgc/raw/gdt/GDT_Tables_Q2'26_EN.xlsx,/mnt/d/Projects/GoldRush/docs/phase2-ingestion/data/wgc/manifests/gdt-20260820T221513Z.json,2026-08-20T22:15:13.139564+00:00,2026-08-07,2026-08-20,PASS,STALE,0.2.0
L9-004,Q2'21,quarterly,2021-06-30,bar_and_coin_demand_tonnes,25.37269242,metric_tonnes,India bar-and-coin demand,GDT_Tables_Q2'26_EN.xlsx,/mnt/d/Projects/GoldRush/docs/phase2-ingestion/data/wgc/raw/gdt/GDT_Tables_Q2'26_EN.xlsx,/mnt/d/Projects/GoldRush/docs/phase2-ingestion/data/wgc/manifests/gdt-20260820T221513Z.json,2026-08-20T22:15:13.139564+00:00,2026-08-07,2026-08-20,PASS,STALE,0.2.0
L9-004,Q2'21,quarterly,2021-06-30,gross_bullion_imports_tonnes,140.23696,metric_tonnes,India gross bullion imports,GDT_Tables_Q2'26_EN.xlsx,/mnt/d/Projects/GoldRush/docs/phase2-ingestion/data/wgc/raw/gdt/GDT_Tables_Q2'26_EN.xlsx,/mnt/d/Projects/GoldRush/docs/phase2-ingestion/data/wgc/manifests/gdt-20260820T221513Z.json,2026-08-20T22:15:13.139564+00:00,2026-08-07,2026-08-20,PASS,STALE,0.2.0
L9-004,Q2'21,quarterly,2021-06-30,jewellery_demand_tonnes,94.26520661,metric_tonnes,India jewellery demand,GDT_Tables_Q2'26_EN.xlsx,/mnt/d/Projects/GoldRush/docs/phase2-ingestion/data/wgc/raw/gdt/GDT_Tables_Q2'26_EN.xlsx,/mnt/d/Projects/GoldRush/docs/phase2-ingestion/data/wgc/manifests/gdt-20260820T221513Z.json,2026-08-20T22:15:13.139564+00:00,2026-08-07,2026-08-20,PASS,STALE,0.2.0
L9-004,Q2'21,quarterly,2021-06-30,net_bullion_imports_tonnes,131.73696,metric_tonnes,India net bullion imports,GDT_Tables_Q2'26_EN.xlsx,/mnt/d/Projects/GoldRush/docs/phase2-ingestion/data/wgc/raw/gdt/GDT_Tables_Q2'26_EN.xlsx,/mnt/d/Projects/GoldRush/docs/phase2-ingestion/data/wgc/manifests/gdt-20260820T221513Z.json,2026-08-20T22:15:13.139564+00:00,2026-08-07,2026-08-20,PASS,STALE,0.2.0
L9-004,Q3'21,quarterly,2021-09-30,bar_and_coin_demand_tonnes,42.91343401,metric_tonnes,India bar-and-coin demand,GDT_Tables_Q2'26_EN.xlsx,/mnt/d/Projects/GoldRush/docs/phase2-ingestion/data/wgc/raw/gdt/GDT_Tables_Q2'26_EN.xlsx,/mnt/d/Projects/GoldRush/docs/phase2-ingestion/data/wgc/manifests/gdt-20260820T221513Z.json,2026-08-20T22:15:13.139564+00:00,2026-08-07,2026-08-20,PASS,STALE,0.2.0
L9-004,Q3'21,quarterly,2021-09-30,gross_bullion_imports_tonnes,279.3240625,metric_tonnes,India gross bullion imports,GDT_Tables_Q2'26_EN.xlsx,/mnt/d/Projects/GoldRush/docs/phase2-ingestion/data/wgc/raw/gdt/GDT_Tables_Q2'26_EN.xlsx,/mnt/d/Projects/GoldRush/docs/phase2-ingestion/data/wgc/manifests/gdt-20260820T221513Z.json,2026-08-20T22:15:13.139564+00:00,2026-08-07,2026-08-20,PASS,STALE,0.2.0
L9-004,Q3'21,quarterly,2021-09-30,jewellery_demand_tonnes,125.08794362,metric_tonnes,India jewellery demand,GDT_Tables_Q2'26_EN.xlsx,/mnt/d/Projects/GoldRush/docs/phase2-ingestion/data/wgc/raw/gdt/GDT_Tables_Q2'26_EN.xlsx,/mnt/d/Projects/GoldRush/docs/phase2-ingestion/data/wgc/manifests/gdt-20260820T221513Z.json,2026-08-20T22:15:13.139564+00:00,2026-08-07,2026-08-20,PASS,STALE,0.2.0
L9-004,Q3'21,quarterly,2021-09-30,net_bullion_imports_tonnes,263.5740625,metric_tonnes,India net bullion imports,GDT_Tables_Q2'26_EN.xlsx,/mnt/d/Projects/GoldRush/docs/phase2-ingestion/data/wgc/raw/gdt/GDT_Tables_Q2'26_EN.xlsx,/mnt/d/Projects/GoldRush/docs/phase2-ingestion/data/wgc/manifests/gdt-20260820T221513Z.json,2026-08-20T22:15:13.139564+00:00,2026-08-07,2026-08-20,PASS,STALE,0.2.0
L9-004,2021,annual,2021-12-31,bar_and_coin_demand_tonnes,186.47771943,metric_tonnes,India bar-and-coin demand,GDT_Tables_Q2'26_EN.xlsx,/mnt/d/Projects/GoldRush/docs/phase2-ingestion/data/wgc/raw/gdt/GDT_Tables_Q2'26_EN.xlsx,/mnt/d/Projects/GoldRush/docs/phase2-ingestion/data/wgc/manifests/gdt-20260820T221513Z.json,2026-08-20T22:15:13.139564+00:00,2026-08-07,2026-08-20,PASS,STALE,0.2.0
L9-004,Q4'21,quarterly,2021-12-31,bar_and_coin_demand_tonnes,78.89317982,metric_tonnes,India bar-and-coin demand,GDT_Tables_Q2'26_EN.xlsx,/mnt/d/Projects/GoldRush/docs/phase2-ingestion/data/wgc/raw/gdt/GDT_Tables_Q2'26_EN.xlsx,/mnt/d/Projects/GoldRush/docs/phase2-ingestion/data/wgc/manifests/gdt-20260820T221513Z.json,2026-08-20T22:15:13.139564+00:00,2026-08-07,2026-08-20,PASS,STALE,0.2.0
L9-004,2021,annual,2021-12-31,gross_bullion_imports_tonnes,993.9688225,metric_tonnes,India gross bullion imports,GDT_Tables_Q2'26_EN.xlsx,/mnt/d/Projects/GoldRush/docs/phase2-ingestion/data/wgc/raw/gdt/GDT_Tables_Q2'26_EN.xlsx,/mnt/d/Projects/GoldRush/docs/phase2-ingestion/data/wgc/manifests/gdt-20260820T221513Z.json,2026-08-20T22:15:13.139564+00:00,2026-08-07,2026-08-20,PASS,STALE,0.2.0
L9-004,Q4'21,quarterly,2021-12-31,gross_bullion_imports_tonnes,247.90699999999998,metric_tonnes,India gross bullion imports,GDT_Tables_Q2'26_EN.xlsx,/mnt/d/Projects/GoldRush/docs/phase2-ingestion/data/wgc/raw/gdt/GDT_Tables_Q2'26_EN.xlsx,/mnt/d/Projects/GoldRush/docs/phase2-ingestion/data/wgc/manifests/gdt-20260820T221513Z.json,2026-08-20T22:15:13.139564+00:00,2026-08-07,2026-08-20,PASS,STALE,0.2.0
L9-004,2021,annual,2021-12-31,jewellery_demand_tonnes,610.86486872,metric_tonnes,India jewellery demand,GDT_Tables_Q2'26_EN.xlsx,/mnt/d/Projects/GoldRush/docs/phase2-ingestion/data/wgc/raw/gdt/GDT_Tables_Q2'26_EN.xlsx,/mnt/d/Projects/GoldRush/docs/phase2-ingestion/data/wgc/manifests/gdt-20260820T221513Z.json,2026-08-20T22:15:13.139564+00:00,2026-08-07,2026-08-20,PASS,STALE,0.2.0
L9-004,Q4'21,quarterly,2021-12-31,jewellery_demand_tonnes,264.98904107,metric_tonnes,India jewellery demand,GDT_Tables_Q2'26_EN.xlsx,/mnt/d/Projects/GoldRush/docs/phase2-ingestion/data/wgc/raw/gdt/GDT_Tables_Q2'26_EN.xlsx,/mnt/d/Projects/GoldRush/docs/phase2-ingestion/data/wgc/manifests/gdt-20260820T221513Z.json,2026-08-20T22:15:13.139564+00:00,2026-08-07,2026-08-20,PASS,STALE,0.2.0
L9-004,2021,annual,2021-12-31,net_bullion_imports_tonnes,915.1188225000001,metric_tonnes,India net bullion imports,GDT_Tables_Q2'26_EN.xlsx,/mnt/d/Projects/GoldRush/docs/phase2-ingestion/data/wgc/raw/gdt/GDT_Tables_Q2'26_EN.xlsx,/mnt/d/Projects/GoldRush/docs/phase2-ingestion/data/wgc/manifests/gdt-20260820T221513Z.json,2026-08-20T22:15:13.139564+00:00,2026-08-07,2026-08-20,PASS,STALE,0.2.0
L9-004,Q4'21,quarterly,2021-12-31,net_bullion_imports_tonnes,205.807,metric_tonnes,India net bullion imports,GDT_Tables_Q2'26_EN.xlsx,/mnt/d/Projects/GoldRush/docs/phase2-ingestion/data/wgc/raw/gdt/GDT_Tables_Q2'26_EN.xlsx,/mnt/d/Projects/GoldRush/docs/phase2-ingestion/data/wgc/manifests/gdt-20260820T221513Z.json,2026-08-20T22:15:13.139564+00:00,2026-08-07,2026-08-20,PASS,STALE,0.2.0
L9-004,Q1'22,quarterly,2022-03-31,bar_and_coin_demand_tonnes,41.26333384,metric_tonnes,India bar-and-coin demand,GDT_Tables_Q2'26_EN.xlsx,/mnt/d/Projects/GoldRush/docs/phase2-ingestion/data/wgc/raw/gdt/GDT_Tables_Q2'26_EN.xlsx,/mnt/d/Projects/GoldRush/docs/phase2-ingestion/data/wgc/manifests/gdt-20260820T221513Z.json,2026-08-20T22:15:13.139564+00:00,2026-08-07,2026-08-20,PASS,STALE,0.2.0
L9-004,Q1'22,quarterly,2022-03-31,gross_bullion_imports_tonnes,148.08676,metric_tonnes,India gross bullion imports,GDT_Tables_Q2'26_EN.xlsx,/mnt/d/Projects/GoldRush/docs/phase2-ingestion/data/wgc/raw/gdt/GDT_Tables_Q2'26_EN.xlsx,/mnt/d/Projects/GoldRush/docs/phase2-ingestion/data/wgc/manifests/gdt-20260820T221513Z.json,2026-08-20T22:15:13.139564+00:00,2026-08-07,2026-08-20,PASS,STALE,0.2.0
L9-004,Q1'22,quarterly,2022-03-31,jewellery_demand_tonnes,94.19622134,metric_tonnes,India jewellery demand,GDT_Tables_Q2'26_EN.xlsx,/mnt/d/Projects/GoldRush/docs/phase2-ingestion/data/wgc/raw/gdt/GDT_Tables_Q2'26_EN.xlsx,/mnt/d/Projects/GoldRush/docs/phase2-ingestion/data/wgc/manifests/gdt-20260820T221513Z.json,2026-08-20T22:15:13.139564+00:00,2026-08-07,2026-08-20,PASS,STALE,0.2.0
L9-004,Q1'22,quarterly,2022-03-31,net_bullion_imports_tonnes,133.08676,metric_tonnes,India net bullion imports,GDT_Tables_Q2'26_EN.xlsx,/mnt/d/Projects/GoldRush/docs/phase2-ingestion/data/wgc/raw/gdt/GDT_Tables_Q2'26_EN.xlsx,/mnt/d/Projects/GoldRush/docs/phase2-ingestion/data/wgc/manifests/gdt-20260820T221513Z.json,2026-08-20T22:15:13.139564+00:00,2026-08-07,2026-08-20,PASS,STALE,0.2.0
L9-004,Q2'22,quarterly,2022-06-30,bar_and_coin_demand_tonnes,30.44723091,metric_tonnes,India bar-and-coin demand,GDT_Tables_Q2'26_EN.xlsx,/mnt/d/Projects/GoldRush/docs/phase2-ingestion/data/wgc/raw/gdt/GDT_Tables_Q2'26_EN.xlsx,/mnt/d/Projects/GoldRush/docs/phase2-ingestion/data/wgc/manifests/gdt-20260820T221513Z.json,2026-08-20T22:15:13.139564+00:00,2026-08-07,2026-08-20,PASS,STALE,0.2.0
L9-004,Q2'22,quarterly,2022-06-30,gross_bullion_imports_tonnes,190.50165875223996,metric_tonnes,India gross bullion imports,GDT_Tables_Q2'26_EN.xlsx,/mnt/d/Projects/GoldRush/docs/phase2-ingestion/data/wgc/raw/gdt/GDT_Tables_Q2'26_EN.xlsx,/mnt/d/Projects/GoldRush/docs/phase2-ingestion/data/wgc/manifests/gdt-20260820T221513Z.json,2026-08-20T22:15:13.139564+00:00,2026-08-07,2026-08-20,PASS,STALE,0.2.0
L9-004,Q2'22,quarterly,2022-06-30,jewellery_demand_tonnes,140.28577901,metric_tonnes,India jewellery demand,GDT_Tables_Q2'26_EN.xlsx,/mnt/d/Projects/GoldRush/docs/phase2-ingestion/data/wgc/raw/gdt/GDT_Tables_Q2'26_EN.xlsx,/mnt/d/Projects/GoldRush/docs/phase2-ingestion/data/wgc/manifests/gdt-20260820T221513Z.json,2026-08-20T22:15:13.139564+00:00,2026-08-07,2026-08-20,PASS,STALE,0.2.0
L9-004,Q2'22,quarterly,2022-06-30,net_bullion_imports_tonnes,180.30165875223997,metric_tonnes,India net bullion imports,GDT_Tables_Q2'26_EN.xlsx,/mnt/d/Projects/GoldRush/docs/phase2-ingestion/data/wgc/raw/gdt/GDT_Tables_Q2'26_EN.xlsx,/mnt/d/Projects/GoldRush/docs/phase2-ingestion/data/wgc/manifests/gdt-20260820T221513Z.json,2026-08-20T22:15:13.139564+00:00,2026-08-07,2026-08-20,PASS,STALE,0.2.0
L9-004,Q3'22,quarterly,2022-09-30,bar_and_coin_demand_tonnes,45.42607377,metric_tonnes,India bar-and-coin demand,GDT_Tables_Q2'26_EN.xlsx,/mnt/d/Projects/GoldRush/docs/phase2-ingestion/data/wgc/raw/gdt/GDT_Tables_Q2'26_EN.xlsx,/mnt/d/Projects/GoldRush/docs/phase2-ingestion/data/wgc/manifests/gdt-20260820T221513Z.json,2026-08-20T22:15:13.139564+00:00,2026-08-07,2026-08-20,PASS,STALE,0.2.0
L9-004,Q3'22,quarterly,2022-09-30,gross_bullion_imports_tonnes,202.33610702,metric_tonnes,India gross bullion imports,GDT_Tables_Q2'26_EN.xlsx,/mnt/d/Projects/GoldRush/docs/phase2-ingestion/data/wgc/raw/gdt/GDT_Tables_Q2'26_EN.xlsx,/mnt/d/Projects/GoldRush/docs/phase2-ingestion/data/wgc/manifests/gdt-20260820T221513Z.json,2026-08-20T22:15:13.139564+00:00,2026-08-07,2026-08-20,PASS,STALE,0.2.0
L9-004,Q3'22,quarterly,2022-09-30,jewellery_demand_tonnes,146.22494947,metric_tonnes,India jewellery demand,GDT_Tables_Q2'26_EN.xlsx,/mnt/d/Projects/GoldRush/docs/phase2-ingestion/data/wgc/raw/gdt/GDT_Tables_Q2'26_EN.xlsx,/mnt/d/Projects/GoldRush/docs/phase2-ingestion/data/wgc/manifests/gdt-20260820T221513Z.json,2026-08-20T22:15:13.139564+00:00,2026-08-07,2026-08-20,PASS,STALE,0.2.0
L9-004,Q3'22,quarterly,2022-09-30,net_bullion_imports_tonnes,183.43610701999998,metric_tonnes,India net bullion imports,GDT_Tables_Q2'26_EN.xlsx,/mnt/d/Projects/GoldRush/docs/phase2-ingestion/data/wgc/raw/gdt/GDT_Tables_Q2'26_EN.xlsx,/mnt/d/Projects/GoldRush/docs/phase2-ingestion/data/wgc/manifests/gdt-20260820T221513Z.json,2026-08-20T22:15:13.139564+00:00,2026-08-07,2026-08-20,PASS,STALE,0.2.0
L9-004,2022,annual,2022-12-31,bar_and_coin_demand_tonnes,173.55800748,metric_tonnes,India bar-and-coin demand,GDT_Tables_Q2'26_EN.xlsx,/mnt/d/Projects/GoldRush/docs/phase2-ingestion/data/wgc/raw/gdt/GDT_Tables_Q2'26_EN.xlsx,/mnt/d/Projects/GoldRush/docs/phase2-ingestion/data/wgc/manifests/gdt-20260820T221513Z.json,2026-08-20T22:15:13.139564+00:00,2026-08-07,2026-08-20,PASS,STALE,0.2.0
L9-004,Q4'22,quarterly,2022-12-31,bar_and_coin_demand_tonnes,56.42136896,metric_tonnes,India bar-and-coin demand,GDT_Tables_Q2'26_EN.xlsx,/mnt/d/Projects/GoldRush/docs/phase2-ingestion/data/wgc/raw/gdt/GDT_Tables_Q2'26_EN.xlsx,/mnt/d/Projects/GoldRush/docs/phase2-ingestion/data/wgc/manifests/gdt-20260820T221513Z.json,2026-08-20T22:15:13.139564+00:00,2026-08-07,2026-08-20,PASS,STALE,0.2.0
L9-004,2022,annual,2022-12-31,gross_bullion_imports_tonnes,739.3582714022399,metric_tonnes,India gross bullion imports,GDT_Tables_Q2'26_EN.xlsx,/mnt/d/Projects/GoldRush/docs/phase2-ingestion/data/wgc/raw/gdt/GDT_Tables_Q2'26_EN.xlsx,/mnt/d/Projects/GoldRush/docs/phase2-ingestion/data/wgc/manifests/gdt-20260820T221513Z.json,2026-08-20T22:15:13.139564+00:00,2026-08-07,2026-08-20,PASS,STALE,0.2.0
L9-004,Q4'22,quarterly,2022-12-31,gross_bullion_imports_tonnes,198.43374563,metric_tonnes,India gross bullion imports,GDT_Tables_Q2'26_EN.xlsx,/mnt/d/Projects/GoldRush/docs/phase2-ingestion/data/wgc/raw/gdt/GDT_Tables_Q2'26_EN.xlsx,/mnt/d/Projects/GoldRush/docs/phase2-ingestion/data/wgc/manifests/gdt-20260820T221513Z.json,2026-08-20T22:15:13.139564+00:00,2026-08-07,2026-08-20,PASS,STALE,0.2.0
L9-004,2022,annual,2022-12-31,jewellery_demand_tonnes,600.56520946,metric_tonnes,India jewellery demand,GDT_Tables_Q2'26_EN.xlsx,/mnt/d/Projects/GoldRush/docs/phase2-ingestion/data/wgc/raw/gdt/GDT_Tables_Q2'26_EN.xlsx,/mnt/d/Projects/GoldRush/docs/phase2-ingestion/data/wgc/manifests/gdt-20260820T221513Z.json,2026-08-20T22:15:13.139564+00:00,2026-08-07,2026-08-20,PASS,STALE,0.2.0
L9-004,Q4'22,quarterly,2022-12-31,jewellery_demand_tonnes,219.85825964,metric_tonnes,India jewellery demand,GDT_Tables_Q2'26_EN.xlsx,/mnt/d/Projects/GoldRush/docs/phase2-ingestion/data/wgc/raw/gdt/GDT_Tables_Q2'26_EN.xlsx,/mnt/d/Projects/GoldRush/docs/phase2-ingestion/data/wgc/manifests/gdt-20260820T221513Z.json,2026-08-20T22:15:13.139564+00:00,2026-08-07,2026-08-20,PASS,STALE,0.2.0
L9-004,2022,annual,2022-12-31,net_bullion_imports_tonnes,651.05327140224,metric_tonnes,India net bullion imports,GDT_Tables_Q2'26_EN.xlsx,/mnt/d/Projects/GoldRush/docs/phase2-ingestion/data/wgc/raw/gdt/GDT_Tables_Q2'26_EN.xlsx,/mnt/d/Projects/GoldRush/docs/phase2-ingestion/data/wgc/manifests/gdt-20260820T221513Z.json,2026-08-20T22:15:13.139564+00:00,2026-08-07,2026-08-20,PASS,STALE,0.2.0
L9-004,Q4'22,quarterly,2022-12-31,net_bullion_imports_tonnes,154.22874563,metric_tonnes,India net bullion imports,GDT_Tables_Q2'26_EN.xlsx,/mnt/d/Projects/GoldRush/docs/phase2-ingestion/data/wgc/raw/gdt/GDT_Tables_Q2'26_EN.xlsx,/mnt/d/Projects/GoldRush/docs/phase2-ingestion/data/wgc/manifests/gdt-20260820T221513Z.json,2026-08-20T22:15:13.139564+00:00,2026-08-07,2026-08-20,PASS,STALE,0.2.0
L9-004,Q1'23,quarterly,2023-03-31,bar_and_coin_demand_tonnes,34.44605819,metric_tonnes,India bar-and-coin demand,GDT_Tables_Q2'26_EN.xlsx,/mnt/d/Projects/GoldRush/docs/phase2-ingestion/data/wgc/raw/gdt/GDT_Tables_Q2'26_EN.xlsx,/mnt/d/Projects/GoldRush/docs/phase2-ingestion/data/wgc/manifests/gdt-20260820T221513Z.json,2026-08-20T22:15:13.139564+00:00,2026-08-07,2026-08-20,PASS,STALE,0.2.0
L9-004,Q1'23,quarterly,2023-03-31,gross_bullion_imports_tonnes,163.83611882,metric_tonnes,India gross bullion imports,GDT_Tables_Q2'26_EN.xlsx,/mnt/d/Projects/GoldRush/docs/phase2-ingestion/data/wgc/raw/gdt/GDT_Tables_Q2'26_EN.xlsx,/mnt/d/Projects/GoldRush/docs/phase2-ingestion/data/wgc/manifests/gdt-20260820T221513Z.json,2026-08-20T22:15:13.139564+00:00,2026-08-07,2026-08-20,PASS,STALE,0.2.0
L9-004,Q1'23,quarterly,2023-03-31,jewellery_demand_tonnes,91.8796978,metric_tonnes,India jewellery demand,GDT_Tables_Q2'26_EN.xlsx,/mnt/d/Projects/GoldRush/docs/phase2-ingestion/data/wgc/raw/gdt/GDT_Tables_Q2'26_EN.xlsx,/mnt/d/Projects/GoldRush/docs/phase2-ingestion/data/wgc/manifests/gdt-20260820T221513Z.json,2026-08-20T22:15:13.139564+00:00,2026-08-07,2026-08-20,PASS,STALE,0.2.0
L9-004,Q1'23,quarterly,2023-03-31,net_bullion_imports_tonnes,145.08611882,metric_tonnes,India net bullion imports,GDT_Tables_Q2'26_EN.xlsx,/mnt/d/Projects/GoldRush/docs/phase2-ingestion/data/wgc/raw/gdt/GDT_Tables_Q2'26_EN.xlsx,/mnt/d/Projects/GoldRush/docs/phase2-ingestion/data/wgc/manifests/gdt-20260820T221513Z.json,2026-08-20T22:15:13.139564+00:00,2026-08-07,2026-08-20,PASS,STALE,0.2.0
L9-004,Q2'23,quarterly,2023-06-30,bar_and_coin_demand_tonnes,29.53381398,metric_tonnes,India bar-and-coin demand,GDT_Tables_Q2'26_EN.xlsx,/mnt/d/Projects/GoldRush/docs/phase2-ingestion/data/wgc/raw/gdt/GDT_Tables_Q2'26_EN.xlsx,/mnt/d/Projects/GoldRush/docs/phase2-ingestion/data/wgc/manifests/gdt-20260820T221513Z.json,2026-08-20T22:15:13.139564+00:00,2026-08-07,2026-08-20,PASS,STALE,0.2.0
L9-004,Q2'23,quarterly,2023-06-30,gross_bullion_imports_tonnes,188.6605075,metric_tonnes,India gross bullion imports,GDT_Tables_Q2'26_EN.xlsx,/mnt/d/Projects/GoldRush/docs/phase2-ingestion/data/wgc/raw/gdt/GDT_Tables_Q2'26_EN.xlsx,/mnt/d/Projects/GoldRush/docs/phase2-ingestion/data/wgc/manifests/gdt-20260820T221513Z.json,2026-08-20T22:15:13.139564+00:00,2026-08-07,2026-08-20,PASS,STALE,0.2.0
L9-004,Q2'23,quarterly,2023-06-30,jewellery_demand_tonnes,128.60125752,metric_tonnes,India jewellery demand,GDT_Tables_Q2'26_EN.xlsx,/mnt/d/Projects/GoldRush/docs/phase2-ingestion/data/wgc/raw/gdt/GDT_Tables_Q2'26_EN.xlsx,/mnt/d/Projects/GoldRush/docs/phase2-ingestion/data/wgc/manifests/gdt-20260820T221513Z.json,2026-08-20T22:15:13.139564+00:00,2026-08-07,2026-08-20,PASS,STALE,0.2.0
L9-004,Q2'23,quarterly,2023-06-30,net_bullion_imports_tonnes,182.6605075,metric_tonnes,India net bullion imports,GDT_Tables_Q2'26_EN.xlsx,/mnt/d/Projects/GoldRush/docs/phase2-ingestion/data/wgc/raw/gdt/GDT_Tables_Q2'26_EN.xlsx,/mnt/d/Projects/GoldRush/docs/phase2-ingestion/data/wgc/manifests/gdt-20260820T221513Z.json,2026-08-20T22:15:13.139564+00:00,2026-08-07,2026-08-20,PASS,STALE,0.2.0
L9-004,Q3'23,quarterly,2023-09-30,bar_and_coin_demand_tonnes,54.51128852,metric_tonnes,India bar-and-coin demand,GDT_Tables_Q2'26_EN.xlsx,/mnt/d/Projects/GoldRush/docs/phase2-ingestion/data/wgc/raw/gdt/GDT_Tables_Q2'26_EN.xlsx,/mnt/d/Projects/GoldRush/docs/phase2-ingestion/data/wgc/manifests/gdt-20260820T221513Z.json,2026-08-20T22:15:13.139564+00:00,2026-08-07,2026-08-20,PASS,STALE,0.2.0
L9-004,Q3'23,quarterly,2023-09-30,gross_bullion_imports_tonnes,203.1401875,metric_tonnes,India gross bullion imports,GDT_Tables_Q2'26_EN.xlsx,/mnt/d/Projects/GoldRush/docs/phase2-ingestion/data/wgc/raw/gdt/GDT_Tables_Q2'26_EN.xlsx,/mnt/d/Projects/GoldRush/docs/phase2-ingestion/data/wgc/manifests/gdt-20260820T221513Z.json,2026-08-20T22:15:13.139564+00:00,2026-08-07,2026-08-20,PASS,STALE,0.2.0
L9-004,Q3'23,quarterly,2023-09-30,jewellery_demand_tonnes,155.73265412,metric_tonnes,India jewellery demand,GDT_Tables_Q2'26_EN.xlsx,/mnt/d/Projects/GoldRush/docs/phase2-ingestion/data/wgc/raw/gdt/GDT_Tables_Q2'26_EN.xlsx,/mnt/d/Projects/GoldRush/docs/phase2-ingestion/data/wgc/manifests/gdt-20260820T221513Z.json,2026-08-20T22:15:13.139564+00:00,2026-08-07,2026-08-20,PASS,STALE,0.2.0
L9-004,Q3'23,quarterly,2023-09-30,net_bullion_imports_tonnes,192.7451875,metric_tonnes,India net bullion imports,GDT_Tables_Q2'26_EN.xlsx,/mnt/d/Projects/GoldRush/docs/phase2-ingestion/data/wgc/raw/gdt/GDT_Tables_Q2'26_EN.xlsx,/mnt/d/Projects/GoldRush/docs/phase2-ingestion/data/wgc/manifests/gdt-20260820T221513Z.json,2026-08-20T22:15:13.139564+00:00,2026-08-07,2026-08-20,PASS,STALE,0.2.0
L9-004,2023,annual,2023-12-31,bar_and_coin_demand_tonnes,185.16994963,metric_tonnes,India bar-and-coin demand,GDT_Tables_Q2'26_EN.xlsx,/mnt/d/Projects/GoldRush/docs/phase2-ingestion/data/wgc/raw/gdt/GDT_Tables_Q2'26_EN.xlsx,/mnt/d/Projects/GoldRush/docs/phase2-ingestion/data/wgc/manifests/gdt-20260820T221513Z.json,2026-08-20T22:15:13.139564+00:00,2026-08-07,2026-08-20,PASS,STALE,0.2.0
L9-004,Q4'23,quarterly,2023-12-31,bar_and_coin_demand_tonnes,66.67878894,metric_tonnes,India bar-and-coin demand,GDT_Tables_Q2'26_EN.xlsx,/mnt/d/Projects/GoldRush/docs/phase2-ingestion/data/wgc/raw/gdt/GDT_Tables_Q2'26_EN.xlsx,/mnt/d/Projects/GoldRush/docs/phase2-ingestion/data/wgc/manifests/gdt-20260820T221513Z.json,2026-08-20T22:15:13.139564+00:00,2026-08-07,2026-08-20,PASS,STALE,0.2.0
L9-004,2023,annual,2023-12-31,gross_bullion_imports_tonnes,806.1697438200001,metric_tonnes,India gross bullion imports,GDT_Tables_Q2'26_EN.xlsx,/mnt/d/Projects/GoldRush/docs/phase2-ingestion/data/wgc/raw/gdt/GDT_Tables_Q2'26_EN.xlsx,/mnt/d/Projects/GoldRush/docs/phase2-ingestion/data/wgc/manifests/gdt-20260820T221513Z.json,2026-08-20T22:15:13.139564+00:00,2026-08-07,2026-08-20,PASS,STALE,0.2.0
L9-004,Q4'23,quarterly,2023-12-31,gross_bullion_imports_tonnes,250.53293000000002,metric_tonnes,India gross bullion imports,GDT_Tables_Q2'26_EN.xlsx,/mnt/d/Projects/GoldRush/docs/phase2-ingestion/data/wgc/raw/gdt/GDT_Tables_Q2'26_EN.xlsx,/mnt/d/Projects/GoldRush/docs/phase2-ingestion/data/wgc/manifests/gdt-20260820T221513Z.json,2026-08-20T22:15:13.139564+00:00,2026-08-07,2026-08-20,PASS,STALE,0.2.0
L9-004,2023,annual,2023-12-31,jewellery_demand_tonnes,575.78271036,metric_tonnes,India jewellery demand,GDT_Tables_Q2'26_EN.xlsx,/mnt/d/Projects/GoldRush/docs/phase2-ingestion/data/wgc/raw/gdt/GDT_Tables_Q2'26_EN.xlsx,/mnt/d/Projects/GoldRush/docs/phase2-ingestion/data/wgc/manifests/gdt-20260820T221513Z.json,2026-08-20T22:15:13.139564+00:00,2026-08-07,2026-08-20,PASS,STALE,0.2.0
L9-004,Q4'23,quarterly,2023-12-31,jewellery_demand_tonnes,199.56910092,metric_tonnes,India jewellery demand,GDT_Tables_Q2'26_EN.xlsx,/mnt/d/Projects/GoldRush/docs/phase2-ingestion/data/wgc/raw/gdt/GDT_Tables_Q2'26_EN.xlsx,/mnt/d/Projects/GoldRush/docs/phase2-ingestion/data/wgc/manifests/gdt-20260820T221513Z.json,2026-08-20T22:15:13.139564+00:00,2026-08-07,2026-08-20,PASS,STALE,0.2.0
L9-004,2023,annual,2023-12-31,net_bullion_imports_tonnes,746.7119938200001,metric_tonnes,India net bullion imports,GDT_Tables_Q2'26_EN.xlsx,/mnt/d/Projects/GoldRush/docs/phase2-ingestion/data/wgc/raw/gdt/GDT_Tables_Q2'26_EN.xlsx,/mnt/d/Projects/GoldRush/docs/phase2-ingestion/data/wgc/manifests/gdt-20260820T221513Z.json,2026-08-20T22:15:13.139564+00:00,2026-08-07,2026-08-20,PASS,STALE,0.2.0
L9-004,Q4'23,quarterly,2023-12-31,net_bullion_imports_tonnes,226.22018000000003,metric_tonnes,India net bullion imports,GDT_Tables_Q2'26_EN.xlsx,/mnt/d/Projects/GoldRush/docs/phase2-ingestion/data/wgc/raw/gdt/GDT_Tables_Q2'26_EN.xlsx,/mnt/d/Projects/GoldRush/docs/phase2-ingestion/data/wgc/manifests/gdt-20260820T221513Z.json,2026-08-20T22:15:13.139564+00:00,2026-08-07,2026-08-20,PASS,STALE,0.2.0
L9-004,Q1'24,quarterly,2024-03-31,bar_and_coin_demand_tonnes,43.5597932,metric_tonnes,India bar-and-coin demand,GDT_Tables_Q2'26_EN.xlsx,/mnt/d/Projects/GoldRush/docs/phase2-ingestion/data/wgc/raw/gdt/GDT_Tables_Q2'26_EN.xlsx,/mnt/d/Projects/GoldRush/docs/phase2-ingestion/data/wgc/manifests/gdt-20260820T221513Z.json,2026-08-20T22:15:13.139564+00:00,2026-08-07,2026-08-20,PASS,STALE,0.2.0
L9-004,Q1'24,quarterly,2024-03-31,gross_bullion_imports_tonnes,170.55038226899998,metric_tonnes,India gross bullion imports,GDT_Tables_Q2'26_EN.xlsx,/mnt/d/Projects/GoldRush/docs/phase2-ingestion/data/wgc/raw/gdt/GDT_Tables_Q2'26_EN.xlsx,/mnt/d/Projects/GoldRush/docs/phase2-ingestion/data/wgc/manifests/gdt-20260820T221513Z.json,2026-08-20T22:15:13.139564+00:00,2026-08-07,2026-08-20,PASS,STALE,0.2.0
L9-004,Q1'24,quarterly,2024-03-31,jewellery_demand_tonnes,95.48471285,metric_tonnes,India jewellery demand,GDT_Tables_Q2'26_EN.xlsx,/mnt/d/Projects/GoldRush/docs/phase2-ingestion/data/wgc/raw/gdt/GDT_Tables_Q2'26_EN.xlsx,/mnt/d/Projects/GoldRush/docs/phase2-ingestion/data/wgc/manifests/gdt-20260820T221513Z.json,2026-08-20T22:15:13.139564+00:00,2026-08-07,2026-08-20,PASS,STALE,0.2.0
L9-004,Q1'24,quarterly,2024-03-31,net_bullion_imports_tonnes,155.55038226899998,metric_tonnes,India net bullion imports,GDT_Tables_Q2'26_EN.xlsx,/mnt/d/Projects/GoldRush/docs/phase2-ingestion/data/wgc/raw/gdt/GDT_Tables_Q2'26_EN.xlsx,/mnt/d/Projects/GoldRush/docs/phase2-ingestion/data/wgc/manifests/gdt-20260820T221513Z.json,2026-08-20T22:15:13.139564+00:00,2026-08-07,2026-08-20,PASS,STALE,0.2.0
L9-004,Q2'24,quarterly,2024-06-30,bar_and_coin_demand_tonnes,43.1372006,metric_tonnes,India bar-and-coin demand,GDT_Tables_Q2'26_EN.xlsx,/mnt/d/Projects/GoldRush/docs/phase2-ingestion/data/wgc/raw/gdt/GDT_Tables_Q2'26_EN.xlsx,/mnt/d/Projects/GoldRush/docs/phase2-ingestion/data/wgc/manifests/gdt-20260820T221513Z.json,2026-08-20T22:15:13.139564+00:00,2026-08-07,2026-08-20,PASS,STALE,0.2.0
L9-004,Q2'24,quarterly,2024-06-30,gross_bullion_imports_tonnes,160.75719536,metric_tonnes,India gross bullion imports,GDT_Tables_Q2'26_EN.xlsx,/mnt/d/Projects/GoldRush/docs/phase2-ingestion/data/wgc/raw/gdt/GDT_Tables_Q2'26_EN.xlsx,/mnt/d/Projects/GoldRush/docs/phase2-ingestion/data/wgc/manifests/gdt-20260820T221513Z.json,2026-08-20T22:15:13.139564+00:00,2026-08-07,2026-08-20,PASS,STALE,0.2.0
L9-004,Q2'24,quarterly,2024-06-30,jewellery_demand_tonnes,106.54931913,metric_tonnes,India jewellery demand,GDT_Tables_Q2'26_EN.xlsx,/mnt/d/Projects/GoldRush/docs/phase2-ingestion/data/wgc/raw/gdt/GDT_Tables_Q2'26_EN.xlsx,/mnt/d/Projects/GoldRush/docs/phase2-ingestion/data/wgc/manifests/gdt-20260820T221513Z.json,2026-08-20T22:15:13.139564+00:00,2026-08-07,2026-08-20,PASS,STALE,0.2.0
L9-004,Q2'24,quarterly,2024-06-30,net_bullion_imports_tonnes,155.35719536,metric_tonnes,India net bullion imports,GDT_Tables_Q2'26_EN.xlsx,/mnt/d/Projects/GoldRush/docs/phase2-ingestion/data/wgc/raw/gdt/GDT_Tables_Q2'26_EN.xlsx,/mnt/d/Projects/GoldRush/docs/phase2-ingestion/data/wgc/manifests/gdt-20260820T221513Z.json,2026-08-20T22:15:13.139564+00:00,2026-08-07,2026-08-20,PASS,STALE,0.2.0
L9-004,Q3'24,quarterly,2024-09-30,bar_and_coin_demand_tonnes,76.68543343,metric_tonnes,India bar-and-coin demand,GDT_Tables_Q2'26_EN.xlsx,/mnt/d/Projects/GoldRush/docs/phase2-ingestion/data/wgc/raw/gdt/GDT_Tables_Q2'26_EN.xlsx,/mnt/d/Projects/GoldRush/docs/phase2-ingestion/data/wgc/manifests/gdt-20260820T221513Z.json,2026-08-20T22:15:13.139564+00:00,2026-08-07,2026-08-20,PASS,STALE,0.2.0
L9-004,Q3'24,quarterly,2024-09-30,gross_bullion_imports_tonnes,267.62403655,metric_tonnes,India gross bullion imports,GDT_Tables_Q2'26_EN.xlsx,/mnt/d/Projects/GoldRush/docs/phase2-ingestion/data/wgc/raw/gdt/GDT_Tables_Q2'26_EN.xlsx,/mnt/d/Projects/GoldRush/docs/phase2-ingestion/data/wgc/manifests/gdt-20260820T221513Z.json,2026-08-20T22:15:13.139564+00:00,2026-08-07,2026-08-20,PASS,STALE,0.2.0
L9-004,Q3'24,quarterly,2024-09-30,jewellery_demand_tonnes,171.58233803,metric_tonnes,India jewellery demand,GDT_Tables_Q2'26_EN.xlsx,/mnt/d/Projects/GoldRush/docs/phase2-ingestion/data/wgc/raw/gdt/GDT_Tables_Q2'26_EN.xlsx,/mnt/d/Projects/GoldRush/docs/phase2-ingestion/data/wgc/manifests/gdt-20260820T221513Z.json,2026-08-20T22:15:13.139564+00:00,2026-08-07,2026-08-20,PASS,STALE,0.2.0
L9-004,Q3'24,quarterly,2024-09-30,net_bullion_imports_tonnes,263.46603655,metric_tonnes,India net bullion imports,GDT_Tables_Q2'26_EN.xlsx,/mnt/d/Projects/GoldRush/docs/phase2-ingestion/data/wgc/raw/gdt/GDT_Tables_Q2'26_EN.xlsx,/mnt/d/Projects/GoldRush/docs/phase2-ingestion/data/wgc/manifests/gdt-20260820T221513Z.json,2026-08-20T22:15:13.139564+00:00,2026-08-07,2026-08-20,PASS,STALE,0.2.0
L9-004,2024,annual,2024-12-31,bar_and_coin_demand_tonnes,239.40833182,metric_tonnes,India bar-and-coin demand,GDT_Tables_Q2'26_EN.xlsx,/mnt/d/Projects/GoldRush/docs/phase2-ingestion/data/wgc/raw/gdt/GDT_Tables_Q2'26_EN.xlsx,/mnt/d/Projects/GoldRush/docs/phase2-ingestion/data/wgc/manifests/gdt-20260820T221513Z.json,2026-08-20T22:15:13.139564+00:00,2026-08-07,2026-08-20,PASS,STALE,0.2.0
L9-004,Q4'24,quarterly,2024-12-31,bar_and_coin_demand_tonnes,76.02590459,metric_tonnes,India bar-and-coin demand,GDT_Tables_Q2'26_EN.xlsx,/mnt/d/Projects/GoldRush/docs/phase2-ingestion/data/wgc/raw/gdt/GDT_Tables_Q2'26_EN.xlsx,/mnt/d/Projects/GoldRush/docs/phase2-ingestion/data/wgc/manifests/gdt-20260820T221513Z.json,2026-08-20T22:15:13.139564+00:00,2026-08-07,2026-08-20,PASS,STALE,0.2.0
L9-004,2024,annual,2024-12-31,gross_bullion_imports_tonnes,830.564190449,metric_tonnes,India gross bullion imports,GDT_Tables_Q2'26_EN.xlsx,/mnt/d/Projects/GoldRush/docs/phase2-ingestion/data/wgc/raw/gdt/GDT_Tables_Q2'26_EN.xlsx,/mnt/d/Projects/GoldRush/docs/phase2-ingestion/data/wgc/manifests/gdt-20260820T221513Z.json,2026-08-20T22:15:13.139564+00:00,2026-08-07,2026-08-20,PASS,STALE,0.2.0
L9-004,Q4'24,quarterly,2024-12-31,gross_bullion_imports_tonnes,231.63257627,metric_tonnes,India gross bullion imports,GDT_Tables_Q2'26_EN.xlsx,/mnt/d/Projects/GoldRush/docs/phase2-ingestion/data/wgc/raw/gdt/GDT_Tables_Q2'26_EN.xlsx,/mnt/d/Projects/GoldRush/docs/phase2-ingestion/data/wgc/manifests/gdt-20260820T221513Z.json,2026-08-20T22:15:13.139564+00:00,2026-08-07,2026-08-20,PASS,STALE,0.2.0
L9-004,2024,annual,2024-12-31,jewellery_demand_tonnes,563.37637295,metric_tonnes,India jewellery demand,GDT_Tables_Q2'26_EN.xlsx,/mnt/d/Projects/GoldRush/docs/phase2-ingestion/data/wgc/raw/gdt/GDT_Tables_Q2'26_EN.xlsx,/mnt/d/Projects/GoldRush/docs/phase2-ingestion/data/wgc/manifests/gdt-20260820T221513Z.json,2026-08-20T22:15:13.139564+00:00,2026-08-07,2026-08-20,PASS,STALE,0.2.0
L9-004,Q4'24,quarterly,2024-12-31,jewellery_demand_tonnes,189.76000294,metric_tonnes,India jewellery demand,GDT_Tables_Q2'26_EN.xlsx,/mnt/d/Projects/GoldRush/docs/phase2-ingestion/data/wgc/raw/gdt/GDT_Tables_Q2'26_EN.xlsx,/mnt/d/Projects/GoldRush/docs/phase2-ingestion/data/wgc/manifests/gdt-20260820T221513Z.json,2026-08-20T22:15:13.139564+00:00,2026-08-07,2026-08-20,PASS,STALE,0.2.0
L9-004,2024,annual,2024-12-31,net_bullion_imports_tonnes,801.706190449,metric_tonnes,India net bullion imports,GDT_Tables_Q2'26_EN.xlsx,/mnt/d/Projects/GoldRush/docs/phase2-ingestion/data/wgc/raw/gdt/GDT_Tables_Q2'26_EN.xlsx,/mnt/d/Projects/GoldRush/docs/phase2-ingestion/data/wgc/manifests/gdt-20260820T221513Z.json,2026-08-20T22:15:13.139564+00:00,2026-08-07,2026-08-20,PASS,STALE,0.2.0
L9-004,Q4'24,quarterly,2024-12-31,net_bullion_imports_tonnes,227.33257626999998,metric_tonnes,India net bullion imports,GDT_Tables_Q2'26_EN.xlsx,/mnt/d/Projects/GoldRush/docs/phase2-ingestion/data/wgc/raw/gdt/GDT_Tables_Q2'26_EN.xlsx,/mnt/d/Projects/GoldRush/docs/phase2-ingestion/data/wgc/manifests/gdt-20260820T221513Z.json,2026-08-20T22:15:13.139564+00:00,2026-08-07,2026-08-20,PASS,STALE,0.2.0
L9-004,Q1'25,quarterly,2025-03-31,bar_and_coin_demand_tonnes,46.65284469,metric_tonnes,India bar-and-coin demand,GDT_Tables_Q2'26_EN.xlsx,/mnt/d/Projects/GoldRush/docs/phase2-ingestion/data/wgc/raw/gdt/GDT_Tables_Q2'26_EN.xlsx,/mnt/d/Projects/GoldRush/docs/phase2-ingestion/data/wgc/manifests/gdt-20260820T221513Z.json,2026-08-20T22:15:13.139564+00:00,2026-08-07,2026-08-20,PASS,STALE,0.2.0
L9-004,Q1'25,quarterly,2025-03-31,gross_bullion_imports_tonnes,177.7618225,metric_tonnes,India gross bullion imports,GDT_Tables_Q2'26_EN.xlsx,/mnt/d/Projects/GoldRush/docs/phase2-ingestion/data/wgc/raw/gdt/GDT_Tables_Q2'26_EN.xlsx,/mnt/d/Projects/GoldRush/docs/phase2-ingestion/data/wgc/manifests/gdt-20260820T221513Z.json,2026-08-20T22:15:13.139564+00:00,2026-08-07,2026-08-20,PASS,STALE,0.2.0
L9-004,Q1'25,quarterly,2025-03-31,jewellery_demand_tonnes,81.61924156,metric_tonnes,India jewellery demand,GDT_Tables_Q2'26_EN.xlsx,/mnt/d/Projects/GoldRush/docs/phase2-ingestion/data/wgc/raw/gdt/GDT_Tables_Q2'26_EN.xlsx,/mnt/d/Projects/GoldRush/docs/phase2-ingestion/data/wgc/manifests/gdt-20260820T221513Z.json,2026-08-20T22:15:13.139564+00:00,2026-08-07,2026-08-20,PASS,STALE,0.2.0
L9-004,Q1'25,quarterly,2025-03-31,net_bullion_imports_tonnes,167.0618225,metric_tonnes,India net bullion imports,GDT_Tables_Q2'26_EN.xlsx,/mnt/d/Projects/GoldRush/docs/phase2-ingestion/data/wgc/raw/gdt/GDT_Tables_Q2'26_EN.xlsx,/mnt/d/Projects/GoldRush/docs/phase2-ingestion/data/wgc/manifests/gdt-20260820T221513Z.json,2026-08-20T22:15:13.139564+00:00,2026-08-07,2026-08-20,PASS,STALE,0.2.0
L9-004,Q2'25,quarterly,2025-06-30,bar_and_coin_demand_tonnes,46.12468456,metric_tonnes,India bar-and-coin demand,GDT_Tables_Q2'26_EN.xlsx,/mnt/d/Projects/GoldRush/docs/phase2-ingestion/data/wgc/raw/gdt/GDT_Tables_Q2'26_EN.xlsx,/mnt/d/Projects/GoldRush/docs/phase2-ingestion/data/wgc/manifests/gdt-20260820T221513Z.json,2026-08-20T22:15:13.139564+00:00,2026-08-07,2026-08-20,PASS,AVAILABLE,0.2.0
L9-004,Q2'25,quarterly,2025-06-30,gross_bullion_imports_tonnes,128.65824375,metric_tonnes,India gross bullion imports,GDT_Tables_Q2'26_EN.xlsx,/mnt/d/Projects/GoldRush/docs/phase2-ingestion/data/wgc/raw/gdt/GDT_Tables_Q2'26_EN.xlsx,/mnt/d/Projects/GoldRush/docs/phase2-ingestion/data/wgc/manifests/gdt-20260820T221513Z.json,2026-08-20T22:15:13.139564+00:00,2026-08-07,2026-08-20,PASS,AVAILABLE,0.2.0
L9-004,Q2'25,quarterly,2025-06-30,jewellery_demand_tonnes,88.75150729,metric_tonnes,India jewellery demand,GDT_Tables_Q2'26_EN.xlsx,/mnt/d/Projects/GoldRush/docs/phase2-ingestion/data/wgc/raw/gdt/GDT_Tables_Q2'26_EN.xlsx,/mnt/d/Projects/GoldRush/docs/phase2-ingestion/data/wgc/manifests/gdt-20260820T221513Z.json,2026-08-20T22:15:13.139564+00:00,2026-08-07,2026-08-20,PASS,AVAILABLE,0.2.0
L9-004,Q2'25,quarterly,2025-06-30,net_bullion_imports_tonnes,127.37824375,metric_tonnes,India net bullion imports,GDT_Tables_Q2'26_EN.xlsx,/mnt/d/Projects/GoldRush/docs/phase2-ingestion/data/wgc/raw/gdt/GDT_Tables_Q2'26_EN.xlsx,/mnt/d/Projects/GoldRush/docs/phase2-ingestion/data/wgc/manifests/gdt-20260820T221513Z.json,2026-08-20T22:15:13.139564+00:00,2026-08-07,2026-08-20,PASS,AVAILABLE,0.2.0
L9-004,Q3'25,quarterly,2025-09-30,bar_and_coin_demand_tonnes,91.6479215,metric_tonnes,India bar-and-coin demand,GDT_Tables_Q2'26_EN.xlsx,/mnt/d/Projects/GoldRush/docs/phase2-ingestion/data/wgc/raw/gdt/GDT_Tables_Q2'26_EN.xlsx,/mnt/d/Projects/GoldRush/docs/phase2-ingestion/data/wgc/manifests/gdt-20260820T221513Z.json,2026-08-20T22:15:13.139564+00:00,2026-08-07,2026-08-20,PASS,AVAILABLE,0.2.0
L9-004,Q3'25,quarterly,2025-09-30,gross_bullion_imports_tonnes,212.703125,metric_tonnes,India gross bullion imports,GDT_Tables_Q2'26_EN.xlsx,/mnt/d/Projects/GoldRush/docs/phase2-ingestion/data/wgc/raw/gdt/GDT_Tables_Q2'26_EN.xlsx,/mnt/d/Projects/GoldRush/docs/phase2-ingestion/data/wgc/manifests/gdt-20260820T221513Z.json,2026-08-20T22:15:13.139564+00:00,2026-08-07,2026-08-20,PASS,AVAILABLE,0.2.0
L9-004,Q3'25,quarterly,2025-09-30,jewellery_demand_tonnes,125.00184986,metric_tonnes,India jewellery demand,GDT_Tables_Q2'26_EN.xlsx,/mnt/d/Projects/GoldRush/docs/phase2-ingestion/data/wgc/raw/gdt/GDT_Tables_Q2'26_EN.xlsx,/mnt/d/Projects/GoldRush/docs/phase2-ingestion/data/wgc/manifests/gdt-20260820T221513Z.json,2026-08-20T22:15:13.139564+00:00,2026-08-07,2026-08-20,PASS,AVAILABLE,0.2.0
L9-004,Q3'25,quarterly,2025-09-30,net_bullion_imports_tonnes,211.871525,metric_tonnes,India net bullion imports,GDT_Tables_Q2'26_EN.xlsx,/mnt/d/Projects/GoldRush/docs/phase2-ingestion/data/wgc/raw/gdt/GDT_Tables_Q2'26_EN.xlsx,/mnt/d/Projects/GoldRush/docs/phase2-ingestion/data/wgc/manifests/gdt-20260820T221513Z.json,2026-08-20T22:15:13.139564+00:00,2026-08-07,2026-08-20,PASS,AVAILABLE,0.2.0
L9-004,2025,annual,2025-12-31,bar_and_coin_demand_tonnes,280.41537533,metric_tonnes,India bar-and-coin demand,GDT_Tables_Q2'26_EN.xlsx,/mnt/d/Projects/GoldRush/docs/phase2-ingestion/data/wgc/raw/gdt/GDT_Tables_Q2'26_EN.xlsx,/mnt/d/Projects/GoldRush/docs/phase2-ingestion/data/wgc/manifests/gdt-20260820T221513Z.json,2026-08-20T22:15:13.139564+00:00,2026-08-07,2026-08-20,PASS,AVAILABLE,0.2.0
L9-004,Q4'25,quarterly,2025-12-31,bar_and_coin_demand_tonnes,95.98992458,metric_tonnes,India bar-and-coin demand,GDT_Tables_Q2'26_EN.xlsx,/mnt/d/Projects/GoldRush/docs/phase2-ingestion/data/wgc/raw/gdt/GDT_Tables_Q2'26_EN.xlsx,/mnt/d/Projects/GoldRush/docs/phase2-ingestion/data/wgc/manifests/gdt-20260820T221513Z.json,2026-08-20T22:15:13.139564+00:00,2026-08-07,2026-08-20,PASS,AVAILABLE,0.2.0
L9-004,2025,annual,2025-12-31,gross_bullion_imports_tonnes,751.4163912500001,metric_tonnes,India gross bullion imports,GDT_Tables_Q2'26_EN.xlsx,/mnt/d/Projects/GoldRush/docs/phase2-ingestion/data/wgc/raw/gdt/GDT_Tables_Q2'26_EN.xlsx,/mnt/d/Projects/GoldRush/docs/phase2-ingestion/data/wgc/manifests/gdt-20260820T221513Z.json,2026-08-20T22:15:13.139564+00:00,2026-08-07,2026-08-20,PASS,AVAILABLE,0.2.0
L9-004,Q4'25,quarterly,2025-12-31,gross_bullion_imports_tonnes,232.2932,metric_tonnes,India gross bullion imports,GDT_Tables_Q2'26_EN.xlsx,/mnt/d/Projects/GoldRush/docs/phase2-ingestion/data/wgc/raw/gdt/GDT_Tables_Q2'26_EN.xlsx,/mnt/d/Projects/GoldRush/docs/phase2-ingestion/data/wgc/manifests/gdt-20260820T221513Z.json,2026-08-20T22:15:13.139564+00:00,2026-08-07,2026-08-20,PASS,AVAILABLE,0.2.0
L9-004,2025,annual,2025-12-31,jewellery_demand_tonnes,440.7215013,metric_tonnes,India jewellery demand,GDT_Tables_Q2'26_EN.xlsx,/mnt/d/Projects/GoldRush/docs/phase2-ingestion/data/wgc/raw/gdt/GDT_Tables_Q2'26_EN.xlsx,/mnt/d/Projects/GoldRush/docs/phase2-ingestion/data/wgc/manifests/gdt-20260820T221513Z.json,2026-08-20T22:15:13.139564+00:00,2026-08-07,2026-08-20,PASS,AVAILABLE,0.2.0
L9-004,Q4'25,quarterly,2025-12-31,jewellery_demand_tonnes,145.34890259,metric_tonnes,India jewellery demand,GDT_Tables_Q2'26_EN.xlsx,/mnt/d/Projects/GoldRush/docs/phase2-ingestion/data/wgc/raw/gdt/GDT_Tables_Q2'26_EN.xlsx,/mnt/d/Projects/GoldRush/docs/phase2-ingestion/data/wgc/manifests/gdt-20260820T221513Z.json,2026-08-20T22:15:13.139564+00:00,2026-08-07,2026-08-20,PASS,AVAILABLE,0.2.0
L9-004,2025,annual,2025-12-31,net_bullion_imports_tonnes,737.76879125,metric_tonnes,India net bullion imports,GDT_Tables_Q2'26_EN.xlsx,/mnt/d/Projects/GoldRush/docs/phase2-ingestion/data/wgc/raw/gdt/GDT_Tables_Q2'26_EN.xlsx,/mnt/d/Projects/GoldRush/docs/phase2-ingestion/data/wgc/manifests/gdt-20260820T221513Z.json,2026-08-20T22:15:13.139564+00:00,2026-08-07,2026-08-20,PASS,AVAILABLE,0.2.0
L9-004,Q4'25,quarterly,2025-12-31,net_bullion_imports_tonnes,231.4572,metric_tonnes,India net bullion imports,GDT_Tables_Q2'26_EN.xlsx,/mnt/d/Projects/GoldRush/docs/phase2-ingestion/data/wgc/raw/gdt/GDT_Tables_Q2'26_EN.xlsx,/mnt/d/Projects/GoldRush/docs/phase2-ingestion/data/wgc/manifests/gdt-20260820T221513Z.json,2026-08-20T22:15:13.139564+00:00,2026-08-07,2026-08-20,PASS,AVAILABLE,0.2.0
L9-004,Q1'26,quarterly,2026-03-31,bar_and_coin_demand_tonnes,62.2958094,metric_tonnes,India bar-and-coin demand,GDT_Tables_Q2'26_EN.xlsx,/mnt/d/Projects/GoldRush/docs/phase2-ingestion/data/wgc/raw/gdt/GDT_Tables_Q2'26_EN.xlsx,/mnt/d/Projects/GoldRush/docs/phase2-ingestion/data/wgc/manifests/gdt-20260820T221513Z.json,2026-08-20T22:15:13.139564+00:00,2026-08-07,2026-08-20,PASS,AVAILABLE,0.2.0
L9-004,Q1'26,quarterly,2026-03-31,gross_bullion_imports_tonnes,209.360045,metric_tonnes,India gross bullion imports,GDT_Tables_Q2'26_EN.xlsx,/mnt/d/Projects/GoldRush/docs/phase2-ingestion/data/wgc/raw/gdt/GDT_Tables_Q2'26_EN.xlsx,/mnt/d/Projects/GoldRush/docs/phase2-ingestion/data/wgc/manifests/gdt-20260820T221513Z.json,2026-08-20T22:15:13.139564+00:00,2026-08-07,2026-08-20,PASS,AVAILABLE,0.2.0
L9-004,Q1'26,quarterly,2026-03-31,jewellery_demand_tonnes,66.12635533,metric_tonnes,India jewellery demand,GDT_Tables_Q2'26_EN.xlsx,/mnt/d/Projects/GoldRush/docs/phase2-ingestion/data/wgc/raw/gdt/GDT_Tables_Q2'26_EN.xlsx,/mnt/d/Projects/GoldRush/docs/phase2-ingestion/data/wgc/manifests/gdt-20260820T221513Z.json,2026-08-20T22:15:13.139564+00:00,2026-08-07,2026-08-20,PASS,AVAILABLE,0.2.0
L9-004,Q1'26,quarterly,2026-03-31,net_bullion_imports_tonnes,209.02704500000002,metric_tonnes,India net bullion imports,GDT_Tables_Q2'26_EN.xlsx,/mnt/d/Projects/GoldRush/docs/phase2-ingestion/data/wgc/raw/gdt/GDT_Tables_Q2'26_EN.xlsx,/mnt/d/Projects/GoldRush/docs/phase2-ingestion/data/wgc/manifests/gdt-20260820T221513Z.json,2026-08-20T22:15:13.139564+00:00,2026-08-07,2026-08-20,PASS,AVAILABLE,0.2.0
L9-004,Q2'26,quarterly,2026-06-30,bar_and_coin_demand_tonnes,50.25048632,metric_tonnes,India bar-and-coin demand,GDT_Tables_Q2'26_EN.xlsx,/mnt/d/Projects/GoldRush/docs/phase2-ingestion/data/wgc/raw/gdt/GDT_Tables_Q2'26_EN.xlsx,/mnt/d/Projects/GoldRush/docs/phase2-ingestion/data/wgc/manifests/gdt-20260820T221513Z.json,2026-08-20T22:15:13.139564+00:00,2026-08-07,2026-08-20,PASS,AVAILABLE,0.2.0
L9-004,Q2'26,quarterly,2026-06-30,gross_bullion_imports_tonnes,98.39269437499999,metric_tonnes,India gross bullion imports,GDT_Tables_Q2'26_EN.xlsx,/mnt/d/Projects/GoldRush/docs/phase2-ingestion/data/wgc/raw/gdt/GDT_Tables_Q2'26_EN.xlsx,/mnt/d/Projects/GoldRush/docs/phase2-ingestion/data/wgc/manifests/gdt-20260820T221513Z.json,2026-08-20T22:15:13.139564+00:00,2026-08-07,2026-08-20,PASS,AVAILABLE,0.2.0
L9-004,Q2'26,quarterly,2026-06-30,jewellery_demand_tonnes,75.09821782,metric_tonnes,India jewellery demand,GDT_Tables_Q2'26_EN.xlsx,/mnt/d/Projects/GoldRush/docs/phase2-ingestion/data/wgc/raw/gdt/GDT_Tables_Q2'26_EN.xlsx,/mnt/d/Projects/GoldRush/docs/phase2-ingestion/data/wgc/manifests/gdt-20260820T221513Z.json,2026-08-20T22:15:13.139564+00:00,2026-08-07,2026-08-20,PASS,AVAILABLE,0.2.0
L9-004,Q2'26,quarterly,2026-06-30,net_bullion_imports_tonnes,98.05969437499999,metric_tonnes,India net bullion imports,GDT_Tables_Q2'26_EN.xlsx,/mnt/d/Projects/GoldRush/docs/phase2-ingestion/data/wgc/raw/gdt/GDT_Tables_Q2'26_EN.xlsx,/mnt/d/Projects/GoldRush/docs/phase2-ingestion/data/wgc/manifests/gdt-20260820T221513Z.json,2026-08-20T22:15:13.139564+00:00,2026-08-07,2026-08-20,PASS,AVAILABLE,0.2.0
