variable_id,observation_date,value,unit,source_name,source_series_id,raw_file_path,raw_sha256,retrieved_at,validation_status,availability_status,parser_version
L1-005,2020-01-02,-0.1979,percent,FRED,THREEFYTP10,docs/phase2-ingestion/data/macro/raw/fred/THREEFYTP10-20260821T023551Z.json,c2ceeb401070c2762eacf24ccfb0c55c1959bd371d9633599639d9af51dc57ce,2026-08-21T02:39:11.041866+00:00,PASS,STALE,0.1.0
L1-005,2020-01-03,-0.2283,percent,FRED,THREEFYTP10,docs/phase2-ingestion/data/macro/raw/fred/THREEFYTP10-20260821T023551Z.json,c2ceeb401070c2762eacf24ccfb0c55c1959bd371d9633599639d9af51dc57ce,2026-08-21T02:39:11.041866+00:00,PASS,STALE,0.1.0
L1-005,2020-01-06,-0.2336,percent,FRED,THREEFYTP10,docs/phase2-ingestion/data/macro/raw/fred/THREEFYTP10-20260821T023551Z.json,c2ceeb401070c2762eacf24ccfb0c55c1959bd371d9633599639d9af51dc57ce,2026-08-21T02:39:11.041866+00:00,PASS,STALE,0.1.0
L1-005,2020-01-07,-0.2286,percent,FRED,THREEFYTP10,docs/phase2-ingestion/data/macro/raw/fred/THREEFYTP10-20260821T023551Z.json,c2ceeb401070c2762eacf24ccfb0c55c1959bd371d9633599639d9af51dc57ce,2026-08-21T02:39:11.041866+00:00,PASS,STALE,0.1.0
L1-005,2020-01-08,-0.2099,percent,FRED,THREEFYTP10,docs/phase2-ingestion/data/macro/raw/fred/THREEFYTP10-20260821T023551Z.json,c2ceeb401070c2762eacf24ccfb0c55c1959bd371d9633599639d9af51dc57ce,2026-08-21T02:39:11.041866+00:00,PASS,STALE,0.1.0
L1-005,2020-01-09,-0.213,percent,FRED,THREEFYTP10,docs/phase2-ingestion/data/macro/raw/fred/THREEFYTP10-20260821T023551Z.json,c2ceeb401070c2762eacf24ccfb0c55c1959bd371d9633599639d9af51dc57ce,2026-08-21T02:39:11.041866+00:00,PASS,STALE,0.1.0
L1-005,2020-01-10,-0.2218,percent,FRED,THREEFYTP10,docs/phase2-ingestion/data/macro/raw/fred/THREEFYTP10-20260821T023551Z.json,c2ceeb401070c2762eacf24ccfb0c55c1959bd371d9633599639d9af51dc57ce,2026-08-21T02:39:11.041866+00:00,PASS,STALE,0.1.0
L1-005,2020-01-13,-0.2199,percent,FRED,THREEFYTP10,docs/phase2-ingestion/data/macro/raw/fred/THREEFYTP10-20260821T023551Z.json,c2ceeb401070c2762eacf24ccfb0c55c1959bd371d9633599639d9af51dc57ce,2026-08-21T02:39:11.041866+00:00,PASS,STALE,0.1.0
L1-005,2020-01-14,-0.2308,percent,FRED,THREEFYTP10,docs/phase2-ingestion/data/macro/raw/fred/THREEFYTP10-20260821T023551Z.json,c2ceeb401070c2762eacf24ccfb0c55c1959bd371d9633599639d9af51dc57ce,2026-08-21T02:39:11.041866+00:00,PASS,STALE,0.1.0
L1-005,2020-01-15,-0.2469,percent,FRED,THREEFYTP10,docs/phase2-ingestion/data/macro/raw/fred/THREEFYTP10-20260821T023551Z.json,c2ceeb401070c2762eacf24ccfb0c55c1959bd371d9633599639d9af51dc57ce,2026-08-21T02:39:11.041866+00:00,PASS,STALE,0.1.0
L1-005,2020-01-16,-0.2403,percent,FRED,THREEFYTP10,docs/phase2-ingestion/data/macro/raw/fred/THREEFYTP10-20260821T023551Z.json,c2ceeb401070c2762eacf24ccfb0c55c1959bd371d9633599639d9af51dc57ce,2026-08-21T02:39:11.041866+00:00,PASS,STALE,0.1.0
L1-005,2020-01-17,-0.2327,percent,FRED,THREEFYTP10,docs/phase2-ingestion/data/macro/raw/fred/THREEFYTP10-20260821T023551Z.json,c2ceeb401070c2762eacf24ccfb0c55c1959bd371d9633599639d9af51dc57ce,2026-08-21T02:39:11.041866+00:00,PASS,STALE,0.1.0
L1-005,2020-01-21,-0.253,percent,FRED,THREEFYTP10,docs/phase2-ingestion/data/macro/raw/fred/THREEFYTP10-20260821T023551Z.json,c2ceeb401070c2762eacf24ccfb0c55c1959bd371d9633599639d9af51dc57ce,2026-08-21T02:39:11.041866+00:00,PASS,STALE,0.1.0
L1-005,2020-01-22,-0.2595,percent,FRED,THREEFYTP10,docs/phase2-ingestion/data/macro/raw/fred/THREEFYTP10-20260821T023551Z.json,c2ceeb401070c2762eacf24ccfb0c55c1959bd371d9633599639d9af51dc57ce,2026-08-21T02:39:11.041866+00:00,PASS,STALE,0.1.0
L1-005,2020-01-23,-0.2737,percent,FRED,THREEFYTP10,docs/phase2-ingestion/data/macro/raw/fred/THREEFYTP10-20260821T023551Z.json,c2ceeb401070c2762eacf24ccfb0c55c1959bd371d9633599639d9af51dc57ce,2026-08-21T02:39:11.041866+00:00,PASS,STALE,0.1.0
L1-005,2020-01-24,-0.2922,percent,FRED,THREEFYTP10,docs/phase2-ingestion/data/macro/raw/fred/THREEFYTP10-20260821T023551Z.json,c2ceeb401070c2762eacf24ccfb0c55c1959bd371d9633599639d9af51dc57ce,2026-08-21T02:39:11.041866+00:00,PASS,STALE,0.1.0
L1-005,2020-01-27,-0.3335,percent,FRED,THREEFYTP10,docs/phase2-ingestion/data/macro/raw/fred/THREEFYTP10-20260821T023551Z.json,c2ceeb401070c2762eacf24ccfb0c55c1959bd371d9633599639d9af51dc57ce,2026-08-21T02:39:11.041866+00:00,PASS,STALE,0.1.0
L1-005,2020-01-28,-0.3319,percent,FRED,THREEFYTP10,docs/phase2-ingestion/data/macro/raw/fred/THREEFYTP10-20260821T023551Z.json,c2ceeb401070c2762eacf24ccfb0c55c1959bd371d9633599639d9af51dc57ce,2026-08-21T02:39:11.041866+00:00,PASS,STALE,0.1.0
L1-005,2020-01-29,-0.3544,percent,FRED,THREEFYTP10,docs/phase2-ingestion/data/macro/raw/fred/THREEFYTP10-20260821T023551Z.json,c2ceeb401070c2762eacf24ccfb0c55c1959bd371d9633599639d9af51dc57ce,2026-08-21T02:39:11.041866+00:00,PASS,STALE,0.1.0
L1-005,2020-01-30,-0.3707,percent,FRED,THREEFYTP10,docs/phase2-ingestion/data/macro/raw/fred/THREEFYTP10-20260821T023551Z.json,c2ceeb401070c2762eacf24ccfb0c55c1959bd371d9633599639d9af51dc57ce,2026-08-21T02:39:11.041866+00:00,PASS,STALE,0.1.0
L1-005,2020-01-31,-0.3998,percent,FRED,THREEFYTP10,docs/phase2-ingestion/data/macro/raw/fred/THREEFYTP10-20260821T023551Z.json,c2ceeb401070c2762eacf24ccfb0c55c1959bd371d9633599639d9af51dc57ce,2026-08-21T02:39:11.041866+00:00,PASS,STALE,0.1.0
L1-005,2020-02-03,-0.3972,percent,FRED,THREEFYTP10,docs/phase2-ingestion/data/macro/raw/fred/THREEFYTP10-20260821T023551Z.json,c2ceeb401070c2762eacf24ccfb0c55c1959bd371d9633599639d9af51dc57ce,2026-08-21T02:39:11.041866+00:00,PASS,STALE,0.1.0
L1-005,2020-02-04,-0.3693,percent,FRED,THREEFYTP10,docs/phase2-ingestion/data/macro/raw/fred/THREEFYTP10-20260821T023551Z.json,c2ceeb401070c2762eacf24ccfb0c55c1959bd371d9633599639d9af51dc57ce,2026-08-21T02:39:11.041866+00:00,PASS,STALE,0.1.0
L1-005,2020-02-05,-0.3428,percent,FRED,THREEFYTP10,docs/phase2-ingestion/data/macro/raw/fred/THREEFYTP10-20260821T023551Z.json,c2ceeb401070c2762eacf24ccfb0c55c1959bd371d9633599639d9af51dc57ce,2026-08-21T02:39:11.041866+00:00,PASS,STALE,0.1.0
L1-005,2020-02-06,-0.3407,percent,FRED,THREEFYTP10,docs/phase2-ingestion/data/macro/raw/fred/THREEFYTP10-20260821T023551Z.json,c2ceeb401070c2762eacf24ccfb0c55c1959bd371d9633599639d9af51dc57ce,2026-08-21T02:39:11.041866+00:00,PASS,STALE,0.1.0
L1-005,2020-02-07,-0.3592,percent,FRED,THREEFYTP10,docs/phase2-ingestion/data/macro/raw/fred/THREEFYTP10-20260821T023551Z.json,c2ceeb401070c2762eacf24ccfb0c55c1959bd371d9633599639d9af51dc57ce,2026-08-21T02:39:11.041866+00:00,PASS,STALE,0.1.0
L1-005,2020-02-10,-0.3781,percent,FRED,THREEFYTP10,docs/phase2-ingestion/data/macro/raw/fred/THREEFYTP10-20260821T023551Z.json,c2ceeb401070c2762eacf24ccfb0c55c1959bd371d9633599639d9af51dc57ce,2026-08-21T02:39:11.041866+00:00,PASS,STALE,0.1.0
L1-005,2020-02-11,-0.3705,percent,FRED,THREEFYTP10,docs/phase2-ingestion/data/macro/raw/fred/THREEFYTP10-20260821T023551Z.json,c2ceeb401070c2762eacf24ccfb0c55c1959bd371d9633599639d9af51dc57ce,2026-08-21T02:39:11.041866+00:00,PASS,STALE,0.1.0
L1-005,2020-02-12,-0.3513,percent,FRED,THREEFYTP10,docs/phase2-ingestion/data/macro/raw/fred/THREEFYTP10-20260821T023551Z.json,c2ceeb401070c2762eacf24ccfb0c55c1959bd371d9633599639d9af51dc57ce,2026-08-21T02:39:11.041866+00:00,PASS,STALE,0.1.0
L1-005,2020-02-13,-0.3518,percent,FRED,THREEFYTP10,docs/phase2-ingestion/data/macro/raw/fred/THREEFYTP10-20260821T023551Z.json,c2ceeb401070c2762eacf24ccfb0c55c1959bd371d9633599639d9af51dc57ce,2026-08-21T02:39:11.041866+00:00,PASS,STALE,0.1.0
L1-005,2020-02-14,-0.3597,percent,FRED,THREEFYTP10,docs/phase2-ingestion/data/macro/raw/fred/THREEFYTP10-20260821T023551Z.json,c2ceeb401070c2762eacf24ccfb0c55c1959bd371d9633599639d9af51dc57ce,2026-08-21T02:39:11.041866+00:00,PASS,STALE,0.1.0
L1-005,2020-02-18,-0.3751,percent,FRED,THREEFYTP10,docs/phase2-ingestion/data/macro/raw/fred/THREEFYTP10-20260821T023551Z.json,c2ceeb401070c2762eacf24ccfb0c55c1959bd371d9633599639d9af51dc57ce,2026-08-21T02:39:11.041866+00:00,PASS,STALE,0.1.0
L1-005,2020-02-19,-0.3732,percent,FRED,THREEFYTP10,docs/phase2-ingestion/data/macro/raw/fred/THREEFYTP10-20260821T023551Z.json,c2ceeb401070c2762eacf24ccfb0c55c1959bd371d9633599639d9af51dc57ce,2026-08-21T02:39:11.041866+00:00,PASS,STALE,0.1.0
L1-005,2020-02-20,-0.3901,percent,FRED,THREEFYTP10,docs/phase2-ingestion/data/macro/raw/fred/THREEFYTP10-20260821T023551Z.json,c2ceeb401070c2762eacf24ccfb0c55c1959bd371d9633599639d9af51dc57ce,2026-08-21T02:39:11.041866+00:00,PASS,STALE,0.1.0
L1-005,2020-02-21,-0.4188,percent,FRED,THREEFYTP10,docs/phase2-ingestion/data/macro/raw/fred/THREEFYTP10-20260821T023551Z.json,c2ceeb401070c2762eacf24ccfb0c55c1959bd371d9633599639d9af51dc57ce,2026-08-21T02:39:11.041866+00:00,PASS,STALE,0.1.0
L1-005,2020-02-24,-0.4565,percent,FRED,THREEFYTP10,docs/phase2-ingestion/data/macro/raw/fred/THREEFYTP10-20260821T023551Z.json,c2ceeb401070c2762eacf24ccfb0c55c1959bd371d9633599639d9af51dc57ce,2026-08-21T02:39:11.041866+00:00,PASS,STALE,0.1.0
L1-005,2020-02-25,-0.4858,percent,FRED,THREEFYTP10,docs/phase2-ingestion/data/macro/raw/fred/THREEFYTP10-20260821T023551Z.json,c2ceeb401070c2762eacf24ccfb0c55c1959bd371d9633599639d9af51dc57ce,2026-08-21T02:39:11.041866+00:00,PASS,STALE,0.1.0
L1-005,2020-02-26,-0.493,percent,FRED,THREEFYTP10,docs/phase2-ingestion/data/macro/raw/fred/THREEFYTP10-20260821T023551Z.json,c2ceeb401070c2762eacf24ccfb0c55c1959bd371d9633599639d9af51dc57ce,2026-08-21T02:39:11.041866+00:00,PASS,STALE,0.1.0
L1-005,2020-02-27,-0.4994,percent,FRED,THREEFYTP10,docs/phase2-ingestion/data/macro/raw/fred/THREEFYTP10-20260821T023551Z.json,c2ceeb401070c2762eacf24ccfb0c55c1959bd371d9633599639d9af51dc57ce,2026-08-21T02:39:11.041866+00:00,PASS,STALE,0.1.0
L1-005,2020-02-28,-0.5573,percent,FRED,THREEFYTP10,docs/phase2-ingestion/data/macro/raw/fred/THREEFYTP10-20260821T023551Z.json,c2ceeb401070c2762eacf24ccfb0c55c1959bd371d9633599639d9af51dc57ce,2026-08-21T02:39:11.041866+00:00,PASS,STALE,0.1.0
L1-005,2020-03-02,-0.5512,percent,FRED,THREEFYTP10,docs/phase2-ingestion/data/macro/raw/fred/THREEFYTP10-20260821T023551Z.json,c2ceeb401070c2762eacf24ccfb0c55c1959bd371d9633599639d9af51dc57ce,2026-08-21T02:39:11.041866+00:00,PASS,STALE,0.1.0
L1-005,2020-03-03,-0.5637,percent,FRED,THREEFYTP10,docs/phase2-ingestion/data/macro/raw/fred/THREEFYTP10-20260821T023551Z.json,c2ceeb401070c2762eacf24ccfb0c55c1959bd371d9633599639d9af51dc57ce,2026-08-21T02:39:11.041866+00:00,PASS,STALE,0.1.0
L1-005,2020-03-04,-0.5392,percent,FRED,THREEFYTP10,docs/phase2-ingestion/data/macro/raw/fred/THREEFYTP10-20260821T023551Z.json,c2ceeb401070c2762eacf24ccfb0c55c1959bd371d9633599639d9af51dc57ce,2026-08-21T02:39:11.041866+00:00,PASS,STALE,0.1.0
L1-005,2020-03-05,-0.5438,percent,FRED,THREEFYTP10,docs/phase2-ingestion/data/macro/raw/fred/THREEFYTP10-20260821T023551Z.json,c2ceeb401070c2762eacf24ccfb0c55c1959bd371d9633599639d9af51dc57ce,2026-08-21T02:39:11.041866+00:00,PASS,STALE,0.1.0
L1-005,2020-03-06,-0.5686,percent,FRED,THREEFYTP10,docs/phase2-ingestion/data/macro/raw/fred/THREEFYTP10-20260821T023551Z.json,c2ceeb401070c2762eacf24ccfb0c55c1959bd371d9633599639d9af51dc57ce,2026-08-21T02:39:11.041866+00:00,PASS,STALE,0.1.0
L1-005,2020-03-09,-0.6096,percent,FRED,THREEFYTP10,docs/phase2-ingestion/data/macro/raw/fred/THREEFYTP10-20260821T023551Z.json,c2ceeb401070c2762eacf24ccfb0c55c1959bd371d9633599639d9af51dc57ce,2026-08-21T02:39:11.041866+00:00,PASS,STALE,0.1.0
L1-005,2020-03-10,-0.5344,percent,FRED,THREEFYTP10,docs/phase2-ingestion/data/macro/raw/fred/THREEFYTP10-20260821T023551Z.json,c2ceeb401070c2762eacf24ccfb0c55c1959bd371d9633599639d9af51dc57ce,2026-08-21T02:39:11.041866+00:00,PASS,STALE,0.1.0
L1-005,2020-03-11,-0.508,percent,FRED,THREEFYTP10,docs/phase2-ingestion/data/macro/raw/fred/THREEFYTP10-20260821T023551Z.json,c2ceeb401070c2762eacf24ccfb0c55c1959bd371d9633599639d9af51dc57ce,2026-08-21T02:39:11.041866+00:00,PASS,STALE,0.1.0
L1-005,2020-03-12,-0.4737,percent,FRED,THREEFYTP10,docs/phase2-ingestion/data/macro/raw/fred/THREEFYTP10-20260821T023551Z.json,c2ceeb401070c2762eacf24ccfb0c55c1959bd371d9633599639d9af51dc57ce,2026-08-21T02:39:11.041866+00:00,PASS,STALE,0.1.0
L1-005,2020-03-13,-0.4354,percent,FRED,THREEFYTP10,docs/phase2-ingestion/data/macro/raw/fred/THREEFYTP10-20260821T023551Z.json,c2ceeb401070c2762eacf24ccfb0c55c1959bd371d9633599639d9af51dc57ce,2026-08-21T02:39:11.041866+00:00,PASS,STALE,0.1.0
L1-005,2020-03-16,-0.5043,percent,FRED,THREEFYTP10,docs/phase2-ingestion/data/macro/raw/fred/THREEFYTP10-20260821T023551Z.json,c2ceeb401070c2762eacf24ccfb0c55c1959bd371d9633599639d9af51dc57ce,2026-08-21T02:39:11.041866+00:00,PASS,STALE,0.1.0
L1-005,2020-03-17,-0.4117,percent,FRED,THREEFYTP10,docs/phase2-ingestion/data/macro/raw/fred/THREEFYTP10-20260821T023551Z.json,c2ceeb401070c2762eacf24ccfb0c55c1959bd371d9633599639d9af51dc57ce,2026-08-21T02:39:11.041866+00:00,PASS,STALE,0.1.0
L1-005,2020-03-18,-0.3004,percent,FRED,THREEFYTP10,docs/phase2-ingestion/data/macro/raw/fred/THREEFYTP10-20260821T023551Z.json,c2ceeb401070c2762eacf24ccfb0c55c1959bd371d9633599639d9af51dc57ce,2026-08-21T02:39:11.041866+00:00,PASS,STALE,0.1.0
L1-005,2020-03-19,-0.291,percent,FRED,THREEFYTP10,docs/phase2-ingestion/data/macro/raw/fred/THREEFYTP10-20260821T023551Z.json,c2ceeb401070c2762eacf24ccfb0c55c1959bd371d9633599639d9af51dc57ce,2026-08-21T02:39:11.041866+00:00,PASS,STALE,0.1.0
L1-005,2020-03-20,-0.3546,percent,FRED,THREEFYTP10,docs/phase2-ingestion/data/macro/raw/fred/THREEFYTP10-20260821T023551Z.json,c2ceeb401070c2762eacf24ccfb0c55c1959bd371d9633599639d9af51dc57ce,2026-08-21T02:39:11.041866+00:00,PASS,STALE,0.1.0
L1-005,2020-03-23,-0.4429,percent,FRED,THREEFYTP10,docs/phase2-ingestion/data/macro/raw/fred/THREEFYTP10-20260821T023551Z.json,c2ceeb401070c2762eacf24ccfb0c55c1959bd371d9633599639d9af51dc57ce,2026-08-21T02:39:11.041866+00:00,PASS,STALE,0.1.0
L1-005,2020-03-24,-0.4242,percent,FRED,THREEFYTP10,docs/phase2-ingestion/data/macro/raw/fred/THREEFYTP10-20260821T023551Z.json,c2ceeb401070c2762eacf24ccfb0c55c1959bd371d9633599639d9af51dc57ce,2026-08-21T02:39:11.041866+00:00,PASS,STALE,0.1.0
L1-005,2020-03-25,-0.4159,percent,FRED,THREEFYTP10,docs/phase2-ingestion/data/macro/raw/fred/THREEFYTP10-20260821T023551Z.json,c2ceeb401070c2762eacf24ccfb0c55c1959bd371d9633599639d9af51dc57ce,2026-08-21T02:39:11.041866+00:00,PASS,STALE,0.1.0
L1-005,2020-03-26,-0.43,percent,FRED,THREEFYTP10,docs/phase2-ingestion/data/macro/raw/fred/THREEFYTP10-20260821T023551Z.json,c2ceeb401070c2762eacf24ccfb0c55c1959bd371d9633599639d9af51dc57ce,2026-08-21T02:39:11.041866+00:00,PASS,STALE,0.1.0
L1-005,2020-03-27,-0.4761,percent,FRED,THREEFYTP10,docs/phase2-ingestion/data/macro/raw/fred/THREEFYTP10-20260821T023551Z.json,c2ceeb401070c2762eacf24ccfb0c55c1959bd371d9633599639d9af51dc57ce,2026-08-21T02:39:11.041866+00:00,PASS,STALE,0.1.0
L1-005,2020-03-30,-0.5058,percent,FRED,THREEFYTP10,docs/phase2-ingestion/data/macro/raw/fred/THREEFYTP10-20260821T023551Z.json,c2ceeb401070c2762eacf24ccfb0c55c1959bd371d9633599639d9af51dc57ce,2026-08-21T02:39:11.041866+00:00,PASS,STALE,0.1.0
L1-005,2020-03-31,-0.5203,percent,FRED,THREEFYTP10,docs/phase2-ingestion/data/macro/raw/fred/THREEFYTP10-20260821T023551Z.json,c2ceeb401070c2762eacf24ccfb0c55c1959bd371d9633599639d9af51dc57ce,2026-08-21T02:39:11.041866+00:00,PASS,STALE,0.1.0
L1-005,2020-04-01,-0.5479,percent,FRED,THREEFYTP10,docs/phase2-ingestion/data/macro/raw/fred/THREEFYTP10-20260821T023551Z.json,c2ceeb401070c2762eacf24ccfb0c55c1959bd371d9633599639d9af51dc57ce,2026-08-21T02:39:11.041866+00:00,PASS,STALE,0.1.0
L1-005,2020-04-02,-0.5509,percent,FRED,THREEFYTP10,docs/phase2-ingestion/data/macro/raw/fred/THREEFYTP10-20260821T023551Z.json,c2ceeb401070c2762eacf24ccfb0c55c1959bd371d9633599639d9af51dc57ce,2026-08-21T02:39:11.041866+00:00,PASS,STALE,0.1.0
L1-005,2020-04-03,-0.5542,percent,FRED,THREEFYTP10,docs/phase2-ingestion/data/macro/raw/fred/THREEFYTP10-20260821T023551Z.json,c2ceeb401070c2762eacf24ccfb0c55c1959bd371d9633599639d9af51dc57ce,2026-08-21T02:39:11.041866+00:00,PASS,STALE,0.1.0
L1-005,2020-04-06,-0.5392,percent,FRED,THREEFYTP10,docs/phase2-ingestion/data/macro/raw/fred/THREEFYTP10-20260821T023551Z.json,c2ceeb401070c2762eacf24ccfb0c55c1959bd371d9633599639d9af51dc57ce,2026-08-21T02:39:11.041866+00:00,PASS,STALE,0.1.0
L1-005,2020-04-07,-0.5176,percent,FRED,THREEFYTP10,docs/phase2-ingestion/data/macro/raw/fred/THREEFYTP10-20260821T023551Z.json,c2ceeb401070c2762eacf24ccfb0c55c1959bd371d9633599639d9af51dc57ce,2026-08-21T02:39:11.041866+00:00,PASS,STALE,0.1.0
L1-005,2020-04-08,-0.5156,percent,FRED,THREEFYTP10,docs/phase2-ingestion/data/macro/raw/fred/THREEFYTP10-20260821T023551Z.json,c2ceeb401070c2762eacf24ccfb0c55c1959bd371d9633599639d9af51dc57ce,2026-08-21T02:39:11.041866+00:00,PASS,STALE,0.1.0
L1-005,2020-04-09,-0.5377,percent,FRED,THREEFYTP10,docs/phase2-ingestion/data/macro/raw/fred/THREEFYTP10-20260821T023551Z.json,c2ceeb401070c2762eacf24ccfb0c55c1959bd371d9633599639d9af51dc57ce,2026-08-21T02:39:11.041866+00:00,PASS,STALE,0.1.0
L1-005,2020-04-13,-0.5347,percent,FRED,THREEFYTP10,docs/phase2-ingestion/data/macro/raw/fred/THREEFYTP10-20260821T023551Z.json,c2ceeb401070c2762eacf24ccfb0c55c1959bd371d9633599639d9af51dc57ce,2026-08-21T02:39:11.041866+00:00,PASS,STALE,0.1.0
L1-005,2020-04-14,-0.5371,percent,FRED,THREEFYTP10,docs/phase2-ingestion/data/macro/raw/fred/THREEFYTP10-20260821T023551Z.json,c2ceeb401070c2762eacf24ccfb0c55c1959bd371d9633599639d9af51dc57ce,2026-08-21T02:39:11.041866+00:00,PASS,STALE,0.1.0
L1-005,2020-04-15,-0.574,percent,FRED,THREEFYTP10,docs/phase2-ingestion/data/macro/raw/fred/THREEFYTP10-20260821T023551Z.json,c2ceeb401070c2762eacf24ccfb0c55c1959bd371d9633599639d9af51dc57ce,2026-08-21T02:39:11.041866+00:00,PASS,STALE,0.1.0
L1-005,2020-04-16,-0.584,percent,FRED,THREEFYTP10,docs/phase2-ingestion/data/macro/raw/fred/THREEFYTP10-20260821T023551Z.json,c2ceeb401070c2762eacf24ccfb0c55c1959bd371d9633599639d9af51dc57ce,2026-08-21T02:39:11.041866+00:00,PASS,STALE,0.1.0
L1-005,2020-04-17,-0.5717,percent,FRED,THREEFYTP10,docs/phase2-ingestion/data/macro/raw/fred/THREEFYTP10-20260821T023551Z.json,c2ceeb401070c2762eacf24ccfb0c55c1959bd371d9633599639d9af51dc57ce,2026-08-21T02:39:11.041866+00:00,PASS,STALE,0.1.0
L1-005,2020-04-20,-0.5767,percent,FRED,THREEFYTP10,docs/phase2-ingestion/data/macro/raw/fred/THREEFYTP10-20260821T023551Z.json,c2ceeb401070c2762eacf24ccfb0c55c1959bd371d9633599639d9af51dc57ce,2026-08-21T02:39:11.041866+00:00,PASS,STALE,0.1.0
L1-005,2020-04-21,-0.5885,percent,FRED,THREEFYTP10,docs/phase2-ingestion/data/macro/raw/fred/THREEFYTP10-20260821T023551Z.json,c2ceeb401070c2762eacf24ccfb0c55c1959bd371d9633599639d9af51dc57ce,2026-08-21T02:39:11.041866+00:00,PASS,STALE,0.1.0
L1-005,2020-04-22,-0.5768,percent,FRED,THREEFYTP10,docs/phase2-ingestion/data/macro/raw/fred/THREEFYTP10-20260821T023551Z.json,c2ceeb401070c2762eacf24ccfb0c55c1959bd371d9633599639d9af51dc57ce,2026-08-21T02:39:11.041866+00:00,PASS,STALE,0.1.0
L1-005,2020-04-23,-0.5776,percent,FRED,THREEFYTP10,docs/phase2-ingestion/data/macro/raw/fred/THREEFYTP10-20260821T023551Z.json,c2ceeb401070c2762eacf24ccfb0c55c1959bd371d9633599639d9af51dc57ce,2026-08-21T02:39:11.041866+00:00,PASS,STALE,0.1.0
L1-005,2020-04-24,-0.5799,percent,FRED,THREEFYTP10,docs/phase2-ingestion/data/macro/raw/fred/THREEFYTP10-20260821T023551Z.json,c2ceeb401070c2762eacf24ccfb0c55c1959bd371d9633599639d9af51dc57ce,2026-08-21T02:39:11.041866+00:00,PASS,STALE,0.1.0
L1-005,2020-04-27,-0.561,percent,FRED,THREEFYTP10,docs/phase2-ingestion/data/macro/raw/fred/THREEFYTP10-20260821T023551Z.json,c2ceeb401070c2762eacf24ccfb0c55c1959bd371d9633599639d9af51dc57ce,2026-08-21T02:39:11.041866+00:00,PASS,STALE,0.1.0
L1-005,2020-04-28,-0.5715,percent,FRED,THREEFYTP10,docs/phase2-ingestion/data/macro/raw/fred/THREEFYTP10-20260821T023551Z.json,c2ceeb401070c2762eacf24ccfb0c55c1959bd371d9633599639d9af51dc57ce,2026-08-21T02:39:11.041866+00:00,PASS,STALE,0.1.0
L1-005,2020-04-29,-0.5744,percent,FRED,THREEFYTP10,docs/phase2-ingestion/data/macro/raw/fred/THREEFYTP10-20260821T023551Z.json,c2ceeb401070c2762eacf24ccfb0c55c1959bd371d9633599639d9af51dc57ce,2026-08-21T02:39:11.041866+00:00,PASS,STALE,0.1.0
L1-005,2020-04-30,-0.5691,percent,FRED,THREEFYTP10,docs/phase2-ingestion/data/macro/raw/fred/THREEFYTP10-20260821T023551Z.json,c2ceeb401070c2762eacf24ccfb0c55c1959bd371d9633599639d9af51dc57ce,2026-08-21T02:39:11.041866+00:00,PASS,STALE,0.1.0
L1-005,2020-05-01,-0.5682,percent,FRED,THREEFYTP10,docs/phase2-ingestion/data/macro/raw/fred/THREEFYTP10-20260821T023551Z.json,c2ceeb401070c2762eacf24ccfb0c55c1959bd371d9633599639d9af51dc57ce,2026-08-21T02:39:11.041866+00:00,PASS,STALE,0.1.0
L1-005,2020-05-04,-0.5728,percent,FRED,THREEFYTP10,docs/phase2-ingestion/data/macro/raw/fred/THREEFYTP10-20260821T023551Z.json,c2ceeb401070c2762eacf24ccfb0c55c1959bd371d9633599639d9af51dc57ce,2026-08-21T02:39:11.041866+00:00,PASS,STALE,0.1.0
L1-005,2020-05-05,-0.5703,percent,FRED,THREEFYTP10,docs/phase2-ingestion/data/macro/raw/fred/THREEFYTP10-20260821T023551Z.json,c2ceeb401070c2762eacf24ccfb0c55c1959bd371d9633599639d9af51dc57ce,2026-08-21T02:39:11.041866+00:00,PASS,STALE,0.1.0
L1-005,2020-05-06,-0.5556,percent,FRED,THREEFYTP10,docs/phase2-ingestion/data/macro/raw/fred/THREEFYTP10-20260821T023551Z.json,c2ceeb401070c2762eacf24ccfb0c55c1959bd371d9633599639d9af51dc57ce,2026-08-21T02:39:11.041866+00:00,PASS,STALE,0.1.0
L1-005,2020-05-07,-0.5848,percent,FRED,THREEFYTP10,docs/phase2-ingestion/data/macro/raw/fred/THREEFYTP10-20260821T023551Z.json,c2ceeb401070c2762eacf24ccfb0c55c1959bd371d9633599639d9af51dc57ce,2026-08-21T02:39:11.041866+00:00,PASS,STALE,0.1.0
L1-005,2020-05-08,-0.5736,percent,FRED,THREEFYTP10,docs/phase2-ingestion/data/macro/raw/fred/THREEFYTP10-20260821T023551Z.json,c2ceeb401070c2762eacf24ccfb0c55c1959bd371d9633599639d9af51dc57ce,2026-08-21T02:39:11.041866+00:00,PASS,STALE,0.1.0
L1-005,2020-05-11,-0.5593,percent,FRED,THREEFYTP10,docs/phase2-ingestion/data/macro/raw/fred/THREEFYTP10-20260821T023551Z.json,c2ceeb401070c2762eacf24ccfb0c55c1959bd371d9633599639d9af51dc57ce,2026-08-21T02:39:11.041866+00:00,PASS,STALE,0.1.0
L1-005,2020-05-12,-0.5674,percent,FRED,THREEFYTP10,docs/phase2-ingestion/data/macro/raw/fred/THREEFYTP10-20260821T023551Z.json,c2ceeb401070c2762eacf24ccfb0c55c1959bd371d9633599639d9af51dc57ce,2026-08-21T02:39:11.041866+00:00,PASS,STALE,0.1.0
L1-005,2020-05-13,-0.583,percent,FRED,THREEFYTP10,docs/phase2-ingestion/data/macro/raw/fred/THREEFYTP10-20260821T023551Z.json,c2ceeb401070c2762eacf24ccfb0c55c1959bd371d9633599639d9af51dc57ce,2026-08-21T02:39:11.041866+00:00,PASS,STALE,0.1.0
L1-005,2020-05-14,-0.5918,percent,FRED,THREEFYTP10,docs/phase2-ingestion/data/macro/raw/fred/THREEFYTP10-20260821T023551Z.json,c2ceeb401070c2762eacf24ccfb0c55c1959bd371d9633599639d9af51dc57ce,2026-08-21T02:39:11.041866+00:00,PASS,STALE,0.1.0
L1-005,2020-05-15,-0.5894,percent,FRED,THREEFYTP10,docs/phase2-ingestion/data/macro/raw/fred/THREEFYTP10-20260821T023551Z.json,c2ceeb401070c2762eacf24ccfb0c55c1959bd371d9633599639d9af51dc57ce,2026-08-21T02:39:11.041866+00:00,PASS,STALE,0.1.0
L1-005,2020-05-18,-0.56,percent,FRED,THREEFYTP10,docs/phase2-ingestion/data/macro/raw/fred/THREEFYTP10-20260821T023551Z.json,c2ceeb401070c2762eacf24ccfb0c55c1959bd371d9633599639d9af51dc57ce,2026-08-21T02:39:11.041866+00:00,PASS,STALE,0.1.0
L1-005,2020-05-19,-0.5629,percent,FRED,THREEFYTP10,docs/phase2-ingestion/data/macro/raw/fred/THREEFYTP10-20260821T023551Z.json,c2ceeb401070c2762eacf24ccfb0c55c1959bd371d9633599639d9af51dc57ce,2026-08-21T02:39:11.041866+00:00,PASS,STALE,0.1.0
L1-005,2020-05-20,-0.5684,percent,FRED,THREEFYTP10,docs/phase2-ingestion/data/macro/raw/fred/THREEFYTP10-20260821T023551Z.json,c2ceeb401070c2762eacf24ccfb0c55c1959bd371d9633599639d9af51dc57ce,2026-08-21T02:39:11.041866+00:00,PASS,STALE,0.1.0
L1-005,2020-05-21,-0.5698,percent,FRED,THREEFYTP10,docs/phase2-ingestion/data/macro/raw/fred/THREEFYTP10-20260821T023551Z.json,c2ceeb401070c2762eacf24ccfb0c55c1959bd371d9633599639d9af51dc57ce,2026-08-21T02:39:11.041866+00:00,PASS,STALE,0.1.0
L1-005,2020-05-22,-0.5787,percent,FRED,THREEFYTP10,docs/phase2-ingestion/data/macro/raw/fred/THREEFYTP10-20260821T023551Z.json,c2ceeb401070c2762eacf24ccfb0c55c1959bd371d9633599639d9af51dc57ce,2026-08-21T02:39:11.041866+00:00,PASS,STALE,0.1.0
L1-005,2020-05-26,-0.5722,percent,FRED,THREEFYTP10,docs/phase2-ingestion/data/macro/raw/fred/THREEFYTP10-20260821T023551Z.json,c2ceeb401070c2762eacf24ccfb0c55c1959bd371d9633599639d9af51dc57ce,2026-08-21T02:39:11.041866+00:00,PASS,STALE,0.1.0
L1-005,2020-05-27,-0.5768,percent,FRED,THREEFYTP10,docs/phase2-ingestion/data/macro/raw/fred/THREEFYTP10-20260821T023551Z.json,c2ceeb401070c2762eacf24ccfb0c55c1959bd371d9633599639d9af51dc57ce,2026-08-21T02:39:11.041866+00:00,PASS,STALE,0.1.0
L1-005,2020-05-28,-0.5741,percent,FRED,THREEFYTP10,docs/phase2-ingestion/data/macro/raw/fred/THREEFYTP10-20260821T023551Z.json,c2ceeb401070c2762eacf24ccfb0c55c1959bd371d9633599639d9af51dc57ce,2026-08-21T02:39:11.041866+00:00,PASS,STALE,0.1.0
L1-005,2020-05-29,-0.5904,percent,FRED,THREEFYTP10,docs/phase2-ingestion/data/macro/raw/fred/THREEFYTP10-20260821T023551Z.json,c2ceeb401070c2762eacf24ccfb0c55c1959bd371d9633599639d9af51dc57ce,2026-08-21T02:39:11.041866+00:00,PASS,STALE,0.1.0
L1-005,2020-06-01,-0.5922,percent,FRED,THREEFYTP10,docs/phase2-ingestion/data/macro/raw/fred/THREEFYTP10-20260821T023551Z.json,c2ceeb401070c2762eacf24ccfb0c55c1959bd371d9633599639d9af51dc57ce,2026-08-21T02:39:11.041866+00:00,PASS,STALE,0.1.0
L1-005,2020-06-02,-0.5869,percent,FRED,THREEFYTP10,docs/phase2-ingestion/data/macro/raw/fred/THREEFYTP10-20260821T023551Z.json,c2ceeb401070c2762eacf24ccfb0c55c1959bd371d9633599639d9af51dc57ce,2026-08-21T02:39:11.041866+00:00,PASS,STALE,0.1.0
L1-005,2020-06-03,-0.5583,percent,FRED,THREEFYTP10,docs/phase2-ingestion/data/macro/raw/fred/THREEFYTP10-20260821T023551Z.json,c2ceeb401070c2762eacf24ccfb0c55c1959bd371d9633599639d9af51dc57ce,2026-08-21T02:39:11.041866+00:00,PASS,STALE,0.1.0
L1-005,2020-06-04,-0.5345,percent,FRED,THREEFYTP10,docs/phase2-ingestion/data/macro/raw/fred/THREEFYTP10-20260821T023551Z.json,c2ceeb401070c2762eacf24ccfb0c55c1959bd371d9633599639d9af51dc57ce,2026-08-21T02:39:11.041866+00:00,PASS,STALE,0.1.0
L1-005,2020-06-05,-0.4952,percent,FRED,THREEFYTP10,docs/phase2-ingestion/data/macro/raw/fred/THREEFYTP10-20260821T023551Z.json,c2ceeb401070c2762eacf24ccfb0c55c1959bd371d9633599639d9af51dc57ce,2026-08-21T02:39:11.041866+00:00,PASS,STALE,0.1.0
L1-005,2020-06-08,-0.4925,percent,FRED,THREEFYTP10,docs/phase2-ingestion/data/macro/raw/fred/THREEFYTP10-20260821T023551Z.json,c2ceeb401070c2762eacf24ccfb0c55c1959bd371d9633599639d9af51dc57ce,2026-08-21T02:39:11.041866+00:00,PASS,STALE,0.1.0
L1-005,2020-06-09,-0.5105,percent,FRED,THREEFYTP10,docs/phase2-ingestion/data/macro/raw/fred/THREEFYTP10-20260821T023551Z.json,c2ceeb401070c2762eacf24ccfb0c55c1959bd371d9633599639d9af51dc57ce,2026-08-21T02:39:11.041866+00:00,PASS,STALE,0.1.0
L1-005,2020-06-10,-0.5455,percent,FRED,THREEFYTP10,docs/phase2-ingestion/data/macro/raw/fred/THREEFYTP10-20260821T023551Z.json,c2ceeb401070c2762eacf24ccfb0c55c1959bd371d9633599639d9af51dc57ce,2026-08-21T02:39:11.041866+00:00,PASS,STALE,0.1.0
L1-005,2020-06-11,-0.5767,percent,FRED,THREEFYTP10,docs/phase2-ingestion/data/macro/raw/fred/THREEFYTP10-20260821T023551Z.json,c2ceeb401070c2762eacf24ccfb0c55c1959bd371d9633599639d9af51dc57ce,2026-08-21T02:39:11.041866+00:00,PASS,STALE,0.1.0
L1-005,2020-06-12,-0.576,percent,FRED,THREEFYTP10,docs/phase2-ingestion/data/macro/raw/fred/THREEFYTP10-20260821T023551Z.json,c2ceeb401070c2762eacf24ccfb0c55c1959bd371d9633599639d9af51dc57ce,2026-08-21T02:39:11.041866+00:00,PASS,STALE,0.1.0
L1-005,2020-06-15,-0.5773,percent,FRED,THREEFYTP10,docs/phase2-ingestion/data/macro/raw/fred/THREEFYTP10-20260821T023551Z.json,c2ceeb401070c2762eacf24ccfb0c55c1959bd371d9633599639d9af51dc57ce,2026-08-21T02:39:11.041866+00:00,PASS,STALE,0.1.0
L1-005,2020-06-16,-0.5665,percent,FRED,THREEFYTP10,docs/phase2-ingestion/data/macro/raw/fred/THREEFYTP10-20260821T023551Z.json,c2ceeb401070c2762eacf24ccfb0c55c1959bd371d9633599639d9af51dc57ce,2026-08-21T02:39:11.041866+00:00,PASS,STALE,0.1.0
L1-005,2020-06-17,-0.5676,percent,FRED,THREEFYTP10,docs/phase2-ingestion/data/macro/raw/fred/THREEFYTP10-20260821T023551Z.json,c2ceeb401070c2762eacf24ccfb0c55c1959bd371d9633599639d9af51dc57ce,2026-08-21T02:39:11.041866+00:00,PASS,STALE,0.1.0
L1-005,2020-06-18,-0.5748,percent,FRED,THREEFYTP10,docs/phase2-ingestion/data/macro/raw/fred/THREEFYTP10-20260821T023551Z.json,c2ceeb401070c2762eacf24ccfb0c55c1959bd371d9633599639d9af51dc57ce,2026-08-21T02:39:11.041866+00:00,PASS,STALE,0.1.0
L1-005,2020-06-19,-0.5772,percent,FRED,THREEFYTP10,docs/phase2-ingestion/data/macro/raw/fred/THREEFYTP10-20260821T023551Z.json,c2ceeb401070c2762eacf24ccfb0c55c1959bd371d9633599639d9af51dc57ce,2026-08-21T02:39:11.041866+00:00,PASS,STALE,0.1.0
L1-005,2020-06-22,-0.5763,percent,FRED,THREEFYTP10,docs/phase2-ingestion/data/macro/raw/fred/THREEFYTP10-20260821T023551Z.json,c2ceeb401070c2762eacf24ccfb0c55c1959bd371d9633599639d9af51dc57ce,2026-08-21T02:39:11.041866+00:00,PASS,STALE,0.1.0
L1-005,2020-06-23,-0.5756,percent,FRED,THREEFYTP10,docs/phase2-ingestion/data/macro/raw/fred/THREEFYTP10-20260821T023551Z.json,c2ceeb401070c2762eacf24ccfb0c55c1959bd371d9633599639d9af51dc57ce,2026-08-21T02:39:11.041866+00:00,PASS,STALE,0.1.0
L1-005,2020-06-24,-0.5837,percent,FRED,THREEFYTP10,docs/phase2-ingestion/data/macro/raw/fred/THREEFYTP10-20260821T023551Z.json,c2ceeb401070c2762eacf24ccfb0c55c1959bd371d9633599639d9af51dc57ce,2026-08-21T02:39:11.041866+00:00,PASS,STALE,0.1.0
L1-005,2020-06-25,-0.5852,percent,FRED,THREEFYTP10,docs/phase2-ingestion/data/macro/raw/fred/THREEFYTP10-20260821T023551Z.json,c2ceeb401070c2762eacf24ccfb0c55c1959bd371d9633599639d9af51dc57ce,2026-08-21T02:39:11.041866+00:00,PASS,STALE,0.1.0
L1-005,2020-06-26,-0.5986,percent,FRED,THREEFYTP10,docs/phase2-ingestion/data/macro/raw/fred/THREEFYTP10-20260821T023551Z.json,c2ceeb401070c2762eacf24ccfb0c55c1959bd371d9633599639d9af51dc57ce,2026-08-21T02:39:11.041866+00:00,PASS,STALE,0.1.0
L1-005,2020-06-29,-0.6082,percent,FRED,THREEFYTP10,docs/phase2-ingestion/data/macro/raw/fred/THREEFYTP10-20260821T023551Z.json,c2ceeb401070c2762eacf24ccfb0c55c1959bd371d9633599639d9af51dc57ce,2026-08-21T02:39:11.041866+00:00,PASS,STALE,0.1.0
L1-005,2020-06-30,-0.6055,percent,FRED,THREEFYTP10,docs/phase2-ingestion/data/macro/raw/fred/THREEFYTP10-20260821T023551Z.json,c2ceeb401070c2762eacf24ccfb0c55c1959bd371d9633599639d9af51dc57ce,2026-08-21T02:39:11.041866+00:00,PASS,STALE,0.1.0
L1-005,2020-07-01,-0.5934,percent,FRED,THREEFYTP10,docs/phase2-ingestion/data/macro/raw/fred/THREEFYTP10-20260821T023551Z.json,c2ceeb401070c2762eacf24ccfb0c55c1959bd371d9633599639d9af51dc57ce,2026-08-21T02:39:11.041866+00:00,PASS,STALE,0.1.0
L1-005,2020-07-02,-0.5953,percent,FRED,THREEFYTP10,docs/phase2-ingestion/data/macro/raw/fred/THREEFYTP10-20260821T023551Z.json,c2ceeb401070c2762eacf24ccfb0c55c1959bd371d9633599639d9af51dc57ce,2026-08-21T02:39:11.041866+00:00,PASS,STALE,0.1.0
L1-005,2020-07-06,-0.5905,percent,FRED,THREEFYTP10,docs/phase2-ingestion/data/macro/raw/fred/THREEFYTP10-20260821T023551Z.json,c2ceeb401070c2762eacf24ccfb0c55c1959bd371d9633599639d9af51dc57ce,2026-08-21T02:39:11.041866+00:00,PASS,STALE,0.1.0
L1-005,2020-07-07,-0.6023,percent,FRED,THREEFYTP10,docs/phase2-ingestion/data/macro/raw/fred/THREEFYTP10-20260821T023551Z.json,c2ceeb401070c2762eacf24ccfb0c55c1959bd371d9633599639d9af51dc57ce,2026-08-21T02:39:11.041866+00:00,PASS,STALE,0.1.0
L1-005,2020-07-08,-0.6027,percent,FRED,THREEFYTP10,docs/phase2-ingestion/data/macro/raw/fred/THREEFYTP10-20260821T023551Z.json,c2ceeb401070c2762eacf24ccfb0c55c1959bd371d9633599639d9af51dc57ce,2026-08-21T02:39:11.041866+00:00,PASS,STALE,0.1.0
L1-005,2020-07-09,-0.6144,percent,FRED,THREEFYTP10,docs/phase2-ingestion/data/macro/raw/fred/THREEFYTP10-20260821T023551Z.json,c2ceeb401070c2762eacf24ccfb0c55c1959bd371d9633599639d9af51dc57ce,2026-08-21T02:39:11.041866+00:00,PASS,STALE,0.1.0
L1-005,2020-07-10,-0.6057,percent,FRED,THREEFYTP10,docs/phase2-ingestion/data/macro/raw/fred/THREEFYTP10-20260821T023551Z.json,c2ceeb401070c2762eacf24ccfb0c55c1959bd371d9633599639d9af51dc57ce,2026-08-21T02:39:11.041866+00:00,PASS,STALE,0.1.0
L1-005,2020-07-13,-0.6074,percent,FRED,THREEFYTP10,docs/phase2-ingestion/data/macro/raw/fred/THREEFYTP10-20260821T023551Z.json,c2ceeb401070c2762eacf24ccfb0c55c1959bd371d9633599639d9af51dc57ce,2026-08-21T02:39:11.041866+00:00,PASS,STALE,0.1.0
L1-005,2020-07-14,-0.6126,percent,FRED,THREEFYTP10,docs/phase2-ingestion/data/macro/raw/fred/THREEFYTP10-20260821T023551Z.json,c2ceeb401070c2762eacf24ccfb0c55c1959bd371d9633599639d9af51dc57ce,2026-08-21T02:39:11.041866+00:00,PASS,STALE,0.1.0
L1-005,2020-07-15,-0.6127,percent,FRED,THREEFYTP10,docs/phase2-ingestion/data/macro/raw/fred/THREEFYTP10-20260821T023551Z.json,c2ceeb401070c2762eacf24ccfb0c55c1959bd371d9633599639d9af51dc57ce,2026-08-21T02:39:11.041866+00:00,PASS,STALE,0.1.0
L1-005,2020-07-16,-0.6139,percent,FRED,THREEFYTP10,docs/phase2-ingestion/data/macro/raw/fred/THREEFYTP10-20260821T023551Z.json,c2ceeb401070c2762eacf24ccfb0c55c1959bd371d9633599639d9af51dc57ce,2026-08-21T02:39:11.041866+00:00,PASS,STALE,0.1.0
L1-005,2020-07-17,-0.609,percent,FRED,THREEFYTP10,docs/phase2-ingestion/data/macro/raw/fred/THREEFYTP10-20260821T023551Z.json,c2ceeb401070c2762eacf24ccfb0c55c1959bd371d9633599639d9af51dc57ce,2026-08-21T02:39:11.041866+00:00,PASS,STALE,0.1.0
L1-005,2020-07-20,-0.611,percent,FRED,THREEFYTP10,docs/phase2-ingestion/data/macro/raw/fred/THREEFYTP10-20260821T023551Z.json,c2ceeb401070c2762eacf24ccfb0c55c1959bd371d9633599639d9af51dc57ce,2026-08-21T02:39:11.041866+00:00,PASS,STALE,0.1.0
L1-005,2020-07-21,-0.6176,percent,FRED,THREEFYTP10,docs/phase2-ingestion/data/macro/raw/fred/THREEFYTP10-20260821T023551Z.json,c2ceeb401070c2762eacf24ccfb0c55c1959bd371d9633599639d9af51dc57ce,2026-08-21T02:39:11.041866+00:00,PASS,STALE,0.1.0
L1-005,2020-07-22,-0.6206,percent,FRED,THREEFYTP10,docs/phase2-ingestion/data/macro/raw/fred/THREEFYTP10-20260821T023551Z.json,c2ceeb401070c2762eacf24ccfb0c55c1959bd371d9633599639d9af51dc57ce,2026-08-21T02:39:11.041866+00:00,PASS,STALE,0.1.0
L1-005,2020-07-23,-0.6238,percent,FRED,THREEFYTP10,docs/phase2-ingestion/data/macro/raw/fred/THREEFYTP10-20260821T023551Z.json,c2ceeb401070c2762eacf24ccfb0c55c1959bd371d9633599639d9af51dc57ce,2026-08-21T02:39:11.041866+00:00,PASS,STALE,0.1.0
L1-005,2020-07-24,-0.6238,percent,FRED,THREEFYTP10,docs/phase2-ingestion/data/macro/raw/fred/THREEFYTP10-20260821T023551Z.json,c2ceeb401070c2762eacf24ccfb0c55c1959bd371d9633599639d9af51dc57ce,2026-08-21T02:39:11.041866+00:00,PASS,STALE,0.1.0
L1-005,2020-07-27,-0.6158,percent,FRED,THREEFYTP10,docs/phase2-ingestion/data/macro/raw/fred/THREEFYTP10-20260821T023551Z.json,c2ceeb401070c2762eacf24ccfb0c55c1959bd371d9633599639d9af51dc57ce,2026-08-21T02:39:11.041866+00:00,PASS,STALE,0.1.0
L1-005,2020-07-28,-0.6253,percent,FRED,THREEFYTP10,docs/phase2-ingestion/data/macro/raw/fred/THREEFYTP10-20260821T023551Z.json,c2ceeb401070c2762eacf24ccfb0c55c1959bd371d9633599639d9af51dc57ce,2026-08-21T02:39:11.041866+00:00,PASS,STALE,0.1.0
L1-005,2020-07-29,-0.6309,percent,FRED,THREEFYTP10,docs/phase2-ingestion/data/macro/raw/fred/THREEFYTP10-20260821T023551Z.json,c2ceeb401070c2762eacf24ccfb0c55c1959bd371d9633599639d9af51dc57ce,2026-08-21T02:39:11.041866+00:00,PASS,STALE,0.1.0
L1-005,2020-07-30,-0.6417,percent,FRED,THREEFYTP10,docs/phase2-ingestion/data/macro/raw/fred/THREEFYTP10-20260821T023551Z.json,c2ceeb401070c2762eacf24ccfb0c55c1959bd371d9633599639d9af51dc57ce,2026-08-21T02:39:11.041866+00:00,PASS,STALE,0.1.0
L1-005,2020-07-31,-0.6471,percent,FRED,THREEFYTP10,docs/phase2-ingestion/data/macro/raw/fred/THREEFYTP10-20260821T023551Z.json,c2ceeb401070c2762eacf24ccfb0c55c1959bd371d9633599639d9af51dc57ce,2026-08-21T02:39:11.041866+00:00,PASS,STALE,0.1.0
L1-005,2020-08-03,-0.6458,percent,FRED,THREEFYTP10,docs/phase2-ingestion/data/macro/raw/fred/THREEFYTP10-20260821T023551Z.json,c2ceeb401070c2762eacf24ccfb0c55c1959bd371d9633599639d9af51dc57ce,2026-08-21T02:39:11.041866+00:00,PASS,STALE,0.1.0
L1-005,2020-08-04,-0.6587,percent,FRED,THREEFYTP10,docs/phase2-ingestion/data/macro/raw/fred/THREEFYTP10-20260821T023551Z.json,c2ceeb401070c2762eacf24ccfb0c55c1959bd371d9633599639d9af51dc57ce,2026-08-21T02:39:11.041866+00:00,PASS,STALE,0.1.0
L1-005,2020-08-05,-0.6519,percent,FRED,THREEFYTP10,docs/phase2-ingestion/data/macro/raw/fred/THREEFYTP10-20260821T023551Z.json,c2ceeb401070c2762eacf24ccfb0c55c1959bd371d9633599639d9af51dc57ce,2026-08-21T02:39:11.041866+00:00,PASS,STALE,0.1.0
L1-005,2020-08-06,-0.6527,percent,FRED,THREEFYTP10,docs/phase2-ingestion/data/macro/raw/fred/THREEFYTP10-20260821T023551Z.json,c2ceeb401070c2762eacf24ccfb0c55c1959bd371d9633599639d9af51dc57ce,2026-08-21T02:39:11.041866+00:00,PASS,STALE,0.1.0
L1-005,2020-08-07,-0.6443,percent,FRED,THREEFYTP10,docs/phase2-ingestion/data/macro/raw/fred/THREEFYTP10-20260821T023551Z.json,c2ceeb401070c2762eacf24ccfb0c55c1959bd371d9633599639d9af51dc57ce,2026-08-21T02:39:11.041866+00:00,PASS,STALE,0.1.0
L1-005,2020-08-10,-0.6385,percent,FRED,THREEFYTP10,docs/phase2-ingestion/data/macro/raw/fred/THREEFYTP10-20260821T023551Z.json,c2ceeb401070c2762eacf24ccfb0c55c1959bd371d9633599639d9af51dc57ce,2026-08-21T02:39:11.041866+00:00,PASS,STALE,0.1.0
L1-005,2020-08-11,-0.6187,percent,FRED,THREEFYTP10,docs/phase2-ingestion/data/macro/raw/fred/THREEFYTP10-20260821T023551Z.json,c2ceeb401070c2762eacf24ccfb0c55c1959bd371d9633599639d9af51dc57ce,2026-08-21T02:39:11.041866+00:00,PASS,STALE,0.1.0
L1-005,2020-08-12,-0.5991,percent,FRED,THREEFYTP10,docs/phase2-ingestion/data/macro/raw/fred/THREEFYTP10-20260821T023551Z.json,c2ceeb401070c2762eacf24ccfb0c55c1959bd371d9633599639d9af51dc57ce,2026-08-21T02:39:11.041866+00:00,PASS,STALE,0.1.0
L1-005,2020-08-13,-0.5826,percent,FRED,THREEFYTP10,docs/phase2-ingestion/data/macro/raw/fred/THREEFYTP10-20260821T023551Z.json,c2ceeb401070c2762eacf24ccfb0c55c1959bd371d9633599639d9af51dc57ce,2026-08-21T02:39:11.041866+00:00,PASS,STALE,0.1.0
L1-005,2020-08-14,-0.581,percent,FRED,THREEFYTP10,docs/phase2-ingestion/data/macro/raw/fred/THREEFYTP10-20260821T023551Z.json,c2ceeb401070c2762eacf24ccfb0c55c1959bd371d9633599639d9af51dc57ce,2026-08-21T02:39:11.041866+00:00,PASS,STALE,0.1.0
L1-005,2020-08-17,-0.5868,percent,FRED,THREEFYTP10,docs/phase2-ingestion/data/macro/raw/fred/THREEFYTP10-20260821T023551Z.json,c2ceeb401070c2762eacf24ccfb0c55c1959bd371d9633599639d9af51dc57ce,2026-08-21T02:39:11.041866+00:00,PASS,STALE,0.1.0
L1-005,2020-08-18,-0.5933,percent,FRED,THREEFYTP10,docs/phase2-ingestion/data/macro/raw/fred/THREEFYTP10-20260821T023551Z.json,c2ceeb401070c2762eacf24ccfb0c55c1959bd371d9633599639d9af51dc57ce,2026-08-21T02:39:11.041866+00:00,PASS,STALE,0.1.0
L1-005,2020-08-19,-0.5932,percent,FRED,THREEFYTP10,docs/phase2-ingestion/data/macro/raw/fred/THREEFYTP10-20260821T023551Z.json,c2ceeb401070c2762eacf24ccfb0c55c1959bd371d9633599639d9af51dc57ce,2026-08-21T02:39:11.041866+00:00,PASS,STALE,0.1.0
L1-005,2020-08-20,-0.6026,percent,FRED,THREEFYTP10,docs/phase2-ingestion/data/macro/raw/fred/THREEFYTP10-20260821T023551Z.json,c2ceeb401070c2762eacf24ccfb0c55c1959bd371d9633599639d9af51dc57ce,2026-08-21T02:39:11.041866+00:00,PASS,STALE,0.1.0
L1-005,2020-08-21,-0.6063,percent,FRED,THREEFYTP10,docs/phase2-ingestion/data/macro/raw/fred/THREEFYTP10-20260821T023551Z.json,c2ceeb401070c2762eacf24ccfb0c55c1959bd371d9633599639d9af51dc57ce,2026-08-21T02:39:11.041866+00:00,PASS,STALE,0.1.0
L1-005,2020-08-24,-0.6037,percent,FRED,THREEFYTP10,docs/phase2-ingestion/data/macro/raw/fred/THREEFYTP10-20260821T023551Z.json,c2ceeb401070c2762eacf24ccfb0c55c1959bd371d9633599639d9af51dc57ce,2026-08-21T02:39:11.041866+00:00,PASS,STALE,0.1.0
L1-005,2020-08-25,-0.5933,percent,FRED,THREEFYTP10,docs/phase2-ingestion/data/macro/raw/fred/THREEFYTP10-20260821T023551Z.json,c2ceeb401070c2762eacf24ccfb0c55c1959bd371d9633599639d9af51dc57ce,2026-08-21T02:39:11.041866+00:00,PASS,STALE,0.1.0
L1-005,2020-08-26,-0.5889,percent,FRED,THREEFYTP10,docs/phase2-ingestion/data/macro/raw/fred/THREEFYTP10-20260821T023551Z.json,c2ceeb401070c2762eacf24ccfb0c55c1959bd371d9633599639d9af51dc57ce,2026-08-21T02:39:11.041866+00:00,PASS,STALE,0.1.0
L1-005,2020-08-27,-0.5721,percent,FRED,THREEFYTP10,docs/phase2-ingestion/data/macro/raw/fred/THREEFYTP10-20260821T023551Z.json,c2ceeb401070c2762eacf24ccfb0c55c1959bd371d9633599639d9af51dc57ce,2026-08-21T02:39:11.041866+00:00,PASS,STALE,0.1.0
L1-005,2020-08-28,-0.5723,percent,FRED,THREEFYTP10,docs/phase2-ingestion/data/macro/raw/fred/THREEFYTP10-20260821T023551Z.json,c2ceeb401070c2762eacf24ccfb0c55c1959bd371d9633599639d9af51dc57ce,2026-08-21T02:39:11.041866+00:00,PASS,STALE,0.1.0
L1-005,2020-08-31,-0.5781,percent,FRED,THREEFYTP10,docs/phase2-ingestion/data/macro/raw/fred/THREEFYTP10-20260821T023551Z.json,c2ceeb401070c2762eacf24ccfb0c55c1959bd371d9633599639d9af51dc57ce,2026-08-21T02:39:11.041866+00:00,PASS,STALE,0.1.0
L1-005,2020-09-01,-0.5926,percent,FRED,THREEFYTP10,docs/phase2-ingestion/data/macro/raw/fred/THREEFYTP10-20260821T023551Z.json,c2ceeb401070c2762eacf24ccfb0c55c1959bd371d9633599639d9af51dc57ce,2026-08-21T02:39:11.041866+00:00,PASS,STALE,0.1.0
L1-005,2020-09-02,-0.6008,percent,FRED,THREEFYTP10,docs/phase2-ingestion/data/macro/raw/fred/THREEFYTP10-20260821T023551Z.json,c2ceeb401070c2762eacf24ccfb0c55c1959bd371d9633599639d9af51dc57ce,2026-08-21T02:39:11.041866+00:00,PASS,STALE,0.1.0
L1-005,2020-09-03,-0.614,percent,FRED,THREEFYTP10,docs/phase2-ingestion/data/macro/raw/fred/THREEFYTP10-20260821T023551Z.json,c2ceeb401070c2762eacf24ccfb0c55c1959bd371d9633599639d9af51dc57ce,2026-08-21T02:39:11.041866+00:00,PASS,STALE,0.1.0
L1-005,2020-09-04,-0.5878,percent,FRED,THREEFYTP10,docs/phase2-ingestion/data/macro/raw/fred/THREEFYTP10-20260821T023551Z.json,c2ceeb401070c2762eacf24ccfb0c55c1959bd371d9633599639d9af51dc57ce,2026-08-21T02:39:11.041866+00:00,PASS,STALE,0.1.0
L1-005,2020-09-08,-0.5932,percent,FRED,THREEFYTP10,docs/phase2-ingestion/data/macro/raw/fred/THREEFYTP10-20260821T023551Z.json,c2ceeb401070c2762eacf24ccfb0c55c1959bd371d9633599639d9af51dc57ce,2026-08-21T02:39:11.041866+00:00,PASS,STALE,0.1.0
L1-005,2020-09-09,-0.5913,percent,FRED,THREEFYTP10,docs/phase2-ingestion/data/macro/raw/fred/THREEFYTP10-20260821T023551Z.json,c2ceeb401070c2762eacf24ccfb0c55c1959bd371d9633599639d9af51dc57ce,2026-08-21T02:39:11.041866+00:00,PASS,STALE,0.1.0
L1-005,2020-09-10,-0.5975,percent,FRED,THREEFYTP10,docs/phase2-ingestion/data/macro/raw/fred/THREEFYTP10-20260821T023551Z.json,c2ceeb401070c2762eacf24ccfb0c55c1959bd371d9633599639d9af51dc57ce,2026-08-21T02:39:11.041866+00:00,PASS,STALE,0.1.0
L1-005,2020-09-11,-0.6019,percent,FRED,THREEFYTP10,docs/phase2-ingestion/data/macro/raw/fred/THREEFYTP10-20260821T023551Z.json,c2ceeb401070c2762eacf24ccfb0c55c1959bd371d9633599639d9af51dc57ce,2026-08-21T02:39:11.041866+00:00,PASS,STALE,0.1.0
L1-005,2020-09-14,-0.6009,percent,FRED,THREEFYTP10,docs/phase2-ingestion/data/macro/raw/fred/THREEFYTP10-20260821T023551Z.json,c2ceeb401070c2762eacf24ccfb0c55c1959bd371d9633599639d9af51dc57ce,2026-08-21T02:39:11.041866+00:00,PASS,STALE,0.1.0
L1-005,2020-09-15,-0.6001,percent,FRED,THREEFYTP10,docs/phase2-ingestion/data/macro/raw/fred/THREEFYTP10-20260821T023551Z.json,c2ceeb401070c2762eacf24ccfb0c55c1959bd371d9633599639d9af51dc57ce,2026-08-21T02:39:11.041866+00:00,PASS,STALE,0.1.0
L1-005,2020-09-16,-0.5961,percent,FRED,THREEFYTP10,docs/phase2-ingestion/data/macro/raw/fred/THREEFYTP10-20260821T023551Z.json,c2ceeb401070c2762eacf24ccfb0c55c1959bd371d9633599639d9af51dc57ce,2026-08-21T02:39:11.041866+00:00,PASS,STALE,0.1.0
L1-005,2020-09-17,-0.5935,percent,FRED,THREEFYTP10,docs/phase2-ingestion/data/macro/raw/fred/THREEFYTP10-20260821T023551Z.json,c2ceeb401070c2762eacf24ccfb0c55c1959bd371d9633599639d9af51dc57ce,2026-08-21T02:39:11.041866+00:00,PASS,STALE,0.1.0
L1-005,2020-09-18,-0.589,percent,FRED,THREEFYTP10,docs/phase2-ingestion/data/macro/raw/fred/THREEFYTP10-20260821T023551Z.json,c2ceeb401070c2762eacf24ccfb0c55c1959bd371d9633599639d9af51dc57ce,2026-08-21T02:39:11.041866+00:00,PASS,STALE,0.1.0
L1-005,2020-09-21,-0.5938,percent,FRED,THREEFYTP10,docs/phase2-ingestion/data/macro/raw/fred/THREEFYTP10-20260821T023551Z.json,c2ceeb401070c2762eacf24ccfb0c55c1959bd371d9633599639d9af51dc57ce,2026-08-21T02:39:11.041866+00:00,PASS,STALE,0.1.0
L1-005,2020-09-22,-0.5971,percent,FRED,THREEFYTP10,docs/phase2-ingestion/data/macro/raw/fred/THREEFYTP10-20260821T023551Z.json,c2ceeb401070c2762eacf24ccfb0c55c1959bd371d9633599639d9af51dc57ce,2026-08-21T02:39:11.041866+00:00,PASS,STALE,0.1.0
L1-005,2020-09-23,-0.5968,percent,FRED,THREEFYTP10,docs/phase2-ingestion/data/macro/raw/fred/THREEFYTP10-20260821T023551Z.json,c2ceeb401070c2762eacf24ccfb0c55c1959bd371d9633599639d9af51dc57ce,2026-08-21T02:39:11.041866+00:00,PASS,STALE,0.1.0
L1-005,2020-09-24,-0.5983,percent,FRED,THREEFYTP10,docs/phase2-ingestion/data/macro/raw/fred/THREEFYTP10-20260821T023551Z.json,c2ceeb401070c2762eacf24ccfb0c55c1959bd371d9633599639d9af51dc57ce,2026-08-21T02:39:11.041866+00:00,PASS,STALE,0.1.0
L1-005,2020-09-25,-0.6024,percent,FRED,THREEFYTP10,docs/phase2-ingestion/data/macro/raw/fred/THREEFYTP10-20260821T023551Z.json,c2ceeb401070c2762eacf24ccfb0c55c1959bd371d9633599639d9af51dc57ce,2026-08-21T02:39:11.041866+00:00,PASS,STALE,0.1.0
L1-005,2020-09-28,-0.6034,percent,FRED,THREEFYTP10,docs/phase2-ingestion/data/macro/raw/fred/THREEFYTP10-20260821T023551Z.json,c2ceeb401070c2762eacf24ccfb0c55c1959bd371d9633599639d9af51dc57ce,2026-08-21T02:39:11.041866+00:00,PASS,STALE,0.1.0
L1-005,2020-09-29,-0.6068,percent,FRED,THREEFYTP10,docs/phase2-ingestion/data/macro/raw/fred/THREEFYTP10-20260821T023551Z.json,c2ceeb401070c2762eacf24ccfb0c55c1959bd371d9633599639d9af51dc57ce,2026-08-21T02:39:11.041866+00:00,PASS,STALE,0.1.0
L1-005,2020-09-30,-0.5978,percent,FRED,THREEFYTP10,docs/phase2-ingestion/data/macro/raw/fred/THREEFYTP10-20260821T023551Z.json,c2ceeb401070c2762eacf24ccfb0c55c1959bd371d9633599639d9af51dc57ce,2026-08-21T02:39:11.041866+00:00,PASS,STALE,0.1.0
L1-005,2020-10-01,-0.5961,percent,FRED,THREEFYTP10,docs/phase2-ingestion/data/macro/raw/fred/THREEFYTP10-20260821T023551Z.json,c2ceeb401070c2762eacf24ccfb0c55c1959bd371d9633599639d9af51dc57ce,2026-08-21T02:39:11.041866+00:00,PASS,STALE,0.1.0
L1-005,2020-10-02,-0.5889,percent,FRED,THREEFYTP10,docs/phase2-ingestion/data/macro/raw/fred/THREEFYTP10-20260821T023551Z.json,c2ceeb401070c2762eacf24ccfb0c55c1959bd371d9633599639d9af51dc57ce,2026-08-21T02:39:11.041866+00:00,PASS,STALE,0.1.0
L1-005,2020-10-05,-0.5618,percent,FRED,THREEFYTP10,docs/phase2-ingestion/data/macro/raw/fred/THREEFYTP10-20260821T023551Z.json,c2ceeb401070c2762eacf24ccfb0c55c1959bd371d9633599639d9af51dc57ce,2026-08-21T02:39:11.041866+00:00,PASS,STALE,0.1.0
L1-005,2020-10-06,-0.5601,percent,FRED,THREEFYTP10,docs/phase2-ingestion/data/macro/raw/fred/THREEFYTP10-20260821T023551Z.json,c2ceeb401070c2762eacf24ccfb0c55c1959bd371d9633599639d9af51dc57ce,2026-08-21T02:39:11.041866+00:00,PASS,STALE,0.1.0
L1-005,2020-10-07,-0.5446,percent,FRED,THREEFYTP10,docs/phase2-ingestion/data/macro/raw/fred/THREEFYTP10-20260821T023551Z.json,c2ceeb401070c2762eacf24ccfb0c55c1959bd371d9633599639d9af51dc57ce,2026-08-21T02:39:11.041866+00:00,PASS,STALE,0.1.0
L1-005,2020-10-08,-0.5497,percent,FRED,THREEFYTP10,docs/phase2-ingestion/data/macro/raw/fred/THREEFYTP10-20260821T023551Z.json,c2ceeb401070c2762eacf24ccfb0c55c1959bd371d9633599639d9af51dc57ce,2026-08-21T02:39:11.041866+00:00,PASS,STALE,0.1.0
L1-005,2020-10-09,-0.5449,percent,FRED,THREEFYTP10,docs/phase2-ingestion/data/macro/raw/fred/THREEFYTP10-20260821T023551Z.json,c2ceeb401070c2762eacf24ccfb0c55c1959bd371d9633599639d9af51dc57ce,2026-08-21T02:39:11.041866+00:00,PASS,STALE,0.1.0
L1-005,2020-10-13,-0.5607,percent,FRED,THREEFYTP10,docs/phase2-ingestion/data/macro/raw/fred/THREEFYTP10-20260821T023551Z.json,c2ceeb401070c2762eacf24ccfb0c55c1959bd371d9633599639d9af51dc57ce,2026-08-21T02:39:11.041866+00:00,PASS,STALE,0.1.0
L1-005,2020-10-14,-0.5689,percent,FRED,THREEFYTP10,docs/phase2-ingestion/data/macro/raw/fred/THREEFYTP10-20260821T023551Z.json,c2ceeb401070c2762eacf24ccfb0c55c1959bd371d9633599639d9af51dc57ce,2026-08-21T02:39:11.041866+00:00,PASS,STALE,0.1.0
L1-005,2020-10-15,-0.5662,percent,FRED,THREEFYTP10,docs/phase2-ingestion/data/macro/raw/fred/THREEFYTP10-20260821T023551Z.json,c2ceeb401070c2762eacf24ccfb0c55c1959bd371d9633599639d9af51dc57ce,2026-08-21T02:39:11.041866+00:00,PASS,STALE,0.1.0
L1-005,2020-10-16,-0.5626,percent,FRED,THREEFYTP10,docs/phase2-ingestion/data/macro/raw/fred/THREEFYTP10-20260821T023551Z.json,c2ceeb401070c2762eacf24ccfb0c55c1959bd371d9633599639d9af51dc57ce,2026-08-21T02:39:11.041866+00:00,PASS,STALE,0.1.0
L1-005,2020-10-19,-0.5544,percent,FRED,THREEFYTP10,docs/phase2-ingestion/data/macro/raw/fred/THREEFYTP10-20260821T023551Z.json,c2ceeb401070c2762eacf24ccfb0c55c1959bd371d9633599639d9af51dc57ce,2026-08-21T02:39:11.041866+00:00,PASS,STALE,0.1.0
L1-005,2020-10-20,-0.5427,percent,FRED,THREEFYTP10,docs/phase2-ingestion/data/macro/raw/fred/THREEFYTP10-20260821T023551Z.json,c2ceeb401070c2762eacf24ccfb0c55c1959bd371d9633599639d9af51dc57ce,2026-08-21T02:39:11.041866+00:00,PASS,STALE,0.1.0
L1-005,2020-10-21,-0.5322,percent,FRED,THREEFYTP10,docs/phase2-ingestion/data/macro/raw/fred/THREEFYTP10-20260821T023551Z.json,c2ceeb401070c2762eacf24ccfb0c55c1959bd371d9633599639d9af51dc57ce,2026-08-21T02:39:11.041866+00:00,PASS,STALE,0.1.0
L1-005,2020-10-22,-0.5141,percent,FRED,THREEFYTP10,docs/phase2-ingestion/data/macro/raw/fred/THREEFYTP10-20260821T023551Z.json,c2ceeb401070c2762eacf24ccfb0c55c1959bd371d9633599639d9af51dc57ce,2026-08-21T02:39:11.041866+00:00,PASS,STALE,0.1.0
L1-005,2020-10-23,-0.5131,percent,FRED,THREEFYTP10,docs/phase2-ingestion/data/macro/raw/fred/THREEFYTP10-20260821T023551Z.json,c2ceeb401070c2762eacf24ccfb0c55c1959bd371d9633599639d9af51dc57ce,2026-08-21T02:39:11.041866+00:00,PASS,STALE,0.1.0
L1-005,2020-10-26,-0.525,percent,FRED,THREEFYTP10,docs/phase2-ingestion/data/macro/raw/fred/THREEFYTP10-20260821T023551Z.json,c2ceeb401070c2762eacf24ccfb0c55c1959bd371d9633599639d9af51dc57ce,2026-08-21T02:39:11.041866+00:00,PASS,STALE,0.1.0
L1-005,2020-10-27,-0.5352,percent,FRED,THREEFYTP10,docs/phase2-ingestion/data/macro/raw/fred/THREEFYTP10-20260821T023551Z.json,c2ceeb401070c2762eacf24ccfb0c55c1959bd371d9633599639d9af51dc57ce,2026-08-21T02:39:11.041866+00:00,PASS,STALE,0.1.0
L1-005,2020-10-28,-0.5381,percent,FRED,THREEFYTP10,docs/phase2-ingestion/data/macro/raw/fred/THREEFYTP10-20260821T023551Z.json,c2ceeb401070c2762eacf24ccfb0c55c1959bd371d9633599639d9af51dc57ce,2026-08-21T02:39:11.041866+00:00,PASS,STALE,0.1.0
L1-005,2020-10-29,-0.5198,percent,FRED,THREEFYTP10,docs/phase2-ingestion/data/macro/raw/fred/THREEFYTP10-20260821T023551Z.json,c2ceeb401070c2762eacf24ccfb0c55c1959bd371d9633599639d9af51dc57ce,2026-08-21T02:39:11.041866+00:00,PASS,STALE,0.1.0
L1-005,2020-10-30,-0.5045,percent,FRED,THREEFYTP10,docs/phase2-ingestion/data/macro/raw/fred/THREEFYTP10-20260821T023551Z.json,c2ceeb401070c2762eacf24ccfb0c55c1959bd371d9633599639d9af51dc57ce,2026-08-21T02:39:11.041866+00:00,PASS,STALE,0.1.0
L1-005,2020-11-02,-0.5034,percent,FRED,THREEFYTP10,docs/phase2-ingestion/data/macro/raw/fred/THREEFYTP10-20260821T023551Z.json,c2ceeb401070c2762eacf24ccfb0c55c1959bd371d9633599639d9af51dc57ce,2026-08-21T02:39:11.041866+00:00,PASS,STALE,0.1.0
L1-005,2020-11-03,-0.4944,percent,FRED,THREEFYTP10,docs/phase2-ingestion/data/macro/raw/fred/THREEFYTP10-20260821T023551Z.json,c2ceeb401070c2762eacf24ccfb0c55c1959bd371d9633599639d9af51dc57ce,2026-08-21T02:39:11.041866+00:00,PASS,STALE,0.1.0
L1-005,2020-11-04,-0.5281,percent,FRED,THREEFYTP10,docs/phase2-ingestion/data/macro/raw/fred/THREEFYTP10-20260821T023551Z.json,c2ceeb401070c2762eacf24ccfb0c55c1959bd371d9633599639d9af51dc57ce,2026-08-21T02:39:11.041866+00:00,PASS,STALE,0.1.0
L1-005,2020-11-05,-0.5356,percent,FRED,THREEFYTP10,docs/phase2-ingestion/data/macro/raw/fred/THREEFYTP10-20260821T023551Z.json,c2ceeb401070c2762eacf24ccfb0c55c1959bd371d9633599639d9af51dc57ce,2026-08-21T02:39:11.041866+00:00,PASS,STALE,0.1.0
L1-005,2020-11-06,-0.5249,percent,FRED,THREEFYTP10,docs/phase2-ingestion/data/macro/raw/fred/THREEFYTP10-20260821T023551Z.json,c2ceeb401070c2762eacf24ccfb0c55c1959bd371d9633599639d9af51dc57ce,2026-08-21T02:39:11.041866+00:00,PASS,STALE,0.1.0
L1-005,2020-11-09,-0.4818,percent,FRED,THREEFYTP10,docs/phase2-ingestion/data/macro/raw/fred/THREEFYTP10-20260821T023551Z.json,c2ceeb401070c2762eacf24ccfb0c55c1959bd371d9633599639d9af51dc57ce,2026-08-21T02:39:11.041866+00:00,PASS,STALE,0.1.0
L1-005,2020-11-10,-0.4599,percent,FRED,THREEFYTP10,docs/phase2-ingestion/data/macro/raw/fred/THREEFYTP10-20260821T023551Z.json,c2ceeb401070c2762eacf24ccfb0c55c1959bd371d9633599639d9af51dc57ce,2026-08-21T02:39:11.041866+00:00,PASS,STALE,0.1.0
L1-005,2020-11-12,-0.485,percent,FRED,THREEFYTP10,docs/phase2-ingestion/data/macro/raw/fred/THREEFYTP10-20260821T023551Z.json,c2ceeb401070c2762eacf24ccfb0c55c1959bd371d9633599639d9af51dc57ce,2026-08-21T02:39:11.041866+00:00,PASS,STALE,0.1.0
L1-005,2020-11-13,-0.4863,percent,FRED,THREEFYTP10,docs/phase2-ingestion/data/macro/raw/fred/THREEFYTP10-20260821T023551Z.json,c2ceeb401070c2762eacf24ccfb0c55c1959bd371d9633599639d9af51dc57ce,2026-08-21T02:39:11.041866+00:00,PASS,STALE,0.1.0
L1-005,2020-11-16,-0.4837,percent,FRED,THREEFYTP10,docs/phase2-ingestion/data/macro/raw/fred/THREEFYTP10-20260821T023551Z.json,c2ceeb401070c2762eacf24ccfb0c55c1959bd371d9633599639d9af51dc57ce,2026-08-21T02:39:11.041866+00:00,PASS,STALE,0.1.0
L1-005,2020-11-17,-0.4956,percent,FRED,THREEFYTP10,docs/phase2-ingestion/data/macro/raw/fred/THREEFYTP10-20260821T023551Z.json,c2ceeb401070c2762eacf24ccfb0c55c1959bd371d9633599639d9af51dc57ce,2026-08-21T02:39:11.041866+00:00,PASS,STALE,0.1.0
L1-005,2020-11-18,-0.4932,percent,FRED,THREEFYTP10,docs/phase2-ingestion/data/macro/raw/fred/THREEFYTP10-20260821T023551Z.json,c2ceeb401070c2762eacf24ccfb0c55c1959bd371d9633599639d9af51dc57ce,2026-08-21T02:39:11.041866+00:00,PASS,STALE,0.1.0
L1-005,2020-11-19,-0.4987,percent,FRED,THREEFYTP10,docs/phase2-ingestion/data/macro/raw/fred/THREEFYTP10-20260821T023551Z.json,c2ceeb401070c2762eacf24ccfb0c55c1959bd371d9633599639d9af51dc57ce,2026-08-21T02:39:11.041866+00:00,PASS,STALE,0.1.0
L1-005,2020-11-20,-0.506,percent,FRED,THREEFYTP10,docs/phase2-ingestion/data/macro/raw/fred/THREEFYTP10-20260821T023551Z.json,c2ceeb401070c2762eacf24ccfb0c55c1959bd371d9633599639d9af51dc57ce,2026-08-21T02:39:11.041866+00:00,PASS,STALE,0.1.0
L1-005,2020-11-23,-0.5011,percent,FRED,THREEFYTP10,docs/phase2-ingestion/data/macro/raw/fred/THREEFYTP10-20260821T023551Z.json,c2ceeb401070c2762eacf24ccfb0c55c1959bd371d9633599639d9af51dc57ce,2026-08-21T02:39:11.041866+00:00,PASS,STALE,0.1.0
L1-005,2020-11-24,-0.4949,percent,FRED,THREEFYTP10,docs/phase2-ingestion/data/macro/raw/fred/THREEFYTP10-20260821T023551Z.json,c2ceeb401070c2762eacf24ccfb0c55c1959bd371d9633599639d9af51dc57ce,2026-08-21T02:39:11.041866+00:00,PASS,STALE,0.1.0
L1-005,2020-11-25,-0.4938,percent,FRED,THREEFYTP10,docs/phase2-ingestion/data/macro/raw/fred/THREEFYTP10-20260821T023551Z.json,c2ceeb401070c2762eacf24ccfb0c55c1959bd371d9633599639d9af51dc57ce,2026-08-21T02:39:11.041866+00:00,PASS,STALE,0.1.0
L1-005,2020-11-27,-0.5053,percent,FRED,THREEFYTP10,docs/phase2-ingestion/data/macro/raw/fred/THREEFYTP10-20260821T023551Z.json,c2ceeb401070c2762eacf24ccfb0c55c1959bd371d9633599639d9af51dc57ce,2026-08-21T02:39:11.041866+00:00,PASS,STALE,0.1.0
L1-005,2020-11-30,-0.5084,percent,FRED,THREEFYTP10,docs/phase2-ingestion/data/macro/raw/fred/THREEFYTP10-20260821T023551Z.json,c2ceeb401070c2762eacf24ccfb0c55c1959bd371d9633599639d9af51dc57ce,2026-08-21T02:39:11.041866+00:00,PASS,STALE,0.1.0
L1-005,2020-12-01,-0.4835,percent,FRED,THREEFYTP10,docs/phase2-ingestion/data/macro/raw/fred/THREEFYTP10-20260821T023551Z.json,c2ceeb401070c2762eacf24ccfb0c55c1959bd371d9633599639d9af51dc57ce,2026-08-21T02:39:11.041866+00:00,PASS,STALE,0.1.0
L1-005,2020-12-02,-0.4703,percent,FRED,THREEFYTP10,docs/phase2-ingestion/data/macro/raw/fred/THREEFYTP10-20260821T023551Z.json,c2ceeb401070c2762eacf24ccfb0c55c1959bd371d9633599639d9af51dc57ce,2026-08-21T02:39:11.041866+00:00,PASS,STALE,0.1.0
L1-005,2020-12-03,-0.474,percent,FRED,THREEFYTP10,docs/phase2-ingestion/data/macro/raw/fred/THREEFYTP10-20260821T023551Z.json,c2ceeb401070c2762eacf24ccfb0c55c1959bd371d9633599639d9af51dc57ce,2026-08-21T02:39:11.041866+00:00,PASS,STALE,0.1.0
L1-005,2020-12-04,-0.4621,percent,FRED,THREEFYTP10,docs/phase2-ingestion/data/macro/raw/fred/THREEFYTP10-20260821T023551Z.json,c2ceeb401070c2762eacf24ccfb0c55c1959bd371d9633599639d9af51dc57ce,2026-08-21T02:39:11.041866+00:00,PASS,STALE,0.1.0
L1-005,2020-12-07,-0.4708,percent,FRED,THREEFYTP10,docs/phase2-ingestion/data/macro/raw/fred/THREEFYTP10-20260821T023551Z.json,c2ceeb401070c2762eacf24ccfb0c55c1959bd371d9633599639d9af51dc57ce,2026-08-21T02:39:11.041866+00:00,PASS,STALE,0.1.0
L1-005,2020-12-08,-0.4775,percent,FRED,THREEFYTP10,docs/phase2-ingestion/data/macro/raw/fred/THREEFYTP10-20260821T023551Z.json,c2ceeb401070c2762eacf24ccfb0c55c1959bd371d9633599639d9af51dc57ce,2026-08-21T02:39:11.041866+00:00,PASS,STALE,0.1.0
L1-005,2020-12-09,-0.4707,percent,FRED,THREEFYTP10,docs/phase2-ingestion/data/macro/raw/fred/THREEFYTP10-20260821T023551Z.json,c2ceeb401070c2762eacf24ccfb0c55c1959bd371d9633599639d9af51dc57ce,2026-08-21T02:39:11.041866+00:00,PASS,STALE,0.1.0
L1-005,2020-12-10,-0.4793,percent,FRED,THREEFYTP10,docs/phase2-ingestion/data/macro/raw/fred/THREEFYTP10-20260821T023551Z.json,c2ceeb401070c2762eacf24ccfb0c55c1959bd371d9633599639d9af51dc57ce,2026-08-21T02:39:11.041866+00:00,PASS,STALE,0.1.0
L1-005,2020-12-11,-0.4893,percent,FRED,THREEFYTP10,docs/phase2-ingestion/data/macro/raw/fred/THREEFYTP10-20260821T023551Z.json,c2ceeb401070c2762eacf24ccfb0c55c1959bd371d9633599639d9af51dc57ce,2026-08-21T02:39:11.041866+00:00,PASS,STALE,0.1.0
L1-005,2020-12-14,-0.4924,percent,FRED,THREEFYTP10,docs/phase2-ingestion/data/macro/raw/fred/THREEFYTP10-20260821T023551Z.json,c2ceeb401070c2762eacf24ccfb0c55c1959bd371d9633599639d9af51dc57ce,2026-08-21T02:39:11.041866+00:00,PASS,STALE,0.1.0
L1-005,2020-12-15,-0.4865,percent,FRED,THREEFYTP10,docs/phase2-ingestion/data/macro/raw/fred/THREEFYTP10-20260821T023551Z.json,c2ceeb401070c2762eacf24ccfb0c55c1959bd371d9633599639d9af51dc57ce,2026-08-21T02:39:11.041866+00:00,PASS,STALE,0.1.0
L1-005,2020-12-16,-0.4854,percent,FRED,THREEFYTP10,docs/phase2-ingestion/data/macro/raw/fred/THREEFYTP10-20260821T023551Z.json,c2ceeb401070c2762eacf24ccfb0c55c1959bd371d9633599639d9af51dc57ce,2026-08-21T02:39:11.041866+00:00,PASS,STALE,0.1.0
L1-005,2020-12-17,-0.4794,percent,FRED,THREEFYTP10,docs/phase2-ingestion/data/macro/raw/fred/THREEFYTP10-20260821T023551Z.json,c2ceeb401070c2762eacf24ccfb0c55c1959bd371d9633599639d9af51dc57ce,2026-08-21T02:39:11.041866+00:00,PASS,STALE,0.1.0
L1-005,2020-12-18,-0.4747,percent,FRED,THREEFYTP10,docs/phase2-ingestion/data/macro/raw/fred/THREEFYTP10-20260821T023551Z.json,c2ceeb401070c2762eacf24ccfb0c55c1959bd371d9633599639d9af51dc57ce,2026-08-21T02:39:11.041866+00:00,PASS,STALE,0.1.0
L1-005,2020-12-21,-0.4728,percent,FRED,THREEFYTP10,docs/phase2-ingestion/data/macro/raw/fred/THREEFYTP10-20260821T023551Z.json,c2ceeb401070c2762eacf24ccfb0c55c1959bd371d9633599639d9af51dc57ce,2026-08-21T02:39:11.041866+00:00,PASS,STALE,0.1.0
L1-005,2020-12-22,-0.4808,percent,FRED,THREEFYTP10,docs/phase2-ingestion/data/macro/raw/fred/THREEFYTP10-20260821T023551Z.json,c2ceeb401070c2762eacf24ccfb0c55c1959bd371d9633599639d9af51dc57ce,2026-08-21T02:39:11.041866+00:00,PASS,STALE,0.1.0
L1-005,2020-12-23,-0.4728,percent,FRED,THREEFYTP10,docs/phase2-ingestion/data/macro/raw/fred/THREEFYTP10-20260821T023551Z.json,c2ceeb401070c2762eacf24ccfb0c55c1959bd371d9633599639d9af51dc57ce,2026-08-21T02:39:11.041866+00:00,PASS,STALE,0.1.0
L1-005,2020-12-24,-0.4771,percent,FRED,THREEFYTP10,docs/phase2-ingestion/data/macro/raw/fred/THREEFYTP10-20260821T023551Z.json,c2ceeb401070c2762eacf24ccfb0c55c1959bd371d9633599639d9af51dc57ce,2026-08-21T02:39:11.041866+00:00,PASS,STALE,0.1.0
L1-005,2020-12-28,-0.4799,percent,FRED,THREEFYTP10,docs/phase2-ingestion/data/macro/raw/fred/THREEFYTP10-20260821T023551Z.json,c2ceeb401070c2762eacf24ccfb0c55c1959bd371d9633599639d9af51dc57ce,2026-08-21T02:39:11.041866+00:00,PASS,STALE,0.1.0
L1-005,2020-12-29,-0.4805,percent,FRED,THREEFYTP10,docs/phase2-ingestion/data/macro/raw/fred/THREEFYTP10-20260821T023551Z.json,c2ceeb401070c2762eacf24ccfb0c55c1959bd371d9633599639d9af51dc57ce,2026-08-21T02:39:11.041866+00:00,PASS,STALE,0.1.0
L1-005,2020-12-30,-0.4819,percent,FRED,THREEFYTP10,docs/phase2-ingestion/data/macro/raw/fred/THREEFYTP10-20260821T023551Z.json,c2ceeb401070c2762eacf24ccfb0c55c1959bd371d9633599639d9af51dc57ce,2026-08-21T02:39:11.041866+00:00,PASS,STALE,0.1.0
L1-005,2020-12-31,-0.4849,percent,FRED,THREEFYTP10,docs/phase2-ingestion/data/macro/raw/fred/THREEFYTP10-20260821T023551Z.json,c2ceeb401070c2762eacf24ccfb0c55c1959bd371d9633599639d9af51dc57ce,2026-08-21T02:39:11.041866+00:00,PASS,STALE,0.1.0
L1-005,2021-01-04,-0.4881,percent,FRED,THREEFYTP10,docs/phase2-ingestion/data/macro/raw/fred/THREEFYTP10-20260821T023551Z.json,c2ceeb401070c2762eacf24ccfb0c55c1959bd371d9633599639d9af51dc57ce,2026-08-21T02:39:11.041866+00:00,PASS,STALE,0.1.0
L1-005,2021-01-05,-0.4793,percent,FRED,THREEFYTP10,docs/phase2-ingestion/data/macro/raw/fred/THREEFYTP10-20260821T023551Z.json,c2ceeb401070c2762eacf24ccfb0c55c1959bd371d9633599639d9af51dc57ce,2026-08-21T02:39:11.041866+00:00,PASS,STALE,0.1.0
L1-005,2021-01-06,-0.4475,percent,FRED,THREEFYTP10,docs/phase2-ingestion/data/macro/raw/fred/THREEFYTP10-20260821T023551Z.json,c2ceeb401070c2762eacf24ccfb0c55c1959bd371d9633599639d9af51dc57ce,2026-08-21T02:39:11.041866+00:00,PASS,STALE,0.1.0
L1-005,2021-01-07,-0.4236,percent,FRED,THREEFYTP10,docs/phase2-ingestion/data/macro/raw/fred/THREEFYTP10-20260821T023551Z.json,c2ceeb401070c2762eacf24ccfb0c55c1959bd371d9633599639d9af51dc57ce,2026-08-21T02:39:11.041866+00:00,PASS,STALE,0.1.0
L1-005,2021-01-08,-0.4005,percent,FRED,THREEFYTP10,docs/phase2-ingestion/data/macro/raw/fred/THREEFYTP10-20260821T023551Z.json,c2ceeb401070c2762eacf24ccfb0c55c1959bd371d9633599639d9af51dc57ce,2026-08-21T02:39:11.041866+00:00,PASS,STALE,0.1.0
L1-005,2021-01-11,-0.3852,percent,FRED,THREEFYTP10,docs/phase2-ingestion/data/macro/raw/fred/THREEFYTP10-20260821T023551Z.json,c2ceeb401070c2762eacf24ccfb0c55c1959bd371d9633599639d9af51dc57ce,2026-08-21T02:39:11.041866+00:00,PASS,STALE,0.1.0
L1-005,2021-01-12,-0.3809,percent,FRED,THREEFYTP10,docs/phase2-ingestion/data/macro/raw/fred/THREEFYTP10-20260821T023551Z.json,c2ceeb401070c2762eacf24ccfb0c55c1959bd371d9633599639d9af51dc57ce,2026-08-21T02:39:11.041866+00:00,PASS,STALE,0.1.0
L1-005,2021-01-13,-0.3927,percent,FRED,THREEFYTP10,docs/phase2-ingestion/data/macro/raw/fred/THREEFYTP10-20260821T023551Z.json,c2ceeb401070c2762eacf24ccfb0c55c1959bd371d9633599639d9af51dc57ce,2026-08-21T02:39:11.041866+00:00,PASS,STALE,0.1.0
L1-005,2021-01-14,-0.3834,percent,FRED,THREEFYTP10,docs/phase2-ingestion/data/macro/raw/fred/THREEFYTP10-20260821T023551Z.json,c2ceeb401070c2762eacf24ccfb0c55c1959bd371d9633599639d9af51dc57ce,2026-08-21T02:39:11.041866+00:00,PASS,STALE,0.1.0
L1-005,2021-01-15,-0.3951,percent,FRED,THREEFYTP10,docs/phase2-ingestion/data/macro/raw/fred/THREEFYTP10-20260821T023551Z.json,c2ceeb401070c2762eacf24ccfb0c55c1959bd371d9633599639d9af51dc57ce,2026-08-21T02:39:11.041866+00:00,PASS,STALE,0.1.0
L1-005,2021-01-19,-0.4013,percent,FRED,THREEFYTP10,docs/phase2-ingestion/data/macro/raw/fred/THREEFYTP10-20260821T023551Z.json,c2ceeb401070c2762eacf24ccfb0c55c1959bd371d9633599639d9af51dc57ce,2026-08-21T02:39:11.041866+00:00,PASS,STALE,0.1.0
L1-005,2021-01-20,-0.4036,percent,FRED,THREEFYTP10,docs/phase2-ingestion/data/macro/raw/fred/THREEFYTP10-20260821T023551Z.json,c2ceeb401070c2762eacf24ccfb0c55c1959bd371d9633599639d9af51dc57ce,2026-08-21T02:39:11.041866+00:00,PASS,STALE,0.1.0
L1-005,2021-01-21,-0.3986,percent,FRED,THREEFYTP10,docs/phase2-ingestion/data/macro/raw/fred/THREEFYTP10-20260821T023551Z.json,c2ceeb401070c2762eacf24ccfb0c55c1959bd371d9633599639d9af51dc57ce,2026-08-21T02:39:11.041866+00:00,PASS,STALE,0.1.0
L1-005,2021-01-22,-0.4035,percent,FRED,THREEFYTP10,docs/phase2-ingestion/data/macro/raw/fred/THREEFYTP10-20260821T023551Z.json,c2ceeb401070c2762eacf24ccfb0c55c1959bd371d9633599639d9af51dc57ce,2026-08-21T02:39:11.041866+00:00,PASS,STALE,0.1.0
L1-005,2021-01-25,-0.4199,percent,FRED,THREEFYTP10,docs/phase2-ingestion/data/macro/raw/fred/THREEFYTP10-20260821T023551Z.json,c2ceeb401070c2762eacf24ccfb0c55c1959bd371d9633599639d9af51dc57ce,2026-08-21T02:39:11.041866+00:00,PASS,STALE,0.1.0
L1-005,2021-01-26,-0.4235,percent,FRED,THREEFYTP10,docs/phase2-ingestion/data/macro/raw/fred/THREEFYTP10-20260821T023551Z.json,c2ceeb401070c2762eacf24ccfb0c55c1959bd371d9633599639d9af51dc57ce,2026-08-21T02:39:11.041866+00:00,PASS,STALE,0.1.0
L1-005,2021-01-27,-0.4295,percent,FRED,THREEFYTP10,docs/phase2-ingestion/data/macro/raw/fred/THREEFYTP10-20260821T023551Z.json,c2ceeb401070c2762eacf24ccfb0c55c1959bd371d9633599639d9af51dc57ce,2026-08-21T02:39:11.041866+00:00,PASS,STALE,0.1.0
L1-005,2021-01-28,-0.4219,percent,FRED,THREEFYTP10,docs/phase2-ingestion/data/macro/raw/fred/THREEFYTP10-20260821T023551Z.json,c2ceeb401070c2762eacf24ccfb0c55c1959bd371d9633599639d9af51dc57ce,2026-08-21T02:39:11.041866+00:00,PASS,STALE,0.1.0
L1-005,2021-01-29,-0.4041,percent,FRED,THREEFYTP10,docs/phase2-ingestion/data/macro/raw/fred/THREEFYTP10-20260821T023551Z.json,c2ceeb401070c2762eacf24ccfb0c55c1959bd371d9633599639d9af51dc57ce,2026-08-21T02:39:11.041866+00:00,PASS,STALE,0.1.0
L1-005,2021-02-01,-0.409,percent,FRED,THREEFYTP10,docs/phase2-ingestion/data/macro/raw/fred/THREEFYTP10-20260821T023551Z.json,c2ceeb401070c2762eacf24ccfb0c55c1959bd371d9633599639d9af51dc57ce,2026-08-21T02:39:11.041866+00:00,PASS,STALE,0.1.0
L1-005,2021-02-02,-0.3998,percent,FRED,THREEFYTP10,docs/phase2-ingestion/data/macro/raw/fred/THREEFYTP10-20260821T023551Z.json,c2ceeb401070c2762eacf24ccfb0c55c1959bd371d9633599639d9af51dc57ce,2026-08-21T02:39:11.041866+00:00,PASS,STALE,0.1.0
L1-005,2021-02-03,-0.3854,percent,FRED,THREEFYTP10,docs/phase2-ingestion/data/macro/raw/fred/THREEFYTP10-20260821T023551Z.json,c2ceeb401070c2762eacf24ccfb0c55c1959bd371d9633599639d9af51dc57ce,2026-08-21T02:39:11.041866+00:00,PASS,STALE,0.1.0
L1-005,2021-02-04,-0.3787,percent,FRED,THREEFYTP10,docs/phase2-ingestion/data/macro/raw/fred/THREEFYTP10-20260821T023551Z.json,c2ceeb401070c2762eacf24ccfb0c55c1959bd371d9633599639d9af51dc57ce,2026-08-21T02:39:11.041866+00:00,PASS,STALE,0.1.0
L1-005,2021-02-05,-0.3671,percent,FRED,THREEFYTP10,docs/phase2-ingestion/data/macro/raw/fred/THREEFYTP10-20260821T023551Z.json,c2ceeb401070c2762eacf24ccfb0c55c1959bd371d9633599639d9af51dc57ce,2026-08-21T02:39:11.041866+00:00,PASS,STALE,0.1.0
L1-005,2021-02-08,-0.3611,percent,FRED,THREEFYTP10,docs/phase2-ingestion/data/macro/raw/fred/THREEFYTP10-20260821T023551Z.json,c2ceeb401070c2762eacf24ccfb0c55c1959bd371d9633599639d9af51dc57ce,2026-08-21T02:39:11.041866+00:00,PASS,STALE,0.1.0
L1-005,2021-02-09,-0.3611,percent,FRED,THREEFYTP10,docs/phase2-ingestion/data/macro/raw/fred/THREEFYTP10-20260821T023551Z.json,c2ceeb401070c2762eacf24ccfb0c55c1959bd371d9633599639d9af51dc57ce,2026-08-21T02:39:11.041866+00:00,PASS,STALE,0.1.0
L1-005,2021-02-10,-0.3721,percent,FRED,THREEFYTP10,docs/phase2-ingestion/data/macro/raw/fred/THREEFYTP10-20260821T023551Z.json,c2ceeb401070c2762eacf24ccfb0c55c1959bd371d9633599639d9af51dc57ce,2026-08-21T02:39:11.041866+00:00,PASS,STALE,0.1.0
L1-005,2021-02-11,-0.3723,percent,FRED,THREEFYTP10,docs/phase2-ingestion/data/macro/raw/fred/THREEFYTP10-20260821T023551Z.json,c2ceeb401070c2762eacf24ccfb0c55c1959bd371d9633599639d9af51dc57ce,2026-08-21T02:39:11.041866+00:00,PASS,STALE,0.1.0
L1-005,2021-02-12,-0.3555,percent,FRED,THREEFYTP10,docs/phase2-ingestion/data/macro/raw/fred/THREEFYTP10-20260821T023551Z.json,c2ceeb401070c2762eacf24ccfb0c55c1959bd371d9633599639d9af51dc57ce,2026-08-21T02:39:11.041866+00:00,PASS,STALE,0.1.0
L1-005,2021-02-16,-0.3167,percent,FRED,THREEFYTP10,docs/phase2-ingestion/data/macro/raw/fred/THREEFYTP10-20260821T023551Z.json,c2ceeb401070c2762eacf24ccfb0c55c1959bd371d9633599639d9af51dc57ce,2026-08-21T02:39:11.041866+00:00,PASS,STALE,0.1.0
L1-005,2021-02-17,-0.3047,percent,FRED,THREEFYTP10,docs/phase2-ingestion/data/macro/raw/fred/THREEFYTP10-20260821T023551Z.json,c2ceeb401070c2762eacf24ccfb0c55c1959bd371d9633599639d9af51dc57ce,2026-08-21T02:39:11.041866+00:00,PASS,STALE,0.1.0
L1-005,2021-02-18,-0.2999,percent,FRED,THREEFYTP10,docs/phase2-ingestion/data/macro/raw/fred/THREEFYTP10-20260821T023551Z.json,c2ceeb401070c2762eacf24ccfb0c55c1959bd371d9633599639d9af51dc57ce,2026-08-21T02:39:11.041866+00:00,PASS,STALE,0.1.0
L1-005,2021-02-19,-0.281,percent,FRED,THREEFYTP10,docs/phase2-ingestion/data/macro/raw/fred/THREEFYTP10-20260821T023551Z.json,c2ceeb401070c2762eacf24ccfb0c55c1959bd371d9633599639d9af51dc57ce,2026-08-21T02:39:11.041866+00:00,PASS,STALE,0.1.0
L1-005,2021-02-22,-0.2651,percent,FRED,THREEFYTP10,docs/phase2-ingestion/data/macro/raw/fred/THREEFYTP10-20260821T023551Z.json,c2ceeb401070c2762eacf24ccfb0c55c1959bd371d9633599639d9af51dc57ce,2026-08-21T02:39:11.041866+00:00,PASS,STALE,0.1.0
L1-005,2021-02-23,-0.262,percent,FRED,THREEFYTP10,docs/phase2-ingestion/data/macro/raw/fred/THREEFYTP10-20260821T023551Z.json,c2ceeb401070c2762eacf24ccfb0c55c1959bd371d9633599639d9af51dc57ce,2026-08-21T02:39:11.041866+00:00,PASS,STALE,0.1.0
L1-005,2021-02-24,-0.2515,percent,FRED,THREEFYTP10,docs/phase2-ingestion/data/macro/raw/fred/THREEFYTP10-20260821T023551Z.json,c2ceeb401070c2762eacf24ccfb0c55c1959bd371d9633599639d9af51dc57ce,2026-08-21T02:39:11.041866+00:00,PASS,STALE,0.1.0
L1-005,2021-02-25,-0.1743,percent,FRED,THREEFYTP10,docs/phase2-ingestion/data/macro/raw/fred/THREEFYTP10-20260821T023551Z.json,c2ceeb401070c2762eacf24ccfb0c55c1959bd371d9633599639d9af51dc57ce,2026-08-21T02:39:11.041866+00:00,PASS,STALE,0.1.0
L1-005,2021-02-26,-0.1807,percent,FRED,THREEFYTP10,docs/phase2-ingestion/data/macro/raw/fred/THREEFYTP10-20260821T023551Z.json,c2ceeb401070c2762eacf24ccfb0c55c1959bd371d9633599639d9af51dc57ce,2026-08-21T02:39:11.041866+00:00,PASS,STALE,0.1.0
L1-005,2021-03-01,-0.19,percent,FRED,THREEFYTP10,docs/phase2-ingestion/data/macro/raw/fred/THREEFYTP10-20260821T023551Z.json,c2ceeb401070c2762eacf24ccfb0c55c1959bd371d9633599639d9af51dc57ce,2026-08-21T02:39:11.041866+00:00,PASS,STALE,0.1.0
L1-005,2021-03-02,-0.2057,percent,FRED,THREEFYTP10,docs/phase2-ingestion/data/macro/raw/fred/THREEFYTP10-20260821T023551Z.json,c2ceeb401070c2762eacf24ccfb0c55c1959bd371d9633599639d9af51dc57ce,2026-08-21T02:39:11.041866+00:00,PASS,STALE,0.1.0
L1-005,2021-03-03,-0.1887,percent,FRED,THREEFYTP10,docs/phase2-ingestion/data/macro/raw/fred/THREEFYTP10-20260821T023551Z.json,c2ceeb401070c2762eacf24ccfb0c55c1959bd371d9633599639d9af51dc57ce,2026-08-21T02:39:11.041866+00:00,PASS,STALE,0.1.0
L1-005,2021-03-04,-0.1585,percent,FRED,THREEFYTP10,docs/phase2-ingestion/data/macro/raw/fred/THREEFYTP10-20260821T023551Z.json,c2ceeb401070c2762eacf24ccfb0c55c1959bd371d9633599639d9af51dc57ce,2026-08-21T02:39:11.041866+00:00,PASS,STALE,0.1.0
L1-005,2021-03-05,-0.1425,percent,FRED,THREEFYTP10,docs/phase2-ingestion/data/macro/raw/fred/THREEFYTP10-20260821T023551Z.json,c2ceeb401070c2762eacf24ccfb0c55c1959bd371d9633599639d9af51dc57ce,2026-08-21T02:39:11.041866+00:00,PASS,STALE,0.1.0
L1-005,2021-03-08,-0.1189,percent,FRED,THREEFYTP10,docs/phase2-ingestion/data/macro/raw/fred/THREEFYTP10-20260821T023551Z.json,c2ceeb401070c2762eacf24ccfb0c55c1959bd371d9633599639d9af51dc57ce,2026-08-21T02:39:11.041866+00:00,PASS,STALE,0.1.0
L1-005,2021-03-09,-0.1271,percent,FRED,THREEFYTP10,docs/phase2-ingestion/data/macro/raw/fred/THREEFYTP10-20260821T023551Z.json,c2ceeb401070c2762eacf24ccfb0c55c1959bd371d9633599639d9af51dc57ce,2026-08-21T02:39:11.041866+00:00,PASS,STALE,0.1.0
L1-005,2021-03-10,-0.1398,percent,FRED,THREEFYTP10,docs/phase2-ingestion/data/macro/raw/fred/THREEFYTP10-20260821T023551Z.json,c2ceeb401070c2762eacf24ccfb0c55c1959bd371d9633599639d9af51dc57ce,2026-08-21T02:39:11.041866+00:00,PASS,STALE,0.1.0
L1-005,2021-03-11,-0.143,percent,FRED,THREEFYTP10,docs/phase2-ingestion/data/macro/raw/fred/THREEFYTP10-20260821T023551Z.json,c2ceeb401070c2762eacf24ccfb0c55c1959bd371d9633599639d9af51dc57ce,2026-08-21T02:39:11.041866+00:00,PASS,STALE,0.1.0
L1-005,2021-03-12,-0.1082,percent,FRED,THREEFYTP10,docs/phase2-ingestion/data/macro/raw/fred/THREEFYTP10-20260821T023551Z.json,c2ceeb401070c2762eacf24ccfb0c55c1959bd371d9633599639d9af51dc57ce,2026-08-21T02:39:11.041866+00:00,PASS,STALE,0.1.0
L1-005,2021-03-15,-0.1034,percent,FRED,THREEFYTP10,docs/phase2-ingestion/data/macro/raw/fred/THREEFYTP10-20260821T023551Z.json,c2ceeb401070c2762eacf24ccfb0c55c1959bd371d9633599639d9af51dc57ce,2026-08-21T02:39:11.041866+00:00,PASS,STALE,0.1.0
L1-005,2021-03-16,-0.1021,percent,FRED,THREEFYTP10,docs/phase2-ingestion/data/macro/raw/fred/THREEFYTP10-20260821T023551Z.json,c2ceeb401070c2762eacf24ccfb0c55c1959bd371d9633599639d9af51dc57ce,2026-08-21T02:39:11.041866+00:00,PASS,STALE,0.1.0
L1-005,2021-03-17,-0.1044,percent,FRED,THREEFYTP10,docs/phase2-ingestion/data/macro/raw/fred/THREEFYTP10-20260821T023551Z.json,c2ceeb401070c2762eacf24ccfb0c55c1959bd371d9633599639d9af51dc57ce,2026-08-21T02:39:11.041866+00:00,PASS,STALE,0.1.0
L1-005,2021-03-18,-0.0738,percent,FRED,THREEFYTP10,docs/phase2-ingestion/data/macro/raw/fred/THREEFYTP10-20260821T023551Z.json,c2ceeb401070c2762eacf24ccfb0c55c1959bd371d9633599639d9af51dc57ce,2026-08-21T02:39:11.041866+00:00,PASS,STALE,0.1.0
L1-005,2021-03-19,-0.0515,percent,FRED,THREEFYTP10,docs/phase2-ingestion/data/macro/raw/fred/THREEFYTP10-20260821T023551Z.json,c2ceeb401070c2762eacf24ccfb0c55c1959bd371d9633599639d9af51dc57ce,2026-08-21T02:39:11.041866+00:00,PASS,STALE,0.1.0
L1-005,2021-03-22,-0.061,percent,FRED,THREEFYTP10,docs/phase2-ingestion/data/macro/raw/fred/THREEFYTP10-20260821T023551Z.json,c2ceeb401070c2762eacf24ccfb0c55c1959bd371d9633599639d9af51dc57ce,2026-08-21T02:39:11.041866+00:00,PASS,STALE,0.1.0
L1-005,2021-03-23,-0.0808,percent,FRED,THREEFYTP10,docs/phase2-ingestion/data/macro/raw/fred/THREEFYTP10-20260821T023551Z.json,c2ceeb401070c2762eacf24ccfb0c55c1959bd371d9633599639d9af51dc57ce,2026-08-21T02:39:11.041866+00:00,PASS,STALE,0.1.0
L1-005,2021-03-24,-0.093,percent,FRED,THREEFYTP10,docs/phase2-ingestion/data/macro/raw/fred/THREEFYTP10-20260821T023551Z.json,c2ceeb401070c2762eacf24ccfb0c55c1959bd371d9633599639d9af51dc57ce,2026-08-21T02:39:11.041866+00:00,PASS,STALE,0.1.0
L1-005,2021-03-25,-0.0944,percent,FRED,THREEFYTP10,docs/phase2-ingestion/data/macro/raw/fred/THREEFYTP10-20260821T023551Z.json,c2ceeb401070c2762eacf24ccfb0c55c1959bd371d9633599639d9af51dc57ce,2026-08-21T02:39:11.041866+00:00,PASS,STALE,0.1.0
L1-005,2021-03-26,-0.0804,percent,FRED,THREEFYTP10,docs/phase2-ingestion/data/macro/raw/fred/THREEFYTP10-20260821T023551Z.json,c2ceeb401070c2762eacf24ccfb0c55c1959bd371d9633599639d9af51dc57ce,2026-08-21T02:39:11.041866+00:00,PASS,STALE,0.1.0
L1-005,2021-03-29,-0.0587,percent,FRED,THREEFYTP10,docs/phase2-ingestion/data/macro/raw/fred/THREEFYTP10-20260821T023551Z.json,c2ceeb401070c2762eacf24ccfb0c55c1959bd371d9633599639d9af51dc57ce,2026-08-21T02:39:11.041866+00:00,PASS,STALE,0.1.0
L1-005,2021-03-30,-0.0481,percent,FRED,THREEFYTP10,docs/phase2-ingestion/data/macro/raw/fred/THREEFYTP10-20260821T023551Z.json,c2ceeb401070c2762eacf24ccfb0c55c1959bd371d9633599639d9af51dc57ce,2026-08-21T02:39:11.041866+00:00,PASS,STALE,0.1.0
L1-005,2021-03-31,-0.0374,percent,FRED,THREEFYTP10,docs/phase2-ingestion/data/macro/raw/fred/THREEFYTP10-20260821T023551Z.json,c2ceeb401070c2762eacf24ccfb0c55c1959bd371d9633599639d9af51dc57ce,2026-08-21T02:39:11.041866+00:00,PASS,STALE,0.1.0
L1-005,2021-04-01,-0.0473,percent,FRED,THREEFYTP10,docs/phase2-ingestion/data/macro/raw/fred/THREEFYTP10-20260821T023551Z.json,c2ceeb401070c2762eacf24ccfb0c55c1959bd371d9633599639d9af51dc57ce,2026-08-21T02:39:11.041866+00:00,PASS,STALE,0.1.0
L1-005,2021-04-02,-0.0318,percent,FRED,THREEFYTP10,docs/phase2-ingestion/data/macro/raw/fred/THREEFYTP10-20260821T023551Z.json,c2ceeb401070c2762eacf24ccfb0c55c1959bd371d9633599639d9af51dc57ce,2026-08-21T02:39:11.041866+00:00,PASS,STALE,0.1.0
L1-005,2021-04-05,-0.0335,percent,FRED,THREEFYTP10,docs/phase2-ingestion/data/macro/raw/fred/THREEFYTP10-20260821T023551Z.json,c2ceeb401070c2762eacf24ccfb0c55c1959bd371d9633599639d9af51dc57ce,2026-08-21T02:39:11.041866+00:00,PASS,STALE,0.1.0
L1-005,2021-04-06,-0.0569,percent,FRED,THREEFYTP10,docs/phase2-ingestion/data/macro/raw/fred/THREEFYTP10-20260821T023551Z.json,c2ceeb401070c2762eacf24ccfb0c55c1959bd371d9633599639d9af51dc57ce,2026-08-21T02:39:11.041866+00:00,PASS,STALE,0.1.0
L1-005,2021-04-07,-0.0623,percent,FRED,THREEFYTP10,docs/phase2-ingestion/data/macro/raw/fred/THREEFYTP10-20260821T023551Z.json,c2ceeb401070c2762eacf24ccfb0c55c1959bd371d9633599639d9af51dc57ce,2026-08-21T02:39:11.041866+00:00,PASS,STALE,0.1.0
L1-005,2021-04-08,-0.078,percent,FRED,THREEFYTP10,docs/phase2-ingestion/data/macro/raw/fred/THREEFYTP10-20260821T023551Z.json,c2ceeb401070c2762eacf24ccfb0c55c1959bd371d9633599639d9af51dc57ce,2026-08-21T02:39:11.041866+00:00,PASS,STALE,0.1.0
L1-005,2021-04-09,-0.0716,percent,FRED,THREEFYTP10,docs/phase2-ingestion/data/macro/raw/fred/THREEFYTP10-20260821T023551Z.json,c2ceeb401070c2762eacf24ccfb0c55c1959bd371d9633599639d9af51dc57ce,2026-08-21T02:39:11.041866+00:00,PASS,STALE,0.1.0
L1-005,2021-04-12,-0.0639,percent,FRED,THREEFYTP10,docs/phase2-ingestion/data/macro/raw/fred/THREEFYTP10-20260821T023551Z.json,c2ceeb401070c2762eacf24ccfb0c55c1959bd371d9633599639d9af51dc57ce,2026-08-21T02:39:11.041866+00:00,PASS,STALE,0.1.0
L1-005,2021-04-13,-0.0816,percent,FRED,THREEFYTP10,docs/phase2-ingestion/data/macro/raw/fred/THREEFYTP10-20260821T023551Z.json,c2ceeb401070c2762eacf24ccfb0c55c1959bd371d9633599639d9af51dc57ce,2026-08-21T02:39:11.041866+00:00,PASS,STALE,0.1.0
L1-005,2021-04-14,-0.0809,percent,FRED,THREEFYTP10,docs/phase2-ingestion/data/macro/raw/fred/THREEFYTP10-20260821T023551Z.json,c2ceeb401070c2762eacf24ccfb0c55c1959bd371d9633599639d9af51dc57ce,2026-08-21T02:39:11.041866+00:00,PASS,STALE,0.1.0
L1-005,2021-04-15,-0.1094,percent,FRED,THREEFYTP10,docs/phase2-ingestion/data/macro/raw/fred/THREEFYTP10-20260821T023551Z.json,c2ceeb401070c2762eacf24ccfb0c55c1959bd371d9633599639d9af51dc57ce,2026-08-21T02:39:11.041866+00:00,PASS,STALE,0.1.0
L1-005,2021-04-16,-0.1065,percent,FRED,THREEFYTP10,docs/phase2-ingestion/data/macro/raw/fred/THREEFYTP10-20260821T023551Z.json,c2ceeb401070c2762eacf24ccfb0c55c1959bd371d9633599639d9af51dc57ce,2026-08-21T02:39:11.041866+00:00,PASS,STALE,0.1.0
L1-005,2021-04-19,-0.1005,percent,FRED,THREEFYTP10,docs/phase2-ingestion/data/macro/raw/fred/THREEFYTP10-20260821T023551Z.json,c2ceeb401070c2762eacf24ccfb0c55c1959bd371d9633599639d9af51dc57ce,2026-08-21T02:39:11.041866+00:00,PASS,STALE,0.1.0
L1-005,2021-04-20,-0.1124,percent,FRED,THREEFYTP10,docs/phase2-ingestion/data/macro/raw/fred/THREEFYTP10-20260821T023551Z.json,c2ceeb401070c2762eacf24ccfb0c55c1959bd371d9633599639d9af51dc57ce,2026-08-21T02:39:11.041866+00:00,PASS,STALE,0.1.0
L1-005,2021-04-21,-0.1189,percent,FRED,THREEFYTP10,docs/phase2-ingestion/data/macro/raw/fred/THREEFYTP10-20260821T023551Z.json,c2ceeb401070c2762eacf24ccfb0c55c1959bd371d9633599639d9af51dc57ce,2026-08-21T02:39:11.041866+00:00,PASS,STALE,0.1.0
L1-005,2021-04-22,-0.1217,percent,FRED,THREEFYTP10,docs/phase2-ingestion/data/macro/raw/fred/THREEFYTP10-20260821T023551Z.json,c2ceeb401070c2762eacf24ccfb0c55c1959bd371d9633599639d9af51dc57ce,2026-08-21T02:39:11.041866+00:00,PASS,STALE,0.1.0
L1-005,2021-04-23,-0.1149,percent,FRED,THREEFYTP10,docs/phase2-ingestion/data/macro/raw/fred/THREEFYTP10-20260821T023551Z.json,c2ceeb401070c2762eacf24ccfb0c55c1959bd371d9633599639d9af51dc57ce,2026-08-21T02:39:11.041866+00:00,PASS,STALE,0.1.0
L1-005,2021-04-26,-0.1114,percent,FRED,THREEFYTP10,docs/phase2-ingestion/data/macro/raw/fred/THREEFYTP10-20260821T023551Z.json,c2ceeb401070c2762eacf24ccfb0c55c1959bd371d9633599639d9af51dc57ce,2026-08-21T02:39:11.041866+00:00,PASS,STALE,0.1.0
L1-005,2021-04-27,-0.094,percent,FRED,THREEFYTP10,docs/phase2-ingestion/data/macro/raw/fred/THREEFYTP10-20260821T023551Z.json,c2ceeb401070c2762eacf24ccfb0c55c1959bd371d9633599639d9af51dc57ce,2026-08-21T02:39:11.041866+00:00,PASS,STALE,0.1.0
L1-005,2021-04-28,-0.0908,percent,FRED,THREEFYTP10,docs/phase2-ingestion/data/macro/raw/fred/THREEFYTP10-20260821T023551Z.json,c2ceeb401070c2762eacf24ccfb0c55c1959bd371d9633599639d9af51dc57ce,2026-08-21T02:39:11.041866+00:00,PASS,STALE,0.1.0
L1-005,2021-04-29,-0.0846,percent,FRED,THREEFYTP10,docs/phase2-ingestion/data/macro/raw/fred/THREEFYTP10-20260821T023551Z.json,c2ceeb401070c2762eacf24ccfb0c55c1959bd371d9633599639d9af51dc57ce,2026-08-21T02:39:11.041866+00:00,PASS,STALE,0.1.0
L1-005,2021-04-30,-0.0826,percent,FRED,THREEFYTP10,docs/phase2-ingestion/data/macro/raw/fred/THREEFYTP10-20260821T023551Z.json,c2ceeb401070c2762eacf24ccfb0c55c1959bd371d9633599639d9af51dc57ce,2026-08-21T02:39:11.041866+00:00,PASS,STALE,0.1.0
L1-005,2021-05-03,-0.0924,percent,FRED,THREEFYTP10,docs/phase2-ingestion/data/macro/raw/fred/THREEFYTP10-20260821T023551Z.json,c2ceeb401070c2762eacf24ccfb0c55c1959bd371d9633599639d9af51dc57ce,2026-08-21T02:39:11.041866+00:00,PASS,STALE,0.1.0
L1-005,2021-05-04,-0.1006,percent,FRED,THREEFYTP10,docs/phase2-ingestion/data/macro/raw/fred/THREEFYTP10-20260821T023551Z.json,c2ceeb401070c2762eacf24ccfb0c55c1959bd371d9633599639d9af51dc57ce,2026-08-21T02:39:11.041866+00:00,PASS,STALE,0.1.0
L1-005,2021-05-05,-0.1119,percent,FRED,THREEFYTP10,docs/phase2-ingestion/data/macro/raw/fred/THREEFYTP10-20260821T023551Z.json,c2ceeb401070c2762eacf24ccfb0c55c1959bd371d9633599639d9af51dc57ce,2026-08-21T02:39:11.041866+00:00,PASS,STALE,0.1.0
L1-005,2021-05-06,-0.1159,percent,FRED,THREEFYTP10,docs/phase2-ingestion/data/macro/raw/fred/THREEFYTP10-20260821T023551Z.json,c2ceeb401070c2762eacf24ccfb0c55c1959bd371d9633599639d9af51dc57ce,2026-08-21T02:39:11.041866+00:00,PASS,STALE,0.1.0
L1-005,2021-05-07,-0.1191,percent,FRED,THREEFYTP10,docs/phase2-ingestion/data/macro/raw/fred/THREEFYTP10-20260821T023551Z.json,c2ceeb401070c2762eacf24ccfb0c55c1959bd371d9633599639d9af51dc57ce,2026-08-21T02:39:11.041866+00:00,PASS,STALE,0.1.0
L1-005,2021-05-10,-0.1115,percent,FRED,THREEFYTP10,docs/phase2-ingestion/data/macro/raw/fred/THREEFYTP10-20260821T023551Z.json,c2ceeb401070c2762eacf24ccfb0c55c1959bd371d9633599639d9af51dc57ce,2026-08-21T02:39:11.041866+00:00,PASS,STALE,0.1.0
L1-005,2021-05-11,-0.1029,percent,FRED,THREEFYTP10,docs/phase2-ingestion/data/macro/raw/fred/THREEFYTP10-20260821T023551Z.json,c2ceeb401070c2762eacf24ccfb0c55c1959bd371d9633599639d9af51dc57ce,2026-08-21T02:39:11.041866+00:00,PASS,STALE,0.1.0
L1-005,2021-05-12,-0.0765,percent,FRED,THREEFYTP10,docs/phase2-ingestion/data/macro/raw/fred/THREEFYTP10-20260821T023551Z.json,c2ceeb401070c2762eacf24ccfb0c55c1959bd371d9633599639d9af51dc57ce,2026-08-21T02:39:11.041866+00:00,PASS,STALE,0.1.0
L1-005,2021-05-13,-0.0785,percent,FRED,THREEFYTP10,docs/phase2-ingestion/data/macro/raw/fred/THREEFYTP10-20260821T023551Z.json,c2ceeb401070c2762eacf24ccfb0c55c1959bd371d9633599639d9af51dc57ce,2026-08-21T02:39:11.041866+00:00,PASS,STALE,0.1.0
L1-005,2021-05-14,-0.0861,percent,FRED,THREEFYTP10,docs/phase2-ingestion/data/macro/raw/fred/THREEFYTP10-20260821T023551Z.json,c2ceeb401070c2762eacf24ccfb0c55c1959bd371d9633599639d9af51dc57ce,2026-08-21T02:39:11.041866+00:00,PASS,STALE,0.1.0
L1-005,2021-05-17,-0.0856,percent,FRED,THREEFYTP10,docs/phase2-ingestion/data/macro/raw/fred/THREEFYTP10-20260821T023551Z.json,c2ceeb401070c2762eacf24ccfb0c55c1959bd371d9633599639d9af51dc57ce,2026-08-21T02:39:11.041866+00:00,PASS,STALE,0.1.0
L1-005,2021-05-18,-0.0878,percent,FRED,THREEFYTP10,docs/phase2-ingestion/data/macro/raw/fred/THREEFYTP10-20260821T023551Z.json,c2ceeb401070c2762eacf24ccfb0c55c1959bd371d9633599639d9af51dc57ce,2026-08-21T02:39:11.041866+00:00,PASS,STALE,0.1.0
L1-005,2021-05-19,-0.0721,percent,FRED,THREEFYTP10,docs/phase2-ingestion/data/macro/raw/fred/THREEFYTP10-20260821T023551Z.json,c2ceeb401070c2762eacf24ccfb0c55c1959bd371d9633599639d9af51dc57ce,2026-08-21T02:39:11.041866+00:00,PASS,STALE,0.1.0
L1-005,2021-05-20,-0.0858,percent,FRED,THREEFYTP10,docs/phase2-ingestion/data/macro/raw/fred/THREEFYTP10-20260821T023551Z.json,c2ceeb401070c2762eacf24ccfb0c55c1959bd371d9633599639d9af51dc57ce,2026-08-21T02:39:11.041866+00:00,PASS,STALE,0.1.0
L1-005,2021-05-21,-0.087,percent,FRED,THREEFYTP10,docs/phase2-ingestion/data/macro/raw/fred/THREEFYTP10-20260821T023551Z.json,c2ceeb401070c2762eacf24ccfb0c55c1959bd371d9633599639d9af51dc57ce,2026-08-21T02:39:11.041866+00:00,PASS,STALE,0.1.0
L1-005,2021-05-24,-0.0952,percent,FRED,THREEFYTP10,docs/phase2-ingestion/data/macro/raw/fred/THREEFYTP10-20260821T023551Z.json,c2ceeb401070c2762eacf24ccfb0c55c1959bd371d9633599639d9af51dc57ce,2026-08-21T02:39:11.041866+00:00,PASS,STALE,0.1.0
L1-005,2021-05-25,-0.115,percent,FRED,THREEFYTP10,docs/phase2-ingestion/data/macro/raw/fred/THREEFYTP10-20260821T023551Z.json,c2ceeb401070c2762eacf24ccfb0c55c1959bd371d9633599639d9af51dc57ce,2026-08-21T02:39:11.041866+00:00,PASS,STALE,0.1.0
L1-005,2021-05-26,-0.118,percent,FRED,THREEFYTP10,docs/phase2-ingestion/data/macro/raw/fred/THREEFYTP10-20260821T023551Z.json,c2ceeb401070c2762eacf24ccfb0c55c1959bd371d9633599639d9af51dc57ce,2026-08-21T02:39:11.041866+00:00,PASS,STALE,0.1.0
L1-005,2021-05-27,-0.1089,percent,FRED,THREEFYTP10,docs/phase2-ingestion/data/macro/raw/fred/THREEFYTP10-20260821T023551Z.json,c2ceeb401070c2762eacf24ccfb0c55c1959bd371d9633599639d9af51dc57ce,2026-08-21T02:39:11.041866+00:00,PASS,STALE,0.1.0
L1-005,2021-05-28,-0.1156,percent,FRED,THREEFYTP10,docs/phase2-ingestion/data/macro/raw/fred/THREEFYTP10-20260821T023551Z.json,c2ceeb401070c2762eacf24ccfb0c55c1959bd371d9633599639d9af51dc57ce,2026-08-21T02:39:11.041866+00:00,PASS,STALE,0.1.0
L1-005,2021-06-01,-0.106,percent,FRED,THREEFYTP10,docs/phase2-ingestion/data/macro/raw/fred/THREEFYTP10-20260821T023551Z.json,c2ceeb401070c2762eacf24ccfb0c55c1959bd371d9633599639d9af51dc57ce,2026-08-21T02:39:11.041866+00:00,PASS,STALE,0.1.0
L1-005,2021-06-02,-0.1105,percent,FRED,THREEFYTP10,docs/phase2-ingestion/data/macro/raw/fred/THREEFYTP10-20260821T023551Z.json,c2ceeb401070c2762eacf24ccfb0c55c1959bd371d9633599639d9af51dc57ce,2026-08-21T02:39:11.041866+00:00,PASS,STALE,0.1.0
L1-005,2021-06-03,-0.0966,percent,FRED,THREEFYTP10,docs/phase2-ingestion/data/macro/raw/fred/THREEFYTP10-20260821T023551Z.json,c2ceeb401070c2762eacf24ccfb0c55c1959bd371d9633599639d9af51dc57ce,2026-08-21T02:39:11.041866+00:00,PASS,STALE,0.1.0
L1-005,2021-06-04,-0.1173,percent,FRED,THREEFYTP10,docs/phase2-ingestion/data/macro/raw/fred/THREEFYTP10-20260821T023551Z.json,c2ceeb401070c2762eacf24ccfb0c55c1959bd371d9633599639d9af51dc57ce,2026-08-21T02:39:11.041866+00:00,PASS,STALE,0.1.0
L1-005,2021-06-07,-0.121,percent,FRED,THREEFYTP10,docs/phase2-ingestion/data/macro/raw/fred/THREEFYTP10-20260821T023551Z.json,c2ceeb401070c2762eacf24ccfb0c55c1959bd371d9633599639d9af51dc57ce,2026-08-21T02:39:11.041866+00:00,PASS,STALE,0.1.0
L1-005,2021-06-08,-0.1344,percent,FRED,THREEFYTP10,docs/phase2-ingestion/data/macro/raw/fred/THREEFYTP10-20260821T023551Z.json,c2ceeb401070c2762eacf24ccfb0c55c1959bd371d9633599639d9af51dc57ce,2026-08-21T02:39:11.041866+00:00,PASS,STALE,0.1.0
L1-005,2021-06-09,-0.1517,percent,FRED,THREEFYTP10,docs/phase2-ingestion/data/macro/raw/fred/THREEFYTP10-20260821T023551Z.json,c2ceeb401070c2762eacf24ccfb0c55c1959bd371d9633599639d9af51dc57ce,2026-08-21T02:39:11.041866+00:00,PASS,STALE,0.1.0
L1-005,2021-06-10,-0.1699,percent,FRED,THREEFYTP10,docs/phase2-ingestion/data/macro/raw/fred/THREEFYTP10-20260821T023551Z.json,c2ceeb401070c2762eacf24ccfb0c55c1959bd371d9633599639d9af51dc57ce,2026-08-21T02:39:11.041866+00:00,PASS,STALE,0.1.0
L1-005,2021-06-11,-0.1681,percent,FRED,THREEFYTP10,docs/phase2-ingestion/data/macro/raw/fred/THREEFYTP10-20260821T023551Z.json,c2ceeb401070c2762eacf24ccfb0c55c1959bd371d9633599639d9af51dc57ce,2026-08-21T02:39:11.041866+00:00,PASS,STALE,0.1.0
L1-005,2021-06-14,-0.1543,percent,FRED,THREEFYTP10,docs/phase2-ingestion/data/macro/raw/fred/THREEFYTP10-20260821T023551Z.json,c2ceeb401070c2762eacf24ccfb0c55c1959bd371d9633599639d9af51dc57ce,2026-08-21T02:39:11.041866+00:00,PASS,STALE,0.1.0
L1-005,2021-06-15,-0.1492,percent,FRED,THREEFYTP10,docs/phase2-ingestion/data/macro/raw/fred/THREEFYTP10-20260821T023551Z.json,c2ceeb401070c2762eacf24ccfb0c55c1959bd371d9633599639d9af51dc57ce,2026-08-21T02:39:11.041866+00:00,PASS,STALE,0.1.0
L1-005,2021-06-16,-0.1173,percent,FRED,THREEFYTP10,docs/phase2-ingestion/data/macro/raw/fred/THREEFYTP10-20260821T023551Z.json,c2ceeb401070c2762eacf24ccfb0c55c1959bd371d9633599639d9af51dc57ce,2026-08-21T02:39:11.041866+00:00,PASS,STALE,0.1.0
L1-005,2021-06-17,-0.1198,percent,FRED,THREEFYTP10,docs/phase2-ingestion/data/macro/raw/fred/THREEFYTP10-20260821T023551Z.json,c2ceeb401070c2762eacf24ccfb0c55c1959bd371d9633599639d9af51dc57ce,2026-08-21T02:39:11.041866+00:00,PASS,STALE,0.1.0
L1-005,2021-06-18,-0.1365,percent,FRED,THREEFYTP10,docs/phase2-ingestion/data/macro/raw/fred/THREEFYTP10-20260821T023551Z.json,c2ceeb401070c2762eacf24ccfb0c55c1959bd371d9633599639d9af51dc57ce,2026-08-21T02:39:11.041866+00:00,PASS,STALE,0.1.0
L1-005,2021-06-21,-0.1317,percent,FRED,THREEFYTP10,docs/phase2-ingestion/data/macro/raw/fred/THREEFYTP10-20260821T023551Z.json,c2ceeb401070c2762eacf24ccfb0c55c1959bd371d9633599639d9af51dc57ce,2026-08-21T02:39:11.041866+00:00,PASS,STALE,0.1.0
L1-005,2021-06-22,-0.1387,percent,FRED,THREEFYTP10,docs/phase2-ingestion/data/macro/raw/fred/THREEFYTP10-20260821T023551Z.json,c2ceeb401070c2762eacf24ccfb0c55c1959bd371d9633599639d9af51dc57ce,2026-08-21T02:39:11.041866+00:00,PASS,STALE,0.1.0
L1-005,2021-06-23,-0.1332,percent,FRED,THREEFYTP10,docs/phase2-ingestion/data/macro/raw/fred/THREEFYTP10-20260821T023551Z.json,c2ceeb401070c2762eacf24ccfb0c55c1959bd371d9633599639d9af51dc57ce,2026-08-21T02:39:11.041866+00:00,PASS,STALE,0.1.0
L1-005,2021-06-24,-0.1312,percent,FRED,THREEFYTP10,docs/phase2-ingestion/data/macro/raw/fred/THREEFYTP10-20260821T023551Z.json,c2ceeb401070c2762eacf24ccfb0c55c1959bd371d9633599639d9af51dc57ce,2026-08-21T02:39:11.041866+00:00,PASS,STALE,0.1.0
L1-005,2021-06-25,-0.1179,percent,FRED,THREEFYTP10,docs/phase2-ingestion/data/macro/raw/fred/THREEFYTP10-20260821T023551Z.json,c2ceeb401070c2762eacf24ccfb0c55c1959bd371d9633599639d9af51dc57ce,2026-08-21T02:39:11.041866+00:00,PASS,STALE,0.1.0
L1-005,2021-06-28,-0.1302,percent,FRED,THREEFYTP10,docs/phase2-ingestion/data/macro/raw/fred/THREEFYTP10-20260821T023551Z.json,c2ceeb401070c2762eacf24ccfb0c55c1959bd371d9633599639d9af51dc57ce,2026-08-21T02:39:11.041866+00:00,PASS,STALE,0.1.0
L1-005,2021-06-29,-0.1336,percent,FRED,THREEFYTP10,docs/phase2-ingestion/data/macro/raw/fred/THREEFYTP10-20260821T023551Z.json,c2ceeb401070c2762eacf24ccfb0c55c1959bd371d9633599639d9af51dc57ce,2026-08-21T02:39:11.041866+00:00,PASS,STALE,0.1.0
L1-005,2021-06-30,-0.1466,percent,FRED,THREEFYTP10,docs/phase2-ingestion/data/macro/raw/fred/THREEFYTP10-20260821T023551Z.json,c2ceeb401070c2762eacf24ccfb0c55c1959bd371d9633599639d9af51dc57ce,2026-08-21T02:39:11.041866+00:00,PASS,STALE,0.1.0
L1-005,2021-07-01,-0.1415,percent,FRED,THREEFYTP10,docs/phase2-ingestion/data/macro/raw/fred/THREEFYTP10-20260821T023551Z.json,c2ceeb401070c2762eacf24ccfb0c55c1959bd371d9633599639d9af51dc57ce,2026-08-21T02:39:11.041866+00:00,PASS,STALE,0.1.0
L1-005,2021-07-02,-0.1545,percent,FRED,THREEFYTP10,docs/phase2-ingestion/data/macro/raw/fred/THREEFYTP10-20260821T023551Z.json,c2ceeb401070c2762eacf24ccfb0c55c1959bd371d9633599639d9af51dc57ce,2026-08-21T02:39:11.041866+00:00,PASS,STALE,0.1.0
L1-005,2021-07-06,-0.1832,percent,FRED,THREEFYTP10,docs/phase2-ingestion/data/macro/raw/fred/THREEFYTP10-20260821T023551Z.json,c2ceeb401070c2762eacf24ccfb0c55c1959bd371d9633599639d9af51dc57ce,2026-08-21T02:39:11.041866+00:00,PASS,STALE,0.1.0
L1-005,2021-07-07,-0.2054,percent,FRED,THREEFYTP10,docs/phase2-ingestion/data/macro/raw/fred/THREEFYTP10-20260821T023551Z.json,c2ceeb401070c2762eacf24ccfb0c55c1959bd371d9633599639d9af51dc57ce,2026-08-21T02:39:11.041866+00:00,PASS,STALE,0.1.0
L1-005,2021-07-08,-0.2278,percent,FRED,THREEFYTP10,docs/phase2-ingestion/data/macro/raw/fred/THREEFYTP10-20260821T023551Z.json,c2ceeb401070c2762eacf24ccfb0c55c1959bd371d9633599639d9af51dc57ce,2026-08-21T02:39:11.041866+00:00,PASS,STALE,0.1.0
L1-005,2021-07-09,-0.2116,percent,FRED,THREEFYTP10,docs/phase2-ingestion/data/macro/raw/fred/THREEFYTP10-20260821T023551Z.json,c2ceeb401070c2762eacf24ccfb0c55c1959bd371d9633599639d9af51dc57ce,2026-08-21T02:39:11.041866+00:00,PASS,STALE,0.1.0
L1-005,2021-07-12,-0.2032,percent,FRED,THREEFYTP10,docs/phase2-ingestion/data/macro/raw/fred/THREEFYTP10-20260821T023551Z.json,c2ceeb401070c2762eacf24ccfb0c55c1959bd371d9633599639d9af51dc57ce,2026-08-21T02:39:11.041866+00:00,PASS,STALE,0.1.0
L1-005,2021-07-13,-0.1852,percent,FRED,THREEFYTP10,docs/phase2-ingestion/data/macro/raw/fred/THREEFYTP10-20260821T023551Z.json,c2ceeb401070c2762eacf24ccfb0c55c1959bd371d9633599639d9af51dc57ce,2026-08-21T02:39:11.041866+00:00,PASS,STALE,0.1.0
L1-005,2021-07-14,-0.2003,percent,FRED,THREEFYTP10,docs/phase2-ingestion/data/macro/raw/fred/THREEFYTP10-20260821T023551Z.json,c2ceeb401070c2762eacf24ccfb0c55c1959bd371d9633599639d9af51dc57ce,2026-08-21T02:39:11.041866+00:00,PASS,STALE,0.1.0
L1-005,2021-07-15,-0.2204,percent,FRED,THREEFYTP10,docs/phase2-ingestion/data/macro/raw/fred/THREEFYTP10-20260821T023551Z.json,c2ceeb401070c2762eacf24ccfb0c55c1959bd371d9633599639d9af51dc57ce,2026-08-21T02:39:11.041866+00:00,PASS,STALE,0.1.0
L1-005,2021-07-16,-0.224,percent,FRED,THREEFYTP10,docs/phase2-ingestion/data/macro/raw/fred/THREEFYTP10-20260821T023551Z.json,c2ceeb401070c2762eacf24ccfb0c55c1959bd371d9633599639d9af51dc57ce,2026-08-21T02:39:11.041866+00:00,PASS,STALE,0.1.0
L1-005,2021-07-19,-0.2673,percent,FRED,THREEFYTP10,docs/phase2-ingestion/data/macro/raw/fred/THREEFYTP10-20260821T023551Z.json,c2ceeb401070c2762eacf24ccfb0c55c1959bd371d9633599639d9af51dc57ce,2026-08-21T02:39:11.041866+00:00,PASS,STALE,0.1.0
L1-005,2021-07-20,-0.2755,percent,FRED,THREEFYTP10,docs/phase2-ingestion/data/macro/raw/fred/THREEFYTP10-20260821T023551Z.json,c2ceeb401070c2762eacf24ccfb0c55c1959bd371d9633599639d9af51dc57ce,2026-08-21T02:39:11.041866+00:00,PASS,STALE,0.1.0
L1-005,2021-07-21,-0.2545,percent,FRED,THREEFYTP10,docs/phase2-ingestion/data/macro/raw/fred/THREEFYTP10-20260821T023551Z.json,c2ceeb401070c2762eacf24ccfb0c55c1959bd371d9633599639d9af51dc57ce,2026-08-21T02:39:11.041866+00:00,PASS,STALE,0.1.0
L1-005,2021-07-22,-0.2597,percent,FRED,THREEFYTP10,docs/phase2-ingestion/data/macro/raw/fred/THREEFYTP10-20260821T023551Z.json,c2ceeb401070c2762eacf24ccfb0c55c1959bd371d9633599639d9af51dc57ce,2026-08-21T02:39:11.041866+00:00,PASS,STALE,0.1.0
L1-005,2021-07-23,-0.2523,percent,FRED,THREEFYTP10,docs/phase2-ingestion/data/macro/raw/fred/THREEFYTP10-20260821T023551Z.json,c2ceeb401070c2762eacf24ccfb0c55c1959bd371d9633599639d9af51dc57ce,2026-08-21T02:39:11.041866+00:00,PASS,STALE,0.1.0
L1-005,2021-07-26,-0.2498,percent,FRED,THREEFYTP10,docs/phase2-ingestion/data/macro/raw/fred/THREEFYTP10-20260821T023551Z.json,c2ceeb401070c2762eacf24ccfb0c55c1959bd371d9633599639d9af51dc57ce,2026-08-21T02:39:11.041866+00:00,PASS,STALE,0.1.0
L1-005,2021-07-27,-0.2623,percent,FRED,THREEFYTP10,docs/phase2-ingestion/data/macro/raw/fred/THREEFYTP10-20260821T023551Z.json,c2ceeb401070c2762eacf24ccfb0c55c1959bd371d9633599639d9af51dc57ce,2026-08-21T02:39:11.041866+00:00,PASS,STALE,0.1.0
L1-005,2021-07-28,-0.2628,percent,FRED,THREEFYTP10,docs/phase2-ingestion/data/macro/raw/fred/THREEFYTP10-20260821T023551Z.json,c2ceeb401070c2762eacf24ccfb0c55c1959bd371d9633599639d9af51dc57ce,2026-08-21T02:39:11.041866+00:00,PASS,STALE,0.1.0
L1-005,2021-07-29,-0.257,percent,FRED,THREEFYTP10,docs/phase2-ingestion/data/macro/raw/fred/THREEFYTP10-20260821T023551Z.json,c2ceeb401070c2762eacf24ccfb0c55c1959bd371d9633599639d9af51dc57ce,2026-08-21T02:39:11.041866+00:00,PASS,STALE,0.1.0
L1-005,2021-07-30,-0.268,percent,FRED,THREEFYTP10,docs/phase2-ingestion/data/macro/raw/fred/THREEFYTP10-20260821T023551Z.json,c2ceeb401070c2762eacf24ccfb0c55c1959bd371d9633599639d9af51dc57ce,2026-08-21T02:39:11.041866+00:00,PASS,STALE,0.1.0
L1-005,2021-08-02,-0.2882,percent,FRED,THREEFYTP10,docs/phase2-ingestion/data/macro/raw/fred/THREEFYTP10-20260821T023551Z.json,c2ceeb401070c2762eacf24ccfb0c55c1959bd371d9633599639d9af51dc57ce,2026-08-21T02:39:11.041866+00:00,PASS,STALE,0.1.0
L1-005,2021-08-03,-0.2986,percent,FRED,THREEFYTP10,docs/phase2-ingestion/data/macro/raw/fred/THREEFYTP10-20260821T023551Z.json,c2ceeb401070c2762eacf24ccfb0c55c1959bd371d9633599639d9af51dc57ce,2026-08-21T02:39:11.041866+00:00,PASS,STALE,0.1.0
L1-005,2021-08-04,-0.2987,percent,FRED,THREEFYTP10,docs/phase2-ingestion/data/macro/raw/fred/THREEFYTP10-20260821T023551Z.json,c2ceeb401070c2762eacf24ccfb0c55c1959bd371d9633599639d9af51dc57ce,2026-08-21T02:39:11.041866+00:00,PASS,STALE,0.1.0
L1-005,2021-08-05,-0.2811,percent,FRED,THREEFYTP10,docs/phase2-ingestion/data/macro/raw/fred/THREEFYTP10-20260821T023551Z.json,c2ceeb401070c2762eacf24ccfb0c55c1959bd371d9633599639d9af51dc57ce,2026-08-21T02:39:11.041866+00:00,PASS,STALE,0.1.0
L1-005,2021-08-06,-0.2517,percent,FRED,THREEFYTP10,docs/phase2-ingestion/data/macro/raw/fred/THREEFYTP10-20260821T023551Z.json,c2ceeb401070c2762eacf24ccfb0c55c1959bd371d9633599639d9af51dc57ce,2026-08-21T02:39:11.041866+00:00,PASS,STALE,0.1.0
L1-005,2021-08-09,-0.2347,percent,FRED,THREEFYTP10,docs/phase2-ingestion/data/macro/raw/fred/THREEFYTP10-20260821T023551Z.json,c2ceeb401070c2762eacf24ccfb0c55c1959bd371d9633599639d9af51dc57ce,2026-08-21T02:39:11.041866+00:00,PASS,STALE,0.1.0
L1-005,2021-08-10,-0.2165,percent,FRED,THREEFYTP10,docs/phase2-ingestion/data/macro/raw/fred/THREEFYTP10-20260821T023551Z.json,c2ceeb401070c2762eacf24ccfb0c55c1959bd371d9633599639d9af51dc57ce,2026-08-21T02:39:11.041866+00:00,PASS,STALE,0.1.0
L1-005,2021-08-11,-0.2153,percent,FRED,THREEFYTP10,docs/phase2-ingestion/data/macro/raw/fred/THREEFYTP10-20260821T023551Z.json,c2ceeb401070c2762eacf24ccfb0c55c1959bd371d9633599639d9af51dc57ce,2026-08-21T02:39:11.041866+00:00,PASS,STALE,0.1.0
L1-005,2021-08-12,-0.2063,percent,FRED,THREEFYTP10,docs/phase2-ingestion/data/macro/raw/fred/THREEFYTP10-20260821T023551Z.json,c2ceeb401070c2762eacf24ccfb0c55c1959bd371d9633599639d9af51dc57ce,2026-08-21T02:39:11.041866+00:00,PASS,STALE,0.1.0
L1-005,2021-08-13,-0.2244,percent,FRED,THREEFYTP10,docs/phase2-ingestion/data/macro/raw/fred/THREEFYTP10-20260821T023551Z.json,c2ceeb401070c2762eacf24ccfb0c55c1959bd371d9633599639d9af51dc57ce,2026-08-21T02:39:11.041866+00:00,PASS,STALE,0.1.0
L1-005,2021-08-16,-0.244,percent,FRED,THREEFYTP10,docs/phase2-ingestion/data/macro/raw/fred/THREEFYTP10-20260821T023551Z.json,c2ceeb401070c2762eacf24ccfb0c55c1959bd371d9633599639d9af51dc57ce,2026-08-21T02:39:11.041866+00:00,PASS,STALE,0.1.0
L1-005,2021-08-17,-0.2468,percent,FRED,THREEFYTP10,docs/phase2-ingestion/data/macro/raw/fred/THREEFYTP10-20260821T023551Z.json,c2ceeb401070c2762eacf24ccfb0c55c1959bd371d9633599639d9af51dc57ce,2026-08-21T02:39:11.041866+00:00,PASS,STALE,0.1.0
L1-005,2021-08-18,-0.2456,percent,FRED,THREEFYTP10,docs/phase2-ingestion/data/macro/raw/fred/THREEFYTP10-20260821T023551Z.json,c2ceeb401070c2762eacf24ccfb0c55c1959bd371d9633599639d9af51dc57ce,2026-08-21T02:39:11.041866+00:00,PASS,STALE,0.1.0
L1-005,2021-08-19,-0.2518,percent,FRED,THREEFYTP10,docs/phase2-ingestion/data/macro/raw/fred/THREEFYTP10-20260821T023551Z.json,c2ceeb401070c2762eacf24ccfb0c55c1959bd371d9633599639d9af51dc57ce,2026-08-21T02:39:11.041866+00:00,PASS,STALE,0.1.0
L1-005,2021-08-20,-0.2471,percent,FRED,THREEFYTP10,docs/phase2-ingestion/data/macro/raw/fred/THREEFYTP10-20260821T023551Z.json,c2ceeb401070c2762eacf24ccfb0c55c1959bd371d9633599639d9af51dc57ce,2026-08-21T02:39:11.041866+00:00,PASS,STALE,0.1.0
L1-005,2021-08-23,-0.2508,percent,FRED,THREEFYTP10,docs/phase2-ingestion/data/macro/raw/fred/THREEFYTP10-20260821T023551Z.json,c2ceeb401070c2762eacf24ccfb0c55c1959bd371d9633599639d9af51dc57ce,2026-08-21T02:39:11.041866+00:00,PASS,STALE,0.1.0
L1-005,2021-08-24,-0.2393,percent,FRED,THREEFYTP10,docs/phase2-ingestion/data/macro/raw/fred/THREEFYTP10-20260821T023551Z.json,c2ceeb401070c2762eacf24ccfb0c55c1959bd371d9633599639d9af51dc57ce,2026-08-21T02:39:11.041866+00:00,PASS,STALE,0.1.0
L1-005,2021-08-25,-0.219,percent,FRED,THREEFYTP10,docs/phase2-ingestion/data/macro/raw/fred/THREEFYTP10-20260821T023551Z.json,c2ceeb401070c2762eacf24ccfb0c55c1959bd371d9633599639d9af51dc57ce,2026-08-21T02:39:11.041866+00:00,PASS,STALE,0.1.0
L1-005,2021-08-26,-0.2119,percent,FRED,THREEFYTP10,docs/phase2-ingestion/data/macro/raw/fred/THREEFYTP10-20260821T023551Z.json,c2ceeb401070c2762eacf24ccfb0c55c1959bd371d9633599639d9af51dc57ce,2026-08-21T02:39:11.041866+00:00,PASS,STALE,0.1.0
L1-005,2021-08-27,-0.2233,percent,FRED,THREEFYTP10,docs/phase2-ingestion/data/macro/raw/fred/THREEFYTP10-20260821T023551Z.json,c2ceeb401070c2762eacf24ccfb0c55c1959bd371d9633599639d9af51dc57ce,2026-08-21T02:39:11.041866+00:00,PASS,STALE,0.1.0
L1-005,2021-08-30,-0.235,percent,FRED,THREEFYTP10,docs/phase2-ingestion/data/macro/raw/fred/THREEFYTP10-20260821T023551Z.json,c2ceeb401070c2762eacf24ccfb0c55c1959bd371d9633599639d9af51dc57ce,2026-08-21T02:39:11.041866+00:00,PASS,STALE,0.1.0
L1-005,2021-08-31,-0.2339,percent,FRED,THREEFYTP10,docs/phase2-ingestion/data/macro/raw/fred/THREEFYTP10-20260821T023551Z.json,c2ceeb401070c2762eacf24ccfb0c55c1959bd371d9633599639d9af51dc57ce,2026-08-21T02:39:11.041866+00:00,PASS,STALE,0.1.0
L1-005,2021-09-01,-0.2337,percent,FRED,THREEFYTP10,docs/phase2-ingestion/data/macro/raw/fred/THREEFYTP10-20260821T023551Z.json,c2ceeb401070c2762eacf24ccfb0c55c1959bd371d9633599639d9af51dc57ce,2026-08-21T02:39:11.041866+00:00,PASS,STALE,0.1.0
L1-005,2021-09-02,-0.2369,percent,FRED,THREEFYTP10,docs/phase2-ingestion/data/macro/raw/fred/THREEFYTP10-20260821T023551Z.json,c2ceeb401070c2762eacf24ccfb0c55c1959bd371d9633599639d9af51dc57ce,2026-08-21T02:39:11.041866+00:00,PASS,STALE,0.1.0
L1-005,2021-09-03,-0.2295,percent,FRED,THREEFYTP10,docs/phase2-ingestion/data/macro/raw/fred/THREEFYTP10-20260821T023551Z.json,c2ceeb401070c2762eacf24ccfb0c55c1959bd371d9633599639d9af51dc57ce,2026-08-21T02:39:11.041866+00:00,PASS,STALE,0.1.0
L1-005,2021-09-07,-0.2107,percent,FRED,THREEFYTP10,docs/phase2-ingestion/data/macro/raw/fred/THREEFYTP10-20260821T023551Z.json,c2ceeb401070c2762eacf24ccfb0c55c1959bd371d9633599639d9af51dc57ce,2026-08-21T02:39:11.041866+00:00,PASS,STALE,0.1.0
L1-005,2021-09-08,-0.2155,percent,FRED,THREEFYTP10,docs/phase2-ingestion/data/macro/raw/fred/THREEFYTP10-20260821T023551Z.json,c2ceeb401070c2762eacf24ccfb0c55c1959bd371d9633599639d9af51dc57ce,2026-08-21T02:39:11.041866+00:00,PASS,STALE,0.1.0
L1-005,2021-09-09,-0.2268,percent,FRED,THREEFYTP10,docs/phase2-ingestion/data/macro/raw/fred/THREEFYTP10-20260821T023551Z.json,c2ceeb401070c2762eacf24ccfb0c55c1959bd371d9633599639d9af51dc57ce,2026-08-21T02:39:11.041866+00:00,PASS,STALE,0.1.0
L1-005,2021-09-10,-0.2163,percent,FRED,THREEFYTP10,docs/phase2-ingestion/data/macro/raw/fred/THREEFYTP10-20260821T023551Z.json,c2ceeb401070c2762eacf24ccfb0c55c1959bd371d9633599639d9af51dc57ce,2026-08-21T02:39:11.041866+00:00,PASS,STALE,0.1.0
L1-005,2021-09-13,-0.2205,percent,FRED,THREEFYTP10,docs/phase2-ingestion/data/macro/raw/fred/THREEFYTP10-20260821T023551Z.json,c2ceeb401070c2762eacf24ccfb0c55c1959bd371d9633599639d9af51dc57ce,2026-08-21T02:39:11.041866+00:00,PASS,STALE,0.1.0
L1-005,2021-09-14,-0.2348,percent,FRED,THREEFYTP10,docs/phase2-ingestion/data/macro/raw/fred/THREEFYTP10-20260821T023551Z.json,c2ceeb401070c2762eacf24ccfb0c55c1959bd371d9633599639d9af51dc57ce,2026-08-21T02:39:11.041866+00:00,PASS,STALE,0.1.0
L1-005,2021-09-15,-0.23,percent,FRED,THREEFYTP10,docs/phase2-ingestion/data/macro/raw/fred/THREEFYTP10-20260821T023551Z.json,c2ceeb401070c2762eacf24ccfb0c55c1959bd371d9633599639d9af51dc57ce,2026-08-21T02:39:11.041866+00:00,PASS,STALE,0.1.0
L1-005,2021-09-16,-0.2146,percent,FRED,THREEFYTP10,docs/phase2-ingestion/data/macro/raw/fred/THREEFYTP10-20260821T023551Z.json,c2ceeb401070c2762eacf24ccfb0c55c1959bd371d9633599639d9af51dc57ce,2026-08-21T02:39:11.041866+00:00,PASS,STALE,0.1.0
L1-005,2021-09-17,-0.1965,percent,FRED,THREEFYTP10,docs/phase2-ingestion/data/macro/raw/fred/THREEFYTP10-20260821T023551Z.json,c2ceeb401070c2762eacf24ccfb0c55c1959bd371d9633599639d9af51dc57ce,2026-08-21T02:39:11.041866+00:00,PASS,STALE,0.1.0
L1-005,2021-09-20,-0.2121,percent,FRED,THREEFYTP10,docs/phase2-ingestion/data/macro/raw/fred/THREEFYTP10-20260821T023551Z.json,c2ceeb401070c2762eacf24ccfb0c55c1959bd371d9633599639d9af51dc57ce,2026-08-21T02:39:11.041866+00:00,PASS,STALE,0.1.0
L1-005,2021-09-21,-0.211,percent,FRED,THREEFYTP10,docs/phase2-ingestion/data/macro/raw/fred/THREEFYTP10-20260821T023551Z.json,c2ceeb401070c2762eacf24ccfb0c55c1959bd371d9633599639d9af51dc57ce,2026-08-21T02:39:11.041866+00:00,PASS,STALE,0.1.0
L1-005,2021-09-22,-0.2083,percent,FRED,THREEFYTP10,docs/phase2-ingestion/data/macro/raw/fred/THREEFYTP10-20260821T023551Z.json,c2ceeb401070c2762eacf24ccfb0c55c1959bd371d9633599639d9af51dc57ce,2026-08-21T02:39:11.041866+00:00,PASS,STALE,0.1.0
L1-005,2021-09-23,-0.1731,percent,FRED,THREEFYTP10,docs/phase2-ingestion/data/macro/raw/fred/THREEFYTP10-20260821T023551Z.json,c2ceeb401070c2762eacf24ccfb0c55c1959bd371d9633599639d9af51dc57ce,2026-08-21T02:39:11.041866+00:00,PASS,STALE,0.1.0
L1-005,2021-09-24,-0.1448,percent,FRED,THREEFYTP10,docs/phase2-ingestion/data/macro/raw/fred/THREEFYTP10-20260821T023551Z.json,c2ceeb401070c2762eacf24ccfb0c55c1959bd371d9633599639d9af51dc57ce,2026-08-21T02:39:11.041866+00:00,PASS,STALE,0.1.0
L1-005,2021-09-27,-0.1278,percent,FRED,THREEFYTP10,docs/phase2-ingestion/data/macro/raw/fred/THREEFYTP10-20260821T023551Z.json,c2ceeb401070c2762eacf24ccfb0c55c1959bd371d9633599639d9af51dc57ce,2026-08-21T02:39:11.041866+00:00,PASS,STALE,0.1.0
L1-005,2021-09-28,-0.1048,percent,FRED,THREEFYTP10,docs/phase2-ingestion/data/macro/raw/fred/THREEFYTP10-20260821T023551Z.json,c2ceeb401070c2762eacf24ccfb0c55c1959bd371d9633599639d9af51dc57ce,2026-08-21T02:39:11.041866+00:00,PASS,STALE,0.1.0
L1-005,2021-09-29,-0.0969,percent,FRED,THREEFYTP10,docs/phase2-ingestion/data/macro/raw/fred/THREEFYTP10-20260821T023551Z.json,c2ceeb401070c2762eacf24ccfb0c55c1959bd371d9633599639d9af51dc57ce,2026-08-21T02:39:11.041866+00:00,PASS,STALE,0.1.0
L1-005,2021-09-30,-0.1031,percent,FRED,THREEFYTP10,docs/phase2-ingestion/data/macro/raw/fred/THREEFYTP10-20260821T023551Z.json,c2ceeb401070c2762eacf24ccfb0c55c1959bd371d9633599639d9af51dc57ce,2026-08-21T02:39:11.041866+00:00,PASS,STALE,0.1.0
L1-005,2021-10-01,-0.1222,percent,FRED,THREEFYTP10,docs/phase2-ingestion/data/macro/raw/fred/THREEFYTP10-20260821T023551Z.json,c2ceeb401070c2762eacf24ccfb0c55c1959bd371d9633599639d9af51dc57ce,2026-08-21T02:39:11.041866+00:00,PASS,STALE,0.1.0
L1-005,2021-10-04,-0.1227,percent,FRED,THREEFYTP10,docs/phase2-ingestion/data/macro/raw/fred/THREEFYTP10-20260821T023551Z.json,c2ceeb401070c2762eacf24ccfb0c55c1959bd371d9633599639d9af51dc57ce,2026-08-21T02:39:11.041866+00:00,PASS,STALE,0.1.0
L1-005,2021-10-05,-0.1072,percent,FRED,THREEFYTP10,docs/phase2-ingestion/data/macro/raw/fred/THREEFYTP10-20260821T023551Z.json,c2ceeb401070c2762eacf24ccfb0c55c1959bd371d9633599639d9af51dc57ce,2026-08-21T02:39:11.041866+00:00,PASS,STALE,0.1.0
L1-005,2021-10-06,-0.1038,percent,FRED,THREEFYTP10,docs/phase2-ingestion/data/macro/raw/fred/THREEFYTP10-20260821T023551Z.json,c2ceeb401070c2762eacf24ccfb0c55c1959bd371d9633599639d9af51dc57ce,2026-08-21T02:39:11.041866+00:00,PASS,STALE,0.1.0
L1-005,2021-10-07,-0.0862,percent,FRED,THREEFYTP10,docs/phase2-ingestion/data/macro/raw/fred/THREEFYTP10-20260821T023551Z.json,c2ceeb401070c2762eacf24ccfb0c55c1959bd371d9633599639d9af51dc57ce,2026-08-21T02:39:11.041866+00:00,PASS,STALE,0.1.0
L1-005,2021-10-08,-0.0688,percent,FRED,THREEFYTP10,docs/phase2-ingestion/data/macro/raw/fred/THREEFYTP10-20260821T023551Z.json,c2ceeb401070c2762eacf24ccfb0c55c1959bd371d9633599639d9af51dc57ce,2026-08-21T02:39:11.041866+00:00,PASS,STALE,0.1.0
L1-005,2021-10-12,-0.0653,percent,FRED,THREEFYTP10,docs/phase2-ingestion/data/macro/raw/fred/THREEFYTP10-20260821T023551Z.json,c2ceeb401070c2762eacf24ccfb0c55c1959bd371d9633599639d9af51dc57ce,2026-08-21T02:39:11.041866+00:00,PASS,STALE,0.1.0
L1-005,2021-10-13,-0.0676,percent,FRED,THREEFYTP10,docs/phase2-ingestion/data/macro/raw/fred/THREEFYTP10-20260821T023551Z.json,c2ceeb401070c2762eacf24ccfb0c55c1959bd371d9633599639d9af51dc57ce,2026-08-21T02:39:11.041866+00:00,PASS,STALE,0.1.0
L1-005,2021-10-14,-0.0836,percent,FRED,THREEFYTP10,docs/phase2-ingestion/data/macro/raw/fred/THREEFYTP10-20260821T023551Z.json,c2ceeb401070c2762eacf24ccfb0c55c1959bd371d9633599639d9af51dc57ce,2026-08-21T02:39:11.041866+00:00,PASS,STALE,0.1.0
L1-005,2021-10-15,-0.0606,percent,FRED,THREEFYTP10,docs/phase2-ingestion/data/macro/raw/fred/THREEFYTP10-20260821T023551Z.json,c2ceeb401070c2762eacf24ccfb0c55c1959bd371d9633599639d9af51dc57ce,2026-08-21T02:39:11.041866+00:00,PASS,STALE,0.1.0
L1-005,2021-10-18,-0.0499,percent,FRED,THREEFYTP10,docs/phase2-ingestion/data/macro/raw/fred/THREEFYTP10-20260821T023551Z.json,c2ceeb401070c2762eacf24ccfb0c55c1959bd371d9633599639d9af51dc57ce,2026-08-21T02:39:11.041866+00:00,PASS,STALE,0.1.0
L1-005,2021-10-19,-0.0333,percent,FRED,THREEFYTP10,docs/phase2-ingestion/data/macro/raw/fred/THREEFYTP10-20260821T023551Z.json,c2ceeb401070c2762eacf24ccfb0c55c1959bd371d9633599639d9af51dc57ce,2026-08-21T02:39:11.041866+00:00,PASS,STALE,0.1.0
L1-005,2021-10-20,-0.0286,percent,FRED,THREEFYTP10,docs/phase2-ingestion/data/macro/raw/fred/THREEFYTP10-20260821T023551Z.json,c2ceeb401070c2762eacf24ccfb0c55c1959bd371d9633599639d9af51dc57ce,2026-08-21T02:39:11.041866+00:00,PASS,STALE,0.1.0
L1-005,2021-10-21,-0.006,percent,FRED,THREEFYTP10,docs/phase2-ingestion/data/macro/raw/fred/THREEFYTP10-20260821T023551Z.json,c2ceeb401070c2762eacf24ccfb0c55c1959bd371d9633599639d9af51dc57ce,2026-08-21T02:39:11.041866+00:00,PASS,STALE,0.1.0
L1-005,2021-10-22,-0.0077,percent,FRED,THREEFYTP10,docs/phase2-ingestion/data/macro/raw/fred/THREEFYTP10-20260821T023551Z.json,c2ceeb401070c2762eacf24ccfb0c55c1959bd371d9633599639d9af51dc57ce,2026-08-21T02:39:11.041866+00:00,PASS,STALE,0.1.0
L1-005,2021-10-25,-0.0183,percent,FRED,THREEFYTP10,docs/phase2-ingestion/data/macro/raw/fred/THREEFYTP10-20260821T023551Z.json,c2ceeb401070c2762eacf24ccfb0c55c1959bd371d9633599639d9af51dc57ce,2026-08-21T02:39:11.041866+00:00,PASS,STALE,0.1.0
L1-005,2021-10-26,-0.0236,percent,FRED,THREEFYTP10,docs/phase2-ingestion/data/macro/raw/fred/THREEFYTP10-20260821T023551Z.json,c2ceeb401070c2762eacf24ccfb0c55c1959bd371d9633599639d9af51dc57ce,2026-08-21T02:39:11.041866+00:00,PASS,STALE,0.1.0
L1-005,2021-10-27,-0.0486,percent,FRED,THREEFYTP10,docs/phase2-ingestion/data/macro/raw/fred/THREEFYTP10-20260821T023551Z.json,c2ceeb401070c2762eacf24ccfb0c55c1959bd371d9633599639d9af51dc57ce,2026-08-21T02:39:11.041866+00:00,PASS,STALE,0.1.0
L1-005,2021-10-28,-0.0429,percent,FRED,THREEFYTP10,docs/phase2-ingestion/data/macro/raw/fred/THREEFYTP10-20260821T023551Z.json,c2ceeb401070c2762eacf24ccfb0c55c1959bd371d9633599639d9af51dc57ce,2026-08-21T02:39:11.041866+00:00,PASS,STALE,0.1.0
L1-005,2021-10-29,-0.0441,percent,FRED,THREEFYTP10,docs/phase2-ingestion/data/macro/raw/fred/THREEFYTP10-20260821T023551Z.json,c2ceeb401070c2762eacf24ccfb0c55c1959bd371d9633599639d9af51dc57ce,2026-08-21T02:39:11.041866+00:00,PASS,STALE,0.1.0
L1-005,2021-11-01,-0.0342,percent,FRED,THREEFYTP10,docs/phase2-ingestion/data/macro/raw/fred/THREEFYTP10-20260821T023551Z.json,c2ceeb401070c2762eacf24ccfb0c55c1959bd371d9633599639d9af51dc57ce,2026-08-21T02:39:11.041866+00:00,PASS,STALE,0.1.0
L1-005,2021-11-02,-0.05,percent,FRED,THREEFYTP10,docs/phase2-ingestion/data/macro/raw/fred/THREEFYTP10-20260821T023551Z.json,c2ceeb401070c2762eacf24ccfb0c55c1959bd371d9633599639d9af51dc57ce,2026-08-21T02:39:11.041866+00:00,PASS,STALE,0.1.0
L1-005,2021-11-03,-0.0381,percent,FRED,THREEFYTP10,docs/phase2-ingestion/data/macro/raw/fred/THREEFYTP10-20260821T023551Z.json,c2ceeb401070c2762eacf24ccfb0c55c1959bd371d9633599639d9af51dc57ce,2026-08-21T02:39:11.041866+00:00,PASS,STALE,0.1.0
L1-005,2021-11-04,-0.0673,percent,FRED,THREEFYTP10,docs/phase2-ingestion/data/macro/raw/fred/THREEFYTP10-20260821T023551Z.json,c2ceeb401070c2762eacf24ccfb0c55c1959bd371d9633599639d9af51dc57ce,2026-08-21T02:39:11.041866+00:00,PASS,STALE,0.1.0
L1-005,2021-11-05,-0.1019,percent,FRED,THREEFYTP10,docs/phase2-ingestion/data/macro/raw/fred/THREEFYTP10-20260821T023551Z.json,c2ceeb401070c2762eacf24ccfb0c55c1959bd371d9633599639d9af51dc57ce,2026-08-21T02:39:11.041866+00:00,PASS,STALE,0.1.0
L1-005,2021-11-08,-0.0839,percent,FRED,THREEFYTP10,docs/phase2-ingestion/data/macro/raw/fred/THREEFYTP10-20260821T023551Z.json,c2ceeb401070c2762eacf24ccfb0c55c1959bd371d9633599639d9af51dc57ce,2026-08-21T02:39:11.041866+00:00,PASS,STALE,0.1.0
L1-005,2021-11-09,-0.1019,percent,FRED,THREEFYTP10,docs/phase2-ingestion/data/macro/raw/fred/THREEFYTP10-20260821T023551Z.json,c2ceeb401070c2762eacf24ccfb0c55c1959bd371d9633599639d9af51dc57ce,2026-08-21T02:39:11.041866+00:00,PASS,STALE,0.1.0
L1-005,2021-11-10,-0.0558,percent,FRED,THREEFYTP10,docs/phase2-ingestion/data/macro/raw/fred/THREEFYTP10-20260821T023551Z.json,c2ceeb401070c2762eacf24ccfb0c55c1959bd371d9633599639d9af51dc57ce,2026-08-21T02:39:11.041866+00:00,PASS,STALE,0.1.0
L1-005,2021-11-12,-0.0373,percent,FRED,THREEFYTP10,docs/phase2-ingestion/data/macro/raw/fred/THREEFYTP10-20260821T023551Z.json,c2ceeb401070c2762eacf24ccfb0c55c1959bd371d9633599639d9af51dc57ce,2026-08-21T02:39:11.041866+00:00,PASS,STALE,0.1.0
L1-005,2021-11-15,-0.0172,percent,FRED,THREEFYTP10,docs/phase2-ingestion/data/macro/raw/fred/THREEFYTP10-20260821T023551Z.json,c2ceeb401070c2762eacf24ccfb0c55c1959bd371d9633599639d9af51dc57ce,2026-08-21T02:39:11.041866+00:00,PASS,STALE,0.1.0
L1-005,2021-11-16,-0.0079,percent,FRED,THREEFYTP10,docs/phase2-ingestion/data/macro/raw/fred/THREEFYTP10-20260821T023551Z.json,c2ceeb401070c2762eacf24ccfb0c55c1959bd371d9633599639d9af51dc57ce,2026-08-21T02:39:11.041866+00:00,PASS,STALE,0.1.0
L1-005,2021-11-17,-0.0145,percent,FRED,THREEFYTP10,docs/phase2-ingestion/data/macro/raw/fred/THREEFYTP10-20260821T023551Z.json,c2ceeb401070c2762eacf24ccfb0c55c1959bd371d9633599639d9af51dc57ce,2026-08-21T02:39:11.041866+00:00,PASS,STALE,0.1.0
L1-005,2021-11-18,-0.0226,percent,FRED,THREEFYTP10,docs/phase2-ingestion/data/macro/raw/fred/THREEFYTP10-20260821T023551Z.json,c2ceeb401070c2762eacf24ccfb0c55c1959bd371d9633599639d9af51dc57ce,2026-08-21T02:39:11.041866+00:00,PASS,STALE,0.1.0
L1-005,2021-11-19,-0.0334,percent,FRED,THREEFYTP10,docs/phase2-ingestion/data/macro/raw/fred/THREEFYTP10-20260821T023551Z.json,c2ceeb401070c2762eacf24ccfb0c55c1959bd371d9633599639d9af51dc57ce,2026-08-21T02:39:11.041866+00:00,PASS,STALE,0.1.0
L1-005,2021-11-22,0.0019,percent,FRED,THREEFYTP10,docs/phase2-ingestion/data/macro/raw/fred/THREEFYTP10-20260821T023551Z.json,c2ceeb401070c2762eacf24ccfb0c55c1959bd371d9633599639d9af51dc57ce,2026-08-21T02:39:11.041866+00:00,PASS,STALE,0.1.0
L1-005,2021-11-23,0.0187,percent,FRED,THREEFYTP10,docs/phase2-ingestion/data/macro/raw/fred/THREEFYTP10-20260821T023551Z.json,c2ceeb401070c2762eacf24ccfb0c55c1959bd371d9633599639d9af51dc57ce,2026-08-21T02:39:11.041866+00:00,PASS,STALE,0.1.0
L1-005,2021-11-24,0.0205,percent,FRED,THREEFYTP10,docs/phase2-ingestion/data/macro/raw/fred/THREEFYTP10-20260821T023551Z.json,c2ceeb401070c2762eacf24ccfb0c55c1959bd371d9633599639d9af51dc57ce,2026-08-21T02:39:11.041866+00:00,PASS,STALE,0.1.0
L1-005,2021-11-26,-0.0483,percent,FRED,THREEFYTP10,docs/phase2-ingestion/data/macro/raw/fred/THREEFYTP10-20260821T023551Z.json,c2ceeb401070c2762eacf24ccfb0c55c1959bd371d9633599639d9af51dc57ce,2026-08-21T02:39:11.041866+00:00,PASS,STALE,0.1.0
L1-005,2021-11-29,-0.0568,percent,FRED,THREEFYTP10,docs/phase2-ingestion/data/macro/raw/fred/THREEFYTP10-20260821T023551Z.json,c2ceeb401070c2762eacf24ccfb0c55c1959bd371d9633599639d9af51dc57ce,2026-08-21T02:39:11.041866+00:00,PASS,STALE,0.1.0
L1-005,2021-11-30,-0.0822,percent,FRED,THREEFYTP10,docs/phase2-ingestion/data/macro/raw/fred/THREEFYTP10-20260821T023551Z.json,c2ceeb401070c2762eacf24ccfb0c55c1959bd371d9633599639d9af51dc57ce,2026-08-21T02:39:11.041866+00:00,PASS,STALE,0.1.0
L1-005,2021-12-01,-0.0871,percent,FRED,THREEFYTP10,docs/phase2-ingestion/data/macro/raw/fred/THREEFYTP10-20260821T023551Z.json,c2ceeb401070c2762eacf24ccfb0c55c1959bd371d9633599639d9af51dc57ce,2026-08-21T02:39:11.041866+00:00,PASS,STALE,0.1.0
L1-005,2021-12-02,-0.0782,percent,FRED,THREEFYTP10,docs/phase2-ingestion/data/macro/raw/fred/THREEFYTP10-20260821T023551Z.json,c2ceeb401070c2762eacf24ccfb0c55c1959bd371d9633599639d9af51dc57ce,2026-08-21T02:39:11.041866+00:00,PASS,STALE,0.1.0
L1-005,2021-12-03,-0.1105,percent,FRED,THREEFYTP10,docs/phase2-ingestion/data/macro/raw/fred/THREEFYTP10-20260821T023551Z.json,c2ceeb401070c2762eacf24ccfb0c55c1959bd371d9633599639d9af51dc57ce,2026-08-21T02:39:11.041866+00:00,PASS,STALE,0.1.0
L1-005,2021-12-06,-0.092,percent,FRED,THREEFYTP10,docs/phase2-ingestion/data/macro/raw/fred/THREEFYTP10-20260821T023551Z.json,c2ceeb401070c2762eacf24ccfb0c55c1959bd371d9633599639d9af51dc57ce,2026-08-21T02:39:11.041866+00:00,PASS,STALE,0.1.0
L1-005,2021-12-07,-0.0694,percent,FRED,THREEFYTP10,docs/phase2-ingestion/data/macro/raw/fred/THREEFYTP10-20260821T023551Z.json,c2ceeb401070c2762eacf24ccfb0c55c1959bd371d9633599639d9af51dc57ce,2026-08-21T02:39:11.041866+00:00,PASS,STALE,0.1.0
L1-005,2021-12-08,-0.0593,percent,FRED,THREEFYTP10,docs/phase2-ingestion/data/macro/raw/fred/THREEFYTP10-20260821T023551Z.json,c2ceeb401070c2762eacf24ccfb0c55c1959bd371d9633599639d9af51dc57ce,2026-08-21T02:39:11.041866+00:00,PASS,STALE,0.1.0
L1-005,2021-12-09,-0.0617,percent,FRED,THREEFYTP10,docs/phase2-ingestion/data/macro/raw/fred/THREEFYTP10-20260821T023551Z.json,c2ceeb401070c2762eacf24ccfb0c55c1959bd371d9633599639d9af51dc57ce,2026-08-21T02:39:11.041866+00:00,PASS,STALE,0.1.0
L1-005,2021-12-10,-0.0641,percent,FRED,THREEFYTP10,docs/phase2-ingestion/data/macro/raw/fred/THREEFYTP10-20260821T023551Z.json,c2ceeb401070c2762eacf24ccfb0c55c1959bd371d9633599639d9af51dc57ce,2026-08-21T02:39:11.041866+00:00,PASS,STALE,0.1.0
L1-005,2021-12-13,-0.0822,percent,FRED,THREEFYTP10,docs/phase2-ingestion/data/macro/raw/fred/THREEFYTP10-20260821T023551Z.json,c2ceeb401070c2762eacf24ccfb0c55c1959bd371d9633599639d9af51dc57ce,2026-08-21T02:39:11.041866+00:00,PASS,STALE,0.1.0
L1-005,2021-12-14,-0.0789,percent,FRED,THREEFYTP10,docs/phase2-ingestion/data/macro/raw/fred/THREEFYTP10-20260821T023551Z.json,c2ceeb401070c2762eacf24ccfb0c55c1959bd371d9633599639d9af51dc57ce,2026-08-21T02:39:11.041866+00:00,PASS,STALE,0.1.0
L1-005,2021-12-15,-0.0671,percent,FRED,THREEFYTP10,docs/phase2-ingestion/data/macro/raw/fred/THREEFYTP10-20260821T023551Z.json,c2ceeb401070c2762eacf24ccfb0c55c1959bd371d9633599639d9af51dc57ce,2026-08-21T02:39:11.041866+00:00,PASS,STALE,0.1.0
L1-005,2021-12-16,-0.0875,percent,FRED,THREEFYTP10,docs/phase2-ingestion/data/macro/raw/fred/THREEFYTP10-20260821T023551Z.json,c2ceeb401070c2762eacf24ccfb0c55c1959bd371d9633599639d9af51dc57ce,2026-08-21T02:39:11.041866+00:00,PASS,STALE,0.1.0
L1-005,2021-12-17,-0.0967,percent,FRED,THREEFYTP10,docs/phase2-ingestion/data/macro/raw/fred/THREEFYTP10-20260821T023551Z.json,c2ceeb401070c2762eacf24ccfb0c55c1959bd371d9633599639d9af51dc57ce,2026-08-21T02:39:11.041866+00:00,PASS,STALE,0.1.0
L1-005,2021-12-20,-0.1022,percent,FRED,THREEFYTP10,docs/phase2-ingestion/data/macro/raw/fred/THREEFYTP10-20260821T023551Z.json,c2ceeb401070c2762eacf24ccfb0c55c1959bd371d9633599639d9af51dc57ce,2026-08-21T02:39:11.041866+00:00,PASS,STALE,0.1.0
L1-005,2021-12-21,-0.0823,percent,FRED,THREEFYTP10,docs/phase2-ingestion/data/macro/raw/fred/THREEFYTP10-20260821T023551Z.json,c2ceeb401070c2762eacf24ccfb0c55c1959bd371d9633599639d9af51dc57ce,2026-08-21T02:39:11.041866+00:00,PASS,STALE,0.1.0
L1-005,2021-12-22,-0.0814,percent,FRED,THREEFYTP10,docs/phase2-ingestion/data/macro/raw/fred/THREEFYTP10-20260821T023551Z.json,c2ceeb401070c2762eacf24ccfb0c55c1959bd371d9633599639d9af51dc57ce,2026-08-21T02:39:11.041866+00:00,PASS,STALE,0.1.0
L1-005,2021-12-23,-0.0698,percent,FRED,THREEFYTP10,docs/phase2-ingestion/data/macro/raw/fred/THREEFYTP10-20260821T023551Z.json,c2ceeb401070c2762eacf24ccfb0c55c1959bd371d9633599639d9af51dc57ce,2026-08-21T02:39:11.041866+00:00,PASS,STALE,0.1.0
L1-005,2021-12-27,-0.0696,percent,FRED,THREEFYTP10,docs/phase2-ingestion/data/macro/raw/fred/THREEFYTP10-20260821T023551Z.json,c2ceeb401070c2762eacf24ccfb0c55c1959bd371d9633599639d9af51dc57ce,2026-08-21T02:39:11.041866+00:00,PASS,STALE,0.1.0
L1-005,2021-12-28,-0.0707,percent,FRED,THREEFYTP10,docs/phase2-ingestion/data/macro/raw/fred/THREEFYTP10-20260821T023551Z.json,c2ceeb401070c2762eacf24ccfb0c55c1959bd371d9633599639d9af51dc57ce,2026-08-21T02:39:11.041866+00:00,PASS,STALE,0.1.0
L1-005,2021-12-29,-0.0501,percent,FRED,THREEFYTP10,docs/phase2-ingestion/data/macro/raw/fred/THREEFYTP10-20260821T023551Z.json,c2ceeb401070c2762eacf24ccfb0c55c1959bd371d9633599639d9af51dc57ce,2026-08-21T02:39:11.041866+00:00,PASS,STALE,0.1.0
L1-005,2021-12-30,-0.0548,percent,FRED,THREEFYTP10,docs/phase2-ingestion/data/macro/raw/fred/THREEFYTP10-20260821T023551Z.json,c2ceeb401070c2762eacf24ccfb0c55c1959bd371d9633599639d9af51dc57ce,2026-08-21T02:39:11.041866+00:00,PASS,STALE,0.1.0
L1-005,2021-12-31,-0.0588,percent,FRED,THREEFYTP10,docs/phase2-ingestion/data/macro/raw/fred/THREEFYTP10-20260821T023551Z.json,c2ceeb401070c2762eacf24ccfb0c55c1959bd371d9633599639d9af51dc57ce,2026-08-21T02:39:11.041866+00:00,PASS,STALE,0.1.0
L1-005,2022-01-03,-0.0167,percent,FRED,THREEFYTP10,docs/phase2-ingestion/data/macro/raw/fred/THREEFYTP10-20260821T023551Z.json,c2ceeb401070c2762eacf24ccfb0c55c1959bd371d9633599639d9af51dc57ce,2026-08-21T02:39:11.041866+00:00,PASS,STALE,0.1.0
L1-005,2022-01-04,0.0002,percent,FRED,THREEFYTP10,docs/phase2-ingestion/data/macro/raw/fred/THREEFYTP10-20260821T023551Z.json,c2ceeb401070c2762eacf24ccfb0c55c1959bd371d9633599639d9af51dc57ce,2026-08-21T02:39:11.041866+00:00,PASS,STALE,0.1.0
L1-005,2022-01-05,0.0263,percent,FRED,THREEFYTP10,docs/phase2-ingestion/data/macro/raw/fred/THREEFYTP10-20260821T023551Z.json,c2ceeb401070c2762eacf24ccfb0c55c1959bd371d9633599639d9af51dc57ce,2026-08-21T02:39:11.041866+00:00,PASS,STALE,0.1.0
L1-005,2022-01-06,0.0477,percent,FRED,THREEFYTP10,docs/phase2-ingestion/data/macro/raw/fred/THREEFYTP10-20260821T023551Z.json,c2ceeb401070c2762eacf24ccfb0c55c1959bd371d9633599639d9af51dc57ce,2026-08-21T02:39:11.041866+00:00,PASS,STALE,0.1.0
L1-005,2022-01-07,0.0673,percent,FRED,THREEFYTP10,docs/phase2-ingestion/data/macro/raw/fred/THREEFYTP10-20260821T023551Z.json,c2ceeb401070c2762eacf24ccfb0c55c1959bd371d9633599639d9af51dc57ce,2026-08-21T02:39:11.041866+00:00,PASS,STALE,0.1.0
L1-005,2022-01-10,0.0774,percent,FRED,THREEFYTP10,docs/phase2-ingestion/data/macro/raw/fred/THREEFYTP10-20260821T023551Z.json,c2ceeb401070c2762eacf24ccfb0c55c1959bd371d9633599639d9af51dc57ce,2026-08-21T02:39:11.041866+00:00,PASS,STALE,0.1.0
L1-005,2022-01-11,0.0711,percent,FRED,THREEFYTP10,docs/phase2-ingestion/data/macro/raw/fred/THREEFYTP10-20260821T023551Z.json,c2ceeb401070c2762eacf24ccfb0c55c1959bd371d9633599639d9af51dc57ce,2026-08-21T02:39:11.041866+00:00,PASS,STALE,0.1.0
L1-005,2022-01-12,0.065,percent,FRED,THREEFYTP10,docs/phase2-ingestion/data/macro/raw/fred/THREEFYTP10-20260821T023551Z.json,c2ceeb401070c2762eacf24ccfb0c55c1959bd371d9633599639d9af51dc57ce,2026-08-21T02:39:11.041866+00:00,PASS,STALE,0.1.0
L1-005,2022-01-13,0.0486,percent,FRED,THREEFYTP10,docs/phase2-ingestion/data/macro/raw/fred/THREEFYTP10-20260821T023551Z.json,c2ceeb401070c2762eacf24ccfb0c55c1959bd371d9633599639d9af51dc57ce,2026-08-21T02:39:11.041866+00:00,PASS,STALE,0.1.0
L1-005,2022-01-14,0.0764,percent,FRED,THREEFYTP10,docs/phase2-ingestion/data/macro/raw/fred/THREEFYTP10-20260821T023551Z.json,c2ceeb401070c2762eacf24ccfb0c55c1959bd371d9633599639d9af51dc57ce,2026-08-21T02:39:11.041866+00:00,PASS,STALE,0.1.0
L1-005,2022-01-18,0.1132,percent,FRED,THREEFYTP10,docs/phase2-ingestion/data/macro/raw/fred/THREEFYTP10-20260821T023551Z.json,c2ceeb401070c2762eacf24ccfb0c55c1959bd371d9633599639d9af51dc57ce,2026-08-21T02:39:11.041866+00:00,PASS,STALE,0.1.0
L1-005,2022-01-19,0.1079,percent,FRED,THREEFYTP10,docs/phase2-ingestion/data/macro/raw/fred/THREEFYTP10-20260821T023551Z.json,c2ceeb401070c2762eacf24ccfb0c55c1959bd371d9633599639d9af51dc57ce,2026-08-21T02:39:11.041866+00:00,PASS,STALE,0.1.0
L1-005,2022-01-20,0.1035,percent,FRED,THREEFYTP10,docs/phase2-ingestion/data/macro/raw/fred/THREEFYTP10-20260821T023551Z.json,c2ceeb401070c2762eacf24ccfb0c55c1959bd371d9633599639d9af51dc57ce,2026-08-21T02:39:11.041866+00:00,PASS,STALE,0.1.0
L1-005,2022-01-21,0.0719,percent,FRED,THREEFYTP10,docs/phase2-ingestion/data/macro/raw/fred/THREEFYTP10-20260821T023551Z.json,c2ceeb401070c2762eacf24ccfb0c55c1959bd371d9633599639d9af51dc57ce,2026-08-21T02:39:11.041866+00:00,PASS,STALE,0.1.0
L1-005,2022-01-24,0.0584,percent,FRED,THREEFYTP10,docs/phase2-ingestion/data/macro/raw/fred/THREEFYTP10-20260821T023551Z.json,c2ceeb401070c2762eacf24ccfb0c55c1959bd371d9633599639d9af51dc57ce,2026-08-21T02:39:11.041866+00:00,PASS,STALE,0.1.0
L1-005,2022-01-25,0.0662,percent,FRED,THREEFYTP10,docs/phase2-ingestion/data/macro/raw/fred/THREEFYTP10-20260821T023551Z.json,c2ceeb401070c2762eacf24ccfb0c55c1959bd371d9633599639d9af51dc57ce,2026-08-21T02:39:11.041866+00:00,PASS,STALE,0.1.0
L1-005,2022-01-26,0.1015,percent,FRED,THREEFYTP10,docs/phase2-ingestion/data/macro/raw/fred/THREEFYTP10-20260821T023551Z.json,c2ceeb401070c2762eacf24ccfb0c55c1959bd371d9633599639d9af51dc57ce,2026-08-21T02:39:11.041866+00:00,PASS,STALE,0.1.0
L1-005,2022-01-27,0.0994,percent,FRED,THREEFYTP10,docs/phase2-ingestion/data/macro/raw/fred/THREEFYTP10-20260821T023551Z.json,c2ceeb401070c2762eacf24ccfb0c55c1959bd371d9633599639d9af51dc57ce,2026-08-21T02:39:11.041866+00:00,PASS,STALE,0.1.0
L1-005,2022-01-28,0.0789,percent,FRED,THREEFYTP10,docs/phase2-ingestion/data/macro/raw/fred/THREEFYTP10-20260821T023551Z.json,c2ceeb401070c2762eacf24ccfb0c55c1959bd371d9633599639d9af51dc57ce,2026-08-21T02:39:11.041866+00:00,PASS,STALE,0.1.0
L1-005,2022-01-31,0.0721,percent,FRED,THREEFYTP10,docs/phase2-ingestion/data/macro/raw/fred/THREEFYTP10-20260821T023551Z.json,c2ceeb401070c2762eacf24ccfb0c55c1959bd371d9633599639d9af51dc57ce,2026-08-21T02:39:11.041866+00:00,PASS,STALE,0.1.0
L1-005,2022-02-01,0.0735,percent,FRED,THREEFYTP10,docs/phase2-ingestion/data/macro/raw/fred/THREEFYTP10-20260821T023551Z.json,c2ceeb401070c2762eacf24ccfb0c55c1959bd371d9633599639d9af51dc57ce,2026-08-21T02:39:11.041866+00:00,PASS,STALE,0.1.0
L1-005,2022-02-02,0.0641,percent,FRED,THREEFYTP10,docs/phase2-ingestion/data/macro/raw/fred/THREEFYTP10-20260821T023551Z.json,c2ceeb401070c2762eacf24ccfb0c55c1959bd371d9633599639d9af51dc57ce,2026-08-21T02:39:11.041866+00:00,PASS,STALE,0.1.0
L1-005,2022-02-03,0.078,percent,FRED,THREEFYTP10,docs/phase2-ingestion/data/macro/raw/fred/THREEFYTP10-20260821T023551Z.json,c2ceeb401070c2762eacf24ccfb0c55c1959bd371d9633599639d9af51dc57ce,2026-08-21T02:39:11.041866+00:00,PASS,STALE,0.1.0
L1-005,2022-02-04,0.124,percent,FRED,THREEFYTP10,docs/phase2-ingestion/data/macro/raw/fred/THREEFYTP10-20260821T023551Z.json,c2ceeb401070c2762eacf24ccfb0c55c1959bd371d9633599639d9af51dc57ce,2026-08-21T02:39:11.041866+00:00,PASS,STALE,0.1.0
L1-005,2022-02-07,0.1219,percent,FRED,THREEFYTP10,docs/phase2-ingestion/data/macro/raw/fred/THREEFYTP10-20260821T023551Z.json,c2ceeb401070c2762eacf24ccfb0c55c1959bd371d9633599639d9af51dc57ce,2026-08-21T02:39:11.041866+00:00,PASS,STALE,0.1.0
L1-005,2022-02-08,0.1375,percent,FRED,THREEFYTP10,docs/phase2-ingestion/data/macro/raw/fred/THREEFYTP10-20260821T023551Z.json,c2ceeb401070c2762eacf24ccfb0c55c1959bd371d9633599639d9af51dc57ce,2026-08-21T02:39:11.041866+00:00,PASS,STALE,0.1.0
L1-005,2022-02-09,0.1408,percent,FRED,THREEFYTP10,docs/phase2-ingestion/data/macro/raw/fred/THREEFYTP10-20260821T023551Z.json,c2ceeb401070c2762eacf24ccfb0c55c1959bd371d9633599639d9af51dc57ce,2026-08-21T02:39:11.041866+00:00,PASS,STALE,0.1.0
L1-005,2022-02-10,0.1787,percent,FRED,THREEFYTP10,docs/phase2-ingestion/data/macro/raw/fred/THREEFYTP10-20260821T023551Z.json,c2ceeb401070c2762eacf24ccfb0c55c1959bd371d9633599639d9af51dc57ce,2026-08-21T02:39:11.041866+00:00,PASS,STALE,0.1.0
L1-005,2022-02-11,0.1368,percent,FRED,THREEFYTP10,docs/phase2-ingestion/data/macro/raw/fred/THREEFYTP10-20260821T023551Z.json,c2ceeb401070c2762eacf24ccfb0c55c1959bd371d9633599639d9af51dc57ce,2026-08-21T02:39:11.041866+00:00,PASS,STALE,0.1.0
L1-005,2022-02-14,0.1441,percent,FRED,THREEFYTP10,docs/phase2-ingestion/data/macro/raw/fred/THREEFYTP10-20260821T023551Z.json,c2ceeb401070c2762eacf24ccfb0c55c1959bd371d9633599639d9af51dc57ce,2026-08-21T02:39:11.041866+00:00,PASS,STALE,0.1.0
L1-005,2022-02-15,0.1615,percent,FRED,THREEFYTP10,docs/phase2-ingestion/data/macro/raw/fred/THREEFYTP10-20260821T023551Z.json,c2ceeb401070c2762eacf24ccfb0c55c1959bd371d9633599639d9af51dc57ce,2026-08-21T02:39:11.041866+00:00,PASS,STALE,0.1.0
L1-005,2022-02-16,0.157,percent,FRED,THREEFYTP10,docs/phase2-ingestion/data/macro/raw/fred/THREEFYTP10-20260821T023551Z.json,c2ceeb401070c2762eacf24ccfb0c55c1959bd371d9633599639d9af51dc57ce,2026-08-21T02:39:11.041866+00:00,PASS,STALE,0.1.0
L1-005,2022-02-17,0.138,percent,FRED,THREEFYTP10,docs/phase2-ingestion/data/macro/raw/fred/THREEFYTP10-20260821T023551Z.json,c2ceeb401070c2762eacf24ccfb0c55c1959bd371d9633599639d9af51dc57ce,2026-08-21T02:39:11.041866+00:00,PASS,STALE,0.1.0
L1-005,2022-02-18,0.1211,percent,FRED,THREEFYTP10,docs/phase2-ingestion/data/macro/raw/fred/THREEFYTP10-20260821T023551Z.json,c2ceeb401070c2762eacf24ccfb0c55c1959bd371d9633599639d9af51dc57ce,2026-08-21T02:39:11.041866+00:00,PASS,STALE,0.1.0
L1-005,2022-02-22,0.1216,percent,FRED,THREEFYTP10,docs/phase2-ingestion/data/macro/raw/fred/THREEFYTP10-20260821T023551Z.json,c2ceeb401070c2762eacf24ccfb0c55c1959bd371d9633599639d9af51dc57ce,2026-08-21T02:39:11.041866+00:00,PASS,STALE,0.1.0
L1-005,2022-02-23,0.1372,percent,FRED,THREEFYTP10,docs/phase2-ingestion/data/macro/raw/fred/THREEFYTP10-20260821T023551Z.json,c2ceeb401070c2762eacf24ccfb0c55c1959bd371d9633599639d9af51dc57ce,2026-08-21T02:39:11.041866+00:00,PASS,STALE,0.1.0
L1-005,2022-02-24,0.1312,percent,FRED,THREEFYTP10,docs/phase2-ingestion/data/macro/raw/fred/THREEFYTP10-20260821T023551Z.json,c2ceeb401070c2762eacf24ccfb0c55c1959bd371d9633599639d9af51dc57ce,2026-08-21T02:39:11.041866+00:00,PASS,STALE,0.1.0
L1-005,2022-02-25,0.1391,percent,FRED,THREEFYTP10,docs/phase2-ingestion/data/macro/raw/fred/THREEFYTP10-20260821T023551Z.json,c2ceeb401070c2762eacf24ccfb0c55c1959bd371d9633599639d9af51dc57ce,2026-08-21T02:39:11.041866+00:00,PASS,STALE,0.1.0
L1-005,2022-02-28,0.0768,percent,FRED,THREEFYTP10,docs/phase2-ingestion/data/macro/raw/fred/THREEFYTP10-20260821T023551Z.json,c2ceeb401070c2762eacf24ccfb0c55c1959bd371d9633599639d9af51dc57ce,2026-08-21T02:39:11.041866+00:00,PASS,STALE,0.1.0
L1-005,2022-03-01,0.0117,percent,FRED,THREEFYTP10,docs/phase2-ingestion/data/macro/raw/fred/THREEFYTP10-20260821T023551Z.json,c2ceeb401070c2762eacf24ccfb0c55c1959bd371d9633599639d9af51dc57ce,2026-08-21T02:39:11.041866+00:00,PASS,STALE,0.1.0
L1-005,2022-03-02,0.0638,percent,FRED,THREEFYTP10,docs/phase2-ingestion/data/macro/raw/fred/THREEFYTP10-20260821T023551Z.json,c2ceeb401070c2762eacf24ccfb0c55c1959bd371d9633599639d9af51dc57ce,2026-08-21T02:39:11.041866+00:00,PASS,STALE,0.1.0
L1-005,2022-03-03,0.0684,percent,FRED,THREEFYTP10,docs/phase2-ingestion/data/macro/raw/fred/THREEFYTP10-20260821T023551Z.json,c2ceeb401070c2762eacf24ccfb0c55c1959bd371d9633599639d9af51dc57ce,2026-08-21T02:39:11.041866+00:00,PASS,STALE,0.1.0
L1-005,2022-03-04,0.0239,percent,FRED,THREEFYTP10,docs/phase2-ingestion/data/macro/raw/fred/THREEFYTP10-20260821T023551Z.json,c2ceeb401070c2762eacf24ccfb0c55c1959bd371d9633599639d9af51dc57ce,2026-08-21T02:39:11.041866+00:00,PASS,STALE,0.1.0
L1-005,2022-03-07,0.028,percent,FRED,THREEFYTP10,docs/phase2-ingestion/data/macro/raw/fred/THREEFYTP10-20260821T023551Z.json,c2ceeb401070c2762eacf24ccfb0c55c1959bd371d9633599639d9af51dc57ce,2026-08-21T02:39:11.041866+00:00,PASS,STALE,0.1.0
L1-005,2022-03-08,0.0626,percent,FRED,THREEFYTP10,docs/phase2-ingestion/data/macro/raw/fred/THREEFYTP10-20260821T023551Z.json,c2ceeb401070c2762eacf24ccfb0c55c1959bd371d9633599639d9af51dc57ce,2026-08-21T02:39:11.041866+00:00,PASS,STALE,0.1.0
L1-005,2022-03-09,0.0949,percent,FRED,THREEFYTP10,docs/phase2-ingestion/data/macro/raw/fred/THREEFYTP10-20260821T023551Z.json,c2ceeb401070c2762eacf24ccfb0c55c1959bd371d9633599639d9af51dc57ce,2026-08-21T02:39:11.041866+00:00,PASS,STALE,0.1.0
L1-005,2022-03-10,0.1233,percent,FRED,THREEFYTP10,docs/phase2-ingestion/data/macro/raw/fred/THREEFYTP10-20260821T023551Z.json,c2ceeb401070c2762eacf24ccfb0c55c1959bd371d9633599639d9af51dc57ce,2026-08-21T02:39:11.041866+00:00,PASS,STALE,0.1.0
L1-005,2022-03-11,0.1393,percent,FRED,THREEFYTP10,docs/phase2-ingestion/data/macro/raw/fred/THREEFYTP10-20260821T023551Z.json,c2ceeb401070c2762eacf24ccfb0c55c1959bd371d9633599639d9af51dc57ce,2026-08-21T02:39:11.041866+00:00,PASS,STALE,0.1.0
L1-005,2022-03-14,0.1947,percent,FRED,THREEFYTP10,docs/phase2-ingestion/data/macro/raw/fred/THREEFYTP10-20260821T023551Z.json,c2ceeb401070c2762eacf24ccfb0c55c1959bd371d9633599639d9af51dc57ce,2026-08-21T02:39:11.041866+00:00,PASS,STALE,0.1.0
L1-005,2022-03-15,0.2069,percent,FRED,THREEFYTP10,docs/phase2-ingestion/data/macro/raw/fred/THREEFYTP10-20260821T023551Z.json,c2ceeb401070c2762eacf24ccfb0c55c1959bd371d9633599639d9af51dc57ce,2026-08-21T02:39:11.041866+00:00,PASS,STALE,0.1.0
L1-005,2022-03-16,0.2366,percent,FRED,THREEFYTP10,docs/phase2-ingestion/data/macro/raw/fred/THREEFYTP10-20260821T023551Z.json,c2ceeb401070c2762eacf24ccfb0c55c1959bd371d9633599639d9af51dc57ce,2026-08-21T02:39:11.041866+00:00,PASS,STALE,0.1.0
L1-005,2022-03-17,0.2502,percent,FRED,THREEFYTP10,docs/phase2-ingestion/data/macro/raw/fred/THREEFYTP10-20260821T023551Z.json,c2ceeb401070c2762eacf24ccfb0c55c1959bd371d9633599639d9af51dc57ce,2026-08-21T02:39:11.041866+00:00,PASS,STALE,0.1.0
L1-005,2022-03-18,0.2377,percent,FRED,THREEFYTP10,docs/phase2-ingestion/data/macro/raw/fred/THREEFYTP10-20260821T023551Z.json,c2ceeb401070c2762eacf24ccfb0c55c1959bd371d9633599639d9af51dc57ce,2026-08-21T02:39:11.041866+00:00,PASS,STALE,0.1.0
L1-005,2022-03-21,0.297,percent,FRED,THREEFYTP10,docs/phase2-ingestion/data/macro/raw/fred/THREEFYTP10-20260821T023551Z.json,c2ceeb401070c2762eacf24ccfb0c55c1959bd371d9633599639d9af51dc57ce,2026-08-21T02:39:11.041866+00:00,PASS,STALE,0.1.0
L1-005,2022-03-22,0.3307,percent,FRED,THREEFYTP10,docs/phase2-ingestion/data/macro/raw/fred/THREEFYTP10-20260821T023551Z.json,c2ceeb401070c2762eacf24ccfb0c55c1959bd371d9633599639d9af51dc57ce,2026-08-21T02:39:11.041866+00:00,PASS,STALE,0.1.0
L1-005,2022-03-23,0.3191,percent,FRED,THREEFYTP10,docs/phase2-ingestion/data/macro/raw/fred/THREEFYTP10-20260821T023551Z.json,c2ceeb401070c2762eacf24ccfb0c55c1959bd371d9633599639d9af51dc57ce,2026-08-21T02:39:11.041866+00:00,PASS,STALE,0.1.0
L1-005,2022-03-24,0.3255,percent,FRED,THREEFYTP10,docs/phase2-ingestion/data/macro/raw/fred/THREEFYTP10-20260821T023551Z.json,c2ceeb401070c2762eacf24ccfb0c55c1959bd371d9633599639d9af51dc57ce,2026-08-21T02:39:11.041866+00:00,PASS,STALE,0.1.0
L1-005,2022-03-25,0.3918,percent,FRED,THREEFYTP10,docs/phase2-ingestion/data/macro/raw/fred/THREEFYTP10-20260821T023551Z.json,c2ceeb401070c2762eacf24ccfb0c55c1959bd371d9633599639d9af51dc57ce,2026-08-21T02:39:11.041866+00:00,PASS,STALE,0.1.0
L1-005,2022-03-28,0.3914,percent,FRED,THREEFYTP10,docs/phase2-ingestion/data/macro/raw/fred/THREEFYTP10-20260821T023551Z.json,c2ceeb401070c2762eacf24ccfb0c55c1959bd371d9633599639d9af51dc57ce,2026-08-21T02:39:11.041866+00:00,PASS,STALE,0.1.0
L1-005,2022-03-29,0.3684,percent,FRED,THREEFYTP10,docs/phase2-ingestion/data/macro/raw/fred/THREEFYTP10-20260821T023551Z.json,c2ceeb401070c2762eacf24ccfb0c55c1959bd371d9633599639d9af51dc57ce,2026-08-21T02:39:11.041866+00:00,PASS,STALE,0.1.0
L1-005,2022-03-30,0.3389,percent,FRED,THREEFYTP10,docs/phase2-ingestion/data/macro/raw/fred/THREEFYTP10-20260821T023551Z.json,c2ceeb401070c2762eacf24ccfb0c55c1959bd371d9633599639d9af51dc57ce,2026-08-21T02:39:11.041866+00:00,PASS,STALE,0.1.0
L1-005,2022-03-31,0.32,percent,FRED,THREEFYTP10,docs/phase2-ingestion/data/macro/raw/fred/THREEFYTP10-20260821T023551Z.json,c2ceeb401070c2762eacf24ccfb0c55c1959bd371d9633599639d9af51dc57ce,2026-08-21T02:39:11.041866+00:00,PASS,STALE,0.1.0
L1-005,2022-04-01,0.3539,percent,FRED,THREEFYTP10,docs/phase2-ingestion/data/macro/raw/fred/THREEFYTP10-20260821T023551Z.json,c2ceeb401070c2762eacf24ccfb0c55c1959bd371d9633599639d9af51dc57ce,2026-08-21T02:39:11.041866+00:00,PASS,STALE,0.1.0
L1-005,2022-04-04,0.3562,percent,FRED,THREEFYTP10,docs/phase2-ingestion/data/macro/raw/fred/THREEFYTP10-20260821T023551Z.json,c2ceeb401070c2762eacf24ccfb0c55c1959bd371d9633599639d9af51dc57ce,2026-08-21T02:39:11.041866+00:00,PASS,STALE,0.1.0
L1-005,2022-04-05,0.4026,percent,FRED,THREEFYTP10,docs/phase2-ingestion/data/macro/raw/fred/THREEFYTP10-20260821T023551Z.json,c2ceeb401070c2762eacf24ccfb0c55c1959bd371d9633599639d9af51dc57ce,2026-08-21T02:39:11.041866+00:00,PASS,STALE,0.1.0
L1-005,2022-04-06,0.4281,percent,FRED,THREEFYTP10,docs/phase2-ingestion/data/macro/raw/fred/THREEFYTP10-20260821T023551Z.json,c2ceeb401070c2762eacf24ccfb0c55c1959bd371d9633599639d9af51dc57ce,2026-08-21T02:39:11.041866+00:00,PASS,STALE,0.1.0
L1-005,2022-04-07,0.4482,percent,FRED,THREEFYTP10,docs/phase2-ingestion/data/macro/raw/fred/THREEFYTP10-20260821T023551Z.json,c2ceeb401070c2762eacf24ccfb0c55c1959bd371d9633599639d9af51dc57ce,2026-08-21T02:39:11.041866+00:00,PASS,STALE,0.1.0
L1-005,2022-04-08,0.4805,percent,FRED,THREEFYTP10,docs/phase2-ingestion/data/macro/raw/fred/THREEFYTP10-20260821T023551Z.json,c2ceeb401070c2762eacf24ccfb0c55c1959bd371d9633599639d9af51dc57ce,2026-08-21T02:39:11.041866+00:00,PASS,STALE,0.1.0
L1-005,2022-04-11,0.4966,percent,FRED,THREEFYTP10,docs/phase2-ingestion/data/macro/raw/fred/THREEFYTP10-20260821T023551Z.json,c2ceeb401070c2762eacf24ccfb0c55c1959bd371d9633599639d9af51dc57ce,2026-08-21T02:39:11.041866+00:00,PASS,STALE,0.1.0
L1-005,2022-04-12,0.4628,percent,FRED,THREEFYTP10,docs/phase2-ingestion/data/macro/raw/fred/THREEFYTP10-20260821T023551Z.json,c2ceeb401070c2762eacf24ccfb0c55c1959bd371d9633599639d9af51dc57ce,2026-08-21T02:39:11.041866+00:00,PASS,STALE,0.1.0
L1-005,2022-04-13,0.4507,percent,FRED,THREEFYTP10,docs/phase2-ingestion/data/macro/raw/fred/THREEFYTP10-20260821T023551Z.json,c2ceeb401070c2762eacf24ccfb0c55c1959bd371d9633599639d9af51dc57ce,2026-08-21T02:39:11.041866+00:00,PASS,STALE,0.1.0
L1-005,2022-04-14,0.4991,percent,FRED,THREEFYTP10,docs/phase2-ingestion/data/macro/raw/fred/THREEFYTP10-20260821T023551Z.json,c2ceeb401070c2762eacf24ccfb0c55c1959bd371d9633599639d9af51dc57ce,2026-08-21T02:39:11.041866+00:00,PASS,STALE,0.1.0
L1-005,2022-04-18,0.5119,percent,FRED,THREEFYTP10,docs/phase2-ingestion/data/macro/raw/fred/THREEFYTP10-20260821T023551Z.json,c2ceeb401070c2762eacf24ccfb0c55c1959bd371d9633599639d9af51dc57ce,2026-08-21T02:39:11.041866+00:00,PASS,STALE,0.1.0
L1-005,2022-04-19,0.5547,percent,FRED,THREEFYTP10,docs/phase2-ingestion/data/macro/raw/fred/THREEFYTP10-20260821T023551Z.json,c2ceeb401070c2762eacf24ccfb0c55c1959bd371d9633599639d9af51dc57ce,2026-08-21T02:39:11.041866+00:00,PASS,STALE,0.1.0
L1-005,2022-04-20,0.5389,percent,FRED,THREEFYTP10,docs/phase2-ingestion/data/macro/raw/fred/THREEFYTP10-20260821T023551Z.json,c2ceeb401070c2762eacf24ccfb0c55c1959bd371d9633599639d9af51dc57ce,2026-08-21T02:39:11.041866+00:00,PASS,STALE,0.1.0
L1-005,2022-04-21,0.5622,percent,FRED,THREEFYTP10,docs/phase2-ingestion/data/macro/raw/fred/THREEFYTP10-20260821T023551Z.json,c2ceeb401070c2762eacf24ccfb0c55c1959bd371d9633599639d9af51dc57ce,2026-08-21T02:39:11.041866+00:00,PASS,STALE,0.1.0
L1-005,2022-04-22,0.5622,percent,FRED,THREEFYTP10,docs/phase2-ingestion/data/macro/raw/fred/THREEFYTP10-20260821T023551Z.json,c2ceeb401070c2762eacf24ccfb0c55c1959bd371d9633599639d9af51dc57ce,2026-08-21T02:39:11.041866+00:00,PASS,STALE,0.1.0
L1-005,2022-04-25,0.51,percent,FRED,THREEFYTP10,docs/phase2-ingestion/data/macro/raw/fred/THREEFYTP10-20260821T023551Z.json,c2ceeb401070c2762eacf24ccfb0c55c1959bd371d9633599639d9af51dc57ce,2026-08-21T02:39:11.041866+00:00,PASS,STALE,0.1.0
L1-005,2022-04-26,0.4752,percent,FRED,THREEFYTP10,docs/phase2-ingestion/data/macro/raw/fred/THREEFYTP10-20260821T023551Z.json,c2ceeb401070c2762eacf24ccfb0c55c1959bd371d9633599639d9af51dc57ce,2026-08-21T02:39:11.041866+00:00,PASS,STALE,0.1.0
L1-005,2022-04-27,0.4848,percent,FRED,THREEFYTP10,docs/phase2-ingestion/data/macro/raw/fred/THREEFYTP10-20260821T023551Z.json,c2ceeb401070c2762eacf24ccfb0c55c1959bd371d9633599639d9af51dc57ce,2026-08-21T02:39:11.041866+00:00,PASS,STALE,0.1.0
L1-005,2022-04-28,0.5063,percent,FRED,THREEFYTP10,docs/phase2-ingestion/data/macro/raw/fred/THREEFYTP10-20260821T023551Z.json,c2ceeb401070c2762eacf24ccfb0c55c1959bd371d9633599639d9af51dc57ce,2026-08-21T02:39:11.041866+00:00,PASS,STALE,0.1.0
L1-005,2022-04-29,0.534,percent,FRED,THREEFYTP10,docs/phase2-ingestion/data/macro/raw/fred/THREEFYTP10-20260821T023551Z.json,c2ceeb401070c2762eacf24ccfb0c55c1959bd371d9633599639d9af51dc57ce,2026-08-21T02:39:11.041866+00:00,PASS,STALE,0.1.0
L1-005,2022-05-02,0.5674,percent,FRED,THREEFYTP10,docs/phase2-ingestion/data/macro/raw/fred/THREEFYTP10-20260821T023551Z.json,c2ceeb401070c2762eacf24ccfb0c55c1959bd371d9633599639d9af51dc57ce,2026-08-21T02:39:11.041866+00:00,PASS,STALE,0.1.0
L1-005,2022-05-03,0.5728,percent,FRED,THREEFYTP10,docs/phase2-ingestion/data/macro/raw/fred/THREEFYTP10-20260821T023551Z.json,c2ceeb401070c2762eacf24ccfb0c55c1959bd371d9633599639d9af51dc57ce,2026-08-21T02:39:11.041866+00:00,PASS,STALE,0.1.0
L1-005,2022-05-04,0.55,percent,FRED,THREEFYTP10,docs/phase2-ingestion/data/macro/raw/fred/THREEFYTP10-20260821T023551Z.json,c2ceeb401070c2762eacf24ccfb0c55c1959bd371d9633599639d9af51dc57ce,2026-08-21T02:39:11.041866+00:00,PASS,STALE,0.1.0
L1-005,2022-05-05,0.5935,percent,FRED,THREEFYTP10,docs/phase2-ingestion/data/macro/raw/fred/THREEFYTP10-20260821T023551Z.json,c2ceeb401070c2762eacf24ccfb0c55c1959bd371d9633599639d9af51dc57ce,2026-08-21T02:39:11.041866+00:00,PASS,STALE,0.1.0
L1-005,2022-05-06,0.633,percent,FRED,THREEFYTP10,docs/phase2-ingestion/data/macro/raw/fred/THREEFYTP10-20260821T023551Z.json,c2ceeb401070c2762eacf24ccfb0c55c1959bd371d9633599639d9af51dc57ce,2026-08-21T02:39:11.041866+00:00,PASS,STALE,0.1.0
L1-005,2022-05-09,0.5996,percent,FRED,THREEFYTP10,docs/phase2-ingestion/data/macro/raw/fred/THREEFYTP10-20260821T023551Z.json,c2ceeb401070c2762eacf24ccfb0c55c1959bd371d9633599639d9af51dc57ce,2026-08-21T02:39:11.041866+00:00,PASS,STALE,0.1.0
L1-005,2022-05-10,0.5752,percent,FRED,THREEFYTP10,docs/phase2-ingestion/data/macro/raw/fred/THREEFYTP10-20260821T023551Z.json,c2ceeb401070c2762eacf24ccfb0c55c1959bd371d9633599639d9af51dc57ce,2026-08-21T02:39:11.041866+00:00,PASS,STALE,0.1.0
L1-005,2022-05-11,0.5519,percent,FRED,THREEFYTP10,docs/phase2-ingestion/data/macro/raw/fred/THREEFYTP10-20260821T023551Z.json,c2ceeb401070c2762eacf24ccfb0c55c1959bd371d9633599639d9af51dc57ce,2026-08-21T02:39:11.041866+00:00,PASS,STALE,0.1.0
L1-005,2022-05-12,0.5079,percent,FRED,THREEFYTP10,docs/phase2-ingestion/data/macro/raw/fred/THREEFYTP10-20260821T023551Z.json,c2ceeb401070c2762eacf24ccfb0c55c1959bd371d9633599639d9af51dc57ce,2026-08-21T02:39:11.041866+00:00,PASS,STALE,0.1.0
L1-005,2022-05-13,0.5264,percent,FRED,THREEFYTP10,docs/phase2-ingestion/data/macro/raw/fred/THREEFYTP10-20260821T023551Z.json,c2ceeb401070c2762eacf24ccfb0c55c1959bd371d9633599639d9af51dc57ce,2026-08-21T02:39:11.041866+00:00,PASS,STALE,0.1.0
L1-005,2022-05-16,0.4971,percent,FRED,THREEFYTP10,docs/phase2-ingestion/data/macro/raw/fred/THREEFYTP10-20260821T023551Z.json,c2ceeb401070c2762eacf24ccfb0c55c1959bd371d9633599639d9af51dc57ce,2026-08-21T02:39:11.041866+00:00,PASS,STALE,0.1.0
L1-005,2022-05-17,0.5312,percent,FRED,THREEFYTP10,docs/phase2-ingestion/data/macro/raw/fred/THREEFYTP10-20260821T023551Z.json,c2ceeb401070c2762eacf24ccfb0c55c1959bd371d9633599639d9af51dc57ce,2026-08-21T02:39:11.041866+00:00,PASS,STALE,0.1.0
L1-005,2022-05-18,0.5054,percent,FRED,THREEFYTP10,docs/phase2-ingestion/data/macro/raw/fred/THREEFYTP10-20260821T023551Z.json,c2ceeb401070c2762eacf24ccfb0c55c1959bd371d9633599639d9af51dc57ce,2026-08-21T02:39:11.041866+00:00,PASS,STALE,0.1.0
L1-005,2022-05-19,0.4799,percent,FRED,THREEFYTP10,docs/phase2-ingestion/data/macro/raw/fred/THREEFYTP10-20260821T023551Z.json,c2ceeb401070c2762eacf24ccfb0c55c1959bd371d9633599639d9af51dc57ce,2026-08-21T02:39:11.041866+00:00,PASS,STALE,0.1.0
L1-005,2022-05-20,0.4552,percent,FRED,THREEFYTP10,docs/phase2-ingestion/data/macro/raw/fred/THREEFYTP10-20260821T023551Z.json,c2ceeb401070c2762eacf24ccfb0c55c1959bd371d9633599639d9af51dc57ce,2026-08-21T02:39:11.041866+00:00,PASS,STALE,0.1.0
L1-005,2022-05-23,0.4769,percent,FRED,THREEFYTP10,docs/phase2-ingestion/data/macro/raw/fred/THREEFYTP10-20260821T023551Z.json,c2ceeb401070c2762eacf24ccfb0c55c1959bd371d9633599639d9af51dc57ce,2026-08-21T02:39:11.041866+00:00,PASS,STALE,0.1.0
L1-005,2022-05-24,0.434,percent,FRED,THREEFYTP10,docs/phase2-ingestion/data/macro/raw/fred/THREEFYTP10-20260821T023551Z.json,c2ceeb401070c2762eacf24ccfb0c55c1959bd371d9633599639d9af51dc57ce,2026-08-21T02:39:11.041866+00:00,PASS,STALE,0.1.0
L1-005,2022-05-25,0.4152,percent,FRED,THREEFYTP10,docs/phase2-ingestion/data/macro/raw/fred/THREEFYTP10-20260821T023551Z.json,c2ceeb401070c2762eacf24ccfb0c55c1959bd371d9633599639d9af51dc57ce,2026-08-21T02:39:11.041866+00:00,PASS,STALE,0.1.0
L1-005,2022-05-26,0.4094,percent,FRED,THREEFYTP10,docs/phase2-ingestion/data/macro/raw/fred/THREEFYTP10-20260821T023551Z.json,c2ceeb401070c2762eacf24ccfb0c55c1959bd371d9633599639d9af51dc57ce,2026-08-21T02:39:11.041866+00:00,PASS,STALE,0.1.0
L1-005,2022-05-27,0.4099,percent,FRED,THREEFYTP10,docs/phase2-ingestion/data/macro/raw/fred/THREEFYTP10-20260821T023551Z.json,c2ceeb401070c2762eacf24ccfb0c55c1959bd371d9633599639d9af51dc57ce,2026-08-21T02:39:11.041866+00:00,PASS,STALE,0.1.0
L1-005,2022-05-31,0.4417,percent,FRED,THREEFYTP10,docs/phase2-ingestion/data/macro/raw/fred/THREEFYTP10-20260821T023551Z.json,c2ceeb401070c2762eacf24ccfb0c55c1959bd371d9633599639d9af51dc57ce,2026-08-21T02:39:11.041866+00:00,PASS,STALE,0.1.0
L1-005,2022-06-01,0.4892,percent,FRED,THREEFYTP10,docs/phase2-ingestion/data/macro/raw/fred/THREEFYTP10-20260821T023551Z.json,c2ceeb401070c2762eacf24ccfb0c55c1959bd371d9633599639d9af51dc57ce,2026-08-21T02:39:11.041866+00:00,PASS,STALE,0.1.0
L1-005,2022-06-02,0.4907,percent,FRED,THREEFYTP10,docs/phase2-ingestion/data/macro/raw/fred/THREEFYTP10-20260821T023551Z.json,c2ceeb401070c2762eacf24ccfb0c55c1959bd371d9633599639d9af51dc57ce,2026-08-21T02:39:11.041866+00:00,PASS,STALE,0.1.0
L1-005,2022-06-03,0.4997,percent,FRED,THREEFYTP10,docs/phase2-ingestion/data/macro/raw/fred/THREEFYTP10-20260821T023551Z.json,c2ceeb401070c2762eacf24ccfb0c55c1959bd371d9633599639d9af51dc57ce,2026-08-21T02:39:11.041866+00:00,PASS,STALE,0.1.0
L1-005,2022-06-06,0.5301,percent,FRED,THREEFYTP10,docs/phase2-ingestion/data/macro/raw/fred/THREEFYTP10-20260821T023551Z.json,c2ceeb401070c2762eacf24ccfb0c55c1959bd371d9633599639d9af51dc57ce,2026-08-21T02:39:11.041866+00:00,PASS,STALE,0.1.0
L1-005,2022-06-07,0.5151,percent,FRED,THREEFYTP10,docs/phase2-ingestion/data/macro/raw/fred/THREEFYTP10-20260821T023551Z.json,c2ceeb401070c2762eacf24ccfb0c55c1959bd371d9633599639d9af51dc57ce,2026-08-21T02:39:11.041866+00:00,PASS,STALE,0.1.0
L1-005,2022-06-08,0.5239,percent,FRED,THREEFYTP10,docs/phase2-ingestion/data/macro/raw/fred/THREEFYTP10-20260821T023551Z.json,c2ceeb401070c2762eacf24ccfb0c55c1959bd371d9633599639d9af51dc57ce,2026-08-21T02:39:11.041866+00:00,PASS,STALE,0.1.0
L1-005,2022-06-09,0.5314,percent,FRED,THREEFYTP10,docs/phase2-ingestion/data/macro/raw/fred/THREEFYTP10-20260821T023551Z.json,c2ceeb401070c2762eacf24ccfb0c55c1959bd371d9633599639d9af51dc57ce,2026-08-21T02:39:11.041866+00:00,PASS,STALE,0.1.0
L1-005,2022-06-10,0.5873,percent,FRED,THREEFYTP10,docs/phase2-ingestion/data/macro/raw/fred/THREEFYTP10-20260821T023551Z.json,c2ceeb401070c2762eacf24ccfb0c55c1959bd371d9633599639d9af51dc57ce,2026-08-21T02:39:11.041866+00:00,PASS,STALE,0.1.0
L1-005,2022-06-13,0.6825,percent,FRED,THREEFYTP10,docs/phase2-ingestion/data/macro/raw/fred/THREEFYTP10-20260821T023551Z.json,c2ceeb401070c2762eacf24ccfb0c55c1959bd371d9633599639d9af51dc57ce,2026-08-21T02:39:11.041866+00:00,PASS,STALE,0.1.0
L1-005,2022-06-14,0.7001,percent,FRED,THREEFYTP10,docs/phase2-ingestion/data/macro/raw/fred/THREEFYTP10-20260821T023551Z.json,c2ceeb401070c2762eacf24ccfb0c55c1959bd371d9633599639d9af51dc57ce,2026-08-21T02:39:11.041866+00:00,PASS,STALE,0.1.0
L1-005,2022-06-15,0.6176,percent,FRED,THREEFYTP10,docs/phase2-ingestion/data/macro/raw/fred/THREEFYTP10-20260821T023551Z.json,c2ceeb401070c2762eacf24ccfb0c55c1959bd371d9633599639d9af51dc57ce,2026-08-21T02:39:11.041866+00:00,PASS,STALE,0.1.0
L1-005,2022-06-16,0.584,percent,FRED,THREEFYTP10,docs/phase2-ingestion/data/macro/raw/fred/THREEFYTP10-20260821T023551Z.json,c2ceeb401070c2762eacf24ccfb0c55c1959bd371d9633599639d9af51dc57ce,2026-08-21T02:39:11.041866+00:00,PASS,STALE,0.1.0
L1-005,2022-06-17,0.5783,percent,FRED,THREEFYTP10,docs/phase2-ingestion/data/macro/raw/fred/THREEFYTP10-20260821T023551Z.json,c2ceeb401070c2762eacf24ccfb0c55c1959bd371d9633599639d9af51dc57ce,2026-08-21T02:39:11.041866+00:00,PASS,STALE,0.1.0
L1-005,2022-06-21,0.583,percent,FRED,THREEFYTP10,docs/phase2-ingestion/data/macro/raw/fred/THREEFYTP10-20260821T023551Z.json,c2ceeb401070c2762eacf24ccfb0c55c1959bd371d9633599639d9af51dc57ce,2026-08-21T02:39:11.041866+00:00,PASS,STALE,0.1.0
L1-005,2022-06-22,0.5207,percent,FRED,THREEFYTP10,docs/phase2-ingestion/data/macro/raw/fred/THREEFYTP10-20260821T023551Z.json,c2ceeb401070c2762eacf24ccfb0c55c1959bd371d9633599639d9af51dc57ce,2026-08-21T02:39:11.041866+00:00,PASS,STALE,0.1.0
L1-005,2022-06-23,0.4726,percent,FRED,THREEFYTP10,docs/phase2-ingestion/data/macro/raw/fred/THREEFYTP10-20260821T023551Z.json,c2ceeb401070c2762eacf24ccfb0c55c1959bd371d9633599639d9af51dc57ce,2026-08-21T02:39:11.041866+00:00,PASS,STALE,0.1.0
L1-005,2022-06-24,0.4663,percent,FRED,THREEFYTP10,docs/phase2-ingestion/data/macro/raw/fred/THREEFYTP10-20260821T023551Z.json,c2ceeb401070c2762eacf24ccfb0c55c1959bd371d9633599639d9af51dc57ce,2026-08-21T02:39:11.041866+00:00,PASS,STALE,0.1.0
L1-005,2022-06-27,0.4825,percent,FRED,THREEFYTP10,docs/phase2-ingestion/data/macro/raw/fred/THREEFYTP10-20260821T023551Z.json,c2ceeb401070c2762eacf24ccfb0c55c1959bd371d9633599639d9af51dc57ce,2026-08-21T02:39:11.041866+00:00,PASS,STALE,0.1.0
L1-005,2022-06-28,0.4837,percent,FRED,THREEFYTP10,docs/phase2-ingestion/data/macro/raw/fred/THREEFYTP10-20260821T023551Z.json,c2ceeb401070c2762eacf24ccfb0c55c1959bd371d9633599639d9af51dc57ce,2026-08-21T02:39:11.041866+00:00,PASS,STALE,0.1.0
L1-005,2022-06-29,0.4462,percent,FRED,THREEFYTP10,docs/phase2-ingestion/data/macro/raw/fred/THREEFYTP10-20260821T023551Z.json,c2ceeb401070c2762eacf24ccfb0c55c1959bd371d9633599639d9af51dc57ce,2026-08-21T02:39:11.041866+00:00,PASS,STALE,0.1.0
L1-005,2022-06-30,0.389,percent,FRED,THREEFYTP10,docs/phase2-ingestion/data/macro/raw/fred/THREEFYTP10-20260821T023551Z.json,c2ceeb401070c2762eacf24ccfb0c55c1959bd371d9633599639d9af51dc57ce,2026-08-21T02:39:11.041866+00:00,PASS,STALE,0.1.0
L1-005,2022-07-01,0.3228,percent,FRED,THREEFYTP10,docs/phase2-ingestion/data/macro/raw/fred/THREEFYTP10-20260821T023551Z.json,c2ceeb401070c2762eacf24ccfb0c55c1959bd371d9633599639d9af51dc57ce,2026-08-21T02:39:11.041866+00:00,PASS,STALE,0.1.0
L1-005,2022-07-05,0.2772,percent,FRED,THREEFYTP10,docs/phase2-ingestion/data/macro/raw/fred/THREEFYTP10-20260821T023551Z.json,c2ceeb401070c2762eacf24ccfb0c55c1959bd371d9633599639d9af51dc57ce,2026-08-21T02:39:11.041866+00:00,PASS,STALE,0.1.0
L1-005,2022-07-06,0.3081,percent,FRED,THREEFYTP10,docs/phase2-ingestion/data/macro/raw/fred/THREEFYTP10-20260821T023551Z.json,c2ceeb401070c2762eacf24ccfb0c55c1959bd371d9633599639d9af51dc57ce,2026-08-21T02:39:11.041866+00:00,PASS,STALE,0.1.0
L1-005,2022-07-07,0.3386,percent,FRED,THREEFYTP10,docs/phase2-ingestion/data/macro/raw/fred/THREEFYTP10-20260821T023551Z.json,c2ceeb401070c2762eacf24ccfb0c55c1959bd371d9633599639d9af51dc57ce,2026-08-21T02:39:11.041866+00:00,PASS,STALE,0.1.0
L1-005,2022-07-08,0.3757,percent,FRED,THREEFYTP10,docs/phase2-ingestion/data/macro/raw/fred/THREEFYTP10-20260821T023551Z.json,c2ceeb401070c2762eacf24ccfb0c55c1959bd371d9633599639d9af51dc57ce,2026-08-21T02:39:11.041866+00:00,PASS,STALE,0.1.0
L1-005,2022-07-11,0.3286,percent,FRED,THREEFYTP10,docs/phase2-ingestion/data/macro/raw/fred/THREEFYTP10-20260821T023551Z.json,c2ceeb401070c2762eacf24ccfb0c55c1959bd371d9633599639d9af51dc57ce,2026-08-21T02:39:11.041866+00:00,PASS,STALE,0.1.0
L1-005,2022-07-12,0.2901,percent,FRED,THREEFYTP10,docs/phase2-ingestion/data/macro/raw/fred/THREEFYTP10-20260821T023551Z.json,c2ceeb401070c2762eacf24ccfb0c55c1959bd371d9633599639d9af51dc57ce,2026-08-21T02:39:11.041866+00:00,PASS,STALE,0.1.0
L1-005,2022-07-13,0.2564,percent,FRED,THREEFYTP10,docs/phase2-ingestion/data/macro/raw/fred/THREEFYTP10-20260821T023551Z.json,c2ceeb401070c2762eacf24ccfb0c55c1959bd371d9633599639d9af51dc57ce,2026-08-21T02:39:11.041866+00:00,PASS,STALE,0.1.0
L1-005,2022-07-14,0.2533,percent,FRED,THREEFYTP10,docs/phase2-ingestion/data/macro/raw/fred/THREEFYTP10-20260821T023551Z.json,c2ceeb401070c2762eacf24ccfb0c55c1959bd371d9633599639d9af51dc57ce,2026-08-21T02:39:11.041866+00:00,PASS,STALE,0.1.0
L1-005,2022-07-15,0.2428,percent,FRED,THREEFYTP10,docs/phase2-ingestion/data/macro/raw/fred/THREEFYTP10-20260821T023551Z.json,c2ceeb401070c2762eacf24ccfb0c55c1959bd371d9633599639d9af51dc57ce,2026-08-21T02:39:11.041866+00:00,PASS,STALE,0.1.0
L1-005,2022-07-18,0.2352,percent,FRED,THREEFYTP10,docs/phase2-ingestion/data/macro/raw/fred/THREEFYTP10-20260821T023551Z.json,c2ceeb401070c2762eacf24ccfb0c55c1959bd371d9633599639d9af51dc57ce,2026-08-21T02:39:11.041866+00:00,PASS,STALE,0.1.0
L1-005,2022-07-19,0.2497,percent,FRED,THREEFYTP10,docs/phase2-ingestion/data/macro/raw/fred/THREEFYTP10-20260821T023551Z.json,c2ceeb401070c2762eacf24ccfb0c55c1959bd371d9633599639d9af51dc57ce,2026-08-21T02:39:11.041866+00:00,PASS,STALE,0.1.0
L1-005,2022-07-20,0.264,percent,FRED,THREEFYTP10,docs/phase2-ingestion/data/macro/raw/fred/THREEFYTP10-20260821T023551Z.json,c2ceeb401070c2762eacf24ccfb0c55c1959bd371d9633599639d9af51dc57ce,2026-08-21T02:39:11.041866+00:00,PASS,STALE,0.1.0
L1-005,2022-07-21,0.2026,percent,FRED,THREEFYTP10,docs/phase2-ingestion/data/macro/raw/fred/THREEFYTP10-20260821T023551Z.json,c2ceeb401070c2762eacf24ccfb0c55c1959bd371d9633599639d9af51dc57ce,2026-08-21T02:39:11.041866+00:00,PASS,STALE,0.1.0
L1-005,2022-07-22,0.1365,percent,FRED,THREEFYTP10,docs/phase2-ingestion/data/macro/raw/fred/THREEFYTP10-20260821T023551Z.json,c2ceeb401070c2762eacf24ccfb0c55c1959bd371d9633599639d9af51dc57ce,2026-08-21T02:39:11.041866+00:00,PASS,STALE,0.1.0
L1-005,2022-07-25,0.1234,percent,FRED,THREEFYTP10,docs/phase2-ingestion/data/macro/raw/fred/THREEFYTP10-20260821T023551Z.json,c2ceeb401070c2762eacf24ccfb0c55c1959bd371d9633599639d9af51dc57ce,2026-08-21T02:39:11.041866+00:00,PASS,STALE,0.1.0
L1-005,2022-07-26,0.1207,percent,FRED,THREEFYTP10,docs/phase2-ingestion/data/macro/raw/fred/THREEFYTP10-20260821T023551Z.json,c2ceeb401070c2762eacf24ccfb0c55c1959bd371d9633599639d9af51dc57ce,2026-08-21T02:39:11.041866+00:00,PASS,STALE,0.1.0
L1-005,2022-07-27,0.1066,percent,FRED,THREEFYTP10,docs/phase2-ingestion/data/macro/raw/fred/THREEFYTP10-20260821T023551Z.json,c2ceeb401070c2762eacf24ccfb0c55c1959bd371d9633599639d9af51dc57ce,2026-08-21T02:39:11.041866+00:00,PASS,STALE,0.1.0
L1-005,2022-07-28,0.0618,percent,FRED,THREEFYTP10,docs/phase2-ingestion/data/macro/raw/fred/THREEFYTP10-20260821T023551Z.json,c2ceeb401070c2762eacf24ccfb0c55c1959bd371d9633599639d9af51dc57ce,2026-08-21T02:39:11.041866+00:00,PASS,STALE,0.1.0
L1-005,2022-07-29,0.0544,percent,FRED,THREEFYTP10,docs/phase2-ingestion/data/macro/raw/fred/THREEFYTP10-20260821T023551Z.json,c2ceeb401070c2762eacf24ccfb0c55c1959bd371d9633599639d9af51dc57ce,2026-08-21T02:39:11.041866+00:00,PASS,STALE,0.1.0
L1-005,2022-08-01,0.021,percent,FRED,THREEFYTP10,docs/phase2-ingestion/data/macro/raw/fred/THREEFYTP10-20260821T023551Z.json,c2ceeb401070c2762eacf24ccfb0c55c1959bd371d9633599639d9af51dc57ce,2026-08-21T02:39:11.041866+00:00,PASS,STALE,0.1.0
L1-005,2022-08-02,0.075,percent,FRED,THREEFYTP10,docs/phase2-ingestion/data/macro/raw/fred/THREEFYTP10-20260821T023551Z.json,c2ceeb401070c2762eacf24ccfb0c55c1959bd371d9633599639d9af51dc57ce,2026-08-21T02:39:11.041866+00:00,PASS,STALE,0.1.0
L1-005,2022-08-03,0.0836,percent,FRED,THREEFYTP10,docs/phase2-ingestion/data/macro/raw/fred/THREEFYTP10-20260821T023551Z.json,c2ceeb401070c2762eacf24ccfb0c55c1959bd371d9633599639d9af51dc57ce,2026-08-21T02:39:11.041866+00:00,PASS,STALE,0.1.0
L1-005,2022-08-04,0.0564,percent,FRED,THREEFYTP10,docs/phase2-ingestion/data/macro/raw/fred/THREEFYTP10-20260821T023551Z.json,c2ceeb401070c2762eacf24ccfb0c55c1959bd371d9633599639d9af51dc57ce,2026-08-21T02:39:11.041866+00:00,PASS,STALE,0.1.0
L1-005,2022-08-05,0.116,percent,FRED,THREEFYTP10,docs/phase2-ingestion/data/macro/raw/fred/THREEFYTP10-20260821T023551Z.json,c2ceeb401070c2762eacf24ccfb0c55c1959bd371d9633599639d9af51dc57ce,2026-08-21T02:39:11.041866+00:00,PASS,STALE,0.1.0
L1-005,2022-08-08,0.0948,percent,FRED,THREEFYTP10,docs/phase2-ingestion/data/macro/raw/fred/THREEFYTP10-20260821T023551Z.json,c2ceeb401070c2762eacf24ccfb0c55c1959bd371d9633599639d9af51dc57ce,2026-08-21T02:39:11.041866+00:00,PASS,STALE,0.1.0
L1-005,2022-08-09,0.0996,percent,FRED,THREEFYTP10,docs/phase2-ingestion/data/macro/raw/fred/THREEFYTP10-20260821T023551Z.json,c2ceeb401070c2762eacf24ccfb0c55c1959bd371d9633599639d9af51dc57ce,2026-08-21T02:39:11.041866+00:00,PASS,STALE,0.1.0
L1-005,2022-08-10,0.0895,percent,FRED,THREEFYTP10,docs/phase2-ingestion/data/macro/raw/fred/THREEFYTP10-20260821T023551Z.json,c2ceeb401070c2762eacf24ccfb0c55c1959bd371d9633599639d9af51dc57ce,2026-08-21T02:39:11.041866+00:00,PASS,STALE,0.1.0
L1-005,2022-08-11,0.1194,percent,FRED,THREEFYTP10,docs/phase2-ingestion/data/macro/raw/fred/THREEFYTP10-20260821T023551Z.json,c2ceeb401070c2762eacf24ccfb0c55c1959bd371d9633599639d9af51dc57ce,2026-08-21T02:39:11.041866+00:00,PASS,STALE,0.1.0
L1-005,2022-08-12,0.121,percent,FRED,THREEFYTP10,docs/phase2-ingestion/data/macro/raw/fred/THREEFYTP10-20260821T023551Z.json,c2ceeb401070c2762eacf24ccfb0c55c1959bd371d9633599639d9af51dc57ce,2026-08-21T02:39:11.041866+00:00,PASS,STALE,0.1.0
L1-005,2022-08-15,0.0934,percent,FRED,THREEFYTP10,docs/phase2-ingestion/data/macro/raw/fred/THREEFYTP10-20260821T023551Z.json,c2ceeb401070c2762eacf24ccfb0c55c1959bd371d9633599639d9af51dc57ce,2026-08-21T02:39:11.041866+00:00,PASS,STALE,0.1.0
L1-005,2022-08-16,0.1,percent,FRED,THREEFYTP10,docs/phase2-ingestion/data/macro/raw/fred/THREEFYTP10-20260821T023551Z.json,c2ceeb401070c2762eacf24ccfb0c55c1959bd371d9633599639d9af51dc57ce,2026-08-21T02:39:11.041866+00:00,PASS,STALE,0.1.0
L1-005,2022-08-17,0.1331,percent,FRED,THREEFYTP10,docs/phase2-ingestion/data/macro/raw/fred/THREEFYTP10-20260821T023551Z.json,c2ceeb401070c2762eacf24ccfb0c55c1959bd371d9633599639d9af51dc57ce,2026-08-21T02:39:11.041866+00:00,PASS,STALE,0.1.0
L1-005,2022-08-18,0.1326,percent,FRED,THREEFYTP10,docs/phase2-ingestion/data/macro/raw/fred/THREEFYTP10-20260821T023551Z.json,c2ceeb401070c2762eacf24ccfb0c55c1959bd371d9633599639d9af51dc57ce,2026-08-21T02:39:11.041866+00:00,PASS,STALE,0.1.0
L1-005,2022-08-19,0.1691,percent,FRED,THREEFYTP10,docs/phase2-ingestion/data/macro/raw/fred/THREEFYTP10-20260821T023551Z.json,c2ceeb401070c2762eacf24ccfb0c55c1959bd371d9633599639d9af51dc57ce,2026-08-21T02:39:11.041866+00:00,PASS,STALE,0.1.0
L1-005,2022-08-22,0.1955,percent,FRED,THREEFYTP10,docs/phase2-ingestion/data/macro/raw/fred/THREEFYTP10-20260821T023551Z.json,c2ceeb401070c2762eacf24ccfb0c55c1959bd371d9633599639d9af51dc57ce,2026-08-21T02:39:11.041866+00:00,PASS,STALE,0.1.0
L1-005,2022-08-23,0.2065,percent,FRED,THREEFYTP10,docs/phase2-ingestion/data/macro/raw/fred/THREEFYTP10-20260821T023551Z.json,c2ceeb401070c2762eacf24ccfb0c55c1959bd371d9633599639d9af51dc57ce,2026-08-21T02:39:11.041866+00:00,PASS,STALE,0.1.0
L1-005,2022-08-24,0.2325,percent,FRED,THREEFYTP10,docs/phase2-ingestion/data/macro/raw/fred/THREEFYTP10-20260821T023551Z.json,c2ceeb401070c2762eacf24ccfb0c55c1959bd371d9633599639d9af51dc57ce,2026-08-21T02:39:11.041866+00:00,PASS,STALE,0.1.0
L1-005,2022-08-25,0.209,percent,FRED,THREEFYTP10,docs/phase2-ingestion/data/macro/raw/fred/THREEFYTP10-20260821T023551Z.json,c2ceeb401070c2762eacf24ccfb0c55c1959bd371d9633599639d9af51dc57ce,2026-08-21T02:39:11.041866+00:00,PASS,STALE,0.1.0
L1-005,2022-08-26,0.2142,percent,FRED,THREEFYTP10,docs/phase2-ingestion/data/macro/raw/fred/THREEFYTP10-20260821T023551Z.json,c2ceeb401070c2762eacf24ccfb0c55c1959bd371d9633599639d9af51dc57ce,2026-08-21T02:39:11.041866+00:00,PASS,STALE,0.1.0
L1-005,2022-08-29,0.2304,percent,FRED,THREEFYTP10,docs/phase2-ingestion/data/macro/raw/fred/THREEFYTP10-20260821T023551Z.json,c2ceeb401070c2762eacf24ccfb0c55c1959bd371d9633599639d9af51dc57ce,2026-08-21T02:39:11.041866+00:00,PASS,STALE,0.1.0
L1-005,2022-08-30,0.2329,percent,FRED,THREEFYTP10,docs/phase2-ingestion/data/macro/raw/fred/THREEFYTP10-20260821T023551Z.json,c2ceeb401070c2762eacf24ccfb0c55c1959bd371d9633599639d9af51dc57ce,2026-08-21T02:39:11.041866+00:00,PASS,STALE,0.1.0
L1-005,2022-08-31,0.2419,percent,FRED,THREEFYTP10,docs/phase2-ingestion/data/macro/raw/fred/THREEFYTP10-20260821T023551Z.json,c2ceeb401070c2762eacf24ccfb0c55c1959bd371d9633599639d9af51dc57ce,2026-08-21T02:39:11.041866+00:00,PASS,STALE,0.1.0
L1-005,2022-09-01,0.2854,percent,FRED,THREEFYTP10,docs/phase2-ingestion/data/macro/raw/fred/THREEFYTP10-20260821T023551Z.json,c2ceeb401070c2762eacf24ccfb0c55c1959bd371d9633599639d9af51dc57ce,2026-08-21T02:39:11.041866+00:00,PASS,STALE,0.1.0
L1-005,2022-09-02,0.2692,percent,FRED,THREEFYTP10,docs/phase2-ingestion/data/macro/raw/fred/THREEFYTP10-20260821T023551Z.json,c2ceeb401070c2762eacf24ccfb0c55c1959bd371d9633599639d9af51dc57ce,2026-08-21T02:39:11.041866+00:00,PASS,STALE,0.1.0
L1-005,2022-09-06,0.3095,percent,FRED,THREEFYTP10,docs/phase2-ingestion/data/macro/raw/fred/THREEFYTP10-20260821T023551Z.json,c2ceeb401070c2762eacf24ccfb0c55c1959bd371d9633599639d9af51dc57ce,2026-08-21T02:39:11.041866+00:00,PASS,STALE,0.1.0
L1-005,2022-09-07,0.2906,percent,FRED,THREEFYTP10,docs/phase2-ingestion/data/macro/raw/fred/THREEFYTP10-20260821T023551Z.json,c2ceeb401070c2762eacf24ccfb0c55c1959bd371d9633599639d9af51dc57ce,2026-08-21T02:39:11.041866+00:00,PASS,STALE,0.1.0
L1-005,2022-09-08,0.2937,percent,FRED,THREEFYTP10,docs/phase2-ingestion/data/macro/raw/fred/THREEFYTP10-20260821T023551Z.json,c2ceeb401070c2762eacf24ccfb0c55c1959bd371d9633599639d9af51dc57ce,2026-08-21T02:39:11.041866+00:00,PASS,STALE,0.1.0
L1-005,2022-09-09,0.3072,percent,FRED,THREEFYTP10,docs/phase2-ingestion/data/macro/raw/fred/THREEFYTP10-20260821T023551Z.json,c2ceeb401070c2762eacf24ccfb0c55c1959bd371d9633599639d9af51dc57ce,2026-08-21T02:39:11.041866+00:00,PASS,STALE,0.1.0
L1-005,2022-09-12,0.31,percent,FRED,THREEFYTP10,docs/phase2-ingestion/data/macro/raw/fred/THREEFYTP10-20260821T023551Z.json,c2ceeb401070c2762eacf24ccfb0c55c1959bd371d9633599639d9af51dc57ce,2026-08-21T02:39:11.041866+00:00,PASS,STALE,0.1.0
L1-005,2022-09-13,0.3268,percent,FRED,THREEFYTP10,docs/phase2-ingestion/data/macro/raw/fred/THREEFYTP10-20260821T023551Z.json,c2ceeb401070c2762eacf24ccfb0c55c1959bd371d9633599639d9af51dc57ce,2026-08-21T02:39:11.041866+00:00,PASS,STALE,0.1.0
L1-005,2022-09-14,0.3222,percent,FRED,THREEFYTP10,docs/phase2-ingestion/data/macro/raw/fred/THREEFYTP10-20260821T023551Z.json,c2ceeb401070c2762eacf24ccfb0c55c1959bd371d9633599639d9af51dc57ce,2026-08-21T02:39:11.041866+00:00,PASS,STALE,0.1.0
L1-005,2022-09-15,0.3397,percent,FRED,THREEFYTP10,docs/phase2-ingestion/data/macro/raw/fred/THREEFYTP10-20260821T023551Z.json,c2ceeb401070c2762eacf24ccfb0c55c1959bd371d9633599639d9af51dc57ce,2026-08-21T02:39:11.041866+00:00,PASS,STALE,0.1.0
L1-005,2022-09-16,0.3342,percent,FRED,THREEFYTP10,docs/phase2-ingestion/data/macro/raw/fred/THREEFYTP10-20260821T023551Z.json,c2ceeb401070c2762eacf24ccfb0c55c1959bd371d9633599639d9af51dc57ce,2026-08-21T02:39:11.041866+00:00,PASS,STALE,0.1.0
L1-005,2022-09-19,0.339,percent,FRED,THREEFYTP10,docs/phase2-ingestion/data/macro/raw/fred/THREEFYTP10-20260821T023551Z.json,c2ceeb401070c2762eacf24ccfb0c55c1959bd371d9633599639d9af51dc57ce,2026-08-21T02:39:11.041866+00:00,PASS,STALE,0.1.0
L1-005,2022-09-20,0.366,percent,FRED,THREEFYTP10,docs/phase2-ingestion/data/macro/raw/fred/THREEFYTP10-20260821T023551Z.json,c2ceeb401070c2762eacf24ccfb0c55c1959bd371d9633599639d9af51dc57ce,2026-08-21T02:39:11.041866+00:00,PASS,STALE,0.1.0
L1-005,2022-09-21,0.3618,percent,FRED,THREEFYTP10,docs/phase2-ingestion/data/macro/raw/fred/THREEFYTP10-20260821T023551Z.json,c2ceeb401070c2762eacf24ccfb0c55c1959bd371d9633599639d9af51dc57ce,2026-08-21T02:39:11.041866+00:00,PASS,STALE,0.1.0
L1-005,2022-09-22,0.4323,percent,FRED,THREEFYTP10,docs/phase2-ingestion/data/macro/raw/fred/THREEFYTP10-20260821T023551Z.json,c2ceeb401070c2762eacf24ccfb0c55c1959bd371d9633599639d9af51dc57ce,2026-08-21T02:39:11.041866+00:00,PASS,STALE,0.1.0
L1-005,2022-09-23,0.4584,percent,FRED,THREEFYTP10,docs/phase2-ingestion/data/macro/raw/fred/THREEFYTP10-20260821T023551Z.json,c2ceeb401070c2762eacf24ccfb0c55c1959bd371d9633599639d9af51dc57ce,2026-08-21T02:39:11.041866+00:00,PASS,STALE,0.1.0
L1-005,2022-09-26,0.5291,percent,FRED,THREEFYTP10,docs/phase2-ingestion/data/macro/raw/fred/THREEFYTP10-20260821T023551Z.json,c2ceeb401070c2762eacf24ccfb0c55c1959bd371d9633599639d9af51dc57ce,2026-08-21T02:39:11.041866+00:00,PASS,STALE,0.1.0
L1-005,2022-09-27,0.5774,percent,FRED,THREEFYTP10,docs/phase2-ingestion/data/macro/raw/fred/THREEFYTP10-20260821T023551Z.json,c2ceeb401070c2762eacf24ccfb0c55c1959bd371d9633599639d9af51dc57ce,2026-08-21T02:39:11.041866+00:00,PASS,STALE,0.1.0
L1-005,2022-09-28,0.4845,percent,FRED,THREEFYTP10,docs/phase2-ingestion/data/macro/raw/fred/THREEFYTP10-20260821T023551Z.json,c2ceeb401070c2762eacf24ccfb0c55c1959bd371d9633599639d9af51dc57ce,2026-08-21T02:39:11.041866+00:00,PASS,STALE,0.1.0
L1-005,2022-09-29,0.4863,percent,FRED,THREEFYTP10,docs/phase2-ingestion/data/macro/raw/fred/THREEFYTP10-20260821T023551Z.json,c2ceeb401070c2762eacf24ccfb0c55c1959bd371d9633599639d9af51dc57ce,2026-08-21T02:39:11.041866+00:00,PASS,STALE,0.1.0
L1-005,2022-09-30,0.5169,percent,FRED,THREEFYTP10,docs/phase2-ingestion/data/macro/raw/fred/THREEFYTP10-20260821T023551Z.json,c2ceeb401070c2762eacf24ccfb0c55c1959bd371d9633599639d9af51dc57ce,2026-08-21T02:39:11.041866+00:00,PASS,STALE,0.1.0
L1-005,2022-10-03,0.4509,percent,FRED,THREEFYTP10,docs/phase2-ingestion/data/macro/raw/fred/THREEFYTP10-20260821T023551Z.json,c2ceeb401070c2762eacf24ccfb0c55c1959bd371d9633599639d9af51dc57ce,2026-08-21T02:39:11.041866+00:00,PASS,STALE,0.1.0
L1-005,2022-10-04,0.4088,percent,FRED,THREEFYTP10,docs/phase2-ingestion/data/macro/raw/fred/THREEFYTP10-20260821T023551Z.json,c2ceeb401070c2762eacf24ccfb0c55c1959bd371d9633599639d9af51dc57ce,2026-08-21T02:39:11.041866+00:00,PASS,STALE,0.1.0
L1-005,2022-10-05,0.4514,percent,FRED,THREEFYTP10,docs/phase2-ingestion/data/macro/raw/fred/THREEFYTP10-20260821T023551Z.json,c2ceeb401070c2762eacf24ccfb0c55c1959bd371d9633599639d9af51dc57ce,2026-08-21T02:39:11.041866+00:00,PASS,STALE,0.1.0
L1-005,2022-10-06,0.4908,percent,FRED,THREEFYTP10,docs/phase2-ingestion/data/macro/raw/fred/THREEFYTP10-20260821T023551Z.json,c2ceeb401070c2762eacf24ccfb0c55c1959bd371d9633599639d9af51dc57ce,2026-08-21T02:39:11.041866+00:00,PASS,STALE,0.1.0
L1-005,2022-10-07,0.5241,percent,FRED,THREEFYTP10,docs/phase2-ingestion/data/macro/raw/fred/THREEFYTP10-20260821T023551Z.json,c2ceeb401070c2762eacf24ccfb0c55c1959bd371d9633599639d9af51dc57ce,2026-08-21T02:39:11.041866+00:00,PASS,STALE,0.1.0
L1-005,2022-10-11,0.5328,percent,FRED,THREEFYTP10,docs/phase2-ingestion/data/macro/raw/fred/THREEFYTP10-20260821T023551Z.json,c2ceeb401070c2762eacf24ccfb0c55c1959bd371d9633599639d9af51dc57ce,2026-08-21T02:39:11.041866+00:00,PASS,STALE,0.1.0
L1-005,2022-10-12,0.518,percent,FRED,THREEFYTP10,docs/phase2-ingestion/data/macro/raw/fred/THREEFYTP10-20260821T023551Z.json,c2ceeb401070c2762eacf24ccfb0c55c1959bd371d9633599639d9af51dc57ce,2026-08-21T02:39:11.041866+00:00,PASS,STALE,0.1.0
L1-005,2022-10-13,0.538,percent,FRED,THREEFYTP10,docs/phase2-ingestion/data/macro/raw/fred/THREEFYTP10-20260821T023551Z.json,c2ceeb401070c2762eacf24ccfb0c55c1959bd371d9633599639d9af51dc57ce,2026-08-21T02:39:11.041866+00:00,PASS,STALE,0.1.0
L1-005,2022-10-14,0.5487,percent,FRED,THREEFYTP10,docs/phase2-ingestion/data/macro/raw/fred/THREEFYTP10-20260821T023551Z.json,c2ceeb401070c2762eacf24ccfb0c55c1959bd371d9633599639d9af51dc57ce,2026-08-21T02:39:11.041866+00:00,PASS,STALE,0.1.0
L1-005,2022-10-17,0.5333,percent,FRED,THREEFYTP10,docs/phase2-ingestion/data/macro/raw/fred/THREEFYTP10-20260821T023551Z.json,c2ceeb401070c2762eacf24ccfb0c55c1959bd371d9633599639d9af51dc57ce,2026-08-21T02:39:11.041866+00:00,PASS,STALE,0.1.0
L1-005,2022-10-18,0.5091,percent,FRED,THREEFYTP10,docs/phase2-ingestion/data/macro/raw/fred/THREEFYTP10-20260821T023551Z.json,c2ceeb401070c2762eacf24ccfb0c55c1959bd371d9633599639d9af51dc57ce,2026-08-21T02:39:11.041866+00:00,PASS,STALE,0.1.0
L1-005,2022-10-19,0.5475,percent,FRED,THREEFYTP10,docs/phase2-ingestion/data/macro/raw/fred/THREEFYTP10-20260821T023551Z.json,c2ceeb401070c2762eacf24ccfb0c55c1959bd371d9633599639d9af51dc57ce,2026-08-21T02:39:11.041866+00:00,PASS,STALE,0.1.0
L1-005,2022-10-20,0.5903,percent,FRED,THREEFYTP10,docs/phase2-ingestion/data/macro/raw/fred/THREEFYTP10-20260821T023551Z.json,c2ceeb401070c2762eacf24ccfb0c55c1959bd371d9633599639d9af51dc57ce,2026-08-21T02:39:11.041866+00:00,PASS,STALE,0.1.0
L1-005,2022-10-21,0.5784,percent,FRED,THREEFYTP10,docs/phase2-ingestion/data/macro/raw/fred/THREEFYTP10-20260821T023551Z.json,c2ceeb401070c2762eacf24ccfb0c55c1959bd371d9633599639d9af51dc57ce,2026-08-21T02:39:11.041866+00:00,PASS,STALE,0.1.0
L1-005,2022-10-24,0.5835,percent,FRED,THREEFYTP10,docs/phase2-ingestion/data/macro/raw/fred/THREEFYTP10-20260821T023551Z.json,c2ceeb401070c2762eacf24ccfb0c55c1959bd371d9633599639d9af51dc57ce,2026-08-21T02:39:11.041866+00:00,PASS,STALE,0.1.0
L1-005,2022-10-25,0.538,percent,FRED,THREEFYTP10,docs/phase2-ingestion/data/macro/raw/fred/THREEFYTP10-20260821T023551Z.json,c2ceeb401070c2762eacf24ccfb0c55c1959bd371d9633599639d9af51dc57ce,2026-08-21T02:39:11.041866+00:00,PASS,STALE,0.1.0
L1-005,2022-10-26,0.504,percent,FRED,THREEFYTP10,docs/phase2-ingestion/data/macro/raw/fred/THREEFYTP10-20260821T023551Z.json,c2ceeb401070c2762eacf24ccfb0c55c1959bd371d9633599639d9af51dc57ce,2026-08-21T02:39:11.041866+00:00,PASS,STALE,0.1.0
L1-005,2022-10-27,0.4638,percent,FRED,THREEFYTP10,docs/phase2-ingestion/data/macro/raw/fred/THREEFYTP10-20260821T023551Z.json,c2ceeb401070c2762eacf24ccfb0c55c1959bd371d9633599639d9af51dc57ce,2026-08-21T02:39:11.041866+00:00,PASS,STALE,0.1.0
L1-005,2022-10-28,0.4838,percent,FRED,THREEFYTP10,docs/phase2-ingestion/data/macro/raw/fred/THREEFYTP10-20260821T023551Z.json,c2ceeb401070c2762eacf24ccfb0c55c1959bd371d9633599639d9af51dc57ce,2026-08-21T02:39:11.041866+00:00,PASS,STALE,0.1.0
L1-005,2022-10-31,0.5055,percent,FRED,THREEFYTP10,docs/phase2-ingestion/data/macro/raw/fred/THREEFYTP10-20260821T023551Z.json,c2ceeb401070c2762eacf24ccfb0c55c1959bd371d9633599639d9af51dc57ce,2026-08-21T02:39:11.041866+00:00,PASS,STALE,0.1.0
L1-005,2022-11-01,0.5052,percent,FRED,THREEFYTP10,docs/phase2-ingestion/data/macro/raw/fred/THREEFYTP10-20260821T023551Z.json,c2ceeb401070c2762eacf24ccfb0c55c1959bd371d9633599639d9af51dc57ce,2026-08-21T02:39:11.041866+00:00,PASS,STALE,0.1.0
L1-005,2022-11-02,0.511,percent,FRED,THREEFYTP10,docs/phase2-ingestion/data/macro/raw/fred/THREEFYTP10-20260821T023551Z.json,c2ceeb401070c2762eacf24ccfb0c55c1959bd371d9633599639d9af51dc57ce,2026-08-21T02:39:11.041866+00:00,PASS,STALE,0.1.0
L1-005,2022-11-03,0.5325,percent,FRED,THREEFYTP10,docs/phase2-ingestion/data/macro/raw/fred/THREEFYTP10-20260821T023551Z.json,c2ceeb401070c2762eacf24ccfb0c55c1959bd371d9633599639d9af51dc57ce,2026-08-21T02:39:11.041866+00:00,PASS,STALE,0.1.0
L1-005,2022-11-04,0.5394,percent,FRED,THREEFYTP10,docs/phase2-ingestion/data/macro/raw/fred/THREEFYTP10-20260821T023551Z.json,c2ceeb401070c2762eacf24ccfb0c55c1959bd371d9633599639d9af51dc57ce,2026-08-21T02:39:11.041866+00:00,PASS,STALE,0.1.0
L1-005,2022-11-07,0.5583,percent,FRED,THREEFYTP10,docs/phase2-ingestion/data/macro/raw/fred/THREEFYTP10-20260821T023551Z.json,c2ceeb401070c2762eacf24ccfb0c55c1959bd371d9633599639d9af51dc57ce,2026-08-21T02:39:11.041866+00:00,PASS,STALE,0.1.0
L1-005,2022-11-08,0.5282,percent,FRED,THREEFYTP10,docs/phase2-ingestion/data/macro/raw/fred/THREEFYTP10-20260821T023551Z.json,c2ceeb401070c2762eacf24ccfb0c55c1959bd371d9633599639d9af51dc57ce,2026-08-21T02:39:11.041866+00:00,PASS,STALE,0.1.0
L1-005,2022-11-09,0.5127,percent,FRED,THREEFYTP10,docs/phase2-ingestion/data/macro/raw/fred/THREEFYTP10-20260821T023551Z.json,c2ceeb401070c2762eacf24ccfb0c55c1959bd371d9633599639d9af51dc57ce,2026-08-21T02:39:11.041866+00:00,PASS,STALE,0.1.0
L1-005,2022-11-10,0.3746,percent,FRED,THREEFYTP10,docs/phase2-ingestion/data/macro/raw/fred/THREEFYTP10-20260821T023551Z.json,c2ceeb401070c2762eacf24ccfb0c55c1959bd371d9633599639d9af51dc57ce,2026-08-21T02:39:11.041866+00:00,PASS,STALE,0.1.0
L1-005,2022-11-14,0.3593,percent,FRED,THREEFYTP10,docs/phase2-ingestion/data/macro/raw/fred/THREEFYTP10-20260821T023551Z.json,c2ceeb401070c2762eacf24ccfb0c55c1959bd371d9633599639d9af51dc57ce,2026-08-21T02:39:11.041866+00:00,PASS,STALE,0.1.0
L1-005,2022-11-15,0.3227,percent,FRED,THREEFYTP10,docs/phase2-ingestion/data/macro/raw/fred/THREEFYTP10-20260821T023551Z.json,c2ceeb401070c2762eacf24ccfb0c55c1959bd371d9633599639d9af51dc57ce,2026-08-21T02:39:11.041866+00:00,PASS,STALE,0.1.0
L1-005,2022-11-16,0.2659,percent,FRED,THREEFYTP10,docs/phase2-ingestion/data/macro/raw/fred/THREEFYTP10-20260821T023551Z.json,c2ceeb401070c2762eacf24ccfb0c55c1959bd371d9633599639d9af51dc57ce,2026-08-21T02:39:11.041866+00:00,PASS,STALE,0.1.0
L1-005,2022-11-17,0.2864,percent,FRED,THREEFYTP10,docs/phase2-ingestion/data/macro/raw/fred/THREEFYTP10-20260821T023551Z.json,c2ceeb401070c2762eacf24ccfb0c55c1959bd371d9633599639d9af51dc57ce,2026-08-21T02:39:11.041866+00:00,PASS,STALE,0.1.0
L1-005,2022-11-18,0.3073,percent,FRED,THREEFYTP10,docs/phase2-ingestion/data/macro/raw/fred/THREEFYTP10-20260821T023551Z.json,c2ceeb401070c2762eacf24ccfb0c55c1959bd371d9633599639d9af51dc57ce,2026-08-21T02:39:11.041866+00:00,PASS,STALE,0.1.0
L1-005,2022-11-21,0.3176,percent,FRED,THREEFYTP10,docs/phase2-ingestion/data/macro/raw/fred/THREEFYTP10-20260821T023551Z.json,c2ceeb401070c2762eacf24ccfb0c55c1959bd371d9633599639d9af51dc57ce,2026-08-21T02:39:11.041866+00:00,PASS,STALE,0.1.0
L1-005,2022-11-22,0.2838,percent,FRED,THREEFYTP10,docs/phase2-ingestion/data/macro/raw/fred/THREEFYTP10-20260821T023551Z.json,c2ceeb401070c2762eacf24ccfb0c55c1959bd371d9633599639d9af51dc57ce,2026-08-21T02:39:11.041866+00:00,PASS,STALE,0.1.0
L1-005,2022-11-23,0.2493,percent,FRED,THREEFYTP10,docs/phase2-ingestion/data/macro/raw/fred/THREEFYTP10-20260821T023551Z.json,c2ceeb401070c2762eacf24ccfb0c55c1959bd371d9633599639d9af51dc57ce,2026-08-21T02:39:11.041866+00:00,PASS,STALE,0.1.0
L1-005,2022-11-25,0.2252,percent,FRED,THREEFYTP10,docs/phase2-ingestion/data/macro/raw/fred/THREEFYTP10-20260821T023551Z.json,c2ceeb401070c2762eacf24ccfb0c55c1959bd371d9633599639d9af51dc57ce,2026-08-21T02:39:11.041866+00:00,PASS,STALE,0.1.0
L1-005,2022-11-28,0.2188,percent,FRED,THREEFYTP10,docs/phase2-ingestion/data/macro/raw/fred/THREEFYTP10-20260821T023551Z.json,c2ceeb401070c2762eacf24ccfb0c55c1959bd371d9633599639d9af51dc57ce,2026-08-21T02:39:11.041866+00:00,PASS,STALE,0.1.0
L1-005,2022-11-29,0.2343,percent,FRED,THREEFYTP10,docs/phase2-ingestion/data/macro/raw/fred/THREEFYTP10-20260821T023551Z.json,c2ceeb401070c2762eacf24ccfb0c55c1959bd371d9633599639d9af51dc57ce,2026-08-21T02:39:11.041866+00:00,PASS,STALE,0.1.0
L1-005,2022-11-30,0.1996,percent,FRED,THREEFYTP10,docs/phase2-ingestion/data/macro/raw/fred/THREEFYTP10-20260821T023551Z.json,c2ceeb401070c2762eacf24ccfb0c55c1959bd371d9633599639d9af51dc57ce,2026-08-21T02:39:11.041866+00:00,PASS,STALE,0.1.0
L1-005,2022-12-01,0.1372,percent,FRED,THREEFYTP10,docs/phase2-ingestion/data/macro/raw/fred/THREEFYTP10-20260821T023551Z.json,c2ceeb401070c2762eacf24ccfb0c55c1959bd371d9633599639d9af51dc57ce,2026-08-21T02:39:11.041866+00:00,PASS,STALE,0.1.0
L1-005,2022-12-02,0.119,percent,FRED,THREEFYTP10,docs/phase2-ingestion/data/macro/raw/fred/THREEFYTP10-20260821T023551Z.json,c2ceeb401070c2762eacf24ccfb0c55c1959bd371d9633599639d9af51dc57ce,2026-08-21T02:39:11.041866+00:00,PASS,STALE,0.1.0
L1-005,2022-12-05,0.1541,percent,FRED,THREEFYTP10,docs/phase2-ingestion/data/macro/raw/fred/THREEFYTP10-20260821T023551Z.json,c2ceeb401070c2762eacf24ccfb0c55c1959bd371d9633599639d9af51dc57ce,2026-08-21T02:39:11.041866+00:00,PASS,STALE,0.1.0
L1-005,2022-12-06,0.1251,percent,FRED,THREEFYTP10,docs/phase2-ingestion/data/macro/raw/fred/THREEFYTP10-20260821T023551Z.json,c2ceeb401070c2762eacf24ccfb0c55c1959bd371d9633599639d9af51dc57ce,2026-08-21T02:39:11.041866+00:00,PASS,STALE,0.1.0
L1-005,2022-12-07,0.0796,percent,FRED,THREEFYTP10,docs/phase2-ingestion/data/macro/raw/fred/THREEFYTP10-20260821T023551Z.json,c2ceeb401070c2762eacf24ccfb0c55c1959bd371d9633599639d9af51dc57ce,2026-08-21T02:39:11.041866+00:00,PASS,STALE,0.1.0
L1-005,2022-12-08,0.1027,percent,FRED,THREEFYTP10,docs/phase2-ingestion/data/macro/raw/fred/THREEFYTP10-20260821T023551Z.json,c2ceeb401070c2762eacf24ccfb0c55c1959bd371d9633599639d9af51dc57ce,2026-08-21T02:39:11.041866+00:00,PASS,STALE,0.1.0
L1-005,2022-12-09,0.1316,percent,FRED,THREEFYTP10,docs/phase2-ingestion/data/macro/raw/fred/THREEFYTP10-20260821T023551Z.json,c2ceeb401070c2762eacf24ccfb0c55c1959bd371d9633599639d9af51dc57ce,2026-08-21T02:39:11.041866+00:00,PASS,STALE,0.1.0
L1-005,2022-12-12,0.1474,percent,FRED,THREEFYTP10,docs/phase2-ingestion/data/macro/raw/fred/THREEFYTP10-20260821T023551Z.json,c2ceeb401070c2762eacf24ccfb0c55c1959bd371d9633599639d9af51dc57ce,2026-08-21T02:39:11.041866+00:00,PASS,STALE,0.1.0
L1-005,2022-12-13,0.0979,percent,FRED,THREEFYTP10,docs/phase2-ingestion/data/macro/raw/fred/THREEFYTP10-20260821T023551Z.json,c2ceeb401070c2762eacf24ccfb0c55c1959bd371d9633599639d9af51dc57ce,2026-08-21T02:39:11.041866+00:00,PASS,STALE,0.1.0
L1-005,2022-12-14,0.0833,percent,FRED,THREEFYTP10,docs/phase2-ingestion/data/macro/raw/fred/THREEFYTP10-20260821T023551Z.json,c2ceeb401070c2762eacf24ccfb0c55c1959bd371d9633599639d9af51dc57ce,2026-08-21T02:39:11.041866+00:00,PASS,STALE,0.1.0
L1-005,2022-12-15,0.0693,percent,FRED,THREEFYTP10,docs/phase2-ingestion/data/macro/raw/fred/THREEFYTP10-20260821T023551Z.json,c2ceeb401070c2762eacf24ccfb0c55c1959bd371d9633599639d9af51dc57ce,2026-08-21T02:39:11.041866+00:00,PASS,STALE,0.1.0
L1-005,2022-12-16,0.0716,percent,FRED,THREEFYTP10,docs/phase2-ingestion/data/macro/raw/fred/THREEFYTP10-20260821T023551Z.json,c2ceeb401070c2762eacf24ccfb0c55c1959bd371d9633599639d9af51dc57ce,2026-08-21T02:39:11.041866+00:00,PASS,STALE,0.1.0
L1-005,2022-12-19,0.1055,percent,FRED,THREEFYTP10,docs/phase2-ingestion/data/macro/raw/fred/THREEFYTP10-20260821T023551Z.json,c2ceeb401070c2762eacf24ccfb0c55c1959bd371d9633599639d9af51dc57ce,2026-08-21T02:39:11.041866+00:00,PASS,STALE,0.1.0
L1-005,2022-12-20,0.1552,percent,FRED,THREEFYTP10,docs/phase2-ingestion/data/macro/raw/fred/THREEFYTP10-20260821T023551Z.json,c2ceeb401070c2762eacf24ccfb0c55c1959bd371d9633599639d9af51dc57ce,2026-08-21T02:39:11.041866+00:00,PASS,STALE,0.1.0
L1-005,2022-12-21,0.1712,percent,FRED,THREEFYTP10,docs/phase2-ingestion/data/macro/raw/fred/THREEFYTP10-20260821T023551Z.json,c2ceeb401070c2762eacf24ccfb0c55c1959bd371d9633599639d9af51dc57ce,2026-08-21T02:39:11.041866+00:00,PASS,STALE,0.1.0
L1-005,2022-12-22,0.1782,percent,FRED,THREEFYTP10,docs/phase2-ingestion/data/macro/raw/fred/THREEFYTP10-20260821T023551Z.json,c2ceeb401070c2762eacf24ccfb0c55c1959bd371d9633599639d9af51dc57ce,2026-08-21T02:39:11.041866+00:00,PASS,STALE,0.1.0
L1-005,2022-12-23,0.2097,percent,FRED,THREEFYTP10,docs/phase2-ingestion/data/macro/raw/fred/THREEFYTP10-20260821T023551Z.json,c2ceeb401070c2762eacf24ccfb0c55c1959bd371d9633599639d9af51dc57ce,2026-08-21T02:39:11.041866+00:00,PASS,STALE,0.1.0
L1-005,2022-12-27,0.2482,percent,FRED,THREEFYTP10,docs/phase2-ingestion/data/macro/raw/fred/THREEFYTP10-20260821T023551Z.json,c2ceeb401070c2762eacf24ccfb0c55c1959bd371d9633599639d9af51dc57ce,2026-08-21T02:39:11.041866+00:00,PASS,STALE,0.1.0
L1-005,2022-12-28,0.2671,percent,FRED,THREEFYTP10,docs/phase2-ingestion/data/macro/raw/fred/THREEFYTP10-20260821T023551Z.json,c2ceeb401070c2762eacf24ccfb0c55c1959bd371d9633599639d9af51dc57ce,2026-08-21T02:39:11.041866+00:00,PASS,STALE,0.1.0
L1-005,2022-12-29,0.2607,percent,FRED,THREEFYTP10,docs/phase2-ingestion/data/macro/raw/fred/THREEFYTP10-20260821T023551Z.json,c2ceeb401070c2762eacf24ccfb0c55c1959bd371d9633599639d9af51dc57ce,2026-08-21T02:39:11.041866+00:00,PASS,STALE,0.1.0
L1-005,2022-12-30,0.2801,percent,FRED,THREEFYTP10,docs/phase2-ingestion/data/macro/raw/fred/THREEFYTP10-20260821T023551Z.json,c2ceeb401070c2762eacf24ccfb0c55c1959bd371d9633599639d9af51dc57ce,2026-08-21T02:39:11.041866+00:00,PASS,STALE,0.1.0
L1-005,2023-01-03,0.2448,percent,FRED,THREEFYTP10,docs/phase2-ingestion/data/macro/raw/fred/THREEFYTP10-20260821T023551Z.json,c2ceeb401070c2762eacf24ccfb0c55c1959bd371d9633599639d9af51dc57ce,2026-08-21T02:39:11.041866+00:00,PASS,STALE,0.1.0
L1-005,2023-01-04,0.1936,percent,FRED,THREEFYTP10,docs/phase2-ingestion/data/macro/raw/fred/THREEFYTP10-20260821T023551Z.json,c2ceeb401070c2762eacf24ccfb0c55c1959bd371d9633599639d9af51dc57ce,2026-08-21T02:39:11.041866+00:00,PASS,STALE,0.1.0
L1-005,2023-01-05,0.1847,percent,FRED,THREEFYTP10,docs/phase2-ingestion/data/macro/raw/fred/THREEFYTP10-20260821T023551Z.json,c2ceeb401070c2762eacf24ccfb0c55c1959bd371d9633599639d9af51dc57ce,2026-08-21T02:39:11.041866+00:00,PASS,STALE,0.1.0
L1-005,2023-01-06,0.1036,percent,FRED,THREEFYTP10,docs/phase2-ingestion/data/macro/raw/fred/THREEFYTP10-20260821T023551Z.json,c2ceeb401070c2762eacf24ccfb0c55c1959bd371d9633599639d9af51dc57ce,2026-08-21T02:39:11.041866+00:00,PASS,STALE,0.1.0
L1-005,2023-01-09,0.0675,percent,FRED,THREEFYTP10,docs/phase2-ingestion/data/macro/raw/fred/THREEFYTP10-20260821T023551Z.json,c2ceeb401070c2762eacf24ccfb0c55c1959bd371d9633599639d9af51dc57ce,2026-08-21T02:39:11.041866+00:00,PASS,STALE,0.1.0
L1-005,2023-01-10,0.0817,percent,FRED,THREEFYTP10,docs/phase2-ingestion/data/macro/raw/fred/THREEFYTP10-20260821T023551Z.json,c2ceeb401070c2762eacf24ccfb0c55c1959bd371d9633599639d9af51dc57ce,2026-08-21T02:39:11.041866+00:00,PASS,STALE,0.1.0
L1-005,2023-01-11,0.0591,percent,FRED,THREEFYTP10,docs/phase2-ingestion/data/macro/raw/fred/THREEFYTP10-20260821T023551Z.json,c2ceeb401070c2762eacf24ccfb0c55c1959bd371d9633599639d9af51dc57ce,2026-08-21T02:39:11.041866+00:00,PASS,STALE,0.1.0
L1-005,2023-01-12,0.0107,percent,FRED,THREEFYTP10,docs/phase2-ingestion/data/macro/raw/fred/THREEFYTP10-20260821T023551Z.json,c2ceeb401070c2762eacf24ccfb0c55c1959bd371d9633599639d9af51dc57ce,2026-08-21T02:39:11.041866+00:00,PASS,STALE,0.1.0
L1-005,2023-01-13,0.0217,percent,FRED,THREEFYTP10,docs/phase2-ingestion/data/macro/raw/fred/THREEFYTP10-20260821T023551Z.json,c2ceeb401070c2762eacf24ccfb0c55c1959bd371d9633599639d9af51dc57ce,2026-08-21T02:39:11.041866+00:00,PASS,STALE,0.1.0
L1-005,2023-01-17,0.0258,percent,FRED,THREEFYTP10,docs/phase2-ingestion/data/macro/raw/fred/THREEFYTP10-20260821T023551Z.json,c2ceeb401070c2762eacf24ccfb0c55c1959bd371d9633599639d9af51dc57ce,2026-08-21T02:39:11.041866+00:00,PASS,STALE,0.1.0
L1-005,2023-01-18,-0.0393,percent,FRED,THREEFYTP10,docs/phase2-ingestion/data/macro/raw/fred/THREEFYTP10-20260821T023551Z.json,c2ceeb401070c2762eacf24ccfb0c55c1959bd371d9633599639d9af51dc57ce,2026-08-21T02:39:11.041866+00:00,PASS,STALE,0.1.0
L1-005,2023-01-19,-0.0412,percent,FRED,THREEFYTP10,docs/phase2-ingestion/data/macro/raw/fred/THREEFYTP10-20260821T023551Z.json,c2ceeb401070c2762eacf24ccfb0c55c1959bd371d9633599639d9af51dc57ce,2026-08-21T02:39:11.041866+00:00,PASS,STALE,0.1.0
L1-005,2023-01-20,-0.0137,percent,FRED,THREEFYTP10,docs/phase2-ingestion/data/macro/raw/fred/THREEFYTP10-20260821T023551Z.json,c2ceeb401070c2762eacf24ccfb0c55c1959bd371d9633599639d9af51dc57ce,2026-08-21T02:39:11.041866+00:00,PASS,STALE,0.1.0
L1-005,2023-01-23,0.0098,percent,FRED,THREEFYTP10,docs/phase2-ingestion/data/macro/raw/fred/THREEFYTP10-20260821T023551Z.json,c2ceeb401070c2762eacf24ccfb0c55c1959bd371d9633599639d9af51dc57ce,2026-08-21T02:39:11.041866+00:00,PASS,STALE,0.1.0
L1-005,2023-01-24,-0.0043,percent,FRED,THREEFYTP10,docs/phase2-ingestion/data/macro/raw/fred/THREEFYTP10-20260821T023551Z.json,c2ceeb401070c2762eacf24ccfb0c55c1959bd371d9633599639d9af51dc57ce,2026-08-21T02:39:11.041866+00:00,PASS,STALE,0.1.0
L1-005,2023-01-25,-0.0108,percent,FRED,THREEFYTP10,docs/phase2-ingestion/data/macro/raw/fred/THREEFYTP10-20260821T023551Z.json,c2ceeb401070c2762eacf24ccfb0c55c1959bd371d9633599639d9af51dc57ce,2026-08-21T02:39:11.041866+00:00,PASS,STALE,0.1.0
L1-005,2023-01-26,0.0027,percent,FRED,THREEFYTP10,docs/phase2-ingestion/data/macro/raw/fred/THREEFYTP10-20260821T023551Z.json,c2ceeb401070c2762eacf24ccfb0c55c1959bd371d9633599639d9af51dc57ce,2026-08-21T02:39:11.041866+00:00,PASS,STALE,0.1.0
L1-005,2023-01-27,0.0167,percent,FRED,THREEFYTP10,docs/phase2-ingestion/data/macro/raw/fred/THREEFYTP10-20260821T023551Z.json,c2ceeb401070c2762eacf24ccfb0c55c1959bd371d9633599639d9af51dc57ce,2026-08-21T02:39:11.041866+00:00,PASS,STALE,0.1.0
L1-005,2023-01-30,0.0344,percent,FRED,THREEFYTP10,docs/phase2-ingestion/data/macro/raw/fred/THREEFYTP10-20260821T023551Z.json,c2ceeb401070c2762eacf24ccfb0c55c1959bd371d9633599639d9af51dc57ce,2026-08-21T02:39:11.041866+00:00,PASS,STALE,0.1.0
L1-005,2023-01-31,0.0255,percent,FRED,THREEFYTP10,docs/phase2-ingestion/data/macro/raw/fred/THREEFYTP10-20260821T023551Z.json,c2ceeb401070c2762eacf24ccfb0c55c1959bd371d9633599639d9af51dc57ce,2026-08-21T02:39:11.041866+00:00,PASS,STALE,0.1.0
L1-005,2023-02-01,-0.0305,percent,FRED,THREEFYTP10,docs/phase2-ingestion/data/macro/raw/fred/THREEFYTP10-20260821T023551Z.json,c2ceeb401070c2762eacf24ccfb0c55c1959bd371d9633599639d9af51dc57ce,2026-08-21T02:39:11.041866+00:00,PASS,STALE,0.1.0
L1-005,2023-02-02,-0.0405,percent,FRED,THREEFYTP10,docs/phase2-ingestion/data/macro/raw/fred/THREEFYTP10-20260821T023551Z.json,c2ceeb401070c2762eacf24ccfb0c55c1959bd371d9633599639d9af51dc57ce,2026-08-21T02:39:11.041866+00:00,PASS,STALE,0.1.0
L1-005,2023-02-03,0.0174,percent,FRED,THREEFYTP10,docs/phase2-ingestion/data/macro/raw/fred/THREEFYTP10-20260821T023551Z.json,c2ceeb401070c2762eacf24ccfb0c55c1959bd371d9633599639d9af51dc57ce,2026-08-21T02:39:11.041866+00:00,PASS,STALE,0.1.0
L1-005,2023-02-06,0.0693,percent,FRED,THREEFYTP10,docs/phase2-ingestion/data/macro/raw/fred/THREEFYTP10-20260821T023551Z.json,c2ceeb401070c2762eacf24ccfb0c55c1959bd371d9633599639d9af51dc57ce,2026-08-21T02:39:11.041866+00:00,PASS,STALE,0.1.0
L1-005,2023-02-07,0.0942,percent,FRED,THREEFYTP10,docs/phase2-ingestion/data/macro/raw/fred/THREEFYTP10-20260821T023551Z.json,c2ceeb401070c2762eacf24ccfb0c55c1959bd371d9633599639d9af51dc57ce,2026-08-21T02:39:11.041866+00:00,PASS,STALE,0.1.0
L1-005,2023-02-08,0.0919,percent,FRED,THREEFYTP10,docs/phase2-ingestion/data/macro/raw/fred/THREEFYTP10-20260821T023551Z.json,c2ceeb401070c2762eacf24ccfb0c55c1959bd371d9633599639d9af51dc57ce,2026-08-21T02:39:11.041866+00:00,PASS,STALE,0.1.0
L1-005,2023-02-09,0.105,percent,FRED,THREEFYTP10,docs/phase2-ingestion/data/macro/raw/fred/THREEFYTP10-20260821T023551Z.json,c2ceeb401070c2762eacf24ccfb0c55c1959bd371d9633599639d9af51dc57ce,2026-08-21T02:39:11.041866+00:00,PASS,STALE,0.1.0
L1-005,2023-02-10,0.1324,percent,FRED,THREEFYTP10,docs/phase2-ingestion/data/macro/raw/fred/THREEFYTP10-20260821T023551Z.json,c2ceeb401070c2762eacf24ccfb0c55c1959bd371d9633599639d9af51dc57ce,2026-08-21T02:39:11.041866+00:00,PASS,STALE,0.1.0
L1-005,2023-02-13,0.128,percent,FRED,THREEFYTP10,docs/phase2-ingestion/data/macro/raw/fred/THREEFYTP10-20260821T023551Z.json,c2ceeb401070c2762eacf24ccfb0c55c1959bd371d9633599639d9af51dc57ce,2026-08-21T02:39:11.041866+00:00,PASS,STALE,0.1.0
L1-005,2023-02-14,0.1512,percent,FRED,THREEFYTP10,docs/phase2-ingestion/data/macro/raw/fred/THREEFYTP10-20260821T023551Z.json,c2ceeb401070c2762eacf24ccfb0c55c1959bd371d9633599639d9af51dc57ce,2026-08-21T02:39:11.041866+00:00,PASS,STALE,0.1.0
L1-005,2023-02-15,0.188,percent,FRED,THREEFYTP10,docs/phase2-ingestion/data/macro/raw/fred/THREEFYTP10-20260821T023551Z.json,c2ceeb401070c2762eacf24ccfb0c55c1959bd371d9633599639d9af51dc57ce,2026-08-21T02:39:11.041866+00:00,PASS,STALE,0.1.0
L1-005,2023-02-16,0.1943,percent,FRED,THREEFYTP10,docs/phase2-ingestion/data/macro/raw/fred/THREEFYTP10-20260821T023551Z.json,c2ceeb401070c2762eacf24ccfb0c55c1959bd371d9633599639d9af51dc57ce,2026-08-21T02:39:11.041866+00:00,PASS,STALE,0.1.0
L1-005,2023-02-17,0.1817,percent,FRED,THREEFYTP10,docs/phase2-ingestion/data/macro/raw/fred/THREEFYTP10-20260821T023551Z.json,c2ceeb401070c2762eacf24ccfb0c55c1959bd371d9633599639d9af51dc57ce,2026-08-21T02:39:11.041866+00:00,PASS,STALE,0.1.0
L1-005,2023-02-21,0.2253,percent,FRED,THREEFYTP10,docs/phase2-ingestion/data/macro/raw/fred/THREEFYTP10-20260821T023551Z.json,c2ceeb401070c2762eacf24ccfb0c55c1959bd371d9633599639d9af51dc57ce,2026-08-21T02:39:11.041866+00:00,PASS,STALE,0.1.0
L1-005,2023-02-22,0.2457,percent,FRED,THREEFYTP10,docs/phase2-ingestion/data/macro/raw/fred/THREEFYTP10-20260821T023551Z.json,c2ceeb401070c2762eacf24ccfb0c55c1959bd371d9633599639d9af51dc57ce,2026-08-21T02:39:11.041866+00:00,PASS,STALE,0.1.0
L1-005,2023-02-23,0.2362,percent,FRED,THREEFYTP10,docs/phase2-ingestion/data/macro/raw/fred/THREEFYTP10-20260821T023551Z.json,c2ceeb401070c2762eacf24ccfb0c55c1959bd371d9633599639d9af51dc57ce,2026-08-21T02:39:11.041866+00:00,PASS,STALE,0.1.0
L1-005,2023-02-24,0.2691,percent,FRED,THREEFYTP10,docs/phase2-ingestion/data/macro/raw/fred/THREEFYTP10-20260821T023551Z.json,c2ceeb401070c2762eacf24ccfb0c55c1959bd371d9633599639d9af51dc57ce,2026-08-21T02:39:11.041866+00:00,PASS,STALE,0.1.0
L1-005,2023-02-27,0.261,percent,FRED,THREEFYTP10,docs/phase2-ingestion/data/macro/raw/fred/THREEFYTP10-20260821T023551Z.json,c2ceeb401070c2762eacf24ccfb0c55c1959bd371d9633599639d9af51dc57ce,2026-08-21T02:39:11.041866+00:00,PASS,STALE,0.1.0
L1-005,2023-02-28,0.258,percent,FRED,THREEFYTP10,docs/phase2-ingestion/data/macro/raw/fred/THREEFYTP10-20260821T023551Z.json,c2ceeb401070c2762eacf24ccfb0c55c1959bd371d9633599639d9af51dc57ce,2026-08-21T02:39:11.041866+00:00,PASS,STALE,0.1.0
L1-005,2023-03-01,0.2929,percent,FRED,THREEFYTP10,docs/phase2-ingestion/data/macro/raw/fred/THREEFYTP10-20260821T023551Z.json,c2ceeb401070c2762eacf24ccfb0c55c1959bd371d9633599639d9af51dc57ce,2026-08-21T02:39:11.041866+00:00,PASS,STALE,0.1.0
L1-005,2023-03-02,0.3251,percent,FRED,THREEFYTP10,docs/phase2-ingestion/data/macro/raw/fred/THREEFYTP10-20260821T023551Z.json,c2ceeb401070c2762eacf24ccfb0c55c1959bd371d9633599639d9af51dc57ce,2026-08-21T02:39:11.041866+00:00,PASS,STALE,0.1.0
L1-005,2023-03-03,0.3012,percent,FRED,THREEFYTP10,docs/phase2-ingestion/data/macro/raw/fred/THREEFYTP10-20260821T023551Z.json,c2ceeb401070c2762eacf24ccfb0c55c1959bd371d9633599639d9af51dc57ce,2026-08-21T02:39:11.041866+00:00,PASS,STALE,0.1.0
L1-005,2023-03-06,0.2844,percent,FRED,THREEFYTP10,docs/phase2-ingestion/data/macro/raw/fred/THREEFYTP10-20260821T023551Z.json,c2ceeb401070c2762eacf24ccfb0c55c1959bd371d9633599639d9af51dc57ce,2026-08-21T02:39:11.041866+00:00,PASS,STALE,0.1.0
L1-005,2023-03-07,0.2848,percent,FRED,THREEFYTP10,docs/phase2-ingestion/data/macro/raw/fred/THREEFYTP10-20260821T023551Z.json,c2ceeb401070c2762eacf24ccfb0c55c1959bd371d9633599639d9af51dc57ce,2026-08-21T02:39:11.041866+00:00,PASS,STALE,0.1.0
L1-005,2023-03-08,0.2799,percent,FRED,THREEFYTP10,docs/phase2-ingestion/data/macro/raw/fred/THREEFYTP10-20260821T023551Z.json,c2ceeb401070c2762eacf24ccfb0c55c1959bd371d9633599639d9af51dc57ce,2026-08-21T02:39:11.041866+00:00,PASS,STALE,0.1.0
L1-005,2023-03-09,0.2372,percent,FRED,THREEFYTP10,docs/phase2-ingestion/data/macro/raw/fred/THREEFYTP10-20260821T023551Z.json,c2ceeb401070c2762eacf24ccfb0c55c1959bd371d9633599639d9af51dc57ce,2026-08-21T02:39:11.041866+00:00,PASS,STALE,0.1.0
L1-005,2023-03-10,0.1327,percent,FRED,THREEFYTP10,docs/phase2-ingestion/data/macro/raw/fred/THREEFYTP10-20260821T023551Z.json,c2ceeb401070c2762eacf24ccfb0c55c1959bd371d9633599639d9af51dc57ce,2026-08-21T02:39:11.041866+00:00,PASS,STALE,0.1.0
L1-005,2023-03-13,0.0372,percent,FRED,THREEFYTP10,docs/phase2-ingestion/data/macro/raw/fred/THREEFYTP10-20260821T023551Z.json,c2ceeb401070c2762eacf24ccfb0c55c1959bd371d9633599639d9af51dc57ce,2026-08-21T02:39:11.041866+00:00,PASS,STALE,0.1.0
L1-005,2023-03-14,0.072,percent,FRED,THREEFYTP10,docs/phase2-ingestion/data/macro/raw/fred/THREEFYTP10-20260821T023551Z.json,c2ceeb401070c2762eacf24ccfb0c55c1959bd371d9633599639d9af51dc57ce,2026-08-21T02:39:11.041866+00:00,PASS,STALE,0.1.0
L1-005,2023-03-15,0.0324,percent,FRED,THREEFYTP10,docs/phase2-ingestion/data/macro/raw/fred/THREEFYTP10-20260821T023551Z.json,c2ceeb401070c2762eacf24ccfb0c55c1959bd371d9633599639d9af51dc57ce,2026-08-21T02:39:11.041866+00:00,PASS,STALE,0.1.0
L1-005,2023-03-16,0.072,percent,FRED,THREEFYTP10,docs/phase2-ingestion/data/macro/raw/fred/THREEFYTP10-20260821T023551Z.json,c2ceeb401070c2762eacf24ccfb0c55c1959bd371d9633599639d9af51dc57ce,2026-08-21T02:39:11.041866+00:00,PASS,STALE,0.1.0
L1-005,2023-03-17,0.0156,percent,FRED,THREEFYTP10,docs/phase2-ingestion/data/macro/raw/fred/THREEFYTP10-20260821T023551Z.json,c2ceeb401070c2762eacf24ccfb0c55c1959bd371d9633599639d9af51dc57ce,2026-08-21T02:39:11.041866+00:00,PASS,STALE,0.1.0
L1-005,2023-03-20,0.0386,percent,FRED,THREEFYTP10,docs/phase2-ingestion/data/macro/raw/fred/THREEFYTP10-20260821T023551Z.json,c2ceeb401070c2762eacf24ccfb0c55c1959bd371d9633599639d9af51dc57ce,2026-08-21T02:39:11.041866+00:00,PASS,STALE,0.1.0
L1-005,2023-03-21,0.0934,percent,FRED,THREEFYTP10,docs/phase2-ingestion/data/macro/raw/fred/THREEFYTP10-20260821T023551Z.json,c2ceeb401070c2762eacf24ccfb0c55c1959bd371d9633599639d9af51dc57ce,2026-08-21T02:39:11.041866+00:00,PASS,STALE,0.1.0
L1-005,2023-03-22,0.0371,percent,FRED,THREEFYTP10,docs/phase2-ingestion/data/macro/raw/fred/THREEFYTP10-20260821T023551Z.json,c2ceeb401070c2762eacf24ccfb0c55c1959bd371d9633599639d9af51dc57ce,2026-08-21T02:39:11.041866+00:00,PASS,STALE,0.1.0
L1-005,2023-03-23,-0.0229,percent,FRED,THREEFYTP10,docs/phase2-ingestion/data/macro/raw/fred/THREEFYTP10-20260821T023551Z.json,c2ceeb401070c2762eacf24ccfb0c55c1959bd371d9633599639d9af51dc57ce,2026-08-21T02:39:11.041866+00:00,PASS,STALE,0.1.0
L1-005,2023-03-24,-0.0271,percent,FRED,THREEFYTP10,docs/phase2-ingestion/data/macro/raw/fred/THREEFYTP10-20260821T023551Z.json,c2ceeb401070c2762eacf24ccfb0c55c1959bd371d9633599639d9af51dc57ce,2026-08-21T02:39:11.041866+00:00,PASS,STALE,0.1.0
L1-005,2023-03-27,0.0321,percent,FRED,THREEFYTP10,docs/phase2-ingestion/data/macro/raw/fred/THREEFYTP10-20260821T023551Z.json,c2ceeb401070c2762eacf24ccfb0c55c1959bd371d9633599639d9af51dc57ce,2026-08-21T02:39:11.041866+00:00,PASS,STALE,0.1.0
L1-005,2023-03-28,0.0575,percent,FRED,THREEFYTP10,docs/phase2-ingestion/data/macro/raw/fred/THREEFYTP10-20260821T023551Z.json,c2ceeb401070c2762eacf24ccfb0c55c1959bd371d9633599639d9af51dc57ce,2026-08-21T02:39:11.041866+00:00,PASS,STALE,0.1.0
L1-005,2023-03-29,0.0723,percent,FRED,THREEFYTP10,docs/phase2-ingestion/data/macro/raw/fred/THREEFYTP10-20260821T023551Z.json,c2ceeb401070c2762eacf24ccfb0c55c1959bd371d9633599639d9af51dc57ce,2026-08-21T02:39:11.041866+00:00,PASS,STALE,0.1.0
L1-005,2023-03-30,0.0593,percent,FRED,THREEFYTP10,docs/phase2-ingestion/data/macro/raw/fred/THREEFYTP10-20260821T023551Z.json,c2ceeb401070c2762eacf24ccfb0c55c1959bd371d9633599639d9af51dc57ce,2026-08-21T02:39:11.041866+00:00,PASS,STALE,0.1.0
L1-005,2023-03-31,0.0305,percent,FRED,THREEFYTP10,docs/phase2-ingestion/data/macro/raw/fred/THREEFYTP10-20260821T023551Z.json,c2ceeb401070c2762eacf24ccfb0c55c1959bd371d9633599639d9af51dc57ce,2026-08-21T02:39:11.041866+00:00,PASS,STALE,0.1.0
L1-005,2023-04-03,-0.0103,percent,FRED,THREEFYTP10,docs/phase2-ingestion/data/macro/raw/fred/THREEFYTP10-20260821T023551Z.json,c2ceeb401070c2762eacf24ccfb0c55c1959bd371d9633599639d9af51dc57ce,2026-08-21T02:39:11.041866+00:00,PASS,STALE,0.1.0
L1-005,2023-04-04,-0.0603,percent,FRED,THREEFYTP10,docs/phase2-ingestion/data/macro/raw/fred/THREEFYTP10-20260821T023551Z.json,c2ceeb401070c2762eacf24ccfb0c55c1959bd371d9633599639d9af51dc57ce,2026-08-21T02:39:11.041866+00:00,PASS,STALE,0.1.0
L1-005,2023-04-05,-0.087,percent,FRED,THREEFYTP10,docs/phase2-ingestion/data/macro/raw/fred/THREEFYTP10-20260821T023551Z.json,c2ceeb401070c2762eacf24ccfb0c55c1959bd371d9633599639d9af51dc57ce,2026-08-21T02:39:11.041866+00:00,PASS,STALE,0.1.0
L1-005,2023-04-06,-0.0988,percent,FRED,THREEFYTP10,docs/phase2-ingestion/data/macro/raw/fred/THREEFYTP10-20260821T023551Z.json,c2ceeb401070c2762eacf24ccfb0c55c1959bd371d9633599639d9af51dc57ce,2026-08-21T02:39:11.041866+00:00,PASS,STALE,0.1.0
L1-005,2023-04-07,-0.065,percent,FRED,THREEFYTP10,docs/phase2-ingestion/data/macro/raw/fred/THREEFYTP10-20260821T023551Z.json,c2ceeb401070c2762eacf24ccfb0c55c1959bd371d9633599639d9af51dc57ce,2026-08-21T02:39:11.041866+00:00,PASS,STALE,0.1.0
L1-005,2023-04-10,-0.0614,percent,FRED,THREEFYTP10,docs/phase2-ingestion/data/macro/raw/fred/THREEFYTP10-20260821T023551Z.json,c2ceeb401070c2762eacf24ccfb0c55c1959bd371d9633599639d9af51dc57ce,2026-08-21T02:39:11.041866+00:00,PASS,STALE,0.1.0
L1-005,2023-04-11,-0.0554,percent,FRED,THREEFYTP10,docs/phase2-ingestion/data/macro/raw/fred/THREEFYTP10-20260821T023551Z.json,c2ceeb401070c2762eacf24ccfb0c55c1959bd371d9633599639d9af51dc57ce,2026-08-21T02:39:11.041866+00:00,PASS,STALE,0.1.0
L1-005,2023-04-12,-0.0744,percent,FRED,THREEFYTP10,docs/phase2-ingestion/data/macro/raw/fred/THREEFYTP10-20260821T023551Z.json,c2ceeb401070c2762eacf24ccfb0c55c1959bd371d9633599639d9af51dc57ce,2026-08-21T02:39:11.041866+00:00,PASS,STALE,0.1.0
L1-005,2023-04-13,-0.0647,percent,FRED,THREEFYTP10,docs/phase2-ingestion/data/macro/raw/fred/THREEFYTP10-20260821T023551Z.json,c2ceeb401070c2762eacf24ccfb0c55c1959bd371d9633599639d9af51dc57ce,2026-08-21T02:39:11.041866+00:00,PASS,STALE,0.1.0
L1-005,2023-04-14,-0.0316,percent,FRED,THREEFYTP10,docs/phase2-ingestion/data/macro/raw/fred/THREEFYTP10-20260821T023551Z.json,c2ceeb401070c2762eacf24ccfb0c55c1959bd371d9633599639d9af51dc57ce,2026-08-21T02:39:11.041866+00:00,PASS,STALE,0.1.0
L1-005,2023-04-17,-0.0001,percent,FRED,THREEFYTP10,docs/phase2-ingestion/data/macro/raw/fred/THREEFYTP10-20260821T023551Z.json,c2ceeb401070c2762eacf24ccfb0c55c1959bd371d9633599639d9af51dc57ce,2026-08-21T02:39:11.041866+00:00,PASS,STALE,0.1.0
L1-005,2023-04-18,-0.0012,percent,FRED,THREEFYTP10,docs/phase2-ingestion/data/macro/raw/fred/THREEFYTP10-20260821T023551Z.json,c2ceeb401070c2762eacf24ccfb0c55c1959bd371d9633599639d9af51dc57ce,2026-08-21T02:39:11.041866+00:00,PASS,STALE,0.1.0
L1-005,2023-04-19,0.0082,percent,FRED,THREEFYTP10,docs/phase2-ingestion/data/macro/raw/fred/THREEFYTP10-20260821T023551Z.json,c2ceeb401070c2762eacf24ccfb0c55c1959bd371d9633599639d9af51dc57ce,2026-08-21T02:39:11.041866+00:00,PASS,STALE,0.1.0
L1-005,2023-04-20,-0.0156,percent,FRED,THREEFYTP10,docs/phase2-ingestion/data/macro/raw/fred/THREEFYTP10-20260821T023551Z.json,c2ceeb401070c2762eacf24ccfb0c55c1959bd371d9633599639d9af51dc57ce,2026-08-21T02:39:11.041866+00:00,PASS,STALE,0.1.0
L1-005,2023-04-21,-0.0079,percent,FRED,THREEFYTP10,docs/phase2-ingestion/data/macro/raw/fred/THREEFYTP10-20260821T023551Z.json,c2ceeb401070c2762eacf24ccfb0c55c1959bd371d9633599639d9af51dc57ce,2026-08-21T02:39:11.041866+00:00,PASS,STALE,0.1.0
L1-005,2023-04-24,-0.0317,percent,FRED,THREEFYTP10,docs/phase2-ingestion/data/macro/raw/fred/THREEFYTP10-20260821T023551Z.json,c2ceeb401070c2762eacf24ccfb0c55c1959bd371d9633599639d9af51dc57ce,2026-08-21T02:39:11.041866+00:00,PASS,STALE,0.1.0
L1-005,2023-04-25,-0.0912,percent,FRED,THREEFYTP10,docs/phase2-ingestion/data/macro/raw/fred/THREEFYTP10-20260821T023551Z.json,c2ceeb401070c2762eacf24ccfb0c55c1959bd371d9633599639d9af51dc57ce,2026-08-21T02:39:11.041866+00:00,PASS,STALE,0.1.0
L1-005,2023-04-26,-0.0899,percent,FRED,THREEFYTP10,docs/phase2-ingestion/data/macro/raw/fred/THREEFYTP10-20260821T023551Z.json,c2ceeb401070c2762eacf24ccfb0c55c1959bd371d9633599639d9af51dc57ce,2026-08-21T02:39:11.041866+00:00,PASS,STALE,0.1.0
L1-005,2023-04-27,-0.0424,percent,FRED,THREEFYTP10,docs/phase2-ingestion/data/macro/raw/fred/THREEFYTP10-20260821T023551Z.json,c2ceeb401070c2762eacf24ccfb0c55c1959bd371d9633599639d9af51dc57ce,2026-08-21T02:39:11.041866+00:00,PASS,STALE,0.1.0
L1-005,2023-04-28,-0.0635,percent,FRED,THREEFYTP10,docs/phase2-ingestion/data/macro/raw/fred/THREEFYTP10-20260821T023551Z.json,c2ceeb401070c2762eacf24ccfb0c55c1959bd371d9633599639d9af51dc57ce,2026-08-21T02:39:11.041866+00:00,PASS,STALE,0.1.0
L1-005,2023-05-01,-0.0289,percent,FRED,THREEFYTP10,docs/phase2-ingestion/data/macro/raw/fred/THREEFYTP10-20260821T023551Z.json,c2ceeb401070c2762eacf24ccfb0c55c1959bd371d9633599639d9af51dc57ce,2026-08-21T02:39:11.041866+00:00,PASS,STALE,0.1.0
L1-005,2023-05-02,-0.088,percent,FRED,THREEFYTP10,docs/phase2-ingestion/data/macro/raw/fred/THREEFYTP10-20260821T023551Z.json,c2ceeb401070c2762eacf24ccfb0c55c1959bd371d9633599639d9af51dc57ce,2026-08-21T02:39:11.041866+00:00,PASS,STALE,0.1.0
L1-005,2023-05-03,-0.1313,percent,FRED,THREEFYTP10,docs/phase2-ingestion/data/macro/raw/fred/THREEFYTP10-20260821T023551Z.json,c2ceeb401070c2762eacf24ccfb0c55c1959bd371d9633599639d9af51dc57ce,2026-08-21T02:39:11.041866+00:00,PASS,STALE,0.1.0
L1-005,2023-05-04,-0.1615,percent,FRED,THREEFYTP10,docs/phase2-ingestion/data/macro/raw/fred/THREEFYTP10-20260821T023551Z.json,c2ceeb401070c2762eacf24ccfb0c55c1959bd371d9633599639d9af51dc57ce,2026-08-21T02:39:11.041866+00:00,PASS,STALE,0.1.0
L1-005,2023-05-05,-0.1285,percent,FRED,THREEFYTP10,docs/phase2-ingestion/data/macro/raw/fred/THREEFYTP10-20260821T023551Z.json,c2ceeb401070c2762eacf24ccfb0c55c1959bd371d9633599639d9af51dc57ce,2026-08-21T02:39:11.041866+00:00,PASS,STALE,0.1.0
L1-005,2023-05-08,-0.0927,percent,FRED,THREEFYTP10,docs/phase2-ingestion/data/macro/raw/fred/THREEFYTP10-20260821T023551Z.json,c2ceeb401070c2762eacf24ccfb0c55c1959bd371d9633599639d9af51dc57ce,2026-08-21T02:39:11.041866+00:00,PASS,STALE,0.1.0
L1-005,2023-05-09,-0.0816,percent,FRED,THREEFYTP10,docs/phase2-ingestion/data/macro/raw/fred/THREEFYTP10-20260821T023551Z.json,c2ceeb401070c2762eacf24ccfb0c55c1959bd371d9633599639d9af51dc57ce,2026-08-21T02:39:11.041866+00:00,PASS,STALE,0.1.0
L1-005,2023-05-10,-0.1165,percent,FRED,THREEFYTP10,docs/phase2-ingestion/data/macro/raw/fred/THREEFYTP10-20260821T023551Z.json,c2ceeb401070c2762eacf24ccfb0c55c1959bd371d9633599639d9af51dc57ce,2026-08-21T02:39:11.041866+00:00,PASS,STALE,0.1.0
L1-005,2023-05-11,-0.1353,percent,FRED,THREEFYTP10,docs/phase2-ingestion/data/macro/raw/fred/THREEFYTP10-20260821T023551Z.json,c2ceeb401070c2762eacf24ccfb0c55c1959bd371d9633599639d9af51dc57ce,2026-08-21T02:39:11.041866+00:00,PASS,STALE,0.1.0
L1-005,2023-05-12,-0.1103,percent,FRED,THREEFYTP10,docs/phase2-ingestion/data/macro/raw/fred/THREEFYTP10-20260821T023551Z.json,c2ceeb401070c2762eacf24ccfb0c55c1959bd371d9633599639d9af51dc57ce,2026-08-21T02:39:11.041866+00:00,PASS,STALE,0.1.0
L1-005,2023-05-15,-0.096,percent,FRED,THREEFYTP10,docs/phase2-ingestion/data/macro/raw/fred/THREEFYTP10-20260821T023551Z.json,c2ceeb401070c2762eacf24ccfb0c55c1959bd371d9633599639d9af51dc57ce,2026-08-21T02:39:11.041866+00:00,PASS,STALE,0.1.0
L1-005,2023-05-16,-0.0738,percent,FRED,THREEFYTP10,docs/phase2-ingestion/data/macro/raw/fred/THREEFYTP10-20260821T023551Z.json,c2ceeb401070c2762eacf24ccfb0c55c1959bd371d9633599639d9af51dc57ce,2026-08-21T02:39:11.041866+00:00,PASS,STALE,0.1.0
L1-005,2023-05-17,-0.0543,percent,FRED,THREEFYTP10,docs/phase2-ingestion/data/macro/raw/fred/THREEFYTP10-20260821T023551Z.json,c2ceeb401070c2762eacf24ccfb0c55c1959bd371d9633599639d9af51dc57ce,2026-08-21T02:39:11.041866+00:00,PASS,STALE,0.1.0
L1-005,2023-05-18,-0.0172,percent,FRED,THREEFYTP10,docs/phase2-ingestion/data/macro/raw/fred/THREEFYTP10-20260821T023551Z.json,c2ceeb401070c2762eacf24ccfb0c55c1959bd371d9633599639d9af51dc57ce,2026-08-21T02:39:11.041866+00:00,PASS,STALE,0.1.0
L1-005,2023-05-19,0.0112,percent,FRED,THREEFYTP10,docs/phase2-ingestion/data/macro/raw/fred/THREEFYTP10-20260821T023551Z.json,c2ceeb401070c2762eacf24ccfb0c55c1959bd371d9633599639d9af51dc57ce,2026-08-21T02:39:11.041866+00:00,PASS,STALE,0.1.0
L1-005,2023-05-22,0.0144,percent,FRED,THREEFYTP10,docs/phase2-ingestion/data/macro/raw/fred/THREEFYTP10-20260821T023551Z.json,c2ceeb401070c2762eacf24ccfb0c55c1959bd371d9633599639d9af51dc57ce,2026-08-21T02:39:11.041866+00:00,PASS,STALE,0.1.0
L1-005,2023-05-23,0.0106,percent,FRED,THREEFYTP10,docs/phase2-ingestion/data/macro/raw/fred/THREEFYTP10-20260821T023551Z.json,c2ceeb401070c2762eacf24ccfb0c55c1959bd371d9633599639d9af51dc57ce,2026-08-21T02:39:11.041866+00:00,PASS,STALE,0.1.0
L1-005,2023-05-24,0.0168,percent,FRED,THREEFYTP10,docs/phase2-ingestion/data/macro/raw/fred/THREEFYTP10-20260821T023551Z.json,c2ceeb401070c2762eacf24ccfb0c55c1959bd371d9633599639d9af51dc57ce,2026-08-21T02:39:11.041866+00:00,PASS,STALE,0.1.0
L1-005,2023-05-25,0.065,percent,FRED,THREEFYTP10,docs/phase2-ingestion/data/macro/raw/fred/THREEFYTP10-20260821T023551Z.json,c2ceeb401070c2762eacf24ccfb0c55c1959bd371d9633599639d9af51dc57ce,2026-08-21T02:39:11.041866+00:00,PASS,STALE,0.1.0
L1-005,2023-05-26,0.0776,percent,FRED,THREEFYTP10,docs/phase2-ingestion/data/macro/raw/fred/THREEFYTP10-20260821T023551Z.json,c2ceeb401070c2762eacf24ccfb0c55c1959bd371d9633599639d9af51dc57ce,2026-08-21T02:39:11.041866+00:00,PASS,STALE,0.1.0
L1-005,2023-05-30,0.0236,percent,FRED,THREEFYTP10,docs/phase2-ingestion/data/macro/raw/fred/THREEFYTP10-20260821T023551Z.json,c2ceeb401070c2762eacf24ccfb0c55c1959bd371d9633599639d9af51dc57ce,2026-08-21T02:39:11.041866+00:00,PASS,STALE,0.1.0
L1-005,2023-05-31,-0.0186,percent,FRED,THREEFYTP10,docs/phase2-ingestion/data/macro/raw/fred/THREEFYTP10-20260821T023551Z.json,c2ceeb401070c2762eacf24ccfb0c55c1959bd371d9633599639d9af51dc57ce,2026-08-21T02:39:11.041866+00:00,PASS,STALE,0.1.0
L1-005,2023-06-01,-0.0441,percent,FRED,THREEFYTP10,docs/phase2-ingestion/data/macro/raw/fred/THREEFYTP10-20260821T023551Z.json,c2ceeb401070c2762eacf24ccfb0c55c1959bd371d9633599639d9af51dc57ce,2026-08-21T02:39:11.041866+00:00,PASS,STALE,0.1.0
L1-005,2023-06-02,-0.0067,percent,FRED,THREEFYTP10,docs/phase2-ingestion/data/macro/raw/fred/THREEFYTP10-20260821T023551Z.json,c2ceeb401070c2762eacf24ccfb0c55c1959bd371d9633599639d9af51dc57ce,2026-08-21T02:39:11.041866+00:00,PASS,STALE,0.1.0
L1-005,2023-06-05,-0.0018,percent,FRED,THREEFYTP10,docs/phase2-ingestion/data/macro/raw/fred/THREEFYTP10-20260821T023551Z.json,c2ceeb401070c2762eacf24ccfb0c55c1959bd371d9633599639d9af51dc57ce,2026-08-21T02:39:11.041866+00:00,PASS,STALE,0.1.0
L1-005,2023-06-06,0.0072,percent,FRED,THREEFYTP10,docs/phase2-ingestion/data/macro/raw/fred/THREEFYTP10-20260821T023551Z.json,c2ceeb401070c2762eacf24ccfb0c55c1959bd371d9633599639d9af51dc57ce,2026-08-21T02:39:11.041866+00:00,PASS,STALE,0.1.0
L1-005,2023-06-07,0.0486,percent,FRED,THREEFYTP10,docs/phase2-ingestion/data/macro/raw/fred/THREEFYTP10-20260821T023551Z.json,c2ceeb401070c2762eacf24ccfb0c55c1959bd371d9633599639d9af51dc57ce,2026-08-21T02:39:11.041866+00:00,PASS,STALE,0.1.0
L1-005,2023-06-08,0.0363,percent,FRED,THREEFYTP10,docs/phase2-ingestion/data/macro/raw/fred/THREEFYTP10-20260821T023551Z.json,c2ceeb401070c2762eacf24ccfb0c55c1959bd371d9633599639d9af51dc57ce,2026-08-21T02:39:11.041866+00:00,PASS,STALE,0.1.0
L1-005,2023-06-09,0.0509,percent,FRED,THREEFYTP10,docs/phase2-ingestion/data/macro/raw/fred/THREEFYTP10-20260821T023551Z.json,c2ceeb401070c2762eacf24ccfb0c55c1959bd371d9633599639d9af51dc57ce,2026-08-21T02:39:11.041866+00:00,PASS,STALE,0.1.0
L1-005,2023-06-12,0.0448,percent,FRED,THREEFYTP10,docs/phase2-ingestion/data/macro/raw/fred/THREEFYTP10-20260821T023551Z.json,c2ceeb401070c2762eacf24ccfb0c55c1959bd371d9633599639d9af51dc57ce,2026-08-21T02:39:11.041866+00:00,PASS,STALE,0.1.0
L1-005,2023-06-13,0.0879,percent,FRED,THREEFYTP10,docs/phase2-ingestion/data/macro/raw/fred/THREEFYTP10-20260821T023551Z.json,c2ceeb401070c2762eacf24ccfb0c55c1959bd371d9633599639d9af51dc57ce,2026-08-21T02:39:11.041866+00:00,PASS,STALE,0.1.0
L1-005,2023-06-14,0.1029,percent,FRED,THREEFYTP10,docs/phase2-ingestion/data/macro/raw/fred/THREEFYTP10-20260821T023551Z.json,c2ceeb401070c2762eacf24ccfb0c55c1959bd371d9633599639d9af51dc57ce,2026-08-21T02:39:11.041866+00:00,PASS,STALE,0.1.0
L1-005,2023-06-15,0.0598,percent,FRED,THREEFYTP10,docs/phase2-ingestion/data/macro/raw/fred/THREEFYTP10-20260821T023551Z.json,c2ceeb401070c2762eacf24ccfb0c55c1959bd371d9633599639d9af51dc57ce,2026-08-21T02:39:11.041866+00:00,PASS,STALE,0.1.0
L1-005,2023-06-16,0.0709,percent,FRED,THREEFYTP10,docs/phase2-ingestion/data/macro/raw/fred/THREEFYTP10-20260821T023551Z.json,c2ceeb401070c2762eacf24ccfb0c55c1959bd371d9633599639d9af51dc57ce,2026-08-21T02:39:11.041866+00:00,PASS,STALE,0.1.0
L1-005,2023-06-20,0.0548,percent,FRED,THREEFYTP10,docs/phase2-ingestion/data/macro/raw/fred/THREEFYTP10-20260821T023551Z.json,c2ceeb401070c2762eacf24ccfb0c55c1959bd371d9633599639d9af51dc57ce,2026-08-21T02:39:11.041866+00:00,PASS,STALE,0.1.0
L1-005,2023-06-21,0.0411,percent,FRED,THREEFYTP10,docs/phase2-ingestion/data/macro/raw/fred/THREEFYTP10-20260821T023551Z.json,c2ceeb401070c2762eacf24ccfb0c55c1959bd371d9633599639d9af51dc57ce,2026-08-21T02:39:11.041866+00:00,PASS,STALE,0.1.0
L1-005,2023-06-22,0.0653,percent,FRED,THREEFYTP10,docs/phase2-ingestion/data/macro/raw/fred/THREEFYTP10-20260821T023551Z.json,c2ceeb401070c2762eacf24ccfb0c55c1959bd371d9633599639d9af51dc57ce,2026-08-21T02:39:11.041866+00:00,PASS,STALE,0.1.0
L1-005,2023-06-23,0.054,percent,FRED,THREEFYTP10,docs/phase2-ingestion/data/macro/raw/fred/THREEFYTP10-20260821T023551Z.json,c2ceeb401070c2762eacf24ccfb0c55c1959bd371d9633599639d9af51dc57ce,2026-08-21T02:39:11.041866+00:00,PASS,STALE,0.1.0
L1-005,2023-06-26,0.0355,percent,FRED,THREEFYTP10,docs/phase2-ingestion/data/macro/raw/fred/THREEFYTP10-20260821T023551Z.json,c2ceeb401070c2762eacf24ccfb0c55c1959bd371d9633599639d9af51dc57ce,2026-08-21T02:39:11.041866+00:00,PASS,STALE,0.1.0
L1-005,2023-06-27,0.0485,percent,FRED,THREEFYTP10,docs/phase2-ingestion/data/macro/raw/fred/THREEFYTP10-20260821T023551Z.json,c2ceeb401070c2762eacf24ccfb0c55c1959bd371d9633599639d9af51dc57ce,2026-08-21T02:39:11.041866+00:00,PASS,STALE,0.1.0
L1-005,2023-06-28,0.0273,percent,FRED,THREEFYTP10,docs/phase2-ingestion/data/macro/raw/fred/THREEFYTP10-20260821T023551Z.json,c2ceeb401070c2762eacf24ccfb0c55c1959bd371d9633599639d9af51dc57ce,2026-08-21T02:39:11.041866+00:00,PASS,STALE,0.1.0
L1-005,2023-06-29,0.096,percent,FRED,THREEFYTP10,docs/phase2-ingestion/data/macro/raw/fred/THREEFYTP10-20260821T023551Z.json,c2ceeb401070c2762eacf24ccfb0c55c1959bd371d9633599639d9af51dc57ce,2026-08-21T02:39:11.041866+00:00,PASS,STALE,0.1.0
L1-005,2023-06-30,0.1019,percent,FRED,THREEFYTP10,docs/phase2-ingestion/data/macro/raw/fred/THREEFYTP10-20260821T023551Z.json,c2ceeb401070c2762eacf24ccfb0c55c1959bd371d9633599639d9af51dc57ce,2026-08-21T02:39:11.041866+00:00,PASS,STALE,0.1.0
L1-005,2023-07-03,0.1221,percent,FRED,THREEFYTP10,docs/phase2-ingestion/data/macro/raw/fred/THREEFYTP10-20260821T023551Z.json,c2ceeb401070c2762eacf24ccfb0c55c1959bd371d9633599639d9af51dc57ce,2026-08-21T02:39:11.041866+00:00,PASS,STALE,0.1.0
L1-005,2023-07-05,0.1531,percent,FRED,THREEFYTP10,docs/phase2-ingestion/data/macro/raw/fred/THREEFYTP10-20260821T023551Z.json,c2ceeb401070c2762eacf24ccfb0c55c1959bd371d9633599639d9af51dc57ce,2026-08-21T02:39:11.041866+00:00,PASS,STALE,0.1.0
L1-005,2023-07-06,0.2043,percent,FRED,THREEFYTP10,docs/phase2-ingestion/data/macro/raw/fred/THREEFYTP10-20260821T023551Z.json,c2ceeb401070c2762eacf24ccfb0c55c1959bd371d9633599639d9af51dc57ce,2026-08-21T02:39:11.041866+00:00,PASS,STALE,0.1.0
L1-005,2023-07-07,0.218,percent,FRED,THREEFYTP10,docs/phase2-ingestion/data/macro/raw/fred/THREEFYTP10-20260821T023551Z.json,c2ceeb401070c2762eacf24ccfb0c55c1959bd371d9633599639d9af51dc57ce,2026-08-21T02:39:11.041866+00:00,PASS,STALE,0.1.0
L1-005,2023-07-10,0.1862,percent,FRED,THREEFYTP10,docs/phase2-ingestion/data/macro/raw/fred/THREEFYTP10-20260821T023551Z.json,c2ceeb401070c2762eacf24ccfb0c55c1959bd371d9633599639d9af51dc57ce,2026-08-21T02:39:11.041866+00:00,PASS,STALE,0.1.0
L1-005,2023-07-11,0.1741,percent,FRED,THREEFYTP10,docs/phase2-ingestion/data/macro/raw/fred/THREEFYTP10-20260821T023551Z.json,c2ceeb401070c2762eacf24ccfb0c55c1959bd371d9633599639d9af51dc57ce,2026-08-21T02:39:11.041866+00:00,PASS,STALE,0.1.0
L1-005,2023-07-12,0.1097,percent,FRED,THREEFYTP10,docs/phase2-ingestion/data/macro/raw/fred/THREEFYTP10-20260821T023551Z.json,c2ceeb401070c2762eacf24ccfb0c55c1959bd371d9633599639d9af51dc57ce,2026-08-21T02:39:11.041866+00:00,PASS,STALE,0.1.0
L1-005,2023-07-13,0.0474,percent,FRED,THREEFYTP10,docs/phase2-ingestion/data/macro/raw/fred/THREEFYTP10-20260821T023551Z.json,c2ceeb401070c2762eacf24ccfb0c55c1959bd371d9633599639d9af51dc57ce,2026-08-21T02:39:11.041866+00:00,PASS,STALE,0.1.0
L1-005,2023-07-14,0.0617,percent,FRED,THREEFYTP10,docs/phase2-ingestion/data/macro/raw/fred/THREEFYTP10-20260821T023551Z.json,c2ceeb401070c2762eacf24ccfb0c55c1959bd371d9633599639d9af51dc57ce,2026-08-21T02:39:11.041866+00:00,PASS,STALE,0.1.0
L1-005,2023-07-17,0.054,percent,FRED,THREEFYTP10,docs/phase2-ingestion/data/macro/raw/fred/THREEFYTP10-20260821T023551Z.json,c2ceeb401070c2762eacf24ccfb0c55c1959bd371d9633599639d9af51dc57ce,2026-08-21T02:39:11.041866+00:00,PASS,STALE,0.1.0
L1-005,2023-07-18,0.045,percent,FRED,THREEFYTP10,docs/phase2-ingestion/data/macro/raw/fred/THREEFYTP10-20260821T023551Z.json,c2ceeb401070c2762eacf24ccfb0c55c1959bd371d9633599639d9af51dc57ce,2026-08-21T02:39:11.041866+00:00,PASS,STALE,0.1.0
L1-005,2023-07-19,0.0259,percent,FRED,THREEFYTP10,docs/phase2-ingestion/data/macro/raw/fred/THREEFYTP10-20260821T023551Z.json,c2ceeb401070c2762eacf24ccfb0c55c1959bd371d9633599639d9af51dc57ce,2026-08-21T02:39:11.041866+00:00,PASS,STALE,0.1.0
L1-005,2023-07-20,0.0598,percent,FRED,THREEFYTP10,docs/phase2-ingestion/data/macro/raw/fred/THREEFYTP10-20260821T023551Z.json,c2ceeb401070c2762eacf24ccfb0c55c1959bd371d9633599639d9af51dc57ce,2026-08-21T02:39:11.041866+00:00,PASS,STALE,0.1.0
L1-005,2023-07-21,0.0685,percent,FRED,THREEFYTP10,docs/phase2-ingestion/data/macro/raw/fred/THREEFYTP10-20260821T023551Z.json,c2ceeb401070c2762eacf24ccfb0c55c1959bd371d9633599639d9af51dc57ce,2026-08-21T02:39:11.041866+00:00,PASS,STALE,0.1.0
L1-005,2023-07-24,0.0889,percent,FRED,THREEFYTP10,docs/phase2-ingestion/data/macro/raw/fred/THREEFYTP10-20260821T023551Z.json,c2ceeb401070c2762eacf24ccfb0c55c1959bd371d9633599639d9af51dc57ce,2026-08-21T02:39:11.041866+00:00,PASS,STALE,0.1.0
L1-005,2023-07-25,0.1136,percent,FRED,THREEFYTP10,docs/phase2-ingestion/data/macro/raw/fred/THREEFYTP10-20260821T023551Z.json,c2ceeb401070c2762eacf24ccfb0c55c1959bd371d9633599639d9af51dc57ce,2026-08-21T02:39:11.041866+00:00,PASS,STALE,0.1.0
L1-005,2023-07-26,0.1016,percent,FRED,THREEFYTP10,docs/phase2-ingestion/data/macro/raw/fred/THREEFYTP10-20260821T023551Z.json,c2ceeb401070c2762eacf24ccfb0c55c1959bd371d9633599639d9af51dc57ce,2026-08-21T02:39:11.041866+00:00,PASS,STALE,0.1.0
L1-005,2023-07-27,0.1536,percent,FRED,THREEFYTP10,docs/phase2-ingestion/data/macro/raw/fred/THREEFYTP10-20260821T023551Z.json,c2ceeb401070c2762eacf24ccfb0c55c1959bd371d9633599639d9af51dc57ce,2026-08-21T02:39:11.041866+00:00,PASS,STALE,0.1.0
L1-005,2023-07-28,0.1433,percent,FRED,THREEFYTP10,docs/phase2-ingestion/data/macro/raw/fred/THREEFYTP10-20260821T023551Z.json,c2ceeb401070c2762eacf24ccfb0c55c1959bd371d9633599639d9af51dc57ce,2026-08-21T02:39:11.041866+00:00,PASS,STALE,0.1.0
L1-005,2023-07-31,0.1462,percent,FRED,THREEFYTP10,docs/phase2-ingestion/data/macro/raw/fred/THREEFYTP10-20260821T023551Z.json,c2ceeb401070c2762eacf24ccfb0c55c1959bd371d9633599639d9af51dc57ce,2026-08-21T02:39:11.041866+00:00,PASS,STALE,0.1.0
L1-005,2023-08-01,0.1782,percent,FRED,THREEFYTP10,docs/phase2-ingestion/data/macro/raw/fred/THREEFYTP10-20260821T023551Z.json,c2ceeb401070c2762eacf24ccfb0c55c1959bd371d9633599639d9af51dc57ce,2026-08-21T02:39:11.041866+00:00,PASS,STALE,0.1.0
L1-005,2023-08-02,0.1871,percent,FRED,THREEFYTP10,docs/phase2-ingestion/data/macro/raw/fred/THREEFYTP10-20260821T023551Z.json,c2ceeb401070c2762eacf24ccfb0c55c1959bd371d9633599639d9af51dc57ce,2026-08-21T02:39:11.041866+00:00,PASS,STALE,0.1.0
L1-005,2023-08-03,0.2234,percent,FRED,THREEFYTP10,docs/phase2-ingestion/data/macro/raw/fred/THREEFYTP10-20260821T023551Z.json,c2ceeb401070c2762eacf24ccfb0c55c1959bd371d9633599639d9af51dc57ce,2026-08-21T02:39:11.041866+00:00,PASS,STALE,0.1.0
L1-005,2023-08-04,0.1767,percent,FRED,THREEFYTP10,docs/phase2-ingestion/data/macro/raw/fred/THREEFYTP10-20260821T023551Z.json,c2ceeb401070c2762eacf24ccfb0c55c1959bd371d9633599639d9af51dc57ce,2026-08-21T02:39:11.041866+00:00,PASS,STALE,0.1.0
L1-005,2023-08-07,0.1763,percent,FRED,THREEFYTP10,docs/phase2-ingestion/data/macro/raw/fred/THREEFYTP10-20260821T023551Z.json,c2ceeb401070c2762eacf24ccfb0c55c1959bd371d9633599639d9af51dc57ce,2026-08-21T02:39:11.041866+00:00,PASS,STALE,0.1.0
L1-005,2023-08-08,0.1501,percent,FRED,THREEFYTP10,docs/phase2-ingestion/data/macro/raw/fred/THREEFYTP10-20260821T023551Z.json,c2ceeb401070c2762eacf24ccfb0c55c1959bd371d9633599639d9af51dc57ce,2026-08-21T02:39:11.041866+00:00,PASS,STALE,0.1.0
L1-005,2023-08-09,0.1469,percent,FRED,THREEFYTP10,docs/phase2-ingestion/data/macro/raw/fred/THREEFYTP10-20260821T023551Z.json,c2ceeb401070c2762eacf24ccfb0c55c1959bd371d9633599639d9af51dc57ce,2026-08-21T02:39:11.041866+00:00,PASS,STALE,0.1.0
L1-005,2023-08-10,0.1804,percent,FRED,THREEFYTP10,docs/phase2-ingestion/data/macro/raw/fred/THREEFYTP10-20260821T023551Z.json,c2ceeb401070c2762eacf24ccfb0c55c1959bd371d9633599639d9af51dc57ce,2026-08-21T02:39:11.041866+00:00,PASS,STALE,0.1.0
L1-005,2023-08-11,0.2238,percent,FRED,THREEFYTP10,docs/phase2-ingestion/data/macro/raw/fred/THREEFYTP10-20260821T023551Z.json,c2ceeb401070c2762eacf24ccfb0c55c1959bd371d9633599639d9af51dc57ce,2026-08-21T02:39:11.041866+00:00,PASS,STALE,0.1.0
L1-005,2023-08-14,0.2442,percent,FRED,THREEFYTP10,docs/phase2-ingestion/data/macro/raw/fred/THREEFYTP10-20260821T023551Z.json,c2ceeb401070c2762eacf24ccfb0c55c1959bd371d9633599639d9af51dc57ce,2026-08-21T02:39:11.041866+00:00,PASS,STALE,0.1.0
L1-005,2023-08-15,0.257,percent,FRED,THREEFYTP10,docs/phase2-ingestion/data/macro/raw/fred/THREEFYTP10-20260821T023551Z.json,c2ceeb401070c2762eacf24ccfb0c55c1959bd371d9633599639d9af51dc57ce,2026-08-21T02:39:11.041866+00:00,PASS,STALE,0.1.0
L1-005,2023-08-16,0.2845,percent,FRED,THREEFYTP10,docs/phase2-ingestion/data/macro/raw/fred/THREEFYTP10-20260821T023551Z.json,c2ceeb401070c2762eacf24ccfb0c55c1959bd371d9633599639d9af51dc57ce,2026-08-21T02:39:11.041866+00:00,PASS,STALE,0.1.0
L1-005,2023-08-17,0.3002,percent,FRED,THREEFYTP10,docs/phase2-ingestion/data/macro/raw/fred/THREEFYTP10-20260821T023551Z.json,c2ceeb401070c2762eacf24ccfb0c55c1959bd371d9633599639d9af51dc57ce,2026-08-21T02:39:11.041866+00:00,PASS,STALE,0.1.0
L1-005,2023-08-18,0.2909,percent,FRED,THREEFYTP10,docs/phase2-ingestion/data/macro/raw/fred/THREEFYTP10-20260821T023551Z.json,c2ceeb401070c2762eacf24ccfb0c55c1959bd371d9633599639d9af51dc57ce,2026-08-21T02:39:11.041866+00:00,PASS,STALE,0.1.0
L1-005,2023-08-21,0.319,percent,FRED,THREEFYTP10,docs/phase2-ingestion/data/macro/raw/fred/THREEFYTP10-20260821T023551Z.json,c2ceeb401070c2762eacf24ccfb0c55c1959bd371d9633599639d9af51dc57ce,2026-08-21T02:39:11.041866+00:00,PASS,STALE,0.1.0
L1-005,2023-08-22,0.344,percent,FRED,THREEFYTP10,docs/phase2-ingestion/data/macro/raw/fred/THREEFYTP10-20260821T023551Z.json,c2ceeb401070c2762eacf24ccfb0c55c1959bd371d9633599639d9af51dc57ce,2026-08-21T02:39:11.041866+00:00,PASS,STALE,0.1.0
L1-005,2023-08-23,0.2849,percent,FRED,THREEFYTP10,docs/phase2-ingestion/data/macro/raw/fred/THREEFYTP10-20260821T023551Z.json,c2ceeb401070c2762eacf24ccfb0c55c1959bd371d9633599639d9af51dc57ce,2026-08-21T02:39:11.041866+00:00,PASS,STALE,0.1.0
L1-005,2023-08-24,0.281,percent,FRED,THREEFYTP10,docs/phase2-ingestion/data/macro/raw/fred/THREEFYTP10-20260821T023551Z.json,c2ceeb401070c2762eacf24ccfb0c55c1959bd371d9633599639d9af51dc57ce,2026-08-21T02:39:11.041866+00:00,PASS,STALE,0.1.0
L1-005,2023-08-25,0.287,percent,FRED,THREEFYTP10,docs/phase2-ingestion/data/macro/raw/fred/THREEFYTP10-20260821T023551Z.json,c2ceeb401070c2762eacf24ccfb0c55c1959bd371d9633599639d9af51dc57ce,2026-08-21T02:39:11.041866+00:00,PASS,STALE,0.1.0
L1-005,2023-08-28,0.268,percent,FRED,THREEFYTP10,docs/phase2-ingestion/data/macro/raw/fred/THREEFYTP10-20260821T023551Z.json,c2ceeb401070c2762eacf24ccfb0c55c1959bd371d9633599639d9af51dc57ce,2026-08-21T02:39:11.041866+00:00,PASS,STALE,0.1.0
L1-005,2023-08-29,0.2235,percent,FRED,THREEFYTP10,docs/phase2-ingestion/data/macro/raw/fred/THREEFYTP10-20260821T023551Z.json,c2ceeb401070c2762eacf24ccfb0c55c1959bd371d9633599639d9af51dc57ce,2026-08-21T02:39:11.041866+00:00,PASS,STALE,0.1.0
L1-005,2023-08-30,0.2192,percent,FRED,THREEFYTP10,docs/phase2-ingestion/data/macro/raw/fred/THREEFYTP10-20260821T023551Z.json,c2ceeb401070c2762eacf24ccfb0c55c1959bd371d9633599639d9af51dc57ce,2026-08-21T02:39:11.041866+00:00,PASS,STALE,0.1.0
L1-005,2023-08-31,0.2064,percent,FRED,THREEFYTP10,docs/phase2-ingestion/data/macro/raw/fred/THREEFYTP10-20260821T023551Z.json,c2ceeb401070c2762eacf24ccfb0c55c1959bd371d9633599639d9af51dc57ce,2026-08-21T02:39:11.041866+00:00,PASS,STALE,0.1.0
L1-005,2023-09-01,0.2341,percent,FRED,THREEFYTP10,docs/phase2-ingestion/data/macro/raw/fred/THREEFYTP10-20260821T023551Z.json,c2ceeb401070c2762eacf24ccfb0c55c1959bd371d9633599639d9af51dc57ce,2026-08-21T02:39:11.041866+00:00,PASS,STALE,0.1.0
L1-005,2023-09-05,0.2709,percent,FRED,THREEFYTP10,docs/phase2-ingestion/data/macro/raw/fred/THREEFYTP10-20260821T023551Z.json,c2ceeb401070c2762eacf24ccfb0c55c1959bd371d9633599639d9af51dc57ce,2026-08-21T02:39:11.041866+00:00,PASS,STALE,0.1.0
L1-005,2023-09-06,0.3118,percent,FRED,THREEFYTP10,docs/phase2-ingestion/data/macro/raw/fred/THREEFYTP10-20260821T023551Z.json,c2ceeb401070c2762eacf24ccfb0c55c1959bd371d9633599639d9af51dc57ce,2026-08-21T02:39:11.041866+00:00,PASS,STALE,0.1.0
L1-005,2023-09-07,0.2928,percent,FRED,THREEFYTP10,docs/phase2-ingestion/data/macro/raw/fred/THREEFYTP10-20260821T023551Z.json,c2ceeb401070c2762eacf24ccfb0c55c1959bd371d9633599639d9af51dc57ce,2026-08-21T02:39:11.041866+00:00,PASS,STALE,0.1.0
L1-005,2023-09-08,0.2894,percent,FRED,THREEFYTP10,docs/phase2-ingestion/data/macro/raw/fred/THREEFYTP10-20260821T023551Z.json,c2ceeb401070c2762eacf24ccfb0c55c1959bd371d9633599639d9af51dc57ce,2026-08-21T02:39:11.041866+00:00,PASS,STALE,0.1.0
L1-005,2023-09-11,0.2943,percent,FRED,THREEFYTP10,docs/phase2-ingestion/data/macro/raw/fred/THREEFYTP10-20260821T023551Z.json,c2ceeb401070c2762eacf24ccfb0c55c1959bd371d9633599639d9af51dc57ce,2026-08-21T02:39:11.041866+00:00,PASS,STALE,0.1.0
L1-005,2023-09-12,0.2912,percent,FRED,THREEFYTP10,docs/phase2-ingestion/data/macro/raw/fred/THREEFYTP10-20260821T023551Z.json,c2ceeb401070c2762eacf24ccfb0c55c1959bd371d9633599639d9af51dc57ce,2026-08-21T02:39:11.041866+00:00,PASS,STALE,0.1.0
L1-005,2023-09-13,0.2823,percent,FRED,THREEFYTP10,docs/phase2-ingestion/data/macro/raw/fred/THREEFYTP10-20260821T023551Z.json,c2ceeb401070c2762eacf24ccfb0c55c1959bd371d9633599639d9af51dc57ce,2026-08-21T02:39:11.041866+00:00,PASS,STALE,0.1.0
L1-005,2023-09-14,0.2937,percent,FRED,THREEFYTP10,docs/phase2-ingestion/data/macro/raw/fred/THREEFYTP10-20260821T023551Z.json,c2ceeb401070c2762eacf24ccfb0c55c1959bd371d9633599639d9af51dc57ce,2026-08-21T02:39:11.041866+00:00,PASS,STALE,0.1.0
L1-005,2023-09-15,0.3248,percent,FRED,THREEFYTP10,docs/phase2-ingestion/data/macro/raw/fred/THREEFYTP10-20260821T023551Z.json,c2ceeb401070c2762eacf24ccfb0c55c1959bd371d9633599639d9af51dc57ce,2026-08-21T02:39:11.041866+00:00,PASS,STALE,0.1.0
L1-005,2023-09-18,0.3342,percent,FRED,THREEFYTP10,docs/phase2-ingestion/data/macro/raw/fred/THREEFYTP10-20260821T023551Z.json,c2ceeb401070c2762eacf24ccfb0c55c1959bd371d9633599639d9af51dc57ce,2026-08-21T02:39:11.041866+00:00,PASS,STALE,0.1.0
L1-005,2023-09-19,0.3539,percent,FRED,THREEFYTP10,docs/phase2-ingestion/data/macro/raw/fred/THREEFYTP10-20260821T023551Z.json,c2ceeb401070c2762eacf24ccfb0c55c1959bd371d9633599639d9af51dc57ce,2026-08-21T02:39:11.041866+00:00,PASS,STALE,0.1.0
L1-005,2023-09-20,0.3546,percent,FRED,THREEFYTP10,docs/phase2-ingestion/data/macro/raw/fred/THREEFYTP10-20260821T023551Z.json,c2ceeb401070c2762eacf24ccfb0c55c1959bd371d9633599639d9af51dc57ce,2026-08-21T02:39:11.041866+00:00,PASS,STALE,0.1.0
L1-005,2023-09-21,0.4021,percent,FRED,THREEFYTP10,docs/phase2-ingestion/data/macro/raw/fred/THREEFYTP10-20260821T023551Z.json,c2ceeb401070c2762eacf24ccfb0c55c1959bd371d9633599639d9af51dc57ce,2026-08-21T02:39:11.041866+00:00,PASS,STALE,0.1.0
L1-005,2023-09-22,0.4001,percent,FRED,THREEFYTP10,docs/phase2-ingestion/data/macro/raw/fred/THREEFYTP10-20260821T023551Z.json,c2ceeb401070c2762eacf24ccfb0c55c1959bd371d9633599639d9af51dc57ce,2026-08-21T02:39:11.041866+00:00,PASS,STALE,0.1.0
L1-005,2023-09-25,0.4318,percent,FRED,THREEFYTP10,docs/phase2-ingestion/data/macro/raw/fred/THREEFYTP10-20260821T023551Z.json,c2ceeb401070c2762eacf24ccfb0c55c1959bd371d9633599639d9af51dc57ce,2026-08-21T02:39:11.041866+00:00,PASS,STALE,0.1.0
L1-005,2023-09-26,0.4471,percent,FRED,THREEFYTP10,docs/phase2-ingestion/data/macro/raw/fred/THREEFYTP10-20260821T023551Z.json,c2ceeb401070c2762eacf24ccfb0c55c1959bd371d9633599639d9af51dc57ce,2026-08-21T02:39:11.041866+00:00,PASS,STALE,0.1.0
L1-005,2023-09-27,0.4779,percent,FRED,THREEFYTP10,docs/phase2-ingestion/data/macro/raw/fred/THREEFYTP10-20260821T023551Z.json,c2ceeb401070c2762eacf24ccfb0c55c1959bd371d9633599639d9af51dc57ce,2026-08-21T02:39:11.041866+00:00,PASS,STALE,0.1.0
L1-005,2023-09-28,0.472,percent,FRED,THREEFYTP10,docs/phase2-ingestion/data/macro/raw/fred/THREEFYTP10-20260821T023551Z.json,c2ceeb401070c2762eacf24ccfb0c55c1959bd371d9633599639d9af51dc57ce,2026-08-21T02:39:11.041866+00:00,PASS,STALE,0.1.0
L1-005,2023-09-29,0.47,percent,FRED,THREEFYTP10,docs/phase2-ingestion/data/macro/raw/fred/THREEFYTP10-20260821T023551Z.json,c2ceeb401070c2762eacf24ccfb0c55c1959bd371d9633599639d9af51dc57ce,2026-08-21T02:39:11.041866+00:00,PASS,STALE,0.1.0
L1-005,2023-10-02,0.5083,percent,FRED,THREEFYTP10,docs/phase2-ingestion/data/macro/raw/fred/THREEFYTP10-20260821T023551Z.json,c2ceeb401070c2762eacf24ccfb0c55c1959bd371d9633599639d9af51dc57ce,2026-08-21T02:39:11.041866+00:00,PASS,STALE,0.1.0
L1-005,2023-10-03,0.561,percent,FRED,THREEFYTP10,docs/phase2-ingestion/data/macro/raw/fred/THREEFYTP10-20260821T023551Z.json,c2ceeb401070c2762eacf24ccfb0c55c1959bd371d9633599639d9af51dc57ce,2026-08-21T02:39:11.041866+00:00,PASS,STALE,0.1.0
L1-005,2023-10-04,0.5429,percent,FRED,THREEFYTP10,docs/phase2-ingestion/data/macro/raw/fred/THREEFYTP10-20260821T023551Z.json,c2ceeb401070c2762eacf24ccfb0c55c1959bd371d9633599639d9af51dc57ce,2026-08-21T02:39:11.041866+00:00,PASS,STALE,0.1.0
L1-005,2023-10-05,0.5338,percent,FRED,THREEFYTP10,docs/phase2-ingestion/data/macro/raw/fred/THREEFYTP10-20260821T023551Z.json,c2ceeb401070c2762eacf24ccfb0c55c1959bd371d9633599639d9af51dc57ce,2026-08-21T02:39:11.041866+00:00,PASS,STALE,0.1.0
L1-005,2023-10-06,0.5494,percent,FRED,THREEFYTP10,docs/phase2-ingestion/data/macro/raw/fred/THREEFYTP10-20260821T023551Z.json,c2ceeb401070c2762eacf24ccfb0c55c1959bd371d9633599639d9af51dc57ce,2026-08-21T02:39:11.041866+00:00,PASS,STALE,0.1.0
L1-005,2023-10-10,0.5082,percent,FRED,THREEFYTP10,docs/phase2-ingestion/data/macro/raw/fred/THREEFYTP10-20260821T023551Z.json,c2ceeb401070c2762eacf24ccfb0c55c1959bd371d9633599639d9af51dc57ce,2026-08-21T02:39:11.041866+00:00,PASS,STALE,0.1.0
L1-005,2023-10-11,0.4753,percent,FRED,THREEFYTP10,docs/phase2-ingestion/data/macro/raw/fred/THREEFYTP10-20260821T023551Z.json,c2ceeb401070c2762eacf24ccfb0c55c1959bd371d9633599639d9af51dc57ce,2026-08-21T02:39:11.041866+00:00,PASS,STALE,0.1.0
L1-005,2023-10-12,0.5158,percent,FRED,THREEFYTP10,docs/phase2-ingestion/data/macro/raw/fred/THREEFYTP10-20260821T023551Z.json,c2ceeb401070c2762eacf24ccfb0c55c1959bd371d9633599639d9af51dc57ce,2026-08-21T02:39:11.041866+00:00,PASS,STALE,0.1.0
L1-005,2023-10-13,0.5009,percent,FRED,THREEFYTP10,docs/phase2-ingestion/data/macro/raw/fred/THREEFYTP10-20260821T023551Z.json,c2ceeb401070c2762eacf24ccfb0c55c1959bd371d9633599639d9af51dc57ce,2026-08-21T02:39:11.041866+00:00,PASS,STALE,0.1.0
L1-005,2023-10-16,0.528,percent,FRED,THREEFYTP10,docs/phase2-ingestion/data/macro/raw/fred/THREEFYTP10-20260821T023551Z.json,c2ceeb401070c2762eacf24ccfb0c55c1959bd371d9633599639d9af51dc57ce,2026-08-21T02:39:11.041866+00:00,PASS,STALE,0.1.0
L1-005,2023-10-17,0.5866,percent,FRED,THREEFYTP10,docs/phase2-ingestion/data/macro/raw/fred/THREEFYTP10-20260821T023551Z.json,c2ceeb401070c2762eacf24ccfb0c55c1959bd371d9633599639d9af51dc57ce,2026-08-21T02:39:11.041866+00:00,PASS,STALE,0.1.0
L1-005,2023-10-18,0.6229,percent,FRED,THREEFYTP10,docs/phase2-ingestion/data/macro/raw/fred/THREEFYTP10-20260821T023551Z.json,c2ceeb401070c2762eacf24ccfb0c55c1959bd371d9633599639d9af51dc57ce,2026-08-21T02:39:11.041866+00:00,PASS,STALE,0.1.0
L1-005,2023-10-19,0.6589,percent,FRED,THREEFYTP10,docs/phase2-ingestion/data/macro/raw/fred/THREEFYTP10-20260821T023551Z.json,c2ceeb401070c2762eacf24ccfb0c55c1959bd371d9633599639d9af51dc57ce,2026-08-21T02:39:11.041866+00:00,PASS,STALE,0.1.0
L1-005,2023-10-20,0.6484,percent,FRED,THREEFYTP10,docs/phase2-ingestion/data/macro/raw/fred/THREEFYTP10-20260821T023551Z.json,c2ceeb401070c2762eacf24ccfb0c55c1959bd371d9633599639d9af51dc57ce,2026-08-21T02:39:11.041866+00:00,PASS,STALE,0.1.0
L1-005,2023-10-23,0.6222,percent,FRED,THREEFYTP10,docs/phase2-ingestion/data/macro/raw/fred/THREEFYTP10-20260821T023551Z.json,c2ceeb401070c2762eacf24ccfb0c55c1959bd371d9633599639d9af51dc57ce,2026-08-21T02:39:11.041866+00:00,PASS,STALE,0.1.0
L1-005,2023-10-24,0.614,percent,FRED,THREEFYTP10,docs/phase2-ingestion/data/macro/raw/fred/THREEFYTP10-20260821T023551Z.json,c2ceeb401070c2762eacf24ccfb0c55c1959bd371d9633599639d9af51dc57ce,2026-08-21T02:39:11.041866+00:00,PASS,STALE,0.1.0
L1-005,2023-10-25,0.6527,percent,FRED,THREEFYTP10,docs/phase2-ingestion/data/macro/raw/fred/THREEFYTP10-20260821T023551Z.json,c2ceeb401070c2762eacf24ccfb0c55c1959bd371d9633599639d9af51dc57ce,2026-08-21T02:39:11.041866+00:00,PASS,STALE,0.1.0
L1-005,2023-10-26,0.6267,percent,FRED,THREEFYTP10,docs/phase2-ingestion/data/macro/raw/fred/THREEFYTP10-20260821T023551Z.json,c2ceeb401070c2762eacf24ccfb0c55c1959bd371d9633599639d9af51dc57ce,2026-08-21T02:39:11.041866+00:00,PASS,STALE,0.1.0
L1-005,2023-10-27,0.6091,percent,FRED,THREEFYTP10,docs/phase2-ingestion/data/macro/raw/fred/THREEFYTP10-20260821T023551Z.json,c2ceeb401070c2762eacf24ccfb0c55c1959bd371d9633599639d9af51dc57ce,2026-08-21T02:39:11.041866+00:00,PASS,STALE,0.1.0
L1-005,2023-10-30,0.6183,percent,FRED,THREEFYTP10,docs/phase2-ingestion/data/macro/raw/fred/THREEFYTP10-20260821T023551Z.json,c2ceeb401070c2762eacf24ccfb0c55c1959bd371d9633599639d9af51dc57ce,2026-08-21T02:39:11.041866+00:00,PASS,STALE,0.1.0
L1-005,2023-10-31,0.6231,percent,FRED,THREEFYTP10,docs/phase2-ingestion/data/macro/raw/fred/THREEFYTP10-20260821T023551Z.json,c2ceeb401070c2762eacf24ccfb0c55c1959bd371d9633599639d9af51dc57ce,2026-08-21T02:39:11.041866+00:00,PASS,STALE,0.1.0
L1-005,2023-11-01,0.5727,percent,FRED,THREEFYTP10,docs/phase2-ingestion/data/macro/raw/fred/THREEFYTP10-20260821T023551Z.json,c2ceeb401070c2762eacf24ccfb0c55c1959bd371d9633599639d9af51dc57ce,2026-08-21T02:39:11.041866+00:00,PASS,STALE,0.1.0
L1-005,2023-11-02,0.5361,percent,FRED,THREEFYTP10,docs/phase2-ingestion/data/macro/raw/fred/THREEFYTP10-20260821T023551Z.json,c2ceeb401070c2762eacf24ccfb0c55c1959bd371d9633599639d9af51dc57ce,2026-08-21T02:39:11.041866+00:00,PASS,STALE,0.1.0
L1-005,2023-11-03,0.4743,percent,FRED,THREEFYTP10,docs/phase2-ingestion/data/macro/raw/fred/THREEFYTP10-20260821T023551Z.json,c2ceeb401070c2762eacf24ccfb0c55c1959bd371d9633599639d9af51dc57ce,2026-08-21T02:39:11.041866+00:00,PASS,STALE,0.1.0
L1-005,2023-11-06,0.4988,percent,FRED,THREEFYTP10,docs/phase2-ingestion/data/macro/raw/fred/THREEFYTP10-20260821T023551Z.json,c2ceeb401070c2762eacf24ccfb0c55c1959bd371d9633599639d9af51dc57ce,2026-08-21T02:39:11.041866+00:00,PASS,STALE,0.1.0
L1-005,2023-11-07,0.4733,percent,FRED,THREEFYTP10,docs/phase2-ingestion/data/macro/raw/fred/THREEFYTP10-20260821T023551Z.json,c2ceeb401070c2762eacf24ccfb0c55c1959bd371d9633599639d9af51dc57ce,2026-08-21T02:39:11.041866+00:00,PASS,STALE,0.1.0
L1-005,2023-11-08,0.4517,percent,FRED,THREEFYTP10,docs/phase2-ingestion/data/macro/raw/fred/THREEFYTP10-20260821T023551Z.json,c2ceeb401070c2762eacf24ccfb0c55c1959bd371d9633599639d9af51dc57ce,2026-08-21T02:39:11.041866+00:00,PASS,STALE,0.1.0
L1-005,2023-11-09,0.5006,percent,FRED,THREEFYTP10,docs/phase2-ingestion/data/macro/raw/fred/THREEFYTP10-20260821T023551Z.json,c2ceeb401070c2762eacf24ccfb0c55c1959bd371d9633599639d9af51dc57ce,2026-08-21T02:39:11.041866+00:00,PASS,STALE,0.1.0
L1-005,2023-11-10,0.5113,percent,FRED,THREEFYTP10,docs/phase2-ingestion/data/macro/raw/fred/THREEFYTP10-20260821T023551Z.json,c2ceeb401070c2762eacf24ccfb0c55c1959bd371d9633599639d9af51dc57ce,2026-08-21T02:39:11.041866+00:00,PASS,STALE,0.1.0
L1-005,2023-11-13,0.5159,percent,FRED,THREEFYTP10,docs/phase2-ingestion/data/macro/raw/fred/THREEFYTP10-20260821T023551Z.json,c2ceeb401070c2762eacf24ccfb0c55c1959bd371d9633599639d9af51dc57ce,2026-08-21T02:39:11.041866+00:00,PASS,STALE,0.1.0
L1-005,2023-11-14,0.4265,percent,FRED,THREEFYTP10,docs/phase2-ingestion/data/macro/raw/fred/THREEFYTP10-20260821T023551Z.json,c2ceeb401070c2762eacf24ccfb0c55c1959bd371d9633599639d9af51dc57ce,2026-08-21T02:39:11.041866+00:00,PASS,STALE,0.1.0
L1-005,2023-11-15,0.4434,percent,FRED,THREEFYTP10,docs/phase2-ingestion/data/macro/raw/fred/THREEFYTP10-20260821T023551Z.json,c2ceeb401070c2762eacf24ccfb0c55c1959bd371d9633599639d9af51dc57ce,2026-08-21T02:39:11.041866+00:00,PASS,STALE,0.1.0
L1-005,2023-11-16,0.4159,percent,FRED,THREEFYTP10,docs/phase2-ingestion/data/macro/raw/fred/THREEFYTP10-20260821T023551Z.json,c2ceeb401070c2762eacf24ccfb0c55c1959bd371d9633599639d9af51dc57ce,2026-08-21T02:39:11.041866+00:00,PASS,STALE,0.1.0
L1-005,2023-11-17,0.4088,percent,FRED,THREEFYTP10,docs/phase2-ingestion/data/macro/raw/fred/THREEFYTP10-20260821T023551Z.json,c2ceeb401070c2762eacf24ccfb0c55c1959bd371d9633599639d9af51dc57ce,2026-08-21T02:39:11.041866+00:00,PASS,STALE,0.1.0
L1-005,2023-11-20,0.3965,percent,FRED,THREEFYTP10,docs/phase2-ingestion/data/macro/raw/fred/THREEFYTP10-20260821T023551Z.json,c2ceeb401070c2762eacf24ccfb0c55c1959bd371d9633599639d9af51dc57ce,2026-08-21T02:39:11.041866+00:00,PASS,STALE,0.1.0
L1-005,2023-11-21,0.3857,percent,FRED,THREEFYTP10,docs/phase2-ingestion/data/macro/raw/fred/THREEFYTP10-20260821T023551Z.json,c2ceeb401070c2762eacf24ccfb0c55c1959bd371d9633599639d9af51dc57ce,2026-08-21T02:39:11.041866+00:00,PASS,STALE,0.1.0
L1-005,2023-11-22,0.3873,percent,FRED,THREEFYTP10,docs/phase2-ingestion/data/macro/raw/fred/THREEFYTP10-20260821T023551Z.json,c2ceeb401070c2762eacf24ccfb0c55c1959bd371d9633599639d9af51dc57ce,2026-08-21T02:39:11.041866+00:00,PASS,STALE,0.1.0
L1-005,2023-11-24,0.4162,percent,FRED,THREEFYTP10,docs/phase2-ingestion/data/macro/raw/fred/THREEFYTP10-20260821T023551Z.json,c2ceeb401070c2762eacf24ccfb0c55c1959bd371d9633599639d9af51dc57ce,2026-08-21T02:39:11.041866+00:00,PASS,STALE,0.1.0
L1-005,2023-11-27,0.3827,percent,FRED,THREEFYTP10,docs/phase2-ingestion/data/macro/raw/fred/THREEFYTP10-20260821T023551Z.json,c2ceeb401070c2762eacf24ccfb0c55c1959bd371d9633599639d9af51dc57ce,2026-08-21T02:39:11.041866+00:00,PASS,STALE,0.1.0
L1-005,2023-11-28,0.3486,percent,FRED,THREEFYTP10,docs/phase2-ingestion/data/macro/raw/fred/THREEFYTP10-20260821T023551Z.json,c2ceeb401070c2762eacf24ccfb0c55c1959bd371d9633599639d9af51dc57ce,2026-08-21T02:39:11.041866+00:00,PASS,STALE,0.1.0
L1-005,2023-11-29,0.3149,percent,FRED,THREEFYTP10,docs/phase2-ingestion/data/macro/raw/fred/THREEFYTP10-20260821T023551Z.json,c2ceeb401070c2762eacf24ccfb0c55c1959bd371d9633599639d9af51dc57ce,2026-08-21T02:39:11.041866+00:00,PASS,STALE,0.1.0
L1-005,2023-11-30,0.3449,percent,FRED,THREEFYTP10,docs/phase2-ingestion/data/macro/raw/fred/THREEFYTP10-20260821T023551Z.json,c2ceeb401070c2762eacf24ccfb0c55c1959bd371d9633599639d9af51dc57ce,2026-08-21T02:39:11.041866+00:00,PASS,STALE,0.1.0
L1-005,2023-12-01,0.2922,percent,FRED,THREEFYTP10,docs/phase2-ingestion/data/macro/raw/fred/THREEFYTP10-20260821T023551Z.json,c2ceeb401070c2762eacf24ccfb0c55c1959bd371d9633599639d9af51dc57ce,2026-08-21T02:39:11.041866+00:00,PASS,STALE,0.1.0
L1-005,2023-12-04,0.3084,percent,FRED,THREEFYTP10,docs/phase2-ingestion/data/macro/raw/fred/THREEFYTP10-20260821T023551Z.json,c2ceeb401070c2762eacf24ccfb0c55c1959bd371d9633599639d9af51dc57ce,2026-08-21T02:39:11.041866+00:00,PASS,STALE,0.1.0
L1-005,2023-12-05,0.2737,percent,FRED,THREEFYTP10,docs/phase2-ingestion/data/macro/raw/fred/THREEFYTP10-20260821T023551Z.json,c2ceeb401070c2762eacf24ccfb0c55c1959bd371d9633599639d9af51dc57ce,2026-08-21T02:39:11.041866+00:00,PASS,STALE,0.1.0
L1-005,2023-12-06,0.2458,percent,FRED,THREEFYTP10,docs/phase2-ingestion/data/macro/raw/fred/THREEFYTP10-20260821T023551Z.json,c2ceeb401070c2762eacf24ccfb0c55c1959bd371d9633599639d9af51dc57ce,2026-08-21T02:39:11.041866+00:00,PASS,STALE,0.1.0
L1-005,2023-12-07,0.2399,percent,FRED,THREEFYTP10,docs/phase2-ingestion/data/macro/raw/fred/THREEFYTP10-20260821T023551Z.json,c2ceeb401070c2762eacf24ccfb0c55c1959bd371d9633599639d9af51dc57ce,2026-08-21T02:39:11.041866+00:00,PASS,STALE,0.1.0
L1-005,2023-12-08,0.2801,percent,FRED,THREEFYTP10,docs/phase2-ingestion/data/macro/raw/fred/THREEFYTP10-20260821T023551Z.json,c2ceeb401070c2762eacf24ccfb0c55c1959bd371d9633599639d9af51dc57ce,2026-08-21T02:39:11.041866+00:00,PASS,STALE,0.1.0
L1-005,2023-12-11,0.2898,percent,FRED,THREEFYTP10,docs/phase2-ingestion/data/macro/raw/fred/THREEFYTP10-20260821T023551Z.json,c2ceeb401070c2762eacf24ccfb0c55c1959bd371d9633599639d9af51dc57ce,2026-08-21T02:39:11.041866+00:00,PASS,STALE,0.1.0
L1-005,2023-12-12,0.2781,percent,FRED,THREEFYTP10,docs/phase2-ingestion/data/macro/raw/fred/THREEFYTP10-20260821T023551Z.json,c2ceeb401070c2762eacf24ccfb0c55c1959bd371d9633599639d9af51dc57ce,2026-08-21T02:39:11.041866+00:00,PASS,STALE,0.1.0
L1-005,2023-12-13,0.2019,percent,FRED,THREEFYTP10,docs/phase2-ingestion/data/macro/raw/fred/THREEFYTP10-20260821T023551Z.json,c2ceeb401070c2762eacf24ccfb0c55c1959bd371d9633599639d9af51dc57ce,2026-08-21T02:39:11.041866+00:00,PASS,STALE,0.1.0
L1-005,2023-12-14,0.1418,percent,FRED,THREEFYTP10,docs/phase2-ingestion/data/macro/raw/fred/THREEFYTP10-20260821T023551Z.json,c2ceeb401070c2762eacf24ccfb0c55c1959bd371d9633599639d9af51dc57ce,2026-08-21T02:39:11.041866+00:00,PASS,STALE,0.1.0
L1-005,2023-12-15,0.1259,percent,FRED,THREEFYTP10,docs/phase2-ingestion/data/macro/raw/fred/THREEFYTP10-20260821T023551Z.json,c2ceeb401070c2762eacf24ccfb0c55c1959bd371d9633599639d9af51dc57ce,2026-08-21T02:39:11.041866+00:00,PASS,STALE,0.1.0
L1-005,2023-12-18,0.132,percent,FRED,THREEFYTP10,docs/phase2-ingestion/data/macro/raw/fred/THREEFYTP10-20260821T023551Z.json,c2ceeb401070c2762eacf24ccfb0c55c1959bd371d9633599639d9af51dc57ce,2026-08-21T02:39:11.041866+00:00,PASS,STALE,0.1.0
L1-005,2023-12-19,0.1308,percent,FRED,THREEFYTP10,docs/phase2-ingestion/data/macro/raw/fred/THREEFYTP10-20260821T023551Z.json,c2ceeb401070c2762eacf24ccfb0c55c1959bd371d9633599639d9af51dc57ce,2026-08-21T02:39:11.041866+00:00,PASS,STALE,0.1.0
L1-005,2023-12-20,0.1007,percent,FRED,THREEFYTP10,docs/phase2-ingestion/data/macro/raw/fred/THREEFYTP10-20260821T023551Z.json,c2ceeb401070c2762eacf24ccfb0c55c1959bd371d9633599639d9af51dc57ce,2026-08-21T02:39:11.041866+00:00,PASS,STALE,0.1.0
L1-005,2023-12-21,0.1039,percent,FRED,THREEFYTP10,docs/phase2-ingestion/data/macro/raw/fred/THREEFYTP10-20260821T023551Z.json,c2ceeb401070c2762eacf24ccfb0c55c1959bd371d9633599639d9af51dc57ce,2026-08-21T02:39:11.041866+00:00,PASS,STALE,0.1.0
L1-005,2023-12-22,0.1065,percent,FRED,THREEFYTP10,docs/phase2-ingestion/data/macro/raw/fred/THREEFYTP10-20260821T023551Z.json,c2ceeb401070c2762eacf24ccfb0c55c1959bd371d9633599639d9af51dc57ce,2026-08-21T02:39:11.041866+00:00,PASS,STALE,0.1.0
L1-005,2023-12-26,0.1095,percent,FRED,THREEFYTP10,docs/phase2-ingestion/data/macro/raw/fred/THREEFYTP10-20260821T023551Z.json,c2ceeb401070c2762eacf24ccfb0c55c1959bd371d9633599639d9af51dc57ce,2026-08-21T02:39:11.041866+00:00,PASS,STALE,0.1.0
L1-005,2023-12-27,0.0681,percent,FRED,THREEFYTP10,docs/phase2-ingestion/data/macro/raw/fred/THREEFYTP10-20260821T023551Z.json,c2ceeb401070c2762eacf24ccfb0c55c1959bd371d9633599639d9af51dc57ce,2026-08-21T02:39:11.041866+00:00,PASS,STALE,0.1.0
L1-005,2023-12-28,0.0756,percent,FRED,THREEFYTP10,docs/phase2-ingestion/data/macro/raw/fred/THREEFYTP10-20260821T023551Z.json,c2ceeb401070c2762eacf24ccfb0c55c1959bd371d9633599639d9af51dc57ce,2026-08-21T02:39:11.041866+00:00,PASS,STALE,0.1.0
L1-005,2023-12-29,0.0917,percent,FRED,THREEFYTP10,docs/phase2-ingestion/data/macro/raw/fred/THREEFYTP10-20260821T023551Z.json,c2ceeb401070c2762eacf24ccfb0c55c1959bd371d9633599639d9af51dc57ce,2026-08-21T02:39:11.041866+00:00,PASS,STALE,0.1.0
L1-005,2024-01-02,0.1253,percent,FRED,THREEFYTP10,docs/phase2-ingestion/data/macro/raw/fred/THREEFYTP10-20260821T023551Z.json,c2ceeb401070c2762eacf24ccfb0c55c1959bd371d9633599639d9af51dc57ce,2026-08-21T02:39:11.041866+00:00,PASS,STALE,0.1.0
L1-005,2024-01-03,0.12,percent,FRED,THREEFYTP10,docs/phase2-ingestion/data/macro/raw/fred/THREEFYTP10-20260821T023551Z.json,c2ceeb401070c2762eacf24ccfb0c55c1959bd371d9633599639d9af51dc57ce,2026-08-21T02:39:11.041866+00:00,PASS,STALE,0.1.0
L1-005,2024-01-04,0.1492,percent,FRED,THREEFYTP10,docs/phase2-ingestion/data/macro/raw/fred/THREEFYTP10-20260821T023551Z.json,c2ceeb401070c2762eacf24ccfb0c55c1959bd371d9633599639d9af51dc57ce,2026-08-21T02:39:11.041866+00:00,PASS,STALE,0.1.0
L1-005,2024-01-05,0.1779,percent,FRED,THREEFYTP10,docs/phase2-ingestion/data/macro/raw/fred/THREEFYTP10-20260821T023551Z.json,c2ceeb401070c2762eacf24ccfb0c55c1959bd371d9633599639d9af51dc57ce,2026-08-21T02:39:11.041866+00:00,PASS,STALE,0.1.0
L1-005,2024-01-08,0.1683,percent,FRED,THREEFYTP10,docs/phase2-ingestion/data/macro/raw/fred/THREEFYTP10-20260821T023551Z.json,c2ceeb401070c2762eacf24ccfb0c55c1959bd371d9633599639d9af51dc57ce,2026-08-21T02:39:11.041866+00:00,PASS,STALE,0.1.0
L1-005,2024-01-09,0.1689,percent,FRED,THREEFYTP10,docs/phase2-ingestion/data/macro/raw/fred/THREEFYTP10-20260821T023551Z.json,c2ceeb401070c2762eacf24ccfb0c55c1959bd371d9633599639d9af51dc57ce,2026-08-21T02:39:11.041866+00:00,PASS,STALE,0.1.0
L1-005,2024-01-10,0.1764,percent,FRED,THREEFYTP10,docs/phase2-ingestion/data/macro/raw/fred/THREEFYTP10-20260821T023551Z.json,c2ceeb401070c2762eacf24ccfb0c55c1959bd371d9633599639d9af51dc57ce,2026-08-21T02:39:11.041866+00:00,PASS,STALE,0.1.0
L1-005,2024-01-11,0.1524,percent,FRED,THREEFYTP10,docs/phase2-ingestion/data/macro/raw/fred/THREEFYTP10-20260821T023551Z.json,c2ceeb401070c2762eacf24ccfb0c55c1959bd371d9633599639d9af51dc57ce,2026-08-21T02:39:11.041866+00:00,PASS,STALE,0.1.0
L1-005,2024-01-12,0.1305,percent,FRED,THREEFYTP10,docs/phase2-ingestion/data/macro/raw/fred/THREEFYTP10-20260821T023551Z.json,c2ceeb401070c2762eacf24ccfb0c55c1959bd371d9633599639d9af51dc57ce,2026-08-21T02:39:11.041866+00:00,PASS,STALE,0.1.0
L1-005,2024-01-16,0.1744,percent,FRED,THREEFYTP10,docs/phase2-ingestion/data/macro/raw/fred/THREEFYTP10-20260821T023551Z.json,c2ceeb401070c2762eacf24ccfb0c55c1959bd371d9633599639d9af51dc57ce,2026-08-21T02:39:11.041866+00:00,PASS,STALE,0.1.0
L1-005,2024-01-17,0.2078,percent,FRED,THREEFYTP10,docs/phase2-ingestion/data/macro/raw/fred/THREEFYTP10-20260821T023551Z.json,c2ceeb401070c2762eacf24ccfb0c55c1959bd371d9633599639d9af51dc57ce,2026-08-21T02:39:11.041866+00:00,PASS,STALE,0.1.0
L1-005,2024-01-18,0.2274,percent,FRED,THREEFYTP10,docs/phase2-ingestion/data/macro/raw/fred/THREEFYTP10-20260821T023551Z.json,c2ceeb401070c2762eacf24ccfb0c55c1959bd371d9633599639d9af51dc57ce,2026-08-21T02:39:11.041866+00:00,PASS,STALE,0.1.0
L1-005,2024-01-19,0.2423,percent,FRED,THREEFYTP10,docs/phase2-ingestion/data/macro/raw/fred/THREEFYTP10-20260821T023551Z.json,c2ceeb401070c2762eacf24ccfb0c55c1959bd371d9633599639d9af51dc57ce,2026-08-21T02:39:11.041866+00:00,PASS,STALE,0.1.0
L1-005,2024-01-22,0.2253,percent,FRED,THREEFYTP10,docs/phase2-ingestion/data/macro/raw/fred/THREEFYTP10-20260821T023551Z.json,c2ceeb401070c2762eacf24ccfb0c55c1959bd371d9633599639d9af51dc57ce,2026-08-21T02:39:11.041866+00:00,PASS,STALE,0.1.0
L1-005,2024-01-23,0.2338,percent,FRED,THREEFYTP10,docs/phase2-ingestion/data/macro/raw/fred/THREEFYTP10-20260821T023551Z.json,c2ceeb401070c2762eacf24ccfb0c55c1959bd371d9633599639d9af51dc57ce,2026-08-21T02:39:11.041866+00:00,PASS,STALE,0.1.0
L1-005,2024-01-24,0.2518,percent,FRED,THREEFYTP10,docs/phase2-ingestion/data/macro/raw/fred/THREEFYTP10-20260821T023551Z.json,c2ceeb401070c2762eacf24ccfb0c55c1959bd371d9633599639d9af51dc57ce,2026-08-21T02:39:11.041866+00:00,PASS,STALE,0.1.0
L1-005,2024-01-25,0.2376,percent,FRED,THREEFYTP10,docs/phase2-ingestion/data/macro/raw/fred/THREEFYTP10-20260821T023551Z.json,c2ceeb401070c2762eacf24ccfb0c55c1959bd371d9633599639d9af51dc57ce,2026-08-21T02:39:11.041866+00:00,PASS,STALE,0.1.0
L1-005,2024-01-26,0.2461,percent,FRED,THREEFYTP10,docs/phase2-ingestion/data/macro/raw/fred/THREEFYTP10-20260821T023551Z.json,c2ceeb401070c2762eacf24ccfb0c55c1959bd371d9633599639d9af51dc57ce,2026-08-21T02:39:11.041866+00:00,PASS,STALE,0.1.0
L1-005,2024-01-29,0.2142,percent,FRED,THREEFYTP10,docs/phase2-ingestion/data/macro/raw/fred/THREEFYTP10-20260821T023551Z.json,c2ceeb401070c2762eacf24ccfb0c55c1959bd371d9633599639d9af51dc57ce,2026-08-21T02:39:11.041866+00:00,PASS,STALE,0.1.0
L1-005,2024-01-30,0.2101,percent,FRED,THREEFYTP10,docs/phase2-ingestion/data/macro/raw/fred/THREEFYTP10-20260821T023551Z.json,c2ceeb401070c2762eacf24ccfb0c55c1959bd371d9633599639d9af51dc57ce,2026-08-21T02:39:11.041866+00:00,PASS,STALE,0.1.0
L1-005,2024-01-31,0.1709,percent,FRED,THREEFYTP10,docs/phase2-ingestion/data/macro/raw/fred/THREEFYTP10-20260821T023551Z.json,c2ceeb401070c2762eacf24ccfb0c55c1959bd371d9633599639d9af51dc57ce,2026-08-21T02:39:11.041866+00:00,PASS,STALE,0.1.0
L1-005,2024-02-01,0.1127,percent,FRED,THREEFYTP10,docs/phase2-ingestion/data/macro/raw/fred/THREEFYTP10-20260821T023551Z.json,c2ceeb401070c2762eacf24ccfb0c55c1959bd371d9633599639d9af51dc57ce,2026-08-21T02:39:11.041866+00:00,PASS,STALE,0.1.0
L1-005,2024-02-02,0.1699,percent,FRED,THREEFYTP10,docs/phase2-ingestion/data/macro/raw/fred/THREEFYTP10-20260821T023551Z.json,c2ceeb401070c2762eacf24ccfb0c55c1959bd371d9633599639d9af51dc57ce,2026-08-21T02:39:11.041866+00:00,PASS,STALE,0.1.0
L1-005,2024-02-05,0.2345,percent,FRED,THREEFYTP10,docs/phase2-ingestion/data/macro/raw/fred/THREEFYTP10-20260821T023551Z.json,c2ceeb401070c2762eacf24ccfb0c55c1959bd371d9633599639d9af51dc57ce,2026-08-21T02:39:11.041866+00:00,PASS,STALE,0.1.0
L1-005,2024-02-06,0.216,percent,FRED,THREEFYTP10,docs/phase2-ingestion/data/macro/raw/fred/THREEFYTP10-20260821T023551Z.json,c2ceeb401070c2762eacf24ccfb0c55c1959bd371d9633599639d9af51dc57ce,2026-08-21T02:39:11.041866+00:00,PASS,STALE,0.1.0
L1-005,2024-02-07,0.219,percent,FRED,THREEFYTP10,docs/phase2-ingestion/data/macro/raw/fred/THREEFYTP10-20260821T023551Z.json,c2ceeb401070c2762eacf24ccfb0c55c1959bd371d9633599639d9af51dc57ce,2026-08-21T02:39:11.041866+00:00,PASS,STALE,0.1.0
L1-005,2024-02-08,0.2472,percent,FRED,THREEFYTP10,docs/phase2-ingestion/data/macro/raw/fred/THREEFYTP10-20260821T023551Z.json,c2ceeb401070c2762eacf24ccfb0c55c1959bd371d9633599639d9af51dc57ce,2026-08-21T02:39:11.041866+00:00,PASS,STALE,0.1.0
L1-005,2024-02-09,0.2606,percent,FRED,THREEFYTP10,docs/phase2-ingestion/data/macro/raw/fred/THREEFYTP10-20260821T023551Z.json,c2ceeb401070c2762eacf24ccfb0c55c1959bd371d9633599639d9af51dc57ce,2026-08-21T02:39:11.041866+00:00,PASS,STALE,0.1.0
L1-005,2024-02-12,0.2603,percent,FRED,THREEFYTP10,docs/phase2-ingestion/data/macro/raw/fred/THREEFYTP10-20260821T023551Z.json,c2ceeb401070c2762eacf24ccfb0c55c1959bd371d9633599639d9af51dc57ce,2026-08-21T02:39:11.041866+00:00,PASS,STALE,0.1.0
L1-005,2024-02-13,0.3229,percent,FRED,THREEFYTP10,docs/phase2-ingestion/data/macro/raw/fred/THREEFYTP10-20260821T023551Z.json,c2ceeb401070c2762eacf24ccfb0c55c1959bd371d9633599639d9af51dc57ce,2026-08-21T02:39:11.041866+00:00,PASS,STALE,0.1.0
L1-005,2024-02-14,0.3169,percent,FRED,THREEFYTP10,docs/phase2-ingestion/data/macro/raw/fred/THREEFYTP10-20260821T023551Z.json,c2ceeb401070c2762eacf24ccfb0c55c1959bd371d9633599639d9af51dc57ce,2026-08-21T02:39:11.041866+00:00,PASS,STALE,0.1.0
L1-005,2024-02-15,0.3048,percent,FRED,THREEFYTP10,docs/phase2-ingestion/data/macro/raw/fred/THREEFYTP10-20260821T023551Z.json,c2ceeb401070c2762eacf24ccfb0c55c1959bd371d9633599639d9af51dc57ce,2026-08-21T02:39:11.041866+00:00,PASS,STALE,0.1.0
L1-005,2024-02-16,0.3265,percent,FRED,THREEFYTP10,docs/phase2-ingestion/data/macro/raw/fred/THREEFYTP10-20260821T023551Z.json,c2ceeb401070c2762eacf24ccfb0c55c1959bd371d9633599639d9af51dc57ce,2026-08-21T02:39:11.041866+00:00,PASS,STALE,0.1.0
L1-005,2024-02-20,0.3179,percent,FRED,THREEFYTP10,docs/phase2-ingestion/data/macro/raw/fred/THREEFYTP10-20260821T023551Z.json,c2ceeb401070c2762eacf24ccfb0c55c1959bd371d9633599639d9af51dc57ce,2026-08-21T02:39:11.041866+00:00,PASS,STALE,0.1.0
L1-005,2024-02-21,0.3354,percent,FRED,THREEFYTP10,docs/phase2-ingestion/data/macro/raw/fred/THREEFYTP10-20260821T023551Z.json,c2ceeb401070c2762eacf24ccfb0c55c1959bd371d9633599639d9af51dc57ce,2026-08-21T02:39:11.041866+00:00,PASS,STALE,0.1.0
L1-005,2024-02-22,0.3464,percent,FRED,THREEFYTP10,docs/phase2-ingestion/data/macro/raw/fred/THREEFYTP10-20260821T023551Z.json,c2ceeb401070c2762eacf24ccfb0c55c1959bd371d9633599639d9af51dc57ce,2026-08-21T02:39:11.041866+00:00,PASS,STALE,0.1.0
L1-005,2024-02-23,0.3216,percent,FRED,THREEFYTP10,docs/phase2-ingestion/data/macro/raw/fred/THREEFYTP10-20260821T023551Z.json,c2ceeb401070c2762eacf24ccfb0c55c1959bd371d9633599639d9af51dc57ce,2026-08-21T02:39:11.041866+00:00,PASS,STALE,0.1.0
L1-005,2024-02-26,0.324,percent,FRED,THREEFYTP10,docs/phase2-ingestion/data/macro/raw/fred/THREEFYTP10-20260821T023551Z.json,c2ceeb401070c2762eacf24ccfb0c55c1959bd371d9633599639d9af51dc57ce,2026-08-21T02:39:11.041866+00:00,PASS,STALE,0.1.0
L1-005,2024-02-27,0.3332,percent,FRED,THREEFYTP10,docs/phase2-ingestion/data/macro/raw/fred/THREEFYTP10-20260821T023551Z.json,c2ceeb401070c2762eacf24ccfb0c55c1959bd371d9633599639d9af51dc57ce,2026-08-21T02:39:11.041866+00:00,PASS,STALE,0.1.0
L1-005,2024-02-28,0.3191,percent,FRED,THREEFYTP10,docs/phase2-ingestion/data/macro/raw/fred/THREEFYTP10-20260821T023551Z.json,c2ceeb401070c2762eacf24ccfb0c55c1959bd371d9633599639d9af51dc57ce,2026-08-21T02:39:11.041866+00:00,PASS,STALE,0.1.0
L1-005,2024-02-29,0.3095,percent,FRED,THREEFYTP10,docs/phase2-ingestion/data/macro/raw/fred/THREEFYTP10-20260821T023551Z.json,c2ceeb401070c2762eacf24ccfb0c55c1959bd371d9633599639d9af51dc57ce,2026-08-21T02:39:11.041866+00:00,PASS,STALE,0.1.0
L1-005,2024-03-01,0.2769,percent,FRED,THREEFYTP10,docs/phase2-ingestion/data/macro/raw/fred/THREEFYTP10-20260821T023551Z.json,c2ceeb401070c2762eacf24ccfb0c55c1959bd371d9633599639d9af51dc57ce,2026-08-21T02:39:11.041866+00:00,PASS,STALE,0.1.0
L1-005,2024-03-04,0.2855,percent,FRED,THREEFYTP10,docs/phase2-ingestion/data/macro/raw/fred/THREEFYTP10-20260821T023551Z.json,c2ceeb401070c2762eacf24ccfb0c55c1959bd371d9633599639d9af51dc57ce,2026-08-21T02:39:11.041866+00:00,PASS,STALE,0.1.0
L1-005,2024-03-05,0.2527,percent,FRED,THREEFYTP10,docs/phase2-ingestion/data/macro/raw/fred/THREEFYTP10-20260821T023551Z.json,c2ceeb401070c2762eacf24ccfb0c55c1959bd371d9633599639d9af51dc57ce,2026-08-21T02:39:11.041866+00:00,PASS,STALE,0.1.0
L1-005,2024-03-06,0.2334,percent,FRED,THREEFYTP10,docs/phase2-ingestion/data/macro/raw/fred/THREEFYTP10-20260821T023551Z.json,c2ceeb401070c2762eacf24ccfb0c55c1959bd371d9633599639d9af51dc57ce,2026-08-21T02:39:11.041866+00:00,PASS,STALE,0.1.0
L1-005,2024-03-07,0.2143,percent,FRED,THREEFYTP10,docs/phase2-ingestion/data/macro/raw/fred/THREEFYTP10-20260821T023551Z.json,c2ceeb401070c2762eacf24ccfb0c55c1959bd371d9633599639d9af51dc57ce,2026-08-21T02:39:11.041866+00:00,PASS,STALE,0.1.0
L1-005,2024-03-08,0.206,percent,FRED,THREEFYTP10,docs/phase2-ingestion/data/macro/raw/fred/THREEFYTP10-20260821T023551Z.json,c2ceeb401070c2762eacf24ccfb0c55c1959bd371d9633599639d9af51dc57ce,2026-08-21T02:39:11.041866+00:00,PASS,STALE,0.1.0
L1-005,2024-03-11,0.2089,percent,FRED,THREEFYTP10,docs/phase2-ingestion/data/macro/raw/fred/THREEFYTP10-20260821T023551Z.json,c2ceeb401070c2762eacf24ccfb0c55c1959bd371d9633599639d9af51dc57ce,2026-08-21T02:39:11.041866+00:00,PASS,STALE,0.1.0
L1-005,2024-03-12,0.2352,percent,FRED,THREEFYTP10,docs/phase2-ingestion/data/macro/raw/fred/THREEFYTP10-20260821T023551Z.json,c2ceeb401070c2762eacf24ccfb0c55c1959bd371d9633599639d9af51dc57ce,2026-08-21T02:39:11.041866+00:00,PASS,STALE,0.1.0
L1-005,2024-03-13,0.253,percent,FRED,THREEFYTP10,docs/phase2-ingestion/data/macro/raw/fred/THREEFYTP10-20260821T023551Z.json,c2ceeb401070c2762eacf24ccfb0c55c1959bd371d9633599639d9af51dc57ce,2026-08-21T02:39:11.041866+00:00,PASS,STALE,0.1.0
L1-005,2024-03-14,0.2993,percent,FRED,THREEFYTP10,docs/phase2-ingestion/data/macro/raw/fred/THREEFYTP10-20260821T023551Z.json,c2ceeb401070c2762eacf24ccfb0c55c1959bd371d9633599639d9af51dc57ce,2026-08-21T02:39:11.041866+00:00,PASS,STALE,0.1.0
L1-005,2024-03-15,0.3209,percent,FRED,THREEFYTP10,docs/phase2-ingestion/data/macro/raw/fred/THREEFYTP10-20260821T023551Z.json,c2ceeb401070c2762eacf24ccfb0c55c1959bd371d9633599639d9af51dc57ce,2026-08-21T02:39:11.041866+00:00,PASS,STALE,0.1.0
L1-005,2024-03-18,0.3378,percent,FRED,THREEFYTP10,docs/phase2-ingestion/data/macro/raw/fred/THREEFYTP10-20260821T023551Z.json,c2ceeb401070c2762eacf24ccfb0c55c1959bd371d9633599639d9af51dc57ce,2026-08-21T02:39:11.041866+00:00,PASS,STALE,0.1.0
L1-005,2024-03-19,0.3261,percent,FRED,THREEFYTP10,docs/phase2-ingestion/data/macro/raw/fred/THREEFYTP10-20260821T023551Z.json,c2ceeb401070c2762eacf24ccfb0c55c1959bd371d9633599639d9af51dc57ce,2026-08-21T02:39:11.041866+00:00,PASS,STALE,0.1.0
L1-005,2024-03-20,0.3088,percent,FRED,THREEFYTP10,docs/phase2-ingestion/data/macro/raw/fred/THREEFYTP10-20260821T023551Z.json,c2ceeb401070c2762eacf24ccfb0c55c1959bd371d9633599639d9af51dc57ce,2026-08-21T02:39:11.041866+00:00,PASS,STALE,0.1.0
L1-005,2024-03-21,0.3083,percent,FRED,THREEFYTP10,docs/phase2-ingestion/data/macro/raw/fred/THREEFYTP10-20260821T023551Z.json,c2ceeb401070c2762eacf24ccfb0c55c1959bd371d9633599639d9af51dc57ce,2026-08-21T02:39:11.041866+00:00,PASS,STALE,0.1.0
L1-005,2024-03-22,0.2852,percent,FRED,THREEFYTP10,docs/phase2-ingestion/data/macro/raw/fred/THREEFYTP10-20260821T023551Z.json,c2ceeb401070c2762eacf24ccfb0c55c1959bd371d9633599639d9af51dc57ce,2026-08-21T02:39:11.041866+00:00,PASS,STALE,0.1.0
L1-005,2024-03-25,0.2927,percent,FRED,THREEFYTP10,docs/phase2-ingestion/data/macro/raw/fred/THREEFYTP10-20260821T023551Z.json,c2ceeb401070c2762eacf24ccfb0c55c1959bd371d9633599639d9af51dc57ce,2026-08-21T02:39:11.041866+00:00,PASS,STALE,0.1.0
L1-005,2024-03-26,0.2909,percent,FRED,THREEFYTP10,docs/phase2-ingestion/data/macro/raw/fred/THREEFYTP10-20260821T023551Z.json,c2ceeb401070c2762eacf24ccfb0c55c1959bd371d9633599639d9af51dc57ce,2026-08-21T02:39:11.041866+00:00,PASS,STALE,0.1.0
L1-005,2024-03-27,0.2735,percent,FRED,THREEFYTP10,docs/phase2-ingestion/data/macro/raw/fred/THREEFYTP10-20260821T023551Z.json,c2ceeb401070c2762eacf24ccfb0c55c1959bd371d9633599639d9af51dc57ce,2026-08-21T02:39:11.041866+00:00,PASS,STALE,0.1.0
L1-005,2024-03-28,0.2732,percent,FRED,THREEFYTP10,docs/phase2-ingestion/data/macro/raw/fred/THREEFYTP10-20260821T023551Z.json,c2ceeb401070c2762eacf24ccfb0c55c1959bd371d9633599639d9af51dc57ce,2026-08-21T02:39:11.041866+00:00,PASS,STALE,0.1.0
L1-005,2024-04-01,0.3193,percent,FRED,THREEFYTP10,docs/phase2-ingestion/data/macro/raw/fred/THREEFYTP10-20260821T023551Z.json,c2ceeb401070c2762eacf24ccfb0c55c1959bd371d9633599639d9af51dc57ce,2026-08-21T02:39:11.041866+00:00,PASS,STALE,0.1.0
L1-005,2024-04-02,0.3425,percent,FRED,THREEFYTP10,docs/phase2-ingestion/data/macro/raw/fred/THREEFYTP10-20260821T023551Z.json,c2ceeb401070c2762eacf24ccfb0c55c1959bd371d9633599639d9af51dc57ce,2026-08-21T02:39:11.041866+00:00,PASS,STALE,0.1.0
L1-005,2024-04-03,0.3469,percent,FRED,THREEFYTP10,docs/phase2-ingestion/data/macro/raw/fred/THREEFYTP10-20260821T023551Z.json,c2ceeb401070c2762eacf24ccfb0c55c1959bd371d9633599639d9af51dc57ce,2026-08-21T02:39:11.041866+00:00,PASS,STALE,0.1.0
L1-005,2024-04-04,0.3344,percent,FRED,THREEFYTP10,docs/phase2-ingestion/data/macro/raw/fred/THREEFYTP10-20260821T023551Z.json,c2ceeb401070c2762eacf24ccfb0c55c1959bd371d9633599639d9af51dc57ce,2026-08-21T02:39:11.041866+00:00,PASS,STALE,0.1.0
L1-005,2024-04-05,0.362,percent,FRED,THREEFYTP10,docs/phase2-ingestion/data/macro/raw/fred/THREEFYTP10-20260821T023551Z.json,c2ceeb401070c2762eacf24ccfb0c55c1959bd371d9633599639d9af51dc57ce,2026-08-21T02:39:11.041866+00:00,PASS,STALE,0.1.0
L1-005,2024-04-08,0.383,percent,FRED,THREEFYTP10,docs/phase2-ingestion/data/macro/raw/fred/THREEFYTP10-20260821T023551Z.json,c2ceeb401070c2762eacf24ccfb0c55c1959bd371d9633599639d9af51dc57ce,2026-08-21T02:39:11.041866+00:00,PASS,STALE,0.1.0
L1-005,2024-04-09,0.3656,percent,FRED,THREEFYTP10,docs/phase2-ingestion/data/macro/raw/fred/THREEFYTP10-20260821T023551Z.json,c2ceeb401070c2762eacf24ccfb0c55c1959bd371d9633599639d9af51dc57ce,2026-08-21T02:39:11.041866+00:00,PASS,STALE,0.1.0
L1-005,2024-04-10,0.4428,percent,FRED,THREEFYTP10,docs/phase2-ingestion/data/macro/raw/fred/THREEFYTP10-20260821T023551Z.json,c2ceeb401070c2762eacf24ccfb0c55c1959bd371d9633599639d9af51dc57ce,2026-08-21T02:39:11.041866+00:00,PASS,STALE,0.1.0
L1-005,2024-04-11,0.4587,percent,FRED,THREEFYTP10,docs/phase2-ingestion/data/macro/raw/fred/THREEFYTP10-20260821T023551Z.json,c2ceeb401070c2762eacf24ccfb0c55c1959bd371d9633599639d9af51dc57ce,2026-08-21T02:39:11.041866+00:00,PASS,STALE,0.1.0
L1-005,2024-04-12,0.4395,percent,FRED,THREEFYTP10,docs/phase2-ingestion/data/macro/raw/fred/THREEFYTP10-20260821T023551Z.json,c2ceeb401070c2762eacf24ccfb0c55c1959bd371d9633599639d9af51dc57ce,2026-08-21T02:39:11.041866+00:00,PASS,STALE,0.1.0
L1-005,2024-04-15,0.4788,percent,FRED,THREEFYTP10,docs/phase2-ingestion/data/macro/raw/fred/THREEFYTP10-20260821T023551Z.json,c2ceeb401070c2762eacf24ccfb0c55c1959bd371d9633599639d9af51dc57ce,2026-08-21T02:39:11.041866+00:00,PASS,STALE,0.1.0
L1-005,2024-04-16,0.5079,percent,FRED,THREEFYTP10,docs/phase2-ingestion/data/macro/raw/fred/THREEFYTP10-20260821T023551Z.json,c2ceeb401070c2762eacf24ccfb0c55c1959bd371d9633599639d9af51dc57ce,2026-08-21T02:39:11.041866+00:00,PASS,STALE,0.1.0
L1-005,2024-04-17,0.4851,percent,FRED,THREEFYTP10,docs/phase2-ingestion/data/macro/raw/fred/THREEFYTP10-20260821T023551Z.json,c2ceeb401070c2762eacf24ccfb0c55c1959bd371d9633599639d9af51dc57ce,2026-08-21T02:39:11.041866+00:00,PASS,STALE,0.1.0
L1-005,2024-04-18,0.5035,percent,FRED,THREEFYTP10,docs/phase2-ingestion/data/macro/raw/fred/THREEFYTP10-20260821T023551Z.json,c2ceeb401070c2762eacf24ccfb0c55c1959bd371d9633599639d9af51dc57ce,2026-08-21T02:39:11.041866+00:00,PASS,STALE,0.1.0
L1-005,2024-04-19,0.4994,percent,FRED,THREEFYTP10,docs/phase2-ingestion/data/macro/raw/fred/THREEFYTP10-20260821T023551Z.json,c2ceeb401070c2762eacf24ccfb0c55c1959bd371d9633599639d9af51dc57ce,2026-08-21T02:39:11.041866+00:00,PASS,STALE,0.1.0
L1-005,2024-04-22,0.4998,percent,FRED,THREEFYTP10,docs/phase2-ingestion/data/macro/raw/fred/THREEFYTP10-20260821T023551Z.json,c2ceeb401070c2762eacf24ccfb0c55c1959bd371d9633599639d9af51dc57ce,2026-08-21T02:39:11.041866+00:00,PASS,STALE,0.1.0
L1-005,2024-04-23,0.4891,percent,FRED,THREEFYTP10,docs/phase2-ingestion/data/macro/raw/fred/THREEFYTP10-20260821T023551Z.json,c2ceeb401070c2762eacf24ccfb0c55c1959bd371d9633599639d9af51dc57ce,2026-08-21T02:39:11.041866+00:00,PASS,STALE,0.1.0
L1-005,2024-04-24,0.5016,percent,FRED,THREEFYTP10,docs/phase2-ingestion/data/macro/raw/fred/THREEFYTP10-20260821T023551Z.json,c2ceeb401070c2762eacf24ccfb0c55c1959bd371d9633599639d9af51dc57ce,2026-08-21T02:39:11.041866+00:00,PASS,STALE,0.1.0
L1-005,2024-04-25,0.5289,percent,FRED,THREEFYTP10,docs/phase2-ingestion/data/macro/raw/fred/THREEFYTP10-20260821T023551Z.json,c2ceeb401070c2762eacf24ccfb0c55c1959bd371d9633599639d9af51dc57ce,2026-08-21T02:39:11.041866+00:00,PASS,STALE,0.1.0
L1-005,2024-04-26,0.5243,percent,FRED,THREEFYTP10,docs/phase2-ingestion/data/macro/raw/fred/THREEFYTP10-20260821T023551Z.json,c2ceeb401070c2762eacf24ccfb0c55c1959bd371d9633599639d9af51dc57ce,2026-08-21T02:39:11.041866+00:00,PASS,STALE,0.1.0
L1-005,2024-04-29,0.5058,percent,FRED,THREEFYTP10,docs/phase2-ingestion/data/macro/raw/fred/THREEFYTP10-20260821T023551Z.json,c2ceeb401070c2762eacf24ccfb0c55c1959bd371d9633599639d9af51dc57ce,2026-08-21T02:39:11.041866+00:00,PASS,STALE,0.1.0
L1-005,2024-04-30,0.5251,percent,FRED,THREEFYTP10,docs/phase2-ingestion/data/macro/raw/fred/THREEFYTP10-20260821T023551Z.json,c2ceeb401070c2762eacf24ccfb0c55c1959bd371d9633599639d9af51dc57ce,2026-08-21T02:39:11.041866+00:00,PASS,STALE,0.1.0
L1-005,2024-05-01,0.4993,percent,FRED,THREEFYTP10,docs/phase2-ingestion/data/macro/raw/fred/THREEFYTP10-20260821T023551Z.json,c2ceeb401070c2762eacf24ccfb0c55c1959bd371d9633599639d9af51dc57ce,2026-08-21T02:39:11.041866+00:00,PASS,STALE,0.1.0
L1-005,2024-05-02,0.4716,percent,FRED,THREEFYTP10,docs/phase2-ingestion/data/macro/raw/fred/THREEFYTP10-20260821T023551Z.json,c2ceeb401070c2762eacf24ccfb0c55c1959bd371d9633599639d9af51dc57ce,2026-08-21T02:39:11.041866+00:00,PASS,STALE,0.1.0
L1-005,2024-05-03,0.4325,percent,FRED,THREEFYTP10,docs/phase2-ingestion/data/macro/raw/fred/THREEFYTP10-20260821T023551Z.json,c2ceeb401070c2762eacf24ccfb0c55c1959bd371d9633599639d9af51dc57ce,2026-08-21T02:39:11.041866+00:00,PASS,STALE,0.1.0
L1-005,2024-05-06,0.4198,percent,FRED,THREEFYTP10,docs/phase2-ingestion/data/macro/raw/fred/THREEFYTP10-20260821T023551Z.json,c2ceeb401070c2762eacf24ccfb0c55c1959bd371d9633599639d9af51dc57ce,2026-08-21T02:39:11.041866+00:00,PASS,STALE,0.1.0
L1-005,2024-05-07,0.4076,percent,FRED,THREEFYTP10,docs/phase2-ingestion/data/macro/raw/fred/THREEFYTP10-20260821T023551Z.json,c2ceeb401070c2762eacf24ccfb0c55c1959bd371d9633599639d9af51dc57ce,2026-08-21T02:39:11.041866+00:00,PASS,STALE,0.1.0
L1-005,2024-05-08,0.4154,percent,FRED,THREEFYTP10,docs/phase2-ingestion/data/macro/raw/fred/THREEFYTP10-20260821T023551Z.json,c2ceeb401070c2762eacf24ccfb0c55c1959bd371d9633599639d9af51dc57ce,2026-08-21T02:39:11.041866+00:00,PASS,STALE,0.1.0
L1-005,2024-05-09,0.4045,percent,FRED,THREEFYTP10,docs/phase2-ingestion/data/macro/raw/fred/THREEFYTP10-20260821T023551Z.json,c2ceeb401070c2762eacf24ccfb0c55c1959bd371d9633599639d9af51dc57ce,2026-08-21T02:39:11.041866+00:00,PASS,STALE,0.1.0
L1-005,2024-05-10,0.4191,percent,FRED,THREEFYTP10,docs/phase2-ingestion/data/macro/raw/fred/THREEFYTP10-20260821T023551Z.json,c2ceeb401070c2762eacf24ccfb0c55c1959bd371d9633599639d9af51dc57ce,2026-08-21T02:39:11.041866+00:00,PASS,STALE,0.1.0
L1-005,2024-05-13,0.4164,percent,FRED,THREEFYTP10,docs/phase2-ingestion/data/macro/raw/fred/THREEFYTP10-20260821T023551Z.json,c2ceeb401070c2762eacf24ccfb0c55c1959bd371d9633599639d9af51dc57ce,2026-08-21T02:39:11.041866+00:00,PASS,STALE,0.1.0
L1-005,2024-05-14,0.4013,percent,FRED,THREEFYTP10,docs/phase2-ingestion/data/macro/raw/fred/THREEFYTP10-20260821T023551Z.json,c2ceeb401070c2762eacf24ccfb0c55c1959bd371d9633599639d9af51dc57ce,2026-08-21T02:39:11.041866+00:00,PASS,STALE,0.1.0
L1-005,2024-05-15,0.3575,percent,FRED,THREEFYTP10,docs/phase2-ingestion/data/macro/raw/fred/THREEFYTP10-20260821T023551Z.json,c2ceeb401070c2762eacf24ccfb0c55c1959bd371d9633599639d9af51dc57ce,2026-08-21T02:39:11.041866+00:00,PASS,STALE,0.1.0
L1-005,2024-05-16,0.3624,percent,FRED,THREEFYTP10,docs/phase2-ingestion/data/macro/raw/fred/THREEFYTP10-20260821T023551Z.json,c2ceeb401070c2762eacf24ccfb0c55c1959bd371d9633599639d9af51dc57ce,2026-08-21T02:39:11.041866+00:00,PASS,STALE,0.1.0
L1-005,2024-05-17,0.3742,percent,FRED,THREEFYTP10,docs/phase2-ingestion/data/macro/raw/fred/THREEFYTP10-20260821T023551Z.json,c2ceeb401070c2762eacf24ccfb0c55c1959bd371d9633599639d9af51dc57ce,2026-08-21T02:39:11.041866+00:00,PASS,STALE,0.1.0
L1-005,2024-05-20,0.3837,percent,FRED,THREEFYTP10,docs/phase2-ingestion/data/macro/raw/fred/THREEFYTP10-20260821T023551Z.json,c2ceeb401070c2762eacf24ccfb0c55c1959bd371d9633599639d9af51dc57ce,2026-08-21T02:39:11.041866+00:00,PASS,STALE,0.1.0
L1-005,2024-05-21,0.3755,percent,FRED,THREEFYTP10,docs/phase2-ingestion/data/macro/raw/fred/THREEFYTP10-20260821T023551Z.json,c2ceeb401070c2762eacf24ccfb0c55c1959bd371d9633599639d9af51dc57ce,2026-08-21T02:39:11.041866+00:00,PASS,STALE,0.1.0
L1-005,2024-05-22,0.3795,percent,FRED,THREEFYTP10,docs/phase2-ingestion/data/macro/raw/fred/THREEFYTP10-20260821T023551Z.json,c2ceeb401070c2762eacf24ccfb0c55c1959bd371d9633599639d9af51dc57ce,2026-08-21T02:39:11.041866+00:00,PASS,STALE,0.1.0
L1-005,2024-05-23,0.4075,percent,FRED,THREEFYTP10,docs/phase2-ingestion/data/macro/raw/fred/THREEFYTP10-20260821T023551Z.json,c2ceeb401070c2762eacf24ccfb0c55c1959bd371d9633599639d9af51dc57ce,2026-08-21T02:39:11.041866+00:00,PASS,STALE,0.1.0
L1-005,2024-05-24,0.4142,percent,FRED,THREEFYTP10,docs/phase2-ingestion/data/macro/raw/fred/THREEFYTP10-20260821T023551Z.json,c2ceeb401070c2762eacf24ccfb0c55c1959bd371d9633599639d9af51dc57ce,2026-08-21T02:39:11.041866+00:00,PASS,STALE,0.1.0
L1-005,2024-05-28,0.4321,percent,FRED,THREEFYTP10,docs/phase2-ingestion/data/macro/raw/fred/THREEFYTP10-20260821T023551Z.json,c2ceeb401070c2762eacf24ccfb0c55c1959bd371d9633599639d9af51dc57ce,2026-08-21T02:39:11.041866+00:00,PASS,STALE,0.1.0
L1-005,2024-05-29,0.4745,percent,FRED,THREEFYTP10,docs/phase2-ingestion/data/macro/raw/fred/THREEFYTP10-20260821T023551Z.json,c2ceeb401070c2762eacf24ccfb0c55c1959bd371d9633599639d9af51dc57ce,2026-08-21T02:39:11.041866+00:00,PASS,STALE,0.1.0
L1-005,2024-05-30,0.4626,percent,FRED,THREEFYTP10,docs/phase2-ingestion/data/macro/raw/fred/THREEFYTP10-20260821T023551Z.json,c2ceeb401070c2762eacf24ccfb0c55c1959bd371d9633599639d9af51dc57ce,2026-08-21T02:39:11.041866+00:00,PASS,STALE,0.1.0
L1-005,2024-05-31,0.4418,percent,FRED,THREEFYTP10,docs/phase2-ingestion/data/macro/raw/fred/THREEFYTP10-20260821T023551Z.json,c2ceeb401070c2762eacf24ccfb0c55c1959bd371d9633599639d9af51dc57ce,2026-08-21T02:39:11.041866+00:00,PASS,STALE,0.1.0
L1-005,2024-06-03,0.3898,percent,FRED,THREEFYTP10,docs/phase2-ingestion/data/macro/raw/fred/THREEFYTP10-20260821T023551Z.json,c2ceeb401070c2762eacf24ccfb0c55c1959bd371d9633599639d9af51dc57ce,2026-08-21T02:39:11.041866+00:00,PASS,STALE,0.1.0
L1-005,2024-06-04,0.3464,percent,FRED,THREEFYTP10,docs/phase2-ingestion/data/macro/raw/fred/THREEFYTP10-20260821T023551Z.json,c2ceeb401070c2762eacf24ccfb0c55c1959bd371d9633599639d9af51dc57ce,2026-08-21T02:39:11.041866+00:00,PASS,STALE,0.1.0
L1-005,2024-06-05,0.3195,percent,FRED,THREEFYTP10,docs/phase2-ingestion/data/macro/raw/fred/THREEFYTP10-20260821T023551Z.json,c2ceeb401070c2762eacf24ccfb0c55c1959bd371d9633599639d9af51dc57ce,2026-08-21T02:39:11.041866+00:00,PASS,STALE,0.1.0
L1-005,2024-06-06,0.3051,percent,FRED,THREEFYTP10,docs/phase2-ingestion/data/macro/raw/fred/THREEFYTP10-20260821T023551Z.json,c2ceeb401070c2762eacf24ccfb0c55c1959bd371d9633599639d9af51dc57ce,2026-08-21T02:39:11.041866+00:00,PASS,STALE,0.1.0
L1-005,2024-06-07,0.3606,percent,FRED,THREEFYTP10,docs/phase2-ingestion/data/macro/raw/fred/THREEFYTP10-20260821T023551Z.json,c2ceeb401070c2762eacf24ccfb0c55c1959bd371d9633599639d9af51dc57ce,2026-08-21T02:39:11.041866+00:00,PASS,STALE,0.1.0
L1-005,2024-06-10,0.393,percent,FRED,THREEFYTP10,docs/phase2-ingestion/data/macro/raw/fred/THREEFYTP10-20260821T023551Z.json,c2ceeb401070c2762eacf24ccfb0c55c1959bd371d9633599639d9af51dc57ce,2026-08-21T02:39:11.041866+00:00,PASS,STALE,0.1.0
L1-005,2024-06-11,0.3683,percent,FRED,THREEFYTP10,docs/phase2-ingestion/data/macro/raw/fred/THREEFYTP10-20260821T023551Z.json,c2ceeb401070c2762eacf24ccfb0c55c1959bd371d9633599639d9af51dc57ce,2026-08-21T02:39:11.041866+00:00,PASS,STALE,0.1.0
L1-005,2024-06-12,0.3297,percent,FRED,THREEFYTP10,docs/phase2-ingestion/data/macro/raw/fred/THREEFYTP10-20260821T023551Z.json,c2ceeb401070c2762eacf24ccfb0c55c1959bd371d9633599639d9af51dc57ce,2026-08-21T02:39:11.041866+00:00,PASS,STALE,0.1.0
L1-005,2024-06-13,0.2893,percent,FRED,THREEFYTP10,docs/phase2-ingestion/data/macro/raw/fred/THREEFYTP10-20260821T023551Z.json,c2ceeb401070c2762eacf24ccfb0c55c1959bd371d9633599639d9af51dc57ce,2026-08-21T02:39:11.041866+00:00,PASS,STALE,0.1.0
L1-005,2024-06-14,0.2714,percent,FRED,THREEFYTP10,docs/phase2-ingestion/data/macro/raw/fred/THREEFYTP10-20260821T023551Z.json,c2ceeb401070c2762eacf24ccfb0c55c1959bd371d9633599639d9af51dc57ce,2026-08-21T02:39:11.041866+00:00,PASS,STALE,0.1.0
L1-005,2024-06-17,0.2908,percent,FRED,THREEFYTP10,docs/phase2-ingestion/data/macro/raw/fred/THREEFYTP10-20260821T023551Z.json,c2ceeb401070c2762eacf24ccfb0c55c1959bd371d9633599639d9af51dc57ce,2026-08-21T02:39:11.041866+00:00,PASS,STALE,0.1.0
L1-005,2024-06-18,0.273,percent,FRED,THREEFYTP10,docs/phase2-ingestion/data/macro/raw/fred/THREEFYTP10-20260821T023551Z.json,c2ceeb401070c2762eacf24ccfb0c55c1959bd371d9633599639d9af51dc57ce,2026-08-21T02:39:11.041866+00:00,PASS,STALE,0.1.0
L1-005,2024-06-20,0.2803,percent,FRED,THREEFYTP10,docs/phase2-ingestion/data/macro/raw/fred/THREEFYTP10-20260821T023551Z.json,c2ceeb401070c2762eacf24ccfb0c55c1959bd371d9633599639d9af51dc57ce,2026-08-21T02:39:11.041866+00:00,PASS,STALE,0.1.0
L1-005,2024-06-21,0.2839,percent,FRED,THREEFYTP10,docs/phase2-ingestion/data/macro/raw/fred/THREEFYTP10-20260821T023551Z.json,c2ceeb401070c2762eacf24ccfb0c55c1959bd371d9633599639d9af51dc57ce,2026-08-21T02:39:11.041866+00:00,PASS,STALE,0.1.0
L1-005,2024-06-24,0.2849,percent,FRED,THREEFYTP10,docs/phase2-ingestion/data/macro/raw/fred/THREEFYTP10-20260821T023551Z.json,c2ceeb401070c2762eacf24ccfb0c55c1959bd371d9633599639d9af51dc57ce,2026-08-21T02:39:11.041866+00:00,PASS,STALE,0.1.0
L1-005,2024-06-25,0.28,percent,FRED,THREEFYTP10,docs/phase2-ingestion/data/macro/raw/fred/THREEFYTP10-20260821T023551Z.json,c2ceeb401070c2762eacf24ccfb0c55c1959bd371d9633599639d9af51dc57ce,2026-08-21T02:39:11.041866+00:00,PASS,STALE,0.1.0
L1-005,2024-06-26,0.3123,percent,FRED,THREEFYTP10,docs/phase2-ingestion/data/macro/raw/fred/THREEFYTP10-20260821T023551Z.json,c2ceeb401070c2762eacf24ccfb0c55c1959bd371d9633599639d9af51dc57ce,2026-08-21T02:39:11.041866+00:00,PASS,STALE,0.1.0
L1-005,2024-06-27,0.3089,percent,FRED,THREEFYTP10,docs/phase2-ingestion/data/macro/raw/fred/THREEFYTP10-20260821T023551Z.json,c2ceeb401070c2762eacf24ccfb0c55c1959bd371d9633599639d9af51dc57ce,2026-08-21T02:39:11.041866+00:00,PASS,STALE,0.1.0
L1-005,2024-06-28,0.3312,percent,FRED,THREEFYTP10,docs/phase2-ingestion/data/macro/raw/fred/THREEFYTP10-20260821T023551Z.json,c2ceeb401070c2762eacf24ccfb0c55c1959bd371d9633599639d9af51dc57ce,2026-08-21T02:39:11.041866+00:00,PASS,STALE,0.1.0
L1-005,2024-07-01,0.3852,percent,FRED,THREEFYTP10,docs/phase2-ingestion/data/macro/raw/fred/THREEFYTP10-20260821T023551Z.json,c2ceeb401070c2762eacf24ccfb0c55c1959bd371d9633599639d9af51dc57ce,2026-08-21T02:39:11.041866+00:00,PASS,STALE,0.1.0
L1-005,2024-07-02,0.3806,percent,FRED,THREEFYTP10,docs/phase2-ingestion/data/macro/raw/fred/THREEFYTP10-20260821T023551Z.json,c2ceeb401070c2762eacf24ccfb0c55c1959bd371d9633599639d9af51dc57ce,2026-08-21T02:39:11.041866+00:00,PASS,STALE,0.1.0
L1-005,2024-07-03,0.354,percent,FRED,THREEFYTP10,docs/phase2-ingestion/data/macro/raw/fred/THREEFYTP10-20260821T023551Z.json,c2ceeb401070c2762eacf24ccfb0c55c1959bd371d9633599639d9af51dc57ce,2026-08-21T02:39:11.041866+00:00,PASS,STALE,0.1.0
L1-005,2024-07-05,0.311,percent,FRED,THREEFYTP10,docs/phase2-ingestion/data/macro/raw/fred/THREEFYTP10-20260821T023551Z.json,c2ceeb401070c2762eacf24ccfb0c55c1959bd371d9633599639d9af51dc57ce,2026-08-21T02:39:11.041866+00:00,PASS,STALE,0.1.0
L1-005,2024-07-08,0.3012,percent,FRED,THREEFYTP10,docs/phase2-ingestion/data/macro/raw/fred/THREEFYTP10-20260821T023551Z.json,c2ceeb401070c2762eacf24ccfb0c55c1959bd371d9633599639d9af51dc57ce,2026-08-21T02:39:11.041866+00:00,PASS,STALE,0.1.0
L1-005,2024-07-09,0.3072,percent,FRED,THREEFYTP10,docs/phase2-ingestion/data/macro/raw/fred/THREEFYTP10-20260821T023551Z.json,c2ceeb401070c2762eacf24ccfb0c55c1959bd371d9633599639d9af51dc57ce,2026-08-21T02:39:11.041866+00:00,PASS,STALE,0.1.0
L1-005,2024-07-10,0.3041,percent,FRED,THREEFYTP10,docs/phase2-ingestion/data/macro/raw/fred/THREEFYTP10-20260821T023551Z.json,c2ceeb401070c2762eacf24ccfb0c55c1959bd371d9633599639d9af51dc57ce,2026-08-21T02:39:11.041866+00:00,PASS,STALE,0.1.0
L1-005,2024-07-11,0.267,percent,FRED,THREEFYTP10,docs/phase2-ingestion/data/macro/raw/fred/THREEFYTP10-20260821T023551Z.json,c2ceeb401070c2762eacf24ccfb0c55c1959bd371d9633599639d9af51dc57ce,2026-08-21T02:39:11.041866+00:00,PASS,STALE,0.1.0
L1-005,2024-07-12,0.2534,percent,FRED,THREEFYTP10,docs/phase2-ingestion/data/macro/raw/fred/THREEFYTP10-20260821T023551Z.json,c2ceeb401070c2762eacf24ccfb0c55c1959bd371d9633599639d9af51dc57ce,2026-08-21T02:39:11.041866+00:00,PASS,STALE,0.1.0
L1-005,2024-07-15,0.2683,percent,FRED,THREEFYTP10,docs/phase2-ingestion/data/macro/raw/fred/THREEFYTP10-20260821T023551Z.json,c2ceeb401070c2762eacf24ccfb0c55c1959bd371d9633599639d9af51dc57ce,2026-08-21T02:39:11.041866+00:00,PASS,STALE,0.1.0
L1-005,2024-07-16,0.2525,percent,FRED,THREEFYTP10,docs/phase2-ingestion/data/macro/raw/fred/THREEFYTP10-20260821T023551Z.json,c2ceeb401070c2762eacf24ccfb0c55c1959bd371d9633599639d9af51dc57ce,2026-08-21T02:39:11.041866+00:00,PASS,STALE,0.1.0
L1-005,2024-07-17,0.2433,percent,FRED,THREEFYTP10,docs/phase2-ingestion/data/macro/raw/fred/THREEFYTP10-20260821T023551Z.json,c2ceeb401070c2762eacf24ccfb0c55c1959bd371d9633599639d9af51dc57ce,2026-08-21T02:39:11.041866+00:00,PASS,STALE,0.1.0
L1-005,2024-07-18,0.2586,percent,FRED,THREEFYTP10,docs/phase2-ingestion/data/macro/raw/fred/THREEFYTP10-20260821T023551Z.json,c2ceeb401070c2762eacf24ccfb0c55c1959bd371d9633599639d9af51dc57ce,2026-08-21T02:39:11.041866+00:00,PASS,STALE,0.1.0
L1-005,2024-07-19,0.2807,percent,FRED,THREEFYTP10,docs/phase2-ingestion/data/macro/raw/fred/THREEFYTP10-20260821T023551Z.json,c2ceeb401070c2762eacf24ccfb0c55c1959bd371d9633599639d9af51dc57ce,2026-08-21T02:39:11.041866+00:00,PASS,STALE,0.1.0
L1-005,2024-07-22,0.2932,percent,FRED,THREEFYTP10,docs/phase2-ingestion/data/macro/raw/fred/THREEFYTP10-20260821T023551Z.json,c2ceeb401070c2762eacf24ccfb0c55c1959bd371d9633599639d9af51dc57ce,2026-08-21T02:39:11.041866+00:00,PASS,STALE,0.1.0
L1-005,2024-07-23,0.2906,percent,FRED,THREEFYTP10,docs/phase2-ingestion/data/macro/raw/fred/THREEFYTP10-20260821T023551Z.json,c2ceeb401070c2762eacf24ccfb0c55c1959bd371d9633599639d9af51dc57ce,2026-08-21T02:39:11.041866+00:00,PASS,STALE,0.1.0
L1-005,2024-07-24,0.2998,percent,FRED,THREEFYTP10,docs/phase2-ingestion/data/macro/raw/fred/THREEFYTP10-20260821T023551Z.json,c2ceeb401070c2762eacf24ccfb0c55c1959bd371d9633599639d9af51dc57ce,2026-08-21T02:39:11.041866+00:00,PASS,STALE,0.1.0
L1-005,2024-07-25,0.3036,percent,FRED,THREEFYTP10,docs/phase2-ingestion/data/macro/raw/fred/THREEFYTP10-20260821T023551Z.json,c2ceeb401070c2762eacf24ccfb0c55c1959bd371d9633599639d9af51dc57ce,2026-08-21T02:39:11.041866+00:00,PASS,STALE,0.1.0
L1-005,2024-07-26,0.2767,percent,FRED,THREEFYTP10,docs/phase2-ingestion/data/macro/raw/fred/THREEFYTP10-20260821T023551Z.json,c2ceeb401070c2762eacf24ccfb0c55c1959bd371d9633599639d9af51dc57ce,2026-08-21T02:39:11.041866+00:00,PASS,STALE,0.1.0
L1-005,2024-07-29,0.2624,percent,FRED,THREEFYTP10,docs/phase2-ingestion/data/macro/raw/fred/THREEFYTP10-20260821T023551Z.json,c2ceeb401070c2762eacf24ccfb0c55c1959bd371d9633599639d9af51dc57ce,2026-08-21T02:39:11.041866+00:00,PASS,STALE,0.1.0
L1-005,2024-07-30,0.2501,percent,FRED,THREEFYTP10,docs/phase2-ingestion/data/macro/raw/fred/THREEFYTP10-20260821T023551Z.json,c2ceeb401070c2762eacf24ccfb0c55c1959bd371d9633599639d9af51dc57ce,2026-08-21T02:39:11.041866+00:00,PASS,STALE,0.1.0
L1-005,2024-07-31,0.2197,percent,FRED,THREEFYTP10,docs/phase2-ingestion/data/macro/raw/fred/THREEFYTP10-20260821T023551Z.json,c2ceeb401070c2762eacf24ccfb0c55c1959bd371d9633599639d9af51dc57ce,2026-08-21T02:39:11.041866+00:00,PASS,STALE,0.1.0
L1-005,2024-08-01,0.1693,percent,FRED,THREEFYTP10,docs/phase2-ingestion/data/macro/raw/fred/THREEFYTP10-20260821T023551Z.json,c2ceeb401070c2762eacf24ccfb0c55c1959bd371d9633599639d9af51dc57ce,2026-08-21T02:39:11.041866+00:00,PASS,STALE,0.1.0
L1-005,2024-08-02,0.0817,percent,FRED,THREEFYTP10,docs/phase2-ingestion/data/macro/raw/fred/THREEFYTP10-20260821T023551Z.json,c2ceeb401070c2762eacf24ccfb0c55c1959bd371d9633599639d9af51dc57ce,2026-08-21T02:39:11.041866+00:00,PASS,STALE,0.1.0
L1-005,2024-08-05,0.0646,percent,FRED,THREEFYTP10,docs/phase2-ingestion/data/macro/raw/fred/THREEFYTP10-20260821T023551Z.json,c2ceeb401070c2762eacf24ccfb0c55c1959bd371d9633599639d9af51dc57ce,2026-08-21T02:39:11.041866+00:00,PASS,STALE,0.1.0
L1-005,2024-08-06,0.107,percent,FRED,THREEFYTP10,docs/phase2-ingestion/data/macro/raw/fred/THREEFYTP10-20260821T023551Z.json,c2ceeb401070c2762eacf24ccfb0c55c1959bd371d9633599639d9af51dc57ce,2026-08-21T02:39:11.041866+00:00,PASS,STALE,0.1.0
L1-005,2024-08-07,0.1439,percent,FRED,THREEFYTP10,docs/phase2-ingestion/data/macro/raw/fred/THREEFYTP10-20260821T023551Z.json,c2ceeb401070c2762eacf24ccfb0c55c1959bd371d9633599639d9af51dc57ce,2026-08-21T02:39:11.041866+00:00,PASS,STALE,0.1.0
L1-005,2024-08-08,0.1695,percent,FRED,THREEFYTP10,docs/phase2-ingestion/data/macro/raw/fred/THREEFYTP10-20260821T023551Z.json,c2ceeb401070c2762eacf24ccfb0c55c1959bd371d9633599639d9af51dc57ce,2026-08-21T02:39:11.041866+00:00,PASS,STALE,0.1.0
L1-005,2024-08-09,0.1631,percent,FRED,THREEFYTP10,docs/phase2-ingestion/data/macro/raw/fred/THREEFYTP10-20260821T023551Z.json,c2ceeb401070c2762eacf24ccfb0c55c1959bd371d9633599639d9af51dc57ce,2026-08-21T02:39:11.041866+00:00,PASS,STALE,0.1.0
L1-005,2024-08-12,0.1425,percent,FRED,THREEFYTP10,docs/phase2-ingestion/data/macro/raw/fred/THREEFYTP10-20260821T023551Z.json,c2ceeb401070c2762eacf24ccfb0c55c1959bd371d9633599639d9af51dc57ce,2026-08-21T02:39:11.041866+00:00,PASS,STALE,0.1.0
L1-005,2024-08-13,0.1108,percent,FRED,THREEFYTP10,docs/phase2-ingestion/data/macro/raw/fred/THREEFYTP10-20260821T023551Z.json,c2ceeb401070c2762eacf24ccfb0c55c1959bd371d9633599639d9af51dc57ce,2026-08-21T02:39:11.041866+00:00,PASS,STALE,0.1.0
L1-005,2024-08-14,0.0962,percent,FRED,THREEFYTP10,docs/phase2-ingestion/data/macro/raw/fred/THREEFYTP10-20260821T023551Z.json,c2ceeb401070c2762eacf24ccfb0c55c1959bd371d9633599639d9af51dc57ce,2026-08-21T02:39:11.041866+00:00,PASS,STALE,0.1.0
L1-005,2024-08-15,0.1357,percent,FRED,THREEFYTP10,docs/phase2-ingestion/data/macro/raw/fred/THREEFYTP10-20260821T023551Z.json,c2ceeb401070c2762eacf24ccfb0c55c1959bd371d9633599639d9af51dc57ce,2026-08-21T02:39:11.041866+00:00,PASS,STALE,0.1.0
L1-005,2024-08-16,0.1321,percent,FRED,THREEFYTP10,docs/phase2-ingestion/data/macro/raw/fred/THREEFYTP10-20260821T023551Z.json,c2ceeb401070c2762eacf24ccfb0c55c1959bd371d9633599639d9af51dc57ce,2026-08-21T02:39:11.041866+00:00,PASS,STALE,0.1.0
L1-005,2024-08-19,0.1237,percent,FRED,THREEFYTP10,docs/phase2-ingestion/data/macro/raw/fred/THREEFYTP10-20260821T023551Z.json,c2ceeb401070c2762eacf24ccfb0c55c1959bd371d9633599639d9af51dc57ce,2026-08-21T02:39:11.041866+00:00,PASS,STALE,0.1.0
L1-005,2024-08-20,0.1034,percent,FRED,THREEFYTP10,docs/phase2-ingestion/data/macro/raw/fred/THREEFYTP10-20260821T023551Z.json,c2ceeb401070c2762eacf24ccfb0c55c1959bd371d9633599639d9af51dc57ce,2026-08-21T02:39:11.041866+00:00,PASS,STALE,0.1.0
L1-005,2024-08-21,0.0852,percent,FRED,THREEFYTP10,docs/phase2-ingestion/data/macro/raw/fred/THREEFYTP10-20260821T023551Z.json,c2ceeb401070c2762eacf24ccfb0c55c1959bd371d9633599639d9af51dc57ce,2026-08-21T02:39:11.041866+00:00,PASS,STALE,0.1.0
L1-005,2024-08-22,0.1121,percent,FRED,THREEFYTP10,docs/phase2-ingestion/data/macro/raw/fred/THREEFYTP10-20260821T023551Z.json,c2ceeb401070c2762eacf24ccfb0c55c1959bd371d9633599639d9af51dc57ce,2026-08-21T02:39:11.041866+00:00,PASS,STALE,0.1.0
L1-005,2024-08-23,0.0954,percent,FRED,THREEFYTP10,docs/phase2-ingestion/data/macro/raw/fred/THREEFYTP10-20260821T023551Z.json,c2ceeb401070c2762eacf24ccfb0c55c1959bd371d9633599639d9af51dc57ce,2026-08-21T02:39:11.041866+00:00,PASS,STALE,0.1.0
L1-005,2024-08-26,0.1009,percent,FRED,THREEFYTP10,docs/phase2-ingestion/data/macro/raw/fred/THREEFYTP10-20260821T023551Z.json,c2ceeb401070c2762eacf24ccfb0c55c1959bd371d9633599639d9af51dc57ce,2026-08-21T02:39:11.041866+00:00,PASS,STALE,0.1.0
L1-005,2024-08-27,0.1081,percent,FRED,THREEFYTP10,docs/phase2-ingestion/data/macro/raw/fred/THREEFYTP10-20260821T023551Z.json,c2ceeb401070c2762eacf24ccfb0c55c1959bd371d9633599639d9af51dc57ce,2026-08-21T02:39:11.041866+00:00,PASS,STALE,0.1.0
L1-005,2024-08-28,0.1158,percent,FRED,THREEFYTP10,docs/phase2-ingestion/data/macro/raw/fred/THREEFYTP10-20260821T023551Z.json,c2ceeb401070c2762eacf24ccfb0c55c1959bd371d9633599639d9af51dc57ce,2026-08-21T02:39:11.041866+00:00,PASS,STALE,0.1.0
L1-005,2024-08-29,0.1294,percent,FRED,THREEFYTP10,docs/phase2-ingestion/data/macro/raw/fred/THREEFYTP10-20260821T023551Z.json,c2ceeb401070c2762eacf24ccfb0c55c1959bd371d9633599639d9af51dc57ce,2026-08-21T02:39:11.041866+00:00,PASS,STALE,0.1.0
L1-005,2024-08-30,0.148,percent,FRED,THREEFYTP10,docs/phase2-ingestion/data/macro/raw/fred/THREEFYTP10-20260821T023551Z.json,c2ceeb401070c2762eacf24ccfb0c55c1959bd371d9633599639d9af51dc57ce,2026-08-21T02:39:11.041866+00:00,PASS,STALE,0.1.0
L1-005,2024-09-03,0.1265,percent,FRED,THREEFYTP10,docs/phase2-ingestion/data/macro/raw/fred/THREEFYTP10-20260821T023551Z.json,c2ceeb401070c2762eacf24ccfb0c55c1959bd371d9633599639d9af51dc57ce,2026-08-21T02:39:11.041866+00:00,PASS,STALE,0.1.0
L1-005,2024-09-04,0.0898,percent,FRED,THREEFYTP10,docs/phase2-ingestion/data/macro/raw/fred/THREEFYTP10-20260821T023551Z.json,c2ceeb401070c2762eacf24ccfb0c55c1959bd371d9633599639d9af51dc57ce,2026-08-21T02:39:11.041866+00:00,PASS,STALE,0.1.0
L1-005,2024-09-05,0.0748,percent,FRED,THREEFYTP10,docs/phase2-ingestion/data/macro/raw/fred/THREEFYTP10-20260821T023551Z.json,c2ceeb401070c2762eacf24ccfb0c55c1959bd371d9633599639d9af51dc57ce,2026-08-21T02:39:11.041866+00:00,PASS,STALE,0.1.0
L1-005,2024-09-06,0.0613,percent,FRED,THREEFYTP10,docs/phase2-ingestion/data/macro/raw/fred/THREEFYTP10-20260821T023551Z.json,c2ceeb401070c2762eacf24ccfb0c55c1959bd371d9633599639d9af51dc57ce,2026-08-21T02:39:11.041866+00:00,PASS,STALE,0.1.0
L1-005,2024-09-09,0.0574,percent,FRED,THREEFYTP10,docs/phase2-ingestion/data/macro/raw/fred/THREEFYTP10-20260821T023551Z.json,c2ceeb401070c2762eacf24ccfb0c55c1959bd371d9633599639d9af51dc57ce,2026-08-21T02:39:11.041866+00:00,PASS,STALE,0.1.0
L1-005,2024-09-10,0.0379,percent,FRED,THREEFYTP10,docs/phase2-ingestion/data/macro/raw/fred/THREEFYTP10-20260821T023551Z.json,c2ceeb401070c2762eacf24ccfb0c55c1959bd371d9633599639d9af51dc57ce,2026-08-21T02:39:11.041866+00:00,PASS,STALE,0.1.0
L1-005,2024-09-11,0.0355,percent,FRED,THREEFYTP10,docs/phase2-ingestion/data/macro/raw/fred/THREEFYTP10-20260821T023551Z.json,c2ceeb401070c2762eacf24ccfb0c55c1959bd371d9633599639d9af51dc57ce,2026-08-21T02:39:11.041866+00:00,PASS,STALE,0.1.0
L1-005,2024-09-12,0.0478,percent,FRED,THREEFYTP10,docs/phase2-ingestion/data/macro/raw/fred/THREEFYTP10-20260821T023551Z.json,c2ceeb401070c2762eacf24ccfb0c55c1959bd371d9633599639d9af51dc57ce,2026-08-21T02:39:11.041866+00:00,PASS,STALE,0.1.0
L1-005,2024-09-13,0.0435,percent,FRED,THREEFYTP10,docs/phase2-ingestion/data/macro/raw/fred/THREEFYTP10-20260821T023551Z.json,c2ceeb401070c2762eacf24ccfb0c55c1959bd371d9633599639d9af51dc57ce,2026-08-21T02:39:11.041866+00:00,PASS,STALE,0.1.0
L1-005,2024-09-16,0.0425,percent,FRED,THREEFYTP10,docs/phase2-ingestion/data/macro/raw/fred/THREEFYTP10-20260821T023551Z.json,c2ceeb401070c2762eacf24ccfb0c55c1959bd371d9633599639d9af51dc57ce,2026-08-21T02:39:11.041866+00:00,PASS,STALE,0.1.0
L1-005,2024-09-17,0.0565,percent,FRED,THREEFYTP10,docs/phase2-ingestion/data/macro/raw/fred/THREEFYTP10-20260821T023551Z.json,c2ceeb401070c2762eacf24ccfb0c55c1959bd371d9633599639d9af51dc57ce,2026-08-21T02:39:11.041866+00:00,PASS,STALE,0.1.0
L1-005,2024-09-18,0.0886,percent,FRED,THREEFYTP10,docs/phase2-ingestion/data/macro/raw/fred/THREEFYTP10-20260821T023551Z.json,c2ceeb401070c2762eacf24ccfb0c55c1959bd371d9633599639d9af51dc57ce,2026-08-21T02:39:11.041866+00:00,PASS,STALE,0.1.0
L1-005,2024-09-19,0.1128,percent,FRED,THREEFYTP10,docs/phase2-ingestion/data/macro/raw/fred/THREEFYTP10-20260821T023551Z.json,c2ceeb401070c2762eacf24ccfb0c55c1959bd371d9633599639d9af51dc57ce,2026-08-21T02:39:11.041866+00:00,PASS,STALE,0.1.0
L1-005,2024-09-20,0.1241,percent,FRED,THREEFYTP10,docs/phase2-ingestion/data/macro/raw/fred/THREEFYTP10-20260821T023551Z.json,c2ceeb401070c2762eacf24ccfb0c55c1959bd371d9633599639d9af51dc57ce,2026-08-21T02:39:11.041866+00:00,PASS,STALE,0.1.0
L1-005,2024-09-23,0.1437,percent,FRED,THREEFYTP10,docs/phase2-ingestion/data/macro/raw/fred/THREEFYTP10-20260821T023551Z.json,c2ceeb401070c2762eacf24ccfb0c55c1959bd371d9633599639d9af51dc57ce,2026-08-21T02:39:11.041866+00:00,PASS,STALE,0.1.0
L1-005,2024-09-24,0.147,percent,FRED,THREEFYTP10,docs/phase2-ingestion/data/macro/raw/fred/THREEFYTP10-20260821T023551Z.json,c2ceeb401070c2762eacf24ccfb0c55c1959bd371d9633599639d9af51dc57ce,2026-08-21T02:39:11.041866+00:00,PASS,STALE,0.1.0
L1-005,2024-09-25,0.171,percent,FRED,THREEFYTP10,docs/phase2-ingestion/data/macro/raw/fred/THREEFYTP10-20260821T023551Z.json,c2ceeb401070c2762eacf24ccfb0c55c1959bd371d9633599639d9af51dc57ce,2026-08-21T02:39:11.041866+00:00,PASS,STALE,0.1.0
L1-005,2024-09-26,0.1874,percent,FRED,THREEFYTP10,docs/phase2-ingestion/data/macro/raw/fred/THREEFYTP10-20260821T023551Z.json,c2ceeb401070c2762eacf24ccfb0c55c1959bd371d9633599639d9af51dc57ce,2026-08-21T02:39:11.041866+00:00,PASS,STALE,0.1.0
L1-005,2024-09-27,0.1709,percent,FRED,THREEFYTP10,docs/phase2-ingestion/data/macro/raw/fred/THREEFYTP10-20260821T023551Z.json,c2ceeb401070c2762eacf24ccfb0c55c1959bd371d9633599639d9af51dc57ce,2026-08-21T02:39:11.041866+00:00,PASS,STALE,0.1.0
L1-005,2024-09-30,0.1945,percent,FRED,THREEFYTP10,docs/phase2-ingestion/data/macro/raw/fred/THREEFYTP10-20260821T023551Z.json,c2ceeb401070c2762eacf24ccfb0c55c1959bd371d9633599639d9af51dc57ce,2026-08-21T02:39:11.041866+00:00,PASS,STALE,0.1.0
L1-005,2024-10-01,0.1739,percent,FRED,THREEFYTP10,docs/phase2-ingestion/data/macro/raw/fred/THREEFYTP10-20260821T023551Z.json,c2ceeb401070c2762eacf24ccfb0c55c1959bd371d9633599639d9af51dc57ce,2026-08-21T02:39:11.041866+00:00,PASS,STALE,0.1.0
L1-005,2024-10-02,0.1859,percent,FRED,THREEFYTP10,docs/phase2-ingestion/data/macro/raw/fred/THREEFYTP10-20260821T023551Z.json,c2ceeb401070c2762eacf24ccfb0c55c1959bd371d9633599639d9af51dc57ce,2026-08-21T02:39:11.041866+00:00,PASS,STALE,0.1.0
L1-005,2024-10-03,0.2171,percent,FRED,THREEFYTP10,docs/phase2-ingestion/data/macro/raw/fred/THREEFYTP10-20260821T023551Z.json,c2ceeb401070c2762eacf24ccfb0c55c1959bd371d9633599639d9af51dc57ce,2026-08-21T02:39:11.041866+00:00,PASS,STALE,0.1.0
L1-005,2024-10-04,0.2854,percent,FRED,THREEFYTP10,docs/phase2-ingestion/data/macro/raw/fred/THREEFYTP10-20260821T023551Z.json,c2ceeb401070c2762eacf24ccfb0c55c1959bd371d9633599639d9af51dc57ce,2026-08-21T02:39:11.041866+00:00,PASS,STALE,0.1.0
L1-005,2024-10-07,0.3202,percent,FRED,THREEFYTP10,docs/phase2-ingestion/data/macro/raw/fred/THREEFYTP10-20260821T023551Z.json,c2ceeb401070c2762eacf24ccfb0c55c1959bd371d9633599639d9af51dc57ce,2026-08-21T02:39:11.041866+00:00,PASS,STALE,0.1.0
L1-005,2024-10-08,0.3255,percent,FRED,THREEFYTP10,docs/phase2-ingestion/data/macro/raw/fred/THREEFYTP10-20260821T023551Z.json,c2ceeb401070c2762eacf24ccfb0c55c1959bd371d9633599639d9af51dc57ce,2026-08-21T02:39:11.041866+00:00,PASS,STALE,0.1.0
L1-005,2024-10-09,0.3424,percent,FRED,THREEFYTP10,docs/phase2-ingestion/data/macro/raw/fred/THREEFYTP10-20260821T023551Z.json,c2ceeb401070c2762eacf24ccfb0c55c1959bd371d9633599639d9af51dc57ce,2026-08-21T02:39:11.041866+00:00,PASS,STALE,0.1.0
L1-005,2024-10-10,0.3499,percent,FRED,THREEFYTP10,docs/phase2-ingestion/data/macro/raw/fred/THREEFYTP10-20260821T023551Z.json,c2ceeb401070c2762eacf24ccfb0c55c1959bd371d9633599639d9af51dc57ce,2026-08-21T02:39:11.041866+00:00,PASS,STALE,0.1.0
L1-005,2024-10-11,0.3485,percent,FRED,THREEFYTP10,docs/phase2-ingestion/data/macro/raw/fred/THREEFYTP10-20260821T023551Z.json,c2ceeb401070c2762eacf24ccfb0c55c1959bd371d9633599639d9af51dc57ce,2026-08-21T02:39:11.041866+00:00,PASS,STALE,0.1.0
L1-005,2024-10-15,0.3333,percent,FRED,THREEFYTP10,docs/phase2-ingestion/data/macro/raw/fred/THREEFYTP10-20260821T023551Z.json,c2ceeb401070c2762eacf24ccfb0c55c1959bd371d9633599639d9af51dc57ce,2026-08-21T02:39:11.041866+00:00,PASS,STALE,0.1.0
L1-005,2024-10-16,0.3249,percent,FRED,THREEFYTP10,docs/phase2-ingestion/data/macro/raw/fred/THREEFYTP10-20260821T023551Z.json,c2ceeb401070c2762eacf24ccfb0c55c1959bd371d9633599639d9af51dc57ce,2026-08-21T02:39:11.041866+00:00,PASS,STALE,0.1.0
L1-005,2024-10-17,0.3495,percent,FRED,THREEFYTP10,docs/phase2-ingestion/data/macro/raw/fred/THREEFYTP10-20260821T023551Z.json,c2ceeb401070c2762eacf24ccfb0c55c1959bd371d9633599639d9af51dc57ce,2026-08-21T02:39:11.041866+00:00,PASS,STALE,0.1.0
L1-005,2024-10-18,0.349,percent,FRED,THREEFYTP10,docs/phase2-ingestion/data/macro/raw/fred/THREEFYTP10-20260821T023551Z.json,c2ceeb401070c2762eacf24ccfb0c55c1959bd371d9633599639d9af51dc57ce,2026-08-21T02:39:11.041866+00:00,PASS,STALE,0.1.0
L1-005,2024-10-21,0.3916,percent,FRED,THREEFYTP10,docs/phase2-ingestion/data/macro/raw/fred/THREEFYTP10-20260821T023551Z.json,c2ceeb401070c2762eacf24ccfb0c55c1959bd371d9633599639d9af51dc57ce,2026-08-21T02:39:11.041866+00:00,PASS,STALE,0.1.0
L1-005,2024-10-22,0.4123,percent,FRED,THREEFYTP10,docs/phase2-ingestion/data/macro/raw/fred/THREEFYTP10-20260821T023551Z.json,c2ceeb401070c2762eacf24ccfb0c55c1959bd371d9633599639d9af51dc57ce,2026-08-21T02:39:11.041866+00:00,PASS,STALE,0.1.0
L1-005,2024-10-23,0.4356,percent,FRED,THREEFYTP10,docs/phase2-ingestion/data/macro/raw/fred/THREEFYTP10-20260821T023551Z.json,c2ceeb401070c2762eacf24ccfb0c55c1959bd371d9633599639d9af51dc57ce,2026-08-21T02:39:11.041866+00:00,PASS,STALE,0.1.0
L1-005,2024-10-24,0.433,percent,FRED,THREEFYTP10,docs/phase2-ingestion/data/macro/raw/fred/THREEFYTP10-20260821T023551Z.json,c2ceeb401070c2762eacf24ccfb0c55c1959bd371d9633599639d9af51dc57ce,2026-08-21T02:39:11.041866+00:00,PASS,STALE,0.1.0
L1-005,2024-10-25,0.4467,percent,FRED,THREEFYTP10,docs/phase2-ingestion/data/macro/raw/fred/THREEFYTP10-20260821T023551Z.json,c2ceeb401070c2762eacf24ccfb0c55c1959bd371d9633599639d9af51dc57ce,2026-08-21T02:39:11.041866+00:00,PASS,STALE,0.1.0
L1-005,2024-10-28,0.4666,percent,FRED,THREEFYTP10,docs/phase2-ingestion/data/macro/raw/fred/THREEFYTP10-20260821T023551Z.json,c2ceeb401070c2762eacf24ccfb0c55c1959bd371d9633599639d9af51dc57ce,2026-08-21T02:39:11.041866+00:00,PASS,STALE,0.1.0
L1-005,2024-10-29,0.472,percent,FRED,THREEFYTP10,docs/phase2-ingestion/data/macro/raw/fred/THREEFYTP10-20260821T023551Z.json,c2ceeb401070c2762eacf24ccfb0c55c1959bd371d9633599639d9af51dc57ce,2026-08-21T02:39:11.041866+00:00,PASS,STALE,0.1.0
L1-005,2024-10-30,0.4842,percent,FRED,THREEFYTP10,docs/phase2-ingestion/data/macro/raw/fred/THREEFYTP10-20260821T023551Z.json,c2ceeb401070c2762eacf24ccfb0c55c1959bd371d9633599639d9af51dc57ce,2026-08-21T02:39:11.041866+00:00,PASS,STALE,0.1.0
L1-005,2024-10-31,0.489,percent,FRED,THREEFYTP10,docs/phase2-ingestion/data/macro/raw/fred/THREEFYTP10-20260821T023551Z.json,c2ceeb401070c2762eacf24ccfb0c55c1959bd371d9633599639d9af51dc57ce,2026-08-21T02:39:11.041866+00:00,PASS,STALE,0.1.0
L1-005,2024-11-01,0.5269,percent,FRED,THREEFYTP10,docs/phase2-ingestion/data/macro/raw/fred/THREEFYTP10-20260821T023551Z.json,c2ceeb401070c2762eacf24ccfb0c55c1959bd371d9633599639d9af51dc57ce,2026-08-21T02:39:11.041866+00:00,PASS,STALE,0.1.0
L1-005,2024-11-04,0.5158,percent,FRED,THREEFYTP10,docs/phase2-ingestion/data/macro/raw/fred/THREEFYTP10-20260821T023551Z.json,c2ceeb401070c2762eacf24ccfb0c55c1959bd371d9633599639d9af51dc57ce,2026-08-21T02:39:11.041866+00:00,PASS,STALE,0.1.0
L1-005,2024-11-05,0.5071,percent,FRED,THREEFYTP10,docs/phase2-ingestion/data/macro/raw/fred/THREEFYTP10-20260821T023551Z.json,c2ceeb401070c2762eacf24ccfb0c55c1959bd371d9633599639d9af51dc57ce,2026-08-21T02:39:11.041866+00:00,PASS,STALE,0.1.0
L1-005,2024-11-06,0.5564,percent,FRED,THREEFYTP10,docs/phase2-ingestion/data/macro/raw/fred/THREEFYTP10-20260821T023551Z.json,c2ceeb401070c2762eacf24ccfb0c55c1959bd371d9633599639d9af51dc57ce,2026-08-21T02:39:11.041866+00:00,PASS,STALE,0.1.0
L1-005,2024-11-07,0.5284,percent,FRED,THREEFYTP10,docs/phase2-ingestion/data/macro/raw/fred/THREEFYTP10-20260821T023551Z.json,c2ceeb401070c2762eacf24ccfb0c55c1959bd371d9633599639d9af51dc57ce,2026-08-21T02:39:11.041866+00:00,PASS,STALE,0.1.0
L1-005,2024-11-08,0.5171,percent,FRED,THREEFYTP10,docs/phase2-ingestion/data/macro/raw/fred/THREEFYTP10-20260821T023551Z.json,c2ceeb401070c2762eacf24ccfb0c55c1959bd371d9633599639d9af51dc57ce,2026-08-21T02:39:11.041866+00:00,PASS,STALE,0.1.0
L1-005,2024-11-12,0.5608,percent,FRED,THREEFYTP10,docs/phase2-ingestion/data/macro/raw/fred/THREEFYTP10-20260821T023551Z.json,c2ceeb401070c2762eacf24ccfb0c55c1959bd371d9633599639d9af51dc57ce,2026-08-21T02:39:11.041866+00:00,PASS,STALE,0.1.0
L1-005,2024-11-13,0.5745,percent,FRED,THREEFYTP10,docs/phase2-ingestion/data/macro/raw/fred/THREEFYTP10-20260821T023551Z.json,c2ceeb401070c2762eacf24ccfb0c55c1959bd371d9633599639d9af51dc57ce,2026-08-21T02:39:11.041866+00:00,PASS,STALE,0.1.0
L1-005,2024-11-14,0.5777,percent,FRED,THREEFYTP10,docs/phase2-ingestion/data/macro/raw/fred/THREEFYTP10-20260821T023551Z.json,c2ceeb401070c2762eacf24ccfb0c55c1959bd371d9633599639d9af51dc57ce,2026-08-21T02:39:11.041866+00:00,PASS,STALE,0.1.0
L1-005,2024-11-15,0.5757,percent,FRED,THREEFYTP10,docs/phase2-ingestion/data/macro/raw/fred/THREEFYTP10-20260821T023551Z.json,c2ceeb401070c2762eacf24ccfb0c55c1959bd371d9633599639d9af51dc57ce,2026-08-21T02:39:11.041866+00:00,PASS,STALE,0.1.0
L1-005,2024-11-18,0.5689,percent,FRED,THREEFYTP10,docs/phase2-ingestion/data/macro/raw/fred/THREEFYTP10-20260821T023551Z.json,c2ceeb401070c2762eacf24ccfb0c55c1959bd371d9633599639d9af51dc57ce,2026-08-21T02:39:11.041866+00:00,PASS,STALE,0.1.0
L1-005,2024-11-19,0.5548,percent,FRED,THREEFYTP10,docs/phase2-ingestion/data/macro/raw/fred/THREEFYTP10-20260821T023551Z.json,c2ceeb401070c2762eacf24ccfb0c55c1959bd371d9633599639d9af51dc57ce,2026-08-21T02:39:11.041866+00:00,PASS,STALE,0.1.0
L1-005,2024-11-20,0.5547,percent,FRED,THREEFYTP10,docs/phase2-ingestion/data/macro/raw/fred/THREEFYTP10-20260821T023551Z.json,c2ceeb401070c2762eacf24ccfb0c55c1959bd371d9633599639d9af51dc57ce,2026-08-21T02:39:11.041866+00:00,PASS,STALE,0.1.0
L1-005,2024-11-21,0.5642,percent,FRED,THREEFYTP10,docs/phase2-ingestion/data/macro/raw/fred/THREEFYTP10-20260821T023551Z.json,c2ceeb401070c2762eacf24ccfb0c55c1959bd371d9633599639d9af51dc57ce,2026-08-21T02:39:11.041866+00:00,PASS,STALE,0.1.0
L1-005,2024-11-22,0.5626,percent,FRED,THREEFYTP10,docs/phase2-ingestion/data/macro/raw/fred/THREEFYTP10-20260821T023551Z.json,c2ceeb401070c2762eacf24ccfb0c55c1959bd371d9633599639d9af51dc57ce,2026-08-21T02:39:11.041866+00:00,PASS,STALE,0.1.0
L1-005,2024-11-25,0.5048,percent,FRED,THREEFYTP10,docs/phase2-ingestion/data/macro/raw/fred/THREEFYTP10-20260821T023551Z.json,c2ceeb401070c2762eacf24ccfb0c55c1959bd371d9633599639d9af51dc57ce,2026-08-21T02:39:11.041866+00:00,PASS,STALE,0.1.0
L1-005,2024-11-26,0.5022,percent,FRED,THREEFYTP10,docs/phase2-ingestion/data/macro/raw/fred/THREEFYTP10-20260821T023551Z.json,c2ceeb401070c2762eacf24ccfb0c55c1959bd371d9633599639d9af51dc57ce,2026-08-21T02:39:11.041866+00:00,PASS,STALE,0.1.0
L1-005,2024-11-27,0.4783,percent,FRED,THREEFYTP10,docs/phase2-ingestion/data/macro/raw/fred/THREEFYTP10-20260821T023551Z.json,c2ceeb401070c2762eacf24ccfb0c55c1959bd371d9633599639d9af51dc57ce,2026-08-21T02:39:11.041866+00:00,PASS,STALE,0.1.0
L1-005,2024-11-29,0.4489,percent,FRED,THREEFYTP10,docs/phase2-ingestion/data/macro/raw/fred/THREEFYTP10-20260821T023551Z.json,c2ceeb401070c2762eacf24ccfb0c55c1959bd371d9633599639d9af51dc57ce,2026-08-21T02:39:11.041866+00:00,PASS,STALE,0.1.0
L1-005,2024-12-02,0.4453,percent,FRED,THREEFYTP10,docs/phase2-ingestion/data/macro/raw/fred/THREEFYTP10-20260821T023551Z.json,c2ceeb401070c2762eacf24ccfb0c55c1959bd371d9633599639d9af51dc57ce,2026-08-21T02:39:11.041866+00:00,PASS,STALE,0.1.0
L1-005,2024-12-03,0.4605,percent,FRED,THREEFYTP10,docs/phase2-ingestion/data/macro/raw/fred/THREEFYTP10-20260821T023551Z.json,c2ceeb401070c2762eacf24ccfb0c55c1959bd371d9633599639d9af51dc57ce,2026-08-21T02:39:11.041866+00:00,PASS,STALE,0.1.0
L1-005,2024-12-04,0.4537,percent,FRED,THREEFYTP10,docs/phase2-ingestion/data/macro/raw/fred/THREEFYTP10-20260821T023551Z.json,c2ceeb401070c2762eacf24ccfb0c55c1959bd371d9633599639d9af51dc57ce,2026-08-21T02:39:11.041866+00:00,PASS,STALE,0.1.0
L1-005,2024-12-05,0.4479,percent,FRED,THREEFYTP10,docs/phase2-ingestion/data/macro/raw/fred/THREEFYTP10-20260821T023551Z.json,c2ceeb401070c2762eacf24ccfb0c55c1959bd371d9633599639d9af51dc57ce,2026-08-21T02:39:11.041866+00:00,PASS,STALE,0.1.0
L1-005,2024-12-06,0.439,percent,FRED,THREEFYTP10,docs/phase2-ingestion/data/macro/raw/fred/THREEFYTP10-20260821T023551Z.json,c2ceeb401070c2762eacf24ccfb0c55c1959bd371d9633599639d9af51dc57ce,2026-08-21T02:39:11.041866+00:00,PASS,STALE,0.1.0
L1-005,2024-12-09,0.454,percent,FRED,THREEFYTP10,docs/phase2-ingestion/data/macro/raw/fred/THREEFYTP10-20260821T023551Z.json,c2ceeb401070c2762eacf24ccfb0c55c1959bd371d9633599639d9af51dc57ce,2026-08-21T02:39:11.041866+00:00,PASS,STALE,0.1.0
L1-005,2024-12-10,0.4686,percent,FRED,THREEFYTP10,docs/phase2-ingestion/data/macro/raw/fred/THREEFYTP10-20260821T023551Z.json,c2ceeb401070c2762eacf24ccfb0c55c1959bd371d9633599639d9af51dc57ce,2026-08-21T02:39:11.041866+00:00,PASS,STALE,0.1.0
L1-005,2024-12-11,0.4941,percent,FRED,THREEFYTP10,docs/phase2-ingestion/data/macro/raw/fred/THREEFYTP10-20260821T023551Z.json,c2ceeb401070c2762eacf24ccfb0c55c1959bd371d9633599639d9af51dc57ce,2026-08-21T02:39:11.041866+00:00,PASS,STALE,0.1.0
L1-005,2024-12-12,0.5276,percent,FRED,THREEFYTP10,docs/phase2-ingestion/data/macro/raw/fred/THREEFYTP10-20260821T023551Z.json,c2ceeb401070c2762eacf24ccfb0c55c1959bd371d9633599639d9af51dc57ce,2026-08-21T02:39:11.041866+00:00,PASS,STALE,0.1.0
L1-005,2024-12-13,0.5706,percent,FRED,THREEFYTP10,docs/phase2-ingestion/data/macro/raw/fred/THREEFYTP10-20260821T023551Z.json,c2ceeb401070c2762eacf24ccfb0c55c1959bd371d9633599639d9af51dc57ce,2026-08-21T02:39:11.041866+00:00,PASS,STALE,0.1.0
L1-005,2024-12-16,0.5798,percent,FRED,THREEFYTP10,docs/phase2-ingestion/data/macro/raw/fred/THREEFYTP10-20260821T023551Z.json,c2ceeb401070c2762eacf24ccfb0c55c1959bd371d9633599639d9af51dc57ce,2026-08-21T02:39:11.041866+00:00,PASS,STALE,0.1.0
L1-005,2024-12-17,0.5854,percent,FRED,THREEFYTP10,docs/phase2-ingestion/data/macro/raw/fred/THREEFYTP10-20260821T023551Z.json,c2ceeb401070c2762eacf24ccfb0c55c1959bd371d9633599639d9af51dc57ce,2026-08-21T02:39:11.041866+00:00,PASS,STALE,0.1.0
L1-005,2024-12-18,0.6412,percent,FRED,THREEFYTP10,docs/phase2-ingestion/data/macro/raw/fred/THREEFYTP10-20260821T023551Z.json,c2ceeb401070c2762eacf24ccfb0c55c1959bd371d9633599639d9af51dc57ce,2026-08-21T02:39:11.041866+00:00,PASS,STALE,0.1.0
L1-005,2024-12-19,0.6778,percent,FRED,THREEFYTP10,docs/phase2-ingestion/data/macro/raw/fred/THREEFYTP10-20260821T023551Z.json,c2ceeb401070c2762eacf24ccfb0c55c1959bd371d9633599639d9af51dc57ce,2026-08-21T02:39:11.041866+00:00,PASS,STALE,0.1.0
L1-005,2024-12-20,0.6682,percent,FRED,THREEFYTP10,docs/phase2-ingestion/data/macro/raw/fred/THREEFYTP10-20260821T023551Z.json,c2ceeb401070c2762eacf24ccfb0c55c1959bd371d9633599639d9af51dc57ce,2026-08-21T02:39:11.041866+00:00,PASS,STALE,0.1.0
L1-005,2024-12-23,0.6941,percent,FRED,THREEFYTP10,docs/phase2-ingestion/data/macro/raw/fred/THREEFYTP10-20260821T023551Z.json,c2ceeb401070c2762eacf24ccfb0c55c1959bd371d9633599639d9af51dc57ce,2026-08-21T02:39:11.041866+00:00,PASS,STALE,0.1.0
L1-005,2024-12-24,0.7009,percent,FRED,THREEFYTP10,docs/phase2-ingestion/data/macro/raw/fred/THREEFYTP10-20260821T023551Z.json,c2ceeb401070c2762eacf24ccfb0c55c1959bd371d9633599639d9af51dc57ce,2026-08-21T02:39:11.041866+00:00,PASS,STALE,0.1.0
L1-005,2024-12-26,0.6968,percent,FRED,THREEFYTP10,docs/phase2-ingestion/data/macro/raw/fred/THREEFYTP10-20260821T023551Z.json,c2ceeb401070c2762eacf24ccfb0c55c1959bd371d9633599639d9af51dc57ce,2026-08-21T02:39:11.041866+00:00,PASS,STALE,0.1.0
L1-005,2024-12-27,0.7141,percent,FRED,THREEFYTP10,docs/phase2-ingestion/data/macro/raw/fred/THREEFYTP10-20260821T023551Z.json,c2ceeb401070c2762eacf24ccfb0c55c1959bd371d9633599639d9af51dc57ce,2026-08-21T02:39:11.041866+00:00,PASS,STALE,0.1.0
L1-005,2024-12-30,0.6861,percent,FRED,THREEFYTP10,docs/phase2-ingestion/data/macro/raw/fred/THREEFYTP10-20260821T023551Z.json,c2ceeb401070c2762eacf24ccfb0c55c1959bd371d9633599639d9af51dc57ce,2026-08-21T02:39:11.041866+00:00,PASS,STALE,0.1.0
L1-005,2024-12-31,0.6872,percent,FRED,THREEFYTP10,docs/phase2-ingestion/data/macro/raw/fred/THREEFYTP10-20260821T023551Z.json,c2ceeb401070c2762eacf24ccfb0c55c1959bd371d9633599639d9af51dc57ce,2026-08-21T02:39:11.041866+00:00,PASS,STALE,0.1.0
L1-005,2025-01-02,0.6851,percent,FRED,THREEFYTP10,docs/phase2-ingestion/data/macro/raw/fred/THREEFYTP10-20260821T023551Z.json,c2ceeb401070c2762eacf24ccfb0c55c1959bd371d9633599639d9af51dc57ce,2026-08-21T02:39:11.041866+00:00,PASS,STALE,0.1.0
L1-005,2025-01-03,0.7016,percent,FRED,THREEFYTP10,docs/phase2-ingestion/data/macro/raw/fred/THREEFYTP10-20260821T023551Z.json,c2ceeb401070c2762eacf24ccfb0c55c1959bd371d9633599639d9af51dc57ce,2026-08-21T02:39:11.041866+00:00,PASS,STALE,0.1.0
L1-005,2025-01-06,0.7121,percent,FRED,THREEFYTP10,docs/phase2-ingestion/data/macro/raw/fred/THREEFYTP10-20260821T023551Z.json,c2ceeb401070c2762eacf24ccfb0c55c1959bd371d9633599639d9af51dc57ce,2026-08-21T02:39:11.041866+00:00,PASS,STALE,0.1.0
L1-005,2025-01-07,0.7356,percent,FRED,THREEFYTP10,docs/phase2-ingestion/data/macro/raw/fred/THREEFYTP10-20260821T023551Z.json,c2ceeb401070c2762eacf24ccfb0c55c1959bd371d9633599639d9af51dc57ce,2026-08-21T02:39:11.041866+00:00,PASS,STALE,0.1.0
L1-005,2025-01-08,0.7392,percent,FRED,THREEFYTP10,docs/phase2-ingestion/data/macro/raw/fred/THREEFYTP10-20260821T023551Z.json,c2ceeb401070c2762eacf24ccfb0c55c1959bd371d9633599639d9af51dc57ce,2026-08-21T02:39:11.041866+00:00,PASS,STALE,0.1.0
L1-005,2025-01-09,0.7465,percent,FRED,THREEFYTP10,docs/phase2-ingestion/data/macro/raw/fred/THREEFYTP10-20260821T023551Z.json,c2ceeb401070c2762eacf24ccfb0c55c1959bd371d9633599639d9af51dc57ce,2026-08-21T02:39:11.041866+00:00,PASS,STALE,0.1.0
L1-005,2025-01-10,0.7964,percent,FRED,THREEFYTP10,docs/phase2-ingestion/data/macro/raw/fred/THREEFYTP10-20260821T023551Z.json,c2ceeb401070c2762eacf24ccfb0c55c1959bd371d9633599639d9af51dc57ce,2026-08-21T02:39:11.041866+00:00,PASS,STALE,0.1.0
L1-005,2025-01-13,0.8131,percent,FRED,THREEFYTP10,docs/phase2-ingestion/data/macro/raw/fred/THREEFYTP10-20260821T023551Z.json,c2ceeb401070c2762eacf24ccfb0c55c1959bd371d9633599639d9af51dc57ce,2026-08-21T02:39:11.041866+00:00,PASS,STALE,0.1.0
L1-005,2025-01-14,0.8122,percent,FRED,THREEFYTP10,docs/phase2-ingestion/data/macro/raw/fred/THREEFYTP10-20260821T023551Z.json,c2ceeb401070c2762eacf24ccfb0c55c1959bd371d9633599639d9af51dc57ce,2026-08-21T02:39:11.041866+00:00,PASS,STALE,0.1.0
L1-005,2025-01-15,0.7574,percent,FRED,THREEFYTP10,docs/phase2-ingestion/data/macro/raw/fred/THREEFYTP10-20260821T023551Z.json,c2ceeb401070c2762eacf24ccfb0c55c1959bd371d9633599639d9af51dc57ce,2026-08-21T02:39:11.041866+00:00,PASS,STALE,0.1.0
L1-005,2025-01-16,0.7249,percent,FRED,THREEFYTP10,docs/phase2-ingestion/data/macro/raw/fred/THREEFYTP10-20260821T023551Z.json,c2ceeb401070c2762eacf24ccfb0c55c1959bd371d9633599639d9af51dc57ce,2026-08-21T02:39:11.041866+00:00,PASS,STALE,0.1.0
L1-005,2025-01-17,0.7198,percent,FRED,THREEFYTP10,docs/phase2-ingestion/data/macro/raw/fred/THREEFYTP10-20260821T023551Z.json,c2ceeb401070c2762eacf24ccfb0c55c1959bd371d9633599639d9af51dc57ce,2026-08-21T02:39:11.041866+00:00,PASS,STALE,0.1.0
L1-005,2025-01-21,0.7033,percent,FRED,THREEFYTP10,docs/phase2-ingestion/data/macro/raw/fred/THREEFYTP10-20260821T023551Z.json,c2ceeb401070c2762eacf24ccfb0c55c1959bd371d9633599639d9af51dc57ce,2026-08-21T02:39:11.041866+00:00,PASS,STALE,0.1.0
L1-005,2025-01-22,0.7071,percent,FRED,THREEFYTP10,docs/phase2-ingestion/data/macro/raw/fred/THREEFYTP10-20260821T023551Z.json,c2ceeb401070c2762eacf24ccfb0c55c1959bd371d9633599639d9af51dc57ce,2026-08-21T02:39:11.041866+00:00,PASS,STALE,0.1.0
L1-005,2025-01-23,0.7212,percent,FRED,THREEFYTP10,docs/phase2-ingestion/data/macro/raw/fred/THREEFYTP10-20260821T023551Z.json,c2ceeb401070c2762eacf24ccfb0c55c1959bd371d9633599639d9af51dc57ce,2026-08-21T02:39:11.041866+00:00,PASS,STALE,0.1.0
L1-005,2025-01-24,0.7192,percent,FRED,THREEFYTP10,docs/phase2-ingestion/data/macro/raw/fred/THREEFYTP10-20260821T023551Z.json,c2ceeb401070c2762eacf24ccfb0c55c1959bd371d9633599639d9af51dc57ce,2026-08-21T02:39:11.041866+00:00,PASS,STALE,0.1.0
L1-005,2025-01-27,0.6816,percent,FRED,THREEFYTP10,docs/phase2-ingestion/data/macro/raw/fred/THREEFYTP10-20260821T023551Z.json,c2ceeb401070c2762eacf24ccfb0c55c1959bd371d9633599639d9af51dc57ce,2026-08-21T02:39:11.041866+00:00,PASS,STALE,0.1.0
L1-005,2025-01-28,0.6771,percent,FRED,THREEFYTP10,docs/phase2-ingestion/data/macro/raw/fred/THREEFYTP10-20260821T023551Z.json,c2ceeb401070c2762eacf24ccfb0c55c1959bd371d9633599639d9af51dc57ce,2026-08-21T02:39:11.041866+00:00,PASS,STALE,0.1.0
L1-005,2025-01-29,0.6807,percent,FRED,THREEFYTP10,docs/phase2-ingestion/data/macro/raw/fred/THREEFYTP10-20260821T023551Z.json,c2ceeb401070c2762eacf24ccfb0c55c1959bd371d9633599639d9af51dc57ce,2026-08-21T02:39:11.041866+00:00,PASS,STALE,0.1.0
L1-005,2025-01-30,0.6646,percent,FRED,THREEFYTP10,docs/phase2-ingestion/data/macro/raw/fred/THREEFYTP10-20260821T023551Z.json,c2ceeb401070c2762eacf24ccfb0c55c1959bd371d9633599639d9af51dc57ce,2026-08-21T02:39:11.041866+00:00,PASS,STALE,0.1.0
L1-005,2025-01-31,0.6836,percent,FRED,THREEFYTP10,docs/phase2-ingestion/data/macro/raw/fred/THREEFYTP10-20260821T023551Z.json,c2ceeb401070c2762eacf24ccfb0c55c1959bd371d9633599639d9af51dc57ce,2026-08-21T02:39:11.041866+00:00,PASS,STALE,0.1.0
L1-005,2025-02-03,0.6733,percent,FRED,THREEFYTP10,docs/phase2-ingestion/data/macro/raw/fred/THREEFYTP10-20260821T023551Z.json,c2ceeb401070c2762eacf24ccfb0c55c1959bd371d9633599639d9af51dc57ce,2026-08-21T02:39:11.041866+00:00,PASS,STALE,0.1.0
L1-005,2025-02-04,0.6598,percent,FRED,THREEFYTP10,docs/phase2-ingestion/data/macro/raw/fred/THREEFYTP10-20260821T023551Z.json,c2ceeb401070c2762eacf24ccfb0c55c1959bd371d9633599639d9af51dc57ce,2026-08-21T02:39:11.041866+00:00,PASS,STALE,0.1.0
L1-005,2025-02-05,0.6215,percent,FRED,THREEFYTP10,docs/phase2-ingestion/data/macro/raw/fred/THREEFYTP10-20260821T023551Z.json,c2ceeb401070c2762eacf24ccfb0c55c1959bd371d9633599639d9af51dc57ce,2026-08-21T02:39:11.041866+00:00,PASS,STALE,0.1.0
L1-005,2025-02-06,0.62,percent,FRED,THREEFYTP10,docs/phase2-ingestion/data/macro/raw/fred/THREEFYTP10-20260821T023551Z.json,c2ceeb401070c2762eacf24ccfb0c55c1959bd371d9633599639d9af51dc57ce,2026-08-21T02:39:11.041866+00:00,PASS,STALE,0.1.0
L1-005,2025-02-07,0.6365,percent,FRED,THREEFYTP10,docs/phase2-ingestion/data/macro/raw/fred/THREEFYTP10-20260821T023551Z.json,c2ceeb401070c2762eacf24ccfb0c55c1959bd371d9633599639d9af51dc57ce,2026-08-21T02:39:11.041866+00:00,PASS,STALE,0.1.0
L1-005,2025-02-10,0.6387,percent,FRED,THREEFYTP10,docs/phase2-ingestion/data/macro/raw/fred/THREEFYTP10-20260821T023551Z.json,c2ceeb401070c2762eacf24ccfb0c55c1959bd371d9633599639d9af51dc57ce,2026-08-21T02:39:11.041866+00:00,PASS,STALE,0.1.0
L1-005,2025-02-11,0.6508,percent,FRED,THREEFYTP10,docs/phase2-ingestion/data/macro/raw/fred/THREEFYTP10-20260821T023551Z.json,c2ceeb401070c2762eacf24ccfb0c55c1959bd371d9633599639d9af51dc57ce,2026-08-21T02:39:11.041866+00:00,PASS,STALE,0.1.0
L1-005,2025-02-12,0.6974,percent,FRED,THREEFYTP10,docs/phase2-ingestion/data/macro/raw/fred/THREEFYTP10-20260821T023551Z.json,c2ceeb401070c2762eacf24ccfb0c55c1959bd371d9633599639d9af51dc57ce,2026-08-21T02:39:11.041866+00:00,PASS,STALE,0.1.0
L1-005,2025-02-13,0.6705,percent,FRED,THREEFYTP10,docs/phase2-ingestion/data/macro/raw/fred/THREEFYTP10-20260821T023551Z.json,c2ceeb401070c2762eacf24ccfb0c55c1959bd371d9633599639d9af51dc57ce,2026-08-21T02:39:11.041866+00:00,PASS,STALE,0.1.0
L1-005,2025-02-14,0.6417,percent,FRED,THREEFYTP10,docs/phase2-ingestion/data/macro/raw/fred/THREEFYTP10-20260821T023551Z.json,c2ceeb401070c2762eacf24ccfb0c55c1959bd371d9633599639d9af51dc57ce,2026-08-21T02:39:11.041866+00:00,PASS,STALE,0.1.0
L1-005,2025-02-18,0.662,percent,FRED,THREEFYTP10,docs/phase2-ingestion/data/macro/raw/fred/THREEFYTP10-20260821T023551Z.json,c2ceeb401070c2762eacf24ccfb0c55c1959bd371d9633599639d9af51dc57ce,2026-08-21T02:39:11.041866+00:00,PASS,STALE,0.1.0
L1-005,2025-02-19,0.657,percent,FRED,THREEFYTP10,docs/phase2-ingestion/data/macro/raw/fred/THREEFYTP10-20260821T023551Z.json,c2ceeb401070c2762eacf24ccfb0c55c1959bd371d9633599639d9af51dc57ce,2026-08-21T02:39:11.041866+00:00,PASS,STALE,0.1.0
L1-005,2025-02-20,0.6477,percent,FRED,THREEFYTP10,docs/phase2-ingestion/data/macro/raw/fred/THREEFYTP10-20260821T023551Z.json,c2ceeb401070c2762eacf24ccfb0c55c1959bd371d9633599639d9af51dc57ce,2026-08-21T02:39:11.041866+00:00,PASS,STALE,0.1.0
L1-005,2025-02-21,0.6161,percent,FRED,THREEFYTP10,docs/phase2-ingestion/data/macro/raw/fred/THREEFYTP10-20260821T023551Z.json,c2ceeb401070c2762eacf24ccfb0c55c1959bd371d9633599639d9af51dc57ce,2026-08-21T02:39:11.041866+00:00,PASS,STALE,0.1.0
L1-005,2025-02-24,0.6017,percent,FRED,THREEFYTP10,docs/phase2-ingestion/data/macro/raw/fred/THREEFYTP10-20260821T023551Z.json,c2ceeb401070c2762eacf24ccfb0c55c1959bd371d9633599639d9af51dc57ce,2026-08-21T02:39:11.041866+00:00,PASS,STALE,0.1.0
L1-005,2025-02-25,0.557,percent,FRED,THREEFYTP10,docs/phase2-ingestion/data/macro/raw/fred/THREEFYTP10-20260821T023551Z.json,c2ceeb401070c2762eacf24ccfb0c55c1959bd371d9633599639d9af51dc57ce,2026-08-21T02:39:11.041866+00:00,PASS,STALE,0.1.0
L1-005,2025-02-26,0.5249,percent,FRED,THREEFYTP10,docs/phase2-ingestion/data/macro/raw/fred/THREEFYTP10-20260821T023551Z.json,c2ceeb401070c2762eacf24ccfb0c55c1959bd371d9633599639d9af51dc57ce,2026-08-21T02:39:11.041866+00:00,PASS,STALE,0.1.0
L1-005,2025-02-27,0.5274,percent,FRED,THREEFYTP10,docs/phase2-ingestion/data/macro/raw/fred/THREEFYTP10-20260821T023551Z.json,c2ceeb401070c2762eacf24ccfb0c55c1959bd371d9633599639d9af51dc57ce,2026-08-21T02:39:11.041866+00:00,PASS,STALE,0.1.0
L1-005,2025-02-28,0.5063,percent,FRED,THREEFYTP10,docs/phase2-ingestion/data/macro/raw/fred/THREEFYTP10-20260821T023551Z.json,c2ceeb401070c2762eacf24ccfb0c55c1959bd371d9633599639d9af51dc57ce,2026-08-21T02:39:11.041866+00:00,PASS,STALE,0.1.0
L1-005,2025-03-03,0.4751,percent,FRED,THREEFYTP10,docs/phase2-ingestion/data/macro/raw/fred/THREEFYTP10-20260821T023551Z.json,c2ceeb401070c2762eacf24ccfb0c55c1959bd371d9633599639d9af51dc57ce,2026-08-21T02:39:11.041866+00:00,PASS,STALE,0.1.0
L1-005,2025-03-04,0.488,percent,FRED,THREEFYTP10,docs/phase2-ingestion/data/macro/raw/fred/THREEFYTP10-20260821T023551Z.json,c2ceeb401070c2762eacf24ccfb0c55c1959bd371d9633599639d9af51dc57ce,2026-08-21T02:39:11.041866+00:00,PASS,STALE,0.1.0
L1-005,2025-03-05,0.5178,percent,FRED,THREEFYTP10,docs/phase2-ingestion/data/macro/raw/fred/THREEFYTP10-20260821T023551Z.json,c2ceeb401070c2762eacf24ccfb0c55c1959bd371d9633599639d9af51dc57ce,2026-08-21T02:39:11.041866+00:00,PASS,STALE,0.1.0
L1-005,2025-03-06,0.5284,percent,FRED,THREEFYTP10,docs/phase2-ingestion/data/macro/raw/fred/THREEFYTP10-20260821T023551Z.json,c2ceeb401070c2762eacf24ccfb0c55c1959bd371d9633599639d9af51dc57ce,2026-08-21T02:39:11.041866+00:00,PASS,STALE,0.1.0
L1-005,2025-03-07,0.5439,percent,FRED,THREEFYTP10,docs/phase2-ingestion/data/macro/raw/fred/THREEFYTP10-20260821T023551Z.json,c2ceeb401070c2762eacf24ccfb0c55c1959bd371d9633599639d9af51dc57ce,2026-08-21T02:39:11.041866+00:00,PASS,STALE,0.1.0
L1-005,2025-03-10,0.5083,percent,FRED,THREEFYTP10,docs/phase2-ingestion/data/macro/raw/fred/THREEFYTP10-20260821T023551Z.json,c2ceeb401070c2762eacf24ccfb0c55c1959bd371d9633599639d9af51dc57ce,2026-08-21T02:39:11.041866+00:00,PASS,STALE,0.1.0
L1-005,2025-03-11,0.5213,percent,FRED,THREEFYTP10,docs/phase2-ingestion/data/macro/raw/fred/THREEFYTP10-20260821T023551Z.json,c2ceeb401070c2762eacf24ccfb0c55c1959bd371d9633599639d9af51dc57ce,2026-08-21T02:39:11.041866+00:00,PASS,STALE,0.1.0
L1-005,2025-03-12,0.5432,percent,FRED,THREEFYTP10,docs/phase2-ingestion/data/macro/raw/fred/THREEFYTP10-20260821T023551Z.json,c2ceeb401070c2762eacf24ccfb0c55c1959bd371d9633599639d9af51dc57ce,2026-08-21T02:39:11.041866+00:00,PASS,STALE,0.1.0
L1-005,2025-03-13,0.5271,percent,FRED,THREEFYTP10,docs/phase2-ingestion/data/macro/raw/fred/THREEFYTP10-20260821T023551Z.json,c2ceeb401070c2762eacf24ccfb0c55c1959bd371d9633599639d9af51dc57ce,2026-08-21T02:39:11.041866+00:00,PASS,STALE,0.1.0
L1-005,2025-03-14,0.5449,percent,FRED,THREEFYTP10,docs/phase2-ingestion/data/macro/raw/fred/THREEFYTP10-20260821T023551Z.json,c2ceeb401070c2762eacf24ccfb0c55c1959bd371d9633599639d9af51dc57ce,2026-08-21T02:39:11.041866+00:00,PASS,STALE,0.1.0
L1-005,2025-03-17,0.5498,percent,FRED,THREEFYTP10,docs/phase2-ingestion/data/macro/raw/fred/THREEFYTP10-20260821T023551Z.json,c2ceeb401070c2762eacf24ccfb0c55c1959bd371d9633599639d9af51dc57ce,2026-08-21T02:39:11.041866+00:00,PASS,STALE,0.1.0
L1-005,2025-03-18,0.5379,percent,FRED,THREEFYTP10,docs/phase2-ingestion/data/macro/raw/fred/THREEFYTP10-20260821T023551Z.json,c2ceeb401070c2762eacf24ccfb0c55c1959bd371d9633599639d9af51dc57ce,2026-08-21T02:39:11.041866+00:00,PASS,STALE,0.1.0
L1-005,2025-03-19,0.5183,percent,FRED,THREEFYTP10,docs/phase2-ingestion/data/macro/raw/fred/THREEFYTP10-20260821T023551Z.json,c2ceeb401070c2762eacf24ccfb0c55c1959bd371d9633599639d9af51dc57ce,2026-08-21T02:39:11.041866+00:00,PASS,STALE,0.1.0
L1-005,2025-03-20,0.506,percent,FRED,THREEFYTP10,docs/phase2-ingestion/data/macro/raw/fred/THREEFYTP10-20260821T023551Z.json,c2ceeb401070c2762eacf24ccfb0c55c1959bd371d9633599639d9af51dc57ce,2026-08-21T02:39:11.041866+00:00,PASS,STALE,0.1.0
L1-005,2025-03-21,0.5056,percent,FRED,THREEFYTP10,docs/phase2-ingestion/data/macro/raw/fred/THREEFYTP10-20260821T023551Z.json,c2ceeb401070c2762eacf24ccfb0c55c1959bd371d9633599639d9af51dc57ce,2026-08-21T02:39:11.041866+00:00,PASS,STALE,0.1.0
L1-005,2025-03-24,0.5424,percent,FRED,THREEFYTP10,docs/phase2-ingestion/data/macro/raw/fred/THREEFYTP10-20260821T023551Z.json,c2ceeb401070c2762eacf24ccfb0c55c1959bd371d9633599639d9af51dc57ce,2026-08-21T02:39:11.041866+00:00,PASS,STALE,0.1.0
L1-005,2025-03-25,0.5406,percent,FRED,THREEFYTP10,docs/phase2-ingestion/data/macro/raw/fred/THREEFYTP10-20260821T023551Z.json,c2ceeb401070c2762eacf24ccfb0c55c1959bd371d9633599639d9af51dc57ce,2026-08-21T02:39:11.041866+00:00,PASS,STALE,0.1.0
L1-005,2025-03-26,0.5522,percent,FRED,THREEFYTP10,docs/phase2-ingestion/data/macro/raw/fred/THREEFYTP10-20260821T023551Z.json,c2ceeb401070c2762eacf24ccfb0c55c1959bd371d9633599639d9af51dc57ce,2026-08-21T02:39:11.041866+00:00,PASS,STALE,0.1.0
L1-005,2025-03-27,0.5627,percent,FRED,THREEFYTP10,docs/phase2-ingestion/data/macro/raw/fred/THREEFYTP10-20260821T023551Z.json,c2ceeb401070c2762eacf24ccfb0c55c1959bd371d9633599639d9af51dc57ce,2026-08-21T02:39:11.041866+00:00,PASS,STALE,0.1.0
L1-005,2025-03-28,0.5214,percent,FRED,THREEFYTP10,docs/phase2-ingestion/data/macro/raw/fred/THREEFYTP10-20260821T023551Z.json,c2ceeb401070c2762eacf24ccfb0c55c1959bd371d9633599639d9af51dc57ce,2026-08-21T02:39:11.041866+00:00,PASS,STALE,0.1.0
L1-005,2025-03-31,0.4988,percent,FRED,THREEFYTP10,docs/phase2-ingestion/data/macro/raw/fred/THREEFYTP10-20260821T023551Z.json,c2ceeb401070c2762eacf24ccfb0c55c1959bd371d9633599639d9af51dc57ce,2026-08-21T02:39:11.041866+00:00,PASS,STALE,0.1.0
L1-005,2025-04-01,0.4715,percent,FRED,THREEFYTP10,docs/phase2-ingestion/data/macro/raw/fred/THREEFYTP10-20260821T023551Z.json,c2ceeb401070c2762eacf24ccfb0c55c1959bd371d9633599639d9af51dc57ce,2026-08-21T02:39:11.041866+00:00,PASS,STALE,0.1.0
L1-005,2025-04-02,0.4775,percent,FRED,THREEFYTP10,docs/phase2-ingestion/data/macro/raw/fred/THREEFYTP10-20260821T023551Z.json,c2ceeb401070c2762eacf24ccfb0c55c1959bd371d9633599639d9af51dc57ce,2026-08-21T02:39:11.041866+00:00,PASS,STALE,0.1.0
L1-005,2025-04-03,0.4094,percent,FRED,THREEFYTP10,docs/phase2-ingestion/data/macro/raw/fred/THREEFYTP10-20260821T023551Z.json,c2ceeb401070c2762eacf24ccfb0c55c1959bd371d9633599639d9af51dc57ce,2026-08-21T02:39:11.041866+00:00,PASS,STALE,0.1.0
L1-005,2025-04-04,0.3821,percent,FRED,THREEFYTP10,docs/phase2-ingestion/data/macro/raw/fred/THREEFYTP10-20260821T023551Z.json,c2ceeb401070c2762eacf24ccfb0c55c1959bd371d9633599639d9af51dc57ce,2026-08-21T02:39:11.041866+00:00,PASS,STALE,0.1.0
L1-005,2025-04-07,0.4271,percent,FRED,THREEFYTP10,docs/phase2-ingestion/data/macro/raw/fred/THREEFYTP10-20260821T023551Z.json,c2ceeb401070c2762eacf24ccfb0c55c1959bd371d9633599639d9af51dc57ce,2026-08-21T02:39:11.041866+00:00,PASS,STALE,0.1.0
L1-005,2025-04-08,0.4769,percent,FRED,THREEFYTP10,docs/phase2-ingestion/data/macro/raw/fred/THREEFYTP10-20260821T023551Z.json,c2ceeb401070c2762eacf24ccfb0c55c1959bd371d9633599639d9af51dc57ce,2026-08-21T02:39:11.041866+00:00,PASS,STALE,0.1.0
L1-005,2025-04-09,0.5436,percent,FRED,THREEFYTP10,docs/phase2-ingestion/data/macro/raw/fred/THREEFYTP10-20260821T023551Z.json,c2ceeb401070c2762eacf24ccfb0c55c1959bd371d9633599639d9af51dc57ce,2026-08-21T02:39:11.041866+00:00,PASS,STALE,0.1.0
L1-005,2025-04-10,0.5682,percent,FRED,THREEFYTP10,docs/phase2-ingestion/data/macro/raw/fred/THREEFYTP10-20260821T023551Z.json,c2ceeb401070c2762eacf24ccfb0c55c1959bd371d9633599639d9af51dc57ce,2026-08-21T02:39:11.041866+00:00,PASS,STALE,0.1.0
L1-005,2025-04-11,0.6161,percent,FRED,THREEFYTP10,docs/phase2-ingestion/data/macro/raw/fred/THREEFYTP10-20260821T023551Z.json,c2ceeb401070c2762eacf24ccfb0c55c1959bd371d9633599639d9af51dc57ce,2026-08-21T02:39:11.041866+00:00,PASS,STALE,0.1.0
L1-005,2025-04-14,0.5794,percent,FRED,THREEFYTP10,docs/phase2-ingestion/data/macro/raw/fred/THREEFYTP10-20260821T023551Z.json,c2ceeb401070c2762eacf24ccfb0c55c1959bd371d9633599639d9af51dc57ce,2026-08-21T02:39:11.041866+00:00,PASS,STALE,0.1.0
L1-005,2025-04-15,0.558,percent,FRED,THREEFYTP10,docs/phase2-ingestion/data/macro/raw/fred/THREEFYTP10-20260821T023551Z.json,c2ceeb401070c2762eacf24ccfb0c55c1959bd371d9633599639d9af51dc57ce,2026-08-21T02:39:11.041866+00:00,PASS,STALE,0.1.0
L1-005,2025-04-16,0.523,percent,FRED,THREEFYTP10,docs/phase2-ingestion/data/macro/raw/fred/THREEFYTP10-20260821T023551Z.json,c2ceeb401070c2762eacf24ccfb0c55c1959bd371d9633599639d9af51dc57ce,2026-08-21T02:39:11.041866+00:00,PASS,STALE,0.1.0
L1-005,2025-04-17,0.5337,percent,FRED,THREEFYTP10,docs/phase2-ingestion/data/macro/raw/fred/THREEFYTP10-20260821T023551Z.json,c2ceeb401070c2762eacf24ccfb0c55c1959bd371d9633599639d9af51dc57ce,2026-08-21T02:39:11.041866+00:00,PASS,STALE,0.1.0
L1-005,2025-04-21,0.5565,percent,FRED,THREEFYTP10,docs/phase2-ingestion/data/macro/raw/fred/THREEFYTP10-20260821T023551Z.json,c2ceeb401070c2762eacf24ccfb0c55c1959bd371d9633599639d9af51dc57ce,2026-08-21T02:39:11.041866+00:00,PASS,STALE,0.1.0
L1-005,2025-04-22,0.5668,percent,FRED,THREEFYTP10,docs/phase2-ingestion/data/macro/raw/fred/THREEFYTP10-20260821T023551Z.json,c2ceeb401070c2762eacf24ccfb0c55c1959bd371d9633599639d9af51dc57ce,2026-08-21T02:39:11.041866+00:00,PASS,STALE,0.1.0
L1-005,2025-04-23,0.5721,percent,FRED,THREEFYTP10,docs/phase2-ingestion/data/macro/raw/fred/THREEFYTP10-20260821T023551Z.json,c2ceeb401070c2762eacf24ccfb0c55c1959bd371d9633599639d9af51dc57ce,2026-08-21T02:39:11.041866+00:00,PASS,STALE,0.1.0
L1-005,2025-04-24,0.5396,percent,FRED,THREEFYTP10,docs/phase2-ingestion/data/macro/raw/fred/THREEFYTP10-20260821T023551Z.json,c2ceeb401070c2762eacf24ccfb0c55c1959bd371d9633599639d9af51dc57ce,2026-08-21T02:39:11.041866+00:00,PASS,STALE,0.1.0
L1-005,2025-04-25,0.5131,percent,FRED,THREEFYTP10,docs/phase2-ingestion/data/macro/raw/fred/THREEFYTP10-20260821T023551Z.json,c2ceeb401070c2762eacf24ccfb0c55c1959bd371d9633599639d9af51dc57ce,2026-08-21T02:39:11.041866+00:00,PASS,STALE,0.1.0
L1-005,2025-04-28,0.4805,percent,FRED,THREEFYTP10,docs/phase2-ingestion/data/macro/raw/fred/THREEFYTP10-20260821T023551Z.json,c2ceeb401070c2762eacf24ccfb0c55c1959bd371d9633599639d9af51dc57ce,2026-08-21T02:39:11.041866+00:00,PASS,STALE,0.1.0
L1-005,2025-04-29,0.4541,percent,FRED,THREEFYTP10,docs/phase2-ingestion/data/macro/raw/fred/THREEFYTP10-20260821T023551Z.json,c2ceeb401070c2762eacf24ccfb0c55c1959bd371d9633599639d9af51dc57ce,2026-08-21T02:39:11.041866+00:00,PASS,STALE,0.1.0
L1-005,2025-04-30,0.435,percent,FRED,THREEFYTP10,docs/phase2-ingestion/data/macro/raw/fred/THREEFYTP10-20260821T023551Z.json,c2ceeb401070c2762eacf24ccfb0c55c1959bd371d9633599639d9af51dc57ce,2026-08-21T02:39:11.041866+00:00,PASS,STALE,0.1.0
L1-005,2025-05-01,0.4655,percent,FRED,THREEFYTP10,docs/phase2-ingestion/data/macro/raw/fred/THREEFYTP10-20260821T023551Z.json,c2ceeb401070c2762eacf24ccfb0c55c1959bd371d9633599639d9af51dc57ce,2026-08-21T02:39:11.041866+00:00,PASS,STALE,0.1.0
L1-005,2025-05-02,0.5073,percent,FRED,THREEFYTP10,docs/phase2-ingestion/data/macro/raw/fred/THREEFYTP10-20260821T023551Z.json,c2ceeb401070c2762eacf24ccfb0c55c1959bd371d9633599639d9af51dc57ce,2026-08-21T02:39:11.041866+00:00,PASS,STALE,0.1.0
L1-005,2025-05-05,0.526,percent,FRED,THREEFYTP10,docs/phase2-ingestion/data/macro/raw/fred/THREEFYTP10-20260821T023551Z.json,c2ceeb401070c2762eacf24ccfb0c55c1959bd371d9633599639d9af51dc57ce,2026-08-21T02:39:11.041866+00:00,PASS,STALE,0.1.0
L1-005,2025-05-06,0.5164,percent,FRED,THREEFYTP10,docs/phase2-ingestion/data/macro/raw/fred/THREEFYTP10-20260821T023551Z.json,c2ceeb401070c2762eacf24ccfb0c55c1959bd371d9633599639d9af51dc57ce,2026-08-21T02:39:11.041866+00:00,PASS,STALE,0.1.0
L1-005,2025-05-07,0.4996,percent,FRED,THREEFYTP10,docs/phase2-ingestion/data/macro/raw/fred/THREEFYTP10-20260821T023551Z.json,c2ceeb401070c2762eacf24ccfb0c55c1959bd371d9633599639d9af51dc57ce,2026-08-21T02:39:11.041866+00:00,PASS,STALE,0.1.0
L1-005,2025-05-08,0.5413,percent,FRED,THREEFYTP10,docs/phase2-ingestion/data/macro/raw/fred/THREEFYTP10-20260821T023551Z.json,c2ceeb401070c2762eacf24ccfb0c55c1959bd371d9633599639d9af51dc57ce,2026-08-21T02:39:11.041866+00:00,PASS,STALE,0.1.0
L1-005,2025-05-09,0.5503,percent,FRED,THREEFYTP10,docs/phase2-ingestion/data/macro/raw/fred/THREEFYTP10-20260821T023551Z.json,c2ceeb401070c2762eacf24ccfb0c55c1959bd371d9633599639d9af51dc57ce,2026-08-21T02:39:11.041866+00:00,PASS,STALE,0.1.0
L1-005,2025-05-12,0.5831,percent,FRED,THREEFYTP10,docs/phase2-ingestion/data/macro/raw/fred/THREEFYTP10-20260821T023551Z.json,c2ceeb401070c2762eacf24ccfb0c55c1959bd371d9633599639d9af51dc57ce,2026-08-21T02:39:11.041866+00:00,PASS,STALE,0.1.0
L1-005,2025-05-13,0.6037,percent,FRED,THREEFYTP10,docs/phase2-ingestion/data/macro/raw/fred/THREEFYTP10-20260821T023551Z.json,c2ceeb401070c2762eacf24ccfb0c55c1959bd371d9633599639d9af51dc57ce,2026-08-21T02:39:11.041866+00:00,PASS,STALE,0.1.0
L1-005,2025-05-14,0.6244,percent,FRED,THREEFYTP10,docs/phase2-ingestion/data/macro/raw/fred/THREEFYTP10-20260821T023551Z.json,c2ceeb401070c2762eacf24ccfb0c55c1959bd371d9633599639d9af51dc57ce,2026-08-21T02:39:11.041866+00:00,PASS,STALE,0.1.0
L1-005,2025-05-15,0.5938,percent,FRED,THREEFYTP10,docs/phase2-ingestion/data/macro/raw/fred/THREEFYTP10-20260821T023551Z.json,c2ceeb401070c2762eacf24ccfb0c55c1959bd371d9633599639d9af51dc57ce,2026-08-21T02:39:11.041866+00:00,PASS,STALE,0.1.0
L1-005,2025-05-16,0.5836,percent,FRED,THREEFYTP10,docs/phase2-ingestion/data/macro/raw/fred/THREEFYTP10-20260821T023551Z.json,c2ceeb401070c2762eacf24ccfb0c55c1959bd371d9633599639d9af51dc57ce,2026-08-21T02:39:11.041866+00:00,PASS,STALE,0.1.0
L1-005,2025-05-19,0.5841,percent,FRED,THREEFYTP10,docs/phase2-ingestion/data/macro/raw/fred/THREEFYTP10-20260821T023551Z.json,c2ceeb401070c2762eacf24ccfb0c55c1959bd371d9633599639d9af51dc57ce,2026-08-21T02:39:11.041866+00:00,PASS,STALE,0.1.0
L1-005,2025-05-20,0.5899,percent,FRED,THREEFYTP10,docs/phase2-ingestion/data/macro/raw/fred/THREEFYTP10-20260821T023551Z.json,c2ceeb401070c2762eacf24ccfb0c55c1959bd371d9633599639d9af51dc57ce,2026-08-21T02:39:11.041866+00:00,PASS,STALE,0.1.0
L1-005,2025-05-21,0.6288,percent,FRED,THREEFYTP10,docs/phase2-ingestion/data/macro/raw/fred/THREEFYTP10-20260821T023551Z.json,c2ceeb401070c2762eacf24ccfb0c55c1959bd371d9633599639d9af51dc57ce,2026-08-21T02:39:11.041866+00:00,PASS,STALE,0.1.0
L1-005,2025-05-22,0.6269,percent,FRED,THREEFYTP10,docs/phase2-ingestion/data/macro/raw/fred/THREEFYTP10-20260821T023551Z.json,c2ceeb401070c2762eacf24ccfb0c55c1959bd371d9633599639d9af51dc57ce,2026-08-21T02:39:11.041866+00:00,PASS,STALE,0.1.0
L1-005,2025-05-23,0.6166,percent,FRED,THREEFYTP10,docs/phase2-ingestion/data/macro/raw/fred/THREEFYTP10-20260821T023551Z.json,c2ceeb401070c2762eacf24ccfb0c55c1959bd371d9633599639d9af51dc57ce,2026-08-21T02:39:11.041866+00:00,PASS,STALE,0.1.0
L1-005,2025-05-27,0.5841,percent,FRED,THREEFYTP10,docs/phase2-ingestion/data/macro/raw/fred/THREEFYTP10-20260821T023551Z.json,c2ceeb401070c2762eacf24ccfb0c55c1959bd371d9633599639d9af51dc57ce,2026-08-21T02:39:11.041866+00:00,PASS,STALE,0.1.0
L1-005,2025-05-28,0.5896,percent,FRED,THREEFYTP10,docs/phase2-ingestion/data/macro/raw/fred/THREEFYTP10-20260821T023551Z.json,c2ceeb401070c2762eacf24ccfb0c55c1959bd371d9633599639d9af51dc57ce,2026-08-21T02:39:11.041866+00:00,PASS,STALE,0.1.0
L1-005,2025-05-29,0.567,percent,FRED,THREEFYTP10,docs/phase2-ingestion/data/macro/raw/fred/THREEFYTP10-20260821T023551Z.json,c2ceeb401070c2762eacf24ccfb0c55c1959bd371d9633599639d9af51dc57ce,2026-08-21T02:39:11.041866+00:00,PASS,STALE,0.1.0
L1-005,2025-05-30,0.5515,percent,FRED,THREEFYTP10,docs/phase2-ingestion/data/macro/raw/fred/THREEFYTP10-20260821T023551Z.json,c2ceeb401070c2762eacf24ccfb0c55c1959bd371d9633599639d9af51dc57ce,2026-08-21T02:39:11.041866+00:00,PASS,STALE,0.1.0
L1-005,2025-06-02,0.5658,percent,FRED,THREEFYTP10,docs/phase2-ingestion/data/macro/raw/fred/THREEFYTP10-20260821T023551Z.json,c2ceeb401070c2762eacf24ccfb0c55c1959bd371d9633599639d9af51dc57ce,2026-08-21T02:39:11.041866+00:00,PASS,STALE,0.1.0
L1-005,2025-06-03,0.5748,percent,FRED,THREEFYTP10,docs/phase2-ingestion/data/macro/raw/fred/THREEFYTP10-20260821T023551Z.json,c2ceeb401070c2762eacf24ccfb0c55c1959bd371d9633599639d9af51dc57ce,2026-08-21T02:39:11.041866+00:00,PASS,STALE,0.1.0
L1-005,2025-06-04,0.5365,percent,FRED,THREEFYTP10,docs/phase2-ingestion/data/macro/raw/fred/THREEFYTP10-20260821T023551Z.json,c2ceeb401070c2762eacf24ccfb0c55c1959bd371d9633599639d9af51dc57ce,2026-08-21T02:39:11.041866+00:00,PASS,STALE,0.1.0
L1-005,2025-06-05,0.5455,percent,FRED,THREEFYTP10,docs/phase2-ingestion/data/macro/raw/fred/THREEFYTP10-20260821T023551Z.json,c2ceeb401070c2762eacf24ccfb0c55c1959bd371d9633599639d9af51dc57ce,2026-08-21T02:39:11.041866+00:00,PASS,STALE,0.1.0
L1-005,2025-06-06,0.5974,percent,FRED,THREEFYTP10,docs/phase2-ingestion/data/macro/raw/fred/THREEFYTP10-20260821T023551Z.json,c2ceeb401070c2762eacf24ccfb0c55c1959bd371d9633599639d9af51dc57ce,2026-08-21T02:39:11.041866+00:00,PASS,STALE,0.1.0
L1-005,2025-06-09,0.5971,percent,FRED,THREEFYTP10,docs/phase2-ingestion/data/macro/raw/fred/THREEFYTP10-20260821T023551Z.json,c2ceeb401070c2762eacf24ccfb0c55c1959bd371d9633599639d9af51dc57ce,2026-08-21T02:39:11.041866+00:00,PASS,STALE,0.1.0
L1-005,2025-06-10,0.5905,percent,FRED,THREEFYTP10,docs/phase2-ingestion/data/macro/raw/fred/THREEFYTP10-20260821T023551Z.json,c2ceeb401070c2762eacf24ccfb0c55c1959bd371d9633599639d9af51dc57ce,2026-08-21T02:39:11.041866+00:00,PASS,STALE,0.1.0
L1-005,2025-06-11,0.5636,percent,FRED,THREEFYTP10,docs/phase2-ingestion/data/macro/raw/fred/THREEFYTP10-20260821T023551Z.json,c2ceeb401070c2762eacf24ccfb0c55c1959bd371d9633599639d9af51dc57ce,2026-08-21T02:39:11.041866+00:00,PASS,STALE,0.1.0
L1-005,2025-06-12,0.5341,percent,FRED,THREEFYTP10,docs/phase2-ingestion/data/macro/raw/fred/THREEFYTP10-20260821T023551Z.json,c2ceeb401070c2762eacf24ccfb0c55c1959bd371d9633599639d9af51dc57ce,2026-08-21T02:39:11.041866+00:00,PASS,STALE,0.1.0
L1-005,2025-06-13,0.5497,percent,FRED,THREEFYTP10,docs/phase2-ingestion/data/macro/raw/fred/THREEFYTP10-20260821T023551Z.json,c2ceeb401070c2762eacf24ccfb0c55c1959bd371d9633599639d9af51dc57ce,2026-08-21T02:39:11.041866+00:00,PASS,STALE,0.1.0
L1-005,2025-06-16,0.5672,percent,FRED,THREEFYTP10,docs/phase2-ingestion/data/macro/raw/fred/THREEFYTP10-20260821T023551Z.json,c2ceeb401070c2762eacf24ccfb0c55c1959bd371d9633599639d9af51dc57ce,2026-08-21T02:39:11.041866+00:00,PASS,STALE,0.1.0
L1-005,2025-06-17,0.5474,percent,FRED,THREEFYTP10,docs/phase2-ingestion/data/macro/raw/fred/THREEFYTP10-20260821T023551Z.json,c2ceeb401070c2762eacf24ccfb0c55c1959bd371d9633599639d9af51dc57ce,2026-08-21T02:39:11.041866+00:00,PASS,STALE,0.1.0
L1-005,2025-06-18,0.5408,percent,FRED,THREEFYTP10,docs/phase2-ingestion/data/macro/raw/fred/THREEFYTP10-20260821T023551Z.json,c2ceeb401070c2762eacf24ccfb0c55c1959bd371d9633599639d9af51dc57ce,2026-08-21T02:39:11.041866+00:00,PASS,STALE,0.1.0
L1-005,2025-06-20,0.5356,percent,FRED,THREEFYTP10,docs/phase2-ingestion/data/macro/raw/fred/THREEFYTP10-20260821T023551Z.json,c2ceeb401070c2762eacf24ccfb0c55c1959bd371d9633599639d9af51dc57ce,2026-08-21T02:39:11.041866+00:00,PASS,STALE,0.1.0
L1-005,2025-06-23,0.5165,percent,FRED,THREEFYTP10,docs/phase2-ingestion/data/macro/raw/fred/THREEFYTP10-20260821T023551Z.json,c2ceeb401070c2762eacf24ccfb0c55c1959bd371d9633599639d9af51dc57ce,2026-08-21T02:39:11.041866+00:00,PASS,STALE,0.1.0
L1-005,2025-06-24,0.4965,percent,FRED,THREEFYTP10,docs/phase2-ingestion/data/macro/raw/fred/THREEFYTP10-20260821T023551Z.json,c2ceeb401070c2762eacf24ccfb0c55c1959bd371d9633599639d9af51dc57ce,2026-08-21T02:39:11.041866+00:00,PASS,STALE,0.1.0
L1-005,2025-06-25,0.4883,percent,FRED,THREEFYTP10,docs/phase2-ingestion/data/macro/raw/fred/THREEFYTP10-20260821T023551Z.json,c2ceeb401070c2762eacf24ccfb0c55c1959bd371d9633599639d9af51dc57ce,2026-08-21T02:39:11.041866+00:00,PASS,STALE,0.1.0
L1-005,2025-06-26,0.4708,percent,FRED,THREEFYTP10,docs/phase2-ingestion/data/macro/raw/fred/THREEFYTP10-20260821T023551Z.json,c2ceeb401070c2762eacf24ccfb0c55c1959bd371d9633599639d9af51dc57ce,2026-08-21T02:39:11.041866+00:00,PASS,STALE,0.1.0
L1-005,2025-06-27,0.4816,percent,FRED,THREEFYTP10,docs/phase2-ingestion/data/macro/raw/fred/THREEFYTP10-20260821T023551Z.json,c2ceeb401070c2762eacf24ccfb0c55c1959bd371d9633599639d9af51dc57ce,2026-08-21T02:39:11.041866+00:00,PASS,STALE,0.1.0
L1-005,2025-06-30,0.4603,percent,FRED,THREEFYTP10,docs/phase2-ingestion/data/macro/raw/fred/THREEFYTP10-20260821T023551Z.json,c2ceeb401070c2762eacf24ccfb0c55c1959bd371d9633599639d9af51dc57ce,2026-08-21T02:39:11.041866+00:00,PASS,STALE,0.1.0
L1-005,2025-07-01,0.4684,percent,FRED,THREEFYTP10,docs/phase2-ingestion/data/macro/raw/fred/THREEFYTP10-20260821T023551Z.json,c2ceeb401070c2762eacf24ccfb0c55c1959bd371d9633599639d9af51dc57ce,2026-08-21T02:39:11.041866+00:00,PASS,STALE,0.1.0
L1-005,2025-07-02,0.4842,percent,FRED,THREEFYTP10,docs/phase2-ingestion/data/macro/raw/fred/THREEFYTP10-20260821T023551Z.json,c2ceeb401070c2762eacf24ccfb0c55c1959bd371d9633599639d9af51dc57ce,2026-08-21T02:39:11.041866+00:00,PASS,STALE,0.1.0
L1-005,2025-07-03,0.5108,percent,FRED,THREEFYTP10,docs/phase2-ingestion/data/macro/raw/fred/THREEFYTP10-20260821T023551Z.json,c2ceeb401070c2762eacf24ccfb0c55c1959bd371d9633599639d9af51dc57ce,2026-08-21T02:39:11.041866+00:00,PASS,STALE,0.1.0
L1-005,2025-07-07,0.5283,percent,FRED,THREEFYTP10,docs/phase2-ingestion/data/macro/raw/fred/THREEFYTP10-20260821T023551Z.json,c2ceeb401070c2762eacf24ccfb0c55c1959bd371d9633599639d9af51dc57ce,2026-08-21T02:39:11.041866+00:00,PASS,STALE,0.1.0
L1-005,2025-07-08,0.5427,percent,FRED,THREEFYTP10,docs/phase2-ingestion/data/macro/raw/fred/THREEFYTP10-20260821T023551Z.json,c2ceeb401070c2762eacf24ccfb0c55c1959bd371d9633599639d9af51dc57ce,2026-08-21T02:39:11.041866+00:00,PASS,STALE,0.1.0
L1-005,2025-07-09,0.5174,percent,FRED,THREEFYTP10,docs/phase2-ingestion/data/macro/raw/fred/THREEFYTP10-20260821T023551Z.json,c2ceeb401070c2762eacf24ccfb0c55c1959bd371d9633599639d9af51dc57ce,2026-08-21T02:39:11.041866+00:00,PASS,STALE,0.1.0
L1-005,2025-07-10,0.516,percent,FRED,THREEFYTP10,docs/phase2-ingestion/data/macro/raw/fred/THREEFYTP10-20260821T023551Z.json,c2ceeb401070c2762eacf24ccfb0c55c1959bd371d9633599639d9af51dc57ce,2026-08-21T02:39:11.041866+00:00,PASS,STALE,0.1.0
L1-005,2025-07-11,0.5452,percent,FRED,THREEFYTP10,docs/phase2-ingestion/data/macro/raw/fred/THREEFYTP10-20260821T023551Z.json,c2ceeb401070c2762eacf24ccfb0c55c1959bd371d9633599639d9af51dc57ce,2026-08-21T02:39:11.041866+00:00,PASS,STALE,0.1.0
L1-005,2025-07-14,0.551,percent,FRED,THREEFYTP10,docs/phase2-ingestion/data/macro/raw/fred/THREEFYTP10-20260821T023551Z.json,c2ceeb401070c2762eacf24ccfb0c55c1959bd371d9633599639d9af51dc57ce,2026-08-21T02:39:11.041866+00:00,PASS,STALE,0.1.0
L1-005,2025-07-15,0.5801,percent,FRED,THREEFYTP10,docs/phase2-ingestion/data/macro/raw/fred/THREEFYTP10-20260821T023551Z.json,c2ceeb401070c2762eacf24ccfb0c55c1959bd371d9633599639d9af51dc57ce,2026-08-21T02:39:11.041866+00:00,PASS,STALE,0.1.0
L1-005,2025-07-16,0.5693,percent,FRED,THREEFYTP10,docs/phase2-ingestion/data/macro/raw/fred/THREEFYTP10-20260821T023551Z.json,c2ceeb401070c2762eacf24ccfb0c55c1959bd371d9633599639d9af51dc57ce,2026-08-21T02:39:11.041866+00:00,PASS,STALE,0.1.0
L1-005,2025-07-17,0.5747,percent,FRED,THREEFYTP10,docs/phase2-ingestion/data/macro/raw/fred/THREEFYTP10-20260821T023551Z.json,c2ceeb401070c2762eacf24ccfb0c55c1959bd371d9633599639d9af51dc57ce,2026-08-21T02:39:11.041866+00:00,PASS,STALE,0.1.0
L1-005,2025-07-18,0.561,percent,FRED,THREEFYTP10,docs/phase2-ingestion/data/macro/raw/fred/THREEFYTP10-20260821T023551Z.json,c2ceeb401070c2762eacf24ccfb0c55c1959bd371d9633599639d9af51dc57ce,2026-08-21T02:39:11.041866+00:00,PASS,STALE,0.1.0
L1-005,2025-07-21,0.5355,percent,FRED,THREEFYTP10,docs/phase2-ingestion/data/macro/raw/fred/THREEFYTP10-20260821T023551Z.json,c2ceeb401070c2762eacf24ccfb0c55c1959bd371d9633599639d9af51dc57ce,2026-08-21T02:39:11.041866+00:00,PASS,STALE,0.1.0
L1-005,2025-07-22,0.5143,percent,FRED,THREEFYTP10,docs/phase2-ingestion/data/macro/raw/fred/THREEFYTP10-20260821T023551Z.json,c2ceeb401070c2762eacf24ccfb0c55c1959bd371d9633599639d9af51dc57ce,2026-08-21T02:39:11.041866+00:00,PASS,STALE,0.1.0
L1-005,2025-07-23,0.5293,percent,FRED,THREEFYTP10,docs/phase2-ingestion/data/macro/raw/fred/THREEFYTP10-20260821T023551Z.json,c2ceeb401070c2762eacf24ccfb0c55c1959bd371d9633599639d9af51dc57ce,2026-08-21T02:39:11.041866+00:00,PASS,STALE,0.1.0
L1-005,2025-07-24,0.544,percent,FRED,THREEFYTP10,docs/phase2-ingestion/data/macro/raw/fred/THREEFYTP10-20260821T023551Z.json,c2ceeb401070c2762eacf24ccfb0c55c1959bd371d9633599639d9af51dc57ce,2026-08-21T02:39:11.041866+00:00,PASS,STALE,0.1.0
L1-005,2025-07-25,0.5362,percent,FRED,THREEFYTP10,docs/phase2-ingestion/data/macro/raw/fred/THREEFYTP10-20260821T023551Z.json,c2ceeb401070c2762eacf24ccfb0c55c1959bd371d9633599639d9af51dc57ce,2026-08-21T02:39:11.041866+00:00,PASS,STALE,0.1.0
L1-005,2025-07-28,0.5445,percent,FRED,THREEFYTP10,docs/phase2-ingestion/data/macro/raw/fred/THREEFYTP10-20260821T023551Z.json,c2ceeb401070c2762eacf24ccfb0c55c1959bd371d9633599639d9af51dc57ce,2026-08-21T02:39:11.041866+00:00,PASS,STALE,0.1.0
L1-005,2025-07-29,0.5153,percent,FRED,THREEFYTP10,docs/phase2-ingestion/data/macro/raw/fred/THREEFYTP10-20260821T023551Z.json,c2ceeb401070c2762eacf24ccfb0c55c1959bd371d9633599639d9af51dc57ce,2026-08-21T02:39:11.041866+00:00,PASS,STALE,0.1.0
L1-005,2025-07-30,0.527,percent,FRED,THREEFYTP10,docs/phase2-ingestion/data/macro/raw/fred/THREEFYTP10-20260821T023551Z.json,c2ceeb401070c2762eacf24ccfb0c55c1959bd371d9633599639d9af51dc57ce,2026-08-21T02:39:11.041866+00:00,PASS,STALE,0.1.0
L1-005,2025-07-31,0.5262,percent,FRED,THREEFYTP10,docs/phase2-ingestion/data/macro/raw/fred/THREEFYTP10-20260821T023551Z.json,c2ceeb401070c2762eacf24ccfb0c55c1959bd371d9633599639d9af51dc57ce,2026-08-21T02:39:11.041866+00:00,PASS,STALE,0.1.0
L1-005,2025-08-01,0.4649,percent,FRED,THREEFYTP10,docs/phase2-ingestion/data/macro/raw/fred/THREEFYTP10-20260821T023551Z.json,c2ceeb401070c2762eacf24ccfb0c55c1959bd371d9633599639d9af51dc57ce,2026-08-21T02:39:11.041866+00:00,PASS,STALE,0.1.0
L1-005,2025-08-04,0.4505,percent,FRED,THREEFYTP10,docs/phase2-ingestion/data/macro/raw/fred/THREEFYTP10-20260821T023551Z.json,c2ceeb401070c2762eacf24ccfb0c55c1959bd371d9633599639d9af51dc57ce,2026-08-21T02:39:11.041866+00:00,PASS,STALE,0.1.0
L1-005,2025-08-05,0.4544,percent,FRED,THREEFYTP10,docs/phase2-ingestion/data/macro/raw/fred/THREEFYTP10-20260821T023551Z.json,c2ceeb401070c2762eacf24ccfb0c55c1959bd371d9633599639d9af51dc57ce,2026-08-21T02:39:11.041866+00:00,PASS,STALE,0.1.0
L1-005,2025-08-06,0.46,percent,FRED,THREEFYTP10,docs/phase2-ingestion/data/macro/raw/fred/THREEFYTP10-20260821T023551Z.json,c2ceeb401070c2762eacf24ccfb0c55c1959bd371d9633599639d9af51dc57ce,2026-08-21T02:39:11.041866+00:00,PASS,STALE,0.1.0
L1-005,2025-08-07,0.4718,percent,FRED,THREEFYTP10,docs/phase2-ingestion/data/macro/raw/fred/THREEFYTP10-20260821T023551Z.json,c2ceeb401070c2762eacf24ccfb0c55c1959bd371d9633599639d9af51dc57ce,2026-08-21T02:39:11.041866+00:00,PASS,STALE,0.1.0
L1-005,2025-08-08,0.4913,percent,FRED,THREEFYTP10,docs/phase2-ingestion/data/macro/raw/fred/THREEFYTP10-20260821T023551Z.json,c2ceeb401070c2762eacf24ccfb0c55c1959bd371d9633599639d9af51dc57ce,2026-08-21T02:39:11.041866+00:00,PASS,STALE,0.1.0
L1-005,2025-08-11,0.494,percent,FRED,THREEFYTP10,docs/phase2-ingestion/data/macro/raw/fred/THREEFYTP10-20260821T023551Z.json,c2ceeb401070c2762eacf24ccfb0c55c1959bd371d9633599639d9af51dc57ce,2026-08-21T02:39:11.041866+00:00,PASS,STALE,0.1.0
L1-005,2025-08-12,0.4995,percent,FRED,THREEFYTP10,docs/phase2-ingestion/data/macro/raw/fred/THREEFYTP10-20260821T023551Z.json,c2ceeb401070c2762eacf24ccfb0c55c1959bd371d9633599639d9af51dc57ce,2026-08-21T02:39:11.041866+00:00,PASS,STALE,0.1.0
L1-005,2025-08-13,0.4832,percent,FRED,THREEFYTP10,docs/phase2-ingestion/data/macro/raw/fred/THREEFYTP10-20260821T023551Z.json,c2ceeb401070c2762eacf24ccfb0c55c1959bd371d9633599639d9af51dc57ce,2026-08-21T02:39:11.041866+00:00,PASS,STALE,0.1.0
L1-005,2025-08-14,0.5004,percent,FRED,THREEFYTP10,docs/phase2-ingestion/data/macro/raw/fred/THREEFYTP10-20260821T023551Z.json,c2ceeb401070c2762eacf24ccfb0c55c1959bd371d9633599639d9af51dc57ce,2026-08-21T02:39:11.041866+00:00,PASS,STALE,0.1.0
L1-005,2025-08-15,0.5191,percent,FRED,THREEFYTP10,docs/phase2-ingestion/data/macro/raw/fred/THREEFYTP10-20260821T023551Z.json,c2ceeb401070c2762eacf24ccfb0c55c1959bd371d9633599639d9af51dc57ce,2026-08-21T02:39:11.041866+00:00,PASS,STALE,0.1.0
L1-005,2025-08-18,0.526,percent,FRED,THREEFYTP10,docs/phase2-ingestion/data/macro/raw/fred/THREEFYTP10-20260821T023551Z.json,c2ceeb401070c2762eacf24ccfb0c55c1959bd371d9633599639d9af51dc57ce,2026-08-21T02:39:11.041866+00:00,PASS,STALE,0.1.0
L1-005,2025-08-19,0.5161,percent,FRED,THREEFYTP10,docs/phase2-ingestion/data/macro/raw/fred/THREEFYTP10-20260821T023551Z.json,c2ceeb401070c2762eacf24ccfb0c55c1959bd371d9633599639d9af51dc57ce,2026-08-21T02:39:11.041866+00:00,PASS,STALE,0.1.0
L1-005,2025-08-20,0.507,percent,FRED,THREEFYTP10,docs/phase2-ingestion/data/macro/raw/fred/THREEFYTP10-20260821T023551Z.json,c2ceeb401070c2762eacf24ccfb0c55c1959bd371d9633599639d9af51dc57ce,2026-08-21T02:39:11.041866+00:00,PASS,STALE,0.1.0
L1-005,2025-08-21,0.5225,percent,FRED,THREEFYTP10,docs/phase2-ingestion/data/macro/raw/fred/THREEFYTP10-20260821T023551Z.json,c2ceeb401070c2762eacf24ccfb0c55c1959bd371d9633599639d9af51dc57ce,2026-08-21T02:39:11.041866+00:00,PASS,STALE,0.1.0
L1-005,2025-08-22,0.4939,percent,FRED,THREEFYTP10,docs/phase2-ingestion/data/macro/raw/fred/THREEFYTP10-20260821T023551Z.json,c2ceeb401070c2762eacf24ccfb0c55c1959bd371d9633599639d9af51dc57ce,2026-08-21T02:39:11.041866+00:00,PASS,STALE,0.1.0
L1-005,2025-08-25,0.5008,percent,FRED,THREEFYTP10,docs/phase2-ingestion/data/macro/raw/fred/THREEFYTP10-20260821T023551Z.json,c2ceeb401070c2762eacf24ccfb0c55c1959bd371d9633599639d9af51dc57ce,2026-08-21T02:39:11.041866+00:00,PASS,STALE,0.1.0
L1-005,2025-08-26,0.4893,percent,FRED,THREEFYTP10,docs/phase2-ingestion/data/macro/raw/fred/THREEFYTP10-20260821T023551Z.json,c2ceeb401070c2762eacf24ccfb0c55c1959bd371d9633599639d9af51dc57ce,2026-08-21T02:39:11.041866+00:00,PASS,STALE,0.1.0
L1-005,2025-08-27,0.4805,percent,FRED,THREEFYTP10,docs/phase2-ingestion/data/macro/raw/fred/THREEFYTP10-20260821T023551Z.json,c2ceeb401070c2762eacf24ccfb0c55c1959bd371d9633599639d9af51dc57ce,2026-08-21T02:39:11.041866+00:00,PASS,STALE,0.1.0
L1-005,2025-08-28,0.4717,percent,FRED,THREEFYTP10,docs/phase2-ingestion/data/macro/raw/fred/THREEFYTP10-20260821T023551Z.json,c2ceeb401070c2762eacf24ccfb0c55c1959bd371d9633599639d9af51dc57ce,2026-08-21T02:39:11.041866+00:00,PASS,STALE,0.1.0
L1-005,2025-08-29,0.4727,percent,FRED,THREEFYTP10,docs/phase2-ingestion/data/macro/raw/fred/THREEFYTP10-20260821T023551Z.json,c2ceeb401070c2762eacf24ccfb0c55c1959bd371d9633599639d9af51dc57ce,2026-08-21T02:39:11.041866+00:00,PASS,STALE,0.1.0
L1-005,2025-09-02,0.4948,percent,FRED,THREEFYTP10,docs/phase2-ingestion/data/macro/raw/fred/THREEFYTP10-20260821T023551Z.json,c2ceeb401070c2762eacf24ccfb0c55c1959bd371d9633599639d9af51dc57ce,2026-08-21T02:39:11.041866+00:00,PASS,STALE,0.1.0
L1-005,2025-09-03,0.4794,percent,FRED,THREEFYTP10,docs/phase2-ingestion/data/macro/raw/fred/THREEFYTP10-20260821T023551Z.json,c2ceeb401070c2762eacf24ccfb0c55c1959bd371d9633599639d9af51dc57ce,2026-08-21T02:39:11.041866+00:00,PASS,STALE,0.1.0
L1-005,2025-09-04,0.4594,percent,FRED,THREEFYTP10,docs/phase2-ingestion/data/macro/raw/fred/THREEFYTP10-20260821T023551Z.json,c2ceeb401070c2762eacf24ccfb0c55c1959bd371d9633599639d9af51dc57ce,2026-08-21T02:39:11.041866+00:00,PASS,STALE,0.1.0
L1-005,2025-09-05,0.436,percent,FRED,THREEFYTP10,docs/phase2-ingestion/data/macro/raw/fred/THREEFYTP10-20260821T023551Z.json,c2ceeb401070c2762eacf24ccfb0c55c1959bd371d9633599639d9af51dc57ce,2026-08-21T02:39:11.041866+00:00,PASS,STALE,0.1.0
L1-005,2025-09-08,0.4207,percent,FRED,THREEFYTP10,docs/phase2-ingestion/data/macro/raw/fred/THREEFYTP10-20260821T023551Z.json,c2ceeb401070c2762eacf24ccfb0c55c1959bd371d9633599639d9af51dc57ce,2026-08-21T02:39:11.041866+00:00,PASS,STALE,0.1.0
L1-005,2025-09-09,0.4275,percent,FRED,THREEFYTP10,docs/phase2-ingestion/data/macro/raw/fred/THREEFYTP10-20260821T023551Z.json,c2ceeb401070c2762eacf24ccfb0c55c1959bd371d9633599639d9af51dc57ce,2026-08-21T02:39:11.041866+00:00,PASS,STALE,0.1.0
L1-005,2025-09-10,0.4205,percent,FRED,THREEFYTP10,docs/phase2-ingestion/data/macro/raw/fred/THREEFYTP10-20260821T023551Z.json,c2ceeb401070c2762eacf24ccfb0c55c1959bd371d9633599639d9af51dc57ce,2026-08-21T02:39:11.041866+00:00,PASS,STALE,0.1.0
L1-005,2025-09-11,0.4121,percent,FRED,THREEFYTP10,docs/phase2-ingestion/data/macro/raw/fred/THREEFYTP10-20260821T023551Z.json,c2ceeb401070c2762eacf24ccfb0c55c1959bd371d9633599639d9af51dc57ce,2026-08-21T02:39:11.041866+00:00,PASS,STALE,0.1.0
L1-005,2025-09-12,0.4291,percent,FRED,THREEFYTP10,docs/phase2-ingestion/data/macro/raw/fred/THREEFYTP10-20260821T023551Z.json,c2ceeb401070c2762eacf24ccfb0c55c1959bd371d9633599639d9af51dc57ce,2026-08-21T02:39:11.041866+00:00,PASS,STALE,0.1.0
L1-005,2025-09-15,0.4273,percent,FRED,THREEFYTP10,docs/phase2-ingestion/data/macro/raw/fred/THREEFYTP10-20260821T023551Z.json,c2ceeb401070c2762eacf24ccfb0c55c1959bd371d9633599639d9af51dc57ce,2026-08-21T02:39:11.041866+00:00,PASS,STALE,0.1.0
L1-005,2025-09-16,0.4237,percent,FRED,THREEFYTP10,docs/phase2-ingestion/data/macro/raw/fred/THREEFYTP10-20260821T023551Z.json,c2ceeb401070c2762eacf24ccfb0c55c1959bd371d9633599639d9af51dc57ce,2026-08-21T02:39:11.041866+00:00,PASS,STALE,0.1.0
L1-005,2025-09-17,0.4369,percent,FRED,THREEFYTP10,docs/phase2-ingestion/data/macro/raw/fred/THREEFYTP10-20260821T023551Z.json,c2ceeb401070c2762eacf24ccfb0c55c1959bd371d9633599639d9af51dc57ce,2026-08-21T02:39:11.041866+00:00,PASS,STALE,0.1.0
L1-005,2025-09-18,0.4597,percent,FRED,THREEFYTP10,docs/phase2-ingestion/data/macro/raw/fred/THREEFYTP10-20260821T023551Z.json,c2ceeb401070c2762eacf24ccfb0c55c1959bd371d9633599639d9af51dc57ce,2026-08-21T02:39:11.041866+00:00,PASS,STALE,0.1.0
L1-005,2025-09-19,0.4748,percent,FRED,THREEFYTP10,docs/phase2-ingestion/data/macro/raw/fred/THREEFYTP10-20260821T023551Z.json,c2ceeb401070c2762eacf24ccfb0c55c1959bd371d9633599639d9af51dc57ce,2026-08-21T02:39:11.041866+00:00,PASS,STALE,0.1.0
L1-005,2025-09-22,0.4869,percent,FRED,THREEFYTP10,docs/phase2-ingestion/data/macro/raw/fred/THREEFYTP10-20260821T023551Z.json,c2ceeb401070c2762eacf24ccfb0c55c1959bd371d9633599639d9af51dc57ce,2026-08-21T02:39:11.041866+00:00,PASS,STALE,0.1.0
L1-005,2025-09-23,0.4797,percent,FRED,THREEFYTP10,docs/phase2-ingestion/data/macro/raw/fred/THREEFYTP10-20260821T023551Z.json,c2ceeb401070c2762eacf24ccfb0c55c1959bd371d9633599639d9af51dc57ce,2026-08-21T02:39:11.041866+00:00,PASS,STALE,0.1.0
L1-005,2025-09-24,0.4926,percent,FRED,THREEFYTP10,docs/phase2-ingestion/data/macro/raw/fred/THREEFYTP10-20260821T023551Z.json,c2ceeb401070c2762eacf24ccfb0c55c1959bd371d9633599639d9af51dc57ce,2026-08-21T02:39:11.041866+00:00,PASS,STALE,0.1.0
L1-005,2025-09-25,0.5069,percent,FRED,THREEFYTP10,docs/phase2-ingestion/data/macro/raw/fred/THREEFYTP10-20260821T023551Z.json,c2ceeb401070c2762eacf24ccfb0c55c1959bd371d9633599639d9af51dc57ce,2026-08-21T02:39:11.041866+00:00,PASS,STALE,0.1.0
L1-005,2025-09-26,0.5162,percent,FRED,THREEFYTP10,docs/phase2-ingestion/data/macro/raw/fred/THREEFYTP10-20260821T023551Z.json,c2ceeb401070c2762eacf24ccfb0c55c1959bd371d9633599639d9af51dc57ce,2026-08-21T02:39:11.041866+00:00,PASS,STALE,0.1.0
L1-005,2025-09-29,0.5047,percent,FRED,THREEFYTP10,docs/phase2-ingestion/data/macro/raw/fred/THREEFYTP10-20260821T023551Z.json,c2ceeb401070c2762eacf24ccfb0c55c1959bd371d9633599639d9af51dc57ce,2026-08-21T02:39:11.041866+00:00,PASS,STALE,0.1.0
L1-005,2025-09-30,0.5031,percent,FRED,THREEFYTP10,docs/phase2-ingestion/data/macro/raw/fred/THREEFYTP10-20260821T023551Z.json,c2ceeb401070c2762eacf24ccfb0c55c1959bd371d9633599639d9af51dc57ce,2026-08-21T02:39:11.041866+00:00,PASS,STALE,0.1.0
L1-005,2025-10-01,0.4872,percent,FRED,THREEFYTP10,docs/phase2-ingestion/data/macro/raw/fred/THREEFYTP10-20260821T023551Z.json,c2ceeb401070c2762eacf24ccfb0c55c1959bd371d9633599639d9af51dc57ce,2026-08-21T02:39:11.041866+00:00,PASS,STALE,0.1.0
L1-005,2025-10-02,0.4777,percent,FRED,THREEFYTP10,docs/phase2-ingestion/data/macro/raw/fred/THREEFYTP10-20260821T023551Z.json,c2ceeb401070c2762eacf24ccfb0c55c1959bd371d9633599639d9af51dc57ce,2026-08-21T02:39:11.041866+00:00,PASS,STALE,0.1.0
L1-005,2025-10-03,0.49,percent,FRED,THREEFYTP10,docs/phase2-ingestion/data/macro/raw/fred/THREEFYTP10-20260821T023551Z.json,c2ceeb401070c2762eacf24ccfb0c55c1959bd371d9633599639d9af51dc57ce,2026-08-21T02:39:11.041866+00:00,PASS,STALE,0.1.0
L1-005,2025-10-06,0.5103,percent,FRED,THREEFYTP10,docs/phase2-ingestion/data/macro/raw/fred/THREEFYTP10-20260821T023551Z.json,c2ceeb401070c2762eacf24ccfb0c55c1959bd371d9633599639d9af51dc57ce,2026-08-21T02:39:11.041866+00:00,PASS,STALE,0.1.0
L1-005,2025-10-07,0.5005,percent,FRED,THREEFYTP10,docs/phase2-ingestion/data/macro/raw/fred/THREEFYTP10-20260821T023551Z.json,c2ceeb401070c2762eacf24ccfb0c55c1959bd371d9633599639d9af51dc57ce,2026-08-21T02:39:11.041866+00:00,PASS,STALE,0.1.0
L1-005,2025-10-08,0.5018,percent,FRED,THREEFYTP10,docs/phase2-ingestion/data/macro/raw/fred/THREEFYTP10-20260821T023551Z.json,c2ceeb401070c2762eacf24ccfb0c55c1959bd371d9633599639d9af51dc57ce,2026-08-21T02:39:11.041866+00:00,PASS,STALE,0.1.0
L1-005,2025-10-09,0.5048,percent,FRED,THREEFYTP10,docs/phase2-ingestion/data/macro/raw/fred/THREEFYTP10-20260821T023551Z.json,c2ceeb401070c2762eacf24ccfb0c55c1959bd371d9633599639d9af51dc57ce,2026-08-21T02:39:11.041866+00:00,PASS,STALE,0.1.0
L1-005,2025-10-10,0.4694,percent,FRED,THREEFYTP10,docs/phase2-ingestion/data/macro/raw/fred/THREEFYTP10-20260821T023551Z.json,c2ceeb401070c2762eacf24ccfb0c55c1959bd371d9633599639d9af51dc57ce,2026-08-21T02:39:11.041866+00:00,PASS,STALE,0.1.0
L1-005,2025-10-14,0.4465,percent,FRED,THREEFYTP10,docs/phase2-ingestion/data/macro/raw/fred/THREEFYTP10-20260821T023551Z.json,c2ceeb401070c2762eacf24ccfb0c55c1959bd371d9633599639d9af51dc57ce,2026-08-21T02:39:11.041866+00:00,PASS,STALE,0.1.0
L1-005,2025-10-15,0.4496,percent,FRED,THREEFYTP10,docs/phase2-ingestion/data/macro/raw/fred/THREEFYTP10-20260821T023551Z.json,c2ceeb401070c2762eacf24ccfb0c55c1959bd371d9633599639d9af51dc57ce,2026-08-21T02:39:11.041866+00:00,PASS,STALE,0.1.0
L1-005,2025-10-16,0.4205,percent,FRED,THREEFYTP10,docs/phase2-ingestion/data/macro/raw/fred/THREEFYTP10-20260821T023551Z.json,c2ceeb401070c2762eacf24ccfb0c55c1959bd371d9633599639d9af51dc57ce,2026-08-21T02:39:11.041866+00:00,PASS,STALE,0.1.0
L1-005,2025-10-17,0.4311,percent,FRED,THREEFYTP10,docs/phase2-ingestion/data/macro/raw/fred/THREEFYTP10-20260821T023551Z.json,c2ceeb401070c2762eacf24ccfb0c55c1959bd371d9633599639d9af51dc57ce,2026-08-21T02:39:11.041866+00:00,PASS,STALE,0.1.0
L1-005,2025-10-20,0.4307,percent,FRED,THREEFYTP10,docs/phase2-ingestion/data/macro/raw/fred/THREEFYTP10-20260821T023551Z.json,c2ceeb401070c2762eacf24ccfb0c55c1959bd371d9633599639d9af51dc57ce,2026-08-21T02:39:11.041866+00:00,PASS,STALE,0.1.0
L1-005,2025-10-21,0.4221,percent,FRED,THREEFYTP10,docs/phase2-ingestion/data/macro/raw/fred/THREEFYTP10-20260821T023551Z.json,c2ceeb401070c2762eacf24ccfb0c55c1959bd371d9633599639d9af51dc57ce,2026-08-21T02:39:11.041866+00:00,PASS,STALE,0.1.0
L1-005,2025-10-22,0.4189,percent,FRED,THREEFYTP10,docs/phase2-ingestion/data/macro/raw/fred/THREEFYTP10-20260821T023551Z.json,c2ceeb401070c2762eacf24ccfb0c55c1959bd371d9633599639d9af51dc57ce,2026-08-21T02:39:11.041866+00:00,PASS,STALE,0.1.0
L1-005,2025-10-23,0.4366,percent,FRED,THREEFYTP10,docs/phase2-ingestion/data/macro/raw/fred/THREEFYTP10-20260821T023551Z.json,c2ceeb401070c2762eacf24ccfb0c55c1959bd371d9633599639d9af51dc57ce,2026-08-21T02:39:11.041866+00:00,PASS,STALE,0.1.0
L1-005,2025-10-24,0.4441,percent,FRED,THREEFYTP10,docs/phase2-ingestion/data/macro/raw/fred/THREEFYTP10-20260821T023551Z.json,c2ceeb401070c2762eacf24ccfb0c55c1959bd371d9633599639d9af51dc57ce,2026-08-21T02:39:11.041866+00:00,PASS,STALE,0.1.0
L1-005,2025-10-27,0.4504,percent,FRED,THREEFYTP10,docs/phase2-ingestion/data/macro/raw/fred/THREEFYTP10-20260821T023551Z.json,c2ceeb401070c2762eacf24ccfb0c55c1959bd371d9633599639d9af51dc57ce,2026-08-21T02:39:11.041866+00:00,PASS,STALE,0.1.0
L1-005,2025-10-28,0.4483,percent,FRED,THREEFYTP10,docs/phase2-ingestion/data/macro/raw/fred/THREEFYTP10-20260821T023551Z.json,c2ceeb401070c2762eacf24ccfb0c55c1959bd371d9633599639d9af51dc57ce,2026-08-21T02:39:11.041866+00:00,PASS,STALE,0.1.0
L1-005,2025-10-29,0.4795,percent,FRED,THREEFYTP10,docs/phase2-ingestion/data/macro/raw/fred/THREEFYTP10-20260821T023551Z.json,c2ceeb401070c2762eacf24ccfb0c55c1959bd371d9633599639d9af51dc57ce,2026-08-21T02:39:11.041866+00:00,PASS,STALE,0.1.0
L1-005,2025-10-30,0.4947,percent,FRED,THREEFYTP10,docs/phase2-ingestion/data/macro/raw/fred/THREEFYTP10-20260821T023551Z.json,c2ceeb401070c2762eacf24ccfb0c55c1959bd371d9633599639d9af51dc57ce,2026-08-21T02:39:11.041866+00:00,PASS,STALE,0.1.0
L1-005,2025-10-31,0.4975,percent,FRED,THREEFYTP10,docs/phase2-ingestion/data/macro/raw/fred/THREEFYTP10-20260821T023551Z.json,c2ceeb401070c2762eacf24ccfb0c55c1959bd371d9633599639d9af51dc57ce,2026-08-21T02:39:11.041866+00:00,PASS,STALE,0.1.0
L1-005,2025-11-03,0.4979,percent,FRED,THREEFYTP10,docs/phase2-ingestion/data/macro/raw/fred/THREEFYTP10-20260821T023551Z.json,c2ceeb401070c2762eacf24ccfb0c55c1959bd371d9633599639d9af51dc57ce,2026-08-21T02:39:11.041866+00:00,PASS,STALE,0.1.0
L1-005,2025-11-04,0.4889,percent,FRED,THREEFYTP10,docs/phase2-ingestion/data/macro/raw/fred/THREEFYTP10-20260821T023551Z.json,c2ceeb401070c2762eacf24ccfb0c55c1959bd371d9633599639d9af51dc57ce,2026-08-21T02:39:11.041866+00:00,PASS,STALE,0.1.0
L1-005,2025-11-05,0.5144,percent,FRED,THREEFYTP10,docs/phase2-ingestion/data/macro/raw/fred/THREEFYTP10-20260821T023551Z.json,c2ceeb401070c2762eacf24ccfb0c55c1959bd371d9633599639d9af51dc57ce,2026-08-21T02:39:11.041866+00:00,PASS,STALE,0.1.0
L1-005,2025-11-06,0.4951,percent,FRED,THREEFYTP10,docs/phase2-ingestion/data/macro/raw/fred/THREEFYTP10-20260821T023551Z.json,c2ceeb401070c2762eacf24ccfb0c55c1959bd371d9633599639d9af51dc57ce,2026-08-21T02:39:11.041866+00:00,PASS,STALE,0.1.0
L1-005,2025-11-07,0.4901,percent,FRED,THREEFYTP10,docs/phase2-ingestion/data/macro/raw/fred/THREEFYTP10-20260821T023551Z.json,c2ceeb401070c2762eacf24ccfb0c55c1959bd371d9633599639d9af51dc57ce,2026-08-21T02:39:11.041866+00:00,PASS,STALE,0.1.0
L1-005,2025-11-10,0.4993,percent,FRED,THREEFYTP10,docs/phase2-ingestion/data/macro/raw/fred/THREEFYTP10-20260821T023551Z.json,c2ceeb401070c2762eacf24ccfb0c55c1959bd371d9633599639d9af51dc57ce,2026-08-21T02:39:11.041866+00:00,PASS,STALE,0.1.0
L1-005,2025-11-12,0.4834,percent,FRED,THREEFYTP10,docs/phase2-ingestion/data/macro/raw/fred/THREEFYTP10-20260821T023551Z.json,c2ceeb401070c2762eacf24ccfb0c55c1959bd371d9633599639d9af51dc57ce,2026-08-21T02:39:11.041866+00:00,PASS,STALE,0.1.0
L1-005,2025-11-13,0.4928,percent,FRED,THREEFYTP10,docs/phase2-ingestion/data/macro/raw/fred/THREEFYTP10-20260821T023551Z.json,c2ceeb401070c2762eacf24ccfb0c55c1959bd371d9633599639d9af51dc57ce,2026-08-21T02:39:11.041866+00:00,PASS,STALE,0.1.0
L1-005,2025-11-14,0.5069,percent,FRED,THREEFYTP10,docs/phase2-ingestion/data/macro/raw/fred/THREEFYTP10-20260821T023551Z.json,c2ceeb401070c2762eacf24ccfb0c55c1959bd371d9633599639d9af51dc57ce,2026-08-21T02:39:11.041866+00:00,PASS,STALE,0.1.0
L1-005,2025-11-17,0.5034,percent,FRED,THREEFYTP10,docs/phase2-ingestion/data/macro/raw/fred/THREEFYTP10-20260821T023551Z.json,c2ceeb401070c2762eacf24ccfb0c55c1959bd371d9633599639d9af51dc57ce,2026-08-21T02:39:11.041866+00:00,PASS,STALE,0.1.0
L1-005,2025-11-18,0.4972,percent,FRED,THREEFYTP10,docs/phase2-ingestion/data/macro/raw/fred/THREEFYTP10-20260821T023551Z.json,c2ceeb401070c2762eacf24ccfb0c55c1959bd371d9633599639d9af51dc57ce,2026-08-21T02:39:11.041866+00:00,PASS,STALE,0.1.0
L1-005,2025-11-19,0.4991,percent,FRED,THREEFYTP10,docs/phase2-ingestion/data/macro/raw/fred/THREEFYTP10-20260821T023551Z.json,c2ceeb401070c2762eacf24ccfb0c55c1959bd371d9633599639d9af51dc57ce,2026-08-21T02:39:11.041866+00:00,PASS,STALE,0.1.0
L1-005,2025-11-20,0.4897,percent,FRED,THREEFYTP10,docs/phase2-ingestion/data/macro/raw/fred/THREEFYTP10-20260821T023551Z.json,c2ceeb401070c2762eacf24ccfb0c55c1959bd371d9633599639d9af51dc57ce,2026-08-21T02:39:11.041866+00:00,PASS,STALE,0.1.0
L1-005,2025-11-21,0.4718,percent,FRED,THREEFYTP10,docs/phase2-ingestion/data/macro/raw/fred/THREEFYTP10-20260821T023551Z.json,c2ceeb401070c2762eacf24ccfb0c55c1959bd371d9633599639d9af51dc57ce,2026-08-21T02:39:11.041866+00:00,PASS,STALE,0.1.0
L1-005,2025-11-24,0.4614,percent,FRED,THREEFYTP10,docs/phase2-ingestion/data/macro/raw/fred/THREEFYTP10-20260821T023551Z.json,c2ceeb401070c2762eacf24ccfb0c55c1959bd371d9633599639d9af51dc57ce,2026-08-21T02:39:11.041866+00:00,PASS,STALE,0.1.0
L1-005,2025-11-25,0.4468,percent,FRED,THREEFYTP10,docs/phase2-ingestion/data/macro/raw/fred/THREEFYTP10-20260821T023551Z.json,c2ceeb401070c2762eacf24ccfb0c55c1959bd371d9633599639d9af51dc57ce,2026-08-21T02:39:11.041866+00:00,PASS,STALE,0.1.0
L1-005,2025-11-26,0.4406,percent,FRED,THREEFYTP10,docs/phase2-ingestion/data/macro/raw/fred/THREEFYTP10-20260821T023551Z.json,c2ceeb401070c2762eacf24ccfb0c55c1959bd371d9633599639d9af51dc57ce,2026-08-21T02:39:11.041866+00:00,PASS,STALE,0.1.0
L1-005,2025-11-28,0.4507,percent,FRED,THREEFYTP10,docs/phase2-ingestion/data/macro/raw/fred/THREEFYTP10-20260821T023551Z.json,c2ceeb401070c2762eacf24ccfb0c55c1959bd371d9633599639d9af51dc57ce,2026-08-21T02:39:11.041866+00:00,PASS,STALE,0.1.0
L1-005,2025-12-01,0.4841,percent,FRED,THREEFYTP10,docs/phase2-ingestion/data/macro/raw/fred/THREEFYTP10-20260821T023551Z.json,c2ceeb401070c2762eacf24ccfb0c55c1959bd371d9633599639d9af51dc57ce,2026-08-21T02:39:11.041866+00:00,PASS,STALE,0.1.0
L1-005,2025-12-02,0.4933,percent,FRED,THREEFYTP10,docs/phase2-ingestion/data/macro/raw/fred/THREEFYTP10-20260821T023551Z.json,c2ceeb401070c2762eacf24ccfb0c55c1959bd371d9633599639d9af51dc57ce,2026-08-21T02:39:11.041866+00:00,PASS,STALE,0.1.0
L1-005,2025-12-03,0.4893,percent,FRED,THREEFYTP10,docs/phase2-ingestion/data/macro/raw/fred/THREEFYTP10-20260821T023551Z.json,c2ceeb401070c2762eacf24ccfb0c55c1959bd371d9633599639d9af51dc57ce,2026-08-21T02:39:11.041866+00:00,PASS,STALE,0.1.0
L1-005,2025-12-04,0.5137,percent,FRED,THREEFYTP10,docs/phase2-ingestion/data/macro/raw/fred/THREEFYTP10-20260821T023551Z.json,c2ceeb401070c2762eacf24ccfb0c55c1959bd371d9633599639d9af51dc57ce,2026-08-21T02:39:11.041866+00:00,PASS,STALE,0.1.0
L1-005,2025-12-05,0.5327,percent,FRED,THREEFYTP10,docs/phase2-ingestion/data/macro/raw/fred/THREEFYTP10-20260821T023551Z.json,c2ceeb401070c2762eacf24ccfb0c55c1959bd371d9633599639d9af51dc57ce,2026-08-21T02:39:11.041866+00:00,PASS,STALE,0.1.0
L1-005,2025-12-08,0.5518,percent,FRED,THREEFYTP10,docs/phase2-ingestion/data/macro/raw/fred/THREEFYTP10-20260821T023551Z.json,c2ceeb401070c2762eacf24ccfb0c55c1959bd371d9633599639d9af51dc57ce,2026-08-21T02:39:11.041866+00:00,PASS,STALE,0.1.0
L1-005,2025-12-09,0.5632,percent,FRED,THREEFYTP10,docs/phase2-ingestion/data/macro/raw/fred/THREEFYTP10-20260821T023551Z.json,c2ceeb401070c2762eacf24ccfb0c55c1959bd371d9633599639d9af51dc57ce,2026-08-21T02:39:11.041866+00:00,PASS,STALE,0.1.0
L1-005,2025-12-10,0.555,percent,FRED,THREEFYTP10,docs/phase2-ingestion/data/macro/raw/fred/THREEFYTP10-20260821T023551Z.json,c2ceeb401070c2762eacf24ccfb0c55c1959bd371d9633599639d9af51dc57ce,2026-08-21T02:39:11.041866+00:00,PASS,STALE,0.1.0
L1-005,2025-12-11,0.5531,percent,FRED,THREEFYTP10,docs/phase2-ingestion/data/macro/raw/fred/THREEFYTP10-20260821T023551Z.json,c2ceeb401070c2762eacf24ccfb0c55c1959bd371d9633599639d9af51dc57ce,2026-08-21T02:39:11.041866+00:00,PASS,STALE,0.1.0
L1-005,2025-12-12,0.577,percent,FRED,THREEFYTP10,docs/phase2-ingestion/data/macro/raw/fred/THREEFYTP10-20260821T023551Z.json,c2ceeb401070c2762eacf24ccfb0c55c1959bd371d9633599639d9af51dc57ce,2026-08-21T02:39:11.041866+00:00,PASS,STALE,0.1.0
L1-005,2025-12-15,0.5784,percent,FRED,THREEFYTP10,docs/phase2-ingestion/data/macro/raw/fred/THREEFYTP10-20260821T023551Z.json,c2ceeb401070c2762eacf24ccfb0c55c1959bd371d9633599639d9af51dc57ce,2026-08-21T02:39:11.041866+00:00,PASS,STALE,0.1.0
L1-005,2025-12-16,0.566,percent,FRED,THREEFYTP10,docs/phase2-ingestion/data/macro/raw/fred/THREEFYTP10-20260821T023551Z.json,c2ceeb401070c2762eacf24ccfb0c55c1959bd371d9633599639d9af51dc57ce,2026-08-21T02:39:11.041866+00:00,PASS,STALE,0.1.0
L1-005,2025-12-17,0.5679,percent,FRED,THREEFYTP10,docs/phase2-ingestion/data/macro/raw/fred/THREEFYTP10-20260821T023551Z.json,c2ceeb401070c2762eacf24ccfb0c55c1959bd371d9633599639d9af51dc57ce,2026-08-21T02:39:11.041866+00:00,PASS,STALE,0.1.0
L1-005,2025-12-18,0.5556,percent,FRED,THREEFYTP10,docs/phase2-ingestion/data/macro/raw/fred/THREEFYTP10-20260821T023551Z.json,c2ceeb401070c2762eacf24ccfb0c55c1959bd371d9633599639d9af51dc57ce,2026-08-21T02:39:11.041866+00:00,PASS,STALE,0.1.0
L1-005,2025-12-19,0.5644,percent,FRED,THREEFYTP10,docs/phase2-ingestion/data/macro/raw/fred/THREEFYTP10-20260821T023551Z.json,c2ceeb401070c2762eacf24ccfb0c55c1959bd371d9633599639d9af51dc57ce,2026-08-21T02:39:11.041866+00:00,PASS,STALE,0.1.0
L1-005,2025-12-22,0.5722,percent,FRED,THREEFYTP10,docs/phase2-ingestion/data/macro/raw/fred/THREEFYTP10-20260821T023551Z.json,c2ceeb401070c2762eacf24ccfb0c55c1959bd371d9633599639d9af51dc57ce,2026-08-21T02:39:11.041866+00:00,PASS,STALE,0.1.0
L1-005,2025-12-23,0.5774,percent,FRED,THREEFYTP10,docs/phase2-ingestion/data/macro/raw/fred/THREEFYTP10-20260821T023551Z.json,c2ceeb401070c2762eacf24ccfb0c55c1959bd371d9633599639d9af51dc57ce,2026-08-21T02:39:11.041866+00:00,PASS,STALE,0.1.0
L1-005,2025-12-24,0.5685,percent,FRED,THREEFYTP10,docs/phase2-ingestion/data/macro/raw/fred/THREEFYTP10-20260821T023551Z.json,c2ceeb401070c2762eacf24ccfb0c55c1959bd371d9633599639d9af51dc57ce,2026-08-21T02:39:11.041866+00:00,PASS,STALE,0.1.0
L1-005,2025-12-26,0.5603,percent,FRED,THREEFYTP10,docs/phase2-ingestion/data/macro/raw/fred/THREEFYTP10-20260821T023551Z.json,c2ceeb401070c2762eacf24ccfb0c55c1959bd371d9633599639d9af51dc57ce,2026-08-21T02:39:11.041866+00:00,PASS,STALE,0.1.0
L1-005,2025-12-29,0.5495,percent,FRED,THREEFYTP10,docs/phase2-ingestion/data/macro/raw/fred/THREEFYTP10-20260821T023551Z.json,c2ceeb401070c2762eacf24ccfb0c55c1959bd371d9633599639d9af51dc57ce,2026-08-21T02:39:11.041866+00:00,PASS,STALE,0.1.0
L1-005,2025-12-30,0.5517,percent,FRED,THREEFYTP10,docs/phase2-ingestion/data/macro/raw/fred/THREEFYTP10-20260821T023551Z.json,c2ceeb401070c2762eacf24ccfb0c55c1959bd371d9633599639d9af51dc57ce,2026-08-21T02:39:11.041866+00:00,PASS,STALE,0.1.0
L1-005,2025-12-31,0.571,percent,FRED,THREEFYTP10,docs/phase2-ingestion/data/macro/raw/fred/THREEFYTP10-20260821T023551Z.json,c2ceeb401070c2762eacf24ccfb0c55c1959bd371d9633599639d9af51dc57ce,2026-08-21T02:39:11.041866+00:00,PASS,STALE,0.1.0
L1-005,2026-01-02,0.5844,percent,FRED,THREEFYTP10,docs/phase2-ingestion/data/macro/raw/fred/THREEFYTP10-20260821T023551Z.json,c2ceeb401070c2762eacf24ccfb0c55c1959bd371d9633599639d9af51dc57ce,2026-08-21T02:39:11.041866+00:00,PASS,STALE,0.1.0
L1-005,2026-01-05,0.5787,percent,FRED,THREEFYTP10,docs/phase2-ingestion/data/macro/raw/fred/THREEFYTP10-20260821T023551Z.json,c2ceeb401070c2762eacf24ccfb0c55c1959bd371d9633599639d9af51dc57ce,2026-08-21T02:39:11.041866+00:00,PASS,STALE,0.1.0
L1-005,2026-01-06,0.5833,percent,FRED,THREEFYTP10,docs/phase2-ingestion/data/macro/raw/fred/THREEFYTP10-20260821T023551Z.json,c2ceeb401070c2762eacf24ccfb0c55c1959bd371d9633599639d9af51dc57ce,2026-08-21T02:39:11.041866+00:00,PASS,STALE,0.1.0
L1-005,2026-01-07,0.5727,percent,FRED,THREEFYTP10,docs/phase2-ingestion/data/macro/raw/fred/THREEFYTP10-20260821T023551Z.json,c2ceeb401070c2762eacf24ccfb0c55c1959bd371d9633599639d9af51dc57ce,2026-08-21T02:39:11.041866+00:00,PASS,STALE,0.1.0
L1-005,2026-01-08,0.5875,percent,FRED,THREEFYTP10,docs/phase2-ingestion/data/macro/raw/fred/THREEFYTP10-20260821T023551Z.json,c2ceeb401070c2762eacf24ccfb0c55c1959bd371d9633599639d9af51dc57ce,2026-08-21T02:39:11.041866+00:00,PASS,STALE,0.1.0
L1-005,2026-01-09,0.591,percent,FRED,THREEFYTP10,docs/phase2-ingestion/data/macro/raw/fred/THREEFYTP10-20260821T023551Z.json,c2ceeb401070c2762eacf24ccfb0c55c1959bd371d9633599639d9af51dc57ce,2026-08-21T02:39:11.041866+00:00,PASS,STALE,0.1.0
L1-005,2026-01-12,0.5926,percent,FRED,THREEFYTP10,docs/phase2-ingestion/data/macro/raw/fred/THREEFYTP10-20260821T023551Z.json,c2ceeb401070c2762eacf24ccfb0c55c1959bd371d9633599639d9af51dc57ce,2026-08-21T02:39:11.041866+00:00,PASS,STALE,0.1.0
L1-005,2026-01-13,0.5855,percent,FRED,THREEFYTP10,docs/phase2-ingestion/data/macro/raw/fred/THREEFYTP10-20260821T023551Z.json,c2ceeb401070c2762eacf24ccfb0c55c1959bd371d9633599639d9af51dc57ce,2026-08-21T02:39:11.041866+00:00,PASS,STALE,0.1.0
L1-005,2026-01-14,0.5703,percent,FRED,THREEFYTP10,docs/phase2-ingestion/data/macro/raw/fred/THREEFYTP10-20260821T023551Z.json,c2ceeb401070c2762eacf24ccfb0c55c1959bd371d9633599639d9af51dc57ce,2026-08-21T02:39:11.041866+00:00,PASS,STALE,0.1.0
L1-005,2026-01-15,0.5804,percent,FRED,THREEFYTP10,docs/phase2-ingestion/data/macro/raw/fred/THREEFYTP10-20260821T023551Z.json,c2ceeb401070c2762eacf24ccfb0c55c1959bd371d9633599639d9af51dc57ce,2026-08-21T02:39:11.041866+00:00,PASS,STALE,0.1.0
L1-005,2026-01-16,0.6042,percent,FRED,THREEFYTP10,docs/phase2-ingestion/data/macro/raw/fred/THREEFYTP10-20260821T023551Z.json,c2ceeb401070c2762eacf24ccfb0c55c1959bd371d9633599639d9af51dc57ce,2026-08-21T02:39:11.041866+00:00,PASS,STALE,0.1.0
L1-005,2026-01-20,0.6315,percent,FRED,THREEFYTP10,docs/phase2-ingestion/data/macro/raw/fred/THREEFYTP10-20260821T023551Z.json,c2ceeb401070c2762eacf24ccfb0c55c1959bd371d9633599639d9af51dc57ce,2026-08-21T02:39:11.041866+00:00,PASS,STALE,0.1.0
L1-005,2026-01-21,0.6263,percent,FRED,THREEFYTP10,docs/phase2-ingestion/data/macro/raw/fred/THREEFYTP10-20260821T023551Z.json,c2ceeb401070c2762eacf24ccfb0c55c1959bd371d9633599639d9af51dc57ce,2026-08-21T02:39:11.041866+00:00,PASS,STALE,0.1.0
L1-005,2026-01-22,0.6276,percent,FRED,THREEFYTP10,docs/phase2-ingestion/data/macro/raw/fred/THREEFYTP10-20260821T023551Z.json,c2ceeb401070c2762eacf24ccfb0c55c1959bd371d9633599639d9af51dc57ce,2026-08-21T02:39:11.041866+00:00,PASS,STALE,0.1.0
L1-005,2026-01-23,0.6224,percent,FRED,THREEFYTP10,docs/phase2-ingestion/data/macro/raw/fred/THREEFYTP10-20260821T023551Z.json,c2ceeb401070c2762eacf24ccfb0c55c1959bd371d9633599639d9af51dc57ce,2026-08-21T02:39:11.041866+00:00,PASS,STALE,0.1.0
L1-005,2026-01-26,0.6133,percent,FRED,THREEFYTP10,docs/phase2-ingestion/data/macro/raw/fred/THREEFYTP10-20260821T023551Z.json,c2ceeb401070c2762eacf24ccfb0c55c1959bd371d9633599639d9af51dc57ce,2026-08-21T02:39:11.041866+00:00,PASS,STALE,0.1.0
L1-005,2026-01-27,0.6155,percent,FRED,THREEFYTP10,docs/phase2-ingestion/data/macro/raw/fred/THREEFYTP10-20260821T023551Z.json,c2ceeb401070c2762eacf24ccfb0c55c1959bd371d9633599639d9af51dc57ce,2026-08-21T02:39:11.041866+00:00,PASS,STALE,0.1.0
L1-005,2026-01-28,0.6251,percent,FRED,THREEFYTP10,docs/phase2-ingestion/data/macro/raw/fred/THREEFYTP10-20260821T023551Z.json,c2ceeb401070c2762eacf24ccfb0c55c1959bd371d9633599639d9af51dc57ce,2026-08-21T02:39:11.041866+00:00,PASS,STALE,0.1.0
L1-005,2026-01-29,0.6158,percent,FRED,THREEFYTP10,docs/phase2-ingestion/data/macro/raw/fred/THREEFYTP10-20260821T023551Z.json,c2ceeb401070c2762eacf24ccfb0c55c1959bd371d9633599639d9af51dc57ce,2026-08-21T02:39:11.041866+00:00,PASS,STALE,0.1.0
L1-005,2026-01-30,0.6148,percent,FRED,THREEFYTP10,docs/phase2-ingestion/data/macro/raw/fred/THREEFYTP10-20260821T023551Z.json,c2ceeb401070c2762eacf24ccfb0c55c1959bd371d9633599639d9af51dc57ce,2026-08-21T02:39:11.041866+00:00,PASS,STALE,0.1.0
L1-005,2026-02-02,0.6289,percent,FRED,THREEFYTP10,docs/phase2-ingestion/data/macro/raw/fred/THREEFYTP10-20260821T023551Z.json,c2ceeb401070c2762eacf24ccfb0c55c1959bd371d9633599639d9af51dc57ce,2026-08-21T02:39:11.041866+00:00,PASS,STALE,0.1.0
L1-005,2026-02-03,0.6313,percent,FRED,THREEFYTP10,docs/phase2-ingestion/data/macro/raw/fred/THREEFYTP10-20260821T023551Z.json,c2ceeb401070c2762eacf24ccfb0c55c1959bd371d9633599639d9af51dc57ce,2026-08-21T02:39:11.041866+00:00,PASS,STALE,0.1.0
L1-005,2026-02-04,0.635,percent,FRED,THREEFYTP10,docs/phase2-ingestion/data/macro/raw/fred/THREEFYTP10-20260821T023551Z.json,c2ceeb401070c2762eacf24ccfb0c55c1959bd371d9633599639d9af51dc57ce,2026-08-21T02:39:11.041866+00:00,PASS,STALE,0.1.0
L1-005,2026-02-05,0.6022,percent,FRED,THREEFYTP10,docs/phase2-ingestion/data/macro/raw/fred/THREEFYTP10-20260821T023551Z.json,c2ceeb401070c2762eacf24ccfb0c55c1959bd371d9633599639d9af51dc57ce,2026-08-21T02:39:11.041866+00:00,PASS,STALE,0.1.0
L1-005,2026-02-06,0.599,percent,FRED,THREEFYTP10,docs/phase2-ingestion/data/macro/raw/fred/THREEFYTP10-20260821T023551Z.json,c2ceeb401070c2762eacf24ccfb0c55c1959bd371d9633599639d9af51dc57ce,2026-08-21T02:39:11.041866+00:00,PASS,STALE,0.1.0
L1-005,2026-02-09,0.5951,percent,FRED,THREEFYTP10,docs/phase2-ingestion/data/macro/raw/fred/THREEFYTP10-20260821T023551Z.json,c2ceeb401070c2762eacf24ccfb0c55c1959bd371d9633599639d9af51dc57ce,2026-08-21T02:39:11.041866+00:00,PASS,STALE,0.1.0
L1-005,2026-02-10,0.5729,percent,FRED,THREEFYTP10,docs/phase2-ingestion/data/macro/raw/fred/THREEFYTP10-20260821T023551Z.json,c2ceeb401070c2762eacf24ccfb0c55c1959bd371d9633599639d9af51dc57ce,2026-08-21T02:39:11.041866+00:00,PASS,STALE,0.1.0
L1-005,2026-02-11,0.5823,percent,FRED,THREEFYTP10,docs/phase2-ingestion/data/macro/raw/fred/THREEFYTP10-20260821T023551Z.json,c2ceeb401070c2762eacf24ccfb0c55c1959bd371d9633599639d9af51dc57ce,2026-08-21T02:39:11.041866+00:00,PASS,STALE,0.1.0
L1-005,2026-02-12,0.5514,percent,FRED,THREEFYTP10,docs/phase2-ingestion/data/macro/raw/fred/THREEFYTP10-20260821T023551Z.json,c2ceeb401070c2762eacf24ccfb0c55c1959bd371d9633599639d9af51dc57ce,2026-08-21T02:39:11.041866+00:00,PASS,STALE,0.1.0
L1-005,2026-02-13,0.5194,percent,FRED,THREEFYTP10,docs/phase2-ingestion/data/macro/raw/fred/THREEFYTP10-20260821T023551Z.json,c2ceeb401070c2762eacf24ccfb0c55c1959bd371d9633599639d9af51dc57ce,2026-08-21T02:39:11.041866+00:00,PASS,STALE,0.1.0
L1-005,2026-02-17,0.5143,percent,FRED,THREEFYTP10,docs/phase2-ingestion/data/macro/raw/fred/THREEFYTP10-20260821T023551Z.json,c2ceeb401070c2762eacf24ccfb0c55c1959bd371d9633599639d9af51dc57ce,2026-08-21T02:39:11.041866+00:00,PASS,STALE,0.1.0
L1-005,2026-02-18,0.5238,percent,FRED,THREEFYTP10,docs/phase2-ingestion/data/macro/raw/fred/THREEFYTP10-20260821T023551Z.json,c2ceeb401070c2762eacf24ccfb0c55c1959bd371d9633599639d9af51dc57ce,2026-08-21T02:39:11.041866+00:00,PASS,STALE,0.1.0
L1-005,2026-02-19,0.5218,percent,FRED,THREEFYTP10,docs/phase2-ingestion/data/macro/raw/fred/THREEFYTP10-20260821T023551Z.json,c2ceeb401070c2762eacf24ccfb0c55c1959bd371d9633599639d9af51dc57ce,2026-08-21T02:39:11.041866+00:00,PASS,STALE,0.1.0
L1-005,2026-02-20,0.5228,percent,FRED,THREEFYTP10,docs/phase2-ingestion/data/macro/raw/fred/THREEFYTP10-20260821T023551Z.json,c2ceeb401070c2762eacf24ccfb0c55c1959bd371d9633599639d9af51dc57ce,2026-08-21T02:39:11.041866+00:00,PASS,STALE,0.1.0
L1-005,2026-02-23,0.4986,percent,FRED,THREEFYTP10,docs/phase2-ingestion/data/macro/raw/fred/THREEFYTP10-20260821T023551Z.json,c2ceeb401070c2762eacf24ccfb0c55c1959bd371d9633599639d9af51dc57ce,2026-08-21T02:39:11.041866+00:00,PASS,STALE,0.1.0
L1-005,2026-02-24,0.4971,percent,FRED,THREEFYTP10,docs/phase2-ingestion/data/macro/raw/fred/THREEFYTP10-20260821T023551Z.json,c2ceeb401070c2762eacf24ccfb0c55c1959bd371d9633599639d9af51dc57ce,2026-08-21T02:39:11.041866+00:00,PASS,STALE,0.1.0
L1-005,2026-02-25,0.5005,percent,FRED,THREEFYTP10,docs/phase2-ingestion/data/macro/raw/fred/THREEFYTP10-20260821T023551Z.json,c2ceeb401070c2762eacf24ccfb0c55c1959bd371d9633599639d9af51dc57ce,2026-08-21T02:39:11.041866+00:00,PASS,STALE,0.1.0
L1-005,2026-02-26,0.4866,percent,FRED,THREEFYTP10,docs/phase2-ingestion/data/macro/raw/fred/THREEFYTP10-20260821T023551Z.json,c2ceeb401070c2762eacf24ccfb0c55c1959bd371d9633599639d9af51dc57ce,2026-08-21T02:39:11.041866+00:00,PASS,STALE,0.1.0
L1-005,2026-02-27,0.4627,percent,FRED,THREEFYTP10,docs/phase2-ingestion/data/macro/raw/fred/THREEFYTP10-20260821T023551Z.json,c2ceeb401070c2762eacf24ccfb0c55c1959bd371d9633599639d9af51dc57ce,2026-08-21T02:39:11.041866+00:00,PASS,STALE,0.1.0
L1-005,2026-03-02,0.4906,percent,FRED,THREEFYTP10,docs/phase2-ingestion/data/macro/raw/fred/THREEFYTP10-20260821T023551Z.json,c2ceeb401070c2762eacf24ccfb0c55c1959bd371d9633599639d9af51dc57ce,2026-08-21T02:39:11.041866+00:00,PASS,STALE,0.1.0
L1-005,2026-03-03,0.5019,percent,FRED,THREEFYTP10,docs/phase2-ingestion/data/macro/raw/fred/THREEFYTP10-20260821T023551Z.json,c2ceeb401070c2762eacf24ccfb0c55c1959bd371d9633599639d9af51dc57ce,2026-08-21T02:39:11.041866+00:00,PASS,STALE,0.1.0
L1-005,2026-03-04,0.5168,percent,FRED,THREEFYTP10,docs/phase2-ingestion/data/macro/raw/fred/THREEFYTP10-20260821T023551Z.json,c2ceeb401070c2762eacf24ccfb0c55c1959bd371d9633599639d9af51dc57ce,2026-08-21T02:39:11.041866+00:00,PASS,STALE,0.1.0
L1-005,2026-03-05,0.5378,percent,FRED,THREEFYTP10,docs/phase2-ingestion/data/macro/raw/fred/THREEFYTP10-20260821T023551Z.json,c2ceeb401070c2762eacf24ccfb0c55c1959bd371d9633599639d9af51dc57ce,2026-08-21T02:39:11.041866+00:00,PASS,STALE,0.1.0
L1-005,2026-03-06,0.5487,percent,FRED,THREEFYTP10,docs/phase2-ingestion/data/macro/raw/fred/THREEFYTP10-20260821T023551Z.json,c2ceeb401070c2762eacf24ccfb0c55c1959bd371d9633599639d9af51dc57ce,2026-08-21T02:39:11.041866+00:00,PASS,STALE,0.1.0
L1-005,2026-03-09,0.542,percent,FRED,THREEFYTP10,docs/phase2-ingestion/data/macro/raw/fred/THREEFYTP10-20260821T023551Z.json,c2ceeb401070c2762eacf24ccfb0c55c1959bd371d9633599639d9af51dc57ce,2026-08-21T02:39:11.041866+00:00,PASS,STALE,0.1.0
L1-005,2026-03-10,0.5496,percent,FRED,THREEFYTP10,docs/phase2-ingestion/data/macro/raw/fred/THREEFYTP10-20260821T023551Z.json,c2ceeb401070c2762eacf24ccfb0c55c1959bd371d9633599639d9af51dc57ce,2026-08-21T02:39:11.041866+00:00,PASS,STALE,0.1.0
L1-005,2026-03-11,0.5772,percent,FRED,THREEFYTP10,docs/phase2-ingestion/data/macro/raw/fred/THREEFYTP10-20260821T023551Z.json,c2ceeb401070c2762eacf24ccfb0c55c1959bd371d9633599639d9af51dc57ce,2026-08-21T02:39:11.041866+00:00,PASS,STALE,0.1.0
L1-005,2026-03-12,0.6185,percent,FRED,THREEFYTP10,docs/phase2-ingestion/data/macro/raw/fred/THREEFYTP10-20260821T023551Z.json,c2ceeb401070c2762eacf24ccfb0c55c1959bd371d9633599639d9af51dc57ce,2026-08-21T02:39:11.041866+00:00,PASS,STALE,0.1.0
L1-005,2026-03-13,0.6286,percent,FRED,THREEFYTP10,docs/phase2-ingestion/data/macro/raw/fred/THREEFYTP10-20260821T023551Z.json,c2ceeb401070c2762eacf24ccfb0c55c1959bd371d9633599639d9af51dc57ce,2026-08-21T02:39:11.041866+00:00,PASS,STALE,0.1.0
L1-005,2026-03-16,0.6034,percent,FRED,THREEFYTP10,docs/phase2-ingestion/data/macro/raw/fred/THREEFYTP10-20260821T023551Z.json,c2ceeb401070c2762eacf24ccfb0c55c1959bd371d9633599639d9af51dc57ce,2026-08-21T02:39:11.041866+00:00,PASS,STALE,0.1.0
L1-005,2026-03-17,0.5887,percent,FRED,THREEFYTP10,docs/phase2-ingestion/data/macro/raw/fred/THREEFYTP10-20260821T023551Z.json,c2ceeb401070c2762eacf24ccfb0c55c1959bd371d9633599639d9af51dc57ce,2026-08-21T02:39:11.041866+00:00,PASS,STALE,0.1.0
L1-005,2026-03-18,0.6139,percent,FRED,THREEFYTP10,docs/phase2-ingestion/data/macro/raw/fred/THREEFYTP10-20260821T023551Z.json,c2ceeb401070c2762eacf24ccfb0c55c1959bd371d9633599639d9af51dc57ce,2026-08-21T02:39:11.041866+00:00,PASS,STALE,0.1.0
L1-005,2026-03-19,0.621,percent,FRED,THREEFYTP10,docs/phase2-ingestion/data/macro/raw/fred/THREEFYTP10-20260821T023551Z.json,c2ceeb401070c2762eacf24ccfb0c55c1959bd371d9633599639d9af51dc57ce,2026-08-21T02:39:11.041866+00:00,PASS,STALE,0.1.0
L1-005,2026-03-20,0.678,percent,FRED,THREEFYTP10,docs/phase2-ingestion/data/macro/raw/fred/THREEFYTP10-20260821T023551Z.json,c2ceeb401070c2762eacf24ccfb0c55c1959bd371d9633599639d9af51dc57ce,2026-08-21T02:39:11.041866+00:00,PASS,STALE,0.1.0
L1-005,2026-03-23,0.6691,percent,FRED,THREEFYTP10,docs/phase2-ingestion/data/macro/raw/fred/THREEFYTP10-20260821T023551Z.json,c2ceeb401070c2762eacf24ccfb0c55c1959bd371d9633599639d9af51dc57ce,2026-08-21T02:39:11.041866+00:00,PASS,STALE,0.1.0
L1-005,2026-03-24,0.6921,percent,FRED,THREEFYTP10,docs/phase2-ingestion/data/macro/raw/fred/THREEFYTP10-20260821T023551Z.json,c2ceeb401070c2762eacf24ccfb0c55c1959bd371d9633599639d9af51dc57ce,2026-08-21T02:39:11.041866+00:00,PASS,STALE,0.1.0
L1-005,2026-03-25,0.6717,percent,FRED,THREEFYTP10,docs/phase2-ingestion/data/macro/raw/fred/THREEFYTP10-20260821T023551Z.json,c2ceeb401070c2762eacf24ccfb0c55c1959bd371d9633599639d9af51dc57ce,2026-08-21T02:39:11.041866+00:00,PASS,STALE,0.1.0
L1-005,2026-03-26,0.714,percent,FRED,THREEFYTP10,docs/phase2-ingestion/data/macro/raw/fred/THREEFYTP10-20260821T023551Z.json,c2ceeb401070c2762eacf24ccfb0c55c1959bd371d9633599639d9af51dc57ce,2026-08-21T02:39:11.041866+00:00,PASS,STALE,0.1.0
L1-005,2026-03-27,0.7183,percent,FRED,THREEFYTP10,docs/phase2-ingestion/data/macro/raw/fred/THREEFYTP10-20260821T023551Z.json,c2ceeb401070c2762eacf24ccfb0c55c1959bd371d9633599639d9af51dc57ce,2026-08-21T02:39:11.041866+00:00,PASS,STALE,0.1.0
L1-005,2026-03-30,0.6813,percent,FRED,THREEFYTP10,docs/phase2-ingestion/data/macro/raw/fred/THREEFYTP10-20260821T023551Z.json,c2ceeb401070c2762eacf24ccfb0c55c1959bd371d9633599639d9af51dc57ce,2026-08-21T02:39:11.041866+00:00,PASS,STALE,0.1.0
L1-005,2026-03-31,0.654,percent,FRED,THREEFYTP10,docs/phase2-ingestion/data/macro/raw/fred/THREEFYTP10-20260821T023551Z.json,c2ceeb401070c2762eacf24ccfb0c55c1959bd371d9633599639d9af51dc57ce,2026-08-21T02:39:11.041866+00:00,PASS,STALE,0.1.0
L1-005,2026-04-01,0.664,percent,FRED,THREEFYTP10,docs/phase2-ingestion/data/macro/raw/fred/THREEFYTP10-20260821T023551Z.json,c2ceeb401070c2762eacf24ccfb0c55c1959bd371d9633599639d9af51dc57ce,2026-08-21T02:39:11.041866+00:00,PASS,STALE,0.1.0
L1-005,2026-04-02,0.6555,percent,FRED,THREEFYTP10,docs/phase2-ingestion/data/macro/raw/fred/THREEFYTP10-20260821T023551Z.json,c2ceeb401070c2762eacf24ccfb0c55c1959bd371d9633599639d9af51dc57ce,2026-08-21T02:39:11.041866+00:00,PASS,STALE,0.1.0
L1-005,2026-04-03,0.672,percent,FRED,THREEFYTP10,docs/phase2-ingestion/data/macro/raw/fred/THREEFYTP10-20260821T023551Z.json,c2ceeb401070c2762eacf24ccfb0c55c1959bd371d9633599639d9af51dc57ce,2026-08-21T02:39:11.041866+00:00,PASS,STALE,0.1.0
L1-005,2026-04-06,0.6694,percent,FRED,THREEFYTP10,docs/phase2-ingestion/data/macro/raw/fred/THREEFYTP10-20260821T023551Z.json,c2ceeb401070c2762eacf24ccfb0c55c1959bd371d9633599639d9af51dc57ce,2026-08-21T02:39:11.041866+00:00,PASS,STALE,0.1.0
L1-005,2026-04-07,0.661,percent,FRED,THREEFYTP10,docs/phase2-ingestion/data/macro/raw/fred/THREEFYTP10-20260821T023551Z.json,c2ceeb401070c2762eacf24ccfb0c55c1959bd371d9633599639d9af51dc57ce,2026-08-21T02:39:11.041866+00:00,PASS,STALE,0.1.0
L1-005,2026-04-08,0.6457,percent,FRED,THREEFYTP10,docs/phase2-ingestion/data/macro/raw/fred/THREEFYTP10-20260821T023551Z.json,c2ceeb401070c2762eacf24ccfb0c55c1959bd371d9633599639d9af51dc57ce,2026-08-21T02:39:11.041866+00:00,PASS,STALE,0.1.0
L1-005,2026-04-09,0.6421,percent,FRED,THREEFYTP10,docs/phase2-ingestion/data/macro/raw/fred/THREEFYTP10-20260821T023551Z.json,c2ceeb401070c2762eacf24ccfb0c55c1959bd371d9633599639d9af51dc57ce,2026-08-21T02:39:11.041866+00:00,PASS,STALE,0.1.0
L1-005,2026-04-10,0.6518,percent,FRED,THREEFYTP10,docs/phase2-ingestion/data/macro/raw/fred/THREEFYTP10-20260821T023551Z.json,c2ceeb401070c2762eacf24ccfb0c55c1959bd371d9633599639d9af51dc57ce,2026-08-21T02:39:11.041866+00:00,PASS,STALE,0.1.0
L1-005,2026-04-13,0.6432,percent,FRED,THREEFYTP10,docs/phase2-ingestion/data/macro/raw/fred/THREEFYTP10-20260821T023551Z.json,c2ceeb401070c2762eacf24ccfb0c55c1959bd371d9633599639d9af51dc57ce,2026-08-21T02:39:11.041866+00:00,PASS,STALE,0.1.0
L1-005,2026-04-14,0.6215,percent,FRED,THREEFYTP10,docs/phase2-ingestion/data/macro/raw/fred/THREEFYTP10-20260821T023551Z.json,c2ceeb401070c2762eacf24ccfb0c55c1959bd371d9633599639d9af51dc57ce,2026-08-21T02:39:11.041866+00:00,PASS,STALE,0.1.0
L1-005,2026-04-15,0.6264,percent,FRED,THREEFYTP10,docs/phase2-ingestion/data/macro/raw/fred/THREEFYTP10-20260821T023551Z.json,c2ceeb401070c2762eacf24ccfb0c55c1959bd371d9633599639d9af51dc57ce,2026-08-21T02:39:11.041866+00:00,PASS,STALE,0.1.0
L1-005,2026-04-16,0.6384,percent,FRED,THREEFYTP10,docs/phase2-ingestion/data/macro/raw/fred/THREEFYTP10-20260821T023551Z.json,c2ceeb401070c2762eacf24ccfb0c55c1959bd371d9633599639d9af51dc57ce,2026-08-21T02:39:11.041866+00:00,PASS,STALE,0.1.0
L1-005,2026-04-17,0.6158,percent,FRED,THREEFYTP10,docs/phase2-ingestion/data/macro/raw/fred/THREEFYTP10-20260821T023551Z.json,c2ceeb401070c2762eacf24ccfb0c55c1959bd371d9633599639d9af51dc57ce,2026-08-21T02:39:11.041866+00:00,PASS,STALE,0.1.0
L1-005,2026-04-20,0.612,percent,FRED,THREEFYTP10,docs/phase2-ingestion/data/macro/raw/fred/THREEFYTP10-20260821T023551Z.json,c2ceeb401070c2762eacf24ccfb0c55c1959bd371d9633599639d9af51dc57ce,2026-08-21T02:39:11.041866+00:00,PASS,STALE,0.1.0
L1-005,2026-04-21,0.6311,percent,FRED,THREEFYTP10,docs/phase2-ingestion/data/macro/raw/fred/THREEFYTP10-20260821T023551Z.json,c2ceeb401070c2762eacf24ccfb0c55c1959bd371d9633599639d9af51dc57ce,2026-08-21T02:39:11.041866+00:00,PASS,STALE,0.1.0
L1-005,2026-04-22,0.6402,percent,FRED,THREEFYTP10,docs/phase2-ingestion/data/macro/raw/fred/THREEFYTP10-20260821T023551Z.json,c2ceeb401070c2762eacf24ccfb0c55c1959bd371d9633599639d9af51dc57ce,2026-08-21T02:39:11.041866+00:00,PASS,STALE,0.1.0
L1-005,2026-04-23,0.6596,percent,FRED,THREEFYTP10,docs/phase2-ingestion/data/macro/raw/fred/THREEFYTP10-20260821T023551Z.json,c2ceeb401070c2762eacf24ccfb0c55c1959bd371d9633599639d9af51dc57ce,2026-08-21T02:39:11.041866+00:00,PASS,STALE,0.1.0
L1-005,2026-04-24,0.6481,percent,FRED,THREEFYTP10,docs/phase2-ingestion/data/macro/raw/fred/THREEFYTP10-20260821T023551Z.json,c2ceeb401070c2762eacf24ccfb0c55c1959bd371d9633599639d9af51dc57ce,2026-08-21T02:39:11.041866+00:00,PASS,STALE,0.1.0
L1-005,2026-04-27,0.6603,percent,FRED,THREEFYTP10,docs/phase2-ingestion/data/macro/raw/fred/THREEFYTP10-20260821T023551Z.json,c2ceeb401070c2762eacf24ccfb0c55c1959bd371d9633599639d9af51dc57ce,2026-08-21T02:39:11.041866+00:00,PASS,STALE,0.1.0
L1-005,2026-04-28,0.6747,percent,FRED,THREEFYTP10,docs/phase2-ingestion/data/macro/raw/fred/THREEFYTP10-20260821T023551Z.json,c2ceeb401070c2762eacf24ccfb0c55c1959bd371d9633599639d9af51dc57ce,2026-08-21T02:39:11.041866+00:00,PASS,STALE,0.1.0
L1-005,2026-04-29,0.7075,percent,FRED,THREEFYTP10,docs/phase2-ingestion/data/macro/raw/fred/THREEFYTP10-20260821T023551Z.json,c2ceeb401070c2762eacf24ccfb0c55c1959bd371d9633599639d9af51dc57ce,2026-08-21T02:39:11.041866+00:00,PASS,STALE,0.1.0
L1-005,2026-04-30,0.7038,percent,FRED,THREEFYTP10,docs/phase2-ingestion/data/macro/raw/fred/THREEFYTP10-20260821T023551Z.json,c2ceeb401070c2762eacf24ccfb0c55c1959bd371d9633599639d9af51dc57ce,2026-08-21T02:39:11.041866+00:00,PASS,STALE,0.1.0
L1-005,2026-05-01,0.7036,percent,FRED,THREEFYTP10,docs/phase2-ingestion/data/macro/raw/fred/THREEFYTP10-20260821T023551Z.json,c2ceeb401070c2762eacf24ccfb0c55c1959bd371d9633599639d9af51dc57ce,2026-08-21T02:39:11.041866+00:00,PASS,STALE,0.1.0
L1-005,2026-05-04,0.729,percent,FRED,THREEFYTP10,docs/phase2-ingestion/data/macro/raw/fred/THREEFYTP10-20260821T023551Z.json,c2ceeb401070c2762eacf24ccfb0c55c1959bd371d9633599639d9af51dc57ce,2026-08-21T02:39:11.041866+00:00,PASS,STALE,0.1.0
L1-005,2026-05-05,0.7279,percent,FRED,THREEFYTP10,docs/phase2-ingestion/data/macro/raw/fred/THREEFYTP10-20260821T023551Z.json,c2ceeb401070c2762eacf24ccfb0c55c1959bd371d9633599639d9af51dc57ce,2026-08-21T02:39:11.041866+00:00,PASS,STALE,0.1.0
L1-005,2026-05-06,0.6962,percent,FRED,THREEFYTP10,docs/phase2-ingestion/data/macro/raw/fred/THREEFYTP10-20260821T023551Z.json,c2ceeb401070c2762eacf24ccfb0c55c1959bd371d9633599639d9af51dc57ce,2026-08-21T02:39:11.041866+00:00,PASS,STALE,0.1.0
L1-005,2026-05-07,0.7086,percent,FRED,THREEFYTP10,docs/phase2-ingestion/data/macro/raw/fred/THREEFYTP10-20260821T023551Z.json,c2ceeb401070c2762eacf24ccfb0c55c1959bd371d9633599639d9af51dc57ce,2026-08-21T02:39:11.041866+00:00,PASS,STALE,0.1.0
L1-005,2026-05-08,0.6999,percent,FRED,THREEFYTP10,docs/phase2-ingestion/data/macro/raw/fred/THREEFYTP10-20260821T023551Z.json,c2ceeb401070c2762eacf24ccfb0c55c1959bd371d9633599639d9af51dc57ce,2026-08-21T02:39:11.041866+00:00,PASS,STALE,0.1.0
L1-005,2026-05-11,0.7173,percent,FRED,THREEFYTP10,docs/phase2-ingestion/data/macro/raw/fred/THREEFYTP10-20260821T023551Z.json,c2ceeb401070c2762eacf24ccfb0c55c1959bd371d9633599639d9af51dc57ce,2026-08-21T02:39:11.041866+00:00,PASS,STALE,0.1.0
L1-005,2026-05-12,0.7439,percent,FRED,THREEFYTP10,docs/phase2-ingestion/data/macro/raw/fred/THREEFYTP10-20260821T023551Z.json,c2ceeb401070c2762eacf24ccfb0c55c1959bd371d9633599639d9af51dc57ce,2026-08-21T02:39:11.041866+00:00,PASS,STALE,0.1.0
L1-005,2026-05-13,0.7488,percent,FRED,THREEFYTP10,docs/phase2-ingestion/data/macro/raw/fred/THREEFYTP10-20260821T023551Z.json,c2ceeb401070c2762eacf24ccfb0c55c1959bd371d9633599639d9af51dc57ce,2026-08-21T02:39:11.041866+00:00,PASS,STALE,0.1.0
L1-005,2026-05-14,0.7547,percent,FRED,THREEFYTP10,docs/phase2-ingestion/data/macro/raw/fred/THREEFYTP10-20260821T023551Z.json,c2ceeb401070c2762eacf24ccfb0c55c1959bd371d9633599639d9af51dc57ce,2026-08-21T02:39:11.041866+00:00,PASS,STALE,0.1.0
L1-005,2026-05-15,0.8117,percent,FRED,THREEFYTP10,docs/phase2-ingestion/data/macro/raw/fred/THREEFYTP10-20260821T023551Z.json,c2ceeb401070c2762eacf24ccfb0c55c1959bd371d9633599639d9af51dc57ce,2026-08-21T02:39:11.041866+00:00,PASS,STALE,0.1.0
L1-005,2026-05-18,0.8293,percent,FRED,THREEFYTP10,docs/phase2-ingestion/data/macro/raw/fred/THREEFYTP10-20260821T023551Z.json,c2ceeb401070c2762eacf24ccfb0c55c1959bd371d9633599639d9af51dc57ce,2026-08-21T02:39:11.041866+00:00,PASS,STALE,0.1.0
L1-005,2026-05-19,0.8621,percent,FRED,THREEFYTP10,docs/phase2-ingestion/data/macro/raw/fred/THREEFYTP10-20260821T023551Z.json,c2ceeb401070c2762eacf24ccfb0c55c1959bd371d9633599639d9af51dc57ce,2026-08-21T02:39:11.041866+00:00,PASS,STALE,0.1.0
L1-005,2026-05-20,0.8299,percent,FRED,THREEFYTP10,docs/phase2-ingestion/data/macro/raw/fred/THREEFYTP10-20260821T023551Z.json,c2ceeb401070c2762eacf24ccfb0c55c1959bd371d9633599639d9af51dc57ce,2026-08-21T02:39:11.041866+00:00,PASS,STALE,0.1.0
L1-005,2026-05-21,0.8277,percent,FRED,THREEFYTP10,docs/phase2-ingestion/data/macro/raw/fred/THREEFYTP10-20260821T023551Z.json,c2ceeb401070c2762eacf24ccfb0c55c1959bd371d9633599639d9af51dc57ce,2026-08-21T02:39:11.041866+00:00,PASS,STALE,0.1.0
L1-005,2026-05-22,0.8289,percent,FRED,THREEFYTP10,docs/phase2-ingestion/data/macro/raw/fred/THREEFYTP10-20260821T023551Z.json,c2ceeb401070c2762eacf24ccfb0c55c1959bd371d9633599639d9af51dc57ce,2026-08-21T02:39:11.041866+00:00,PASS,STALE,0.1.0
L1-005,2026-05-26,0.7941,percent,FRED,THREEFYTP10,docs/phase2-ingestion/data/macro/raw/fred/THREEFYTP10-20260821T023551Z.json,c2ceeb401070c2762eacf24ccfb0c55c1959bd371d9633599639d9af51dc57ce,2026-08-21T02:39:11.041866+00:00,PASS,STALE,0.1.0
L1-005,2026-05-27,0.7786,percent,FRED,THREEFYTP10,docs/phase2-ingestion/data/macro/raw/fred/THREEFYTP10-20260821T023551Z.json,c2ceeb401070c2762eacf24ccfb0c55c1959bd371d9633599639d9af51dc57ce,2026-08-21T02:39:11.041866+00:00,PASS,STALE,0.1.0
L1-005,2026-05-28,0.764,percent,FRED,THREEFYTP10,docs/phase2-ingestion/data/macro/raw/fred/THREEFYTP10-20260821T023551Z.json,c2ceeb401070c2762eacf24ccfb0c55c1959bd371d9633599639d9af51dc57ce,2026-08-21T02:39:11.041866+00:00,PASS,STALE,0.1.0
L1-005,2026-05-29,0.7541,percent,FRED,THREEFYTP10,docs/phase2-ingestion/data/macro/raw/fred/THREEFYTP10-20260821T023551Z.json,c2ceeb401070c2762eacf24ccfb0c55c1959bd371d9633599639d9af51dc57ce,2026-08-21T02:39:11.041866+00:00,PASS,STALE,0.1.0
L1-005,2026-06-01,0.7627,percent,FRED,THREEFYTP10,docs/phase2-ingestion/data/macro/raw/fred/THREEFYTP10-20260821T023551Z.json,c2ceeb401070c2762eacf24ccfb0c55c1959bd371d9633599639d9af51dc57ce,2026-08-21T02:39:11.041866+00:00,PASS,STALE,0.1.0
L1-005,2026-06-02,0.7582,percent,FRED,THREEFYTP10,docs/phase2-ingestion/data/macro/raw/fred/THREEFYTP10-20260821T023551Z.json,c2ceeb401070c2762eacf24ccfb0c55c1959bd371d9633599639d9af51dc57ce,2026-08-21T02:39:11.041866+00:00,PASS,STALE,0.1.0
L1-005,2026-06-03,0.7733,percent,FRED,THREEFYTP10,docs/phase2-ingestion/data/macro/raw/fred/THREEFYTP10-20260821T023551Z.json,c2ceeb401070c2762eacf24ccfb0c55c1959bd371d9633599639d9af51dc57ce,2026-08-21T02:39:11.041866+00:00,PASS,STALE,0.1.0
L1-005,2026-06-04,0.7654,percent,FRED,THREEFYTP10,docs/phase2-ingestion/data/macro/raw/fred/THREEFYTP10-20260821T023551Z.json,c2ceeb401070c2762eacf24ccfb0c55c1959bd371d9633599639d9af51dc57ce,2026-08-21T02:39:11.041866+00:00,PASS,STALE,0.1.0
L1-005,2026-06-05,0.8019,percent,FRED,THREEFYTP10,docs/phase2-ingestion/data/macro/raw/fred/THREEFYTP10-20260821T023551Z.json,c2ceeb401070c2762eacf24ccfb0c55c1959bd371d9633599639d9af51dc57ce,2026-08-21T02:39:11.041866+00:00,PASS,STALE,0.1.0
L1-005,2026-06-08,0.8081,percent,FRED,THREEFYTP10,docs/phase2-ingestion/data/macro/raw/fred/THREEFYTP10-20260821T023551Z.json,c2ceeb401070c2762eacf24ccfb0c55c1959bd371d9633599639d9af51dc57ce,2026-08-21T02:39:11.041866+00:00,PASS,STALE,0.1.0
L1-005,2026-06-09,0.7977,percent,FRED,THREEFYTP10,docs/phase2-ingestion/data/macro/raw/fred/THREEFYTP10-20260821T023551Z.json,c2ceeb401070c2762eacf24ccfb0c55c1959bd371d9633599639d9af51dc57ce,2026-08-21T02:39:11.041866+00:00,PASS,STALE,0.1.0
L1-005,2026-06-10,0.801,percent,FRED,THREEFYTP10,docs/phase2-ingestion/data/macro/raw/fred/THREEFYTP10-20260821T023551Z.json,c2ceeb401070c2762eacf24ccfb0c55c1959bd371d9633599639d9af51dc57ce,2026-08-21T02:39:11.041866+00:00,PASS,STALE,0.1.0
L1-005,2026-06-11,0.763,percent,FRED,THREEFYTP10,docs/phase2-ingestion/data/macro/raw/fred/THREEFYTP10-20260821T023551Z.json,c2ceeb401070c2762eacf24ccfb0c55c1959bd371d9633599639d9af51dc57ce,2026-08-21T02:39:11.041866+00:00,PASS,STALE,0.1.0
L1-005,2026-06-12,0.7671,percent,FRED,THREEFYTP10,docs/phase2-ingestion/data/macro/raw/fred/THREEFYTP10-20260821T023551Z.json,c2ceeb401070c2762eacf24ccfb0c55c1959bd371d9633599639d9af51dc57ce,2026-08-21T02:39:11.041866+00:00,PASS,STALE,0.1.0
L1-005,2026-06-15,0.7574,percent,FRED,THREEFYTP10,docs/phase2-ingestion/data/macro/raw/fred/THREEFYTP10-20260821T023551Z.json,c2ceeb401070c2762eacf24ccfb0c55c1959bd371d9633599639d9af51dc57ce,2026-08-21T02:39:11.041866+00:00,PASS,STALE,0.1.0
L1-005,2026-06-16,0.7392,percent,FRED,THREEFYTP10,docs/phase2-ingestion/data/macro/raw/fred/THREEFYTP10-20260821T023551Z.json,c2ceeb401070c2762eacf24ccfb0c55c1959bd371d9633599639d9af51dc57ce,2026-08-21T02:39:11.041866+00:00,PASS,STALE,0.1.0
L1-005,2026-06-17,0.7666,percent,FRED,THREEFYTP10,docs/phase2-ingestion/data/macro/raw/fred/THREEFYTP10-20260821T023551Z.json,c2ceeb401070c2762eacf24ccfb0c55c1959bd371d9633599639d9af51dc57ce,2026-08-21T02:39:11.041866+00:00,PASS,STALE,0.1.0
L1-005,2026-06-18,0.7519,percent,FRED,THREEFYTP10,docs/phase2-ingestion/data/macro/raw/fred/THREEFYTP10-20260821T023551Z.json,c2ceeb401070c2762eacf24ccfb0c55c1959bd371d9633599639d9af51dc57ce,2026-08-21T02:39:11.041866+00:00,PASS,STALE,0.1.0
L1-005,2026-06-22,0.7647,percent,FRED,THREEFYTP10,docs/phase2-ingestion/data/macro/raw/fred/THREEFYTP10-20260821T023551Z.json,c2ceeb401070c2762eacf24ccfb0c55c1959bd371d9633599639d9af51dc57ce,2026-08-21T02:39:11.041866+00:00,PASS,STALE,0.1.0
L1-005,2026-06-23,0.7568,percent,FRED,THREEFYTP10,docs/phase2-ingestion/data/macro/raw/fred/THREEFYTP10-20260821T023551Z.json,c2ceeb401070c2762eacf24ccfb0c55c1959bd371d9633599639d9af51dc57ce,2026-08-21T02:39:11.041866+00:00,PASS,STALE,0.1.0
L1-005,2026-06-24,0.7175,percent,FRED,THREEFYTP10,docs/phase2-ingestion/data/macro/raw/fred/THREEFYTP10-20260821T023551Z.json,c2ceeb401070c2762eacf24ccfb0c55c1959bd371d9633599639d9af51dc57ce,2026-08-21T02:39:11.041866+00:00,PASS,STALE,0.1.0
L1-005,2026-06-25,0.6991,percent,FRED,THREEFYTP10,docs/phase2-ingestion/data/macro/raw/fred/THREEFYTP10-20260821T023551Z.json,c2ceeb401070c2762eacf24ccfb0c55c1959bd371d9633599639d9af51dc57ce,2026-08-21T02:39:11.041866+00:00,PASS,STALE,0.1.0
L1-005,2026-06-26,0.6849,percent,FRED,THREEFYTP10,docs/phase2-ingestion/data/macro/raw/fred/THREEFYTP10-20260821T023551Z.json,c2ceeb401070c2762eacf24ccfb0c55c1959bd371d9633599639d9af51dc57ce,2026-08-21T02:39:11.041866+00:00,PASS,STALE,0.1.0
L1-005,2026-06-29,0.6782,percent,FRED,THREEFYTP10,docs/phase2-ingestion/data/macro/raw/fred/THREEFYTP10-20260821T023551Z.json,c2ceeb401070c2762eacf24ccfb0c55c1959bd371d9633599639d9af51dc57ce,2026-08-21T02:39:11.041866+00:00,PASS,STALE,0.1.0
L1-005,2026-06-30,0.6967,percent,FRED,THREEFYTP10,docs/phase2-ingestion/data/macro/raw/fred/THREEFYTP10-20260821T023551Z.json,c2ceeb401070c2762eacf24ccfb0c55c1959bd371d9633599639d9af51dc57ce,2026-08-21T02:39:11.041866+00:00,PASS,STALE,0.1.0
L1-005,2026-07-01,0.7216,percent,FRED,THREEFYTP10,docs/phase2-ingestion/data/macro/raw/fred/THREEFYTP10-20260821T023551Z.json,c2ceeb401070c2762eacf24ccfb0c55c1959bd371d9633599639d9af51dc57ce,2026-08-21T02:39:11.041866+00:00,PASS,STALE,0.1.0
L1-005,2026-07-02,0.7322,percent,FRED,THREEFYTP10,docs/phase2-ingestion/data/macro/raw/fred/THREEFYTP10-20260821T023551Z.json,c2ceeb401070c2762eacf24ccfb0c55c1959bd371d9633599639d9af51dc57ce,2026-08-21T02:39:11.041866+00:00,PASS,STALE,0.1.0
L1-005,2026-07-06,0.7261,percent,FRED,THREEFYTP10,docs/phase2-ingestion/data/macro/raw/fred/THREEFYTP10-20260821T023551Z.json,c2ceeb401070c2762eacf24ccfb0c55c1959bd371d9633599639d9af51dc57ce,2026-08-21T02:39:11.041866+00:00,PASS,STALE,0.1.0
L1-005,2026-07-07,0.7531,percent,FRED,THREEFYTP10,docs/phase2-ingestion/data/macro/raw/fred/THREEFYTP10-20260821T023551Z.json,c2ceeb401070c2762eacf24ccfb0c55c1959bd371d9633599639d9af51dc57ce,2026-08-21T02:39:11.041866+00:00,PASS,STALE,0.1.0
L1-005,2026-07-08,0.771,percent,FRED,THREEFYTP10,docs/phase2-ingestion/data/macro/raw/fred/THREEFYTP10-20260821T023551Z.json,c2ceeb401070c2762eacf24ccfb0c55c1959bd371d9633599639d9af51dc57ce,2026-08-21T02:39:11.041866+00:00,PASS,STALE,0.1.0
L1-005,2026-07-09,0.7671,percent,FRED,THREEFYTP10,docs/phase2-ingestion/data/macro/raw/fred/THREEFYTP10-20260821T023551Z.json,c2ceeb401070c2762eacf24ccfb0c55c1959bd371d9633599639d9af51dc57ce,2026-08-21T02:39:11.041866+00:00,PASS,STALE,0.1.0
L1-005,2026-07-10,0.7788,percent,FRED,THREEFYTP10,docs/phase2-ingestion/data/macro/raw/fred/THREEFYTP10-20260821T023551Z.json,c2ceeb401070c2762eacf24ccfb0c55c1959bd371d9633599639d9af51dc57ce,2026-08-21T02:39:11.041866+00:00,PASS,STALE,0.1.0
L1-005,2026-07-13,0.8008,percent,FRED,THREEFYTP10,docs/phase2-ingestion/data/macro/raw/fred/THREEFYTP10-20260821T023551Z.json,c2ceeb401070c2762eacf24ccfb0c55c1959bd371d9633599639d9af51dc57ce,2026-08-21T02:39:11.041866+00:00,PASS,STALE,0.1.0
L1-005,2026-07-14,0.7895,percent,FRED,THREEFYTP10,docs/phase2-ingestion/data/macro/raw/fred/THREEFYTP10-20260821T023551Z.json,c2ceeb401070c2762eacf24ccfb0c55c1959bd371d9633599639d9af51dc57ce,2026-08-21T02:39:11.041866+00:00,PASS,STALE,0.1.0
L1-005,2026-07-15,0.7727,percent,FRED,THREEFYTP10,docs/phase2-ingestion/data/macro/raw/fred/THREEFYTP10-20260821T023551Z.json,c2ceeb401070c2762eacf24ccfb0c55c1959bd371d9633599639d9af51dc57ce,2026-08-21T02:39:11.041866+00:00,PASS,STALE,0.1.0
L1-005,2026-07-16,0.7801,percent,FRED,THREEFYTP10,docs/phase2-ingestion/data/macro/raw/fred/THREEFYTP10-20260821T023551Z.json,c2ceeb401070c2762eacf24ccfb0c55c1959bd371d9633599639d9af51dc57ce,2026-08-21T02:39:11.041866+00:00,PASS,STALE,0.1.0
L1-005,2026-07-17,0.7787,percent,FRED,THREEFYTP10,docs/phase2-ingestion/data/macro/raw/fred/THREEFYTP10-20260821T023551Z.json,c2ceeb401070c2762eacf24ccfb0c55c1959bd371d9633599639d9af51dc57ce,2026-08-21T02:39:11.041866+00:00,PASS,STALE,0.1.0
L1-005,2026-07-20,0.7931,percent,FRED,THREEFYTP10,docs/phase2-ingestion/data/macro/raw/fred/THREEFYTP10-20260821T023551Z.json,c2ceeb401070c2762eacf24ccfb0c55c1959bd371d9633599639d9af51dc57ce,2026-08-21T02:39:11.041866+00:00,PASS,STALE,0.1.0
L1-005,2026-07-21,0.812,percent,FRED,THREEFYTP10,docs/phase2-ingestion/data/macro/raw/fred/THREEFYTP10-20260821T023551Z.json,c2ceeb401070c2762eacf24ccfb0c55c1959bd371d9633599639d9af51dc57ce,2026-08-21T02:39:11.041866+00:00,PASS,STALE,0.1.0
L1-005,2026-07-22,0.831,percent,FRED,THREEFYTP10,docs/phase2-ingestion/data/macro/raw/fred/THREEFYTP10-20260821T023551Z.json,c2ceeb401070c2762eacf24ccfb0c55c1959bd371d9633599639d9af51dc57ce,2026-08-21T02:39:11.041866+00:00,PASS,STALE,0.1.0
L1-005,2026-07-23,0.8488,percent,FRED,THREEFYTP10,docs/phase2-ingestion/data/macro/raw/fred/THREEFYTP10-20260821T023551Z.json,c2ceeb401070c2762eacf24ccfb0c55c1959bd371d9633599639d9af51dc57ce,2026-08-21T02:39:11.041866+00:00,PASS,STALE,0.1.0
L1-005,2026-07-24,0.8384,percent,FRED,THREEFYTP10,docs/phase2-ingestion/data/macro/raw/fred/THREEFYTP10-20260821T023551Z.json,c2ceeb401070c2762eacf24ccfb0c55c1959bd371d9633599639d9af51dc57ce,2026-08-21T02:39:11.041866+00:00,PASS,STALE,0.1.0
L1-005,2026-07-27,0.8208,percent,FRED,THREEFYTP10,docs/phase2-ingestion/data/macro/raw/fred/THREEFYTP10-20260821T023551Z.json,c2ceeb401070c2762eacf24ccfb0c55c1959bd371d9633599639d9af51dc57ce,2026-08-21T02:39:11.041866+00:00,PASS,STALE,0.1.0
L1-005,2026-07-28,0.7998,percent,FRED,THREEFYTP10,docs/phase2-ingestion/data/macro/raw/fred/THREEFYTP10-20260821T023551Z.json,c2ceeb401070c2762eacf24ccfb0c55c1959bd371d9633599639d9af51dc57ce,2026-08-21T02:39:11.041866+00:00,PASS,STALE,0.1.0
L1-005,2026-07-29,0.8181,percent,FRED,THREEFYTP10,docs/phase2-ingestion/data/macro/raw/fred/THREEFYTP10-20260821T023551Z.json,c2ceeb401070c2762eacf24ccfb0c55c1959bd371d9633599639d9af51dc57ce,2026-08-21T02:39:11.041866+00:00,PASS,STALE,0.1.0
L1-005,2026-07-30,0.833,percent,FRED,THREEFYTP10,docs/phase2-ingestion/data/macro/raw/fred/THREEFYTP10-20260821T023551Z.json,c2ceeb401070c2762eacf24ccfb0c55c1959bd371d9633599639d9af51dc57ce,2026-08-21T02:39:11.041866+00:00,PASS,STALE,0.1.0
L1-005,2026-07-31,0.8681,percent,FRED,THREEFYTP10,docs/phase2-ingestion/data/macro/raw/fred/THREEFYTP10-20260821T023551Z.json,c2ceeb401070c2762eacf24ccfb0c55c1959bd371d9633599639d9af51dc57ce,2026-08-21T02:39:11.041866+00:00,PASS,STALE,0.1.0
L1-005,2026-08-03,0.8531,percent,FRED,THREEFYTP10,docs/phase2-ingestion/data/macro/raw/fred/THREEFYTP10-20260821T023551Z.json,c2ceeb401070c2762eacf24ccfb0c55c1959bd371d9633599639d9af51dc57ce,2026-08-21T02:39:11.041866+00:00,PASS,STALE,0.1.0
L1-005,2026-08-04,0.8216,percent,FRED,THREEFYTP10,docs/phase2-ingestion/data/macro/raw/fred/THREEFYTP10-20260821T023551Z.json,c2ceeb401070c2762eacf24ccfb0c55c1959bd371d9633599639d9af51dc57ce,2026-08-21T02:39:11.041866+00:00,PASS,STALE,0.1.0
L1-005,2026-08-05,0.813,percent,FRED,THREEFYTP10,docs/phase2-ingestion/data/macro/raw/fred/THREEFYTP10-20260821T023551Z.json,c2ceeb401070c2762eacf24ccfb0c55c1959bd371d9633599639d9af51dc57ce,2026-08-21T02:39:11.041866+00:00,PASS,STALE,0.1.0
L1-005,2026-08-06,0.8361,percent,FRED,THREEFYTP10,docs/phase2-ingestion/data/macro/raw/fred/THREEFYTP10-20260821T023551Z.json,c2ceeb401070c2762eacf24ccfb0c55c1959bd371d9633599639d9af51dc57ce,2026-08-21T02:39:11.041866+00:00,PASS,STALE,0.1.0
L1-005,2026-08-07,0.8257,percent,FRED,THREEFYTP10,docs/phase2-ingestion/data/macro/raw/fred/THREEFYTP10-20260821T023551Z.json,c2ceeb401070c2762eacf24ccfb0c55c1959bd371d9633599639d9af51dc57ce,2026-08-21T02:39:11.041866+00:00,PASS,STALE,0.1.0
L1-005,2026-08-10,0.8488,percent,FRED,THREEFYTP10,docs/phase2-ingestion/data/macro/raw/fred/THREEFYTP10-20260821T023551Z.json,c2ceeb401070c2762eacf24ccfb0c55c1959bd371d9633599639d9af51dc57ce,2026-08-21T02:39:11.041866+00:00,PASS,STALE,0.1.0
L1-005,2026-08-11,0.8479,percent,FRED,THREEFYTP10,docs/phase2-ingestion/data/macro/raw/fred/THREEFYTP10-20260821T023551Z.json,c2ceeb401070c2762eacf24ccfb0c55c1959bd371d9633599639d9af51dc57ce,2026-08-21T02:39:11.041866+00:00,PASS,STALE,0.1.0
L1-005,2026-08-12,0.8438,percent,FRED,THREEFYTP10,docs/phase2-ingestion/data/macro/raw/fred/THREEFYTP10-20260821T023551Z.json,c2ceeb401070c2762eacf24ccfb0c55c1959bd371d9633599639d9af51dc57ce,2026-08-21T02:39:11.041866+00:00,PASS,STALE,0.1.0
L1-005,2026-08-13,0.8233,percent,FRED,THREEFYTP10,docs/phase2-ingestion/data/macro/raw/fred/THREEFYTP10-20260821T023551Z.json,c2ceeb401070c2762eacf24ccfb0c55c1959bd371d9633599639d9af51dc57ce,2026-08-21T02:39:11.041866+00:00,PASS,STALE,0.1.0
L1-005,2026-08-14,0.8393,percent,FRED,THREEFYTP10,docs/phase2-ingestion/data/macro/raw/fred/THREEFYTP10-20260821T023551Z.json,c2ceeb401070c2762eacf24ccfb0c55c1959bd371d9633599639d9af51dc57ce,2026-08-21T02:39:11.041866+00:00,PASS,AVAILABLE,0.1.0
