STRUCTURE[;],STRUCTURE_ID,ACTION,COUNTRY,INDICATOR,FXR_CURRENCY,TYPE_OF_TRANSFORMATION,FREQUENCY,TIME_PERIOD,OBS_VALUE,SCALE,PRECISION,DECIMALS_DISPLAYED,FUNCTIONAL_CAT,CURRENCY,ACCOUNTING_ENTRY,VALUATION,TRANSFORMATION,UNIT,DERIVATION_TYPE,OVERLAP,STATUS
dataflow,IMF.STA:COFER(7.0.1),R,G001,AFXRA,CI_AUD,NV_USD,A,2012,183455430059.266,6,,,,AUD,CO,NV,,USD,O,,
dataflow,IMF.STA:COFER(7.0.1),R,G001,AFXRA,CI_AUD,NV_USD,A,2013,222532504665.598,6,,,,AUD,CO,NV,,USD,O,,
dataflow,IMF.STA:COFER(7.0.1),R,G001,AFXRA,CI_AUD,NV_USD,A,2014,209072045567.77,6,,,,AUD,CO,NV,,USD,O,,
dataflow,IMF.STA:COFER(7.0.1),R,G001,AFXRA,CI_AUD,NV_USD,A,2015,199865466100,6,,,,AUD,CO,NV,,USD,O,,
dataflow,IMF.STA:COFER(7.0.1),R,G001,AFXRA,CI_AUD,NV_USD,A,2016,200425360290,6,,,,AUD,CO,NV,,USD,O,,
dataflow,IMF.STA:COFER(7.0.1),R,G001,AFXRA,CI_AUD,NV_USD,A,2017,225334224160,6,,,,AUD,CO,NV,,USD,O,,
dataflow,IMF.STA:COFER(7.0.1),R,G001,AFXRA,CI_AUD,NV_USD,A,2018,198716807756.666,6,,,,AUD,CO,NV,,USD,O,,
dataflow,IMF.STA:COFER(7.0.1),R,G001,AFXRA,CI_AUD,NV_USD,A,2019,217160254256.825,6,,,,AUD,CO,NV,,USD,O,,
dataflow,IMF.STA:COFER(7.0.1),R,G001,AFXRA,CI_AUD,NV_USD,A,2020,251447616018.35,6,,,,AUD,CO,NV,,USD,O,,
dataflow,IMF.STA:COFER(7.0.1),R,G001,AFXRA,CI_AUD,NV_USD,A,2021,258935860358.432,6,,,,AUD,CO,NV,,USD,O,,
dataflow,IMF.STA:COFER(7.0.1),R,G001,AFXRA,CI_AUD,NV_USD,A,2022,266153064762.163,6,,,,AUD,CO,NV,,USD,O,,
dataflow,IMF.STA:COFER(7.0.1),R,G001,AFXRA,CI_AUD,NV_USD,A,2023,257087165004.811,6,,,,AUD,CO,NV,,USD,O,,
dataflow,IMF.STA:COFER(7.0.1),R,G001,AFXRA,CI_AUD,NV_USD,A,2024,251065325486.428,6,,,,AUD,CO,NV,,USD,O,,
dataflow,IMF.STA:COFER(7.0.1),R,G001,AFXRA,CI_AUD,NV_USD,A,2025,265942867196.437,6,,,,AUD,CO,NV,,USD,O,,
dataflow,IMF.STA:COFER(7.0.1),R,G001,AFXRA,CI_AUD,NV_USD,Q,2012-Q4,183455430059.266,6,,,,AUD,CO,NV,,USD,O,,
dataflow,IMF.STA:COFER(7.0.1),R,G001,AFXRA,CI_AUD,NV_USD,Q,2013-Q1,199792746976.156,6,,,,AUD,CO,NV,,USD,O,,
dataflow,IMF.STA:COFER(7.0.1),R,G001,AFXRA,CI_AUD,NV_USD,Q,2013-Q2,201299827816.383,6,,,,AUD,CO,NV,,USD,O,,
dataflow,IMF.STA:COFER(7.0.1),R,G001,AFXRA,CI_AUD,NV_USD,Q,2013-Q3,206599098771.145,6,,,,AUD,CO,NV,,USD,O,,
dataflow,IMF.STA:COFER(7.0.1),R,G001,AFXRA,CI_AUD,NV_USD,Q,2013-Q4,222532504665.598,6,,,,AUD,CO,NV,,USD,O,,
dataflow,IMF.STA:COFER(7.0.1),R,G001,AFXRA,CI_AUD,NV_USD,Q,2014-Q1,223447937361.48,6,,,,AUD,CO,NV,,USD,O,,
dataflow,IMF.STA:COFER(7.0.1),R,G001,AFXRA,CI_AUD,NV_USD,Q,2014-Q2,228686195536.679,6,,,,AUD,CO,NV,,USD,O,,
dataflow,IMF.STA:COFER(7.0.1),R,G001,AFXRA,CI_AUD,NV_USD,Q,2014-Q3,219055590898.066,6,,,,AUD,CO,NV,,USD,O,,
dataflow,IMF.STA:COFER(7.0.1),R,G001,AFXRA,CI_AUD,NV_USD,Q,2014-Q4,209072045567.77,6,,,,AUD,CO,NV,,USD,O,,
dataflow,IMF.STA:COFER(7.0.1),R,G001,AFXRA,CI_AUD,NV_USD,Q,2015-Q1,197948974263.723,6,,,,AUD,CO,NV,,USD,O,,
dataflow,IMF.STA:COFER(7.0.1),R,G001,AFXRA,CI_AUD,NV_USD,Q,2015-Q2,206454343760,6,,,,AUD,CO,NV,,USD,O,,
dataflow,IMF.STA:COFER(7.0.1),R,G001,AFXRA,CI_AUD,NV_USD,Q,2015-Q3,182136696190,6,,,,AUD,CO,NV,,USD,O,,
dataflow,IMF.STA:COFER(7.0.1),R,G001,AFXRA,CI_AUD,NV_USD,Q,2015-Q4,199865466100,6,,,,AUD,CO,NV,,USD,O,,
dataflow,IMF.STA:COFER(7.0.1),R,G001,AFXRA,CI_AUD,NV_USD,Q,2016-Q1,205681618350,6,,,,AUD,CO,NV,,USD,O,,
dataflow,IMF.STA:COFER(7.0.1),R,G001,AFXRA,CI_AUD,NV_USD,Q,2016-Q2,203409242920,6,,,,AUD,CO,NV,,USD,O,,
dataflow,IMF.STA:COFER(7.0.1),R,G001,AFXRA,CI_AUD,NV_USD,Q,2016-Q3,213648991120,6,,,,AUD,CO,NV,,USD,O,,
dataflow,IMF.STA:COFER(7.0.1),R,G001,AFXRA,CI_AUD,NV_USD,Q,2016-Q4,200425360290,6,,,,AUD,CO,NV,,USD,O,,
dataflow,IMF.STA:COFER(7.0.1),R,G001,AFXRA,CI_AUD,NV_USD,Q,2017-Q1,213235884460,6,,,,AUD,CO,NV,,USD,O,,
dataflow,IMF.STA:COFER(7.0.1),R,G001,AFXRA,CI_AUD,NV_USD,Q,2017-Q2,214845292350,6,,,,AUD,CO,NV,,USD,O,,
dataflow,IMF.STA:COFER(7.0.1),R,G001,AFXRA,CI_AUD,NV_USD,Q,2017-Q3,219854518980,6,,,,AUD,CO,NV,,USD,O,,
dataflow,IMF.STA:COFER(7.0.1),R,G001,AFXRA,CI_AUD,NV_USD,Q,2017-Q4,225334224160,6,,,,AUD,CO,NV,,USD,O,,
dataflow,IMF.STA:COFER(7.0.1),R,G001,AFXRA,CI_AUD,NV_USD,Q,2018-Q1,215403827980,6,,,,AUD,CO,NV,,USD,O,,
dataflow,IMF.STA:COFER(7.0.1),R,G001,AFXRA,CI_AUD,NV_USD,Q,2018-Q2,211824859470,6,,,,AUD,CO,NV,,USD,O,,
dataflow,IMF.STA:COFER(7.0.1),R,G001,AFXRA,CI_AUD,NV_USD,Q,2018-Q3,209299818349.391,6,,,,AUD,CO,NV,,USD,O,,
dataflow,IMF.STA:COFER(7.0.1),R,G001,AFXRA,CI_AUD,NV_USD,Q,2018-Q4,198716807756.666,6,,,,AUD,CO,NV,,USD,O,,
dataflow,IMF.STA:COFER(7.0.1),R,G001,AFXRA,CI_AUD,NV_USD,Q,2019-Q1,207889090340.346,6,,,,AUD,CO,NV,,USD,O,,
dataflow,IMF.STA:COFER(7.0.1),R,G001,AFXRA,CI_AUD,NV_USD,Q,2019-Q2,212398384865.659,6,,,,AUD,CO,NV,,USD,O,,
dataflow,IMF.STA:COFER(7.0.1),R,G001,AFXRA,CI_AUD,NV_USD,Q,2019-Q3,207749976941.682,6,,,,AUD,CO,NV,,USD,O,,
dataflow,IMF.STA:COFER(7.0.1),R,G001,AFXRA,CI_AUD,NV_USD,Q,2019-Q4,217160254256.825,6,,,,AUD,CO,NV,,USD,O,,
dataflow,IMF.STA:COFER(7.0.1),R,G001,AFXRA,CI_AUD,NV_USD,Q,2020-Q1,192905779043.122,6,,,,AUD,CO,NV,,USD,O,,
dataflow,IMF.STA:COFER(7.0.1),R,G001,AFXRA,CI_AUD,NV_USD,Q,2020-Q2,218649022439.817,6,,,,AUD,CO,NV,,USD,O,,
dataflow,IMF.STA:COFER(7.0.1),R,G001,AFXRA,CI_AUD,NV_USD,Q,2020-Q3,229705557508.48,6,,,,AUD,CO,NV,,USD,O,,
dataflow,IMF.STA:COFER(7.0.1),R,G001,AFXRA,CI_AUD,NV_USD,Q,2020-Q4,251447616018.35,6,,,,AUD,CO,NV,,USD,O,,
dataflow,IMF.STA:COFER(7.0.1),R,G001,AFXRA,CI_AUD,NV_USD,Q,2021-Q1,251251947720.338,6,,,,AUD,CO,NV,,USD,O,,
dataflow,IMF.STA:COFER(7.0.1),R,G001,AFXRA,CI_AUD,NV_USD,Q,2021-Q2,254840593442.121,6,,,,AUD,CO,NV,,USD,O,,
dataflow,IMF.STA:COFER(7.0.1),R,G001,AFXRA,CI_AUD,NV_USD,Q,2021-Q3,250883528109.185,6,,,,AUD,CO,NV,,USD,O,,
dataflow,IMF.STA:COFER(7.0.1),R,G001,AFXRA,CI_AUD,NV_USD,Q,2021-Q4,258935860358.432,6,,,,AUD,CO,NV,,USD,O,,
dataflow,IMF.STA:COFER(7.0.1),R,G001,AFXRA,CI_AUD,NV_USD,Q,2022-Q1,258382969078.225,6,,,,AUD,CO,NV,,USD,O,,
dataflow,IMF.STA:COFER(7.0.1),R,G001,AFXRA,CI_AUD,NV_USD,Q,2022-Q2,247171879332.521,6,,,,AUD,CO,NV,,USD,O,,
dataflow,IMF.STA:COFER(7.0.1),R,G001,AFXRA,CI_AUD,NV_USD,Q,2022-Q3,252130159141.838,6,,,,AUD,CO,NV,,USD,O,,
dataflow,IMF.STA:COFER(7.0.1),R,G001,AFXRA,CI_AUD,NV_USD,Q,2022-Q4,266153064762.163,6,,,,AUD,CO,NV,,USD,O,,
dataflow,IMF.STA:COFER(7.0.1),R,G001,AFXRA,CI_AUD,NV_USD,Q,2023-Q1,230584717385.235,6,,,,AUD,CO,NV,,USD,O,,
dataflow,IMF.STA:COFER(7.0.1),R,G001,AFXRA,CI_AUD,NV_USD,Q,2023-Q2,228411365435.579,6,,,,AUD,CO,NV,,USD,O,,
dataflow,IMF.STA:COFER(7.0.1),R,G001,AFXRA,CI_AUD,NV_USD,Q,2023-Q3,232664435844.984,6,,,,AUD,CO,NV,,USD,O,,
dataflow,IMF.STA:COFER(7.0.1),R,G001,AFXRA,CI_AUD,NV_USD,Q,2023-Q4,257087165004.811,6,,,,AUD,CO,NV,,USD,O,,
dataflow,IMF.STA:COFER(7.0.1),R,G001,AFXRA,CI_AUD,NV_USD,Q,2024-Q1,260242019327.504,6,,,,AUD,CO,NV,,USD,O,,
dataflow,IMF.STA:COFER(7.0.1),R,G001,AFXRA,CI_AUD,NV_USD,Q,2024-Q2,269443650731.582,6,,,,AUD,CO,NV,,USD,O,,
dataflow,IMF.STA:COFER(7.0.1),R,G001,AFXRA,CI_AUD,NV_USD,Q,2024-Q3,284972372581.812,6,,,,AUD,CO,NV,,USD,O,,
dataflow,IMF.STA:COFER(7.0.1),R,G001,AFXRA,CI_AUD,NV_USD,Q,2024-Q4,251065325486.428,6,,,,AUD,CO,NV,,USD,O,,
dataflow,IMF.STA:COFER(7.0.1),R,G001,AFXRA,CI_AUD,NV_USD,Q,2025-Q1,249165028743.802,6,,,,AUD,CO,NV,,USD,O,,
dataflow,IMF.STA:COFER(7.0.1),R,G001,AFXRA,CI_AUD,NV_USD,Q,2025-Q2,266590403451.264,6,,,,AUD,CO,NV,,USD,O,,
dataflow,IMF.STA:COFER(7.0.1),R,G001,AFXRA,CI_AUD,NV_USD,Q,2025-Q3,268544178763.162,6,,,,AUD,CO,NV,,USD,O,,
dataflow,IMF.STA:COFER(7.0.1),R,G001,AFXRA,CI_AUD,NV_USD,Q,2025-Q4,265942867196.437,6,,,,AUD,CO,NV,,USD,O,,
dataflow,IMF.STA:COFER(7.0.1),R,G001,AFXRA,CI_AUD,NV_USD,Q,2026-Q1,276775411421.046,6,,,,AUD,CO,NV,,USD,O,,
dataflow,IMF.STA:COFER(7.0.1),R,G001,AFXRA,CI_AUD,SHRO_PT,A,2012,1.67321946434594,0,,,,AUD,,,SHRO,PT,O,,
dataflow,IMF.STA:COFER(7.0.1),R,G001,AFXRA,CI_AUD,SHRO_PT,A,2013,1.90163878804648,0,,,,AUD,,,SHRO,PT,O,,
dataflow,IMF.STA:COFER(7.0.1),R,G001,AFXRA,CI_AUD,SHRO_PT,A,2014,1.80218154275658,0,,,,AUD,,,SHRO,PT,O,,
dataflow,IMF.STA:COFER(7.0.1),R,G001,AFXRA,CI_AUD,SHRO_PT,A,2015,1.829566,0,,,,AUD,,,SHRO,PT,O,,
dataflow,IMF.STA:COFER(7.0.1),R,G001,AFXRA,CI_AUD,SHRO_PT,A,2016,1.8701022,0,,,,AUD,,,SHRO,PT,O,,
dataflow,IMF.STA:COFER(7.0.1),R,G001,AFXRA,CI_AUD,SHRO_PT,A,2017,1.9692428,0,,,,AUD,,,SHRO,PT,O,,
dataflow,IMF.STA:COFER(7.0.1),R,G001,AFXRA,CI_AUD,SHRO_PT,A,2018,1.73973294161817,0,,,,AUD,,,SHRO,PT,O,,
dataflow,IMF.STA:COFER(7.0.1),R,G001,AFXRA,CI_AUD,SHRO_PT,A,2019,1.83794324888231,0,,,,AUD,,,SHRO,PT,O,,
dataflow,IMF.STA:COFER(7.0.1),R,G001,AFXRA,CI_AUD,SHRO_PT,A,2020,1.98084877918702,0,,,,AUD,,,SHRO,PT,O,,
dataflow,IMF.STA:COFER(7.0.1),R,G001,AFXRA,CI_AUD,SHRO_PT,A,2021,2.00505886277357,0,,,,AUD,,,SHRO,PT,O,,
dataflow,IMF.STA:COFER(7.0.1),R,G001,AFXRA,CI_AUD,SHRO_PT,A,2022,2.23950481414795,0,,,,AUD,,,SHRO,PT,O,,
dataflow,IMF.STA:COFER(7.0.1),R,G001,AFXRA,CI_AUD,SHRO_PT,A,2023,2.08758854866028,0,,,,AUD,,,SHRO,PT,O,,
dataflow,IMF.STA:COFER(7.0.1),R,G001,AFXRA,CI_AUD,SHRO_PT,A,2024,2.0361864566803,0,,,,AUD,,,SHRO,PT,O,,
dataflow,IMF.STA:COFER(7.0.1),R,G001,AFXRA,CI_AUD,SHRO_PT,A,2025,2.02289247512817,0,,,,AUD,,,SHRO,PT,O,,
dataflow,IMF.STA:COFER(7.0.1),R,G001,AFXRA,CI_AUD,SHRO_PT,Q,2012-Q4,1.67321946434594,0,,,,AUD,,,SHRO,PT,O,,
dataflow,IMF.STA:COFER(7.0.1),R,G001,AFXRA,CI_AUD,SHRO_PT,Q,2013-Q1,1.79937310974119,0,,,,AUD,,,SHRO,PT,O,,
dataflow,IMF.STA:COFER(7.0.1),R,G001,AFXRA,CI_AUD,SHRO_PT,Q,2013-Q2,1.80530204099438,0,,,,AUD,,,SHRO,PT,O,,
dataflow,IMF.STA:COFER(7.0.1),R,G001,AFXRA,CI_AUD,SHRO_PT,Q,2013-Q3,1.80283604241885,0,,,,AUD,,,SHRO,PT,O,,
dataflow,IMF.STA:COFER(7.0.1),R,G001,AFXRA,CI_AUD,SHRO_PT,Q,2013-Q4,1.90163878804648,0,,,,AUD,,,SHRO,PT,O,,
dataflow,IMF.STA:COFER(7.0.1),R,G001,AFXRA,CI_AUD,SHRO_PT,Q,2014-Q1,1.88516901194059,0,,,,AUD,,,SHRO,PT,O,,
dataflow,IMF.STA:COFER(7.0.1),R,G001,AFXRA,CI_AUD,SHRO_PT,Q,2014-Q2,1.90496036246258,0,,,,AUD,,,SHRO,PT,O,,
dataflow,IMF.STA:COFER(7.0.1),R,G001,AFXRA,CI_AUD,SHRO_PT,Q,2014-Q3,1.86118618725394,0,,,,AUD,,,SHRO,PT,O,,
dataflow,IMF.STA:COFER(7.0.1),R,G001,AFXRA,CI_AUD,SHRO_PT,Q,2014-Q4,1.80218154275658,0,,,,AUD,,,SHRO,PT,O,,
dataflow,IMF.STA:COFER(7.0.1),R,G001,AFXRA,CI_AUD,SHRO_PT,Q,2015-Q1,1.73051500648751,0,,,,AUD,,,SHRO,PT,O,,
dataflow,IMF.STA:COFER(7.0.1),R,G001,AFXRA,CI_AUD,SHRO_PT,Q,2015-Q2,1.8015736,0,,,,AUD,,,SHRO,PT,O,,
dataflow,IMF.STA:COFER(7.0.1),R,G001,AFXRA,CI_AUD,SHRO_PT,Q,2015-Q3,1.6287052,0,,,,AUD,,,SHRO,PT,O,,
dataflow,IMF.STA:COFER(7.0.1),R,G001,AFXRA,CI_AUD,SHRO_PT,Q,2015-Q4,1.829566,0,,,,AUD,,,SHRO,PT,O,,
dataflow,IMF.STA:COFER(7.0.1),R,G001,AFXRA,CI_AUD,SHRO_PT,Q,2016-Q1,1.8827546,0,,,,AUD,,,SHRO,PT,O,,
dataflow,IMF.STA:COFER(7.0.1),R,G001,AFXRA,CI_AUD,SHRO_PT,Q,2016-Q2,1.8552647,0,,,,AUD,,,SHRO,PT,O,,
dataflow,IMF.STA:COFER(7.0.1),R,G001,AFXRA,CI_AUD,SHRO_PT,Q,2016-Q3,1.9438542,0,,,,AUD,,,SHRO,PT,O,,
dataflow,IMF.STA:COFER(7.0.1),R,G001,AFXRA,CI_AUD,SHRO_PT,Q,2016-Q4,1.8701022,0,,,,AUD,,,SHRO,PT,O,,
dataflow,IMF.STA:COFER(7.0.1),R,G001,AFXRA,CI_AUD,SHRO_PT,Q,2017-Q1,1.9563485,0,,,,AUD,,,SHRO,PT,O,,
dataflow,IMF.STA:COFER(7.0.1),R,G001,AFXRA,CI_AUD,SHRO_PT,Q,2017-Q2,1.932564,0,,,,AUD,,,SHRO,PT,O,,
dataflow,IMF.STA:COFER(7.0.1),R,G001,AFXRA,CI_AUD,SHRO_PT,Q,2017-Q3,1.9469712,0,,,,AUD,,,SHRO,PT,O,,
dataflow,IMF.STA:COFER(7.0.1),R,G001,AFXRA,CI_AUD,SHRO_PT,Q,2017-Q4,1.9692428,0,,,,AUD,,,SHRO,PT,O,,
dataflow,IMF.STA:COFER(7.0.1),R,G001,AFXRA,CI_AUD,SHRO_PT,Q,2018-Q1,1.8563273,0,,,,AUD,,,SHRO,PT,O,,
dataflow,IMF.STA:COFER(7.0.1),R,G001,AFXRA,CI_AUD,SHRO_PT,Q,2018-Q2,1.8480988,0,,,,AUD,,,SHRO,PT,O,,
dataflow,IMF.STA:COFER(7.0.1),R,G001,AFXRA,CI_AUD,SHRO_PT,Q,2018-Q3,1.83626607950513,0,,,,AUD,,,SHRO,PT,O,,
dataflow,IMF.STA:COFER(7.0.1),R,G001,AFXRA,CI_AUD,SHRO_PT,Q,2018-Q4,1.73973294161817,0,,,,AUD,,,SHRO,PT,O,,
dataflow,IMF.STA:COFER(7.0.1),R,G001,AFXRA,CI_AUD,SHRO_PT,Q,2019-Q1,1.79182481777985,0,,,,AUD,,,SHRO,PT,O,,
dataflow,IMF.STA:COFER(7.0.1),R,G001,AFXRA,CI_AUD,SHRO_PT,Q,2019-Q2,1.81073854363856,0,,,,AUD,,,SHRO,PT,O,,
dataflow,IMF.STA:COFER(7.0.1),R,G001,AFXRA,CI_AUD,SHRO_PT,Q,2019-Q3,1.78411712543133,0,,,,AUD,,,SHRO,PT,O,,
dataflow,IMF.STA:COFER(7.0.1),R,G001,AFXRA,CI_AUD,SHRO_PT,Q,2019-Q4,1.83794324888231,0,,,,AUD,,,SHRO,PT,O,,
dataflow,IMF.STA:COFER(7.0.1),R,G001,AFXRA,CI_AUD,SHRO_PT,Q,2020-Q1,1.65050857965116,0,,,,AUD,,,SHRO,PT,O,,
dataflow,IMF.STA:COFER(7.0.1),R,G001,AFXRA,CI_AUD,SHRO_PT,Q,2020-Q2,1.81942097769368,0,,,,AUD,,,SHRO,PT,O,,
dataflow,IMF.STA:COFER(7.0.1),R,G001,AFXRA,CI_AUD,SHRO_PT,Q,2020-Q3,1.87607662223341,0,,,,AUD,,,SHRO,PT,O,,
dataflow,IMF.STA:COFER(7.0.1),R,G001,AFXRA,CI_AUD,SHRO_PT,Q,2020-Q4,1.98084877918702,0,,,,AUD,,,SHRO,PT,O,,
dataflow,IMF.STA:COFER(7.0.1),R,G001,AFXRA,CI_AUD,SHRO_PT,Q,2021-Q1,1.9988725305169,0,,,,AUD,,,SHRO,PT,O,,
dataflow,IMF.STA:COFER(7.0.1),R,G001,AFXRA,CI_AUD,SHRO_PT,Q,2021-Q2,1.99142410185545,0,,,,AUD,,,SHRO,PT,O,,
dataflow,IMF.STA:COFER(7.0.1),R,G001,AFXRA,CI_AUD,SHRO_PT,Q,2021-Q3,1.95653185907574,0,,,,AUD,,,SHRO,PT,O,,
dataflow,IMF.STA:COFER(7.0.1),R,G001,AFXRA,CI_AUD,SHRO_PT,Q,2021-Q4,2.00505886277357,0,,,,AUD,,,SHRO,PT,O,,
dataflow,IMF.STA:COFER(7.0.1),R,G001,AFXRA,CI_AUD,SHRO_PT,Q,2022-Q1,2.06531095504761,0,,,,AUD,,,SHRO,PT,O,,
dataflow,IMF.STA:COFER(7.0.1),R,G001,AFXRA,CI_AUD,SHRO_PT,Q,2022-Q2,2.06404638290405,0,,,,AUD,,,SHRO,PT,O,,
dataflow,IMF.STA:COFER(7.0.1),R,G001,AFXRA,CI_AUD,SHRO_PT,Q,2022-Q3,2.18976640701294,0,,,,AUD,,,SHRO,PT,O,,
dataflow,IMF.STA:COFER(7.0.1),R,G001,AFXRA,CI_AUD,SHRO_PT,Q,2022-Q4,2.23950481414795,0,,,,AUD,,,SHRO,PT,O,,
dataflow,IMF.STA:COFER(7.0.1),R,G001,AFXRA,CI_AUD,SHRO_PT,Q,2023-Q1,1.92138850688934,0,,,,AUD,,,SHRO,PT,O,,
dataflow,IMF.STA:COFER(7.0.1),R,G001,AFXRA,CI_AUD,SHRO_PT,Q,2023-Q2,1.8989382982254,0,,,,AUD,,,SHRO,PT,O,,
dataflow,IMF.STA:COFER(7.0.1),R,G001,AFXRA,CI_AUD,SHRO_PT,Q,2023-Q3,1.96841478347778,0,,,,AUD,,,SHRO,PT,O,,
dataflow,IMF.STA:COFER(7.0.1),R,G001,AFXRA,CI_AUD,SHRO_PT,Q,2023-Q4,2.08758854866028,0,,,,AUD,,,SHRO,PT,O,,
dataflow,IMF.STA:COFER(7.0.1),R,G001,AFXRA,CI_AUD,SHRO_PT,Q,2024-Q1,2.10727906227112,0,,,,AUD,,,SHRO,PT,O,,
dataflow,IMF.STA:COFER(7.0.1),R,G001,AFXRA,CI_AUD,SHRO_PT,Q,2024-Q2,2.18794274330139,0,,,,AUD,,,SHRO,PT,O,,
dataflow,IMF.STA:COFER(7.0.1),R,G001,AFXRA,CI_AUD,SHRO_PT,Q,2024-Q3,2.23912620544434,0,,,,AUD,,,SHRO,PT,O,,
dataflow,IMF.STA:COFER(7.0.1),R,G001,AFXRA,CI_AUD,SHRO_PT,Q,2024-Q4,2.0361864566803,0,,,,AUD,,,SHRO,PT,O,,
dataflow,IMF.STA:COFER(7.0.1),R,G001,AFXRA,CI_AUD,SHRO_PT,Q,2025-Q1,1.99325788021088,0,,,,AUD,,,SHRO,PT,O,,
dataflow,IMF.STA:COFER(7.0.1),R,G001,AFXRA,CI_AUD,SHRO_PT,Q,2025-Q2,2.06003737449646,0,,,,AUD,,,SHRO,PT,O,,
dataflow,IMF.STA:COFER(7.0.1),R,G001,AFXRA,CI_AUD,SHRO_PT,Q,2025-Q3,2.06034231185913,0,,,,AUD,,,SHRO,PT,O,,
dataflow,IMF.STA:COFER(7.0.1),R,G001,AFXRA,CI_AUD,SHRO_PT,Q,2025-Q4,2.02289247512817,0,,,,AUD,,,SHRO,PT,O,,
dataflow,IMF.STA:COFER(7.0.1),R,G001,AFXRA,CI_AUD,SHRO_PT,Q,2026-Q1,2.11199975013733,0,,,,AUD,,,SHRO,PT,O,,
dataflow,IMF.STA:COFER(7.0.1),R,G001,AFXRA,CI_CAD,NV_USD,A,2012,229640570244.305,6,,,,CAD,CO,NV,,USD,O,,
dataflow,IMF.STA:COFER(7.0.1),R,G001,AFXRA,CI_CAD,NV_USD,A,2013,273662062798.854,6,,,,CAD,CO,NV,,USD,O,,
dataflow,IMF.STA:COFER(7.0.1),R,G001,AFXRA,CI_CAD,NV_USD,A,2014,266527747751.984,6,,,,CAD,CO,NV,,USD,O,,
dataflow,IMF.STA:COFER(7.0.1),R,G001,AFXRA,CI_CAD,NV_USD,A,2015,227773978940,6,,,,CAD,CO,NV,,USD,O,,
dataflow,IMF.STA:COFER(7.0.1),R,G001,AFXRA,CI_CAD,NV_USD,A,2016,228405779290,6,,,,CAD,CO,NV,,USD,O,,
dataflow,IMF.STA:COFER(7.0.1),R,G001,AFXRA,CI_CAD,NV_USD,A,2017,242674348710,6,,,,CAD,CO,NV,,USD,O,,
dataflow,IMF.STA:COFER(7.0.1),R,G001,AFXRA,CI_CAD,NV_USD,A,2018,210706592735.003,6,,,,CAD,CO,NV,,USD,O,,
dataflow,IMF.STA:COFER(7.0.1),R,G001,AFXRA,CI_CAD,NV_USD,A,2019,223900245388.06,6,,,,CAD,CO,NV,,USD,O,,
dataflow,IMF.STA:COFER(7.0.1),R,G001,AFXRA,CI_CAD,NV_USD,A,2020,269666761815.008,6,,,,CAD,CO,NV,,USD,O,,
dataflow,IMF.STA:COFER(7.0.1),R,G001,AFXRA,CI_CAD,NV_USD,A,2021,314203678906.607,6,,,,CAD,CO,NV,,USD,O,,
dataflow,IMF.STA:COFER(7.0.1),R,G001,AFXRA,CI_CAD,NV_USD,A,2022,295603787601.854,6,,,,CAD,CO,NV,,USD,O,,
dataflow,IMF.STA:COFER(7.0.1),R,G001,AFXRA,CI_CAD,NV_USD,A,2023,309452815259.973,6,,,,CAD,CO,NV,,USD,O,,
dataflow,IMF.STA:COFER(7.0.1),R,G001,AFXRA,CI_CAD,NV_USD,A,2024,350581092403.093,6,,,,CAD,CO,NV,,USD,O,,
dataflow,IMF.STA:COFER(7.0.1),R,G001,AFXRA,CI_CAD,NV_USD,A,2025,328230274670.852,6,,,,CAD,CO,NV,,USD,O,,
dataflow,IMF.STA:COFER(7.0.1),R,G001,AFXRA,CI_CAD,NV_USD,Q,2012-Q4,229640570244.305,6,,,,CAD,CO,NV,,USD,O,,
dataflow,IMF.STA:COFER(7.0.1),R,G001,AFXRA,CI_CAD,NV_USD,Q,2013-Q1,243970267350.813,6,,,,CAD,CO,NV,,USD,O,,
dataflow,IMF.STA:COFER(7.0.1),R,G001,AFXRA,CI_CAD,NV_USD,Q,2013-Q2,258107290771.72,6,,,,CAD,CO,NV,,USD,O,,
dataflow,IMF.STA:COFER(7.0.1),R,G001,AFXRA,CI_CAD,NV_USD,Q,2013-Q3,265685685910.559,6,,,,CAD,CO,NV,,USD,O,,
dataflow,IMF.STA:COFER(7.0.1),R,G001,AFXRA,CI_CAD,NV_USD,Q,2013-Q4,273662062798.854,6,,,,CAD,CO,NV,,USD,O,,
dataflow,IMF.STA:COFER(7.0.1),R,G001,AFXRA,CI_CAD,NV_USD,Q,2014-Q1,272316180641.683,6,,,,CAD,CO,NV,,USD,O,,
dataflow,IMF.STA:COFER(7.0.1),R,G001,AFXRA,CI_CAD,NV_USD,Q,2014-Q2,283836151883.837,6,,,,CAD,CO,NV,,USD,O,,
dataflow,IMF.STA:COFER(7.0.1),R,G001,AFXRA,CI_CAD,NV_USD,Q,2014-Q3,272658648133.618,6,,,,CAD,CO,NV,,USD,O,,
dataflow,IMF.STA:COFER(7.0.1),R,G001,AFXRA,CI_CAD,NV_USD,Q,2014-Q4,266527747751.984,6,,,,CAD,CO,NV,,USD,O,,
dataflow,IMF.STA:COFER(7.0.1),R,G001,AFXRA,CI_CAD,NV_USD,Q,2015-Q1,259819731119.445,6,,,,CAD,CO,NV,,USD,O,,
dataflow,IMF.STA:COFER(7.0.1),R,G001,AFXRA,CI_CAD,NV_USD,Q,2015-Q2,256865077630,6,,,,CAD,CO,NV,,USD,O,,
dataflow,IMF.STA:COFER(7.0.1),R,G001,AFXRA,CI_CAD,NV_USD,Q,2015-Q3,233199633060,6,,,,CAD,CO,NV,,USD,O,,
dataflow,IMF.STA:COFER(7.0.1),R,G001,AFXRA,CI_CAD,NV_USD,Q,2015-Q4,227773978940,6,,,,CAD,CO,NV,,USD,O,,
dataflow,IMF.STA:COFER(7.0.1),R,G001,AFXRA,CI_CAD,NV_USD,Q,2016-Q1,225925026400,6,,,,CAD,CO,NV,,USD,O,,
dataflow,IMF.STA:COFER(7.0.1),R,G001,AFXRA,CI_CAD,NV_USD,Q,2016-Q2,226289017110,6,,,,CAD,CO,NV,,USD,O,,
dataflow,IMF.STA:COFER(7.0.1),R,G001,AFXRA,CI_CAD,NV_USD,Q,2016-Q3,230578679620,6,,,,CAD,CO,NV,,USD,O,,
dataflow,IMF.STA:COFER(7.0.1),R,G001,AFXRA,CI_CAD,NV_USD,Q,2016-Q4,228405779290,6,,,,CAD,CO,NV,,USD,O,,
dataflow,IMF.STA:COFER(7.0.1),R,G001,AFXRA,CI_CAD,NV_USD,Q,2017-Q1,226285000640,6,,,,CAD,CO,NV,,USD,O,,
dataflow,IMF.STA:COFER(7.0.1),R,G001,AFXRA,CI_CAD,NV_USD,Q,2017-Q2,232426108130,6,,,,CAD,CO,NV,,USD,O,,
dataflow,IMF.STA:COFER(7.0.1),R,G001,AFXRA,CI_CAD,NV_USD,Q,2017-Q3,240380978350,6,,,,CAD,CO,NV,,USD,O,,
dataflow,IMF.STA:COFER(7.0.1),R,G001,AFXRA,CI_CAD,NV_USD,Q,2017-Q4,242674348710,6,,,,CAD,CO,NV,,USD,O,,
dataflow,IMF.STA:COFER(7.0.1),R,G001,AFXRA,CI_CAD,NV_USD,Q,2018-Q1,223340660960,6,,,,CAD,CO,NV,,USD,O,,
dataflow,IMF.STA:COFER(7.0.1),R,G001,AFXRA,CI_CAD,NV_USD,Q,2018-Q2,223315668410,6,,,,CAD,CO,NV,,USD,O,,
dataflow,IMF.STA:COFER(7.0.1),R,G001,AFXRA,CI_CAD,NV_USD,Q,2018-Q3,226961848207.243,6,,,,CAD,CO,NV,,USD,O,,
dataflow,IMF.STA:COFER(7.0.1),R,G001,AFXRA,CI_CAD,NV_USD,Q,2018-Q4,210706592735.003,6,,,,CAD,CO,NV,,USD,O,,
dataflow,IMF.STA:COFER(7.0.1),R,G001,AFXRA,CI_CAD,NV_USD,Q,2019-Q1,228195179229.087,6,,,,CAD,CO,NV,,USD,O,,
dataflow,IMF.STA:COFER(7.0.1),R,G001,AFXRA,CI_CAD,NV_USD,Q,2019-Q2,228637338149.095,6,,,,CAD,CO,NV,,USD,O,,
dataflow,IMF.STA:COFER(7.0.1),R,G001,AFXRA,CI_CAD,NV_USD,Q,2019-Q3,223202366692.443,6,,,,CAD,CO,NV,,USD,O,,
dataflow,IMF.STA:COFER(7.0.1),R,G001,AFXRA,CI_CAD,NV_USD,Q,2019-Q4,223900245388.06,6,,,,CAD,CO,NV,,USD,O,,
dataflow,IMF.STA:COFER(7.0.1),R,G001,AFXRA,CI_CAD,NV_USD,Q,2020-Q1,213657352224.078,6,,,,CAD,CO,NV,,USD,O,,
dataflow,IMF.STA:COFER(7.0.1),R,G001,AFXRA,CI_CAD,NV_USD,Q,2020-Q2,235451220711.474,6,,,,CAD,CO,NV,,USD,O,,
dataflow,IMF.STA:COFER(7.0.1),R,G001,AFXRA,CI_CAD,NV_USD,Q,2020-Q3,253227903521.902,6,,,,CAD,CO,NV,,USD,O,,
dataflow,IMF.STA:COFER(7.0.1),R,G001,AFXRA,CI_CAD,NV_USD,Q,2020-Q4,269666761815.008,6,,,,CAD,CO,NV,,USD,O,,
dataflow,IMF.STA:COFER(7.0.1),R,G001,AFXRA,CI_CAD,NV_USD,Q,2021-Q1,276320318656.437,6,,,,CAD,CO,NV,,USD,O,,
dataflow,IMF.STA:COFER(7.0.1),R,G001,AFXRA,CI_CAD,NV_USD,Q,2021-Q2,298505687970.439,6,,,,CAD,CO,NV,,USD,O,,
dataflow,IMF.STA:COFER(7.0.1),R,G001,AFXRA,CI_CAD,NV_USD,Q,2021-Q3,290483657397.078,6,,,,CAD,CO,NV,,USD,O,,
dataflow,IMF.STA:COFER(7.0.1),R,G001,AFXRA,CI_CAD,NV_USD,Q,2021-Q4,314203678906.607,6,,,,CAD,CO,NV,,USD,O,,
dataflow,IMF.STA:COFER(7.0.1),R,G001,AFXRA,CI_CAD,NV_USD,Q,2022-Q1,319973448076.698,6,,,,CAD,CO,NV,,USD,O,,
dataflow,IMF.STA:COFER(7.0.1),R,G001,AFXRA,CI_CAD,NV_USD,Q,2022-Q2,311050363951.23,6,,,,CAD,CO,NV,,USD,O,,
dataflow,IMF.STA:COFER(7.0.1),R,G001,AFXRA,CI_CAD,NV_USD,Q,2022-Q3,296961151137.989,6,,,,CAD,CO,NV,,USD,O,,
dataflow,IMF.STA:COFER(7.0.1),R,G001,AFXRA,CI_CAD,NV_USD,Q,2022-Q4,295603787601.854,6,,,,CAD,CO,NV,,USD,O,,
dataflow,IMF.STA:COFER(7.0.1),R,G001,AFXRA,CI_CAD,NV_USD,Q,2023-Q1,281931025111.202,6,,,,CAD,CO,NV,,USD,O,,
dataflow,IMF.STA:COFER(7.0.1),R,G001,AFXRA,CI_CAD,NV_USD,Q,2023-Q2,296683621526.344,6,,,,CAD,CO,NV,,USD,O,,
dataflow,IMF.STA:COFER(7.0.1),R,G001,AFXRA,CI_CAD,NV_USD,Q,2023-Q3,286032161611.438,6,,,,CAD,CO,NV,,USD,O,,
dataflow,IMF.STA:COFER(7.0.1),R,G001,AFXRA,CI_CAD,NV_USD,Q,2023-Q4,309452815259.973,6,,,,CAD,CO,NV,,USD,O,,
dataflow,IMF.STA:COFER(7.0.1),R,G001,AFXRA,CI_CAD,NV_USD,Q,2024-Q1,308947518720.655,6,,,,CAD,CO,NV,,USD,O,,
dataflow,IMF.STA:COFER(7.0.1),R,G001,AFXRA,CI_CAD,NV_USD,Q,2024-Q2,327520486826.63,6,,,,CAD,CO,NV,,USD,O,,
dataflow,IMF.STA:COFER(7.0.1),R,G001,AFXRA,CI_CAD,NV_USD,Q,2024-Q3,351240456703.259,6,,,,CAD,CO,NV,,USD,O,,
dataflow,IMF.STA:COFER(7.0.1),R,G001,AFXRA,CI_CAD,NV_USD,Q,2024-Q4,350581092403.093,6,,,,CAD,CO,NV,,USD,O,,
dataflow,IMF.STA:COFER(7.0.1),R,G001,AFXRA,CI_CAD,NV_USD,Q,2025-Q1,329658732207.748,6,,,,CAD,CO,NV,,USD,O,,
dataflow,IMF.STA:COFER(7.0.1),R,G001,AFXRA,CI_CAD,NV_USD,Q,2025-Q2,340572594385.406,6,,,,CAD,CO,NV,,USD,O,,
dataflow,IMF.STA:COFER(7.0.1),R,G001,AFXRA,CI_CAD,NV_USD,Q,2025-Q3,347698826142.695,6,,,,CAD,CO,NV,,USD,O,,
dataflow,IMF.STA:COFER(7.0.1),R,G001,AFXRA,CI_CAD,NV_USD,Q,2025-Q4,328230274670.852,6,,,,CAD,CO,NV,,USD,O,,
dataflow,IMF.STA:COFER(7.0.1),R,G001,AFXRA,CI_CAD,NV_USD,Q,2026-Q1,324590697796.917,6,,,,CAD,CO,NV,,USD,O,,
dataflow,IMF.STA:COFER(7.0.1),R,G001,AFXRA,CI_CAD,SHRO_PT,A,2012,2.09445461391979,0,,,,CAD,,,SHRO,PT,O,,
dataflow,IMF.STA:COFER(7.0.1),R,G001,AFXRA,CI_CAD,SHRO_PT,A,2013,2.33856350206966,0,,,,CAD,,,SHRO,PT,O,,
dataflow,IMF.STA:COFER(7.0.1),R,G001,AFXRA,CI_CAD,SHRO_PT,A,2014,2.29744433947009,0,,,,CAD,,,SHRO,PT,O,,
dataflow,IMF.STA:COFER(7.0.1),R,G001,AFXRA,CI_CAD,SHRO_PT,A,2015,2.0850402,0,,,,CAD,,,SHRO,PT,O,,
dataflow,IMF.STA:COFER(7.0.1),R,G001,AFXRA,CI_CAD,SHRO_PT,A,2016,2.1311781,0,,,,CAD,,,SHRO,PT,O,,
dataflow,IMF.STA:COFER(7.0.1),R,G001,AFXRA,CI_CAD,SHRO_PT,A,2017,2.1207818,0,,,,CAD,,,SHRO,PT,O,,
dataflow,IMF.STA:COFER(7.0.1),R,G001,AFXRA,CI_CAD,SHRO_PT,A,2018,1.84470153549411,0,,,,CAD,,,SHRO,PT,O,,
dataflow,IMF.STA:COFER(7.0.1),R,G001,AFXRA,CI_CAD,SHRO_PT,A,2019,1.89498739464266,0,,,,CAD,,,SHRO,PT,O,,
dataflow,IMF.STA:COFER(7.0.1),R,G001,AFXRA,CI_CAD,SHRO_PT,A,2020,2.12437518552411,0,,,,CAD,,,SHRO,PT,O,,
dataflow,IMF.STA:COFER(7.0.1),R,G001,AFXRA,CI_CAD,SHRO_PT,A,2021,2.43302287383323,0,,,,CAD,,,SHRO,PT,O,,
dataflow,IMF.STA:COFER(7.0.1),R,G001,AFXRA,CI_CAD,SHRO_PT,A,2022,2.48731350898743,0,,,,CAD,,,SHRO,PT,O,,
dataflow,IMF.STA:COFER(7.0.1),R,G001,AFXRA,CI_CAD,SHRO_PT,A,2023,2.51280570030212,0,,,,CAD,,,SHRO,PT,O,,
dataflow,IMF.STA:COFER(7.0.1),R,G001,AFXRA,CI_CAD,SHRO_PT,A,2024,2.8432776927948,0,,,,CAD,,,SHRO,PT,O,,
dataflow,IMF.STA:COFER(7.0.1),R,G001,AFXRA,CI_CAD,SHRO_PT,A,2025,2.49668121337891,0,,,,CAD,,,SHRO,PT,O,,
dataflow,IMF.STA:COFER(7.0.1),R,G001,AFXRA,CI_CAD,SHRO_PT,Q,2012-Q4,2.09445461391979,0,,,,CAD,,,SHRO,PT,O,,
dataflow,IMF.STA:COFER(7.0.1),R,G001,AFXRA,CI_CAD,SHRO_PT,Q,2013-Q1,2.19724462119645,0,,,,CAD,,,SHRO,PT,O,,
dataflow,IMF.STA:COFER(7.0.1),R,G001,AFXRA,CI_CAD,SHRO_PT,Q,2013-Q2,2.31476412016977,0,,,,CAD,,,SHRO,PT,O,,
dataflow,IMF.STA:COFER(7.0.1),R,G001,AFXRA,CI_CAD,SHRO_PT,Q,2013-Q3,2.31844056127716,0,,,,CAD,,,SHRO,PT,O,,
dataflow,IMF.STA:COFER(7.0.1),R,G001,AFXRA,CI_CAD,SHRO_PT,Q,2013-Q4,2.33856350206966,0,,,,CAD,,,SHRO,PT,O,,
dataflow,IMF.STA:COFER(7.0.1),R,G001,AFXRA,CI_CAD,SHRO_PT,Q,2014-Q1,2.29745698822554,0,,,,CAD,,,SHRO,PT,O,,
dataflow,IMF.STA:COFER(7.0.1),R,G001,AFXRA,CI_CAD,SHRO_PT,Q,2014-Q2,2.3643605487586,0,,,,CAD,,,SHRO,PT,O,,
dataflow,IMF.STA:COFER(7.0.1),R,G001,AFXRA,CI_CAD,SHRO_PT,Q,2014-Q3,2.31661975693542,0,,,,CAD,,,SHRO,PT,O,,
dataflow,IMF.STA:COFER(7.0.1),R,G001,AFXRA,CI_CAD,SHRO_PT,Q,2014-Q4,2.29744433947009,0,,,,CAD,,,SHRO,PT,O,,
dataflow,IMF.STA:COFER(7.0.1),R,G001,AFXRA,CI_CAD,SHRO_PT,Q,2015-Q1,2.27140325104553,0,,,,CAD,,,SHRO,PT,O,,
dataflow,IMF.STA:COFER(7.0.1),R,G001,AFXRA,CI_CAD,SHRO_PT,Q,2015-Q2,2.2414706,0,,,,CAD,,,SHRO,PT,O,,
dataflow,IMF.STA:COFER(7.0.1),R,G001,AFXRA,CI_CAD,SHRO_PT,Q,2015-Q3,2.0853209,0,,,,CAD,,,SHRO,PT,O,,
dataflow,IMF.STA:COFER(7.0.1),R,G001,AFXRA,CI_CAD,SHRO_PT,Q,2015-Q4,2.0850402,0,,,,CAD,,,SHRO,PT,O,,
dataflow,IMF.STA:COFER(7.0.1),R,G001,AFXRA,CI_CAD,SHRO_PT,Q,2016-Q1,2.0680573,0,,,,CAD,,,SHRO,PT,O,,
dataflow,IMF.STA:COFER(7.0.1),R,G001,AFXRA,CI_CAD,SHRO_PT,Q,2016-Q2,2.0639476,0,,,,CAD,,,SHRO,PT,O,,
dataflow,IMF.STA:COFER(7.0.1),R,G001,AFXRA,CI_CAD,SHRO_PT,Q,2016-Q3,2.0978865,0,,,,CAD,,,SHRO,PT,O,,
dataflow,IMF.STA:COFER(7.0.1),R,G001,AFXRA,CI_CAD,SHRO_PT,Q,2016-Q4,2.1311781,0,,,,CAD,,,SHRO,PT,O,,
dataflow,IMF.STA:COFER(7.0.1),R,G001,AFXRA,CI_CAD,SHRO_PT,Q,2017-Q1,2.0760686,0,,,,CAD,,,SHRO,PT,O,,
dataflow,IMF.STA:COFER(7.0.1),R,G001,AFXRA,CI_CAD,SHRO_PT,Q,2017-Q2,2.090706,0,,,,CAD,,,SHRO,PT,O,,
dataflow,IMF.STA:COFER(7.0.1),R,G001,AFXRA,CI_CAD,SHRO_PT,Q,2017-Q3,2.1287479,0,,,,CAD,,,SHRO,PT,O,,
dataflow,IMF.STA:COFER(7.0.1),R,G001,AFXRA,CI_CAD,SHRO_PT,Q,2017-Q4,2.1207818,0,,,,CAD,,,SHRO,PT,O,,
dataflow,IMF.STA:COFER(7.0.1),R,G001,AFXRA,CI_CAD,SHRO_PT,Q,2018-Q1,1.9247261,0,,,,CAD,,,SHRO,PT,O,,
dataflow,IMF.STA:COFER(7.0.1),R,G001,AFXRA,CI_CAD,SHRO_PT,Q,2018-Q2,1.9483521,0,,,,CAD,,,SHRO,PT,O,,
dataflow,IMF.STA:COFER(7.0.1),R,G001,AFXRA,CI_CAD,SHRO_PT,Q,2018-Q3,1.99122171481791,0,,,,CAD,,,SHRO,PT,O,,
dataflow,IMF.STA:COFER(7.0.1),R,G001,AFXRA,CI_CAD,SHRO_PT,Q,2018-Q4,1.84470153549411,0,,,,CAD,,,SHRO,PT,O,,
dataflow,IMF.STA:COFER(7.0.1),R,G001,AFXRA,CI_CAD,SHRO_PT,Q,2019-Q1,1.96684580595833,0,,,,CAD,,,SHRO,PT,O,,
dataflow,IMF.STA:COFER(7.0.1),R,G001,AFXRA,CI_CAD,SHRO_PT,Q,2019-Q2,1.9491788554011,0,,,,CAD,,,SHRO,PT,O,,
dataflow,IMF.STA:COFER(7.0.1),R,G001,AFXRA,CI_CAD,SHRO_PT,Q,2019-Q3,1.91681929747976,0,,,,CAD,,,SHRO,PT,O,,
dataflow,IMF.STA:COFER(7.0.1),R,G001,AFXRA,CI_CAD,SHRO_PT,Q,2019-Q4,1.89498739464266,0,,,,CAD,,,SHRO,PT,O,,
dataflow,IMF.STA:COFER(7.0.1),R,G001,AFXRA,CI_CAD,SHRO_PT,Q,2020-Q1,1.82805976420521,0,,,,CAD,,,SHRO,PT,O,,
dataflow,IMF.STA:COFER(7.0.1),R,G001,AFXRA,CI_CAD,SHRO_PT,Q,2020-Q2,1.95923533252454,0,,,,CAD,,,SHRO,PT,O,,
dataflow,IMF.STA:COFER(7.0.1),R,G001,AFXRA,CI_CAD,SHRO_PT,Q,2020-Q3,2.06819092688726,0,,,,CAD,,,SHRO,PT,O,,
dataflow,IMF.STA:COFER(7.0.1),R,G001,AFXRA,CI_CAD,SHRO_PT,Q,2020-Q4,2.12437518552411,0,,,,CAD,,,SHRO,PT,O,,
dataflow,IMF.STA:COFER(7.0.1),R,G001,AFXRA,CI_CAD,SHRO_PT,Q,2021-Q1,2.19830771302443,0,,,,CAD,,,SHRO,PT,O,,
dataflow,IMF.STA:COFER(7.0.1),R,G001,AFXRA,CI_CAD,SHRO_PT,Q,2021-Q2,2.3326402341795,0,,,,CAD,,,SHRO,PT,O,,
dataflow,IMF.STA:COFER(7.0.1),R,G001,AFXRA,CI_CAD,SHRO_PT,Q,2021-Q3,2.26535609779405,0,,,,CAD,,,SHRO,PT,O,,
dataflow,IMF.STA:COFER(7.0.1),R,G001,AFXRA,CI_CAD,SHRO_PT,Q,2021-Q4,2.43302287383323,0,,,,CAD,,,SHRO,PT,O,,
dataflow,IMF.STA:COFER(7.0.1),R,G001,AFXRA,CI_CAD,SHRO_PT,Q,2022-Q1,2.55761694908142,0,,,,CAD,,,SHRO,PT,O,,
dataflow,IMF.STA:COFER(7.0.1),R,G001,AFXRA,CI_CAD,SHRO_PT,Q,2022-Q2,2.59747362136841,0,,,,CAD,,,SHRO,PT,O,,
dataflow,IMF.STA:COFER(7.0.1),R,G001,AFXRA,CI_CAD,SHRO_PT,Q,2022-Q3,2.57912635803223,0,,,,CAD,,,SHRO,PT,O,,
dataflow,IMF.STA:COFER(7.0.1),R,G001,AFXRA,CI_CAD,SHRO_PT,Q,2022-Q4,2.48731350898743,0,,,,CAD,,,SHRO,PT,O,,
dataflow,IMF.STA:COFER(7.0.1),R,G001,AFXRA,CI_CAD,SHRO_PT,Q,2023-Q1,2.34924077987671,0,,,,CAD,,,SHRO,PT,O,,
dataflow,IMF.STA:COFER(7.0.1),R,G001,AFXRA,CI_CAD,SHRO_PT,Q,2023-Q2,2.46653175354004,0,,,,CAD,,,SHRO,PT,O,,
dataflow,IMF.STA:COFER(7.0.1),R,G001,AFXRA,CI_CAD,SHRO_PT,Q,2023-Q3,2.41992259025574,0,,,,CAD,,,SHRO,PT,O,,
dataflow,IMF.STA:COFER(7.0.1),R,G001,AFXRA,CI_CAD,SHRO_PT,Q,2023-Q4,2.51280570030212,0,,,,CAD,,,SHRO,PT,O,,
dataflow,IMF.STA:COFER(7.0.1),R,G001,AFXRA,CI_CAD,SHRO_PT,Q,2024-Q1,2.50166630744934,0,,,,CAD,,,SHRO,PT,O,,
dataflow,IMF.STA:COFER(7.0.1),R,G001,AFXRA,CI_CAD,SHRO_PT,Q,2024-Q2,2.65953969955444,0,,,,CAD,,,SHRO,PT,O,,
dataflow,IMF.STA:COFER(7.0.1),R,G001,AFXRA,CI_CAD,SHRO_PT,Q,2024-Q3,2.75981760025024,0,,,,CAD,,,SHRO,PT,O,,
dataflow,IMF.STA:COFER(7.0.1),R,G001,AFXRA,CI_CAD,SHRO_PT,Q,2024-Q4,2.8432776927948,0,,,,CAD,,,SHRO,PT,O,,
dataflow,IMF.STA:COFER(7.0.1),R,G001,AFXRA,CI_CAD,SHRO_PT,Q,2025-Q1,2.63718724250794,0,,,,CAD,,,SHRO,PT,O,,
dataflow,IMF.STA:COFER(7.0.1),R,G001,AFXRA,CI_CAD,SHRO_PT,Q,2025-Q2,2.63172364234924,0,,,,CAD,,,SHRO,PT,O,,
dataflow,IMF.STA:COFER(7.0.1),R,G001,AFXRA,CI_CAD,SHRO_PT,Q,2025-Q3,2.66763782501221,0,,,,CAD,,,SHRO,PT,O,,
dataflow,IMF.STA:COFER(7.0.1),R,G001,AFXRA,CI_CAD,SHRO_PT,Q,2025-Q4,2.49668121337891,0,,,,CAD,,,SHRO,PT,O,,
dataflow,IMF.STA:COFER(7.0.1),R,G001,AFXRA,CI_CAD,SHRO_PT,Q,2026-Q1,2.47686553001404,0,,,,CAD,,,SHRO,PT,O,,
dataflow,IMF.STA:COFER(7.0.1),R,G001,AFXRA,CI_CHF,NV_USD,A,1995,3463651709,6,,,,CHF,CO,NV,,USD,O,,
dataflow,IMF.STA:COFER(7.0.1),R,G001,AFXRA,CI_CHF,NV_USD,A,1996,3704910000,6,,,,CHF,CO,NV,,USD,O,,
dataflow,IMF.STA:COFER(7.0.1),R,G001,AFXRA,CI_CHF,NV_USD,A,1997,4434727200,6,,,,CHF,CO,NV,,USD,O,,
dataflow,IMF.STA:COFER(7.0.1),R,G001,AFXRA,CI_CHF,NV_USD,A,1998,4236631079.96558,6,,,,CHF,CO,NV,,USD,O,,
dataflow,IMF.STA:COFER(7.0.1),R,G001,AFXRA,CI_CHF,NV_USD,A,1999,3171864564.29576,6,,,,CHF,CO,NV,,USD,O,,
dataflow,IMF.STA:COFER(7.0.1),R,G001,AFXRA,CI_CHF,NV_USD,A,2000,5806167655.40092,6,,,,CHF,CO,NV,,USD,O,,
dataflow,IMF.STA:COFER(7.0.1),R,G001,AFXRA,CI_CHF,NV_USD,A,2001,5020051683.98395,6,,,,CHF,CO,NV,,USD,O,,
dataflow,IMF.STA:COFER(7.0.1),R,G001,AFXRA,CI_CHF,NV_USD,A,2002,9477399431.61201,6,,,,CHF,CO,NV,,USD,O,,
dataflow,IMF.STA:COFER(7.0.1),R,G001,AFXRA,CI_CHF,NV_USD,A,2003,7082821558.94507,6,,,,CHF,CO,NV,,USD,O,,
dataflow,IMF.STA:COFER(7.0.1),R,G001,AFXRA,CI_CHF,NV_USD,A,2004,7886062791.59622,6,,,,CHF,CO,NV,,USD,O,,
dataflow,IMF.STA:COFER(7.0.1),R,G001,AFXRA,CI_CHF,NV_USD,A,2005,8945550776.87147,6,,,,CHF,CO,NV,,USD,O,,
dataflow,IMF.STA:COFER(7.0.1),R,G001,AFXRA,CI_CHF,NV_USD,A,2006,11327720877.1503,6,,,,CHF,CO,NV,,USD,O,,
dataflow,IMF.STA:COFER(7.0.1),R,G001,AFXRA,CI_CHF,NV_USD,A,2007,14413957023.4176,6,,,,CHF,CO,NV,,USD,O,,
dataflow,IMF.STA:COFER(7.0.1),R,G001,AFXRA,CI_CHF,NV_USD,A,2008,16773486016.0933,6,,,,CHF,CO,NV,,USD,O,,
dataflow,IMF.STA:COFER(7.0.1),R,G001,AFXRA,CI_CHF,NV_USD,A,2009,17112531186.6067,6,,,,CHF,CO,NV,,USD,O,,
dataflow,IMF.STA:COFER(7.0.1),R,G001,AFXRA,CI_CHF,NV_USD,A,2010,22245863512.862,6,,,,CHF,CO,NV,,USD,O,,
dataflow,IMF.STA:COFER(7.0.1),R,G001,AFXRA,CI_CHF,NV_USD,A,2011,20070463773.1963,6,,,,CHF,CO,NV,,USD,O,,
dataflow,IMF.STA:COFER(7.0.1),R,G001,AFXRA,CI_CHF,NV_USD,A,2012,32981993948.9728,6,,,,CHF,CO,NV,,USD,O,,
dataflow,IMF.STA:COFER(7.0.1),R,G001,AFXRA,CI_CHF,NV_USD,A,2013,39388099342.8831,6,,,,CHF,CO,NV,,USD,O,,
dataflow,IMF.STA:COFER(7.0.1),R,G001,AFXRA,CI_CHF,NV_USD,A,2014,35631218389.5957,6,,,,CHF,CO,NV,,USD,O,,
dataflow,IMF.STA:COFER(7.0.1),R,G001,AFXRA,CI_CHF,NV_USD,A,2015,30876959850,6,,,,CHF,CO,NV,,USD,O,,
dataflow,IMF.STA:COFER(7.0.1),R,G001,AFXRA,CI_CHF,NV_USD,A,2016,18780018890,6,,,,CHF,CO,NV,,USD,O,,
dataflow,IMF.STA:COFER(7.0.1),R,G001,AFXRA,CI_CHF,NV_USD,A,2017,20408109230,6,,,,CHF,CO,NV,,USD,O,,
dataflow,IMF.STA:COFER(7.0.1),R,G001,AFXRA,CI_CHF,NV_USD,A,2018,15259184783.0309,6,,,,CHF,CO,NV,,USD,O,,
dataflow,IMF.STA:COFER(7.0.1),R,G001,AFXRA,CI_CHF,NV_USD,A,2019,16762161578.4796,6,,,,CHF,CO,NV,,USD,O,,
dataflow,IMF.STA:COFER(7.0.1),R,G001,AFXRA,CI_CHF,NV_USD,A,2020,20877608302.3238,6,,,,CHF,CO,NV,,USD,O,,
dataflow,IMF.STA:COFER(7.0.1),R,G001,AFXRA,CI_CHF,NV_USD,A,2021,20947844579.2416,6,,,,CHF,CO,NV,,USD,O,,
dataflow,IMF.STA:COFER(7.0.1),R,G001,AFXRA,CI_CHF,NV_USD,A,2022,26136084265.6009,6,,,,CHF,CO,NV,,USD,O,,
dataflow,IMF.STA:COFER(7.0.1),R,G001,AFXRA,CI_CHF,NV_USD,A,2023,24556527490.5552,6,,,,CHF,CO,NV,,USD,O,,
dataflow,IMF.STA:COFER(7.0.1),R,G001,AFXRA,CI_CHF,NV_USD,A,2024,27033920609.2146,6,,,,CHF,CO,NV,,USD,O,,
dataflow,IMF.STA:COFER(7.0.1),R,G001,AFXRA,CI_CHF,NV_USD,A,2025,29995986300.1851,6,,,,CHF,CO,NV,,USD,O,,
dataflow,IMF.STA:COFER(7.0.1),R,G001,AFXRA,CI_CHF,NV_USD,Q,1999-Q1,3571276289.78701,6,,,,CHF,CO,NV,,USD,O,,
dataflow,IMF.STA:COFER(7.0.1),R,G001,AFXRA,CI_CHF,NV_USD,Q,1999-Q2,3092356768.34092,6,,,,CHF,CO,NV,,USD,O,,
dataflow,IMF.STA:COFER(7.0.1),R,G001,AFXRA,CI_CHF,NV_USD,Q,1999-Q3,3193278202.2,6,,,,CHF,CO,NV,,USD,O,,
dataflow,IMF.STA:COFER(7.0.1),R,G001,AFXRA,CI_CHF,NV_USD,Q,1999-Q4,3171864564.29576,6,,,,CHF,CO,NV,,USD,O,,
dataflow,IMF.STA:COFER(7.0.1),R,G001,AFXRA,CI_CHF,NV_USD,Q,2000-Q1,5505958025.04969,6,,,,CHF,CO,NV,,USD,O,,
dataflow,IMF.STA:COFER(7.0.1),R,G001,AFXRA,CI_CHF,NV_USD,Q,2000-Q2,3849358847.3527,6,,,,CHF,CO,NV,,USD,O,,
dataflow,IMF.STA:COFER(7.0.1),R,G001,AFXRA,CI_CHF,NV_USD,Q,2000-Q3,4262416543.73772,6,,,,CHF,CO,NV,,USD,O,,
dataflow,IMF.STA:COFER(7.0.1),R,G001,AFXRA,CI_CHF,NV_USD,Q,2000-Q4,5806167655.40092,6,,,,CHF,CO,NV,,USD,O,,
dataflow,IMF.STA:COFER(7.0.1),R,G001,AFXRA,CI_CHF,NV_USD,Q,2001-Q1,5363805204.57341,6,,,,CHF,CO,NV,,USD,O,,
dataflow,IMF.STA:COFER(7.0.1),R,G001,AFXRA,CI_CHF,NV_USD,Q,2001-Q2,5292357641.33826,6,,,,CHF,CO,NV,,USD,O,,
dataflow,IMF.STA:COFER(7.0.1),R,G001,AFXRA,CI_CHF,NV_USD,Q,2001-Q3,5174597584.30435,6,,,,CHF,CO,NV,,USD,O,,
dataflow,IMF.STA:COFER(7.0.1),R,G001,AFXRA,CI_CHF,NV_USD,Q,2001-Q4,5020051683.98395,6,,,,CHF,CO,NV,,USD,O,,
dataflow,IMF.STA:COFER(7.0.1),R,G001,AFXRA,CI_CHF,NV_USD,Q,2002-Q1,6199582319.44258,6,,,,CHF,CO,NV,,USD,O,,
dataflow,IMF.STA:COFER(7.0.1),R,G001,AFXRA,CI_CHF,NV_USD,Q,2002-Q2,6443968160.49239,6,,,,CHF,CO,NV,,USD,O,,
dataflow,IMF.STA:COFER(7.0.1),R,G001,AFXRA,CI_CHF,NV_USD,Q,2002-Q3,7048929909.42075,6,,,,CHF,CO,NV,,USD,O,,
dataflow,IMF.STA:COFER(7.0.1),R,G001,AFXRA,CI_CHF,NV_USD,Q,2002-Q4,9477399431.61201,6,,,,CHF,CO,NV,,USD,O,,
dataflow,IMF.STA:COFER(7.0.1),R,G001,AFXRA,CI_CHF,NV_USD,Q,2003-Q1,6167698503.43234,6,,,,CHF,CO,NV,,USD,O,,
dataflow,IMF.STA:COFER(7.0.1),R,G001,AFXRA,CI_CHF,NV_USD,Q,2003-Q2,5949631608.57969,6,,,,CHF,CO,NV,,USD,O,,
dataflow,IMF.STA:COFER(7.0.1),R,G001,AFXRA,CI_CHF,NV_USD,Q,2003-Q3,6735569657.36241,6,,,,CHF,CO,NV,,USD,O,,
dataflow,IMF.STA:COFER(7.0.1),R,G001,AFXRA,CI_CHF,NV_USD,Q,2003-Q4,7082821558.94507,6,,,,CHF,CO,NV,,USD,O,,
dataflow,IMF.STA:COFER(7.0.1),R,G001,AFXRA,CI_CHF,NV_USD,Q,2004-Q1,7926342318.16913,6,,,,CHF,CO,NV,,USD,O,,
dataflow,IMF.STA:COFER(7.0.1),R,G001,AFXRA,CI_CHF,NV_USD,Q,2004-Q2,8290128784.3105,6,,,,CHF,CO,NV,,USD,O,,
dataflow,IMF.STA:COFER(7.0.1),R,G001,AFXRA,CI_CHF,NV_USD,Q,2004-Q3,6911944026.67281,6,,,,CHF,CO,NV,,USD,O,,
dataflow,IMF.STA:COFER(7.0.1),R,G001,AFXRA,CI_CHF,NV_USD,Q,2004-Q4,7886062791.59622,6,,,,CHF,CO,NV,,USD,O,,
dataflow,IMF.STA:COFER(7.0.1),R,G001,AFXRA,CI_CHF,NV_USD,Q,2005-Q1,8028559124.52228,6,,,,CHF,CO,NV,,USD,O,,
dataflow,IMF.STA:COFER(7.0.1),R,G001,AFXRA,CI_CHF,NV_USD,Q,2005-Q2,7240649412.68405,6,,,,CHF,CO,NV,,USD,O,,
dataflow,IMF.STA:COFER(7.0.1),R,G001,AFXRA,CI_CHF,NV_USD,Q,2005-Q3,8043729621.42567,6,,,,CHF,CO,NV,,USD,O,,
dataflow,IMF.STA:COFER(7.0.1),R,G001,AFXRA,CI_CHF,NV_USD,Q,2005-Q4,8945550776.87147,6,,,,CHF,CO,NV,,USD,O,,
dataflow,IMF.STA:COFER(7.0.1),R,G001,AFXRA,CI_CHF,NV_USD,Q,2006-Q1,9638849713.1958,6,,,,CHF,CO,NV,,USD,O,,
dataflow,IMF.STA:COFER(7.0.1),R,G001,AFXRA,CI_CHF,NV_USD,Q,2006-Q2,9623035544.7033,6,,,,CHF,CO,NV,,USD,O,,
dataflow,IMF.STA:COFER(7.0.1),R,G001,AFXRA,CI_CHF,NV_USD,Q,2006-Q3,10182645869.0438,6,,,,CHF,CO,NV,,USD,O,,
dataflow,IMF.STA:COFER(7.0.1),R,G001,AFXRA,CI_CHF,NV_USD,Q,2006-Q4,11327720877.1503,6,,,,CHF,CO,NV,,USD,O,,
dataflow,IMF.STA:COFER(7.0.1),R,G001,AFXRA,CI_CHF,NV_USD,Q,2007-Q1,13604355371.6278,6,,,,CHF,CO,NV,,USD,O,,
dataflow,IMF.STA:COFER(7.0.1),R,G001,AFXRA,CI_CHF,NV_USD,Q,2007-Q2,12375101713.3154,6,,,,CHF,CO,NV,,USD,O,,
dataflow,IMF.STA:COFER(7.0.1),R,G001,AFXRA,CI_CHF,NV_USD,Q,2007-Q3,14785292375.5277,6,,,,CHF,CO,NV,,USD,O,,
dataflow,IMF.STA:COFER(7.0.1),R,G001,AFXRA,CI_CHF,NV_USD,Q,2007-Q4,14413957023.4176,6,,,,CHF,CO,NV,,USD,O,,
dataflow,IMF.STA:COFER(7.0.1),R,G001,AFXRA,CI_CHF,NV_USD,Q,2008-Q1,16600190922.3376,6,,,,CHF,CO,NV,,USD,O,,
dataflow,IMF.STA:COFER(7.0.1),R,G001,AFXRA,CI_CHF,NV_USD,Q,2008-Q2,18303360655.2099,6,,,,CHF,CO,NV,,USD,O,,
dataflow,IMF.STA:COFER(7.0.1),R,G001,AFXRA,CI_CHF,NV_USD,Q,2008-Q3,18529909763.8284,6,,,,CHF,CO,NV,,USD,O,,
dataflow,IMF.STA:COFER(7.0.1),R,G001,AFXRA,CI_CHF,NV_USD,Q,2008-Q4,16773486016.0933,6,,,,CHF,CO,NV,,USD,O,,
dataflow,IMF.STA:COFER(7.0.1),R,G001,AFXRA,CI_CHF,NV_USD,Q,2009-Q1,16855018639.8419,6,,,,CHF,CO,NV,,USD,O,,
dataflow,IMF.STA:COFER(7.0.1),R,G001,AFXRA,CI_CHF,NV_USD,Q,2009-Q2,16312947225.2859,6,,,,CHF,CO,NV,,USD,O,,
dataflow,IMF.STA:COFER(7.0.1),R,G001,AFXRA,CI_CHF,NV_USD,Q,2009-Q3,16518367967.5953,6,,,,CHF,CO,NV,,USD,O,,
dataflow,IMF.STA:COFER(7.0.1),R,G001,AFXRA,CI_CHF,NV_USD,Q,2009-Q4,17112531186.6067,6,,,,CHF,CO,NV,,USD,O,,
dataflow,IMF.STA:COFER(7.0.1),R,G001,AFXRA,CI_CHF,NV_USD,Q,2010-Q1,17515747039.4204,6,,,,CHF,CO,NV,,USD,O,,
dataflow,IMF.STA:COFER(7.0.1),R,G001,AFXRA,CI_CHF,NV_USD,Q,2010-Q2,18580053728.2552,6,,,,CHF,CO,NV,,USD,O,,
dataflow,IMF.STA:COFER(7.0.1),R,G001,AFXRA,CI_CHF,NV_USD,Q,2010-Q3,19424851134.4053,6,,,,CHF,CO,NV,,USD,O,,
dataflow,IMF.STA:COFER(7.0.1),R,G001,AFXRA,CI_CHF,NV_USD,Q,2010-Q4,22245863512.862,6,,,,CHF,CO,NV,,USD,O,,
dataflow,IMF.STA:COFER(7.0.1),R,G001,AFXRA,CI_CHF,NV_USD,Q,2011-Q1,22143079541.5283,6,,,,CHF,CO,NV,,USD,O,,
dataflow,IMF.STA:COFER(7.0.1),R,G001,AFXRA,CI_CHF,NV_USD,Q,2011-Q2,23141088088.1191,6,,,,CHF,CO,NV,,USD,O,,
dataflow,IMF.STA:COFER(7.0.1),R,G001,AFXRA,CI_CHF,NV_USD,Q,2011-Q3,37309211916.5877,6,,,,CHF,CO,NV,,USD,O,,
dataflow,IMF.STA:COFER(7.0.1),R,G001,AFXRA,CI_CHF,NV_USD,Q,2011-Q4,20070463773.1963,6,,,,CHF,CO,NV,,USD,O,,
dataflow,IMF.STA:COFER(7.0.1),R,G001,AFXRA,CI_CHF,NV_USD,Q,2012-Q1,35339189272.5818,6,,,,CHF,CO,NV,,USD,O,,
dataflow,IMF.STA:COFER(7.0.1),R,G001,AFXRA,CI_CHF,NV_USD,Q,2012-Q2,32413041483.4962,6,,,,CHF,CO,NV,,USD,O,,
dataflow,IMF.STA:COFER(7.0.1),R,G001,AFXRA,CI_CHF,NV_USD,Q,2012-Q3,37111640690.3958,6,,,,CHF,CO,NV,,USD,O,,
dataflow,IMF.STA:COFER(7.0.1),R,G001,AFXRA,CI_CHF,NV_USD,Q,2012-Q4,32981993948.9728,6,,,,CHF,CO,NV,,USD,O,,
dataflow,IMF.STA:COFER(7.0.1),R,G001,AFXRA,CI_CHF,NV_USD,Q,2013-Q1,38345872153.6726,6,,,,CHF,CO,NV,,USD,O,,
dataflow,IMF.STA:COFER(7.0.1),R,G001,AFXRA,CI_CHF,NV_USD,Q,2013-Q2,38240180858.3523,6,,,,CHF,CO,NV,,USD,O,,
dataflow,IMF.STA:COFER(7.0.1),R,G001,AFXRA,CI_CHF,NV_USD,Q,2013-Q3,39933462020.8985,6,,,,CHF,CO,NV,,USD,O,,
dataflow,IMF.STA:COFER(7.0.1),R,G001,AFXRA,CI_CHF,NV_USD,Q,2013-Q4,39388099342.8831,6,,,,CHF,CO,NV,,USD,O,,
dataflow,IMF.STA:COFER(7.0.1),R,G001,AFXRA,CI_CHF,NV_USD,Q,2014-Q1,40242463000.9948,6,,,,CHF,CO,NV,,USD,O,,
dataflow,IMF.STA:COFER(7.0.1),R,G001,AFXRA,CI_CHF,NV_USD,Q,2014-Q2,41171978091.9608,6,,,,CHF,CO,NV,,USD,O,,
dataflow,IMF.STA:COFER(7.0.1),R,G001,AFXRA,CI_CHF,NV_USD,Q,2014-Q3,39132663359.2161,6,,,,CHF,CO,NV,,USD,O,,
dataflow,IMF.STA:COFER(7.0.1),R,G001,AFXRA,CI_CHF,NV_USD,Q,2014-Q4,35631218389.5957,6,,,,CHF,CO,NV,,USD,O,,
dataflow,IMF.STA:COFER(7.0.1),R,G001,AFXRA,CI_CHF,NV_USD,Q,2015-Q1,36059866972.3628,6,,,,CHF,CO,NV,,USD,O,,
dataflow,IMF.STA:COFER(7.0.1),R,G001,AFXRA,CI_CHF,NV_USD,Q,2015-Q2,37685908230,6,,,,CHF,CO,NV,,USD,O,,
dataflow,IMF.STA:COFER(7.0.1),R,G001,AFXRA,CI_CHF,NV_USD,Q,2015-Q3,31612471510,6,,,,CHF,CO,NV,,USD,O,,
dataflow,IMF.STA:COFER(7.0.1),R,G001,AFXRA,CI_CHF,NV_USD,Q,2015-Q4,30876959850,6,,,,CHF,CO,NV,,USD,O,,
dataflow,IMF.STA:COFER(7.0.1),R,G001,AFXRA,CI_CHF,NV_USD,Q,2016-Q1,23951847610,6,,,,CHF,CO,NV,,USD,O,,
dataflow,IMF.STA:COFER(7.0.1),R,G001,AFXRA,CI_CHF,NV_USD,Q,2016-Q2,22231891160,6,,,,CHF,CO,NV,,USD,O,,
dataflow,IMF.STA:COFER(7.0.1),R,G001,AFXRA,CI_CHF,NV_USD,Q,2016-Q3,21650672260,6,,,,CHF,CO,NV,,USD,O,,
dataflow,IMF.STA:COFER(7.0.1),R,G001,AFXRA,CI_CHF,NV_USD,Q,2016-Q4,18780018890,6,,,,CHF,CO,NV,,USD,O,,
dataflow,IMF.STA:COFER(7.0.1),R,G001,AFXRA,CI_CHF,NV_USD,Q,2017-Q1,19208137170,6,,,,CHF,CO,NV,,USD,O,,
dataflow,IMF.STA:COFER(7.0.1),R,G001,AFXRA,CI_CHF,NV_USD,Q,2017-Q2,19645578460,6,,,,CHF,CO,NV,,USD,O,,
dataflow,IMF.STA:COFER(7.0.1),R,G001,AFXRA,CI_CHF,NV_USD,Q,2017-Q3,19446382310,6,,,,CHF,CO,NV,,USD,O,,
dataflow,IMF.STA:COFER(7.0.1),R,G001,AFXRA,CI_CHF,NV_USD,Q,2017-Q4,20408109230,6,,,,CHF,CO,NV,,USD,O,,
dataflow,IMF.STA:COFER(7.0.1),R,G001,AFXRA,CI_CHF,NV_USD,Q,2018-Q1,19453027050,6,,,,CHF,CO,NV,,USD,O,,
dataflow,IMF.STA:COFER(7.0.1),R,G001,AFXRA,CI_CHF,NV_USD,Q,2018-Q2,17582612190,6,,,,CHF,CO,NV,,USD,O,,
dataflow,IMF.STA:COFER(7.0.1),R,G001,AFXRA,CI_CHF,NV_USD,Q,2018-Q3,16978406890.5872,6,,,,CHF,CO,NV,,USD,O,,
dataflow,IMF.STA:COFER(7.0.1),R,G001,AFXRA,CI_CHF,NV_USD,Q,2018-Q4,15259184783.0309,6,,,,CHF,CO,NV,,USD,O,,
dataflow,IMF.STA:COFER(7.0.1),R,G001,AFXRA,CI_CHF,NV_USD,Q,2019-Q1,14854344837.2501,6,,,,CHF,CO,NV,,USD,O,,
dataflow,IMF.STA:COFER(7.0.1),R,G001,AFXRA,CI_CHF,NV_USD,Q,2019-Q2,15122560172.0215,6,,,,CHF,CO,NV,,USD,O,,
dataflow,IMF.STA:COFER(7.0.1),R,G001,AFXRA,CI_CHF,NV_USD,Q,2019-Q3,15799965455.6434,6,,,,CHF,CO,NV,,USD,O,,
dataflow,IMF.STA:COFER(7.0.1),R,G001,AFXRA,CI_CHF,NV_USD,Q,2019-Q4,16762161578.4796,6,,,,CHF,CO,NV,,USD,O,,
dataflow,IMF.STA:COFER(7.0.1),R,G001,AFXRA,CI_CHF,NV_USD,Q,2020-Q1,15877562592.114,6,,,,CHF,CO,NV,,USD,O,,
dataflow,IMF.STA:COFER(7.0.1),R,G001,AFXRA,CI_CHF,NV_USD,Q,2020-Q2,17352293190.5818,6,,,,CHF,CO,NV,,USD,O,,
dataflow,IMF.STA:COFER(7.0.1),R,G001,AFXRA,CI_CHF,NV_USD,Q,2020-Q3,19443566649.4255,6,,,,CHF,CO,NV,,USD,O,,
dataflow,IMF.STA:COFER(7.0.1),R,G001,AFXRA,CI_CHF,NV_USD,Q,2020-Q4,20877608302.3238,6,,,,CHF,CO,NV,,USD,O,,
dataflow,IMF.STA:COFER(7.0.1),R,G001,AFXRA,CI_CHF,NV_USD,Q,2021-Q1,19571743702.8731,6,,,,CHF,CO,NV,,USD,O,,
dataflow,IMF.STA:COFER(7.0.1),R,G001,AFXRA,CI_CHF,NV_USD,Q,2021-Q2,23961159486.7173,6,,,,CHF,CO,NV,,USD,O,,
dataflow,IMF.STA:COFER(7.0.1),R,G001,AFXRA,CI_CHF,NV_USD,Q,2021-Q3,23992907219.8243,6,,,,CHF,CO,NV,,USD,O,,
dataflow,IMF.STA:COFER(7.0.1),R,G001,AFXRA,CI_CHF,NV_USD,Q,2021-Q4,20947844579.2416,6,,,,CHF,CO,NV,,USD,O,,
dataflow,IMF.STA:COFER(7.0.1),R,G001,AFXRA,CI_CHF,NV_USD,Q,2022-Q1,30035162606.8435,6,,,,CHF,CO,NV,,USD,O,,
dataflow,IMF.STA:COFER(7.0.1),R,G001,AFXRA,CI_CHF,NV_USD,Q,2022-Q2,27909078242.9931,6,,,,CHF,CO,NV,,USD,O,,
dataflow,IMF.STA:COFER(7.0.1),R,G001,AFXRA,CI_CHF,NV_USD,Q,2022-Q3,25255614483.7581,6,,,,CHF,CO,NV,,USD,O,,
dataflow,IMF.STA:COFER(7.0.1),R,G001,AFXRA,CI_CHF,NV_USD,Q,2022-Q4,26136084265.6009,6,,,,CHF,CO,NV,,USD,O,,
dataflow,IMF.STA:COFER(7.0.1),R,G001,AFXRA,CI_CHF,NV_USD,Q,2023-Q1,30909346137.122,6,,,,CHF,CO,NV,,USD,O,,
dataflow,IMF.STA:COFER(7.0.1),R,G001,AFXRA,CI_CHF,NV_USD,Q,2023-Q2,23395385226.2183,6,,,,CHF,CO,NV,,USD,O,,
dataflow,IMF.STA:COFER(7.0.1),R,G001,AFXRA,CI_CHF,NV_USD,Q,2023-Q3,22371653179.5593,6,,,,CHF,CO,NV,,USD,O,,
dataflow,IMF.STA:COFER(7.0.1),R,G001,AFXRA,CI_CHF,NV_USD,Q,2023-Q4,24556527490.5552,6,,,,CHF,CO,NV,,USD,O,,
dataflow,IMF.STA:COFER(7.0.1),R,G001,AFXRA,CI_CHF,NV_USD,Q,2024-Q1,24283970957.4547,6,,,,CHF,CO,NV,,USD,O,,
dataflow,IMF.STA:COFER(7.0.1),R,G001,AFXRA,CI_CHF,NV_USD,Q,2024-Q2,24335267925.4305,6,,,,CHF,CO,NV,,USD,O,,
dataflow,IMF.STA:COFER(7.0.1),R,G001,AFXRA,CI_CHF,NV_USD,Q,2024-Q3,25140294858.1934,6,,,,CHF,CO,NV,,USD,O,,
dataflow,IMF.STA:COFER(7.0.1),R,G001,AFXRA,CI_CHF,NV_USD,Q,2024-Q4,27033920609.2146,6,,,,CHF,CO,NV,,USD,O,,
dataflow,IMF.STA:COFER(7.0.1),R,G001,AFXRA,CI_CHF,NV_USD,Q,2025-Q1,28467699522.3473,6,,,,CHF,CO,NV,,USD,O,,
dataflow,IMF.STA:COFER(7.0.1),R,G001,AFXRA,CI_CHF,NV_USD,Q,2025-Q2,28149840736.2446,6,,,,CHF,CO,NV,,USD,O,,
dataflow,IMF.STA:COFER(7.0.1),R,G001,AFXRA,CI_CHF,NV_USD,Q,2025-Q3,28921699662.9073,6,,,,CHF,CO,NV,,USD,O,,
dataflow,IMF.STA:COFER(7.0.1),R,G001,AFXRA,CI_CHF,NV_USD,Q,2025-Q4,29995986300.1851,6,,,,CHF,CO,NV,,USD,O,,
dataflow,IMF.STA:COFER(7.0.1),R,G001,AFXRA,CI_CHF,NV_USD,Q,2026-Q1,32032265005.2941,6,,,,CHF,CO,NV,,USD,O,,
dataflow,IMF.STA:COFER(7.0.1),R,G001,AFXRA,CI_CHF,SHRO_PT,A,1995,0.334597065418042,0,,,,CHF,,,SHRO,PT,O,,
dataflow,IMF.STA:COFER(7.0.1),R,G001,AFXRA,CI_CHF,SHRO_PT,A,1996,0.302144885456493,0,,,,CHF,,,SHRO,PT,O,,
dataflow,IMF.STA:COFER(7.0.1),R,G001,AFXRA,CI_CHF,SHRO_PT,A,1997,0.348292556717082,0,,,,CHF,,,SHRO,PT,O,,
dataflow,IMF.STA:COFER(7.0.1),R,G001,AFXRA,CI_CHF,SHRO_PT,A,1998,0.330267723277006,0,,,,CHF,,,SHRO,PT,O,,
dataflow,IMF.STA:COFER(7.0.1),R,G001,AFXRA,CI_CHF,SHRO_PT,A,1999,0.229894413428983,0,,,,CHF,,,SHRO,PT,O,,
dataflow,IMF.STA:COFER(7.0.1),R,G001,AFXRA,CI_CHF,SHRO_PT,A,2000,0.300435722773635,0,,,,CHF,,,SHRO,PT,O,,
dataflow,IMF.STA:COFER(7.0.1),R,G001,AFXRA,CI_CHF,SHRO_PT,A,2001,0.243598164527768,0,,,,CHF,,,SHRO,PT,O,,
dataflow,IMF.STA:COFER(7.0.1),R,G001,AFXRA,CI_CHF,SHRO_PT,A,2002,0.391308283066066,0,,,,CHF,,,SHRO,PT,O,,
dataflow,IMF.STA:COFER(7.0.1),R,G001,AFXRA,CI_CHF,SHRO_PT,A,2003,0.232921630795454,0,,,,CHF,,,SHRO,PT,O,,
dataflow,IMF.STA:COFER(7.0.1),R,G001,AFXRA,CI_CHF,SHRO_PT,A,2004,0.208960983814368,0,,,,CHF,,,SHRO,PT,O,,
dataflow,IMF.STA:COFER(7.0.1),R,G001,AFXRA,CI_CHF,SHRO_PT,A,2005,0.205158020437379,0,,,,CHF,,,SHRO,PT,O,,
dataflow,IMF.STA:COFER(7.0.1),R,G001,AFXRA,CI_CHF,SHRO_PT,A,2006,0.213938298852018,0,,,,CHF,,,SHRO,PT,O,,
dataflow,IMF.STA:COFER(7.0.1),R,G001,AFXRA,CI_CHF,SHRO_PT,A,2007,0.214808160996282,0,,,,CHF,,,SHRO,PT,O,,
dataflow,IMF.STA:COFER(7.0.1),R,G001,AFXRA,CI_CHF,SHRO_PT,A,2008,0.22809669263497,0,,,,CHF,,,SHRO,PT,O,,
dataflow,IMF.STA:COFER(7.0.1),R,G001,AFXRA,CI_CHF,SHRO_PT,A,2009,0.209285240041787,0,,,,CHF,,,SHRO,PT,O,,
dataflow,IMF.STA:COFER(7.0.1),R,G001,AFXRA,CI_CHF,SHRO_PT,A,2010,0.239674287124409,0,,,,CHF,,,SHRO,PT,O,,
dataflow,IMF.STA:COFER(7.0.1),R,G001,AFXRA,CI_CHF,SHRO_PT,A,2011,0.196253491055965,0,,,,CHF,,,SHRO,PT,O,,
dataflow,IMF.STA:COFER(7.0.1),R,G001,AFXRA,CI_CHF,SHRO_PT,A,2012,0.300814831321879,0,,,,CHF,,,SHRO,PT,O,,
dataflow,IMF.STA:COFER(7.0.1),R,G001,AFXRA,CI_CHF,SHRO_PT,A,2013,0.336588749631927,0,,,,CHF,,,SHRO,PT,O,,
dataflow,IMF.STA:COFER(7.0.1),R,G001,AFXRA,CI_CHF,SHRO_PT,A,2014,0.307137780917934,0,,,,CHF,,,SHRO,PT,O,,
dataflow,IMF.STA:COFER(7.0.1),R,G001,AFXRA,CI_CHF,SHRO_PT,A,2015,0.2826473,0,,,,CHF,,,SHRO,PT,O,,
dataflow,IMF.STA:COFER(7.0.1),R,G001,AFXRA,CI_CHF,SHRO_PT,A,2016,0.1752301,0,,,,CHF,,,SHRO,PT,O,,
dataflow,IMF.STA:COFER(7.0.1),R,G001,AFXRA,CI_CHF,SHRO_PT,A,2017,0.1783507,0,,,,CHF,,,SHRO,PT,O,,
dataflow,IMF.STA:COFER(7.0.1),R,G001,AFXRA,CI_CHF,SHRO_PT,A,2018,0.133591650998063,0,,,,CHF,,,SHRO,PT,O,,
dataflow,IMF.STA:COFER(7.0.1),R,G001,AFXRA,CI_CHF,SHRO_PT,A,2019,0.141867128564908,0,,,,CHF,,,SHRO,PT,O,,
dataflow,IMF.STA:COFER(7.0.1),R,G001,AFXRA,CI_CHF,SHRO_PT,A,2020,0.164469186754926,0,,,,CHF,,,SHRO,PT,O,,
dataflow,IMF.STA:COFER(7.0.1),R,G001,AFXRA,CI_CHF,SHRO_PT,A,2021,0.1622087468745,0,,,,CHF,,,SHRO,PT,O,,
dataflow,IMF.STA:COFER(7.0.1),R,G001,AFXRA,CI_CHF,SHRO_PT,A,2022,0.219918146729469,0,,,,CHF,,,SHRO,PT,O,,
dataflow,IMF.STA:COFER(7.0.1),R,G001,AFXRA,CI_CHF,SHRO_PT,A,2023,0.199402883648872,0,,,,CHF,,,SHRO,PT,O,,
dataflow,IMF.STA:COFER(7.0.1),R,G001,AFXRA,CI_CHF,SHRO_PT,A,2024,0.219250112771988,0,,,,CHF,,,SHRO,PT,O,,
dataflow,IMF.STA:COFER(7.0.1),R,G001,AFXRA,CI_CHF,SHRO_PT,A,2025,0.228164255619049,0,,,,CHF,,,SHRO,PT,O,,
dataflow,IMF.STA:COFER(7.0.1),R,G001,AFXRA,CI_CHF,SHRO_PT,Q,1999-Q1,0.288142224166944,0,,,,CHF,,,SHRO,PT,O,,
dataflow,IMF.STA:COFER(7.0.1),R,G001,AFXRA,CI_CHF,SHRO_PT,Q,1999-Q2,0.242780802330429,0,,,,CHF,,,SHRO,PT,O,,
dataflow,IMF.STA:COFER(7.0.1),R,G001,AFXRA,CI_CHF,SHRO_PT,Q,1999-Q3,0.241139623481688,0,,,,CHF,,,SHRO,PT,O,,
dataflow,IMF.STA:COFER(7.0.1),R,G001,AFXRA,CI_CHF,SHRO_PT,Q,1999-Q4,0.229894413428983,0,,,,CHF,,,SHRO,PT,O,,
dataflow,IMF.STA:COFER(7.0.1),R,G001,AFXRA,CI_CHF,SHRO_PT,Q,2000-Q1,0.305566067237065,0,,,,CHF,,,SHRO,PT,O,,
dataflow,IMF.STA:COFER(7.0.1),R,G001,AFXRA,CI_CHF,SHRO_PT,Q,2000-Q2,0.208569363826617,0,,,,CHF,,,SHRO,PT,O,,
dataflow,IMF.STA:COFER(7.0.1),R,G001,AFXRA,CI_CHF,SHRO_PT,Q,2000-Q3,0.228059718582468,0,,,,CHF,,,SHRO,PT,O,,
dataflow,IMF.STA:COFER(7.0.1),R,G001,AFXRA,CI_CHF,SHRO_PT,Q,2000-Q4,0.300435722773635,0,,,,CHF,,,SHRO,PT,O,,
dataflow,IMF.STA:COFER(7.0.1),R,G001,AFXRA,CI_CHF,SHRO_PT,Q,2001-Q1,0.277286854191542,0,,,,CHF,,,SHRO,PT,O,,
dataflow,IMF.STA:COFER(7.0.1),R,G001,AFXRA,CI_CHF,SHRO_PT,Q,2001-Q2,0.272253200877856,0,,,,CHF,,,SHRO,PT,O,,
dataflow,IMF.STA:COFER(7.0.1),R,G001,AFXRA,CI_CHF,SHRO_PT,Q,2001-Q3,0.25357370651392,0,,,,CHF,,,SHRO,PT,O,,
dataflow,IMF.STA:COFER(7.0.1),R,G001,AFXRA,CI_CHF,SHRO_PT,Q,2001-Q4,0.243598164527768,0,,,,CHF,,,SHRO,PT,O,,
dataflow,IMF.STA:COFER(7.0.1),R,G001,AFXRA,CI_CHF,SHRO_PT,Q,2002-Q1,0.296080925755089,0,,,,CHF,,,SHRO,PT,O,,
dataflow,IMF.STA:COFER(7.0.1),R,G001,AFXRA,CI_CHF,SHRO_PT,Q,2002-Q2,0.286419187296188,0,,,,CHF,,,SHRO,PT,O,,
dataflow,IMF.STA:COFER(7.0.1),R,G001,AFXRA,CI_CHF,SHRO_PT,Q,2002-Q3,0.303467291983549,0,,,,CHF,,,SHRO,PT,O,,
dataflow,IMF.STA:COFER(7.0.1),R,G001,AFXRA,CI_CHF,SHRO_PT,Q,2002-Q4,0.391308283066066,0,,,,CHF,,,SHRO,PT,O,,
dataflow,IMF.STA:COFER(7.0.1),R,G001,AFXRA,CI_CHF,SHRO_PT,Q,2003-Q1,0.244837072749828,0,,,,CHF,,,SHRO,PT,O,,
dataflow,IMF.STA:COFER(7.0.1),R,G001,AFXRA,CI_CHF,SHRO_PT,Q,2003-Q2,0.221573258514436,0,,,,CHF,,,SHRO,PT,O,,
dataflow,IMF.STA:COFER(7.0.1),R,G001,AFXRA,CI_CHF,SHRO_PT,Q,2003-Q3,0.236427540020288,0,,,,CHF,,,SHRO,PT,O,,
dataflow,IMF.STA:COFER(7.0.1),R,G001,AFXRA,CI_CHF,SHRO_PT,Q,2003-Q4,0.232921630795454,0,,,,CHF,,,SHRO,PT,O,,
dataflow,IMF.STA:COFER(7.0.1),R,G001,AFXRA,CI_CHF,SHRO_PT,Q,2004-Q1,0.238947430591396,0,,,,CHF,,,SHRO,PT,O,,
dataflow,IMF.STA:COFER(7.0.1),R,G001,AFXRA,CI_CHF,SHRO_PT,Q,2004-Q2,0.246531866286037,0,,,,CHF,,,SHRO,PT,O,,
dataflow,IMF.STA:COFER(7.0.1),R,G001,AFXRA,CI_CHF,SHRO_PT,Q,2004-Q3,0.199459623001186,0,,,,CHF,,,SHRO,PT,O,,
dataflow,IMF.STA:COFER(7.0.1),R,G001,AFXRA,CI_CHF,SHRO_PT,Q,2004-Q4,0.208960983814368,0,,,,CHF,,,SHRO,PT,O,,
dataflow,IMF.STA:COFER(7.0.1),R,G001,AFXRA,CI_CHF,SHRO_PT,Q,2005-Q1,0.202516690650509,0,,,,CHF,,,SHRO,PT,O,,
dataflow,IMF.STA:COFER(7.0.1),R,G001,AFXRA,CI_CHF,SHRO_PT,Q,2005-Q2,0.177872000382408,0,,,,CHF,,,SHRO,PT,O,,
dataflow,IMF.STA:COFER(7.0.1),R,G001,AFXRA,CI_CHF,SHRO_PT,Q,2005-Q3,0.191638504945211,0,,,,CHF,,,SHRO,PT,O,,
dataflow,IMF.STA:COFER(7.0.1),R,G001,AFXRA,CI_CHF,SHRO_PT,Q,2005-Q4,0.205158020437379,0,,,,CHF,,,SHRO,PT,O,,
dataflow,IMF.STA:COFER(7.0.1),R,G001,AFXRA,CI_CHF,SHRO_PT,Q,2006-Q1,0.21106655629837,0,,,,CHF,,,SHRO,PT,O,,
dataflow,IMF.STA:COFER(7.0.1),R,G001,AFXRA,CI_CHF,SHRO_PT,Q,2006-Q2,0.200388394432645,0,,,,CHF,,,SHRO,PT,O,,
dataflow,IMF.STA:COFER(7.0.1),R,G001,AFXRA,CI_CHF,SHRO_PT,Q,2006-Q3,0.20390240977639,0,,,,CHF,,,SHRO,PT,O,,
dataflow,IMF.STA:COFER(7.0.1),R,G001,AFXRA,CI_CHF,SHRO_PT,Q,2006-Q4,0.213938298852018,0,,,,CHF,,,SHRO,PT,O,,
dataflow,IMF.STA:COFER(7.0.1),R,G001,AFXRA,CI_CHF,SHRO_PT,Q,2007-Q1,0.241546638622463,0,,,,CHF,,,SHRO,PT,O,,
dataflow,IMF.STA:COFER(7.0.1),R,G001,AFXRA,CI_CHF,SHRO_PT,Q,2007-Q2,0.207525482289555,0,,,,CHF,,,SHRO,PT,O,,
dataflow,IMF.STA:COFER(7.0.1),R,G001,AFXRA,CI_CHF,SHRO_PT,Q,2007-Q3,0.23457377501697,0,,,,CHF,,,SHRO,PT,O,,
dataflow,IMF.STA:COFER(7.0.1),R,G001,AFXRA,CI_CHF,SHRO_PT,Q,2007-Q4,0.214808160996282,0,,,,CHF,,,SHRO,PT,O,,
dataflow,IMF.STA:COFER(7.0.1),R,G001,AFXRA,CI_CHF,SHRO_PT,Q,2008-Q1,0.229035772252225,0,,,,CHF,,,SHRO,PT,O,,
dataflow,IMF.STA:COFER(7.0.1),R,G001,AFXRA,CI_CHF,SHRO_PT,Q,2008-Q2,0.245143513084014,0,,,,CHF,,,SHRO,PT,O,,
dataflow,IMF.STA:COFER(7.0.1),R,G001,AFXRA,CI_CHF,SHRO_PT,Q,2008-Q3,0.246914547932734,0,,,,CHF,,,SHRO,PT,O,,
dataflow,IMF.STA:COFER(7.0.1),R,G001,AFXRA,CI_CHF,SHRO_PT,Q,2008-Q4,0.22809669263497,0,,,,CHF,,,SHRO,PT,O,,
dataflow,IMF.STA:COFER(7.0.1),R,G001,AFXRA,CI_CHF,SHRO_PT,Q,2009-Q1,0.234961904516255,0,,,,CHF,,,SHRO,PT,O,,
dataflow,IMF.STA:COFER(7.0.1),R,G001,AFXRA,CI_CHF,SHRO_PT,Q,2009-Q2,0.215394737627666,0,,,,CHF,,,SHRO,PT,O,,
dataflow,IMF.STA:COFER(7.0.1),R,G001,AFXRA,CI_CHF,SHRO_PT,Q,2009-Q3,0.209416894152011,0,,,,CHF,,,SHRO,PT,O,,
dataflow,IMF.STA:COFER(7.0.1),R,G001,AFXRA,CI_CHF,SHRO_PT,Q,2009-Q4,0.209285240041787,0,,,,CHF,,,SHRO,PT,O,,
dataflow,IMF.STA:COFER(7.0.1),R,G001,AFXRA,CI_CHF,SHRO_PT,Q,2010-Q1,0.210800107010814,0,,,,CHF,,,SHRO,PT,O,,
dataflow,IMF.STA:COFER(7.0.1),R,G001,AFXRA,CI_CHF,SHRO_PT,Q,2010-Q2,0.220102547137286,0,,,,CHF,,,SHRO,PT,O,,
dataflow,IMF.STA:COFER(7.0.1),R,G001,AFXRA,CI_CHF,SHRO_PT,Q,2010-Q3,0.215641695679924,0,,,,CHF,,,SHRO,PT,O,,
dataflow,IMF.STA:COFER(7.0.1),R,G001,AFXRA,CI_CHF,SHRO_PT,Q,2010-Q4,0.239674287124409,0,,,,CHF,,,SHRO,PT,O,,
dataflow,IMF.STA:COFER(7.0.1),R,G001,AFXRA,CI_CHF,SHRO_PT,Q,2011-Q1,0.228074575651324,0,,,,CHF,,,SHRO,PT,O,,
dataflow,IMF.STA:COFER(7.0.1),R,G001,AFXRA,CI_CHF,SHRO_PT,Q,2011-Q2,0.2292027009071,0,,,,CHF,,,SHRO,PT,O,,
dataflow,IMF.STA:COFER(7.0.1),R,G001,AFXRA,CI_CHF,SHRO_PT,Q,2011-Q3,0.366071605932356,0,,,,CHF,,,SHRO,PT,O,,
dataflow,IMF.STA:COFER(7.0.1),R,G001,AFXRA,CI_CHF,SHRO_PT,Q,2011-Q4,0.196253491055965,0,,,,CHF,,,SHRO,PT,O,,
dataflow,IMF.STA:COFER(7.0.1),R,G001,AFXRA,CI_CHF,SHRO_PT,Q,2012-Q1,0.338050692637345,0,,,,CHF,,,SHRO,PT,O,,
dataflow,IMF.STA:COFER(7.0.1),R,G001,AFXRA,CI_CHF,SHRO_PT,Q,2012-Q2,0.307287081449729,0,,,,CHF,,,SHRO,PT,O,,
dataflow,IMF.STA:COFER(7.0.1),R,G001,AFXRA,CI_CHF,SHRO_PT,Q,2012-Q3,0.343405695064437,0,,,,CHF,,,SHRO,PT,O,,
dataflow,IMF.STA:COFER(7.0.1),R,G001,AFXRA,CI_CHF,SHRO_PT,Q,2012-Q4,0.300814831321879,0,,,,CHF,,,SHRO,PT,O,,
dataflow,IMF.STA:COFER(7.0.1),R,G001,AFXRA,CI_CHF,SHRO_PT,Q,2013-Q1,0.345350530823456,0,,,,CHF,,,SHRO,PT,O,,
dataflow,IMF.STA:COFER(7.0.1),R,G001,AFXRA,CI_CHF,SHRO_PT,Q,2013-Q2,0.342946525590416,0,,,,CHF,,,SHRO,PT,O,,
dataflow,IMF.STA:COFER(7.0.1),R,G001,AFXRA,CI_CHF,SHRO_PT,Q,2013-Q3,0.348469499906138,0,,,,CHF,,,SHRO,PT,O,,
dataflow,IMF.STA:COFER(7.0.1),R,G001,AFXRA,CI_CHF,SHRO_PT,Q,2013-Q4,0.336588749631927,0,,,,CHF,,,SHRO,PT,O,,
dataflow,IMF.STA:COFER(7.0.1),R,G001,AFXRA,CI_CHF,SHRO_PT,Q,2014-Q1,0.339514631951662,0,,,,CHF,,,SHRO,PT,O,,
dataflow,IMF.STA:COFER(7.0.1),R,G001,AFXRA,CI_CHF,SHRO_PT,Q,2014-Q2,0.342963361322714,0,,,,CHF,,,SHRO,PT,O,,
dataflow,IMF.STA:COFER(7.0.1),R,G001,AFXRA,CI_CHF,SHRO_PT,Q,2014-Q3,0.332487165545678,0,,,,CHF,,,SHRO,PT,O,,
dataflow,IMF.STA:COFER(7.0.1),R,G001,AFXRA,CI_CHF,SHRO_PT,Q,2014-Q4,0.307137780917934,0,,,,CHF,,,SHRO,PT,O,,
dataflow,IMF.STA:COFER(7.0.1),R,G001,AFXRA,CI_CHF,SHRO_PT,Q,2015-Q1,0.315243567993841,0,,,,CHF,,,SHRO,PT,O,,
dataflow,IMF.STA:COFER(7.0.1),R,G001,AFXRA,CI_CHF,SHRO_PT,Q,2015-Q2,0.3288569,0,,,,CHF,,,SHRO,PT,O,,
dataflow,IMF.STA:COFER(7.0.1),R,G001,AFXRA,CI_CHF,SHRO_PT,Q,2015-Q3,0.2826855,0,,,,CHF,,,SHRO,PT,O,,
dataflow,IMF.STA:COFER(7.0.1),R,G001,AFXRA,CI_CHF,SHRO_PT,Q,2015-Q4,0.2826473,0,,,,CHF,,,SHRO,PT,O,,
dataflow,IMF.STA:COFER(7.0.1),R,G001,AFXRA,CI_CHF,SHRO_PT,Q,2016-Q1,0.2192488,0,,,,CHF,,,SHRO,PT,O,,
dataflow,IMF.STA:COFER(7.0.1),R,G001,AFXRA,CI_CHF,SHRO_PT,Q,2016-Q2,0.2027737,0,,,,CHF,,,SHRO,PT,O,,
dataflow,IMF.STA:COFER(7.0.1),R,G001,AFXRA,CI_CHF,SHRO_PT,Q,2016-Q3,0.1969855,0,,,,CHF,,,SHRO,PT,O,,
dataflow,IMF.STA:COFER(7.0.1),R,G001,AFXRA,CI_CHF,SHRO_PT,Q,2016-Q4,0.1752301,0,,,,CHF,,,SHRO,PT,O,,
dataflow,IMF.STA:COFER(7.0.1),R,G001,AFXRA,CI_CHF,SHRO_PT,Q,2017-Q1,0.1762265,0,,,,CHF,,,SHRO,PT,O,,
dataflow,IMF.STA:COFER(7.0.1),R,G001,AFXRA,CI_CHF,SHRO_PT,Q,2017-Q2,0.1767148,0,,,,CHF,,,SHRO,PT,O,,
dataflow,IMF.STA:COFER(7.0.1),R,G001,AFXRA,CI_CHF,SHRO_PT,Q,2017-Q3,0.1722118,0,,,,CHF,,,SHRO,PT,O,,
dataflow,IMF.STA:COFER(7.0.1),R,G001,AFXRA,CI_CHF,SHRO_PT,Q,2017-Q4,0.1783507,0,,,,CHF,,,SHRO,PT,O,,
dataflow,IMF.STA:COFER(7.0.1),R,G001,AFXRA,CI_CHF,SHRO_PT,Q,2018-Q1,0.1676441,0,,,,CHF,,,SHRO,PT,O,,
dataflow,IMF.STA:COFER(7.0.1),R,G001,AFXRA,CI_CHF,SHRO_PT,Q,2018-Q2,0.1534022,0,,,,CHF,,,SHRO,PT,O,,
dataflow,IMF.STA:COFER(7.0.1),R,G001,AFXRA,CI_CHF,SHRO_PT,Q,2018-Q3,0.148957953729214,0,,,,CHF,,,SHRO,PT,O,,
dataflow,IMF.STA:COFER(7.0.1),R,G001,AFXRA,CI_CHF,SHRO_PT,Q,2018-Q4,0.133591650998063,0,,,,CHF,,,SHRO,PT,O,,
dataflow,IMF.STA:COFER(7.0.1),R,G001,AFXRA,CI_CHF,SHRO_PT,Q,2019-Q1,0.128031652299165,0,,,,CHF,,,SHRO,PT,O,,
dataflow,IMF.STA:COFER(7.0.1),R,G001,AFXRA,CI_CHF,SHRO_PT,Q,2019-Q2,0.128922838086986,0,,,,CHF,,,SHRO,PT,O,,
dataflow,IMF.STA:COFER(7.0.1),R,G001,AFXRA,CI_CHF,SHRO_PT,Q,2019-Q3,0.135687085821192,0,,,,CHF,,,SHRO,PT,O,,
dataflow,IMF.STA:COFER(7.0.1),R,G001,AFXRA,CI_CHF,SHRO_PT,Q,2019-Q4,0.141867128564908,0,,,,CHF,,,SHRO,PT,O,,
dataflow,IMF.STA:COFER(7.0.1),R,G001,AFXRA,CI_CHF,SHRO_PT,Q,2020-Q1,0.135848979808814,0,,,,CHF,,,SHRO,PT,O,,
dataflow,IMF.STA:COFER(7.0.1),R,G001,AFXRA,CI_CHF,SHRO_PT,Q,2020-Q2,0.144391801480502,0,,,,CHF,,,SHRO,PT,O,,
dataflow,IMF.STA:COFER(7.0.1),R,G001,AFXRA,CI_CHF,SHRO_PT,Q,2020-Q3,0.158801646940901,0,,,,CHF,,,SHRO,PT,O,,
dataflow,IMF.STA:COFER(7.0.1),R,G001,AFXRA,CI_CHF,SHRO_PT,Q,2020-Q4,0.164469186754926,0,,,,CHF,,,SHRO,PT,O,,
dataflow,IMF.STA:COFER(7.0.1),R,G001,AFXRA,CI_CHF,SHRO_PT,Q,2021-Q1,0.15570594065816,0,,,,CHF,,,SHRO,PT,O,,
dataflow,IMF.STA:COFER(7.0.1),R,G001,AFXRA,CI_CHF,SHRO_PT,Q,2021-Q2,0.187241874874571,0,,,,CHF,,,SHRO,PT,O,,
dataflow,IMF.STA:COFER(7.0.1),R,G001,AFXRA,CI_CHF,SHRO_PT,Q,2021-Q3,0.187110280699676,0,,,,CHF,,,SHRO,PT,O,,
dataflow,IMF.STA:COFER(7.0.1),R,G001,AFXRA,CI_CHF,SHRO_PT,Q,2021-Q4,0.1622087468745,0,,,,CHF,,,SHRO,PT,O,,
dataflow,IMF.STA:COFER(7.0.1),R,G001,AFXRA,CI_CHF,SHRO_PT,Q,2022-Q1,0.240077540278435,0,,,,CHF,,,SHRO,PT,O,,
dataflow,IMF.STA:COFER(7.0.1),R,G001,AFXRA,CI_CHF,SHRO_PT,Q,2022-Q2,0.233059018850327,0,,,,CHF,,,SHRO,PT,O,,
dataflow,IMF.STA:COFER(7.0.1),R,G001,AFXRA,CI_CHF,SHRO_PT,Q,2022-Q3,0.219346597790718,0,,,,CHF,,,SHRO,PT,O,,
dataflow,IMF.STA:COFER(7.0.1),R,G001,AFXRA,CI_CHF,SHRO_PT,Q,2022-Q4,0.219918146729469,0,,,,CHF,,,SHRO,PT,O,,
dataflow,IMF.STA:COFER(7.0.1),R,G001,AFXRA,CI_CHF,SHRO_PT,Q,2023-Q1,0.257557660341263,0,,,,CHF,,,SHRO,PT,O,,
dataflow,IMF.STA:COFER(7.0.1),R,G001,AFXRA,CI_CHF,SHRO_PT,Q,2023-Q2,0.194501668214798,0,,,,CHF,,,SHRO,PT,O,,
dataflow,IMF.STA:COFER(7.0.1),R,G001,AFXRA,CI_CHF,SHRO_PT,Q,2023-Q3,0.18927127122879,0,,,,CHF,,,SHRO,PT,O,,
dataflow,IMF.STA:COFER(7.0.1),R,G001,AFXRA,CI_CHF,SHRO_PT,Q,2023-Q4,0.199402883648872,0,,,,CHF,,,SHRO,PT,O,,
dataflow,IMF.STA:COFER(7.0.1),R,G001,AFXRA,CI_CHF,SHRO_PT,Q,2024-Q1,0.196636602282524,0,,,,CHF,,,SHRO,PT,O,,
dataflow,IMF.STA:COFER(7.0.1),R,G001,AFXRA,CI_CHF,SHRO_PT,Q,2024-Q2,0.197607830166817,0,,,,CHF,,,SHRO,PT,O,,
dataflow,IMF.STA:COFER(7.0.1),R,G001,AFXRA,CI_CHF,SHRO_PT,Q,2024-Q3,0.19753597676754,0,,,,CHF,,,SHRO,PT,O,,
dataflow,IMF.STA:COFER(7.0.1),R,G001,AFXRA,CI_CHF,SHRO_PT,Q,2024-Q4,0.219250112771988,0,,,,CHF,,,SHRO,PT,O,,
dataflow,IMF.STA:COFER(7.0.1),R,G001,AFXRA,CI_CHF,SHRO_PT,Q,2025-Q1,0.227734461426735,0,,,,CHF,,,SHRO,PT,O,,
dataflow,IMF.STA:COFER(7.0.1),R,G001,AFXRA,CI_CHF,SHRO_PT,Q,2025-Q2,0.21752367913723,0,,,,CHF,,,SHRO,PT,O,,
dataflow,IMF.STA:COFER(7.0.1),R,G001,AFXRA,CI_CHF,SHRO_PT,Q,2025-Q3,0.221894979476929,0,,,,CHF,,,SHRO,PT,O,,
dataflow,IMF.STA:COFER(7.0.1),R,G001,AFXRA,CI_CHF,SHRO_PT,Q,2025-Q4,0.228164255619049,0,,,,CHF,,,SHRO,PT,O,,
dataflow,IMF.STA:COFER(7.0.1),R,G001,AFXRA,CI_CHF,SHRO_PT,Q,2026-Q1,0.244429707527161,0,,,,CHF,,,SHRO,PT,O,,
dataflow,IMF.STA:COFER(7.0.1),R,G001,AFXRA,CI_CNY,NV_USD,A,2016,106876710370,6,,,,CNY,CO,NV,,USD,O,,
dataflow,IMF.STA:COFER(7.0.1),R,G001,AFXRA,CI_CNY,NV_USD,A,2017,140712745510,6,,,,CNY,CO,NV,,USD,O,,
dataflow,IMF.STA:COFER(7.0.1),R,G001,AFXRA,CI_CNY,NV_USD,A,2018,223820493668.014,6,,,,CNY,CO,NV,,USD,O,,
dataflow,IMF.STA:COFER(7.0.1),R,G001,AFXRA,CI_CNY,NV_USD,A,2019,239353954793.862,6,,,,CNY,CO,NV,,USD,O,,
dataflow,IMF.STA:COFER(7.0.1),R,G001,AFXRA,CI_CNY,NV_USD,A,2020,294824810395.082,6,,,,CNY,CO,NV,,USD,O,,
dataflow,IMF.STA:COFER(7.0.1),R,G001,AFXRA,CI_CNY,NV_USD,A,2021,368264229937.178,6,,,,CNY,CO,NV,,USD,O,,
dataflow,IMF.STA:COFER(7.0.1),R,G001,AFXRA,CI_CNY,NV_USD,A,2022,303112537676.202,6,,,,CNY,CO,NV,,USD,O,,
dataflow,IMF.STA:COFER(7.0.1),R,G001,AFXRA,CI_CNY,NV_USD,A,2023,287991128142.53,6,,,,CNY,CO,NV,,USD,O,,
dataflow,IMF.STA:COFER(7.0.1),R,G001,AFXRA,CI_CNY,NV_USD,A,2024,254643469471.343,6,,,,CNY,CO,NV,,USD,O,,
dataflow,IMF.STA:COFER(7.0.1),R,G001,AFXRA,CI_CNY,NV_USD,A,2025,256995176317.892,6,,,,CNY,CO,NV,,USD,O,,
dataflow,IMF.STA:COFER(7.0.1),R,G001,AFXRA,CI_CNY,NV_USD,Q,2016-Q4,106876710370,6,,,,CNY,CO,NV,,USD,O,,
dataflow,IMF.STA:COFER(7.0.1),R,G001,AFXRA,CI_CNY,NV_USD,Q,2017-Q1,112384834870,6,,,,CNY,CO,NV,,USD,O,,
dataflow,IMF.STA:COFER(7.0.1),R,G001,AFXRA,CI_CNY,NV_USD,Q,2017-Q2,115627905810,6,,,,CNY,CO,NV,,USD,O,,
dataflow,IMF.STA:COFER(7.0.1),R,G001,AFXRA,CI_CNY,NV_USD,Q,2017-Q3,123928688030,6,,,,CNY,CO,NV,,USD,O,,
dataflow,IMF.STA:COFER(7.0.1),R,G001,AFXRA,CI_CNY,NV_USD,Q,2017-Q4,140712745510,6,,,,CNY,CO,NV,,USD,O,,
dataflow,IMF.STA:COFER(7.0.1),R,G001,AFXRA,CI_CNY,NV_USD,Q,2018-Q1,169429909240,6,,,,CNY,CO,NV,,USD,O,,
dataflow,IMF.STA:COFER(7.0.1),R,G001,AFXRA,CI_CNY,NV_USD,Q,2018-Q2,219094874530,6,,,,CNY,CO,NV,,USD,O,,
dataflow,IMF.STA:COFER(7.0.1),R,G001,AFXRA,CI_CNY,NV_USD,Q,2018-Q3,213379435556.459,6,,,,CNY,CO,NV,,USD,O,,
dataflow,IMF.STA:COFER(7.0.1),R,G001,AFXRA,CI_CNY,NV_USD,Q,2018-Q4,223820493668.014,6,,,,CNY,CO,NV,,USD,O,,
dataflow,IMF.STA:COFER(7.0.1),R,G001,AFXRA,CI_CNY,NV_USD,Q,2019-Q1,230050132393.582,6,,,,CNY,CO,NV,,USD,O,,
dataflow,IMF.STA:COFER(7.0.1),R,G001,AFXRA,CI_CNY,NV_USD,Q,2019-Q2,232074367256.232,6,,,,CNY,CO,NV,,USD,O,,
dataflow,IMF.STA:COFER(7.0.1),R,G001,AFXRA,CI_CNY,NV_USD,Q,2019-Q3,233263883721.223,6,,,,CNY,CO,NV,,USD,O,,
dataflow,IMF.STA:COFER(7.0.1),R,G001,AFXRA,CI_CNY,NV_USD,Q,2019-Q4,239353954793.862,6,,,,CNY,CO,NV,,USD,O,,
dataflow,IMF.STA:COFER(7.0.1),R,G001,AFXRA,CI_CNY,NV_USD,Q,2020-Q1,238553294928.516,6,,,,CNY,CO,NV,,USD,O,,
dataflow,IMF.STA:COFER(7.0.1),R,G001,AFXRA,CI_CNY,NV_USD,Q,2020-Q2,252290136823.83,6,,,,CNY,CO,NV,,USD,O,,
dataflow,IMF.STA:COFER(7.0.1),R,G001,AFXRA,CI_CNY,NV_USD,Q,2020-Q3,268705444491.931,6,,,,CNY,CO,NV,,USD,O,,
dataflow,IMF.STA:COFER(7.0.1),R,G001,AFXRA,CI_CNY,NV_USD,Q,2020-Q4,294824810395.082,6,,,,CNY,CO,NV,,USD,O,,
dataflow,IMF.STA:COFER(7.0.1),R,G001,AFXRA,CI_CNY,NV_USD,Q,2021-Q1,317269268654.91,6,,,,CNY,CO,NV,,USD,O,,
dataflow,IMF.STA:COFER(7.0.1),R,G001,AFXRA,CI_CNY,NV_USD,Q,2021-Q2,339092715470.22,6,,,,CNY,CO,NV,,USD,O,,
dataflow,IMF.STA:COFER(7.0.1),R,G001,AFXRA,CI_CNY,NV_USD,Q,2021-Q3,347942077367.857,6,,,,CNY,CO,NV,,USD,O,,
dataflow,IMF.STA:COFER(7.0.1),R,G001,AFXRA,CI_CNY,NV_USD,Q,2021-Q4,368264229937.178,6,,,,CNY,CO,NV,,USD,O,,
dataflow,IMF.STA:COFER(7.0.1),R,G001,AFXRA,CI_CNY,NV_USD,Q,2022-Q1,356473876664.848,6,,,,CNY,CO,NV,,USD,O,,
dataflow,IMF.STA:COFER(7.0.1),R,G001,AFXRA,CI_CNY,NV_USD,Q,2022-Q2,332975207677.373,6,,,,CNY,CO,NV,,USD,O,,
dataflow,IMF.STA:COFER(7.0.1),R,G001,AFXRA,CI_CNY,NV_USD,Q,2022-Q3,300905281503.587,6,,,,CNY,CO,NV,,USD,O,,
dataflow,IMF.STA:COFER(7.0.1),R,G001,AFXRA,CI_CNY,NV_USD,Q,2022-Q4,303112537676.202,6,,,,CNY,CO,NV,,USD,O,,
dataflow,IMF.STA:COFER(7.0.1),R,G001,AFXRA,CI_CNY,NV_USD,Q,2023-Q1,312875457115.469,6,,,,CNY,CO,NV,,USD,O,,
dataflow,IMF.STA:COFER(7.0.1),R,G001,AFXRA,CI_CNY,NV_USD,Q,2023-Q2,297677270520.502,6,,,,CNY,CO,NV,,USD,O,,
dataflow,IMF.STA:COFER(7.0.1),R,G001,AFXRA,CI_CNY,NV_USD,Q,2023-Q3,287832200658.413,6,,,,CNY,CO,NV,,USD,O,,
dataflow,IMF.STA:COFER(7.0.1),R,G001,AFXRA,CI_CNY,NV_USD,Q,2023-Q4,287991128142.53,6,,,,CNY,CO,NV,,USD,O,,
dataflow,IMF.STA:COFER(7.0.1),R,G001,AFXRA,CI_CNY,NV_USD,Q,2024-Q1,263937303974.705,6,,,,CNY,CO,NV,,USD,O,,
dataflow,IMF.STA:COFER(7.0.1),R,G001,AFXRA,CI_CNY,NV_USD,Q,2024-Q2,255709414278.755,6,,,,CNY,CO,NV,,USD,O,,
dataflow,IMF.STA:COFER(7.0.1),R,G001,AFXRA,CI_CNY,NV_USD,Q,2024-Q3,269410068687.974,6,,,,CNY,CO,NV,,USD,O,,
dataflow,IMF.STA:COFER(7.0.1),R,G001,AFXRA,CI_CNY,NV_USD,Q,2024-Q4,254643469471.343,6,,,,CNY,CO,NV,,USD,O,,
dataflow,IMF.STA:COFER(7.0.1),R,G001,AFXRA,CI_CNY,NV_USD,Q,2025-Q1,245529673807.255,6,,,,CNY,CO,NV,,USD,O,,
dataflow,IMF.STA:COFER(7.0.1),R,G001,AFXRA,CI_CNY,NV_USD,Q,2025-Q2,255893826465.059,6,,,,CNY,CO,NV,,USD,O,,
dataflow,IMF.STA:COFER(7.0.1),R,G001,AFXRA,CI_CNY,NV_USD,Q,2025-Q3,253725216724.873,6,,,,CNY,CO,NV,,USD,O,,
dataflow,IMF.STA:COFER(7.0.1),R,G001,AFXRA,CI_CNY,NV_USD,Q,2025-Q4,256995176317.892,6,,,,CNY,CO,NV,,USD,O,,
dataflow,IMF.STA:COFER(7.0.1),R,G001,AFXRA,CI_CNY,NV_USD,Q,2026-Q1,260138119155.243,6,,,,CNY,CO,NV,,USD,O,,
dataflow,IMF.STA:COFER(7.0.1),R,G001,AFXRA,CI_CNY,SHRO_PT,A,2016,0.9972309,0,,,,CNY,,,SHRO,PT,O,,
dataflow,IMF.STA:COFER(7.0.1),R,G001,AFXRA,CI_CNY,SHRO_PT,A,2017,1.229718,0,,,,CNY,,,SHRO,PT,O,,
dataflow,IMF.STA:COFER(7.0.1),R,G001,AFXRA,CI_CNY,SHRO_PT,A,2018,1.95951157951522,0,,,,CNY,,,SHRO,PT,O,,
dataflow,IMF.STA:COFER(7.0.1),R,G001,AFXRA,CI_CNY,SHRO_PT,A,2019,2.0257803934342,0,,,,CNY,,,SHRO,PT,O,,
dataflow,IMF.STA:COFER(7.0.1),R,G001,AFXRA,CI_CNY,SHRO_PT,A,2020,2.32256473532254,0,,,,CNY,,,SHRO,PT,O,,
dataflow,IMF.STA:COFER(7.0.1),R,G001,AFXRA,CI_CNY,SHRO_PT,A,2021,2.85163846002599,0,,,,CNY,,,SHRO,PT,O,,
dataflow,IMF.STA:COFER(7.0.1),R,G001,AFXRA,CI_CNY,SHRO_PT,A,2022,2.5504949092865,0,,,,CNY,,,SHRO,PT,O,,
dataflow,IMF.STA:COFER(7.0.1),R,G001,AFXRA,CI_CNY,SHRO_PT,A,2023,2.33853340148926,0,,,,CNY,,,SHRO,PT,O,,
dataflow,IMF.STA:COFER(7.0.1),R,G001,AFXRA,CI_CNY,SHRO_PT,A,2024,2.06520581245422,0,,,,CNY,,,SHRO,PT,O,,
dataflow,IMF.STA:COFER(7.0.1),R,G001,AFXRA,CI_CNY,SHRO_PT,A,2025,1.95483195781708,0,,,,CNY,,,SHRO,PT,O,,
dataflow,IMF.STA:COFER(7.0.1),R,G001,AFXRA,CI_CNY,SHRO_PT,Q,2016-Q4,0.9972309,0,,,,CNY,,,SHRO,PT,O,,
dataflow,IMF.STA:COFER(7.0.1),R,G001,AFXRA,CI_CNY,SHRO_PT,Q,2017-Q1,1.031083,0,,,,CNY,,,SHRO,PT,O,,
dataflow,IMF.STA:COFER(7.0.1),R,G001,AFXRA,CI_CNY,SHRO_PT,Q,2017-Q2,1.0400895,0,,,,CNY,,,SHRO,PT,O,,
dataflow,IMF.STA:COFER(7.0.1),R,G001,AFXRA,CI_CNY,SHRO_PT,Q,2017-Q3,1.0974784,0,,,,CNY,,,SHRO,PT,O,,
dataflow,IMF.STA:COFER(7.0.1),R,G001,AFXRA,CI_CNY,SHRO_PT,Q,2017-Q4,1.229718,0,,,,CNY,,,SHRO,PT,O,,
dataflow,IMF.STA:COFER(7.0.1),R,G001,AFXRA,CI_CNY,SHRO_PT,Q,2018-Q1,1.460129,0,,,,CNY,,,SHRO,PT,O,,
dataflow,IMF.STA:COFER(7.0.1),R,G001,AFXRA,CI_CNY,SHRO_PT,Q,2018-Q2,1.9115272,0,,,,CNY,,,SHRO,PT,O,,
dataflow,IMF.STA:COFER(7.0.1),R,G001,AFXRA,CI_CNY,SHRO_PT,Q,2018-Q3,1.87205809668787,0,,,,CNY,,,SHRO,PT,O,,
dataflow,IMF.STA:COFER(7.0.1),R,G001,AFXRA,CI_CNY,SHRO_PT,Q,2018-Q4,1.95951157951522,0,,,,CNY,,,SHRO,PT,O,,
dataflow,IMF.STA:COFER(7.0.1),R,G001,AFXRA,CI_CNY,SHRO_PT,Q,2019-Q1,1.98283390379703,0,,,,CNY,,,SHRO,PT,O,,
dataflow,IMF.STA:COFER(7.0.1),R,G001,AFXRA,CI_CNY,SHRO_PT,Q,2019-Q2,1.97848021324259,0,,,,CNY,,,SHRO,PT,O,,
dataflow,IMF.STA:COFER(7.0.1),R,G001,AFXRA,CI_CNY,SHRO_PT,Q,2019-Q3,2.00322568415245,0,,,,CNY,,,SHRO,PT,O,,
dataflow,IMF.STA:COFER(7.0.1),R,G001,AFXRA,CI_CNY,SHRO_PT,Q,2019-Q4,2.0257803934342,0,,,,CNY,,,SHRO,PT,O,,
dataflow,IMF.STA:COFER(7.0.1),R,G001,AFXRA,CI_CNY,SHRO_PT,Q,2020-Q1,2.04107031907819,0,,,,CNY,,,SHRO,PT,O,,
dataflow,IMF.STA:COFER(7.0.1),R,G001,AFXRA,CI_CNY,SHRO_PT,Q,2020-Q2,2.09935522363852,0,,,,CNY,,,SHRO,PT,O,,
dataflow,IMF.STA:COFER(7.0.1),R,G001,AFXRA,CI_CNY,SHRO_PT,Q,2020-Q3,2.1946008104725,0,,,,CNY,,,SHRO,PT,O,,
dataflow,IMF.STA:COFER(7.0.1),R,G001,AFXRA,CI_CNY,SHRO_PT,Q,2020-Q4,2.32256473532254,0,,,,CNY,,,SHRO,PT,O,,
dataflow,IMF.STA:COFER(7.0.1),R,G001,AFXRA,CI_CNY,SHRO_PT,Q,2021-Q1,2.52408322261994,0,,,,CNY,,,SHRO,PT,O,,
dataflow,IMF.STA:COFER(7.0.1),R,G001,AFXRA,CI_CNY,SHRO_PT,Q,2021-Q2,2.64980314646918,0,,,,CNY,,,SHRO,PT,O,,
dataflow,IMF.STA:COFER(7.0.1),R,G001,AFXRA,CI_CNY,SHRO_PT,Q,2021-Q3,2.71344940265246,0,,,,CNY,,,SHRO,PT,O,,
dataflow,IMF.STA:COFER(7.0.1),R,G001,AFXRA,CI_CNY,SHRO_PT,Q,2021-Q4,2.85163846002599,0,,,,CNY,,,SHRO,PT,O,,
dataflow,IMF.STA:COFER(7.0.1),R,G001,AFXRA,CI_CNY,SHRO_PT,Q,2022-Q1,2.84937262535095,0,,,,CNY,,,SHRO,PT,O,,
dataflow,IMF.STA:COFER(7.0.1),R,G001,AFXRA,CI_CNY,SHRO_PT,Q,2022-Q2,2.78056025505066,0,,,,CNY,,,SHRO,PT,O,,
dataflow,IMF.STA:COFER(7.0.1),R,G001,AFXRA,CI_CNY,SHRO_PT,Q,2022-Q3,2.61338138580322,0,,,,CNY,,,SHRO,PT,O,,
dataflow,IMF.STA:COFER(7.0.1),R,G001,AFXRA,CI_CNY,SHRO_PT,Q,2022-Q4,2.5504949092865,0,,,,CNY,,,SHRO,PT,O,,
dataflow,IMF.STA:COFER(7.0.1),R,G001,AFXRA,CI_CNY,SHRO_PT,Q,2023-Q1,2.60709095001221,0,,,,CNY,,,SHRO,PT,O,,
dataflow,IMF.STA:COFER(7.0.1),R,G001,AFXRA,CI_CNY,SHRO_PT,Q,2023-Q2,2.47479271888733,0,,,,CNY,,,SHRO,PT,O,,
dataflow,IMF.STA:COFER(7.0.1),R,G001,AFXRA,CI_CNY,SHRO_PT,Q,2023-Q3,2.43515157699585,0,,,,CNY,,,SHRO,PT,O,,
dataflow,IMF.STA:COFER(7.0.1),R,G001,AFXRA,CI_CNY,SHRO_PT,Q,2023-Q4,2.33853340148926,0,,,,CNY,,,SHRO,PT,O,,
dataflow,IMF.STA:COFER(7.0.1),R,G001,AFXRA,CI_CNY,SHRO_PT,Q,2024-Q1,2.1372013092041,0,,,,CNY,,,SHRO,PT,O,,
dataflow,IMF.STA:COFER(7.0.1),R,G001,AFXRA,CI_CNY,SHRO_PT,Q,2024-Q2,2.07641768455505,0,,,,CNY,,,SHRO,PT,O,,
dataflow,IMF.STA:COFER(7.0.1),R,G001,AFXRA,CI_CNY,SHRO_PT,Q,2024-Q3,2.11684799194336,0,,,,CNY,,,SHRO,PT,O,,
dataflow,IMF.STA:COFER(7.0.1),R,G001,AFXRA,CI_CNY,SHRO_PT,Q,2024-Q4,2.06520581245422,0,,,,CNY,,,SHRO,PT,O,,
dataflow,IMF.STA:COFER(7.0.1),R,G001,AFXRA,CI_CNY,SHRO_PT,Q,2025-Q1,1.96417593955994,0,,,,CNY,,,SHRO,PT,O,,
dataflow,IMF.STA:COFER(7.0.1),R,G001,AFXRA,CI_CNY,SHRO_PT,Q,2025-Q2,1.97738122940064,0,,,,CNY,,,SHRO,PT,O,,
dataflow,IMF.STA:COFER(7.0.1),R,G001,AFXRA,CI_CNY,SHRO_PT,Q,2025-Q3,1.94664740562439,0,,,,CNY,,,SHRO,PT,O,,
dataflow,IMF.STA:COFER(7.0.1),R,G001,AFXRA,CI_CNY,SHRO_PT,Q,2025-Q4,1.95483195781708,0,,,,CNY,,,SHRO,PT,O,,
dataflow,IMF.STA:COFER(7.0.1),R,G001,AFXRA,CI_CNY,SHRO_PT,Q,2026-Q1,1.98504495620728,0,,,,CNY,,,SHRO,PT,O,,
dataflow,IMF.STA:COFER(7.0.1),R,G001,AFXRA,CI_DEM,NV_USD,A,1995,163071770033,6,,,,DEM,CO,NV,,USD,O,,
dataflow,IMF.STA:COFER(7.0.1),R,G001,AFXRA,CI_DEM,NV_USD,A,1996,179909387000,6,,,,DEM,CO,NV,,USD,O,,
dataflow,IMF.STA:COFER(7.0.1),R,G001,AFXRA,CI_DEM,NV_USD,A,1997,184338294000,6,,,,DEM,CO,NV,,USD,O,,
dataflow,IMF.STA:COFER(7.0.1),R,G001,AFXRA,CI_DEM,NV_USD,A,1998,176950800031.493,6,,,,DEM,CO,NV,,USD,O,,
dataflow,IMF.STA:COFER(7.0.1),R,G001,AFXRA,CI_DEM,SHRO_PT,A,1995,15.7531242427723,0,,,,DEM,,,SHRO,PT,O,,
dataflow,IMF.STA:COFER(7.0.1),R,G001,AFXRA,CI_DEM,SHRO_PT,A,1996,14.6720706110709,0,,,,DEM,,,SHRO,PT,O,,
dataflow,IMF.STA:COFER(7.0.1),R,G001,AFXRA,CI_DEM,SHRO_PT,A,1997,14.477475800118,0,,,,DEM,,,SHRO,PT,O,,
dataflow,IMF.STA:COFER(7.0.1),R,G001,AFXRA,CI_DEM,SHRO_PT,A,1998,13.7942475413556,0,,,,DEM,,,SHRO,PT,O,,
dataflow,IMF.STA:COFER(7.0.1),R,G001,AFXRA,CI_ECU,NV_USD,A,1995,88288010000,6,,,,ECU,CO,NV,,USD,O,,
dataflow,IMF.STA:COFER(7.0.1),R,G001,AFXRA,CI_ECU,NV_USD,A,1996,86836700000,6,,,,ECU,CO,NV,,USD,O,,
dataflow,IMF.STA:COFER(7.0.1),R,G001,AFXRA,CI_ECU,NV_USD,A,1997,77322150000,6,,,,ECU,CO,NV,,USD,O,,
dataflow,IMF.STA:COFER(7.0.1),R,G001,AFXRA,CI_ECU,NV_USD,A,1998,16637380000,6,,,,ECU,CO,NV,,USD,O,,
dataflow,IMF.STA:COFER(7.0.1),R,G001,AFXRA,CI_ECU,SHRO_PT,A,1995,8.52883359514445,0,,,,ECU,,,SHRO,PT,O,,
dataflow,IMF.STA:COFER(7.0.1),R,G001,AFXRA,CI_ECU,SHRO_PT,A,1996,7.08175496163735,0,,,,ECU,,,SHRO,PT,O,,
dataflow,IMF.STA:COFER(7.0.1),R,G001,AFXRA,CI_ECU,SHRO_PT,A,1997,6.0726913065502,0,,,,ECU,,,SHRO,PT,O,,
dataflow,IMF.STA:COFER(7.0.1),R,G001,AFXRA,CI_ECU,SHRO_PT,A,1998,1.2969714639253,0,,,,ECU,,,SHRO,PT,O,,
dataflow,IMF.STA:COFER(7.0.1),R,G001,AFXRA,CI_EUR,NV_USD,A,1999,246950496655.992,6,,,,EUR,CO,NV,,USD,O,,
dataflow,IMF.STA:COFER(7.0.1),R,G001,AFXRA,CI_EUR,NV_USD,A,2000,338918134136.294,6,,,,EUR,CO,NV,,USD,O,,
dataflow,IMF.STA:COFER(7.0.1),R,G001,AFXRA,CI_EUR,NV_USD,A,2001,379290717048.307,6,,,,EUR,CO,NV,,USD,O,,
dataflow,IMF.STA:COFER(7.0.1),R,G001,AFXRA,CI_EUR,NV_USD,A,2002,555199436111.847,6,,,,EUR,CO,NV,,USD,O,,
dataflow,IMF.STA:COFER(7.0.1),R,G001,AFXRA,CI_EUR,NV_USD,A,2003,703419798770.967,6,,,,EUR,CO,NV,,USD,O,,
dataflow,IMF.STA:COFER(7.0.1),R,G001,AFXRA,CI_EUR,NV_USD,A,2004,873466113066.413,6,,,,EUR,CO,NV,,USD,O,,
dataflow,IMF.STA:COFER(7.0.1),R,G001,AFXRA,CI_EUR,NV_USD,A,2005,954441095801.478,6,,,,EUR,CO,NV,,USD,O,,
dataflow,IMF.STA:COFER(7.0.1),R,G001,AFXRA,CI_EUR,NV_USD,A,2006,1197834919111.86,6,,,,EUR,CO,NV,,USD,O,,
dataflow,IMF.STA:COFER(7.0.1),R,G001,AFXRA,CI_EUR,NV_USD,A,2007,1564998522686.73,6,,,,EUR,CO,NV,,USD,O,,
dataflow,IMF.STA:COFER(7.0.1),R,G001,AFXRA,CI_EUR,NV_USD,A,2008,1722013962377.98,6,,,,EUR,CO,NV,,USD,O,,
dataflow,IMF.STA:COFER(7.0.1),R,G001,AFXRA,CI_EUR,NV_USD,A,2009,1966218239188.37,6,,,,EUR,CO,NV,,USD,O,,
dataflow,IMF.STA:COFER(7.0.1),R,G001,AFXRA,CI_EUR,NV_USD,A,2010,2126737785675.78,6,,,,EUR,CO,NV,,USD,O,,
dataflow,IMF.STA:COFER(7.0.1),R,G001,AFXRA,CI_EUR,NV_USD,A,2011,2221784887536.35,6,,,,EUR,CO,NV,,USD,O,,
dataflow,IMF.STA:COFER(7.0.1),R,G001,AFXRA,CI_EUR,NV_USD,A,2012,2351759647925.82,6,,,,EUR,CO,NV,,USD,O,,
dataflow,IMF.STA:COFER(7.0.1),R,G001,AFXRA,CI_EUR,NV_USD,A,2013,2512914969836.5,6,,,,EUR,CO,NV,,USD,O,,
dataflow,IMF.STA:COFER(7.0.1),R,G001,AFXRA,CI_EUR,NV_USD,A,2014,2373228257070.91,6,,,,EUR,CO,NV,,USD,O,,
dataflow,IMF.STA:COFER(7.0.1),R,G001,AFXRA,CI_EUR,NV_USD,A,2015,2119355476120,6,,,,EUR,CO,NV,,USD,O,,
dataflow,IMF.STA:COFER(7.0.1),R,G001,AFXRA,CI_EUR,NV_USD,A,2016,2028548474730,6,,,,EUR,CO,NV,,USD,O,,
dataflow,IMF.STA:COFER(7.0.1),R,G001,AFXRA,CI_EUR,NV_USD,A,2017,2265390359800,6,,,,EUR,CO,NV,,USD,O,,
dataflow,IMF.STA:COFER(7.0.1),R,G001,AFXRA,CI_EUR,NV_USD,A,2018,2287938885628.34,6,,,,EUR,CO,NV,,USD,O,,
dataflow,IMF.STA:COFER(7.0.1),R,G001,AFXRA,CI_EUR,NV_USD,A,2019,2342353466200.82,6,,,,EUR,CO,NV,,USD,O,,
dataflow,IMF.STA:COFER(7.0.1),R,G001,AFXRA,CI_EUR,NV_USD,A,2020,2609668740231.57,6,,,,EUR,CO,NV,,USD,O,,
dataflow,IMF.STA:COFER(7.0.1),R,G001,AFXRA,CI_EUR,NV_USD,A,2021,2558983744830.01,6,,,,EUR,CO,NV,,USD,O,,
dataflow,IMF.STA:COFER(7.0.1),R,G001,AFXRA,CI_EUR,NV_USD,A,2022,2344771873605.8,6,,,,EUR,CO,NV,,USD,O,,
dataflow,IMF.STA:COFER(7.0.1),R,G001,AFXRA,CI_EUR,NV_USD,A,2023,2365617474294.95,6,,,,EUR,CO,NV,,USD,O,,
dataflow,IMF.STA:COFER(7.0.1),R,G001,AFXRA,CI_EUR,NV_USD,A,2024,2331670999542.63,6,,,,EUR,CO,NV,,USD,O,,
dataflow,IMF.STA:COFER(7.0.1),R,G001,AFXRA,CI_EUR,NV_USD,A,2025,2679437249294.71,6,,,,EUR,CO,NV,,USD,O,,
dataflow,IMF.STA:COFER(7.0.1),R,G001,AFXRA,CI_EUR,NV_USD,Q,1999-Q1,224608504431.04,6,,,,EUR,CO,NV,,USD,O,,
dataflow,IMF.STA:COFER(7.0.1),R,G001,AFXRA,CI_EUR,NV_USD,Q,1999-Q2,223853655662.4,6,,,,EUR,CO,NV,,USD,O,,
dataflow,IMF.STA:COFER(7.0.1),R,G001,AFXRA,CI_EUR,NV_USD,Q,1999-Q3,242702355031.22,6,,,,EUR,CO,NV,,USD,O,,
dataflow,IMF.STA:COFER(7.0.1),R,G001,AFXRA,CI_EUR,NV_USD,Q,1999-Q4,246950496655.992,6,,,,EUR,CO,NV,,USD,O,,
dataflow,IMF.STA:COFER(7.0.1),R,G001,AFXRA,CI_EUR,NV_USD,Q,2000-Q1,297939516535.156,6,,,,EUR,CO,NV,,USD,O,,
dataflow,IMF.STA:COFER(7.0.1),R,G001,AFXRA,CI_EUR,NV_USD,Q,2000-Q2,309563569010.718,6,,,,EUR,CO,NV,,USD,O,,
dataflow,IMF.STA:COFER(7.0.1),R,G001,AFXRA,CI_EUR,NV_USD,Q,2000-Q3,306925068641.001,6,,,,EUR,CO,NV,,USD,O,,
dataflow,IMF.STA:COFER(7.0.1),R,G001,AFXRA,CI_EUR,NV_USD,Q,2000-Q4,338918134136.294,6,,,,EUR,CO,NV,,USD,O,,
dataflow,IMF.STA:COFER(7.0.1),R,G001,AFXRA,CI_EUR,NV_USD,Q,2001-Q1,333212584650.388,6,,,,EUR,CO,NV,,USD,O,,
dataflow,IMF.STA:COFER(7.0.1),R,G001,AFXRA,CI_EUR,NV_USD,Q,2001-Q2,333446213309.199,6,,,,EUR,CO,NV,,USD,O,,
dataflow,IMF.STA:COFER(7.0.1),R,G001,AFXRA,CI_EUR,NV_USD,Q,2001-Q3,366636564870.473,6,,,,EUR,CO,NV,,USD,O,,
dataflow,IMF.STA:COFER(7.0.1),R,G001,AFXRA,CI_EUR,NV_USD,Q,2001-Q4,379290717048.307,6,,,,EUR,CO,NV,,USD,O,,
dataflow,IMF.STA:COFER(7.0.1),R,G001,AFXRA,CI_EUR,NV_USD,Q,2002-Q1,398762149987.151,6,,,,EUR,CO,NV,,USD,O,,
dataflow,IMF.STA:COFER(7.0.1),R,G001,AFXRA,CI_EUR,NV_USD,Q,2002-Q2,451908274940.802,6,,,,EUR,CO,NV,,USD,O,,
dataflow,IMF.STA:COFER(7.0.1),R,G001,AFXRA,CI_EUR,NV_USD,Q,2002-Q3,491325616506.282,6,,,,EUR,CO,NV,,USD,O,,
dataflow,IMF.STA:COFER(7.0.1),R,G001,AFXRA,CI_EUR,NV_USD,Q,2002-Q4,555199436111.847,6,,,,EUR,CO,NV,,USD,O,,
dataflow,IMF.STA:COFER(7.0.1),R,G001,AFXRA,CI_EUR,NV_USD,Q,2003-Q1,570737030409.681,6,,,,EUR,CO,NV,,USD,O,,
dataflow,IMF.STA:COFER(7.0.1),R,G001,AFXRA,CI_EUR,NV_USD,Q,2003-Q2,620966591215.667,6,,,,EUR,CO,NV,,USD,O,,
dataflow,IMF.STA:COFER(7.0.1),R,G001,AFXRA,CI_EUR,NV_USD,Q,2003-Q3,646324137805.873,6,,,,EUR,CO,NV,,USD,O,,
dataflow,IMF.STA:COFER(7.0.1),R,G001,AFXRA,CI_EUR,NV_USD,Q,2003-Q4,703419798770.967,6,,,,EUR,CO,NV,,USD,O,,
dataflow,IMF.STA:COFER(7.0.1),R,G001,AFXRA,CI_EUR,NV_USD,Q,2004-Q1,722712013001.865,6,,,,EUR,CO,NV,,USD,O,,
dataflow,IMF.STA:COFER(7.0.1),R,G001,AFXRA,CI_EUR,NV_USD,Q,2004-Q2,732038131765.513,6,,,,EUR,CO,NV,,USD,O,,
dataflow,IMF.STA:COFER(7.0.1),R,G001,AFXRA,CI_EUR,NV_USD,Q,2004-Q3,769093272112.551,6,,,,EUR,CO,NV,,USD,O,,
dataflow,IMF.STA:COFER(7.0.1),R,G001,AFXRA,CI_EUR,NV_USD,Q,2004-Q4,873466113066.413,6,,,,EUR,CO,NV,,USD,O,,
dataflow,IMF.STA:COFER(7.0.1),R,G001,AFXRA,CI_EUR,NV_USD,Q,2005-Q1,915696130476.652,6,,,,EUR,CO,NV,,USD,O,,
dataflow,IMF.STA:COFER(7.0.1),R,G001,AFXRA,CI_EUR,NV_USD,Q,2005-Q2,924033886815.286,6,,,,EUR,CO,NV,,USD,O,,
dataflow,IMF.STA:COFER(7.0.1),R,G001,AFXRA,CI_EUR,NV_USD,Q,2005-Q3,937573247947.718,6,,,,EUR,CO,NV,,USD,O,,
dataflow,IMF.STA:COFER(7.0.1),R,G001,AFXRA,CI_EUR,NV_USD,Q,2005-Q4,954441095801.478,6,,,,EUR,CO,NV,,USD,O,,
dataflow,IMF.STA:COFER(7.0.1),R,G001,AFXRA,CI_EUR,NV_USD,Q,2006-Q1,1010690509506.48,6,,,,EUR,CO,NV,,USD,O,,
dataflow,IMF.STA:COFER(7.0.1),R,G001,AFXRA,CI_EUR,NV_USD,Q,2006-Q2,1078474280992.75,6,,,,EUR,CO,NV,,USD,O,,
dataflow,IMF.STA:COFER(7.0.1),R,G001,AFXRA,CI_EUR,NV_USD,Q,2006-Q3,1103026011838,6,,,,EUR,CO,NV,,USD,O,,
dataflow,IMF.STA:COFER(7.0.1),R,G001,AFXRA,CI_EUR,NV_USD,Q,2006-Q4,1197834919111.86,6,,,,EUR,CO,NV,,USD,O,,
dataflow,IMF.STA:COFER(7.0.1),R,G001,AFXRA,CI_EUR,NV_USD,Q,2007-Q1,1311661010853.89,6,,,,EUR,CO,NV,,USD,O,,
dataflow,IMF.STA:COFER(7.0.1),R,G001,AFXRA,CI_EUR,NV_USD,Q,2007-Q2,1366544711373.03,6,,,,EUR,CO,NV,,USD,O,,
dataflow,IMF.STA:COFER(7.0.1),R,G001,AFXRA,CI_EUR,NV_USD,Q,2007-Q3,1498286838271.28,6,,,,EUR,CO,NV,,USD,O,,
dataflow,IMF.STA:COFER(7.0.1),R,G001,AFXRA,CI_EUR,NV_USD,Q,2007-Q4,1564998522686.73,6,,,,EUR,CO,NV,,USD,O,,
dataflow,IMF.STA:COFER(7.0.1),R,G001,AFXRA,CI_EUR,NV_USD,Q,2008-Q1,1686303000266.37,6,,,,EUR,CO,NV,,USD,O,,
dataflow,IMF.STA:COFER(7.0.1),R,G001,AFXRA,CI_EUR,NV_USD,Q,2008-Q2,1740384493065.73,6,,,,EUR,CO,NV,,USD,O,,
dataflow,IMF.STA:COFER(7.0.1),R,G001,AFXRA,CI_EUR,NV_USD,Q,2008-Q3,1667604883167.84,6,,,,EUR,CO,NV,,USD,O,,
dataflow,IMF.STA:COFER(7.0.1),R,G001,AFXRA,CI_EUR,NV_USD,Q,2008-Q4,1722013962377.98,6,,,,EUR,CO,NV,,USD,O,,
dataflow,IMF.STA:COFER(7.0.1),R,G001,AFXRA,CI_EUR,NV_USD,Q,2009-Q1,1668005682808.88,6,,,,EUR,CO,NV,,USD,O,,
dataflow,IMF.STA:COFER(7.0.1),R,G001,AFXRA,CI_EUR,NV_USD,Q,2009-Q2,1823545370379.66,6,,,,EUR,CO,NV,,USD,O,,
dataflow,IMF.STA:COFER(7.0.1),R,G001,AFXRA,CI_EUR,NV_USD,Q,2009-Q3,1907563461233.7,6,,,,EUR,CO,NV,,USD,O,,
dataflow,IMF.STA:COFER(7.0.1),R,G001,AFXRA,CI_EUR,NV_USD,Q,2009-Q4,1966218239188.37,6,,,,EUR,CO,NV,,USD,O,,
dataflow,IMF.STA:COFER(7.0.1),R,G001,AFXRA,CI_EUR,NV_USD,Q,2010-Q1,1978259691212.69,6,,,,EUR,CO,NV,,USD,O,,
dataflow,IMF.STA:COFER(7.0.1),R,G001,AFXRA,CI_EUR,NV_USD,Q,2010-Q2,1939181695874.21,6,,,,EUR,CO,NV,,USD,O,,
dataflow,IMF.STA:COFER(7.0.1),R,G001,AFXRA,CI_EUR,NV_USD,Q,2010-Q3,2101771107620.03,6,,,,EUR,CO,NV,,USD,O,,
dataflow,IMF.STA:COFER(7.0.1),R,G001,AFXRA,CI_EUR,NV_USD,Q,2010-Q4,2126737785675.78,6,,,,EUR,CO,NV,,USD,O,,
dataflow,IMF.STA:COFER(7.0.1),R,G001,AFXRA,CI_EUR,NV_USD,Q,2011-Q1,2208928452757.09,6,,,,EUR,CO,NV,,USD,O,,
dataflow,IMF.STA:COFER(7.0.1),R,G001,AFXRA,CI_EUR,NV_USD,Q,2011-Q2,2310991513119.49,6,,,,EUR,CO,NV,,USD,O,,
dataflow,IMF.STA:COFER(7.0.1),R,G001,AFXRA,CI_EUR,NV_USD,Q,2011-Q3,2263955412259.5,6,,,,EUR,CO,NV,,USD,O,,
dataflow,IMF.STA:COFER(7.0.1),R,G001,AFXRA,CI_EUR,NV_USD,Q,2011-Q4,2221784887536.35,6,,,,EUR,CO,NV,,USD,O,,
dataflow,IMF.STA:COFER(7.0.1),R,G001,AFXRA,CI_EUR,NV_USD,Q,2012-Q1,2273477566444.08,6,,,,EUR,CO,NV,,USD,O,,
dataflow,IMF.STA:COFER(7.0.1),R,G001,AFXRA,CI_EUR,NV_USD,Q,2012-Q2,2304793063165.97,6,,,,EUR,CO,NV,,USD,O,,
dataflow,IMF.STA:COFER(7.0.1),R,G001,AFXRA,CI_EUR,NV_USD,Q,2012-Q3,2307012685154.17,6,,,,EUR,CO,NV,,USD,O,,
dataflow,IMF.STA:COFER(7.0.1),R,G001,AFXRA,CI_EUR,NV_USD,Q,2012-Q4,2351759647925.82,6,,,,EUR,CO,NV,,USD,O,,
dataflow,IMF.STA:COFER(7.0.1),R,G001,AFXRA,CI_EUR,NV_USD,Q,2013-Q1,2334010311480.32,6,,,,EUR,CO,NV,,USD,O,,
dataflow,IMF.STA:COFER(7.0.1),R,G001,AFXRA,CI_EUR,NV_USD,Q,2013-Q2,2357139915064.31,6,,,,EUR,CO,NV,,USD,O,,
dataflow,IMF.STA:COFER(7.0.1),R,G001,AFXRA,CI_EUR,NV_USD,Q,2013-Q3,2442357359152.44,6,,,,EUR,CO,NV,,USD,O,,
dataflow,IMF.STA:COFER(7.0.1),R,G001,AFXRA,CI_EUR,NV_USD,Q,2013-Q4,2512914969836.5,6,,,,EUR,CO,NV,,USD,O,,
dataflow,IMF.STA:COFER(7.0.1),R,G001,AFXRA,CI_EUR,NV_USD,Q,2014-Q1,2581034212834.39,6,,,,EUR,CO,NV,,USD,O,,
dataflow,IMF.STA:COFER(7.0.1),R,G001,AFXRA,CI_EUR,NV_USD,Q,2014-Q2,2591985002109.29,6,,,,EUR,CO,NV,,USD,O,,
dataflow,IMF.STA:COFER(7.0.1),R,G001,AFXRA,CI_EUR,NV_USD,Q,2014-Q3,2436134321548.63,6,,,,EUR,CO,NV,,USD,O,,
dataflow,IMF.STA:COFER(7.0.1),R,G001,AFXRA,CI_EUR,NV_USD,Q,2014-Q4,2373228257070.91,6,,,,EUR,CO,NV,,USD,O,,
dataflow,IMF.STA:COFER(7.0.1),R,G001,AFXRA,CI_EUR,NV_USD,Q,2015-Q1,2254273382011.9,6,,,,EUR,CO,NV,,USD,O,,
dataflow,IMF.STA:COFER(7.0.1),R,G001,AFXRA,CI_EUR,NV_USD,Q,2015-Q2,2261523066620,6,,,,EUR,CO,NV,,USD,O,,
dataflow,IMF.STA:COFER(7.0.1),R,G001,AFXRA,CI_EUR,NV_USD,Q,2015-Q3,2188787399880,6,,,,EUR,CO,NV,,USD,O,,
dataflow,IMF.STA:COFER(7.0.1),R,G001,AFXRA,CI_EUR,NV_USD,Q,2015-Q4,2119355476120,6,,,,EUR,CO,NV,,USD,O,,
dataflow,IMF.STA:COFER(7.0.1),R,G001,AFXRA,CI_EUR,NV_USD,Q,2016-Q1,2160632299470,6,,,,EUR,CO,NV,,USD,O,,
dataflow,IMF.STA:COFER(7.0.1),R,G001,AFXRA,CI_EUR,NV_USD,Q,2016-Q2,2134906329470,6,,,,EUR,CO,NV,,USD,O,,
dataflow,IMF.STA:COFER(7.0.1),R,G001,AFXRA,CI_EUR,NV_USD,Q,2016-Q3,2147892700720,6,,,,EUR,CO,NV,,USD,O,,
dataflow,IMF.STA:COFER(7.0.1),R,G001,AFXRA,CI_EUR,NV_USD,Q,2016-Q4,2028548474730,6,,,,EUR,CO,NV,,USD,O,,
dataflow,IMF.STA:COFER(7.0.1),R,G001,AFXRA,CI_EUR,NV_USD,Q,2017-Q1,2072017769350,6,,,,EUR,CO,NV,,USD,O,,
dataflow,IMF.STA:COFER(7.0.1),R,G001,AFXRA,CI_EUR,NV_USD,Q,2017-Q2,2188687806820,6,,,,EUR,CO,NV,,USD,O,,
dataflow,IMF.STA:COFER(7.0.1),R,G001,AFXRA,CI_EUR,NV_USD,Q,2017-Q3,2232663817450,6,,,,EUR,CO,NV,,USD,O,,
dataflow,IMF.STA:COFER(7.0.1),R,G001,AFXRA,CI_EUR,NV_USD,Q,2017-Q4,2265390359800,6,,,,EUR,CO,NV,,USD,O,,
dataflow,IMF.STA:COFER(7.0.1),R,G001,AFXRA,CI_EUR,NV_USD,Q,2018-Q1,2310578467080,6,,,,EUR,CO,NV,,USD,O,,
dataflow,IMF.STA:COFER(7.0.1),R,G001,AFXRA,CI_EUR,NV_USD,Q,2018-Q2,2246341277480,6,,,,EUR,CO,NV,,USD,O,,
dataflow,IMF.STA:COFER(7.0.1),R,G001,AFXRA,CI_EUR,NV_USD,Q,2018-Q3,2247844708541.33,6,,,,EUR,CO,NV,,USD,O,,
dataflow,IMF.STA:COFER(7.0.1),R,G001,AFXRA,CI_EUR,NV_USD,Q,2018-Q4,2287938885628.34,6,,,,EUR,CO,NV,,USD,O,,
dataflow,IMF.STA:COFER(7.0.1),R,G001,AFXRA,CI_EUR,NV_USD,Q,2019-Q1,2267491219198.69,6,,,,EUR,CO,NV,,USD,O,,
dataflow,IMF.STA:COFER(7.0.1),R,G001,AFXRA,CI_EUR,NV_USD,Q,2019-Q2,2326030463959.81,6,,,,EUR,CO,NV,,USD,O,,
dataflow,IMF.STA:COFER(7.0.1),R,G001,AFXRA,CI_EUR,NV_USD,Q,2019-Q3,2274848046351.82,6,,,,EUR,CO,NV,,USD,O,,
dataflow,IMF.STA:COFER(7.0.1),R,G001,AFXRA,CI_EUR,NV_USD,Q,2019-Q4,2342353466200.82,6,,,,EUR,CO,NV,,USD,O,,
dataflow,IMF.STA:COFER(7.0.1),R,G001,AFXRA,CI_EUR,NV_USD,Q,2020-Q1,2259123405845.6,6,,,,EUR,CO,NV,,USD,O,,
dataflow,IMF.STA:COFER(7.0.1),R,G001,AFXRA,CI_EUR,NV_USD,Q,2020-Q2,2340919793651.01,6,,,,EUR,CO,NV,,USD,O,,
dataflow,IMF.STA:COFER(7.0.1),R,G001,AFXRA,CI_EUR,NV_USD,Q,2020-Q3,2432790350690.33,6,,,,EUR,CO,NV,,USD,O,,
dataflow,IMF.STA:COFER(7.0.1),R,G001,AFXRA,CI_EUR,NV_USD,Q,2020-Q4,2609668740231.57,6,,,,EUR,CO,NV,,USD,O,,
dataflow,IMF.STA:COFER(7.0.1),R,G001,AFXRA,CI_EUR,NV_USD,Q,2021-Q1,2483850385742.97,6,,,,EUR,CO,NV,,USD,O,,
dataflow,IMF.STA:COFER(7.0.1),R,G001,AFXRA,CI_EUR,NV_USD,Q,2021-Q2,2538734651589.36,6,,,,EUR,CO,NV,,USD,O,,
dataflow,IMF.STA:COFER(7.0.1),R,G001,AFXRA,CI_EUR,NV_USD,Q,2021-Q3,2535753987738.41,6,,,,EUR,CO,NV,,USD,O,,
dataflow,IMF.STA:COFER(7.0.1),R,G001,AFXRA,CI_EUR,NV_USD,Q,2021-Q4,2558983744830.01,6,,,,EUR,CO,NV,,USD,O,,
dataflow,IMF.STA:COFER(7.0.1),R,G001,AFXRA,CI_EUR,NV_USD,Q,2022-Q1,2399169566982.36,6,,,,EUR,CO,NV,,USD,O,,
dataflow,IMF.STA:COFER(7.0.1),R,G001,AFXRA,CI_EUR,NV_USD,Q,2022-Q2,2275393516645.54,6,,,,EUR,CO,NV,,USD,O,,
dataflow,IMF.STA:COFER(7.0.1),R,G001,AFXRA,CI_EUR,NV_USD,Q,2022-Q3,2170413562004.07,6,,,,EUR,CO,NV,,USD,O,,
dataflow,IMF.STA:COFER(7.0.1),R,G001,AFXRA,CI_EUR,NV_USD,Q,2022-Q4,2344771873605.8,6,,,,EUR,CO,NV,,USD,O,,
dataflow,IMF.STA:COFER(7.0.1),R,G001,AFXRA,CI_EUR,NV_USD,Q,2023-Q1,2250167709945,6,,,,EUR,CO,NV,,USD,O,,
dataflow,IMF.STA:COFER(7.0.1),R,G001,AFXRA,CI_EUR,NV_USD,Q,2023-Q2,2275737707195.78,6,,,,EUR,CO,NV,,USD,O,,
dataflow,IMF.STA:COFER(7.0.1),R,G001,AFXRA,CI_EUR,NV_USD,Q,2023-Q3,2234019993920.79,6,,,,EUR,CO,NV,,USD,O,,
dataflow,IMF.STA:COFER(7.0.1),R,G001,AFXRA,CI_EUR,NV_USD,Q,2023-Q4,2365617474294.95,6,,,,EUR,CO,NV,,USD,O,,
dataflow,IMF.STA:COFER(7.0.1),R,G001,AFXRA,CI_EUR,NV_USD,Q,2024-Q1,2330668021159.99,6,,,,EUR,CO,NV,,USD,O,,
dataflow,IMF.STA:COFER(7.0.1),R,G001,AFXRA,CI_EUR,NV_USD,Q,2024-Q2,2318158871514.55,6,,,,EUR,CO,NV,,USD,O,,
dataflow,IMF.STA:COFER(7.0.1),R,G001,AFXRA,CI_EUR,NV_USD,Q,2024-Q3,2437412251912.45,6,,,,EUR,CO,NV,,USD,O,,
dataflow,IMF.STA:COFER(7.0.1),R,G001,AFXRA,CI_EUR,NV_USD,Q,2024-Q4,2331670999542.63,6,,,,EUR,CO,NV,,USD,O,,
dataflow,IMF.STA:COFER(7.0.1),R,G001,AFXRA,CI_EUR,NV_USD,Q,2025-Q1,2388699980850.24,6,,,,EUR,CO,NV,,USD,O,,
dataflow,IMF.STA:COFER(7.0.1),R,G001,AFXRA,CI_EUR,NV_USD,Q,2025-Q2,2622459716935.11,6,,,,EUR,CO,NV,,USD,O,,
dataflow,IMF.STA:COFER(7.0.1),R,G001,AFXRA,CI_EUR,NV_USD,Q,2025-Q3,2670251202652.89,6,,,,EUR,CO,NV,,USD,O,,
dataflow,IMF.STA:COFER(7.0.1),R,G001,AFXRA,CI_EUR,NV_USD,Q,2025-Q4,2679437249294.71,6,,,,EUR,CO,NV,,USD,O,,
dataflow,IMF.STA:COFER(7.0.1),R,G001,AFXRA,CI_EUR,NV_USD,Q,2026-Q1,2625001440700.01,6,,,,EUR,CO,NV,,USD,O,,
dataflow,IMF.STA:COFER(7.0.1),R,G001,AFXRA,CI_EUR,SHRO_PT,A,1999,17.8987905769332,0,,,,EUR,,,SHRO,PT,O,,
dataflow,IMF.STA:COFER(7.0.1),R,G001,AFXRA,CI_EUR,SHRO_PT,A,2000,17.5370606971042,0,,,,EUR,,,SHRO,PT,O,,
dataflow,IMF.STA:COFER(7.0.1),R,G001,AFXRA,CI_EUR,SHRO_PT,A,2001,18.405093873867,0,,,,EUR,,,SHRO,PT,O,,
dataflow,IMF.STA:COFER(7.0.1),R,G001,AFXRA,CI_EUR,SHRO_PT,A,2002,22.923391556076,0,,,,EUR,,,SHRO,PT,O,,
dataflow,IMF.STA:COFER(7.0.1),R,G001,AFXRA,CI_EUR,SHRO_PT,A,2003,23.1322623759487,0,,,,EUR,,,SHRO,PT,O,,
dataflow,IMF.STA:COFER(7.0.1),R,G001,AFXRA,CI_EUR,SHRO_PT,A,2004,23.1446722069437,0,,,,EUR,,,SHRO,PT,O,,
dataflow,IMF.STA:COFER(7.0.1),R,G001,AFXRA,CI_EUR,SHRO_PT,A,2005,21.8892330637684,0,,,,EUR,,,SHRO,PT,O,,
dataflow,IMF.STA:COFER(7.0.1),R,G001,AFXRA,CI_EUR,SHRO_PT,A,2006,22.6226235338528,0,,,,EUR,,,SHRO,PT,O,,
dataflow,IMF.STA:COFER(7.0.1),R,G001,AFXRA,CI_EUR,SHRO_PT,A,2007,23.3228428580763,0,,,,EUR,,,SHRO,PT,O,,
dataflow,IMF.STA:COFER(7.0.1),R,G001,AFXRA,CI_EUR,SHRO_PT,A,2008,23.4170576773844,0,,,,EUR,,,SHRO,PT,O,,
dataflow,IMF.STA:COFER(7.0.1),R,G001,AFXRA,CI_EUR,SHRO_PT,A,2009,24.0467322850019,0,,,,EUR,,,SHRO,PT,O,,
dataflow,IMF.STA:COFER(7.0.1),R,G001,AFXRA,CI_EUR,SHRO_PT,A,2010,22.9132199065987,0,,,,EUR,,,SHRO,PT,O,,
dataflow,IMF.STA:COFER(7.0.1),R,G001,AFXRA,CI_EUR,SHRO_PT,A,2011,21.7251103652476,0,,,,EUR,,,SHRO,PT,O,,
dataflow,IMF.STA:COFER(7.0.1),R,G001,AFXRA,CI_EUR,SHRO_PT,A,2012,21.449406087907,0,,,,EUR,,,SHRO,PT,O,,
dataflow,IMF.STA:COFER(7.0.1),R,G001,AFXRA,CI_EUR,SHRO_PT,A,2013,21.4739711166451,0,,,,EUR,,,SHRO,PT,O,,
dataflow,IMF.STA:COFER(7.0.1),R,G001,AFXRA,CI_EUR,SHRO_PT,A,2014,20.4570063397365,0,,,,EUR,,,SHRO,PT,O,,
dataflow,IMF.STA:COFER(7.0.1),R,G001,AFXRA,CI_EUR,SHRO_PT,A,2015,19.4005537,0,,,,EUR,,,SHRO,PT,O,,
dataflow,IMF.STA:COFER(7.0.1),R,G001,AFXRA,CI_EUR,SHRO_PT,A,2016,18.9277091,0,,,,EUR,,,SHRO,PT,O,,
dataflow,IMF.STA:COFER(7.0.1),R,G001,AFXRA,CI_EUR,SHRO_PT,A,2017,19.7977191,0,,,,EUR,,,SHRO,PT,O,,
dataflow,IMF.STA:COFER(7.0.1),R,G001,AFXRA,CI_EUR,SHRO_PT,A,2018,20.0305283316089,0,,,,EUR,,,SHRO,PT,O,,
dataflow,IMF.STA:COFER(7.0.1),R,G001,AFXRA,CI_EUR,SHRO_PT,A,2019,19.8245887786098,0,,,,EUR,,,SHRO,PT,O,,
dataflow,IMF.STA:COFER(7.0.1),R,G001,AFXRA,CI_EUR,SHRO_PT,A,2020,20.5583939113306,0,,,,EUR,,,SHRO,PT,O,,
dataflow,IMF.STA:COFER(7.0.1),R,G001,AFXRA,CI_EUR,SHRO_PT,A,2021,19.8153821960483,0,,,,EUR,,,SHRO,PT,O,,
dataflow,IMF.STA:COFER(7.0.1),R,G001,AFXRA,CI_EUR,SHRO_PT,A,2022,19.7297306060791,0,,,,EUR,,,SHRO,PT,O,,
dataflow,IMF.STA:COFER(7.0.1),R,G001,AFXRA,CI_EUR,SHRO_PT,A,2023,19.2091884613037,0,,,,EUR,,,SHRO,PT,O,,
dataflow,IMF.STA:COFER(7.0.1),R,G001,AFXRA,CI_EUR,SHRO_PT,A,2024,18.9102840423584,0,,,,EUR,,,SHRO,PT,O,,
dataflow,IMF.STA:COFER(7.0.1),R,G001,AFXRA,CI_EUR,SHRO_PT,A,2025,20.3811206817627,0,,,,EUR,,,SHRO,PT,O,,
dataflow,IMF.STA:COFER(7.0.1),R,G001,AFXRA,CI_EUR,SHRO_PT,Q,1999-Q1,18.1221470370837,0,,,,EUR,,,SHRO,PT,O,,
dataflow,IMF.STA:COFER(7.0.1),R,G001,AFXRA,CI_EUR,SHRO_PT,Q,1999-Q2,17.5747412726491,0,,,,EUR,,,SHRO,PT,O,,
dataflow,IMF.STA:COFER(7.0.1),R,G001,AFXRA,CI_EUR,SHRO_PT,Q,1999-Q3,18.3276090601898,0,,,,EUR,,,SHRO,PT,O,,
dataflow,IMF.STA:COFER(7.0.1),R,G001,AFXRA,CI_EUR,SHRO_PT,Q,1999-Q4,17.8987905769332,0,,,,EUR,,,SHRO,PT,O,,
dataflow,IMF.STA:COFER(7.0.1),R,G001,AFXRA,CI_EUR,SHRO_PT,Q,2000-Q1,16.534852958916,0,,,,EUR,,,SHRO,PT,O,,
dataflow,IMF.STA:COFER(7.0.1),R,G001,AFXRA,CI_EUR,SHRO_PT,Q,2000-Q2,16.7730469443933,0,,,,EUR,,,SHRO,PT,O,,
dataflow,IMF.STA:COFER(7.0.1),R,G001,AFXRA,CI_EUR,SHRO_PT,Q,2000-Q3,16.4219625327352,0,,,,EUR,,,SHRO,PT,O,,
dataflow,IMF.STA:COFER(7.0.1),R,G001,AFXRA,CI_EUR,SHRO_PT,Q,2000-Q4,17.5370606971042,0,,,,EUR,,,SHRO,PT,O,,
dataflow,IMF.STA:COFER(7.0.1),R,G001,AFXRA,CI_EUR,SHRO_PT,Q,2001-Q1,17.225731705536,0,,,,EUR,,,SHRO,PT,O,,
dataflow,IMF.STA:COFER(7.0.1),R,G001,AFXRA,CI_EUR,SHRO_PT,Q,2001-Q2,17.1533756874137,0,,,,EUR,,,SHRO,PT,O,,
dataflow,IMF.STA:COFER(7.0.1),R,G001,AFXRA,CI_EUR,SHRO_PT,Q,2001-Q3,17.9664971397453,0,,,,EUR,,,SHRO,PT,O,,
dataflow,IMF.STA:COFER(7.0.1),R,G001,AFXRA,CI_EUR,SHRO_PT,Q,2001-Q4,18.405093873867,0,,,,EUR,,,SHRO,PT,O,,
dataflow,IMF.STA:COFER(7.0.1),R,G001,AFXRA,CI_EUR,SHRO_PT,Q,2002-Q1,19.0441646615479,0,,,,EUR,,,SHRO,PT,O,,
dataflow,IMF.STA:COFER(7.0.1),R,G001,AFXRA,CI_EUR,SHRO_PT,Q,2002-Q2,20.086257041822,0,,,,EUR,,,SHRO,PT,O,,
dataflow,IMF.STA:COFER(7.0.1),R,G001,AFXRA,CI_EUR,SHRO_PT,Q,2002-Q3,21.152324713009,0,,,,EUR,,,SHRO,PT,O,,
dataflow,IMF.STA:COFER(7.0.1),R,G001,AFXRA,CI_EUR,SHRO_PT,Q,2002-Q4,22.923391556076,0,,,,EUR,,,SHRO,PT,O,,
dataflow,IMF.STA:COFER(7.0.1),R,G001,AFXRA,CI_EUR,SHRO_PT,Q,2003-Q1,22.6563577577068,0,,,,EUR,,,SHRO,PT,O,,
dataflow,IMF.STA:COFER(7.0.1),R,G001,AFXRA,CI_EUR,SHRO_PT,Q,2003-Q2,23.1257328345919,0,,,,EUR,,,SHRO,PT,O,,
dataflow,IMF.STA:COFER(7.0.1),R,G001,AFXRA,CI_EUR,SHRO_PT,Q,2003-Q3,22.6868451713132,0,,,,EUR,,,SHRO,PT,O,,
dataflow,IMF.STA:COFER(7.0.1),R,G001,AFXRA,CI_EUR,SHRO_PT,Q,2003-Q4,23.1322623759487,0,,,,EUR,,,SHRO,PT,O,,
dataflow,IMF.STA:COFER(7.0.1),R,G001,AFXRA,CI_EUR,SHRO_PT,Q,2004-Q1,21.7868685999698,0,,,,EUR,,,SHRO,PT,O,,
dataflow,IMF.STA:COFER(7.0.1),R,G001,AFXRA,CI_EUR,SHRO_PT,Q,2004-Q2,21.7693514192742,0,,,,EUR,,,SHRO,PT,O,,
dataflow,IMF.STA:COFER(7.0.1),R,G001,AFXRA,CI_EUR,SHRO_PT,Q,2004-Q3,22.1939086191011,0,,,,EUR,,,SHRO,PT,O,,
dataflow,IMF.STA:COFER(7.0.1),R,G001,AFXRA,CI_EUR,SHRO_PT,Q,2004-Q4,23.1446722069437,0,,,,EUR,,,SHRO,PT,O,,
dataflow,IMF.STA:COFER(7.0.1),R,G001,AFXRA,CI_EUR,SHRO_PT,Q,2005-Q1,23.0980113753154,0,,,,EUR,,,SHRO,PT,O,,
dataflow,IMF.STA:COFER(7.0.1),R,G001,AFXRA,CI_EUR,SHRO_PT,Q,2005-Q2,22.6995876338169,0,,,,EUR,,,SHRO,PT,O,,
dataflow,IMF.STA:COFER(7.0.1),R,G001,AFXRA,CI_EUR,SHRO_PT,Q,2005-Q3,22.3372917750411,0,,,,EUR,,,SHRO,PT,O,,
dataflow,IMF.STA:COFER(7.0.1),R,G001,AFXRA,CI_EUR,SHRO_PT,Q,2005-Q4,21.8892330637684,0,,,,EUR,,,SHRO,PT,O,,
dataflow,IMF.STA:COFER(7.0.1),R,G001,AFXRA,CI_EUR,SHRO_PT,Q,2006-Q1,22.1315791481771,0,,,,EUR,,,SHRO,PT,O,,
dataflow,IMF.STA:COFER(7.0.1),R,G001,AFXRA,CI_EUR,SHRO_PT,Q,2006-Q2,22.4579581568719,0,,,,EUR,,,SHRO,PT,O,,
dataflow,IMF.STA:COFER(7.0.1),R,G001,AFXRA,CI_EUR,SHRO_PT,Q,2006-Q3,22.0875462774912,0,,,,EUR,,,SHRO,PT,O,,
dataflow,IMF.STA:COFER(7.0.1),R,G001,AFXRA,CI_EUR,SHRO_PT,Q,2006-Q4,22.6226235338528,0,,,,EUR,,,SHRO,PT,O,,
dataflow,IMF.STA:COFER(7.0.1),R,G001,AFXRA,CI_EUR,SHRO_PT,Q,2007-Q1,23.2886674545895,0,,,,EUR,,,SHRO,PT,O,,
dataflow,IMF.STA:COFER(7.0.1),R,G001,AFXRA,CI_EUR,SHRO_PT,Q,2007-Q2,22.9164056076231,0,,,,EUR,,,SHRO,PT,O,,
dataflow,IMF.STA:COFER(7.0.1),R,G001,AFXRA,CI_EUR,SHRO_PT,Q,2007-Q3,23.7708386675709,0,,,,EUR,,,SHRO,PT,O,,
dataflow,IMF.STA:COFER(7.0.1),R,G001,AFXRA,CI_EUR,SHRO_PT,Q,2007-Q4,23.3228428580763,0,,,,EUR,,,SHRO,PT,O,,
dataflow,IMF.STA:COFER(7.0.1),R,G001,AFXRA,CI_EUR,SHRO_PT,Q,2008-Q1,23.2662209563831,0,,,,EUR,,,SHRO,PT,O,,
dataflow,IMF.STA:COFER(7.0.1),R,G001,AFXRA,CI_EUR,SHRO_PT,Q,2008-Q2,23.3095974440975,0,,,,EUR,,,SHRO,PT,O,,
dataflow,IMF.STA:COFER(7.0.1),R,G001,AFXRA,CI_EUR,SHRO_PT,Q,2008-Q3,22.2211500814526,0,,,,EUR,,,SHRO,PT,O,,
dataflow,IMF.STA:COFER(7.0.1),R,G001,AFXRA,CI_EUR,SHRO_PT,Q,2008-Q4,23.4170576773844,0,,,,EUR,,,SHRO,PT,O,,
dataflow,IMF.STA:COFER(7.0.1),R,G001,AFXRA,CI_EUR,SHRO_PT,Q,2009-Q1,23.2522906293496,0,,,,EUR,,,SHRO,PT,O,,
dataflow,IMF.STA:COFER(7.0.1),R,G001,AFXRA,CI_EUR,SHRO_PT,Q,2009-Q2,24.0779346111192,0,,,,EUR,,,SHRO,PT,O,,
dataflow,IMF.STA:COFER(7.0.1),R,G001,AFXRA,CI_EUR,SHRO_PT,Q,2009-Q3,24.1837460112942,0,,,,EUR,,,SHRO,PT,O,,
dataflow,IMF.STA:COFER(7.0.1),R,G001,AFXRA,CI_EUR,SHRO_PT,Q,2009-Q4,24.0467322850019,0,,,,EUR,,,SHRO,PT,O,,
dataflow,IMF.STA:COFER(7.0.1),R,G001,AFXRA,CI_EUR,SHRO_PT,Q,2010-Q1,23.8081398220863,0,,,,EUR,,,SHRO,PT,O,,
dataflow,IMF.STA:COFER(7.0.1),R,G001,AFXRA,CI_EUR,SHRO_PT,Q,2010-Q2,22.9718835513829,0,,,,EUR,,,SHRO,PT,O,,
dataflow,IMF.STA:COFER(7.0.1),R,G001,AFXRA,CI_EUR,SHRO_PT,Q,2010-Q3,23.3324560606541,0,,,,EUR,,,SHRO,PT,O,,
dataflow,IMF.STA:COFER(7.0.1),R,G001,AFXRA,CI_EUR,SHRO_PT,Q,2010-Q4,22.9132199065987,0,,,,EUR,,,SHRO,PT,O,,
dataflow,IMF.STA:COFER(7.0.1),R,G001,AFXRA,CI_EUR,SHRO_PT,Q,2011-Q1,22.7520484927065,0,,,,EUR,,,SHRO,PT,O,,
dataflow,IMF.STA:COFER(7.0.1),R,G001,AFXRA,CI_EUR,SHRO_PT,Q,2011-Q2,22.8893945938661,0,,,,EUR,,,SHRO,PT,O,,
dataflow,IMF.STA:COFER(7.0.1),R,G001,AFXRA,CI_EUR,SHRO_PT,Q,2011-Q3,22.2135432766033,0,,,,EUR,,,SHRO,PT,O,,
dataflow,IMF.STA:COFER(7.0.1),R,G001,AFXRA,CI_EUR,SHRO_PT,Q,2011-Q4,21.7251103652476,0,,,,EUR,,,SHRO,PT,O,,
dataflow,IMF.STA:COFER(7.0.1),R,G001,AFXRA,CI_EUR,SHRO_PT,Q,2012-Q1,21.7478295866898,0,,,,EUR,,,SHRO,PT,O,,
dataflow,IMF.STA:COFER(7.0.1),R,G001,AFXRA,CI_EUR,SHRO_PT,Q,2012-Q2,21.8502522846078,0,,,,EUR,,,SHRO,PT,O,,
dataflow,IMF.STA:COFER(7.0.1),R,G001,AFXRA,CI_EUR,SHRO_PT,Q,2012-Q3,21.3475146862172,0,,,,EUR,,,SHRO,PT,O,,
dataflow,IMF.STA:COFER(7.0.1),R,G001,AFXRA,CI_EUR,SHRO_PT,Q,2012-Q4,21.449406087907,0,,,,EUR,,,SHRO,PT,O,,
dataflow,IMF.STA:COFER(7.0.1),R,G001,AFXRA,CI_EUR,SHRO_PT,Q,2013-Q1,21.0205598346248,0,,,,EUR,,,SHRO,PT,O,,
dataflow,IMF.STA:COFER(7.0.1),R,G001,AFXRA,CI_EUR,SHRO_PT,Q,2013-Q2,21.1393598580545,0,,,,EUR,,,SHRO,PT,O,,
dataflow,IMF.STA:COFER(7.0.1),R,G001,AFXRA,CI_EUR,SHRO_PT,Q,2013-Q3,21.3126286694233,0,,,,EUR,,,SHRO,PT,O,,
dataflow,IMF.STA:COFER(7.0.1),R,G001,AFXRA,CI_EUR,SHRO_PT,Q,2013-Q4,21.4739711166451,0,,,,EUR,,,SHRO,PT,O,,
dataflow,IMF.STA:COFER(7.0.1),R,G001,AFXRA,CI_EUR,SHRO_PT,Q,2014-Q1,21.7754783250581,0,,,,EUR,,,SHRO,PT,O,,
dataflow,IMF.STA:COFER(7.0.1),R,G001,AFXRA,CI_EUR,SHRO_PT,Q,2014-Q2,21.591284412809,0,,,,EUR,,,SHRO,PT,O,,
dataflow,IMF.STA:COFER(7.0.1),R,G001,AFXRA,CI_EUR,SHRO_PT,Q,2014-Q3,20.6983968360408,0,,,,EUR,,,SHRO,PT,O,,
dataflow,IMF.STA:COFER(7.0.1),R,G001,AFXRA,CI_EUR,SHRO_PT,Q,2014-Q4,20.4570063397365,0,,,,EUR,,,SHRO,PT,O,,
dataflow,IMF.STA:COFER(7.0.1),R,G001,AFXRA,CI_EUR,SHRO_PT,Q,2015-Q1,19.707371209207,0,,,,EUR,,,SHRO,PT,O,,
dataflow,IMF.STA:COFER(7.0.1),R,G001,AFXRA,CI_EUR,SHRO_PT,Q,2015-Q2,19.7346303,0,,,,EUR,,,SHRO,PT,O,,
dataflow,IMF.STA:COFER(7.0.1),R,G001,AFXRA,CI_EUR,SHRO_PT,Q,2015-Q3,19.5726043,0,,,,EUR,,,SHRO,PT,O,,
dataflow,IMF.STA:COFER(7.0.1),R,G001,AFXRA,CI_EUR,SHRO_PT,Q,2015-Q4,19.4005537,0,,,,EUR,,,SHRO,PT,O,,
dataflow,IMF.STA:COFER(7.0.1),R,G001,AFXRA,CI_EUR,SHRO_PT,Q,2016-Q1,19.7778506,0,,,,EUR,,,SHRO,PT,O,,
dataflow,IMF.STA:COFER(7.0.1),R,G001,AFXRA,CI_EUR,SHRO_PT,Q,2016-Q2,19.4721547,0,,,,EUR,,,SHRO,PT,O,,
dataflow,IMF.STA:COFER(7.0.1),R,G001,AFXRA,CI_EUR,SHRO_PT,Q,2016-Q3,19.5422885,0,,,,EUR,,,SHRO,PT,O,,
dataflow,IMF.STA:COFER(7.0.1),R,G001,AFXRA,CI_EUR,SHRO_PT,Q,2016-Q4,18.9277091,0,,,,EUR,,,SHRO,PT,O,,
dataflow,IMF.STA:COFER(7.0.1),R,G001,AFXRA,CI_EUR,SHRO_PT,Q,2017-Q1,19.0098815,0,,,,EUR,,,SHRO,PT,O,,
dataflow,IMF.STA:COFER(7.0.1),R,G001,AFXRA,CI_EUR,SHRO_PT,Q,2017-Q2,19.6875589,0,,,,EUR,,,SHRO,PT,O,,
dataflow,IMF.STA:COFER(7.0.1),R,G001,AFXRA,CI_EUR,SHRO_PT,Q,2017-Q3,19.771857,0,,,,EUR,,,SHRO,PT,O,,
dataflow,IMF.STA:COFER(7.0.1),R,G001,AFXRA,CI_EUR,SHRO_PT,Q,2017-Q4,19.7977191,0,,,,EUR,,,SHRO,PT,O,,
dataflow,IMF.STA:COFER(7.0.1),R,G001,AFXRA,CI_EUR,SHRO_PT,Q,2018-Q1,19.9123199,0,,,,EUR,,,SHRO,PT,O,,
dataflow,IMF.STA:COFER(7.0.1),R,G001,AFXRA,CI_EUR,SHRO_PT,Q,2018-Q2,19.5985523,0,,,,EUR,,,SHRO,PT,O,,
dataflow,IMF.STA:COFER(7.0.1),R,G001,AFXRA,CI_EUR,SHRO_PT,Q,2018-Q3,19.7211876381046,0,,,,EUR,,,SHRO,PT,O,,
dataflow,IMF.STA:COFER(7.0.1),R,G001,AFXRA,CI_EUR,SHRO_PT,Q,2018-Q4,20.0305283316089,0,,,,EUR,,,SHRO,PT,O,,
dataflow,IMF.STA:COFER(7.0.1),R,G001,AFXRA,CI_EUR,SHRO_PT,Q,2019-Q1,19.5438203804079,0,,,,EUR,,,SHRO,PT,O,,
dataflow,IMF.STA:COFER(7.0.1),R,G001,AFXRA,CI_EUR,SHRO_PT,Q,2019-Q2,19.8298730822905,0,,,,EUR,,,SHRO,PT,O,,
dataflow,IMF.STA:COFER(7.0.1),R,G001,AFXRA,CI_EUR,SHRO_PT,Q,2019-Q3,19.5359605666266,0,,,,EUR,,,SHRO,PT,O,,
dataflow,IMF.STA:COFER(7.0.1),R,G001,AFXRA,CI_EUR,SHRO_PT,Q,2019-Q4,19.8245887786098,0,,,,EUR,,,SHRO,PT,O,,
dataflow,IMF.STA:COFER(7.0.1),R,G001,AFXRA,CI_EUR,SHRO_PT,Q,2020-Q1,19.3291387242754,0,,,,EUR,,,SHRO,PT,O,,
dataflow,IMF.STA:COFER(7.0.1),R,G001,AFXRA,CI_EUR,SHRO_PT,Q,2020-Q2,19.4792482131464,0,,,,EUR,,,SHRO,PT,O,,
dataflow,IMF.STA:COFER(7.0.1),R,G001,AFXRA,CI_EUR,SHRO_PT,Q,2020-Q3,19.8693542865485,0,,,,EUR,,,SHRO,PT,O,,
dataflow,IMF.STA:COFER(7.0.1),R,G001,AFXRA,CI_EUR,SHRO_PT,Q,2020-Q4,20.5583939113306,0,,,,EUR,,,SHRO,PT,O,,
dataflow,IMF.STA:COFER(7.0.1),R,G001,AFXRA,CI_EUR,SHRO_PT,Q,2021-Q1,19.7606440508144,0,,,,EUR,,,SHRO,PT,O,,
dataflow,IMF.STA:COFER(7.0.1),R,G001,AFXRA,CI_EUR,SHRO_PT,Q,2021-Q2,19.8386658306809,0,,,,EUR,,,SHRO,PT,O,,
dataflow,IMF.STA:COFER(7.0.1),R,G001,AFXRA,CI_EUR,SHRO_PT,Q,2021-Q3,19.7752459126348,0,,,,EUR,,,SHRO,PT,O,,
dataflow,IMF.STA:COFER(7.0.1),R,G001,AFXRA,CI_EUR,SHRO_PT,Q,2021-Q4,19.8153821960483,0,,,,EUR,,,SHRO,PT,O,,
dataflow,IMF.STA:COFER(7.0.1),R,G001,AFXRA,CI_EUR,SHRO_PT,Q,2022-Q1,19.1770801544189,0,,,,EUR,,,SHRO,PT,O,,
dataflow,IMF.STA:COFER(7.0.1),R,G001,AFXRA,CI_EUR,SHRO_PT,Q,2022-Q2,19.0010204315186,0,,,,EUR,,,SHRO,PT,O,,
dataflow,IMF.STA:COFER(7.0.1),R,G001,AFXRA,CI_EUR,SHRO_PT,Q,2022-Q3,18.8501777648926,0,,,,EUR,,,SHRO,PT,O,,
dataflow,IMF.STA:COFER(7.0.1),R,G001,AFXRA,CI_EUR,SHRO_PT,Q,2022-Q4,19.7297306060791,0,,,,EUR,,,SHRO,PT,O,,
dataflow,IMF.STA:COFER(7.0.1),R,G001,AFXRA,CI_EUR,SHRO_PT,Q,2023-Q1,18.7499256134033,0,,,,EUR,,,SHRO,PT,O,,
dataflow,IMF.STA:COFER(7.0.1),R,G001,AFXRA,CI_EUR,SHRO_PT,Q,2023-Q2,18.9197483062744,0,,,,EUR,,,SHRO,PT,O,,
dataflow,IMF.STA:COFER(7.0.1),R,G001,AFXRA,CI_EUR,SHRO_PT,Q,2023-Q3,18.9005165100098,0,,,,EUR,,,SHRO,PT,O,,
dataflow,IMF.STA:COFER(7.0.1),R,G001,AFXRA,CI_EUR,SHRO_PT,Q,2023-Q4,19.2091884613037,0,,,,EUR,,,SHRO,PT,O,,
dataflow,IMF.STA:COFER(7.0.1),R,G001,AFXRA,CI_EUR,SHRO_PT,Q,2024-Q1,18.8723106384277,0,,,,EUR,,,SHRO,PT,O,,
dataflow,IMF.STA:COFER(7.0.1),R,G001,AFXRA,CI_EUR,SHRO_PT,Q,2024-Q2,18.8239688873291,0,,,,EUR,,,SHRO,PT,O,,
dataflow,IMF.STA:COFER(7.0.1),R,G001,AFXRA,CI_EUR,SHRO_PT,Q,2024-Q3,19.15159034729,0,,,,EUR,,,SHRO,PT,O,,
dataflow,IMF.STA:COFER(7.0.1),R,G001,AFXRA,CI_EUR,SHRO_PT,Q,2024-Q4,18.9102840423584,0,,,,EUR,,,SHRO,PT,O,,
dataflow,IMF.STA:COFER(7.0.1),R,G001,AFXRA,CI_EUR,SHRO_PT,Q,2025-Q1,19.109001159668,0,,,,EUR,,,SHRO,PT,O,,
dataflow,IMF.STA:COFER(7.0.1),R,G001,AFXRA,CI_EUR,SHRO_PT,Q,2025-Q2,20.2646656036377,0,,,,EUR,,,SHRO,PT,O,,
dataflow,IMF.STA:COFER(7.0.1),R,G001,AFXRA,CI_EUR,SHRO_PT,Q,2025-Q3,20.4868774414063,0,,,,EUR,,,SHRO,PT,O,,
dataflow,IMF.STA:COFER(7.0.1),R,G001,AFXRA,CI_EUR,SHRO_PT,Q,2025-Q4,20.3811206817627,0,,,,EUR,,,SHRO,PT,O,,
dataflow,IMF.STA:COFER(7.0.1),R,G001,AFXRA,CI_EUR,SHRO_PT,Q,2026-Q1,20.030689239502,0,,,,EUR,,,SHRO,PT,O,,
dataflow,IMF.STA:COFER(7.0.1),R,G001,AFXRA,CI_FRF,NV_USD,A,1995,24344659776,6,,,,FRF,CO,NV,,USD,O,,
dataflow,IMF.STA:COFER(7.0.1),R,G001,AFXRA,CI_FRF,NV_USD,A,1996,22637974000,6,,,,FRF,CO,NV,,USD,O,,
dataflow,IMF.STA:COFER(7.0.1),R,G001,AFXRA,CI_FRF,NV_USD,A,1997,18314080000,6,,,,FRF,CO,NV,,USD,O,,
dataflow,IMF.STA:COFER(7.0.1),R,G001,AFXRA,CI_FRF,NV_USD,A,1998,20813855466.143,6,,,,FRF,CO,NV,,USD,O,,
dataflow,IMF.STA:COFER(7.0.1),R,G001,AFXRA,CI_FRF,SHRO_PT,A,1995,2.35175254442716,0,,,,FRF,,,SHRO,PT,O,,
dataflow,IMF.STA:COFER(7.0.1),R,G001,AFXRA,CI_FRF,SHRO_PT,A,1996,1.84618467417483,0,,,,FRF,,,SHRO,PT,O,,
dataflow,IMF.STA:COFER(7.0.1),R,G001,AFXRA,CI_FRF,SHRO_PT,A,1997,1.43834275693918,0,,,,FRF,,,SHRO,PT,O,,
dataflow,IMF.STA:COFER(7.0.1),R,G001,AFXRA,CI_FRF,SHRO_PT,A,1998,1.62254974003438,0,,,,FRF,,,SHRO,PT,O,,
dataflow,IMF.STA:COFER(7.0.1),R,G001,AFXRA,CI_GBP,NV_USD,A,1995,21874306308,6,,,,GBP,CO,NV,,USD,O,,
dataflow,IMF.STA:COFER(7.0.1),R,G001,AFXRA,CI_GBP,NV_USD,A,1996,32882911900,6,,,,GBP,CO,NV,,USD,O,,
dataflow,IMF.STA:COFER(7.0.1),R,G001,AFXRA,CI_GBP,NV_USD,A,1997,32856070000,6,,,,GBP,CO,NV,,USD,O,,
dataflow,IMF.STA:COFER(7.0.1),R,G001,AFXRA,CI_GBP,NV_USD,A,1998,34142263729.1578,6,,,,GBP,CO,NV,,USD,O,,
dataflow,IMF.STA:COFER(7.0.1),R,G001,AFXRA,CI_GBP,NV_USD,A,1999,39827370892.0595,6,,,,GBP,CO,NV,,USD,O,,
dataflow,IMF.STA:COFER(7.0.1),R,G001,AFXRA,CI_GBP,NV_USD,A,2000,65957756607.4026,6,,,,GBP,CO,NV,,USD,O,,
dataflow,IMF.STA:COFER(7.0.1),R,G001,AFXRA,CI_GBP,NV_USD,A,2001,64033903590.2878,6,,,,GBP,CO,NV,,USD,O,,
dataflow,IMF.STA:COFER(7.0.1),R,G001,AFXRA,CI_GBP,NV_USD,A,2002,88953596951.5296,6,,,,GBP,CO,NV,,USD,O,,
dataflow,IMF.STA:COFER(7.0.1),R,G001,AFXRA,CI_GBP,NV_USD,A,2003,117685678123.387,6,,,,GBP,CO,NV,,USD,O,,
dataflow,IMF.STA:COFER(7.0.1),R,G001,AFXRA,CI_GBP,NV_USD,A,2004,173075454830.532,6,,,,GBP,CO,NV,,USD,O,,
dataflow,IMF.STA:COFER(7.0.1),R,G001,AFXRA,CI_GBP,NV_USD,A,2005,206977277283.394,6,,,,GBP,CO,NV,,USD,O,,
dataflow,IMF.STA:COFER(7.0.1),R,G001,AFXRA,CI_GBP,NV_USD,A,2006,280865662495.402,6,,,,GBP,CO,NV,,USD,O,,
dataflow,IMF.STA:COFER(7.0.1),R,G001,AFXRA,CI_GBP,NV_USD,A,2007,380072104454.347,6,,,,GBP,CO,NV,,USD,O,,
dataflow,IMF.STA:COFER(7.0.1),R,G001,AFXRA,CI_GBP,NV_USD,A,2008,361010830753.903,6,,,,GBP,CO,NV,,USD,O,,
dataflow,IMF.STA:COFER(7.0.1),R,G001,AFXRA,CI_GBP,NV_USD,A,2009,408822582590.539,6,,,,GBP,CO,NV,,USD,O,,
dataflow,IMF.STA:COFER(7.0.1),R,G001,AFXRA,CI_GBP,NV_USD,A,2010,443683151338.129,6,,,,GBP,CO,NV,,USD,O,,
dataflow,IMF.STA:COFER(7.0.1),R,G001,AFXRA,CI_GBP,NV_USD,A,2011,472670782058.91,6,,,,GBP,CO,NV,,USD,O,,
dataflow,IMF.STA:COFER(7.0.1),R,G001,AFXRA,CI_GBP,NV_USD,A,2012,518126806801.108,6,,,,GBP,CO,NV,,USD,O,,
dataflow,IMF.STA:COFER(7.0.1),R,G001,AFXRA,CI_GBP,NV_USD,A,2013,559464079313.448,6,,,,GBP,CO,NV,,USD,O,,
dataflow,IMF.STA:COFER(7.0.1),R,G001,AFXRA,CI_GBP,NV_USD,A,2014,546977427257.818,6,,,,GBP,CO,NV,,USD,O,,
dataflow,IMF.STA:COFER(7.0.1),R,G001,AFXRA,CI_GBP,NV_USD,A,2015,565213933020,6,,,,GBP,CO,NV,,USD,O,,
dataflow,IMF.STA:COFER(7.0.1),R,G001,AFXRA,CI_GBP,NV_USD,A,2016,500001404960,6,,,,GBP,CO,NV,,USD,O,,
dataflow,IMF.STA:COFER(7.0.1),R,G001,AFXRA,CI_GBP,NV_USD,A,2017,542200067850,6,,,,GBP,CO,NV,,USD,O,,
dataflow,IMF.STA:COFER(7.0.1),R,G001,AFXRA,CI_GBP,NV_USD,A,2018,515219197609.428,6,,,,GBP,CO,NV,,USD,O,,
dataflow,IMF.STA:COFER(7.0.1),R,G001,AFXRA,CI_GBP,NV_USD,A,2019,552287489681.632,6,,,,GBP,CO,NV,,USD,O,,
dataflow,IMF.STA:COFER(7.0.1),R,G001,AFXRA,CI_GBP,NV_USD,A,2020,604217789363.253,6,,,,GBP,CO,NV,,USD,O,,
dataflow,IMF.STA:COFER(7.0.1),R,G001,AFXRA,CI_GBP,NV_USD,A,2021,630272353471.227,6,,,,GBP,CO,NV,,USD,O,,
dataflow,IMF.STA:COFER(7.0.1),R,G001,AFXRA,CI_GBP,NV_USD,A,2022,599378140582.87,6,,,,GBP,CO,NV,,USD,O,,
dataflow,IMF.STA:COFER(7.0.1),R,G001,AFXRA,CI_GBP,NV_USD,A,2023,589550966305.422,6,,,,GBP,CO,NV,,USD,O,,
dataflow,IMF.STA:COFER(7.0.1),R,G001,AFXRA,CI_GBP,NV_USD,A,2024,566897420198.302,6,,,,GBP,CO,NV,,USD,O,,
dataflow,IMF.STA:COFER(7.0.1),R,G001,AFXRA,CI_GBP,NV_USD,A,2025,579635734566.264,6,,,,GBP,CO,NV,,USD,O,,
dataflow,IMF.STA:COFER(7.0.1),R,G001,AFXRA,CI_GBP,NV_USD,Q,1999-Q1,34014701888.7905,6,,,,GBP,CO,NV,,USD,O,,
dataflow,IMF.STA:COFER(7.0.1),R,G001,AFXRA,CI_GBP,NV_USD,Q,1999-Q2,35573742348.0157,6,,,,GBP,CO,NV,,USD,O,,
dataflow,IMF.STA:COFER(7.0.1),R,G001,AFXRA,CI_GBP,NV_USD,Q,1999-Q3,37029313618.06,6,,,,GBP,CO,NV,,USD,O,,
dataflow,IMF.STA:COFER(7.0.1),R,G001,AFXRA,CI_GBP,NV_USD,Q,1999-Q4,39827370892.0595,6,,,,GBP,CO,NV,,USD,O,,
dataflow,IMF.STA:COFER(7.0.1),R,G001,AFXRA,CI_GBP,NV_USD,Q,2000-Q1,68573693023.2167,6,,,,GBP,CO,NV,,USD,O,,
dataflow,IMF.STA:COFER(7.0.1),R,G001,AFXRA,CI_GBP,NV_USD,Q,2000-Q2,60518590147.5367,6,,,,GBP,CO,NV,,USD,O,,
dataflow,IMF.STA:COFER(7.0.1),R,G001,AFXRA,CI_GBP,NV_USD,Q,2000-Q3,61863604154.3938,6,,,,GBP,CO,NV,,USD,O,,
dataflow,IMF.STA:COFER(7.0.1),R,G001,AFXRA,CI_GBP,NV_USD,Q,2000-Q4,65957756607.4026,6,,,,GBP,CO,NV,,USD,O,,
dataflow,IMF.STA:COFER(7.0.1),R,G001,AFXRA,CI_GBP,NV_USD,Q,2001-Q1,65532539266.8371,6,,,,GBP,CO,NV,,USD,O,,
dataflow,IMF.STA:COFER(7.0.1),R,G001,AFXRA,CI_GBP,NV_USD,Q,2001-Q2,60775338440.1922,6,,,,GBP,CO,NV,,USD,O,,
dataflow,IMF.STA:COFER(7.0.1),R,G001,AFXRA,CI_GBP,NV_USD,Q,2001-Q3,62633836368.4895,6,,,,GBP,CO,NV,,USD,O,,
dataflow,IMF.STA:COFER(7.0.1),R,G001,AFXRA,CI_GBP,NV_USD,Q,2001-Q4,64033903590.2878,6,,,,GBP,CO,NV,,USD,O,,
dataflow,IMF.STA:COFER(7.0.1),R,G001,AFXRA,CI_GBP,NV_USD,Q,2002-Q1,68925218991.1017,6,,,,GBP,CO,NV,,USD,O,,
dataflow,IMF.STA:COFER(7.0.1),R,G001,AFXRA,CI_GBP,NV_USD,Q,2002-Q2,73237281314.4827,6,,,,GBP,CO,NV,,USD,O,,
dataflow,IMF.STA:COFER(7.0.1),R,G001,AFXRA,CI_GBP,NV_USD,Q,2002-Q3,83328140527.503,6,,,,GBP,CO,NV,,USD,O,,
dataflow,IMF.STA:COFER(7.0.1),R,G001,AFXRA,CI_GBP,NV_USD,Q,2002-Q4,88953596951.5296,6,,,,GBP,CO,NV,,USD,O,,
dataflow,IMF.STA:COFER(7.0.1),R,G001,AFXRA,CI_GBP,NV_USD,Q,2003-Q1,87936940922.0147,6,,,,GBP,CO,NV,,USD,O,,
dataflow,IMF.STA:COFER(7.0.1),R,G001,AFXRA,CI_GBP,NV_USD,Q,2003-Q2,94091097359.3271,6,,,,GBP,CO,NV,,USD,O,,
dataflow,IMF.STA:COFER(7.0.1),R,G001,AFXRA,CI_GBP,NV_USD,Q,2003-Q3,99374105621.2703,6,,,,GBP,CO,NV,,USD,O,,
dataflow,IMF.STA:COFER(7.0.1),R,G001,AFXRA,CI_GBP,NV_USD,Q,2003-Q4,117685678123.387,6,,,,GBP,CO,NV,,USD,O,,
dataflow,IMF.STA:COFER(7.0.1),R,G001,AFXRA,CI_GBP,NV_USD,Q,2004-Q1,132882640946.671,6,,,,GBP,CO,NV,,USD,O,,
dataflow,IMF.STA:COFER(7.0.1),R,G001,AFXRA,CI_GBP,NV_USD,Q,2004-Q2,136872338060.935,6,,,,GBP,CO,NV,,USD,O,,
dataflow,IMF.STA:COFER(7.0.1),R,G001,AFXRA,CI_GBP,NV_USD,Q,2004-Q3,150107471527.791,6,,,,GBP,CO,NV,,USD,O,,
dataflow,IMF.STA:COFER(7.0.1),R,G001,AFXRA,CI_GBP,NV_USD,Q,2004-Q4,173075454830.532,6,,,,GBP,CO,NV,,USD,O,,
dataflow,IMF.STA:COFER(7.0.1),R,G001,AFXRA,CI_GBP,NV_USD,Q,2005-Q1,185579048638.512,6,,,,GBP,CO,NV,,USD,O,,
dataflow,IMF.STA:COFER(7.0.1),R,G001,AFXRA,CI_GBP,NV_USD,Q,2005-Q2,189393859712.293,6,,,,GBP,CO,NV,,USD,O,,
dataflow,IMF.STA:COFER(7.0.1),R,G001,AFXRA,CI_GBP,NV_USD,Q,2005-Q3,195203677297.143,6,,,,GBP,CO,NV,,USD,O,,
dataflow,IMF.STA:COFER(7.0.1),R,G001,AFXRA,CI_GBP,NV_USD,Q,2005-Q4,206977277283.394,6,,,,GBP,CO,NV,,USD,O,,
dataflow,IMF.STA:COFER(7.0.1),R,G001,AFXRA,CI_GBP,NV_USD,Q,2006-Q1,230054942540.95,6,,,,GBP,CO,NV,,USD,O,,
dataflow,IMF.STA:COFER(7.0.1),R,G001,AFXRA,CI_GBP,NV_USD,Q,2006-Q2,250025290910.004,6,,,,GBP,CO,NV,,USD,O,,
dataflow,IMF.STA:COFER(7.0.1),R,G001,AFXRA,CI_GBP,NV_USD,Q,2006-Q3,261078470655.512,6,,,,GBP,CO,NV,,USD,O,,
dataflow,IMF.STA:COFER(7.0.1),R,G001,AFXRA,CI_GBP,NV_USD,Q,2006-Q4,280865662495.402,6,,,,GBP,CO,NV,,USD,O,,
dataflow,IMF.STA:COFER(7.0.1),R,G001,AFXRA,CI_GBP,NV_USD,Q,2007-Q1,287691643583.762,6,,,,GBP,CO,NV,,USD,O,,
dataflow,IMF.STA:COFER(7.0.1),R,G001,AFXRA,CI_GBP,NV_USD,Q,2007-Q2,326516437451.256,6,,,,GBP,CO,NV,,USD,O,,
dataflow,IMF.STA:COFER(7.0.1),R,G001,AFXRA,CI_GBP,NV_USD,Q,2007-Q3,336513772974.167,6,,,,GBP,CO,NV,,USD,O,,
dataflow,IMF.STA:COFER(7.0.1),R,G001,AFXRA,CI_GBP,NV_USD,Q,2007-Q4,380072104454.347,6,,,,GBP,CO,NV,,USD,O,,
dataflow,IMF.STA:COFER(7.0.1),R,G001,AFXRA,CI_GBP,NV_USD,Q,2008-Q1,379024149659.545,6,,,,GBP,CO,NV,,USD,O,,
dataflow,IMF.STA:COFER(7.0.1),R,G001,AFXRA,CI_GBP,NV_USD,Q,2008-Q2,398043096867.129,6,,,,GBP,CO,NV,,USD,O,,
dataflow,IMF.STA:COFER(7.0.1),R,G001,AFXRA,CI_GBP,NV_USD,Q,2008-Q3,392619194792.917,6,,,,GBP,CO,NV,,USD,O,,
dataflow,IMF.STA:COFER(7.0.1),R,G001,AFXRA,CI_GBP,NV_USD,Q,2008-Q4,361010830753.903,6,,,,GBP,CO,NV,,USD,O,,
dataflow,IMF.STA:COFER(7.0.1),R,G001,AFXRA,CI_GBP,NV_USD,Q,2009-Q1,340730327036.259,6,,,,GBP,CO,NV,,USD,O,,
dataflow,IMF.STA:COFER(7.0.1),R,G001,AFXRA,CI_GBP,NV_USD,Q,2009-Q2,386890144112.852,6,,,,GBP,CO,NV,,USD,O,,
dataflow,IMF.STA:COFER(7.0.1),R,G001,AFXRA,CI_GBP,NV_USD,Q,2009-Q3,406420771269.756,6,,,,GBP,CO,NV,,USD,O,,
dataflow,IMF.STA:COFER(7.0.1),R,G001,AFXRA,CI_GBP,NV_USD,Q,2009-Q4,408822582590.539,6,,,,GBP,CO,NV,,USD,O,,
dataflow,IMF.STA:COFER(7.0.1),R,G001,AFXRA,CI_GBP,NV_USD,Q,2010-Q1,421291571841.998,6,,,,GBP,CO,NV,,USD,O,,
dataflow,IMF.STA:COFER(7.0.1),R,G001,AFXRA,CI_GBP,NV_USD,Q,2010-Q2,413435564360.753,6,,,,GBP,CO,NV,,USD,O,,
dataflow,IMF.STA:COFER(7.0.1),R,G001,AFXRA,CI_GBP,NV_USD,Q,2010-Q3,433932051409.169,6,,,,GBP,CO,NV,,USD,O,,
dataflow,IMF.STA:COFER(7.0.1),R,G001,AFXRA,CI_GBP,NV_USD,Q,2010-Q4,443683151338.129,6,,,,GBP,CO,NV,,USD,O,,
dataflow,IMF.STA:COFER(7.0.1),R,G001,AFXRA,CI_GBP,NV_USD,Q,2011-Q1,464067103374.553,6,,,,GBP,CO,NV,,USD,O,,
dataflow,IMF.STA:COFER(7.0.1),R,G001,AFXRA,CI_GBP,NV_USD,Q,2011-Q2,480823179612.439,6,,,,GBP,CO,NV,,USD,O,,
dataflow,IMF.STA:COFER(7.0.1),R,G001,AFXRA,CI_GBP,NV_USD,Q,2011-Q3,474978969095.303,6,,,,GBP,CO,NV,,USD,O,,
dataflow,IMF.STA:COFER(7.0.1),R,G001,AFXRA,CI_GBP,NV_USD,Q,2011-Q4,472670782058.91,6,,,,GBP,CO,NV,,USD,O,,
dataflow,IMF.STA:COFER(7.0.1),R,G001,AFXRA,CI_GBP,NV_USD,Q,2012-Q1,494635899818.258,6,,,,GBP,CO,NV,,USD,O,,
dataflow,IMF.STA:COFER(7.0.1),R,G001,AFXRA,CI_GBP,NV_USD,Q,2012-Q2,487991190584.828,6,,,,GBP,CO,NV,,USD,O,,
dataflow,IMF.STA:COFER(7.0.1),R,G001,AFXRA,CI_GBP,NV_USD,Q,2012-Q3,518988722535.677,6,,,,GBP,CO,NV,,USD,O,,
dataflow,IMF.STA:COFER(7.0.1),R,G001,AFXRA,CI_GBP,NV_USD,Q,2012-Q4,518126806801.108,6,,,,GBP,CO,NV,,USD,O,,
dataflow,IMF.STA:COFER(7.0.1),R,G001,AFXRA,CI_GBP,NV_USD,Q,2013-Q1,515044641736.371,6,,,,GBP,CO,NV,,USD,O,,
dataflow,IMF.STA:COFER(7.0.1),R,G001,AFXRA,CI_GBP,NV_USD,Q,2013-Q2,514108845539.109,6,,,,GBP,CO,NV,,USD,O,,
dataflow,IMF.STA:COFER(7.0.1),R,G001,AFXRA,CI_GBP,NV_USD,Q,2013-Q3,538571006637.648,6,,,,GBP,CO,NV,,USD,O,,
dataflow,IMF.STA:COFER(7.0.1),R,G001,AFXRA,CI_GBP,NV_USD,Q,2013-Q4,559464079313.448,6,,,,GBP,CO,NV,,USD,O,,
dataflow,IMF.STA:COFER(7.0.1),R,G001,AFXRA,CI_GBP,NV_USD,Q,2014-Q1,559491545356.812,6,,,,GBP,CO,NV,,USD,O,,
dataflow,IMF.STA:COFER(7.0.1),R,G001,AFXRA,CI_GBP,NV_USD,Q,2014-Q2,566540326673.266,6,,,,GBP,CO,NV,,USD,O,,
dataflow,IMF.STA:COFER(7.0.1),R,G001,AFXRA,CI_GBP,NV_USD,Q,2014-Q3,551678410478.751,6,,,,GBP,CO,NV,,USD,O,,
dataflow,IMF.STA:COFER(7.0.1),R,G001,AFXRA,CI_GBP,NV_USD,Q,2014-Q4,546977427257.818,6,,,,GBP,CO,NV,,USD,O,,
dataflow,IMF.STA:COFER(7.0.1),R,G001,AFXRA,CI_GBP,NV_USD,Q,2015-Q1,544562382252.191,6,,,,GBP,CO,NV,,USD,O,,
dataflow,IMF.STA:COFER(7.0.1),R,G001,AFXRA,CI_GBP,NV_USD,Q,2015-Q2,587155237140,6,,,,GBP,CO,NV,,USD,O,,
dataflow,IMF.STA:COFER(7.0.1),R,G001,AFXRA,CI_GBP,NV_USD,Q,2015-Q3,564871586160,6,,,,GBP,CO,NV,,USD,O,,
dataflow,IMF.STA:COFER(7.0.1),R,G001,AFXRA,CI_GBP,NV_USD,Q,2015-Q4,565213933020,6,,,,GBP,CO,NV,,USD,O,,
dataflow,IMF.STA:COFER(7.0.1),R,G001,AFXRA,CI_GBP,NV_USD,Q,2016-Q1,547742609880,6,,,,GBP,CO,NV,,USD,O,,
dataflow,IMF.STA:COFER(7.0.1),R,G001,AFXRA,CI_GBP,NV_USD,Q,2016-Q2,534400502540,6,,,,GBP,CO,NV,,USD,O,,
dataflow,IMF.STA:COFER(7.0.1),R,G001,AFXRA,CI_GBP,NV_USD,Q,2016-Q3,515360954710,6,,,,GBP,CO,NV,,USD,O,,
dataflow,IMF.STA:COFER(7.0.1),R,G001,AFXRA,CI_GBP,NV_USD,Q,2016-Q4,500001404960,6,,,,GBP,CO,NV,,USD,O,,
dataflow,IMF.STA:COFER(7.0.1),R,G001,AFXRA,CI_GBP,NV_USD,Q,2017-Q1,498006560200,6,,,,GBP,CO,NV,,USD,O,,
dataflow,IMF.STA:COFER(7.0.1),R,G001,AFXRA,CI_GBP,NV_USD,Q,2017-Q2,521000055010,6,,,,GBP,CO,NV,,USD,O,,
dataflow,IMF.STA:COFER(7.0.1),R,G001,AFXRA,CI_GBP,NV_USD,Q,2017-Q3,534625808580,6,,,,GBP,CO,NV,,USD,O,,
dataflow,IMF.STA:COFER(7.0.1),R,G001,AFXRA,CI_GBP,NV_USD,Q,2017-Q4,542200067850,6,,,,GBP,CO,NV,,USD,O,,
dataflow,IMF.STA:COFER(7.0.1),R,G001,AFXRA,CI_GBP,NV_USD,Q,2018-Q1,552638199280,6,,,,GBP,CO,NV,,USD,O,,
dataflow,IMF.STA:COFER(7.0.1),R,G001,AFXRA,CI_GBP,NV_USD,Q,2018-Q2,524310151420,6,,,,GBP,CO,NV,,USD,O,,
dataflow,IMF.STA:COFER(7.0.1),R,G001,AFXRA,CI_GBP,NV_USD,Q,2018-Q3,516598902377.073,6,,,,GBP,CO,NV,,USD,O,,
dataflow,IMF.STA:COFER(7.0.1),R,G001,AFXRA,CI_GBP,NV_USD,Q,2018-Q4,515219197609.428,6,,,,GBP,CO,NV,,USD,O,,
dataflow,IMF.STA:COFER(7.0.1),R,G001,AFXRA,CI_GBP,NV_USD,Q,2019-Q1,532289027677.186,6,,,,GBP,CO,NV,,USD,O,,
dataflow,IMF.STA:COFER(7.0.1),R,G001,AFXRA,CI_GBP,NV_USD,Q,2019-Q2,531452337422.417,6,,,,GBP,CO,NV,,USD,O,,
dataflow,IMF.STA:COFER(7.0.1),R,G001,AFXRA,CI_GBP,NV_USD,Q,2019-Q3,526288261518.088,6,,,,GBP,CO,NV,,USD,O,,
dataflow,IMF.STA:COFER(7.0.1),R,G001,AFXRA,CI_GBP,NV_USD,Q,2019-Q4,552287489681.632,6,,,,GBP,CO,NV,,USD,O,,
dataflow,IMF.STA:COFER(7.0.1),R,G001,AFXRA,CI_GBP,NV_USD,Q,2020-Q1,519359810917.402,6,,,,GBP,CO,NV,,USD,O,,
dataflow,IMF.STA:COFER(7.0.1),R,G001,AFXRA,CI_GBP,NV_USD,Q,2020-Q2,543691673852.784,6,,,,GBP,CO,NV,,USD,O,,
dataflow,IMF.STA:COFER(7.0.1),R,G001,AFXRA,CI_GBP,NV_USD,Q,2020-Q3,562957431784.763,6,,,,GBP,CO,NV,,USD,O,,
dataflow,IMF.STA:COFER(7.0.1),R,G001,AFXRA,CI_GBP,NV_USD,Q,2020-Q4,604217789363.253,6,,,,GBP,CO,NV,,USD,O,,
dataflow,IMF.STA:COFER(7.0.1),R,G001,AFXRA,CI_GBP,NV_USD,Q,2021-Q1,596628071306.576,6,,,,GBP,CO,NV,,USD,O,,
dataflow,IMF.STA:COFER(7.0.1),R,G001,AFXRA,CI_GBP,NV_USD,Q,2021-Q2,608917879802.896,6,,,,GBP,CO,NV,,USD,O,,
dataflow,IMF.STA:COFER(7.0.1),R,G001,AFXRA,CI_GBP,NV_USD,Q,2021-Q3,607955989968.029,6,,,,GBP,CO,NV,,USD,O,,
dataflow,IMF.STA:COFER(7.0.1),R,G001,AFXRA,CI_GBP,NV_USD,Q,2021-Q4,630272353471.227,6,,,,GBP,CO,NV,,USD,O,,
dataflow,IMF.STA:COFER(7.0.1),R,G001,AFXRA,CI_GBP,NV_USD,Q,2022-Q1,613716442891.639,6,,,,GBP,CO,NV,,USD,O,,
dataflow,IMF.STA:COFER(7.0.1),R,G001,AFXRA,CI_GBP,NV_USD,Q,2022-Q2,585214864555.139,6,,,,GBP,CO,NV,,USD,O,,
dataflow,IMF.STA:COFER(7.0.1),R,G001,AFXRA,CI_GBP,NV_USD,Q,2022-Q3,546981691603.478,6,,,,GBP,CO,NV,,USD,O,,
dataflow,IMF.STA:COFER(7.0.1),R,G001,AFXRA,CI_GBP,NV_USD,Q,2022-Q4,599378140582.87,6,,,,GBP,CO,NV,,USD,O,,
dataflow,IMF.STA:COFER(7.0.1),R,G001,AFXRA,CI_GBP,NV_USD,Q,2023-Q1,556192505033.855,6,,,,GBP,CO,NV,,USD,O,,
dataflow,IMF.STA:COFER(7.0.1),R,G001,AFXRA,CI_GBP,NV_USD,Q,2023-Q2,564939156737.311,6,,,,GBP,CO,NV,,USD,O,,
dataflow,IMF.STA:COFER(7.0.1),R,G001,AFXRA,CI_GBP,NV_USD,Q,2023-Q3,571024485634.156,6,,,,GBP,CO,NV,,USD,O,,
dataflow,IMF.STA:COFER(7.0.1),R,G001,AFXRA,CI_GBP,NV_USD,Q,2023-Q4,589550966305.422,6,,,,GBP,CO,NV,,USD,O,,
dataflow,IMF.STA:COFER(7.0.1),R,G001,AFXRA,CI_GBP,NV_USD,Q,2024-Q1,595535469663.042,6,,,,GBP,CO,NV,,USD,O,,
dataflow,IMF.STA:COFER(7.0.1),R,G001,AFXRA,CI_GBP,NV_USD,Q,2024-Q2,588202321754.443,6,,,,GBP,CO,NV,,USD,O,,
dataflow,IMF.STA:COFER(7.0.1),R,G001,AFXRA,CI_GBP,NV_USD,Q,2024-Q3,617878624285.082,6,,,,GBP,CO,NV,,USD,O,,
dataflow,IMF.STA:COFER(7.0.1),R,G001,AFXRA,CI_GBP,NV_USD,Q,2024-Q4,566897420198.302,6,,,,GBP,CO,NV,,USD,O,,
dataflow,IMF.STA:COFER(7.0.1),R,G001,AFXRA,CI_GBP,NV_USD,Q,2025-Q1,576346442826.503,6,,,,GBP,CO,NV,,USD,O,,
dataflow,IMF.STA:COFER(7.0.1),R,G001,AFXRA,CI_GBP,NV_USD,Q,2025-Q2,610240025035.435,6,,,,GBP,CO,NV,,USD,O,,
dataflow,IMF.STA:COFER(7.0.1),R,G001,AFXRA,CI_GBP,NV_USD,Q,2025-Q3,587771664621.186,6,,,,GBP,CO,NV,,USD,O,,
dataflow,IMF.STA:COFER(7.0.1),R,G001,AFXRA,CI_GBP,NV_USD,Q,2025-Q4,579635734566.264,6,,,,GBP,CO,NV,,USD,O,,
dataflow,IMF.STA:COFER(7.0.1),R,G001,AFXRA,CI_GBP,NV_USD,Q,2026-Q1,576458925792.361,6,,,,GBP,CO,NV,,USD,O,,
dataflow,IMF.STA:COFER(7.0.1),R,G001,AFXRA,CI_GBP,SHRO_PT,A,1995,2.11311047230706,0,,,,GBP,,,SHRO,PT,O,,
dataflow,IMF.STA:COFER(7.0.1),R,G001,AFXRA,CI_GBP,SHRO_PT,A,1996,2.68168556037837,0,,,,GBP,,,SHRO,PT,O,,
dataflow,IMF.STA:COFER(7.0.1),R,G001,AFXRA,CI_GBP,SHRO_PT,A,1997,2.58043485154519,0,,,,GBP,,,SHRO,PT,O,,
dataflow,IMF.STA:COFER(7.0.1),R,G001,AFXRA,CI_GBP,SHRO_PT,A,1998,2.66156941600959,0,,,,GBP,,,SHRO,PT,O,,
dataflow,IMF.STA:COFER(7.0.1),R,G001,AFXRA,CI_GBP,SHRO_PT,A,1999,2.88665858331864,0,,,,GBP,,,SHRO,PT,O,,
dataflow,IMF.STA:COFER(7.0.1),R,G001,AFXRA,CI_GBP,SHRO_PT,A,2000,3.41293387565885,0,,,,GBP,,,SHRO,PT,O,,
dataflow,IMF.STA:COFER(7.0.1),R,G001,AFXRA,CI_GBP,SHRO_PT,A,2001,3.10724716877079,0,,,,GBP,,,SHRO,PT,O,,
dataflow,IMF.STA:COFER(7.0.1),R,G001,AFXRA,CI_GBP,SHRO_PT,A,2002,3.67276693852855,0,,,,GBP,,,SHRO,PT,O,,
dataflow,IMF.STA:COFER(7.0.1),R,G001,AFXRA,CI_GBP,SHRO_PT,A,2003,3.87014410029142,0,,,,GBP,,,SHRO,PT,O,,
dataflow,IMF.STA:COFER(7.0.1),R,G001,AFXRA,CI_GBP,SHRO_PT,A,2004,4.58606763238653,0,,,,GBP,,,SHRO,PT,O,,
dataflow,IMF.STA:COFER(7.0.1),R,G001,AFXRA,CI_GBP,SHRO_PT,A,2005,4.74683443670868,0,,,,GBP,,,SHRO,PT,O,,
dataflow,IMF.STA:COFER(7.0.1),R,G001,AFXRA,CI_GBP,SHRO_PT,A,2006,5.30450235240327,0,,,,GBP,,,SHRO,PT,O,,
dataflow,IMF.STA:COFER(7.0.1),R,G001,AFXRA,CI_GBP,SHRO_PT,A,2007,5.66413439912333,0,,,,GBP,,,SHRO,PT,O,,
dataflow,IMF.STA:COFER(7.0.1),R,G001,AFXRA,CI_GBP,SHRO_PT,A,2008,4.90925836295223,0,,,,GBP,,,SHRO,PT,O,,
dataflow,IMF.STA:COFER(7.0.1),R,G001,AFXRA,CI_GBP,SHRO_PT,A,2009,4.99987590374293,0,,,,GBP,,,SHRO,PT,O,,
dataflow,IMF.STA:COFER(7.0.1),R,G001,AFXRA,CI_GBP,SHRO_PT,A,2010,4.78018949206419,0,,,,GBP,,,SHRO,PT,O,,
dataflow,IMF.STA:COFER(7.0.1),R,G001,AFXRA,CI_GBP,SHRO_PT,A,2011,4.62188079694987,0,,,,GBP,,,SHRO,PT,O,,
dataflow,IMF.STA:COFER(7.0.1),R,G001,AFXRA,CI_GBP,SHRO_PT,A,2012,4.72561568692161,0,,,,GBP,,,SHRO,PT,O,,
dataflow,IMF.STA:COFER(7.0.1),R,G001,AFXRA,CI_GBP,SHRO_PT,A,2013,4.78086828411831,0,,,,GBP,,,SHRO,PT,O,,
dataflow,IMF.STA:COFER(7.0.1),R,G001,AFXRA,CI_GBP,SHRO_PT,A,2014,4.71489443283316,0,,,,GBP,,,SHRO,PT,O,,
dataflow,IMF.STA:COFER(7.0.1),R,G001,AFXRA,CI_GBP,SHRO_PT,A,2015,5.1739613,0,,,,GBP,,,SHRO,PT,O,,
dataflow,IMF.STA:COFER(7.0.1),R,G001,AFXRA,CI_GBP,SHRO_PT,A,2016,4.6653463,0,,,,GBP,,,SHRO,PT,O,,
dataflow,IMF.STA:COFER(7.0.1),R,G001,AFXRA,CI_GBP,SHRO_PT,A,2017,4.7383995,0,,,,GBP,,,SHRO,PT,O,,
dataflow,IMF.STA:COFER(7.0.1),R,G001,AFXRA,CI_GBP,SHRO_PT,A,2018,4.51065926608886,0,,,,GBP,,,SHRO,PT,O,,
dataflow,IMF.STA:COFER(7.0.1),R,G001,AFXRA,CI_GBP,SHRO_PT,A,2019,4.67430408283664,0,,,,GBP,,,SHRO,PT,O,,
dataflow,IMF.STA:COFER(7.0.1),R,G001,AFXRA,CI_GBP,SHRO_PT,A,2020,4.75989428484355,0,,,,GBP,,,SHRO,PT,O,,
dataflow,IMF.STA:COFER(7.0.1),R,G001,AFXRA,CI_GBP,SHRO_PT,A,2021,4.88048726251867,0,,,,GBP,,,SHRO,PT,O,,
dataflow,IMF.STA:COFER(7.0.1),R,G001,AFXRA,CI_GBP,SHRO_PT,A,2022,5.04337692260742,0,,,,GBP,,,SHRO,PT,O,,
dataflow,IMF.STA:COFER(7.0.1),R,G001,AFXRA,CI_GBP,SHRO_PT,A,2023,4.78724718093872,0,,,,GBP,,,SHRO,PT,O,,
dataflow,IMF.STA:COFER(7.0.1),R,G001,AFXRA,CI_GBP,SHRO_PT,A,2024,4.59764337539673,0,,,,GBP,,,SHRO,PT,O,,
dataflow,IMF.STA:COFER(7.0.1),R,G001,AFXRA,CI_GBP,SHRO_PT,A,2025,4.40899515151978,0,,,,GBP,,,SHRO,PT,O,,
dataflow,IMF.STA:COFER(7.0.1),R,G001,AFXRA,CI_GBP,SHRO_PT,Q,1999-Q1,2.74441713866842,0,,,,GBP,,,SHRO,PT,O,,
dataflow,IMF.STA:COFER(7.0.1),R,G001,AFXRA,CI_GBP,SHRO_PT,Q,1999-Q2,2.79289304441442,0,,,,GBP,,,SHRO,PT,O,,
dataflow,IMF.STA:COFER(7.0.1),R,G001,AFXRA,CI_GBP,SHRO_PT,Q,1999-Q3,2.79625957346672,0,,,,GBP,,,SHRO,PT,O,,
dataflow,IMF.STA:COFER(7.0.1),R,G001,AFXRA,CI_GBP,SHRO_PT,Q,1999-Q4,2.88665858331864,0,,,,GBP,,,SHRO,PT,O,,
dataflow,IMF.STA:COFER(7.0.1),R,G001,AFXRA,CI_GBP,SHRO_PT,Q,2000-Q1,3.80565808850985,0,,,,GBP,,,SHRO,PT,O,,
dataflow,IMF.STA:COFER(7.0.1),R,G001,AFXRA,CI_GBP,SHRO_PT,Q,2000-Q2,3.27907174864619,0,,,,GBP,,,SHRO,PT,O,,
dataflow,IMF.STA:COFER(7.0.1),R,G001,AFXRA,CI_GBP,SHRO_PT,Q,2000-Q3,3.30999938865111,0,,,,GBP,,,SHRO,PT,O,,
dataflow,IMF.STA:COFER(7.0.1),R,G001,AFXRA,CI_GBP,SHRO_PT,Q,2000-Q4,3.41293387565885,0,,,,GBP,,,SHRO,PT,O,,
dataflow,IMF.STA:COFER(7.0.1),R,G001,AFXRA,CI_GBP,SHRO_PT,Q,2001-Q1,3.38776502267296,0,,,,GBP,,,SHRO,PT,O,,
dataflow,IMF.STA:COFER(7.0.1),R,G001,AFXRA,CI_GBP,SHRO_PT,Q,2001-Q2,3.12644789829308,0,,,,GBP,,,SHRO,PT,O,,
dataflow,IMF.STA:COFER(7.0.1),R,G001,AFXRA,CI_GBP,SHRO_PT,Q,2001-Q3,3.06928099864589,0,,,,GBP,,,SHRO,PT,O,,
dataflow,IMF.STA:COFER(7.0.1),R,G001,AFXRA,CI_GBP,SHRO_PT,Q,2001-Q4,3.10724716877079,0,,,,GBP,,,SHRO,PT,O,,
dataflow,IMF.STA:COFER(7.0.1),R,G001,AFXRA,CI_GBP,SHRO_PT,Q,2002-Q1,3.29174476524937,0,,,,GBP,,,SHRO,PT,O,,
dataflow,IMF.STA:COFER(7.0.1),R,G001,AFXRA,CI_GBP,SHRO_PT,Q,2002-Q2,3.25522443181557,0,,,,GBP,,,SHRO,PT,O,,
dataflow,IMF.STA:COFER(7.0.1),R,G001,AFXRA,CI_GBP,SHRO_PT,Q,2002-Q3,3.58740482269655,0,,,,GBP,,,SHRO,PT,O,,
dataflow,IMF.STA:COFER(7.0.1),R,G001,AFXRA,CI_GBP,SHRO_PT,Q,2002-Q4,3.67276693852855,0,,,,GBP,,,SHRO,PT,O,,
dataflow,IMF.STA:COFER(7.0.1),R,G001,AFXRA,CI_GBP,SHRO_PT,Q,2003-Q1,3.49080344798615,0,,,,GBP,,,SHRO,PT,O,,
dataflow,IMF.STA:COFER(7.0.1),R,G001,AFXRA,CI_GBP,SHRO_PT,Q,2003-Q2,3.50409443990468,0,,,,GBP,,,SHRO,PT,O,,
dataflow,IMF.STA:COFER(7.0.1),R,G001,AFXRA,CI_GBP,SHRO_PT,Q,2003-Q3,3.4881645545855,0,,,,GBP,,,SHRO,PT,O,,
dataflow,IMF.STA:COFER(7.0.1),R,G001,AFXRA,CI_GBP,SHRO_PT,Q,2003-Q4,3.87014410029142,0,,,,GBP,,,SHRO,PT,O,,
dataflow,IMF.STA:COFER(7.0.1),R,G001,AFXRA,CI_GBP,SHRO_PT,Q,2004-Q1,4.00587867011783,0,,,,GBP,,,SHRO,PT,O,,
dataflow,IMF.STA:COFER(7.0.1),R,G001,AFXRA,CI_GBP,SHRO_PT,Q,2004-Q2,4.07030986164614,0,,,,GBP,,,SHRO,PT,O,,
dataflow,IMF.STA:COFER(7.0.1),R,G001,AFXRA,CI_GBP,SHRO_PT,Q,2004-Q3,4.33168723083639,0,,,,GBP,,,SHRO,PT,O,,
dataflow,IMF.STA:COFER(7.0.1),R,G001,AFXRA,CI_GBP,SHRO_PT,Q,2004-Q4,4.58606763238653,0,,,,GBP,,,SHRO,PT,O,,
dataflow,IMF.STA:COFER(7.0.1),R,G001,AFXRA,CI_GBP,SHRO_PT,Q,2005-Q1,4.68114567027959,0,,,,GBP,,,SHRO,PT,O,,
dataflow,IMF.STA:COFER(7.0.1),R,G001,AFXRA,CI_GBP,SHRO_PT,Q,2005-Q2,4.65260265580003,0,,,,GBP,,,SHRO,PT,O,,
dataflow,IMF.STA:COFER(7.0.1),R,G001,AFXRA,CI_GBP,SHRO_PT,Q,2005-Q3,4.65064623472533,0,,,,GBP,,,SHRO,PT,O,,
dataflow,IMF.STA:COFER(7.0.1),R,G001,AFXRA,CI_GBP,SHRO_PT,Q,2005-Q4,4.74683443670868,0,,,,GBP,,,SHRO,PT,O,,
dataflow,IMF.STA:COFER(7.0.1),R,G001,AFXRA,CI_GBP,SHRO_PT,Q,2006-Q1,5.03762439776006,0,,,,GBP,,,SHRO,PT,O,,
dataflow,IMF.STA:COFER(7.0.1),R,G001,AFXRA,CI_GBP,SHRO_PT,Q,2006-Q2,5.20648254703661,0,,,,GBP,,,SHRO,PT,O,,
dataflow,IMF.STA:COFER(7.0.1),R,G001,AFXRA,CI_GBP,SHRO_PT,Q,2006-Q3,5.22796628617241,0,,,,GBP,,,SHRO,PT,O,,
dataflow,IMF.STA:COFER(7.0.1),R,G001,AFXRA,CI_GBP,SHRO_PT,Q,2006-Q4,5.30450235240327,0,,,,GBP,,,SHRO,PT,O,,
dataflow,IMF.STA:COFER(7.0.1),R,G001,AFXRA,CI_GBP,SHRO_PT,Q,2007-Q1,5.10799281326877,0,,,,GBP,,,SHRO,PT,O,,
dataflow,IMF.STA:COFER(7.0.1),R,G001,AFXRA,CI_GBP,SHRO_PT,Q,2007-Q2,5.4755494320204,0,,,,GBP,,,SHRO,PT,O,,
dataflow,IMF.STA:COFER(7.0.1),R,G001,AFXRA,CI_GBP,SHRO_PT,Q,2007-Q3,5.33890734568154,0,,,,GBP,,,SHRO,PT,O,,
dataflow,IMF.STA:COFER(7.0.1),R,G001,AFXRA,CI_GBP,SHRO_PT,Q,2007-Q4,5.66413439912333,0,,,,GBP,,,SHRO,PT,O,,
dataflow,IMF.STA:COFER(7.0.1),R,G001,AFXRA,CI_GBP,SHRO_PT,Q,2008-Q1,5.22946327699782,0,,,,GBP,,,SHRO,PT,O,,
dataflow,IMF.STA:COFER(7.0.1),R,G001,AFXRA,CI_GBP,SHRO_PT,Q,2008-Q2,5.33113480977463,0,,,,GBP,,,SHRO,PT,O,,
dataflow,IMF.STA:COFER(7.0.1),R,G001,AFXRA,CI_GBP,SHRO_PT,Q,2008-Q3,5.2317249370122,0,,,,GBP,,,SHRO,PT,O,,
dataflow,IMF.STA:COFER(7.0.1),R,G001,AFXRA,CI_GBP,SHRO_PT,Q,2008-Q4,4.90925836295223,0,,,,GBP,,,SHRO,PT,O,,
dataflow,IMF.STA:COFER(7.0.1),R,G001,AFXRA,CI_GBP,SHRO_PT,Q,2009-Q1,4.74984028659825,0,,,,GBP,,,SHRO,PT,O,,
dataflow,IMF.STA:COFER(7.0.1),R,G001,AFXRA,CI_GBP,SHRO_PT,Q,2009-Q2,5.10846384353806,0,,,,GBP,,,SHRO,PT,O,,
dataflow,IMF.STA:COFER(7.0.1),R,G001,AFXRA,CI_GBP,SHRO_PT,Q,2009-Q3,5.15252934219309,0,,,,GBP,,,SHRO,PT,O,,
dataflow,IMF.STA:COFER(7.0.1),R,G001,AFXRA,CI_GBP,SHRO_PT,Q,2009-Q4,4.99987590374293,0,,,,GBP,,,SHRO,PT,O,,
dataflow,IMF.STA:COFER(7.0.1),R,G001,AFXRA,CI_GBP,SHRO_PT,Q,2010-Q1,5.07019816095642,0,,,,GBP,,,SHRO,PT,O,,
dataflow,IMF.STA:COFER(7.0.1),R,G001,AFXRA,CI_GBP,SHRO_PT,Q,2010-Q2,4.89762958298445,0,,,,GBP,,,SHRO,PT,O,,
dataflow,IMF.STA:COFER(7.0.1),R,G001,AFXRA,CI_GBP,SHRO_PT,Q,2010-Q3,4.81722319148194,0,,,,GBP,,,SHRO,PT,O,,
dataflow,IMF.STA:COFER(7.0.1),R,G001,AFXRA,CI_GBP,SHRO_PT,Q,2010-Q4,4.78018949206419,0,,,,GBP,,,SHRO,PT,O,,
dataflow,IMF.STA:COFER(7.0.1),R,G001,AFXRA,CI_GBP,SHRO_PT,Q,2011-Q1,4.77990911234316,0,,,,GBP,,,SHRO,PT,O,,
dataflow,IMF.STA:COFER(7.0.1),R,G001,AFXRA,CI_GBP,SHRO_PT,Q,2011-Q2,4.76235045673983,0,,,,GBP,,,SHRO,PT,O,,
dataflow,IMF.STA:COFER(7.0.1),R,G001,AFXRA,CI_GBP,SHRO_PT,Q,2011-Q3,4.66041240403438,0,,,,GBP,,,SHRO,PT,O,,
dataflow,IMF.STA:COFER(7.0.1),R,G001,AFXRA,CI_GBP,SHRO_PT,Q,2011-Q4,4.62188079694987,0,,,,GBP,,,SHRO,PT,O,,
dataflow,IMF.STA:COFER(7.0.1),R,G001,AFXRA,CI_GBP,SHRO_PT,Q,2012-Q1,4.73163114317936,0,,,,GBP,,,SHRO,PT,O,,
dataflow,IMF.STA:COFER(7.0.1),R,G001,AFXRA,CI_GBP,SHRO_PT,Q,2012-Q2,4.62632884372613,0,,,,GBP,,,SHRO,PT,O,,
dataflow,IMF.STA:COFER(7.0.1),R,G001,AFXRA,CI_GBP,SHRO_PT,Q,2012-Q3,4.80236604142083,0,,,,GBP,,,SHRO,PT,O,,
dataflow,IMF.STA:COFER(7.0.1),R,G001,AFXRA,CI_GBP,SHRO_PT,Q,2012-Q4,4.72561568692161,0,,,,GBP,,,SHRO,PT,O,,
dataflow,IMF.STA:COFER(7.0.1),R,G001,AFXRA,CI_GBP,SHRO_PT,Q,2013-Q1,4.63859420666213,0,,,,GBP,,,SHRO,PT,O,,
dataflow,IMF.STA:COFER(7.0.1),R,G001,AFXRA,CI_GBP,SHRO_PT,Q,2013-Q2,4.61064352718478,0,,,,GBP,,,SHRO,PT,O,,
dataflow,IMF.STA:COFER(7.0.1),R,G001,AFXRA,CI_GBP,SHRO_PT,Q,2013-Q3,4.6997069587593,0,,,,GBP,,,SHRO,PT,O,,
dataflow,IMF.STA:COFER(7.0.1),R,G001,AFXRA,CI_GBP,SHRO_PT,Q,2013-Q4,4.78086828411831,0,,,,GBP,,,SHRO,PT,O,,
dataflow,IMF.STA:COFER(7.0.1),R,G001,AFXRA,CI_GBP,SHRO_PT,Q,2014-Q1,4.72027684034123,0,,,,GBP,,,SHRO,PT,O,,
dataflow,IMF.STA:COFER(7.0.1),R,G001,AFXRA,CI_GBP,SHRO_PT,Q,2014-Q2,4.71929170677062,0,,,,GBP,,,SHRO,PT,O,,
dataflow,IMF.STA:COFER(7.0.1),R,G001,AFXRA,CI_GBP,SHRO_PT,Q,2014-Q3,4.68728615042315,0,,,,GBP,,,SHRO,PT,O,,
dataflow,IMF.STA:COFER(7.0.1),R,G001,AFXRA,CI_GBP,SHRO_PT,Q,2014-Q4,4.71489443283316,0,,,,GBP,,,SHRO,PT,O,,
dataflow,IMF.STA:COFER(7.0.1),R,G001,AFXRA,CI_GBP,SHRO_PT,Q,2015-Q1,4.76068834385825,0,,,,GBP,,,SHRO,PT,O,,
dataflow,IMF.STA:COFER(7.0.1),R,G001,AFXRA,CI_GBP,SHRO_PT,Q,2015-Q2,5.1236672,0,,,,GBP,,,SHRO,PT,O,,
dataflow,IMF.STA:COFER(7.0.1),R,G001,AFXRA,CI_GBP,SHRO_PT,Q,2015-Q3,5.0512023,0,,,,GBP,,,SHRO,PT,O,,
dataflow,IMF.STA:COFER(7.0.1),R,G001,AFXRA,CI_GBP,SHRO_PT,Q,2015-Q4,5.1739613,0,,,,GBP,,,SHRO,PT,O,,
dataflow,IMF.STA:COFER(7.0.1),R,G001,AFXRA,CI_GBP,SHRO_PT,Q,2016-Q1,5.0138895,0,,,,GBP,,,SHRO,PT,O,,
dataflow,IMF.STA:COFER(7.0.1),R,G001,AFXRA,CI_GBP,SHRO_PT,Q,2016-Q2,4.8741854,0,,,,GBP,,,SHRO,PT,O,,
dataflow,IMF.STA:COFER(7.0.1),R,G001,AFXRA,CI_GBP,SHRO_PT,Q,2016-Q3,4.6889365,0,,,,GBP,,,SHRO,PT,O,,
dataflow,IMF.STA:COFER(7.0.1),R,G001,AFXRA,CI_GBP,SHRO_PT,Q,2016-Q4,4.6653463,0,,,,GBP,,,SHRO,PT,O,,
dataflow,IMF.STA:COFER(7.0.1),R,G001,AFXRA,CI_GBP,SHRO_PT,Q,2017-Q1,4.5689983,0,,,,GBP,,,SHRO,PT,O,,
dataflow,IMF.STA:COFER(7.0.1),R,G001,AFXRA,CI_GBP,SHRO_PT,Q,2017-Q2,4.6864698,0,,,,GBP,,,SHRO,PT,O,,
dataflow,IMF.STA:COFER(7.0.1),R,G001,AFXRA,CI_GBP,SHRO_PT,Q,2017-Q3,4.7344992,0,,,,GBP,,,SHRO,PT,O,,
dataflow,IMF.STA:COFER(7.0.1),R,G001,AFXRA,CI_GBP,SHRO_PT,Q,2017-Q4,4.7383995,0,,,,GBP,,,SHRO,PT,O,,
dataflow,IMF.STA:COFER(7.0.1),R,G001,AFXRA,CI_GBP,SHRO_PT,Q,2018-Q1,4.7625773,0,,,,GBP,,,SHRO,PT,O,,
dataflow,IMF.STA:COFER(7.0.1),R,G001,AFXRA,CI_GBP,SHRO_PT,Q,2018-Q2,4.5744251,0,,,,GBP,,,SHRO,PT,O,,
dataflow,IMF.STA:COFER(7.0.1),R,G001,AFXRA,CI_GBP,SHRO_PT,Q,2018-Q3,4.53231660029944,0,,,,GBP,,,SHRO,PT,O,,
dataflow,IMF.STA:COFER(7.0.1),R,G001,AFXRA,CI_GBP,SHRO_PT,Q,2018-Q4,4.51065926608886,0,,,,GBP,,,SHRO,PT,O,,
dataflow,IMF.STA:COFER(7.0.1),R,G001,AFXRA,CI_GBP,SHRO_PT,Q,2019-Q1,4.58787273763345,0,,,,GBP,,,SHRO,PT,O,,
dataflow,IMF.STA:COFER(7.0.1),R,G001,AFXRA,CI_GBP,SHRO_PT,Q,2019-Q2,4.53073704908933,0,,,,GBP,,,SHRO,PT,O,,
dataflow,IMF.STA:COFER(7.0.1),R,G001,AFXRA,CI_GBP,SHRO_PT,Q,2019-Q3,4.51966307823698,0,,,,GBP,,,SHRO,PT,O,,
dataflow,IMF.STA:COFER(7.0.1),R,G001,AFXRA,CI_GBP,SHRO_PT,Q,2019-Q4,4.67430408283664,0,,,,GBP,,,SHRO,PT,O,,
dataflow,IMF.STA:COFER(7.0.1),R,G001,AFXRA,CI_GBP,SHRO_PT,Q,2020-Q1,4.44366067256886,0,,,,GBP,,,SHRO,PT,O,,
dataflow,IMF.STA:COFER(7.0.1),R,G001,AFXRA,CI_GBP,SHRO_PT,Q,2020-Q2,4.52416400387715,0,,,,GBP,,,SHRO,PT,O,,
dataflow,IMF.STA:COFER(7.0.1),R,G001,AFXRA,CI_GBP,SHRO_PT,Q,2020-Q3,4.5978481693677,0,,,,GBP,,,SHRO,PT,O,,
dataflow,IMF.STA:COFER(7.0.1),R,G001,AFXRA,CI_GBP,SHRO_PT,Q,2020-Q4,4.75989428484355,0,,,,GBP,,,SHRO,PT,O,,
dataflow,IMF.STA:COFER(7.0.1),R,G001,AFXRA,CI_GBP,SHRO_PT,Q,2021-Q1,4.74656405051008,0,,,,GBP,,,SHRO,PT,O,,
dataflow,IMF.STA:COFER(7.0.1),R,G001,AFXRA,CI_GBP,SHRO_PT,Q,2021-Q2,4.7583225478778,0,,,,GBP,,,SHRO,PT,O,,
dataflow,IMF.STA:COFER(7.0.1),R,G001,AFXRA,CI_GBP,SHRO_PT,Q,2021-Q3,4.74118517167343,0,,,,GBP,,,SHRO,PT,O,,
dataflow,IMF.STA:COFER(7.0.1),R,G001,AFXRA,CI_GBP,SHRO_PT,Q,2021-Q4,4.88048726251867,0,,,,GBP,,,SHRO,PT,O,,
dataflow,IMF.STA:COFER(7.0.1),R,G001,AFXRA,CI_GBP,SHRO_PT,Q,2022-Q1,4.90556812286377,0,,,,GBP,,,SHRO,PT,O,,
dataflow,IMF.STA:COFER(7.0.1),R,G001,AFXRA,CI_GBP,SHRO_PT,Q,2022-Q2,4.88692617416382,0,,,,GBP,,,SHRO,PT,O,,
dataflow,IMF.STA:COFER(7.0.1),R,G001,AFXRA,CI_GBP,SHRO_PT,Q,2022-Q3,4.75057029724121,0,,,,GBP,,,SHRO,PT,O,,
dataflow,IMF.STA:COFER(7.0.1),R,G001,AFXRA,CI_GBP,SHRO_PT,Q,2022-Q4,5.04337692260742,0,,,,GBP,,,SHRO,PT,O,,
dataflow,IMF.STA:COFER(7.0.1),R,G001,AFXRA,CI_GBP,SHRO_PT,Q,2023-Q1,4.6345739364624,0,,,,GBP,,,SHRO,PT,O,,
dataflow,IMF.STA:COFER(7.0.1),R,G001,AFXRA,CI_GBP,SHRO_PT,Q,2023-Q2,4.69672155380249,0,,,,GBP,,,SHRO,PT,O,,
dataflow,IMF.STA:COFER(7.0.1),R,G001,AFXRA,CI_GBP,SHRO_PT,Q,2023-Q3,4.83104801177979,0,,,,GBP,,,SHRO,PT,O,,
dataflow,IMF.STA:COFER(7.0.1),R,G001,AFXRA,CI_GBP,SHRO_PT,Q,2023-Q4,4.78724718093872,0,,,,GBP,,,SHRO,PT,O,,
dataflow,IMF.STA:COFER(7.0.1),R,G001,AFXRA,CI_GBP,SHRO_PT,Q,2024-Q1,4.82227849960327,0,,,,GBP,,,SHRO,PT,O,,
dataflow,IMF.STA:COFER(7.0.1),R,G001,AFXRA,CI_GBP,SHRO_PT,Q,2024-Q2,4.77633476257324,0,,,,GBP,,,SHRO,PT,O,,
dataflow,IMF.STA:COFER(7.0.1),R,G001,AFXRA,CI_GBP,SHRO_PT,Q,2024-Q3,4.85488557815552,0,,,,GBP,,,SHRO,PT,O,,
dataflow,IMF.STA:COFER(7.0.1),R,G001,AFXRA,CI_GBP,SHRO_PT,Q,2024-Q4,4.59764337539673,0,,,,GBP,,,SHRO,PT,O,,
dataflow,IMF.STA:COFER(7.0.1),R,G001,AFXRA,CI_GBP,SHRO_PT,Q,2025-Q1,4.61062717437744,0,,,,GBP,,,SHRO,PT,O,,
dataflow,IMF.STA:COFER(7.0.1),R,G001,AFXRA,CI_GBP,SHRO_PT,Q,2025-Q2,4.7155385017395,0,,,,GBP,,,SHRO,PT,O,,
dataflow,IMF.STA:COFER(7.0.1),R,G001,AFXRA,CI_GBP,SHRO_PT,Q,2025-Q3,4.50954055786133,0,,,,GBP,,,SHRO,PT,O,,
dataflow,IMF.STA:COFER(7.0.1),R,G001,AFXRA,CI_GBP,SHRO_PT,Q,2025-Q4,4.40899515151978,0,,,,GBP,,,SHRO,PT,O,,
dataflow,IMF.STA:COFER(7.0.1),R,G001,AFXRA,CI_GBP,SHRO_PT,Q,2026-Q1,4.39880514144898,0,,,,GBP,,,SHRO,PT,O,,
dataflow,IMF.STA:COFER(7.0.1),R,G001,AFXRA,CI_JPY,NV_USD,A,1995,70070639145,6,,,,JPY,CO,NV,,USD,O,,
dataflow,IMF.STA:COFER(7.0.1),R,G001,AFXRA,CI_JPY,NV_USD,A,1996,82307441000,6,,,,JPY,CO,NV,,USD,O,,
dataflow,IMF.STA:COFER(7.0.1),R,G001,AFXRA,CI_JPY,NV_USD,A,1997,73487323000,6,,,,JPY,CO,NV,,USD,O,,
dataflow,IMF.STA:COFER(7.0.1),R,G001,AFXRA,CI_JPY,NV_USD,A,1998,80029361412.4839,6,,,,JPY,CO,NV,,USD,O,,
dataflow,IMF.STA:COFER(7.0.1),R,G001,AFXRA,CI_JPY,NV_USD,A,1999,87938694898.2778,6,,,,JPY,CO,NV,,USD,O,,
dataflow,IMF.STA:COFER(7.0.1),R,G001,AFXRA,CI_JPY,NV_USD,A,2000,126811281269.99,6,,,,JPY,CO,NV,,USD,O,,
dataflow,IMF.STA:COFER(7.0.1),R,G001,AFXRA,CI_JPY,NV_USD,A,2001,111184156932.065,6,,,,JPY,CO,NV,,USD,O,,
dataflow,IMF.STA:COFER(7.0.1),R,G001,AFXRA,CI_JPY,NV_USD,A,2002,135716145567.5,6,,,,JPY,CO,NV,,USD,O,,
dataflow,IMF.STA:COFER(7.0.1),R,G001,AFXRA,CI_JPY,NV_USD,A,2003,186424310260.811,6,,,,JPY,CO,NV,,USD,O,,
dataflow,IMF.STA:COFER(7.0.1),R,G001,AFXRA,CI_JPY,NV_USD,A,2004,213297410983.39,6,,,,JPY,CO,NV,,USD,O,,
dataflow,IMF.STA:COFER(7.0.1),R,G001,AFXRA,CI_JPY,NV_USD,A,2005,209245182787.813,6,,,,JPY,CO,NV,,USD,O,,
dataflow,IMF.STA:COFER(7.0.1),R,G001,AFXRA,CI_JPY,NV_USD,A,2006,238286045532.662,6,,,,JPY,CO,NV,,USD,O,,
dataflow,IMF.STA:COFER(7.0.1),R,G001,AFXRA,CI_JPY,NV_USD,A,2007,279915171339.934,6,,,,JPY,CO,NV,,USD,O,,
dataflow,IMF.STA:COFER(7.0.1),R,G001,AFXRA,CI_JPY,NV_USD,A,2008,313291761522.495,6,,,,JPY,CO,NV,,USD,O,,
dataflow,IMF.STA:COFER(7.0.1),R,G001,AFXRA,CI_JPY,NV_USD,A,2009,273775167501.283,6,,,,JPY,CO,NV,,USD,O,,
dataflow,IMF.STA:COFER(7.0.1),R,G001,AFXRA,CI_JPY,NV_USD,A,2010,379389912937.874,6,,,,JPY,CO,NV,,USD,O,,
dataflow,IMF.STA:COFER(7.0.1),R,G001,AFXRA,CI_JPY,NV_USD,A,2011,418680127239.125,6,,,,JPY,CO,NV,,USD,O,,
dataflow,IMF.STA:COFER(7.0.1),R,G001,AFXRA,CI_JPY,NV_USD,A,2012,472856540650.85,6,,,,JPY,CO,NV,,USD,O,,
dataflow,IMF.STA:COFER(7.0.1),R,G001,AFXRA,CI_JPY,NV_USD,A,2013,478517933999.932,6,,,,JPY,CO,NV,,USD,O,,
dataflow,IMF.STA:COFER(7.0.1),R,G001,AFXRA,CI_JPY,NV_USD,A,2014,473494888566.105,6,,,,JPY,CO,NV,,USD,O,,
dataflow,IMF.STA:COFER(7.0.1),R,G001,AFXRA,CI_JPY,NV_USD,A,2015,426029664130,6,,,,JPY,CO,NV,,USD,O,,
dataflow,IMF.STA:COFER(7.0.1),R,G001,AFXRA,CI_JPY,NV_USD,A,2016,426691290000,6,,,,JPY,CO,NV,,USD,O,,
dataflow,IMF.STA:COFER(7.0.1),R,G001,AFXRA,CI_JPY,NV_USD,A,2017,546623180990,6,,,,JPY,CO,NV,,USD,O,,
dataflow,IMF.STA:COFER(7.0.1),R,G001,AFXRA,CI_JPY,NV_USD,A,2018,581443056333.668,6,,,,JPY,CO,NV,,USD,O,,
dataflow,IMF.STA:COFER(7.0.1),R,G001,AFXRA,CI_JPY,NV_USD,A,2019,687933315651.346,6,,,,JPY,CO,NV,,USD,O,,
dataflow,IMF.STA:COFER(7.0.1),R,G001,AFXRA,CI_JPY,NV_USD,A,2020,766390570049.308,6,,,,JPY,CO,NV,,USD,O,,
dataflow,IMF.STA:COFER(7.0.1),R,G001,AFXRA,CI_JPY,NV_USD,A,2021,710809093257.225,6,,,,JPY,CO,NV,,USD,O,,
dataflow,IMF.STA:COFER(7.0.1),R,G001,AFXRA,CI_JPY,NV_USD,A,2022,646590956391.612,6,,,,JPY,CO,NV,,USD,O,,
dataflow,IMF.STA:COFER(7.0.1),R,G001,AFXRA,CI_JPY,NV_USD,A,2023,670107662151.317,6,,,,JPY,CO,NV,,USD,O,,
dataflow,IMF.STA:COFER(7.0.1),R,G001,AFXRA,CI_JPY,NV_USD,A,2024,695458253090.187,6,,,,JPY,CO,NV,,USD,O,,
dataflow,IMF.STA:COFER(7.0.1),R,G001,AFXRA,CI_JPY,NV_USD,A,2025,768227454887.091,6,,,,JPY,CO,NV,,USD,O,,
dataflow,IMF.STA:COFER(7.0.1),R,G001,AFXRA,CI_JPY,NV_USD,Q,1999-Q1,74773497630.1907,6,,,,JPY,CO,NV,,USD,O,,
dataflow,IMF.STA:COFER(7.0.1),R,G001,AFXRA,CI_JPY,NV_USD,Q,1999-Q2,71673744981.0355,6,,,,JPY,CO,NV,,USD,O,,
dataflow,IMF.STA:COFER(7.0.1),R,G001,AFXRA,CI_JPY,NV_USD,Q,1999-Q3,82726030366.9,6,,,,JPY,CO,NV,,USD,O,,
dataflow,IMF.STA:COFER(7.0.1),R,G001,AFXRA,CI_JPY,NV_USD,Q,1999-Q4,87938694898.2778,6,,,,JPY,CO,NV,,USD,O,,
dataflow,IMF.STA:COFER(7.0.1),R,G001,AFXRA,CI_JPY,NV_USD,Q,2000-Q1,108165729207.653,6,,,,JPY,CO,NV,,USD,O,,
dataflow,IMF.STA:COFER(7.0.1),R,G001,AFXRA,CI_JPY,NV_USD,Q,2000-Q2,125902307026.585,6,,,,JPY,CO,NV,,USD,O,,
dataflow,IMF.STA:COFER(7.0.1),R,G001,AFXRA,CI_JPY,NV_USD,Q,2000-Q3,131825065379.723,6,,,,JPY,CO,NV,,USD,O,,
dataflow,IMF.STA:COFER(7.0.1),R,G001,AFXRA,CI_JPY,NV_USD,Q,2000-Q4,126811281269.99,6,,,,JPY,CO,NV,,USD,O,,
dataflow,IMF.STA:COFER(7.0.1),R,G001,AFXRA,CI_JPY,NV_USD,Q,2001-Q1,114931212391.529,6,,,,JPY,CO,NV,,USD,O,,
dataflow,IMF.STA:COFER(7.0.1),R,G001,AFXRA,CI_JPY,NV_USD,Q,2001-Q2,112683345072.741,6,,,,JPY,CO,NV,,USD,O,,
dataflow,IMF.STA:COFER(7.0.1),R,G001,AFXRA,CI_JPY,NV_USD,Q,2001-Q3,116793592349.466,6,,,,JPY,CO,NV,,USD,O,,
dataflow,IMF.STA:COFER(7.0.1),R,G001,AFXRA,CI_JPY,NV_USD,Q,2001-Q4,111184156932.065,6,,,,JPY,CO,NV,,USD,O,,
dataflow,IMF.STA:COFER(7.0.1),R,G001,AFXRA,CI_JPY,NV_USD,Q,2002-Q1,98221890188.4839,6,,,,JPY,CO,NV,,USD,O,,
dataflow,IMF.STA:COFER(7.0.1),R,G001,AFXRA,CI_JPY,NV_USD,Q,2002-Q2,139764855075.613,6,,,,JPY,CO,NV,,USD,O,,
dataflow,IMF.STA:COFER(7.0.1),R,G001,AFXRA,CI_JPY,NV_USD,Q,2002-Q3,134236541537.514,6,,,,JPY,CO,NV,,USD,O,,
dataflow,IMF.STA:COFER(7.0.1),R,G001,AFXRA,CI_JPY,NV_USD,Q,2002-Q4,135716145567.5,6,,,,JPY,CO,NV,,USD,O,,
dataflow,IMF.STA:COFER(7.0.1),R,G001,AFXRA,CI_JPY,NV_USD,Q,2003-Q1,153393567539.557,6,,,,JPY,CO,NV,,USD,O,,
dataflow,IMF.STA:COFER(7.0.1),R,G001,AFXRA,CI_JPY,NV_USD,Q,2003-Q2,147962505911.623,6,,,,JPY,CO,NV,,USD,O,,
dataflow,IMF.STA:COFER(7.0.1),R,G001,AFXRA,CI_JPY,NV_USD,Q,2003-Q3,161007941773.682,6,,,,JPY,CO,NV,,USD,O,,
dataflow,IMF.STA:COFER(7.0.1),R,G001,AFXRA,CI_JPY,NV_USD,Q,2003-Q4,186424310260.811,6,,,,JPY,CO,NV,,USD,O,,
dataflow,IMF.STA:COFER(7.0.1),R,G001,AFXRA,CI_JPY,NV_USD,Q,2004-Q1,211191244697.164,6,,,,JPY,CO,NV,,USD,O,,
dataflow,IMF.STA:COFER(7.0.1),R,G001,AFXRA,CI_JPY,NV_USD,Q,2004-Q2,204530462073.763,6,,,,JPY,CO,NV,,USD,O,,
dataflow,IMF.STA:COFER(7.0.1),R,G001,AFXRA,CI_JPY,NV_USD,Q,2004-Q3,200995852237.126,6,,,,JPY,CO,NV,,USD,O,,
dataflow,IMF.STA:COFER(7.0.1),R,G001,AFXRA,CI_JPY,NV_USD,Q,2004-Q4,213297410983.39,6,,,,JPY,CO,NV,,USD,O,,
dataflow,IMF.STA:COFER(7.0.1),R,G001,AFXRA,CI_JPY,NV_USD,Q,2005-Q1,191705924710.653,6,,,,JPY,CO,NV,,USD,O,,
dataflow,IMF.STA:COFER(7.0.1),R,G001,AFXRA,CI_JPY,NV_USD,Q,2005-Q2,192329635421.261,6,,,,JPY,CO,NV,,USD,O,,
dataflow,IMF.STA:COFER(7.0.1),R,G001,AFXRA,CI_JPY,NV_USD,Q,2005-Q3,192874937425.496,6,,,,JPY,CO,NV,,USD,O,,
dataflow,IMF.STA:COFER(7.0.1),R,G001,AFXRA,CI_JPY,NV_USD,Q,2005-Q4,209245182787.813,6,,,,JPY,CO,NV,,USD,O,,
dataflow,IMF.STA:COFER(7.0.1),R,G001,AFXRA,CI_JPY,NV_USD,Q,2006-Q1,199057662170.575,6,,,,JPY,CO,NV,,USD,O,,
dataflow,IMF.STA:COFER(7.0.1),R,G001,AFXRA,CI_JPY,NV_USD,Q,2006-Q2,212969121249.774,6,,,,JPY,CO,NV,,USD,O,,
dataflow,IMF.STA:COFER(7.0.1),R,G001,AFXRA,CI_JPY,NV_USD,Q,2006-Q3,217011323679.292,6,,,,JPY,CO,NV,,USD,O,,
dataflow,IMF.STA:COFER(7.0.1),R,G001,AFXRA,CI_JPY,NV_USD,Q,2006-Q4,238286045532.662,6,,,,JPY,CO,NV,,USD,O,,
dataflow,IMF.STA:COFER(7.0.1),R,G001,AFXRA,CI_JPY,NV_USD,Q,2007-Q1,217883188861.106,6,,,,JPY,CO,NV,,USD,O,,
dataflow,IMF.STA:COFER(7.0.1),R,G001,AFXRA,CI_JPY,NV_USD,Q,2007-Q2,238501000315.828,6,,,,JPY,CO,NV,,USD,O,,
dataflow,IMF.STA:COFER(7.0.1),R,G001,AFXRA,CI_JPY,NV_USD,Q,2007-Q3,241839107420.71,6,,,,JPY,CO,NV,,USD,O,,
dataflow,IMF.STA:COFER(7.0.1),R,G001,AFXRA,CI_JPY,NV_USD,Q,2007-Q4,279915171339.934,6,,,,JPY,CO,NV,,USD,O,,
dataflow,IMF.STA:COFER(7.0.1),R,G001,AFXRA,CI_JPY,NV_USD,Q,2008-Q1,310518508812.509,6,,,,JPY,CO,NV,,USD,O,,
dataflow,IMF.STA:COFER(7.0.1),R,G001,AFXRA,CI_JPY,NV_USD,Q,2008-Q2,329008076084.684,6,,,,JPY,CO,NV,,USD,O,,
dataflow,IMF.STA:COFER(7.0.1),R,G001,AFXRA,CI_JPY,NV_USD,Q,2008-Q3,328034174830.67,6,,,,JPY,CO,NV,,USD,O,,
dataflow,IMF.STA:COFER(7.0.1),R,G001,AFXRA,CI_JPY,NV_USD,Q,2008-Q4,313291761522.495,6,,,,JPY,CO,NV,,USD,O,,
dataflow,IMF.STA:COFER(7.0.1),R,G001,AFXRA,CI_JPY,NV_USD,Q,2009-Q1,260532538138.216,6,,,,JPY,CO,NV,,USD,O,,
dataflow,IMF.STA:COFER(7.0.1),R,G001,AFXRA,CI_JPY,NV_USD,Q,2009-Q2,263391918687.121,6,,,,JPY,CO,NV,,USD,O,,
dataflow,IMF.STA:COFER(7.0.1),R,G001,AFXRA,CI_JPY,NV_USD,Q,2009-Q3,276506336479.485,6,,,,JPY,CO,NV,,USD,O,,
dataflow,IMF.STA:COFER(7.0.1),R,G001,AFXRA,CI_JPY,NV_USD,Q,2009-Q4,273775167501.283,6,,,,JPY,CO,NV,,USD,O,,
dataflow,IMF.STA:COFER(7.0.1),R,G001,AFXRA,CI_JPY,NV_USD,Q,2010-Q1,300157534699.017,6,,,,JPY,CO,NV,,USD,O,,
dataflow,IMF.STA:COFER(7.0.1),R,G001,AFXRA,CI_JPY,NV_USD,Q,2010-Q2,321491860119.659,6,,,,JPY,CO,NV,,USD,O,,
dataflow,IMF.STA:COFER(7.0.1),R,G001,AFXRA,CI_JPY,NV_USD,Q,2010-Q3,359791076925.298,6,,,,JPY,CO,NV,,USD,O,,
dataflow,IMF.STA:COFER(7.0.1),R,G001,AFXRA,CI_JPY,NV_USD,Q,2010-Q4,379389912937.874,6,,,,JPY,CO,NV,,USD,O,,
dataflow,IMF.STA:COFER(7.0.1),R,G001,AFXRA,CI_JPY,NV_USD,Q,2011-Q1,396389999195.402,6,,,,JPY,CO,NV,,USD,O,,
dataflow,IMF.STA:COFER(7.0.1),R,G001,AFXRA,CI_JPY,NV_USD,Q,2011-Q2,414924977012.117,6,,,,JPY,CO,NV,,USD,O,,
dataflow,IMF.STA:COFER(7.0.1),R,G001,AFXRA,CI_JPY,NV_USD,Q,2011-Q3,419807475163.597,6,,,,JPY,CO,NV,,USD,O,,
dataflow,IMF.STA:COFER(7.0.1),R,G001,AFXRA,CI_JPY,NV_USD,Q,2011-Q4,418680127239.125,6,,,,JPY,CO,NV,,USD,O,,
dataflow,IMF.STA:COFER(7.0.1),R,G001,AFXRA,CI_JPY,NV_USD,Q,2012-Q1,444857559157.982,6,,,,JPY,CO,NV,,USD,O,,
dataflow,IMF.STA:COFER(7.0.1),R,G001,AFXRA,CI_JPY,NV_USD,Q,2012-Q2,442345300662.913,6,,,,JPY,CO,NV,,USD,O,,
dataflow,IMF.STA:COFER(7.0.1),R,G001,AFXRA,CI_JPY,NV_USD,Q,2012-Q3,484243621916.923,6,,,,JPY,CO,NV,,USD,O,,
dataflow,IMF.STA:COFER(7.0.1),R,G001,AFXRA,CI_JPY,NV_USD,Q,2012-Q4,472856540650.85,6,,,,JPY,CO,NV,,USD,O,,
dataflow,IMF.STA:COFER(7.0.1),R,G001,AFXRA,CI_JPY,NV_USD,Q,2013-Q1,469360054005.396,6,,,,JPY,CO,NV,,USD,O,,
dataflow,IMF.STA:COFER(7.0.1),R,G001,AFXRA,CI_JPY,NV_USD,Q,2013-Q2,478216682915.212,6,,,,JPY,CO,NV,,USD,O,,
dataflow,IMF.STA:COFER(7.0.1),R,G001,AFXRA,CI_JPY,NV_USD,Q,2013-Q3,489624407668.942,6,,,,JPY,CO,NV,,USD,O,,
dataflow,IMF.STA:COFER(7.0.1),R,G001,AFXRA,CI_JPY,NV_USD,Q,2013-Q4,478517933999.932,6,,,,JPY,CO,NV,,USD,O,,
dataflow,IMF.STA:COFER(7.0.1),R,G001,AFXRA,CI_JPY,NV_USD,Q,2014-Q1,495184610441.439,6,,,,JPY,CO,NV,,USD,O,,
dataflow,IMF.STA:COFER(7.0.1),R,G001,AFXRA,CI_JPY,NV_USD,Q,2014-Q2,505319211389.898,6,,,,JPY,CO,NV,,USD,O,,
dataflow,IMF.STA:COFER(7.0.1),R,G001,AFXRA,CI_JPY,NV_USD,Q,2014-Q3,484375723158.77,6,,,,JPY,CO,NV,,USD,O,,
dataflow,IMF.STA:COFER(7.0.1),R,G001,AFXRA,CI_JPY,NV_USD,Q,2014-Q4,473494888566.105,6,,,,JPY,CO,NV,,USD,O,,
dataflow,IMF.STA:COFER(7.0.1),R,G001,AFXRA,CI_JPY,NV_USD,Q,2015-Q1,474402284952.087,6,,,,JPY,CO,NV,,USD,O,,
dataflow,IMF.STA:COFER(7.0.1),R,G001,AFXRA,CI_JPY,NV_USD,Q,2015-Q2,441206998360,6,,,,JPY,CO,NV,,USD,O,,
dataflow,IMF.STA:COFER(7.0.1),R,G001,AFXRA,CI_JPY,NV_USD,Q,2015-Q3,422878830150,6,,,,JPY,CO,NV,,USD,O,,
dataflow,IMF.STA:COFER(7.0.1),R,G001,AFXRA,CI_JPY,NV_USD,Q,2015-Q4,426029664130,6,,,,JPY,CO,NV,,USD,O,,
dataflow,IMF.STA:COFER(7.0.1),R,G001,AFXRA,CI_JPY,NV_USD,Q,2016-Q1,418207867760,6,,,,JPY,CO,NV,,USD,O,,
dataflow,IMF.STA:COFER(7.0.1),R,G001,AFXRA,CI_JPY,NV_USD,Q,2016-Q2,464639629260,6,,,,JPY,CO,NV,,USD,O,,
dataflow,IMF.STA:COFER(7.0.1),R,G001,AFXRA,CI_JPY,NV_USD,Q,2016-Q3,474248055370,6,,,,JPY,CO,NV,,USD,O,,
dataflow,IMF.STA:COFER(7.0.1),R,G001,AFXRA,CI_JPY,NV_USD,Q,2016-Q4,426691290000,6,,,,JPY,CO,NV,,USD,O,,
dataflow,IMF.STA:COFER(7.0.1),R,G001,AFXRA,CI_JPY,NV_USD,Q,2017-Q1,485795479320,6,,,,JPY,CO,NV,,USD,O,,
dataflow,IMF.STA:COFER(7.0.1),R,G001,AFXRA,CI_JPY,NV_USD,Q,2017-Q2,504465654990,6,,,,JPY,CO,NV,,USD,O,,
dataflow,IMF.STA:COFER(7.0.1),R,G001,AFXRA,CI_JPY,NV_USD,Q,2017-Q3,501101113530,6,,,,JPY,CO,NV,,USD,O,,
dataflow,IMF.STA:COFER(7.0.1),R,G001,AFXRA,CI_JPY,NV_USD,Q,2017-Q4,546623180990,6,,,,JPY,CO,NV,,USD,O,,
dataflow,IMF.STA:COFER(7.0.1),R,G001,AFXRA,CI_JPY,NV_USD,Q,2018-Q1,528084902950,6,,,,JPY,CO,NV,,USD,O,,
dataflow,IMF.STA:COFER(7.0.1),R,G001,AFXRA,CI_JPY,NV_USD,Q,2018-Q2,567229700150,6,,,,JPY,CO,NV,,USD,O,,
dataflow,IMF.STA:COFER(7.0.1),R,G001,AFXRA,CI_JPY,NV_USD,Q,2018-Q3,576112319984.709,6,,,,JPY,CO,NV,,USD,O,,
dataflow,IMF.STA:COFER(7.0.1),R,G001,AFXRA,CI_JPY,NV_USD,Q,2018-Q4,581443056333.668,6,,,,JPY,CO,NV,,USD,O,,
dataflow,IMF.STA:COFER(7.0.1),R,G001,AFXRA,CI_JPY,NV_USD,Q,2019-Q1,628630967048.688,6,,,,JPY,CO,NV,,USD,O,,
dataflow,IMF.STA:COFER(7.0.1),R,G001,AFXRA,CI_JPY,NV_USD,Q,2019-Q2,661361978078.715,6,,,,JPY,CO,NV,,USD,O,,
dataflow,IMF.STA:COFER(7.0.1),R,G001,AFXRA,CI_JPY,NV_USD,Q,2019-Q3,665879604811.171,6,,,,JPY,CO,NV,,USD,O,,
dataflow,IMF.STA:COFER(7.0.1),R,G001,AFXRA,CI_JPY,NV_USD,Q,2019-Q4,687933315651.346,6,,,,JPY,CO,NV,,USD,O,,
dataflow,IMF.STA:COFER(7.0.1),R,G001,AFXRA,CI_JPY,NV_USD,Q,2020-Q1,709629713658.769,6,,,,JPY,CO,NV,,USD,O,,
dataflow,IMF.STA:COFER(7.0.1),R,G001,AFXRA,CI_JPY,NV_USD,Q,2020-Q2,688952480888.063,6,,,,JPY,CO,NV,,USD,O,,
dataflow,IMF.STA:COFER(7.0.1),R,G001,AFXRA,CI_JPY,NV_USD,Q,2020-Q3,713055603713.646,6,,,,JPY,CO,NV,,USD,O,,
dataflow,IMF.STA:COFER(7.0.1),R,G001,AFXRA,CI_JPY,NV_USD,Q,2020-Q4,766390570049.308,6,,,,JPY,CO,NV,,USD,O,,
dataflow,IMF.STA:COFER(7.0.1),R,G001,AFXRA,CI_JPY,NV_USD,Q,2021-Q1,733412402253.924,6,,,,JPY,CO,NV,,USD,O,,
dataflow,IMF.STA:COFER(7.0.1),R,G001,AFXRA,CI_JPY,NV_USD,Q,2021-Q2,710861864670.117,6,,,,JPY,CO,NV,,USD,O,,
dataflow,IMF.STA:COFER(7.0.1),R,G001,AFXRA,CI_JPY,NV_USD,Q,2021-Q3,723373513452.071,6,,,,JPY,CO,NV,,USD,O,,
dataflow,IMF.STA:COFER(7.0.1),R,G001,AFXRA,CI_JPY,NV_USD,Q,2021-Q4,710809093257.225,6,,,,JPY,CO,NV,,USD,O,,
dataflow,IMF.STA:COFER(7.0.1),R,G001,AFXRA,CI_JPY,NV_USD,Q,2022-Q1,701252166780.977,6,,,,JPY,CO,NV,,USD,O,,
dataflow,IMF.STA:COFER(7.0.1),R,G001,AFXRA,CI_JPY,NV_USD,Q,2022-Q2,643415901630.897,6,,,,JPY,CO,NV,,USD,O,,
dataflow,IMF.STA:COFER(7.0.1),R,G001,AFXRA,CI_JPY,NV_USD,Q,2022-Q3,589782364227.2,6,,,,JPY,CO,NV,,USD,O,,
dataflow,IMF.STA:COFER(7.0.1),R,G001,AFXRA,CI_JPY,NV_USD,Q,2022-Q4,646590956391.612,6,,,,JPY,CO,NV,,USD,O,,
dataflow,IMF.STA:COFER(7.0.1),R,G001,AFXRA,CI_JPY,NV_USD,Q,2023-Q1,645104459704.716,6,,,,JPY,CO,NV,,USD,O,,
dataflow,IMF.STA:COFER(7.0.1),R,G001,AFXRA,CI_JPY,NV_USD,Q,2023-Q2,658985531419.78,6,,,,JPY,CO,NV,,USD,O,,
dataflow,IMF.STA:COFER(7.0.1),R,G001,AFXRA,CI_JPY,NV_USD,Q,2023-Q3,616554661278.993,6,,,,JPY,CO,NV,,USD,O,,
dataflow,IMF.STA:COFER(7.0.1),R,G001,AFXRA,CI_JPY,NV_USD,Q,2023-Q4,670107662151.317,6,,,,JPY,CO,NV,,USD,O,,
dataflow,IMF.STA:COFER(7.0.1),R,G001,AFXRA,CI_JPY,NV_USD,Q,2024-Q1,674699133655.573,6,,,,JPY,CO,NV,,USD,O,,
dataflow,IMF.STA:COFER(7.0.1),R,G001,AFXRA,CI_JPY,NV_USD,Q,2024-Q2,679624491592.25,6,,,,JPY,CO,NV,,USD,O,,
dataflow,IMF.STA:COFER(7.0.1),R,G001,AFXRA,CI_JPY,NV_USD,Q,2024-Q3,719413874310.835,6,,,,JPY,CO,NV,,USD,O,,
dataflow,IMF.STA:COFER(7.0.1),R,G001,AFXRA,CI_JPY,NV_USD,Q,2024-Q4,695458253090.187,6,,,,JPY,CO,NV,,USD,O,,
dataflow,IMF.STA:COFER(7.0.1),R,G001,AFXRA,CI_JPY,NV_USD,Q,2025-Q1,720165493228.881,6,,,,JPY,CO,NV,,USD,O,,
dataflow,IMF.STA:COFER(7.0.1),R,G001,AFXRA,CI_JPY,NV_USD,Q,2025-Q2,733662273120.696,6,,,,JPY,CO,NV,,USD,O,,
dataflow,IMF.STA:COFER(7.0.1),R,G001,AFXRA,CI_JPY,NV_USD,Q,2025-Q3,757519170207.034,6,,,,JPY,CO,NV,,USD,O,,
dataflow,IMF.STA:COFER(7.0.1),R,G001,AFXRA,CI_JPY,NV_USD,Q,2025-Q4,768227454887.091,6,,,,JPY,CO,NV,,USD,O,,
dataflow,IMF.STA:COFER(7.0.1),R,G001,AFXRA,CI_JPY,NV_USD,Q,2026-Q1,713110837683.817,6,,,,JPY,CO,NV,,USD,O,,
dataflow,IMF.STA:COFER(7.0.1),R,G001,AFXRA,CI_JPY,SHRO_PT,A,1995,6.76899186167091,0,,,,JPY,,,SHRO,PT,O,,
dataflow,IMF.STA:COFER(7.0.1),R,G001,AFXRA,CI_JPY,SHRO_PT,A,1996,6.71238230703635,0,,,,JPY,,,SHRO,PT,O,,
dataflow,IMF.STA:COFER(7.0.1),R,G001,AFXRA,CI_JPY,SHRO_PT,A,1997,5.77151343468523,0,,,,JPY,,,SHRO,PT,O,,
dataflow,IMF.STA:COFER(7.0.1),R,G001,AFXRA,CI_JPY,SHRO_PT,A,1998,6.23871054385705,0,,,,JPY,,,SHRO,PT,O,,
dataflow,IMF.STA:COFER(7.0.1),R,G001,AFXRA,CI_JPY,SHRO_PT,A,1999,6.3737320025953,0,,,,JPY,,,SHRO,PT,O,,
dataflow,IMF.STA:COFER(7.0.1),R,G001,AFXRA,CI_JPY,SHRO_PT,A,2000,6.56175315722423,0,,,,JPY,,,SHRO,PT,O,,
dataflow,IMF.STA:COFER(7.0.1),R,G001,AFXRA,CI_JPY,SHRO_PT,A,2001,5.39521468267518,0,,,,JPY,,,SHRO,PT,O,,
dataflow,IMF.STA:COFER(7.0.1),R,G001,AFXRA,CI_JPY,SHRO_PT,A,2002,5.60352576564664,0,,,,JPY,,,SHRO,PT,O,,
dataflow,IMF.STA:COFER(7.0.1),R,G001,AFXRA,CI_JPY,SHRO_PT,A,2003,6.13064355843143,0,,,,JPY,,,SHRO,PT,O,,
dataflow,IMF.STA:COFER(7.0.1),R,G001,AFXRA,CI_JPY,SHRO_PT,A,2004,5.65184909403001,0,,,,JPY,,,SHRO,PT,O,,
dataflow,IMF.STA:COFER(7.0.1),R,G001,AFXRA,CI_JPY,SHRO_PT,A,2005,4.79884677395107,0,,,,JPY,,,SHRO,PT,O,,
dataflow,IMF.STA:COFER(7.0.1),R,G001,AFXRA,CI_JPY,SHRO_PT,A,2006,4.50033257124684,0,,,,JPY,,,SHRO,PT,O,,
dataflow,IMF.STA:COFER(7.0.1),R,G001,AFXRA,CI_JPY,SHRO_PT,A,2007,4.17151675232578,0,,,,JPY,,,SHRO,PT,O,,
dataflow,IMF.STA:COFER(7.0.1),R,G001,AFXRA,CI_JPY,SHRO_PT,A,2008,4.2603436497638,0,,,,JPY,,,SHRO,PT,O,,
dataflow,IMF.STA:COFER(7.0.1),R,G001,AFXRA,CI_JPY,SHRO_PT,A,2009,3.3482540381186,0,,,,JPY,,,SHRO,PT,O,,
dataflow,IMF.STA:COFER(7.0.1),R,G001,AFXRA,CI_JPY,SHRO_PT,A,2010,4.08750178984974,0,,,,JPY,,,SHRO,PT,O,,
dataflow,IMF.STA:COFER(7.0.1),R,G001,AFXRA,CI_JPY,SHRO_PT,A,2011,4.09394807887633,0,,,,JPY,,,SHRO,PT,O,,
dataflow,IMF.STA:COFER(7.0.1),R,G001,AFXRA,CI_JPY,SHRO_PT,A,2012,4.31272471686822,0,,,,JPY,,,SHRO,PT,O,,
dataflow,IMF.STA:COFER(7.0.1),R,G001,AFXRA,CI_JPY,SHRO_PT,A,2013,4.08914763008468,0,,,,JPY,,,SHRO,PT,O,,
dataflow,IMF.STA:COFER(7.0.1),R,G001,AFXRA,CI_JPY,SHRO_PT,A,2014,4.08148179947288,0,,,,JPY,,,SHRO,PT,O,,
dataflow,IMF.STA:COFER(7.0.1),R,G001,AFXRA,CI_JPY,SHRO_PT,A,2015,3.8998703,0,,,,JPY,,,SHRO,PT,O,,
dataflow,IMF.STA:COFER(7.0.1),R,G001,AFXRA,CI_JPY,SHRO_PT,A,2016,3.9813141,0,,,,JPY,,,SHRO,PT,O,,
dataflow,IMF.STA:COFER(7.0.1),R,G001,AFXRA,CI_JPY,SHRO_PT,A,2017,4.777054,0,,,,JPY,,,SHRO,PT,O,,
dataflow,IMF.STA:COFER(7.0.1),R,G001,AFXRA,CI_JPY,SHRO_PT,A,2018,5.09043824827092,0,,,,JPY,,,SHRO,PT,O,,
dataflow,IMF.STA:COFER(7.0.1),R,G001,AFXRA,CI_JPY,SHRO_PT,A,2019,5.82234717632673,0,,,,JPY,,,SHRO,PT,O,,
dataflow,IMF.STA:COFER(7.0.1),R,G001,AFXRA,CI_JPY,SHRO_PT,A,2020,6.0374556303283,0,,,,JPY,,,SHRO,PT,O,,
dataflow,IMF.STA:COFER(7.0.1),R,G001,AFXRA,CI_JPY,SHRO_PT,A,2021,5.5041200944612,0,,,,JPY,,,SHRO,PT,O,,
dataflow,IMF.STA:COFER(7.0.1),R,G001,AFXRA,CI_JPY,SHRO_PT,A,2022,5.44064235687256,0,,,,JPY,,,SHRO,PT,O,,
dataflow,IMF.STA:COFER(7.0.1),R,G001,AFXRA,CI_JPY,SHRO_PT,A,2023,5.4413800239563,0,,,,JPY,,,SHRO,PT,O,,
dataflow,IMF.STA:COFER(7.0.1),R,G001,AFXRA,CI_JPY,SHRO_PT,A,2024,5.64029550552368,0,,,,JPY,,,SHRO,PT,O,,
dataflow,IMF.STA:COFER(7.0.1),R,G001,AFXRA,CI_JPY,SHRO_PT,A,2025,5.84351682662964,0,,,,JPY,,,SHRO,PT,O,,
dataflow,IMF.STA:COFER(7.0.1),R,G001,AFXRA,CI_JPY,SHRO_PT,Q,1999-Q1,6.03296977540481,0,,,,JPY,,,SHRO,PT,O,,
dataflow,IMF.STA:COFER(7.0.1),R,G001,AFXRA,CI_JPY,SHRO_PT,Q,1999-Q2,5.62710276209759,0,,,,JPY,,,SHRO,PT,O,,
dataflow,IMF.STA:COFER(7.0.1),R,G001,AFXRA,CI_JPY,SHRO_PT,Q,1999-Q3,6.24703597734313,0,,,,JPY,,,SHRO,PT,O,,
dataflow,IMF.STA:COFER(7.0.1),R,G001,AFXRA,CI_JPY,SHRO_PT,Q,1999-Q4,6.3737320025953,0,,,,JPY,,,SHRO,PT,O,,
dataflow,IMF.STA:COFER(7.0.1),R,G001,AFXRA,CI_JPY,SHRO_PT,Q,2000-Q1,6.0029110889405,0,,,,JPY,,,SHRO,PT,O,,
dataflow,IMF.STA:COFER(7.0.1),R,G001,AFXRA,CI_JPY,SHRO_PT,Q,2000-Q2,6.82175009453778,0,,,,JPY,,,SHRO,PT,O,,
dataflow,IMF.STA:COFER(7.0.1),R,G001,AFXRA,CI_JPY,SHRO_PT,Q,2000-Q3,7.05327295071261,0,,,,JPY,,,SHRO,PT,O,,
dataflow,IMF.STA:COFER(7.0.1),R,G001,AFXRA,CI_JPY,SHRO_PT,Q,2000-Q4,6.56175315722423,0,,,,JPY,,,SHRO,PT,O,,
dataflow,IMF.STA:COFER(7.0.1),R,G001,AFXRA,CI_JPY,SHRO_PT,Q,2001-Q1,5.94147496357515,0,,,,JPY,,,SHRO,PT,O,,
dataflow,IMF.STA:COFER(7.0.1),R,G001,AFXRA,CI_JPY,SHRO_PT,Q,2001-Q2,5.79673624889796,0,,,,JPY,,,SHRO,PT,O,,
dataflow,IMF.STA:COFER(7.0.1),R,G001,AFXRA,CI_JPY,SHRO_PT,Q,2001-Q3,5.72330188514773,0,,,,JPY,,,SHRO,PT,O,,
dataflow,IMF.STA:COFER(7.0.1),R,G001,AFXRA,CI_JPY,SHRO_PT,Q,2001-Q4,5.39521468267518,0,,,,JPY,,,SHRO,PT,O,,
dataflow,IMF.STA:COFER(7.0.1),R,G001,AFXRA,CI_JPY,SHRO_PT,Q,2002-Q1,4.69090120558893,0,,,,JPY,,,SHRO,PT,O,,
dataflow,IMF.STA:COFER(7.0.1),R,G001,AFXRA,CI_JPY,SHRO_PT,Q,2002-Q2,6.21221818704142,0,,,,JPY,,,SHRO,PT,O,,
dataflow,IMF.STA:COFER(7.0.1),R,G001,AFXRA,CI_JPY,SHRO_PT,Q,2002-Q3,5.779089914227,0,,,,JPY,,,SHRO,PT,O,,
dataflow,IMF.STA:COFER(7.0.1),R,G001,AFXRA,CI_JPY,SHRO_PT,Q,2002-Q4,5.60352576564664,0,,,,JPY,,,SHRO,PT,O,,
dataflow,IMF.STA:COFER(7.0.1),R,G001,AFXRA,CI_JPY,SHRO_PT,Q,2003-Q1,6.08921334824294,0,,,,JPY,,,SHRO,PT,O,,
dataflow,IMF.STA:COFER(7.0.1),R,G001,AFXRA,CI_JPY,SHRO_PT,Q,2003-Q2,5.51034698106732,0,,,,JPY,,,SHRO,PT,O,,
dataflow,IMF.STA:COFER(7.0.1),R,G001,AFXRA,CI_JPY,SHRO_PT,Q,2003-Q3,5.65159497024458,0,,,,JPY,,,SHRO,PT,O,,
dataflow,IMF.STA:COFER(7.0.1),R,G001,AFXRA,CI_JPY,SHRO_PT,Q,2003-Q4,6.13064355843143,0,,,,JPY,,,SHRO,PT,O,,
dataflow,IMF.STA:COFER(7.0.1),R,G001,AFXRA,CI_JPY,SHRO_PT,Q,2004-Q1,6.36656899968995,0,,,,JPY,,,SHRO,PT,O,,
dataflow,IMF.STA:COFER(7.0.1),R,G001,AFXRA,CI_JPY,SHRO_PT,Q,2004-Q2,6.08232728818627,0,,,,JPY,,,SHRO,PT,O,,
dataflow,IMF.STA:COFER(7.0.1),R,G001,AFXRA,CI_JPY,SHRO_PT,Q,2004-Q3,5.80018541199292,0,,,,JPY,,,SHRO,PT,O,,
dataflow,IMF.STA:COFER(7.0.1),R,G001,AFXRA,CI_JPY,SHRO_PT,Q,2004-Q4,5.65184909403001,0,,,,JPY,,,SHRO,PT,O,,
dataflow,IMF.STA:COFER(7.0.1),R,G001,AFXRA,CI_JPY,SHRO_PT,Q,2005-Q1,4.83569328547569,0,,,,JPY,,,SHRO,PT,O,,
dataflow,IMF.STA:COFER(7.0.1),R,G001,AFXRA,CI_JPY,SHRO_PT,Q,2005-Q2,4.7247221948449,0,,,,JPY,,,SHRO,PT,O,,
dataflow,IMF.STA:COFER(7.0.1),R,G001,AFXRA,CI_JPY,SHRO_PT,Q,2005-Q3,4.59516497809283,0,,,,JPY,,,SHRO,PT,O,,
dataflow,IMF.STA:COFER(7.0.1),R,G001,AFXRA,CI_JPY,SHRO_PT,Q,2005-Q4,4.79884677395107,0,,,,JPY,,,SHRO,PT,O,,
dataflow,IMF.STA:COFER(7.0.1),R,G001,AFXRA,CI_JPY,SHRO_PT,Q,2006-Q1,4.35886195026249,0,,,,JPY,,,SHRO,PT,O,,
dataflow,IMF.STA:COFER(7.0.1),R,G001,AFXRA,CI_JPY,SHRO_PT,Q,2006-Q2,4.43483140769063,0,,,,JPY,,,SHRO,PT,O,,
dataflow,IMF.STA:COFER(7.0.1),R,G001,AFXRA,CI_JPY,SHRO_PT,Q,2006-Q3,4.34554362550244,0,,,,JPY,,,SHRO,PT,O,,
dataflow,IMF.STA:COFER(7.0.1),R,G001,AFXRA,CI_JPY,SHRO_PT,Q,2006-Q4,4.50033257124684,0,,,,JPY,,,SHRO,PT,O,,
dataflow,IMF.STA:COFER(7.0.1),R,G001,AFXRA,CI_JPY,SHRO_PT,Q,2007-Q1,3.86853698275938,0,,,,JPY,,,SHRO,PT,O,,
dataflow,IMF.STA:COFER(7.0.1),R,G001,AFXRA,CI_JPY,SHRO_PT,Q,2007-Q2,3.99956592387661,0,,,,JPY,,,SHRO,PT,O,,
dataflow,IMF.STA:COFER(7.0.1),R,G001,AFXRA,CI_JPY,SHRO_PT,Q,2007-Q3,3.83686104634003,0,,,,JPY,,,SHRO,PT,O,,
dataflow,IMF.STA:COFER(7.0.1),R,G001,AFXRA,CI_JPY,SHRO_PT,Q,2007-Q4,4.17151675232578,0,,,,JPY,,,SHRO,PT,O,,
dataflow,IMF.STA:COFER(7.0.1),R,G001,AFXRA,CI_JPY,SHRO_PT,Q,2008-Q1,4.28427882529844,0,,,,JPY,,,SHRO,PT,O,,
dataflow,IMF.STA:COFER(7.0.1),R,G001,AFXRA,CI_JPY,SHRO_PT,Q,2008-Q2,4.40652386868937,0,,,,JPY,,,SHRO,PT,O,,
dataflow,IMF.STA:COFER(7.0.1),R,G001,AFXRA,CI_JPY,SHRO_PT,Q,2008-Q3,4.37111734580125,0,,,,JPY,,,SHRO,PT,O,,
dataflow,IMF.STA:COFER(7.0.1),R,G001,AFXRA,CI_JPY,SHRO_PT,Q,2008-Q4,4.2603436497638,0,,,,JPY,,,SHRO,PT,O,,
dataflow,IMF.STA:COFER(7.0.1),R,G001,AFXRA,CI_JPY,SHRO_PT,Q,2009-Q1,3.63186909830574,0,,,,JPY,,,SHRO,PT,O,,
dataflow,IMF.STA:COFER(7.0.1),R,G001,AFXRA,CI_JPY,SHRO_PT,Q,2009-Q2,3.47780400655747,0,,,,JPY,,,SHRO,PT,O,,
dataflow,IMF.STA:COFER(7.0.1),R,G001,AFXRA,CI_JPY,SHRO_PT,Q,2009-Q3,3.50549753537876,0,,,,JPY,,,SHRO,PT,O,,
dataflow,IMF.STA:COFER(7.0.1),R,G001,AFXRA,CI_JPY,SHRO_PT,Q,2009-Q4,3.3482540381186,0,,,,JPY,,,SHRO,PT,O,,
dataflow,IMF.STA:COFER(7.0.1),R,G001,AFXRA,CI_JPY,SHRO_PT,Q,2010-Q1,3.6123632233472,0,,,,JPY,,,SHRO,PT,O,,
dataflow,IMF.STA:COFER(7.0.1),R,G001,AFXRA,CI_JPY,SHRO_PT,Q,2010-Q2,3.80844847550858,0,,,,JPY,,,SHRO,PT,O,,
dataflow,IMF.STA:COFER(7.0.1),R,G001,AFXRA,CI_JPY,SHRO_PT,Q,2010-Q3,3.99415971745891,0,,,,JPY,,,SHRO,PT,O,,
dataflow,IMF.STA:COFER(7.0.1),R,G001,AFXRA,CI_JPY,SHRO_PT,Q,2010-Q4,4.08750178984974,0,,,,JPY,,,SHRO,PT,O,,
dataflow,IMF.STA:COFER(7.0.1),R,G001,AFXRA,CI_JPY,SHRO_PT,Q,2011-Q1,4.08283232191651,0,,,,JPY,,,SHRO,PT,O,,
dataflow,IMF.STA:COFER(7.0.1),R,G001,AFXRA,CI_JPY,SHRO_PT,Q,2011-Q2,4.10965660053902,0,,,,JPY,,,SHRO,PT,O,,
dataflow,IMF.STA:COFER(7.0.1),R,G001,AFXRA,CI_JPY,SHRO_PT,Q,2011-Q3,4.11907914214665,0,,,,JPY,,,SHRO,PT,O,,
dataflow,IMF.STA:COFER(7.0.1),R,G001,AFXRA,CI_JPY,SHRO_PT,Q,2011-Q4,4.09394807887633,0,,,,JPY,,,SHRO,PT,O,,
dataflow,IMF.STA:COFER(7.0.1),R,G001,AFXRA,CI_JPY,SHRO_PT,Q,2012-Q1,4.25545715942588,0,,,,JPY,,,SHRO,PT,O,,
dataflow,IMF.STA:COFER(7.0.1),R,G001,AFXRA,CI_JPY,SHRO_PT,Q,2012-Q2,4.19358968527898,0,,,,JPY,,,SHRO,PT,O,,
dataflow,IMF.STA:COFER(7.0.1),R,G001,AFXRA,CI_JPY,SHRO_PT,Q,2012-Q3,4.48085868669063,0,,,,JPY,,,SHRO,PT,O,,
dataflow,IMF.STA:COFER(7.0.1),R,G001,AFXRA,CI_JPY,SHRO_PT,Q,2012-Q4,4.31272471686822,0,,,,JPY,,,SHRO,PT,O,,
dataflow,IMF.STA:COFER(7.0.1),R,G001,AFXRA,CI_JPY,SHRO_PT,Q,2013-Q1,4.22714974765712,0,,,,JPY,,,SHRO,PT,O,,
dataflow,IMF.STA:COFER(7.0.1),R,G001,AFXRA,CI_JPY,SHRO_PT,Q,2013-Q2,4.28875455617321,0,,,,JPY,,,SHRO,PT,O,,
dataflow,IMF.STA:COFER(7.0.1),R,G001,AFXRA,CI_JPY,SHRO_PT,Q,2013-Q3,4.27258654391009,0,,,,JPY,,,SHRO,PT,O,,
dataflow,IMF.STA:COFER(7.0.1),R,G001,AFXRA,CI_JPY,SHRO_PT,Q,2013-Q4,4.08914763008468,0,,,,JPY,,,SHRO,PT,O,,
dataflow,IMF.STA:COFER(7.0.1),R,G001,AFXRA,CI_JPY,SHRO_PT,Q,2014-Q1,4.17773685368105,0,,,,JPY,,,SHRO,PT,O,,
dataflow,IMF.STA:COFER(7.0.1),R,G001,AFXRA,CI_JPY,SHRO_PT,Q,2014-Q2,4.20931865095553,0,,,,JPY,,,SHRO,PT,O,,
dataflow,IMF.STA:COFER(7.0.1),R,G001,AFXRA,CI_JPY,SHRO_PT,Q,2014-Q3,4.11545490205611,0,,,,JPY,,,SHRO,PT,O,,
dataflow,IMF.STA:COFER(7.0.1),R,G001,AFXRA,CI_JPY,SHRO_PT,Q,2014-Q4,4.08148179947288,0,,,,JPY,,,SHRO,PT,O,,
dataflow,IMF.STA:COFER(7.0.1),R,G001,AFXRA,CI_JPY,SHRO_PT,Q,2015-Q1,4.14733279763199,0,,,,JPY,,,SHRO,PT,O,,
dataflow,IMF.STA:COFER(7.0.1),R,G001,AFXRA,CI_JPY,SHRO_PT,Q,2015-Q2,3.8500854,0,,,,JPY,,,SHRO,PT,O,,
dataflow,IMF.STA:COFER(7.0.1),R,G001,AFXRA,CI_JPY,SHRO_PT,Q,2015-Q3,3.7814728,0,,,,JPY,,,SHRO,PT,O,,
dataflow,IMF.STA:COFER(7.0.1),R,G001,AFXRA,CI_JPY,SHRO_PT,Q,2015-Q4,3.8998703,0,,,,JPY,,,SHRO,PT,O,,
dataflow,IMF.STA:COFER(7.0.1),R,G001,AFXRA,CI_JPY,SHRO_PT,Q,2016-Q1,3.828163,0,,,,JPY,,,SHRO,PT,O,,
dataflow,IMF.STA:COFER(7.0.1),R,G001,AFXRA,CI_JPY,SHRO_PT,Q,2016-Q2,4.2379071,0,,,,JPY,,,SHRO,PT,O,,
dataflow,IMF.STA:COFER(7.0.1),R,G001,AFXRA,CI_JPY,SHRO_PT,Q,2016-Q3,4.3148768,0,,,,JPY,,,SHRO,PT,O,,
dataflow,IMF.STA:COFER(7.0.1),R,G001,AFXRA,CI_JPY,SHRO_PT,Q,2016-Q4,3.9813141,0,,,,JPY,,,SHRO,PT,O,,
dataflow,IMF.STA:COFER(7.0.1),R,G001,AFXRA,CI_JPY,SHRO_PT,Q,2017-Q1,4.4569668,0,,,,JPY,,,SHRO,PT,O,,
dataflow,IMF.STA:COFER(7.0.1),R,G001,AFXRA,CI_JPY,SHRO_PT,Q,2017-Q2,4.5377405,0,,,,JPY,,,SHRO,PT,O,,
dataflow,IMF.STA:COFER(7.0.1),R,G001,AFXRA,CI_JPY,SHRO_PT,Q,2017-Q3,4.4376137,0,,,,JPY,,,SHRO,PT,O,,
dataflow,IMF.STA:COFER(7.0.1),R,G001,AFXRA,CI_JPY,SHRO_PT,Q,2017-Q4,4.777054,0,,,,JPY,,,SHRO,PT,O,,
dataflow,IMF.STA:COFER(7.0.1),R,G001,AFXRA,CI_JPY,SHRO_PT,Q,2018-Q1,4.5509796,0,,,,JPY,,,SHRO,PT,O,,
dataflow,IMF.STA:COFER(7.0.1),R,G001,AFXRA,CI_JPY,SHRO_PT,Q,2018-Q2,4.9488834,0,,,,JPY,,,SHRO,PT,O,,
dataflow,IMF.STA:COFER(7.0.1),R,G001,AFXRA,CI_JPY,SHRO_PT,Q,2018-Q3,5.05445021173859,0,,,,JPY,,,SHRO,PT,O,,
dataflow,IMF.STA:COFER(7.0.1),R,G001,AFXRA,CI_JPY,SHRO_PT,Q,2018-Q4,5.09043824827092,0,,,,JPY,,,SHRO,PT,O,,
dataflow,IMF.STA:COFER(7.0.1),R,G001,AFXRA,CI_JPY,SHRO_PT,Q,2019-Q1,5.41825723581121,0,,,,JPY,,,SHRO,PT,O,,
dataflow,IMF.STA:COFER(7.0.1),R,G001,AFXRA,CI_JPY,SHRO_PT,Q,2019-Q2,5.63824261545876,0,,,,JPY,,,SHRO,PT,O,,
dataflow,IMF.STA:COFER(7.0.1),R,G001,AFXRA,CI_JPY,SHRO_PT,Q,2019-Q3,5.71844687497869,0,,,,JPY,,,SHRO,PT,O,,
dataflow,IMF.STA:COFER(7.0.1),R,G001,AFXRA,CI_JPY,SHRO_PT,Q,2019-Q4,5.82234717632673,0,,,,JPY,,,SHRO,PT,O,,
dataflow,IMF.STA:COFER(7.0.1),R,G001,AFXRA,CI_JPY,SHRO_PT,Q,2020-Q1,6.07161660256627,0,,,,JPY,,,SHRO,PT,O,,
dataflow,IMF.STA:COFER(7.0.1),R,G001,AFXRA,CI_JPY,SHRO_PT,Q,2020-Q2,5.73290738908688,0,,,,JPY,,,SHRO,PT,O,,
dataflow,IMF.STA:COFER(7.0.1),R,G001,AFXRA,CI_JPY,SHRO_PT,Q,2020-Q3,5.82374655184524,0,,,,JPY,,,SHRO,PT,O,,
dataflow,IMF.STA:COFER(7.0.1),R,G001,AFXRA,CI_JPY,SHRO_PT,Q,2020-Q4,6.0374556303283,0,,,,JPY,,,SHRO,PT,O,,
dataflow,IMF.STA:COFER(7.0.1),R,G001,AFXRA,CI_JPY,SHRO_PT,Q,2021-Q1,5.83477229811387,0,,,,JPY,,,SHRO,PT,O,,
dataflow,IMF.STA:COFER(7.0.1),R,G001,AFXRA,CI_JPY,SHRO_PT,Q,2021-Q2,5.5549527305409,0,,,,JPY,,,SHRO,PT,O,,
dataflow,IMF.STA:COFER(7.0.1),R,G001,AFXRA,CI_JPY,SHRO_PT,Q,2021-Q3,5.64127639525457,0,,,,JPY,,,SHRO,PT,O,,
dataflow,IMF.STA:COFER(7.0.1),R,G001,AFXRA,CI_JPY,SHRO_PT,Q,2021-Q4,5.5041200944612,0,,,,JPY,,,SHRO,PT,O,,
dataflow,IMF.STA:COFER(7.0.1),R,G001,AFXRA,CI_JPY,SHRO_PT,Q,2022-Q1,5.60525989532471,0,,,,JPY,,,SHRO,PT,O,,
dataflow,IMF.STA:COFER(7.0.1),R,G001,AFXRA,CI_JPY,SHRO_PT,Q,2022-Q2,5.37294244766235,0,,,,JPY,,,SHRO,PT,O,,
dataflow,IMF.STA:COFER(7.0.1),R,G001,AFXRA,CI_JPY,SHRO_PT,Q,2022-Q3,5.12229681015015,0,,,,JPY,,,SHRO,PT,O,,
dataflow,IMF.STA:COFER(7.0.1),R,G001,AFXRA,CI_JPY,SHRO_PT,Q,2022-Q4,5.44064235687256,0,,,,JPY,,,SHRO,PT,O,,
dataflow,IMF.STA:COFER(7.0.1),R,G001,AFXRA,CI_JPY,SHRO_PT,Q,2023-Q1,5.37544870376587,0,,,,JPY,,,SHRO,PT,O,,
dataflow,IMF.STA:COFER(7.0.1),R,G001,AFXRA,CI_JPY,SHRO_PT,Q,2023-Q2,5.47859287261963,0,,,,JPY,,,SHRO,PT,O,,
dataflow,IMF.STA:COFER(7.0.1),R,G001,AFXRA,CI_JPY,SHRO_PT,Q,2023-Q3,5.21624755859375,0,,,,JPY,,,SHRO,PT,O,,
dataflow,IMF.STA:COFER(7.0.1),R,G001,AFXRA,CI_JPY,SHRO_PT,Q,2023-Q4,5.4413800239563,0,,,,JPY,,,SHRO,PT,O,,
dataflow,IMF.STA:COFER(7.0.1),R,G001,AFXRA,CI_JPY,SHRO_PT,Q,2024-Q1,5.46329689025879,0,,,,JPY,,,SHRO,PT,O,,
dataflow,IMF.STA:COFER(7.0.1),R,G001,AFXRA,CI_JPY,SHRO_PT,Q,2024-Q2,5.5187029838562,0,,,,JPY,,,SHRO,PT,O,,
dataflow,IMF.STA:COFER(7.0.1),R,G001,AFXRA,CI_JPY,SHRO_PT,Q,2024-Q3,5.65268325805664,0,,,,JPY,,,SHRO,PT,O,,
dataflow,IMF.STA:COFER(7.0.1),R,G001,AFXRA,CI_JPY,SHRO_PT,Q,2024-Q4,5.64029550552368,0,,,,JPY,,,SHRO,PT,O,,
dataflow,IMF.STA:COFER(7.0.1),R,G001,AFXRA,CI_JPY,SHRO_PT,Q,2025-Q1,5.76114368438721,0,,,,JPY,,,SHRO,PT,O,,
dataflow,IMF.STA:COFER(7.0.1),R,G001,AFXRA,CI_JPY,SHRO_PT,Q,2025-Q2,5.66926527023315,0,,,,JPY,,,SHRO,PT,O,,
dataflow,IMF.STA:COFER(7.0.1),R,G001,AFXRA,CI_JPY,SHRO_PT,Q,2025-Q3,5.81188869476318,0,,,,JPY,,,SHRO,PT,O,,
dataflow,IMF.STA:COFER(7.0.1),R,G001,AFXRA,CI_JPY,SHRO_PT,Q,2025-Q4,5.84351682662964,0,,,,JPY,,,SHRO,PT,O,,
dataflow,IMF.STA:COFER(7.0.1),R,G001,AFXRA,CI_JPY,SHRO_PT,Q,2026-Q1,5.44155931472778,0,,,,JPY,,,SHRO,PT,O,,
dataflow,IMF.STA:COFER(7.0.1),R,G001,AFXRA,CI_NLG,NV_USD,A,1995,3306038785,6,,,,NLG,CO,NV,,USD,O,,
dataflow,IMF.STA:COFER(7.0.1),R,G001,AFXRA,CI_NLG,NV_USD,A,1996,2934818000,6,,,,NLG,CO,NV,,USD,O,,
dataflow,IMF.STA:COFER(7.0.1),R,G001,AFXRA,CI_NLG,NV_USD,A,1997,4460931000,6,,,,NLG,CO,NV,,USD,O,,
dataflow,IMF.STA:COFER(7.0.1),R,G001,AFXRA,CI_NLG,NV_USD,A,1998,3488943866.75256,6,,,,NLG,CO,NV,,USD,O,,
dataflow,IMF.STA:COFER(7.0.1),R,G001,AFXRA,CI_NLG,SHRO_PT,A,1995,0.319371278799449,0,,,,NLG,,,SHRO,PT,O,,
dataflow,IMF.STA:COFER(7.0.1),R,G001,AFXRA,CI_NLG,SHRO_PT,A,1996,0.239341913419126,0,,,,NLG,,,SHRO,PT,O,,
dataflow,IMF.STA:COFER(7.0.1),R,G001,AFXRA,CI_NLG,SHRO_PT,A,1997,0.350350538659625,0,,,,NLG,,,SHRO,PT,O,,
dataflow,IMF.STA:COFER(7.0.1),R,G001,AFXRA,CI_NLG,SHRO_PT,A,1998,0.271981564069299,0,,,,NLG,,,SHRO,PT,O,,
dataflow,IMF.STA:COFER(7.0.1),R,G001,AFXRA,CI_OTHC,NV_USD,A,1995,50415217730,6,,,,OTHC,CO,NV,,USD,O,,
dataflow,IMF.STA:COFER(7.0.1),R,G001,AFXRA,CI_OTHC,NV_USD,A,1996,54947531000,6,,,,OTHC,CO,NV,,USD,O,,
dataflow,IMF.STA:COFER(7.0.1),R,G001,AFXRA,CI_OTHC,NV_USD,A,1997,49175820000,6,,,,OTHC,CO,NV,,USD,O,,
dataflow,IMF.STA:COFER(7.0.1),R,G001,AFXRA,CI_OTHC,NV_USD,A,1998,57763702528.7132,6,,,,OTHC,CO,NV,,USD,O,,
dataflow,IMF.STA:COFER(7.0.1),R,G001,AFXRA,CI_OTHC,NV_USD,A,1999,22033790525.9205,6,,,,OTHC,CO,NV,,USD,O,,
dataflow,IMF.STA:COFER(7.0.1),R,G001,AFXRA,CI_OTHC,NV_USD,A,2000,47299747538.1753,6,,,,OTHC,CO,NV,,USD,O,,
dataflow,IMF.STA:COFER(7.0.1),R,G001,AFXRA,CI_OTHC,NV_USD,A,2001,42559091785.3752,6,,,,OTHC,CO,NV,,USD,O,,
dataflow,IMF.STA:COFER(7.0.1),R,G001,AFXRA,CI_OTHC,NV_USD,A,2002,59818502170.5968,6,,,,OTHC,CO,NV,,USD,O,,
dataflow,IMF.STA:COFER(7.0.1),R,G001,AFXRA,CI_OTHC,NV_USD,A,2003,94239646585.9528,6,,,,OTHC,CO,NV,,USD,O,,
dataflow,IMF.STA:COFER(7.0.1),R,G001,AFXRA,CI_OTHC,NV_USD,A,2004,116446267104.915,6,,,,OTHC,CO,NV,,USD,O,,
dataflow,IMF.STA:COFER(7.0.1),R,G001,AFXRA,CI_OTHC,NV_USD,A,2005,151386178421.871,6,,,,OTHC,CO,NV,,USD,O,,
dataflow,IMF.STA:COFER(7.0.1),R,G001,AFXRA,CI_OTHC,NV_USD,A,2006,195451144234.597,6,,,,OTHC,CO,NV,,USD,O,,
dataflow,IMF.STA:COFER(7.0.1),R,G001,AFXRA,CI_OTHC,NV_USD,A,2007,270088080714.233,6,,,,OTHC,CO,NV,,USD,O,,
dataflow,IMF.STA:COFER(7.0.1),R,G001,AFXRA,CI_OTHC,NV_USD,A,2008,317467120742.873,6,,,,OTHC,CO,NV,,USD,O,,
dataflow,IMF.STA:COFER(7.0.1),R,G001,AFXRA,CI_OTHC,NV_USD,A,2009,425842840204.983,6,,,,OTHC,CO,NV,,USD,O,,
dataflow,IMF.STA:COFER(7.0.1),R,G001,AFXRA,CI_OTHC,NV_USD,A,2010,560938358033.258,6,,,,OTHC,CO,NV,,USD,O,,
dataflow,IMF.STA:COFER(7.0.1),R,G001,AFXRA,CI_OTHC,NV_USD,A,2011,700348378442.711,6,,,,OTHC,CO,NV,,USD,O,,
dataflow,IMF.STA:COFER(7.0.1),R,G001,AFXRA,CI_OTHC,NV_USD,A,2012,394659498886.235,6,,,,OTHC,CO,NV,,USD,O,,
dataflow,IMF.STA:COFER(7.0.1),R,G001,AFXRA,CI_OTHC,NV_USD,A,2013,393524413867.156,6,,,,OTHC,CO,NV,,USD,O,,
dataflow,IMF.STA:COFER(7.0.1),R,G001,AFXRA,CI_OTHC,NV_USD,A,2014,424365031776.367,6,,,,OTHC,CO,NV,,USD,O,,
dataflow,IMF.STA:COFER(7.0.1),R,G001,AFXRA,CI_OTHC,NV_USD,A,2015,346769548170,6,,,,OTHC,CO,NV,,USD,O,,
dataflow,IMF.STA:COFER(7.0.1),R,G001,AFXRA,CI_OTHC,NV_USD,A,2016,275641458410,6,,,,OTHC,CO,NV,,USD,O,,
dataflow,IMF.STA:COFER(7.0.1),R,G001,AFXRA,CI_OTHC,NV_USD,A,2017,283943005700,6,,,,OTHC,CO,NV,,USD,O,,
dataflow,IMF.STA:COFER(7.0.1),R,G001,AFXRA,CI_OTHC,NV_USD,A,2018,299927233998.645,6,,,,OTHC,CO,NV,,USD,O,,
dataflow,IMF.STA:COFER(7.0.1),R,G001,AFXRA,CI_OTHC,NV_USD,A,2019,290413751148.279,6,,,,OTHC,CO,NV,,USD,O,,
dataflow,IMF.STA:COFER(7.0.1),R,G001,AFXRA,CI_OTHC,NV_USD,A,2020,320359595859.767,6,,,,OTHC,CO,NV,,USD,O,,
dataflow,IMF.STA:COFER(7.0.1),R,G001,AFXRA,CI_OTHC,NV_USD,A,2021,380392224192.229,6,,,,OTHC,CO,NV,,USD,O,,
dataflow,IMF.STA:COFER(7.0.1),R,G001,AFXRA,CI_OTHC,NV_USD,A,2022,396614340871.514,6,,,,OTHC,CO,NV,,USD,O,,
dataflow,IMF.STA:COFER(7.0.1),R,G001,AFXRA,CI_OTHC,NV_USD,A,2023,547309031118.351,6,,,,OTHC,CO,NV,,USD,O,,
dataflow,IMF.STA:COFER(7.0.1),R,G001,AFXRA,CI_OTHC,NV_USD,A,2024,650986466069.034,6,,,,OTHC,CO,NV,,USD,O,,
dataflow,IMF.STA:COFER(7.0.1),R,G001,AFXRA,CI_OTHC,NV_USD,A,2025,821209809172.617,6,,,,OTHC,CO,NV,,USD,O,,
dataflow,IMF.STA:COFER(7.0.1),R,G001,AFXRA,CI_OTHC,NV_USD,Q,1999-Q1,20121333434.3273,6,,,,OTHC,CO,NV,,USD,O,,
dataflow,IMF.STA:COFER(7.0.1),R,G001,AFXRA,CI_OTHC,NV_USD,Q,1999-Q2,20845130228.35,6,,,,OTHC,CO,NV,,USD,O,,
dataflow,IMF.STA:COFER(7.0.1),R,G001,AFXRA,CI_OTHC,NV_USD,Q,1999-Q3,22554526123.99,6,,,,OTHC,CO,NV,,USD,O,,
dataflow,IMF.STA:COFER(7.0.1),R,G001,AFXRA,CI_OTHC,NV_USD,Q,1999-Q4,22033790525.9205,6,,,,OTHC,CO,NV,,USD,O,,
dataflow,IMF.STA:COFER(7.0.1),R,G001,AFXRA,CI_OTHC,NV_USD,Q,2000-Q1,46028486753.1814,6,,,,OTHC,CO,NV,,USD,O,,
dataflow,IMF.STA:COFER(7.0.1),R,G001,AFXRA,CI_OTHC,NV_USD,Q,2000-Q2,41376304741.8623,6,,,,OTHC,CO,NV,,USD,O,,
dataflow,IMF.STA:COFER(7.0.1),R,G001,AFXRA,CI_OTHC,NV_USD,Q,2000-Q3,43800236150.4766,6,,,,OTHC,CO,NV,,USD,O,,
dataflow,IMF.STA:COFER(7.0.1),R,G001,AFXRA,CI_OTHC,NV_USD,Q,2000-Q4,47299747538.1753,6,,,,OTHC,CO,NV,,USD,O,,
dataflow,IMF.STA:COFER(7.0.1),R,G001,AFXRA,CI_OTHC,NV_USD,Q,2001-Q1,48701335395.3054,6,,,,OTHC,CO,NV,,USD,O,,
dataflow,IMF.STA:COFER(7.0.1),R,G001,AFXRA,CI_OTHC,NV_USD,Q,2001-Q2,43755010399.5463,6,,,,OTHC,CO,NV,,USD,O,,
dataflow,IMF.STA:COFER(7.0.1),R,G001,AFXRA,CI_OTHC,NV_USD,Q,2001-Q3,45384154109.7889,6,,,,OTHC,CO,NV,,USD,O,,
dataflow,IMF.STA:COFER(7.0.1),R,G001,AFXRA,CI_OTHC,NV_USD,Q,2001-Q4,42559091785.3752,6,,,,OTHC,CO,NV,,USD,O,,
dataflow,IMF.STA:COFER(7.0.1),R,G001,AFXRA,CI_OTHC,NV_USD,Q,2002-Q1,45297098417.7641,6,,,,OTHC,CO,NV,,USD,O,,
dataflow,IMF.STA:COFER(7.0.1),R,G001,AFXRA,CI_OTHC,NV_USD,Q,2002-Q2,52967083184.9283,6,,,,OTHC,CO,NV,,USD,O,,
dataflow,IMF.STA:COFER(7.0.1),R,G001,AFXRA,CI_OTHC,NV_USD,Q,2002-Q3,57699676639.7359,6,,,,OTHC,CO,NV,,USD,O,,
dataflow,IMF.STA:COFER(7.0.1),R,G001,AFXRA,CI_OTHC,NV_USD,Q,2002-Q4,59818502170.5968,6,,,,OTHC,CO,NV,,USD,O,,
dataflow,IMF.STA:COFER(7.0.1),R,G001,AFXRA,CI_OTHC,NV_USD,Q,2003-Q1,73120277710.6207,6,,,,OTHC,CO,NV,,USD,O,,
dataflow,IMF.STA:COFER(7.0.1),R,G001,AFXRA,CI_OTHC,NV_USD,Q,2003-Q2,80189125507.3293,6,,,,OTHC,CO,NV,,USD,O,,
dataflow,IMF.STA:COFER(7.0.1),R,G001,AFXRA,CI_OTHC,NV_USD,Q,2003-Q3,86286557195.4784,6,,,,OTHC,CO,NV,,USD,O,,
dataflow,IMF.STA:COFER(7.0.1),R,G001,AFXRA,CI_OTHC,NV_USD,Q,2003-Q4,94239646585.9528,6,,,,OTHC,CO,NV,,USD,O,,
dataflow,IMF.STA:COFER(7.0.1),R,G001,AFXRA,CI_OTHC,NV_USD,Q,2004-Q1,97343253096.2382,6,,,,OTHC,CO,NV,,USD,O,,
dataflow,IMF.STA:COFER(7.0.1),R,G001,AFXRA,CI_OTHC,NV_USD,Q,2004-Q2,100091887194.518,6,,,,OTHC,CO,NV,,USD,O,,
dataflow,IMF.STA:COFER(7.0.1),R,G001,AFXRA,CI_OTHC,NV_USD,Q,2004-Q3,105152557369.296,6,,,,OTHC,CO,NV,,USD,O,,
dataflow,IMF.STA:COFER(7.0.1),R,G001,AFXRA,CI_OTHC,NV_USD,Q,2004-Q4,116446267104.915,6,,,,OTHC,CO,NV,,USD,O,,
dataflow,IMF.STA:COFER(7.0.1),R,G001,AFXRA,CI_OTHC,NV_USD,Q,2005-Q1,118035549677.623,6,,,,OTHC,CO,NV,,USD,O,,
dataflow,IMF.STA:COFER(7.0.1),R,G001,AFXRA,CI_OTHC,NV_USD,Q,2005-Q2,124658771316.821,6,,,,OTHC,CO,NV,,USD,O,,
dataflow,IMF.STA:COFER(7.0.1),R,G001,AFXRA,CI_OTHC,NV_USD,Q,2005-Q3,134891703349.423,6,,,,OTHC,CO,NV,,USD,O,,
dataflow,IMF.STA:COFER(7.0.1),R,G001,AFXRA,CI_OTHC,NV_USD,Q,2005-Q4,151386178421.871,6,,,,OTHC,CO,NV,,USD,O,,
dataflow,IMF.STA:COFER(7.0.1),R,G001,AFXRA,CI_OTHC,NV_USD,Q,2006-Q1,154229233418.234,6,,,,OTHC,CO,NV,,USD,O,,
dataflow,IMF.STA:COFER(7.0.1),R,G001,AFXRA,CI_OTHC,NV_USD,Q,2006-Q2,172360938067.918,6,,,,OTHC,CO,NV,,USD,O,,
dataflow,IMF.STA:COFER(7.0.1),R,G001,AFXRA,CI_OTHC,NV_USD,Q,2006-Q3,177025871447.793,6,,,,OTHC,CO,NV,,USD,O,,
dataflow,IMF.STA:COFER(7.0.1),R,G001,AFXRA,CI_OTHC,NV_USD,Q,2006-Q4,195451144234.597,6,,,,OTHC,CO,NV,,USD,O,,
dataflow,IMF.STA:COFER(7.0.1),R,G001,AFXRA,CI_OTHC,NV_USD,Q,2007-Q1,216108492372.167,6,,,,OTHC,CO,NV,,USD,O,,
dataflow,IMF.STA:COFER(7.0.1),R,G001,AFXRA,CI_OTHC,NV_USD,Q,2007-Q2,238665215061.935,6,,,,OTHC,CO,NV,,USD,O,,
dataflow,IMF.STA:COFER(7.0.1),R,G001,AFXRA,CI_OTHC,NV_USD,Q,2007-Q3,258784765059.882,6,,,,OTHC,CO,NV,,USD,O,,
dataflow,IMF.STA:COFER(7.0.1),R,G001,AFXRA,CI_OTHC,NV_USD,Q,2007-Q4,270088080714.233,6,,,,OTHC,CO,NV,,USD,O,,
dataflow,IMF.STA:COFER(7.0.1),R,G001,AFXRA,CI_OTHC,NV_USD,Q,2008-Q1,285199022054.175,6,,,,OTHC,CO,NV,,USD,O,,
dataflow,IMF.STA:COFER(7.0.1),R,G001,AFXRA,CI_OTHC,NV_USD,Q,2008-Q2,299523600045.943,6,,,,OTHC,CO,NV,,USD,O,,
dataflow,IMF.STA:COFER(7.0.1),R,G001,AFXRA,CI_OTHC,NV_USD,Q,2008-Q3,299744282163.837,6,,,,OTHC,CO,NV,,USD,O,,
dataflow,IMF.STA:COFER(7.0.1),R,G001,AFXRA,CI_OTHC,NV_USD,Q,2008-Q4,317467120742.873,6,,,,OTHC,CO,NV,,USD,O,,
dataflow,IMF.STA:COFER(7.0.1),R,G001,AFXRA,CI_OTHC,NV_USD,Q,2009-Q1,310508185103.306,6,,,,OTHC,CO,NV,,USD,O,,
dataflow,IMF.STA:COFER(7.0.1),R,G001,AFXRA,CI_OTHC,NV_USD,Q,2009-Q2,361109215293.752,6,,,,OTHC,CO,NV,,USD,O,,
dataflow,IMF.STA:COFER(7.0.1),R,G001,AFXRA,CI_OTHC,NV_USD,Q,2009-Q3,444008082354.335,6,,,,OTHC,CO,NV,,USD,O,,
dataflow,IMF.STA:COFER(7.0.1),R,G001,AFXRA,CI_OTHC,NV_USD,Q,2009-Q4,425842840204.983,6,,,,OTHC,CO,NV,,USD,O,,
dataflow,IMF.STA:COFER(7.0.1),R,G001,AFXRA,CI_OTHC,NV_USD,Q,2010-Q1,457991752898.804,6,,,,OTHC,CO,NV,,USD,O,,
dataflow,IMF.STA:COFER(7.0.1),R,G001,AFXRA,CI_OTHC,NV_USD,Q,2010-Q2,467576556372.808,6,,,,OTHC,CO,NV,,USD,O,,
dataflow,IMF.STA:COFER(7.0.1),R,G001,AFXRA,CI_OTHC,NV_USD,Q,2010-Q3,524158288250.812,6,,,,OTHC,CO,NV,,USD,O,,
dataflow,IMF.STA:COFER(7.0.1),R,G001,AFXRA,CI_OTHC,NV_USD,Q,2010-Q4,560938358033.258,6,,,,OTHC,CO,NV,,USD,O,,
dataflow,IMF.STA:COFER(7.0.1),R,G001,AFXRA,CI_OTHC,NV_USD,Q,2011-Q1,615658133887.174,6,,,,OTHC,CO,NV,,USD,O,,
dataflow,IMF.STA:COFER(7.0.1),R,G001,AFXRA,CI_OTHC,NV_USD,Q,2011-Q2,652055262177.323,6,,,,OTHC,CO,NV,,USD,O,,
dataflow,IMF.STA:COFER(7.0.1),R,G001,AFXRA,CI_OTHC,NV_USD,Q,2011-Q3,651843800609.621,6,,,,OTHC,CO,NV,,USD,O,,
dataflow,IMF.STA:COFER(7.0.1),R,G001,AFXRA,CI_OTHC,NV_USD,Q,2011-Q4,700348378442.711,6,,,,OTHC,CO,NV,,USD,O,,
dataflow,IMF.STA:COFER(7.0.1),R,G001,AFXRA,CI_OTHC,NV_USD,Q,2012-Q1,737452928109.955,6,,,,OTHC,CO,NV,,USD,O,,
dataflow,IMF.STA:COFER(7.0.1),R,G001,AFXRA,CI_OTHC,NV_USD,Q,2012-Q2,724894863224.23,6,,,,OTHC,CO,NV,,USD,O,,
dataflow,IMF.STA:COFER(7.0.1),R,G001,AFXRA,CI_OTHC,NV_USD,Q,2012-Q3,780355858132.441,6,,,,OTHC,CO,NV,,USD,O,,
dataflow,IMF.STA:COFER(7.0.1),R,G001,AFXRA,CI_OTHC,NV_USD,Q,2012-Q4,394659498886.235,6,,,,OTHC,CO,NV,,USD,O,,
dataflow,IMF.STA:COFER(7.0.1),R,G001,AFXRA,CI_OTHC,NV_USD,Q,2013-Q1,409977114106,6,,,,OTHC,CO,NV,,USD,O,,
dataflow,IMF.STA:COFER(7.0.1),R,G001,AFXRA,CI_OTHC,NV_USD,Q,2013-Q2,385883388837.816,6,,,,OTHC,CO,NV,,USD,O,,
dataflow,IMF.STA:COFER(7.0.1),R,G001,AFXRA,CI_OTHC,NV_USD,Q,2013-Q3,401454643273.712,6,,,,OTHC,CO,NV,,USD,O,,
dataflow,IMF.STA:COFER(7.0.1),R,G001,AFXRA,CI_OTHC,NV_USD,Q,2013-Q4,393524413867.156,6,,,,OTHC,CO,NV,,USD,O,,
dataflow,IMF.STA:COFER(7.0.1),R,G001,AFXRA,CI_OTHC,NV_USD,Q,2014-Q1,413340280897.193,6,,,,OTHC,CO,NV,,USD,O,,
dataflow,IMF.STA:COFER(7.0.1),R,G001,AFXRA,CI_OTHC,NV_USD,Q,2014-Q2,422875929342.116,6,,,,OTHC,CO,NV,,USD,O,,
dataflow,IMF.STA:COFER(7.0.1),R,G001,AFXRA,CI_OTHC,NV_USD,Q,2014-Q3,424043149389.042,6,,,,OTHC,CO,NV,,USD,O,,
dataflow,IMF.STA:COFER(7.0.1),R,G001,AFXRA,CI_OTHC,NV_USD,Q,2014-Q4,424365031776.367,6,,,,OTHC,CO,NV,,USD,O,,
dataflow,IMF.STA:COFER(7.0.1),R,G001,AFXRA,CI_OTHC,NV_USD,Q,2015-Q1,402418737876.285,6,,,,OTHC,CO,NV,,USD,O,,
dataflow,IMF.STA:COFER(7.0.1),R,G001,AFXRA,CI_OTHC,NV_USD,Q,2015-Q2,395093434540,6,,,,OTHC,CO,NV,,USD,O,,
dataflow,IMF.STA:COFER(7.0.1),R,G001,AFXRA,CI_OTHC,NV_USD,Q,2015-Q3,375849379890,6,,,,OTHC,CO,NV,,USD,O,,
dataflow,IMF.STA:COFER(7.0.1),R,G001,AFXRA,CI_OTHC,NV_USD,Q,2015-Q4,346769548170,6,,,,OTHC,CO,NV,,USD,O,,
dataflow,IMF.STA:COFER(7.0.1),R,G001,AFXRA,CI_OTHC,NV_USD,Q,2016-Q1,358415382350,6,,,,OTHC,CO,NV,,USD,O,,
dataflow,IMF.STA:COFER(7.0.1),R,G001,AFXRA,CI_OTHC,NV_USD,Q,2016-Q2,360544426800,6,,,,OTHC,CO,NV,,USD,O,,
dataflow,IMF.STA:COFER(7.0.1),R,G001,AFXRA,CI_OTHC,NV_USD,Q,2016-Q3,376144187780,6,,,,OTHC,CO,NV,,USD,O,,
dataflow,IMF.STA:COFER(7.0.1),R,G001,AFXRA,CI_OTHC,NV_USD,Q,2016-Q4,275641458410,6,,,,OTHC,CO,NV,,USD,O,,
dataflow,IMF.STA:COFER(7.0.1),R,G001,AFXRA,CI_OTHC,NV_USD,Q,2017-Q1,273028147890,6,,,,OTHC,CO,NV,,USD,O,,
dataflow,IMF.STA:COFER(7.0.1),R,G001,AFXRA,CI_OTHC,NV_USD,Q,2017-Q2,259454316050,6,,,,OTHC,CO,NV,,USD,O,,
dataflow,IMF.STA:COFER(7.0.1),R,G001,AFXRA,CI_OTHC,NV_USD,Q,2017-Q3,271028100250,6,,,,OTHC,CO,NV,,USD,O,,
dataflow,IMF.STA:COFER(7.0.1),R,G001,AFXRA,CI_OTHC,NV_USD,Q,2017-Q4,283943005700,6,,,,OTHC,CO,NV,,USD,O,,
dataflow,IMF.STA:COFER(7.0.1),R,G001,AFXRA,CI_OTHC,NV_USD,Q,2018-Q1,286344549950,6,,,,OTHC,CO,NV,,USD,O,,
dataflow,IMF.STA:COFER(7.0.1),R,G001,AFXRA,CI_OTHC,NV_USD,Q,2018-Q2,275259579840,6,,,,OTHC,CO,NV,,USD,O,,
dataflow,IMF.STA:COFER(7.0.1),R,G001,AFXRA,CI_OTHC,NV_USD,Q,2018-Q3,284326310961.845,6,,,,OTHC,CO,NV,,USD,O,,
dataflow,IMF.STA:COFER(7.0.1),R,G001,AFXRA,CI_OTHC,NV_USD,Q,2018-Q4,299927233998.645,6,,,,OTHC,CO,NV,,USD,O,,
dataflow,IMF.STA:COFER(7.0.1),R,G001,AFXRA,CI_OTHC,NV_USD,Q,2019-Q1,275421434992.08,6,,,,OTHC,CO,NV,,USD,O,,
dataflow,IMF.STA:COFER(7.0.1),R,G001,AFXRA,CI_OTHC,NV_USD,Q,2019-Q2,281771279443.829,6,,,,OTHC,CO,NV,,USD,O,,
dataflow,IMF.STA:COFER(7.0.1),R,G001,AFXRA,CI_OTHC,NV_USD,Q,2019-Q3,272014697869.22,6,,,,OTHC,CO,NV,,USD,O,,
dataflow,IMF.STA:COFER(7.0.1),R,G001,AFXRA,CI_OTHC,NV_USD,Q,2019-Q4,290413751148.279,6,,,,OTHC,CO,NV,,USD,O,,
dataflow,IMF.STA:COFER(7.0.1),R,G001,AFXRA,CI_OTHC,NV_USD,Q,2020-Q1,254661673427.653,6,,,,OTHC,CO,NV,,USD,O,,
dataflow,IMF.STA:COFER(7.0.1),R,G001,AFXRA,CI_OTHC,NV_USD,Q,2020-Q2,284330710696.281,6,,,,OTHC,CO,NV,,USD,O,,
dataflow,IMF.STA:COFER(7.0.1),R,G001,AFXRA,CI_OTHC,NV_USD,Q,2020-Q3,294435630348.802,6,,,,OTHC,CO,NV,,USD,O,,
dataflow,IMF.STA:COFER(7.0.1),R,G001,AFXRA,CI_OTHC,NV_USD,Q,2020-Q4,320359595859.767,6,,,,OTHC,CO,NV,,USD,O,,
dataflow,IMF.STA:COFER(7.0.1),R,G001,AFXRA,CI_OTHC,NV_USD,Q,2021-Q1,341666610280.618,6,,,,OTHC,CO,NV,,USD,O,,
dataflow,IMF.STA:COFER(7.0.1),R,G001,AFXRA,CI_OTHC,NV_USD,Q,2021-Q2,363549833800.434,6,,,,OTHC,CO,NV,,USD,O,,
dataflow,IMF.STA:COFER(7.0.1),R,G001,AFXRA,CI_OTHC,NV_USD,Q,2021-Q3,365244606463.995,6,,,,OTHC,CO,NV,,USD,O,,
dataflow,IMF.STA:COFER(7.0.1),R,G001,AFXRA,CI_OTHC,NV_USD,Q,2021-Q4,380392224192.229,6,,,,OTHC,CO,NV,,USD,O,,
dataflow,IMF.STA:COFER(7.0.1),R,G001,AFXRA,CI_OTHC,NV_USD,Q,2022-Q1,398113892565.996,6,,,,OTHC,CO,NV,,USD,O,,
dataflow,IMF.STA:COFER(7.0.1),R,G001,AFXRA,CI_OTHC,NV_USD,Q,2022-Q2,367492357421.26,6,,,,OTHC,CO,NV,,USD,O,,
dataflow,IMF.STA:COFER(7.0.1),R,G001,AFXRA,CI_OTHC,NV_USD,Q,2022-Q3,373272250324.083,6,,,,OTHC,CO,NV,,USD,O,,
dataflow,IMF.STA:COFER(7.0.1),R,G001,AFXRA,CI_OTHC,NV_USD,Q,2022-Q4,396614340871.514,6,,,,OTHC,CO,NV,,USD,O,,
dataflow,IMF.STA:COFER(7.0.1),R,G001,AFXRA,CI_OTHC,NV_USD,Q,2023-Q1,477838489737.286,6,,,,OTHC,CO,NV,,USD,O,,
dataflow,IMF.STA:COFER(7.0.1),R,G001,AFXRA,CI_OTHC,NV_USD,Q,2023-Q2,487402367705.143,6,,,,OTHC,CO,NV,,USD,O,,
dataflow,IMF.STA:COFER(7.0.1),R,G001,AFXRA,CI_OTHC,NV_USD,Q,2023-Q3,514120098275.274,6,,,,OTHC,CO,NV,,USD,O,,
dataflow,IMF.STA:COFER(7.0.1),R,G001,AFXRA,CI_OTHC,NV_USD,Q,2023-Q4,547309031118.351,6,,,,OTHC,CO,NV,,USD,O,,
dataflow,IMF.STA:COFER(7.0.1),R,G001,AFXRA,CI_OTHC,NV_USD,Q,2024-Q1,541897987640.134,6,,,,OTHC,CO,NV,,USD,O,,
dataflow,IMF.STA:COFER(7.0.1),R,G001,AFXRA,CI_OTHC,NV_USD,Q,2024-Q2,602879932683.881,6,,,,OTHC,CO,NV,,USD,O,,
dataflow,IMF.STA:COFER(7.0.1),R,G001,AFXRA,CI_OTHC,NV_USD,Q,2024-Q3,659683560130.403,6,,,,OTHC,CO,NV,,USD,O,,
dataflow,IMF.STA:COFER(7.0.1),R,G001,AFXRA,CI_OTHC,NV_USD,Q,2024-Q4,650986466069.034,6,,,,OTHC,CO,NV,,USD,O,,
dataflow,IMF.STA:COFER(7.0.1),R,G001,AFXRA,CI_OTHC,NV_USD,Q,2025-Q1,664139575233.857,6,,,,OTHC,CO,NV,,USD,O,,
dataflow,IMF.STA:COFER(7.0.1),R,G001,AFXRA,CI_OTHC,NV_USD,Q,2025-Q2,714492471729.462,6,,,,OTHC,CO,NV,,USD,O,,
dataflow,IMF.STA:COFER(7.0.1),R,G001,AFXRA,CI_OTHC,NV_USD,Q,2025-Q3,742003260804.066,6,,,,OTHC,CO,NV,,USD,O,,
dataflow,IMF.STA:COFER(7.0.1),R,G001,AFXRA,CI_OTHC,NV_USD,Q,2025-Q4,821209809172.617,6,,,,OTHC,CO,NV,,USD,O,,
dataflow,IMF.STA:COFER(7.0.1),R,G001,AFXRA,CI_OTHC,NV_USD,Q,2026-Q1,809859084839.91,6,,,,OTHC,CO,NV,,USD,O,,
dataflow,IMF.STA:COFER(7.0.1),R,G001,AFXRA,CI_OTHC,SHRO_PT,A,1995,4.87023099379119,0,,,,OTHC,,,SHRO,PT,O,,
dataflow,IMF.STA:COFER(7.0.1),R,G001,AFXRA,CI_OTHC,SHRO_PT,A,1996,4.48111167615734,0,,,,OTHC,,,SHRO,PT,O,,
dataflow,IMF.STA:COFER(7.0.1),R,G001,AFXRA,CI_OTHC,SHRO_PT,A,1997,3.86214783999769,0,,,,OTHC,,,SHRO,PT,O,,
dataflow,IMF.STA:COFER(7.0.1),R,G001,AFXRA,CI_OTHC,SHRO_PT,A,1998,4.50298507519879,0,,,,OTHC,,,SHRO,PT,O,,
dataflow,IMF.STA:COFER(7.0.1),R,G001,AFXRA,CI_OTHC,SHRO_PT,A,1999,1.59699295032739,0,,,,OTHC,,,SHRO,PT,O,,
dataflow,IMF.STA:COFER(7.0.1),R,G001,AFXRA,CI_OTHC,SHRO_PT,A,2000,2.44748940816813,0,,,,OTHC,,,SHRO,PT,O,,
dataflow,IMF.STA:COFER(7.0.1),R,G001,AFXRA,CI_OTHC,SHRO_PT,A,2001,2.06518125619349,0,,,,OTHC,,,SHRO,PT,O,,
dataflow,IMF.STA:COFER(7.0.1),R,G001,AFXRA,CI_OTHC,SHRO_PT,A,2002,2.46982049758122,0,,,,OTHC,,,SHRO,PT,O,,
dataflow,IMF.STA:COFER(7.0.1),R,G001,AFXRA,CI_OTHC,SHRO_PT,A,2003,3.09911127729395,0,,,,OTHC,,,SHRO,PT,O,,
dataflow,IMF.STA:COFER(7.0.1),R,G001,AFXRA,CI_OTHC,SHRO_PT,A,2004,3.08553547933754,0,,,,OTHC,,,SHRO,PT,O,,
dataflow,IMF.STA:COFER(7.0.1),R,G001,AFXRA,CI_OTHC,SHRO_PT,A,2005,3.47190345919347,0,,,,OTHC,,,SHRO,PT,O,,
dataflow,IMF.STA:COFER(7.0.1),R,G001,AFXRA,CI_OTHC,SHRO_PT,A,2006,3.69134142337283,0,,,,OTHC,,,SHRO,PT,O,,
dataflow,IMF.STA:COFER(7.0.1),R,G001,AFXRA,CI_OTHC,SHRO_PT,A,2007,4.02506569368718,0,,,,OTHC,,,SHRO,PT,O,,
dataflow,IMF.STA:COFER(7.0.1),R,G001,AFXRA,CI_OTHC,SHRO_PT,A,2008,4.31712288025992,0,,,,OTHC,,,SHRO,PT,O,,
dataflow,IMF.STA:COFER(7.0.1),R,G001,AFXRA,CI_OTHC,SHRO_PT,A,2009,5.2080326434776,0,,,,OTHC,,,SHRO,PT,O,,
dataflow,IMF.STA:COFER(7.0.1),R,G001,AFXRA,CI_OTHC,SHRO_PT,A,2010,6.0434831403432,0,,,,OTHC,,,SHRO,PT,O,,
dataflow,IMF.STA:COFER(7.0.1),R,G001,AFXRA,CI_OTHC,SHRO_PT,A,2011,6.84816333981889,0,,,,OTHC,,,SHRO,PT,O,,
dataflow,IMF.STA:COFER(7.0.1),R,G001,AFXRA,CI_OTHC,SHRO_PT,A,2012,3.59952253859224,0,,,,OTHC,,,SHRO,PT,O,,
dataflow,IMF.STA:COFER(7.0.1),R,G001,AFXRA,CI_OTHC,SHRO_PT,A,2013,3.36284036607408,0,,,,OTHC,,,SHRO,PT,O,,
dataflow,IMF.STA:COFER(7.0.1),R,G001,AFXRA,CI_OTHC,SHRO_PT,A,2014,3.65798701391084,0,,,,OTHC,,,SHRO,PT,O,,
dataflow,IMF.STA:COFER(7.0.1),R,G001,AFXRA,CI_OTHC,SHRO_PT,A,2015,3.1743241,0,,,,OTHC,,,SHRO,PT,O,,
dataflow,IMF.STA:COFER(7.0.1),R,G001,AFXRA,CI_OTHC,SHRO_PT,A,2016,2.5719185,0,,,,OTHC,,,SHRO,PT,O,,
dataflow,IMF.STA:COFER(7.0.1),R,G001,AFXRA,CI_OTHC,SHRO_PT,A,2017,2.4814372,0,,,,OTHC,,,SHRO,PT,O,,
dataflow,IMF.STA:COFER(7.0.1),R,G001,AFXRA,CI_OTHC,SHRO_PT,A,2018,2.62581356336408,0,,,,OTHC,,,SHRO,PT,O,,
dataflow,IMF.STA:COFER(7.0.1),R,G001,AFXRA,CI_OTHC,SHRO_PT,A,2019,2.45792672849937,0,,,,OTHC,,,SHRO,PT,O,,
dataflow,IMF.STA:COFER(7.0.1),R,G001,AFXRA,CI_OTHC,SHRO_PT,A,2020,2.52372213508422,0,,,,OTHC,,,SHRO,PT,O,,
dataflow,IMF.STA:COFER(7.0.1),R,G001,AFXRA,CI_OTHC,SHRO_PT,A,2021,2.94555106963941,0,,,,OTHC,,,SHRO,PT,O,,
dataflow,IMF.STA:COFER(7.0.1),R,G001,AFXRA,CI_OTHC,SHRO_PT,A,2022,3.33725166320801,0,,,,OTHC,,,SHRO,PT,O,,
dataflow,IMF.STA:COFER(7.0.1),R,G001,AFXRA,CI_OTHC,SHRO_PT,A,2023,4.44423580169678,0,,,,OTHC,,,SHRO,PT,O,,
dataflow,IMF.STA:COFER(7.0.1),R,G001,AFXRA,CI_OTHC,SHRO_PT,A,2024,5.27962112426758,0,,,,OTHC,,,SHRO,PT,O,,
dataflow,IMF.STA:COFER(7.0.1),R,G001,AFXRA,CI_OTHC,SHRO_PT,A,2025,6.24652671813965,0,,,,OTHC,,,SHRO,PT,O,,
dataflow,IMF.STA:COFER(7.0.1),R,G001,AFXRA,CI_OTHC,SHRO_PT,Q,1999-Q1,1.62345483757504,0,,,,OTHC,,,SHRO,PT,O,,
dataflow,IMF.STA:COFER(7.0.1),R,G001,AFXRA,CI_OTHC,SHRO_PT,Q,1999-Q2,1.63655031441804,0,,,,OTHC,,,SHRO,PT,O,,
dataflow,IMF.STA:COFER(7.0.1),R,G001,AFXRA,CI_OTHC,SHRO_PT,Q,1999-Q3,1.70319953131544,0,,,,OTHC,,,SHRO,PT,O,,
dataflow,IMF.STA:COFER(7.0.1),R,G001,AFXRA,CI_OTHC,SHRO_PT,Q,1999-Q4,1.59699295032739,0,,,,OTHC,,,SHRO,PT,O,,
dataflow,IMF.STA:COFER(7.0.1),R,G001,AFXRA,CI_OTHC,SHRO_PT,Q,2000-Q1,2.55445893594803,0,,,,OTHC,,,SHRO,PT,O,,
dataflow,IMF.STA:COFER(7.0.1),R,G001,AFXRA,CI_OTHC,SHRO_PT,Q,2000-Q2,2.24188751938297,0,,,,OTHC,,,SHRO,PT,O,,
dataflow,IMF.STA:COFER(7.0.1),R,G001,AFXRA,CI_OTHC,SHRO_PT,Q,2000-Q3,2.3435226069116,0,,,,OTHC,,,SHRO,PT,O,,
dataflow,IMF.STA:COFER(7.0.1),R,G001,AFXRA,CI_OTHC,SHRO_PT,Q,2000-Q4,2.44748940816813,0,,,,OTHC,,,SHRO,PT,O,,
dataflow,IMF.STA:COFER(7.0.1),R,G001,AFXRA,CI_OTHC,SHRO_PT,Q,2001-Q1,2.51766042420354,0,,,,OTHC,,,SHRO,PT,O,,
dataflow,IMF.STA:COFER(7.0.1),R,G001,AFXRA,CI_OTHC,SHRO_PT,Q,2001-Q2,2.25087615823107,0,,,,OTHC,,,SHRO,PT,O,,
dataflow,IMF.STA:COFER(7.0.1),R,G001,AFXRA,CI_OTHC,SHRO_PT,Q,2001-Q3,2.22398514804804,0,,,,OTHC,,,SHRO,PT,O,,
dataflow,IMF.STA:COFER(7.0.1),R,G001,AFXRA,CI_OTHC,SHRO_PT,Q,2001-Q4,2.06518125619349,0,,,,OTHC,,,SHRO,PT,O,,
dataflow,IMF.STA:COFER(7.0.1),R,G001,AFXRA,CI_OTHC,SHRO_PT,Q,2002-Q1,2.16330812988654,0,,,,OTHC,,,SHRO,PT,O,,
dataflow,IMF.STA:COFER(7.0.1),R,G001,AFXRA,CI_OTHC,SHRO_PT,Q,2002-Q2,2.35426193013926,0,,,,OTHC,,,SHRO,PT,O,,
dataflow,IMF.STA:COFER(7.0.1),R,G001,AFXRA,CI_OTHC,SHRO_PT,Q,2002-Q3,2.48405996983817,0,,,,OTHC,,,SHRO,PT,O,,
dataflow,IMF.STA:COFER(7.0.1),R,G001,AFXRA,CI_OTHC,SHRO_PT,Q,2002-Q4,2.46982049758122,0,,,,OTHC,,,SHRO,PT,O,,
dataflow,IMF.STA:COFER(7.0.1),R,G001,AFXRA,CI_OTHC,SHRO_PT,Q,2003-Q1,2.90263130458794,0,,,,OTHC,,,SHRO,PT,O,,
dataflow,IMF.STA:COFER(7.0.1),R,G001,AFXRA,CI_OTHC,SHRO_PT,Q,2003-Q2,2.98636403142339,0,,,,OTHC,,,SHRO,PT,O,,
dataflow,IMF.STA:COFER(7.0.1),R,G001,AFXRA,CI_OTHC,SHRO_PT,Q,2003-Q3,3.02877402986216,0,,,,OTHC,,,SHRO,PT,O,,
dataflow,IMF.STA:COFER(7.0.1),R,G001,AFXRA,CI_OTHC,SHRO_PT,Q,2003-Q4,3.09911127729395,0,,,,OTHC,,,SHRO,PT,O,,
dataflow,IMF.STA:COFER(7.0.1),R,G001,AFXRA,CI_OTHC,SHRO_PT,Q,2004-Q1,2.93450866478938,0,,,,OTHC,,,SHRO,PT,O,,
dataflow,IMF.STA:COFER(7.0.1),R,G001,AFXRA,CI_OTHC,SHRO_PT,Q,2004-Q2,2.97653274058376,0,,,,OTHC,,,SHRO,PT,O,,
dataflow,IMF.STA:COFER(7.0.1),R,G001,AFXRA,CI_OTHC,SHRO_PT,Q,2004-Q3,3.03441251398362,0,,,,OTHC,,,SHRO,PT,O,,
dataflow,IMF.STA:COFER(7.0.1),R,G001,AFXRA,CI_OTHC,SHRO_PT,Q,2004-Q4,3.08553547933754,0,,,,OTHC,,,SHRO,PT,O,,
dataflow,IMF.STA:COFER(7.0.1),R,G001,AFXRA,CI_OTHC,SHRO_PT,Q,2005-Q1,2.97739214833872,0,,,,OTHC,,,SHRO,PT,O,,
dataflow,IMF.STA:COFER(7.0.1),R,G001,AFXRA,CI_OTHC,SHRO_PT,Q,2005-Q2,3.06233650540975,0,,,,OTHC,,,SHRO,PT,O,,
dataflow,IMF.STA:COFER(7.0.1),R,G001,AFXRA,CI_OTHC,SHRO_PT,Q,2005-Q3,3.21373859839095,0,,,,OTHC,,,SHRO,PT,O,,
dataflow,IMF.STA:COFER(7.0.1),R,G001,AFXRA,CI_OTHC,SHRO_PT,Q,2005-Q4,3.47190345919347,0,,,,OTHC,,,SHRO,PT,O,,
dataflow,IMF.STA:COFER(7.0.1),R,G001,AFXRA,CI_OTHC,SHRO_PT,Q,2006-Q1,3.37723215391135,0,,,,OTHC,,,SHRO,PT,O,,
dataflow,IMF.STA:COFER(7.0.1),R,G001,AFXRA,CI_OTHC,SHRO_PT,Q,2006-Q2,3.58921376543659,0,,,,OTHC,,,SHRO,PT,O,,
dataflow,IMF.STA:COFER(7.0.1),R,G001,AFXRA,CI_OTHC,SHRO_PT,Q,2006-Q3,3.54485486829174,0,,,,OTHC,,,SHRO,PT,O,,
dataflow,IMF.STA:COFER(7.0.1),R,G001,AFXRA,CI_OTHC,SHRO_PT,Q,2006-Q4,3.69134142337283,0,,,,OTHC,,,SHRO,PT,O,,
dataflow,IMF.STA:COFER(7.0.1),R,G001,AFXRA,CI_OTHC,SHRO_PT,Q,2007-Q1,3.83702707583852,0,,,,OTHC,,,SHRO,PT,O,,
dataflow,IMF.STA:COFER(7.0.1),R,G001,AFXRA,CI_OTHC,SHRO_PT,Q,2007-Q2,4.00231973917239,0,,,,OTHC,,,SHRO,PT,O,,
dataflow,IMF.STA:COFER(7.0.1),R,G001,AFXRA,CI_OTHC,SHRO_PT,Q,2007-Q3,4.10570976313274,0,,,,OTHC,,,SHRO,PT,O,,
dataflow,IMF.STA:COFER(7.0.1),R,G001,AFXRA,CI_OTHC,SHRO_PT,Q,2007-Q4,4.02506569368718,0,,,,OTHC,,,SHRO,PT,O,,
dataflow,IMF.STA:COFER(7.0.1),R,G001,AFXRA,CI_OTHC,SHRO_PT,Q,2008-Q1,3.93494138515361,0,,,,OTHC,,,SHRO,PT,O,,
dataflow,IMF.STA:COFER(7.0.1),R,G001,AFXRA,CI_OTHC,SHRO_PT,Q,2008-Q2,4.01162764314179,0,,,,OTHC,,,SHRO,PT,O,,
dataflow,IMF.STA:COFER(7.0.1),R,G001,AFXRA,CI_OTHC,SHRO_PT,Q,2008-Q3,3.99414918200952,0,,,,OTHC,,,SHRO,PT,O,,
dataflow,IMF.STA:COFER(7.0.1),R,G001,AFXRA,CI_OTHC,SHRO_PT,Q,2008-Q4,4.31712288025992,0,,,,OTHC,,,SHRO,PT,O,,
dataflow,IMF.STA:COFER(7.0.1),R,G001,AFXRA,CI_OTHC,SHRO_PT,Q,2009-Q1,4.32853834805625,0,,,,OTHC,,,SHRO,PT,O,,
dataflow,IMF.STA:COFER(7.0.1),R,G001,AFXRA,CI_OTHC,SHRO_PT,Q,2009-Q2,4.76805469967838,0,,,,OTHC,,,SHRO,PT,O,,
dataflow,IMF.STA:COFER(7.0.1),R,G001,AFXRA,CI_OTHC,SHRO_PT,Q,2009-Q3,5.62905450268714,0,,,,OTHC,,,SHRO,PT,O,,
dataflow,IMF.STA:COFER(7.0.1),R,G001,AFXRA,CI_OTHC,SHRO_PT,Q,2009-Q4,5.2080326434776,0,,,,OTHC,,,SHRO,PT,O,,
dataflow,IMF.STA:COFER(7.0.1),R,G001,AFXRA,CI_OTHC,SHRO_PT,Q,2010-Q1,5.51188084092889,0,,,,OTHC,,,SHRO,PT,O,,
dataflow,IMF.STA:COFER(7.0.1),R,G001,AFXRA,CI_OTHC,SHRO_PT,Q,2010-Q2,5.5389931883152,0,,,,OTHC,,,SHRO,PT,O,,
dataflow,IMF.STA:COFER(7.0.1),R,G001,AFXRA,CI_OTHC,SHRO_PT,Q,2010-Q3,5.81885448187001,0,,,,OTHC,,,SHRO,PT,O,,
dataflow,IMF.STA:COFER(7.0.1),R,G001,AFXRA,CI_OTHC,SHRO_PT,Q,2010-Q4,6.0434831403432,0,,,,OTHC,,,SHRO,PT,O,,
dataflow,IMF.STA:COFER(7.0.1),R,G001,AFXRA,CI_OTHC,SHRO_PT,Q,2011-Q1,6.34130258933767,0,,,,OTHC,,,SHRO,PT,O,,
dataflow,IMF.STA:COFER(7.0.1),R,G001,AFXRA,CI_OTHC,SHRO_PT,Q,2011-Q2,6.45833189271944,0,,,,OTHC,,,SHRO,PT,O,,
dataflow,IMF.STA:COFER(7.0.1),R,G001,AFXRA,CI_OTHC,SHRO_PT,Q,2011-Q3,6.39577987977074,0,,,,OTHC,,,SHRO,PT,O,,
dataflow,IMF.STA:COFER(7.0.1),R,G001,AFXRA,CI_OTHC,SHRO_PT,Q,2011-Q4,6.84816333981889,0,,,,OTHC,,,SHRO,PT,O,,
dataflow,IMF.STA:COFER(7.0.1),R,G001,AFXRA,CI_OTHC,SHRO_PT,Q,2012-Q1,7.05439140700454,0,,,,OTHC,,,SHRO,PT,O,,
dataflow,IMF.STA:COFER(7.0.1),R,G001,AFXRA,CI_OTHC,SHRO_PT,Q,2012-Q2,6.87225933399346,0,,,,OTHC,,,SHRO,PT,O,,
dataflow,IMF.STA:COFER(7.0.1),R,G001,AFXRA,CI_OTHC,SHRO_PT,Q,2012-Q3,7.22087843259721,0,,,,OTHC,,,SHRO,PT,O,,
dataflow,IMF.STA:COFER(7.0.1),R,G001,AFXRA,CI_OTHC,SHRO_PT,Q,2012-Q4,3.59952253859224,0,,,,OTHC,,,SHRO,PT,O,,
dataflow,IMF.STA:COFER(7.0.1),R,G001,AFXRA,CI_OTHC,SHRO_PT,Q,2013-Q1,3.69233521184666,0,,,,OTHC,,,SHRO,PT,O,,
dataflow,IMF.STA:COFER(7.0.1),R,G001,AFXRA,CI_OTHC,SHRO_PT,Q,2013-Q2,3.460688849124,0,,,,OTHC,,,SHRO,PT,O,,
dataflow,IMF.STA:COFER(7.0.1),R,G001,AFXRA,CI_OTHC,SHRO_PT,Q,2013-Q3,3.5031948570694,0,,,,OTHC,,,SHRO,PT,O,,
dataflow,IMF.STA:COFER(7.0.1),R,G001,AFXRA,CI_OTHC,SHRO_PT,Q,2013-Q4,3.36284036607408,0,,,,OTHC,,,SHRO,PT,O,,
dataflow,IMF.STA:COFER(7.0.1),R,G001,AFXRA,CI_OTHC,SHRO_PT,Q,2014-Q1,3.48723867463426,0,,,,OTHC,,,SHRO,PT,O,,
dataflow,IMF.STA:COFER(7.0.1),R,G001,AFXRA,CI_OTHC,SHRO_PT,Q,2014-Q2,3.52256454197321,0,,,,OTHC,,,SHRO,PT,O,,
dataflow,IMF.STA:COFER(7.0.1),R,G001,AFXRA,CI_OTHC,SHRO_PT,Q,2014-Q3,3.60284459851928,0,,,,OTHC,,,SHRO,PT,O,,
dataflow,IMF.STA:COFER(7.0.1),R,G001,AFXRA,CI_OTHC,SHRO_PT,Q,2014-Q4,3.65798701391084,0,,,,OTHC,,,SHRO,PT,O,,
dataflow,IMF.STA:COFER(7.0.1),R,G001,AFXRA,CI_OTHC,SHRO_PT,Q,2015-Q1,3.51803623826253,0,,,,OTHC,,,SHRO,PT,O,,
dataflow,IMF.STA:COFER(7.0.1),R,G001,AFXRA,CI_OTHC,SHRO_PT,Q,2015-Q2,3.4476866,0,,,,OTHC,,,SHRO,PT,O,,
dataflow,IMF.STA:COFER(7.0.1),R,G001,AFXRA,CI_OTHC,SHRO_PT,Q,2015-Q3,3.3609254,0,,,,OTHC,,,SHRO,PT,O,,
dataflow,IMF.STA:COFER(7.0.1),R,G001,AFXRA,CI_OTHC,SHRO_PT,Q,2015-Q4,3.1743241,0,,,,OTHC,,,SHRO,PT,O,,
dataflow,IMF.STA:COFER(7.0.1),R,G001,AFXRA,CI_OTHC,SHRO_PT,Q,2016-Q1,3.2808386,0,,,,OTHC,,,SHRO,PT,O,,
dataflow,IMF.STA:COFER(7.0.1),R,G001,AFXRA,CI_OTHC,SHRO_PT,Q,2016-Q2,3.2884707,0,,,,OTHC,,,SHRO,PT,O,,
dataflow,IMF.STA:COFER(7.0.1),R,G001,AFXRA,CI_OTHC,SHRO_PT,Q,2016-Q3,3.422293,0,,,,OTHC,,,SHRO,PT,O,,
dataflow,IMF.STA:COFER(7.0.1),R,G001,AFXRA,CI_OTHC,SHRO_PT,Q,2016-Q4,2.5719185,0,,,,OTHC,,,SHRO,PT,O,,
dataflow,IMF.STA:COFER(7.0.1),R,G001,AFXRA,CI_OTHC,SHRO_PT,Q,2017-Q1,2.5049171,0,,,,OTHC,,,SHRO,PT,O,,
dataflow,IMF.STA:COFER(7.0.1),R,G001,AFXRA,CI_OTHC,SHRO_PT,Q,2017-Q2,2.3338286,0,,,,OTHC,,,SHRO,PT,O,,
dataflow,IMF.STA:COFER(7.0.1),R,G001,AFXRA,CI_OTHC,SHRO_PT,Q,2017-Q3,2.4001504,0,,,,OTHC,,,SHRO,PT,O,,
dataflow,IMF.STA:COFER(7.0.1),R,G001,AFXRA,CI_OTHC,SHRO_PT,Q,2017-Q4,2.4814372,0,,,,OTHC,,,SHRO,PT,O,,
dataflow,IMF.STA:COFER(7.0.1),R,G001,AFXRA,CI_OTHC,SHRO_PT,Q,2018-Q1,2.4676869,0,,,,OTHC,,,SHRO,PT,O,,
dataflow,IMF.STA:COFER(7.0.1),R,G001,AFXRA,CI_OTHC,SHRO_PT,Q,2018-Q2,2.4015448,0,,,,OTHC,,,SHRO,PT,O,,
dataflow,IMF.STA:COFER(7.0.1),R,G001,AFXRA,CI_OTHC,SHRO_PT,Q,2018-Q3,2.49450173654001,0,,,,OTHC,,,SHRO,PT,O,,
dataflow,IMF.STA:COFER(7.0.1),R,G001,AFXRA,CI_OTHC,SHRO_PT,Q,2018-Q4,2.62581356336408,0,,,,OTHC,,,SHRO,PT,O,,
dataflow,IMF.STA:COFER(7.0.1),R,G001,AFXRA,CI_OTHC,SHRO_PT,Q,2019-Q1,2.37389543510631,0,,,,OTHC,,,SHRO,PT,O,,
dataflow,IMF.STA:COFER(7.0.1),R,G001,AFXRA,CI_OTHC,SHRO_PT,Q,2019-Q2,2.40215628994542,0,,,,OTHC,,,SHRO,PT,O,,
dataflow,IMF.STA:COFER(7.0.1),R,G001,AFXRA,CI_OTHC,SHRO_PT,Q,2019-Q3,2.33601027534042,0,,,,OTHC,,,SHRO,PT,O,,
dataflow,IMF.STA:COFER(7.0.1),R,G001,AFXRA,CI_OTHC,SHRO_PT,Q,2019-Q4,2.45792672849937,0,,,,OTHC,,,SHRO,PT,O,,
dataflow,IMF.STA:COFER(7.0.1),R,G001,AFXRA,CI_OTHC,SHRO_PT,Q,2020-Q1,2.17889416784505,0,,,,OTHC,,,SHRO,PT,O,,
dataflow,IMF.STA:COFER(7.0.1),R,G001,AFXRA,CI_OTHC,SHRO_PT,Q,2020-Q2,2.36597106115926,0,,,,OTHC,,,SHRO,PT,O,,
dataflow,IMF.STA:COFER(7.0.1),R,G001,AFXRA,CI_OTHC,SHRO_PT,Q,2020-Q3,2.40474722876286,0,,,,OTHC,,,SHRO,PT,O,,
dataflow,IMF.STA:COFER(7.0.1),R,G001,AFXRA,CI_OTHC,SHRO_PT,Q,2020-Q4,2.52372213508422,0,,,,OTHC,,,SHRO,PT,O,,
dataflow,IMF.STA:COFER(7.0.1),R,G001,AFXRA,CI_OTHC,SHRO_PT,Q,2021-Q1,2.71817993086734,0,,,,OTHC,,,SHRO,PT,O,,
dataflow,IMF.STA:COFER(7.0.1),R,G001,AFXRA,CI_OTHC,SHRO_PT,Q,2021-Q2,2.84092063778746,0,,,,OTHC,,,SHRO,PT,O,,
dataflow,IMF.STA:COFER(7.0.1),R,G001,AFXRA,CI_OTHC,SHRO_PT,Q,2021-Q3,2.84838432514145,0,,,,OTHC,,,SHRO,PT,O,,
dataflow,IMF.STA:COFER(7.0.1),R,G001,AFXRA,CI_OTHC,SHRO_PT,Q,2021-Q4,2.94555106963941,0,,,,OTHC,,,SHRO,PT,O,,
dataflow,IMF.STA:COFER(7.0.1),R,G001,AFXRA,CI_OTHC,SHRO_PT,Q,2022-Q1,3.18221020698547,0,,,,OTHC,,,SHRO,PT,O,,
dataflow,IMF.STA:COFER(7.0.1),R,G001,AFXRA,CI_OTHC,SHRO_PT,Q,2022-Q2,3.0688009262085,0,,,,OTHC,,,SHRO,PT,O,,
dataflow,IMF.STA:COFER(7.0.1),R,G001,AFXRA,CI_OTHC,SHRO_PT,Q,2022-Q3,3.24189305305481,0,,,,OTHC,,,SHRO,PT,O,,
dataflow,IMF.STA:COFER(7.0.1),R,G001,AFXRA,CI_OTHC,SHRO_PT,Q,2022-Q4,3.33725166320801,0,,,,OTHC,,,SHRO,PT,O,,
dataflow,IMF.STA:COFER(7.0.1),R,G001,AFXRA,CI_OTHC,SHRO_PT,Q,2023-Q1,3.98167490959168,0,,,,OTHC,,,SHRO,PT,O,,
dataflow,IMF.STA:COFER(7.0.1),R,G001,AFXRA,CI_OTHC,SHRO_PT,Q,2023-Q2,4.05210590362549,0,,,,OTHC,,,SHRO,PT,O,,
dataflow,IMF.STA:COFER(7.0.1),R,G001,AFXRA,CI_OTHC,SHRO_PT,Q,2023-Q3,4.34961891174316,0,,,,OTHC,,,SHRO,PT,O,,
dataflow,IMF.STA:COFER(7.0.1),R,G001,AFXRA,CI_OTHC,SHRO_PT,Q,2023-Q4,4.44423580169678,0,,,,OTHC,,,SHRO,PT,O,,
dataflow,IMF.STA:COFER(7.0.1),R,G001,AFXRA,CI_OTHC,SHRO_PT,Q,2024-Q1,4.38795518875122,0,,,,OTHC,,,SHRO,PT,O,,
dataflow,IMF.STA:COFER(7.0.1),R,G001,AFXRA,CI_OTHC,SHRO_PT,Q,2024-Q2,4.89552021026611,0,,,,OTHC,,,SHRO,PT,O,,
dataflow,IMF.STA:COFER(7.0.1),R,G001,AFXRA,CI_OTHC,SHRO_PT,Q,2024-Q3,5.18336153030396,0,,,,OTHC,,,SHRO,PT,O,,
dataflow,IMF.STA:COFER(7.0.1),R,G001,AFXRA,CI_OTHC,SHRO_PT,Q,2024-Q4,5.27962112426758,0,,,,OTHC,,,SHRO,PT,O,,
dataflow,IMF.STA:COFER(7.0.1),R,G001,AFXRA,CI_OTHC,SHRO_PT,Q,2025-Q1,5.31295013427734,0,,,,OTHC,,,SHRO,PT,O,,
dataflow,IMF.STA:COFER(7.0.1),R,G001,AFXRA,CI_OTHC,SHRO_PT,Q,2025-Q2,5.52113342285156,0,,,,OTHC,,,SHRO,PT,O,,
dataflow,IMF.STA:COFER(7.0.1),R,G001,AFXRA,CI_OTHC,SHRO_PT,Q,2025-Q3,5.69284629821777,0,,,,OTHC,,,SHRO,PT,O,,
dataflow,IMF.STA:COFER(7.0.1),R,G001,AFXRA,CI_OTHC,SHRO_PT,Q,2025-Q4,6.24652671813965,0,,,,OTHC,,,SHRO,PT,O,,
dataflow,IMF.STA:COFER(7.0.1),R,G001,AFXRA,CI_OTHC,SHRO_PT,Q,2026-Q1,6.17981958389282,0,,,,OTHC,,,SHRO,PT,O,,
dataflow,IMF.STA:COFER(7.0.1),R,G001,AFXRA,CI_T,NV_USD,A,1995,1035170976372,6,,,,_T,CO,NV,,USD,O,,
dataflow,IMF.STA:COFER(7.0.1),R,G001,AFXRA,CI_T,NV_USD,A,1996,1226203115900,6,,,,_T,CO,NV,,USD,O,,
dataflow,IMF.STA:COFER(7.0.1),R,G001,AFXRA,CI_T,NV_USD,A,1997,1273276478200,6,,,,_T,CO,NV,,USD,O,,
dataflow,IMF.STA:COFER(7.0.1),R,G001,AFXRA,CI_T,NV_USD,A,1998,1282786897226.46,6,,,,_T,CO,NV,,USD,O,,
dataflow,IMF.STA:COFER(7.0.1),R,G001,AFXRA,CI_T,NV_USD,A,1999,1379704933663.2,6,,,,_T,CO,NV,,USD,O,,
dataflow,IMF.STA:COFER(7.0.1),R,G001,AFXRA,CI_T,NV_USD,A,2000,1932582318040.66,6,,,,_T,CO,NV,,USD,O,,
dataflow,IMF.STA:COFER(7.0.1),R,G001,AFXRA,CI_T,NV_USD,A,2001,2060792080973.05,6,,,,_T,CO,NV,,USD,O,,
dataflow,IMF.STA:COFER(7.0.1),R,G001,AFXRA,CI_T,NV_USD,A,2002,2421977719805.11,6,,,,_T,CO,NV,,USD,O,,
dataflow,IMF.STA:COFER(7.0.1),R,G001,AFXRA,CI_T,NV_USD,A,2003,3040860367822.61,6,,,,_T,CO,NV,,USD,O,,
dataflow,IMF.STA:COFER(7.0.1),R,G001,AFXRA,CI_T,NV_USD,A,2004,3773940305814.15,6,,,,_T,CO,NV,,USD,O,,
dataflow,IMF.STA:COFER(7.0.1),R,G001,AFXRA,CI_T,NV_USD,A,2005,4360322232491.98,6,,,,_T,CO,NV,,USD,O,,
dataflow,IMF.STA:COFER(7.0.1),R,G001,AFXRA,CI_T,NV_USD,A,2006,5294854141560.56,6,,,,_T,CO,NV,,USD,O,,
dataflow,IMF.STA:COFER(7.0.1),R,G001,AFXRA,CI_T,NV_USD,A,2007,6710153355703.79,6,,,,_T,CO,NV,,USD,O,,
dataflow,IMF.STA:COFER(7.0.1),R,G001,AFXRA,CI_T,NV_USD,A,2008,7353673489223.45,6,,,,_T,CO,NV,,USD,O,,
dataflow,IMF.STA:COFER(7.0.1),R,G001,AFXRA,CI_T,NV_USD,A,2009,8176654590256.79,6,,,,_T,CO,NV,,USD,O,,
dataflow,IMF.STA:COFER(7.0.1),R,G001,AFXRA,CI_T,NV_USD,A,2010,9281706343957.85,6,,,,_T,CO,NV,,USD,O,,
dataflow,IMF.STA:COFER(7.0.1),R,G001,AFXRA,CI_T,NV_USD,A,2011,10226805987096,6,,,,_T,CO,NV,,USD,O,,
dataflow,IMF.STA:COFER(7.0.1),R,G001,AFXRA,CI_T,NV_USD,A,2012,10964218022109.8,6,,,,_T,CO,NV,,USD,O,,
dataflow,IMF.STA:COFER(7.0.1),R,G001,AFXRA,CI_T,NV_USD,A,2013,11702143754345.8,6,,,,_T,CO,NV,,USD,O,,
dataflow,IMF.STA:COFER(7.0.1),R,G001,AFXRA,CI_T,NV_USD,A,2014,11601053534705.4,6,,,,_T,CO,NV,,USD,O,,
dataflow,IMF.STA:COFER(7.0.1),R,G001,AFXRA,CI_T,NV_USD,A,2015,10924200946140,6,,,,_T,CO,NV,,USD,O,,
dataflow,IMF.STA:COFER(7.0.1),R,G001,AFXRA,CI_T,NV_USD,A,2016,10717348110240,6,,,,_T,CO,NV,,USD,O,,
dataflow,IMF.STA:COFER(7.0.1),R,G001,AFXRA,CI_T,NV_USD,A,2017,11442683613800,6,,,,_T,CO,NV,,USD,O,,
dataflow,IMF.STA:COFER(7.0.1),R,G001,AFXRA,CI_T,NV_USD,A,2018,11422259302156.7,6,,,,_T,CO,NV,,USD,O,,
dataflow,IMF.STA:COFER(7.0.1),R,G001,AFXRA,CI_T,NV_USD,A,2019,11815394974185.6,6,,,,_T,CO,NV,,USD,O,,
dataflow,IMF.STA:COFER(7.0.1),R,G001,AFXRA,CI_T,NV_USD,A,2020,12693932957444.1,6,,,,_T,CO,NV,,USD,O,,
dataflow,IMF.STA:COFER(7.0.1),R,G001,AFXRA,CI_T,NV_USD,A,2021,12914127618191.2,6,,,,_T,CO,NV,,USD,O,,
dataflow,IMF.STA:COFER(7.0.1),R,G001,AFXRA,CI_T,NV_USD,A,2022,11884460095608.2,6,,,,_T,CO,NV,,USD,O,,
dataflow,IMF.STA:COFER(7.0.1),R,G001,AFXRA,CI_T,NV_USD,A,2023,12315031040251.1,6,,,,_T,CO,NV,,USD,O,,
dataflow,IMF.STA:COFER(7.0.1),R,G001,AFXRA,CI_T,NV_USD,A,2024,12330174088808.9,6,,,,_T,CO,NV,,USD,O,,
dataflow,IMF.STA:COFER(7.0.1),R,G001,AFXRA,CI_T,NV_USD,A,2025,13146663077686.2,6,,,,_T,CO,NV,,USD,O,,
dataflow,IMF.STA:COFER(7.0.1),R,G001,AFXRA,CI_T,NV_USD,Q,1999-Q1,1239414424634.23,6,,,,_T,CO,NV,,USD,O,,
dataflow,IMF.STA:COFER(7.0.1),R,G001,AFXRA,CI_T,NV_USD,Q,1999-Q2,1273723761787.46,6,,,,_T,CO,NV,,USD,O,,
dataflow,IMF.STA:COFER(7.0.1),R,G001,AFXRA,CI_T,NV_USD,Q,1999-Q3,1324244500382.78,6,,,,_T,CO,NV,,USD,O,,
dataflow,IMF.STA:COFER(7.0.1),R,G001,AFXRA,CI_T,NV_USD,Q,1999-Q4,1379704933663.2,6,,,,_T,CO,NV,,USD,O,,
dataflow,IMF.STA:COFER(7.0.1),R,G001,AFXRA,CI_T,NV_USD,Q,2000-Q1,1801887910799.35,6,,,,_T,CO,NV,,USD,O,,
dataflow,IMF.STA:COFER(7.0.1),R,G001,AFXRA,CI_T,NV_USD,Q,2000-Q2,1845601279463.39,6,,,,_T,CO,NV,,USD,O,,
dataflow,IMF.STA:COFER(7.0.1),R,G001,AFXRA,CI_T,NV_USD,Q,2000-Q3,1868991407264.41,6,,,,_T,CO,NV,,USD,O,,
dataflow,IMF.STA:COFER(7.0.1),R,G001,AFXRA,CI_T,NV_USD,Q,2000-Q4,1932582318040.66,6,,,,_T,CO,NV,,USD,O,,
dataflow,IMF.STA:COFER(7.0.1),R,G001,AFXRA,CI_T,NV_USD,Q,2001-Q1,1934388566746.93,6,,,,_T,CO,NV,,USD,O,,
dataflow,IMF.STA:COFER(7.0.1),R,G001,AFXRA,CI_T,NV_USD,Q,2001-Q2,1943910163139.88,6,,,,_T,CO,NV,,USD,O,,
dataflow,IMF.STA:COFER(7.0.1),R,G001,AFXRA,CI_T,NV_USD,Q,2001-Q3,2040668039065.91,6,,,,_T,CO,NV,,USD,O,,
dataflow,IMF.STA:COFER(7.0.1),R,G001,AFXRA,CI_T,NV_USD,Q,2001-Q4,2060792080973.05,6,,,,_T,CO,NV,,USD,O,,
dataflow,IMF.STA:COFER(7.0.1),R,G001,AFXRA,CI_T,NV_USD,Q,2002-Q1,2093881023788.31,6,,,,_T,CO,NV,,USD,O,,
dataflow,IMF.STA:COFER(7.0.1),R,G001,AFXRA,CI_T,NV_USD,Q,2002-Q2,2249838155510.38,6,,,,_T,CO,NV,,USD,O,,
dataflow,IMF.STA:COFER(7.0.1),R,G001,AFXRA,CI_T,NV_USD,Q,2002-Q3,2322797248872.17,6,,,,_T,CO,NV,,USD,O,,
dataflow,IMF.STA:COFER(7.0.1),R,G001,AFXRA,CI_T,NV_USD,Q,2002-Q4,2421977719805.11,6,,,,_T,CO,NV,,USD,O,,
dataflow,IMF.STA:COFER(7.0.1),R,G001,AFXRA,CI_T,NV_USD,Q,2003-Q1,2519103187340.6,6,,,,_T,CO,NV,,USD,O,,
dataflow,IMF.STA:COFER(7.0.1),R,G001,AFXRA,CI_T,NV_USD,Q,2003-Q2,2685175841376.2,6,,,,_T,CO,NV,,USD,O,,
dataflow,IMF.STA:COFER(7.0.1),R,G001,AFXRA,CI_T,NV_USD,Q,2003-Q3,2848893854237.3,6,,,,_T,CO,NV,,USD,O,,
dataflow,IMF.STA:COFER(7.0.1),R,G001,AFXRA,CI_T,NV_USD,Q,2003-Q4,3040860367822.61,6,,,,_T,CO,NV,,USD,O,,
dataflow,IMF.STA:COFER(7.0.1),R,G001,AFXRA,CI_T,NV_USD,Q,2004-Q1,3317190855976.73,6,,,,_T,CO,NV,,USD,O,,
dataflow,IMF.STA:COFER(7.0.1),R,G001,AFXRA,CI_T,NV_USD,Q,2004-Q2,3362700696344.03,6,,,,_T,CO,NV,,USD,O,,
dataflow,IMF.STA:COFER(7.0.1),R,G001,AFXRA,CI_T,NV_USD,Q,2004-Q3,3465334949836.79,6,,,,_T,CO,NV,,USD,O,,
dataflow,IMF.STA:COFER(7.0.1),R,G001,AFXRA,CI_T,NV_USD,Q,2004-Q4,3773940305814.15,6,,,,_T,CO,NV,,USD,O,,
dataflow,IMF.STA:COFER(7.0.1),R,G001,AFXRA,CI_T,NV_USD,Q,2005-Q1,3964393798226.48,6,,,,_T,CO,NV,,USD,O,,
dataflow,IMF.STA:COFER(7.0.1),R,G001,AFXRA,CI_T,NV_USD,Q,2005-Q2,4070707810738.81,6,,,,_T,CO,NV,,USD,O,,
dataflow,IMF.STA:COFER(7.0.1),R,G001,AFXRA,CI_T,NV_USD,Q,2005-Q3,4197345217092.65,6,,,,_T,CO,NV,,USD,O,,
dataflow,IMF.STA:COFER(7.0.1),R,G001,AFXRA,CI_T,NV_USD,Q,2005-Q4,4360322232491.98,6,,,,_T,CO,NV,,USD,O,,
dataflow,IMF.STA:COFER(7.0.1),R,G001,AFXRA,CI_T,NV_USD,Q,2006-Q1,4566734722089.28,6,,,,_T,CO,NV,,USD,O,,
dataflow,IMF.STA:COFER(7.0.1),R,G001,AFXRA,CI_T,NV_USD,Q,2006-Q2,4802192049069.9,6,,,,_T,CO,NV,,USD,O,,
dataflow,IMF.STA:COFER(7.0.1),R,G001,AFXRA,CI_T,NV_USD,Q,2006-Q3,4993882063586.48,6,,,,_T,CO,NV,,USD,O,,
dataflow,IMF.STA:COFER(7.0.1),R,G001,AFXRA,CI_T,NV_USD,Q,2006-Q4,5294854141560.56,6,,,,_T,CO,NV,,USD,O,,
dataflow,IMF.STA:COFER(7.0.1),R,G001,AFXRA,CI_T,NV_USD,Q,2007-Q1,5632185754773.19,6,,,,_T,CO,NV,,USD,O,,
dataflow,IMF.STA:COFER(7.0.1),R,G001,AFXRA,CI_T,NV_USD,Q,2007-Q2,5963172125555.54,6,,,,_T,CO,NV,,USD,O,,
dataflow,IMF.STA:COFER(7.0.1),R,G001,AFXRA,CI_T,NV_USD,Q,2007-Q3,6303045757974.46,6,,,,_T,CO,NV,,USD,O,,
dataflow,IMF.STA:COFER(7.0.1),R,G001,AFXRA,CI_T,NV_USD,Q,2007-Q4,6710153355703.79,6,,,,_T,CO,NV,,USD,O,,
dataflow,IMF.STA:COFER(7.0.1),R,G001,AFXRA,CI_T,NV_USD,Q,2008-Q1,7247859475879.88,6,,,,_T,CO,NV,,USD,O,,
dataflow,IMF.STA:COFER(7.0.1),R,G001,AFXRA,CI_T,NV_USD,Q,2008-Q2,7466385883495.53,6,,,,_T,CO,NV,,USD,O,,
dataflow,IMF.STA:COFER(7.0.1),R,G001,AFXRA,CI_T,NV_USD,Q,2008-Q3,7504584042928.28,6,,,,_T,CO,NV,,USD,O,,
dataflow,IMF.STA:COFER(7.0.1),R,G001,AFXRA,CI_T,NV_USD,Q,2008-Q4,7353673489223.45,6,,,,_T,CO,NV,,USD,O,,
dataflow,IMF.STA:COFER(7.0.1),R,G001,AFXRA,CI_T,NV_USD,Q,2009-Q1,7173511244107.19,6,,,,_T,CO,NV,,USD,O,,
dataflow,IMF.STA:COFER(7.0.1),R,G001,AFXRA,CI_T,NV_USD,Q,2009-Q2,7573512428834.12,6,,,,_T,CO,NV,,USD,O,,
dataflow,IMF.STA:COFER(7.0.1),R,G001,AFXRA,CI_T,NV_USD,Q,2009-Q3,7887791495754.38,6,,,,_T,CO,NV,,USD,O,,
dataflow,IMF.STA:COFER(7.0.1),R,G001,AFXRA,CI_T,NV_USD,Q,2009-Q4,8176654590256.79,6,,,,_T,CO,NV,,USD,O,,
dataflow,IMF.STA:COFER(7.0.1),R,G001,AFXRA,CI_T,NV_USD,Q,2010-Q1,8309173694357.68,6,,,,_T,CO,NV,,USD,O,,
dataflow,IMF.STA:COFER(7.0.1),R,G001,AFXRA,CI_T,NV_USD,Q,2010-Q2,8441544166531.66,6,,,,_T,CO,NV,,USD,O,,
dataflow,IMF.STA:COFER(7.0.1),R,G001,AFXRA,CI_T,NV_USD,Q,2010-Q3,9007929135948.47,6,,,,_T,CO,NV,,USD,O,,
dataflow,IMF.STA:COFER(7.0.1),R,G001,AFXRA,CI_T,NV_USD,Q,2010-Q4,9281706343957.85,6,,,,_T,CO,NV,,USD,O,,
dataflow,IMF.STA:COFER(7.0.1),R,G001,AFXRA,CI_T,NV_USD,Q,2011-Q1,9708701409744.23,6,,,,_T,CO,NV,,USD,O,,
dataflow,IMF.STA:COFER(7.0.1),R,G001,AFXRA,CI_T,NV_USD,Q,2011-Q2,10096341795509,6,,,,_T,CO,NV,,USD,O,,
dataflow,IMF.STA:COFER(7.0.1),R,G001,AFXRA,CI_T,NV_USD,Q,2011-Q3,10191779780779.2,6,,,,_T,CO,NV,,USD,O,,
dataflow,IMF.STA:COFER(7.0.1),R,G001,AFXRA,CI_T,NV_USD,Q,2011-Q4,10226805987096,6,,,,_T,CO,NV,,USD,O,,
dataflow,IMF.STA:COFER(7.0.1),R,G001,AFXRA,CI_T,NV_USD,Q,2012-Q1,10453813597268.1,6,,,,_T,CO,NV,,USD,O,,
dataflow,IMF.STA:COFER(7.0.1),R,G001,AFXRA,CI_T,NV_USD,Q,2012-Q2,10548130214448.6,6,,,,_T,CO,NV,,USD,O,,
dataflow,IMF.STA:COFER(7.0.1),R,G001,AFXRA,CI_T,NV_USD,Q,2012-Q3,10806938039694.5,6,,,,_T,CO,NV,,USD,O,,
dataflow,IMF.STA:COFER(7.0.1),R,G001,AFXRA,CI_T,NV_USD,Q,2012-Q4,10964218022109.8,6,,,,_T,CO,NV,,USD,O,,
dataflow,IMF.STA:COFER(7.0.1),R,G001,AFXRA,CI_T,NV_USD,Q,2013-Q1,11103464083938.3,6,,,,_T,CO,NV,,USD,O,,
dataflow,IMF.STA:COFER(7.0.1),R,G001,AFXRA,CI_T,NV_USD,Q,2013-Q2,11150479157798.1,6,,,,_T,CO,NV,,USD,O,,
dataflow,IMF.STA:COFER(7.0.1),R,G001,AFXRA,CI_T,NV_USD,Q,2013-Q3,11459672089423.8,6,,,,_T,CO,NV,,USD,O,,
dataflow,IMF.STA:COFER(7.0.1),R,G001,AFXRA,CI_T,NV_USD,Q,2013-Q4,11702143754345.8,6,,,,_T,CO,NV,,USD,O,,
dataflow,IMF.STA:COFER(7.0.1),R,G001,AFXRA,CI_T,NV_USD,Q,2014-Q1,11852939229648.4,6,,,,_T,CO,NV,,USD,O,,
dataflow,IMF.STA:COFER(7.0.1),R,G001,AFXRA,CI_T,NV_USD,Q,2014-Q2,12004774484706.4,6,,,,_T,CO,NV,,USD,O,,
dataflow,IMF.STA:COFER(7.0.1),R,G001,AFXRA,CI_T,NV_USD,Q,2014-Q3,11769676370813.2,6,,,,_T,CO,NV,,USD,O,,
dataflow,IMF.STA:COFER(7.0.1),R,G001,AFXRA,CI_T,NV_USD,Q,2014-Q4,11601053534705.4,6,,,,_T,CO,NV,,USD,O,,
dataflow,IMF.STA:COFER(7.0.1),R,G001,AFXRA,CI_T,NV_USD,Q,2015-Q1,11438732026109.8,6,,,,_T,CO,NV,,USD,O,,
dataflow,IMF.STA:COFER(7.0.1),R,G001,AFXRA,CI_T,NV_USD,Q,2015-Q2,11459667741520,6,,,,_T,CO,NV,,USD,O,,
dataflow,IMF.STA:COFER(7.0.1),R,G001,AFXRA,CI_T,NV_USD,Q,2015-Q3,11182913477870,6,,,,_T,CO,NV,,USD,O,,
dataflow,IMF.STA:COFER(7.0.1),R,G001,AFXRA,CI_T,NV_USD,Q,2015-Q4,10924200946140,6,,,,_T,CO,NV,,USD,O,,
dataflow,IMF.STA:COFER(7.0.1),R,G001,AFXRA,CI_T,NV_USD,Q,2016-Q1,10924505122750,6,,,,_T,CO,NV,,USD,O,,
dataflow,IMF.STA:COFER(7.0.1),R,G001,AFXRA,CI_T,NV_USD,Q,2016-Q2,10963893636440,6,,,,_T,CO,NV,,USD,O,,
dataflow,IMF.STA:COFER(7.0.1),R,G001,AFXRA,CI_T,NV_USD,Q,2016-Q3,10990998834930,6,,,,_T,CO,NV,,USD,O,,
dataflow,IMF.STA:COFER(7.0.1),R,G001,AFXRA,CI_T,NV_USD,Q,2016-Q4,10717348110240,6,,,,_T,CO,NV,,USD,O,,
dataflow,IMF.STA:COFER(7.0.1),R,G001,AFXRA,CI_T,NV_USD,Q,2017-Q1,10899687980180,6,,,,_T,CO,NV,,USD,O,,
dataflow,IMF.STA:COFER(7.0.1),R,G001,AFXRA,CI_T,NV_USD,Q,2017-Q2,11117111160760,6,,,,_T,CO,NV,,USD,O,,
dataflow,IMF.STA:COFER(7.0.1),R,G001,AFXRA,CI_T,NV_USD,Q,2017-Q3,11292130096110,6,,,,_T,CO,NV,,USD,O,,
dataflow,IMF.STA:COFER(7.0.1),R,G001,AFXRA,CI_T,NV_USD,Q,2017-Q4,11442683613800,6,,,,_T,CO,NV,,USD,O,,
dataflow,IMF.STA:COFER(7.0.1),R,G001,AFXRA,CI_T,NV_USD,Q,2018-Q1,11603763275650,6,,,,_T,CO,NV,,USD,O,,
dataflow,IMF.STA:COFER(7.0.1),R,G001,AFXRA,CI_T,NV_USD,Q,2018-Q2,11461771468870,6,,,,_T,CO,NV,,USD,O,,
dataflow,IMF.STA:COFER(7.0.1),R,G001,AFXRA,CI_T,NV_USD,Q,2018-Q3,11398120386006.2,6,,,,_T,CO,NV,,USD,O,,
dataflow,IMF.STA:COFER(7.0.1),R,G001,AFXRA,CI_T,NV_USD,Q,2018-Q4,11422259302156.7,6,,,,_T,CO,NV,,USD,O,,
dataflow,IMF.STA:COFER(7.0.1),R,G001,AFXRA,CI_T,NV_USD,Q,2019-Q1,11602087898186.9,6,,,,_T,CO,NV,,USD,O,,
dataflow,IMF.STA:COFER(7.0.1),R,G001,AFXRA,CI_T,NV_USD,Q,2019-Q2,11729931171557.1,6,,,,_T,CO,NV,,USD,O,,
dataflow,IMF.STA:COFER(7.0.1),R,G001,AFXRA,CI_T,NV_USD,Q,2019-Q3,11644413585876.9,6,,,,_T,CO,NV,,USD,O,,
dataflow,IMF.STA:COFER(7.0.1),R,G001,AFXRA,CI_T,NV_USD,Q,2019-Q4,11815394974185.6,6,,,,_T,CO,NV,,USD,O,,
dataflow,IMF.STA:COFER(7.0.1),R,G001,AFXRA,CI_T,NV_USD,Q,2020-Q1,11687656848405.6,6,,,,_T,CO,NV,,USD,O,,
dataflow,IMF.STA:COFER(7.0.1),R,G001,AFXRA,CI_T,NV_USD,Q,2020-Q2,12017505850514,6,,,,_T,CO,NV,,USD,O,,
dataflow,IMF.STA:COFER(7.0.1),R,G001,AFXRA,CI_T,NV_USD,Q,2020-Q3,12243932619075.2,6,,,,_T,CO,NV,,USD,O,,
dataflow,IMF.STA:COFER(7.0.1),R,G001,AFXRA,CI_T,NV_USD,Q,2020-Q4,12693932957444.1,6,,,,_T,CO,NV,,USD,O,,
dataflow,IMF.STA:COFER(7.0.1),R,G001,AFXRA,CI_T,NV_USD,Q,2021-Q1,12569683353213.4,6,,,,_T,CO,NV,,USD,O,,
dataflow,IMF.STA:COFER(7.0.1),R,G001,AFXRA,CI_T,NV_USD,Q,2021-Q2,12796902136751.4,6,,,,_T,CO,NV,,USD,O,,
dataflow,IMF.STA:COFER(7.0.1),R,G001,AFXRA,CI_T,NV_USD,Q,2021-Q3,12822869555914.2,6,,,,_T,CO,NV,,USD,O,,
dataflow,IMF.STA:COFER(7.0.1),R,G001,AFXRA,CI_T,NV_USD,Q,2021-Q4,12914127618191.2,6,,,,_T,CO,NV,,USD,O,,
dataflow,IMF.STA:COFER(7.0.1),R,G001,AFXRA,CI_T,NV_USD,Q,2022-Q1,12510609114106.9,6,,,,_T,CO,NV,,USD,O,,
dataflow,IMF.STA:COFER(7.0.1),R,G001,AFXRA,CI_T,NV_USD,Q,2022-Q2,11975111980171.4,6,,,,_T,CO,NV,,USD,O,,
dataflow,IMF.STA:COFER(7.0.1),R,G001,AFXRA,CI_T,NV_USD,Q,2022-Q3,11514021184924.3,6,,,,_T,CO,NV,,USD,O,,
dataflow,IMF.STA:COFER(7.0.1),R,G001,AFXRA,CI_T,NV_USD,Q,2022-Q4,11884460095608.2,6,,,,_T,CO,NV,,USD,O,,
dataflow,IMF.STA:COFER(7.0.1),R,G001,AFXRA,CI_T,NV_USD,Q,2023-Q1,12000941803350.4,6,,,,_T,CO,NV,,USD,O,,
dataflow,IMF.STA:COFER(7.0.1),R,G001,AFXRA,CI_T,NV_USD,Q,2023-Q2,12028372412729.8,6,,,,_T,CO,NV,,USD,O,,
dataflow,IMF.STA:COFER(7.0.1),R,G001,AFXRA,CI_T,NV_USD,Q,2023-Q3,11819888460196,6,,,,_T,CO,NV,,USD,O,,
dataflow,IMF.STA:COFER(7.0.1),R,G001,AFXRA,CI_T,NV_USD,Q,2023-Q4,12315031040251.1,6,,,,_T,CO,NV,,USD,O,,
dataflow,IMF.STA:COFER(7.0.1),R,G001,AFXRA,CI_T,NV_USD,Q,2024-Q1,12349669922393.4,6,,,,_T,CO,NV,,USD,O,,
dataflow,IMF.STA:COFER(7.0.1),R,G001,AFXRA,CI_T,NV_USD,Q,2024-Q2,12314931094536.4,6,,,,_T,CO,NV,,USD,O,,
dataflow,IMF.STA:COFER(7.0.1),R,G001,AFXRA,CI_T,NV_USD,Q,2024-Q3,12726944920281.4,6,,,,_T,CO,NV,,USD,O,,
dataflow,IMF.STA:COFER(7.0.1),R,G001,AFXRA,CI_T,NV_USD,Q,2024-Q4,12330174088808.9,6,,,,_T,CO,NV,,USD,O,,
dataflow,IMF.STA:COFER(7.0.1),R,G001,AFXRA,CI_T,NV_USD,Q,2025-Q1,12500391229250.5,6,,,,_T,CO,NV,,USD,O,,
dataflow,IMF.STA:COFER(7.0.1),R,G001,AFXRA,CI_T,NV_USD,Q,2025-Q2,12941046689251.2,6,,,,_T,CO,NV,,USD,O,,
dataflow,IMF.STA:COFER(7.0.1),R,G001,AFXRA,CI_T,NV_USD,Q,2025-Q3,13033958726395.8,6,,,,_T,CO,NV,,USD,O,,
dataflow,IMF.STA:COFER(7.0.1),R,G001,AFXRA,CI_T,NV_USD,Q,2025-Q4,13146663077686.2,6,,,,_T,CO,NV,,USD,O,,
dataflow,IMF.STA:COFER(7.0.1),R,G001,AFXRA,CI_T,NV_USD,Q,2026-Q1,13104898337195.7,6,,,,_T,CO,NV,,USD,O,,
dataflow,IMF.STA:COFER(7.0.1),R,G001,AFXRA,CI_T,SHRO_PT,A,1995,74.4825598853141,0,,,,_T,,,SHRO,PT,O,,
dataflow,IMF.STA:COFER(7.0.1),R,G001,AFXRA,CI_T,SHRO_PT,A,1996,78.2879850913185,0,,,,_T,,,SHRO,PT,O,,
dataflow,IMF.STA:COFER(7.0.1),R,G001,AFXRA,CI_T,SHRO_PT,A,1997,78.7799552281931,0,,,,_T,,,SHRO,PT,O,,
dataflow,IMF.STA:COFER(7.0.1),R,G001,AFXRA,CI_T,SHRO_PT,A,1998,78.0367661983125,0,,,,_T,,,SHRO,PT,O,,
dataflow,IMF.STA:COFER(7.0.1),R,G001,AFXRA,CI_T,SHRO_PT,A,1999,77.3938524700262,0,,,,_T,,,SHRO,PT,O,,
dataflow,IMF.STA:COFER(7.0.1),R,G001,AFXRA,CI_T,SHRO_PT,A,2000,100,0,,,,_T,,,SHRO,PT,O,,
dataflow,IMF.STA:COFER(7.0.1),R,G001,AFXRA,CI_T,SHRO_PT,A,2001,100,0,,,,_T,,,SHRO,PT,O,,
dataflow,IMF.STA:COFER(7.0.1),R,G001,AFXRA,CI_T,SHRO_PT,A,2002,100,0,,,,_T,,,SHRO,PT,O,,
dataflow,IMF.STA:COFER(7.0.1),R,G001,AFXRA,CI_T,SHRO_PT,A,2003,100,0,,,,_T,,,SHRO,PT,O,,
dataflow,IMF.STA:COFER(7.0.1),R,G001,AFXRA,CI_T,SHRO_PT,A,2004,100,0,,,,_T,,,SHRO,PT,O,,
dataflow,IMF.STA:COFER(7.0.1),R,G001,AFXRA,CI_T,SHRO_PT,A,2005,100,0,,,,_T,,,SHRO,PT,O,,
dataflow,IMF.STA:COFER(7.0.1),R,G001,AFXRA,CI_T,SHRO_PT,A,2006,100,0,,,,_T,,,SHRO,PT,O,,
dataflow,IMF.STA:COFER(7.0.1),R,G001,AFXRA,CI_T,SHRO_PT,A,2007,100,0,,,,_T,,,SHRO,PT,O,,
dataflow,IMF.STA:COFER(7.0.1),R,G001,AFXRA,CI_T,SHRO_PT,A,2008,100,0,,,,_T,,,SHRO,PT,O,,
dataflow,IMF.STA:COFER(7.0.1),R,G001,AFXRA,CI_T,SHRO_PT,A,2009,100,0,,,,_T,,,SHRO,PT,O,,
dataflow,IMF.STA:COFER(7.0.1),R,G001,AFXRA,CI_T,SHRO_PT,A,2010,100,0,,,,_T,,,SHRO,PT,O,,
dataflow,IMF.STA:COFER(7.0.1),R,G001,AFXRA,CI_T,SHRO_PT,A,2011,100,0,,,,_T,,,SHRO,PT,O,,
dataflow,IMF.STA:COFER(7.0.1),R,G001,AFXRA,CI_T,SHRO_PT,A,2012,100,0,,,,_T,,,SHRO,PT,O,,
dataflow,IMF.STA:COFER(7.0.1),R,G001,AFXRA,CI_T,SHRO_PT,A,2013,100,0,,,,_T,,,SHRO,PT,O,,
dataflow,IMF.STA:COFER(7.0.1),R,G001,AFXRA,CI_T,SHRO_PT,A,2014,100,0,,,,_T,,,SHRO,PT,O,,
dataflow,IMF.STA:COFER(7.0.1),R,G001,AFXRA,CI_T,SHRO_PT,A,2015,100,0,,,,_T,,,SHRO,PT,O,,
dataflow,IMF.STA:COFER(7.0.1),R,G001,AFXRA,CI_T,SHRO_PT,A,2016,100,0,,,,_T,,,SHRO,PT,O,,
dataflow,IMF.STA:COFER(7.0.1),R,G001,AFXRA,CI_T,SHRO_PT,A,2017,100,0,,,,_T,,,SHRO,PT,O,,
dataflow,IMF.STA:COFER(7.0.1),R,G001,AFXRA,CI_T,SHRO_PT,A,2018,100,0,,,,_T,,,SHRO,PT,O,,
dataflow,IMF.STA:COFER(7.0.1),R,G001,AFXRA,CI_T,SHRO_PT,A,2019,100,0,,,,_T,,,SHRO,PT,O,,
dataflow,IMF.STA:COFER(7.0.1),R,G001,AFXRA,CI_T,SHRO_PT,A,2020,100,0,,,,_T,,,SHRO,PT,O,,
dataflow,IMF.STA:COFER(7.0.1),R,G001,AFXRA,CI_T,SHRO_PT,A,2021,100,0,,,,_T,,,SHRO,PT,O,,
dataflow,IMF.STA:COFER(7.0.1),R,G001,AFXRA,CI_T,SHRO_PT,A,2022,100,0,,,,_T,,,SHRO,PT,O,,
dataflow,IMF.STA:COFER(7.0.1),R,G001,AFXRA,CI_T,SHRO_PT,A,2023,100,0,,,,_T,,,SHRO,PT,O,,
dataflow,IMF.STA:COFER(7.0.1),R,G001,AFXRA,CI_T,SHRO_PT,A,2024,100,0,,,,_T,,,SHRO,PT,O,,
dataflow,IMF.STA:COFER(7.0.1),R,G001,AFXRA,CI_T,SHRO_PT,A,2025,100,0,,,,_T,,,SHRO,PT,O,,
dataflow,IMF.STA:COFER(7.0.1),R,G001,AFXRA,CI_T,SHRO_PT,Q,1999-Q1,77.1780443178892,0,,,,_T,,,SHRO,PT,O,,
dataflow,IMF.STA:COFER(7.0.1),R,G001,AFXRA,CI_T,SHRO_PT,Q,1999-Q2,77.3485464051613,0,,,,_T,,,SHRO,PT,O,,
dataflow,IMF.STA:COFER(7.0.1),R,G001,AFXRA,CI_T,SHRO_PT,Q,1999-Q3,77.2564503148857,0,,,,_T,,,SHRO,PT,O,,
dataflow,IMF.STA:COFER(7.0.1),R,G001,AFXRA,CI_T,SHRO_PT,Q,1999-Q4,77.3938524700262,0,,,,_T,,,SHRO,PT,O,,
dataflow,IMF.STA:COFER(7.0.1),R,G001,AFXRA,CI_T,SHRO_PT,Q,2000-Q1,100,0,,,,_T,,,SHRO,PT,O,,
dataflow,IMF.STA:COFER(7.0.1),R,G001,AFXRA,CI_T,SHRO_PT,Q,2000-Q2,100,0,,,,_T,,,SHRO,PT,O,,
dataflow,IMF.STA:COFER(7.0.1),R,G001,AFXRA,CI_T,SHRO_PT,Q,2000-Q3,100,0,,,,_T,,,SHRO,PT,O,,
dataflow,IMF.STA:COFER(7.0.1),R,G001,AFXRA,CI_T,SHRO_PT,Q,2000-Q4,100,0,,,,_T,,,SHRO,PT,O,,
dataflow,IMF.STA:COFER(7.0.1),R,G001,AFXRA,CI_T,SHRO_PT,Q,2001-Q1,100,0,,,,_T,,,SHRO,PT,O,,
dataflow,IMF.STA:COFER(7.0.1),R,G001,AFXRA,CI_T,SHRO_PT,Q,2001-Q2,100,0,,,,_T,,,SHRO,PT,O,,
dataflow,IMF.STA:COFER(7.0.1),R,G001,AFXRA,CI_T,SHRO_PT,Q,2001-Q3,100,0,,,,_T,,,SHRO,PT,O,,
dataflow,IMF.STA:COFER(7.0.1),R,G001,AFXRA,CI_T,SHRO_PT,Q,2001-Q4,100,0,,,,_T,,,SHRO,PT,O,,
dataflow,IMF.STA:COFER(7.0.1),R,G001,AFXRA,CI_T,SHRO_PT,Q,2002-Q1,100,0,,,,_T,,,SHRO,PT,O,,
dataflow,IMF.STA:COFER(7.0.1),R,G001,AFXRA,CI_T,SHRO_PT,Q,2002-Q2,100,0,,,,_T,,,SHRO,PT,O,,
dataflow,IMF.STA:COFER(7.0.1),R,G001,AFXRA,CI_T,SHRO_PT,Q,2002-Q3,100,0,,,,_T,,,SHRO,PT,O,,
dataflow,IMF.STA:COFER(7.0.1),R,G001,AFXRA,CI_T,SHRO_PT,Q,2002-Q4,100,0,,,,_T,,,SHRO,PT,O,,
dataflow,IMF.STA:COFER(7.0.1),R,G001,AFXRA,CI_T,SHRO_PT,Q,2003-Q1,100,0,,,,_T,,,SHRO,PT,O,,
dataflow,IMF.STA:COFER(7.0.1),R,G001,AFXRA,CI_T,SHRO_PT,Q,2003-Q2,100,0,,,,_T,,,SHRO,PT,O,,
dataflow,IMF.STA:COFER(7.0.1),R,G001,AFXRA,CI_T,SHRO_PT,Q,2003-Q3,100,0,,,,_T,,,SHRO,PT,O,,
dataflow,IMF.STA:COFER(7.0.1),R,G001,AFXRA,CI_T,SHRO_PT,Q,2003-Q4,100,0,,,,_T,,,SHRO,PT,O,,
dataflow,IMF.STA:COFER(7.0.1),R,G001,AFXRA,CI_T,SHRO_PT,Q,2004-Q1,100,0,,,,_T,,,SHRO,PT,O,,
dataflow,IMF.STA:COFER(7.0.1),R,G001,AFXRA,CI_T,SHRO_PT,Q,2004-Q2,100,0,,,,_T,,,SHRO,PT,O,,
dataflow,IMF.STA:COFER(7.0.1),R,G001,AFXRA,CI_T,SHRO_PT,Q,2004-Q3,100,0,,,,_T,,,SHRO,PT,O,,
dataflow,IMF.STA:COFER(7.0.1),R,G001,AFXRA,CI_T,SHRO_PT,Q,2004-Q4,100,0,,,,_T,,,SHRO,PT,O,,
dataflow,IMF.STA:COFER(7.0.1),R,G001,AFXRA,CI_T,SHRO_PT,Q,2005-Q1,100,0,,,,_T,,,SHRO,PT,O,,
dataflow,IMF.STA:COFER(7.0.1),R,G001,AFXRA,CI_T,SHRO_PT,Q,2005-Q2,100,0,,,,_T,,,SHRO,PT,O,,
dataflow,IMF.STA:COFER(7.0.1),R,G001,AFXRA,CI_T,SHRO_PT,Q,2005-Q3,100,0,,,,_T,,,SHRO,PT,O,,
dataflow,IMF.STA:COFER(7.0.1),R,G001,AFXRA,CI_T,SHRO_PT,Q,2005-Q4,100,0,,,,_T,,,SHRO,PT,O,,
dataflow,IMF.STA:COFER(7.0.1),R,G001,AFXRA,CI_T,SHRO_PT,Q,2006-Q1,100,0,,,,_T,,,SHRO,PT,O,,
dataflow,IMF.STA:COFER(7.0.1),R,G001,AFXRA,CI_T,SHRO_PT,Q,2006-Q2,100,0,,,,_T,,,SHRO,PT,O,,
dataflow,IMF.STA:COFER(7.0.1),R,G001,AFXRA,CI_T,SHRO_PT,Q,2006-Q3,100,0,,,,_T,,,SHRO,PT,O,,
dataflow,IMF.STA:COFER(7.0.1),R,G001,AFXRA,CI_T,SHRO_PT,Q,2006-Q4,100,0,,,,_T,,,SHRO,PT,O,,
dataflow,IMF.STA:COFER(7.0.1),R,G001,AFXRA,CI_T,SHRO_PT,Q,2007-Q1,100,0,,,,_T,,,SHRO,PT,O,,
dataflow,IMF.STA:COFER(7.0.1),R,G001,AFXRA,CI_T,SHRO_PT,Q,2007-Q2,100,0,,,,_T,,,SHRO,PT,O,,
dataflow,IMF.STA:COFER(7.0.1),R,G001,AFXRA,CI_T,SHRO_PT,Q,2007-Q3,100,0,,,,_T,,,SHRO,PT,O,,
dataflow,IMF.STA:COFER(7.0.1),R,G001,AFXRA,CI_T,SHRO_PT,Q,2007-Q4,100,0,,,,_T,,,SHRO,PT,O,,
dataflow,IMF.STA:COFER(7.0.1),R,G001,AFXRA,CI_T,SHRO_PT,Q,2008-Q1,100,0,,,,_T,,,SHRO,PT,O,,
dataflow,IMF.STA:COFER(7.0.1),R,G001,AFXRA,CI_T,SHRO_PT,Q,2008-Q2,100,0,,,,_T,,,SHRO,PT,O,,
dataflow,IMF.STA:COFER(7.0.1),R,G001,AFXRA,CI_T,SHRO_PT,Q,2008-Q3,100,0,,,,_T,,,SHRO,PT,O,,
dataflow,IMF.STA:COFER(7.0.1),R,G001,AFXRA,CI_T,SHRO_PT,Q,2008-Q4,100,0,,,,_T,,,SHRO,PT,O,,
dataflow,IMF.STA:COFER(7.0.1),R,G001,AFXRA,CI_T,SHRO_PT,Q,2009-Q1,100,0,,,,_T,,,SHRO,PT,O,,
dataflow,IMF.STA:COFER(7.0.1),R,G001,AFXRA,CI_T,SHRO_PT,Q,2009-Q2,100,0,,,,_T,,,SHRO,PT,O,,
dataflow,IMF.STA:COFER(7.0.1),R,G001,AFXRA,CI_T,SHRO_PT,Q,2009-Q3,100,0,,,,_T,,,SHRO,PT,O,,
dataflow,IMF.STA:COFER(7.0.1),R,G001,AFXRA,CI_T,SHRO_PT,Q,2009-Q4,100,0,,,,_T,,,SHRO,PT,O,,
dataflow,IMF.STA:COFER(7.0.1),R,G001,AFXRA,CI_T,SHRO_PT,Q,2010-Q1,100,0,,,,_T,,,SHRO,PT,O,,
dataflow,IMF.STA:COFER(7.0.1),R,G001,AFXRA,CI_T,SHRO_PT,Q,2010-Q2,100,0,,,,_T,,,SHRO,PT,O,,
dataflow,IMF.STA:COFER(7.0.1),R,G001,AFXRA,CI_T,SHRO_PT,Q,2010-Q3,100,0,,,,_T,,,SHRO,PT,O,,
dataflow,IMF.STA:COFER(7.0.1),R,G001,AFXRA,CI_T,SHRO_PT,Q,2010-Q4,100,0,,,,_T,,,SHRO,PT,O,,
dataflow,IMF.STA:COFER(7.0.1),R,G001,AFXRA,CI_T,SHRO_PT,Q,2011-Q1,100,0,,,,_T,,,SHRO,PT,O,,
dataflow,IMF.STA:COFER(7.0.1),R,G001,AFXRA,CI_T,SHRO_PT,Q,2011-Q2,100,0,,,,_T,,,SHRO,PT,O,,
dataflow,IMF.STA:COFER(7.0.1),R,G001,AFXRA,CI_T,SHRO_PT,Q,2011-Q3,100,0,,,,_T,,,SHRO,PT,O,,
dataflow,IMF.STA:COFER(7.0.1),R,G001,AFXRA,CI_T,SHRO_PT,Q,2011-Q4,100,0,,,,_T,,,SHRO,PT,O,,
dataflow,IMF.STA:COFER(7.0.1),R,G001,AFXRA,CI_T,SHRO_PT,Q,2012-Q1,100,0,,,,_T,,,SHRO,PT,O,,
dataflow,IMF.STA:COFER(7.0.1),R,G001,AFXRA,CI_T,SHRO_PT,Q,2012-Q2,100,0,,,,_T,,,SHRO,PT,O,,
dataflow,IMF.STA:COFER(7.0.1),R,G001,AFXRA,CI_T,SHRO_PT,Q,2012-Q3,100,0,,,,_T,,,SHRO,PT,O,,
dataflow,IMF.STA:COFER(7.0.1),R,G001,AFXRA,CI_T,SHRO_PT,Q,2012-Q4,100,0,,,,_T,,,SHRO,PT,O,,
dataflow,IMF.STA:COFER(7.0.1),R,G001,AFXRA,CI_T,SHRO_PT,Q,2013-Q1,100,0,,,,_T,,,SHRO,PT,O,,
dataflow,IMF.STA:COFER(7.0.1),R,G001,AFXRA,CI_T,SHRO_PT,Q,2013-Q2,100,0,,,,_T,,,SHRO,PT,O,,
dataflow,IMF.STA:COFER(7.0.1),R,G001,AFXRA,CI_T,SHRO_PT,Q,2013-Q3,100,0,,,,_T,,,SHRO,PT,O,,
dataflow,IMF.STA:COFER(7.0.1),R,G001,AFXRA,CI_T,SHRO_PT,Q,2013-Q4,100,0,,,,_T,,,SHRO,PT,O,,
dataflow,IMF.STA:COFER(7.0.1),R,G001,AFXRA,CI_T,SHRO_PT,Q,2014-Q1,100,0,,,,_T,,,SHRO,PT,O,,
dataflow,IMF.STA:COFER(7.0.1),R,G001,AFXRA,CI_T,SHRO_PT,Q,2014-Q2,100,0,,,,_T,,,SHRO,PT,O,,
dataflow,IMF.STA:COFER(7.0.1),R,G001,AFXRA,CI_T,SHRO_PT,Q,2014-Q3,100,0,,,,_T,,,SHRO,PT,O,,
dataflow,IMF.STA:COFER(7.0.1),R,G001,AFXRA,CI_T,SHRO_PT,Q,2014-Q4,100,0,,,,_T,,,SHRO,PT,O,,
dataflow,IMF.STA:COFER(7.0.1),R,G001,AFXRA,CI_T,SHRO_PT,Q,2015-Q1,100,0,,,,_T,,,SHRO,PT,O,,
dataflow,IMF.STA:COFER(7.0.1),R,G001,AFXRA,CI_T,SHRO_PT,Q,2015-Q2,100,0,,,,_T,,,SHRO,PT,O,,
dataflow,IMF.STA:COFER(7.0.1),R,G001,AFXRA,CI_T,SHRO_PT,Q,2015-Q3,100,0,,,,_T,,,SHRO,PT,O,,
dataflow,IMF.STA:COFER(7.0.1),R,G001,AFXRA,CI_T,SHRO_PT,Q,2015-Q4,100,0,,,,_T,,,SHRO,PT,O,,
dataflow,IMF.STA:COFER(7.0.1),R,G001,AFXRA,CI_T,SHRO_PT,Q,2016-Q1,100,0,,,,_T,,,SHRO,PT,O,,
dataflow,IMF.STA:COFER(7.0.1),R,G001,AFXRA,CI_T,SHRO_PT,Q,2016-Q2,100,0,,,,_T,,,SHRO,PT,O,,
dataflow,IMF.STA:COFER(7.0.1),R,G001,AFXRA,CI_T,SHRO_PT,Q,2016-Q3,100,0,,,,_T,,,SHRO,PT,O,,
dataflow,IMF.STA:COFER(7.0.1),R,G001,AFXRA,CI_T,SHRO_PT,Q,2016-Q4,100,0,,,,_T,,,SHRO,PT,O,,
dataflow,IMF.STA:COFER(7.0.1),R,G001,AFXRA,CI_T,SHRO_PT,Q,2017-Q1,100,0,,,,_T,,,SHRO,PT,O,,
dataflow,IMF.STA:COFER(7.0.1),R,G001,AFXRA,CI_T,SHRO_PT,Q,2017-Q2,100,0,,,,_T,,,SHRO,PT,O,,
dataflow,IMF.STA:COFER(7.0.1),R,G001,AFXRA,CI_T,SHRO_PT,Q,2017-Q3,100,0,,,,_T,,,SHRO,PT,O,,
dataflow,IMF.STA:COFER(7.0.1),R,G001,AFXRA,CI_T,SHRO_PT,Q,2017-Q4,100,0,,,,_T,,,SHRO,PT,O,,
dataflow,IMF.STA:COFER(7.0.1),R,G001,AFXRA,CI_T,SHRO_PT,Q,2018-Q1,100,0,,,,_T,,,SHRO,PT,O,,
dataflow,IMF.STA:COFER(7.0.1),R,G001,AFXRA,CI_T,SHRO_PT,Q,2018-Q2,100,0,,,,_T,,,SHRO,PT,O,,
dataflow,IMF.STA:COFER(7.0.1),R,G001,AFXRA,CI_T,SHRO_PT,Q,2018-Q3,100,0,,,,_T,,,SHRO,PT,O,,
dataflow,IMF.STA:COFER(7.0.1),R,G001,AFXRA,CI_T,SHRO_PT,Q,2018-Q4,100,0,,,,_T,,,SHRO,PT,O,,
dataflow,IMF.STA:COFER(7.0.1),R,G001,AFXRA,CI_T,SHRO_PT,Q,2019-Q1,100,0,,,,_T,,,SHRO,PT,O,,
dataflow,IMF.STA:COFER(7.0.1),R,G001,AFXRA,CI_T,SHRO_PT,Q,2019-Q2,100,0,,,,_T,,,SHRO,PT,O,,
dataflow,IMF.STA:COFER(7.0.1),R,G001,AFXRA,CI_T,SHRO_PT,Q,2019-Q3,100,0,,,,_T,,,SHRO,PT,O,,
dataflow,IMF.STA:COFER(7.0.1),R,G001,AFXRA,CI_T,SHRO_PT,Q,2019-Q4,100,0,,,,_T,,,SHRO,PT,O,,
dataflow,IMF.STA:COFER(7.0.1),R,G001,AFXRA,CI_T,SHRO_PT,Q,2020-Q1,100,0,,,,_T,,,SHRO,PT,O,,
dataflow,IMF.STA:COFER(7.0.1),R,G001,AFXRA,CI_T,SHRO_PT,Q,2020-Q2,100,0,,,,_T,,,SHRO,PT,O,,
dataflow,IMF.STA:COFER(7.0.1),R,G001,AFXRA,CI_T,SHRO_PT,Q,2020-Q3,100,0,,,,_T,,,SHRO,PT,O,,
dataflow,IMF.STA:COFER(7.0.1),R,G001,AFXRA,CI_T,SHRO_PT,Q,2020-Q4,100,0,,,,_T,,,SHRO,PT,O,,
dataflow,IMF.STA:COFER(7.0.1),R,G001,AFXRA,CI_T,SHRO_PT,Q,2021-Q1,100,0,,,,_T,,,SHRO,PT,O,,
dataflow,IMF.STA:COFER(7.0.1),R,G001,AFXRA,CI_T,SHRO_PT,Q,2021-Q2,100,0,,,,_T,,,SHRO,PT,O,,
dataflow,IMF.STA:COFER(7.0.1),R,G001,AFXRA,CI_T,SHRO_PT,Q,2021-Q3,100,0,,,,_T,,,SHRO,PT,O,,
dataflow,IMF.STA:COFER(7.0.1),R,G001,AFXRA,CI_T,SHRO_PT,Q,2021-Q4,100,0,,,,_T,,,SHRO,PT,O,,
dataflow,IMF.STA:COFER(7.0.1),R,G001,AFXRA,CI_T,SHRO_PT,Q,2022-Q1,100,0,,,,_T,,,SHRO,PT,O,,
dataflow,IMF.STA:COFER(7.0.1),R,G001,AFXRA,CI_T,SHRO_PT,Q,2022-Q2,100,0,,,,_T,,,SHRO,PT,O,,
dataflow,IMF.STA:COFER(7.0.1),R,G001,AFXRA,CI_T,SHRO_PT,Q,2022-Q3,100,0,,,,_T,,,SHRO,PT,O,,
dataflow,IMF.STA:COFER(7.0.1),R,G001,AFXRA,CI_T,SHRO_PT,Q,2022-Q4,100,0,,,,_T,,,SHRO,PT,O,,
dataflow,IMF.STA:COFER(7.0.1),R,G001,AFXRA,CI_T,SHRO_PT,Q,2023-Q1,100,0,,,,_T,,,SHRO,PT,O,,
dataflow,IMF.STA:COFER(7.0.1),R,G001,AFXRA,CI_T,SHRO_PT,Q,2023-Q2,100,0,,,,_T,,,SHRO,PT,O,,
dataflow,IMF.STA:COFER(7.0.1),R,G001,AFXRA,CI_T,SHRO_PT,Q,2023-Q3,100,0,,,,_T,,,SHRO,PT,O,,
dataflow,IMF.STA:COFER(7.0.1),R,G001,AFXRA,CI_T,SHRO_PT,Q,2023-Q4,100,0,,,,_T,,,SHRO,PT,O,,
dataflow,IMF.STA:COFER(7.0.1),R,G001,AFXRA,CI_T,SHRO_PT,Q,2024-Q1,100,0,,,,_T,,,SHRO,PT,O,,
dataflow,IMF.STA:COFER(7.0.1),R,G001,AFXRA,CI_T,SHRO_PT,Q,2024-Q2,100,0,,,,_T,,,SHRO,PT,O,,
dataflow,IMF.STA:COFER(7.0.1),R,G001,AFXRA,CI_T,SHRO_PT,Q,2024-Q3,100,0,,,,_T,,,SHRO,PT,O,,
dataflow,IMF.STA:COFER(7.0.1),R,G001,AFXRA,CI_T,SHRO_PT,Q,2024-Q4,100,0,,,,_T,,,SHRO,PT,O,,
dataflow,IMF.STA:COFER(7.0.1),R,G001,AFXRA,CI_T,SHRO_PT,Q,2025-Q1,100,0,,,,_T,,,SHRO,PT,O,,
dataflow,IMF.STA:COFER(7.0.1),R,G001,AFXRA,CI_T,SHRO_PT,Q,2025-Q2,100,0,,,,_T,,,SHRO,PT,O,,
dataflow,IMF.STA:COFER(7.0.1),R,G001,AFXRA,CI_T,SHRO_PT,Q,2025-Q3,100,0,,,,_T,,,SHRO,PT,O,,
dataflow,IMF.STA:COFER(7.0.1),R,G001,AFXRA,CI_T,SHRO_PT,Q,2025-Q4,100,0,,,,_T,,,SHRO,PT,O,,
dataflow,IMF.STA:COFER(7.0.1),R,G001,AFXRA,CI_T,SHRO_PT,Q,2026-Q1,100,0,,,,_T,,,SHRO,PT,O,,
dataflow,IMF.STA:COFER(7.0.1),R,G001,AFXRA,CI_USD,NV_USD,A,1995,610336682886,6,,,,USD,CO,NV,,USD,O,,
dataflow,IMF.STA:COFER(7.0.1),R,G001,AFXRA,CI_USD,NV_USD,A,1996,760041443000,6,,,,USD,CO,NV,,USD,O,,
dataflow,IMF.STA:COFER(7.0.1),R,G001,AFXRA,CI_USD,NV_USD,A,1997,828887083000,6,,,,USD,CO,NV,,USD,O,,
dataflow,IMF.STA:COFER(7.0.1),R,G001,AFXRA,CI_USD,NV_USD,A,1998,888723959111.752,6,,,,USD,CO,NV,,USD,O,,
dataflow,IMF.STA:COFER(7.0.1),R,G001,AFXRA,CI_USD,NV_USD,A,1999,979782716126.656,6,,,,USD,CO,NV,,USD,O,,
dataflow,IMF.STA:COFER(7.0.1),R,G001,AFXRA,CI_USD,NV_USD,A,2000,1347789230833.39,6,,,,USD,CO,NV,,USD,O,,
dataflow,IMF.STA:COFER(7.0.1),R,G001,AFXRA,CI_USD,NV_USD,A,2001,1458704159933.03,6,,,,USD,CO,NV,,USD,O,,
dataflow,IMF.STA:COFER(7.0.1),R,G001,AFXRA,CI_USD,NV_USD,A,2002,1572812639572.02,6,,,,USD,CO,NV,,USD,O,,
dataflow,IMF.STA:COFER(7.0.1),R,G001,AFXRA,CI_USD,NV_USD,A,2003,1932008112522.55,6,,,,USD,CO,NV,,USD,O,,
dataflow,IMF.STA:COFER(7.0.1),R,G001,AFXRA,CI_USD,NV_USD,A,2004,2389768997037.3,6,,,,USD,CO,NV,,USD,O,,
dataflow,IMF.STA:COFER(7.0.1),R,G001,AFXRA,CI_USD,NV_USD,A,2005,2829326947420.55,6,,,,USD,CO,NV,,USD,O,,
dataflow,IMF.STA:COFER(7.0.1),R,G001,AFXRA,CI_USD,NV_USD,A,2006,3371088649308.89,6,,,,USD,CO,NV,,USD,O,,
dataflow,IMF.STA:COFER(7.0.1),R,G001,AFXRA,CI_USD,NV_USD,A,2007,4200665519485.13,6,,,,USD,CO,NV,,USD,O,,
dataflow,IMF.STA:COFER(7.0.1),R,G001,AFXRA,CI_USD,NV_USD,A,2008,4623116327810.1,6,,,,USD,CO,NV,,USD,O,,
dataflow,IMF.STA:COFER(7.0.1),R,G001,AFXRA,CI_USD,NV_USD,A,2009,5084883229585.01,6,,,,USD,CO,NV,,USD,O,,
dataflow,IMF.STA:COFER(7.0.1),R,G001,AFXRA,CI_USD,NV_USD,A,2010,5748711272459.95,6,,,,USD,CO,NV,,USD,O,,
dataflow,IMF.STA:COFER(7.0.1),R,G001,AFXRA,CI_USD,NV_USD,A,2011,6393251348045.7,6,,,,USD,CO,NV,,USD,O,,
dataflow,IMF.STA:COFER(7.0.1),R,G001,AFXRA,CI_USD,NV_USD,A,2012,6780737533593.26,6,,,,USD,CO,NV,,USD,O,,
dataflow,IMF.STA:COFER(7.0.1),R,G001,AFXRA,CI_USD,NV_USD,A,2013,7222139690521.39,6,,,,USD,CO,NV,,USD,O,,
dataflow,IMF.STA:COFER(7.0.1),R,G001,AFXRA,CI_USD,NV_USD,A,2014,7271756918324.83,6,,,,USD,CO,NV,,USD,O,,
dataflow,IMF.STA:COFER(7.0.1),R,G001,AFXRA,CI_USD,NV_USD,A,2015,7008315919810,6,,,,USD,CO,NV,,USD,O,,
dataflow,IMF.STA:COFER(7.0.1),R,G001,AFXRA,CI_USD,NV_USD,A,2016,6931977613300,6,,,,USD,CO,NV,,USD,O,,
dataflow,IMF.STA:COFER(7.0.1),R,G001,AFXRA,CI_USD,NV_USD,A,2017,7175397571850,6,,,,USD,CO,NV,,USD,O,,
dataflow,IMF.STA:COFER(7.0.1),R,G001,AFXRA,CI_USD,NV_USD,A,2018,7089227849643.91,6,,,,USD,CO,NV,,USD,O,,
dataflow,IMF.STA:COFER(7.0.1),R,G001,AFXRA,CI_USD,NV_USD,A,2019,7245230335486.3,6,,,,USD,CO,NV,,USD,O,,
dataflow,IMF.STA:COFER(7.0.1),R,G001,AFXRA,CI_USD,NV_USD,A,2020,7556479465409.42,6,,,,USD,CO,NV,,USD,O,,
dataflow,IMF.STA:COFER(7.0.1),R,G001,AFXRA,CI_USD,NV_USD,A,2021,7671318588659.05,6,,,,USD,CO,NV,,USD,O,,
dataflow,IMF.STA:COFER(7.0.1),R,G001,AFXRA,CI_USD,NV_USD,A,2022,7006099309850.61,6,,,,USD,CO,NV,,USD,O,,
dataflow,IMF.STA:COFER(7.0.1),R,G001,AFXRA,CI_USD,NV_USD,A,2023,7263358270483.21,6,,,,USD,CO,NV,,USD,O,,
dataflow,IMF.STA:COFER(7.0.1),R,G001,AFXRA,CI_USD,NV_USD,A,2024,7201837141938.64,6,,,,USD,CO,NV,,USD,O,,
dataflow,IMF.STA:COFER(7.0.1),R,G001,AFXRA,CI_USD,NV_USD,A,2025,7416988525280.19,6,,,,USD,CO,NV,,USD,O,,
dataflow,IMF.STA:COFER(7.0.1),R,G001,AFXRA,CI_USD,NV_USD,Q,1999-Q1,882325110960.097,6,,,,USD,CO,NV,,USD,O,,
dataflow,IMF.STA:COFER(7.0.1),R,G001,AFXRA,CI_USD,NV_USD,Q,1999-Q2,918685131799.318,6,,,,USD,CO,NV,,USD,O,,
dataflow,IMF.STA:COFER(7.0.1),R,G001,AFXRA,CI_USD,NV_USD,Q,1999-Q3,936038997040.41,6,,,,USD,CO,NV,,USD,O,,
dataflow,IMF.STA:COFER(7.0.1),R,G001,AFXRA,CI_USD,NV_USD,Q,1999-Q4,979782716126.656,6,,,,USD,CO,NV,,USD,O,,
dataflow,IMF.STA:COFER(7.0.1),R,G001,AFXRA,CI_USD,NV_USD,Q,2000-Q1,1275674527255.1,6,,,,USD,CO,NV,,USD,O,,
dataflow,IMF.STA:COFER(7.0.1),R,G001,AFXRA,CI_USD,NV_USD,Q,2000-Q2,1304391149689.34,6,,,,USD,CO,NV,,USD,O,,
dataflow,IMF.STA:COFER(7.0.1),R,G001,AFXRA,CI_USD,NV_USD,Q,2000-Q3,1320315016395.08,6,,,,USD,CO,NV,,USD,O,,
dataflow,IMF.STA:COFER(7.0.1),R,G001,AFXRA,CI_USD,NV_USD,Q,2000-Q4,1347789230833.39,6,,,,USD,CO,NV,,USD,O,,
dataflow,IMF.STA:COFER(7.0.1),R,G001,AFXRA,CI_USD,NV_USD,Q,2001-Q1,1366647089838.29,6,,,,USD,CO,NV,,USD,O,,
dataflow,IMF.STA:COFER(7.0.1),R,G001,AFXRA,CI_USD,NV_USD,Q,2001-Q2,1387957898276.86,6,,,,USD,CO,NV,,USD,O,,
dataflow,IMF.STA:COFER(7.0.1),R,G001,AFXRA,CI_USD,NV_USD,Q,2001-Q3,1444045293783.39,6,,,,USD,CO,NV,,USD,O,,
dataflow,IMF.STA:COFER(7.0.1),R,G001,AFXRA,CI_USD,NV_USD,Q,2001-Q4,1458704159933.03,6,,,,USD,CO,NV,,USD,O,,
dataflow,IMF.STA:COFER(7.0.1),R,G001,AFXRA,CI_USD,NV_USD,Q,2002-Q1,1476475083884.37,6,,,,USD,CO,NV,,USD,O,,
dataflow,IMF.STA:COFER(7.0.1),R,G001,AFXRA,CI_USD,NV_USD,Q,2002-Q2,1525516692834.06,6,,,,USD,CO,NV,,USD,O,,
dataflow,IMF.STA:COFER(7.0.1),R,G001,AFXRA,CI_USD,NV_USD,Q,2002-Q3,1549158343751.72,6,,,,USD,CO,NV,,USD,O,,
dataflow,IMF.STA:COFER(7.0.1),R,G001,AFXRA,CI_USD,NV_USD,Q,2002-Q4,1572812639572.02,6,,,,USD,CO,NV,,USD,O,,
dataflow,IMF.STA:COFER(7.0.1),R,G001,AFXRA,CI_USD,NV_USD,Q,2003-Q1,1627747672255.29,6,,,,USD,CO,NV,,USD,O,,
dataflow,IMF.STA:COFER(7.0.1),R,G001,AFXRA,CI_USD,NV_USD,Q,2003-Q2,1736016889773.68,6,,,,USD,CO,NV,,USD,O,,
dataflow,IMF.STA:COFER(7.0.1),R,G001,AFXRA,CI_USD,NV_USD,Q,2003-Q3,1849165542183.63,6,,,,USD,CO,NV,,USD,O,,
dataflow,IMF.STA:COFER(7.0.1),R,G001,AFXRA,CI_USD,NV_USD,Q,2003-Q4,1932008112522.55,6,,,,USD,CO,NV,,USD,O,,
dataflow,IMF.STA:COFER(7.0.1),R,G001,AFXRA,CI_USD,NV_USD,Q,2004-Q1,2145135361916.62,6,,,,USD,CO,NV,,USD,O,,
dataflow,IMF.STA:COFER(7.0.1),R,G001,AFXRA,CI_USD,NV_USD,Q,2004-Q2,2180877748465,6,,,,USD,CO,NV,,USD,O,,
dataflow,IMF.STA:COFER(7.0.1),R,G001,AFXRA,CI_USD,NV_USD,Q,2004-Q3,2233073852563.35,6,,,,USD,CO,NV,,USD,O,,
dataflow,IMF.STA:COFER(7.0.1),R,G001,AFXRA,CI_USD,NV_USD,Q,2004-Q4,2389768997037.3,6,,,,USD,CO,NV,,USD,O,,
dataflow,IMF.STA:COFER(7.0.1),R,G001,AFXRA,CI_USD,NV_USD,Q,2005-Q1,2545348585598.52,6,,,,USD,CO,NV,,USD,O,,
dataflow,IMF.STA:COFER(7.0.1),R,G001,AFXRA,CI_USD,NV_USD,Q,2005-Q2,2633051008060.47,6,,,,USD,CO,NV,,USD,O,,
dataflow,IMF.STA:COFER(7.0.1),R,G001,AFXRA,CI_USD,NV_USD,Q,2005-Q3,2728757921451.44,6,,,,USD,CO,NV,,USD,O,,
dataflow,IMF.STA:COFER(7.0.1),R,G001,AFXRA,CI_USD,NV_USD,Q,2005-Q4,2829326947420.55,6,,,,USD,CO,NV,,USD,O,,
dataflow,IMF.STA:COFER(7.0.1),R,G001,AFXRA,CI_USD,NV_USD,Q,2006-Q1,2963063524739.85,6,,,,USD,CO,NV,,USD,O,,
dataflow,IMF.STA:COFER(7.0.1),R,G001,AFXRA,CI_USD,NV_USD,Q,2006-Q2,3078739382304.75,6,,,,USD,CO,NV,,USD,O,,
dataflow,IMF.STA:COFER(7.0.1),R,G001,AFXRA,CI_USD,NV_USD,Q,2006-Q3,3225557740096.84,6,,,,USD,CO,NV,,USD,O,,
dataflow,IMF.STA:COFER(7.0.1),R,G001,AFXRA,CI_USD,NV_USD,Q,2006-Q4,3371088649308.89,6,,,,USD,CO,NV,,USD,O,,
dataflow,IMF.STA:COFER(7.0.1),R,G001,AFXRA,CI_USD,NV_USD,Q,2007-Q1,3585237063730.64,6,,,,USD,CO,NV,,USD,O,,
dataflow,IMF.STA:COFER(7.0.1),R,G001,AFXRA,CI_USD,NV_USD,Q,2007-Q2,3780569659640.18,6,,,,USD,CO,NV,,USD,O,,
dataflow,IMF.STA:COFER(7.0.1),R,G001,AFXRA,CI_USD,NV_USD,Q,2007-Q3,3952835981872.9,6,,,,USD,CO,NV,,USD,O,,
dataflow,IMF.STA:COFER(7.0.1),R,G001,AFXRA,CI_USD,NV_USD,Q,2007-Q4,4200665519485.13,6,,,,USD,CO,NV,,USD,O,,
dataflow,IMF.STA:COFER(7.0.1),R,G001,AFXRA,CI_USD,NV_USD,Q,2008-Q1,4570214604164.95,6,,,,USD,CO,NV,,USD,O,,
dataflow,IMF.STA:COFER(7.0.1),R,G001,AFXRA,CI_USD,NV_USD,Q,2008-Q2,4681123256776.83,6,,,,USD,CO,NV,,USD,O,,
dataflow,IMF.STA:COFER(7.0.1),R,G001,AFXRA,CI_USD,NV_USD,Q,2008-Q3,4798051598209.18,6,,,,USD,CO,NV,,USD,O,,
dataflow,IMF.STA:COFER(7.0.1),R,G001,AFXRA,CI_USD,NV_USD,Q,2008-Q4,4623116327810.1,6,,,,USD,CO,NV,,USD,O,,
dataflow,IMF.STA:COFER(7.0.1),R,G001,AFXRA,CI_USD,NV_USD,Q,2009-Q1,4576879492380.69,6,,,,USD,CO,NV,,USD,O,,
dataflow,IMF.STA:COFER(7.0.1),R,G001,AFXRA,CI_USD,NV_USD,Q,2009-Q2,4722262833135.45,6,,,,USD,CO,NV,,USD,O,,
dataflow,IMF.STA:COFER(7.0.1),R,G001,AFXRA,CI_USD,NV_USD,Q,2009-Q3,4836774476449.5,6,,,,USD,CO,NV,,USD,O,,
dataflow,IMF.STA:COFER(7.0.1),R,G001,AFXRA,CI_USD,NV_USD,Q,2009-Q4,5084883229585.01,6,,,,USD,CO,NV,,USD,O,,
dataflow,IMF.STA:COFER(7.0.1),R,G001,AFXRA,CI_USD,NV_USD,Q,2010-Q1,5133957396665.75,6,,,,USD,CO,NV,,USD,O,,
dataflow,IMF.STA:COFER(7.0.1),R,G001,AFXRA,CI_USD,NV_USD,Q,2010-Q2,5281278436075.98,6,,,,USD,CO,NV,,USD,O,,
dataflow,IMF.STA:COFER(7.0.1),R,G001,AFXRA,CI_USD,NV_USD,Q,2010-Q3,5568851760608.76,6,,,,USD,CO,NV,,USD,O,,
dataflow,IMF.STA:COFER(7.0.1),R,G001,AFXRA,CI_USD,NV_USD,Q,2010-Q4,5748711272459.95,6,,,,USD,CO,NV,,USD,O,,
dataflow,IMF.STA:COFER(7.0.1),R,G001,AFXRA,CI_USD,NV_USD,Q,2011-Q1,6001514640988.48,6,,,,USD,CO,NV,,USD,O,,
dataflow,IMF.STA:COFER(7.0.1),R,G001,AFXRA,CI_USD,NV_USD,Q,2011-Q2,6214405775499.56,6,,,,USD,CO,NV,,USD,O,,
dataflow,IMF.STA:COFER(7.0.1),R,G001,AFXRA,CI_USD,NV_USD,Q,2011-Q3,6343884911734.63,6,,,,USD,CO,NV,,USD,O,,
dataflow,IMF.STA:COFER(7.0.1),R,G001,AFXRA,CI_USD,NV_USD,Q,2011-Q4,6393251348045.7,6,,,,USD,CO,NV,,USD,O,,
dataflow,IMF.STA:COFER(7.0.1),R,G001,AFXRA,CI_USD,NV_USD,Q,2012-Q1,6468050454465.27,6,,,,USD,CO,NV,,USD,O,,
dataflow,IMF.STA:COFER(7.0.1),R,G001,AFXRA,CI_USD,NV_USD,Q,2012-Q2,6555692755327.18,6,,,,USD,CO,NV,,USD,O,,
dataflow,IMF.STA:COFER(7.0.1),R,G001,AFXRA,CI_USD,NV_USD,Q,2012-Q3,6679225511264.86,6,,,,USD,CO,NV,,USD,O,,
dataflow,IMF.STA:COFER(7.0.1),R,G001,AFXRA,CI_USD,NV_USD,Q,2012-Q4,6780737533593.26,6,,,,USD,CO,NV,,USD,O,,
dataflow,IMF.STA:COFER(7.0.1),R,G001,AFXRA,CI_USD,NV_USD,Q,2013-Q1,6892963076129.54,6,,,,USD,CO,NV,,USD,O,,
dataflow,IMF.STA:COFER(7.0.1),R,G001,AFXRA,CI_USD,NV_USD,Q,2013-Q2,6917483025995.25,6,,,,USD,CO,NV,,USD,O,,
dataflow,IMF.STA:COFER(7.0.1),R,G001,AFXRA,CI_USD,NV_USD,Q,2013-Q3,7075446425988.46,6,,,,USD,CO,NV,,USD,O,,
dataflow,IMF.STA:COFER(7.0.1),R,G001,AFXRA,CI_USD,NV_USD,Q,2013-Q4,7222139690521.39,6,,,,USD,CO,NV,,USD,O,,
dataflow,IMF.STA:COFER(7.0.1),R,G001,AFXRA,CI_USD,NV_USD,Q,2014-Q1,7267881999114.38,6,,,,USD,CO,NV,,USD,O,,
dataflow,IMF.STA:COFER(7.0.1),R,G001,AFXRA,CI_USD,NV_USD,Q,2014-Q2,7364359689679.38,6,,,,USD,CO,NV,,USD,O,,
dataflow,IMF.STA:COFER(7.0.1),R,G001,AFXRA,CI_USD,NV_USD,Q,2014-Q3,7342597863847.08,6,,,,USD,CO,NV,,USD,O,,
dataflow,IMF.STA:COFER(7.0.1),R,G001,AFXRA,CI_USD,NV_USD,Q,2014-Q4,7271756918324.83,6,,,,USD,CO,NV,,USD,O,,
dataflow,IMF.STA:COFER(7.0.1),R,G001,AFXRA,CI_USD,NV_USD,Q,2015-Q1,7269246666661.83,6,,,,USD,CO,NV,,USD,O,,
dataflow,IMF.STA:COFER(7.0.1),R,G001,AFXRA,CI_USD,NV_USD,Q,2015-Q2,7273683675240,6,,,,USD,CO,NV,,USD,O,,
dataflow,IMF.STA:COFER(7.0.1),R,G001,AFXRA,CI_USD,NV_USD,Q,2015-Q3,7183577481030,6,,,,USD,CO,NV,,USD,O,,
dataflow,IMF.STA:COFER(7.0.1),R,G001,AFXRA,CI_USD,NV_USD,Q,2015-Q4,7008315919810,6,,,,USD,CO,NV,,USD,O,,
dataflow,IMF.STA:COFER(7.0.1),R,G001,AFXRA,CI_USD,NV_USD,Q,2016-Q1,6983948470930,6,,,,USD,CO,NV,,USD,O,,
dataflow,IMF.STA:COFER(7.0.1),R,G001,AFXRA,CI_USD,NV_USD,Q,2016-Q2,7017472597180,6,,,,USD,CO,NV,,USD,O,,
dataflow,IMF.STA:COFER(7.0.1),R,G001,AFXRA,CI_USD,NV_USD,Q,2016-Q3,7011474593350,6,,,,USD,CO,NV,,USD,O,,
dataflow,IMF.STA:COFER(7.0.1),R,G001,AFXRA,CI_USD,NV_USD,Q,2016-Q4,6931977613300,6,,,,USD,CO,NV,,USD,O,,
dataflow,IMF.STA:COFER(7.0.1),R,G001,AFXRA,CI_USD,NV_USD,Q,2017-Q1,6999726166280,6,,,,USD,CO,NV,,USD,O,,
dataflow,IMF.STA:COFER(7.0.1),R,G001,AFXRA,CI_USD,NV_USD,Q,2017-Q2,7060958443140,6,,,,USD,CO,NV,,USD,O,,
dataflow,IMF.STA:COFER(7.0.1),R,G001,AFXRA,CI_USD,NV_USD,Q,2017-Q3,7149100688630,6,,,,USD,CO,NV,,USD,O,,
dataflow,IMF.STA:COFER(7.0.1),R,G001,AFXRA,CI_USD,NV_USD,Q,2017-Q4,7175397571850,6,,,,USD,CO,NV,,USD,O,,
dataflow,IMF.STA:COFER(7.0.1),R,G001,AFXRA,CI_USD,NV_USD,Q,2018-Q1,7298489731160,6,,,,USD,CO,NV,,USD,O,,
dataflow,IMF.STA:COFER(7.0.1),R,G001,AFXRA,CI_USD,NV_USD,Q,2018-Q2,7176812745380,6,,,,USD,CO,NV,,USD,O,,
dataflow,IMF.STA:COFER(7.0.1),R,G001,AFXRA,CI_USD,NV_USD,Q,2018-Q3,7106618635137.55,6,,,,USD,CO,NV,,USD,O,,
dataflow,IMF.STA:COFER(7.0.1),R,G001,AFXRA,CI_USD,NV_USD,Q,2018-Q4,7089227849643.91,6,,,,USD,CO,NV,,USD,O,,
dataflow,IMF.STA:COFER(7.0.1),R,G001,AFXRA,CI_USD,NV_USD,Q,2019-Q1,7217266502469.99,6,,,,USD,CO,NV,,USD,O,,
dataflow,IMF.STA:COFER(7.0.1),R,G001,AFXRA,CI_USD,NV_USD,Q,2019-Q2,7241082462209.36,6,,,,USD,CO,NV,,USD,O,,
dataflow,IMF.STA:COFER(7.0.1),R,G001,AFXRA,CI_USD,NV_USD,Q,2019-Q3,7225366782515.6,6,,,,USD,CO,NV,,USD,O,,
dataflow,IMF.STA:COFER(7.0.1),R,G001,AFXRA,CI_USD,NV_USD,Q,2019-Q4,7245230335486.3,6,,,,USD,CO,NV,,USD,O,,
dataflow,IMF.STA:COFER(7.0.1),R,G001,AFXRA,CI_USD,NV_USD,Q,2020-Q1,7283888255768.37,6,,,,USD,CO,NV,,USD,O,,
dataflow,IMF.STA:COFER(7.0.1),R,G001,AFXRA,CI_USD,NV_USD,Q,2020-Q2,7435868518260.13,6,,,,USD,CO,NV,,USD,O,,
dataflow,IMF.STA:COFER(7.0.1),R,G001,AFXRA,CI_USD,NV_USD,Q,2020-Q3,7469611130365.9,6,,,,USD,CO,NV,,USD,O,,
dataflow,IMF.STA:COFER(7.0.1),R,G001,AFXRA,CI_USD,NV_USD,Q,2020-Q4,7556479465409.42,6,,,,USD,CO,NV,,USD,O,,
dataflow,IMF.STA:COFER(7.0.1),R,G001,AFXRA,CI_USD,NV_USD,Q,2021-Q1,7549712604894.73,6,,,,USD,CO,NV,,USD,O,,
dataflow,IMF.STA:COFER(7.0.1),R,G001,AFXRA,CI_USD,NV_USD,Q,2021-Q2,7658437750519.06,6,,,,USD,CO,NV,,USD,O,,
dataflow,IMF.STA:COFER(7.0.1),R,G001,AFXRA,CI_USD,NV_USD,Q,2021-Q3,7677239288197.73,6,,,,USD,CO,NV,,USD,O,,
dataflow,IMF.STA:COFER(7.0.1),R,G001,AFXRA,CI_USD,NV_USD,Q,2021-Q4,7671318588659.05,6,,,,USD,CO,NV,,USD,O,,
dataflow,IMF.STA:COFER(7.0.1),R,G001,AFXRA,CI_USD,NV_USD,Q,2022-Q1,7433491588459.33,6,,,,USD,CO,NV,,USD,O,,
dataflow,IMF.STA:COFER(7.0.1),R,G001,AFXRA,CI_USD,NV_USD,Q,2022-Q2,7184488810714.44,6,,,,USD,CO,NV,,USD,O,,
dataflow,IMF.STA:COFER(7.0.1),R,G001,AFXRA,CI_USD,NV_USD,Q,2022-Q3,6958319110498.27,6,,,,USD,CO,NV,,USD,O,,
dataflow,IMF.STA:COFER(7.0.1),R,G001,AFXRA,CI_USD,NV_USD,Q,2022-Q4,7006099309850.61,6,,,,USD,CO,NV,,USD,O,,
dataflow,IMF.STA:COFER(7.0.1),R,G001,AFXRA,CI_USD,NV_USD,Q,2023-Q1,7215338093180.53,6,,,,USD,CO,NV,,USD,O,,
dataflow,IMF.STA:COFER(7.0.1),R,G001,AFXRA,CI_USD,NV_USD,Q,2023-Q2,7195140006963.09,6,,,,USD,CO,NV,,USD,O,,
dataflow,IMF.STA:COFER(7.0.1),R,G001,AFXRA,CI_USD,NV_USD,Q,2023-Q3,7055268769792.38,6,,,,USD,CO,NV,,USD,O,,
dataflow,IMF.STA:COFER(7.0.1),R,G001,AFXRA,CI_USD,NV_USD,Q,2023-Q4,7263358270483.21,6,,,,USD,CO,NV,,USD,O,,
dataflow,IMF.STA:COFER(7.0.1),R,G001,AFXRA,CI_USD,NV_USD,Q,2024-Q1,7349458497294.33,6,,,,USD,CO,NV,,USD,O,,
dataflow,IMF.STA:COFER(7.0.1),R,G001,AFXRA,CI_USD,NV_USD,Q,2024-Q2,7249056657228.83,6,,,,USD,CO,NV,,USD,O,,
dataflow,IMF.STA:COFER(7.0.1),R,G001,AFXRA,CI_USD,NV_USD,Q,2024-Q3,7361793416811.41,6,,,,USD,CO,NV,,USD,O,,
dataflow,IMF.STA:COFER(7.0.1),R,G001,AFXRA,CI_USD,NV_USD,Q,2024-Q4,7201837141938.64,6,,,,USD,CO,NV,,USD,O,,
dataflow,IMF.STA:COFER(7.0.1),R,G001,AFXRA,CI_USD,NV_USD,Q,2025-Q1,7298218602829.81,6,,,,USD,CO,NV,,USD,O,,
dataflow,IMF.STA:COFER(7.0.1),R,G001,AFXRA,CI_USD,NV_USD,Q,2025-Q2,7368985537392.53,6,,,,USD,CO,NV,,USD,O,,
dataflow,IMF.STA:COFER(7.0.1),R,G001,AFXRA,CI_USD,NV_USD,Q,2025-Q3,7377523506817.03,6,,,,USD,CO,NV,,USD,O,,
dataflow,IMF.STA:COFER(7.0.1),R,G001,AFXRA,CI_USD,NV_USD,Q,2025-Q4,7416988525280.19,6,,,,USD,CO,NV,,USD,O,,
dataflow,IMF.STA:COFER(7.0.1),R,G001,AFXRA,CI_USD,NV_USD,Q,2026-Q1,7486931554801.15,6,,,,USD,CO,NV,,USD,O,,
dataflow,IMF.STA:COFER(7.0.1),R,G001,AFXRA,CI_USD,SHRO_PT,A,1995,58.9599879456695,0,,,,USD,,,SHRO,PT,O,,
dataflow,IMF.STA:COFER(7.0.1),R,G001,AFXRA,CI_USD,SHRO_PT,A,1996,61.9833234106692,0,,,,USD,,,SHRO,PT,O,,
dataflow,IMF.STA:COFER(7.0.1),R,G001,AFXRA,CI_USD,SHRO_PT,A,1997,65.0987509147878,0,,,,USD,,,SHRO,PT,O,,
dataflow,IMF.STA:COFER(7.0.1),R,G001,AFXRA,CI_USD,SHRO_PT,A,1998,69.280716932273,0,,,,USD,,,SHRO,PT,O,,
dataflow,IMF.STA:COFER(7.0.1),R,G001,AFXRA,CI_USD,SHRO_PT,A,1999,71.0139314733965,0,,,,USD,,,SHRO,PT,O,,
dataflow,IMF.STA:COFER(7.0.1),R,G001,AFXRA,CI_USD,SHRO_PT,A,2000,69.7403271390709,0,,,,USD,,,SHRO,PT,O,,
dataflow,IMF.STA:COFER(7.0.1),R,G001,AFXRA,CI_USD,SHRO_PT,A,2001,70.7836648539658,0,,,,USD,,,SHRO,PT,O,,
dataflow,IMF.STA:COFER(7.0.1),R,G001,AFXRA,CI_USD,SHRO_PT,A,2002,64.9391869591015,0,,,,USD,,,SHRO,PT,O,,
dataflow,IMF.STA:COFER(7.0.1),R,G001,AFXRA,CI_USD,SHRO_PT,A,2003,63.534917057239,0,,,,USD,,,SHRO,PT,O,,
dataflow,IMF.STA:COFER(7.0.1),R,G001,AFXRA,CI_USD,SHRO_PT,A,2004,63.3229146034879,0,,,,USD,,,SHRO,PT,O,,
dataflow,IMF.STA:COFER(7.0.1),R,G001,AFXRA,CI_USD,SHRO_PT,A,2005,64.888024245941,0,,,,USD,,,SHRO,PT,O,,
dataflow,IMF.STA:COFER(7.0.1),R,G001,AFXRA,CI_USD,SHRO_PT,A,2006,63.6672618202723,0,,,,USD,,,SHRO,PT,O,,
dataflow,IMF.STA:COFER(7.0.1),R,G001,AFXRA,CI_USD,SHRO_PT,A,2007,62.6016321357911,0,,,,USD,,,SHRO,PT,O,,
dataflow,IMF.STA:COFER(7.0.1),R,G001,AFXRA,CI_USD,SHRO_PT,A,2008,62.8681207370047,0,,,,USD,,,SHRO,PT,O,,
dataflow,IMF.STA:COFER(7.0.1),R,G001,AFXRA,CI_USD,SHRO_PT,A,2009,62.1878198896172,0,,,,USD,,,SHRO,PT,O,,
dataflow,IMF.STA:COFER(7.0.1),R,G001,AFXRA,CI_USD,SHRO_PT,A,2010,61.9359313840198,0,,,,USD,,,SHRO,PT,O,,
dataflow,IMF.STA:COFER(7.0.1),R,G001,AFXRA,CI_USD,SHRO_PT,A,2011,62.5146439280514,0,,,,USD,,,SHRO,PT,O,,
dataflow,IMF.STA:COFER(7.0.1),R,G001,AFXRA,CI_USD,SHRO_PT,A,2012,61.8442420601233,0,,,,USD,,,SHRO,PT,O,,
dataflow,IMF.STA:COFER(7.0.1),R,G001,AFXRA,CI_USD,SHRO_PT,A,2013,61.7163815633297,0,,,,USD,,,SHRO,PT,O,,
dataflow,IMF.STA:COFER(7.0.1),R,G001,AFXRA,CI_USD,SHRO_PT,A,2014,62.681866750902,0,,,,USD,,,SHRO,PT,O,,
dataflow,IMF.STA:COFER(7.0.1),R,G001,AFXRA,CI_USD,SHRO_PT,A,2015,64.154037,0,,,,USD,,,SHRO,PT,O,,
dataflow,IMF.STA:COFER(7.0.1),R,G001,AFXRA,CI_USD,SHRO_PT,A,2016,64.6799707,0,,,,USD,,,SHRO,PT,O,,
dataflow,IMF.STA:COFER(7.0.1),R,G001,AFXRA,CI_USD,SHRO_PT,A,2017,62.7072968,0,,,,USD,,,SHRO,PT,O,,
dataflow,IMF.STA:COFER(7.0.1),R,G001,AFXRA,CI_USD,SHRO_PT,A,2018,62.0650228830416,0,,,,USD,,,SHRO,PT,O,,
dataflow,IMF.STA:COFER(7.0.1),R,G001,AFXRA,CI_USD,SHRO_PT,A,2019,61.3202550682034,0,,,,USD,,,SHRO,PT,O,,
dataflow,IMF.STA:COFER(7.0.1),R,G001,AFXRA,CI_USD,SHRO_PT,A,2020,59.5282761516248,0,,,,USD,,,SHRO,PT,O,,
dataflow,IMF.STA:COFER(7.0.1),R,G001,AFXRA,CI_USD,SHRO_PT,A,2021,59.4025304338252,0,,,,USD,,,SHRO,PT,O,,
dataflow,IMF.STA:COFER(7.0.1),R,G001,AFXRA,CI_USD,SHRO_PT,A,2022,58.9517669677734,0,,,,USD,,,SHRO,PT,O,,
dataflow,IMF.STA:COFER(7.0.1),R,G001,AFXRA,CI_USD,SHRO_PT,A,2023,58.9796180725098,0,,,,USD,,,SHRO,PT,O,,
dataflow,IMF.STA:COFER(7.0.1),R,G001,AFXRA,CI_USD,SHRO_PT,A,2024,58.4082374572754,0,,,,USD,,,SHRO,PT,O,,
dataflow,IMF.STA:COFER(7.0.1),R,G001,AFXRA,CI_USD,SHRO_PT,A,2025,56.4172706604004,0,,,,USD,,,SHRO,PT,O,,
dataflow,IMF.STA:COFER(7.0.1),R,G001,AFXRA,CI_USD,SHRO_PT,Q,1999-Q1,71.1888689871011,0,,,,USD,,,SHRO,PT,O,,
dataflow,IMF.STA:COFER(7.0.1),R,G001,AFXRA,CI_USD,SHRO_PT,Q,1999-Q2,72.1259318040904,0,,,,USD,,,SHRO,PT,O,,
dataflow,IMF.STA:COFER(7.0.1),R,G001,AFXRA,CI_USD,SHRO_PT,Q,1999-Q3,70.6847562342032,0,,,,USD,,,SHRO,PT,O,,
dataflow,IMF.STA:COFER(7.0.1),R,G001,AFXRA,CI_USD,SHRO_PT,Q,1999-Q4,71.0139314733965,0,,,,USD,,,SHRO,PT,O,,
dataflow,IMF.STA:COFER(7.0.1),R,G001,AFXRA,CI_USD,SHRO_PT,Q,2000-Q1,70.7965528604486,0,,,,USD,,,SHRO,PT,O,,
dataflow,IMF.STA:COFER(7.0.1),R,G001,AFXRA,CI_USD,SHRO_PT,Q,2000-Q2,70.6756743292132,0,,,,USD,,,SHRO,PT,O,,
dataflow,IMF.STA:COFER(7.0.1),R,G001,AFXRA,CI_USD,SHRO_PT,Q,2000-Q3,70.643182802407,0,,,,USD,,,SHRO,PT,O,,
dataflow,IMF.STA:COFER(7.0.1),R,G001,AFXRA,CI_USD,SHRO_PT,Q,2000-Q4,69.7403271390709,0,,,,USD,,,SHRO,PT,O,,
dataflow,IMF.STA:COFER(7.0.1),R,G001,AFXRA,CI_USD,SHRO_PT,Q,2001-Q1,70.6500810298208,0,,,,USD,,,SHRO,PT,O,,
dataflow,IMF.STA:COFER(7.0.1),R,G001,AFXRA,CI_USD,SHRO_PT,Q,2001-Q2,71.4003108062864,0,,,,USD,,,SHRO,PT,O,,
dataflow,IMF.STA:COFER(7.0.1),R,G001,AFXRA,CI_USD,SHRO_PT,Q,2001-Q3,70.7633611218991,0,,,,USD,,,SHRO,PT,O,,
dataflow,IMF.STA:COFER(7.0.1),R,G001,AFXRA,CI_USD,SHRO_PT,Q,2001-Q4,70.7836648539658,0,,,,USD,,,SHRO,PT,O,,
dataflow,IMF.STA:COFER(7.0.1),R,G001,AFXRA,CI_USD,SHRO_PT,Q,2002-Q1,70.5138003119722,0,,,,USD,,,SHRO,PT,O,,
dataflow,IMF.STA:COFER(7.0.1),R,G001,AFXRA,CI_USD,SHRO_PT,Q,2002-Q2,67.8056192218856,0,,,,USD,,,SHRO,PT,O,,
dataflow,IMF.STA:COFER(7.0.1),R,G001,AFXRA,CI_USD,SHRO_PT,Q,2002-Q3,66.6936532882457,0,,,,USD,,,SHRO,PT,O,,
dataflow,IMF.STA:COFER(7.0.1),R,G001,AFXRA,CI_USD,SHRO_PT,Q,2002-Q4,64.9391869591015,0,,,,USD,,,SHRO,PT,O,,
dataflow,IMF.STA:COFER(7.0.1),R,G001,AFXRA,CI_USD,SHRO_PT,Q,2003-Q1,64.6161570687263,0,,,,USD,,,SHRO,PT,O,,
dataflow,IMF.STA:COFER(7.0.1),R,G001,AFXRA,CI_USD,SHRO_PT,Q,2003-Q2,64.6518884544982,0,,,,USD,,,SHRO,PT,O,,
dataflow,IMF.STA:COFER(7.0.1),R,G001,AFXRA,CI_USD,SHRO_PT,Q,2003-Q3,64.9081937339743,0,,,,USD,,,SHRO,PT,O,,
dataflow,IMF.STA:COFER(7.0.1),R,G001,AFXRA,CI_USD,SHRO_PT,Q,2003-Q4,63.534917057239,0,,,,USD,,,SHRO,PT,O,,
dataflow,IMF.STA:COFER(7.0.1),R,G001,AFXRA,CI_USD,SHRO_PT,Q,2004-Q1,64.6672276348416,0,,,,USD,,,SHRO,PT,O,,
dataflow,IMF.STA:COFER(7.0.1),R,G001,AFXRA,CI_USD,SHRO_PT,Q,2004-Q2,64.8549468240236,0,,,,USD,,,SHRO,PT,O,,
dataflow,IMF.STA:COFER(7.0.1),R,G001,AFXRA,CI_USD,SHRO_PT,Q,2004-Q3,64.4403466010848,0,,,,USD,,,SHRO,PT,O,,
dataflow,IMF.STA:COFER(7.0.1),R,G001,AFXRA,CI_USD,SHRO_PT,Q,2004-Q4,63.3229146034879,0,,,,USD,,,SHRO,PT,O,,
dataflow,IMF.STA:COFER(7.0.1),R,G001,AFXRA,CI_USD,SHRO_PT,Q,2005-Q1,64.2052408299401,0,,,,USD,,,SHRO,PT,O,,
dataflow,IMF.STA:COFER(7.0.1),R,G001,AFXRA,CI_USD,SHRO_PT,Q,2005-Q2,64.682879009746,0,,,,USD,,,SHRO,PT,O,,
dataflow,IMF.STA:COFER(7.0.1),R,G001,AFXRA,CI_USD,SHRO_PT,Q,2005-Q3,65.0115199088046,0,,,,USD,,,SHRO,PT,O,,
dataflow,IMF.STA:COFER(7.0.1),R,G001,AFXRA,CI_USD,SHRO_PT,Q,2005-Q4,64.888024245941,0,,,,USD,,,SHRO,PT,O,,
dataflow,IMF.STA:COFER(7.0.1),R,G001,AFXRA,CI_USD,SHRO_PT,Q,2006-Q1,64.8836357935906,0,,,,USD,,,SHRO,PT,O,,
dataflow,IMF.STA:COFER(7.0.1),R,G001,AFXRA,CI_USD,SHRO_PT,Q,2006-Q2,64.1111257285317,0,,,,USD,,,SHRO,PT,O,,
dataflow,IMF.STA:COFER(7.0.1),R,G001,AFXRA,CI_USD,SHRO_PT,Q,2006-Q3,64.5901865327659,0,,,,USD,,,SHRO,PT,O,,
dataflow,IMF.STA:COFER(7.0.1),R,G001,AFXRA,CI_USD,SHRO_PT,Q,2006-Q4,63.6672618202723,0,,,,USD,,,SHRO,PT,O,,
dataflow,IMF.STA:COFER(7.0.1),R,G001,AFXRA,CI_USD,SHRO_PT,Q,2007-Q1,63.6562290349214,0,,,,USD,,,SHRO,PT,O,,
dataflow,IMF.STA:COFER(7.0.1),R,G001,AFXRA,CI_USD,SHRO_PT,Q,2007-Q2,63.3986338150179,0,,,,USD,,,SHRO,PT,O,,
dataflow,IMF.STA:COFER(7.0.1),R,G001,AFXRA,CI_USD,SHRO_PT,Q,2007-Q3,62.7131094022578,0,,,,USD,,,SHRO,PT,O,,
dataflow,IMF.STA:COFER(7.0.1),R,G001,AFXRA,CI_USD,SHRO_PT,Q,2007-Q4,62.6016321357911,0,,,,USD,,,SHRO,PT,O,,
dataflow,IMF.STA:COFER(7.0.1),R,G001,AFXRA,CI_USD,SHRO_PT,Q,2008-Q1,63.0560597839148,0,,,,USD,,,SHRO,PT,O,,
dataflow,IMF.STA:COFER(7.0.1),R,G001,AFXRA,CI_USD,SHRO_PT,Q,2008-Q2,62.6959727212127,0,,,,USD,,,SHRO,PT,O,,
dataflow,IMF.STA:COFER(7.0.1),R,G001,AFXRA,CI_USD,SHRO_PT,Q,2008-Q3,63.9349439057916,0,,,,USD,,,SHRO,PT,O,,
dataflow,IMF.STA:COFER(7.0.1),R,G001,AFXRA,CI_USD,SHRO_PT,Q,2008-Q4,62.8681207370047,0,,,,USD,,,SHRO,PT,O,,
dataflow,IMF.STA:COFER(7.0.1),R,G001,AFXRA,CI_USD,SHRO_PT,Q,2009-Q1,63.8024997331739,0,,,,USD,,,SHRO,PT,O,,
dataflow,IMF.STA:COFER(7.0.1),R,G001,AFXRA,CI_USD,SHRO_PT,Q,2009-Q2,62.3523481014793,0,,,,USD,,,SHRO,PT,O,,
dataflow,IMF.STA:COFER(7.0.1),R,G001,AFXRA,CI_USD,SHRO_PT,Q,2009-Q3,61.3197557142948,0,,,,USD,,,SHRO,PT,O,,
dataflow,IMF.STA:COFER(7.0.1),R,G001,AFXRA,CI_USD,SHRO_PT,Q,2009-Q4,62.1878198896172,0,,,,USD,,,SHRO,PT,O,,
dataflow,IMF.STA:COFER(7.0.1),R,G001,AFXRA,CI_USD,SHRO_PT,Q,2010-Q1,61.7866178456704,0,,,,USD,,,SHRO,PT,O,,
dataflow,IMF.STA:COFER(7.0.1),R,G001,AFXRA,CI_USD,SHRO_PT,Q,2010-Q2,62.5629426546716,0,,,,USD,,,SHRO,PT,O,,
dataflow,IMF.STA:COFER(7.0.1),R,G001,AFXRA,CI_USD,SHRO_PT,Q,2010-Q3,61.8216648528552,0,,,,USD,,,SHRO,PT,O,,
dataflow,IMF.STA:COFER(7.0.1),R,G001,AFXRA,CI_USD,SHRO_PT,Q,2010-Q4,61.9359313840198,0,,,,USD,,,SHRO,PT,O,,
dataflow,IMF.STA:COFER(7.0.1),R,G001,AFXRA,CI_USD,SHRO_PT,Q,2011-Q1,61.8158329080448,0,,,,USD,,,SHRO,PT,O,,
dataflow,IMF.STA:COFER(7.0.1),R,G001,AFXRA,CI_USD,SHRO_PT,Q,2011-Q2,61.5510637552286,0,,,,USD,,,SHRO,PT,O,,
dataflow,IMF.STA:COFER(7.0.1),R,G001,AFXRA,CI_USD,SHRO_PT,Q,2011-Q3,62.2451136915126,0,,,,USD,,,SHRO,PT,O,,
dataflow,IMF.STA:COFER(7.0.1),R,G001,AFXRA,CI_USD,SHRO_PT,Q,2011-Q4,62.5146439280514,0,,,,USD,,,SHRO,PT,O,,
dataflow,IMF.STA:COFER(7.0.1),R,G001,AFXRA,CI_USD,SHRO_PT,Q,2012-Q1,61.8726400110631,0,,,,USD,,,SHRO,PT,O,,
dataflow,IMF.STA:COFER(7.0.1),R,G001,AFXRA,CI_USD,SHRO_PT,Q,2012-Q2,62.1502827709439,0,,,,USD,,,SHRO,PT,O,,
dataflow,IMF.STA:COFER(7.0.1),R,G001,AFXRA,CI_USD,SHRO_PT,Q,2012-Q3,61.8049764580097,0,,,,USD,,,SHRO,PT,O,,
dataflow,IMF.STA:COFER(7.0.1),R,G001,AFXRA,CI_USD,SHRO_PT,Q,2012-Q4,61.8442420601233,0,,,,USD,,,SHRO,PT,O,,
dataflow,IMF.STA:COFER(7.0.1),R,G001,AFXRA,CI_USD,SHRO_PT,Q,2013-Q1,62.0793927374482,0,,,,USD,,,SHRO,PT,O,,
dataflow,IMF.STA:COFER(7.0.1),R,G001,AFXRA,CI_USD,SHRO_PT,Q,2013-Q2,62.037540522709,0,,,,USD,,,SHRO,PT,O,,
dataflow,IMF.STA:COFER(7.0.1),R,G001,AFXRA,CI_USD,SHRO_PT,Q,2013-Q3,61.7421368672357,0,,,,USD,,,SHRO,PT,O,,
dataflow,IMF.STA:COFER(7.0.1),R,G001,AFXRA,CI_USD,SHRO_PT,Q,2013-Q4,61.7163815633297,0,,,,USD,,,SHRO,PT,O,,
dataflow,IMF.STA:COFER(7.0.1),R,G001,AFXRA,CI_USD,SHRO_PT,Q,2014-Q1,61.3171286741676,0,,,,USD,,,SHRO,PT,O,,
dataflow,IMF.STA:COFER(7.0.1),R,G001,AFXRA,CI_USD,SHRO_PT,Q,2014-Q2,61.3452564149478,0,,,,USD,,,SHRO,PT,O,,
dataflow,IMF.STA:COFER(7.0.1),R,G001,AFXRA,CI_USD,SHRO_PT,Q,2014-Q3,62.3857244032257,0,,,,USD,,,SHRO,PT,O,,
dataflow,IMF.STA:COFER(7.0.1),R,G001,AFXRA,CI_USD,SHRO_PT,Q,2014-Q4,62.681866750902,0,,,,USD,,,SHRO,PT,O,,
dataflow,IMF.STA:COFER(7.0.1),R,G001,AFXRA,CI_USD,SHRO_PT,Q,2015-Q1,63.5494095855134,0,,,,USD,,,SHRO,PT,O,,
dataflow,IMF.STA:COFER(7.0.1),R,G001,AFXRA,CI_USD,SHRO_PT,Q,2015-Q2,63.4720294,0,,,,USD,,,SHRO,PT,O,,
dataflow,IMF.STA:COFER(7.0.1),R,G001,AFXRA,CI_USD,SHRO_PT,Q,2015-Q3,64.2370836,0,,,,USD,,,SHRO,PT,O,,
dataflow,IMF.STA:COFER(7.0.1),R,G001,AFXRA,CI_USD,SHRO_PT,Q,2015-Q4,64.154037,0,,,,USD,,,SHRO,PT,O,,
dataflow,IMF.STA:COFER(7.0.1),R,G001,AFXRA,CI_USD,SHRO_PT,Q,2016-Q1,63.9291976,0,,,,USD,,,SHRO,PT,O,,
dataflow,IMF.STA:COFER(7.0.1),R,G001,AFXRA,CI_USD,SHRO_PT,Q,2016-Q2,64.0052962,0,,,,USD,,,SHRO,PT,O,,
dataflow,IMF.STA:COFER(7.0.1),R,G001,AFXRA,CI_USD,SHRO_PT,Q,2016-Q3,63.7928791,0,,,,USD,,,SHRO,PT,O,,
dataflow,IMF.STA:COFER(7.0.1),R,G001,AFXRA,CI_USD,SHRO_PT,Q,2016-Q4,64.6799707,0,,,,USD,,,SHRO,PT,O,,
dataflow,IMF.STA:COFER(7.0.1),R,G001,AFXRA,CI_USD,SHRO_PT,Q,2017-Q1,64.2195096,0,,,,USD,,,SHRO,PT,O,,
dataflow,IMF.STA:COFER(7.0.1),R,G001,AFXRA,CI_USD,SHRO_PT,Q,2017-Q2,63.514328,0,,,,USD,,,SHRO,PT,O,,
dataflow,IMF.STA:COFER(7.0.1),R,G001,AFXRA,CI_USD,SHRO_PT,Q,2017-Q3,63.3104705,0,,,,USD,,,SHRO,PT,O,,
dataflow,IMF.STA:COFER(7.0.1),R,G001,AFXRA,CI_USD,SHRO_PT,Q,2017-Q4,62.7072968,0,,,,USD,,,SHRO,PT,O,,
dataflow,IMF.STA:COFER(7.0.1),R,G001,AFXRA,CI_USD,SHRO_PT,Q,2018-Q1,62.8976097,0,,,,USD,,,SHRO,PT,O,,
dataflow,IMF.STA:COFER(7.0.1),R,G001,AFXRA,CI_USD,SHRO_PT,Q,2018-Q2,62.6152141,0,,,,USD,,,SHRO,PT,O,,
dataflow,IMF.STA:COFER(7.0.1),R,G001,AFXRA,CI_USD,SHRO_PT,Q,2018-Q3,62.3490399685773,0,,,,USD,,,SHRO,PT,O,,
dataflow,IMF.STA:COFER(7.0.1),R,G001,AFXRA,CI_USD,SHRO_PT,Q,2018-Q4,62.0650228830416,0,,,,USD,,,SHRO,PT,O,,
dataflow,IMF.STA:COFER(7.0.1),R,G001,AFXRA,CI_USD,SHRO_PT,Q,2019-Q1,62.2066180312068,0,,,,USD,,,SHRO,PT,O,,
dataflow,IMF.STA:COFER(7.0.1),R,G001,AFXRA,CI_USD,SHRO_PT,Q,2019-Q2,61.7316705128468,0,,,,USD,,,SHRO,PT,O,,
dataflow,IMF.STA:COFER(7.0.1),R,G001,AFXRA,CI_USD,SHRO_PT,Q,2019-Q3,62.0500700119326,0,,,,USD,,,SHRO,PT,O,,
dataflow,IMF.STA:COFER(7.0.1),R,G001,AFXRA,CI_USD,SHRO_PT,Q,2019-Q4,61.3202550682034,0,,,,USD,,,SHRO,PT,O,,
dataflow,IMF.STA:COFER(7.0.1),R,G001,AFXRA,CI_USD,SHRO_PT,Q,2020-Q1,62.3212021900011,0,,,,USD,,,SHRO,PT,O,,
dataflow,IMF.STA:COFER(7.0.1),R,G001,AFXRA,CI_USD,SHRO_PT,Q,2020-Q2,61.875305997393,0,,,,USD,,,SHRO,PT,O,,
dataflow,IMF.STA:COFER(7.0.1),R,G001,AFXRA,CI_USD,SHRO_PT,Q,2020-Q3,61.0066337569416,0,,,,USD,,,SHRO,PT,O,,
dataflow,IMF.STA:COFER(7.0.1),R,G001,AFXRA,CI_USD,SHRO_PT,Q,2020-Q4,59.5282761516248,0,,,,USD,,,SHRO,PT,O,,
dataflow,IMF.STA:COFER(7.0.1),R,G001,AFXRA,CI_USD,SHRO_PT,Q,2021-Q1,60.0628702628749,0,,,,USD,,,SHRO,PT,O,,
dataflow,IMF.STA:COFER(7.0.1),R,G001,AFXRA,CI_USD,SHRO_PT,Q,2021-Q2,59.8460288957343,0,,,,USD,,,SHRO,PT,O,,
dataflow,IMF.STA:COFER(7.0.1),R,G001,AFXRA,CI_USD,SHRO_PT,Q,2021-Q3,59.8714605550738,0,,,,USD,,,SHRO,PT,O,,
dataflow,IMF.STA:COFER(7.0.1),R,G001,AFXRA,CI_USD,SHRO_PT,Q,2021-Q4,59.4025304338252,0,,,,USD,,,SHRO,PT,O,,
dataflow,IMF.STA:COFER(7.0.1),R,G001,AFXRA,CI_USD,SHRO_PT,Q,2022-Q1,59.4175033569336,0,,,,USD,,,SHRO,PT,O,,
dataflow,IMF.STA:COFER(7.0.1),R,G001,AFXRA,CI_USD,SHRO_PT,Q,2022-Q2,59.9951705932617,0,,,,USD,,,SHRO,PT,O,,
dataflow,IMF.STA:COFER(7.0.1),R,G001,AFXRA,CI_USD,SHRO_PT,Q,2022-Q3,60.4334411621094,0,,,,USD,,,SHRO,PT,O,,
dataflow,IMF.STA:COFER(7.0.1),R,G001,AFXRA,CI_USD,SHRO_PT,Q,2022-Q4,58.9517669677734,0,,,,USD,,,SHRO,PT,O,,
dataflow,IMF.STA:COFER(7.0.1),R,G001,AFXRA,CI_USD,SHRO_PT,Q,2023-Q1,60.1231002807617,0,,,,USD,,,SHRO,PT,O,,
dataflow,IMF.STA:COFER(7.0.1),R,G001,AFXRA,CI_USD,SHRO_PT,Q,2023-Q2,59.8180694580078,0,,,,USD,,,SHRO,PT,O,,
dataflow,IMF.STA:COFER(7.0.1),R,G001,AFXRA,CI_USD,SHRO_PT,Q,2023-Q3,59.6898078918457,0,,,,USD,,,SHRO,PT,O,,
dataflow,IMF.STA:COFER(7.0.1),R,G001,AFXRA,CI_USD,SHRO_PT,Q,2023-Q4,58.9796180725098,0,,,,USD,,,SHRO,PT,O,,
dataflow,IMF.STA:COFER(7.0.1),R,G001,AFXRA,CI_USD,SHRO_PT,Q,2024-Q1,59.5113754272461,0,,,,USD,,,SHRO,PT,O,,
dataflow,IMF.STA:COFER(7.0.1),R,G001,AFXRA,CI_USD,SHRO_PT,Q,2024-Q2,58.8639640808106,0,,,,USD,,,SHRO,PT,O,,
dataflow,IMF.STA:COFER(7.0.1),R,G001,AFXRA,CI_USD,SHRO_PT,Q,2024-Q3,57.8441505432129,0,,,,USD,,,SHRO,PT,O,,
dataflow,IMF.STA:COFER(7.0.1),R,G001,AFXRA,CI_USD,SHRO_PT,Q,2024-Q4,58.4082374572754,0,,,,USD,,,SHRO,PT,O,,
dataflow,IMF.STA:COFER(7.0.1),R,G001,AFXRA,CI_USD,SHRO_PT,Q,2025-Q1,58.3839225769043,0,,,,USD,,,SHRO,PT,O,,
dataflow,IMF.STA:COFER(7.0.1),R,G001,AFXRA,CI_USD,SHRO_PT,Q,2025-Q2,56.9427337646484,0,,,,USD,,,SHRO,PT,O,,
dataflow,IMF.STA:COFER(7.0.1),R,G001,AFXRA,CI_USD,SHRO_PT,Q,2025-Q3,56.6023254394531,0,,,,USD,,,SHRO,PT,O,,
dataflow,IMF.STA:COFER(7.0.1),R,G001,AFXRA,CI_USD,SHRO_PT,Q,2025-Q4,56.4172706604004,0,,,,USD,,,SHRO,PT,O,,
dataflow,IMF.STA:COFER(7.0.1),R,G001,AFXRA,CI_USD,SHRO_PT,Q,2026-Q1,57.130786895752,0,,,,USD,,,SHRO,PT,O,,
dataflow,IMF.STA:COFER(7.0.1),R,G001,TFXRA,CI_T,NV_USD,A,1995,1389816593261.46,6,,,,_T,CO,NV,,USD,O,OL,
dataflow,IMF.STA:COFER(7.0.1),R,G001,TFXRA,CI_T,NV_USD,A,1996,1566272416475.79,6,,,,_T,CO,NV,,USD,O,OL,
dataflow,IMF.STA:COFER(7.0.1),R,G001,TFXRA,CI_T,NV_USD,A,1997,1616244226734.89,6,,,,_T,CO,NV,,USD,O,OL,
dataflow,IMF.STA:COFER(7.0.1),R,G001,TFXRA,CI_T,NV_USD,A,1998,1643823750931.14,6,,,,_T,CO,NV,,USD,O,OL,
dataflow,IMF.STA:COFER(7.0.1),R,G001,TFXRA,CI_T,NV_USD,A,1999,1782706106014.75,6,,,,_T,CO,NV,,USD,O,OL,
dataflow,IMF.STA:COFER(7.0.1),R,G001,TFXRA,CI_T,NV_USD,A,2000,1932582318040.66,6,,,,_T,CO,NV,,USD,O,OL,
dataflow,IMF.STA:COFER(7.0.1),R,G001,TFXRA,CI_T,NV_USD,A,2001,2060792080973.05,6,,,,_T,CO,NV,,USD,O,OL,
dataflow,IMF.STA:COFER(7.0.1),R,G001,TFXRA,CI_T,NV_USD,A,2002,2421977719805.11,6,,,,_T,CO,NV,,USD,O,OL,
dataflow,IMF.STA:COFER(7.0.1),R,G001,TFXRA,CI_T,NV_USD,A,2003,3040860367822.61,6,,,,_T,CO,NV,,USD,O,OL,
dataflow,IMF.STA:COFER(7.0.1),R,G001,TFXRA,CI_T,NV_USD,A,2004,3773940305814.15,6,,,,_T,CO,NV,,USD,O,OL,
dataflow,IMF.STA:COFER(7.0.1),R,G001,TFXRA,CI_T,NV_USD,A,2005,4360322232491.98,6,,,,_T,CO,NV,,USD,O,OL,
dataflow,IMF.STA:COFER(7.0.1),R,G001,TFXRA,CI_T,NV_USD,A,2006,5294854141560.56,6,,,,_T,CO,NV,,USD,O,OL,
dataflow,IMF.STA:COFER(7.0.1),R,G001,TFXRA,CI_T,NV_USD,A,2007,6710153355703.79,6,,,,_T,CO,NV,,USD,O,OL,
dataflow,IMF.STA:COFER(7.0.1),R,G001,TFXRA,CI_T,NV_USD,A,2008,7353673489223.45,6,,,,_T,CO,NV,,USD,O,OL,
dataflow,IMF.STA:COFER(7.0.1),R,G001,TFXRA,CI_T,NV_USD,A,2009,8176654590256.79,6,,,,_T,CO,NV,,USD,O,OL,
dataflow,IMF.STA:COFER(7.0.1),R,G001,TFXRA,CI_T,NV_USD,A,2010,9281706343957.85,6,,,,_T,CO,NV,,USD,O,OL,
dataflow,IMF.STA:COFER(7.0.1),R,G001,TFXRA,CI_T,NV_USD,A,2011,10226805987096,6,,,,_T,CO,NV,,USD,O,OL,
dataflow,IMF.STA:COFER(7.0.1),R,G001,TFXRA,CI_T,NV_USD,A,2012,10964218022109.8,6,,,,_T,CO,NV,,USD,O,OL,
dataflow,IMF.STA:COFER(7.0.1),R,G001,TFXRA,CI_T,NV_USD,A,2013,11702143754345.8,6,,,,_T,CO,NV,,USD,O,OL,
dataflow,IMF.STA:COFER(7.0.1),R,G001,TFXRA,CI_T,NV_USD,A,2014,11601053534705.4,6,,,,_T,CO,NV,,USD,O,OL,
dataflow,IMF.STA:COFER(7.0.1),R,G001,TFXRA,CI_T,NV_USD,A,2015,10924200946140,6,,,,_T,CO,NV,,USD,O,OL,
dataflow,IMF.STA:COFER(7.0.1),R,G001,TFXRA,CI_T,NV_USD,A,2016,10717348110240,6,,,,_T,CO,NV,,USD,O,OL,
dataflow,IMF.STA:COFER(7.0.1),R,G001,TFXRA,CI_T,NV_USD,A,2017,11442683613800,6,,,,_T,CO,NV,,USD,O,OL,
dataflow,IMF.STA:COFER(7.0.1),R,G001,TFXRA,CI_T,NV_USD,A,2018,11422259302156.7,6,,,,_T,CO,NV,,USD,O,OL,
dataflow,IMF.STA:COFER(7.0.1),R,G001,TFXRA,CI_T,NV_USD,A,2019,11815394974185.6,6,,,,_T,CO,NV,,USD,O,OL,
dataflow,IMF.STA:COFER(7.0.1),R,G001,TFXRA,CI_T,NV_USD,A,2020,12693932957444.1,6,,,,_T,CO,NV,,USD,O,OL,
dataflow,IMF.STA:COFER(7.0.1),R,G001,TFXRA,CI_T,NV_USD,A,2021,12914127618191.2,6,,,,_T,CO,NV,,USD,O,OL,
dataflow,IMF.STA:COFER(7.0.1),R,G001,TFXRA,CI_T,NV_USD,A,2022,11884460095608.2,6,,,,_T,CO,NV,,USD,O,OL,
dataflow,IMF.STA:COFER(7.0.1),R,G001,TFXRA,CI_T,NV_USD,A,2023,12315031040251.1,6,,,,_T,CO,NV,,USD,O,OL,
dataflow,IMF.STA:COFER(7.0.1),R,G001,TFXRA,CI_T,NV_USD,A,2024,12330174088808.9,6,,,,_T,CO,NV,,USD,O,OL,
dataflow,IMF.STA:COFER(7.0.1),R,G001,TFXRA,CI_T,NV_USD,A,2025,13146663077686.2,6,,,,_T,CO,NV,,USD,O,OL,
dataflow,IMF.STA:COFER(7.0.1),R,G001,TFXRA,CI_T,NV_USD,Q,1999-Q1,1605915821770.76,6,,,,_T,CO,NV,,USD,O,OL,
dataflow,IMF.STA:COFER(7.0.1),R,G001,TFXRA,CI_T,NV_USD,Q,1999-Q2,1646732642027.35,6,,,,_T,CO,NV,,USD,O,OL,
dataflow,IMF.STA:COFER(7.0.1),R,G001,TFXRA,CI_T,NV_USD,Q,1999-Q3,1714089237837.56,6,,,,_T,CO,NV,,USD,O,OL,
dataflow,IMF.STA:COFER(7.0.1),R,G001,TFXRA,CI_T,NV_USD,Q,1999-Q4,1782706106014.75,6,,,,_T,CO,NV,,USD,O,OL,
dataflow,IMF.STA:COFER(7.0.1),R,G001,TFXRA,CI_T,NV_USD,Q,2000-Q1,1801887910799.35,6,,,,_T,CO,NV,,USD,O,OL,
dataflow,IMF.STA:COFER(7.0.1),R,G001,TFXRA,CI_T,NV_USD,Q,2000-Q2,1845601279463.39,6,,,,_T,CO,NV,,USD,O,OL,
dataflow,IMF.STA:COFER(7.0.1),R,G001,TFXRA,CI_T,NV_USD,Q,2000-Q3,1868991407264.41,6,,,,_T,CO,NV,,USD,O,OL,
dataflow,IMF.STA:COFER(7.0.1),R,G001,TFXRA,CI_T,NV_USD,Q,2000-Q4,1932582318040.66,6,,,,_T,CO,NV,,USD,O,OL,
dataflow,IMF.STA:COFER(7.0.1),R,G001,TFXRA,CI_T,NV_USD,Q,2001-Q1,1934388566746.93,6,,,,_T,CO,NV,,USD,O,OL,
dataflow,IMF.STA:COFER(7.0.1),R,G001,TFXRA,CI_T,NV_USD,Q,2001-Q2,1943910163139.88,6,,,,_T,CO,NV,,USD,O,OL,
dataflow,IMF.STA:COFER(7.0.1),R,G001,TFXRA,CI_T,NV_USD,Q,2001-Q3,2040668039065.91,6,,,,_T,CO,NV,,USD,O,OL,
dataflow,IMF.STA:COFER(7.0.1),R,G001,TFXRA,CI_T,NV_USD,Q,2001-Q4,2060792080973.05,6,,,,_T,CO,NV,,USD,O,OL,
dataflow,IMF.STA:COFER(7.0.1),R,G001,TFXRA,CI_T,NV_USD,Q,2002-Q1,2093881023788.31,6,,,,_T,CO,NV,,USD,O,OL,
dataflow,IMF.STA:COFER(7.0.1),R,G001,TFXRA,CI_T,NV_USD,Q,2002-Q2,2249838155510.38,6,,,,_T,CO,NV,,USD,O,OL,
dataflow,IMF.STA:COFER(7.0.1),R,G001,TFXRA,CI_T,NV_USD,Q,2002-Q3,2322797248872.17,6,,,,_T,CO,NV,,USD,O,OL,
dataflow,IMF.STA:COFER(7.0.1),R,G001,TFXRA,CI_T,NV_USD,Q,2002-Q4,2421977719805.11,6,,,,_T,CO,NV,,USD,O,OL,
dataflow,IMF.STA:COFER(7.0.1),R,G001,TFXRA,CI_T,NV_USD,Q,2003-Q1,2519103187340.6,6,,,,_T,CO,NV,,USD,O,OL,
dataflow,IMF.STA:COFER(7.0.1),R,G001,TFXRA,CI_T,NV_USD,Q,2003-Q2,2685175841376.2,6,,,,_T,CO,NV,,USD,O,OL,
dataflow,IMF.STA:COFER(7.0.1),R,G001,TFXRA,CI_T,NV_USD,Q,2003-Q3,2848893854237.3,6,,,,_T,CO,NV,,USD,O,OL,
dataflow,IMF.STA:COFER(7.0.1),R,G001,TFXRA,CI_T,NV_USD,Q,2003-Q4,3040860367822.61,6,,,,_T,CO,NV,,USD,O,OL,
dataflow,IMF.STA:COFER(7.0.1),R,G001,TFXRA,CI_T,NV_USD,Q,2004-Q1,3317190855976.73,6,,,,_T,CO,NV,,USD,O,OL,
dataflow,IMF.STA:COFER(7.0.1),R,G001,TFXRA,CI_T,NV_USD,Q,2004-Q2,3362700696344.03,6,,,,_T,CO,NV,,USD,O,OL,
dataflow,IMF.STA:COFER(7.0.1),R,G001,TFXRA,CI_T,NV_USD,Q,2004-Q3,3465334949836.79,6,,,,_T,CO,NV,,USD,O,OL,
dataflow,IMF.STA:COFER(7.0.1),R,G001,TFXRA,CI_T,NV_USD,Q,2004-Q4,3773940305814.15,6,,,,_T,CO,NV,,USD,O,OL,
dataflow,IMF.STA:COFER(7.0.1),R,G001,TFXRA,CI_T,NV_USD,Q,2005-Q1,3964393798226.48,6,,,,_T,CO,NV,,USD,O,OL,
dataflow,IMF.STA:COFER(7.0.1),R,G001,TFXRA,CI_T,NV_USD,Q,2005-Q2,4070707810738.81,6,,,,_T,CO,NV,,USD,O,OL,
dataflow,IMF.STA:COFER(7.0.1),R,G001,TFXRA,CI_T,NV_USD,Q,2005-Q3,4197345217092.65,6,,,,_T,CO,NV,,USD,O,OL,
dataflow,IMF.STA:COFER(7.0.1),R,G001,TFXRA,CI_T,NV_USD,Q,2005-Q4,4360322232491.98,6,,,,_T,CO,NV,,USD,O,OL,
dataflow,IMF.STA:COFER(7.0.1),R,G001,TFXRA,CI_T,NV_USD,Q,2006-Q1,4566734722089.28,6,,,,_T,CO,NV,,USD,O,OL,
dataflow,IMF.STA:COFER(7.0.1),R,G001,TFXRA,CI_T,NV_USD,Q,2006-Q2,4802192049069.9,6,,,,_T,CO,NV,,USD,O,OL,
dataflow,IMF.STA:COFER(7.0.1),R,G001,TFXRA,CI_T,NV_USD,Q,2006-Q3,4993882063586.48,6,,,,_T,CO,NV,,USD,O,OL,
dataflow,IMF.STA:COFER(7.0.1),R,G001,TFXRA,CI_T,NV_USD,Q,2006-Q4,5294854141560.56,6,,,,_T,CO,NV,,USD,O,OL,
dataflow,IMF.STA:COFER(7.0.1),R,G001,TFXRA,CI_T,NV_USD,Q,2007-Q1,5632185754773.19,6,,,,_T,CO,NV,,USD,O,OL,
dataflow,IMF.STA:COFER(7.0.1),R,G001,TFXRA,CI_T,NV_USD,Q,2007-Q2,5963172125555.54,6,,,,_T,CO,NV,,USD,O,OL,
dataflow,IMF.STA:COFER(7.0.1),R,G001,TFXRA,CI_T,NV_USD,Q,2007-Q3,6303045757974.46,6,,,,_T,CO,NV,,USD,O,OL,
dataflow,IMF.STA:COFER(7.0.1),R,G001,TFXRA,CI_T,NV_USD,Q,2007-Q4,6710153355703.79,6,,,,_T,CO,NV,,USD,O,OL,
dataflow,IMF.STA:COFER(7.0.1),R,G001,TFXRA,CI_T,NV_USD,Q,2008-Q1,7247859475879.88,6,,,,_T,CO,NV,,USD,O,OL,
dataflow,IMF.STA:COFER(7.0.1),R,G001,TFXRA,CI_T,NV_USD,Q,2008-Q2,7466385883495.53,6,,,,_T,CO,NV,,USD,O,OL,
dataflow,IMF.STA:COFER(7.0.1),R,G001,TFXRA,CI_T,NV_USD,Q,2008-Q3,7504584042928.28,6,,,,_T,CO,NV,,USD,O,OL,
dataflow,IMF.STA:COFER(7.0.1),R,G001,TFXRA,CI_T,NV_USD,Q,2008-Q4,7353673489223.45,6,,,,_T,CO,NV,,USD,O,OL,
dataflow,IMF.STA:COFER(7.0.1),R,G001,TFXRA,CI_T,NV_USD,Q,2009-Q1,7173511244107.19,6,,,,_T,CO,NV,,USD,O,OL,
dataflow,IMF.STA:COFER(7.0.1),R,G001,TFXRA,CI_T,NV_USD,Q,2009-Q2,7573512428834.12,6,,,,_T,CO,NV,,USD,O,OL,
dataflow,IMF.STA:COFER(7.0.1),R,G001,TFXRA,CI_T,NV_USD,Q,2009-Q3,7887791495754.38,6,,,,_T,CO,NV,,USD,O,OL,
dataflow,IMF.STA:COFER(7.0.1),R,G001,TFXRA,CI_T,NV_USD,Q,2009-Q4,8176654590256.79,6,,,,_T,CO,NV,,USD,O,OL,
dataflow,IMF.STA:COFER(7.0.1),R,G001,TFXRA,CI_T,NV_USD,Q,2010-Q1,8309173694357.68,6,,,,_T,CO,NV,,USD,O,OL,
dataflow,IMF.STA:COFER(7.0.1),R,G001,TFXRA,CI_T,NV_USD,Q,2010-Q2,8441544166531.66,6,,,,_T,CO,NV,,USD,O,OL,
dataflow,IMF.STA:COFER(7.0.1),R,G001,TFXRA,CI_T,NV_USD,Q,2010-Q3,9007929135948.47,6,,,,_T,CO,NV,,USD,O,OL,
dataflow,IMF.STA:COFER(7.0.1),R,G001,TFXRA,CI_T,NV_USD,Q,2010-Q4,9281706343957.85,6,,,,_T,CO,NV,,USD,O,OL,
dataflow,IMF.STA:COFER(7.0.1),R,G001,TFXRA,CI_T,NV_USD,Q,2011-Q1,9708701409744.23,6,,,,_T,CO,NV,,USD,O,OL,
dataflow,IMF.STA:COFER(7.0.1),R,G001,TFXRA,CI_T,NV_USD,Q,2011-Q2,10096341795509,6,,,,_T,CO,NV,,USD,O,OL,
dataflow,IMF.STA:COFER(7.0.1),R,G001,TFXRA,CI_T,NV_USD,Q,2011-Q3,10191779780779.2,6,,,,_T,CO,NV,,USD,O,OL,
dataflow,IMF.STA:COFER(7.0.1),R,G001,TFXRA,CI_T,NV_USD,Q,2011-Q4,10226805987096,6,,,,_T,CO,NV,,USD,O,OL,
dataflow,IMF.STA:COFER(7.0.1),R,G001,TFXRA,CI_T,NV_USD,Q,2012-Q1,10453813597268.1,6,,,,_T,CO,NV,,USD,O,OL,
dataflow,IMF.STA:COFER(7.0.1),R,G001,TFXRA,CI_T,NV_USD,Q,2012-Q2,10548130214448.6,6,,,,_T,CO,NV,,USD,O,OL,
dataflow,IMF.STA:COFER(7.0.1),R,G001,TFXRA,CI_T,NV_USD,Q,2012-Q3,10806938039694.5,6,,,,_T,CO,NV,,USD,O,OL,
dataflow,IMF.STA:COFER(7.0.1),R,G001,TFXRA,CI_T,NV_USD,Q,2012-Q4,10964218022109.8,6,,,,_T,CO,NV,,USD,O,OL,
dataflow,IMF.STA:COFER(7.0.1),R,G001,TFXRA,CI_T,NV_USD,Q,2013-Q1,11103464083938.3,6,,,,_T,CO,NV,,USD,O,OL,
dataflow,IMF.STA:COFER(7.0.1),R,G001,TFXRA,CI_T,NV_USD,Q,2013-Q2,11150479157798.1,6,,,,_T,CO,NV,,USD,O,OL,
dataflow,IMF.STA:COFER(7.0.1),R,G001,TFXRA,CI_T,NV_USD,Q,2013-Q3,11459672089423.8,6,,,,_T,CO,NV,,USD,O,OL,
dataflow,IMF.STA:COFER(7.0.1),R,G001,TFXRA,CI_T,NV_USD,Q,2013-Q4,11702143754345.8,6,,,,_T,CO,NV,,USD,O,OL,
dataflow,IMF.STA:COFER(7.0.1),R,G001,TFXRA,CI_T,NV_USD,Q,2014-Q1,11852939229648.4,6,,,,_T,CO,NV,,USD,O,OL,
dataflow,IMF.STA:COFER(7.0.1),R,G001,TFXRA,CI_T,NV_USD,Q,2014-Q2,12004774484706.4,6,,,,_T,CO,NV,,USD,O,OL,
dataflow,IMF.STA:COFER(7.0.1),R,G001,TFXRA,CI_T,NV_USD,Q,2014-Q3,11769676370813.2,6,,,,_T,CO,NV,,USD,O,OL,
dataflow,IMF.STA:COFER(7.0.1),R,G001,TFXRA,CI_T,NV_USD,Q,2014-Q4,11601053534705.4,6,,,,_T,CO,NV,,USD,O,OL,
dataflow,IMF.STA:COFER(7.0.1),R,G001,TFXRA,CI_T,NV_USD,Q,2015-Q1,11438732026109.8,6,,,,_T,CO,NV,,USD,O,OL,
dataflow,IMF.STA:COFER(7.0.1),R,G001,TFXRA,CI_T,NV_USD,Q,2015-Q2,11459667741520,6,,,,_T,CO,NV,,USD,O,OL,
dataflow,IMF.STA:COFER(7.0.1),R,G001,TFXRA,CI_T,NV_USD,Q,2015-Q3,11182913477870,6,,,,_T,CO,NV,,USD,O,OL,
dataflow,IMF.STA:COFER(7.0.1),R,G001,TFXRA,CI_T,NV_USD,Q,2015-Q4,10924200946140,6,,,,_T,CO,NV,,USD,O,OL,
dataflow,IMF.STA:COFER(7.0.1),R,G001,TFXRA,CI_T,NV_USD,Q,2016-Q1,10924505122750,6,,,,_T,CO,NV,,USD,O,OL,
dataflow,IMF.STA:COFER(7.0.1),R,G001,TFXRA,CI_T,NV_USD,Q,2016-Q2,10963893636440,6,,,,_T,CO,NV,,USD,O,OL,
dataflow,IMF.STA:COFER(7.0.1),R,G001,TFXRA,CI_T,NV_USD,Q,2016-Q3,10990998834930,6,,,,_T,CO,NV,,USD,O,OL,
dataflow,IMF.STA:COFER(7.0.1),R,G001,TFXRA,CI_T,NV_USD,Q,2016-Q4,10717348110240,6,,,,_T,CO,NV,,USD,O,OL,
dataflow,IMF.STA:COFER(7.0.1),R,G001,TFXRA,CI_T,NV_USD,Q,2017-Q1,10899687980180,6,,,,_T,CO,NV,,USD,O,OL,
dataflow,IMF.STA:COFER(7.0.1),R,G001,TFXRA,CI_T,NV_USD,Q,2017-Q2,11117111160760,6,,,,_T,CO,NV,,USD,O,OL,
dataflow,IMF.STA:COFER(7.0.1),R,G001,TFXRA,CI_T,NV_USD,Q,2017-Q3,11292130096110,6,,,,_T,CO,NV,,USD,O,OL,
dataflow,IMF.STA:COFER(7.0.1),R,G001,TFXRA,CI_T,NV_USD,Q,2017-Q4,11442683613800,6,,,,_T,CO,NV,,USD,O,OL,
dataflow,IMF.STA:COFER(7.0.1),R,G001,TFXRA,CI_T,NV_USD,Q,2018-Q1,11603763275650,6,,,,_T,CO,NV,,USD,O,OL,
dataflow,IMF.STA:COFER(7.0.1),R,G001,TFXRA,CI_T,NV_USD,Q,2018-Q2,11461771468870,6,,,,_T,CO,NV,,USD,O,OL,
dataflow,IMF.STA:COFER(7.0.1),R,G001,TFXRA,CI_T,NV_USD,Q,2018-Q3,11398120386006.2,6,,,,_T,CO,NV,,USD,O,OL,
dataflow,IMF.STA:COFER(7.0.1),R,G001,TFXRA,CI_T,NV_USD,Q,2018-Q4,11422259302156.7,6,,,,_T,CO,NV,,USD,O,OL,
dataflow,IMF.STA:COFER(7.0.1),R,G001,TFXRA,CI_T,NV_USD,Q,2019-Q1,11602087898186.9,6,,,,_T,CO,NV,,USD,O,OL,
dataflow,IMF.STA:COFER(7.0.1),R,G001,TFXRA,CI_T,NV_USD,Q,2019-Q2,11729931171557.1,6,,,,_T,CO,NV,,USD,O,OL,
dataflow,IMF.STA:COFER(7.0.1),R,G001,TFXRA,CI_T,NV_USD,Q,2019-Q3,11644413585876.9,6,,,,_T,CO,NV,,USD,O,OL,
dataflow,IMF.STA:COFER(7.0.1),R,G001,TFXRA,CI_T,NV_USD,Q,2019-Q4,11815394974185.6,6,,,,_T,CO,NV,,USD,O,OL,
dataflow,IMF.STA:COFER(7.0.1),R,G001,TFXRA,CI_T,NV_USD,Q,2020-Q1,11687656848405.6,6,,,,_T,CO,NV,,USD,O,OL,
dataflow,IMF.STA:COFER(7.0.1),R,G001,TFXRA,CI_T,NV_USD,Q,2020-Q2,12017505850514,6,,,,_T,CO,NV,,USD,O,OL,
dataflow,IMF.STA:COFER(7.0.1),R,G001,TFXRA,CI_T,NV_USD,Q,2020-Q3,12243932619075.2,6,,,,_T,CO,NV,,USD,O,OL,
dataflow,IMF.STA:COFER(7.0.1),R,G001,TFXRA,CI_T,NV_USD,Q,2020-Q4,12693932957444.1,6,,,,_T,CO,NV,,USD,O,OL,
dataflow,IMF.STA:COFER(7.0.1),R,G001,TFXRA,CI_T,NV_USD,Q,2021-Q1,12569683353213.4,6,,,,_T,CO,NV,,USD,O,OL,
dataflow,IMF.STA:COFER(7.0.1),R,G001,TFXRA,CI_T,NV_USD,Q,2021-Q2,12796902136751.4,6,,,,_T,CO,NV,,USD,O,OL,
dataflow,IMF.STA:COFER(7.0.1),R,G001,TFXRA,CI_T,NV_USD,Q,2021-Q3,12822869555914.2,6,,,,_T,CO,NV,,USD,O,OL,
dataflow,IMF.STA:COFER(7.0.1),R,G001,TFXRA,CI_T,NV_USD,Q,2021-Q4,12914127618191.2,6,,,,_T,CO,NV,,USD,O,OL,
dataflow,IMF.STA:COFER(7.0.1),R,G001,TFXRA,CI_T,NV_USD,Q,2022-Q1,12510609114106.9,6,,,,_T,CO,NV,,USD,O,OL,
dataflow,IMF.STA:COFER(7.0.1),R,G001,TFXRA,CI_T,NV_USD,Q,2022-Q2,11975111980171.4,6,,,,_T,CO,NV,,USD,O,OL,
dataflow,IMF.STA:COFER(7.0.1),R,G001,TFXRA,CI_T,NV_USD,Q,2022-Q3,11514021184924.3,6,,,,_T,CO,NV,,USD,O,OL,
dataflow,IMF.STA:COFER(7.0.1),R,G001,TFXRA,CI_T,NV_USD,Q,2022-Q4,11884460095608.2,6,,,,_T,CO,NV,,USD,O,OL,
dataflow,IMF.STA:COFER(7.0.1),R,G001,TFXRA,CI_T,NV_USD,Q,2023-Q1,12000941803350.4,6,,,,_T,CO,NV,,USD,O,OL,
dataflow,IMF.STA:COFER(7.0.1),R,G001,TFXRA,CI_T,NV_USD,Q,2023-Q2,12028372412729.8,6,,,,_T,CO,NV,,USD,O,OL,
dataflow,IMF.STA:COFER(7.0.1),R,G001,TFXRA,CI_T,NV_USD,Q,2023-Q3,11819888460196,6,,,,_T,CO,NV,,USD,O,OL,
dataflow,IMF.STA:COFER(7.0.1),R,G001,TFXRA,CI_T,NV_USD,Q,2023-Q4,12315031040251.1,6,,,,_T,CO,NV,,USD,O,OL,
dataflow,IMF.STA:COFER(7.0.1),R,G001,TFXRA,CI_T,NV_USD,Q,2024-Q1,12349669922393.4,6,,,,_T,CO,NV,,USD,O,OL,
dataflow,IMF.STA:COFER(7.0.1),R,G001,TFXRA,CI_T,NV_USD,Q,2024-Q2,12314931094536.4,6,,,,_T,CO,NV,,USD,O,OL,
dataflow,IMF.STA:COFER(7.0.1),R,G001,TFXRA,CI_T,NV_USD,Q,2024-Q3,12726944920281.4,6,,,,_T,CO,NV,,USD,O,OL,
dataflow,IMF.STA:COFER(7.0.1),R,G001,TFXRA,CI_T,NV_USD,Q,2024-Q4,12330174088808.9,6,,,,_T,CO,NV,,USD,O,OL,
dataflow,IMF.STA:COFER(7.0.1),R,G001,TFXRA,CI_T,NV_USD,Q,2025-Q1,12500391229250.5,6,,,,_T,CO,NV,,USD,O,OL,
dataflow,IMF.STA:COFER(7.0.1),R,G001,TFXRA,CI_T,NV_USD,Q,2025-Q2,12941046689251.2,6,,,,_T,CO,NV,,USD,O,OL,
dataflow,IMF.STA:COFER(7.0.1),R,G001,TFXRA,CI_T,NV_USD,Q,2025-Q3,13033958726395.8,6,,,,_T,CO,NV,,USD,O,OL,
dataflow,IMF.STA:COFER(7.0.1),R,G001,TFXRA,CI_T,NV_USD,Q,2025-Q4,13146663077686.2,6,,,,_T,CO,NV,,USD,O,OL,
dataflow,IMF.STA:COFER(7.0.1),R,G001,TFXRA,CI_T,NV_USD,Q,2026-Q1,13104898337195.7,6,,,,_T,CO,NV,,USD,O,OL,
dataflow,IMF.STA:COFER(7.0.1),R,G001,TFXRA_IMP,CI_T,SHRO_PT,A,2025,10.49,0,,,,_T,,,SHRO,PT,SC,,
dataflow,IMF.STA:COFER(7.0.1),R,G001,TFXRA_IMP,CI_T,SHRO_PT,Q,2025-Q3,9.99,0,,,,_T,,,SHRO,PT,SC,,
dataflow,IMF.STA:COFER(7.0.1),R,G001,TFXRA_IMP,CI_T,SHRO_PT,Q,2025-Q4,10.49,0,,,,_T,,,SHRO,PT,SC,,
dataflow,IMF.STA:COFER(7.0.1),R,G001,TFXRA_IMP,CI_T,SHRO_PT,Q,2026-Q1,10.65,0,,,,_T,,,SHRO,PT,SC,,
dataflow,IMF.STA:COFER(7.0.1),R,G001,UFXRA,CI_T,NV_USD,A,1995,354645616889.462,6,,,,_T,CO,NV,,USD,O,,
dataflow,IMF.STA:COFER(7.0.1),R,G001,UFXRA,CI_T,NV_USD,A,1996,340069300575.789,6,,,,_T,CO,NV,,USD,O,,
dataflow,IMF.STA:COFER(7.0.1),R,G001,UFXRA,CI_T,NV_USD,A,1997,342967748534.886,6,,,,_T,CO,NV,,USD,O,,
dataflow,IMF.STA:COFER(7.0.1),R,G001,UFXRA,CI_T,NV_USD,A,1998,361036853704.675,6,,,,_T,CO,NV,,USD,O,,
dataflow,IMF.STA:COFER(7.0.1),R,G001,UFXRA,CI_T,NV_USD,A,1999,403001172351.545,6,,,,_T,CO,NV,,USD,O,,
dataflow,IMF.STA:COFER(7.0.1),R,G001,UFXRA,CI_T,NV_USD,A,2000,0,6,,,,_T,CO,NV,,USD,O,,
dataflow,IMF.STA:COFER(7.0.1),R,G001,UFXRA,CI_T,NV_USD,A,2001,0,6,,,,_T,CO,NV,,USD,O,,
dataflow,IMF.STA:COFER(7.0.1),R,G001,UFXRA,CI_T,NV_USD,A,2002,0,6,,,,_T,CO,NV,,USD,O,,
dataflow,IMF.STA:COFER(7.0.1),R,G001,UFXRA,CI_T,NV_USD,A,2003,0,6,,,,_T,CO,NV,,USD,O,,
dataflow,IMF.STA:COFER(7.0.1),R,G001,UFXRA,CI_T,NV_USD,A,2004,0,6,,,,_T,CO,NV,,USD,O,,
dataflow,IMF.STA:COFER(7.0.1),R,G001,UFXRA,CI_T,NV_USD,A,2005,0,6,,,,_T,CO,NV,,USD,O,,
dataflow,IMF.STA:COFER(7.0.1),R,G001,UFXRA,CI_T,NV_USD,A,2006,0,6,,,,_T,CO,NV,,USD,O,,
dataflow,IMF.STA:COFER(7.0.1),R,G001,UFXRA,CI_T,NV_USD,A,2007,0,6,,,,_T,CO,NV,,USD,O,,
dataflow,IMF.STA:COFER(7.0.1),R,G001,UFXRA,CI_T,NV_USD,A,2008,0,6,,,,_T,CO,NV,,USD,O,,
dataflow,IMF.STA:COFER(7.0.1),R,G001,UFXRA,CI_T,NV_USD,A,2009,0,6,,,,_T,CO,NV,,USD,O,,
dataflow,IMF.STA:COFER(7.0.1),R,G001,UFXRA,CI_T,NV_USD,A,2010,0,6,,,,_T,CO,NV,,USD,O,,
dataflow,IMF.STA:COFER(7.0.1),R,G001,UFXRA,CI_T,NV_USD,A,2011,0,6,,,,_T,CO,NV,,USD,O,,
dataflow,IMF.STA:COFER(7.0.1),R,G001,UFXRA,CI_T,NV_USD,A,2012,0,6,,,,_T,CO,NV,,USD,O,,
dataflow,IMF.STA:COFER(7.0.1),R,G001,UFXRA,CI_T,NV_USD,A,2013,0,6,,,,_T,CO,NV,,USD,O,,
dataflow,IMF.STA:COFER(7.0.1),R,G001,UFXRA,CI_T,NV_USD,A,2014,0,6,,,,_T,CO,NV,,USD,O,,
dataflow,IMF.STA:COFER(7.0.1),R,G001,UFXRA,CI_T,NV_USD,A,2015,0,6,,,,_T,CO,NV,,USD,O,,
dataflow,IMF.STA:COFER(7.0.1),R,G001,UFXRA,CI_T,NV_USD,A,2016,0,6,,,,_T,CO,NV,,USD,O,,
dataflow,IMF.STA:COFER(7.0.1),R,G001,UFXRA,CI_T,NV_USD,A,2017,0,6,,,,_T,CO,NV,,USD,O,,
dataflow,IMF.STA:COFER(7.0.1),R,G001,UFXRA,CI_T,NV_USD,A,2018,0,6,,,,_T,CO,NV,,USD,O,,
dataflow,IMF.STA:COFER(7.0.1),R,G001,UFXRA,CI_T,NV_USD,A,2019,0,6,,,,_T,CO,NV,,USD,O,,
dataflow,IMF.STA:COFER(7.0.1),R,G001,UFXRA,CI_T,NV_USD,A,2020,0,6,,,,_T,CO,NV,,USD,O,,
dataflow,IMF.STA:COFER(7.0.1),R,G001,UFXRA,CI_T,NV_USD,A,2021,0,6,,,,_T,CO,NV,,USD,O,,
dataflow,IMF.STA:COFER(7.0.1),R,G001,UFXRA,CI_T,NV_USD,A,2022,0,6,,,,_T,CO,NV,,USD,O,,
dataflow,IMF.STA:COFER(7.0.1),R,G001,UFXRA,CI_T,NV_USD,A,2023,0,6,,,,_T,CO,NV,,USD,O,,
dataflow,IMF.STA:COFER(7.0.1),R,G001,UFXRA,CI_T,NV_USD,A,2024,0,6,,,,_T,CO,NV,,USD,O,,
dataflow,IMF.STA:COFER(7.0.1),R,G001,UFXRA,CI_T,NV_USD,A,2025,0,6,,,,_T,CO,NV,,USD,O,,
dataflow,IMF.STA:COFER(7.0.1),R,G001,UFXRA,CI_T,NV_USD,Q,1999-Q1,366501397136.527,6,,,,_T,CO,NV,,USD,O,,
dataflow,IMF.STA:COFER(7.0.1),R,G001,UFXRA,CI_T,NV_USD,Q,1999-Q2,373008880239.885,6,,,,_T,CO,NV,,USD,O,,
dataflow,IMF.STA:COFER(7.0.1),R,G001,UFXRA,CI_T,NV_USD,Q,1999-Q3,389844737454.783,6,,,,_T,CO,NV,,USD,O,,
dataflow,IMF.STA:COFER(7.0.1),R,G001,UFXRA,CI_T,NV_USD,Q,1999-Q4,403001172351.545,6,,,,_T,CO,NV,,USD,O,,
dataflow,IMF.STA:COFER(7.0.1),R,G001,UFXRA,CI_T,NV_USD,Q,2000-Q1,0,6,,,,_T,CO,NV,,USD,O,,
dataflow,IMF.STA:COFER(7.0.1),R,G001,UFXRA,CI_T,NV_USD,Q,2000-Q2,0,6,,,,_T,CO,NV,,USD,O,,
dataflow,IMF.STA:COFER(7.0.1),R,G001,UFXRA,CI_T,NV_USD,Q,2000-Q3,0,6,,,,_T,CO,NV,,USD,O,,
dataflow,IMF.STA:COFER(7.0.1),R,G001,UFXRA,CI_T,NV_USD,Q,2000-Q4,0,6,,,,_T,CO,NV,,USD,O,,
dataflow,IMF.STA:COFER(7.0.1),R,G001,UFXRA,CI_T,NV_USD,Q,2001-Q1,0,6,,,,_T,CO,NV,,USD,O,,
dataflow,IMF.STA:COFER(7.0.1),R,G001,UFXRA,CI_T,NV_USD,Q,2001-Q2,0,6,,,,_T,CO,NV,,USD,O,,
dataflow,IMF.STA:COFER(7.0.1),R,G001,UFXRA,CI_T,NV_USD,Q,2001-Q3,0,6,,,,_T,CO,NV,,USD,O,,
dataflow,IMF.STA:COFER(7.0.1),R,G001,UFXRA,CI_T,NV_USD,Q,2001-Q4,0,6,,,,_T,CO,NV,,USD,O,,
dataflow,IMF.STA:COFER(7.0.1),R,G001,UFXRA,CI_T,NV_USD,Q,2002-Q1,0,6,,,,_T,CO,NV,,USD,O,,
dataflow,IMF.STA:COFER(7.0.1),R,G001,UFXRA,CI_T,NV_USD,Q,2002-Q2,0,6,,,,_T,CO,NV,,USD,O,,
dataflow,IMF.STA:COFER(7.0.1),R,G001,UFXRA,CI_T,NV_USD,Q,2002-Q3,0,6,,,,_T,CO,NV,,USD,O,,
dataflow,IMF.STA:COFER(7.0.1),R,G001,UFXRA,CI_T,NV_USD,Q,2002-Q4,0,6,,,,_T,CO,NV,,USD,O,,
dataflow,IMF.STA:COFER(7.0.1),R,G001,UFXRA,CI_T,NV_USD,Q,2003-Q1,0,6,,,,_T,CO,NV,,USD,O,,
dataflow,IMF.STA:COFER(7.0.1),R,G001,UFXRA,CI_T,NV_USD,Q,2003-Q2,0,6,,,,_T,CO,NV,,USD,O,,
dataflow,IMF.STA:COFER(7.0.1),R,G001,UFXRA,CI_T,NV_USD,Q,2003-Q3,0,6,,,,_T,CO,NV,,USD,O,,
dataflow,IMF.STA:COFER(7.0.1),R,G001,UFXRA,CI_T,NV_USD,Q,2003-Q4,0,6,,,,_T,CO,NV,,USD,O,,
dataflow,IMF.STA:COFER(7.0.1),R,G001,UFXRA,CI_T,NV_USD,Q,2004-Q1,0,6,,,,_T,CO,NV,,USD,O,,
dataflow,IMF.STA:COFER(7.0.1),R,G001,UFXRA,CI_T,NV_USD,Q,2004-Q2,0,6,,,,_T,CO,NV,,USD,O,,
dataflow,IMF.STA:COFER(7.0.1),R,G001,UFXRA,CI_T,NV_USD,Q,2004-Q3,0,6,,,,_T,CO,NV,,USD,O,,
dataflow,IMF.STA:COFER(7.0.1),R,G001,UFXRA,CI_T,NV_USD,Q,2004-Q4,0,6,,,,_T,CO,NV,,USD,O,,
dataflow,IMF.STA:COFER(7.0.1),R,G001,UFXRA,CI_T,NV_USD,Q,2005-Q1,0,6,,,,_T,CO,NV,,USD,O,,
dataflow,IMF.STA:COFER(7.0.1),R,G001,UFXRA,CI_T,NV_USD,Q,2005-Q2,0,6,,,,_T,CO,NV,,USD,O,,
dataflow,IMF.STA:COFER(7.0.1),R,G001,UFXRA,CI_T,NV_USD,Q,2005-Q3,0,6,,,,_T,CO,NV,,USD,O,,
dataflow,IMF.STA:COFER(7.0.1),R,G001,UFXRA,CI_T,NV_USD,Q,2005-Q4,0,6,,,,_T,CO,NV,,USD,O,,
dataflow,IMF.STA:COFER(7.0.1),R,G001,UFXRA,CI_T,NV_USD,Q,2006-Q1,0,6,,,,_T,CO,NV,,USD,O,,
dataflow,IMF.STA:COFER(7.0.1),R,G001,UFXRA,CI_T,NV_USD,Q,2006-Q2,0,6,,,,_T,CO,NV,,USD,O,,
dataflow,IMF.STA:COFER(7.0.1),R,G001,UFXRA,CI_T,NV_USD,Q,2006-Q3,0,6,,,,_T,CO,NV,,USD,O,,
dataflow,IMF.STA:COFER(7.0.1),R,G001,UFXRA,CI_T,NV_USD,Q,2006-Q4,0,6,,,,_T,CO,NV,,USD,O,,
dataflow,IMF.STA:COFER(7.0.1),R,G001,UFXRA,CI_T,NV_USD,Q,2007-Q1,0,6,,,,_T,CO,NV,,USD,O,,
dataflow,IMF.STA:COFER(7.0.1),R,G001,UFXRA,CI_T,NV_USD,Q,2007-Q2,0,6,,,,_T,CO,NV,,USD,O,,
dataflow,IMF.STA:COFER(7.0.1),R,G001,UFXRA,CI_T,NV_USD,Q,2007-Q3,0,6,,,,_T,CO,NV,,USD,O,,
dataflow,IMF.STA:COFER(7.0.1),R,G001,UFXRA,CI_T,NV_USD,Q,2007-Q4,0,6,,,,_T,CO,NV,,USD,O,,
dataflow,IMF.STA:COFER(7.0.1),R,G001,UFXRA,CI_T,NV_USD,Q,2008-Q1,0,6,,,,_T,CO,NV,,USD,O,,
dataflow,IMF.STA:COFER(7.0.1),R,G001,UFXRA,CI_T,NV_USD,Q,2008-Q2,0,6,,,,_T,CO,NV,,USD,O,,
dataflow,IMF.STA:COFER(7.0.1),R,G001,UFXRA,CI_T,NV_USD,Q,2008-Q3,0,6,,,,_T,CO,NV,,USD,O,,
dataflow,IMF.STA:COFER(7.0.1),R,G001,UFXRA,CI_T,NV_USD,Q,2008-Q4,0,6,,,,_T,CO,NV,,USD,O,,
dataflow,IMF.STA:COFER(7.0.1),R,G001,UFXRA,CI_T,NV_USD,Q,2009-Q1,0,6,,,,_T,CO,NV,,USD,O,,
dataflow,IMF.STA:COFER(7.0.1),R,G001,UFXRA,CI_T,NV_USD,Q,2009-Q2,0,6,,,,_T,CO,NV,,USD,O,,
dataflow,IMF.STA:COFER(7.0.1),R,G001,UFXRA,CI_T,NV_USD,Q,2009-Q3,0,6,,,,_T,CO,NV,,USD,O,,
dataflow,IMF.STA:COFER(7.0.1),R,G001,UFXRA,CI_T,NV_USD,Q,2009-Q4,0,6,,,,_T,CO,NV,,USD,O,,
dataflow,IMF.STA:COFER(7.0.1),R,G001,UFXRA,CI_T,NV_USD,Q,2010-Q1,0,6,,,,_T,CO,NV,,USD,O,,
dataflow,IMF.STA:COFER(7.0.1),R,G001,UFXRA,CI_T,NV_USD,Q,2010-Q2,0,6,,,,_T,CO,NV,,USD,O,,
dataflow,IMF.STA:COFER(7.0.1),R,G001,UFXRA,CI_T,NV_USD,Q,2010-Q3,0,6,,,,_T,CO,NV,,USD,O,,
dataflow,IMF.STA:COFER(7.0.1),R,G001,UFXRA,CI_T,NV_USD,Q,2010-Q4,0,6,,,,_T,CO,NV,,USD,O,,
dataflow,IMF.STA:COFER(7.0.1),R,G001,UFXRA,CI_T,NV_USD,Q,2011-Q1,0,6,,,,_T,CO,NV,,USD,O,,
dataflow,IMF.STA:COFER(7.0.1),R,G001,UFXRA,CI_T,NV_USD,Q,2011-Q2,0,6,,,,_T,CO,NV,,USD,O,,
dataflow,IMF.STA:COFER(7.0.1),R,G001,UFXRA,CI_T,NV_USD,Q,2011-Q3,0,6,,,,_T,CO,NV,,USD,O,,
dataflow,IMF.STA:COFER(7.0.1),R,G001,UFXRA,CI_T,NV_USD,Q,2011-Q4,0,6,,,,_T,CO,NV,,USD,O,,
dataflow,IMF.STA:COFER(7.0.1),R,G001,UFXRA,CI_T,NV_USD,Q,2012-Q1,0,6,,,,_T,CO,NV,,USD,O,,
dataflow,IMF.STA:COFER(7.0.1),R,G001,UFXRA,CI_T,NV_USD,Q,2012-Q2,0,6,,,,_T,CO,NV,,USD,O,,
dataflow,IMF.STA:COFER(7.0.1),R,G001,UFXRA,CI_T,NV_USD,Q,2012-Q3,0,6,,,,_T,CO,NV,,USD,O,,
dataflow,IMF.STA:COFER(7.0.1),R,G001,UFXRA,CI_T,NV_USD,Q,2012-Q4,0,6,,,,_T,CO,NV,,USD,O,,
dataflow,IMF.STA:COFER(7.0.1),R,G001,UFXRA,CI_T,NV_USD,Q,2013-Q1,0,6,,,,_T,CO,NV,,USD,O,,
dataflow,IMF.STA:COFER(7.0.1),R,G001,UFXRA,CI_T,NV_USD,Q,2013-Q2,0,6,,,,_T,CO,NV,,USD,O,,
dataflow,IMF.STA:COFER(7.0.1),R,G001,UFXRA,CI_T,NV_USD,Q,2013-Q3,0,6,,,,_T,CO,NV,,USD,O,,
dataflow,IMF.STA:COFER(7.0.1),R,G001,UFXRA,CI_T,NV_USD,Q,2013-Q4,0,6,,,,_T,CO,NV,,USD,O,,
dataflow,IMF.STA:COFER(7.0.1),R,G001,UFXRA,CI_T,NV_USD,Q,2014-Q1,0,6,,,,_T,CO,NV,,USD,O,,
dataflow,IMF.STA:COFER(7.0.1),R,G001,UFXRA,CI_T,NV_USD,Q,2014-Q2,0,6,,,,_T,CO,NV,,USD,O,,
dataflow,IMF.STA:COFER(7.0.1),R,G001,UFXRA,CI_T,NV_USD,Q,2014-Q3,0,6,,,,_T,CO,NV,,USD,O,,
dataflow,IMF.STA:COFER(7.0.1),R,G001,UFXRA,CI_T,NV_USD,Q,2014-Q4,0,6,,,,_T,CO,NV,,USD,O,,
dataflow,IMF.STA:COFER(7.0.1),R,G001,UFXRA,CI_T,NV_USD,Q,2015-Q1,0,6,,,,_T,CO,NV,,USD,O,,
dataflow,IMF.STA:COFER(7.0.1),R,G001,UFXRA,CI_T,NV_USD,Q,2015-Q2,0,6,,,,_T,CO,NV,,USD,O,,
dataflow,IMF.STA:COFER(7.0.1),R,G001,UFXRA,CI_T,NV_USD,Q,2015-Q3,0,6,,,,_T,CO,NV,,USD,O,,
dataflow,IMF.STA:COFER(7.0.1),R,G001,UFXRA,CI_T,NV_USD,Q,2015-Q4,0,6,,,,_T,CO,NV,,USD,O,,
dataflow,IMF.STA:COFER(7.0.1),R,G001,UFXRA,CI_T,NV_USD,Q,2016-Q1,0,6,,,,_T,CO,NV,,USD,O,,
dataflow,IMF.STA:COFER(7.0.1),R,G001,UFXRA,CI_T,NV_USD,Q,2016-Q2,0,6,,,,_T,CO,NV,,USD,O,,
dataflow,IMF.STA:COFER(7.0.1),R,G001,UFXRA,CI_T,NV_USD,Q,2016-Q3,0,6,,,,_T,CO,NV,,USD,O,,
dataflow,IMF.STA:COFER(7.0.1),R,G001,UFXRA,CI_T,NV_USD,Q,2016-Q4,0,6,,,,_T,CO,NV,,USD,O,,
dataflow,IMF.STA:COFER(7.0.1),R,G001,UFXRA,CI_T,NV_USD,Q,2017-Q1,0,6,,,,_T,CO,NV,,USD,O,,
dataflow,IMF.STA:COFER(7.0.1),R,G001,UFXRA,CI_T,NV_USD,Q,2017-Q2,0,6,,,,_T,CO,NV,,USD,O,,
dataflow,IMF.STA:COFER(7.0.1),R,G001,UFXRA,CI_T,NV_USD,Q,2017-Q3,0,6,,,,_T,CO,NV,,USD,O,,
dataflow,IMF.STA:COFER(7.0.1),R,G001,UFXRA,CI_T,NV_USD,Q,2017-Q4,0,6,,,,_T,CO,NV,,USD,O,,
dataflow,IMF.STA:COFER(7.0.1),R,G001,UFXRA,CI_T,NV_USD,Q,2018-Q1,0,6,,,,_T,CO,NV,,USD,O,,
dataflow,IMF.STA:COFER(7.0.1),R,G001,UFXRA,CI_T,NV_USD,Q,2018-Q2,0,6,,,,_T,CO,NV,,USD,O,,
dataflow,IMF.STA:COFER(7.0.1),R,G001,UFXRA,CI_T,NV_USD,Q,2018-Q3,0,6,,,,_T,CO,NV,,USD,O,,
dataflow,IMF.STA:COFER(7.0.1),R,G001,UFXRA,CI_T,NV_USD,Q,2018-Q4,0,6,,,,_T,CO,NV,,USD,O,,
dataflow,IMF.STA:COFER(7.0.1),R,G001,UFXRA,CI_T,NV_USD,Q,2019-Q1,0,6,,,,_T,CO,NV,,USD,O,,
dataflow,IMF.STA:COFER(7.0.1),R,G001,UFXRA,CI_T,NV_USD,Q,2019-Q2,0,6,,,,_T,CO,NV,,USD,O,,
dataflow,IMF.STA:COFER(7.0.1),R,G001,UFXRA,CI_T,NV_USD,Q,2019-Q3,0,6,,,,_T,CO,NV,,USD,O,,
dataflow,IMF.STA:COFER(7.0.1),R,G001,UFXRA,CI_T,NV_USD,Q,2019-Q4,0,6,,,,_T,CO,NV,,USD,O,,
dataflow,IMF.STA:COFER(7.0.1),R,G001,UFXRA,CI_T,NV_USD,Q,2020-Q1,0,6,,,,_T,CO,NV,,USD,O,,
dataflow,IMF.STA:COFER(7.0.1),R,G001,UFXRA,CI_T,NV_USD,Q,2020-Q2,0,6,,,,_T,CO,NV,,USD,O,,
dataflow,IMF.STA:COFER(7.0.1),R,G001,UFXRA,CI_T,NV_USD,Q,2020-Q3,0,6,,,,_T,CO,NV,,USD,O,,
dataflow,IMF.STA:COFER(7.0.1),R,G001,UFXRA,CI_T,NV_USD,Q,2020-Q4,0,6,,,,_T,CO,NV,,USD,O,,
dataflow,IMF.STA:COFER(7.0.1),R,G001,UFXRA,CI_T,NV_USD,Q,2021-Q1,0,6,,,,_T,CO,NV,,USD,O,,
dataflow,IMF.STA:COFER(7.0.1),R,G001,UFXRA,CI_T,NV_USD,Q,2021-Q2,0,6,,,,_T,CO,NV,,USD,O,,
dataflow,IMF.STA:COFER(7.0.1),R,G001,UFXRA,CI_T,NV_USD,Q,2021-Q3,0,6,,,,_T,CO,NV,,USD,O,,
dataflow,IMF.STA:COFER(7.0.1),R,G001,UFXRA,CI_T,NV_USD,Q,2021-Q4,0,6,,,,_T,CO,NV,,USD,O,,
dataflow,IMF.STA:COFER(7.0.1),R,G001,UFXRA,CI_T,NV_USD,Q,2022-Q1,0,6,,,,_T,CO,NV,,USD,O,,
dataflow,IMF.STA:COFER(7.0.1),R,G001,UFXRA,CI_T,NV_USD,Q,2022-Q2,0,6,,,,_T,CO,NV,,USD,O,,
dataflow,IMF.STA:COFER(7.0.1),R,G001,UFXRA,CI_T,NV_USD,Q,2022-Q3,0,6,,,,_T,CO,NV,,USD,O,,
dataflow,IMF.STA:COFER(7.0.1),R,G001,UFXRA,CI_T,NV_USD,Q,2022-Q4,0,6,,,,_T,CO,NV,,USD,O,,
dataflow,IMF.STA:COFER(7.0.1),R,G001,UFXRA,CI_T,NV_USD,Q,2023-Q1,0,6,,,,_T,CO,NV,,USD,O,,
dataflow,IMF.STA:COFER(7.0.1),R,G001,UFXRA,CI_T,NV_USD,Q,2023-Q2,0,6,,,,_T,CO,NV,,USD,O,,
dataflow,IMF.STA:COFER(7.0.1),R,G001,UFXRA,CI_T,NV_USD,Q,2023-Q3,0,6,,,,_T,CO,NV,,USD,O,,
dataflow,IMF.STA:COFER(7.0.1),R,G001,UFXRA,CI_T,NV_USD,Q,2023-Q4,0,6,,,,_T,CO,NV,,USD,O,,
dataflow,IMF.STA:COFER(7.0.1),R,G001,UFXRA,CI_T,NV_USD,Q,2024-Q1,0,6,,,,_T,CO,NV,,USD,O,,
dataflow,IMF.STA:COFER(7.0.1),R,G001,UFXRA,CI_T,NV_USD,Q,2024-Q2,0,6,,,,_T,CO,NV,,USD,O,,
dataflow,IMF.STA:COFER(7.0.1),R,G001,UFXRA,CI_T,NV_USD,Q,2024-Q3,0,6,,,,_T,CO,NV,,USD,O,,
dataflow,IMF.STA:COFER(7.0.1),R,G001,UFXRA,CI_T,NV_USD,Q,2024-Q4,0,6,,,,_T,CO,NV,,USD,O,,
dataflow,IMF.STA:COFER(7.0.1),R,G001,UFXRA,CI_T,NV_USD,Q,2025-Q1,0,6,,,,_T,CO,NV,,USD,O,,
dataflow,IMF.STA:COFER(7.0.1),R,G001,UFXRA,CI_T,NV_USD,Q,2025-Q2,0,6,,,,_T,CO,NV,,USD,O,,
dataflow,IMF.STA:COFER(7.0.1),R,G001,UFXRA,CI_T,NV_USD,Q,2025-Q3,0,6,,,,_T,CO,NV,,USD,O,,
dataflow,IMF.STA:COFER(7.0.1),R,G001,UFXRA,CI_T,NV_USD,Q,2025-Q4,0,6,,,,_T,CO,NV,,USD,O,,
dataflow,IMF.STA:COFER(7.0.1),R,G001,UFXRA,CI_T,NV_USD,Q,2026-Q1,0,6,,,,_T,CO,NV,,USD,O,,
dataflow,IMF.STA:COFER(7.0.1),R,G001,UFXRA,CI_T,SHRO_PT,A,1995,25.5174401146859,0,,,,_T,,,SHRO,PT,O,,
dataflow,IMF.STA:COFER(7.0.1),R,G001,UFXRA,CI_T,SHRO_PT,A,1996,21.7120149086815,0,,,,_T,,,SHRO,PT,O,,
dataflow,IMF.STA:COFER(7.0.1),R,G001,UFXRA,CI_T,SHRO_PT,A,1997,21.2200447718069,0,,,,_T,,,SHRO,PT,O,,
dataflow,IMF.STA:COFER(7.0.1),R,G001,UFXRA,CI_T,SHRO_PT,A,1998,21.9632338016875,0,,,,_T,,,SHRO,PT,O,,
dataflow,IMF.STA:COFER(7.0.1),R,G001,UFXRA,CI_T,SHRO_PT,A,1999,22.6061475299738,0,,,,_T,,,SHRO,PT,O,,
dataflow,IMF.STA:COFER(7.0.1),R,G001,UFXRA,CI_T,SHRO_PT,A,2000,0,0,,,,_T,,,SHRO,PT,O,,
dataflow,IMF.STA:COFER(7.0.1),R,G001,UFXRA,CI_T,SHRO_PT,A,2001,0,0,,,,_T,,,SHRO,PT,O,,
dataflow,IMF.STA:COFER(7.0.1),R,G001,UFXRA,CI_T,SHRO_PT,A,2002,0,0,,,,_T,,,SHRO,PT,O,,
dataflow,IMF.STA:COFER(7.0.1),R,G001,UFXRA,CI_T,SHRO_PT,A,2003,0,0,,,,_T,,,SHRO,PT,O,,
dataflow,IMF.STA:COFER(7.0.1),R,G001,UFXRA,CI_T,SHRO_PT,A,2004,0,0,,,,_T,,,SHRO,PT,O,,
dataflow,IMF.STA:COFER(7.0.1),R,G001,UFXRA,CI_T,SHRO_PT,A,2005,0,0,,,,_T,,,SHRO,PT,O,,
dataflow,IMF.STA:COFER(7.0.1),R,G001,UFXRA,CI_T,SHRO_PT,A,2006,0,0,,,,_T,,,SHRO,PT,O,,
dataflow,IMF.STA:COFER(7.0.1),R,G001,UFXRA,CI_T,SHRO_PT,A,2007,0,0,,,,_T,,,SHRO,PT,O,,
dataflow,IMF.STA:COFER(7.0.1),R,G001,UFXRA,CI_T,SHRO_PT,A,2008,0,0,,,,_T,,,SHRO,PT,O,,
dataflow,IMF.STA:COFER(7.0.1),R,G001,UFXRA,CI_T,SHRO_PT,A,2009,0,0,,,,_T,,,SHRO,PT,O,,
dataflow,IMF.STA:COFER(7.0.1),R,G001,UFXRA,CI_T,SHRO_PT,A,2010,0,0,,,,_T,,,SHRO,PT,O,,
dataflow,IMF.STA:COFER(7.0.1),R,G001,UFXRA,CI_T,SHRO_PT,A,2011,0,0,,,,_T,,,SHRO,PT,O,,
dataflow,IMF.STA:COFER(7.0.1),R,G001,UFXRA,CI_T,SHRO_PT,A,2012,0,0,,,,_T,,,SHRO,PT,O,,
dataflow,IMF.STA:COFER(7.0.1),R,G001,UFXRA,CI_T,SHRO_PT,A,2013,0,0,,,,_T,,,SHRO,PT,O,,
dataflow,IMF.STA:COFER(7.0.1),R,G001,UFXRA,CI_T,SHRO_PT,A,2014,0,0,,,,_T,,,SHRO,PT,O,,
dataflow,IMF.STA:COFER(7.0.1),R,G001,UFXRA,CI_T,SHRO_PT,A,2015,0,0,,,,_T,,,SHRO,PT,O,,
dataflow,IMF.STA:COFER(7.0.1),R,G001,UFXRA,CI_T,SHRO_PT,A,2016,0,0,,,,_T,,,SHRO,PT,O,,
dataflow,IMF.STA:COFER(7.0.1),R,G001,UFXRA,CI_T,SHRO_PT,A,2017,0,0,,,,_T,,,SHRO,PT,O,,
dataflow,IMF.STA:COFER(7.0.1),R,G001,UFXRA,CI_T,SHRO_PT,A,2018,0,0,,,,_T,,,SHRO,PT,O,,
dataflow,IMF.STA:COFER(7.0.1),R,G001,UFXRA,CI_T,SHRO_PT,A,2019,0,0,,,,_T,,,SHRO,PT,O,,
dataflow,IMF.STA:COFER(7.0.1),R,G001,UFXRA,CI_T,SHRO_PT,A,2020,0,0,,,,_T,,,SHRO,PT,O,,
dataflow,IMF.STA:COFER(7.0.1),R,G001,UFXRA,CI_T,SHRO_PT,A,2021,0,0,,,,_T,,,SHRO,PT,O,,
dataflow,IMF.STA:COFER(7.0.1),R,G001,UFXRA,CI_T,SHRO_PT,A,2022,0,0,,,,_T,,,SHRO,PT,O,,
dataflow,IMF.STA:COFER(7.0.1),R,G001,UFXRA,CI_T,SHRO_PT,A,2023,0,0,,,,_T,,,SHRO,PT,O,,
dataflow,IMF.STA:COFER(7.0.1),R,G001,UFXRA,CI_T,SHRO_PT,A,2024,0,0,,,,_T,,,SHRO,PT,O,,
dataflow,IMF.STA:COFER(7.0.1),R,G001,UFXRA,CI_T,SHRO_PT,A,2025,0,0,,,,_T,,,SHRO,PT,O,,
dataflow,IMF.STA:COFER(7.0.1),R,G001,UFXRA,CI_T,SHRO_PT,Q,1999-Q1,22.8219556821107,0,,,,_T,,,SHRO,PT,O,,
dataflow,IMF.STA:COFER(7.0.1),R,G001,UFXRA,CI_T,SHRO_PT,Q,1999-Q2,22.6514535948387,0,,,,_T,,,SHRO,PT,O,,
dataflow,IMF.STA:COFER(7.0.1),R,G001,UFXRA,CI_T,SHRO_PT,Q,1999-Q3,22.7435496851143,0,,,,_T,,,SHRO,PT,O,,
dataflow,IMF.STA:COFER(7.0.1),R,G001,UFXRA,CI_T,SHRO_PT,Q,1999-Q4,22.6061475299738,0,,,,_T,,,SHRO,PT,O,,
dataflow,IMF.STA:COFER(7.0.1),R,G001,UFXRA,CI_T,SHRO_PT,Q,2000-Q1,0,0,,,,_T,,,SHRO,PT,O,,
dataflow,IMF.STA:COFER(7.0.1),R,G001,UFXRA,CI_T,SHRO_PT,Q,2000-Q2,0,0,,,,_T,,,SHRO,PT,O,,
dataflow,IMF.STA:COFER(7.0.1),R,G001,UFXRA,CI_T,SHRO_PT,Q,2000-Q3,0,0,,,,_T,,,SHRO,PT,O,,
dataflow,IMF.STA:COFER(7.0.1),R,G001,UFXRA,CI_T,SHRO_PT,Q,2000-Q4,0,0,,,,_T,,,SHRO,PT,O,,
dataflow,IMF.STA:COFER(7.0.1),R,G001,UFXRA,CI_T,SHRO_PT,Q,2001-Q1,0,0,,,,_T,,,SHRO,PT,O,,
dataflow,IMF.STA:COFER(7.0.1),R,G001,UFXRA,CI_T,SHRO_PT,Q,2001-Q2,0,0,,,,_T,,,SHRO,PT,O,,
dataflow,IMF.STA:COFER(7.0.1),R,G001,UFXRA,CI_T,SHRO_PT,Q,2001-Q3,0,0,,,,_T,,,SHRO,PT,O,,
dataflow,IMF.STA:COFER(7.0.1),R,G001,UFXRA,CI_T,SHRO_PT,Q,2001-Q4,0,0,,,,_T,,,SHRO,PT,O,,
dataflow,IMF.STA:COFER(7.0.1),R,G001,UFXRA,CI_T,SHRO_PT,Q,2002-Q1,0,0,,,,_T,,,SHRO,PT,O,,
dataflow,IMF.STA:COFER(7.0.1),R,G001,UFXRA,CI_T,SHRO_PT,Q,2002-Q2,0,0,,,,_T,,,SHRO,PT,O,,
dataflow,IMF.STA:COFER(7.0.1),R,G001,UFXRA,CI_T,SHRO_PT,Q,2002-Q3,0,0,,,,_T,,,SHRO,PT,O,,
dataflow,IMF.STA:COFER(7.0.1),R,G001,UFXRA,CI_T,SHRO_PT,Q,2002-Q4,0,0,,,,_T,,,SHRO,PT,O,,
dataflow,IMF.STA:COFER(7.0.1),R,G001,UFXRA,CI_T,SHRO_PT,Q,2003-Q1,0,0,,,,_T,,,SHRO,PT,O,,
dataflow,IMF.STA:COFER(7.0.1),R,G001,UFXRA,CI_T,SHRO_PT,Q,2003-Q2,0,0,,,,_T,,,SHRO,PT,O,,
dataflow,IMF.STA:COFER(7.0.1),R,G001,UFXRA,CI_T,SHRO_PT,Q,2003-Q3,0,0,,,,_T,,,SHRO,PT,O,,
dataflow,IMF.STA:COFER(7.0.1),R,G001,UFXRA,CI_T,SHRO_PT,Q,2003-Q4,0,0,,,,_T,,,SHRO,PT,O,,
dataflow,IMF.STA:COFER(7.0.1),R,G001,UFXRA,CI_T,SHRO_PT,Q,2004-Q1,0,0,,,,_T,,,SHRO,PT,O,,
dataflow,IMF.STA:COFER(7.0.1),R,G001,UFXRA,CI_T,SHRO_PT,Q,2004-Q2,0,0,,,,_T,,,SHRO,PT,O,,
dataflow,IMF.STA:COFER(7.0.1),R,G001,UFXRA,CI_T,SHRO_PT,Q,2004-Q3,0,0,,,,_T,,,SHRO,PT,O,,
dataflow,IMF.STA:COFER(7.0.1),R,G001,UFXRA,CI_T,SHRO_PT,Q,2004-Q4,0,0,,,,_T,,,SHRO,PT,O,,
dataflow,IMF.STA:COFER(7.0.1),R,G001,UFXRA,CI_T,SHRO_PT,Q,2005-Q1,0,0,,,,_T,,,SHRO,PT,O,,
dataflow,IMF.STA:COFER(7.0.1),R,G001,UFXRA,CI_T,SHRO_PT,Q,2005-Q2,0,0,,,,_T,,,SHRO,PT,O,,
dataflow,IMF.STA:COFER(7.0.1),R,G001,UFXRA,CI_T,SHRO_PT,Q,2005-Q3,0,0,,,,_T,,,SHRO,PT,O,,
dataflow,IMF.STA:COFER(7.0.1),R,G001,UFXRA,CI_T,SHRO_PT,Q,2005-Q4,0,0,,,,_T,,,SHRO,PT,O,,
dataflow,IMF.STA:COFER(7.0.1),R,G001,UFXRA,CI_T,SHRO_PT,Q,2006-Q1,0,0,,,,_T,,,SHRO,PT,O,,
dataflow,IMF.STA:COFER(7.0.1),R,G001,UFXRA,CI_T,SHRO_PT,Q,2006-Q2,0,0,,,,_T,,,SHRO,PT,O,,
dataflow,IMF.STA:COFER(7.0.1),R,G001,UFXRA,CI_T,SHRO_PT,Q,2006-Q3,0,0,,,,_T,,,SHRO,PT,O,,
dataflow,IMF.STA:COFER(7.0.1),R,G001,UFXRA,CI_T,SHRO_PT,Q,2006-Q4,0,0,,,,_T,,,SHRO,PT,O,,
dataflow,IMF.STA:COFER(7.0.1),R,G001,UFXRA,CI_T,SHRO_PT,Q,2007-Q1,0,0,,,,_T,,,SHRO,PT,O,,
dataflow,IMF.STA:COFER(7.0.1),R,G001,UFXRA,CI_T,SHRO_PT,Q,2007-Q2,0,0,,,,_T,,,SHRO,PT,O,,
dataflow,IMF.STA:COFER(7.0.1),R,G001,UFXRA,CI_T,SHRO_PT,Q,2007-Q3,0,0,,,,_T,,,SHRO,PT,O,,
dataflow,IMF.STA:COFER(7.0.1),R,G001,UFXRA,CI_T,SHRO_PT,Q,2007-Q4,0,0,,,,_T,,,SHRO,PT,O,,
dataflow,IMF.STA:COFER(7.0.1),R,G001,UFXRA,CI_T,SHRO_PT,Q,2008-Q1,0,0,,,,_T,,,SHRO,PT,O,,
dataflow,IMF.STA:COFER(7.0.1),R,G001,UFXRA,CI_T,SHRO_PT,Q,2008-Q2,0,0,,,,_T,,,SHRO,PT,O,,
dataflow,IMF.STA:COFER(7.0.1),R,G001,UFXRA,CI_T,SHRO_PT,Q,2008-Q3,0,0,,,,_T,,,SHRO,PT,O,,
dataflow,IMF.STA:COFER(7.0.1),R,G001,UFXRA,CI_T,SHRO_PT,Q,2008-Q4,0,0,,,,_T,,,SHRO,PT,O,,
dataflow,IMF.STA:COFER(7.0.1),R,G001,UFXRA,CI_T,SHRO_PT,Q,2009-Q1,0,0,,,,_T,,,SHRO,PT,O,,
dataflow,IMF.STA:COFER(7.0.1),R,G001,UFXRA,CI_T,SHRO_PT,Q,2009-Q2,0,0,,,,_T,,,SHRO,PT,O,,
dataflow,IMF.STA:COFER(7.0.1),R,G001,UFXRA,CI_T,SHRO_PT,Q,2009-Q3,0,0,,,,_T,,,SHRO,PT,O,,
dataflow,IMF.STA:COFER(7.0.1),R,G001,UFXRA,CI_T,SHRO_PT,Q,2009-Q4,0,0,,,,_T,,,SHRO,PT,O,,
dataflow,IMF.STA:COFER(7.0.1),R,G001,UFXRA,CI_T,SHRO_PT,Q,2010-Q1,0,0,,,,_T,,,SHRO,PT,O,,
dataflow,IMF.STA:COFER(7.0.1),R,G001,UFXRA,CI_T,SHRO_PT,Q,2010-Q2,0,0,,,,_T,,,SHRO,PT,O,,
dataflow,IMF.STA:COFER(7.0.1),R,G001,UFXRA,CI_T,SHRO_PT,Q,2010-Q3,0,0,,,,_T,,,SHRO,PT,O,,
dataflow,IMF.STA:COFER(7.0.1),R,G001,UFXRA,CI_T,SHRO_PT,Q,2010-Q4,0,0,,,,_T,,,SHRO,PT,O,,
dataflow,IMF.STA:COFER(7.0.1),R,G001,UFXRA,CI_T,SHRO_PT,Q,2011-Q1,0,0,,,,_T,,,SHRO,PT,O,,
dataflow,IMF.STA:COFER(7.0.1),R,G001,UFXRA,CI_T,SHRO_PT,Q,2011-Q2,0,0,,,,_T,,,SHRO,PT,O,,
dataflow,IMF.STA:COFER(7.0.1),R,G001,UFXRA,CI_T,SHRO_PT,Q,2011-Q3,0,0,,,,_T,,,SHRO,PT,O,,
dataflow,IMF.STA:COFER(7.0.1),R,G001,UFXRA,CI_T,SHRO_PT,Q,2011-Q4,0,0,,,,_T,,,SHRO,PT,O,,
dataflow,IMF.STA:COFER(7.0.1),R,G001,UFXRA,CI_T,SHRO_PT,Q,2012-Q1,0,0,,,,_T,,,SHRO,PT,O,,
dataflow,IMF.STA:COFER(7.0.1),R,G001,UFXRA,CI_T,SHRO_PT,Q,2012-Q2,0,0,,,,_T,,,SHRO,PT,O,,
dataflow,IMF.STA:COFER(7.0.1),R,G001,UFXRA,CI_T,SHRO_PT,Q,2012-Q3,0,0,,,,_T,,,SHRO,PT,O,,
dataflow,IMF.STA:COFER(7.0.1),R,G001,UFXRA,CI_T,SHRO_PT,Q,2012-Q4,0,0,,,,_T,,,SHRO,PT,O,,
dataflow,IMF.STA:COFER(7.0.1),R,G001,UFXRA,CI_T,SHRO_PT,Q,2013-Q1,0,0,,,,_T,,,SHRO,PT,O,,
dataflow,IMF.STA:COFER(7.0.1),R,G001,UFXRA,CI_T,SHRO_PT,Q,2013-Q2,0,0,,,,_T,,,SHRO,PT,O,,
dataflow,IMF.STA:COFER(7.0.1),R,G001,UFXRA,CI_T,SHRO_PT,Q,2013-Q3,0,0,,,,_T,,,SHRO,PT,O,,
dataflow,IMF.STA:COFER(7.0.1),R,G001,UFXRA,CI_T,SHRO_PT,Q,2013-Q4,0,0,,,,_T,,,SHRO,PT,O,,
dataflow,IMF.STA:COFER(7.0.1),R,G001,UFXRA,CI_T,SHRO_PT,Q,2014-Q1,0,0,,,,_T,,,SHRO,PT,O,,
dataflow,IMF.STA:COFER(7.0.1),R,G001,UFXRA,CI_T,SHRO_PT,Q,2014-Q2,0,0,,,,_T,,,SHRO,PT,O,,
dataflow,IMF.STA:COFER(7.0.1),R,G001,UFXRA,CI_T,SHRO_PT,Q,2014-Q3,0,0,,,,_T,,,SHRO,PT,O,,
dataflow,IMF.STA:COFER(7.0.1),R,G001,UFXRA,CI_T,SHRO_PT,Q,2014-Q4,0,0,,,,_T,,,SHRO,PT,O,,
dataflow,IMF.STA:COFER(7.0.1),R,G001,UFXRA,CI_T,SHRO_PT,Q,2015-Q1,0,0,,,,_T,,,SHRO,PT,O,,
dataflow,IMF.STA:COFER(7.0.1),R,G001,UFXRA,CI_T,SHRO_PT,Q,2015-Q2,0,0,,,,_T,,,SHRO,PT,O,,
dataflow,IMF.STA:COFER(7.0.1),R,G001,UFXRA,CI_T,SHRO_PT,Q,2015-Q3,0,0,,,,_T,,,SHRO,PT,O,,
dataflow,IMF.STA:COFER(7.0.1),R,G001,UFXRA,CI_T,SHRO_PT,Q,2015-Q4,0,0,,,,_T,,,SHRO,PT,O,,
dataflow,IMF.STA:COFER(7.0.1),R,G001,UFXRA,CI_T,SHRO_PT,Q,2016-Q1,0,0,,,,_T,,,SHRO,PT,O,,
dataflow,IMF.STA:COFER(7.0.1),R,G001,UFXRA,CI_T,SHRO_PT,Q,2016-Q2,0,0,,,,_T,,,SHRO,PT,O,,
dataflow,IMF.STA:COFER(7.0.1),R,G001,UFXRA,CI_T,SHRO_PT,Q,2016-Q3,0,0,,,,_T,,,SHRO,PT,O,,
dataflow,IMF.STA:COFER(7.0.1),R,G001,UFXRA,CI_T,SHRO_PT,Q,2016-Q4,0,0,,,,_T,,,SHRO,PT,O,,
dataflow,IMF.STA:COFER(7.0.1),R,G001,UFXRA,CI_T,SHRO_PT,Q,2017-Q1,0,0,,,,_T,,,SHRO,PT,O,,
dataflow,IMF.STA:COFER(7.0.1),R,G001,UFXRA,CI_T,SHRO_PT,Q,2017-Q2,0,0,,,,_T,,,SHRO,PT,O,,
dataflow,IMF.STA:COFER(7.0.1),R,G001,UFXRA,CI_T,SHRO_PT,Q,2017-Q3,0,0,,,,_T,,,SHRO,PT,O,,
dataflow,IMF.STA:COFER(7.0.1),R,G001,UFXRA,CI_T,SHRO_PT,Q,2017-Q4,0,0,,,,_T,,,SHRO,PT,O,,
dataflow,IMF.STA:COFER(7.0.1),R,G001,UFXRA,CI_T,SHRO_PT,Q,2018-Q1,0,0,,,,_T,,,SHRO,PT,O,,
dataflow,IMF.STA:COFER(7.0.1),R,G001,UFXRA,CI_T,SHRO_PT,Q,2018-Q2,0,0,,,,_T,,,SHRO,PT,O,,
dataflow,IMF.STA:COFER(7.0.1),R,G001,UFXRA,CI_T,SHRO_PT,Q,2018-Q3,0,0,,,,_T,,,SHRO,PT,O,,
dataflow,IMF.STA:COFER(7.0.1),R,G001,UFXRA,CI_T,SHRO_PT,Q,2018-Q4,0,0,,,,_T,,,SHRO,PT,O,,
dataflow,IMF.STA:COFER(7.0.1),R,G001,UFXRA,CI_T,SHRO_PT,Q,2019-Q1,0,0,,,,_T,,,SHRO,PT,O,,
dataflow,IMF.STA:COFER(7.0.1),R,G001,UFXRA,CI_T,SHRO_PT,Q,2019-Q2,0,0,,,,_T,,,SHRO,PT,O,,
dataflow,IMF.STA:COFER(7.0.1),R,G001,UFXRA,CI_T,SHRO_PT,Q,2019-Q3,0,0,,,,_T,,,SHRO,PT,O,,
dataflow,IMF.STA:COFER(7.0.1),R,G001,UFXRA,CI_T,SHRO_PT,Q,2019-Q4,0,0,,,,_T,,,SHRO,PT,O,,
dataflow,IMF.STA:COFER(7.0.1),R,G001,UFXRA,CI_T,SHRO_PT,Q,2020-Q1,0,0,,,,_T,,,SHRO,PT,O,,
dataflow,IMF.STA:COFER(7.0.1),R,G001,UFXRA,CI_T,SHRO_PT,Q,2020-Q2,0,0,,,,_T,,,SHRO,PT,O,,
dataflow,IMF.STA:COFER(7.0.1),R,G001,UFXRA,CI_T,SHRO_PT,Q,2020-Q3,0,0,,,,_T,,,SHRO,PT,O,,
dataflow,IMF.STA:COFER(7.0.1),R,G001,UFXRA,CI_T,SHRO_PT,Q,2020-Q4,0,0,,,,_T,,,SHRO,PT,O,,
dataflow,IMF.STA:COFER(7.0.1),R,G001,UFXRA,CI_T,SHRO_PT,Q,2021-Q1,0,0,,,,_T,,,SHRO,PT,O,,
dataflow,IMF.STA:COFER(7.0.1),R,G001,UFXRA,CI_T,SHRO_PT,Q,2021-Q2,0,0,,,,_T,,,SHRO,PT,O,,
dataflow,IMF.STA:COFER(7.0.1),R,G001,UFXRA,CI_T,SHRO_PT,Q,2021-Q3,0,0,,,,_T,,,SHRO,PT,O,,
dataflow,IMF.STA:COFER(7.0.1),R,G001,UFXRA,CI_T,SHRO_PT,Q,2021-Q4,0,0,,,,_T,,,SHRO,PT,O,,
dataflow,IMF.STA:COFER(7.0.1),R,G001,UFXRA,CI_T,SHRO_PT,Q,2022-Q1,0,0,,,,_T,,,SHRO,PT,O,,
dataflow,IMF.STA:COFER(7.0.1),R,G001,UFXRA,CI_T,SHRO_PT,Q,2022-Q2,0,0,,,,_T,,,SHRO,PT,O,,
dataflow,IMF.STA:COFER(7.0.1),R,G001,UFXRA,CI_T,SHRO_PT,Q,2022-Q3,0,0,,,,_T,,,SHRO,PT,O,,
dataflow,IMF.STA:COFER(7.0.1),R,G001,UFXRA,CI_T,SHRO_PT,Q,2022-Q4,0,0,,,,_T,,,SHRO,PT,O,,
dataflow,IMF.STA:COFER(7.0.1),R,G001,UFXRA,CI_T,SHRO_PT,Q,2023-Q1,0,0,,,,_T,,,SHRO,PT,O,,
dataflow,IMF.STA:COFER(7.0.1),R,G001,UFXRA,CI_T,SHRO_PT,Q,2023-Q2,0,0,,,,_T,,,SHRO,PT,O,,
dataflow,IMF.STA:COFER(7.0.1),R,G001,UFXRA,CI_T,SHRO_PT,Q,2023-Q3,0,0,,,,_T,,,SHRO,PT,O,,
dataflow,IMF.STA:COFER(7.0.1),R,G001,UFXRA,CI_T,SHRO_PT,Q,2023-Q4,0,0,,,,_T,,,SHRO,PT,O,,
dataflow,IMF.STA:COFER(7.0.1),R,G001,UFXRA,CI_T,SHRO_PT,Q,2024-Q1,0,0,,,,_T,,,SHRO,PT,O,,
dataflow,IMF.STA:COFER(7.0.1),R,G001,UFXRA,CI_T,SHRO_PT,Q,2024-Q2,0,0,,,,_T,,,SHRO,PT,O,,
dataflow,IMF.STA:COFER(7.0.1),R,G001,UFXRA,CI_T,SHRO_PT,Q,2024-Q3,0,0,,,,_T,,,SHRO,PT,O,,
dataflow,IMF.STA:COFER(7.0.1),R,G001,UFXRA,CI_T,SHRO_PT,Q,2024-Q4,0,0,,,,_T,,,SHRO,PT,O,,
dataflow,IMF.STA:COFER(7.0.1),R,G001,UFXRA,CI_T,SHRO_PT,Q,2025-Q1,0,0,,,,_T,,,SHRO,PT,O,,
dataflow,IMF.STA:COFER(7.0.1),R,G001,UFXRA,CI_T,SHRO_PT,Q,2025-Q2,0,0,,,,_T,,,SHRO,PT,O,,
dataflow,IMF.STA:COFER(7.0.1),R,G001,UFXRA,CI_T,SHRO_PT,Q,2025-Q3,0,0,,,,_T,,,SHRO,PT,O,,
dataflow,IMF.STA:COFER(7.0.1),R,G001,UFXRA,CI_T,SHRO_PT,Q,2025-Q4,0,0,,,,_T,,,SHRO,PT,O,,
dataflow,IMF.STA:COFER(7.0.1),R,G001,UFXRA,CI_T,SHRO_PT,Q,2026-Q1,0,0,,,,_T,,,SHRO,PT,O,,
dataflow,IMF.STA:COFER(7.0.1),R,G110,AFXRA,CI_CHF,NV_USD,A,1995,1427903000,6,,,,CHF,CO,NV,,USD,O,,
dataflow,IMF.STA:COFER(7.0.1),R,G110,AFXRA,CI_CHF,NV_USD,A,1996,1451105000,6,,,,CHF,CO,NV,,USD,O,,
dataflow,IMF.STA:COFER(7.0.1),R,G110,AFXRA,CI_CHF,NV_USD,A,1997,2259469000,6,,,,CHF,CO,NV,,USD,O,,
dataflow,IMF.STA:COFER(7.0.1),R,G110,AFXRA,CI_CHF,NV_USD,A,1998,2212540000,6,,,,CHF,CO,NV,,USD,O,,
dataflow,IMF.STA:COFER(7.0.1),R,G110,AFXRA,CI_CHF,NV_USD,A,1999,1338184978.05546,6,,,,CHF,CO,NV,,USD,O,,
dataflow,IMF.STA:COFER(7.0.1),R,G110,AFXRA,CI_CHF,NV_USD,Q,1999-Q1,1723272792.16701,6,,,,CHF,CO,NV,,USD,O,,
dataflow,IMF.STA:COFER(7.0.1),R,G110,AFXRA,CI_CHF,NV_USD,Q,1999-Q2,1285445856.24092,6,,,,CHF,CO,NV,,USD,O,,
dataflow,IMF.STA:COFER(7.0.1),R,G110,AFXRA,CI_CHF,NV_USD,Q,1999-Q3,1362236000,6,,,,CHF,CO,NV,,USD,O,,
dataflow,IMF.STA:COFER(7.0.1),R,G110,AFXRA,CI_CHF,NV_USD,Q,1999-Q4,1338184978.05546,6,,,,CHF,CO,NV,,USD,O,,
dataflow,IMF.STA:COFER(7.0.1),R,G110,AFXRA,CI_CHF,SHRO_PT,A,1995,0.18585127172009,0,,,,CHF,,,SHRO,PT,O,,
dataflow,IMF.STA:COFER(7.0.1),R,G110,AFXRA,CI_CHF,SHRO_PT,A,1996,0.158949451129095,0,,,,CHF,,,SHRO,PT,O,,
dataflow,IMF.STA:COFER(7.0.1),R,G110,AFXRA,CI_CHF,SHRO_PT,A,1997,0.247211953315226,0,,,,CHF,,,SHRO,PT,O,,
dataflow,IMF.STA:COFER(7.0.1),R,G110,AFXRA,CI_CHF,SHRO_PT,A,1998,0.238597929231721,0,,,,CHF,,,SHRO,PT,O,,
dataflow,IMF.STA:COFER(7.0.1),R,G110,AFXRA,CI_CHF,SHRO_PT,A,1999,0.132127042416227,0,,,,CHF,,,SHRO,PT,O,,
dataflow,IMF.STA:COFER(7.0.1),R,G110,AFXRA,CI_CHF,SHRO_PT,Q,1999-Q1,0.191215548262754,0,,,,CHF,,,SHRO,PT,O,,
dataflow,IMF.STA:COFER(7.0.1),R,G110,AFXRA,CI_CHF,SHRO_PT,Q,1999-Q2,0.139529467740507,0,,,,CHF,,,SHRO,PT,O,,
dataflow,IMF.STA:COFER(7.0.1),R,G110,AFXRA,CI_CHF,SHRO_PT,Q,1999-Q3,0.140642803054316,0,,,,CHF,,,SHRO,PT,O,,
dataflow,IMF.STA:COFER(7.0.1),R,G110,AFXRA,CI_CHF,SHRO_PT,Q,1999-Q4,0.132127042416227,0,,,,CHF,,,SHRO,PT,O,,
dataflow,IMF.STA:COFER(7.0.1),R,G110,AFXRA,CI_DEM,NV_USD,A,1995,130499001000,6,,,,DEM,CO,NV,,USD,O,,
dataflow,IMF.STA:COFER(7.0.1),R,G110,AFXRA,CI_DEM,NV_USD,A,1996,142454489000,6,,,,DEM,CO,NV,,USD,O,,
dataflow,IMF.STA:COFER(7.0.1),R,G110,AFXRA,CI_DEM,NV_USD,A,1997,140002275000,6,,,,DEM,CO,NV,,USD,O,,
dataflow,IMF.STA:COFER(7.0.1),R,G110,AFXRA,CI_DEM,NV_USD,A,1998,130543871000,6,,,,DEM,CO,NV,,USD,O,,
dataflow,IMF.STA:COFER(7.0.1),R,G110,AFXRA,CI_DEM,SHRO_PT,A,1995,16.9853311422774,0,,,,DEM,,,SHRO,PT,O,,
dataflow,IMF.STA:COFER(7.0.1),R,G110,AFXRA,CI_DEM,SHRO_PT,A,1996,15.6040140702608,0,,,,DEM,,,SHRO,PT,O,,
dataflow,IMF.STA:COFER(7.0.1),R,G110,AFXRA,CI_DEM,SHRO_PT,A,1997,15.3178626798267,0,,,,DEM,,,SHRO,PT,O,,
dataflow,IMF.STA:COFER(7.0.1),R,G110,AFXRA,CI_DEM,SHRO_PT,A,1998,14.077710366589,0,,,,DEM,,,SHRO,PT,O,,
dataflow,IMF.STA:COFER(7.0.1),R,G110,AFXRA,CI_ECU,NV_USD,A,1995,88115590000,6,,,,ECU,CO,NV,,USD,O,,
dataflow,IMF.STA:COFER(7.0.1),R,G110,AFXRA,CI_ECU,NV_USD,A,1996,86654700000,6,,,,ECU,CO,NV,,USD,O,,
dataflow,IMF.STA:COFER(7.0.1),R,G110,AFXRA,CI_ECU,NV_USD,A,1997,76931150000,6,,,,ECU,CO,NV,,USD,O,,
dataflow,IMF.STA:COFER(7.0.1),R,G110,AFXRA,CI_ECU,NV_USD,A,1998,16541380000,6,,,,ECU,CO,NV,,USD,O,,
dataflow,IMF.STA:COFER(7.0.1),R,G110,AFXRA,CI_ECU,SHRO_PT,A,1995,11.468842393262,0,,,,ECU,,,SHRO,PT,O,,
dataflow,IMF.STA:COFER(7.0.1),R,G110,AFXRA,CI_ECU,SHRO_PT,A,1996,9.49188170584239,0,,,,ECU,,,SHRO,PT,O,,
dataflow,IMF.STA:COFER(7.0.1),R,G110,AFXRA,CI_ECU,SHRO_PT,A,1997,8.41715458910331,0,,,,ECU,,,SHRO,PT,O,,
dataflow,IMF.STA:COFER(7.0.1),R,G110,AFXRA,CI_ECU,SHRO_PT,A,1998,1.78380459319832,0,,,,ECU,,,SHRO,PT,O,,
dataflow,IMF.STA:COFER(7.0.1),R,G110,AFXRA,CI_EUR,NV_USD,A,1999,183374834576.837,6,,,,EUR,CO,NV,,USD,O,,
dataflow,IMF.STA:COFER(7.0.1),R,G110,AFXRA,CI_EUR,NV_USD,Q,1999-Q1,168778054348,6,,,,EUR,CO,NV,,USD,O,,
dataflow,IMF.STA:COFER(7.0.1),R,G110,AFXRA,CI_EUR,NV_USD,Q,1999-Q2,168761215000,6,,,,EUR,CO,NV,,USD,O,,
dataflow,IMF.STA:COFER(7.0.1),R,G110,AFXRA,CI_EUR,NV_USD,Q,1999-Q3,183059955000,6,,,,EUR,CO,NV,,USD,O,,
dataflow,IMF.STA:COFER(7.0.1),R,G110,AFXRA,CI_EUR,NV_USD,Q,1999-Q4,183374834576.837,6,,,,EUR,CO,NV,,USD,O,,
dataflow,IMF.STA:COFER(7.0.1),R,G110,AFXRA,CI_EUR,SHRO_PT,A,1999,18.1056990950606,0,,,,EUR,,,SHRO,PT,O,,
dataflow,IMF.STA:COFER(7.0.1),R,G110,AFXRA,CI_EUR,SHRO_PT,Q,1999-Q1,18.727730364901,0,,,,EUR,,,SHRO,PT,O,,
dataflow,IMF.STA:COFER(7.0.1),R,G110,AFXRA,CI_EUR,SHRO_PT,Q,1999-Q2,18.3182841889983,0,,,,EUR,,,SHRO,PT,O,,
dataflow,IMF.STA:COFER(7.0.1),R,G110,AFXRA,CI_EUR,SHRO_PT,Q,1999-Q3,18.8998567048565,0,,,,EUR,,,SHRO,PT,O,,
dataflow,IMF.STA:COFER(7.0.1),R,G110,AFXRA,CI_EUR,SHRO_PT,Q,1999-Q4,18.1056990950606,0,,,,EUR,,,SHRO,PT,O,,
dataflow,IMF.STA:COFER(7.0.1),R,G110,AFXRA,CI_FRF,NV_USD,A,1995,17346368000,6,,,,FRF,CO,NV,,USD,O,,
dataflow,IMF.STA:COFER(7.0.1),R,G110,AFXRA,CI_FRF,NV_USD,A,1996,15039285000,6,,,,FRF,CO,NV,,USD,O,,
dataflow,IMF.STA:COFER(7.0.1),R,G110,AFXRA,CI_FRF,NV_USD,A,1997,10717107000,6,,,,FRF,CO,NV,,USD,O,,
dataflow,IMF.STA:COFER(7.0.1),R,G110,AFXRA,CI_FRF,NV_USD,A,1998,12962472000,6,,,,FRF,CO,NV,,USD,O,,
dataflow,IMF.STA:COFER(7.0.1),R,G110,AFXRA,CI_FRF,SHRO_PT,A,1995,2.25774758686317,0,,,,FRF,,,SHRO,PT,O,,
dataflow,IMF.STA:COFER(7.0.1),R,G110,AFXRA,CI_FRF,SHRO_PT,A,1996,1.64735570211945,0,,,,FRF,,,SHRO,PT,O,,
dataflow,IMF.STA:COFER(7.0.1),R,G110,AFXRA,CI_FRF,SHRO_PT,A,1997,1.17257504101994,0,,,,FRF,,,SHRO,PT,O,,
dataflow,IMF.STA:COFER(7.0.1),R,G110,AFXRA,CI_FRF,SHRO_PT,A,1998,1.39785901132823,0,,,,FRF,,,SHRO,PT,O,,
dataflow,IMF.STA:COFER(7.0.1),R,G110,AFXRA,CI_GBP,NV_USD,A,1995,16014066000,6,,,,GBP,CO,NV,,USD,O,,
dataflow,IMF.STA:COFER(7.0.1),R,G110,AFXRA,CI_GBP,NV_USD,A,1996,25989439000,6,,,,GBP,CO,NV,,USD,O,,
dataflow,IMF.STA:COFER(7.0.1),R,G110,AFXRA,CI_GBP,NV_USD,A,1997,24683696000,6,,,,GBP,CO,NV,,USD,O,,
dataflow,IMF.STA:COFER(7.0.1),R,G110,AFXRA,CI_GBP,NV_USD,A,1998,26120274000,6,,,,GBP,CO,NV,,USD,O,,
dataflow,IMF.STA:COFER(7.0.1),R,G110,AFXRA,CI_GBP,NV_USD,A,1999,30518030095.704,6,,,,GBP,CO,NV,,USD,O,,
dataflow,IMF.STA:COFER(7.0.1),R,G110,AFXRA,CI_GBP,NV_USD,Q,1999-Q1,26218230290.7905,6,,,,GBP,CO,NV,,USD,O,,
dataflow,IMF.STA:COFER(7.0.1),R,G110,AFXRA,CI_GBP,NV_USD,Q,1999-Q2,27620338891.0157,6,,,,GBP,CO,NV,,USD,O,,
dataflow,IMF.STA:COFER(7.0.1),R,G110,AFXRA,CI_GBP,NV_USD,Q,1999-Q3,29165473000,6,,,,GBP,CO,NV,,USD,O,,
dataflow,IMF.STA:COFER(7.0.1),R,G110,AFXRA,CI_GBP,NV_USD,Q,1999-Q4,30518030095.704,6,,,,GBP,CO,NV,,USD,O,,
dataflow,IMF.STA:COFER(7.0.1),R,G110,AFXRA,CI_GBP,SHRO_PT,A,1995,2.08433943447801,0,,,,GBP,,,SHRO,PT,O,,
dataflow,IMF.STA:COFER(7.0.1),R,G110,AFXRA,CI_GBP,SHRO_PT,A,1996,2.84680093046548,0,,,,GBP,,,SHRO,PT,O,,
dataflow,IMF.STA:COFER(7.0.1),R,G110,AFXRA,CI_GBP,SHRO_PT,A,1997,2.70068086935436,0,,,,GBP,,,SHRO,PT,O,,
dataflow,IMF.STA:COFER(7.0.1),R,G110,AFXRA,CI_GBP,SHRO_PT,A,1998,2.81678219935692,0,,,,GBP,,,SHRO,PT,O,,
dataflow,IMF.STA:COFER(7.0.1),R,G110,AFXRA,CI_GBP,SHRO_PT,A,1999,3.01322845723027,0,,,,GBP,,,SHRO,PT,O,,
dataflow,IMF.STA:COFER(7.0.1),R,G110,AFXRA,CI_GBP,SHRO_PT,Q,1999-Q1,2.90919307861201,0,,,,GBP,,,SHRO,PT,O,,
dataflow,IMF.STA:COFER(7.0.1),R,G110,AFXRA,CI_GBP,SHRO_PT,Q,1999-Q2,2.99806574159866,0,,,,GBP,,,SHRO,PT,O,,
dataflow,IMF.STA:COFER(7.0.1),R,G110,AFXRA,CI_GBP,SHRO_PT,Q,1999-Q3,3.01116243817148,0,,,,GBP,,,SHRO,PT,O,,
dataflow,IMF.STA:COFER(7.0.1),R,G110,AFXRA,CI_GBP,SHRO_PT,Q,1999-Q4,3.01322845723027,0,,,,GBP,,,SHRO,PT,O,,
dataflow,IMF.STA:COFER(7.0.1),R,G110,AFXRA,CI_JPY,NV_USD,A,1995,54124180000,6,,,,JPY,CO,NV,,USD,O,,
dataflow,IMF.STA:COFER(7.0.1),R,G110,AFXRA,CI_JPY,NV_USD,A,1996,64949053000,6,,,,JPY,CO,NV,,USD,O,,
dataflow,IMF.STA:COFER(7.0.1),R,G110,AFXRA,CI_JPY,NV_USD,A,1997,57161065000,6,,,,JPY,CO,NV,,USD,O,,
dataflow,IMF.STA:COFER(7.0.1),R,G110,AFXRA,CI_JPY,NV_USD,A,1998,65975295000,6,,,,JPY,CO,NV,,USD,O,,
dataflow,IMF.STA:COFER(7.0.1),R,G110,AFXRA,CI_JPY,NV_USD,A,1999,73453200045.2018,6,,,,JPY,CO,NV,,USD,O,,
dataflow,IMF.STA:COFER(7.0.1),R,G110,AFXRA,CI_JPY,NV_USD,Q,1999-Q1,60453518165.9707,6,,,,JPY,CO,NV,,USD,O,,
dataflow,IMF.STA:COFER(7.0.1),R,G110,AFXRA,CI_JPY,NV_USD,Q,1999-Q2,58580899160.6955,6,,,,JPY,CO,NV,,USD,O,,
dataflow,IMF.STA:COFER(7.0.1),R,G110,AFXRA,CI_JPY,NV_USD,Q,1999-Q3,68789720000,6,,,,JPY,CO,NV,,USD,O,,
dataflow,IMF.STA:COFER(7.0.1),R,G110,AFXRA,CI_JPY,NV_USD,Q,1999-Q4,73453200045.2018,6,,,,JPY,CO,NV,,USD,O,,
dataflow,IMF.STA:COFER(7.0.1),R,G110,AFXRA,CI_JPY,SHRO_PT,A,1995,7.04462956083646,0,,,,JPY,,,SHRO,PT,O,,
dataflow,IMF.STA:COFER(7.0.1),R,G110,AFXRA,CI_JPY,SHRO_PT,A,1996,7.11431379928022,0,,,,JPY,,,SHRO,PT,O,,
dataflow,IMF.STA:COFER(7.0.1),R,G110,AFXRA,CI_JPY,SHRO_PT,A,1997,6.25407940194294,0,,,,JPY,,,SHRO,PT,O,,
dataflow,IMF.STA:COFER(7.0.1),R,G110,AFXRA,CI_JPY,SHRO_PT,A,1998,7.11470471379135,0,,,,JPY,,,SHRO,PT,O,,
dataflow,IMF.STA:COFER(7.0.1),R,G110,AFXRA,CI_JPY,SHRO_PT,A,1999,7.25247573178017,0,,,,JPY,,,SHRO,PT,O,,
dataflow,IMF.STA:COFER(7.0.1),R,G110,AFXRA,CI_JPY,SHRO_PT,Q,1999-Q1,6.70796444594373,0,,,,JPY,,,SHRO,PT,O,,
dataflow,IMF.STA:COFER(7.0.1),R,G110,AFXRA,CI_JPY,SHRO_PT,Q,1999-Q2,6.35869775453246,0,,,,JPY,,,SHRO,PT,O,,
dataflow,IMF.STA:COFER(7.0.1),R,G110,AFXRA,CI_JPY,SHRO_PT,Q,1999-Q3,7.10213137967396,0,,,,JPY,,,SHRO,PT,O,,
dataflow,IMF.STA:COFER(7.0.1),R,G110,AFXRA,CI_JPY,SHRO_PT,Q,1999-Q4,7.25247573178017,0,,,,JPY,,,SHRO,PT,O,,
dataflow,IMF.STA:COFER(7.0.1),R,G110,AFXRA,CI_NLG,NV_USD,A,1995,2406732000,6,,,,NLG,CO,NV,,USD,O,,
dataflow,IMF.STA:COFER(7.0.1),R,G110,AFXRA,CI_NLG,NV_USD,A,1996,2479180000,6,,,,NLG,CO,NV,,USD,O,,
dataflow,IMF.STA:COFER(7.0.1),R,G110,AFXRA,CI_NLG,NV_USD,A,1997,3254451000,6,,,,NLG,CO,NV,,USD,O,,
dataflow,IMF.STA:COFER(7.0.1),R,G110,AFXRA,CI_NLG,NV_USD,A,1998,2988848000,6,,,,NLG,CO,NV,,USD,O,,
dataflow,IMF.STA:COFER(7.0.1),R,G110,AFXRA,CI_NLG,SHRO_PT,A,1995,0.313252512873379,0,,,,NLG,,,SHRO,PT,O,,
dataflow,IMF.STA:COFER(7.0.1),R,G110,AFXRA,CI_NLG,SHRO_PT,A,1996,0.271561534313665,0,,,,NLG,,,SHRO,PT,O,,
dataflow,IMF.STA:COFER(7.0.1),R,G110,AFXRA,CI_NLG,SHRO_PT,A,1997,0.356074453191742,0,,,,NLG,,,SHRO,PT,O,,
dataflow,IMF.STA:COFER(7.0.1),R,G110,AFXRA,CI_NLG,SHRO_PT,A,1998,0.322314147354792,0,,,,NLG,,,SHRO,PT,O,,
dataflow,IMF.STA:COFER(7.0.1),R,G110,AFXRA,CI_OTHC,NV_USD,A,1995,44308795000,6,,,,OTHC,CO,NV,,USD,O,,
dataflow,IMF.STA:COFER(7.0.1),R,G110,AFXRA,CI_OTHC,NV_USD,A,1996,47736004000,6,,,,OTHC,CO,NV,,USD,O,,
dataflow,IMF.STA:COFER(7.0.1),R,G110,AFXRA,CI_OTHC,NV_USD,A,1997,41162455000,6,,,,OTHC,CO,NV,,USD,O,,
dataflow,IMF.STA:COFER(7.0.1),R,G110,AFXRA,CI_OTHC,NV_USD,A,1998,49663590000,6,,,,OTHC,CO,NV,,USD,O,,
dataflow,IMF.STA:COFER(7.0.1),R,G110,AFXRA,CI_OTHC,NV_USD,A,1999,16986817077.9205,6,,,,OTHC,CO,NV,,USD,O,,
dataflow,IMF.STA:COFER(7.0.1),R,G110,AFXRA,CI_OTHC,NV_USD,Q,1999-Q1,15471779145.4473,6,,,,OTHC,CO,NV,,USD,O,,
dataflow,IMF.STA:COFER(7.0.1),R,G110,AFXRA,CI_OTHC,NV_USD,Q,1999-Q2,16397850000,6,,,,OTHC,CO,NV,,USD,O,,
dataflow,IMF.STA:COFER(7.0.1),R,G110,AFXRA,CI_OTHC,NV_USD,Q,1999-Q3,18142228000,6,,,,OTHC,CO,NV,,USD,O,,
dataflow,IMF.STA:COFER(7.0.1),R,G110,AFXRA,CI_OTHC,NV_USD,Q,1999-Q4,16986817077.9205,6,,,,OTHC,CO,NV,,USD,O,,
dataflow,IMF.STA:COFER(7.0.1),R,G110,AFXRA,CI_OTHC,SHRO_PT,A,1995,5.76709055106318,0,,,,OTHC,,,SHRO,PT,O,,
dataflow,IMF.STA:COFER(7.0.1),R,G110,AFXRA,CI_OTHC,SHRO_PT,A,1996,5.22885086530355,0,,,,OTHC,,,SHRO,PT,O,,
dataflow,IMF.STA:COFER(7.0.1),R,G110,AFXRA,CI_OTHC,SHRO_PT,A,1997,4.50364705326787,0,,,,OTHC,,,SHRO,PT,O,,
dataflow,IMF.STA:COFER(7.0.1),R,G110,AFXRA,CI_OTHC,SHRO_PT,A,1998,5.35566802508122,0,,,,OTHC,,,SHRO,PT,O,,
dataflow,IMF.STA:COFER(7.0.1),R,G110,AFXRA,CI_OTHC,SHRO_PT,A,1999,1.6772105033136,0,,,,OTHC,,,SHRO,PT,O,,
dataflow,IMF.STA:COFER(7.0.1),R,G110,AFXRA,CI_OTHC,SHRO_PT,Q,1999-Q1,1.71675938095484,0,,,,OTHC,,,SHRO,PT,O,,
dataflow,IMF.STA:COFER(7.0.1),R,G110,AFXRA,CI_OTHC,SHRO_PT,Q,1999-Q2,1.7799141608963,0,,,,OTHC,,,SHRO,PT,O,,
dataflow,IMF.STA:COFER(7.0.1),R,G110,AFXRA,CI_OTHC,SHRO_PT,Q,1999-Q3,1.87307764555517,0,,,,OTHC,,,SHRO,PT,O,,
dataflow,IMF.STA:COFER(7.0.1),R,G110,AFXRA,CI_OTHC,SHRO_PT,Q,1999-Q4,1.6772105033136,0,,,,OTHC,,,SHRO,PT,O,,
dataflow,IMF.STA:COFER(7.0.1),R,G110,AFXRA,CI_T,NV_USD,A,1995,768304132000,6,,,,_T,CO,NV,,USD,O,,
dataflow,IMF.STA:COFER(7.0.1),R,G110,AFXRA,CI_T,NV_USD,A,1996,912934892000,6,,,,_T,CO,NV,,USD,O,,
dataflow,IMF.STA:COFER(7.0.1),R,G110,AFXRA,CI_T,NV_USD,A,1997,913980481000,6,,,,_T,CO,NV,,USD,O,,
dataflow,IMF.STA:COFER(7.0.1),R,G110,AFXRA,CI_T,NV_USD,A,1998,927308970000,6,,,,_T,CO,NV,,USD,O,,
dataflow,IMF.STA:COFER(7.0.1),R,G110,AFXRA,CI_T,NV_USD,A,1999,1012801735045.2,6,,,,_T,CO,NV,,USD,O,,
dataflow,IMF.STA:COFER(7.0.1),R,G110,AFXRA,CI_T,NV_USD,Q,1999-Q1,901220014702.472,6,,,,_T,CO,NV,,USD,O,,
dataflow,IMF.STA:COFER(7.0.1),R,G110,AFXRA,CI_T,NV_USD,Q,1999-Q2,921271955707.271,6,,,,_T,CO,NV,,USD,O,,
dataflow,IMF.STA:COFER(7.0.1),R,G110,AFXRA,CI_T,NV_USD,Q,1999-Q3,968578534000,6,,,,_T,CO,NV,,USD,O,,
dataflow,IMF.STA:COFER(7.0.1),R,G110,AFXRA,CI_T,NV_USD,Q,1999-Q4,1012801735045.2,6,,,,_T,CO,NV,,USD,O,,
dataflow,IMF.STA:COFER(7.0.1),R,G110,AFXRA,CI_T,SHRO_PT,A,1995,82.1138994671461,0,,,,_T,,,SHRO,PT,O,,
dataflow,IMF.STA:COFER(7.0.1),R,G110,AFXRA,CI_T,SHRO_PT,A,1996,89.4840344758204,0,,,,_T,,,SHRO,PT,O,,
dataflow,IMF.STA:COFER(7.0.1),R,G110,AFXRA,CI_T,SHRO_PT,A,1997,90.1096173082575,0,,,,_T,,,SHRO,PT,O,,
dataflow,IMF.STA:COFER(7.0.1),R,G110,AFXRA,CI_T,SHRO_PT,A,1998,90.2829805833637,0,,,,_T,,,SHRO,PT,O,,
dataflow,IMF.STA:COFER(7.0.1),R,G110,AFXRA,CI_T,SHRO_PT,A,1999,89.8907248969251,0,,,,_T,,,SHRO,PT,O,,
dataflow,IMF.STA:COFER(7.0.1),R,G110,AFXRA,CI_T,SHRO_PT,Q,1999-Q1,90.3245599872728,0,,,,_T,,,SHRO,PT,O,,
dataflow,IMF.STA:COFER(7.0.1),R,G110,AFXRA,CI_T,SHRO_PT,Q,1999-Q2,90.063996191854,0,,,,_T,,,SHRO,PT,O,,
dataflow,IMF.STA:COFER(7.0.1),R,G110,AFXRA,CI_T,SHRO_PT,Q,1999-Q3,90.0793554308925,0,,,,_T,,,SHRO,PT,O,,
dataflow,IMF.STA:COFER(7.0.1),R,G110,AFXRA,CI_T,SHRO_PT,Q,1999-Q4,89.8907248969251,0,,,,_T,,,SHRO,PT,O,,
dataflow,IMF.STA:COFER(7.0.1),R,G110,AFXRA,CI_USD,NV_USD,A,1995,414061497000,6,,,,USD,CO,NV,,USD,O,,
dataflow,IMF.STA:COFER(7.0.1),R,G110,AFXRA,CI_USD,NV_USD,A,1996,526181637000,6,,,,USD,CO,NV,,USD,O,,
dataflow,IMF.STA:COFER(7.0.1),R,G110,AFXRA,CI_USD,NV_USD,A,1997,557808813000,6,,,,USD,CO,NV,,USD,O,,
dataflow,IMF.STA:COFER(7.0.1),R,G110,AFXRA,CI_USD,NV_USD,A,1998,620300700000,6,,,,USD,CO,NV,,USD,O,,
dataflow,IMF.STA:COFER(7.0.1),R,G110,AFXRA,CI_USD,NV_USD,A,1999,707130668271.483,6,,,,USD,CO,NV,,USD,O,,
dataflow,IMF.STA:COFER(7.0.1),R,G110,AFXRA,CI_USD,NV_USD,Q,1999-Q1,628575159960.097,6,,,,USD,CO,NV,,USD,O,,
dataflow,IMF.STA:COFER(7.0.1),R,G110,AFXRA,CI_USD,NV_USD,Q,1999-Q2,648626206799.319,6,,,,USD,CO,NV,,USD,O,,
dataflow,IMF.STA:COFER(7.0.1),R,G110,AFXRA,CI_USD,NV_USD,Q,1999-Q3,668058922000,6,,,,USD,CO,NV,,USD,O,,
dataflow,IMF.STA:COFER(7.0.1),R,G110,AFXRA,CI_USD,NV_USD,Q,1999-Q4,707130668271.483,6,,,,USD,CO,NV,,USD,O,,
dataflow,IMF.STA:COFER(7.0.1),R,G110,AFXRA,CI_USD,SHRO_PT,A,1995,53.8929155466263,0,,,,USD,,,SHRO,PT,O,,
dataflow,IMF.STA:COFER(7.0.1),R,G110,AFXRA,CI_USD,SHRO_PT,A,1996,57.6362719412854,0,,,,USD,,,SHRO,PT,O,,
dataflow,IMF.STA:COFER(7.0.1),R,G110,AFXRA,CI_USD,SHRO_PT,A,1997,61.0307139589779,0,,,,USD,,,SHRO,PT,O,,
dataflow,IMF.STA:COFER(7.0.1),R,G110,AFXRA,CI_USD,SHRO_PT,A,1998,66.8925590140684,0,,,,USD,,,SHRO,PT,O,,
dataflow,IMF.STA:COFER(7.0.1),R,G110,AFXRA,CI_USD,SHRO_PT,A,1999,69.8192591701992,0,,,,USD,,,SHRO,PT,O,,
dataflow,IMF.STA:COFER(7.0.1),R,G110,AFXRA,CI_USD,SHRO_PT,Q,1999-Q1,69.7471371813257,0,,,,USD,,,SHRO,PT,O,,
dataflow,IMF.STA:COFER(7.0.1),R,G110,AFXRA,CI_USD,SHRO_PT,Q,1999-Q2,70.4055086862338,0,,,,USD,,,SHRO,PT,O,,
dataflow,IMF.STA:COFER(7.0.1),R,G110,AFXRA,CI_USD,SHRO_PT,Q,1999-Q3,68.9731290286885,0,,,,USD,,,SHRO,PT,O,,
dataflow,IMF.STA:COFER(7.0.1),R,G110,AFXRA,CI_USD,SHRO_PT,Q,1999-Q4,69.8192591701992,0,,,,USD,,,SHRO,PT,O,,
dataflow,IMF.STA:COFER(7.0.1),R,G110,TFXRA,CI_T,NV_USD,A,1995,935656614757.894,6,,,,_T,CO,NV,,USD,O,OL,
dataflow,IMF.STA:COFER(7.0.1),R,G110,TFXRA,CI_T,NV_USD,A,1996,1020220978354.17,6,,,,_T,CO,NV,,USD,O,OL,
dataflow,IMF.STA:COFER(7.0.1),R,G110,TFXRA,CI_T,NV_USD,A,1997,1014298482561.91,6,,,,_T,CO,NV,,USD,O,OL,
dataflow,IMF.STA:COFER(7.0.1),R,G110,TFXRA,CI_T,NV_USD,A,1998,1027113819247.21,6,,,,_T,CO,NV,,USD,O,OL,
dataflow,IMF.STA:COFER(7.0.1),R,G110,TFXRA,CI_T,NV_USD,A,1999,1126703268002.96,6,,,,_T,CO,NV,,USD,O,OL,
dataflow,IMF.STA:COFER(7.0.1),R,G110,TFXRA,CI_T,NV_USD,Q,1999-Q1,997757436991.067,6,,,,_T,CO,NV,,USD,O,OL,
dataflow,IMF.STA:COFER(7.0.1),R,G110,TFXRA,CI_T,NV_USD,Q,1999-Q2,1022908148273.57,6,,,,_T,CO,NV,,USD,O,OL,
dataflow,IMF.STA:COFER(7.0.1),R,G110,TFXRA,CI_T,NV_USD,Q,1999-Q3,1075250293884.57,6,,,,_T,CO,NV,,USD,O,OL,
dataflow,IMF.STA:COFER(7.0.1),R,G110,TFXRA,CI_T,NV_USD,Q,1999-Q4,1126703268002.96,6,,,,_T,CO,NV,,USD,O,OL,
dataflow,IMF.STA:COFER(7.0.1),R,G110,UFXRA,CI_T,NV_USD,A,1995,167352482757.894,6,,,,_T,CO,NV,,USD,O,,
dataflow,IMF.STA:COFER(7.0.1),R,G110,UFXRA,CI_T,NV_USD,A,1996,107286086354.173,6,,,,_T,CO,NV,,USD,O,,
dataflow,IMF.STA:COFER(7.0.1),R,G110,UFXRA,CI_T,NV_USD,A,1997,100318001561.91,6,,,,_T,CO,NV,,USD,O,,
dataflow,IMF.STA:COFER(7.0.1),R,G110,UFXRA,CI_T,NV_USD,A,1998,99804849247.2056,6,,,,_T,CO,NV,,USD,O,,
dataflow,IMF.STA:COFER(7.0.1),R,G110,UFXRA,CI_T,NV_USD,A,1999,113901532957.754,6,,,,_T,CO,NV,,USD,O,,
dataflow,IMF.STA:COFER(7.0.1),R,G110,UFXRA,CI_T,NV_USD,Q,1999-Q1,96537422288.5953,6,,,,_T,CO,NV,,USD,O,,
dataflow,IMF.STA:COFER(7.0.1),R,G110,UFXRA,CI_T,NV_USD,Q,1999-Q2,101636192566.297,6,,,,_T,CO,NV,,USD,O,,
dataflow,IMF.STA:COFER(7.0.1),R,G110,UFXRA,CI_T,NV_USD,Q,1999-Q3,106671759884.572,6,,,,_T,CO,NV,,USD,O,,
dataflow,IMF.STA:COFER(7.0.1),R,G110,UFXRA,CI_T,NV_USD,Q,1999-Q4,113901532957.754,6,,,,_T,CO,NV,,USD,O,,
dataflow,IMF.STA:COFER(7.0.1),R,G110,UFXRA,CI_T,SHRO_PT,A,1995,17.8861005328539,0,,,,_T,,,SHRO,PT,O,,
dataflow,IMF.STA:COFER(7.0.1),R,G110,UFXRA,CI_T,SHRO_PT,A,1996,10.5159655241797,0,,,,_T,,,SHRO,PT,O,,
dataflow,IMF.STA:COFER(7.0.1),R,G110,UFXRA,CI_T,SHRO_PT,A,1997,9.89038269174251,0,,,,_T,,,SHRO,PT,O,,
dataflow,IMF.STA:COFER(7.0.1),R,G110,UFXRA,CI_T,SHRO_PT,A,1998,9.71701941663629,0,,,,_T,,,SHRO,PT,O,,
dataflow,IMF.STA:COFER(7.0.1),R,G110,UFXRA,CI_T,SHRO_PT,A,1999,10.1092751030749,0,,,,_T,,,SHRO,PT,O,,
dataflow,IMF.STA:COFER(7.0.1),R,G110,UFXRA,CI_T,SHRO_PT,Q,1999-Q1,9.67544001272722,0,,,,_T,,,SHRO,PT,O,,
dataflow,IMF.STA:COFER(7.0.1),R,G110,UFXRA,CI_T,SHRO_PT,Q,1999-Q2,9.93600380814598,0,,,,_T,,,SHRO,PT,O,,
dataflow,IMF.STA:COFER(7.0.1),R,G110,UFXRA,CI_T,SHRO_PT,Q,1999-Q3,9.92064456910751,0,,,,_T,,,SHRO,PT,O,,
dataflow,IMF.STA:COFER(7.0.1),R,G110,UFXRA,CI_T,SHRO_PT,Q,1999-Q4,10.1092751030749,0,,,,_T,,,SHRO,PT,O,,
dataflow,IMF.STA:COFER(7.0.1),R,G200,AFXRA,CI_CHF,NV_USD,A,1995,2035748709,6,,,,CHF,CO,NV,,USD,O,,
dataflow,IMF.STA:COFER(7.0.1),R,G200,AFXRA,CI_CHF,NV_USD,A,1996,2253805000,6,,,,CHF,CO,NV,,USD,O,,
dataflow,IMF.STA:COFER(7.0.1),R,G200,AFXRA,CI_CHF,NV_USD,A,1997,2175258200,6,,,,CHF,CO,NV,,USD,O,,
dataflow,IMF.STA:COFER(7.0.1),R,G200,AFXRA,CI_CHF,NV_USD,A,1998,2024091079.96558,6,,,,CHF,CO,NV,,USD,O,,
dataflow,IMF.STA:COFER(7.0.1),R,G200,AFXRA,CI_CHF,NV_USD,A,1999,1833679586.2403,6,,,,CHF,CO,NV,,USD,O,,
dataflow,IMF.STA:COFER(7.0.1),R,G200,AFXRA,CI_CHF,NV_USD,Q,1999-Q1,1848003497.62,6,,,,CHF,CO,NV,,USD,O,,
dataflow,IMF.STA:COFER(7.0.1),R,G200,AFXRA,CI_CHF,NV_USD,Q,1999-Q2,1806910912.1,6,,,,CHF,CO,NV,,USD,O,,
dataflow,IMF.STA:COFER(7.0.1),R,G200,AFXRA,CI_CHF,NV_USD,Q,1999-Q3,1831042202.2,6,,,,CHF,CO,NV,,USD,O,,
dataflow,IMF.STA:COFER(7.0.1),R,G200,AFXRA,CI_CHF,NV_USD,Q,1999-Q4,1833679586.2403,6,,,,CHF,CO,NV,,USD,O,,
dataflow,IMF.STA:COFER(7.0.1),R,G200,AFXRA,CI_CHF,SHRO_PT,A,1995,0.762833132677307,0,,,,CHF,,,SHRO,PT,O,,
dataflow,IMF.STA:COFER(7.0.1),R,G200,AFXRA,CI_CHF,SHRO_PT,A,1996,0.719448966748523,0,,,,CHF,,,SHRO,PT,O,,
dataflow,IMF.STA:COFER(7.0.1),R,G200,AFXRA,CI_CHF,SHRO_PT,A,1997,0.605422330599791,0,,,,CHF,,,SHRO,PT,O,,
dataflow,IMF.STA:COFER(7.0.1),R,G200,AFXRA,CI_CHF,SHRO_PT,A,1998,0.569399933142995,0,,,,CHF,,,SHRO,PT,O,,
dataflow,IMF.STA:COFER(7.0.1),R,G200,AFXRA,CI_CHF,SHRO_PT,A,1999,0.499772036097573,0,,,,CHF,,,SHRO,PT,O,,
dataflow,IMF.STA:COFER(7.0.1),R,G200,AFXRA,CI_CHF,SHRO_PT,Q,1999-Q1,0.546432301466155,0,,,,CHF,,,SHRO,PT,O,,
dataflow,IMF.STA:COFER(7.0.1),R,G200,AFXRA,CI_CHF,SHRO_PT,Q,1999-Q2,0.512668932582769,0,,,,CHF,,,SHRO,PT,O,,
dataflow,IMF.STA:COFER(7.0.1),R,G200,AFXRA,CI_CHF,SHRO_PT,Q,1999-Q3,0.514820751848202,0,,,,CHF,,,SHRO,PT,O,,
dataflow,IMF.STA:COFER(7.0.1),R,G200,AFXRA,CI_CHF,SHRO_PT,Q,1999-Q4,0.499772036097573,0,,,,CHF,,,SHRO,PT,O,,
dataflow,IMF.STA:COFER(7.0.1),R,G200,AFXRA,CI_DEM,NV_USD,A,1995,32572769033,6,,,,DEM,CO,NV,,USD,O,,
dataflow,IMF.STA:COFER(7.0.1),R,G200,AFXRA,CI_DEM,NV_USD,A,1996,37454898000,6,,,,DEM,CO,NV,,USD,O,,
dataflow,IMF.STA:COFER(7.0.1),R,G200,AFXRA,CI_DEM,NV_USD,A,1997,44336019000,6,,,,DEM,CO,NV,,USD,O,,
dataflow,IMF.STA:COFER(7.0.1),R,G200,AFXRA,CI_DEM,NV_USD,A,1998,46406929031.4929,6,,,,DEM,CO,NV,,USD,O,,
dataflow,IMF.STA:COFER(7.0.1),R,G200,AFXRA,CI_DEM,SHRO_PT,A,1995,12.2056260340813,0,,,,DEM,,,SHRO,PT,O,,
dataflow,IMF.STA:COFER(7.0.1),R,G200,AFXRA,CI_DEM,SHRO_PT,A,1996,11.9561752972291,0,,,,DEM,,,SHRO,PT,O,,
dataflow,IMF.STA:COFER(7.0.1),R,G200,AFXRA,CI_DEM,SHRO_PT,A,1997,12.339691882323,0,,,,DEM,,,SHRO,PT,O,,
dataflow,IMF.STA:COFER(7.0.1),R,G200,AFXRA,CI_DEM,SHRO_PT,A,1998,13.0547990401465,0,,,,DEM,,,SHRO,PT,O,,
dataflow,IMF.STA:COFER(7.0.1),R,G200,AFXRA,CI_ECU,NV_USD,A,1995,172420000,6,,,,ECU,CO,NV,,USD,O,,
dataflow,IMF.STA:COFER(7.0.1),R,G200,AFXRA,CI_ECU,NV_USD,A,1996,182000000,6,,,,ECU,CO,NV,,USD,O,,
dataflow,IMF.STA:COFER(7.0.1),R,G200,AFXRA,CI_ECU,NV_USD,A,1997,391000000,6,,,,ECU,CO,NV,,USD,O,,
dataflow,IMF.STA:COFER(7.0.1),R,G200,AFXRA,CI_ECU,NV_USD,A,1998,96000000,6,,,,ECU,CO,NV,,USD,O,,
dataflow,IMF.STA:COFER(7.0.1),R,G200,AFXRA,CI_ECU,SHRO_PT,A,1995,0.0646090001947393,0,,,,ECU,,,SHRO,PT,O,,
dataflow,IMF.STA:COFER(7.0.1),R,G200,AFXRA,CI_ECU,SHRO_PT,A,1996,0.0580971787480422,0,,,,ECU,,,SHRO,PT,O,,
dataflow,IMF.STA:COFER(7.0.1),R,G200,AFXRA,CI_ECU,SHRO_PT,A,1997,0.108823923185081,0,,,,ECU,,,SHRO,PT,O,,
dataflow,IMF.STA:COFER(7.0.1),R,G200,AFXRA,CI_ECU,SHRO_PT,A,1998,0.0270058961885535,0,,,,ECU,,,SHRO,PT,O,,
dataflow,IMF.STA:COFER(7.0.1),R,G200,AFXRA,CI_EUR,NV_USD,A,1999,63575662079.1551,6,,,,EUR,CO,NV,,USD,O,,
dataflow,IMF.STA:COFER(7.0.1),R,G200,AFXRA,CI_EUR,NV_USD,Q,1999-Q1,55830450083.04,6,,,,EUR,CO,NV,,USD,O,,
dataflow,IMF.STA:COFER(7.0.1),R,G200,AFXRA,CI_EUR,NV_USD,Q,1999-Q2,55092440662.4,6,,,,EUR,CO,NV,,USD,O,,
dataflow,IMF.STA:COFER(7.0.1),R,G200,AFXRA,CI_EUR,NV_USD,Q,1999-Q3,59642400031.22,6,,,,EUR,CO,NV,,USD,O,,
dataflow,IMF.STA:COFER(7.0.1),R,G200,AFXRA,CI_EUR,NV_USD,Q,1999-Q4,63575662079.1551,6,,,,EUR,CO,NV,,USD,O,,
dataflow,IMF.STA:COFER(7.0.1),R,G200,AFXRA,CI_EUR,SHRO_PT,A,1999,17.3276390935329,0,,,,EUR,,,SHRO,PT,O,,
dataflow,IMF.STA:COFER(7.0.1),R,G200,AFXRA,CI_EUR,SHRO_PT,Q,1999-Q1,16.5083893889037,0,,,,EUR,,,SHRO,PT,O,,
dataflow,IMF.STA:COFER(7.0.1),R,G200,AFXRA,CI_EUR,SHRO_PT,Q,1999-Q2,15.6311982835649,0,,,,EUR,,,SHRO,PT,O,,
dataflow,IMF.STA:COFER(7.0.1),R,G200,AFXRA,CI_EUR,SHRO_PT,Q,1999-Q3,16.7692176560494,0,,,,EUR,,,SHRO,PT,O,,
dataflow,IMF.STA:COFER(7.0.1),R,G200,AFXRA,CI_EUR,SHRO_PT,Q,1999-Q4,17.3276390935329,0,,,,EUR,,,SHRO,PT,O,,
dataflow,IMF.STA:COFER(7.0.1),R,G200,AFXRA,CI_FRF,NV_USD,A,1995,6998291776,6,,,,FRF,CO,NV,,USD,O,,
dataflow,IMF.STA:COFER(7.0.1),R,G200,AFXRA,CI_FRF,NV_USD,A,1996,7598689000,6,,,,FRF,CO,NV,,USD,O,,
dataflow,IMF.STA:COFER(7.0.1),R,G200,AFXRA,CI_FRF,NV_USD,A,1997,7596973000,6,,,,FRF,CO,NV,,USD,O,,
dataflow,IMF.STA:COFER(7.0.1),R,G200,AFXRA,CI_FRF,NV_USD,A,1998,7851383466.143,6,,,,FRF,CO,NV,,USD,O,,
dataflow,IMF.STA:COFER(7.0.1),R,G200,AFXRA,CI_FRF,SHRO_PT,A,1995,2.62239087529536,0,,,,FRF,,,SHRO,PT,O,,
dataflow,IMF.STA:COFER(7.0.1),R,G200,AFXRA,CI_FRF,SHRO_PT,A,1996,2.42561754441638,0,,,,FRF,,,SHRO,PT,O,,
dataflow,IMF.STA:COFER(7.0.1),R,G200,AFXRA,CI_FRF,SHRO_PT,A,1997,2.11440513092362,0,,,,FRF,,,SHRO,PT,O,,
dataflow,IMF.STA:COFER(7.0.1),R,G200,AFXRA,CI_FRF,SHRO_PT,A,1998,2.20868382107483,0,,,,FRF,,,SHRO,PT,O,,
dataflow,IMF.STA:COFER(7.0.1),R,G200,AFXRA,CI_GBP,NV_USD,A,1995,5860240308,6,,,,GBP,CO,NV,,USD,O,,
dataflow,IMF.STA:COFER(7.0.1),R,G200,AFXRA,CI_GBP,NV_USD,A,1996,6893472900,6,,,,GBP,CO,NV,,USD,O,,
dataflow,IMF.STA:COFER(7.0.1),R,G200,AFXRA,CI_GBP,NV_USD,A,1997,8172374000,6,,,,GBP,CO,NV,,USD,O,,
dataflow,IMF.STA:COFER(7.0.1),R,G200,AFXRA,CI_GBP,NV_USD,A,1998,8021989729.15783,6,,,,GBP,CO,NV,,USD,O,,
dataflow,IMF.STA:COFER(7.0.1),R,G200,AFXRA,CI_GBP,NV_USD,A,1999,9309340796.35553,6,,,,GBP,CO,NV,,USD,O,,
dataflow,IMF.STA:COFER(7.0.1),R,G200,AFXRA,CI_GBP,NV_USD,Q,1999-Q1,7796471598,6,,,,GBP,CO,NV,,USD,O,,
dataflow,IMF.STA:COFER(7.0.1),R,G200,AFXRA,CI_GBP,NV_USD,Q,1999-Q2,7953403457,6,,,,GBP,CO,NV,,USD,O,,
dataflow,IMF.STA:COFER(7.0.1),R,G200,AFXRA,CI_GBP,NV_USD,Q,1999-Q3,7863840618.06,6,,,,GBP,CO,NV,,USD,O,,
dataflow,IMF.STA:COFER(7.0.1),R,G200,AFXRA,CI_GBP,NV_USD,Q,1999-Q4,9309340796.35553,6,,,,GBP,CO,NV,,USD,O,,
dataflow,IMF.STA:COFER(7.0.1),R,G200,AFXRA,CI_GBP,SHRO_PT,A,1995,2.19594169586354,0,,,,GBP,,,SHRO,PT,O,,
dataflow,IMF.STA:COFER(7.0.1),R,G200,AFXRA,CI_GBP,SHRO_PT,A,1996,2.2005017981653,0,,,,GBP,,,SHRO,PT,O,,
dataflow,IMF.STA:COFER(7.0.1),R,G200,AFXRA,CI_GBP,SHRO_PT,A,1997,2.27455191922188,0,,,,GBP,,,SHRO,PT,O,,
dataflow,IMF.STA:COFER(7.0.1),R,G200,AFXRA,CI_GBP,SHRO_PT,A,1998,2.25667731095082,0,,,,GBP,,,SHRO,PT,O,,
dataflow,IMF.STA:COFER(7.0.1),R,G200,AFXRA,CI_GBP,SHRO_PT,A,1999,2.53727436321642,0,,,,GBP,,,SHRO,PT,O,,
dataflow,IMF.STA:COFER(7.0.1),R,G200,AFXRA,CI_GBP,SHRO_PT,Q,1999-Q1,2.30532243261299,0,,,,GBP,,,SHRO,PT,O,,
dataflow,IMF.STA:COFER(7.0.1),R,G200,AFXRA,CI_GBP,SHRO_PT,Q,1999-Q2,2.25659319084052,0,,,,GBP,,,SHRO,PT,O,,
dataflow,IMF.STA:COFER(7.0.1),R,G200,AFXRA,CI_GBP,SHRO_PT,Q,1999-Q3,2.21101858522968,0,,,,GBP,,,SHRO,PT,O,,
dataflow,IMF.STA:COFER(7.0.1),R,G200,AFXRA,CI_GBP,SHRO_PT,Q,1999-Q4,2.53727436321642,0,,,,GBP,,,SHRO,PT,O,,
dataflow,IMF.STA:COFER(7.0.1),R,G200,AFXRA,CI_JPY,NV_USD,A,1995,15946459145,6,,,,JPY,CO,NV,,USD,O,,
dataflow,IMF.STA:COFER(7.0.1),R,G200,AFXRA,CI_JPY,NV_USD,A,1996,17358388000,6,,,,JPY,CO,NV,,USD,O,,
dataflow,IMF.STA:COFER(7.0.1),R,G200,AFXRA,CI_JPY,NV_USD,A,1997,16326258000,6,,,,JPY,CO,NV,,USD,O,,
dataflow,IMF.STA:COFER(7.0.1),R,G200,AFXRA,CI_JPY,NV_USD,A,1998,14054066412.4839,6,,,,JPY,CO,NV,,USD,O,,
dataflow,IMF.STA:COFER(7.0.1),R,G200,AFXRA,CI_JPY,NV_USD,A,1999,14485494853.076,6,,,,JPY,CO,NV,,USD,O,,
dataflow,IMF.STA:COFER(7.0.1),R,G200,AFXRA,CI_JPY,NV_USD,Q,1999-Q1,14319979464.22,6,,,,JPY,CO,NV,,USD,O,,
dataflow,IMF.STA:COFER(7.0.1),R,G200,AFXRA,CI_JPY,NV_USD,Q,1999-Q2,13092845820.34,6,,,,JPY,CO,NV,,USD,O,,
dataflow,IMF.STA:COFER(7.0.1),R,G200,AFXRA,CI_JPY,NV_USD,Q,1999-Q3,13936310366.9,6,,,,JPY,CO,NV,,USD,O,,
dataflow,IMF.STA:COFER(7.0.1),R,G200,AFXRA,CI_JPY,NV_USD,Q,1999-Q4,14485494853.076,6,,,,JPY,CO,NV,,USD,O,,
dataflow,IMF.STA:COFER(7.0.1),R,G200,AFXRA,CI_JPY,SHRO_PT,A,1995,5.97543661990898,0,,,,JPY,,,SHRO,PT,O,,
dataflow,IMF.STA:COFER(7.0.1),R,G200,AFXRA,CI_JPY,SHRO_PT,A,1996,5.54106247480149,0,,,,JPY,,,SHRO,PT,O,,
dataflow,IMF.STA:COFER(7.0.1),R,G200,AFXRA,CI_JPY,SHRO_PT,A,1997,4.54395766366194,0,,,,JPY,,,SHRO,PT,O,,
dataflow,IMF.STA:COFER(7.0.1),R,G200,AFXRA,CI_JPY,SHRO_PT,A,1998,3.95356936002684,0,,,,JPY,,,SHRO,PT,O,,
dataflow,IMF.STA:COFER(7.0.1),R,G200,AFXRA,CI_JPY,SHRO_PT,A,1999,3.9480426738273,0,,,,JPY,,,SHRO,PT,O,,
dataflow,IMF.STA:COFER(7.0.1),R,G200,AFXRA,CI_JPY,SHRO_PT,Q,1999-Q1,4.23424487326962,0,,,,JPY,,,SHRO,PT,O,,
dataflow,IMF.STA:COFER(7.0.1),R,G200,AFXRA,CI_JPY,SHRO_PT,Q,1999-Q2,3.71479038962879,0,,,,JPY,,,SHRO,PT,O,,
dataflow,IMF.STA:COFER(7.0.1),R,G200,AFXRA,CI_JPY,SHRO_PT,Q,1999-Q3,3.91837051732447,0,,,,JPY,,,SHRO,PT,O,,
dataflow,IMF.STA:COFER(7.0.1),R,G200,AFXRA,CI_JPY,SHRO_PT,Q,1999-Q4,3.9480426738273,0,,,,JPY,,,SHRO,PT,O,,
dataflow,IMF.STA:COFER(7.0.1),R,G200,AFXRA,CI_NLG,NV_USD,A,1995,899306785,6,,,,NLG,CO,NV,,USD,O,,
dataflow,IMF.STA:COFER(7.0.1),R,G200,AFXRA,CI_NLG,NV_USD,A,1996,455638000,6,,,,NLG,CO,NV,,USD,O,,
dataflow,IMF.STA:COFER(7.0.1),R,G200,AFXRA,CI_NLG,NV_USD,A,1997,1206480000,6,,,,NLG,CO,NV,,USD,O,,
dataflow,IMF.STA:COFER(7.0.1),R,G200,AFXRA,CI_NLG,NV_USD,A,1998,500095866.752563,6,,,,NLG,CO,NV,,USD,O,,
dataflow,IMF.STA:COFER(7.0.1),R,G200,AFXRA,CI_NLG,SHRO_PT,A,1995,0.336987079498871,0,,,,NLG,,,SHRO,PT,O,,
dataflow,IMF.STA:COFER(7.0.1),R,G200,AFXRA,CI_NLG,SHRO_PT,A,1996,0.145446606210991,0,,,,NLG,,,SHRO,PT,O,,
dataflow,IMF.STA:COFER(7.0.1),R,G200,AFXRA,CI_NLG,SHRO_PT,A,1997,0.33578999192925,0,,,,NLG,,,SHRO,PT,O,,
dataflow,IMF.STA:COFER(7.0.1),R,G200,AFXRA,CI_NLG,SHRO_PT,A,1998,0.140682677727546,0,,,,NLG,,,SHRO,PT,O,,
dataflow,IMF.STA:COFER(7.0.1),R,G200,AFXRA,CI_OTHC,NV_USD,A,1995,6106422730,6,,,,OTHC,CO,NV,,USD,O,,
dataflow,IMF.STA:COFER(7.0.1),R,G200,AFXRA,CI_OTHC,NV_USD,A,1996,7211527000,6,,,,OTHC,CO,NV,,USD,O,,
dataflow,IMF.STA:COFER(7.0.1),R,G200,AFXRA,CI_OTHC,NV_USD,A,1997,8013365000,6,,,,OTHC,CO,NV,,USD,O,,
dataflow,IMF.STA:COFER(7.0.1),R,G200,AFXRA,CI_OTHC,NV_USD,A,1998,8100112528.7132,6,,,,OTHC,CO,NV,,USD,O,,
dataflow,IMF.STA:COFER(7.0.1),R,G200,AFXRA,CI_OTHC,NV_USD,A,1999,5046973448,6,,,,OTHC,CO,NV,,USD,O,,
dataflow,IMF.STA:COFER(7.0.1),R,G200,AFXRA,CI_OTHC,NV_USD,Q,1999-Q1,4649554288.88,6,,,,OTHC,CO,NV,,USD,O,,
dataflow,IMF.STA:COFER(7.0.1),R,G200,AFXRA,CI_OTHC,NV_USD,Q,1999-Q2,4447280228.35,6,,,,OTHC,CO,NV,,USD,O,,
dataflow,IMF.STA:COFER(7.0.1),R,G200,AFXRA,CI_OTHC,NV_USD,Q,1999-Q3,4412298123.99,6,,,,OTHC,CO,NV,,USD,O,,
dataflow,IMF.STA:COFER(7.0.1),R,G200,AFXRA,CI_OTHC,NV_USD,Q,1999-Q4,5046973448,6,,,,OTHC,CO,NV,,USD,O,,
dataflow,IMF.STA:COFER(7.0.1),R,G200,AFXRA,CI_OTHC,SHRO_PT,A,1995,2.28819085576923,0,,,,OTHC,,,SHRO,PT,O,,
dataflow,IMF.STA:COFER(7.0.1),R,G200,AFXRA,CI_OTHC,SHRO_PT,A,1996,2.30202952288644,0,,,,OTHC,,,SHRO,PT,O,,
dataflow,IMF.STA:COFER(7.0.1),R,G200,AFXRA,CI_OTHC,SHRO_PT,A,1997,2.23029620770849,0,,,,OTHC,,,SHRO,PT,O,,
dataflow,IMF.STA:COFER(7.0.1),R,G200,AFXRA,CI_OTHC,SHRO_PT,A,1998,2.27865414652115,0,,,,OTHC,,,SHRO,PT,O,,
dataflow,IMF.STA:COFER(7.0.1),R,G200,AFXRA,CI_OTHC,SHRO_PT,A,1999,1.37555994796727,0,,,,OTHC,,,SHRO,PT,O,,
dataflow,IMF.STA:COFER(7.0.1),R,G200,AFXRA,CI_OTHC,SHRO_PT,Q,1999-Q1,1.37481701421918,0,,,,OTHC,,,SHRO,PT,O,,
dataflow,IMF.STA:COFER(7.0.1),R,G200,AFXRA,CI_OTHC,SHRO_PT,Q,1999-Q2,1.26181229649825,0,,,,OTHC,,,SHRO,PT,O,,
dataflow,IMF.STA:COFER(7.0.1),R,G200,AFXRA,CI_OTHC,SHRO_PT,Q,1999-Q3,1.24057361148841,0,,,,OTHC,,,SHRO,PT,O,,
dataflow,IMF.STA:COFER(7.0.1),R,G200,AFXRA,CI_OTHC,SHRO_PT,Q,1999-Q4,1.37555994796727,0,,,,OTHC,,,SHRO,PT,O,,
dataflow,IMF.STA:COFER(7.0.1),R,G200,AFXRA,CI_T,NV_USD,A,1995,266866844372,6,,,,_T,CO,NV,,USD,O,,
dataflow,IMF.STA:COFER(7.0.1),R,G200,AFXRA,CI_T,NV_USD,A,1996,313268223900,6,,,,_T,CO,NV,,USD,O,,
dataflow,IMF.STA:COFER(7.0.1),R,G200,AFXRA,CI_T,NV_USD,A,1997,359295997200,6,,,,_T,CO,NV,,USD,O,,
dataflow,IMF.STA:COFER(7.0.1),R,G200,AFXRA,CI_T,NV_USD,A,1998,355477927226.461,6,,,,_T,CO,NV,,USD,O,,
dataflow,IMF.STA:COFER(7.0.1),R,G200,AFXRA,CI_T,NV_USD,A,1999,366903198618,6,,,,_T,CO,NV,,USD,O,,
dataflow,IMF.STA:COFER(7.0.1),R,G200,AFXRA,CI_T,NV_USD,Q,1999-Q1,338194409931.76,6,,,,_T,CO,NV,,USD,O,,
dataflow,IMF.STA:COFER(7.0.1),R,G200,AFXRA,CI_T,NV_USD,Q,1999-Q2,352451806080.19,6,,,,_T,CO,NV,,USD,O,,
dataflow,IMF.STA:COFER(7.0.1),R,G200,AFXRA,CI_T,NV_USD,Q,1999-Q3,355665966382.78,6,,,,_T,CO,NV,,USD,O,,
dataflow,IMF.STA:COFER(7.0.1),R,G200,AFXRA,CI_T,NV_USD,Q,1999-Q4,366903198618,6,,,,_T,CO,NV,,USD,O,,
dataflow,IMF.STA:COFER(7.0.1),R,G200,AFXRA,CI_T,SHRO_PT,A,1995,58.7605374765324,0,,,,_T,,,SHRO,PT,O,,
dataflow,IMF.STA:COFER(7.0.1),R,G200,AFXRA,CI_T,SHRO_PT,A,1996,57.3697278369279,0,,,,_T,,,SHRO,PT,O,,
dataflow,IMF.STA:COFER(7.0.1),R,G200,AFXRA,CI_T,SHRO_PT,A,1997,59.6891000024661,0,,,,_T,,,SHRO,PT,O,,
dataflow,IMF.STA:COFER(7.0.1),R,G200,AFXRA,CI_T,SHRO_PT,A,1998,57.6410252151806,0,,,,_T,,,SHRO,PT,O,,
dataflow,IMF.STA:COFER(7.0.1),R,G200,AFXRA,CI_T,SHRO_PT,A,1999,55.9301236759899,0,,,,_T,,,SHRO,PT,O,,
dataflow,IMF.STA:COFER(7.0.1),R,G200,AFXRA,CI_T,SHRO_PT,Q,1999-Q1,55.6095942102772,0,,,,_T,,,SHRO,PT,O,,
dataflow,IMF.STA:COFER(7.0.1),R,G200,AFXRA,CI_T,SHRO_PT,Q,1999-Q2,56.4985520141024,0,,,,_T,,,SHRO,PT,O,,
dataflow,IMF.STA:COFER(7.0.1),R,G200,AFXRA,CI_T,SHRO_PT,Q,1999-Q3,55.6738078899821,0,,,,_T,,,SHRO,PT,O,,
dataflow,IMF.STA:COFER(7.0.1),R,G200,AFXRA,CI_T,SHRO_PT,Q,1999-Q4,55.9301236759899,0,,,,_T,,,SHRO,PT,O,,
dataflow,IMF.STA:COFER(7.0.1),R,G200,AFXRA,CI_USD,NV_USD,A,1995,196275185886,6,,,,USD,CO,NV,,USD,O,,
dataflow,IMF.STA:COFER(7.0.1),R,G200,AFXRA,CI_USD,NV_USD,A,1996,233859806000,6,,,,USD,CO,NV,,USD,O,,
dataflow,IMF.STA:COFER(7.0.1),R,G200,AFXRA,CI_USD,NV_USD,A,1997,271078270000,6,,,,USD,CO,NV,,USD,O,,
dataflow,IMF.STA:COFER(7.0.1),R,G200,AFXRA,CI_USD,NV_USD,A,1998,268423259111.752,6,,,,USD,CO,NV,,USD,O,,
dataflow,IMF.STA:COFER(7.0.1),R,G200,AFXRA,CI_USD,NV_USD,A,1999,272652047855.173,6,,,,USD,CO,NV,,USD,O,,
dataflow,IMF.STA:COFER(7.0.1),R,G200,AFXRA,CI_USD,NV_USD,Q,1999-Q1,253749951000,6,,,,USD,CO,NV,,USD,O,,
dataflow,IMF.STA:COFER(7.0.1),R,G200,AFXRA,CI_USD,NV_USD,Q,1999-Q2,270058925000,6,,,,USD,CO,NV,,USD,O,,
dataflow,IMF.STA:COFER(7.0.1),R,G200,AFXRA,CI_USD,NV_USD,Q,1999-Q3,267980075040.41,6,,,,USD,CO,NV,,USD,O,,
dataflow,IMF.STA:COFER(7.0.1),R,G200,AFXRA,CI_USD,NV_USD,Q,1999-Q4,272652047855.173,6,,,,USD,CO,NV,,USD,O,,
dataflow,IMF.STA:COFER(7.0.1),R,G200,AFXRA,CI_USD,SHRO_PT,A,1995,73.5479847067107,0,,,,USD,,,SHRO,PT,O,,
dataflow,IMF.STA:COFER(7.0.1),R,G200,AFXRA,CI_USD,SHRO_PT,A,1996,74.6516206107938,0,,,,USD,,,SHRO,PT,O,,
dataflow,IMF.STA:COFER(7.0.1),R,G200,AFXRA,CI_USD,SHRO_PT,A,1997,75.4470609504469,0,,,,USD,,,SHRO,PT,O,,
dataflow,IMF.STA:COFER(7.0.1),R,G200,AFXRA,CI_USD,SHRO_PT,A,1998,75.5105278142207,0,,,,USD,,,SHRO,PT,O,,
dataflow,IMF.STA:COFER(7.0.1),R,G200,AFXRA,CI_USD,SHRO_PT,A,1999,74.3117118853586,0,,,,USD,,,SHRO,PT,O,,
dataflow,IMF.STA:COFER(7.0.1),R,G200,AFXRA,CI_USD,SHRO_PT,Q,1999-Q1,75.0307939895284,0,,,,USD,,,SHRO,PT,O,,
dataflow,IMF.STA:COFER(7.0.1),R,G200,AFXRA,CI_USD,SHRO_PT,Q,1999-Q2,76.6229369068848,0,,,,USD,,,SHRO,PT,O,,
dataflow,IMF.STA:COFER(7.0.1),R,G200,AFXRA,CI_USD,SHRO_PT,Q,1999-Q3,75.3459988780598,0,,,,USD,,,SHRO,PT,O,,
dataflow,IMF.STA:COFER(7.0.1),R,G200,AFXRA,CI_USD,SHRO_PT,Q,1999-Q4,74.3117118853586,0,,,,USD,,,SHRO,PT,O,,
dataflow,IMF.STA:COFER(7.0.1),R,G200,TFXRA,CI_T,NV_USD,A,1995,454159978503.567,6,,,,_T,CO,NV,,USD,O,OL,
dataflow,IMF.STA:COFER(7.0.1),R,G200,TFXRA,CI_T,NV_USD,A,1996,546051438121.613,6,,,,_T,CO,NV,,USD,O,OL,
dataflow,IMF.STA:COFER(7.0.1),R,G200,TFXRA,CI_T,NV_USD,A,1997,601945744172.982,6,,,,_T,CO,NV,,USD,O,OL,
dataflow,IMF.STA:COFER(7.0.1),R,G200,TFXRA,CI_T,NV_USD,A,1998,616709931683.938,6,,,,_T,CO,NV,,USD,O,OL,
dataflow,IMF.STA:COFER(7.0.1),R,G200,TFXRA,CI_T,NV_USD,A,1999,656002838011.794,6,,,,_T,CO,NV,,USD,O,OL,
dataflow,IMF.STA:COFER(7.0.1),R,G200,TFXRA,CI_T,NV_USD,Q,1999-Q1,608158384779.687,6,,,,_T,CO,NV,,USD,O,OL,
dataflow,IMF.STA:COFER(7.0.1),R,G200,TFXRA,CI_T,NV_USD,Q,1999-Q2,623824493753.779,6,,,,_T,CO,NV,,USD,O,OL,
dataflow,IMF.STA:COFER(7.0.1),R,G200,TFXRA,CI_T,NV_USD,Q,1999-Q3,638838943952.993,6,,,,_T,CO,NV,,USD,O,OL,
dataflow,IMF.STA:COFER(7.0.1),R,G200,TFXRA,CI_T,NV_USD,Q,1999-Q4,656002838011.794,6,,,,_T,CO,NV,,USD,O,OL,
dataflow,IMF.STA:COFER(7.0.1),R,G200,UFXRA,CI_T,NV_USD,A,1995,187293134131.567,6,,,,_T,CO,NV,,USD,O,,
dataflow,IMF.STA:COFER(7.0.1),R,G200,UFXRA,CI_T,NV_USD,A,1996,232783214221.613,6,,,,_T,CO,NV,,USD,O,,
dataflow,IMF.STA:COFER(7.0.1),R,G200,UFXRA,CI_T,NV_USD,A,1997,242649746972.982,6,,,,_T,CO,NV,,USD,O,,
dataflow,IMF.STA:COFER(7.0.1),R,G200,UFXRA,CI_T,NV_USD,A,1998,261232004457.476,6,,,,_T,CO,NV,,USD,O,,
dataflow,IMF.STA:COFER(7.0.1),R,G200,UFXRA,CI_T,NV_USD,A,1999,289099639393.794,6,,,,_T,CO,NV,,USD,O,,
dataflow,IMF.STA:COFER(7.0.1),R,G200,UFXRA,CI_T,NV_USD,Q,1999-Q1,269963974847.927,6,,,,_T,CO,NV,,USD,O,,
dataflow,IMF.STA:COFER(7.0.1),R,G200,UFXRA,CI_T,NV_USD,Q,1999-Q2,271372687673.589,6,,,,_T,CO,NV,,USD,O,,
dataflow,IMF.STA:COFER(7.0.1),R,G200,UFXRA,CI_T,NV_USD,Q,1999-Q3,283172977570.213,6,,,,_T,CO,NV,,USD,O,,
dataflow,IMF.STA:COFER(7.0.1),R,G200,UFXRA,CI_T,NV_USD,Q,1999-Q4,289099639393.794,6,,,,_T,CO,NV,,USD,O,,
dataflow,IMF.STA:COFER(7.0.1),R,G200,UFXRA,CI_T,SHRO_PT,A,1995,41.2394625234676,0,,,,_T,,,SHRO,PT,O,,
dataflow,IMF.STA:COFER(7.0.1),R,G200,UFXRA,CI_T,SHRO_PT,A,1996,42.6302721630721,0,,,,_T,,,SHRO,PT,O,,
dataflow,IMF.STA:COFER(7.0.1),R,G200,UFXRA,CI_T,SHRO_PT,A,1997,40.3108999975339,0,,,,_T,,,SHRO,PT,O,,
dataflow,IMF.STA:COFER(7.0.1),R,G200,UFXRA,CI_T,SHRO_PT,A,1998,42.3589747848194,0,,,,_T,,,SHRO,PT,O,,
dataflow,IMF.STA:COFER(7.0.1),R,G200,UFXRA,CI_T,SHRO_PT,A,1999,44.0698763240101,0,,,,_T,,,SHRO,PT,O,,
dataflow,IMF.STA:COFER(7.0.1),R,G200,UFXRA,CI_T,SHRO_PT,Q,1999-Q1,44.3904057897228,0,,,,_T,,,SHRO,PT,O,,
dataflow,IMF.STA:COFER(7.0.1),R,G200,UFXRA,CI_T,SHRO_PT,Q,1999-Q2,43.5014479858976,0,,,,_T,,,SHRO,PT,O,,
dataflow,IMF.STA:COFER(7.0.1),R,G200,UFXRA,CI_T,SHRO_PT,Q,1999-Q3,44.3261921100179,0,,,,_T,,,SHRO,PT,O,,
dataflow,IMF.STA:COFER(7.0.1),R,G200,UFXRA,CI_T,SHRO_PT,Q,1999-Q4,44.0698763240101,0,,,,_T,,,SHRO,PT,O,,
