variable_id,observation_date,value,unit,source_name,source_series_id,raw_file_path,raw_sha256,retrieved_at,validation_status,availability_status,parser_version
L4-003,2020-01-02,1.72,percent,FRED,T5YIE,docs/phase2-ingestion/data/macro/raw/fred/T5YIE-20260821T022309Z.json,ef580e8a42052f19acbf9160806aac8a226a0db96fae0f132bf0944e1dfe12bd,2026-08-21T02:29:31.506808+00:00,PASS,STALE,0.1.0
L4-003,2020-01-03,1.69,percent,FRED,T5YIE,docs/phase2-ingestion/data/macro/raw/fred/T5YIE-20260821T022309Z.json,ef580e8a42052f19acbf9160806aac8a226a0db96fae0f132bf0944e1dfe12bd,2026-08-21T02:29:31.506808+00:00,PASS,STALE,0.1.0
L4-003,2020-01-06,1.69,percent,FRED,T5YIE,docs/phase2-ingestion/data/macro/raw/fred/T5YIE-20260821T022309Z.json,ef580e8a42052f19acbf9160806aac8a226a0db96fae0f132bf0944e1dfe12bd,2026-08-21T02:29:31.506808+00:00,PASS,STALE,0.1.0
L4-003,2020-01-07,1.67,percent,FRED,T5YIE,docs/phase2-ingestion/data/macro/raw/fred/T5YIE-20260821T022309Z.json,ef580e8a42052f19acbf9160806aac8a226a0db96fae0f132bf0944e1dfe12bd,2026-08-21T02:29:31.506808+00:00,PASS,STALE,0.1.0
L4-003,2020-01-08,1.68,percent,FRED,T5YIE,docs/phase2-ingestion/data/macro/raw/fred/T5YIE-20260821T022309Z.json,ef580e8a42052f19acbf9160806aac8a226a0db96fae0f132bf0944e1dfe12bd,2026-08-21T02:29:31.506808+00:00,PASS,STALE,0.1.0
L4-003,2020-01-09,1.67,percent,FRED,T5YIE,docs/phase2-ingestion/data/macro/raw/fred/T5YIE-20260821T022309Z.json,ef580e8a42052f19acbf9160806aac8a226a0db96fae0f132bf0944e1dfe12bd,2026-08-21T02:29:31.506808+00:00,PASS,STALE,0.1.0
L4-003,2020-01-10,1.67,percent,FRED,T5YIE,docs/phase2-ingestion/data/macro/raw/fred/T5YIE-20260821T022309Z.json,ef580e8a42052f19acbf9160806aac8a226a0db96fae0f132bf0944e1dfe12bd,2026-08-21T02:29:31.506808+00:00,PASS,STALE,0.1.0
L4-003,2020-01-13,1.7,percent,FRED,T5YIE,docs/phase2-ingestion/data/macro/raw/fred/T5YIE-20260821T022309Z.json,ef580e8a42052f19acbf9160806aac8a226a0db96fae0f132bf0944e1dfe12bd,2026-08-21T02:29:31.506808+00:00,PASS,STALE,0.1.0
L4-003,2020-01-14,1.7,percent,FRED,T5YIE,docs/phase2-ingestion/data/macro/raw/fred/T5YIE-20260821T022309Z.json,ef580e8a42052f19acbf9160806aac8a226a0db96fae0f132bf0944e1dfe12bd,2026-08-21T02:29:31.506808+00:00,PASS,STALE,0.1.0
L4-003,2020-01-15,1.67,percent,FRED,T5YIE,docs/phase2-ingestion/data/macro/raw/fred/T5YIE-20260821T022309Z.json,ef580e8a42052f19acbf9160806aac8a226a0db96fae0f132bf0944e1dfe12bd,2026-08-21T02:29:31.506808+00:00,PASS,STALE,0.1.0
L4-003,2020-01-16,1.68,percent,FRED,T5YIE,docs/phase2-ingestion/data/macro/raw/fred/T5YIE-20260821T022309Z.json,ef580e8a42052f19acbf9160806aac8a226a0db96fae0f132bf0944e1dfe12bd,2026-08-21T02:29:31.506808+00:00,PASS,STALE,0.1.0
L4-003,2020-01-17,1.68,percent,FRED,T5YIE,docs/phase2-ingestion/data/macro/raw/fred/T5YIE-20260821T022309Z.json,ef580e8a42052f19acbf9160806aac8a226a0db96fae0f132bf0944e1dfe12bd,2026-08-21T02:29:31.506808+00:00,PASS,STALE,0.1.0
L4-003,2020-01-21,1.66,percent,FRED,T5YIE,docs/phase2-ingestion/data/macro/raw/fred/T5YIE-20260821T022309Z.json,ef580e8a42052f19acbf9160806aac8a226a0db96fae0f132bf0944e1dfe12bd,2026-08-21T02:29:31.506808+00:00,PASS,STALE,0.1.0
L4-003,2020-01-22,1.64,percent,FRED,T5YIE,docs/phase2-ingestion/data/macro/raw/fred/T5YIE-20260821T022309Z.json,ef580e8a42052f19acbf9160806aac8a226a0db96fae0f132bf0944e1dfe12bd,2026-08-21T02:29:31.506808+00:00,PASS,STALE,0.1.0
L4-003,2020-01-23,1.64,percent,FRED,T5YIE,docs/phase2-ingestion/data/macro/raw/fred/T5YIE-20260821T022309Z.json,ef580e8a42052f19acbf9160806aac8a226a0db96fae0f132bf0944e1dfe12bd,2026-08-21T02:29:31.506808+00:00,PASS,STALE,0.1.0
L4-003,2020-01-24,1.62,percent,FRED,T5YIE,docs/phase2-ingestion/data/macro/raw/fred/T5YIE-20260821T022309Z.json,ef580e8a42052f19acbf9160806aac8a226a0db96fae0f132bf0944e1dfe12bd,2026-08-21T02:29:31.506808+00:00,PASS,STALE,0.1.0
L4-003,2020-01-27,1.56,percent,FRED,T5YIE,docs/phase2-ingestion/data/macro/raw/fred/T5YIE-20260821T022309Z.json,ef580e8a42052f19acbf9160806aac8a226a0db96fae0f132bf0944e1dfe12bd,2026-08-21T02:29:31.506808+00:00,PASS,STALE,0.1.0
L4-003,2020-01-28,1.59,percent,FRED,T5YIE,docs/phase2-ingestion/data/macro/raw/fred/T5YIE-20260821T022309Z.json,ef580e8a42052f19acbf9160806aac8a226a0db96fae0f132bf0944e1dfe12bd,2026-08-21T02:29:31.506808+00:00,PASS,STALE,0.1.0
L4-003,2020-01-29,1.58,percent,FRED,T5YIE,docs/phase2-ingestion/data/macro/raw/fred/T5YIE-20260821T022309Z.json,ef580e8a42052f19acbf9160806aac8a226a0db96fae0f132bf0944e1dfe12bd,2026-08-21T02:29:31.506808+00:00,PASS,STALE,0.1.0
L4-003,2020-01-30,1.59,percent,FRED,T5YIE,docs/phase2-ingestion/data/macro/raw/fred/T5YIE-20260821T022309Z.json,ef580e8a42052f19acbf9160806aac8a226a0db96fae0f132bf0944e1dfe12bd,2026-08-21T02:29:31.506808+00:00,PASS,STALE,0.1.0
L4-003,2020-01-31,1.6,percent,FRED,T5YIE,docs/phase2-ingestion/data/macro/raw/fred/T5YIE-20260821T022309Z.json,ef580e8a42052f19acbf9160806aac8a226a0db96fae0f132bf0944e1dfe12bd,2026-08-21T02:29:31.506808+00:00,PASS,STALE,0.1.0
L4-003,2020-02-03,1.56,percent,FRED,T5YIE,docs/phase2-ingestion/data/macro/raw/fred/T5YIE-20260821T022309Z.json,ef580e8a42052f19acbf9160806aac8a226a0db96fae0f132bf0944e1dfe12bd,2026-08-21T02:29:31.506808+00:00,PASS,STALE,0.1.0
L4-003,2020-02-04,1.58,percent,FRED,T5YIE,docs/phase2-ingestion/data/macro/raw/fred/T5YIE-20260821T022309Z.json,ef580e8a42052f19acbf9160806aac8a226a0db96fae0f132bf0944e1dfe12bd,2026-08-21T02:29:31.506808+00:00,PASS,STALE,0.1.0
L4-003,2020-02-05,1.61,percent,FRED,T5YIE,docs/phase2-ingestion/data/macro/raw/fred/T5YIE-20260821T022309Z.json,ef580e8a42052f19acbf9160806aac8a226a0db96fae0f132bf0944e1dfe12bd,2026-08-21T02:29:31.506808+00:00,PASS,STALE,0.1.0
L4-003,2020-02-06,1.61,percent,FRED,T5YIE,docs/phase2-ingestion/data/macro/raw/fred/T5YIE-20260821T022309Z.json,ef580e8a42052f19acbf9160806aac8a226a0db96fae0f132bf0944e1dfe12bd,2026-08-21T02:29:31.506808+00:00,PASS,STALE,0.1.0
L4-003,2020-02-07,1.61,percent,FRED,T5YIE,docs/phase2-ingestion/data/macro/raw/fred/T5YIE-20260821T022309Z.json,ef580e8a42052f19acbf9160806aac8a226a0db96fae0f132bf0944e1dfe12bd,2026-08-21T02:29:31.506808+00:00,PASS,STALE,0.1.0
L4-003,2020-02-10,1.62,percent,FRED,T5YIE,docs/phase2-ingestion/data/macro/raw/fred/T5YIE-20260821T022309Z.json,ef580e8a42052f19acbf9160806aac8a226a0db96fae0f132bf0944e1dfe12bd,2026-08-21T02:29:31.506808+00:00,PASS,STALE,0.1.0
L4-003,2020-02-11,1.6,percent,FRED,T5YIE,docs/phase2-ingestion/data/macro/raw/fred/T5YIE-20260821T022309Z.json,ef580e8a42052f19acbf9160806aac8a226a0db96fae0f132bf0944e1dfe12bd,2026-08-21T02:29:31.506808+00:00,PASS,STALE,0.1.0
L4-003,2020-02-12,1.64,percent,FRED,T5YIE,docs/phase2-ingestion/data/macro/raw/fred/T5YIE-20260821T022309Z.json,ef580e8a42052f19acbf9160806aac8a226a0db96fae0f132bf0944e1dfe12bd,2026-08-21T02:29:31.506808+00:00,PASS,STALE,0.1.0
L4-003,2020-02-13,1.65,percent,FRED,T5YIE,docs/phase2-ingestion/data/macro/raw/fred/T5YIE-20260821T022309Z.json,ef580e8a42052f19acbf9160806aac8a226a0db96fae0f132bf0944e1dfe12bd,2026-08-21T02:29:31.506808+00:00,PASS,STALE,0.1.0
L4-003,2020-02-14,1.64,percent,FRED,T5YIE,docs/phase2-ingestion/data/macro/raw/fred/T5YIE-20260821T022309Z.json,ef580e8a42052f19acbf9160806aac8a226a0db96fae0f132bf0944e1dfe12bd,2026-08-21T02:29:31.506808+00:00,PASS,STALE,0.1.0
L4-003,2020-02-18,1.64,percent,FRED,T5YIE,docs/phase2-ingestion/data/macro/raw/fred/T5YIE-20260821T022309Z.json,ef580e8a42052f19acbf9160806aac8a226a0db96fae0f132bf0944e1dfe12bd,2026-08-21T02:29:31.506808+00:00,PASS,STALE,0.1.0
L4-003,2020-02-19,1.65,percent,FRED,T5YIE,docs/phase2-ingestion/data/macro/raw/fred/T5YIE-20260821T022309Z.json,ef580e8a42052f19acbf9160806aac8a226a0db96fae0f132bf0944e1dfe12bd,2026-08-21T02:29:31.506808+00:00,PASS,STALE,0.1.0
L4-003,2020-02-20,1.63,percent,FRED,T5YIE,docs/phase2-ingestion/data/macro/raw/fred/T5YIE-20260821T022309Z.json,ef580e8a42052f19acbf9160806aac8a226a0db96fae0f132bf0944e1dfe12bd,2026-08-21T02:29:31.506808+00:00,PASS,STALE,0.1.0
L4-003,2020-02-21,1.6,percent,FRED,T5YIE,docs/phase2-ingestion/data/macro/raw/fred/T5YIE-20260821T022309Z.json,ef580e8a42052f19acbf9160806aac8a226a0db96fae0f132bf0944e1dfe12bd,2026-08-21T02:29:31.506808+00:00,PASS,STALE,0.1.0
L4-003,2020-02-24,1.57,percent,FRED,T5YIE,docs/phase2-ingestion/data/macro/raw/fred/T5YIE-20260821T022309Z.json,ef580e8a42052f19acbf9160806aac8a226a0db96fae0f132bf0944e1dfe12bd,2026-08-21T02:29:31.506808+00:00,PASS,STALE,0.1.0
L4-003,2020-02-25,1.52,percent,FRED,T5YIE,docs/phase2-ingestion/data/macro/raw/fred/T5YIE-20260821T022309Z.json,ef580e8a42052f19acbf9160806aac8a226a0db96fae0f132bf0944e1dfe12bd,2026-08-21T02:29:31.506808+00:00,PASS,STALE,0.1.0
L4-003,2020-02-26,1.5,percent,FRED,T5YIE,docs/phase2-ingestion/data/macro/raw/fred/T5YIE-20260821T022309Z.json,ef580e8a42052f19acbf9160806aac8a226a0db96fae0f132bf0944e1dfe12bd,2026-08-21T02:29:31.506808+00:00,PASS,STALE,0.1.0
L4-003,2020-02-27,1.48,percent,FRED,T5YIE,docs/phase2-ingestion/data/macro/raw/fred/T5YIE-20260821T022309Z.json,ef580e8a42052f19acbf9160806aac8a226a0db96fae0f132bf0944e1dfe12bd,2026-08-21T02:29:31.506808+00:00,PASS,STALE,0.1.0
L4-003,2020-02-28,1.33,percent,FRED,T5YIE,docs/phase2-ingestion/data/macro/raw/fred/T5YIE-20260821T022309Z.json,ef580e8a42052f19acbf9160806aac8a226a0db96fae0f132bf0944e1dfe12bd,2026-08-21T02:29:31.506808+00:00,PASS,STALE,0.1.0
L4-003,2020-03-02,1.32,percent,FRED,T5YIE,docs/phase2-ingestion/data/macro/raw/fred/T5YIE-20260821T022309Z.json,ef580e8a42052f19acbf9160806aac8a226a0db96fae0f132bf0944e1dfe12bd,2026-08-21T02:29:31.506808+00:00,PASS,STALE,0.1.0
L4-003,2020-03-03,1.34,percent,FRED,T5YIE,docs/phase2-ingestion/data/macro/raw/fred/T5YIE-20260821T022309Z.json,ef580e8a42052f19acbf9160806aac8a226a0db96fae0f132bf0944e1dfe12bd,2026-08-21T02:29:31.506808+00:00,PASS,STALE,0.1.0
L4-003,2020-03-04,1.34,percent,FRED,T5YIE,docs/phase2-ingestion/data/macro/raw/fred/T5YIE-20260821T022309Z.json,ef580e8a42052f19acbf9160806aac8a226a0db96fae0f132bf0944e1dfe12bd,2026-08-21T02:29:31.506808+00:00,PASS,STALE,0.1.0
L4-003,2020-03-05,1.28,percent,FRED,T5YIE,docs/phase2-ingestion/data/macro/raw/fred/T5YIE-20260821T022309Z.json,ef580e8a42052f19acbf9160806aac8a226a0db96fae0f132bf0944e1dfe12bd,2026-08-21T02:29:31.506808+00:00,PASS,STALE,0.1.0
L4-003,2020-03-06,1.14,percent,FRED,T5YIE,docs/phase2-ingestion/data/macro/raw/fred/T5YIE-20260821T022309Z.json,ef580e8a42052f19acbf9160806aac8a226a0db96fae0f132bf0944e1dfe12bd,2026-08-21T02:29:31.506808+00:00,PASS,STALE,0.1.0
L4-003,2020-03-09,0.8,percent,FRED,T5YIE,docs/phase2-ingestion/data/macro/raw/fred/T5YIE-20260821T022309Z.json,ef580e8a42052f19acbf9160806aac8a226a0db96fae0f132bf0944e1dfe12bd,2026-08-21T02:29:31.506808+00:00,PASS,STALE,0.1.0
L4-003,2020-03-10,0.77,percent,FRED,T5YIE,docs/phase2-ingestion/data/macro/raw/fred/T5YIE-20260821T022309Z.json,ef580e8a42052f19acbf9160806aac8a226a0db96fae0f132bf0944e1dfe12bd,2026-08-21T02:29:31.506808+00:00,PASS,STALE,0.1.0
L4-003,2020-03-11,0.69,percent,FRED,T5YIE,docs/phase2-ingestion/data/macro/raw/fred/T5YIE-20260821T022309Z.json,ef580e8a42052f19acbf9160806aac8a226a0db96fae0f132bf0944e1dfe12bd,2026-08-21T02:29:31.506808+00:00,PASS,STALE,0.1.0
L4-003,2020-03-12,0.63,percent,FRED,T5YIE,docs/phase2-ingestion/data/macro/raw/fred/T5YIE-20260821T022309Z.json,ef580e8a42052f19acbf9160806aac8a226a0db96fae0f132bf0944e1dfe12bd,2026-08-21T02:29:31.506808+00:00,PASS,STALE,0.1.0
L4-003,2020-03-13,0.53,percent,FRED,T5YIE,docs/phase2-ingestion/data/macro/raw/fred/T5YIE-20260821T022309Z.json,ef580e8a42052f19acbf9160806aac8a226a0db96fae0f132bf0944e1dfe12bd,2026-08-21T02:29:31.506808+00:00,PASS,STALE,0.1.0
L4-003,2020-03-16,0.3,percent,FRED,T5YIE,docs/phase2-ingestion/data/macro/raw/fred/T5YIE-20260821T022309Z.json,ef580e8a42052f19acbf9160806aac8a226a0db96fae0f132bf0944e1dfe12bd,2026-08-21T02:29:31.506808+00:00,PASS,STALE,0.1.0
L4-003,2020-03-17,0.16,percent,FRED,T5YIE,docs/phase2-ingestion/data/macro/raw/fred/T5YIE-20260821T022309Z.json,ef580e8a42052f19acbf9160806aac8a226a0db96fae0f132bf0944e1dfe12bd,2026-08-21T02:29:31.506808+00:00,PASS,STALE,0.1.0
L4-003,2020-03-18,0.16,percent,FRED,T5YIE,docs/phase2-ingestion/data/macro/raw/fred/T5YIE-20260821T022309Z.json,ef580e8a42052f19acbf9160806aac8a226a0db96fae0f132bf0944e1dfe12bd,2026-08-21T02:29:31.506808+00:00,PASS,STALE,0.1.0
L4-003,2020-03-19,0.14,percent,FRED,T5YIE,docs/phase2-ingestion/data/macro/raw/fred/T5YIE-20260821T022309Z.json,ef580e8a42052f19acbf9160806aac8a226a0db96fae0f132bf0944e1dfe12bd,2026-08-21T02:29:31.506808+00:00,PASS,STALE,0.1.0
L4-003,2020-03-20,0.31,percent,FRED,T5YIE,docs/phase2-ingestion/data/macro/raw/fred/T5YIE-20260821T022309Z.json,ef580e8a42052f19acbf9160806aac8a226a0db96fae0f132bf0944e1dfe12bd,2026-08-21T02:29:31.506808+00:00,PASS,STALE,0.1.0
L4-003,2020-03-23,0.37,percent,FRED,T5YIE,docs/phase2-ingestion/data/macro/raw/fred/T5YIE-20260821T022309Z.json,ef580e8a42052f19acbf9160806aac8a226a0db96fae0f132bf0944e1dfe12bd,2026-08-21T02:29:31.506808+00:00,PASS,STALE,0.1.0
L4-003,2020-03-24,0.55,percent,FRED,T5YIE,docs/phase2-ingestion/data/macro/raw/fred/T5YIE-20260821T022309Z.json,ef580e8a42052f19acbf9160806aac8a226a0db96fae0f132bf0944e1dfe12bd,2026-08-21T02:29:31.506808+00:00,PASS,STALE,0.1.0
L4-003,2020-03-25,0.69,percent,FRED,T5YIE,docs/phase2-ingestion/data/macro/raw/fred/T5YIE-20260821T022309Z.json,ef580e8a42052f19acbf9160806aac8a226a0db96fae0f132bf0944e1dfe12bd,2026-08-21T02:29:31.506808+00:00,PASS,STALE,0.1.0
L4-003,2020-03-26,0.72,percent,FRED,T5YIE,docs/phase2-ingestion/data/macro/raw/fred/T5YIE-20260821T022309Z.json,ef580e8a42052f19acbf9160806aac8a226a0db96fae0f132bf0944e1dfe12bd,2026-08-21T02:29:31.506808+00:00,PASS,STALE,0.1.0
L4-003,2020-03-27,0.54,percent,FRED,T5YIE,docs/phase2-ingestion/data/macro/raw/fred/T5YIE-20260821T022309Z.json,ef580e8a42052f19acbf9160806aac8a226a0db96fae0f132bf0944e1dfe12bd,2026-08-21T02:29:31.506808+00:00,PASS,STALE,0.1.0
L4-003,2020-03-30,0.57,percent,FRED,T5YIE,docs/phase2-ingestion/data/macro/raw/fred/T5YIE-20260821T022309Z.json,ef580e8a42052f19acbf9160806aac8a226a0db96fae0f132bf0944e1dfe12bd,2026-08-21T02:29:31.506808+00:00,PASS,STALE,0.1.0
L4-003,2020-03-31,0.49,percent,FRED,T5YIE,docs/phase2-ingestion/data/macro/raw/fred/T5YIE-20260821T022309Z.json,ef580e8a42052f19acbf9160806aac8a226a0db96fae0f132bf0944e1dfe12bd,2026-08-21T02:29:31.506808+00:00,PASS,STALE,0.1.0
L4-003,2020-04-01,0.56,percent,FRED,T5YIE,docs/phase2-ingestion/data/macro/raw/fred/T5YIE-20260821T022309Z.json,ef580e8a42052f19acbf9160806aac8a226a0db96fae0f132bf0944e1dfe12bd,2026-08-21T02:29:31.506808+00:00,PASS,STALE,0.1.0
L4-003,2020-04-02,0.73,percent,FRED,T5YIE,docs/phase2-ingestion/data/macro/raw/fred/T5YIE-20260821T022309Z.json,ef580e8a42052f19acbf9160806aac8a226a0db96fae0f132bf0944e1dfe12bd,2026-08-21T02:29:31.506808+00:00,PASS,STALE,0.1.0
L4-003,2020-04-03,0.78,percent,FRED,T5YIE,docs/phase2-ingestion/data/macro/raw/fred/T5YIE-20260821T022309Z.json,ef580e8a42052f19acbf9160806aac8a226a0db96fae0f132bf0944e1dfe12bd,2026-08-21T02:29:31.506808+00:00,PASS,STALE,0.1.0
L4-003,2020-04-06,0.85,percent,FRED,T5YIE,docs/phase2-ingestion/data/macro/raw/fred/T5YIE-20260821T022309Z.json,ef580e8a42052f19acbf9160806aac8a226a0db96fae0f132bf0944e1dfe12bd,2026-08-21T02:29:31.506808+00:00,PASS,STALE,0.1.0
L4-003,2020-04-07,0.86,percent,FRED,T5YIE,docs/phase2-ingestion/data/macro/raw/fred/T5YIE-20260821T022309Z.json,ef580e8a42052f19acbf9160806aac8a226a0db96fae0f132bf0944e1dfe12bd,2026-08-21T02:29:31.506808+00:00,PASS,STALE,0.1.0
L4-003,2020-04-08,0.87,percent,FRED,T5YIE,docs/phase2-ingestion/data/macro/raw/fred/T5YIE-20260821T022309Z.json,ef580e8a42052f19acbf9160806aac8a226a0db96fae0f132bf0944e1dfe12bd,2026-08-21T02:29:31.506808+00:00,PASS,STALE,0.1.0
L4-003,2020-04-09,0.9,percent,FRED,T5YIE,docs/phase2-ingestion/data/macro/raw/fred/T5YIE-20260821T022309Z.json,ef580e8a42052f19acbf9160806aac8a226a0db96fae0f132bf0944e1dfe12bd,2026-08-21T02:29:31.506808+00:00,PASS,STALE,0.1.0
L4-003,2020-04-13,0.94,percent,FRED,T5YIE,docs/phase2-ingestion/data/macro/raw/fred/T5YIE-20260821T022309Z.json,ef580e8a42052f19acbf9160806aac8a226a0db96fae0f132bf0944e1dfe12bd,2026-08-21T02:29:31.506808+00:00,PASS,STALE,0.1.0
L4-003,2020-04-14,0.94,percent,FRED,T5YIE,docs/phase2-ingestion/data/macro/raw/fred/T5YIE-20260821T022309Z.json,ef580e8a42052f19acbf9160806aac8a226a0db96fae0f132bf0944e1dfe12bd,2026-08-21T02:29:31.506808+00:00,PASS,STALE,0.1.0
L4-003,2020-04-15,0.87,percent,FRED,T5YIE,docs/phase2-ingestion/data/macro/raw/fred/T5YIE-20260821T022309Z.json,ef580e8a42052f19acbf9160806aac8a226a0db96fae0f132bf0944e1dfe12bd,2026-08-21T02:29:31.506808+00:00,PASS,STALE,0.1.0
L4-003,2020-04-16,0.7,percent,FRED,T5YIE,docs/phase2-ingestion/data/macro/raw/fred/T5YIE-20260821T022309Z.json,ef580e8a42052f19acbf9160806aac8a226a0db96fae0f132bf0944e1dfe12bd,2026-08-21T02:29:31.506808+00:00,PASS,STALE,0.1.0
L4-003,2020-04-17,0.67,percent,FRED,T5YIE,docs/phase2-ingestion/data/macro/raw/fred/T5YIE-20260821T022309Z.json,ef580e8a42052f19acbf9160806aac8a226a0db96fae0f132bf0944e1dfe12bd,2026-08-21T02:29:31.506808+00:00,PASS,STALE,0.1.0
L4-003,2020-04-20,0.56,percent,FRED,T5YIE,docs/phase2-ingestion/data/macro/raw/fred/T5YIE-20260821T022309Z.json,ef580e8a42052f19acbf9160806aac8a226a0db96fae0f132bf0944e1dfe12bd,2026-08-21T02:29:31.506808+00:00,PASS,STALE,0.1.0
L4-003,2020-04-21,0.58,percent,FRED,T5YIE,docs/phase2-ingestion/data/macro/raw/fred/T5YIE-20260821T022309Z.json,ef580e8a42052f19acbf9160806aac8a226a0db96fae0f132bf0944e1dfe12bd,2026-08-21T02:29:31.506808+00:00,PASS,STALE,0.1.0
L4-003,2020-04-22,0.69,percent,FRED,T5YIE,docs/phase2-ingestion/data/macro/raw/fred/T5YIE-20260821T022309Z.json,ef580e8a42052f19acbf9160806aac8a226a0db96fae0f132bf0944e1dfe12bd,2026-08-21T02:29:31.506808+00:00,PASS,STALE,0.1.0
L4-003,2020-04-23,0.67,percent,FRED,T5YIE,docs/phase2-ingestion/data/macro/raw/fred/T5YIE-20260821T022309Z.json,ef580e8a42052f19acbf9160806aac8a226a0db96fae0f132bf0944e1dfe12bd,2026-08-21T02:29:31.506808+00:00,PASS,STALE,0.1.0
L4-003,2020-04-24,0.72,percent,FRED,T5YIE,docs/phase2-ingestion/data/macro/raw/fred/T5YIE-20260821T022309Z.json,ef580e8a42052f19acbf9160806aac8a226a0db96fae0f132bf0944e1dfe12bd,2026-08-21T02:29:31.506808+00:00,PASS,STALE,0.1.0
L4-003,2020-04-27,0.78,percent,FRED,T5YIE,docs/phase2-ingestion/data/macro/raw/fred/T5YIE-20260821T022309Z.json,ef580e8a42052f19acbf9160806aac8a226a0db96fae0f132bf0944e1dfe12bd,2026-08-21T02:29:31.506808+00:00,PASS,STALE,0.1.0
L4-003,2020-04-28,0.76,percent,FRED,T5YIE,docs/phase2-ingestion/data/macro/raw/fred/T5YIE-20260821T022309Z.json,ef580e8a42052f19acbf9160806aac8a226a0db96fae0f132bf0944e1dfe12bd,2026-08-21T02:29:31.506808+00:00,PASS,STALE,0.1.0
L4-003,2020-04-29,0.78,percent,FRED,T5YIE,docs/phase2-ingestion/data/macro/raw/fred/T5YIE-20260821T022309Z.json,ef580e8a42052f19acbf9160806aac8a226a0db96fae0f132bf0944e1dfe12bd,2026-08-21T02:29:31.506808+00:00,PASS,STALE,0.1.0
L4-003,2020-04-30,0.72,percent,FRED,T5YIE,docs/phase2-ingestion/data/macro/raw/fred/T5YIE-20260821T022309Z.json,ef580e8a42052f19acbf9160806aac8a226a0db96fae0f132bf0944e1dfe12bd,2026-08-21T02:29:31.506808+00:00,PASS,STALE,0.1.0
L4-003,2020-05-01,0.68,percent,FRED,T5YIE,docs/phase2-ingestion/data/macro/raw/fred/T5YIE-20260821T022309Z.json,ef580e8a42052f19acbf9160806aac8a226a0db96fae0f132bf0944e1dfe12bd,2026-08-21T02:29:31.506808+00:00,PASS,STALE,0.1.0
L4-003,2020-05-04,0.69,percent,FRED,T5YIE,docs/phase2-ingestion/data/macro/raw/fred/T5YIE-20260821T022309Z.json,ef580e8a42052f19acbf9160806aac8a226a0db96fae0f132bf0944e1dfe12bd,2026-08-21T02:29:31.506808+00:00,PASS,STALE,0.1.0
L4-003,2020-05-05,0.71,percent,FRED,T5YIE,docs/phase2-ingestion/data/macro/raw/fred/T5YIE-20260821T022309Z.json,ef580e8a42052f19acbf9160806aac8a226a0db96fae0f132bf0944e1dfe12bd,2026-08-21T02:29:31.506808+00:00,PASS,STALE,0.1.0
L4-003,2020-05-06,0.71,percent,FRED,T5YIE,docs/phase2-ingestion/data/macro/raw/fred/T5YIE-20260821T022309Z.json,ef580e8a42052f19acbf9160806aac8a226a0db96fae0f132bf0944e1dfe12bd,2026-08-21T02:29:31.506808+00:00,PASS,STALE,0.1.0
L4-003,2020-05-07,0.7,percent,FRED,T5YIE,docs/phase2-ingestion/data/macro/raw/fred/T5YIE-20260821T022309Z.json,ef580e8a42052f19acbf9160806aac8a226a0db96fae0f132bf0944e1dfe12bd,2026-08-21T02:29:31.506808+00:00,PASS,STALE,0.1.0
L4-003,2020-05-08,0.74,percent,FRED,T5YIE,docs/phase2-ingestion/data/macro/raw/fred/T5YIE-20260821T022309Z.json,ef580e8a42052f19acbf9160806aac8a226a0db96fae0f132bf0944e1dfe12bd,2026-08-21T02:29:31.506808+00:00,PASS,STALE,0.1.0
L4-003,2020-05-11,0.75,percent,FRED,T5YIE,docs/phase2-ingestion/data/macro/raw/fred/T5YIE-20260821T022309Z.json,ef580e8a42052f19acbf9160806aac8a226a0db96fae0f132bf0944e1dfe12bd,2026-08-21T02:29:31.506808+00:00,PASS,STALE,0.1.0
L4-003,2020-05-12,0.72,percent,FRED,T5YIE,docs/phase2-ingestion/data/macro/raw/fred/T5YIE-20260821T022309Z.json,ef580e8a42052f19acbf9160806aac8a226a0db96fae0f132bf0944e1dfe12bd,2026-08-21T02:29:31.506808+00:00,PASS,STALE,0.1.0
L4-003,2020-05-13,0.71,percent,FRED,T5YIE,docs/phase2-ingestion/data/macro/raw/fred/T5YIE-20260821T022309Z.json,ef580e8a42052f19acbf9160806aac8a226a0db96fae0f132bf0944e1dfe12bd,2026-08-21T02:29:31.506808+00:00,PASS,STALE,0.1.0
L4-003,2020-05-14,0.71,percent,FRED,T5YIE,docs/phase2-ingestion/data/macro/raw/fred/T5YIE-20260821T022309Z.json,ef580e8a42052f19acbf9160806aac8a226a0db96fae0f132bf0944e1dfe12bd,2026-08-21T02:29:31.506808+00:00,PASS,STALE,0.1.0
L4-003,2020-05-15,0.75,percent,FRED,T5YIE,docs/phase2-ingestion/data/macro/raw/fred/T5YIE-20260821T022309Z.json,ef580e8a42052f19acbf9160806aac8a226a0db96fae0f132bf0944e1dfe12bd,2026-08-21T02:29:31.506808+00:00,PASS,STALE,0.1.0
L4-003,2020-05-18,0.84,percent,FRED,T5YIE,docs/phase2-ingestion/data/macro/raw/fred/T5YIE-20260821T022309Z.json,ef580e8a42052f19acbf9160806aac8a226a0db96fae0f132bf0944e1dfe12bd,2026-08-21T02:29:31.506808+00:00,PASS,STALE,0.1.0
L4-003,2020-05-19,0.82,percent,FRED,T5YIE,docs/phase2-ingestion/data/macro/raw/fred/T5YIE-20260821T022309Z.json,ef580e8a42052f19acbf9160806aac8a226a0db96fae0f132bf0944e1dfe12bd,2026-08-21T02:29:31.506808+00:00,PASS,STALE,0.1.0
L4-003,2020-05-20,0.83,percent,FRED,T5YIE,docs/phase2-ingestion/data/macro/raw/fred/T5YIE-20260821T022309Z.json,ef580e8a42052f19acbf9160806aac8a226a0db96fae0f132bf0944e1dfe12bd,2026-08-21T02:29:31.506808+00:00,PASS,STALE,0.1.0
L4-003,2020-05-21,0.81,percent,FRED,T5YIE,docs/phase2-ingestion/data/macro/raw/fred/T5YIE-20260821T022309Z.json,ef580e8a42052f19acbf9160806aac8a226a0db96fae0f132bf0944e1dfe12bd,2026-08-21T02:29:31.506808+00:00,PASS,STALE,0.1.0
L4-003,2020-05-22,0.8,percent,FRED,T5YIE,docs/phase2-ingestion/data/macro/raw/fred/T5YIE-20260821T022309Z.json,ef580e8a42052f19acbf9160806aac8a226a0db96fae0f132bf0944e1dfe12bd,2026-08-21T02:29:31.506808+00:00,PASS,STALE,0.1.0
L4-003,2020-05-26,0.82,percent,FRED,T5YIE,docs/phase2-ingestion/data/macro/raw/fred/T5YIE-20260821T022309Z.json,ef580e8a42052f19acbf9160806aac8a226a0db96fae0f132bf0944e1dfe12bd,2026-08-21T02:29:31.506808+00:00,PASS,STALE,0.1.0
L4-003,2020-05-27,0.82,percent,FRED,T5YIE,docs/phase2-ingestion/data/macro/raw/fred/T5YIE-20260821T022309Z.json,ef580e8a42052f19acbf9160806aac8a226a0db96fae0f132bf0944e1dfe12bd,2026-08-21T02:29:31.506808+00:00,PASS,STALE,0.1.0
L4-003,2020-05-28,0.86,percent,FRED,T5YIE,docs/phase2-ingestion/data/macro/raw/fred/T5YIE-20260821T022309Z.json,ef580e8a42052f19acbf9160806aac8a226a0db96fae0f132bf0944e1dfe12bd,2026-08-21T02:29:31.506808+00:00,PASS,STALE,0.1.0
L4-003,2020-05-29,0.83,percent,FRED,T5YIE,docs/phase2-ingestion/data/macro/raw/fred/T5YIE-20260821T022309Z.json,ef580e8a42052f19acbf9160806aac8a226a0db96fae0f132bf0944e1dfe12bd,2026-08-21T02:29:31.506808+00:00,PASS,STALE,0.1.0
L4-003,2020-06-01,0.84,percent,FRED,T5YIE,docs/phase2-ingestion/data/macro/raw/fred/T5YIE-20260821T022309Z.json,ef580e8a42052f19acbf9160806aac8a226a0db96fae0f132bf0944e1dfe12bd,2026-08-21T02:29:31.506808+00:00,PASS,STALE,0.1.0
L4-003,2020-06-02,0.84,percent,FRED,T5YIE,docs/phase2-ingestion/data/macro/raw/fred/T5YIE-20260821T022309Z.json,ef580e8a42052f19acbf9160806aac8a226a0db96fae0f132bf0944e1dfe12bd,2026-08-21T02:29:31.506808+00:00,PASS,STALE,0.1.0
L4-003,2020-06-03,0.88,percent,FRED,T5YIE,docs/phase2-ingestion/data/macro/raw/fred/T5YIE-20260821T022309Z.json,ef580e8a42052f19acbf9160806aac8a226a0db96fae0f132bf0944e1dfe12bd,2026-08-21T02:29:31.506808+00:00,PASS,STALE,0.1.0
L4-003,2020-06-04,0.88,percent,FRED,T5YIE,docs/phase2-ingestion/data/macro/raw/fred/T5YIE-20260821T022309Z.json,ef580e8a42052f19acbf9160806aac8a226a0db96fae0f132bf0944e1dfe12bd,2026-08-21T02:29:31.506808+00:00,PASS,STALE,0.1.0
L4-003,2020-06-05,0.95,percent,FRED,T5YIE,docs/phase2-ingestion/data/macro/raw/fred/T5YIE-20260821T022309Z.json,ef580e8a42052f19acbf9160806aac8a226a0db96fae0f132bf0944e1dfe12bd,2026-08-21T02:29:31.506808+00:00,PASS,STALE,0.1.0
L4-003,2020-06-08,0.98,percent,FRED,T5YIE,docs/phase2-ingestion/data/macro/raw/fred/T5YIE-20260821T022309Z.json,ef580e8a42052f19acbf9160806aac8a226a0db96fae0f132bf0944e1dfe12bd,2026-08-21T02:29:31.506808+00:00,PASS,STALE,0.1.0
L4-003,2020-06-09,0.98,percent,FRED,T5YIE,docs/phase2-ingestion/data/macro/raw/fred/T5YIE-20260821T022309Z.json,ef580e8a42052f19acbf9160806aac8a226a0db96fae0f132bf0944e1dfe12bd,2026-08-21T02:29:31.506808+00:00,PASS,STALE,0.1.0
L4-003,2020-06-10,1.0,percent,FRED,T5YIE,docs/phase2-ingestion/data/macro/raw/fred/T5YIE-20260821T022309Z.json,ef580e8a42052f19acbf9160806aac8a226a0db96fae0f132bf0944e1dfe12bd,2026-08-21T02:29:31.506808+00:00,PASS,STALE,0.1.0
L4-003,2020-06-11,0.95,percent,FRED,T5YIE,docs/phase2-ingestion/data/macro/raw/fred/T5YIE-20260821T022309Z.json,ef580e8a42052f19acbf9160806aac8a226a0db96fae0f132bf0944e1dfe12bd,2026-08-21T02:29:31.506808+00:00,PASS,STALE,0.1.0
L4-003,2020-06-12,0.95,percent,FRED,T5YIE,docs/phase2-ingestion/data/macro/raw/fred/T5YIE-20260821T022309Z.json,ef580e8a42052f19acbf9160806aac8a226a0db96fae0f132bf0944e1dfe12bd,2026-08-21T02:29:31.506808+00:00,PASS,STALE,0.1.0
L4-003,2020-06-15,0.98,percent,FRED,T5YIE,docs/phase2-ingestion/data/macro/raw/fred/T5YIE-20260821T022309Z.json,ef580e8a42052f19acbf9160806aac8a226a0db96fae0f132bf0944e1dfe12bd,2026-08-21T02:29:31.506808+00:00,PASS,STALE,0.1.0
L4-003,2020-06-16,1.02,percent,FRED,T5YIE,docs/phase2-ingestion/data/macro/raw/fred/T5YIE-20260821T022309Z.json,ef580e8a42052f19acbf9160806aac8a226a0db96fae0f132bf0944e1dfe12bd,2026-08-21T02:29:31.506808+00:00,PASS,STALE,0.1.0
L4-003,2020-06-17,1.01,percent,FRED,T5YIE,docs/phase2-ingestion/data/macro/raw/fred/T5YIE-20260821T022309Z.json,ef580e8a42052f19acbf9160806aac8a226a0db96fae0f132bf0944e1dfe12bd,2026-08-21T02:29:31.506808+00:00,PASS,STALE,0.1.0
L4-003,2020-06-18,1.12,percent,FRED,T5YIE,docs/phase2-ingestion/data/macro/raw/fred/T5YIE-20260821T022309Z.json,ef580e8a42052f19acbf9160806aac8a226a0db96fae0f132bf0944e1dfe12bd,2026-08-21T02:29:31.506808+00:00,PASS,STALE,0.1.0
L4-003,2020-06-19,1.06,percent,FRED,T5YIE,docs/phase2-ingestion/data/macro/raw/fred/T5YIE-20260821T022309Z.json,ef580e8a42052f19acbf9160806aac8a226a0db96fae0f132bf0944e1dfe12bd,2026-08-21T02:29:31.506808+00:00,PASS,STALE,0.1.0
L4-003,2020-06-22,1.11,percent,FRED,T5YIE,docs/phase2-ingestion/data/macro/raw/fred/T5YIE-20260821T022309Z.json,ef580e8a42052f19acbf9160806aac8a226a0db96fae0f132bf0944e1dfe12bd,2026-08-21T02:29:31.506808+00:00,PASS,STALE,0.1.0
L4-003,2020-06-23,1.14,percent,FRED,T5YIE,docs/phase2-ingestion/data/macro/raw/fred/T5YIE-20260821T022309Z.json,ef580e8a42052f19acbf9160806aac8a226a0db96fae0f132bf0944e1dfe12bd,2026-08-21T02:29:31.506808+00:00,PASS,STALE,0.1.0
L4-003,2020-06-24,1.1,percent,FRED,T5YIE,docs/phase2-ingestion/data/macro/raw/fred/T5YIE-20260821T022309Z.json,ef580e8a42052f19acbf9160806aac8a226a0db96fae0f132bf0944e1dfe12bd,2026-08-21T02:29:31.506808+00:00,PASS,STALE,0.1.0
L4-003,2020-06-25,1.11,percent,FRED,T5YIE,docs/phase2-ingestion/data/macro/raw/fred/T5YIE-20260821T022309Z.json,ef580e8a42052f19acbf9160806aac8a226a0db96fae0f132bf0944e1dfe12bd,2026-08-21T02:29:31.506808+00:00,PASS,STALE,0.1.0
L4-003,2020-06-26,1.11,percent,FRED,T5YIE,docs/phase2-ingestion/data/macro/raw/fred/T5YIE-20260821T022309Z.json,ef580e8a42052f19acbf9160806aac8a226a0db96fae0f132bf0944e1dfe12bd,2026-08-21T02:29:31.506808+00:00,PASS,STALE,0.1.0
L4-003,2020-06-29,1.14,percent,FRED,T5YIE,docs/phase2-ingestion/data/macro/raw/fred/T5YIE-20260821T022309Z.json,ef580e8a42052f19acbf9160806aac8a226a0db96fae0f132bf0944e1dfe12bd,2026-08-21T02:29:31.506808+00:00,PASS,STALE,0.1.0
L4-003,2020-06-30,1.16,percent,FRED,T5YIE,docs/phase2-ingestion/data/macro/raw/fred/T5YIE-20260821T022309Z.json,ef580e8a42052f19acbf9160806aac8a226a0db96fae0f132bf0944e1dfe12bd,2026-08-21T02:29:31.506808+00:00,PASS,STALE,0.1.0
L4-003,2020-07-01,1.17,percent,FRED,T5YIE,docs/phase2-ingestion/data/macro/raw/fred/T5YIE-20260821T022309Z.json,ef580e8a42052f19acbf9160806aac8a226a0db96fae0f132bf0944e1dfe12bd,2026-08-21T02:29:31.506808+00:00,PASS,STALE,0.1.0
L4-003,2020-07-02,1.21,percent,FRED,T5YIE,docs/phase2-ingestion/data/macro/raw/fred/T5YIE-20260821T022309Z.json,ef580e8a42052f19acbf9160806aac8a226a0db96fae0f132bf0944e1dfe12bd,2026-08-21T02:29:31.506808+00:00,PASS,STALE,0.1.0
L4-003,2020-07-06,1.28,percent,FRED,T5YIE,docs/phase2-ingestion/data/macro/raw/fred/T5YIE-20260821T022309Z.json,ef580e8a42052f19acbf9160806aac8a226a0db96fae0f132bf0944e1dfe12bd,2026-08-21T02:29:31.506808+00:00,PASS,STALE,0.1.0
L4-003,2020-07-07,1.26,percent,FRED,T5YIE,docs/phase2-ingestion/data/macro/raw/fred/T5YIE-20260821T022309Z.json,ef580e8a42052f19acbf9160806aac8a226a0db96fae0f132bf0944e1dfe12bd,2026-08-21T02:29:31.506808+00:00,PASS,STALE,0.1.0
L4-003,2020-07-08,1.25,percent,FRED,T5YIE,docs/phase2-ingestion/data/macro/raw/fred/T5YIE-20260821T022309Z.json,ef580e8a42052f19acbf9160806aac8a226a0db96fae0f132bf0944e1dfe12bd,2026-08-21T02:29:31.506808+00:00,PASS,STALE,0.1.0
L4-003,2020-07-09,1.22,percent,FRED,T5YIE,docs/phase2-ingestion/data/macro/raw/fred/T5YIE-20260821T022309Z.json,ef580e8a42052f19acbf9160806aac8a226a0db96fae0f132bf0944e1dfe12bd,2026-08-21T02:29:31.506808+00:00,PASS,STALE,0.1.0
L4-003,2020-07-10,1.25,percent,FRED,T5YIE,docs/phase2-ingestion/data/macro/raw/fred/T5YIE-20260821T022309Z.json,ef580e8a42052f19acbf9160806aac8a226a0db96fae0f132bf0944e1dfe12bd,2026-08-21T02:29:31.506808+00:00,PASS,STALE,0.1.0
L4-003,2020-07-13,1.27,percent,FRED,T5YIE,docs/phase2-ingestion/data/macro/raw/fred/T5YIE-20260821T022309Z.json,ef580e8a42052f19acbf9160806aac8a226a0db96fae0f132bf0944e1dfe12bd,2026-08-21T02:29:31.506808+00:00,PASS,STALE,0.1.0
L4-003,2020-07-14,1.27,percent,FRED,T5YIE,docs/phase2-ingestion/data/macro/raw/fred/T5YIE-20260821T022309Z.json,ef580e8a42052f19acbf9160806aac8a226a0db96fae0f132bf0944e1dfe12bd,2026-08-21T02:29:31.506808+00:00,PASS,STALE,0.1.0
L4-003,2020-07-15,1.28,percent,FRED,T5YIE,docs/phase2-ingestion/data/macro/raw/fred/T5YIE-20260821T022309Z.json,ef580e8a42052f19acbf9160806aac8a226a0db96fae0f132bf0944e1dfe12bd,2026-08-21T02:29:31.506808+00:00,PASS,STALE,0.1.0
L4-003,2020-07-16,1.3,percent,FRED,T5YIE,docs/phase2-ingestion/data/macro/raw/fred/T5YIE-20260821T022309Z.json,ef580e8a42052f19acbf9160806aac8a226a0db96fae0f132bf0944e1dfe12bd,2026-08-21T02:29:31.506808+00:00,PASS,STALE,0.1.0
L4-003,2020-07-17,1.35,percent,FRED,T5YIE,docs/phase2-ingestion/data/macro/raw/fred/T5YIE-20260821T022309Z.json,ef580e8a42052f19acbf9160806aac8a226a0db96fae0f132bf0944e1dfe12bd,2026-08-21T02:29:31.506808+00:00,PASS,STALE,0.1.0
L4-003,2020-07-20,1.37,percent,FRED,T5YIE,docs/phase2-ingestion/data/macro/raw/fred/T5YIE-20260821T022309Z.json,ef580e8a42052f19acbf9160806aac8a226a0db96fae0f132bf0944e1dfe12bd,2026-08-21T02:29:31.506808+00:00,PASS,STALE,0.1.0
L4-003,2020-07-21,1.4,percent,FRED,T5YIE,docs/phase2-ingestion/data/macro/raw/fred/T5YIE-20260821T022309Z.json,ef580e8a42052f19acbf9160806aac8a226a0db96fae0f132bf0944e1dfe12bd,2026-08-21T02:29:31.506808+00:00,PASS,STALE,0.1.0
L4-003,2020-07-22,1.4,percent,FRED,T5YIE,docs/phase2-ingestion/data/macro/raw/fred/T5YIE-20260821T022309Z.json,ef580e8a42052f19acbf9160806aac8a226a0db96fae0f132bf0944e1dfe12bd,2026-08-21T02:29:31.506808+00:00,PASS,STALE,0.1.0
L4-003,2020-07-23,1.37,percent,FRED,T5YIE,docs/phase2-ingestion/data/macro/raw/fred/T5YIE-20260821T022309Z.json,ef580e8a42052f19acbf9160806aac8a226a0db96fae0f132bf0944e1dfe12bd,2026-08-21T02:29:31.506808+00:00,PASS,STALE,0.1.0
L4-003,2020-07-24,1.35,percent,FRED,T5YIE,docs/phase2-ingestion/data/macro/raw/fred/T5YIE-20260821T022309Z.json,ef580e8a42052f19acbf9160806aac8a226a0db96fae0f132bf0944e1dfe12bd,2026-08-21T02:29:31.506808+00:00,PASS,STALE,0.1.0
L4-003,2020-07-27,1.38,percent,FRED,T5YIE,docs/phase2-ingestion/data/macro/raw/fred/T5YIE-20260821T022309Z.json,ef580e8a42052f19acbf9160806aac8a226a0db96fae0f132bf0944e1dfe12bd,2026-08-21T02:29:31.506808+00:00,PASS,STALE,0.1.0
L4-003,2020-07-28,1.36,percent,FRED,T5YIE,docs/phase2-ingestion/data/macro/raw/fred/T5YIE-20260821T022309Z.json,ef580e8a42052f19acbf9160806aac8a226a0db96fae0f132bf0944e1dfe12bd,2026-08-21T02:29:31.506808+00:00,PASS,STALE,0.1.0
L4-003,2020-07-29,1.38,percent,FRED,T5YIE,docs/phase2-ingestion/data/macro/raw/fred/T5YIE-20260821T022309Z.json,ef580e8a42052f19acbf9160806aac8a226a0db96fae0f132bf0944e1dfe12bd,2026-08-21T02:29:31.506808+00:00,PASS,STALE,0.1.0
L4-003,2020-07-30,1.37,percent,FRED,T5YIE,docs/phase2-ingestion/data/macro/raw/fred/T5YIE-20260821T022309Z.json,ef580e8a42052f19acbf9160806aac8a226a0db96fae0f132bf0944e1dfe12bd,2026-08-21T02:29:31.506808+00:00,PASS,STALE,0.1.0
L4-003,2020-07-31,1.4,percent,FRED,T5YIE,docs/phase2-ingestion/data/macro/raw/fred/T5YIE-20260821T022309Z.json,ef580e8a42052f19acbf9160806aac8a226a0db96fae0f132bf0944e1dfe12bd,2026-08-21T02:29:31.506808+00:00,PASS,STALE,0.1.0
L4-003,2020-08-03,1.46,percent,FRED,T5YIE,docs/phase2-ingestion/data/macro/raw/fred/T5YIE-20260821T022309Z.json,ef580e8a42052f19acbf9160806aac8a226a0db96fae0f132bf0944e1dfe12bd,2026-08-21T02:29:31.506808+00:00,PASS,STALE,0.1.0
L4-003,2020-08-04,1.45,percent,FRED,T5YIE,docs/phase2-ingestion/data/macro/raw/fred/T5YIE-20260821T022309Z.json,ef580e8a42052f19acbf9160806aac8a226a0db96fae0f132bf0944e1dfe12bd,2026-08-21T02:29:31.506808+00:00,PASS,STALE,0.1.0
L4-003,2020-08-05,1.52,percent,FRED,T5YIE,docs/phase2-ingestion/data/macro/raw/fred/T5YIE-20260821T022309Z.json,ef580e8a42052f19acbf9160806aac8a226a0db96fae0f132bf0944e1dfe12bd,2026-08-21T02:29:31.506808+00:00,PASS,STALE,0.1.0
L4-003,2020-08-06,1.53,percent,FRED,T5YIE,docs/phase2-ingestion/data/macro/raw/fred/T5YIE-20260821T022309Z.json,ef580e8a42052f19acbf9160806aac8a226a0db96fae0f132bf0944e1dfe12bd,2026-08-21T02:29:31.506808+00:00,PASS,STALE,0.1.0
L4-003,2020-08-07,1.5,percent,FRED,T5YIE,docs/phase2-ingestion/data/macro/raw/fred/T5YIE-20260821T022309Z.json,ef580e8a42052f19acbf9160806aac8a226a0db96fae0f132bf0944e1dfe12bd,2026-08-21T02:29:31.506808+00:00,PASS,STALE,0.1.0
L4-003,2020-08-10,1.49,percent,FRED,T5YIE,docs/phase2-ingestion/data/macro/raw/fred/T5YIE-20260821T022309Z.json,ef580e8a42052f19acbf9160806aac8a226a0db96fae0f132bf0944e1dfe12bd,2026-08-21T02:29:31.506808+00:00,PASS,STALE,0.1.0
L4-003,2020-08-11,1.5,percent,FRED,T5YIE,docs/phase2-ingestion/data/macro/raw/fred/T5YIE-20260821T022309Z.json,ef580e8a42052f19acbf9160806aac8a226a0db96fae0f132bf0944e1dfe12bd,2026-08-21T02:29:31.506808+00:00,PASS,STALE,0.1.0
L4-003,2020-08-12,1.56,percent,FRED,T5YIE,docs/phase2-ingestion/data/macro/raw/fred/T5YIE-20260821T022309Z.json,ef580e8a42052f19acbf9160806aac8a226a0db96fae0f132bf0944e1dfe12bd,2026-08-21T02:29:31.506808+00:00,PASS,STALE,0.1.0
L4-003,2020-08-13,1.56,percent,FRED,T5YIE,docs/phase2-ingestion/data/macro/raw/fred/T5YIE-20260821T022309Z.json,ef580e8a42052f19acbf9160806aac8a226a0db96fae0f132bf0944e1dfe12bd,2026-08-21T02:29:31.506808+00:00,PASS,STALE,0.1.0
L4-003,2020-08-14,1.53,percent,FRED,T5YIE,docs/phase2-ingestion/data/macro/raw/fred/T5YIE-20260821T022309Z.json,ef580e8a42052f19acbf9160806aac8a226a0db96fae0f132bf0944e1dfe12bd,2026-08-21T02:29:31.506808+00:00,PASS,STALE,0.1.0
L4-003,2020-08-17,1.54,percent,FRED,T5YIE,docs/phase2-ingestion/data/macro/raw/fred/T5YIE-20260821T022309Z.json,ef580e8a42052f19acbf9160806aac8a226a0db96fae0f132bf0944e1dfe12bd,2026-08-21T02:29:31.506808+00:00,PASS,STALE,0.1.0
L4-003,2020-08-18,1.55,percent,FRED,T5YIE,docs/phase2-ingestion/data/macro/raw/fred/T5YIE-20260821T022309Z.json,ef580e8a42052f19acbf9160806aac8a226a0db96fae0f132bf0944e1dfe12bd,2026-08-21T02:29:31.506808+00:00,PASS,STALE,0.1.0
L4-003,2020-08-19,1.55,percent,FRED,T5YIE,docs/phase2-ingestion/data/macro/raw/fred/T5YIE-20260821T022309Z.json,ef580e8a42052f19acbf9160806aac8a226a0db96fae0f132bf0944e1dfe12bd,2026-08-21T02:29:31.506808+00:00,PASS,STALE,0.1.0
L4-003,2020-08-20,1.48,percent,FRED,T5YIE,docs/phase2-ingestion/data/macro/raw/fred/T5YIE-20260821T022309Z.json,ef580e8a42052f19acbf9160806aac8a226a0db96fae0f132bf0944e1dfe12bd,2026-08-21T02:29:31.506808+00:00,PASS,STALE,0.1.0
L4-003,2020-08-21,1.52,percent,FRED,T5YIE,docs/phase2-ingestion/data/macro/raw/fred/T5YIE-20260821T022309Z.json,ef580e8a42052f19acbf9160806aac8a226a0db96fae0f132bf0944e1dfe12bd,2026-08-21T02:29:31.506808+00:00,PASS,STALE,0.1.0
L4-003,2020-08-24,1.57,percent,FRED,T5YIE,docs/phase2-ingestion/data/macro/raw/fred/T5YIE-20260821T022309Z.json,ef580e8a42052f19acbf9160806aac8a226a0db96fae0f132bf0944e1dfe12bd,2026-08-21T02:29:31.506808+00:00,PASS,STALE,0.1.0
L4-003,2020-08-25,1.6,percent,FRED,T5YIE,docs/phase2-ingestion/data/macro/raw/fred/T5YIE-20260821T022309Z.json,ef580e8a42052f19acbf9160806aac8a226a0db96fae0f132bf0944e1dfe12bd,2026-08-21T02:29:31.506808+00:00,PASS,STALE,0.1.0
L4-003,2020-08-26,1.63,percent,FRED,T5YIE,docs/phase2-ingestion/data/macro/raw/fred/T5YIE-20260821T022309Z.json,ef580e8a42052f19acbf9160806aac8a226a0db96fae0f132bf0944e1dfe12bd,2026-08-21T02:29:31.506808+00:00,PASS,STALE,0.1.0
L4-003,2020-08-27,1.65,percent,FRED,T5YIE,docs/phase2-ingestion/data/macro/raw/fred/T5YIE-20260821T022309Z.json,ef580e8a42052f19acbf9160806aac8a226a0db96fae0f132bf0944e1dfe12bd,2026-08-21T02:29:31.506808+00:00,PASS,STALE,0.1.0
L4-003,2020-08-28,1.68,percent,FRED,T5YIE,docs/phase2-ingestion/data/macro/raw/fred/T5YIE-20260821T022309Z.json,ef580e8a42052f19acbf9160806aac8a226a0db96fae0f132bf0944e1dfe12bd,2026-08-21T02:29:31.506808+00:00,PASS,STALE,0.1.0
L4-003,2020-08-31,1.69,percent,FRED,T5YIE,docs/phase2-ingestion/data/macro/raw/fred/T5YIE-20260821T022309Z.json,ef580e8a42052f19acbf9160806aac8a226a0db96fae0f132bf0944e1dfe12bd,2026-08-21T02:29:31.506808+00:00,PASS,STALE,0.1.0
L4-003,2020-09-01,1.65,percent,FRED,T5YIE,docs/phase2-ingestion/data/macro/raw/fred/T5YIE-20260821T022309Z.json,ef580e8a42052f19acbf9160806aac8a226a0db96fae0f132bf0944e1dfe12bd,2026-08-21T02:29:31.506808+00:00,PASS,STALE,0.1.0
L4-003,2020-09-02,1.61,percent,FRED,T5YIE,docs/phase2-ingestion/data/macro/raw/fred/T5YIE-20260821T022309Z.json,ef580e8a42052f19acbf9160806aac8a226a0db96fae0f132bf0944e1dfe12bd,2026-08-21T02:29:31.506808+00:00,PASS,STALE,0.1.0
L4-003,2020-09-03,1.53,percent,FRED,T5YIE,docs/phase2-ingestion/data/macro/raw/fred/T5YIE-20260821T022309Z.json,ef580e8a42052f19acbf9160806aac8a226a0db96fae0f132bf0944e1dfe12bd,2026-08-21T02:29:31.506808+00:00,PASS,STALE,0.1.0
L4-003,2020-09-04,1.57,percent,FRED,T5YIE,docs/phase2-ingestion/data/macro/raw/fred/T5YIE-20260821T022309Z.json,ef580e8a42052f19acbf9160806aac8a226a0db96fae0f132bf0944e1dfe12bd,2026-08-21T02:29:31.506808+00:00,PASS,STALE,0.1.0
L4-003,2020-09-08,1.55,percent,FRED,T5YIE,docs/phase2-ingestion/data/macro/raw/fred/T5YIE-20260821T022309Z.json,ef580e8a42052f19acbf9160806aac8a226a0db96fae0f132bf0944e1dfe12bd,2026-08-21T02:29:31.506808+00:00,PASS,STALE,0.1.0
L4-003,2020-09-09,1.57,percent,FRED,T5YIE,docs/phase2-ingestion/data/macro/raw/fred/T5YIE-20260821T022309Z.json,ef580e8a42052f19acbf9160806aac8a226a0db96fae0f132bf0944e1dfe12bd,2026-08-21T02:29:31.506808+00:00,PASS,STALE,0.1.0
L4-003,2020-09-10,1.54,percent,FRED,T5YIE,docs/phase2-ingestion/data/macro/raw/fred/T5YIE-20260821T022309Z.json,ef580e8a42052f19acbf9160806aac8a226a0db96fae0f132bf0944e1dfe12bd,2026-08-21T02:29:31.506808+00:00,PASS,STALE,0.1.0
L4-003,2020-09-11,1.53,percent,FRED,T5YIE,docs/phase2-ingestion/data/macro/raw/fred/T5YIE-20260821T022309Z.json,ef580e8a42052f19acbf9160806aac8a226a0db96fae0f132bf0944e1dfe12bd,2026-08-21T02:29:31.506808+00:00,PASS,STALE,0.1.0
L4-003,2020-09-14,1.54,percent,FRED,T5YIE,docs/phase2-ingestion/data/macro/raw/fred/T5YIE-20260821T022309Z.json,ef580e8a42052f19acbf9160806aac8a226a0db96fae0f132bf0944e1dfe12bd,2026-08-21T02:29:31.506808+00:00,PASS,STALE,0.1.0
L4-003,2020-09-15,1.54,percent,FRED,T5YIE,docs/phase2-ingestion/data/macro/raw/fred/T5YIE-20260821T022309Z.json,ef580e8a42052f19acbf9160806aac8a226a0db96fae0f132bf0944e1dfe12bd,2026-08-21T02:29:31.506808+00:00,PASS,STALE,0.1.0
L4-003,2020-09-16,1.57,percent,FRED,T5YIE,docs/phase2-ingestion/data/macro/raw/fred/T5YIE-20260821T022309Z.json,ef580e8a42052f19acbf9160806aac8a226a0db96fae0f132bf0944e1dfe12bd,2026-08-21T02:29:31.506808+00:00,PASS,STALE,0.1.0
L4-003,2020-09-17,1.57,percent,FRED,T5YIE,docs/phase2-ingestion/data/macro/raw/fred/T5YIE-20260821T022309Z.json,ef580e8a42052f19acbf9160806aac8a226a0db96fae0f132bf0944e1dfe12bd,2026-08-21T02:29:31.506808+00:00,PASS,STALE,0.1.0
L4-003,2020-09-18,1.58,percent,FRED,T5YIE,docs/phase2-ingestion/data/macro/raw/fred/T5YIE-20260821T022309Z.json,ef580e8a42052f19acbf9160806aac8a226a0db96fae0f132bf0944e1dfe12bd,2026-08-21T02:29:31.506808+00:00,PASS,STALE,0.1.0
L4-003,2020-09-21,1.5,percent,FRED,T5YIE,docs/phase2-ingestion/data/macro/raw/fred/T5YIE-20260821T022309Z.json,ef580e8a42052f19acbf9160806aac8a226a0db96fae0f132bf0944e1dfe12bd,2026-08-21T02:29:31.506808+00:00,PASS,STALE,0.1.0
L4-003,2020-09-22,1.5,percent,FRED,T5YIE,docs/phase2-ingestion/data/macro/raw/fred/T5YIE-20260821T022309Z.json,ef580e8a42052f19acbf9160806aac8a226a0db96fae0f132bf0944e1dfe12bd,2026-08-21T02:29:31.506808+00:00,PASS,STALE,0.1.0
L4-003,2020-09-23,1.48,percent,FRED,T5YIE,docs/phase2-ingestion/data/macro/raw/fred/T5YIE-20260821T022309Z.json,ef580e8a42052f19acbf9160806aac8a226a0db96fae0f132bf0944e1dfe12bd,2026-08-21T02:29:31.506808+00:00,PASS,STALE,0.1.0
L4-003,2020-09-24,1.45,percent,FRED,T5YIE,docs/phase2-ingestion/data/macro/raw/fred/T5YIE-20260821T022309Z.json,ef580e8a42052f19acbf9160806aac8a226a0db96fae0f132bf0944e1dfe12bd,2026-08-21T02:29:31.506808+00:00,PASS,STALE,0.1.0
L4-003,2020-09-25,1.43,percent,FRED,T5YIE,docs/phase2-ingestion/data/macro/raw/fred/T5YIE-20260821T022309Z.json,ef580e8a42052f19acbf9160806aac8a226a0db96fae0f132bf0944e1dfe12bd,2026-08-21T02:29:31.506808+00:00,PASS,STALE,0.1.0
L4-003,2020-09-28,1.48,percent,FRED,T5YIE,docs/phase2-ingestion/data/macro/raw/fred/T5YIE-20260821T022309Z.json,ef580e8a42052f19acbf9160806aac8a226a0db96fae0f132bf0944e1dfe12bd,2026-08-21T02:29:31.506808+00:00,PASS,STALE,0.1.0
L4-003,2020-09-29,1.49,percent,FRED,T5YIE,docs/phase2-ingestion/data/macro/raw/fred/T5YIE-20260821T022309Z.json,ef580e8a42052f19acbf9160806aac8a226a0db96fae0f132bf0944e1dfe12bd,2026-08-21T02:29:31.506808+00:00,PASS,STALE,0.1.0
L4-003,2020-09-30,1.5,percent,FRED,T5YIE,docs/phase2-ingestion/data/macro/raw/fred/T5YIE-20260821T022309Z.json,ef580e8a42052f19acbf9160806aac8a226a0db96fae0f132bf0944e1dfe12bd,2026-08-21T02:29:31.506808+00:00,PASS,STALE,0.1.0
L4-003,2020-10-01,1.48,percent,FRED,T5YIE,docs/phase2-ingestion/data/macro/raw/fred/T5YIE-20260821T022309Z.json,ef580e8a42052f19acbf9160806aac8a226a0db96fae0f132bf0944e1dfe12bd,2026-08-21T02:29:31.506808+00:00,PASS,STALE,0.1.0
L4-003,2020-10-02,1.48,percent,FRED,T5YIE,docs/phase2-ingestion/data/macro/raw/fred/T5YIE-20260821T022309Z.json,ef580e8a42052f19acbf9160806aac8a226a0db96fae0f132bf0944e1dfe12bd,2026-08-21T02:29:31.506808+00:00,PASS,STALE,0.1.0
L4-003,2020-10-05,1.52,percent,FRED,T5YIE,docs/phase2-ingestion/data/macro/raw/fred/T5YIE-20260821T022309Z.json,ef580e8a42052f19acbf9160806aac8a226a0db96fae0f132bf0944e1dfe12bd,2026-08-21T02:29:31.506808+00:00,PASS,STALE,0.1.0
L4-003,2020-10-06,1.51,percent,FRED,T5YIE,docs/phase2-ingestion/data/macro/raw/fred/T5YIE-20260821T022309Z.json,ef580e8a42052f19acbf9160806aac8a226a0db96fae0f132bf0944e1dfe12bd,2026-08-21T02:29:31.506808+00:00,PASS,STALE,0.1.0
L4-003,2020-10-07,1.54,percent,FRED,T5YIE,docs/phase2-ingestion/data/macro/raw/fred/T5YIE-20260821T022309Z.json,ef580e8a42052f19acbf9160806aac8a226a0db96fae0f132bf0944e1dfe12bd,2026-08-21T02:29:31.506808+00:00,PASS,STALE,0.1.0
L4-003,2020-10-08,1.56,percent,FRED,T5YIE,docs/phase2-ingestion/data/macro/raw/fred/T5YIE-20260821T022309Z.json,ef580e8a42052f19acbf9160806aac8a226a0db96fae0f132bf0944e1dfe12bd,2026-08-21T02:29:31.506808+00:00,PASS,STALE,0.1.0
L4-003,2020-10-09,1.56,percent,FRED,T5YIE,docs/phase2-ingestion/data/macro/raw/fred/T5YIE-20260821T022309Z.json,ef580e8a42052f19acbf9160806aac8a226a0db96fae0f132bf0944e1dfe12bd,2026-08-21T02:29:31.506808+00:00,PASS,STALE,0.1.0
L4-003,2020-10-13,1.52,percent,FRED,T5YIE,docs/phase2-ingestion/data/macro/raw/fred/T5YIE-20260821T022309Z.json,ef580e8a42052f19acbf9160806aac8a226a0db96fae0f132bf0944e1dfe12bd,2026-08-21T02:29:31.506808+00:00,PASS,STALE,0.1.0
L4-003,2020-10-14,1.52,percent,FRED,T5YIE,docs/phase2-ingestion/data/macro/raw/fred/T5YIE-20260821T022309Z.json,ef580e8a42052f19acbf9160806aac8a226a0db96fae0f132bf0944e1dfe12bd,2026-08-21T02:29:31.506808+00:00,PASS,STALE,0.1.0
L4-003,2020-10-15,1.52,percent,FRED,T5YIE,docs/phase2-ingestion/data/macro/raw/fred/T5YIE-20260821T022309Z.json,ef580e8a42052f19acbf9160806aac8a226a0db96fae0f132bf0944e1dfe12bd,2026-08-21T02:29:31.506808+00:00,PASS,STALE,0.1.0
L4-003,2020-10-16,1.53,percent,FRED,T5YIE,docs/phase2-ingestion/data/macro/raw/fred/T5YIE-20260821T022309Z.json,ef580e8a42052f19acbf9160806aac8a226a0db96fae0f132bf0944e1dfe12bd,2026-08-21T02:29:31.506808+00:00,PASS,STALE,0.1.0
L4-003,2020-10-19,1.53,percent,FRED,T5YIE,docs/phase2-ingestion/data/macro/raw/fred/T5YIE-20260821T022309Z.json,ef580e8a42052f19acbf9160806aac8a226a0db96fae0f132bf0944e1dfe12bd,2026-08-21T02:29:31.506808+00:00,PASS,STALE,0.1.0
L4-003,2020-10-20,1.53,percent,FRED,T5YIE,docs/phase2-ingestion/data/macro/raw/fred/T5YIE-20260821T022309Z.json,ef580e8a42052f19acbf9160806aac8a226a0db96fae0f132bf0944e1dfe12bd,2026-08-21T02:29:31.506808+00:00,PASS,STALE,0.1.0
L4-003,2020-10-21,1.56,percent,FRED,T5YIE,docs/phase2-ingestion/data/macro/raw/fred/T5YIE-20260821T022309Z.json,ef580e8a42052f19acbf9160806aac8a226a0db96fae0f132bf0944e1dfe12bd,2026-08-21T02:29:31.506808+00:00,PASS,STALE,0.1.0
L4-003,2020-10-22,1.68,percent,FRED,T5YIE,docs/phase2-ingestion/data/macro/raw/fred/T5YIE-20260821T022309Z.json,ef580e8a42052f19acbf9160806aac8a226a0db96fae0f132bf0944e1dfe12bd,2026-08-21T02:29:31.506808+00:00,PASS,STALE,0.1.0
L4-003,2020-10-23,1.66,percent,FRED,T5YIE,docs/phase2-ingestion/data/macro/raw/fred/T5YIE-20260821T022309Z.json,ef580e8a42052f19acbf9160806aac8a226a0db96fae0f132bf0944e1dfe12bd,2026-08-21T02:29:31.506808+00:00,PASS,STALE,0.1.0
L4-003,2020-10-26,1.63,percent,FRED,T5YIE,docs/phase2-ingestion/data/macro/raw/fred/T5YIE-20260821T022309Z.json,ef580e8a42052f19acbf9160806aac8a226a0db96fae0f132bf0944e1dfe12bd,2026-08-21T02:29:31.506808+00:00,PASS,STALE,0.1.0
L4-003,2020-10-27,1.64,percent,FRED,T5YIE,docs/phase2-ingestion/data/macro/raw/fred/T5YIE-20260821T022309Z.json,ef580e8a42052f19acbf9160806aac8a226a0db96fae0f132bf0944e1dfe12bd,2026-08-21T02:29:31.506808+00:00,PASS,STALE,0.1.0
L4-003,2020-10-28,1.61,percent,FRED,T5YIE,docs/phase2-ingestion/data/macro/raw/fred/T5YIE-20260821T022309Z.json,ef580e8a42052f19acbf9160806aac8a226a0db96fae0f132bf0944e1dfe12bd,2026-08-21T02:29:31.506808+00:00,PASS,STALE,0.1.0
L4-003,2020-10-29,1.61,percent,FRED,T5YIE,docs/phase2-ingestion/data/macro/raw/fred/T5YIE-20260821T022309Z.json,ef580e8a42052f19acbf9160806aac8a226a0db96fae0f132bf0944e1dfe12bd,2026-08-21T02:29:31.506808+00:00,PASS,STALE,0.1.0
L4-003,2020-10-30,1.59,percent,FRED,T5YIE,docs/phase2-ingestion/data/macro/raw/fred/T5YIE-20260821T022309Z.json,ef580e8a42052f19acbf9160806aac8a226a0db96fae0f132bf0944e1dfe12bd,2026-08-21T02:29:31.506808+00:00,PASS,STALE,0.1.0
L4-003,2020-11-02,1.6,percent,FRED,T5YIE,docs/phase2-ingestion/data/macro/raw/fred/T5YIE-20260821T022309Z.json,ef580e8a42052f19acbf9160806aac8a226a0db96fae0f132bf0944e1dfe12bd,2026-08-21T02:29:31.506808+00:00,PASS,STALE,0.1.0
L4-003,2020-11-03,1.62,percent,FRED,T5YIE,docs/phase2-ingestion/data/macro/raw/fred/T5YIE-20260821T022309Z.json,ef580e8a42052f19acbf9160806aac8a226a0db96fae0f132bf0944e1dfe12bd,2026-08-21T02:29:31.506808+00:00,PASS,STALE,0.1.0
L4-003,2020-11-04,1.56,percent,FRED,T5YIE,docs/phase2-ingestion/data/macro/raw/fred/T5YIE-20260821T022309Z.json,ef580e8a42052f19acbf9160806aac8a226a0db96fae0f132bf0944e1dfe12bd,2026-08-21T02:29:31.506808+00:00,PASS,STALE,0.1.0
L4-003,2020-11-05,1.55,percent,FRED,T5YIE,docs/phase2-ingestion/data/macro/raw/fred/T5YIE-20260821T022309Z.json,ef580e8a42052f19acbf9160806aac8a226a0db96fae0f132bf0944e1dfe12bd,2026-08-21T02:29:31.506808+00:00,PASS,STALE,0.1.0
L4-003,2020-11-06,1.54,percent,FRED,T5YIE,docs/phase2-ingestion/data/macro/raw/fred/T5YIE-20260821T022309Z.json,ef580e8a42052f19acbf9160806aac8a226a0db96fae0f132bf0944e1dfe12bd,2026-08-21T02:29:31.506808+00:00,PASS,STALE,0.1.0
L4-003,2020-11-09,1.63,percent,FRED,T5YIE,docs/phase2-ingestion/data/macro/raw/fred/T5YIE-20260821T022309Z.json,ef580e8a42052f19acbf9160806aac8a226a0db96fae0f132bf0944e1dfe12bd,2026-08-21T02:29:31.506808+00:00,PASS,STALE,0.1.0
L4-003,2020-11-10,1.69,percent,FRED,T5YIE,docs/phase2-ingestion/data/macro/raw/fred/T5YIE-20260821T022309Z.json,ef580e8a42052f19acbf9160806aac8a226a0db96fae0f132bf0944e1dfe12bd,2026-08-21T02:29:31.506808+00:00,PASS,STALE,0.1.0
L4-003,2020-11-12,1.63,percent,FRED,T5YIE,docs/phase2-ingestion/data/macro/raw/fred/T5YIE-20260821T022309Z.json,ef580e8a42052f19acbf9160806aac8a226a0db96fae0f132bf0944e1dfe12bd,2026-08-21T02:29:31.506808+00:00,PASS,STALE,0.1.0
L4-003,2020-11-13,1.64,percent,FRED,T5YIE,docs/phase2-ingestion/data/macro/raw/fred/T5YIE-20260821T022309Z.json,ef580e8a42052f19acbf9160806aac8a226a0db96fae0f132bf0944e1dfe12bd,2026-08-21T02:29:31.506808+00:00,PASS,STALE,0.1.0
L4-003,2020-11-16,1.64,percent,FRED,T5YIE,docs/phase2-ingestion/data/macro/raw/fred/T5YIE-20260821T022309Z.json,ef580e8a42052f19acbf9160806aac8a226a0db96fae0f132bf0944e1dfe12bd,2026-08-21T02:29:31.506808+00:00,PASS,STALE,0.1.0
L4-003,2020-11-17,1.63,percent,FRED,T5YIE,docs/phase2-ingestion/data/macro/raw/fred/T5YIE-20260821T022309Z.json,ef580e8a42052f19acbf9160806aac8a226a0db96fae0f132bf0944e1dfe12bd,2026-08-21T02:29:31.506808+00:00,PASS,STALE,0.1.0
L4-003,2020-11-18,1.63,percent,FRED,T5YIE,docs/phase2-ingestion/data/macro/raw/fred/T5YIE-20260821T022309Z.json,ef580e8a42052f19acbf9160806aac8a226a0db96fae0f132bf0944e1dfe12bd,2026-08-21T02:29:31.506808+00:00,PASS,STALE,0.1.0
L4-003,2020-11-19,1.62,percent,FRED,T5YIE,docs/phase2-ingestion/data/macro/raw/fred/T5YIE-20260821T022309Z.json,ef580e8a42052f19acbf9160806aac8a226a0db96fae0f132bf0944e1dfe12bd,2026-08-21T02:29:31.506808+00:00,PASS,STALE,0.1.0
L4-003,2020-11-20,1.61,percent,FRED,T5YIE,docs/phase2-ingestion/data/macro/raw/fred/T5YIE-20260821T022309Z.json,ef580e8a42052f19acbf9160806aac8a226a0db96fae0f132bf0944e1dfe12bd,2026-08-21T02:29:31.506808+00:00,PASS,STALE,0.1.0
L4-003,2020-11-23,1.62,percent,FRED,T5YIE,docs/phase2-ingestion/data/macro/raw/fred/T5YIE-20260821T022309Z.json,ef580e8a42052f19acbf9160806aac8a226a0db96fae0f132bf0944e1dfe12bd,2026-08-21T02:29:31.506808+00:00,PASS,STALE,0.1.0
L4-003,2020-11-24,1.65,percent,FRED,T5YIE,docs/phase2-ingestion/data/macro/raw/fred/T5YIE-20260821T022309Z.json,ef580e8a42052f19acbf9160806aac8a226a0db96fae0f132bf0944e1dfe12bd,2026-08-21T02:29:31.506808+00:00,PASS,STALE,0.1.0
L4-003,2020-11-25,1.67,percent,FRED,T5YIE,docs/phase2-ingestion/data/macro/raw/fred/T5YIE-20260821T022309Z.json,ef580e8a42052f19acbf9160806aac8a226a0db96fae0f132bf0944e1dfe12bd,2026-08-21T02:29:31.506808+00:00,PASS,STALE,0.1.0
L4-003,2020-11-27,1.67,percent,FRED,T5YIE,docs/phase2-ingestion/data/macro/raw/fred/T5YIE-20260821T022309Z.json,ef580e8a42052f19acbf9160806aac8a226a0db96fae0f132bf0944e1dfe12bd,2026-08-21T02:29:31.506808+00:00,PASS,STALE,0.1.0
L4-003,2020-11-30,1.68,percent,FRED,T5YIE,docs/phase2-ingestion/data/macro/raw/fred/T5YIE-20260821T022309Z.json,ef580e8a42052f19acbf9160806aac8a226a0db96fae0f132bf0944e1dfe12bd,2026-08-21T02:29:31.506808+00:00,PASS,STALE,0.1.0
L4-003,2020-12-01,1.72,percent,FRED,T5YIE,docs/phase2-ingestion/data/macro/raw/fred/T5YIE-20260821T022309Z.json,ef580e8a42052f19acbf9160806aac8a226a0db96fae0f132bf0944e1dfe12bd,2026-08-21T02:29:31.506808+00:00,PASS,STALE,0.1.0
L4-003,2020-12-02,1.76,percent,FRED,T5YIE,docs/phase2-ingestion/data/macro/raw/fred/T5YIE-20260821T022309Z.json,ef580e8a42052f19acbf9160806aac8a226a0db96fae0f132bf0944e1dfe12bd,2026-08-21T02:29:31.506808+00:00,PASS,STALE,0.1.0
L4-003,2020-12-03,1.78,percent,FRED,T5YIE,docs/phase2-ingestion/data/macro/raw/fred/T5YIE-20260821T022309Z.json,ef580e8a42052f19acbf9160806aac8a226a0db96fae0f132bf0944e1dfe12bd,2026-08-21T02:29:31.506808+00:00,PASS,STALE,0.1.0
L4-003,2020-12-04,1.83,percent,FRED,T5YIE,docs/phase2-ingestion/data/macro/raw/fred/T5YIE-20260821T022309Z.json,ef580e8a42052f19acbf9160806aac8a226a0db96fae0f132bf0944e1dfe12bd,2026-08-21T02:29:31.506808+00:00,PASS,STALE,0.1.0
L4-003,2020-12-07,1.84,percent,FRED,T5YIE,docs/phase2-ingestion/data/macro/raw/fred/T5YIE-20260821T022309Z.json,ef580e8a42052f19acbf9160806aac8a226a0db96fae0f132bf0944e1dfe12bd,2026-08-21T02:29:31.506808+00:00,PASS,STALE,0.1.0
L4-003,2020-12-08,1.84,percent,FRED,T5YIE,docs/phase2-ingestion/data/macro/raw/fred/T5YIE-20260821T022309Z.json,ef580e8a42052f19acbf9160806aac8a226a0db96fae0f132bf0944e1dfe12bd,2026-08-21T02:29:31.506808+00:00,PASS,STALE,0.1.0
L4-003,2020-12-09,1.84,percent,FRED,T5YIE,docs/phase2-ingestion/data/macro/raw/fred/T5YIE-20260821T022309Z.json,ef580e8a42052f19acbf9160806aac8a226a0db96fae0f132bf0944e1dfe12bd,2026-08-21T02:29:31.506808+00:00,PASS,STALE,0.1.0
L4-003,2020-12-10,1.83,percent,FRED,T5YIE,docs/phase2-ingestion/data/macro/raw/fred/T5YIE-20260821T022309Z.json,ef580e8a42052f19acbf9160806aac8a226a0db96fae0f132bf0944e1dfe12bd,2026-08-21T02:29:31.506808+00:00,PASS,STALE,0.1.0
L4-003,2020-12-11,1.82,percent,FRED,T5YIE,docs/phase2-ingestion/data/macro/raw/fred/T5YIE-20260821T022309Z.json,ef580e8a42052f19acbf9160806aac8a226a0db96fae0f132bf0944e1dfe12bd,2026-08-21T02:29:31.506808+00:00,PASS,STALE,0.1.0
L4-003,2020-12-14,1.84,percent,FRED,T5YIE,docs/phase2-ingestion/data/macro/raw/fred/T5YIE-20260821T022309Z.json,ef580e8a42052f19acbf9160806aac8a226a0db96fae0f132bf0944e1dfe12bd,2026-08-21T02:29:31.506808+00:00,PASS,STALE,0.1.0
L4-003,2020-12-15,1.86,percent,FRED,T5YIE,docs/phase2-ingestion/data/macro/raw/fred/T5YIE-20260821T022309Z.json,ef580e8a42052f19acbf9160806aac8a226a0db96fae0f132bf0944e1dfe12bd,2026-08-21T02:29:31.506808+00:00,PASS,STALE,0.1.0
L4-003,2020-12-16,1.9,percent,FRED,T5YIE,docs/phase2-ingestion/data/macro/raw/fred/T5YIE-20260821T022309Z.json,ef580e8a42052f19acbf9160806aac8a226a0db96fae0f132bf0944e1dfe12bd,2026-08-21T02:29:31.506808+00:00,PASS,STALE,0.1.0
L4-003,2020-12-17,1.9,percent,FRED,T5YIE,docs/phase2-ingestion/data/macro/raw/fred/T5YIE-20260821T022309Z.json,ef580e8a42052f19acbf9160806aac8a226a0db96fae0f132bf0944e1dfe12bd,2026-08-21T02:29:31.506808+00:00,PASS,STALE,0.1.0
L4-003,2020-12-18,1.92,percent,FRED,T5YIE,docs/phase2-ingestion/data/macro/raw/fred/T5YIE-20260821T022309Z.json,ef580e8a42052f19acbf9160806aac8a226a0db96fae0f132bf0944e1dfe12bd,2026-08-21T02:29:31.506808+00:00,PASS,STALE,0.1.0
L4-003,2020-12-21,1.9,percent,FRED,T5YIE,docs/phase2-ingestion/data/macro/raw/fred/T5YIE-20260821T022309Z.json,ef580e8a42052f19acbf9160806aac8a226a0db96fae0f132bf0944e1dfe12bd,2026-08-21T02:29:31.506808+00:00,PASS,STALE,0.1.0
L4-003,2020-12-22,1.92,percent,FRED,T5YIE,docs/phase2-ingestion/data/macro/raw/fred/T5YIE-20260821T022309Z.json,ef580e8a42052f19acbf9160806aac8a226a0db96fae0f132bf0944e1dfe12bd,2026-08-21T02:29:31.506808+00:00,PASS,STALE,0.1.0
L4-003,2020-12-23,1.93,percent,FRED,T5YIE,docs/phase2-ingestion/data/macro/raw/fred/T5YIE-20260821T022309Z.json,ef580e8a42052f19acbf9160806aac8a226a0db96fae0f132bf0944e1dfe12bd,2026-08-21T02:29:31.506808+00:00,PASS,STALE,0.1.0
L4-003,2020-12-24,1.92,percent,FRED,T5YIE,docs/phase2-ingestion/data/macro/raw/fred/T5YIE-20260821T022309Z.json,ef580e8a42052f19acbf9160806aac8a226a0db96fae0f132bf0944e1dfe12bd,2026-08-21T02:29:31.506808+00:00,PASS,STALE,0.1.0
L4-003,2020-12-28,1.92,percent,FRED,T5YIE,docs/phase2-ingestion/data/macro/raw/fred/T5YIE-20260821T022309Z.json,ef580e8a42052f19acbf9160806aac8a226a0db96fae0f132bf0944e1dfe12bd,2026-08-21T02:29:31.506808+00:00,PASS,STALE,0.1.0
L4-003,2020-12-29,1.9,percent,FRED,T5YIE,docs/phase2-ingestion/data/macro/raw/fred/T5YIE-20260821T022309Z.json,ef580e8a42052f19acbf9160806aac8a226a0db96fae0f132bf0944e1dfe12bd,2026-08-21T02:29:31.506808+00:00,PASS,STALE,0.1.0
L4-003,2020-12-30,1.92,percent,FRED,T5YIE,docs/phase2-ingestion/data/macro/raw/fred/T5YIE-20260821T022309Z.json,ef580e8a42052f19acbf9160806aac8a226a0db96fae0f132bf0944e1dfe12bd,2026-08-21T02:29:31.506808+00:00,PASS,STALE,0.1.0
L4-003,2020-12-31,1.95,percent,FRED,T5YIE,docs/phase2-ingestion/data/macro/raw/fred/T5YIE-20260821T022309Z.json,ef580e8a42052f19acbf9160806aac8a226a0db96fae0f132bf0944e1dfe12bd,2026-08-21T02:29:31.506808+00:00,PASS,STALE,0.1.0
L4-003,2021-01-04,1.98,percent,FRED,T5YIE,docs/phase2-ingestion/data/macro/raw/fred/T5YIE-20260821T022309Z.json,ef580e8a42052f19acbf9160806aac8a226a0db96fae0f132bf0944e1dfe12bd,2026-08-21T02:29:31.506808+00:00,PASS,STALE,0.1.0
L4-003,2021-01-05,2.01,percent,FRED,T5YIE,docs/phase2-ingestion/data/macro/raw/fred/T5YIE-20260821T022309Z.json,ef580e8a42052f19acbf9160806aac8a226a0db96fae0f132bf0944e1dfe12bd,2026-08-21T02:29:31.506808+00:00,PASS,STALE,0.1.0
L4-003,2021-01-06,2.04,percent,FRED,T5YIE,docs/phase2-ingestion/data/macro/raw/fred/T5YIE-20260821T022309Z.json,ef580e8a42052f19acbf9160806aac8a226a0db96fae0f132bf0944e1dfe12bd,2026-08-21T02:29:31.506808+00:00,PASS,STALE,0.1.0
L4-003,2021-01-07,2.09,percent,FRED,T5YIE,docs/phase2-ingestion/data/macro/raw/fred/T5YIE-20260821T022309Z.json,ef580e8a42052f19acbf9160806aac8a226a0db96fae0f132bf0944e1dfe12bd,2026-08-21T02:29:31.506808+00:00,PASS,STALE,0.1.0
L4-003,2021-01-08,2.07,percent,FRED,T5YIE,docs/phase2-ingestion/data/macro/raw/fred/T5YIE-20260821T022309Z.json,ef580e8a42052f19acbf9160806aac8a226a0db96fae0f132bf0944e1dfe12bd,2026-08-21T02:29:31.506808+00:00,PASS,STALE,0.1.0
L4-003,2021-01-11,2.04,percent,FRED,T5YIE,docs/phase2-ingestion/data/macro/raw/fred/T5YIE-20260821T022309Z.json,ef580e8a42052f19acbf9160806aac8a226a0db96fae0f132bf0944e1dfe12bd,2026-08-21T02:29:31.506808+00:00,PASS,STALE,0.1.0
L4-003,2021-01-12,2.06,percent,FRED,T5YIE,docs/phase2-ingestion/data/macro/raw/fred/T5YIE-20260821T022309Z.json,ef580e8a42052f19acbf9160806aac8a226a0db96fae0f132bf0944e1dfe12bd,2026-08-21T02:29:31.506808+00:00,PASS,STALE,0.1.0
L4-003,2021-01-13,2.04,percent,FRED,T5YIE,docs/phase2-ingestion/data/macro/raw/fred/T5YIE-20260821T022309Z.json,ef580e8a42052f19acbf9160806aac8a226a0db96fae0f132bf0944e1dfe12bd,2026-08-21T02:29:31.506808+00:00,PASS,STALE,0.1.0
L4-003,2021-01-14,2.09,percent,FRED,T5YIE,docs/phase2-ingestion/data/macro/raw/fred/T5YIE-20260821T022309Z.json,ef580e8a42052f19acbf9160806aac8a226a0db96fae0f132bf0944e1dfe12bd,2026-08-21T02:29:31.506808+00:00,PASS,STALE,0.1.0
L4-003,2021-01-15,2.09,percent,FRED,T5YIE,docs/phase2-ingestion/data/macro/raw/fred/T5YIE-20260821T022309Z.json,ef580e8a42052f19acbf9160806aac8a226a0db96fae0f132bf0944e1dfe12bd,2026-08-21T02:29:31.506808+00:00,PASS,STALE,0.1.0
L4-003,2021-01-19,2.12,percent,FRED,T5YIE,docs/phase2-ingestion/data/macro/raw/fred/T5YIE-20260821T022309Z.json,ef580e8a42052f19acbf9160806aac8a226a0db96fae0f132bf0944e1dfe12bd,2026-08-21T02:29:31.506808+00:00,PASS,STALE,0.1.0
L4-003,2021-01-20,2.15,percent,FRED,T5YIE,docs/phase2-ingestion/data/macro/raw/fred/T5YIE-20260821T022309Z.json,ef580e8a42052f19acbf9160806aac8a226a0db96fae0f132bf0944e1dfe12bd,2026-08-21T02:29:31.506808+00:00,PASS,STALE,0.1.0
L4-003,2021-01-21,2.18,percent,FRED,T5YIE,docs/phase2-ingestion/data/macro/raw/fred/T5YIE-20260821T022309Z.json,ef580e8a42052f19acbf9160806aac8a226a0db96fae0f132bf0944e1dfe12bd,2026-08-21T02:29:31.506808+00:00,PASS,STALE,0.1.0
L4-003,2021-01-22,2.16,percent,FRED,T5YIE,docs/phase2-ingestion/data/macro/raw/fred/T5YIE-20260821T022309Z.json,ef580e8a42052f19acbf9160806aac8a226a0db96fae0f132bf0944e1dfe12bd,2026-08-21T02:29:31.506808+00:00,PASS,STALE,0.1.0
L4-003,2021-01-25,2.15,percent,FRED,T5YIE,docs/phase2-ingestion/data/macro/raw/fred/T5YIE-20260821T022309Z.json,ef580e8a42052f19acbf9160806aac8a226a0db96fae0f132bf0944e1dfe12bd,2026-08-21T02:29:31.506808+00:00,PASS,STALE,0.1.0
L4-003,2021-01-26,2.15,percent,FRED,T5YIE,docs/phase2-ingestion/data/macro/raw/fred/T5YIE-20260821T022309Z.json,ef580e8a42052f19acbf9160806aac8a226a0db96fae0f132bf0944e1dfe12bd,2026-08-21T02:29:31.506808+00:00,PASS,STALE,0.1.0
L4-003,2021-01-27,2.15,percent,FRED,T5YIE,docs/phase2-ingestion/data/macro/raw/fred/T5YIE-20260821T022309Z.json,ef580e8a42052f19acbf9160806aac8a226a0db96fae0f132bf0944e1dfe12bd,2026-08-21T02:29:31.506808+00:00,PASS,STALE,0.1.0
L4-003,2021-01-28,2.18,percent,FRED,T5YIE,docs/phase2-ingestion/data/macro/raw/fred/T5YIE-20260821T022309Z.json,ef580e8a42052f19acbf9160806aac8a226a0db96fae0f132bf0944e1dfe12bd,2026-08-21T02:29:31.506808+00:00,PASS,STALE,0.1.0
L4-003,2021-01-29,2.21,percent,FRED,T5YIE,docs/phase2-ingestion/data/macro/raw/fred/T5YIE-20260821T022309Z.json,ef580e8a42052f19acbf9160806aac8a226a0db96fae0f132bf0944e1dfe12bd,2026-08-21T02:29:31.506808+00:00,PASS,STALE,0.1.0
L4-003,2021-02-01,2.18,percent,FRED,T5YIE,docs/phase2-ingestion/data/macro/raw/fred/T5YIE-20260821T022309Z.json,ef580e8a42052f19acbf9160806aac8a226a0db96fae0f132bf0944e1dfe12bd,2026-08-21T02:29:31.506808+00:00,PASS,STALE,0.1.0
L4-003,2021-02-02,2.23,percent,FRED,T5YIE,docs/phase2-ingestion/data/macro/raw/fred/T5YIE-20260821T022309Z.json,ef580e8a42052f19acbf9160806aac8a226a0db96fae0f132bf0944e1dfe12bd,2026-08-21T02:29:31.506808+00:00,PASS,STALE,0.1.0
L4-003,2021-02-03,2.27,percent,FRED,T5YIE,docs/phase2-ingestion/data/macro/raw/fred/T5YIE-20260821T022309Z.json,ef580e8a42052f19acbf9160806aac8a226a0db96fae0f132bf0944e1dfe12bd,2026-08-21T02:29:31.506808+00:00,PASS,STALE,0.1.0
L4-003,2021-02-04,2.25,percent,FRED,T5YIE,docs/phase2-ingestion/data/macro/raw/fred/T5YIE-20260821T022309Z.json,ef580e8a42052f19acbf9160806aac8a226a0db96fae0f132bf0944e1dfe12bd,2026-08-21T02:29:31.506808+00:00,PASS,STALE,0.1.0
L4-003,2021-02-05,2.28,percent,FRED,T5YIE,docs/phase2-ingestion/data/macro/raw/fred/T5YIE-20260821T022309Z.json,ef580e8a42052f19acbf9160806aac8a226a0db96fae0f132bf0944e1dfe12bd,2026-08-21T02:29:31.506808+00:00,PASS,STALE,0.1.0
L4-003,2021-02-08,2.31,percent,FRED,T5YIE,docs/phase2-ingestion/data/macro/raw/fred/T5YIE-20260821T022309Z.json,ef580e8a42052f19acbf9160806aac8a226a0db96fae0f132bf0944e1dfe12bd,2026-08-21T02:29:31.506808+00:00,PASS,STALE,0.1.0
L4-003,2021-02-09,2.31,percent,FRED,T5YIE,docs/phase2-ingestion/data/macro/raw/fred/T5YIE-20260821T022309Z.json,ef580e8a42052f19acbf9160806aac8a226a0db96fae0f132bf0944e1dfe12bd,2026-08-21T02:29:31.506808+00:00,PASS,STALE,0.1.0
L4-003,2021-02-10,2.31,percent,FRED,T5YIE,docs/phase2-ingestion/data/macro/raw/fred/T5YIE-20260821T022309Z.json,ef580e8a42052f19acbf9160806aac8a226a0db96fae0f132bf0944e1dfe12bd,2026-08-21T02:29:31.506808+00:00,PASS,STALE,0.1.0
L4-003,2021-02-11,2.32,percent,FRED,T5YIE,docs/phase2-ingestion/data/macro/raw/fred/T5YIE-20260821T022309Z.json,ef580e8a42052f19acbf9160806aac8a226a0db96fae0f132bf0944e1dfe12bd,2026-08-21T02:29:31.506808+00:00,PASS,STALE,0.1.0
L4-003,2021-02-12,2.35,percent,FRED,T5YIE,docs/phase2-ingestion/data/macro/raw/fred/T5YIE-20260821T022309Z.json,ef580e8a42052f19acbf9160806aac8a226a0db96fae0f132bf0944e1dfe12bd,2026-08-21T02:29:31.506808+00:00,PASS,STALE,0.1.0
L4-003,2021-02-16,2.37,percent,FRED,T5YIE,docs/phase2-ingestion/data/macro/raw/fred/T5YIE-20260821T022309Z.json,ef580e8a42052f19acbf9160806aac8a226a0db96fae0f132bf0944e1dfe12bd,2026-08-21T02:29:31.506808+00:00,PASS,STALE,0.1.0
L4-003,2021-02-17,2.35,percent,FRED,T5YIE,docs/phase2-ingestion/data/macro/raw/fred/T5YIE-20260821T022309Z.json,ef580e8a42052f19acbf9160806aac8a226a0db96fae0f132bf0944e1dfe12bd,2026-08-21T02:29:31.506808+00:00,PASS,STALE,0.1.0
L4-003,2021-02-18,2.29,percent,FRED,T5YIE,docs/phase2-ingestion/data/macro/raw/fred/T5YIE-20260821T022309Z.json,ef580e8a42052f19acbf9160806aac8a226a0db96fae0f132bf0944e1dfe12bd,2026-08-21T02:29:31.506808+00:00,PASS,STALE,0.1.0
L4-003,2021-02-19,2.29,percent,FRED,T5YIE,docs/phase2-ingestion/data/macro/raw/fred/T5YIE-20260821T022309Z.json,ef580e8a42052f19acbf9160806aac8a226a0db96fae0f132bf0944e1dfe12bd,2026-08-21T02:29:31.506808+00:00,PASS,STALE,0.1.0
L4-003,2021-02-22,2.35,percent,FRED,T5YIE,docs/phase2-ingestion/data/macro/raw/fred/T5YIE-20260821T022309Z.json,ef580e8a42052f19acbf9160806aac8a226a0db96fae0f132bf0944e1dfe12bd,2026-08-21T02:29:31.506808+00:00,PASS,STALE,0.1.0
L4-003,2021-02-23,2.35,percent,FRED,T5YIE,docs/phase2-ingestion/data/macro/raw/fred/T5YIE-20260821T022309Z.json,ef580e8a42052f19acbf9160806aac8a226a0db96fae0f132bf0944e1dfe12bd,2026-08-21T02:29:31.506808+00:00,PASS,STALE,0.1.0
L4-003,2021-02-24,2.38,percent,FRED,T5YIE,docs/phase2-ingestion/data/macro/raw/fred/T5YIE-20260821T022309Z.json,ef580e8a42052f19acbf9160806aac8a226a0db96fae0f132bf0944e1dfe12bd,2026-08-21T02:29:31.506808+00:00,PASS,STALE,0.1.0
L4-003,2021-02-25,2.34,percent,FRED,T5YIE,docs/phase2-ingestion/data/macro/raw/fred/T5YIE-20260821T022309Z.json,ef580e8a42052f19acbf9160806aac8a226a0db96fae0f132bf0944e1dfe12bd,2026-08-21T02:29:31.506808+00:00,PASS,STALE,0.1.0
L4-003,2021-02-26,2.39,percent,FRED,T5YIE,docs/phase2-ingestion/data/macro/raw/fred/T5YIE-20260821T022309Z.json,ef580e8a42052f19acbf9160806aac8a226a0db96fae0f132bf0944e1dfe12bd,2026-08-21T02:29:31.506808+00:00,PASS,STALE,0.1.0
L4-003,2021-03-01,2.4,percent,FRED,T5YIE,docs/phase2-ingestion/data/macro/raw/fred/T5YIE-20260821T022309Z.json,ef580e8a42052f19acbf9160806aac8a226a0db96fae0f132bf0944e1dfe12bd,2026-08-21T02:29:31.506808+00:00,PASS,STALE,0.1.0
L4-003,2021-03-02,2.43,percent,FRED,T5YIE,docs/phase2-ingestion/data/macro/raw/fred/T5YIE-20260821T022309Z.json,ef580e8a42052f19acbf9160806aac8a226a0db96fae0f132bf0944e1dfe12bd,2026-08-21T02:29:31.506808+00:00,PASS,STALE,0.1.0
L4-003,2021-03-03,2.45,percent,FRED,T5YIE,docs/phase2-ingestion/data/macro/raw/fred/T5YIE-20260821T022309Z.json,ef580e8a42052f19acbf9160806aac8a226a0db96fae0f132bf0944e1dfe12bd,2026-08-21T02:29:31.506808+00:00,PASS,STALE,0.1.0
L4-003,2021-03-04,2.43,percent,FRED,T5YIE,docs/phase2-ingestion/data/macro/raw/fred/T5YIE-20260821T022309Z.json,ef580e8a42052f19acbf9160806aac8a226a0db96fae0f132bf0944e1dfe12bd,2026-08-21T02:29:31.506808+00:00,PASS,STALE,0.1.0
L4-003,2021-03-05,2.43,percent,FRED,T5YIE,docs/phase2-ingestion/data/macro/raw/fred/T5YIE-20260821T022309Z.json,ef580e8a42052f19acbf9160806aac8a226a0db96fae0f132bf0944e1dfe12bd,2026-08-21T02:29:31.506808+00:00,PASS,STALE,0.1.0
L4-003,2021-03-08,2.42,percent,FRED,T5YIE,docs/phase2-ingestion/data/macro/raw/fred/T5YIE-20260821T022309Z.json,ef580e8a42052f19acbf9160806aac8a226a0db96fae0f132bf0944e1dfe12bd,2026-08-21T02:29:31.506808+00:00,PASS,STALE,0.1.0
L4-003,2021-03-09,2.41,percent,FRED,T5YIE,docs/phase2-ingestion/data/macro/raw/fred/T5YIE-20260821T022309Z.json,ef580e8a42052f19acbf9160806aac8a226a0db96fae0f132bf0944e1dfe12bd,2026-08-21T02:29:31.506808+00:00,PASS,STALE,0.1.0
L4-003,2021-03-10,2.47,percent,FRED,T5YIE,docs/phase2-ingestion/data/macro/raw/fred/T5YIE-20260821T022309Z.json,ef580e8a42052f19acbf9160806aac8a226a0db96fae0f132bf0944e1dfe12bd,2026-08-21T02:29:31.506808+00:00,PASS,STALE,0.1.0
L4-003,2021-03-11,2.51,percent,FRED,T5YIE,docs/phase2-ingestion/data/macro/raw/fred/T5YIE-20260821T022309Z.json,ef580e8a42052f19acbf9160806aac8a226a0db96fae0f132bf0944e1dfe12bd,2026-08-21T02:29:31.506808+00:00,PASS,STALE,0.1.0
L4-003,2021-03-12,2.51,percent,FRED,T5YIE,docs/phase2-ingestion/data/macro/raw/fred/T5YIE-20260821T022309Z.json,ef580e8a42052f19acbf9160806aac8a226a0db96fae0f132bf0944e1dfe12bd,2026-08-21T02:29:31.506808+00:00,PASS,STALE,0.1.0
L4-003,2021-03-15,2.54,percent,FRED,T5YIE,docs/phase2-ingestion/data/macro/raw/fred/T5YIE-20260821T022309Z.json,ef580e8a42052f19acbf9160806aac8a226a0db96fae0f132bf0944e1dfe12bd,2026-08-21T02:29:31.506808+00:00,PASS,STALE,0.1.0
L4-003,2021-03-16,2.59,percent,FRED,T5YIE,docs/phase2-ingestion/data/macro/raw/fred/T5YIE-20260821T022309Z.json,ef580e8a42052f19acbf9160806aac8a226a0db96fae0f132bf0944e1dfe12bd,2026-08-21T02:29:31.506808+00:00,PASS,STALE,0.1.0
L4-003,2021-03-17,2.58,percent,FRED,T5YIE,docs/phase2-ingestion/data/macro/raw/fred/T5YIE-20260821T022309Z.json,ef580e8a42052f19acbf9160806aac8a226a0db96fae0f132bf0944e1dfe12bd,2026-08-21T02:29:31.506808+00:00,PASS,STALE,0.1.0
L4-003,2021-03-18,2.5,percent,FRED,T5YIE,docs/phase2-ingestion/data/macro/raw/fred/T5YIE-20260821T022309Z.json,ef580e8a42052f19acbf9160806aac8a226a0db96fae0f132bf0944e1dfe12bd,2026-08-21T02:29:31.506808+00:00,PASS,STALE,0.1.0
L4-003,2021-03-19,2.51,percent,FRED,T5YIE,docs/phase2-ingestion/data/macro/raw/fred/T5YIE-20260821T022309Z.json,ef580e8a42052f19acbf9160806aac8a226a0db96fae0f132bf0944e1dfe12bd,2026-08-21T02:29:31.506808+00:00,PASS,STALE,0.1.0
L4-003,2021-03-22,2.51,percent,FRED,T5YIE,docs/phase2-ingestion/data/macro/raw/fred/T5YIE-20260821T022309Z.json,ef580e8a42052f19acbf9160806aac8a226a0db96fae0f132bf0944e1dfe12bd,2026-08-21T02:29:31.506808+00:00,PASS,STALE,0.1.0
L4-003,2021-03-23,2.48,percent,FRED,T5YIE,docs/phase2-ingestion/data/macro/raw/fred/T5YIE-20260821T022309Z.json,ef580e8a42052f19acbf9160806aac8a226a0db96fae0f132bf0944e1dfe12bd,2026-08-21T02:29:31.506808+00:00,PASS,STALE,0.1.0
L4-003,2021-03-24,2.53,percent,FRED,T5YIE,docs/phase2-ingestion/data/macro/raw/fred/T5YIE-20260821T022309Z.json,ef580e8a42052f19acbf9160806aac8a226a0db96fae0f132bf0944e1dfe12bd,2026-08-21T02:29:31.506808+00:00,PASS,STALE,0.1.0
L4-003,2021-03-25,2.54,percent,FRED,T5YIE,docs/phase2-ingestion/data/macro/raw/fred/T5YIE-20260821T022309Z.json,ef580e8a42052f19acbf9160806aac8a226a0db96fae0f132bf0944e1dfe12bd,2026-08-21T02:29:31.506808+00:00,PASS,STALE,0.1.0
L4-003,2021-03-26,2.57,percent,FRED,T5YIE,docs/phase2-ingestion/data/macro/raw/fred/T5YIE-20260821T022309Z.json,ef580e8a42052f19acbf9160806aac8a226a0db96fae0f132bf0944e1dfe12bd,2026-08-21T02:29:31.506808+00:00,PASS,STALE,0.1.0
L4-003,2021-03-29,2.56,percent,FRED,T5YIE,docs/phase2-ingestion/data/macro/raw/fred/T5YIE-20260821T022309Z.json,ef580e8a42052f19acbf9160806aac8a226a0db96fae0f132bf0944e1dfe12bd,2026-08-21T02:29:31.506808+00:00,PASS,STALE,0.1.0
L4-003,2021-03-30,2.52,percent,FRED,T5YIE,docs/phase2-ingestion/data/macro/raw/fred/T5YIE-20260821T022309Z.json,ef580e8a42052f19acbf9160806aac8a226a0db96fae0f132bf0944e1dfe12bd,2026-08-21T02:29:31.506808+00:00,PASS,STALE,0.1.0
L4-003,2021-03-31,2.54,percent,FRED,T5YIE,docs/phase2-ingestion/data/macro/raw/fred/T5YIE-20260821T022309Z.json,ef580e8a42052f19acbf9160806aac8a226a0db96fae0f132bf0944e1dfe12bd,2026-08-21T02:29:31.506808+00:00,PASS,STALE,0.1.0
L4-003,2021-04-01,2.55,percent,FRED,T5YIE,docs/phase2-ingestion/data/macro/raw/fred/T5YIE-20260821T022309Z.json,ef580e8a42052f19acbf9160806aac8a226a0db96fae0f132bf0944e1dfe12bd,2026-08-21T02:29:31.506808+00:00,PASS,STALE,0.1.0
L4-003,2021-04-02,2.58,percent,FRED,T5YIE,docs/phase2-ingestion/data/macro/raw/fred/T5YIE-20260821T022309Z.json,ef580e8a42052f19acbf9160806aac8a226a0db96fae0f132bf0944e1dfe12bd,2026-08-21T02:29:31.506808+00:00,PASS,STALE,0.1.0
L4-003,2021-04-05,2.55,percent,FRED,T5YIE,docs/phase2-ingestion/data/macro/raw/fred/T5YIE-20260821T022309Z.json,ef580e8a42052f19acbf9160806aac8a226a0db96fae0f132bf0944e1dfe12bd,2026-08-21T02:29:31.506808+00:00,PASS,STALE,0.1.0
L4-003,2021-04-06,2.52,percent,FRED,T5YIE,docs/phase2-ingestion/data/macro/raw/fred/T5YIE-20260821T022309Z.json,ef580e8a42052f19acbf9160806aac8a226a0db96fae0f132bf0944e1dfe12bd,2026-08-21T02:29:31.506808+00:00,PASS,STALE,0.1.0
L4-003,2021-04-07,2.53,percent,FRED,T5YIE,docs/phase2-ingestion/data/macro/raw/fred/T5YIE-20260821T022309Z.json,ef580e8a42052f19acbf9160806aac8a226a0db96fae0f132bf0944e1dfe12bd,2026-08-21T02:29:31.506808+00:00,PASS,STALE,0.1.0
L4-003,2021-04-08,2.55,percent,FRED,T5YIE,docs/phase2-ingestion/data/macro/raw/fred/T5YIE-20260821T022309Z.json,ef580e8a42052f19acbf9160806aac8a226a0db96fae0f132bf0944e1dfe12bd,2026-08-21T02:29:31.506808+00:00,PASS,STALE,0.1.0
L4-003,2021-04-09,2.51,percent,FRED,T5YIE,docs/phase2-ingestion/data/macro/raw/fred/T5YIE-20260821T022309Z.json,ef580e8a42052f19acbf9160806aac8a226a0db96fae0f132bf0944e1dfe12bd,2026-08-21T02:29:31.506808+00:00,PASS,STALE,0.1.0
L4-003,2021-04-12,2.52,percent,FRED,T5YIE,docs/phase2-ingestion/data/macro/raw/fred/T5YIE-20260821T022309Z.json,ef580e8a42052f19acbf9160806aac8a226a0db96fae0f132bf0944e1dfe12bd,2026-08-21T02:29:31.506808+00:00,PASS,STALE,0.1.0
L4-003,2021-04-13,2.54,percent,FRED,T5YIE,docs/phase2-ingestion/data/macro/raw/fred/T5YIE-20260821T022309Z.json,ef580e8a42052f19acbf9160806aac8a226a0db96fae0f132bf0944e1dfe12bd,2026-08-21T02:29:31.506808+00:00,PASS,STALE,0.1.0
L4-003,2021-04-14,2.56,percent,FRED,T5YIE,docs/phase2-ingestion/data/macro/raw/fred/T5YIE-20260821T022309Z.json,ef580e8a42052f19acbf9160806aac8a226a0db96fae0f132bf0944e1dfe12bd,2026-08-21T02:29:31.506808+00:00,PASS,STALE,0.1.0
L4-003,2021-04-15,2.55,percent,FRED,T5YIE,docs/phase2-ingestion/data/macro/raw/fred/T5YIE-20260821T022309Z.json,ef580e8a42052f19acbf9160806aac8a226a0db96fae0f132bf0944e1dfe12bd,2026-08-21T02:29:31.506808+00:00,PASS,STALE,0.1.0
L4-003,2021-04-16,2.57,percent,FRED,T5YIE,docs/phase2-ingestion/data/macro/raw/fred/T5YIE-20260821T022309Z.json,ef580e8a42052f19acbf9160806aac8a226a0db96fae0f132bf0944e1dfe12bd,2026-08-21T02:29:31.506808+00:00,PASS,STALE,0.1.0
L4-003,2021-04-19,2.56,percent,FRED,T5YIE,docs/phase2-ingestion/data/macro/raw/fred/T5YIE-20260821T022309Z.json,ef580e8a42052f19acbf9160806aac8a226a0db96fae0f132bf0944e1dfe12bd,2026-08-21T02:29:31.506808+00:00,PASS,STALE,0.1.0
L4-003,2021-04-20,2.52,percent,FRED,T5YIE,docs/phase2-ingestion/data/macro/raw/fred/T5YIE-20260821T022309Z.json,ef580e8a42052f19acbf9160806aac8a226a0db96fae0f132bf0944e1dfe12bd,2026-08-21T02:29:31.506808+00:00,PASS,STALE,0.1.0
L4-003,2021-04-21,2.53,percent,FRED,T5YIE,docs/phase2-ingestion/data/macro/raw/fred/T5YIE-20260821T022309Z.json,ef580e8a42052f19acbf9160806aac8a226a0db96fae0f132bf0944e1dfe12bd,2026-08-21T02:29:31.506808+00:00,PASS,STALE,0.1.0
L4-003,2021-04-22,2.42,percent,FRED,T5YIE,docs/phase2-ingestion/data/macro/raw/fred/T5YIE-20260821T022309Z.json,ef580e8a42052f19acbf9160806aac8a226a0db96fae0f132bf0944e1dfe12bd,2026-08-21T02:29:31.506808+00:00,PASS,STALE,0.1.0
L4-003,2021-04-23,2.44,percent,FRED,T5YIE,docs/phase2-ingestion/data/macro/raw/fred/T5YIE-20260821T022309Z.json,ef580e8a42052f19acbf9160806aac8a226a0db96fae0f132bf0944e1dfe12bd,2026-08-21T02:29:31.506808+00:00,PASS,STALE,0.1.0
L4-003,2021-04-26,2.47,percent,FRED,T5YIE,docs/phase2-ingestion/data/macro/raw/fred/T5YIE-20260821T022309Z.json,ef580e8a42052f19acbf9160806aac8a226a0db96fae0f132bf0944e1dfe12bd,2026-08-21T02:29:31.506808+00:00,PASS,STALE,0.1.0
L4-003,2021-04-27,2.51,percent,FRED,T5YIE,docs/phase2-ingestion/data/macro/raw/fred/T5YIE-20260821T022309Z.json,ef580e8a42052f19acbf9160806aac8a226a0db96fae0f132bf0944e1dfe12bd,2026-08-21T02:29:31.506808+00:00,PASS,STALE,0.1.0
L4-003,2021-04-28,2.54,percent,FRED,T5YIE,docs/phase2-ingestion/data/macro/raw/fred/T5YIE-20260821T022309Z.json,ef580e8a42052f19acbf9160806aac8a226a0db96fae0f132bf0944e1dfe12bd,2026-08-21T02:29:31.506808+00:00,PASS,STALE,0.1.0
L4-003,2021-04-29,2.56,percent,FRED,T5YIE,docs/phase2-ingestion/data/macro/raw/fred/T5YIE-20260821T022309Z.json,ef580e8a42052f19acbf9160806aac8a226a0db96fae0f132bf0944e1dfe12bd,2026-08-21T02:29:31.506808+00:00,PASS,STALE,0.1.0
L4-003,2021-04-30,2.57,percent,FRED,T5YIE,docs/phase2-ingestion/data/macro/raw/fred/T5YIE-20260821T022309Z.json,ef580e8a42052f19acbf9160806aac8a226a0db96fae0f132bf0944e1dfe12bd,2026-08-21T02:29:31.506808+00:00,PASS,STALE,0.1.0
L4-003,2021-05-03,2.6,percent,FRED,T5YIE,docs/phase2-ingestion/data/macro/raw/fred/T5YIE-20260821T022309Z.json,ef580e8a42052f19acbf9160806aac8a226a0db96fae0f132bf0944e1dfe12bd,2026-08-21T02:29:31.506808+00:00,PASS,STALE,0.1.0
L4-003,2021-05-04,2.62,percent,FRED,T5YIE,docs/phase2-ingestion/data/macro/raw/fred/T5YIE-20260821T022309Z.json,ef580e8a42052f19acbf9160806aac8a226a0db96fae0f132bf0944e1dfe12bd,2026-08-21T02:29:31.506808+00:00,PASS,STALE,0.1.0
L4-003,2021-05-05,2.68,percent,FRED,T5YIE,docs/phase2-ingestion/data/macro/raw/fred/T5YIE-20260821T022309Z.json,ef580e8a42052f19acbf9160806aac8a226a0db96fae0f132bf0944e1dfe12bd,2026-08-21T02:29:31.506808+00:00,PASS,STALE,0.1.0
L4-003,2021-05-06,2.66,percent,FRED,T5YIE,docs/phase2-ingestion/data/macro/raw/fred/T5YIE-20260821T022309Z.json,ef580e8a42052f19acbf9160806aac8a226a0db96fae0f132bf0944e1dfe12bd,2026-08-21T02:29:31.506808+00:00,PASS,STALE,0.1.0
L4-003,2021-05-07,2.65,percent,FRED,T5YIE,docs/phase2-ingestion/data/macro/raw/fred/T5YIE-20260821T022309Z.json,ef580e8a42052f19acbf9160806aac8a226a0db96fae0f132bf0944e1dfe12bd,2026-08-21T02:29:31.506808+00:00,PASS,STALE,0.1.0
L4-003,2021-05-10,2.71,percent,FRED,T5YIE,docs/phase2-ingestion/data/macro/raw/fred/T5YIE-20260821T022309Z.json,ef580e8a42052f19acbf9160806aac8a226a0db96fae0f132bf0944e1dfe12bd,2026-08-21T02:29:31.506808+00:00,PASS,STALE,0.1.0
L4-003,2021-05-11,2.68,percent,FRED,T5YIE,docs/phase2-ingestion/data/macro/raw/fred/T5YIE-20260821T022309Z.json,ef580e8a42052f19acbf9160806aac8a226a0db96fae0f132bf0944e1dfe12bd,2026-08-21T02:29:31.506808+00:00,PASS,STALE,0.1.0
L4-003,2021-05-12,2.72,percent,FRED,T5YIE,docs/phase2-ingestion/data/macro/raw/fred/T5YIE-20260821T022309Z.json,ef580e8a42052f19acbf9160806aac8a226a0db96fae0f132bf0944e1dfe12bd,2026-08-21T02:29:31.506808+00:00,PASS,STALE,0.1.0
L4-003,2021-05-13,2.65,percent,FRED,T5YIE,docs/phase2-ingestion/data/macro/raw/fred/T5YIE-20260821T022309Z.json,ef580e8a42052f19acbf9160806aac8a226a0db96fae0f132bf0944e1dfe12bd,2026-08-21T02:29:31.506808+00:00,PASS,STALE,0.1.0
L4-003,2021-05-14,2.68,percent,FRED,T5YIE,docs/phase2-ingestion/data/macro/raw/fred/T5YIE-20260821T022309Z.json,ef580e8a42052f19acbf9160806aac8a226a0db96fae0f132bf0944e1dfe12bd,2026-08-21T02:29:31.506808+00:00,PASS,STALE,0.1.0
L4-003,2021-05-17,2.72,percent,FRED,T5YIE,docs/phase2-ingestion/data/macro/raw/fred/T5YIE-20260821T022309Z.json,ef580e8a42052f19acbf9160806aac8a226a0db96fae0f132bf0944e1dfe12bd,2026-08-21T02:29:31.506808+00:00,PASS,STALE,0.1.0
L4-003,2021-05-18,2.72,percent,FRED,T5YIE,docs/phase2-ingestion/data/macro/raw/fred/T5YIE-20260821T022309Z.json,ef580e8a42052f19acbf9160806aac8a226a0db96fae0f132bf0944e1dfe12bd,2026-08-21T02:29:31.506808+00:00,PASS,STALE,0.1.0
L4-003,2021-05-19,2.66,percent,FRED,T5YIE,docs/phase2-ingestion/data/macro/raw/fred/T5YIE-20260821T022309Z.json,ef580e8a42052f19acbf9160806aac8a226a0db96fae0f132bf0944e1dfe12bd,2026-08-21T02:29:31.506808+00:00,PASS,STALE,0.1.0
L4-003,2021-05-20,2.59,percent,FRED,T5YIE,docs/phase2-ingestion/data/macro/raw/fred/T5YIE-20260821T022309Z.json,ef580e8a42052f19acbf9160806aac8a226a0db96fae0f132bf0944e1dfe12bd,2026-08-21T02:29:31.506808+00:00,PASS,STALE,0.1.0
L4-003,2021-05-21,2.62,percent,FRED,T5YIE,docs/phase2-ingestion/data/macro/raw/fred/T5YIE-20260821T022309Z.json,ef580e8a42052f19acbf9160806aac8a226a0db96fae0f132bf0944e1dfe12bd,2026-08-21T02:29:31.506808+00:00,PASS,STALE,0.1.0
L4-003,2021-05-24,2.64,percent,FRED,T5YIE,docs/phase2-ingestion/data/macro/raw/fred/T5YIE-20260821T022309Z.json,ef580e8a42052f19acbf9160806aac8a226a0db96fae0f132bf0944e1dfe12bd,2026-08-21T02:29:31.506808+00:00,PASS,STALE,0.1.0
L4-003,2021-05-25,2.63,percent,FRED,T5YIE,docs/phase2-ingestion/data/macro/raw/fred/T5YIE-20260821T022309Z.json,ef580e8a42052f19acbf9160806aac8a226a0db96fae0f132bf0944e1dfe12bd,2026-08-21T02:29:31.506808+00:00,PASS,STALE,0.1.0
L4-003,2021-05-26,2.6,percent,FRED,T5YIE,docs/phase2-ingestion/data/macro/raw/fred/T5YIE-20260821T022309Z.json,ef580e8a42052f19acbf9160806aac8a226a0db96fae0f132bf0944e1dfe12bd,2026-08-21T02:29:31.506808+00:00,PASS,STALE,0.1.0
L4-003,2021-05-27,2.59,percent,FRED,T5YIE,docs/phase2-ingestion/data/macro/raw/fred/T5YIE-20260821T022309Z.json,ef580e8a42052f19acbf9160806aac8a226a0db96fae0f132bf0944e1dfe12bd,2026-08-21T02:29:31.506808+00:00,PASS,STALE,0.1.0
L4-003,2021-05-28,2.57,percent,FRED,T5YIE,docs/phase2-ingestion/data/macro/raw/fred/T5YIE-20260821T022309Z.json,ef580e8a42052f19acbf9160806aac8a226a0db96fae0f132bf0944e1dfe12bd,2026-08-21T02:29:31.506808+00:00,PASS,STALE,0.1.0
L4-003,2021-06-01,2.6,percent,FRED,T5YIE,docs/phase2-ingestion/data/macro/raw/fred/T5YIE-20260821T022309Z.json,ef580e8a42052f19acbf9160806aac8a226a0db96fae0f132bf0944e1dfe12bd,2026-08-21T02:29:31.506808+00:00,PASS,STALE,0.1.0
L4-003,2021-06-02,2.59,percent,FRED,T5YIE,docs/phase2-ingestion/data/macro/raw/fred/T5YIE-20260821T022309Z.json,ef580e8a42052f19acbf9160806aac8a226a0db96fae0f132bf0944e1dfe12bd,2026-08-21T02:29:31.506808+00:00,PASS,STALE,0.1.0
L4-003,2021-06-03,2.56,percent,FRED,T5YIE,docs/phase2-ingestion/data/macro/raw/fred/T5YIE-20260821T022309Z.json,ef580e8a42052f19acbf9160806aac8a226a0db96fae0f132bf0944e1dfe12bd,2026-08-21T02:29:31.506808+00:00,PASS,STALE,0.1.0
L4-003,2021-06-04,2.54,percent,FRED,T5YIE,docs/phase2-ingestion/data/macro/raw/fred/T5YIE-20260821T022309Z.json,ef580e8a42052f19acbf9160806aac8a226a0db96fae0f132bf0944e1dfe12bd,2026-08-21T02:29:31.506808+00:00,PASS,STALE,0.1.0
L4-003,2021-06-07,2.51,percent,FRED,T5YIE,docs/phase2-ingestion/data/macro/raw/fred/T5YIE-20260821T022309Z.json,ef580e8a42052f19acbf9160806aac8a226a0db96fae0f132bf0944e1dfe12bd,2026-08-21T02:29:31.506808+00:00,PASS,STALE,0.1.0
L4-003,2021-06-08,2.47,percent,FRED,T5YIE,docs/phase2-ingestion/data/macro/raw/fred/T5YIE-20260821T022309Z.json,ef580e8a42052f19acbf9160806aac8a226a0db96fae0f132bf0944e1dfe12bd,2026-08-21T02:29:31.506808+00:00,PASS,STALE,0.1.0
L4-003,2021-06-09,2.41,percent,FRED,T5YIE,docs/phase2-ingestion/data/macro/raw/fred/T5YIE-20260821T022309Z.json,ef580e8a42052f19acbf9160806aac8a226a0db96fae0f132bf0944e1dfe12bd,2026-08-21T02:29:31.506808+00:00,PASS,STALE,0.1.0
L4-003,2021-06-10,2.47,percent,FRED,T5YIE,docs/phase2-ingestion/data/macro/raw/fred/T5YIE-20260821T022309Z.json,ef580e8a42052f19acbf9160806aac8a226a0db96fae0f132bf0944e1dfe12bd,2026-08-21T02:29:31.506808+00:00,PASS,STALE,0.1.0
L4-003,2021-06-11,2.43,percent,FRED,T5YIE,docs/phase2-ingestion/data/macro/raw/fred/T5YIE-20260821T022309Z.json,ef580e8a42052f19acbf9160806aac8a226a0db96fae0f132bf0944e1dfe12bd,2026-08-21T02:29:31.506808+00:00,PASS,STALE,0.1.0
L4-003,2021-06-14,2.44,percent,FRED,T5YIE,docs/phase2-ingestion/data/macro/raw/fred/T5YIE-20260821T022309Z.json,ef580e8a42052f19acbf9160806aac8a226a0db96fae0f132bf0944e1dfe12bd,2026-08-21T02:29:31.506808+00:00,PASS,STALE,0.1.0
L4-003,2021-06-15,2.46,percent,FRED,T5YIE,docs/phase2-ingestion/data/macro/raw/fred/T5YIE-20260821T022309Z.json,ef580e8a42052f19acbf9160806aac8a226a0db96fae0f132bf0944e1dfe12bd,2026-08-21T02:29:31.506808+00:00,PASS,STALE,0.1.0
L4-003,2021-06-16,2.41,percent,FRED,T5YIE,docs/phase2-ingestion/data/macro/raw/fred/T5YIE-20260821T022309Z.json,ef580e8a42052f19acbf9160806aac8a226a0db96fae0f132bf0944e1dfe12bd,2026-08-21T02:29:31.506808+00:00,PASS,STALE,0.1.0
L4-003,2021-06-17,2.31,percent,FRED,T5YIE,docs/phase2-ingestion/data/macro/raw/fred/T5YIE-20260821T022309Z.json,ef580e8a42052f19acbf9160806aac8a226a0db96fae0f132bf0944e1dfe12bd,2026-08-21T02:29:31.506808+00:00,PASS,STALE,0.1.0
L4-003,2021-06-18,2.37,percent,FRED,T5YIE,docs/phase2-ingestion/data/macro/raw/fred/T5YIE-20260821T022309Z.json,ef580e8a42052f19acbf9160806aac8a226a0db96fae0f132bf0944e1dfe12bd,2026-08-21T02:29:31.506808+00:00,PASS,STALE,0.1.0
L4-003,2021-06-21,2.41,percent,FRED,T5YIE,docs/phase2-ingestion/data/macro/raw/fred/T5YIE-20260821T022309Z.json,ef580e8a42052f19acbf9160806aac8a226a0db96fae0f132bf0944e1dfe12bd,2026-08-21T02:29:31.506808+00:00,PASS,STALE,0.1.0
L4-003,2021-06-22,2.46,percent,FRED,T5YIE,docs/phase2-ingestion/data/macro/raw/fred/T5YIE-20260821T022309Z.json,ef580e8a42052f19acbf9160806aac8a226a0db96fae0f132bf0944e1dfe12bd,2026-08-21T02:29:31.506808+00:00,PASS,STALE,0.1.0
L4-003,2021-06-23,2.49,percent,FRED,T5YIE,docs/phase2-ingestion/data/macro/raw/fred/T5YIE-20260821T022309Z.json,ef580e8a42052f19acbf9160806aac8a226a0db96fae0f132bf0944e1dfe12bd,2026-08-21T02:29:31.506808+00:00,PASS,STALE,0.1.0
L4-003,2021-06-24,2.45,percent,FRED,T5YIE,docs/phase2-ingestion/data/macro/raw/fred/T5YIE-20260821T022309Z.json,ef580e8a42052f19acbf9160806aac8a226a0db96fae0f132bf0944e1dfe12bd,2026-08-21T02:29:31.506808+00:00,PASS,STALE,0.1.0
L4-003,2021-06-25,2.46,percent,FRED,T5YIE,docs/phase2-ingestion/data/macro/raw/fred/T5YIE-20260821T022309Z.json,ef580e8a42052f19acbf9160806aac8a226a0db96fae0f132bf0944e1dfe12bd,2026-08-21T02:29:31.506808+00:00,PASS,STALE,0.1.0
L4-003,2021-06-28,2.45,percent,FRED,T5YIE,docs/phase2-ingestion/data/macro/raw/fred/T5YIE-20260821T022309Z.json,ef580e8a42052f19acbf9160806aac8a226a0db96fae0f132bf0944e1dfe12bd,2026-08-21T02:29:31.506808+00:00,PASS,STALE,0.1.0
L4-003,2021-06-29,2.46,percent,FRED,T5YIE,docs/phase2-ingestion/data/macro/raw/fred/T5YIE-20260821T022309Z.json,ef580e8a42052f19acbf9160806aac8a226a0db96fae0f132bf0944e1dfe12bd,2026-08-21T02:29:31.506808+00:00,PASS,STALE,0.1.0
L4-003,2021-06-30,2.47,percent,FRED,T5YIE,docs/phase2-ingestion/data/macro/raw/fred/T5YIE-20260821T022309Z.json,ef580e8a42052f19acbf9160806aac8a226a0db96fae0f132bf0944e1dfe12bd,2026-08-21T02:29:31.506808+00:00,PASS,STALE,0.1.0
L4-003,2021-07-01,2.49,percent,FRED,T5YIE,docs/phase2-ingestion/data/macro/raw/fred/T5YIE-20260821T022309Z.json,ef580e8a42052f19acbf9160806aac8a226a0db96fae0f132bf0944e1dfe12bd,2026-08-21T02:29:31.506808+00:00,PASS,STALE,0.1.0
L4-003,2021-07-02,2.49,percent,FRED,T5YIE,docs/phase2-ingestion/data/macro/raw/fred/T5YIE-20260821T022309Z.json,ef580e8a42052f19acbf9160806aac8a226a0db96fae0f132bf0944e1dfe12bd,2026-08-21T02:29:31.506808+00:00,PASS,STALE,0.1.0
L4-003,2021-07-06,2.48,percent,FRED,T5YIE,docs/phase2-ingestion/data/macro/raw/fred/T5YIE-20260821T022309Z.json,ef580e8a42052f19acbf9160806aac8a226a0db96fae0f132bf0944e1dfe12bd,2026-08-21T02:29:31.506808+00:00,PASS,STALE,0.1.0
L4-003,2021-07-07,2.43,percent,FRED,T5YIE,docs/phase2-ingestion/data/macro/raw/fred/T5YIE-20260821T022309Z.json,ef580e8a42052f19acbf9160806aac8a226a0db96fae0f132bf0944e1dfe12bd,2026-08-21T02:29:31.506808+00:00,PASS,STALE,0.1.0
L4-003,2021-07-08,2.38,percent,FRED,T5YIE,docs/phase2-ingestion/data/macro/raw/fred/T5YIE-20260821T022309Z.json,ef580e8a42052f19acbf9160806aac8a226a0db96fae0f132bf0944e1dfe12bd,2026-08-21T02:29:31.506808+00:00,PASS,STALE,0.1.0
L4-003,2021-07-09,2.44,percent,FRED,T5YIE,docs/phase2-ingestion/data/macro/raw/fred/T5YIE-20260821T022309Z.json,ef580e8a42052f19acbf9160806aac8a226a0db96fae0f132bf0944e1dfe12bd,2026-08-21T02:29:31.506808+00:00,PASS,STALE,0.1.0
L4-003,2021-07-12,2.48,percent,FRED,T5YIE,docs/phase2-ingestion/data/macro/raw/fred/T5YIE-20260821T022309Z.json,ef580e8a42052f19acbf9160806aac8a226a0db96fae0f132bf0944e1dfe12bd,2026-08-21T02:29:31.506808+00:00,PASS,STALE,0.1.0
L4-003,2021-07-13,2.56,percent,FRED,T5YIE,docs/phase2-ingestion/data/macro/raw/fred/T5YIE-20260821T022309Z.json,ef580e8a42052f19acbf9160806aac8a226a0db96fae0f132bf0944e1dfe12bd,2026-08-21T02:29:31.506808+00:00,PASS,STALE,0.1.0
L4-003,2021-07-14,2.53,percent,FRED,T5YIE,docs/phase2-ingestion/data/macro/raw/fred/T5YIE-20260821T022309Z.json,ef580e8a42052f19acbf9160806aac8a226a0db96fae0f132bf0944e1dfe12bd,2026-08-21T02:29:31.506808+00:00,PASS,STALE,0.1.0
L4-003,2021-07-15,2.53,percent,FRED,T5YIE,docs/phase2-ingestion/data/macro/raw/fred/T5YIE-20260821T022309Z.json,ef580e8a42052f19acbf9160806aac8a226a0db96fae0f132bf0944e1dfe12bd,2026-08-21T02:29:31.506808+00:00,PASS,STALE,0.1.0
L4-003,2021-07-16,2.52,percent,FRED,T5YIE,docs/phase2-ingestion/data/macro/raw/fred/T5YIE-20260821T022309Z.json,ef580e8a42052f19acbf9160806aac8a226a0db96fae0f132bf0944e1dfe12bd,2026-08-21T02:29:31.506808+00:00,PASS,STALE,0.1.0
L4-003,2021-07-19,2.41,percent,FRED,T5YIE,docs/phase2-ingestion/data/macro/raw/fred/T5YIE-20260821T022309Z.json,ef580e8a42052f19acbf9160806aac8a226a0db96fae0f132bf0944e1dfe12bd,2026-08-21T02:29:31.506808+00:00,PASS,STALE,0.1.0
L4-003,2021-07-20,2.4,percent,FRED,T5YIE,docs/phase2-ingestion/data/macro/raw/fred/T5YIE-20260821T022309Z.json,ef580e8a42052f19acbf9160806aac8a226a0db96fae0f132bf0944e1dfe12bd,2026-08-21T02:29:31.506808+00:00,PASS,STALE,0.1.0
L4-003,2021-07-21,2.45,percent,FRED,T5YIE,docs/phase2-ingestion/data/macro/raw/fred/T5YIE-20260821T022309Z.json,ef580e8a42052f19acbf9160806aac8a226a0db96fae0f132bf0944e1dfe12bd,2026-08-21T02:29:31.506808+00:00,PASS,STALE,0.1.0
L4-003,2021-07-22,2.46,percent,FRED,T5YIE,docs/phase2-ingestion/data/macro/raw/fred/T5YIE-20260821T022309Z.json,ef580e8a42052f19acbf9160806aac8a226a0db96fae0f132bf0944e1dfe12bd,2026-08-21T02:29:31.506808+00:00,PASS,STALE,0.1.0
L4-003,2021-07-23,2.53,percent,FRED,T5YIE,docs/phase2-ingestion/data/macro/raw/fred/T5YIE-20260821T022309Z.json,ef580e8a42052f19acbf9160806aac8a226a0db96fae0f132bf0944e1dfe12bd,2026-08-21T02:29:31.506808+00:00,PASS,STALE,0.1.0
L4-003,2021-07-26,2.59,percent,FRED,T5YIE,docs/phase2-ingestion/data/macro/raw/fred/T5YIE-20260821T022309Z.json,ef580e8a42052f19acbf9160806aac8a226a0db96fae0f132bf0944e1dfe12bd,2026-08-21T02:29:31.506808+00:00,PASS,STALE,0.1.0
L4-003,2021-07-27,2.55,percent,FRED,T5YIE,docs/phase2-ingestion/data/macro/raw/fred/T5YIE-20260821T022309Z.json,ef580e8a42052f19acbf9160806aac8a226a0db96fae0f132bf0944e1dfe12bd,2026-08-21T02:29:31.506808+00:00,PASS,STALE,0.1.0
L4-003,2021-07-28,2.57,percent,FRED,T5YIE,docs/phase2-ingestion/data/macro/raw/fred/T5YIE-20260821T022309Z.json,ef580e8a42052f19acbf9160806aac8a226a0db96fae0f132bf0944e1dfe12bd,2026-08-21T02:29:31.506808+00:00,PASS,STALE,0.1.0
L4-003,2021-07-29,2.58,percent,FRED,T5YIE,docs/phase2-ingestion/data/macro/raw/fred/T5YIE-20260821T022309Z.json,ef580e8a42052f19acbf9160806aac8a226a0db96fae0f132bf0944e1dfe12bd,2026-08-21T02:29:31.506808+00:00,PASS,STALE,0.1.0
L4-003,2021-07-30,2.56,percent,FRED,T5YIE,docs/phase2-ingestion/data/macro/raw/fred/T5YIE-20260821T022309Z.json,ef580e8a42052f19acbf9160806aac8a226a0db96fae0f132bf0944e1dfe12bd,2026-08-21T02:29:31.506808+00:00,PASS,STALE,0.1.0
L4-003,2021-08-02,2.51,percent,FRED,T5YIE,docs/phase2-ingestion/data/macro/raw/fred/T5YIE-20260821T022309Z.json,ef580e8a42052f19acbf9160806aac8a226a0db96fae0f132bf0944e1dfe12bd,2026-08-21T02:29:31.506808+00:00,PASS,STALE,0.1.0
L4-003,2021-08-03,2.51,percent,FRED,T5YIE,docs/phase2-ingestion/data/macro/raw/fred/T5YIE-20260821T022309Z.json,ef580e8a42052f19acbf9160806aac8a226a0db96fae0f132bf0944e1dfe12bd,2026-08-21T02:29:31.506808+00:00,PASS,STALE,0.1.0
L4-003,2021-08-04,2.5,percent,FRED,T5YIE,docs/phase2-ingestion/data/macro/raw/fred/T5YIE-20260821T022309Z.json,ef580e8a42052f19acbf9160806aac8a226a0db96fae0f132bf0944e1dfe12bd,2026-08-21T02:29:31.506808+00:00,PASS,STALE,0.1.0
L4-003,2021-08-05,2.46,percent,FRED,T5YIE,docs/phase2-ingestion/data/macro/raw/fred/T5YIE-20260821T022309Z.json,ef580e8a42052f19acbf9160806aac8a226a0db96fae0f132bf0944e1dfe12bd,2026-08-21T02:29:31.506808+00:00,PASS,STALE,0.1.0
L4-003,2021-08-06,2.5,percent,FRED,T5YIE,docs/phase2-ingestion/data/macro/raw/fred/T5YIE-20260821T022309Z.json,ef580e8a42052f19acbf9160806aac8a226a0db96fae0f132bf0944e1dfe12bd,2026-08-21T02:29:31.506808+00:00,PASS,STALE,0.1.0
L4-003,2021-08-09,2.5,percent,FRED,T5YIE,docs/phase2-ingestion/data/macro/raw/fred/T5YIE-20260821T022309Z.json,ef580e8a42052f19acbf9160806aac8a226a0db96fae0f132bf0944e1dfe12bd,2026-08-21T02:29:31.506808+00:00,PASS,STALE,0.1.0
L4-003,2021-08-10,2.53,percent,FRED,T5YIE,docs/phase2-ingestion/data/macro/raw/fred/T5YIE-20260821T022309Z.json,ef580e8a42052f19acbf9160806aac8a226a0db96fae0f132bf0944e1dfe12bd,2026-08-21T02:29:31.506808+00:00,PASS,STALE,0.1.0
L4-003,2021-08-11,2.55,percent,FRED,T5YIE,docs/phase2-ingestion/data/macro/raw/fred/T5YIE-20260821T022309Z.json,ef580e8a42052f19acbf9160806aac8a226a0db96fae0f132bf0944e1dfe12bd,2026-08-21T02:29:31.506808+00:00,PASS,STALE,0.1.0
L4-003,2021-08-12,2.55,percent,FRED,T5YIE,docs/phase2-ingestion/data/macro/raw/fred/T5YIE-20260821T022309Z.json,ef580e8a42052f19acbf9160806aac8a226a0db96fae0f132bf0944e1dfe12bd,2026-08-21T02:29:31.506808+00:00,PASS,STALE,0.1.0
L4-003,2021-08-13,2.52,percent,FRED,T5YIE,docs/phase2-ingestion/data/macro/raw/fred/T5YIE-20260821T022309Z.json,ef580e8a42052f19acbf9160806aac8a226a0db96fae0f132bf0944e1dfe12bd,2026-08-21T02:29:31.506808+00:00,PASS,STALE,0.1.0
L4-003,2021-08-16,2.5,percent,FRED,T5YIE,docs/phase2-ingestion/data/macro/raw/fred/T5YIE-20260821T022309Z.json,ef580e8a42052f19acbf9160806aac8a226a0db96fae0f132bf0944e1dfe12bd,2026-08-21T02:29:31.506808+00:00,PASS,STALE,0.1.0
L4-003,2021-08-17,2.49,percent,FRED,T5YIE,docs/phase2-ingestion/data/macro/raw/fred/T5YIE-20260821T022309Z.json,ef580e8a42052f19acbf9160806aac8a226a0db96fae0f132bf0944e1dfe12bd,2026-08-21T02:29:31.506808+00:00,PASS,STALE,0.1.0
L4-003,2021-08-18,2.48,percent,FRED,T5YIE,docs/phase2-ingestion/data/macro/raw/fred/T5YIE-20260821T022309Z.json,ef580e8a42052f19acbf9160806aac8a226a0db96fae0f132bf0944e1dfe12bd,2026-08-21T02:29:31.506808+00:00,PASS,STALE,0.1.0
L4-003,2021-08-19,2.45,percent,FRED,T5YIE,docs/phase2-ingestion/data/macro/raw/fred/T5YIE-20260821T022309Z.json,ef580e8a42052f19acbf9160806aac8a226a0db96fae0f132bf0944e1dfe12bd,2026-08-21T02:29:31.506808+00:00,PASS,STALE,0.1.0
L4-003,2021-08-20,2.4,percent,FRED,T5YIE,docs/phase2-ingestion/data/macro/raw/fred/T5YIE-20260821T022309Z.json,ef580e8a42052f19acbf9160806aac8a226a0db96fae0f132bf0944e1dfe12bd,2026-08-21T02:29:31.506808+00:00,PASS,STALE,0.1.0
L4-003,2021-08-23,2.43,percent,FRED,T5YIE,docs/phase2-ingestion/data/macro/raw/fred/T5YIE-20260821T022309Z.json,ef580e8a42052f19acbf9160806aac8a226a0db96fae0f132bf0944e1dfe12bd,2026-08-21T02:29:31.506808+00:00,PASS,STALE,0.1.0
L4-003,2021-08-24,2.45,percent,FRED,T5YIE,docs/phase2-ingestion/data/macro/raw/fred/T5YIE-20260821T022309Z.json,ef580e8a42052f19acbf9160806aac8a226a0db96fae0f132bf0944e1dfe12bd,2026-08-21T02:29:31.506808+00:00,PASS,STALE,0.1.0
L4-003,2021-08-25,2.51,percent,FRED,T5YIE,docs/phase2-ingestion/data/macro/raw/fred/T5YIE-20260821T022309Z.json,ef580e8a42052f19acbf9160806aac8a226a0db96fae0f132bf0944e1dfe12bd,2026-08-21T02:29:31.506808+00:00,PASS,STALE,0.1.0
L4-003,2021-08-26,2.5,percent,FRED,T5YIE,docs/phase2-ingestion/data/macro/raw/fred/T5YIE-20260821T022309Z.json,ef580e8a42052f19acbf9160806aac8a226a0db96fae0f132bf0944e1dfe12bd,2026-08-21T02:29:31.506808+00:00,PASS,STALE,0.1.0
L4-003,2021-08-27,2.53,percent,FRED,T5YIE,docs/phase2-ingestion/data/macro/raw/fred/T5YIE-20260821T022309Z.json,ef580e8a42052f19acbf9160806aac8a226a0db96fae0f132bf0944e1dfe12bd,2026-08-21T02:29:31.506808+00:00,PASS,STALE,0.1.0
L4-003,2021-08-30,2.51,percent,FRED,T5YIE,docs/phase2-ingestion/data/macro/raw/fred/T5YIE-20260821T022309Z.json,ef580e8a42052f19acbf9160806aac8a226a0db96fae0f132bf0944e1dfe12bd,2026-08-21T02:29:31.506808+00:00,PASS,STALE,0.1.0
L4-003,2021-08-31,2.48,percent,FRED,T5YIE,docs/phase2-ingestion/data/macro/raw/fred/T5YIE-20260821T022309Z.json,ef580e8a42052f19acbf9160806aac8a226a0db96fae0f132bf0944e1dfe12bd,2026-08-21T02:29:31.506808+00:00,PASS,STALE,0.1.0
L4-003,2021-09-01,2.48,percent,FRED,T5YIE,docs/phase2-ingestion/data/macro/raw/fred/T5YIE-20260821T022309Z.json,ef580e8a42052f19acbf9160806aac8a226a0db96fae0f132bf0944e1dfe12bd,2026-08-21T02:29:31.506808+00:00,PASS,STALE,0.1.0
L4-003,2021-09-02,2.47,percent,FRED,T5YIE,docs/phase2-ingestion/data/macro/raw/fred/T5YIE-20260821T022309Z.json,ef580e8a42052f19acbf9160806aac8a226a0db96fae0f132bf0944e1dfe12bd,2026-08-21T02:29:31.506808+00:00,PASS,STALE,0.1.0
L4-003,2021-09-03,2.48,percent,FRED,T5YIE,docs/phase2-ingestion/data/macro/raw/fred/T5YIE-20260821T022309Z.json,ef580e8a42052f19acbf9160806aac8a226a0db96fae0f132bf0944e1dfe12bd,2026-08-21T02:29:31.506808+00:00,PASS,STALE,0.1.0
L4-003,2021-09-07,2.51,percent,FRED,T5YIE,docs/phase2-ingestion/data/macro/raw/fred/T5YIE-20260821T022309Z.json,ef580e8a42052f19acbf9160806aac8a226a0db96fae0f132bf0944e1dfe12bd,2026-08-21T02:29:31.506808+00:00,PASS,STALE,0.1.0
L4-003,2021-09-08,2.53,percent,FRED,T5YIE,docs/phase2-ingestion/data/macro/raw/fred/T5YIE-20260821T022309Z.json,ef580e8a42052f19acbf9160806aac8a226a0db96fae0f132bf0944e1dfe12bd,2026-08-21T02:29:31.506808+00:00,PASS,STALE,0.1.0
L4-003,2021-09-09,2.55,percent,FRED,T5YIE,docs/phase2-ingestion/data/macro/raw/fred/T5YIE-20260821T022309Z.json,ef580e8a42052f19acbf9160806aac8a226a0db96fae0f132bf0944e1dfe12bd,2026-08-21T02:29:31.506808+00:00,PASS,STALE,0.1.0
L4-003,2021-09-10,2.55,percent,FRED,T5YIE,docs/phase2-ingestion/data/macro/raw/fred/T5YIE-20260821T022309Z.json,ef580e8a42052f19acbf9160806aac8a226a0db96fae0f132bf0944e1dfe12bd,2026-08-21T02:29:31.506808+00:00,PASS,STALE,0.1.0
L4-003,2021-09-13,2.53,percent,FRED,T5YIE,docs/phase2-ingestion/data/macro/raw/fred/T5YIE-20260821T022309Z.json,ef580e8a42052f19acbf9160806aac8a226a0db96fae0f132bf0944e1dfe12bd,2026-08-21T02:29:31.506808+00:00,PASS,STALE,0.1.0
L4-003,2021-09-14,2.49,percent,FRED,T5YIE,docs/phase2-ingestion/data/macro/raw/fred/T5YIE-20260821T022309Z.json,ef580e8a42052f19acbf9160806aac8a226a0db96fae0f132bf0944e1dfe12bd,2026-08-21T02:29:31.506808+00:00,PASS,STALE,0.1.0
L4-003,2021-09-15,2.51,percent,FRED,T5YIE,docs/phase2-ingestion/data/macro/raw/fred/T5YIE-20260821T022309Z.json,ef580e8a42052f19acbf9160806aac8a226a0db96fae0f132bf0944e1dfe12bd,2026-08-21T02:29:31.506808+00:00,PASS,STALE,0.1.0
L4-003,2021-09-16,2.53,percent,FRED,T5YIE,docs/phase2-ingestion/data/macro/raw/fred/T5YIE-20260821T022309Z.json,ef580e8a42052f19acbf9160806aac8a226a0db96fae0f132bf0944e1dfe12bd,2026-08-21T02:29:31.506808+00:00,PASS,STALE,0.1.0
L4-003,2021-09-17,2.51,percent,FRED,T5YIE,docs/phase2-ingestion/data/macro/raw/fred/T5YIE-20260821T022309Z.json,ef580e8a42052f19acbf9160806aac8a226a0db96fae0f132bf0944e1dfe12bd,2026-08-21T02:29:31.506808+00:00,PASS,STALE,0.1.0
L4-003,2021-09-20,2.43,percent,FRED,T5YIE,docs/phase2-ingestion/data/macro/raw/fred/T5YIE-20260821T022309Z.json,ef580e8a42052f19acbf9160806aac8a226a0db96fae0f132bf0944e1dfe12bd,2026-08-21T02:29:31.506808+00:00,PASS,STALE,0.1.0
L4-003,2021-09-21,2.44,percent,FRED,T5YIE,docs/phase2-ingestion/data/macro/raw/fred/T5YIE-20260821T022309Z.json,ef580e8a42052f19acbf9160806aac8a226a0db96fae0f132bf0944e1dfe12bd,2026-08-21T02:29:31.506808+00:00,PASS,STALE,0.1.0
L4-003,2021-09-22,2.41,percent,FRED,T5YIE,docs/phase2-ingestion/data/macro/raw/fred/T5YIE-20260821T022309Z.json,ef580e8a42052f19acbf9160806aac8a226a0db96fae0f132bf0944e1dfe12bd,2026-08-21T02:29:31.506808+00:00,PASS,STALE,0.1.0
L4-003,2021-09-23,2.48,percent,FRED,T5YIE,docs/phase2-ingestion/data/macro/raw/fred/T5YIE-20260821T022309Z.json,ef580e8a42052f19acbf9160806aac8a226a0db96fae0f132bf0944e1dfe12bd,2026-08-21T02:29:31.506808+00:00,PASS,STALE,0.1.0
L4-003,2021-09-24,2.47,percent,FRED,T5YIE,docs/phase2-ingestion/data/macro/raw/fred/T5YIE-20260821T022309Z.json,ef580e8a42052f19acbf9160806aac8a226a0db96fae0f132bf0944e1dfe12bd,2026-08-21T02:29:31.506808+00:00,PASS,STALE,0.1.0
L4-003,2021-09-27,2.5,percent,FRED,T5YIE,docs/phase2-ingestion/data/macro/raw/fred/T5YIE-20260821T022309Z.json,ef580e8a42052f19acbf9160806aac8a226a0db96fae0f132bf0944e1dfe12bd,2026-08-21T02:29:31.506808+00:00,PASS,STALE,0.1.0
L4-003,2021-09-28,2.53,percent,FRED,T5YIE,docs/phase2-ingestion/data/macro/raw/fred/T5YIE-20260821T022309Z.json,ef580e8a42052f19acbf9160806aac8a226a0db96fae0f132bf0944e1dfe12bd,2026-08-21T02:29:31.506808+00:00,PASS,STALE,0.1.0
L4-003,2021-09-29,2.52,percent,FRED,T5YIE,docs/phase2-ingestion/data/macro/raw/fred/T5YIE-20260821T022309Z.json,ef580e8a42052f19acbf9160806aac8a226a0db96fae0f132bf0944e1dfe12bd,2026-08-21T02:29:31.506808+00:00,PASS,STALE,0.1.0
L4-003,2021-09-30,2.51,percent,FRED,T5YIE,docs/phase2-ingestion/data/macro/raw/fred/T5YIE-20260821T022309Z.json,ef580e8a42052f19acbf9160806aac8a226a0db96fae0f132bf0944e1dfe12bd,2026-08-21T02:29:31.506808+00:00,PASS,STALE,0.1.0
L4-003,2021-10-01,2.51,percent,FRED,T5YIE,docs/phase2-ingestion/data/macro/raw/fred/T5YIE-20260821T022309Z.json,ef580e8a42052f19acbf9160806aac8a226a0db96fae0f132bf0944e1dfe12bd,2026-08-21T02:29:31.506808+00:00,PASS,STALE,0.1.0
L4-003,2021-10-04,2.53,percent,FRED,T5YIE,docs/phase2-ingestion/data/macro/raw/fred/T5YIE-20260821T022309Z.json,ef580e8a42052f19acbf9160806aac8a226a0db96fae0f132bf0944e1dfe12bd,2026-08-21T02:29:31.506808+00:00,PASS,STALE,0.1.0
L4-003,2021-10-05,2.59,percent,FRED,T5YIE,docs/phase2-ingestion/data/macro/raw/fred/T5YIE-20260821T022309Z.json,ef580e8a42052f19acbf9160806aac8a226a0db96fae0f132bf0944e1dfe12bd,2026-08-21T02:29:31.506808+00:00,PASS,STALE,0.1.0
L4-003,2021-10-06,2.57,percent,FRED,T5YIE,docs/phase2-ingestion/data/macro/raw/fred/T5YIE-20260821T022309Z.json,ef580e8a42052f19acbf9160806aac8a226a0db96fae0f132bf0944e1dfe12bd,2026-08-21T02:29:31.506808+00:00,PASS,STALE,0.1.0
L4-003,2021-10-07,2.61,percent,FRED,T5YIE,docs/phase2-ingestion/data/macro/raw/fred/T5YIE-20260821T022309Z.json,ef580e8a42052f19acbf9160806aac8a226a0db96fae0f132bf0944e1dfe12bd,2026-08-21T02:29:31.506808+00:00,PASS,STALE,0.1.0
L4-003,2021-10-08,2.64,percent,FRED,T5YIE,docs/phase2-ingestion/data/macro/raw/fred/T5YIE-20260821T022309Z.json,ef580e8a42052f19acbf9160806aac8a226a0db96fae0f132bf0944e1dfe12bd,2026-08-21T02:29:31.506808+00:00,PASS,STALE,0.1.0
L4-003,2021-10-12,2.64,percent,FRED,T5YIE,docs/phase2-ingestion/data/macro/raw/fred/T5YIE-20260821T022309Z.json,ef580e8a42052f19acbf9160806aac8a226a0db96fae0f132bf0944e1dfe12bd,2026-08-21T02:29:31.506808+00:00,PASS,STALE,0.1.0
L4-003,2021-10-13,2.68,percent,FRED,T5YIE,docs/phase2-ingestion/data/macro/raw/fred/T5YIE-20260821T022309Z.json,ef580e8a42052f19acbf9160806aac8a226a0db96fae0f132bf0944e1dfe12bd,2026-08-21T02:29:31.506808+00:00,PASS,STALE,0.1.0
L4-003,2021-10-14,2.69,percent,FRED,T5YIE,docs/phase2-ingestion/data/macro/raw/fred/T5YIE-20260821T022309Z.json,ef580e8a42052f19acbf9160806aac8a226a0db96fae0f132bf0944e1dfe12bd,2026-08-21T02:29:31.506808+00:00,PASS,STALE,0.1.0
L4-003,2021-10-15,2.71,percent,FRED,T5YIE,docs/phase2-ingestion/data/macro/raw/fred/T5YIE-20260821T022309Z.json,ef580e8a42052f19acbf9160806aac8a226a0db96fae0f132bf0944e1dfe12bd,2026-08-21T02:29:31.506808+00:00,PASS,STALE,0.1.0
L4-003,2021-10-18,2.71,percent,FRED,T5YIE,docs/phase2-ingestion/data/macro/raw/fred/T5YIE-20260821T022309Z.json,ef580e8a42052f19acbf9160806aac8a226a0db96fae0f132bf0944e1dfe12bd,2026-08-21T02:29:31.506808+00:00,PASS,STALE,0.1.0
L4-003,2021-10-19,2.71,percent,FRED,T5YIE,docs/phase2-ingestion/data/macro/raw/fred/T5YIE-20260821T022309Z.json,ef580e8a42052f19acbf9160806aac8a226a0db96fae0f132bf0944e1dfe12bd,2026-08-21T02:29:31.506808+00:00,PASS,STALE,0.1.0
L4-003,2021-10-20,2.77,percent,FRED,T5YIE,docs/phase2-ingestion/data/macro/raw/fred/T5YIE-20260821T022309Z.json,ef580e8a42052f19acbf9160806aac8a226a0db96fae0f132bf0944e1dfe12bd,2026-08-21T02:29:31.506808+00:00,PASS,STALE,0.1.0
L4-003,2021-10-21,2.94,percent,FRED,T5YIE,docs/phase2-ingestion/data/macro/raw/fred/T5YIE-20260821T022309Z.json,ef580e8a42052f19acbf9160806aac8a226a0db96fae0f132bf0944e1dfe12bd,2026-08-21T02:29:31.506808+00:00,PASS,STALE,0.1.0
L4-003,2021-10-22,2.91,percent,FRED,T5YIE,docs/phase2-ingestion/data/macro/raw/fred/T5YIE-20260821T022309Z.json,ef580e8a42052f19acbf9160806aac8a226a0db96fae0f132bf0944e1dfe12bd,2026-08-21T02:29:31.506808+00:00,PASS,STALE,0.1.0
L4-003,2021-10-25,2.95,percent,FRED,T5YIE,docs/phase2-ingestion/data/macro/raw/fred/T5YIE-20260821T022309Z.json,ef580e8a42052f19acbf9160806aac8a226a0db96fae0f132bf0944e1dfe12bd,2026-08-21T02:29:31.506808+00:00,PASS,STALE,0.1.0
L4-003,2021-10-26,2.99,percent,FRED,T5YIE,docs/phase2-ingestion/data/macro/raw/fred/T5YIE-20260821T022309Z.json,ef580e8a42052f19acbf9160806aac8a226a0db96fae0f132bf0944e1dfe12bd,2026-08-21T02:29:31.506808+00:00,PASS,STALE,0.1.0
L4-003,2021-10-27,2.96,percent,FRED,T5YIE,docs/phase2-ingestion/data/macro/raw/fred/T5YIE-20260821T022309Z.json,ef580e8a42052f19acbf9160806aac8a226a0db96fae0f132bf0944e1dfe12bd,2026-08-21T02:29:31.506808+00:00,PASS,STALE,0.1.0
L4-003,2021-10-28,2.9,percent,FRED,T5YIE,docs/phase2-ingestion/data/macro/raw/fred/T5YIE-20260821T022309Z.json,ef580e8a42052f19acbf9160806aac8a226a0db96fae0f132bf0944e1dfe12bd,2026-08-21T02:29:31.506808+00:00,PASS,STALE,0.1.0
L4-003,2021-10-29,2.89,percent,FRED,T5YIE,docs/phase2-ingestion/data/macro/raw/fred/T5YIE-20260821T022309Z.json,ef580e8a42052f19acbf9160806aac8a226a0db96fae0f132bf0944e1dfe12bd,2026-08-21T02:29:31.506808+00:00,PASS,STALE,0.1.0
L4-003,2021-11-01,2.86,percent,FRED,T5YIE,docs/phase2-ingestion/data/macro/raw/fred/T5YIE-20260821T022309Z.json,ef580e8a42052f19acbf9160806aac8a226a0db96fae0f132bf0944e1dfe12bd,2026-08-21T02:29:31.506808+00:00,PASS,STALE,0.1.0
L4-003,2021-11-02,2.84,percent,FRED,T5YIE,docs/phase2-ingestion/data/macro/raw/fred/T5YIE-20260821T022309Z.json,ef580e8a42052f19acbf9160806aac8a226a0db96fae0f132bf0944e1dfe12bd,2026-08-21T02:29:31.506808+00:00,PASS,STALE,0.1.0
L4-003,2021-11-03,2.86,percent,FRED,T5YIE,docs/phase2-ingestion/data/macro/raw/fred/T5YIE-20260821T022309Z.json,ef580e8a42052f19acbf9160806aac8a226a0db96fae0f132bf0944e1dfe12bd,2026-08-21T02:29:31.506808+00:00,PASS,STALE,0.1.0
L4-003,2021-11-04,2.88,percent,FRED,T5YIE,docs/phase2-ingestion/data/macro/raw/fred/T5YIE-20260821T022309Z.json,ef580e8a42052f19acbf9160806aac8a226a0db96fae0f132bf0944e1dfe12bd,2026-08-21T02:29:31.506808+00:00,PASS,STALE,0.1.0
L4-003,2021-11-05,2.87,percent,FRED,T5YIE,docs/phase2-ingestion/data/macro/raw/fred/T5YIE-20260821T022309Z.json,ef580e8a42052f19acbf9160806aac8a226a0db96fae0f132bf0944e1dfe12bd,2026-08-21T02:29:31.506808+00:00,PASS,STALE,0.1.0
L4-003,2021-11-08,2.94,percent,FRED,T5YIE,docs/phase2-ingestion/data/macro/raw/fred/T5YIE-20260821T022309Z.json,ef580e8a42052f19acbf9160806aac8a226a0db96fae0f132bf0944e1dfe12bd,2026-08-21T02:29:31.506808+00:00,PASS,STALE,0.1.0
L4-003,2021-11-09,2.96,percent,FRED,T5YIE,docs/phase2-ingestion/data/macro/raw/fred/T5YIE-20260821T022309Z.json,ef580e8a42052f19acbf9160806aac8a226a0db96fae0f132bf0944e1dfe12bd,2026-08-21T02:29:31.506808+00:00,PASS,STALE,0.1.0
L4-003,2021-11-10,3.08,percent,FRED,T5YIE,docs/phase2-ingestion/data/macro/raw/fred/T5YIE-20260821T022309Z.json,ef580e8a42052f19acbf9160806aac8a226a0db96fae0f132bf0944e1dfe12bd,2026-08-21T02:29:31.506808+00:00,PASS,STALE,0.1.0
L4-003,2021-11-12,3.11,percent,FRED,T5YIE,docs/phase2-ingestion/data/macro/raw/fred/T5YIE-20260821T022309Z.json,ef580e8a42052f19acbf9160806aac8a226a0db96fae0f132bf0944e1dfe12bd,2026-08-21T02:29:31.506808+00:00,PASS,STALE,0.1.0
L4-003,2021-11-15,3.17,percent,FRED,T5YIE,docs/phase2-ingestion/data/macro/raw/fred/T5YIE-20260821T022309Z.json,ef580e8a42052f19acbf9160806aac8a226a0db96fae0f132bf0944e1dfe12bd,2026-08-21T02:29:31.506808+00:00,PASS,STALE,0.1.0
L4-003,2021-11-16,3.17,percent,FRED,T5YIE,docs/phase2-ingestion/data/macro/raw/fred/T5YIE-20260821T022309Z.json,ef580e8a42052f19acbf9160806aac8a226a0db96fae0f132bf0944e1dfe12bd,2026-08-21T02:29:31.506808+00:00,PASS,STALE,0.1.0
L4-003,2021-11-17,3.14,percent,FRED,T5YIE,docs/phase2-ingestion/data/macro/raw/fred/T5YIE-20260821T022309Z.json,ef580e8a42052f19acbf9160806aac8a226a0db96fae0f132bf0944e1dfe12bd,2026-08-21T02:29:31.506808+00:00,PASS,STALE,0.1.0
L4-003,2021-11-18,3.11,percent,FRED,T5YIE,docs/phase2-ingestion/data/macro/raw/fred/T5YIE-20260821T022309Z.json,ef580e8a42052f19acbf9160806aac8a226a0db96fae0f132bf0944e1dfe12bd,2026-08-21T02:29:31.506808+00:00,PASS,STALE,0.1.0
L4-003,2021-11-19,3.02,percent,FRED,T5YIE,docs/phase2-ingestion/data/macro/raw/fred/T5YIE-20260821T022309Z.json,ef580e8a42052f19acbf9160806aac8a226a0db96fae0f132bf0944e1dfe12bd,2026-08-21T02:29:31.506808+00:00,PASS,STALE,0.1.0
L4-003,2021-11-22,2.98,percent,FRED,T5YIE,docs/phase2-ingestion/data/macro/raw/fred/T5YIE-20260821T022309Z.json,ef580e8a42052f19acbf9160806aac8a226a0db96fae0f132bf0944e1dfe12bd,2026-08-21T02:29:31.506808+00:00,PASS,STALE,0.1.0
L4-003,2021-11-23,3.0,percent,FRED,T5YIE,docs/phase2-ingestion/data/macro/raw/fred/T5YIE-20260821T022309Z.json,ef580e8a42052f19acbf9160806aac8a226a0db96fae0f132bf0944e1dfe12bd,2026-08-21T02:29:31.506808+00:00,PASS,STALE,0.1.0
L4-003,2021-11-24,3.03,percent,FRED,T5YIE,docs/phase2-ingestion/data/macro/raw/fred/T5YIE-20260821T022309Z.json,ef580e8a42052f19acbf9160806aac8a226a0db96fae0f132bf0944e1dfe12bd,2026-08-21T02:29:31.506808+00:00,PASS,STALE,0.1.0
L4-003,2021-11-26,2.92,percent,FRED,T5YIE,docs/phase2-ingestion/data/macro/raw/fred/T5YIE-20260821T022309Z.json,ef580e8a42052f19acbf9160806aac8a226a0db96fae0f132bf0944e1dfe12bd,2026-08-21T02:29:31.506808+00:00,PASS,STALE,0.1.0
L4-003,2021-11-29,2.91,percent,FRED,T5YIE,docs/phase2-ingestion/data/macro/raw/fred/T5YIE-20260821T022309Z.json,ef580e8a42052f19acbf9160806aac8a226a0db96fae0f132bf0944e1dfe12bd,2026-08-21T02:29:31.506808+00:00,PASS,STALE,0.1.0
L4-003,2021-11-30,2.8,percent,FRED,T5YIE,docs/phase2-ingestion/data/macro/raw/fred/T5YIE-20260821T022309Z.json,ef580e8a42052f19acbf9160806aac8a226a0db96fae0f132bf0944e1dfe12bd,2026-08-21T02:29:31.506808+00:00,PASS,STALE,0.1.0
L4-003,2021-12-01,2.7,percent,FRED,T5YIE,docs/phase2-ingestion/data/macro/raw/fred/T5YIE-20260821T022309Z.json,ef580e8a42052f19acbf9160806aac8a226a0db96fae0f132bf0944e1dfe12bd,2026-08-21T02:29:31.506808+00:00,PASS,STALE,0.1.0
L4-003,2021-12-02,2.73,percent,FRED,T5YIE,docs/phase2-ingestion/data/macro/raw/fred/T5YIE-20260821T022309Z.json,ef580e8a42052f19acbf9160806aac8a226a0db96fae0f132bf0944e1dfe12bd,2026-08-21T02:29:31.506808+00:00,PASS,STALE,0.1.0
L4-003,2021-12-03,2.72,percent,FRED,T5YIE,docs/phase2-ingestion/data/macro/raw/fred/T5YIE-20260821T022309Z.json,ef580e8a42052f19acbf9160806aac8a226a0db96fae0f132bf0944e1dfe12bd,2026-08-21T02:29:31.506808+00:00,PASS,STALE,0.1.0
L4-003,2021-12-06,2.79,percent,FRED,T5YIE,docs/phase2-ingestion/data/macro/raw/fred/T5YIE-20260821T022309Z.json,ef580e8a42052f19acbf9160806aac8a226a0db96fae0f132bf0944e1dfe12bd,2026-08-21T02:29:31.506808+00:00,PASS,STALE,0.1.0
L4-003,2021-12-07,2.84,percent,FRED,T5YIE,docs/phase2-ingestion/data/macro/raw/fred/T5YIE-20260821T022309Z.json,ef580e8a42052f19acbf9160806aac8a226a0db96fae0f132bf0944e1dfe12bd,2026-08-21T02:29:31.506808+00:00,PASS,STALE,0.1.0
L4-003,2021-12-08,2.88,percent,FRED,T5YIE,docs/phase2-ingestion/data/macro/raw/fred/T5YIE-20260821T022309Z.json,ef580e8a42052f19acbf9160806aac8a226a0db96fae0f132bf0944e1dfe12bd,2026-08-21T02:29:31.506808+00:00,PASS,STALE,0.1.0
L4-003,2021-12-09,2.8,percent,FRED,T5YIE,docs/phase2-ingestion/data/macro/raw/fred/T5YIE-20260821T022309Z.json,ef580e8a42052f19acbf9160806aac8a226a0db96fae0f132bf0944e1dfe12bd,2026-08-21T02:29:31.506808+00:00,PASS,STALE,0.1.0
L4-003,2021-12-10,2.76,percent,FRED,T5YIE,docs/phase2-ingestion/data/macro/raw/fred/T5YIE-20260821T022309Z.json,ef580e8a42052f19acbf9160806aac8a226a0db96fae0f132bf0944e1dfe12bd,2026-08-21T02:29:31.506808+00:00,PASS,STALE,0.1.0
L4-003,2021-12-13,2.73,percent,FRED,T5YIE,docs/phase2-ingestion/data/macro/raw/fred/T5YIE-20260821T022309Z.json,ef580e8a42052f19acbf9160806aac8a226a0db96fae0f132bf0944e1dfe12bd,2026-08-21T02:29:31.506808+00:00,PASS,STALE,0.1.0
L4-003,2021-12-14,2.66,percent,FRED,T5YIE,docs/phase2-ingestion/data/macro/raw/fred/T5YIE-20260821T022309Z.json,ef580e8a42052f19acbf9160806aac8a226a0db96fae0f132bf0944e1dfe12bd,2026-08-21T02:29:31.506808+00:00,PASS,STALE,0.1.0
L4-003,2021-12-15,2.67,percent,FRED,T5YIE,docs/phase2-ingestion/data/macro/raw/fred/T5YIE-20260821T022309Z.json,ef580e8a42052f19acbf9160806aac8a226a0db96fae0f132bf0944e1dfe12bd,2026-08-21T02:29:31.506808+00:00,PASS,STALE,0.1.0
L4-003,2021-12-16,2.7,percent,FRED,T5YIE,docs/phase2-ingestion/data/macro/raw/fred/T5YIE-20260821T022309Z.json,ef580e8a42052f19acbf9160806aac8a226a0db96fae0f132bf0944e1dfe12bd,2026-08-21T02:29:31.506808+00:00,PASS,STALE,0.1.0
L4-003,2021-12-17,2.65,percent,FRED,T5YIE,docs/phase2-ingestion/data/macro/raw/fred/T5YIE-20260821T022309Z.json,ef580e8a42052f19acbf9160806aac8a226a0db96fae0f132bf0944e1dfe12bd,2026-08-21T02:29:31.506808+00:00,PASS,STALE,0.1.0
L4-003,2021-12-20,2.65,percent,FRED,T5YIE,docs/phase2-ingestion/data/macro/raw/fred/T5YIE-20260821T022309Z.json,ef580e8a42052f19acbf9160806aac8a226a0db96fae0f132bf0944e1dfe12bd,2026-08-21T02:29:31.506808+00:00,PASS,STALE,0.1.0
L4-003,2021-12-21,2.69,percent,FRED,T5YIE,docs/phase2-ingestion/data/macro/raw/fred/T5YIE-20260821T022309Z.json,ef580e8a42052f19acbf9160806aac8a226a0db96fae0f132bf0944e1dfe12bd,2026-08-21T02:29:31.506808+00:00,PASS,STALE,0.1.0
L4-003,2021-12-22,2.7,percent,FRED,T5YIE,docs/phase2-ingestion/data/macro/raw/fred/T5YIE-20260821T022309Z.json,ef580e8a42052f19acbf9160806aac8a226a0db96fae0f132bf0944e1dfe12bd,2026-08-21T02:29:31.506808+00:00,PASS,STALE,0.1.0
L4-003,2021-12-23,2.72,percent,FRED,T5YIE,docs/phase2-ingestion/data/macro/raw/fred/T5YIE-20260821T022309Z.json,ef580e8a42052f19acbf9160806aac8a226a0db96fae0f132bf0944e1dfe12bd,2026-08-21T02:29:31.506808+00:00,PASS,STALE,0.1.0
L4-003,2021-12-27,2.75,percent,FRED,T5YIE,docs/phase2-ingestion/data/macro/raw/fred/T5YIE-20260821T022309Z.json,ef580e8a42052f19acbf9160806aac8a226a0db96fae0f132bf0944e1dfe12bd,2026-08-21T02:29:31.506808+00:00,PASS,STALE,0.1.0
L4-003,2021-12-28,2.78,percent,FRED,T5YIE,docs/phase2-ingestion/data/macro/raw/fred/T5YIE-20260821T022309Z.json,ef580e8a42052f19acbf9160806aac8a226a0db96fae0f132bf0944e1dfe12bd,2026-08-21T02:29:31.506808+00:00,PASS,STALE,0.1.0
L4-003,2021-12-29,2.83,percent,FRED,T5YIE,docs/phase2-ingestion/data/macro/raw/fred/T5YIE-20260821T022309Z.json,ef580e8a42052f19acbf9160806aac8a226a0db96fae0f132bf0944e1dfe12bd,2026-08-21T02:29:31.506808+00:00,PASS,STALE,0.1.0
L4-003,2021-12-30,2.86,percent,FRED,T5YIE,docs/phase2-ingestion/data/macro/raw/fred/T5YIE-20260821T022309Z.json,ef580e8a42052f19acbf9160806aac8a226a0db96fae0f132bf0944e1dfe12bd,2026-08-21T02:29:31.506808+00:00,PASS,STALE,0.1.0
L4-003,2021-12-31,2.87,percent,FRED,T5YIE,docs/phase2-ingestion/data/macro/raw/fred/T5YIE-20260821T022309Z.json,ef580e8a42052f19acbf9160806aac8a226a0db96fae0f132bf0944e1dfe12bd,2026-08-21T02:29:31.506808+00:00,PASS,STALE,0.1.0
L4-003,2022-01-03,2.95,percent,FRED,T5YIE,docs/phase2-ingestion/data/macro/raw/fred/T5YIE-20260821T022309Z.json,ef580e8a42052f19acbf9160806aac8a226a0db96fae0f132bf0944e1dfe12bd,2026-08-21T02:29:31.506808+00:00,PASS,STALE,0.1.0
L4-003,2022-01-04,2.93,percent,FRED,T5YIE,docs/phase2-ingestion/data/macro/raw/fred/T5YIE-20260821T022309Z.json,ef580e8a42052f19acbf9160806aac8a226a0db96fae0f132bf0944e1dfe12bd,2026-08-21T02:29:31.506808+00:00,PASS,STALE,0.1.0
L4-003,2022-01-05,2.87,percent,FRED,T5YIE,docs/phase2-ingestion/data/macro/raw/fred/T5YIE-20260821T022309Z.json,ef580e8a42052f19acbf9160806aac8a226a0db96fae0f132bf0944e1dfe12bd,2026-08-21T02:29:31.506808+00:00,PASS,STALE,0.1.0
L4-003,2022-01-06,2.77,percent,FRED,T5YIE,docs/phase2-ingestion/data/macro/raw/fred/T5YIE-20260821T022309Z.json,ef580e8a42052f19acbf9160806aac8a226a0db96fae0f132bf0944e1dfe12bd,2026-08-21T02:29:31.506808+00:00,PASS,STALE,0.1.0
L4-003,2022-01-07,2.78,percent,FRED,T5YIE,docs/phase2-ingestion/data/macro/raw/fred/T5YIE-20260821T022309Z.json,ef580e8a42052f19acbf9160806aac8a226a0db96fae0f132bf0944e1dfe12bd,2026-08-21T02:29:31.506808+00:00,PASS,STALE,0.1.0
L4-003,2022-01-10,2.77,percent,FRED,T5YIE,docs/phase2-ingestion/data/macro/raw/fred/T5YIE-20260821T022309Z.json,ef580e8a42052f19acbf9160806aac8a226a0db96fae0f132bf0944e1dfe12bd,2026-08-21T02:29:31.506808+00:00,PASS,STALE,0.1.0
L4-003,2022-01-11,2.87,percent,FRED,T5YIE,docs/phase2-ingestion/data/macro/raw/fred/T5YIE-20260821T022309Z.json,ef580e8a42052f19acbf9160806aac8a226a0db96fae0f132bf0944e1dfe12bd,2026-08-21T02:29:31.506808+00:00,PASS,STALE,0.1.0
L4-003,2022-01-12,2.82,percent,FRED,T5YIE,docs/phase2-ingestion/data/macro/raw/fred/T5YIE-20260821T022309Z.json,ef580e8a42052f19acbf9160806aac8a226a0db96fae0f132bf0944e1dfe12bd,2026-08-21T02:29:31.506808+00:00,PASS,STALE,0.1.0
L4-003,2022-01-13,2.77,percent,FRED,T5YIE,docs/phase2-ingestion/data/macro/raw/fred/T5YIE-20260821T022309Z.json,ef580e8a42052f19acbf9160806aac8a226a0db96fae0f132bf0944e1dfe12bd,2026-08-21T02:29:31.506808+00:00,PASS,STALE,0.1.0
L4-003,2022-01-14,2.79,percent,FRED,T5YIE,docs/phase2-ingestion/data/macro/raw/fred/T5YIE-20260821T022309Z.json,ef580e8a42052f19acbf9160806aac8a226a0db96fae0f132bf0944e1dfe12bd,2026-08-21T02:29:31.506808+00:00,PASS,STALE,0.1.0
L4-003,2022-01-18,2.8,percent,FRED,T5YIE,docs/phase2-ingestion/data/macro/raw/fred/T5YIE-20260821T022309Z.json,ef580e8a42052f19acbf9160806aac8a226a0db96fae0f132bf0944e1dfe12bd,2026-08-21T02:29:31.506808+00:00,PASS,STALE,0.1.0
L4-003,2022-01-19,2.73,percent,FRED,T5YIE,docs/phase2-ingestion/data/macro/raw/fred/T5YIE-20260821T022309Z.json,ef580e8a42052f19acbf9160806aac8a226a0db96fae0f132bf0944e1dfe12bd,2026-08-21T02:29:31.506808+00:00,PASS,STALE,0.1.0
L4-003,2022-01-20,2.74,percent,FRED,T5YIE,docs/phase2-ingestion/data/macro/raw/fred/T5YIE-20260821T022309Z.json,ef580e8a42052f19acbf9160806aac8a226a0db96fae0f132bf0944e1dfe12bd,2026-08-21T02:29:31.506808+00:00,PASS,STALE,0.1.0
L4-003,2022-01-21,2.7,percent,FRED,T5YIE,docs/phase2-ingestion/data/macro/raw/fred/T5YIE-20260821T022309Z.json,ef580e8a42052f19acbf9160806aac8a226a0db96fae0f132bf0944e1dfe12bd,2026-08-21T02:29:31.506808+00:00,PASS,STALE,0.1.0
L4-003,2022-01-24,2.74,percent,FRED,T5YIE,docs/phase2-ingestion/data/macro/raw/fred/T5YIE-20260821T022309Z.json,ef580e8a42052f19acbf9160806aac8a226a0db96fae0f132bf0944e1dfe12bd,2026-08-21T02:29:31.506808+00:00,PASS,STALE,0.1.0
L4-003,2022-01-25,2.78,percent,FRED,T5YIE,docs/phase2-ingestion/data/macro/raw/fred/T5YIE-20260821T022309Z.json,ef580e8a42052f19acbf9160806aac8a226a0db96fae0f132bf0944e1dfe12bd,2026-08-21T02:29:31.506808+00:00,PASS,STALE,0.1.0
L4-003,2022-01-26,2.75,percent,FRED,T5YIE,docs/phase2-ingestion/data/macro/raw/fred/T5YIE-20260821T022309Z.json,ef580e8a42052f19acbf9160806aac8a226a0db96fae0f132bf0944e1dfe12bd,2026-08-21T02:29:31.506808+00:00,PASS,STALE,0.1.0
L4-003,2022-01-27,2.76,percent,FRED,T5YIE,docs/phase2-ingestion/data/macro/raw/fred/T5YIE-20260821T022309Z.json,ef580e8a42052f19acbf9160806aac8a226a0db96fae0f132bf0944e1dfe12bd,2026-08-21T02:29:31.506808+00:00,PASS,STALE,0.1.0
L4-003,2022-01-28,2.8,percent,FRED,T5YIE,docs/phase2-ingestion/data/macro/raw/fred/T5YIE-20260821T022309Z.json,ef580e8a42052f19acbf9160806aac8a226a0db96fae0f132bf0944e1dfe12bd,2026-08-21T02:29:31.506808+00:00,PASS,STALE,0.1.0
L4-003,2022-01-31,2.82,percent,FRED,T5YIE,docs/phase2-ingestion/data/macro/raw/fred/T5YIE-20260821T022309Z.json,ef580e8a42052f19acbf9160806aac8a226a0db96fae0f132bf0944e1dfe12bd,2026-08-21T02:29:31.506808+00:00,PASS,STALE,0.1.0
L4-003,2022-02-01,2.8,percent,FRED,T5YIE,docs/phase2-ingestion/data/macro/raw/fred/T5YIE-20260821T022309Z.json,ef580e8a42052f19acbf9160806aac8a226a0db96fae0f132bf0944e1dfe12bd,2026-08-21T02:29:31.506808+00:00,PASS,STALE,0.1.0
L4-003,2022-02-02,2.79,percent,FRED,T5YIE,docs/phase2-ingestion/data/macro/raw/fred/T5YIE-20260821T022309Z.json,ef580e8a42052f19acbf9160806aac8a226a0db96fae0f132bf0944e1dfe12bd,2026-08-21T02:29:31.506808+00:00,PASS,STALE,0.1.0
L4-003,2022-02-03,2.76,percent,FRED,T5YIE,docs/phase2-ingestion/data/macro/raw/fred/T5YIE-20260821T022309Z.json,ef580e8a42052f19acbf9160806aac8a226a0db96fae0f132bf0944e1dfe12bd,2026-08-21T02:29:31.506808+00:00,PASS,STALE,0.1.0
L4-003,2022-02-04,2.78,percent,FRED,T5YIE,docs/phase2-ingestion/data/macro/raw/fred/T5YIE-20260821T022309Z.json,ef580e8a42052f19acbf9160806aac8a226a0db96fae0f132bf0944e1dfe12bd,2026-08-21T02:29:31.506808+00:00,PASS,STALE,0.1.0
L4-003,2022-02-07,2.75,percent,FRED,T5YIE,docs/phase2-ingestion/data/macro/raw/fred/T5YIE-20260821T022309Z.json,ef580e8a42052f19acbf9160806aac8a226a0db96fae0f132bf0944e1dfe12bd,2026-08-21T02:29:31.506808+00:00,PASS,STALE,0.1.0
L4-003,2022-02-08,2.77,percent,FRED,T5YIE,docs/phase2-ingestion/data/macro/raw/fred/T5YIE-20260821T022309Z.json,ef580e8a42052f19acbf9160806aac8a226a0db96fae0f132bf0944e1dfe12bd,2026-08-21T02:29:31.506808+00:00,PASS,STALE,0.1.0
L4-003,2022-02-09,2.78,percent,FRED,T5YIE,docs/phase2-ingestion/data/macro/raw/fred/T5YIE-20260821T022309Z.json,ef580e8a42052f19acbf9160806aac8a226a0db96fae0f132bf0944e1dfe12bd,2026-08-21T02:29:31.506808+00:00,PASS,STALE,0.1.0
L4-003,2022-02-10,2.81,percent,FRED,T5YIE,docs/phase2-ingestion/data/macro/raw/fred/T5YIE-20260821T022309Z.json,ef580e8a42052f19acbf9160806aac8a226a0db96fae0f132bf0944e1dfe12bd,2026-08-21T02:29:31.506808+00:00,PASS,STALE,0.1.0
L4-003,2022-02-11,2.82,percent,FRED,T5YIE,docs/phase2-ingestion/data/macro/raw/fred/T5YIE-20260821T022309Z.json,ef580e8a42052f19acbf9160806aac8a226a0db96fae0f132bf0944e1dfe12bd,2026-08-21T02:29:31.506808+00:00,PASS,STALE,0.1.0
L4-003,2022-02-14,2.91,percent,FRED,T5YIE,docs/phase2-ingestion/data/macro/raw/fred/T5YIE-20260821T022309Z.json,ef580e8a42052f19acbf9160806aac8a226a0db96fae0f132bf0944e1dfe12bd,2026-08-21T02:29:31.506808+00:00,PASS,STALE,0.1.0
L4-003,2022-02-15,2.89,percent,FRED,T5YIE,docs/phase2-ingestion/data/macro/raw/fred/T5YIE-20260821T022309Z.json,ef580e8a42052f19acbf9160806aac8a226a0db96fae0f132bf0944e1dfe12bd,2026-08-21T02:29:31.506808+00:00,PASS,STALE,0.1.0
L4-003,2022-02-16,2.87,percent,FRED,T5YIE,docs/phase2-ingestion/data/macro/raw/fred/T5YIE-20260821T022309Z.json,ef580e8a42052f19acbf9160806aac8a226a0db96fae0f132bf0944e1dfe12bd,2026-08-21T02:29:31.506808+00:00,PASS,STALE,0.1.0
L4-003,2022-02-17,2.87,percent,FRED,T5YIE,docs/phase2-ingestion/data/macro/raw/fred/T5YIE-20260821T022309Z.json,ef580e8a42052f19acbf9160806aac8a226a0db96fae0f132bf0944e1dfe12bd,2026-08-21T02:29:31.506808+00:00,PASS,STALE,0.1.0
L4-003,2022-02-18,2.86,percent,FRED,T5YIE,docs/phase2-ingestion/data/macro/raw/fred/T5YIE-20260821T022309Z.json,ef580e8a42052f19acbf9160806aac8a226a0db96fae0f132bf0944e1dfe12bd,2026-08-21T02:29:31.506808+00:00,PASS,STALE,0.1.0
L4-003,2022-02-22,2.89,percent,FRED,T5YIE,docs/phase2-ingestion/data/macro/raw/fred/T5YIE-20260821T022309Z.json,ef580e8a42052f19acbf9160806aac8a226a0db96fae0f132bf0944e1dfe12bd,2026-08-21T02:29:31.506808+00:00,PASS,STALE,0.1.0
L4-003,2022-02-23,3.01,percent,FRED,T5YIE,docs/phase2-ingestion/data/macro/raw/fred/T5YIE-20260821T022309Z.json,ef580e8a42052f19acbf9160806aac8a226a0db96fae0f132bf0944e1dfe12bd,2026-08-21T02:29:31.506808+00:00,PASS,STALE,0.1.0
L4-003,2022-02-24,3.05,percent,FRED,T5YIE,docs/phase2-ingestion/data/macro/raw/fred/T5YIE-20260821T022309Z.json,ef580e8a42052f19acbf9160806aac8a226a0db96fae0f132bf0944e1dfe12bd,2026-08-21T02:29:31.506808+00:00,PASS,STALE,0.1.0
L4-003,2022-02-25,3.02,percent,FRED,T5YIE,docs/phase2-ingestion/data/macro/raw/fred/T5YIE-20260821T022309Z.json,ef580e8a42052f19acbf9160806aac8a226a0db96fae0f132bf0944e1dfe12bd,2026-08-21T02:29:31.506808+00:00,PASS,STALE,0.1.0
L4-003,2022-02-28,3.11,percent,FRED,T5YIE,docs/phase2-ingestion/data/macro/raw/fred/T5YIE-20260821T022309Z.json,ef580e8a42052f19acbf9160806aac8a226a0db96fae0f132bf0944e1dfe12bd,2026-08-21T02:29:31.506808+00:00,PASS,STALE,0.1.0
L4-003,2022-03-01,3.14,percent,FRED,T5YIE,docs/phase2-ingestion/data/macro/raw/fred/T5YIE-20260821T022309Z.json,ef580e8a42052f19acbf9160806aac8a226a0db96fae0f132bf0944e1dfe12bd,2026-08-21T02:29:31.506808+00:00,PASS,STALE,0.1.0
L4-003,2022-03-02,3.23,percent,FRED,T5YIE,docs/phase2-ingestion/data/macro/raw/fred/T5YIE-20260821T022309Z.json,ef580e8a42052f19acbf9160806aac8a226a0db96fae0f132bf0944e1dfe12bd,2026-08-21T02:29:31.506808+00:00,PASS,STALE,0.1.0
L4-003,2022-03-03,3.17,percent,FRED,T5YIE,docs/phase2-ingestion/data/macro/raw/fred/T5YIE-20260821T022309Z.json,ef580e8a42052f19acbf9160806aac8a226a0db96fae0f132bf0944e1dfe12bd,2026-08-21T02:29:31.506808+00:00,PASS,STALE,0.1.0
L4-003,2022-03-04,3.19,percent,FRED,T5YIE,docs/phase2-ingestion/data/macro/raw/fred/T5YIE-20260821T022309Z.json,ef580e8a42052f19acbf9160806aac8a226a0db96fae0f132bf0944e1dfe12bd,2026-08-21T02:29:31.506808+00:00,PASS,STALE,0.1.0
L4-003,2022-03-07,3.29,percent,FRED,T5YIE,docs/phase2-ingestion/data/macro/raw/fred/T5YIE-20260821T022309Z.json,ef580e8a42052f19acbf9160806aac8a226a0db96fae0f132bf0944e1dfe12bd,2026-08-21T02:29:31.506808+00:00,PASS,STALE,0.1.0
L4-003,2022-03-08,3.43,percent,FRED,T5YIE,docs/phase2-ingestion/data/macro/raw/fred/T5YIE-20260821T022309Z.json,ef580e8a42052f19acbf9160806aac8a226a0db96fae0f132bf0944e1dfe12bd,2026-08-21T02:29:31.506808+00:00,PASS,STALE,0.1.0
L4-003,2022-03-09,3.33,percent,FRED,T5YIE,docs/phase2-ingestion/data/macro/raw/fred/T5YIE-20260821T022309Z.json,ef580e8a42052f19acbf9160806aac8a226a0db96fae0f132bf0944e1dfe12bd,2026-08-21T02:29:31.506808+00:00,PASS,STALE,0.1.0
L4-003,2022-03-10,3.42,percent,FRED,T5YIE,docs/phase2-ingestion/data/macro/raw/fred/T5YIE-20260821T022309Z.json,ef580e8a42052f19acbf9160806aac8a226a0db96fae0f132bf0944e1dfe12bd,2026-08-21T02:29:31.506808+00:00,PASS,STALE,0.1.0
L4-003,2022-03-11,3.52,percent,FRED,T5YIE,docs/phase2-ingestion/data/macro/raw/fred/T5YIE-20260821T022309Z.json,ef580e8a42052f19acbf9160806aac8a226a0db96fae0f132bf0944e1dfe12bd,2026-08-21T02:29:31.506808+00:00,PASS,STALE,0.1.0
L4-003,2022-03-14,3.5,percent,FRED,T5YIE,docs/phase2-ingestion/data/macro/raw/fred/T5YIE-20260821T022309Z.json,ef580e8a42052f19acbf9160806aac8a226a0db96fae0f132bf0944e1dfe12bd,2026-08-21T02:29:31.506808+00:00,PASS,STALE,0.1.0
L4-003,2022-03-15,3.42,percent,FRED,T5YIE,docs/phase2-ingestion/data/macro/raw/fred/T5YIE-20260821T022309Z.json,ef580e8a42052f19acbf9160806aac8a226a0db96fae0f132bf0944e1dfe12bd,2026-08-21T02:29:31.506808+00:00,PASS,STALE,0.1.0
L4-003,2022-03-16,3.34,percent,FRED,T5YIE,docs/phase2-ingestion/data/macro/raw/fred/T5YIE-20260821T022309Z.json,ef580e8a42052f19acbf9160806aac8a226a0db96fae0f132bf0944e1dfe12bd,2026-08-21T02:29:31.506808+00:00,PASS,STALE,0.1.0
L4-003,2022-03-17,3.51,percent,FRED,T5YIE,docs/phase2-ingestion/data/macro/raw/fred/T5YIE-20260821T022309Z.json,ef580e8a42052f19acbf9160806aac8a226a0db96fae0f132bf0944e1dfe12bd,2026-08-21T02:29:31.506808+00:00,PASS,STALE,0.1.0
L4-003,2022-03-18,3.48,percent,FRED,T5YIE,docs/phase2-ingestion/data/macro/raw/fred/T5YIE-20260821T022309Z.json,ef580e8a42052f19acbf9160806aac8a226a0db96fae0f132bf0944e1dfe12bd,2026-08-21T02:29:31.506808+00:00,PASS,STALE,0.1.0
L4-003,2022-03-21,3.52,percent,FRED,T5YIE,docs/phase2-ingestion/data/macro/raw/fred/T5YIE-20260821T022309Z.json,ef580e8a42052f19acbf9160806aac8a226a0db96fae0f132bf0944e1dfe12bd,2026-08-21T02:29:31.506808+00:00,PASS,STALE,0.1.0
L4-003,2022-03-22,3.52,percent,FRED,T5YIE,docs/phase2-ingestion/data/macro/raw/fred/T5YIE-20260821T022309Z.json,ef580e8a42052f19acbf9160806aac8a226a0db96fae0f132bf0944e1dfe12bd,2026-08-21T02:29:31.506808+00:00,PASS,STALE,0.1.0
L4-003,2022-03-23,3.57,percent,FRED,T5YIE,docs/phase2-ingestion/data/macro/raw/fred/T5YIE-20260821T022309Z.json,ef580e8a42052f19acbf9160806aac8a226a0db96fae0f132bf0944e1dfe12bd,2026-08-21T02:29:31.506808+00:00,PASS,STALE,0.1.0
L4-003,2022-03-24,3.57,percent,FRED,T5YIE,docs/phase2-ingestion/data/macro/raw/fred/T5YIE-20260821T022309Z.json,ef580e8a42052f19acbf9160806aac8a226a0db96fae0f132bf0944e1dfe12bd,2026-08-21T02:29:31.506808+00:00,PASS,STALE,0.1.0
L4-003,2022-03-25,3.59,percent,FRED,T5YIE,docs/phase2-ingestion/data/macro/raw/fred/T5YIE-20260821T022309Z.json,ef580e8a42052f19acbf9160806aac8a226a0db96fae0f132bf0944e1dfe12bd,2026-08-21T02:29:31.506808+00:00,PASS,STALE,0.1.0
L4-003,2022-03-28,3.56,percent,FRED,T5YIE,docs/phase2-ingestion/data/macro/raw/fred/T5YIE-20260821T022309Z.json,ef580e8a42052f19acbf9160806aac8a226a0db96fae0f132bf0944e1dfe12bd,2026-08-21T02:29:31.506808+00:00,PASS,STALE,0.1.0
L4-003,2022-03-29,3.4,percent,FRED,T5YIE,docs/phase2-ingestion/data/macro/raw/fred/T5YIE-20260821T022309Z.json,ef580e8a42052f19acbf9160806aac8a226a0db96fae0f132bf0944e1dfe12bd,2026-08-21T02:29:31.506808+00:00,PASS,STALE,0.1.0
L4-003,2022-03-30,3.41,percent,FRED,T5YIE,docs/phase2-ingestion/data/macro/raw/fred/T5YIE-20260821T022309Z.json,ef580e8a42052f19acbf9160806aac8a226a0db96fae0f132bf0944e1dfe12bd,2026-08-21T02:29:31.506808+00:00,PASS,STALE,0.1.0
L4-003,2022-03-31,3.34,percent,FRED,T5YIE,docs/phase2-ingestion/data/macro/raw/fred/T5YIE-20260821T022309Z.json,ef580e8a42052f19acbf9160806aac8a226a0db96fae0f132bf0944e1dfe12bd,2026-08-21T02:29:31.506808+00:00,PASS,STALE,0.1.0
L4-003,2022-04-01,3.28,percent,FRED,T5YIE,docs/phase2-ingestion/data/macro/raw/fred/T5YIE-20260821T022309Z.json,ef580e8a42052f19acbf9160806aac8a226a0db96fae0f132bf0944e1dfe12bd,2026-08-21T02:29:31.506808+00:00,PASS,STALE,0.1.0
L4-003,2022-04-04,3.28,percent,FRED,T5YIE,docs/phase2-ingestion/data/macro/raw/fred/T5YIE-20260821T022309Z.json,ef580e8a42052f19acbf9160806aac8a226a0db96fae0f132bf0944e1dfe12bd,2026-08-21T02:29:31.506808+00:00,PASS,STALE,0.1.0
L4-003,2022-04-05,3.31,percent,FRED,T5YIE,docs/phase2-ingestion/data/macro/raw/fred/T5YIE-20260821T022309Z.json,ef580e8a42052f19acbf9160806aac8a226a0db96fae0f132bf0944e1dfe12bd,2026-08-21T02:29:31.506808+00:00,PASS,STALE,0.1.0
L4-003,2022-04-06,3.28,percent,FRED,T5YIE,docs/phase2-ingestion/data/macro/raw/fred/T5YIE-20260821T022309Z.json,ef580e8a42052f19acbf9160806aac8a226a0db96fae0f132bf0944e1dfe12bd,2026-08-21T02:29:31.506808+00:00,PASS,STALE,0.1.0
L4-003,2022-04-07,3.26,percent,FRED,T5YIE,docs/phase2-ingestion/data/macro/raw/fred/T5YIE-20260821T022309Z.json,ef580e8a42052f19acbf9160806aac8a226a0db96fae0f132bf0944e1dfe12bd,2026-08-21T02:29:31.506808+00:00,PASS,STALE,0.1.0
L4-003,2022-04-08,3.33,percent,FRED,T5YIE,docs/phase2-ingestion/data/macro/raw/fred/T5YIE-20260821T022309Z.json,ef580e8a42052f19acbf9160806aac8a226a0db96fae0f132bf0944e1dfe12bd,2026-08-21T02:29:31.506808+00:00,PASS,STALE,0.1.0
L4-003,2022-04-11,3.37,percent,FRED,T5YIE,docs/phase2-ingestion/data/macro/raw/fred/T5YIE-20260821T022309Z.json,ef580e8a42052f19acbf9160806aac8a226a0db96fae0f132bf0944e1dfe12bd,2026-08-21T02:29:31.506808+00:00,PASS,STALE,0.1.0
L4-003,2022-04-12,3.31,percent,FRED,T5YIE,docs/phase2-ingestion/data/macro/raw/fred/T5YIE-20260821T022309Z.json,ef580e8a42052f19acbf9160806aac8a226a0db96fae0f132bf0944e1dfe12bd,2026-08-21T02:29:31.506808+00:00,PASS,STALE,0.1.0
L4-003,2022-04-13,3.25,percent,FRED,T5YIE,docs/phase2-ingestion/data/macro/raw/fred/T5YIE-20260821T022309Z.json,ef580e8a42052f19acbf9160806aac8a226a0db96fae0f132bf0944e1dfe12bd,2026-08-21T02:29:31.506808+00:00,PASS,STALE,0.1.0
L4-003,2022-04-14,3.33,percent,FRED,T5YIE,docs/phase2-ingestion/data/macro/raw/fred/T5YIE-20260821T022309Z.json,ef580e8a42052f19acbf9160806aac8a226a0db96fae0f132bf0944e1dfe12bd,2026-08-21T02:29:31.506808+00:00,PASS,STALE,0.1.0
L4-003,2022-04-18,3.36,percent,FRED,T5YIE,docs/phase2-ingestion/data/macro/raw/fred/T5YIE-20260821T022309Z.json,ef580e8a42052f19acbf9160806aac8a226a0db96fae0f132bf0944e1dfe12bd,2026-08-21T02:29:31.506808+00:00,PASS,STALE,0.1.0
L4-003,2022-04-19,3.36,percent,FRED,T5YIE,docs/phase2-ingestion/data/macro/raw/fred/T5YIE-20260821T022309Z.json,ef580e8a42052f19acbf9160806aac8a226a0db96fae0f132bf0944e1dfe12bd,2026-08-21T02:29:31.506808+00:00,PASS,STALE,0.1.0
L4-003,2022-04-20,3.36,percent,FRED,T5YIE,docs/phase2-ingestion/data/macro/raw/fred/T5YIE-20260821T022309Z.json,ef580e8a42052f19acbf9160806aac8a226a0db96fae0f132bf0944e1dfe12bd,2026-08-21T02:29:31.506808+00:00,PASS,STALE,0.1.0
L4-003,2022-04-21,3.37,percent,FRED,T5YIE,docs/phase2-ingestion/data/macro/raw/fred/T5YIE-20260821T022309Z.json,ef580e8a42052f19acbf9160806aac8a226a0db96fae0f132bf0944e1dfe12bd,2026-08-21T02:29:31.506808+00:00,PASS,STALE,0.1.0
L4-003,2022-04-22,3.37,percent,FRED,T5YIE,docs/phase2-ingestion/data/macro/raw/fred/T5YIE-20260821T022309Z.json,ef580e8a42052f19acbf9160806aac8a226a0db96fae0f132bf0944e1dfe12bd,2026-08-21T02:29:31.506808+00:00,PASS,STALE,0.1.0
L4-003,2022-04-25,3.27,percent,FRED,T5YIE,docs/phase2-ingestion/data/macro/raw/fred/T5YIE-20260821T022309Z.json,ef580e8a42052f19acbf9160806aac8a226a0db96fae0f132bf0944e1dfe12bd,2026-08-21T02:29:31.506808+00:00,PASS,STALE,0.1.0
L4-003,2022-04-26,3.25,percent,FRED,T5YIE,docs/phase2-ingestion/data/macro/raw/fred/T5YIE-20260821T022309Z.json,ef580e8a42052f19acbf9160806aac8a226a0db96fae0f132bf0944e1dfe12bd,2026-08-21T02:29:31.506808+00:00,PASS,STALE,0.1.0
L4-003,2022-04-27,3.28,percent,FRED,T5YIE,docs/phase2-ingestion/data/macro/raw/fred/T5YIE-20260821T022309Z.json,ef580e8a42052f19acbf9160806aac8a226a0db96fae0f132bf0944e1dfe12bd,2026-08-21T02:29:31.506808+00:00,PASS,STALE,0.1.0
L4-003,2022-04-28,3.39,percent,FRED,T5YIE,docs/phase2-ingestion/data/macro/raw/fred/T5YIE-20260821T022309Z.json,ef580e8a42052f19acbf9160806aac8a226a0db96fae0f132bf0944e1dfe12bd,2026-08-21T02:29:31.506808+00:00,PASS,STALE,0.1.0
L4-003,2022-04-29,3.3,percent,FRED,T5YIE,docs/phase2-ingestion/data/macro/raw/fred/T5YIE-20260821T022309Z.json,ef580e8a42052f19acbf9160806aac8a226a0db96fae0f132bf0944e1dfe12bd,2026-08-21T02:29:31.506808+00:00,PASS,STALE,0.1.0
L4-003,2022-05-02,3.21,percent,FRED,T5YIE,docs/phase2-ingestion/data/macro/raw/fred/T5YIE-20260821T022309Z.json,ef580e8a42052f19acbf9160806aac8a226a0db96fae0f132bf0944e1dfe12bd,2026-08-21T02:29:31.506808+00:00,PASS,STALE,0.1.0
L4-003,2022-05-03,3.21,percent,FRED,T5YIE,docs/phase2-ingestion/data/macro/raw/fred/T5YIE-20260821T022309Z.json,ef580e8a42052f19acbf9160806aac8a226a0db96fae0f132bf0944e1dfe12bd,2026-08-21T02:29:31.506808+00:00,PASS,STALE,0.1.0
L4-003,2022-05-04,3.24,percent,FRED,T5YIE,docs/phase2-ingestion/data/macro/raw/fred/T5YIE-20260821T022309Z.json,ef580e8a42052f19acbf9160806aac8a226a0db96fae0f132bf0944e1dfe12bd,2026-08-21T02:29:31.506808+00:00,PASS,STALE,0.1.0
L4-003,2022-05-05,3.23,percent,FRED,T5YIE,docs/phase2-ingestion/data/macro/raw/fred/T5YIE-20260821T022309Z.json,ef580e8a42052f19acbf9160806aac8a226a0db96fae0f132bf0944e1dfe12bd,2026-08-21T02:29:31.506808+00:00,PASS,STALE,0.1.0
L4-003,2022-05-06,3.22,percent,FRED,T5YIE,docs/phase2-ingestion/data/macro/raw/fred/T5YIE-20260821T022309Z.json,ef580e8a42052f19acbf9160806aac8a226a0db96fae0f132bf0944e1dfe12bd,2026-08-21T02:29:31.506808+00:00,PASS,STALE,0.1.0
L4-003,2022-05-09,3.06,percent,FRED,T5YIE,docs/phase2-ingestion/data/macro/raw/fred/T5YIE-20260821T022309Z.json,ef580e8a42052f19acbf9160806aac8a226a0db96fae0f132bf0944e1dfe12bd,2026-08-21T02:29:31.506808+00:00,PASS,STALE,0.1.0
L4-003,2022-05-10,2.92,percent,FRED,T5YIE,docs/phase2-ingestion/data/macro/raw/fred/T5YIE-20260821T022309Z.json,ef580e8a42052f19acbf9160806aac8a226a0db96fae0f132bf0944e1dfe12bd,2026-08-21T02:29:31.506808+00:00,PASS,STALE,0.1.0
L4-003,2022-05-11,3.0,percent,FRED,T5YIE,docs/phase2-ingestion/data/macro/raw/fred/T5YIE-20260821T022309Z.json,ef580e8a42052f19acbf9160806aac8a226a0db96fae0f132bf0944e1dfe12bd,2026-08-21T02:29:31.506808+00:00,PASS,STALE,0.1.0
L4-003,2022-05-12,2.89,percent,FRED,T5YIE,docs/phase2-ingestion/data/macro/raw/fred/T5YIE-20260821T022309Z.json,ef580e8a42052f19acbf9160806aac8a226a0db96fae0f132bf0944e1dfe12bd,2026-08-21T02:29:31.506808+00:00,PASS,STALE,0.1.0
L4-003,2022-05-13,3.03,percent,FRED,T5YIE,docs/phase2-ingestion/data/macro/raw/fred/T5YIE-20260821T022309Z.json,ef580e8a42052f19acbf9160806aac8a226a0db96fae0f132bf0944e1dfe12bd,2026-08-21T02:29:31.506808+00:00,PASS,STALE,0.1.0
L4-003,2022-05-16,3.04,percent,FRED,T5YIE,docs/phase2-ingestion/data/macro/raw/fred/T5YIE-20260821T022309Z.json,ef580e8a42052f19acbf9160806aac8a226a0db96fae0f132bf0944e1dfe12bd,2026-08-21T02:29:31.506808+00:00,PASS,STALE,0.1.0
L4-003,2022-05-17,3.08,percent,FRED,T5YIE,docs/phase2-ingestion/data/macro/raw/fred/T5YIE-20260821T022309Z.json,ef580e8a42052f19acbf9160806aac8a226a0db96fae0f132bf0944e1dfe12bd,2026-08-21T02:29:31.506808+00:00,PASS,STALE,0.1.0
L4-003,2022-05-18,3.05,percent,FRED,T5YIE,docs/phase2-ingestion/data/macro/raw/fred/T5YIE-20260821T022309Z.json,ef580e8a42052f19acbf9160806aac8a226a0db96fae0f132bf0944e1dfe12bd,2026-08-21T02:29:31.506808+00:00,PASS,STALE,0.1.0
L4-003,2022-05-19,2.97,percent,FRED,T5YIE,docs/phase2-ingestion/data/macro/raw/fred/T5YIE-20260821T022309Z.json,ef580e8a42052f19acbf9160806aac8a226a0db96fae0f132bf0944e1dfe12bd,2026-08-21T02:29:31.506808+00:00,PASS,STALE,0.1.0
L4-003,2022-05-20,2.88,percent,FRED,T5YIE,docs/phase2-ingestion/data/macro/raw/fred/T5YIE-20260821T022309Z.json,ef580e8a42052f19acbf9160806aac8a226a0db96fae0f132bf0944e1dfe12bd,2026-08-21T02:29:31.506808+00:00,PASS,STALE,0.1.0
L4-003,2022-05-23,2.92,percent,FRED,T5YIE,docs/phase2-ingestion/data/macro/raw/fred/T5YIE-20260821T022309Z.json,ef580e8a42052f19acbf9160806aac8a226a0db96fae0f132bf0944e1dfe12bd,2026-08-21T02:29:31.506808+00:00,PASS,STALE,0.1.0
L4-003,2022-05-24,2.87,percent,FRED,T5YIE,docs/phase2-ingestion/data/macro/raw/fred/T5YIE-20260821T022309Z.json,ef580e8a42052f19acbf9160806aac8a226a0db96fae0f132bf0944e1dfe12bd,2026-08-21T02:29:31.506808+00:00,PASS,STALE,0.1.0
L4-003,2022-05-25,2.88,percent,FRED,T5YIE,docs/phase2-ingestion/data/macro/raw/fred/T5YIE-20260821T022309Z.json,ef580e8a42052f19acbf9160806aac8a226a0db96fae0f132bf0944e1dfe12bd,2026-08-21T02:29:31.506808+00:00,PASS,STALE,0.1.0
L4-003,2022-05-26,2.96,percent,FRED,T5YIE,docs/phase2-ingestion/data/macro/raw/fred/T5YIE-20260821T022309Z.json,ef580e8a42052f19acbf9160806aac8a226a0db96fae0f132bf0944e1dfe12bd,2026-08-21T02:29:31.506808+00:00,PASS,STALE,0.1.0
L4-003,2022-05-27,2.95,percent,FRED,T5YIE,docs/phase2-ingestion/data/macro/raw/fred/T5YIE-20260821T022309Z.json,ef580e8a42052f19acbf9160806aac8a226a0db96fae0f132bf0944e1dfe12bd,2026-08-21T02:29:31.506808+00:00,PASS,STALE,0.1.0
L4-003,2022-05-31,2.96,percent,FRED,T5YIE,docs/phase2-ingestion/data/macro/raw/fred/T5YIE-20260821T022309Z.json,ef580e8a42052f19acbf9160806aac8a226a0db96fae0f132bf0944e1dfe12bd,2026-08-21T02:29:31.506808+00:00,PASS,STALE,0.1.0
L4-003,2022-06-01,2.96,percent,FRED,T5YIE,docs/phase2-ingestion/data/macro/raw/fred/T5YIE-20260821T022309Z.json,ef580e8a42052f19acbf9160806aac8a226a0db96fae0f132bf0944e1dfe12bd,2026-08-21T02:29:31.506808+00:00,PASS,STALE,0.1.0
L4-003,2022-06-02,2.97,percent,FRED,T5YIE,docs/phase2-ingestion/data/macro/raw/fred/T5YIE-20260821T022309Z.json,ef580e8a42052f19acbf9160806aac8a226a0db96fae0f132bf0944e1dfe12bd,2026-08-21T02:29:31.506808+00:00,PASS,STALE,0.1.0
L4-003,2022-06-03,3.04,percent,FRED,T5YIE,docs/phase2-ingestion/data/macro/raw/fred/T5YIE-20260821T022309Z.json,ef580e8a42052f19acbf9160806aac8a226a0db96fae0f132bf0944e1dfe12bd,2026-08-21T02:29:31.506808+00:00,PASS,STALE,0.1.0
L4-003,2022-06-06,3.05,percent,FRED,T5YIE,docs/phase2-ingestion/data/macro/raw/fred/T5YIE-20260821T022309Z.json,ef580e8a42052f19acbf9160806aac8a226a0db96fae0f132bf0944e1dfe12bd,2026-08-21T02:29:31.506808+00:00,PASS,STALE,0.1.0
L4-003,2022-06-07,3.03,percent,FRED,T5YIE,docs/phase2-ingestion/data/macro/raw/fred/T5YIE-20260821T022309Z.json,ef580e8a42052f19acbf9160806aac8a226a0db96fae0f132bf0944e1dfe12bd,2026-08-21T02:29:31.506808+00:00,PASS,STALE,0.1.0
L4-003,2022-06-08,3.06,percent,FRED,T5YIE,docs/phase2-ingestion/data/macro/raw/fred/T5YIE-20260821T022309Z.json,ef580e8a42052f19acbf9160806aac8a226a0db96fae0f132bf0944e1dfe12bd,2026-08-21T02:29:31.506808+00:00,PASS,STALE,0.1.0
L4-003,2022-06-09,3.08,percent,FRED,T5YIE,docs/phase2-ingestion/data/macro/raw/fred/T5YIE-20260821T022309Z.json,ef580e8a42052f19acbf9160806aac8a226a0db96fae0f132bf0944e1dfe12bd,2026-08-21T02:29:31.506808+00:00,PASS,STALE,0.1.0
L4-003,2022-06-10,3.13,percent,FRED,T5YIE,docs/phase2-ingestion/data/macro/raw/fred/T5YIE-20260821T022309Z.json,ef580e8a42052f19acbf9160806aac8a226a0db96fae0f132bf0944e1dfe12bd,2026-08-21T02:29:31.506808+00:00,PASS,STALE,0.1.0
L4-003,2022-06-13,3.11,percent,FRED,T5YIE,docs/phase2-ingestion/data/macro/raw/fred/T5YIE-20260821T022309Z.json,ef580e8a42052f19acbf9160806aac8a226a0db96fae0f132bf0944e1dfe12bd,2026-08-21T02:29:31.506808+00:00,PASS,STALE,0.1.0
L4-003,2022-06-14,2.88,percent,FRED,T5YIE,docs/phase2-ingestion/data/macro/raw/fred/T5YIE-20260821T022309Z.json,ef580e8a42052f19acbf9160806aac8a226a0db96fae0f132bf0944e1dfe12bd,2026-08-21T02:29:31.506808+00:00,PASS,STALE,0.1.0
L4-003,2022-06-15,3.0,percent,FRED,T5YIE,docs/phase2-ingestion/data/macro/raw/fred/T5YIE-20260821T022309Z.json,ef580e8a42052f19acbf9160806aac8a226a0db96fae0f132bf0944e1dfe12bd,2026-08-21T02:29:31.506808+00:00,PASS,STALE,0.1.0
L4-003,2022-06-16,2.87,percent,FRED,T5YIE,docs/phase2-ingestion/data/macro/raw/fred/T5YIE-20260821T022309Z.json,ef580e8a42052f19acbf9160806aac8a226a0db96fae0f132bf0944e1dfe12bd,2026-08-21T02:29:31.506808+00:00,PASS,STALE,0.1.0
L4-003,2022-06-17,2.8,percent,FRED,T5YIE,docs/phase2-ingestion/data/macro/raw/fred/T5YIE-20260821T022309Z.json,ef580e8a42052f19acbf9160806aac8a226a0db96fae0f132bf0944e1dfe12bd,2026-08-21T02:29:31.506808+00:00,PASS,STALE,0.1.0
L4-003,2022-06-21,2.84,percent,FRED,T5YIE,docs/phase2-ingestion/data/macro/raw/fred/T5YIE-20260821T022309Z.json,ef580e8a42052f19acbf9160806aac8a226a0db96fae0f132bf0944e1dfe12bd,2026-08-21T02:29:31.506808+00:00,PASS,STALE,0.1.0
L4-003,2022-06-22,2.74,percent,FRED,T5YIE,docs/phase2-ingestion/data/macro/raw/fred/T5YIE-20260821T022309Z.json,ef580e8a42052f19acbf9160806aac8a226a0db96fae0f132bf0944e1dfe12bd,2026-08-21T02:29:31.506808+00:00,PASS,STALE,0.1.0
L4-003,2022-06-23,2.69,percent,FRED,T5YIE,docs/phase2-ingestion/data/macro/raw/fred/T5YIE-20260821T022309Z.json,ef580e8a42052f19acbf9160806aac8a226a0db96fae0f132bf0944e1dfe12bd,2026-08-21T02:29:31.506808+00:00,PASS,STALE,0.1.0
L4-003,2022-06-24,2.82,percent,FRED,T5YIE,docs/phase2-ingestion/data/macro/raw/fred/T5YIE-20260821T022309Z.json,ef580e8a42052f19acbf9160806aac8a226a0db96fae0f132bf0944e1dfe12bd,2026-08-21T02:29:31.506808+00:00,PASS,STALE,0.1.0
L4-003,2022-06-27,2.79,percent,FRED,T5YIE,docs/phase2-ingestion/data/macro/raw/fred/T5YIE-20260821T022309Z.json,ef580e8a42052f19acbf9160806aac8a226a0db96fae0f132bf0944e1dfe12bd,2026-08-21T02:29:31.506808+00:00,PASS,STALE,0.1.0
L4-003,2022-06-28,2.73,percent,FRED,T5YIE,docs/phase2-ingestion/data/macro/raw/fred/T5YIE-20260821T022309Z.json,ef580e8a42052f19acbf9160806aac8a226a0db96fae0f132bf0944e1dfe12bd,2026-08-21T02:29:31.506808+00:00,PASS,STALE,0.1.0
L4-003,2022-06-29,2.59,percent,FRED,T5YIE,docs/phase2-ingestion/data/macro/raw/fred/T5YIE-20260821T022309Z.json,ef580e8a42052f19acbf9160806aac8a226a0db96fae0f132bf0944e1dfe12bd,2026-08-21T02:29:31.506808+00:00,PASS,STALE,0.1.0
L4-003,2022-06-30,2.58,percent,FRED,T5YIE,docs/phase2-ingestion/data/macro/raw/fred/T5YIE-20260821T022309Z.json,ef580e8a42052f19acbf9160806aac8a226a0db96fae0f132bf0944e1dfe12bd,2026-08-21T02:29:31.506808+00:00,PASS,STALE,0.1.0
L4-003,2022-07-01,2.6,percent,FRED,T5YIE,docs/phase2-ingestion/data/macro/raw/fred/T5YIE-20260821T022309Z.json,ef580e8a42052f19acbf9160806aac8a226a0db96fae0f132bf0944e1dfe12bd,2026-08-21T02:29:31.506808+00:00,PASS,STALE,0.1.0
L4-003,2022-07-05,2.51,percent,FRED,T5YIE,docs/phase2-ingestion/data/macro/raw/fred/T5YIE-20260821T022309Z.json,ef580e8a42052f19acbf9160806aac8a226a0db96fae0f132bf0944e1dfe12bd,2026-08-21T02:29:31.506808+00:00,PASS,STALE,0.1.0
L4-003,2022-07-06,2.48,percent,FRED,T5YIE,docs/phase2-ingestion/data/macro/raw/fred/T5YIE-20260821T022309Z.json,ef580e8a42052f19acbf9160806aac8a226a0db96fae0f132bf0944e1dfe12bd,2026-08-21T02:29:31.506808+00:00,PASS,STALE,0.1.0
L4-003,2022-07-07,2.53,percent,FRED,T5YIE,docs/phase2-ingestion/data/macro/raw/fred/T5YIE-20260821T022309Z.json,ef580e8a42052f19acbf9160806aac8a226a0db96fae0f132bf0944e1dfe12bd,2026-08-21T02:29:31.506808+00:00,PASS,STALE,0.1.0
L4-003,2022-07-08,2.62,percent,FRED,T5YIE,docs/phase2-ingestion/data/macro/raw/fred/T5YIE-20260821T022309Z.json,ef580e8a42052f19acbf9160806aac8a226a0db96fae0f132bf0944e1dfe12bd,2026-08-21T02:29:31.506808+00:00,PASS,STALE,0.1.0
L4-003,2022-07-11,2.56,percent,FRED,T5YIE,docs/phase2-ingestion/data/macro/raw/fred/T5YIE-20260821T022309Z.json,ef580e8a42052f19acbf9160806aac8a226a0db96fae0f132bf0944e1dfe12bd,2026-08-21T02:29:31.506808+00:00,PASS,STALE,0.1.0
L4-003,2022-07-12,2.5,percent,FRED,T5YIE,docs/phase2-ingestion/data/macro/raw/fred/T5YIE-20260821T022309Z.json,ef580e8a42052f19acbf9160806aac8a226a0db96fae0f132bf0944e1dfe12bd,2026-08-21T02:29:31.506808+00:00,PASS,STALE,0.1.0
L4-003,2022-07-13,2.51,percent,FRED,T5YIE,docs/phase2-ingestion/data/macro/raw/fred/T5YIE-20260821T022309Z.json,ef580e8a42052f19acbf9160806aac8a226a0db96fae0f132bf0944e1dfe12bd,2026-08-21T02:29:31.506808+00:00,PASS,STALE,0.1.0
L4-003,2022-07-14,2.54,percent,FRED,T5YIE,docs/phase2-ingestion/data/macro/raw/fred/T5YIE-20260821T022309Z.json,ef580e8a42052f19acbf9160806aac8a226a0db96fae0f132bf0944e1dfe12bd,2026-08-21T02:29:31.506808+00:00,PASS,STALE,0.1.0
L4-003,2022-07-15,2.59,percent,FRED,T5YIE,docs/phase2-ingestion/data/macro/raw/fred/T5YIE-20260821T022309Z.json,ef580e8a42052f19acbf9160806aac8a226a0db96fae0f132bf0944e1dfe12bd,2026-08-21T02:29:31.506808+00:00,PASS,STALE,0.1.0
L4-003,2022-07-18,2.63,percent,FRED,T5YIE,docs/phase2-ingestion/data/macro/raw/fred/T5YIE-20260821T022309Z.json,ef580e8a42052f19acbf9160806aac8a226a0db96fae0f132bf0944e1dfe12bd,2026-08-21T02:29:31.506808+00:00,PASS,STALE,0.1.0
L4-003,2022-07-19,2.67,percent,FRED,T5YIE,docs/phase2-ingestion/data/macro/raw/fred/T5YIE-20260821T022309Z.json,ef580e8a42052f19acbf9160806aac8a226a0db96fae0f132bf0944e1dfe12bd,2026-08-21T02:29:31.506808+00:00,PASS,STALE,0.1.0
L4-003,2022-07-20,2.67,percent,FRED,T5YIE,docs/phase2-ingestion/data/macro/raw/fred/T5YIE-20260821T022309Z.json,ef580e8a42052f19acbf9160806aac8a226a0db96fae0f132bf0944e1dfe12bd,2026-08-21T02:29:31.506808+00:00,PASS,STALE,0.1.0
L4-003,2022-07-21,2.55,percent,FRED,T5YIE,docs/phase2-ingestion/data/macro/raw/fred/T5YIE-20260821T022309Z.json,ef580e8a42052f19acbf9160806aac8a226a0db96fae0f132bf0944e1dfe12bd,2026-08-21T02:29:31.506808+00:00,PASS,STALE,0.1.0
L4-003,2022-07-22,2.56,percent,FRED,T5YIE,docs/phase2-ingestion/data/macro/raw/fred/T5YIE-20260821T022309Z.json,ef580e8a42052f19acbf9160806aac8a226a0db96fae0f132bf0944e1dfe12bd,2026-08-21T02:29:31.506808+00:00,PASS,STALE,0.1.0
L4-003,2022-07-25,2.58,percent,FRED,T5YIE,docs/phase2-ingestion/data/macro/raw/fred/T5YIE-20260821T022309Z.json,ef580e8a42052f19acbf9160806aac8a226a0db96fae0f132bf0944e1dfe12bd,2026-08-21T02:29:31.506808+00:00,PASS,STALE,0.1.0
L4-003,2022-07-26,2.56,percent,FRED,T5YIE,docs/phase2-ingestion/data/macro/raw/fred/T5YIE-20260821T022309Z.json,ef580e8a42052f19acbf9160806aac8a226a0db96fae0f132bf0944e1dfe12bd,2026-08-21T02:29:31.506808+00:00,PASS,STALE,0.1.0
L4-003,2022-07-27,2.61,percent,FRED,T5YIE,docs/phase2-ingestion/data/macro/raw/fred/T5YIE-20260821T022309Z.json,ef580e8a42052f19acbf9160806aac8a226a0db96fae0f132bf0944e1dfe12bd,2026-08-21T02:29:31.506808+00:00,PASS,STALE,0.1.0
L4-003,2022-07-28,2.67,percent,FRED,T5YIE,docs/phase2-ingestion/data/macro/raw/fred/T5YIE-20260821T022309Z.json,ef580e8a42052f19acbf9160806aac8a226a0db96fae0f132bf0944e1dfe12bd,2026-08-21T02:29:31.506808+00:00,PASS,STALE,0.1.0
L4-003,2022-07-29,2.73,percent,FRED,T5YIE,docs/phase2-ingestion/data/macro/raw/fred/T5YIE-20260821T022309Z.json,ef580e8a42052f19acbf9160806aac8a226a0db96fae0f132bf0944e1dfe12bd,2026-08-21T02:29:31.506808+00:00,PASS,STALE,0.1.0
L4-003,2022-08-01,2.72,percent,FRED,T5YIE,docs/phase2-ingestion/data/macro/raw/fred/T5YIE-20260821T022309Z.json,ef580e8a42052f19acbf9160806aac8a226a0db96fae0f132bf0944e1dfe12bd,2026-08-21T02:29:31.506808+00:00,PASS,STALE,0.1.0
L4-003,2022-08-02,2.69,percent,FRED,T5YIE,docs/phase2-ingestion/data/macro/raw/fred/T5YIE-20260821T022309Z.json,ef580e8a42052f19acbf9160806aac8a226a0db96fae0f132bf0944e1dfe12bd,2026-08-21T02:29:31.506808+00:00,PASS,STALE,0.1.0
L4-003,2022-08-03,2.72,percent,FRED,T5YIE,docs/phase2-ingestion/data/macro/raw/fred/T5YIE-20260821T022309Z.json,ef580e8a42052f19acbf9160806aac8a226a0db96fae0f132bf0944e1dfe12bd,2026-08-21T02:29:31.506808+00:00,PASS,STALE,0.1.0
L4-003,2022-08-04,2.64,percent,FRED,T5YIE,docs/phase2-ingestion/data/macro/raw/fred/T5YIE-20260821T022309Z.json,ef580e8a42052f19acbf9160806aac8a226a0db96fae0f132bf0944e1dfe12bd,2026-08-21T02:29:31.506808+00:00,PASS,STALE,0.1.0
L4-003,2022-08-05,2.64,percent,FRED,T5YIE,docs/phase2-ingestion/data/macro/raw/fred/T5YIE-20260821T022309Z.json,ef580e8a42052f19acbf9160806aac8a226a0db96fae0f132bf0944e1dfe12bd,2026-08-21T02:29:31.506808+00:00,PASS,STALE,0.1.0
L4-003,2022-08-08,2.65,percent,FRED,T5YIE,docs/phase2-ingestion/data/macro/raw/fred/T5YIE-20260821T022309Z.json,ef580e8a42052f19acbf9160806aac8a226a0db96fae0f132bf0944e1dfe12bd,2026-08-21T02:29:31.506808+00:00,PASS,STALE,0.1.0
L4-003,2022-08-09,2.66,percent,FRED,T5YIE,docs/phase2-ingestion/data/macro/raw/fred/T5YIE-20260821T022309Z.json,ef580e8a42052f19acbf9160806aac8a226a0db96fae0f132bf0944e1dfe12bd,2026-08-21T02:29:31.506808+00:00,PASS,STALE,0.1.0
L4-003,2022-08-10,2.61,percent,FRED,T5YIE,docs/phase2-ingestion/data/macro/raw/fred/T5YIE-20260821T022309Z.json,ef580e8a42052f19acbf9160806aac8a226a0db96fae0f132bf0944e1dfe12bd,2026-08-21T02:29:31.506808+00:00,PASS,STALE,0.1.0
L4-003,2022-08-11,2.67,percent,FRED,T5YIE,docs/phase2-ingestion/data/macro/raw/fred/T5YIE-20260821T022309Z.json,ef580e8a42052f19acbf9160806aac8a226a0db96fae0f132bf0944e1dfe12bd,2026-08-21T02:29:31.506808+00:00,PASS,STALE,0.1.0
L4-003,2022-08-12,2.67,percent,FRED,T5YIE,docs/phase2-ingestion/data/macro/raw/fred/T5YIE-20260821T022309Z.json,ef580e8a42052f19acbf9160806aac8a226a0db96fae0f132bf0944e1dfe12bd,2026-08-21T02:29:31.506808+00:00,PASS,STALE,0.1.0
L4-003,2022-08-15,2.62,percent,FRED,T5YIE,docs/phase2-ingestion/data/macro/raw/fred/T5YIE-20260821T022309Z.json,ef580e8a42052f19acbf9160806aac8a226a0db96fae0f132bf0944e1dfe12bd,2026-08-21T02:29:31.506808+00:00,PASS,STALE,0.1.0
L4-003,2022-08-16,2.61,percent,FRED,T5YIE,docs/phase2-ingestion/data/macro/raw/fred/T5YIE-20260821T022309Z.json,ef580e8a42052f19acbf9160806aac8a226a0db96fae0f132bf0944e1dfe12bd,2026-08-21T02:29:31.506808+00:00,PASS,STALE,0.1.0
L4-003,2022-08-17,2.65,percent,FRED,T5YIE,docs/phase2-ingestion/data/macro/raw/fred/T5YIE-20260821T022309Z.json,ef580e8a42052f19acbf9160806aac8a226a0db96fae0f132bf0944e1dfe12bd,2026-08-21T02:29:31.506808+00:00,PASS,STALE,0.1.0
L4-003,2022-08-18,2.7,percent,FRED,T5YIE,docs/phase2-ingestion/data/macro/raw/fred/T5YIE-20260821T022309Z.json,ef580e8a42052f19acbf9160806aac8a226a0db96fae0f132bf0944e1dfe12bd,2026-08-21T02:29:31.506808+00:00,PASS,STALE,0.1.0
L4-003,2022-08-19,2.72,percent,FRED,T5YIE,docs/phase2-ingestion/data/macro/raw/fred/T5YIE-20260821T022309Z.json,ef580e8a42052f19acbf9160806aac8a226a0db96fae0f132bf0944e1dfe12bd,2026-08-21T02:29:31.506808+00:00,PASS,STALE,0.1.0
L4-003,2022-08-22,2.74,percent,FRED,T5YIE,docs/phase2-ingestion/data/macro/raw/fred/T5YIE-20260821T022309Z.json,ef580e8a42052f19acbf9160806aac8a226a0db96fae0f132bf0944e1dfe12bd,2026-08-21T02:29:31.506808+00:00,PASS,STALE,0.1.0
L4-003,2022-08-23,2.77,percent,FRED,T5YIE,docs/phase2-ingestion/data/macro/raw/fred/T5YIE-20260821T022309Z.json,ef580e8a42052f19acbf9160806aac8a226a0db96fae0f132bf0944e1dfe12bd,2026-08-21T02:29:31.506808+00:00,PASS,STALE,0.1.0
L4-003,2022-08-24,2.79,percent,FRED,T5YIE,docs/phase2-ingestion/data/macro/raw/fred/T5YIE-20260821T022309Z.json,ef580e8a42052f19acbf9160806aac8a226a0db96fae0f132bf0944e1dfe12bd,2026-08-21T02:29:31.506808+00:00,PASS,STALE,0.1.0
L4-003,2022-08-25,2.77,percent,FRED,T5YIE,docs/phase2-ingestion/data/macro/raw/fred/T5YIE-20260821T022309Z.json,ef580e8a42052f19acbf9160806aac8a226a0db96fae0f132bf0944e1dfe12bd,2026-08-21T02:29:31.506808+00:00,PASS,STALE,0.1.0
L4-003,2022-08-26,2.73,percent,FRED,T5YIE,docs/phase2-ingestion/data/macro/raw/fred/T5YIE-20260821T022309Z.json,ef580e8a42052f19acbf9160806aac8a226a0db96fae0f132bf0944e1dfe12bd,2026-08-21T02:29:31.506808+00:00,PASS,STALE,0.1.0
L4-003,2022-08-29,2.71,percent,FRED,T5YIE,docs/phase2-ingestion/data/macro/raw/fred/T5YIE-20260821T022309Z.json,ef580e8a42052f19acbf9160806aac8a226a0db96fae0f132bf0944e1dfe12bd,2026-08-21T02:29:31.506808+00:00,PASS,STALE,0.1.0
L4-003,2022-08-30,2.67,percent,FRED,T5YIE,docs/phase2-ingestion/data/macro/raw/fred/T5YIE-20260821T022309Z.json,ef580e8a42052f19acbf9160806aac8a226a0db96fae0f132bf0944e1dfe12bd,2026-08-21T02:29:31.506808+00:00,PASS,STALE,0.1.0
L4-003,2022-08-31,2.58,percent,FRED,T5YIE,docs/phase2-ingestion/data/macro/raw/fred/T5YIE-20260821T022309Z.json,ef580e8a42052f19acbf9160806aac8a226a0db96fae0f132bf0944e1dfe12bd,2026-08-21T02:29:31.506808+00:00,PASS,STALE,0.1.0
L4-003,2022-09-01,2.52,percent,FRED,T5YIE,docs/phase2-ingestion/data/macro/raw/fred/T5YIE-20260821T022309Z.json,ef580e8a42052f19acbf9160806aac8a226a0db96fae0f132bf0944e1dfe12bd,2026-08-21T02:29:31.506808+00:00,PASS,STALE,0.1.0
L4-003,2022-09-02,2.55,percent,FRED,T5YIE,docs/phase2-ingestion/data/macro/raw/fred/T5YIE-20260821T022309Z.json,ef580e8a42052f19acbf9160806aac8a226a0db96fae0f132bf0944e1dfe12bd,2026-08-21T02:29:31.506808+00:00,PASS,STALE,0.1.0
L4-003,2022-09-06,2.56,percent,FRED,T5YIE,docs/phase2-ingestion/data/macro/raw/fred/T5YIE-20260821T022309Z.json,ef580e8a42052f19acbf9160806aac8a226a0db96fae0f132bf0944e1dfe12bd,2026-08-21T02:29:31.506808+00:00,PASS,STALE,0.1.0
L4-003,2022-09-07,2.51,percent,FRED,T5YIE,docs/phase2-ingestion/data/macro/raw/fred/T5YIE-20260821T022309Z.json,ef580e8a42052f19acbf9160806aac8a226a0db96fae0f132bf0944e1dfe12bd,2026-08-21T02:29:31.506808+00:00,PASS,STALE,0.1.0
L4-003,2022-09-08,2.46,percent,FRED,T5YIE,docs/phase2-ingestion/data/macro/raw/fred/T5YIE-20260821T022309Z.json,ef580e8a42052f19acbf9160806aac8a226a0db96fae0f132bf0944e1dfe12bd,2026-08-21T02:29:31.506808+00:00,PASS,STALE,0.1.0
L4-003,2022-09-09,2.51,percent,FRED,T5YIE,docs/phase2-ingestion/data/macro/raw/fred/T5YIE-20260821T022309Z.json,ef580e8a42052f19acbf9160806aac8a226a0db96fae0f132bf0944e1dfe12bd,2026-08-21T02:29:31.506808+00:00,PASS,STALE,0.1.0
L4-003,2022-09-12,2.52,percent,FRED,T5YIE,docs/phase2-ingestion/data/macro/raw/fred/T5YIE-20260821T022309Z.json,ef580e8a42052f19acbf9160806aac8a226a0db96fae0f132bf0944e1dfe12bd,2026-08-21T02:29:31.506808+00:00,PASS,STALE,0.1.0
L4-003,2022-09-13,2.56,percent,FRED,T5YIE,docs/phase2-ingestion/data/macro/raw/fred/T5YIE-20260821T022309Z.json,ef580e8a42052f19acbf9160806aac8a226a0db96fae0f132bf0944e1dfe12bd,2026-08-21T02:29:31.506808+00:00,PASS,STALE,0.1.0
L4-003,2022-09-14,2.62,percent,FRED,T5YIE,docs/phase2-ingestion/data/macro/raw/fred/T5YIE-20260821T022309Z.json,ef580e8a42052f19acbf9160806aac8a226a0db96fae0f132bf0944e1dfe12bd,2026-08-21T02:29:31.506808+00:00,PASS,STALE,0.1.0
L4-003,2022-09-15,2.57,percent,FRED,T5YIE,docs/phase2-ingestion/data/macro/raw/fred/T5YIE-20260821T022309Z.json,ef580e8a42052f19acbf9160806aac8a226a0db96fae0f132bf0944e1dfe12bd,2026-08-21T02:29:31.506808+00:00,PASS,STALE,0.1.0
L4-003,2022-09-16,2.49,percent,FRED,T5YIE,docs/phase2-ingestion/data/macro/raw/fred/T5YIE-20260821T022309Z.json,ef580e8a42052f19acbf9160806aac8a226a0db96fae0f132bf0944e1dfe12bd,2026-08-21T02:29:31.506808+00:00,PASS,STALE,0.1.0
L4-003,2022-09-19,2.44,percent,FRED,T5YIE,docs/phase2-ingestion/data/macro/raw/fred/T5YIE-20260821T022309Z.json,ef580e8a42052f19acbf9160806aac8a226a0db96fae0f132bf0944e1dfe12bd,2026-08-21T02:29:31.506808+00:00,PASS,STALE,0.1.0
L4-003,2022-09-20,2.48,percent,FRED,T5YIE,docs/phase2-ingestion/data/macro/raw/fred/T5YIE-20260821T022309Z.json,ef580e8a42052f19acbf9160806aac8a226a0db96fae0f132bf0944e1dfe12bd,2026-08-21T02:29:31.506808+00:00,PASS,STALE,0.1.0
L4-003,2022-09-21,2.47,percent,FRED,T5YIE,docs/phase2-ingestion/data/macro/raw/fred/T5YIE-20260821T022309Z.json,ef580e8a42052f19acbf9160806aac8a226a0db96fae0f132bf0944e1dfe12bd,2026-08-21T02:29:31.506808+00:00,PASS,STALE,0.1.0
L4-003,2022-09-22,2.45,percent,FRED,T5YIE,docs/phase2-ingestion/data/macro/raw/fred/T5YIE-20260821T022309Z.json,ef580e8a42052f19acbf9160806aac8a226a0db96fae0f132bf0944e1dfe12bd,2026-08-21T02:29:31.506808+00:00,PASS,STALE,0.1.0
L4-003,2022-09-23,2.38,percent,FRED,T5YIE,docs/phase2-ingestion/data/macro/raw/fred/T5YIE-20260821T022309Z.json,ef580e8a42052f19acbf9160806aac8a226a0db96fae0f132bf0944e1dfe12bd,2026-08-21T02:29:31.506808+00:00,PASS,STALE,0.1.0
L4-003,2022-09-26,2.33,percent,FRED,T5YIE,docs/phase2-ingestion/data/macro/raw/fred/T5YIE-20260821T022309Z.json,ef580e8a42052f19acbf9160806aac8a226a0db96fae0f132bf0944e1dfe12bd,2026-08-21T02:29:31.506808+00:00,PASS,STALE,0.1.0
L4-003,2022-09-27,2.35,percent,FRED,T5YIE,docs/phase2-ingestion/data/macro/raw/fred/T5YIE-20260821T022309Z.json,ef580e8a42052f19acbf9160806aac8a226a0db96fae0f132bf0944e1dfe12bd,2026-08-21T02:29:31.506808+00:00,PASS,STALE,0.1.0
L4-003,2022-09-28,2.37,percent,FRED,T5YIE,docs/phase2-ingestion/data/macro/raw/fred/T5YIE-20260821T022309Z.json,ef580e8a42052f19acbf9160806aac8a226a0db96fae0f132bf0944e1dfe12bd,2026-08-21T02:29:31.506808+00:00,PASS,STALE,0.1.0
L4-003,2022-09-29,2.18,percent,FRED,T5YIE,docs/phase2-ingestion/data/macro/raw/fred/T5YIE-20260821T022309Z.json,ef580e8a42052f19acbf9160806aac8a226a0db96fae0f132bf0944e1dfe12bd,2026-08-21T02:29:31.506808+00:00,PASS,STALE,0.1.0
L4-003,2022-09-30,2.14,percent,FRED,T5YIE,docs/phase2-ingestion/data/macro/raw/fred/T5YIE-20260821T022309Z.json,ef580e8a42052f19acbf9160806aac8a226a0db96fae0f132bf0944e1dfe12bd,2026-08-21T02:29:31.506808+00:00,PASS,STALE,0.1.0
L4-003,2022-10-03,2.26,percent,FRED,T5YIE,docs/phase2-ingestion/data/macro/raw/fred/T5YIE-20260821T022309Z.json,ef580e8a42052f19acbf9160806aac8a226a0db96fae0f132bf0944e1dfe12bd,2026-08-21T02:29:31.506808+00:00,PASS,STALE,0.1.0
L4-003,2022-10-04,2.28,percent,FRED,T5YIE,docs/phase2-ingestion/data/macro/raw/fred/T5YIE-20260821T022309Z.json,ef580e8a42052f19acbf9160806aac8a226a0db96fae0f132bf0944e1dfe12bd,2026-08-21T02:29:31.506808+00:00,PASS,STALE,0.1.0
L4-003,2022-10-05,2.26,percent,FRED,T5YIE,docs/phase2-ingestion/data/macro/raw/fred/T5YIE-20260821T022309Z.json,ef580e8a42052f19acbf9160806aac8a226a0db96fae0f132bf0944e1dfe12bd,2026-08-21T02:29:31.506808+00:00,PASS,STALE,0.1.0
L4-003,2022-10-06,2.29,percent,FRED,T5YIE,docs/phase2-ingestion/data/macro/raw/fred/T5YIE-20260821T022309Z.json,ef580e8a42052f19acbf9160806aac8a226a0db96fae0f132bf0944e1dfe12bd,2026-08-21T02:29:31.506808+00:00,PASS,STALE,0.1.0
L4-003,2022-10-07,2.36,percent,FRED,T5YIE,docs/phase2-ingestion/data/macro/raw/fred/T5YIE-20260821T022309Z.json,ef580e8a42052f19acbf9160806aac8a226a0db96fae0f132bf0944e1dfe12bd,2026-08-21T02:29:31.506808+00:00,PASS,STALE,0.1.0
L4-003,2022-10-11,2.36,percent,FRED,T5YIE,docs/phase2-ingestion/data/macro/raw/fred/T5YIE-20260821T022309Z.json,ef580e8a42052f19acbf9160806aac8a226a0db96fae0f132bf0944e1dfe12bd,2026-08-21T02:29:31.506808+00:00,PASS,STALE,0.1.0
L4-003,2022-10-12,2.32,percent,FRED,T5YIE,docs/phase2-ingestion/data/macro/raw/fred/T5YIE-20260821T022309Z.json,ef580e8a42052f19acbf9160806aac8a226a0db96fae0f132bf0944e1dfe12bd,2026-08-21T02:29:31.506808+00:00,PASS,STALE,0.1.0
L4-003,2022-10-13,2.38,percent,FRED,T5YIE,docs/phase2-ingestion/data/macro/raw/fred/T5YIE-20260821T022309Z.json,ef580e8a42052f19acbf9160806aac8a226a0db96fae0f132bf0944e1dfe12bd,2026-08-21T02:29:31.506808+00:00,PASS,STALE,0.1.0
L4-003,2022-10-14,2.44,percent,FRED,T5YIE,docs/phase2-ingestion/data/macro/raw/fred/T5YIE-20260821T022309Z.json,ef580e8a42052f19acbf9160806aac8a226a0db96fae0f132bf0944e1dfe12bd,2026-08-21T02:29:31.506808+00:00,PASS,STALE,0.1.0
L4-003,2022-10-17,2.48,percent,FRED,T5YIE,docs/phase2-ingestion/data/macro/raw/fred/T5YIE-20260821T022309Z.json,ef580e8a42052f19acbf9160806aac8a226a0db96fae0f132bf0944e1dfe12bd,2026-08-21T02:29:31.506808+00:00,PASS,STALE,0.1.0
L4-003,2022-10-18,2.42,percent,FRED,T5YIE,docs/phase2-ingestion/data/macro/raw/fred/T5YIE-20260821T022309Z.json,ef580e8a42052f19acbf9160806aac8a226a0db96fae0f132bf0944e1dfe12bd,2026-08-21T02:29:31.506808+00:00,PASS,STALE,0.1.0
L4-003,2022-10-19,2.46,percent,FRED,T5YIE,docs/phase2-ingestion/data/macro/raw/fred/T5YIE-20260821T022309Z.json,ef580e8a42052f19acbf9160806aac8a226a0db96fae0f132bf0944e1dfe12bd,2026-08-21T02:29:31.506808+00:00,PASS,STALE,0.1.0
L4-003,2022-10-20,2.65,percent,FRED,T5YIE,docs/phase2-ingestion/data/macro/raw/fred/T5YIE-20260821T022309Z.json,ef580e8a42052f19acbf9160806aac8a226a0db96fae0f132bf0944e1dfe12bd,2026-08-21T02:29:31.506808+00:00,PASS,STALE,0.1.0
L4-003,2022-10-21,2.69,percent,FRED,T5YIE,docs/phase2-ingestion/data/macro/raw/fred/T5YIE-20260821T022309Z.json,ef580e8a42052f19acbf9160806aac8a226a0db96fae0f132bf0944e1dfe12bd,2026-08-21T02:29:31.506808+00:00,PASS,STALE,0.1.0
L4-003,2022-10-24,2.72,percent,FRED,T5YIE,docs/phase2-ingestion/data/macro/raw/fred/T5YIE-20260821T022309Z.json,ef580e8a42052f19acbf9160806aac8a226a0db96fae0f132bf0944e1dfe12bd,2026-08-21T02:29:31.506808+00:00,PASS,STALE,0.1.0
L4-003,2022-10-25,2.62,percent,FRED,T5YIE,docs/phase2-ingestion/data/macro/raw/fred/T5YIE-20260821T022309Z.json,ef580e8a42052f19acbf9160806aac8a226a0db96fae0f132bf0944e1dfe12bd,2026-08-21T02:29:31.506808+00:00,PASS,STALE,0.1.0
L4-003,2022-10-26,2.56,percent,FRED,T5YIE,docs/phase2-ingestion/data/macro/raw/fred/T5YIE-20260821T022309Z.json,ef580e8a42052f19acbf9160806aac8a226a0db96fae0f132bf0944e1dfe12bd,2026-08-21T02:29:31.506808+00:00,PASS,STALE,0.1.0
L4-003,2022-10-27,2.57,percent,FRED,T5YIE,docs/phase2-ingestion/data/macro/raw/fred/T5YIE-20260821T022309Z.json,ef580e8a42052f19acbf9160806aac8a226a0db96fae0f132bf0944e1dfe12bd,2026-08-21T02:29:31.506808+00:00,PASS,STALE,0.1.0
L4-003,2022-10-28,2.62,percent,FRED,T5YIE,docs/phase2-ingestion/data/macro/raw/fred/T5YIE-20260821T022309Z.json,ef580e8a42052f19acbf9160806aac8a226a0db96fae0f132bf0944e1dfe12bd,2026-08-21T02:29:31.506808+00:00,PASS,STALE,0.1.0
L4-003,2022-10-31,2.67,percent,FRED,T5YIE,docs/phase2-ingestion/data/macro/raw/fred/T5YIE-20260821T022309Z.json,ef580e8a42052f19acbf9160806aac8a226a0db96fae0f132bf0944e1dfe12bd,2026-08-21T02:29:31.506808+00:00,PASS,STALE,0.1.0
L4-003,2022-11-01,2.65,percent,FRED,T5YIE,docs/phase2-ingestion/data/macro/raw/fred/T5YIE-20260821T022309Z.json,ef580e8a42052f19acbf9160806aac8a226a0db96fae0f132bf0944e1dfe12bd,2026-08-21T02:29:31.506808+00:00,PASS,STALE,0.1.0
L4-003,2022-11-02,2.68,percent,FRED,T5YIE,docs/phase2-ingestion/data/macro/raw/fred/T5YIE-20260821T022309Z.json,ef580e8a42052f19acbf9160806aac8a226a0db96fae0f132bf0944e1dfe12bd,2026-08-21T02:29:31.506808+00:00,PASS,STALE,0.1.0
L4-003,2022-11-03,2.54,percent,FRED,T5YIE,docs/phase2-ingestion/data/macro/raw/fred/T5YIE-20260821T022309Z.json,ef580e8a42052f19acbf9160806aac8a226a0db96fae0f132bf0944e1dfe12bd,2026-08-21T02:29:31.506808+00:00,PASS,STALE,0.1.0
L4-003,2022-11-04,2.61,percent,FRED,T5YIE,docs/phase2-ingestion/data/macro/raw/fred/T5YIE-20260821T022309Z.json,ef580e8a42052f19acbf9160806aac8a226a0db96fae0f132bf0944e1dfe12bd,2026-08-21T02:29:31.506808+00:00,PASS,STALE,0.1.0
L4-003,2022-11-07,2.67,percent,FRED,T5YIE,docs/phase2-ingestion/data/macro/raw/fred/T5YIE-20260821T022309Z.json,ef580e8a42052f19acbf9160806aac8a226a0db96fae0f132bf0944e1dfe12bd,2026-08-21T02:29:31.506808+00:00,PASS,STALE,0.1.0
L4-003,2022-11-08,2.61,percent,FRED,T5YIE,docs/phase2-ingestion/data/macro/raw/fred/T5YIE-20260821T022309Z.json,ef580e8a42052f19acbf9160806aac8a226a0db96fae0f132bf0944e1dfe12bd,2026-08-21T02:29:31.506808+00:00,PASS,STALE,0.1.0
L4-003,2022-11-09,2.53,percent,FRED,T5YIE,docs/phase2-ingestion/data/macro/raw/fred/T5YIE-20260821T022309Z.json,ef580e8a42052f19acbf9160806aac8a226a0db96fae0f132bf0944e1dfe12bd,2026-08-21T02:29:31.506808+00:00,PASS,STALE,0.1.0
L4-003,2022-11-10,2.47,percent,FRED,T5YIE,docs/phase2-ingestion/data/macro/raw/fred/T5YIE-20260821T022309Z.json,ef580e8a42052f19acbf9160806aac8a226a0db96fae0f132bf0944e1dfe12bd,2026-08-21T02:29:31.506808+00:00,PASS,STALE,0.1.0
L4-003,2022-11-14,2.42,percent,FRED,T5YIE,docs/phase2-ingestion/data/macro/raw/fred/T5YIE-20260821T022309Z.json,ef580e8a42052f19acbf9160806aac8a226a0db96fae0f132bf0944e1dfe12bd,2026-08-21T02:29:31.506808+00:00,PASS,STALE,0.1.0
L4-003,2022-11-15,2.4,percent,FRED,T5YIE,docs/phase2-ingestion/data/macro/raw/fred/T5YIE-20260821T022309Z.json,ef580e8a42052f19acbf9160806aac8a226a0db96fae0f132bf0944e1dfe12bd,2026-08-21T02:29:31.506808+00:00,PASS,STALE,0.1.0
L4-003,2022-11-16,2.35,percent,FRED,T5YIE,docs/phase2-ingestion/data/macro/raw/fred/T5YIE-20260821T022309Z.json,ef580e8a42052f19acbf9160806aac8a226a0db96fae0f132bf0944e1dfe12bd,2026-08-21T02:29:31.506808+00:00,PASS,STALE,0.1.0
L4-003,2022-11-17,2.32,percent,FRED,T5YIE,docs/phase2-ingestion/data/macro/raw/fred/T5YIE-20260821T022309Z.json,ef580e8a42052f19acbf9160806aac8a226a0db96fae0f132bf0944e1dfe12bd,2026-08-21T02:29:31.506808+00:00,PASS,STALE,0.1.0
L4-003,2022-11-18,2.28,percent,FRED,T5YIE,docs/phase2-ingestion/data/macro/raw/fred/T5YIE-20260821T022309Z.json,ef580e8a42052f19acbf9160806aac8a226a0db96fae0f132bf0944e1dfe12bd,2026-08-21T02:29:31.506808+00:00,PASS,STALE,0.1.0
L4-003,2022-11-21,2.34,percent,FRED,T5YIE,docs/phase2-ingestion/data/macro/raw/fred/T5YIE-20260821T022309Z.json,ef580e8a42052f19acbf9160806aac8a226a0db96fae0f132bf0944e1dfe12bd,2026-08-21T02:29:31.506808+00:00,PASS,STALE,0.1.0
L4-003,2022-11-22,2.35,percent,FRED,T5YIE,docs/phase2-ingestion/data/macro/raw/fred/T5YIE-20260821T022309Z.json,ef580e8a42052f19acbf9160806aac8a226a0db96fae0f132bf0944e1dfe12bd,2026-08-21T02:29:31.506808+00:00,PASS,STALE,0.1.0
L4-003,2022-11-23,2.33,percent,FRED,T5YIE,docs/phase2-ingestion/data/macro/raw/fred/T5YIE-20260821T022309Z.json,ef580e8a42052f19acbf9160806aac8a226a0db96fae0f132bf0944e1dfe12bd,2026-08-21T02:29:31.506808+00:00,PASS,STALE,0.1.0
L4-003,2022-11-25,2.34,percent,FRED,T5YIE,docs/phase2-ingestion/data/macro/raw/fred/T5YIE-20260821T022309Z.json,ef580e8a42052f19acbf9160806aac8a226a0db96fae0f132bf0944e1dfe12bd,2026-08-21T02:29:31.506808+00:00,PASS,STALE,0.1.0
L4-003,2022-11-28,2.29,percent,FRED,T5YIE,docs/phase2-ingestion/data/macro/raw/fred/T5YIE-20260821T022309Z.json,ef580e8a42052f19acbf9160806aac8a226a0db96fae0f132bf0944e1dfe12bd,2026-08-21T02:29:31.506808+00:00,PASS,STALE,0.1.0
L4-003,2022-11-29,2.3,percent,FRED,T5YIE,docs/phase2-ingestion/data/macro/raw/fred/T5YIE-20260821T022309Z.json,ef580e8a42052f19acbf9160806aac8a226a0db96fae0f132bf0944e1dfe12bd,2026-08-21T02:29:31.506808+00:00,PASS,STALE,0.1.0
L4-003,2022-11-30,2.41,percent,FRED,T5YIE,docs/phase2-ingestion/data/macro/raw/fred/T5YIE-20260821T022309Z.json,ef580e8a42052f19acbf9160806aac8a226a0db96fae0f132bf0944e1dfe12bd,2026-08-21T02:29:31.506808+00:00,PASS,STALE,0.1.0
L4-003,2022-12-01,2.45,percent,FRED,T5YIE,docs/phase2-ingestion/data/macro/raw/fred/T5YIE-20260821T022309Z.json,ef580e8a42052f19acbf9160806aac8a226a0db96fae0f132bf0944e1dfe12bd,2026-08-21T02:29:31.506808+00:00,PASS,STALE,0.1.0
L4-003,2022-12-02,2.51,percent,FRED,T5YIE,docs/phase2-ingestion/data/macro/raw/fred/T5YIE-20260821T022309Z.json,ef580e8a42052f19acbf9160806aac8a226a0db96fae0f132bf0944e1dfe12bd,2026-08-21T02:29:31.506808+00:00,PASS,STALE,0.1.0
L4-003,2022-12-05,2.46,percent,FRED,T5YIE,docs/phase2-ingestion/data/macro/raw/fred/T5YIE-20260821T022309Z.json,ef580e8a42052f19acbf9160806aac8a226a0db96fae0f132bf0944e1dfe12bd,2026-08-21T02:29:31.506808+00:00,PASS,STALE,0.1.0
L4-003,2022-12-06,2.38,percent,FRED,T5YIE,docs/phase2-ingestion/data/macro/raw/fred/T5YIE-20260821T022309Z.json,ef580e8a42052f19acbf9160806aac8a226a0db96fae0f132bf0944e1dfe12bd,2026-08-21T02:29:31.506808+00:00,PASS,STALE,0.1.0
L4-003,2022-12-07,2.33,percent,FRED,T5YIE,docs/phase2-ingestion/data/macro/raw/fred/T5YIE-20260821T022309Z.json,ef580e8a42052f19acbf9160806aac8a226a0db96fae0f132bf0944e1dfe12bd,2026-08-21T02:29:31.506808+00:00,PASS,STALE,0.1.0
L4-003,2022-12-08,2.36,percent,FRED,T5YIE,docs/phase2-ingestion/data/macro/raw/fred/T5YIE-20260821T022309Z.json,ef580e8a42052f19acbf9160806aac8a226a0db96fae0f132bf0944e1dfe12bd,2026-08-21T02:29:31.506808+00:00,PASS,STALE,0.1.0
L4-003,2022-12-09,2.3,percent,FRED,T5YIE,docs/phase2-ingestion/data/macro/raw/fred/T5YIE-20260821T022309Z.json,ef580e8a42052f19acbf9160806aac8a226a0db96fae0f132bf0944e1dfe12bd,2026-08-21T02:29:31.506808+00:00,PASS,STALE,0.1.0
L4-003,2022-12-12,2.35,percent,FRED,T5YIE,docs/phase2-ingestion/data/macro/raw/fred/T5YIE-20260821T022309Z.json,ef580e8a42052f19acbf9160806aac8a226a0db96fae0f132bf0944e1dfe12bd,2026-08-21T02:29:31.506808+00:00,PASS,STALE,0.1.0
L4-003,2022-12-13,2.31,percent,FRED,T5YIE,docs/phase2-ingestion/data/macro/raw/fred/T5YIE-20260821T022309Z.json,ef580e8a42052f19acbf9160806aac8a226a0db96fae0f132bf0944e1dfe12bd,2026-08-21T02:29:31.506808+00:00,PASS,STALE,0.1.0
L4-003,2022-12-14,2.25,percent,FRED,T5YIE,docs/phase2-ingestion/data/macro/raw/fred/T5YIE-20260821T022309Z.json,ef580e8a42052f19acbf9160806aac8a226a0db96fae0f132bf0944e1dfe12bd,2026-08-21T02:29:31.506808+00:00,PASS,STALE,0.1.0
L4-003,2022-12-15,2.21,percent,FRED,T5YIE,docs/phase2-ingestion/data/macro/raw/fred/T5YIE-20260821T022309Z.json,ef580e8a42052f19acbf9160806aac8a226a0db96fae0f132bf0944e1dfe12bd,2026-08-21T02:29:31.506808+00:00,PASS,STALE,0.1.0
L4-003,2022-12-16,2.14,percent,FRED,T5YIE,docs/phase2-ingestion/data/macro/raw/fred/T5YIE-20260821T022309Z.json,ef580e8a42052f19acbf9160806aac8a226a0db96fae0f132bf0944e1dfe12bd,2026-08-21T02:29:31.506808+00:00,PASS,STALE,0.1.0
L4-003,2022-12-19,2.19,percent,FRED,T5YIE,docs/phase2-ingestion/data/macro/raw/fred/T5YIE-20260821T022309Z.json,ef580e8a42052f19acbf9160806aac8a226a0db96fae0f132bf0944e1dfe12bd,2026-08-21T02:29:31.506808+00:00,PASS,STALE,0.1.0
L4-003,2022-12-20,2.26,percent,FRED,T5YIE,docs/phase2-ingestion/data/macro/raw/fred/T5YIE-20260821T022309Z.json,ef580e8a42052f19acbf9160806aac8a226a0db96fae0f132bf0944e1dfe12bd,2026-08-21T02:29:31.506808+00:00,PASS,STALE,0.1.0
L4-003,2022-12-21,2.31,percent,FRED,T5YIE,docs/phase2-ingestion/data/macro/raw/fred/T5YIE-20260821T022309Z.json,ef580e8a42052f19acbf9160806aac8a226a0db96fae0f132bf0944e1dfe12bd,2026-08-21T02:29:31.506808+00:00,PASS,STALE,0.1.0
L4-003,2022-12-22,2.24,percent,FRED,T5YIE,docs/phase2-ingestion/data/macro/raw/fred/T5YIE-20260821T022309Z.json,ef580e8a42052f19acbf9160806aac8a226a0db96fae0f132bf0944e1dfe12bd,2026-08-21T02:29:31.506808+00:00,PASS,STALE,0.1.0
L4-003,2022-12-23,2.29,percent,FRED,T5YIE,docs/phase2-ingestion/data/macro/raw/fred/T5YIE-20260821T022309Z.json,ef580e8a42052f19acbf9160806aac8a226a0db96fae0f132bf0944e1dfe12bd,2026-08-21T02:29:31.506808+00:00,PASS,STALE,0.1.0
L4-003,2022-12-27,2.33,percent,FRED,T5YIE,docs/phase2-ingestion/data/macro/raw/fred/T5YIE-20260821T022309Z.json,ef580e8a42052f19acbf9160806aac8a226a0db96fae0f132bf0944e1dfe12bd,2026-08-21T02:29:31.506808+00:00,PASS,STALE,0.1.0
L4-003,2022-12-28,2.33,percent,FRED,T5YIE,docs/phase2-ingestion/data/macro/raw/fred/T5YIE-20260821T022309Z.json,ef580e8a42052f19acbf9160806aac8a226a0db96fae0f132bf0944e1dfe12bd,2026-08-21T02:29:31.506808+00:00,PASS,STALE,0.1.0
L4-003,2022-12-29,2.32,percent,FRED,T5YIE,docs/phase2-ingestion/data/macro/raw/fred/T5YIE-20260821T022309Z.json,ef580e8a42052f19acbf9160806aac8a226a0db96fae0f132bf0944e1dfe12bd,2026-08-21T02:29:31.506808+00:00,PASS,STALE,0.1.0
L4-003,2022-12-30,2.33,percent,FRED,T5YIE,docs/phase2-ingestion/data/macro/raw/fred/T5YIE-20260821T022309Z.json,ef580e8a42052f19acbf9160806aac8a226a0db96fae0f132bf0944e1dfe12bd,2026-08-21T02:29:31.506808+00:00,PASS,STALE,0.1.0
L4-003,2023-01-03,2.29,percent,FRED,T5YIE,docs/phase2-ingestion/data/macro/raw/fred/T5YIE-20260821T022309Z.json,ef580e8a42052f19acbf9160806aac8a226a0db96fae0f132bf0944e1dfe12bd,2026-08-21T02:29:31.506808+00:00,PASS,STALE,0.1.0
L4-003,2023-01-04,2.21,percent,FRED,T5YIE,docs/phase2-ingestion/data/macro/raw/fred/T5YIE-20260821T022309Z.json,ef580e8a42052f19acbf9160806aac8a226a0db96fae0f132bf0944e1dfe12bd,2026-08-21T02:29:31.506808+00:00,PASS,STALE,0.1.0
L4-003,2023-01-05,2.22,percent,FRED,T5YIE,docs/phase2-ingestion/data/macro/raw/fred/T5YIE-20260821T022309Z.json,ef580e8a42052f19acbf9160806aac8a226a0db96fae0f132bf0944e1dfe12bd,2026-08-21T02:29:31.506808+00:00,PASS,STALE,0.1.0
L4-003,2023-01-06,2.18,percent,FRED,T5YIE,docs/phase2-ingestion/data/macro/raw/fred/T5YIE-20260821T022309Z.json,ef580e8a42052f19acbf9160806aac8a226a0db96fae0f132bf0944e1dfe12bd,2026-08-21T02:29:31.506808+00:00,PASS,STALE,0.1.0
L4-003,2023-01-09,2.18,percent,FRED,T5YIE,docs/phase2-ingestion/data/macro/raw/fred/T5YIE-20260821T022309Z.json,ef580e8a42052f19acbf9160806aac8a226a0db96fae0f132bf0944e1dfe12bd,2026-08-21T02:29:31.506808+00:00,PASS,STALE,0.1.0
L4-003,2023-01-10,2.2,percent,FRED,T5YIE,docs/phase2-ingestion/data/macro/raw/fred/T5YIE-20260821T022309Z.json,ef580e8a42052f19acbf9160806aac8a226a0db96fae0f132bf0944e1dfe12bd,2026-08-21T02:29:31.506808+00:00,PASS,STALE,0.1.0
L4-003,2023-01-11,2.21,percent,FRED,T5YIE,docs/phase2-ingestion/data/macro/raw/fred/T5YIE-20260821T022309Z.json,ef580e8a42052f19acbf9160806aac8a226a0db96fae0f132bf0944e1dfe12bd,2026-08-21T02:29:31.506808+00:00,PASS,STALE,0.1.0
L4-003,2023-01-12,2.21,percent,FRED,T5YIE,docs/phase2-ingestion/data/macro/raw/fred/T5YIE-20260821T022309Z.json,ef580e8a42052f19acbf9160806aac8a226a0db96fae0f132bf0944e1dfe12bd,2026-08-21T02:29:31.506808+00:00,PASS,STALE,0.1.0
L4-003,2023-01-13,2.2,percent,FRED,T5YIE,docs/phase2-ingestion/data/macro/raw/fred/T5YIE-20260821T022309Z.json,ef580e8a42052f19acbf9160806aac8a226a0db96fae0f132bf0944e1dfe12bd,2026-08-21T02:29:31.506808+00:00,PASS,STALE,0.1.0
L4-003,2023-01-17,2.18,percent,FRED,T5YIE,docs/phase2-ingestion/data/macro/raw/fred/T5YIE-20260821T022309Z.json,ef580e8a42052f19acbf9160806aac8a226a0db96fae0f132bf0944e1dfe12bd,2026-08-21T02:29:31.506808+00:00,PASS,STALE,0.1.0
L4-003,2023-01-18,2.09,percent,FRED,T5YIE,docs/phase2-ingestion/data/macro/raw/fred/T5YIE-20260821T022309Z.json,ef580e8a42052f19acbf9160806aac8a226a0db96fae0f132bf0944e1dfe12bd,2026-08-21T02:29:31.506808+00:00,PASS,STALE,0.1.0
L4-003,2023-01-19,2.21,percent,FRED,T5YIE,docs/phase2-ingestion/data/macro/raw/fred/T5YIE-20260821T022309Z.json,ef580e8a42052f19acbf9160806aac8a226a0db96fae0f132bf0944e1dfe12bd,2026-08-21T02:29:31.506808+00:00,PASS,STALE,0.1.0
L4-003,2023-01-20,2.23,percent,FRED,T5YIE,docs/phase2-ingestion/data/macro/raw/fred/T5YIE-20260821T022309Z.json,ef580e8a42052f19acbf9160806aac8a226a0db96fae0f132bf0944e1dfe12bd,2026-08-21T02:29:31.506808+00:00,PASS,STALE,0.1.0
L4-003,2023-01-23,2.28,percent,FRED,T5YIE,docs/phase2-ingestion/data/macro/raw/fred/T5YIE-20260821T022309Z.json,ef580e8a42052f19acbf9160806aac8a226a0db96fae0f132bf0944e1dfe12bd,2026-08-21T02:29:31.506808+00:00,PASS,STALE,0.1.0
L4-003,2023-01-24,2.29,percent,FRED,T5YIE,docs/phase2-ingestion/data/macro/raw/fred/T5YIE-20260821T022309Z.json,ef580e8a42052f19acbf9160806aac8a226a0db96fae0f132bf0944e1dfe12bd,2026-08-21T02:29:31.506808+00:00,PASS,STALE,0.1.0
L4-003,2023-01-25,2.28,percent,FRED,T5YIE,docs/phase2-ingestion/data/macro/raw/fred/T5YIE-20260821T022309Z.json,ef580e8a42052f19acbf9160806aac8a226a0db96fae0f132bf0944e1dfe12bd,2026-08-21T02:29:31.506808+00:00,PASS,STALE,0.1.0
L4-003,2023-01-26,2.32,percent,FRED,T5YIE,docs/phase2-ingestion/data/macro/raw/fred/T5YIE-20260821T022309Z.json,ef580e8a42052f19acbf9160806aac8a226a0db96fae0f132bf0944e1dfe12bd,2026-08-21T02:29:31.506808+00:00,PASS,STALE,0.1.0
L4-003,2023-01-27,2.33,percent,FRED,T5YIE,docs/phase2-ingestion/data/macro/raw/fred/T5YIE-20260821T022309Z.json,ef580e8a42052f19acbf9160806aac8a226a0db96fae0f132bf0944e1dfe12bd,2026-08-21T02:29:31.506808+00:00,PASS,STALE,0.1.0
L4-003,2023-01-30,2.3,percent,FRED,T5YIE,docs/phase2-ingestion/data/macro/raw/fred/T5YIE-20260821T022309Z.json,ef580e8a42052f19acbf9160806aac8a226a0db96fae0f132bf0944e1dfe12bd,2026-08-21T02:29:31.506808+00:00,PASS,STALE,0.1.0
L4-003,2023-01-31,2.27,percent,FRED,T5YIE,docs/phase2-ingestion/data/macro/raw/fred/T5YIE-20260821T022309Z.json,ef580e8a42052f19acbf9160806aac8a226a0db96fae0f132bf0944e1dfe12bd,2026-08-21T02:29:31.506808+00:00,PASS,STALE,0.1.0
L4-003,2023-02-01,2.29,percent,FRED,T5YIE,docs/phase2-ingestion/data/macro/raw/fred/T5YIE-20260821T022309Z.json,ef580e8a42052f19acbf9160806aac8a226a0db96fae0f132bf0944e1dfe12bd,2026-08-21T02:29:31.506808+00:00,PASS,STALE,0.1.0
L4-003,2023-02-02,2.26,percent,FRED,T5YIE,docs/phase2-ingestion/data/macro/raw/fred/T5YIE-20260821T022309Z.json,ef580e8a42052f19acbf9160806aac8a226a0db96fae0f132bf0944e1dfe12bd,2026-08-21T02:29:31.506808+00:00,PASS,STALE,0.1.0
L4-003,2023-02-03,2.27,percent,FRED,T5YIE,docs/phase2-ingestion/data/macro/raw/fred/T5YIE-20260821T022309Z.json,ef580e8a42052f19acbf9160806aac8a226a0db96fae0f132bf0944e1dfe12bd,2026-08-21T02:29:31.506808+00:00,PASS,STALE,0.1.0
L4-003,2023-02-06,2.33,percent,FRED,T5YIE,docs/phase2-ingestion/data/macro/raw/fred/T5YIE-20260821T022309Z.json,ef580e8a42052f19acbf9160806aac8a226a0db96fae0f132bf0944e1dfe12bd,2026-08-21T02:29:31.506808+00:00,PASS,STALE,0.1.0
L4-003,2023-02-07,2.4,percent,FRED,T5YIE,docs/phase2-ingestion/data/macro/raw/fred/T5YIE-20260821T022309Z.json,ef580e8a42052f19acbf9160806aac8a226a0db96fae0f132bf0944e1dfe12bd,2026-08-21T02:29:31.506808+00:00,PASS,STALE,0.1.0
L4-003,2023-02-08,2.46,percent,FRED,T5YIE,docs/phase2-ingestion/data/macro/raw/fred/T5YIE-20260821T022309Z.json,ef580e8a42052f19acbf9160806aac8a226a0db96fae0f132bf0944e1dfe12bd,2026-08-21T02:29:31.506808+00:00,PASS,STALE,0.1.0
L4-003,2023-02-09,2.45,percent,FRED,T5YIE,docs/phase2-ingestion/data/macro/raw/fred/T5YIE-20260821T022309Z.json,ef580e8a42052f19acbf9160806aac8a226a0db96fae0f132bf0944e1dfe12bd,2026-08-21T02:29:31.506808+00:00,PASS,STALE,0.1.0
L4-003,2023-02-10,2.47,percent,FRED,T5YIE,docs/phase2-ingestion/data/macro/raw/fred/T5YIE-20260821T022309Z.json,ef580e8a42052f19acbf9160806aac8a226a0db96fae0f132bf0944e1dfe12bd,2026-08-21T02:29:31.506808+00:00,PASS,STALE,0.1.0
L4-003,2023-02-13,2.44,percent,FRED,T5YIE,docs/phase2-ingestion/data/macro/raw/fred/T5YIE-20260821T022309Z.json,ef580e8a42052f19acbf9160806aac8a226a0db96fae0f132bf0944e1dfe12bd,2026-08-21T02:29:31.506808+00:00,PASS,STALE,0.1.0
L4-003,2023-02-14,2.45,percent,FRED,T5YIE,docs/phase2-ingestion/data/macro/raw/fred/T5YIE-20260821T022309Z.json,ef580e8a42052f19acbf9160806aac8a226a0db96fae0f132bf0944e1dfe12bd,2026-08-21T02:29:31.506808+00:00,PASS,STALE,0.1.0
L4-003,2023-02-15,2.51,percent,FRED,T5YIE,docs/phase2-ingestion/data/macro/raw/fred/T5YIE-20260821T022309Z.json,ef580e8a42052f19acbf9160806aac8a226a0db96fae0f132bf0944e1dfe12bd,2026-08-21T02:29:31.506808+00:00,PASS,STALE,0.1.0
L4-003,2023-02-16,2.52,percent,FRED,T5YIE,docs/phase2-ingestion/data/macro/raw/fred/T5YIE-20260821T022309Z.json,ef580e8a42052f19acbf9160806aac8a226a0db96fae0f132bf0944e1dfe12bd,2026-08-21T02:29:31.506808+00:00,PASS,STALE,0.1.0
L4-003,2023-02-17,2.5,percent,FRED,T5YIE,docs/phase2-ingestion/data/macro/raw/fred/T5YIE-20260821T022309Z.json,ef580e8a42052f19acbf9160806aac8a226a0db96fae0f132bf0944e1dfe12bd,2026-08-21T02:29:31.506808+00:00,PASS,STALE,0.1.0
L4-003,2023-02-21,2.58,percent,FRED,T5YIE,docs/phase2-ingestion/data/macro/raw/fred/T5YIE-20260821T022309Z.json,ef580e8a42052f19acbf9160806aac8a226a0db96fae0f132bf0944e1dfe12bd,2026-08-21T02:29:31.506808+00:00,PASS,STALE,0.1.0
L4-003,2023-02-22,2.52,percent,FRED,T5YIE,docs/phase2-ingestion/data/macro/raw/fred/T5YIE-20260821T022309Z.json,ef580e8a42052f19acbf9160806aac8a226a0db96fae0f132bf0944e1dfe12bd,2026-08-21T02:29:31.506808+00:00,PASS,STALE,0.1.0
L4-003,2023-02-23,2.5,percent,FRED,T5YIE,docs/phase2-ingestion/data/macro/raw/fred/T5YIE-20260821T022309Z.json,ef580e8a42052f19acbf9160806aac8a226a0db96fae0f132bf0944e1dfe12bd,2026-08-21T02:29:31.506808+00:00,PASS,STALE,0.1.0
L4-003,2023-02-24,2.47,percent,FRED,T5YIE,docs/phase2-ingestion/data/macro/raw/fred/T5YIE-20260821T022309Z.json,ef580e8a42052f19acbf9160806aac8a226a0db96fae0f132bf0944e1dfe12bd,2026-08-21T02:29:31.506808+00:00,PASS,STALE,0.1.0
L4-003,2023-02-27,2.49,percent,FRED,T5YIE,docs/phase2-ingestion/data/macro/raw/fred/T5YIE-20260821T022309Z.json,ef580e8a42052f19acbf9160806aac8a226a0db96fae0f132bf0944e1dfe12bd,2026-08-21T02:29:31.506808+00:00,PASS,STALE,0.1.0
L4-003,2023-02-28,2.58,percent,FRED,T5YIE,docs/phase2-ingestion/data/macro/raw/fred/T5YIE-20260821T022309Z.json,ef580e8a42052f19acbf9160806aac8a226a0db96fae0f132bf0944e1dfe12bd,2026-08-21T02:29:31.506808+00:00,PASS,STALE,0.1.0
L4-003,2023-03-01,2.59,percent,FRED,T5YIE,docs/phase2-ingestion/data/macro/raw/fred/T5YIE-20260821T022309Z.json,ef580e8a42052f19acbf9160806aac8a226a0db96fae0f132bf0944e1dfe12bd,2026-08-21T02:29:31.506808+00:00,PASS,STALE,0.1.0
L4-003,2023-03-02,2.65,percent,FRED,T5YIE,docs/phase2-ingestion/data/macro/raw/fred/T5YIE-20260821T022309Z.json,ef580e8a42052f19acbf9160806aac8a226a0db96fae0f132bf0944e1dfe12bd,2026-08-21T02:29:31.506808+00:00,PASS,STALE,0.1.0
L4-003,2023-03-03,2.71,percent,FRED,T5YIE,docs/phase2-ingestion/data/macro/raw/fred/T5YIE-20260821T022309Z.json,ef580e8a42052f19acbf9160806aac8a226a0db96fae0f132bf0944e1dfe12bd,2026-08-21T02:29:31.506808+00:00,PASS,STALE,0.1.0
L4-003,2023-03-06,2.7,percent,FRED,T5YIE,docs/phase2-ingestion/data/macro/raw/fred/T5YIE-20260821T022309Z.json,ef580e8a42052f19acbf9160806aac8a226a0db96fae0f132bf0944e1dfe12bd,2026-08-21T02:29:31.506808+00:00,PASS,STALE,0.1.0
L4-003,2023-03-07,2.54,percent,FRED,T5YIE,docs/phase2-ingestion/data/macro/raw/fred/T5YIE-20260821T022309Z.json,ef580e8a42052f19acbf9160806aac8a226a0db96fae0f132bf0944e1dfe12bd,2026-08-21T02:29:31.506808+00:00,PASS,STALE,0.1.0
L4-003,2023-03-08,2.47,percent,FRED,T5YIE,docs/phase2-ingestion/data/macro/raw/fred/T5YIE-20260821T022309Z.json,ef580e8a42052f19acbf9160806aac8a226a0db96fae0f132bf0944e1dfe12bd,2026-08-21T02:29:31.506808+00:00,PASS,STALE,0.1.0
L4-003,2023-03-09,2.43,percent,FRED,T5YIE,docs/phase2-ingestion/data/macro/raw/fred/T5YIE-20260821T022309Z.json,ef580e8a42052f19acbf9160806aac8a226a0db96fae0f132bf0944e1dfe12bd,2026-08-21T02:29:31.506808+00:00,PASS,STALE,0.1.0
L4-003,2023-03-10,2.34,percent,FRED,T5YIE,docs/phase2-ingestion/data/macro/raw/fred/T5YIE-20260821T022309Z.json,ef580e8a42052f19acbf9160806aac8a226a0db96fae0f132bf0944e1dfe12bd,2026-08-21T02:29:31.506808+00:00,PASS,STALE,0.1.0
L4-003,2023-03-13,2.26,percent,FRED,T5YIE,docs/phase2-ingestion/data/macro/raw/fred/T5YIE-20260821T022309Z.json,ef580e8a42052f19acbf9160806aac8a226a0db96fae0f132bf0944e1dfe12bd,2026-08-21T02:29:31.506808+00:00,PASS,STALE,0.1.0
L4-003,2023-03-14,2.35,percent,FRED,T5YIE,docs/phase2-ingestion/data/macro/raw/fred/T5YIE-20260821T022309Z.json,ef580e8a42052f19acbf9160806aac8a226a0db96fae0f132bf0944e1dfe12bd,2026-08-21T02:29:31.506808+00:00,PASS,STALE,0.1.0
L4-003,2023-03-15,2.33,percent,FRED,T5YIE,docs/phase2-ingestion/data/macro/raw/fred/T5YIE-20260821T022309Z.json,ef580e8a42052f19acbf9160806aac8a226a0db96fae0f132bf0944e1dfe12bd,2026-08-21T02:29:31.506808+00:00,PASS,STALE,0.1.0
L4-003,2023-03-16,2.26,percent,FRED,T5YIE,docs/phase2-ingestion/data/macro/raw/fred/T5YIE-20260821T022309Z.json,ef580e8a42052f19acbf9160806aac8a226a0db96fae0f132bf0944e1dfe12bd,2026-08-21T02:29:31.506808+00:00,PASS,STALE,0.1.0
L4-003,2023-03-17,2.1,percent,FRED,T5YIE,docs/phase2-ingestion/data/macro/raw/fred/T5YIE-20260821T022309Z.json,ef580e8a42052f19acbf9160806aac8a226a0db96fae0f132bf0944e1dfe12bd,2026-08-21T02:29:31.506808+00:00,PASS,STALE,0.1.0
L4-003,2023-03-20,2.14,percent,FRED,T5YIE,docs/phase2-ingestion/data/macro/raw/fred/T5YIE-20260821T022309Z.json,ef580e8a42052f19acbf9160806aac8a226a0db96fae0f132bf0944e1dfe12bd,2026-08-21T02:29:31.506808+00:00,PASS,STALE,0.1.0
L4-003,2023-03-21,2.25,percent,FRED,T5YIE,docs/phase2-ingestion/data/macro/raw/fred/T5YIE-20260821T022309Z.json,ef580e8a42052f19acbf9160806aac8a226a0db96fae0f132bf0944e1dfe12bd,2026-08-21T02:29:31.506808+00:00,PASS,STALE,0.1.0
L4-003,2023-03-22,2.31,percent,FRED,T5YIE,docs/phase2-ingestion/data/macro/raw/fred/T5YIE-20260821T022309Z.json,ef580e8a42052f19acbf9160806aac8a226a0db96fae0f132bf0944e1dfe12bd,2026-08-21T02:29:31.506808+00:00,PASS,STALE,0.1.0
L4-003,2023-03-23,2.26,percent,FRED,T5YIE,docs/phase2-ingestion/data/macro/raw/fred/T5YIE-20260821T022309Z.json,ef580e8a42052f19acbf9160806aac8a226a0db96fae0f132bf0944e1dfe12bd,2026-08-21T02:29:31.506808+00:00,PASS,STALE,0.1.0
L4-003,2023-03-24,2.21,percent,FRED,T5YIE,docs/phase2-ingestion/data/macro/raw/fred/T5YIE-20260821T022309Z.json,ef580e8a42052f19acbf9160806aac8a226a0db96fae0f132bf0944e1dfe12bd,2026-08-21T02:29:31.506808+00:00,PASS,STALE,0.1.0
L4-003,2023-03-27,2.27,percent,FRED,T5YIE,docs/phase2-ingestion/data/macro/raw/fred/T5YIE-20260821T022309Z.json,ef580e8a42052f19acbf9160806aac8a226a0db96fae0f132bf0944e1dfe12bd,2026-08-21T02:29:31.506808+00:00,PASS,STALE,0.1.0
L4-003,2023-03-28,2.34,percent,FRED,T5YIE,docs/phase2-ingestion/data/macro/raw/fred/T5YIE-20260821T022309Z.json,ef580e8a42052f19acbf9160806aac8a226a0db96fae0f132bf0944e1dfe12bd,2026-08-21T02:29:31.506808+00:00,PASS,STALE,0.1.0
L4-003,2023-03-29,2.38,percent,FRED,T5YIE,docs/phase2-ingestion/data/macro/raw/fred/T5YIE-20260821T022309Z.json,ef580e8a42052f19acbf9160806aac8a226a0db96fae0f132bf0944e1dfe12bd,2026-08-21T02:29:31.506808+00:00,PASS,STALE,0.1.0
L4-003,2023-03-30,2.4,percent,FRED,T5YIE,docs/phase2-ingestion/data/macro/raw/fred/T5YIE-20260821T022309Z.json,ef580e8a42052f19acbf9160806aac8a226a0db96fae0f132bf0944e1dfe12bd,2026-08-21T02:29:31.506808+00:00,PASS,STALE,0.1.0
L4-003,2023-03-31,2.4,percent,FRED,T5YIE,docs/phase2-ingestion/data/macro/raw/fred/T5YIE-20260821T022309Z.json,ef580e8a42052f19acbf9160806aac8a226a0db96fae0f132bf0944e1dfe12bd,2026-08-21T02:29:31.506808+00:00,PASS,STALE,0.1.0
L4-003,2023-04-03,2.39,percent,FRED,T5YIE,docs/phase2-ingestion/data/macro/raw/fred/T5YIE-20260821T022309Z.json,ef580e8a42052f19acbf9160806aac8a226a0db96fae0f132bf0944e1dfe12bd,2026-08-21T02:29:31.506808+00:00,PASS,STALE,0.1.0
L4-003,2023-04-04,2.32,percent,FRED,T5YIE,docs/phase2-ingestion/data/macro/raw/fred/T5YIE-20260821T022309Z.json,ef580e8a42052f19acbf9160806aac8a226a0db96fae0f132bf0944e1dfe12bd,2026-08-21T02:29:31.506808+00:00,PASS,STALE,0.1.0
L4-003,2023-04-05,2.29,percent,FRED,T5YIE,docs/phase2-ingestion/data/macro/raw/fred/T5YIE-20260821T022309Z.json,ef580e8a42052f19acbf9160806aac8a226a0db96fae0f132bf0944e1dfe12bd,2026-08-21T02:29:31.506808+00:00,PASS,STALE,0.1.0
L4-003,2023-04-06,2.31,percent,FRED,T5YIE,docs/phase2-ingestion/data/macro/raw/fred/T5YIE-20260821T022309Z.json,ef580e8a42052f19acbf9160806aac8a226a0db96fae0f132bf0944e1dfe12bd,2026-08-21T02:29:31.506808+00:00,PASS,STALE,0.1.0
L4-003,2023-04-07,2.33,percent,FRED,T5YIE,docs/phase2-ingestion/data/macro/raw/fred/T5YIE-20260821T022309Z.json,ef580e8a42052f19acbf9160806aac8a226a0db96fae0f132bf0944e1dfe12bd,2026-08-21T02:29:31.506808+00:00,PASS,STALE,0.1.0
L4-003,2023-04-10,2.34,percent,FRED,T5YIE,docs/phase2-ingestion/data/macro/raw/fred/T5YIE-20260821T022309Z.json,ef580e8a42052f19acbf9160806aac8a226a0db96fae0f132bf0944e1dfe12bd,2026-08-21T02:29:31.506808+00:00,PASS,STALE,0.1.0
L4-003,2023-04-11,2.36,percent,FRED,T5YIE,docs/phase2-ingestion/data/macro/raw/fred/T5YIE-20260821T022309Z.json,ef580e8a42052f19acbf9160806aac8a226a0db96fae0f132bf0944e1dfe12bd,2026-08-21T02:29:31.506808+00:00,PASS,STALE,0.1.0
L4-003,2023-04-12,2.29,percent,FRED,T5YIE,docs/phase2-ingestion/data/macro/raw/fred/T5YIE-20260821T022309Z.json,ef580e8a42052f19acbf9160806aac8a226a0db96fae0f132bf0944e1dfe12bd,2026-08-21T02:29:31.506808+00:00,PASS,STALE,0.1.0
L4-003,2023-04-13,2.29,percent,FRED,T5YIE,docs/phase2-ingestion/data/macro/raw/fred/T5YIE-20260821T022309Z.json,ef580e8a42052f19acbf9160806aac8a226a0db96fae0f132bf0944e1dfe12bd,2026-08-21T02:29:31.506808+00:00,PASS,STALE,0.1.0
L4-003,2023-04-14,2.31,percent,FRED,T5YIE,docs/phase2-ingestion/data/macro/raw/fred/T5YIE-20260821T022309Z.json,ef580e8a42052f19acbf9160806aac8a226a0db96fae0f132bf0944e1dfe12bd,2026-08-21T02:29:31.506808+00:00,PASS,STALE,0.1.0
L4-003,2023-04-17,2.35,percent,FRED,T5YIE,docs/phase2-ingestion/data/macro/raw/fred/T5YIE-20260821T022309Z.json,ef580e8a42052f19acbf9160806aac8a226a0db96fae0f132bf0944e1dfe12bd,2026-08-21T02:29:31.506808+00:00,PASS,STALE,0.1.0
L4-003,2023-04-18,2.33,percent,FRED,T5YIE,docs/phase2-ingestion/data/macro/raw/fred/T5YIE-20260821T022309Z.json,ef580e8a42052f19acbf9160806aac8a226a0db96fae0f132bf0944e1dfe12bd,2026-08-21T02:29:31.506808+00:00,PASS,STALE,0.1.0
L4-003,2023-04-19,2.33,percent,FRED,T5YIE,docs/phase2-ingestion/data/macro/raw/fred/T5YIE-20260821T022309Z.json,ef580e8a42052f19acbf9160806aac8a226a0db96fae0f132bf0944e1dfe12bd,2026-08-21T02:29:31.506808+00:00,PASS,STALE,0.1.0
L4-003,2023-04-20,2.28,percent,FRED,T5YIE,docs/phase2-ingestion/data/macro/raw/fred/T5YIE-20260821T022309Z.json,ef580e8a42052f19acbf9160806aac8a226a0db96fae0f132bf0944e1dfe12bd,2026-08-21T02:29:31.506808+00:00,PASS,STALE,0.1.0
L4-003,2023-04-21,2.3,percent,FRED,T5YIE,docs/phase2-ingestion/data/macro/raw/fred/T5YIE-20260821T022309Z.json,ef580e8a42052f19acbf9160806aac8a226a0db96fae0f132bf0944e1dfe12bd,2026-08-21T02:29:31.506808+00:00,PASS,STALE,0.1.0
L4-003,2023-04-24,2.33,percent,FRED,T5YIE,docs/phase2-ingestion/data/macro/raw/fred/T5YIE-20260821T022309Z.json,ef580e8a42052f19acbf9160806aac8a226a0db96fae0f132bf0944e1dfe12bd,2026-08-21T02:29:31.506808+00:00,PASS,STALE,0.1.0
L4-003,2023-04-25,2.26,percent,FRED,T5YIE,docs/phase2-ingestion/data/macro/raw/fred/T5YIE-20260821T022309Z.json,ef580e8a42052f19acbf9160806aac8a226a0db96fae0f132bf0944e1dfe12bd,2026-08-21T02:29:31.506808+00:00,PASS,STALE,0.1.0
L4-003,2023-04-26,2.26,percent,FRED,T5YIE,docs/phase2-ingestion/data/macro/raw/fred/T5YIE-20260821T022309Z.json,ef580e8a42052f19acbf9160806aac8a226a0db96fae0f132bf0944e1dfe12bd,2026-08-21T02:29:31.506808+00:00,PASS,STALE,0.1.0
L4-003,2023-04-27,2.29,percent,FRED,T5YIE,docs/phase2-ingestion/data/macro/raw/fred/T5YIE-20260821T022309Z.json,ef580e8a42052f19acbf9160806aac8a226a0db96fae0f132bf0944e1dfe12bd,2026-08-21T02:29:31.506808+00:00,PASS,STALE,0.1.0
L4-003,2023-04-28,2.2,percent,FRED,T5YIE,docs/phase2-ingestion/data/macro/raw/fred/T5YIE-20260821T022309Z.json,ef580e8a42052f19acbf9160806aac8a226a0db96fae0f132bf0944e1dfe12bd,2026-08-21T02:29:31.506808+00:00,PASS,STALE,0.1.0
L4-003,2023-05-01,2.24,percent,FRED,T5YIE,docs/phase2-ingestion/data/macro/raw/fred/T5YIE-20260821T022309Z.json,ef580e8a42052f19acbf9160806aac8a226a0db96fae0f132bf0944e1dfe12bd,2026-08-21T02:29:31.506808+00:00,PASS,STALE,0.1.0
L4-003,2023-05-02,2.18,percent,FRED,T5YIE,docs/phase2-ingestion/data/macro/raw/fred/T5YIE-20260821T022309Z.json,ef580e8a42052f19acbf9160806aac8a226a0db96fae0f132bf0944e1dfe12bd,2026-08-21T02:29:31.506808+00:00,PASS,STALE,0.1.0
L4-003,2023-05-03,2.19,percent,FRED,T5YIE,docs/phase2-ingestion/data/macro/raw/fred/T5YIE-20260821T022309Z.json,ef580e8a42052f19acbf9160806aac8a226a0db96fae0f132bf0944e1dfe12bd,2026-08-21T02:29:31.506808+00:00,PASS,STALE,0.1.0
L4-003,2023-05-04,2.13,percent,FRED,T5YIE,docs/phase2-ingestion/data/macro/raw/fred/T5YIE-20260821T022309Z.json,ef580e8a42052f19acbf9160806aac8a226a0db96fae0f132bf0944e1dfe12bd,2026-08-21T02:29:31.506808+00:00,PASS,STALE,0.1.0
L4-003,2023-05-05,2.19,percent,FRED,T5YIE,docs/phase2-ingestion/data/macro/raw/fred/T5YIE-20260821T022309Z.json,ef580e8a42052f19acbf9160806aac8a226a0db96fae0f132bf0944e1dfe12bd,2026-08-21T02:29:31.506808+00:00,PASS,STALE,0.1.0
L4-003,2023-05-08,2.22,percent,FRED,T5YIE,docs/phase2-ingestion/data/macro/raw/fred/T5YIE-20260821T022309Z.json,ef580e8a42052f19acbf9160806aac8a226a0db96fae0f132bf0944e1dfe12bd,2026-08-21T02:29:31.506808+00:00,PASS,STALE,0.1.0
L4-003,2023-05-09,2.22,percent,FRED,T5YIE,docs/phase2-ingestion/data/macro/raw/fred/T5YIE-20260821T022309Z.json,ef580e8a42052f19acbf9160806aac8a226a0db96fae0f132bf0944e1dfe12bd,2026-08-21T02:29:31.506808+00:00,PASS,STALE,0.1.0
L4-003,2023-05-10,2.13,percent,FRED,T5YIE,docs/phase2-ingestion/data/macro/raw/fred/T5YIE-20260821T022309Z.json,ef580e8a42052f19acbf9160806aac8a226a0db96fae0f132bf0944e1dfe12bd,2026-08-21T02:29:31.506808+00:00,PASS,STALE,0.1.0
L4-003,2023-05-11,2.1,percent,FRED,T5YIE,docs/phase2-ingestion/data/macro/raw/fred/T5YIE-20260821T022309Z.json,ef580e8a42052f19acbf9160806aac8a226a0db96fae0f132bf0944e1dfe12bd,2026-08-21T02:29:31.506808+00:00,PASS,STALE,0.1.0
L4-003,2023-05-12,2.11,percent,FRED,T5YIE,docs/phase2-ingestion/data/macro/raw/fred/T5YIE-20260821T022309Z.json,ef580e8a42052f19acbf9160806aac8a226a0db96fae0f132bf0944e1dfe12bd,2026-08-21T02:29:31.506808+00:00,PASS,STALE,0.1.0
L4-003,2023-05-15,2.12,percent,FRED,T5YIE,docs/phase2-ingestion/data/macro/raw/fred/T5YIE-20260821T022309Z.json,ef580e8a42052f19acbf9160806aac8a226a0db96fae0f132bf0944e1dfe12bd,2026-08-21T02:29:31.506808+00:00,PASS,STALE,0.1.0
L4-003,2023-05-16,2.11,percent,FRED,T5YIE,docs/phase2-ingestion/data/macro/raw/fred/T5YIE-20260821T022309Z.json,ef580e8a42052f19acbf9160806aac8a226a0db96fae0f132bf0944e1dfe12bd,2026-08-21T02:29:31.506808+00:00,PASS,STALE,0.1.0
L4-003,2023-05-17,2.16,percent,FRED,T5YIE,docs/phase2-ingestion/data/macro/raw/fred/T5YIE-20260821T022309Z.json,ef580e8a42052f19acbf9160806aac8a226a0db96fae0f132bf0944e1dfe12bd,2026-08-21T02:29:31.506808+00:00,PASS,STALE,0.1.0
L4-003,2023-05-18,2.16,percent,FRED,T5YIE,docs/phase2-ingestion/data/macro/raw/fred/T5YIE-20260821T022309Z.json,ef580e8a42052f19acbf9160806aac8a226a0db96fae0f132bf0944e1dfe12bd,2026-08-21T02:29:31.506808+00:00,PASS,STALE,0.1.0
L4-003,2023-05-19,2.19,percent,FRED,T5YIE,docs/phase2-ingestion/data/macro/raw/fred/T5YIE-20260821T022309Z.json,ef580e8a42052f19acbf9160806aac8a226a0db96fae0f132bf0944e1dfe12bd,2026-08-21T02:29:31.506808+00:00,PASS,STALE,0.1.0
L4-003,2023-05-22,2.18,percent,FRED,T5YIE,docs/phase2-ingestion/data/macro/raw/fred/T5YIE-20260821T022309Z.json,ef580e8a42052f19acbf9160806aac8a226a0db96fae0f132bf0944e1dfe12bd,2026-08-21T02:29:31.506808+00:00,PASS,STALE,0.1.0
L4-003,2023-05-23,2.21,percent,FRED,T5YIE,docs/phase2-ingestion/data/macro/raw/fred/T5YIE-20260821T022309Z.json,ef580e8a42052f19acbf9160806aac8a226a0db96fae0f132bf0944e1dfe12bd,2026-08-21T02:29:31.506808+00:00,PASS,STALE,0.1.0
L4-003,2023-05-24,2.14,percent,FRED,T5YIE,docs/phase2-ingestion/data/macro/raw/fred/T5YIE-20260821T022309Z.json,ef580e8a42052f19acbf9160806aac8a226a0db96fae0f132bf0944e1dfe12bd,2026-08-21T02:29:31.506808+00:00,PASS,STALE,0.1.0
L4-003,2023-05-25,2.12,percent,FRED,T5YIE,docs/phase2-ingestion/data/macro/raw/fred/T5YIE-20260821T022309Z.json,ef580e8a42052f19acbf9160806aac8a226a0db96fae0f132bf0944e1dfe12bd,2026-08-21T02:29:31.506808+00:00,PASS,STALE,0.1.0
L4-003,2023-05-26,2.13,percent,FRED,T5YIE,docs/phase2-ingestion/data/macro/raw/fred/T5YIE-20260821T022309Z.json,ef580e8a42052f19acbf9160806aac8a226a0db96fae0f132bf0944e1dfe12bd,2026-08-21T02:29:31.506808+00:00,PASS,STALE,0.1.0
L4-003,2023-05-30,2.12,percent,FRED,T5YIE,docs/phase2-ingestion/data/macro/raw/fred/T5YIE-20260821T022309Z.json,ef580e8a42052f19acbf9160806aac8a226a0db96fae0f132bf0944e1dfe12bd,2026-08-21T02:29:31.506808+00:00,PASS,STALE,0.1.0
L4-003,2023-05-31,2.07,percent,FRED,T5YIE,docs/phase2-ingestion/data/macro/raw/fred/T5YIE-20260821T022309Z.json,ef580e8a42052f19acbf9160806aac8a226a0db96fae0f132bf0944e1dfe12bd,2026-08-21T02:29:31.506808+00:00,PASS,STALE,0.1.0
L4-003,2023-06-01,2.07,percent,FRED,T5YIE,docs/phase2-ingestion/data/macro/raw/fred/T5YIE-20260821T022309Z.json,ef580e8a42052f19acbf9160806aac8a226a0db96fae0f132bf0944e1dfe12bd,2026-08-21T02:29:31.506808+00:00,PASS,STALE,0.1.0
L4-003,2023-06-02,2.13,percent,FRED,T5YIE,docs/phase2-ingestion/data/macro/raw/fred/T5YIE-20260821T022309Z.json,ef580e8a42052f19acbf9160806aac8a226a0db96fae0f132bf0944e1dfe12bd,2026-08-21T02:29:31.506808+00:00,PASS,STALE,0.1.0
L4-003,2023-06-05,2.15,percent,FRED,T5YIE,docs/phase2-ingestion/data/macro/raw/fred/T5YIE-20260821T022309Z.json,ef580e8a42052f19acbf9160806aac8a226a0db96fae0f132bf0944e1dfe12bd,2026-08-21T02:29:31.506808+00:00,PASS,STALE,0.1.0
L4-003,2023-06-06,2.14,percent,FRED,T5YIE,docs/phase2-ingestion/data/macro/raw/fred/T5YIE-20260821T022309Z.json,ef580e8a42052f19acbf9160806aac8a226a0db96fae0f132bf0944e1dfe12bd,2026-08-21T02:29:31.506808+00:00,PASS,STALE,0.1.0
L4-003,2023-06-07,2.15,percent,FRED,T5YIE,docs/phase2-ingestion/data/macro/raw/fred/T5YIE-20260821T022309Z.json,ef580e8a42052f19acbf9160806aac8a226a0db96fae0f132bf0944e1dfe12bd,2026-08-21T02:29:31.506808+00:00,PASS,STALE,0.1.0
L4-003,2023-06-08,2.14,percent,FRED,T5YIE,docs/phase2-ingestion/data/macro/raw/fred/T5YIE-20260821T022309Z.json,ef580e8a42052f19acbf9160806aac8a226a0db96fae0f132bf0944e1dfe12bd,2026-08-21T02:29:31.506808+00:00,PASS,STALE,0.1.0
L4-003,2023-06-09,2.13,percent,FRED,T5YIE,docs/phase2-ingestion/data/macro/raw/fred/T5YIE-20260821T022309Z.json,ef580e8a42052f19acbf9160806aac8a226a0db96fae0f132bf0944e1dfe12bd,2026-08-21T02:29:31.506808+00:00,PASS,STALE,0.1.0
L4-003,2023-06-12,2.09,percent,FRED,T5YIE,docs/phase2-ingestion/data/macro/raw/fred/T5YIE-20260821T022309Z.json,ef580e8a42052f19acbf9160806aac8a226a0db96fae0f132bf0944e1dfe12bd,2026-08-21T02:29:31.506808+00:00,PASS,STALE,0.1.0
L4-003,2023-06-13,2.12,percent,FRED,T5YIE,docs/phase2-ingestion/data/macro/raw/fred/T5YIE-20260821T022309Z.json,ef580e8a42052f19acbf9160806aac8a226a0db96fae0f132bf0944e1dfe12bd,2026-08-21T02:29:31.506808+00:00,PASS,STALE,0.1.0
L4-003,2023-06-14,2.15,percent,FRED,T5YIE,docs/phase2-ingestion/data/macro/raw/fred/T5YIE-20260821T022309Z.json,ef580e8a42052f19acbf9160806aac8a226a0db96fae0f132bf0944e1dfe12bd,2026-08-21T02:29:31.506808+00:00,PASS,STALE,0.1.0
L4-003,2023-06-15,2.16,percent,FRED,T5YIE,docs/phase2-ingestion/data/macro/raw/fred/T5YIE-20260821T022309Z.json,ef580e8a42052f19acbf9160806aac8a226a0db96fae0f132bf0944e1dfe12bd,2026-08-21T02:29:31.506808+00:00,PASS,STALE,0.1.0
L4-003,2023-06-16,2.17,percent,FRED,T5YIE,docs/phase2-ingestion/data/macro/raw/fred/T5YIE-20260821T022309Z.json,ef580e8a42052f19acbf9160806aac8a226a0db96fae0f132bf0944e1dfe12bd,2026-08-21T02:29:31.506808+00:00,PASS,STALE,0.1.0
L4-003,2023-06-20,2.14,percent,FRED,T5YIE,docs/phase2-ingestion/data/macro/raw/fred/T5YIE-20260821T022309Z.json,ef580e8a42052f19acbf9160806aac8a226a0db96fae0f132bf0944e1dfe12bd,2026-08-21T02:29:31.506808+00:00,PASS,STALE,0.1.0
L4-003,2023-06-21,2.15,percent,FRED,T5YIE,docs/phase2-ingestion/data/macro/raw/fred/T5YIE-20260821T022309Z.json,ef580e8a42052f19acbf9160806aac8a226a0db96fae0f132bf0944e1dfe12bd,2026-08-21T02:29:31.506808+00:00,PASS,STALE,0.1.0
L4-003,2023-06-22,2.18,percent,FRED,T5YIE,docs/phase2-ingestion/data/macro/raw/fred/T5YIE-20260821T022309Z.json,ef580e8a42052f19acbf9160806aac8a226a0db96fae0f132bf0944e1dfe12bd,2026-08-21T02:29:31.506808+00:00,PASS,STALE,0.1.0
L4-003,2023-06-23,2.16,percent,FRED,T5YIE,docs/phase2-ingestion/data/macro/raw/fred/T5YIE-20260821T022309Z.json,ef580e8a42052f19acbf9160806aac8a226a0db96fae0f132bf0944e1dfe12bd,2026-08-21T02:29:31.506808+00:00,PASS,STALE,0.1.0
L4-003,2023-06-26,2.13,percent,FRED,T5YIE,docs/phase2-ingestion/data/macro/raw/fred/T5YIE-20260821T022309Z.json,ef580e8a42052f19acbf9160806aac8a226a0db96fae0f132bf0944e1dfe12bd,2026-08-21T02:29:31.506808+00:00,PASS,STALE,0.1.0
L4-003,2023-06-27,2.12,percent,FRED,T5YIE,docs/phase2-ingestion/data/macro/raw/fred/T5YIE-20260821T022309Z.json,ef580e8a42052f19acbf9160806aac8a226a0db96fae0f132bf0944e1dfe12bd,2026-08-21T02:29:31.506808+00:00,PASS,STALE,0.1.0
L4-003,2023-06-28,2.12,percent,FRED,T5YIE,docs/phase2-ingestion/data/macro/raw/fred/T5YIE-20260821T022309Z.json,ef580e8a42052f19acbf9160806aac8a226a0db96fae0f132bf0944e1dfe12bd,2026-08-21T02:29:31.506808+00:00,PASS,STALE,0.1.0
L4-003,2023-06-29,2.15,percent,FRED,T5YIE,docs/phase2-ingestion/data/macro/raw/fred/T5YIE-20260821T022309Z.json,ef580e8a42052f19acbf9160806aac8a226a0db96fae0f132bf0944e1dfe12bd,2026-08-21T02:29:31.506808+00:00,PASS,STALE,0.1.0
L4-003,2023-06-30,2.18,percent,FRED,T5YIE,docs/phase2-ingestion/data/macro/raw/fred/T5YIE-20260821T022309Z.json,ef580e8a42052f19acbf9160806aac8a226a0db96fae0f132bf0944e1dfe12bd,2026-08-21T02:29:31.506808+00:00,PASS,STALE,0.1.0
L4-003,2023-07-03,2.21,percent,FRED,T5YIE,docs/phase2-ingestion/data/macro/raw/fred/T5YIE-20260821T022309Z.json,ef580e8a42052f19acbf9160806aac8a226a0db96fae0f132bf0944e1dfe12bd,2026-08-21T02:29:31.506808+00:00,PASS,STALE,0.1.0
L4-003,2023-07-05,2.2,percent,FRED,T5YIE,docs/phase2-ingestion/data/macro/raw/fred/T5YIE-20260821T022309Z.json,ef580e8a42052f19acbf9160806aac8a226a0db96fae0f132bf0944e1dfe12bd,2026-08-21T02:29:31.506808+00:00,PASS,STALE,0.1.0
L4-003,2023-07-06,2.22,percent,FRED,T5YIE,docs/phase2-ingestion/data/macro/raw/fred/T5YIE-20260821T022309Z.json,ef580e8a42052f19acbf9160806aac8a226a0db96fae0f132bf0944e1dfe12bd,2026-08-21T02:29:31.506808+00:00,PASS,STALE,0.1.0
L4-003,2023-07-07,2.22,percent,FRED,T5YIE,docs/phase2-ingestion/data/macro/raw/fred/T5YIE-20260821T022309Z.json,ef580e8a42052f19acbf9160806aac8a226a0db96fae0f132bf0944e1dfe12bd,2026-08-21T02:29:31.506808+00:00,PASS,STALE,0.1.0
L4-003,2023-07-10,2.19,percent,FRED,T5YIE,docs/phase2-ingestion/data/macro/raw/fred/T5YIE-20260821T022309Z.json,ef580e8a42052f19acbf9160806aac8a226a0db96fae0f132bf0944e1dfe12bd,2026-08-21T02:29:31.506808+00:00,PASS,STALE,0.1.0
L4-003,2023-07-11,2.16,percent,FRED,T5YIE,docs/phase2-ingestion/data/macro/raw/fred/T5YIE-20260821T022309Z.json,ef580e8a42052f19acbf9160806aac8a226a0db96fae0f132bf0944e1dfe12bd,2026-08-21T02:29:31.506808+00:00,PASS,STALE,0.1.0
L4-003,2023-07-12,2.18,percent,FRED,T5YIE,docs/phase2-ingestion/data/macro/raw/fred/T5YIE-20260821T022309Z.json,ef580e8a42052f19acbf9160806aac8a226a0db96fae0f132bf0944e1dfe12bd,2026-08-21T02:29:31.506808+00:00,PASS,STALE,0.1.0
L4-003,2023-07-13,2.16,percent,FRED,T5YIE,docs/phase2-ingestion/data/macro/raw/fred/T5YIE-20260821T022309Z.json,ef580e8a42052f19acbf9160806aac8a226a0db96fae0f132bf0944e1dfe12bd,2026-08-21T02:29:31.506808+00:00,PASS,STALE,0.1.0
L4-003,2023-07-14,2.15,percent,FRED,T5YIE,docs/phase2-ingestion/data/macro/raw/fred/T5YIE-20260821T022309Z.json,ef580e8a42052f19acbf9160806aac8a226a0db96fae0f132bf0944e1dfe12bd,2026-08-21T02:29:31.506808+00:00,PASS,STALE,0.1.0
L4-003,2023-07-17,2.16,percent,FRED,T5YIE,docs/phase2-ingestion/data/macro/raw/fred/T5YIE-20260821T022309Z.json,ef580e8a42052f19acbf9160806aac8a226a0db96fae0f132bf0944e1dfe12bd,2026-08-21T02:29:31.506808+00:00,PASS,STALE,0.1.0
L4-003,2023-07-18,2.13,percent,FRED,T5YIE,docs/phase2-ingestion/data/macro/raw/fred/T5YIE-20260821T022309Z.json,ef580e8a42052f19acbf9160806aac8a226a0db96fae0f132bf0944e1dfe12bd,2026-08-21T02:29:31.506808+00:00,PASS,STALE,0.1.0
L4-003,2023-07-19,2.13,percent,FRED,T5YIE,docs/phase2-ingestion/data/macro/raw/fred/T5YIE-20260821T022309Z.json,ef580e8a42052f19acbf9160806aac8a226a0db96fae0f132bf0944e1dfe12bd,2026-08-21T02:29:31.506808+00:00,PASS,STALE,0.1.0
L4-003,2023-07-20,2.21,percent,FRED,T5YIE,docs/phase2-ingestion/data/macro/raw/fred/T5YIE-20260821T022309Z.json,ef580e8a42052f19acbf9160806aac8a226a0db96fae0f132bf0944e1dfe12bd,2026-08-21T02:29:31.506808+00:00,PASS,STALE,0.1.0
L4-003,2023-07-21,2.23,percent,FRED,T5YIE,docs/phase2-ingestion/data/macro/raw/fred/T5YIE-20260821T022309Z.json,ef580e8a42052f19acbf9160806aac8a226a0db96fae0f132bf0944e1dfe12bd,2026-08-21T02:29:31.506808+00:00,PASS,STALE,0.1.0
L4-003,2023-07-24,2.28,percent,FRED,T5YIE,docs/phase2-ingestion/data/macro/raw/fred/T5YIE-20260821T022309Z.json,ef580e8a42052f19acbf9160806aac8a226a0db96fae0f132bf0944e1dfe12bd,2026-08-21T02:29:31.506808+00:00,PASS,STALE,0.1.0
L4-003,2023-07-25,2.26,percent,FRED,T5YIE,docs/phase2-ingestion/data/macro/raw/fred/T5YIE-20260821T022309Z.json,ef580e8a42052f19acbf9160806aac8a226a0db96fae0f132bf0944e1dfe12bd,2026-08-21T02:29:31.506808+00:00,PASS,STALE,0.1.0
L4-003,2023-07-26,2.24,percent,FRED,T5YIE,docs/phase2-ingestion/data/macro/raw/fred/T5YIE-20260821T022309Z.json,ef580e8a42052f19acbf9160806aac8a226a0db96fae0f132bf0944e1dfe12bd,2026-08-21T02:29:31.506808+00:00,PASS,STALE,0.1.0
L4-003,2023-07-27,2.27,percent,FRED,T5YIE,docs/phase2-ingestion/data/macro/raw/fred/T5YIE-20260821T022309Z.json,ef580e8a42052f19acbf9160806aac8a226a0db96fae0f132bf0944e1dfe12bd,2026-08-21T02:29:31.506808+00:00,PASS,STALE,0.1.0
L4-003,2023-07-28,2.28,percent,FRED,T5YIE,docs/phase2-ingestion/data/macro/raw/fred/T5YIE-20260821T022309Z.json,ef580e8a42052f19acbf9160806aac8a226a0db96fae0f132bf0944e1dfe12bd,2026-08-21T02:29:31.506808+00:00,PASS,STALE,0.1.0
L4-003,2023-07-31,2.27,percent,FRED,T5YIE,docs/phase2-ingestion/data/macro/raw/fred/T5YIE-20260821T022309Z.json,ef580e8a42052f19acbf9160806aac8a226a0db96fae0f132bf0944e1dfe12bd,2026-08-21T02:29:31.506808+00:00,PASS,STALE,0.1.0
L4-003,2023-08-01,2.26,percent,FRED,T5YIE,docs/phase2-ingestion/data/macro/raw/fred/T5YIE-20260821T022309Z.json,ef580e8a42052f19acbf9160806aac8a226a0db96fae0f132bf0944e1dfe12bd,2026-08-21T02:29:31.506808+00:00,PASS,STALE,0.1.0
L4-003,2023-08-02,2.25,percent,FRED,T5YIE,docs/phase2-ingestion/data/macro/raw/fred/T5YIE-20260821T022309Z.json,ef580e8a42052f19acbf9160806aac8a226a0db96fae0f132bf0944e1dfe12bd,2026-08-21T02:29:31.506808+00:00,PASS,STALE,0.1.0
L4-003,2023-08-03,2.24,percent,FRED,T5YIE,docs/phase2-ingestion/data/macro/raw/fred/T5YIE-20260821T022309Z.json,ef580e8a42052f19acbf9160806aac8a226a0db96fae0f132bf0944e1dfe12bd,2026-08-21T02:29:31.506808+00:00,PASS,STALE,0.1.0
L4-003,2023-08-04,2.26,percent,FRED,T5YIE,docs/phase2-ingestion/data/macro/raw/fred/T5YIE-20260821T022309Z.json,ef580e8a42052f19acbf9160806aac8a226a0db96fae0f132bf0944e1dfe12bd,2026-08-21T02:29:31.506808+00:00,PASS,STALE,0.1.0
L4-003,2023-08-07,2.29,percent,FRED,T5YIE,docs/phase2-ingestion/data/macro/raw/fred/T5YIE-20260821T022309Z.json,ef580e8a42052f19acbf9160806aac8a226a0db96fae0f132bf0944e1dfe12bd,2026-08-21T02:29:31.506808+00:00,PASS,STALE,0.1.0
L4-003,2023-08-08,2.24,percent,FRED,T5YIE,docs/phase2-ingestion/data/macro/raw/fred/T5YIE-20260821T022309Z.json,ef580e8a42052f19acbf9160806aac8a226a0db96fae0f132bf0944e1dfe12bd,2026-08-21T02:29:31.506808+00:00,PASS,STALE,0.1.0
L4-003,2023-08-09,2.23,percent,FRED,T5YIE,docs/phase2-ingestion/data/macro/raw/fred/T5YIE-20260821T022309Z.json,ef580e8a42052f19acbf9160806aac8a226a0db96fae0f132bf0944e1dfe12bd,2026-08-21T02:29:31.506808+00:00,PASS,STALE,0.1.0
L4-003,2023-08-10,2.25,percent,FRED,T5YIE,docs/phase2-ingestion/data/macro/raw/fred/T5YIE-20260821T022309Z.json,ef580e8a42052f19acbf9160806aac8a226a0db96fae0f132bf0944e1dfe12bd,2026-08-21T02:29:31.506808+00:00,PASS,STALE,0.1.0
L4-003,2023-08-11,2.3,percent,FRED,T5YIE,docs/phase2-ingestion/data/macro/raw/fred/T5YIE-20260821T022309Z.json,ef580e8a42052f19acbf9160806aac8a226a0db96fae0f132bf0944e1dfe12bd,2026-08-21T02:29:31.506808+00:00,PASS,STALE,0.1.0
L4-003,2023-08-14,2.29,percent,FRED,T5YIE,docs/phase2-ingestion/data/macro/raw/fred/T5YIE-20260821T022309Z.json,ef580e8a42052f19acbf9160806aac8a226a0db96fae0f132bf0944e1dfe12bd,2026-08-21T02:29:31.506808+00:00,PASS,STALE,0.1.0
L4-003,2023-08-15,2.24,percent,FRED,T5YIE,docs/phase2-ingestion/data/macro/raw/fred/T5YIE-20260821T022309Z.json,ef580e8a42052f19acbf9160806aac8a226a0db96fae0f132bf0944e1dfe12bd,2026-08-21T02:29:31.506808+00:00,PASS,STALE,0.1.0
L4-003,2023-08-16,2.23,percent,FRED,T5YIE,docs/phase2-ingestion/data/macro/raw/fred/T5YIE-20260821T022309Z.json,ef580e8a42052f19acbf9160806aac8a226a0db96fae0f132bf0944e1dfe12bd,2026-08-21T02:29:31.506808+00:00,PASS,STALE,0.1.0
L4-003,2023-08-17,2.24,percent,FRED,T5YIE,docs/phase2-ingestion/data/macro/raw/fred/T5YIE-20260821T022309Z.json,ef580e8a42052f19acbf9160806aac8a226a0db96fae0f132bf0944e1dfe12bd,2026-08-21T02:29:31.506808+00:00,PASS,STALE,0.1.0
L4-003,2023-08-18,2.22,percent,FRED,T5YIE,docs/phase2-ingestion/data/macro/raw/fred/T5YIE-20260821T022309Z.json,ef580e8a42052f19acbf9160806aac8a226a0db96fae0f132bf0944e1dfe12bd,2026-08-21T02:29:31.506808+00:00,PASS,STALE,0.1.0
L4-003,2023-08-21,2.25,percent,FRED,T5YIE,docs/phase2-ingestion/data/macro/raw/fred/T5YIE-20260821T022309Z.json,ef580e8a42052f19acbf9160806aac8a226a0db96fae0f132bf0944e1dfe12bd,2026-08-21T02:29:31.506808+00:00,PASS,STALE,0.1.0
L4-003,2023-08-22,2.27,percent,FRED,T5YIE,docs/phase2-ingestion/data/macro/raw/fred/T5YIE-20260821T022309Z.json,ef580e8a42052f19acbf9160806aac8a226a0db96fae0f132bf0944e1dfe12bd,2026-08-21T02:29:31.506808+00:00,PASS,STALE,0.1.0
L4-003,2023-08-23,2.26,percent,FRED,T5YIE,docs/phase2-ingestion/data/macro/raw/fred/T5YIE-20260821T022309Z.json,ef580e8a42052f19acbf9160806aac8a226a0db96fae0f132bf0944e1dfe12bd,2026-08-21T02:29:31.506808+00:00,PASS,STALE,0.1.0
L4-003,2023-08-24,2.24,percent,FRED,T5YIE,docs/phase2-ingestion/data/macro/raw/fred/T5YIE-20260821T022309Z.json,ef580e8a42052f19acbf9160806aac8a226a0db96fae0f132bf0944e1dfe12bd,2026-08-21T02:29:31.506808+00:00,PASS,STALE,0.1.0
L4-003,2023-08-25,2.25,percent,FRED,T5YIE,docs/phase2-ingestion/data/macro/raw/fred/T5YIE-20260821T022309Z.json,ef580e8a42052f19acbf9160806aac8a226a0db96fae0f132bf0944e1dfe12bd,2026-08-21T02:29:31.506808+00:00,PASS,STALE,0.1.0
L4-003,2023-08-28,2.21,percent,FRED,T5YIE,docs/phase2-ingestion/data/macro/raw/fred/T5YIE-20260821T022309Z.json,ef580e8a42052f19acbf9160806aac8a226a0db96fae0f132bf0944e1dfe12bd,2026-08-21T02:29:31.506808+00:00,PASS,STALE,0.1.0
L4-003,2023-08-29,2.18,percent,FRED,T5YIE,docs/phase2-ingestion/data/macro/raw/fred/T5YIE-20260821T022309Z.json,ef580e8a42052f19acbf9160806aac8a226a0db96fae0f132bf0944e1dfe12bd,2026-08-21T02:29:31.506808+00:00,PASS,STALE,0.1.0
L4-003,2023-08-30,2.16,percent,FRED,T5YIE,docs/phase2-ingestion/data/macro/raw/fred/T5YIE-20260821T022309Z.json,ef580e8a42052f19acbf9160806aac8a226a0db96fae0f132bf0944e1dfe12bd,2026-08-21T02:29:31.506808+00:00,PASS,STALE,0.1.0
L4-003,2023-08-31,2.15,percent,FRED,T5YIE,docs/phase2-ingestion/data/macro/raw/fred/T5YIE-20260821T022309Z.json,ef580e8a42052f19acbf9160806aac8a226a0db96fae0f132bf0944e1dfe12bd,2026-08-21T02:29:31.506808+00:00,PASS,STALE,0.1.0
L4-003,2023-09-01,2.17,percent,FRED,T5YIE,docs/phase2-ingestion/data/macro/raw/fred/T5YIE-20260821T022309Z.json,ef580e8a42052f19acbf9160806aac8a226a0db96fae0f132bf0944e1dfe12bd,2026-08-21T02:29:31.506808+00:00,PASS,STALE,0.1.0
L4-003,2023-09-05,2.21,percent,FRED,T5YIE,docs/phase2-ingestion/data/macro/raw/fred/T5YIE-20260821T022309Z.json,ef580e8a42052f19acbf9160806aac8a226a0db96fae0f132bf0944e1dfe12bd,2026-08-21T02:29:31.506808+00:00,PASS,STALE,0.1.0
L4-003,2023-09-06,2.23,percent,FRED,T5YIE,docs/phase2-ingestion/data/macro/raw/fred/T5YIE-20260821T022309Z.json,ef580e8a42052f19acbf9160806aac8a226a0db96fae0f132bf0944e1dfe12bd,2026-08-21T02:29:31.506808+00:00,PASS,STALE,0.1.0
L4-003,2023-09-07,2.24,percent,FRED,T5YIE,docs/phase2-ingestion/data/macro/raw/fred/T5YIE-20260821T022309Z.json,ef580e8a42052f19acbf9160806aac8a226a0db96fae0f132bf0944e1dfe12bd,2026-08-21T02:29:31.506808+00:00,PASS,STALE,0.1.0
L4-003,2023-09-08,2.26,percent,FRED,T5YIE,docs/phase2-ingestion/data/macro/raw/fred/T5YIE-20260821T022309Z.json,ef580e8a42052f19acbf9160806aac8a226a0db96fae0f132bf0944e1dfe12bd,2026-08-21T02:29:31.506808+00:00,PASS,STALE,0.1.0
L4-003,2023-09-11,2.26,percent,FRED,T5YIE,docs/phase2-ingestion/data/macro/raw/fred/T5YIE-20260821T022309Z.json,ef580e8a42052f19acbf9160806aac8a226a0db96fae0f132bf0944e1dfe12bd,2026-08-21T02:29:31.506808+00:00,PASS,STALE,0.1.0
L4-003,2023-09-12,2.27,percent,FRED,T5YIE,docs/phase2-ingestion/data/macro/raw/fred/T5YIE-20260821T022309Z.json,ef580e8a42052f19acbf9160806aac8a226a0db96fae0f132bf0944e1dfe12bd,2026-08-21T02:29:31.506808+00:00,PASS,STALE,0.1.0
L4-003,2023-09-13,2.28,percent,FRED,T5YIE,docs/phase2-ingestion/data/macro/raw/fred/T5YIE-20260821T022309Z.json,ef580e8a42052f19acbf9160806aac8a226a0db96fae0f132bf0944e1dfe12bd,2026-08-21T02:29:31.506808+00:00,PASS,STALE,0.1.0
L4-003,2023-09-14,2.27,percent,FRED,T5YIE,docs/phase2-ingestion/data/macro/raw/fred/T5YIE-20260821T022309Z.json,ef580e8a42052f19acbf9160806aac8a226a0db96fae0f132bf0944e1dfe12bd,2026-08-21T02:29:31.506808+00:00,PASS,STALE,0.1.0
L4-003,2023-09-15,2.27,percent,FRED,T5YIE,docs/phase2-ingestion/data/macro/raw/fred/T5YIE-20260821T022309Z.json,ef580e8a42052f19acbf9160806aac8a226a0db96fae0f132bf0944e1dfe12bd,2026-08-21T02:29:31.506808+00:00,PASS,STALE,0.1.0
L4-003,2023-09-18,2.29,percent,FRED,T5YIE,docs/phase2-ingestion/data/macro/raw/fred/T5YIE-20260821T022309Z.json,ef580e8a42052f19acbf9160806aac8a226a0db96fae0f132bf0944e1dfe12bd,2026-08-21T02:29:31.506808+00:00,PASS,STALE,0.1.0
L4-003,2023-09-19,2.3,percent,FRED,T5YIE,docs/phase2-ingestion/data/macro/raw/fred/T5YIE-20260821T022309Z.json,ef580e8a42052f19acbf9160806aac8a226a0db96fae0f132bf0944e1dfe12bd,2026-08-21T02:29:31.506808+00:00,PASS,STALE,0.1.0
L4-003,2023-09-20,2.27,percent,FRED,T5YIE,docs/phase2-ingestion/data/macro/raw/fred/T5YIE-20260821T022309Z.json,ef580e8a42052f19acbf9160806aac8a226a0db96fae0f132bf0944e1dfe12bd,2026-08-21T02:29:31.506808+00:00,PASS,STALE,0.1.0
L4-003,2023-09-21,2.29,percent,FRED,T5YIE,docs/phase2-ingestion/data/macro/raw/fred/T5YIE-20260821T022309Z.json,ef580e8a42052f19acbf9160806aac8a226a0db96fae0f132bf0944e1dfe12bd,2026-08-21T02:29:31.506808+00:00,PASS,STALE,0.1.0
L4-003,2023-09-22,2.29,percent,FRED,T5YIE,docs/phase2-ingestion/data/macro/raw/fred/T5YIE-20260821T022309Z.json,ef580e8a42052f19acbf9160806aac8a226a0db96fae0f132bf0944e1dfe12bd,2026-08-21T02:29:31.506808+00:00,PASS,STALE,0.1.0
L4-003,2023-09-25,2.25,percent,FRED,T5YIE,docs/phase2-ingestion/data/macro/raw/fred/T5YIE-20260821T022309Z.json,ef580e8a42052f19acbf9160806aac8a226a0db96fae0f132bf0944e1dfe12bd,2026-08-21T02:29:31.506808+00:00,PASS,STALE,0.1.0
L4-003,2023-09-26,2.2,percent,FRED,T5YIE,docs/phase2-ingestion/data/macro/raw/fred/T5YIE-20260821T022309Z.json,ef580e8a42052f19acbf9160806aac8a226a0db96fae0f132bf0944e1dfe12bd,2026-08-21T02:29:31.506808+00:00,PASS,STALE,0.1.0
L4-003,2023-09-27,2.23,percent,FRED,T5YIE,docs/phase2-ingestion/data/macro/raw/fred/T5YIE-20260821T022309Z.json,ef580e8a42052f19acbf9160806aac8a226a0db96fae0f132bf0944e1dfe12bd,2026-08-21T02:29:31.506808+00:00,PASS,STALE,0.1.0
L4-003,2023-09-28,2.27,percent,FRED,T5YIE,docs/phase2-ingestion/data/macro/raw/fred/T5YIE-20260821T022309Z.json,ef580e8a42052f19acbf9160806aac8a226a0db96fae0f132bf0944e1dfe12bd,2026-08-21T02:29:31.506808+00:00,PASS,STALE,0.1.0
L4-003,2023-09-29,2.22,percent,FRED,T5YIE,docs/phase2-ingestion/data/macro/raw/fred/T5YIE-20260821T022309Z.json,ef580e8a42052f19acbf9160806aac8a226a0db96fae0f132bf0944e1dfe12bd,2026-08-21T02:29:31.506808+00:00,PASS,STALE,0.1.0
L4-003,2023-10-02,2.23,percent,FRED,T5YIE,docs/phase2-ingestion/data/macro/raw/fred/T5YIE-20260821T022309Z.json,ef580e8a42052f19acbf9160806aac8a226a0db96fae0f132bf0944e1dfe12bd,2026-08-21T02:29:31.506808+00:00,PASS,STALE,0.1.0
L4-003,2023-10-03,2.21,percent,FRED,T5YIE,docs/phase2-ingestion/data/macro/raw/fred/T5YIE-20260821T022309Z.json,ef580e8a42052f19acbf9160806aac8a226a0db96fae0f132bf0944e1dfe12bd,2026-08-21T02:29:31.506808+00:00,PASS,STALE,0.1.0
L4-003,2023-10-04,2.18,percent,FRED,T5YIE,docs/phase2-ingestion/data/macro/raw/fred/T5YIE-20260821T022309Z.json,ef580e8a42052f19acbf9160806aac8a226a0db96fae0f132bf0944e1dfe12bd,2026-08-21T02:29:31.506808+00:00,PASS,STALE,0.1.0
L4-003,2023-10-05,2.14,percent,FRED,T5YIE,docs/phase2-ingestion/data/macro/raw/fred/T5YIE-20260821T022309Z.json,ef580e8a42052f19acbf9160806aac8a226a0db96fae0f132bf0944e1dfe12bd,2026-08-21T02:29:31.506808+00:00,PASS,STALE,0.1.0
L4-003,2023-10-06,2.17,percent,FRED,T5YIE,docs/phase2-ingestion/data/macro/raw/fred/T5YIE-20260821T022309Z.json,ef580e8a42052f19acbf9160806aac8a226a0db96fae0f132bf0944e1dfe12bd,2026-08-21T02:29:31.506808+00:00,PASS,STALE,0.1.0
L4-003,2023-10-10,2.18,percent,FRED,T5YIE,docs/phase2-ingestion/data/macro/raw/fred/T5YIE-20260821T022309Z.json,ef580e8a42052f19acbf9160806aac8a226a0db96fae0f132bf0944e1dfe12bd,2026-08-21T02:29:31.506808+00:00,PASS,STALE,0.1.0
L4-003,2023-10-11,2.2,percent,FRED,T5YIE,docs/phase2-ingestion/data/macro/raw/fred/T5YIE-20260821T022309Z.json,ef580e8a42052f19acbf9160806aac8a226a0db96fae0f132bf0944e1dfe12bd,2026-08-21T02:29:31.506808+00:00,PASS,STALE,0.1.0
L4-003,2023-10-12,2.23,percent,FRED,T5YIE,docs/phase2-ingestion/data/macro/raw/fred/T5YIE-20260821T022309Z.json,ef580e8a42052f19acbf9160806aac8a226a0db96fae0f132bf0944e1dfe12bd,2026-08-21T02:29:31.506808+00:00,PASS,STALE,0.1.0
L4-003,2023-10-13,2.26,percent,FRED,T5YIE,docs/phase2-ingestion/data/macro/raw/fred/T5YIE-20260821T022309Z.json,ef580e8a42052f19acbf9160806aac8a226a0db96fae0f132bf0944e1dfe12bd,2026-08-21T02:29:31.506808+00:00,PASS,STALE,0.1.0
L4-003,2023-10-16,2.3,percent,FRED,T5YIE,docs/phase2-ingestion/data/macro/raw/fred/T5YIE-20260821T022309Z.json,ef580e8a42052f19acbf9160806aac8a226a0db96fae0f132bf0944e1dfe12bd,2026-08-21T02:29:31.506808+00:00,PASS,STALE,0.1.0
L4-003,2023-10-17,2.32,percent,FRED,T5YIE,docs/phase2-ingestion/data/macro/raw/fred/T5YIE-20260821T022309Z.json,ef580e8a42052f19acbf9160806aac8a226a0db96fae0f132bf0944e1dfe12bd,2026-08-21T02:29:31.506808+00:00,PASS,STALE,0.1.0
L4-003,2023-10-18,2.35,percent,FRED,T5YIE,docs/phase2-ingestion/data/macro/raw/fred/T5YIE-20260821T022309Z.json,ef580e8a42052f19acbf9160806aac8a226a0db96fae0f132bf0944e1dfe12bd,2026-08-21T02:29:31.506808+00:00,PASS,STALE,0.1.0
L4-003,2023-10-19,2.52,percent,FRED,T5YIE,docs/phase2-ingestion/data/macro/raw/fred/T5YIE-20260821T022309Z.json,ef580e8a42052f19acbf9160806aac8a226a0db96fae0f132bf0944e1dfe12bd,2026-08-21T02:29:31.506808+00:00,PASS,STALE,0.1.0
L4-003,2023-10-20,2.47,percent,FRED,T5YIE,docs/phase2-ingestion/data/macro/raw/fred/T5YIE-20260821T022309Z.json,ef580e8a42052f19acbf9160806aac8a226a0db96fae0f132bf0944e1dfe12bd,2026-08-21T02:29:31.506808+00:00,PASS,STALE,0.1.0
L4-003,2023-10-23,2.41,percent,FRED,T5YIE,docs/phase2-ingestion/data/macro/raw/fred/T5YIE-20260821T022309Z.json,ef580e8a42052f19acbf9160806aac8a226a0db96fae0f132bf0944e1dfe12bd,2026-08-21T02:29:31.506808+00:00,PASS,STALE,0.1.0
L4-003,2023-10-24,2.38,percent,FRED,T5YIE,docs/phase2-ingestion/data/macro/raw/fred/T5YIE-20260821T022309Z.json,ef580e8a42052f19acbf9160806aac8a226a0db96fae0f132bf0944e1dfe12bd,2026-08-21T02:29:31.506808+00:00,PASS,STALE,0.1.0
L4-003,2023-10-25,2.4,percent,FRED,T5YIE,docs/phase2-ingestion/data/macro/raw/fred/T5YIE-20260821T022309Z.json,ef580e8a42052f19acbf9160806aac8a226a0db96fae0f132bf0944e1dfe12bd,2026-08-21T02:29:31.506808+00:00,PASS,STALE,0.1.0
L4-003,2023-10-26,2.37,percent,FRED,T5YIE,docs/phase2-ingestion/data/macro/raw/fred/T5YIE-20260821T022309Z.json,ef580e8a42052f19acbf9160806aac8a226a0db96fae0f132bf0944e1dfe12bd,2026-08-21T02:29:31.506808+00:00,PASS,STALE,0.1.0
L4-003,2023-10-27,2.39,percent,FRED,T5YIE,docs/phase2-ingestion/data/macro/raw/fred/T5YIE-20260821T022309Z.json,ef580e8a42052f19acbf9160806aac8a226a0db96fae0f132bf0944e1dfe12bd,2026-08-21T02:29:31.506808+00:00,PASS,STALE,0.1.0
L4-003,2023-10-30,2.4,percent,FRED,T5YIE,docs/phase2-ingestion/data/macro/raw/fred/T5YIE-20260821T022309Z.json,ef580e8a42052f19acbf9160806aac8a226a0db96fae0f132bf0944e1dfe12bd,2026-08-21T02:29:31.506808+00:00,PASS,STALE,0.1.0
L4-003,2023-10-31,2.4,percent,FRED,T5YIE,docs/phase2-ingestion/data/macro/raw/fred/T5YIE-20260821T022309Z.json,ef580e8a42052f19acbf9160806aac8a226a0db96fae0f132bf0944e1dfe12bd,2026-08-21T02:29:31.506808+00:00,PASS,STALE,0.1.0
L4-003,2023-11-01,2.36,percent,FRED,T5YIE,docs/phase2-ingestion/data/macro/raw/fred/T5YIE-20260821T022309Z.json,ef580e8a42052f19acbf9160806aac8a226a0db96fae0f132bf0944e1dfe12bd,2026-08-21T02:29:31.506808+00:00,PASS,STALE,0.1.0
L4-003,2023-11-02,2.35,percent,FRED,T5YIE,docs/phase2-ingestion/data/macro/raw/fred/T5YIE-20260821T022309Z.json,ef580e8a42052f19acbf9160806aac8a226a0db96fae0f132bf0944e1dfe12bd,2026-08-21T02:29:31.506808+00:00,PASS,STALE,0.1.0
L4-003,2023-11-03,2.32,percent,FRED,T5YIE,docs/phase2-ingestion/data/macro/raw/fred/T5YIE-20260821T022309Z.json,ef580e8a42052f19acbf9160806aac8a226a0db96fae0f132bf0944e1dfe12bd,2026-08-21T02:29:31.506808+00:00,PASS,STALE,0.1.0
L4-003,2023-11-06,2.35,percent,FRED,T5YIE,docs/phase2-ingestion/data/macro/raw/fred/T5YIE-20260821T022309Z.json,ef580e8a42052f19acbf9160806aac8a226a0db96fae0f132bf0944e1dfe12bd,2026-08-21T02:29:31.506808+00:00,PASS,STALE,0.1.0
L4-003,2023-11-07,2.32,percent,FRED,T5YIE,docs/phase2-ingestion/data/macro/raw/fred/T5YIE-20260821T022309Z.json,ef580e8a42052f19acbf9160806aac8a226a0db96fae0f132bf0944e1dfe12bd,2026-08-21T02:29:31.506808+00:00,PASS,STALE,0.1.0
L4-003,2023-11-08,2.29,percent,FRED,T5YIE,docs/phase2-ingestion/data/macro/raw/fred/T5YIE-20260821T022309Z.json,ef580e8a42052f19acbf9160806aac8a226a0db96fae0f132bf0944e1dfe12bd,2026-08-21T02:29:31.506808+00:00,PASS,STALE,0.1.0
L4-003,2023-11-09,2.3,percent,FRED,T5YIE,docs/phase2-ingestion/data/macro/raw/fred/T5YIE-20260821T022309Z.json,ef580e8a42052f19acbf9160806aac8a226a0db96fae0f132bf0944e1dfe12bd,2026-08-21T02:29:31.506808+00:00,PASS,STALE,0.1.0
L4-003,2023-11-10,2.28,percent,FRED,T5YIE,docs/phase2-ingestion/data/macro/raw/fred/T5YIE-20260821T022309Z.json,ef580e8a42052f19acbf9160806aac8a226a0db96fae0f132bf0944e1dfe12bd,2026-08-21T02:29:31.506808+00:00,PASS,STALE,0.1.0
L4-003,2023-11-13,2.29,percent,FRED,T5YIE,docs/phase2-ingestion/data/macro/raw/fred/T5YIE-20260821T022309Z.json,ef580e8a42052f19acbf9160806aac8a226a0db96fae0f132bf0944e1dfe12bd,2026-08-21T02:29:31.506808+00:00,PASS,STALE,0.1.0
L4-003,2023-11-14,2.23,percent,FRED,T5YIE,docs/phase2-ingestion/data/macro/raw/fred/T5YIE-20260821T022309Z.json,ef580e8a42052f19acbf9160806aac8a226a0db96fae0f132bf0944e1dfe12bd,2026-08-21T02:29:31.506808+00:00,PASS,STALE,0.1.0
L4-003,2023-11-15,2.24,percent,FRED,T5YIE,docs/phase2-ingestion/data/macro/raw/fred/T5YIE-20260821T022309Z.json,ef580e8a42052f19acbf9160806aac8a226a0db96fae0f132bf0944e1dfe12bd,2026-08-21T02:29:31.506808+00:00,PASS,STALE,0.1.0
L4-003,2023-11-16,2.2,percent,FRED,T5YIE,docs/phase2-ingestion/data/macro/raw/fred/T5YIE-20260821T022309Z.json,ef580e8a42052f19acbf9160806aac8a226a0db96fae0f132bf0944e1dfe12bd,2026-08-21T02:29:31.506808+00:00,PASS,STALE,0.1.0
L4-003,2023-11-17,2.23,percent,FRED,T5YIE,docs/phase2-ingestion/data/macro/raw/fred/T5YIE-20260821T022309Z.json,ef580e8a42052f19acbf9160806aac8a226a0db96fae0f132bf0944e1dfe12bd,2026-08-21T02:29:31.506808+00:00,PASS,STALE,0.1.0
L4-003,2023-11-20,2.26,percent,FRED,T5YIE,docs/phase2-ingestion/data/macro/raw/fred/T5YIE-20260821T022309Z.json,ef580e8a42052f19acbf9160806aac8a226a0db96fae0f132bf0944e1dfe12bd,2026-08-21T02:29:31.506808+00:00,PASS,STALE,0.1.0
L4-003,2023-11-21,2.19,percent,FRED,T5YIE,docs/phase2-ingestion/data/macro/raw/fred/T5YIE-20260821T022309Z.json,ef580e8a42052f19acbf9160806aac8a226a0db96fae0f132bf0944e1dfe12bd,2026-08-21T02:29:31.506808+00:00,PASS,STALE,0.1.0
L4-003,2023-11-22,2.21,percent,FRED,T5YIE,docs/phase2-ingestion/data/macro/raw/fred/T5YIE-20260821T022309Z.json,ef580e8a42052f19acbf9160806aac8a226a0db96fae0f132bf0944e1dfe12bd,2026-08-21T02:29:31.506808+00:00,PASS,STALE,0.1.0
L4-003,2023-11-24,2.21,percent,FRED,T5YIE,docs/phase2-ingestion/data/macro/raw/fred/T5YIE-20260821T022309Z.json,ef580e8a42052f19acbf9160806aac8a226a0db96fae0f132bf0944e1dfe12bd,2026-08-21T02:29:31.506808+00:00,PASS,STALE,0.1.0
L4-003,2023-11-27,2.12,percent,FRED,T5YIE,docs/phase2-ingestion/data/macro/raw/fred/T5YIE-20260821T022309Z.json,ef580e8a42052f19acbf9160806aac8a226a0db96fae0f132bf0944e1dfe12bd,2026-08-21T02:29:31.506808+00:00,PASS,STALE,0.1.0
L4-003,2023-11-28,2.15,percent,FRED,T5YIE,docs/phase2-ingestion/data/macro/raw/fred/T5YIE-20260821T022309Z.json,ef580e8a42052f19acbf9160806aac8a226a0db96fae0f132bf0944e1dfe12bd,2026-08-21T02:29:31.506808+00:00,PASS,STALE,0.1.0
L4-003,2023-11-29,2.14,percent,FRED,T5YIE,docs/phase2-ingestion/data/macro/raw/fred/T5YIE-20260821T022309Z.json,ef580e8a42052f19acbf9160806aac8a226a0db96fae0f132bf0944e1dfe12bd,2026-08-21T02:29:31.506808+00:00,PASS,STALE,0.1.0
L4-003,2023-11-30,2.15,percent,FRED,T5YIE,docs/phase2-ingestion/data/macro/raw/fred/T5YIE-20260821T022309Z.json,ef580e8a42052f19acbf9160806aac8a226a0db96fae0f132bf0944e1dfe12bd,2026-08-21T02:29:31.506808+00:00,PASS,STALE,0.1.0
L4-003,2023-12-01,2.12,percent,FRED,T5YIE,docs/phase2-ingestion/data/macro/raw/fred/T5YIE-20260821T022309Z.json,ef580e8a42052f19acbf9160806aac8a226a0db96fae0f132bf0944e1dfe12bd,2026-08-21T02:29:31.506808+00:00,PASS,STALE,0.1.0
L4-003,2023-12-04,2.13,percent,FRED,T5YIE,docs/phase2-ingestion/data/macro/raw/fred/T5YIE-20260821T022309Z.json,ef580e8a42052f19acbf9160806aac8a226a0db96fae0f132bf0944e1dfe12bd,2026-08-21T02:29:31.506808+00:00,PASS,STALE,0.1.0
L4-003,2023-12-05,2.09,percent,FRED,T5YIE,docs/phase2-ingestion/data/macro/raw/fred/T5YIE-20260821T022309Z.json,ef580e8a42052f19acbf9160806aac8a226a0db96fae0f132bf0944e1dfe12bd,2026-08-21T02:29:31.506808+00:00,PASS,STALE,0.1.0
L4-003,2023-12-06,2.05,percent,FRED,T5YIE,docs/phase2-ingestion/data/macro/raw/fred/T5YIE-20260821T022309Z.json,ef580e8a42052f19acbf9160806aac8a226a0db96fae0f132bf0944e1dfe12bd,2026-08-21T02:29:31.506808+00:00,PASS,STALE,0.1.0
L4-003,2023-12-07,2.06,percent,FRED,T5YIE,docs/phase2-ingestion/data/macro/raw/fred/T5YIE-20260821T022309Z.json,ef580e8a42052f19acbf9160806aac8a226a0db96fae0f132bf0944e1dfe12bd,2026-08-21T02:29:31.506808+00:00,PASS,STALE,0.1.0
L4-003,2023-12-08,2.11,percent,FRED,T5YIE,docs/phase2-ingestion/data/macro/raw/fred/T5YIE-20260821T022309Z.json,ef580e8a42052f19acbf9160806aac8a226a0db96fae0f132bf0944e1dfe12bd,2026-08-21T02:29:31.506808+00:00,PASS,STALE,0.1.0
L4-003,2023-12-11,2.11,percent,FRED,T5YIE,docs/phase2-ingestion/data/macro/raw/fred/T5YIE-20260821T022309Z.json,ef580e8a42052f19acbf9160806aac8a226a0db96fae0f132bf0944e1dfe12bd,2026-08-21T02:29:31.506808+00:00,PASS,STALE,0.1.0
L4-003,2023-12-12,2.08,percent,FRED,T5YIE,docs/phase2-ingestion/data/macro/raw/fred/T5YIE-20260821T022309Z.json,ef580e8a42052f19acbf9160806aac8a226a0db96fae0f132bf0944e1dfe12bd,2026-08-21T02:29:31.506808+00:00,PASS,STALE,0.1.0
L4-003,2023-12-13,2.08,percent,FRED,T5YIE,docs/phase2-ingestion/data/macro/raw/fred/T5YIE-20260821T022309Z.json,ef580e8a42052f19acbf9160806aac8a226a0db96fae0f132bf0944e1dfe12bd,2026-08-21T02:29:31.506808+00:00,PASS,STALE,0.1.0
L4-003,2023-12-14,2.18,percent,FRED,T5YIE,docs/phase2-ingestion/data/macro/raw/fred/T5YIE-20260821T022309Z.json,ef580e8a42052f19acbf9160806aac8a226a0db96fae0f132bf0944e1dfe12bd,2026-08-21T02:29:31.506808+00:00,PASS,STALE,0.1.0
L4-003,2023-12-15,2.17,percent,FRED,T5YIE,docs/phase2-ingestion/data/macro/raw/fred/T5YIE-20260821T022309Z.json,ef580e8a42052f19acbf9160806aac8a226a0db96fae0f132bf0944e1dfe12bd,2026-08-21T02:29:31.506808+00:00,PASS,STALE,0.1.0
L4-003,2023-12-18,2.18,percent,FRED,T5YIE,docs/phase2-ingestion/data/macro/raw/fred/T5YIE-20260821T022309Z.json,ef580e8a42052f19acbf9160806aac8a226a0db96fae0f132bf0944e1dfe12bd,2026-08-21T02:29:31.506808+00:00,PASS,STALE,0.1.0
L4-003,2023-12-19,2.17,percent,FRED,T5YIE,docs/phase2-ingestion/data/macro/raw/fred/T5YIE-20260821T022309Z.json,ef580e8a42052f19acbf9160806aac8a226a0db96fae0f132bf0944e1dfe12bd,2026-08-21T02:29:31.506808+00:00,PASS,STALE,0.1.0
L4-003,2023-12-20,2.16,percent,FRED,T5YIE,docs/phase2-ingestion/data/macro/raw/fred/T5YIE-20260821T022309Z.json,ef580e8a42052f19acbf9160806aac8a226a0db96fae0f132bf0944e1dfe12bd,2026-08-21T02:29:31.506808+00:00,PASS,STALE,0.1.0
L4-003,2023-12-21,2.18,percent,FRED,T5YIE,docs/phase2-ingestion/data/macro/raw/fred/T5YIE-20260821T022309Z.json,ef580e8a42052f19acbf9160806aac8a226a0db96fae0f132bf0944e1dfe12bd,2026-08-21T02:29:31.506808+00:00,PASS,STALE,0.1.0
L4-003,2023-12-22,2.16,percent,FRED,T5YIE,docs/phase2-ingestion/data/macro/raw/fred/T5YIE-20260821T022309Z.json,ef580e8a42052f19acbf9160806aac8a226a0db96fae0f132bf0944e1dfe12bd,2026-08-21T02:29:31.506808+00:00,PASS,STALE,0.1.0
L4-003,2023-12-26,2.17,percent,FRED,T5YIE,docs/phase2-ingestion/data/macro/raw/fred/T5YIE-20260821T022309Z.json,ef580e8a42052f19acbf9160806aac8a226a0db96fae0f132bf0944e1dfe12bd,2026-08-21T02:29:31.506808+00:00,PASS,STALE,0.1.0
L4-003,2023-12-27,2.12,percent,FRED,T5YIE,docs/phase2-ingestion/data/macro/raw/fred/T5YIE-20260821T022309Z.json,ef580e8a42052f19acbf9160806aac8a226a0db96fae0f132bf0944e1dfe12bd,2026-08-21T02:29:31.506808+00:00,PASS,STALE,0.1.0
L4-003,2023-12-28,2.11,percent,FRED,T5YIE,docs/phase2-ingestion/data/macro/raw/fred/T5YIE-20260821T022309Z.json,ef580e8a42052f19acbf9160806aac8a226a0db96fae0f132bf0944e1dfe12bd,2026-08-21T02:29:31.506808+00:00,PASS,STALE,0.1.0
L4-003,2023-12-29,2.12,percent,FRED,T5YIE,docs/phase2-ingestion/data/macro/raw/fred/T5YIE-20260821T022309Z.json,ef580e8a42052f19acbf9160806aac8a226a0db96fae0f132bf0944e1dfe12bd,2026-08-21T02:29:31.506808+00:00,PASS,STALE,0.1.0
L4-003,2024-01-02,2.17,percent,FRED,T5YIE,docs/phase2-ingestion/data/macro/raw/fred/T5YIE-20260821T022309Z.json,ef580e8a42052f19acbf9160806aac8a226a0db96fae0f132bf0944e1dfe12bd,2026-08-21T02:29:31.506808+00:00,PASS,STALE,0.1.0
L4-003,2024-01-03,2.17,percent,FRED,T5YIE,docs/phase2-ingestion/data/macro/raw/fred/T5YIE-20260821T022309Z.json,ef580e8a42052f19acbf9160806aac8a226a0db96fae0f132bf0944e1dfe12bd,2026-08-21T02:29:31.506808+00:00,PASS,STALE,0.1.0
L4-003,2024-01-04,2.18,percent,FRED,T5YIE,docs/phase2-ingestion/data/macro/raw/fred/T5YIE-20260821T022309Z.json,ef580e8a42052f19acbf9160806aac8a226a0db96fae0f132bf0944e1dfe12bd,2026-08-21T02:29:31.506808+00:00,PASS,STALE,0.1.0
L4-003,2024-01-05,2.19,percent,FRED,T5YIE,docs/phase2-ingestion/data/macro/raw/fred/T5YIE-20260821T022309Z.json,ef580e8a42052f19acbf9160806aac8a226a0db96fae0f132bf0944e1dfe12bd,2026-08-21T02:29:31.506808+00:00,PASS,STALE,0.1.0
L4-003,2024-01-08,2.19,percent,FRED,T5YIE,docs/phase2-ingestion/data/macro/raw/fred/T5YIE-20260821T022309Z.json,ef580e8a42052f19acbf9160806aac8a226a0db96fae0f132bf0944e1dfe12bd,2026-08-21T02:29:31.506808+00:00,PASS,STALE,0.1.0
L4-003,2024-01-09,2.17,percent,FRED,T5YIE,docs/phase2-ingestion/data/macro/raw/fred/T5YIE-20260821T022309Z.json,ef580e8a42052f19acbf9160806aac8a226a0db96fae0f132bf0944e1dfe12bd,2026-08-21T02:29:31.506808+00:00,PASS,STALE,0.1.0
L4-003,2024-01-10,2.18,percent,FRED,T5YIE,docs/phase2-ingestion/data/macro/raw/fred/T5YIE-20260821T022309Z.json,ef580e8a42052f19acbf9160806aac8a226a0db96fae0f132bf0944e1dfe12bd,2026-08-21T02:29:31.506808+00:00,PASS,STALE,0.1.0
L4-003,2024-01-11,2.18,percent,FRED,T5YIE,docs/phase2-ingestion/data/macro/raw/fred/T5YIE-20260821T022309Z.json,ef580e8a42052f19acbf9160806aac8a226a0db96fae0f132bf0944e1dfe12bd,2026-08-21T02:29:31.506808+00:00,PASS,STALE,0.1.0
L4-003,2024-01-12,2.22,percent,FRED,T5YIE,docs/phase2-ingestion/data/macro/raw/fred/T5YIE-20260821T022309Z.json,ef580e8a42052f19acbf9160806aac8a226a0db96fae0f132bf0944e1dfe12bd,2026-08-21T02:29:31.506808+00:00,PASS,STALE,0.1.0
L4-003,2024-01-16,2.24,percent,FRED,T5YIE,docs/phase2-ingestion/data/macro/raw/fred/T5YIE-20260821T022309Z.json,ef580e8a42052f19acbf9160806aac8a226a0db96fae0f132bf0944e1dfe12bd,2026-08-21T02:29:31.506808+00:00,PASS,STALE,0.1.0
L4-003,2024-01-17,2.24,percent,FRED,T5YIE,docs/phase2-ingestion/data/macro/raw/fred/T5YIE-20260821T022309Z.json,ef580e8a42052f19acbf9160806aac8a226a0db96fae0f132bf0944e1dfe12bd,2026-08-21T02:29:31.506808+00:00,PASS,STALE,0.1.0
L4-003,2024-01-18,2.28,percent,FRED,T5YIE,docs/phase2-ingestion/data/macro/raw/fred/T5YIE-20260821T022309Z.json,ef580e8a42052f19acbf9160806aac8a226a0db96fae0f132bf0944e1dfe12bd,2026-08-21T02:29:31.506808+00:00,PASS,STALE,0.1.0
L4-003,2024-01-19,2.3,percent,FRED,T5YIE,docs/phase2-ingestion/data/macro/raw/fred/T5YIE-20260821T022309Z.json,ef580e8a42052f19acbf9160806aac8a226a0db96fae0f132bf0944e1dfe12bd,2026-08-21T02:29:31.506808+00:00,PASS,STALE,0.1.0
L4-003,2024-01-22,2.27,percent,FRED,T5YIE,docs/phase2-ingestion/data/macro/raw/fred/T5YIE-20260821T022309Z.json,ef580e8a42052f19acbf9160806aac8a226a0db96fae0f132bf0944e1dfe12bd,2026-08-21T02:29:31.506808+00:00,PASS,STALE,0.1.0
L4-003,2024-01-23,2.26,percent,FRED,T5YIE,docs/phase2-ingestion/data/macro/raw/fred/T5YIE-20260821T022309Z.json,ef580e8a42052f19acbf9160806aac8a226a0db96fae0f132bf0944e1dfe12bd,2026-08-21T02:29:31.506808+00:00,PASS,STALE,0.1.0
L4-003,2024-01-24,2.23,percent,FRED,T5YIE,docs/phase2-ingestion/data/macro/raw/fred/T5YIE-20260821T022309Z.json,ef580e8a42052f19acbf9160806aac8a226a0db96fae0f132bf0944e1dfe12bd,2026-08-21T02:29:31.506808+00:00,PASS,STALE,0.1.0
L4-003,2024-01-25,2.24,percent,FRED,T5YIE,docs/phase2-ingestion/data/macro/raw/fred/T5YIE-20260821T022309Z.json,ef580e8a42052f19acbf9160806aac8a226a0db96fae0f132bf0944e1dfe12bd,2026-08-21T02:29:31.506808+00:00,PASS,STALE,0.1.0
L4-003,2024-01-26,2.26,percent,FRED,T5YIE,docs/phase2-ingestion/data/macro/raw/fred/T5YIE-20260821T022309Z.json,ef580e8a42052f19acbf9160806aac8a226a0db96fae0f132bf0944e1dfe12bd,2026-08-21T02:29:31.506808+00:00,PASS,STALE,0.1.0
L4-003,2024-01-29,2.26,percent,FRED,T5YIE,docs/phase2-ingestion/data/macro/raw/fred/T5YIE-20260821T022309Z.json,ef580e8a42052f19acbf9160806aac8a226a0db96fae0f132bf0944e1dfe12bd,2026-08-21T02:29:31.506808+00:00,PASS,STALE,0.1.0
L4-003,2024-01-30,2.25,percent,FRED,T5YIE,docs/phase2-ingestion/data/macro/raw/fred/T5YIE-20260821T022309Z.json,ef580e8a42052f19acbf9160806aac8a226a0db96fae0f132bf0944e1dfe12bd,2026-08-21T02:29:31.506808+00:00,PASS,STALE,0.1.0
L4-003,2024-01-31,2.24,percent,FRED,T5YIE,docs/phase2-ingestion/data/macro/raw/fred/T5YIE-20260821T022309Z.json,ef580e8a42052f19acbf9160806aac8a226a0db96fae0f132bf0944e1dfe12bd,2026-08-21T02:29:31.506808+00:00,PASS,STALE,0.1.0
L4-003,2024-02-01,2.17,percent,FRED,T5YIE,docs/phase2-ingestion/data/macro/raw/fred/T5YIE-20260821T022309Z.json,ef580e8a42052f19acbf9160806aac8a226a0db96fae0f132bf0944e1dfe12bd,2026-08-21T02:29:31.506808+00:00,PASS,STALE,0.1.0
L4-003,2024-02-02,2.19,percent,FRED,T5YIE,docs/phase2-ingestion/data/macro/raw/fred/T5YIE-20260821T022309Z.json,ef580e8a42052f19acbf9160806aac8a226a0db96fae0f132bf0944e1dfe12bd,2026-08-21T02:29:31.506808+00:00,PASS,STALE,0.1.0
L4-003,2024-02-05,2.26,percent,FRED,T5YIE,docs/phase2-ingestion/data/macro/raw/fred/T5YIE-20260821T022309Z.json,ef580e8a42052f19acbf9160806aac8a226a0db96fae0f132bf0944e1dfe12bd,2026-08-21T02:29:31.506808+00:00,PASS,STALE,0.1.0
L4-003,2024-02-06,2.24,percent,FRED,T5YIE,docs/phase2-ingestion/data/macro/raw/fred/T5YIE-20260821T022309Z.json,ef580e8a42052f19acbf9160806aac8a226a0db96fae0f132bf0944e1dfe12bd,2026-08-21T02:29:31.506808+00:00,PASS,STALE,0.1.0
L4-003,2024-02-07,2.26,percent,FRED,T5YIE,docs/phase2-ingestion/data/macro/raw/fred/T5YIE-20260821T022309Z.json,ef580e8a42052f19acbf9160806aac8a226a0db96fae0f132bf0944e1dfe12bd,2026-08-21T02:29:31.506808+00:00,PASS,STALE,0.1.0
L4-003,2024-02-08,2.28,percent,FRED,T5YIE,docs/phase2-ingestion/data/macro/raw/fred/T5YIE-20260821T022309Z.json,ef580e8a42052f19acbf9160806aac8a226a0db96fae0f132bf0944e1dfe12bd,2026-08-21T02:29:31.506808+00:00,PASS,STALE,0.1.0
L4-003,2024-02-09,2.28,percent,FRED,T5YIE,docs/phase2-ingestion/data/macro/raw/fred/T5YIE-20260821T022309Z.json,ef580e8a42052f19acbf9160806aac8a226a0db96fae0f132bf0944e1dfe12bd,2026-08-21T02:29:31.506808+00:00,PASS,STALE,0.1.0
L4-003,2024-02-12,2.27,percent,FRED,T5YIE,docs/phase2-ingestion/data/macro/raw/fred/T5YIE-20260821T022309Z.json,ef580e8a42052f19acbf9160806aac8a226a0db96fae0f132bf0944e1dfe12bd,2026-08-21T02:29:31.506808+00:00,PASS,STALE,0.1.0
L4-003,2024-02-13,2.33,percent,FRED,T5YIE,docs/phase2-ingestion/data/macro/raw/fred/T5YIE-20260821T022309Z.json,ef580e8a42052f19acbf9160806aac8a226a0db96fae0f132bf0944e1dfe12bd,2026-08-21T02:29:31.506808+00:00,PASS,STALE,0.1.0
L4-003,2024-02-14,2.34,percent,FRED,T5YIE,docs/phase2-ingestion/data/macro/raw/fred/T5YIE-20260821T022309Z.json,ef580e8a42052f19acbf9160806aac8a226a0db96fae0f132bf0944e1dfe12bd,2026-08-21T02:29:31.506808+00:00,PASS,STALE,0.1.0
L4-003,2024-02-15,2.35,percent,FRED,T5YIE,docs/phase2-ingestion/data/macro/raw/fred/T5YIE-20260821T022309Z.json,ef580e8a42052f19acbf9160806aac8a226a0db96fae0f132bf0944e1dfe12bd,2026-08-21T02:29:31.506808+00:00,PASS,STALE,0.1.0
L4-003,2024-02-16,2.38,percent,FRED,T5YIE,docs/phase2-ingestion/data/macro/raw/fred/T5YIE-20260821T022309Z.json,ef580e8a42052f19acbf9160806aac8a226a0db96fae0f132bf0944e1dfe12bd,2026-08-21T02:29:31.506808+00:00,PASS,STALE,0.1.0
L4-003,2024-02-20,2.37,percent,FRED,T5YIE,docs/phase2-ingestion/data/macro/raw/fred/T5YIE-20260821T022309Z.json,ef580e8a42052f19acbf9160806aac8a226a0db96fae0f132bf0944e1dfe12bd,2026-08-21T02:29:31.506808+00:00,PASS,STALE,0.1.0
L4-003,2024-02-21,2.39,percent,FRED,T5YIE,docs/phase2-ingestion/data/macro/raw/fred/T5YIE-20260821T022309Z.json,ef580e8a42052f19acbf9160806aac8a226a0db96fae0f132bf0944e1dfe12bd,2026-08-21T02:29:31.506808+00:00,PASS,STALE,0.1.0
L4-003,2024-02-22,2.37,percent,FRED,T5YIE,docs/phase2-ingestion/data/macro/raw/fred/T5YIE-20260821T022309Z.json,ef580e8a42052f19acbf9160806aac8a226a0db96fae0f132bf0944e1dfe12bd,2026-08-21T02:29:31.506808+00:00,PASS,STALE,0.1.0
L4-003,2024-02-23,2.34,percent,FRED,T5YIE,docs/phase2-ingestion/data/macro/raw/fred/T5YIE-20260821T022309Z.json,ef580e8a42052f19acbf9160806aac8a226a0db96fae0f132bf0944e1dfe12bd,2026-08-21T02:29:31.506808+00:00,PASS,STALE,0.1.0
L4-003,2024-02-26,2.36,percent,FRED,T5YIE,docs/phase2-ingestion/data/macro/raw/fred/T5YIE-20260821T022309Z.json,ef580e8a42052f19acbf9160806aac8a226a0db96fae0f132bf0944e1dfe12bd,2026-08-21T02:29:31.506808+00:00,PASS,STALE,0.1.0
L4-003,2024-02-27,2.38,percent,FRED,T5YIE,docs/phase2-ingestion/data/macro/raw/fred/T5YIE-20260821T022309Z.json,ef580e8a42052f19acbf9160806aac8a226a0db96fae0f132bf0944e1dfe12bd,2026-08-21T02:29:31.506808+00:00,PASS,STALE,0.1.0
L4-003,2024-02-28,2.38,percent,FRED,T5YIE,docs/phase2-ingestion/data/macro/raw/fred/T5YIE-20260821T022309Z.json,ef580e8a42052f19acbf9160806aac8a226a0db96fae0f132bf0944e1dfe12bd,2026-08-21T02:29:31.506808+00:00,PASS,STALE,0.1.0
L4-003,2024-02-29,2.4,percent,FRED,T5YIE,docs/phase2-ingestion/data/macro/raw/fred/T5YIE-20260821T022309Z.json,ef580e8a42052f19acbf9160806aac8a226a0db96fae0f132bf0944e1dfe12bd,2026-08-21T02:29:31.506808+00:00,PASS,STALE,0.1.0
L4-003,2024-03-01,2.4,percent,FRED,T5YIE,docs/phase2-ingestion/data/macro/raw/fred/T5YIE-20260821T022309Z.json,ef580e8a42052f19acbf9160806aac8a226a0db96fae0f132bf0944e1dfe12bd,2026-08-21T02:29:31.506808+00:00,PASS,STALE,0.1.0
L4-003,2024-03-04,2.42,percent,FRED,T5YIE,docs/phase2-ingestion/data/macro/raw/fred/T5YIE-20260821T022309Z.json,ef580e8a42052f19acbf9160806aac8a226a0db96fae0f132bf0944e1dfe12bd,2026-08-21T02:29:31.506808+00:00,PASS,STALE,0.1.0
L4-003,2024-03-05,2.39,percent,FRED,T5YIE,docs/phase2-ingestion/data/macro/raw/fred/T5YIE-20260821T022309Z.json,ef580e8a42052f19acbf9160806aac8a226a0db96fae0f132bf0944e1dfe12bd,2026-08-21T02:29:31.506808+00:00,PASS,STALE,0.1.0
L4-003,2024-03-06,2.38,percent,FRED,T5YIE,docs/phase2-ingestion/data/macro/raw/fred/T5YIE-20260821T022309Z.json,ef580e8a42052f19acbf9160806aac8a226a0db96fae0f132bf0944e1dfe12bd,2026-08-21T02:29:31.506808+00:00,PASS,STALE,0.1.0
L4-003,2024-03-07,2.34,percent,FRED,T5YIE,docs/phase2-ingestion/data/macro/raw/fred/T5YIE-20260821T022309Z.json,ef580e8a42052f19acbf9160806aac8a226a0db96fae0f132bf0944e1dfe12bd,2026-08-21T02:29:31.506808+00:00,PASS,STALE,0.1.0
L4-003,2024-03-08,2.34,percent,FRED,T5YIE,docs/phase2-ingestion/data/macro/raw/fred/T5YIE-20260821T022309Z.json,ef580e8a42052f19acbf9160806aac8a226a0db96fae0f132bf0944e1dfe12bd,2026-08-21T02:29:31.506808+00:00,PASS,STALE,0.1.0
L4-003,2024-03-11,2.32,percent,FRED,T5YIE,docs/phase2-ingestion/data/macro/raw/fred/T5YIE-20260821T022309Z.json,ef580e8a42052f19acbf9160806aac8a226a0db96fae0f132bf0944e1dfe12bd,2026-08-21T02:29:31.506808+00:00,PASS,STALE,0.1.0
L4-003,2024-03-12,2.35,percent,FRED,T5YIE,docs/phase2-ingestion/data/macro/raw/fred/T5YIE-20260821T022309Z.json,ef580e8a42052f19acbf9160806aac8a226a0db96fae0f132bf0944e1dfe12bd,2026-08-21T02:29:31.506808+00:00,PASS,STALE,0.1.0
L4-003,2024-03-13,2.37,percent,FRED,T5YIE,docs/phase2-ingestion/data/macro/raw/fred/T5YIE-20260821T022309Z.json,ef580e8a42052f19acbf9160806aac8a226a0db96fae0f132bf0944e1dfe12bd,2026-08-21T02:29:31.506808+00:00,PASS,STALE,0.1.0
L4-003,2024-03-14,2.37,percent,FRED,T5YIE,docs/phase2-ingestion/data/macro/raw/fred/T5YIE-20260821T022309Z.json,ef580e8a42052f19acbf9160806aac8a226a0db96fae0f132bf0944e1dfe12bd,2026-08-21T02:29:31.506808+00:00,PASS,STALE,0.1.0
L4-003,2024-03-15,2.39,percent,FRED,T5YIE,docs/phase2-ingestion/data/macro/raw/fred/T5YIE-20260821T022309Z.json,ef580e8a42052f19acbf9160806aac8a226a0db96fae0f132bf0944e1dfe12bd,2026-08-21T02:29:31.506808+00:00,PASS,STALE,0.1.0
L4-003,2024-03-18,2.39,percent,FRED,T5YIE,docs/phase2-ingestion/data/macro/raw/fred/T5YIE-20260821T022309Z.json,ef580e8a42052f19acbf9160806aac8a226a0db96fae0f132bf0944e1dfe12bd,2026-08-21T02:29:31.506808+00:00,PASS,STALE,0.1.0
L4-003,2024-03-19,2.38,percent,FRED,T5YIE,docs/phase2-ingestion/data/macro/raw/fred/T5YIE-20260821T022309Z.json,ef580e8a42052f19acbf9160806aac8a226a0db96fae0f132bf0944e1dfe12bd,2026-08-21T02:29:31.506808+00:00,PASS,STALE,0.1.0
L4-003,2024-03-20,2.4,percent,FRED,T5YIE,docs/phase2-ingestion/data/macro/raw/fred/T5YIE-20260821T022309Z.json,ef580e8a42052f19acbf9160806aac8a226a0db96fae0f132bf0944e1dfe12bd,2026-08-21T02:29:31.506808+00:00,PASS,STALE,0.1.0
L4-003,2024-03-21,2.43,percent,FRED,T5YIE,docs/phase2-ingestion/data/macro/raw/fred/T5YIE-20260821T022309Z.json,ef580e8a42052f19acbf9160806aac8a226a0db96fae0f132bf0944e1dfe12bd,2026-08-21T02:29:31.506808+00:00,PASS,STALE,0.1.0
L4-003,2024-03-22,2.41,percent,FRED,T5YIE,docs/phase2-ingestion/data/macro/raw/fred/T5YIE-20260821T022309Z.json,ef580e8a42052f19acbf9160806aac8a226a0db96fae0f132bf0944e1dfe12bd,2026-08-21T02:29:31.506808+00:00,PASS,STALE,0.1.0
L4-003,2024-03-25,2.41,percent,FRED,T5YIE,docs/phase2-ingestion/data/macro/raw/fred/T5YIE-20260821T022309Z.json,ef580e8a42052f19acbf9160806aac8a226a0db96fae0f132bf0944e1dfe12bd,2026-08-21T02:29:31.506808+00:00,PASS,STALE,0.1.0
L4-003,2024-03-26,2.38,percent,FRED,T5YIE,docs/phase2-ingestion/data/macro/raw/fred/T5YIE-20260821T022309Z.json,ef580e8a42052f19acbf9160806aac8a226a0db96fae0f132bf0944e1dfe12bd,2026-08-21T02:29:31.506808+00:00,PASS,STALE,0.1.0
L4-003,2024-03-27,2.37,percent,FRED,T5YIE,docs/phase2-ingestion/data/macro/raw/fred/T5YIE-20260821T022309Z.json,ef580e8a42052f19acbf9160806aac8a226a0db96fae0f132bf0944e1dfe12bd,2026-08-21T02:29:31.506808+00:00,PASS,STALE,0.1.0
L4-003,2024-03-28,2.38,percent,FRED,T5YIE,docs/phase2-ingestion/data/macro/raw/fred/T5YIE-20260821T022309Z.json,ef580e8a42052f19acbf9160806aac8a226a0db96fae0f132bf0944e1dfe12bd,2026-08-21T02:29:31.506808+00:00,PASS,STALE,0.1.0
L4-003,2024-04-01,2.41,percent,FRED,T5YIE,docs/phase2-ingestion/data/macro/raw/fred/T5YIE-20260821T022309Z.json,ef580e8a42052f19acbf9160806aac8a226a0db96fae0f132bf0944e1dfe12bd,2026-08-21T02:29:31.506808+00:00,PASS,STALE,0.1.0
L4-003,2024-04-02,2.44,percent,FRED,T5YIE,docs/phase2-ingestion/data/macro/raw/fred/T5YIE-20260821T022309Z.json,ef580e8a42052f19acbf9160806aac8a226a0db96fae0f132bf0944e1dfe12bd,2026-08-21T02:29:31.506808+00:00,PASS,STALE,0.1.0
L4-003,2024-04-03,2.43,percent,FRED,T5YIE,docs/phase2-ingestion/data/macro/raw/fred/T5YIE-20260821T022309Z.json,ef580e8a42052f19acbf9160806aac8a226a0db96fae0f132bf0944e1dfe12bd,2026-08-21T02:29:31.506808+00:00,PASS,STALE,0.1.0
L4-003,2024-04-04,2.42,percent,FRED,T5YIE,docs/phase2-ingestion/data/macro/raw/fred/T5YIE-20260821T022309Z.json,ef580e8a42052f19acbf9160806aac8a226a0db96fae0f132bf0944e1dfe12bd,2026-08-21T02:29:31.506808+00:00,PASS,STALE,0.1.0
L4-003,2024-04-05,2.45,percent,FRED,T5YIE,docs/phase2-ingestion/data/macro/raw/fred/T5YIE-20260821T022309Z.json,ef580e8a42052f19acbf9160806aac8a226a0db96fae0f132bf0944e1dfe12bd,2026-08-21T02:29:31.506808+00:00,PASS,STALE,0.1.0
L4-003,2024-04-08,2.47,percent,FRED,T5YIE,docs/phase2-ingestion/data/macro/raw/fred/T5YIE-20260821T022309Z.json,ef580e8a42052f19acbf9160806aac8a226a0db96fae0f132bf0944e1dfe12bd,2026-08-21T02:29:31.506808+00:00,PASS,STALE,0.1.0
L4-003,2024-04-09,2.44,percent,FRED,T5YIE,docs/phase2-ingestion/data/macro/raw/fred/T5YIE-20260821T022309Z.json,ef580e8a42052f19acbf9160806aac8a226a0db96fae0f132bf0944e1dfe12bd,2026-08-21T02:29:31.506808+00:00,PASS,STALE,0.1.0
L4-003,2024-04-10,2.49,percent,FRED,T5YIE,docs/phase2-ingestion/data/macro/raw/fred/T5YIE-20260821T022309Z.json,ef580e8a42052f19acbf9160806aac8a226a0db96fae0f132bf0944e1dfe12bd,2026-08-21T02:29:31.506808+00:00,PASS,STALE,0.1.0
L4-003,2024-04-11,2.48,percent,FRED,T5YIE,docs/phase2-ingestion/data/macro/raw/fred/T5YIE-20260821T022309Z.json,ef580e8a42052f19acbf9160806aac8a226a0db96fae0f132bf0944e1dfe12bd,2026-08-21T02:29:31.506808+00:00,PASS,STALE,0.1.0
L4-003,2024-04-12,2.47,percent,FRED,T5YIE,docs/phase2-ingestion/data/macro/raw/fred/T5YIE-20260821T022309Z.json,ef580e8a42052f19acbf9160806aac8a226a0db96fae0f132bf0944e1dfe12bd,2026-08-21T02:29:31.506808+00:00,PASS,STALE,0.1.0
L4-003,2024-04-15,2.52,percent,FRED,T5YIE,docs/phase2-ingestion/data/macro/raw/fred/T5YIE-20260821T022309Z.json,ef580e8a42052f19acbf9160806aac8a226a0db96fae0f132bf0944e1dfe12bd,2026-08-21T02:29:31.506808+00:00,PASS,STALE,0.1.0
L4-003,2024-04-16,2.52,percent,FRED,T5YIE,docs/phase2-ingestion/data/macro/raw/fred/T5YIE-20260821T022309Z.json,ef580e8a42052f19acbf9160806aac8a226a0db96fae0f132bf0944e1dfe12bd,2026-08-21T02:29:31.506808+00:00,PASS,STALE,0.1.0
L4-003,2024-04-17,2.47,percent,FRED,T5YIE,docs/phase2-ingestion/data/macro/raw/fred/T5YIE-20260821T022309Z.json,ef580e8a42052f19acbf9160806aac8a226a0db96fae0f132bf0944e1dfe12bd,2026-08-21T02:29:31.506808+00:00,PASS,STALE,0.1.0
L4-003,2024-04-18,2.44,percent,FRED,T5YIE,docs/phase2-ingestion/data/macro/raw/fred/T5YIE-20260821T022309Z.json,ef580e8a42052f19acbf9160806aac8a226a0db96fae0f132bf0944e1dfe12bd,2026-08-21T02:29:31.506808+00:00,PASS,STALE,0.1.0
L4-003,2024-04-19,2.44,percent,FRED,T5YIE,docs/phase2-ingestion/data/macro/raw/fred/T5YIE-20260821T022309Z.json,ef580e8a42052f19acbf9160806aac8a226a0db96fae0f132bf0944e1dfe12bd,2026-08-21T02:29:31.506808+00:00,PASS,STALE,0.1.0
L4-003,2024-04-22,2.45,percent,FRED,T5YIE,docs/phase2-ingestion/data/macro/raw/fred/T5YIE-20260821T022309Z.json,ef580e8a42052f19acbf9160806aac8a226a0db96fae0f132bf0944e1dfe12bd,2026-08-21T02:29:31.506808+00:00,PASS,STALE,0.1.0
L4-003,2024-04-23,2.44,percent,FRED,T5YIE,docs/phase2-ingestion/data/macro/raw/fred/T5YIE-20260821T022309Z.json,ef580e8a42052f19acbf9160806aac8a226a0db96fae0f132bf0944e1dfe12bd,2026-08-21T02:29:31.506808+00:00,PASS,STALE,0.1.0
L4-003,2024-04-24,2.42,percent,FRED,T5YIE,docs/phase2-ingestion/data/macro/raw/fred/T5YIE-20260821T022309Z.json,ef580e8a42052f19acbf9160806aac8a226a0db96fae0f132bf0944e1dfe12bd,2026-08-21T02:29:31.506808+00:00,PASS,STALE,0.1.0
L4-003,2024-04-25,2.43,percent,FRED,T5YIE,docs/phase2-ingestion/data/macro/raw/fred/T5YIE-20260821T022309Z.json,ef580e8a42052f19acbf9160806aac8a226a0db96fae0f132bf0944e1dfe12bd,2026-08-21T02:29:31.506808+00:00,PASS,STALE,0.1.0
L4-003,2024-04-26,2.44,percent,FRED,T5YIE,docs/phase2-ingestion/data/macro/raw/fred/T5YIE-20260821T022309Z.json,ef580e8a42052f19acbf9160806aac8a226a0db96fae0f132bf0944e1dfe12bd,2026-08-21T02:29:31.506808+00:00,PASS,STALE,0.1.0
L4-003,2024-04-29,2.43,percent,FRED,T5YIE,docs/phase2-ingestion/data/macro/raw/fred/T5YIE-20260821T022309Z.json,ef580e8a42052f19acbf9160806aac8a226a0db96fae0f132bf0944e1dfe12bd,2026-08-21T02:29:31.506808+00:00,PASS,STALE,0.1.0
L4-003,2024-04-30,2.43,percent,FRED,T5YIE,docs/phase2-ingestion/data/macro/raw/fred/T5YIE-20260821T022309Z.json,ef580e8a42052f19acbf9160806aac8a226a0db96fae0f132bf0944e1dfe12bd,2026-08-21T02:29:31.506808+00:00,PASS,STALE,0.1.0
L4-003,2024-05-01,2.39,percent,FRED,T5YIE,docs/phase2-ingestion/data/macro/raw/fred/T5YIE-20260821T022309Z.json,ef580e8a42052f19acbf9160806aac8a226a0db96fae0f132bf0944e1dfe12bd,2026-08-21T02:29:31.506808+00:00,PASS,STALE,0.1.0
L4-003,2024-05-02,2.37,percent,FRED,T5YIE,docs/phase2-ingestion/data/macro/raw/fred/T5YIE-20260821T022309Z.json,ef580e8a42052f19acbf9160806aac8a226a0db96fae0f132bf0944e1dfe12bd,2026-08-21T02:29:31.506808+00:00,PASS,STALE,0.1.0
L4-003,2024-05-03,2.35,percent,FRED,T5YIE,docs/phase2-ingestion/data/macro/raw/fred/T5YIE-20260821T022309Z.json,ef580e8a42052f19acbf9160806aac8a226a0db96fae0f132bf0944e1dfe12bd,2026-08-21T02:29:31.506808+00:00,PASS,STALE,0.1.0
L4-003,2024-05-06,2.34,percent,FRED,T5YIE,docs/phase2-ingestion/data/macro/raw/fred/T5YIE-20260821T022309Z.json,ef580e8a42052f19acbf9160806aac8a226a0db96fae0f132bf0944e1dfe12bd,2026-08-21T02:29:31.506808+00:00,PASS,STALE,0.1.0
L4-003,2024-05-07,2.32,percent,FRED,T5YIE,docs/phase2-ingestion/data/macro/raw/fred/T5YIE-20260821T022309Z.json,ef580e8a42052f19acbf9160806aac8a226a0db96fae0f132bf0944e1dfe12bd,2026-08-21T02:29:31.506808+00:00,PASS,STALE,0.1.0
L4-003,2024-05-08,2.31,percent,FRED,T5YIE,docs/phase2-ingestion/data/macro/raw/fred/T5YIE-20260821T022309Z.json,ef580e8a42052f19acbf9160806aac8a226a0db96fae0f132bf0944e1dfe12bd,2026-08-21T02:29:31.506808+00:00,PASS,STALE,0.1.0
L4-003,2024-05-09,2.34,percent,FRED,T5YIE,docs/phase2-ingestion/data/macro/raw/fred/T5YIE-20260821T022309Z.json,ef580e8a42052f19acbf9160806aac8a226a0db96fae0f132bf0944e1dfe12bd,2026-08-21T02:29:31.506808+00:00,PASS,STALE,0.1.0
L4-003,2024-05-10,2.34,percent,FRED,T5YIE,docs/phase2-ingestion/data/macro/raw/fred/T5YIE-20260821T022309Z.json,ef580e8a42052f19acbf9160806aac8a226a0db96fae0f132bf0944e1dfe12bd,2026-08-21T02:29:31.506808+00:00,PASS,STALE,0.1.0
L4-003,2024-05-13,2.33,percent,FRED,T5YIE,docs/phase2-ingestion/data/macro/raw/fred/T5YIE-20260821T022309Z.json,ef580e8a42052f19acbf9160806aac8a226a0db96fae0f132bf0944e1dfe12bd,2026-08-21T02:29:31.506808+00:00,PASS,STALE,0.1.0
L4-003,2024-05-14,2.32,percent,FRED,T5YIE,docs/phase2-ingestion/data/macro/raw/fred/T5YIE-20260821T022309Z.json,ef580e8a42052f19acbf9160806aac8a226a0db96fae0f132bf0944e1dfe12bd,2026-08-21T02:29:31.506808+00:00,PASS,STALE,0.1.0
L4-003,2024-05-15,2.29,percent,FRED,T5YIE,docs/phase2-ingestion/data/macro/raw/fred/T5YIE-20260821T022309Z.json,ef580e8a42052f19acbf9160806aac8a226a0db96fae0f132bf0944e1dfe12bd,2026-08-21T02:29:31.506808+00:00,PASS,STALE,0.1.0
L4-003,2024-05-16,2.3,percent,FRED,T5YIE,docs/phase2-ingestion/data/macro/raw/fred/T5YIE-20260821T022309Z.json,ef580e8a42052f19acbf9160806aac8a226a0db96fae0f132bf0944e1dfe12bd,2026-08-21T02:29:31.506808+00:00,PASS,STALE,0.1.0
L4-003,2024-05-17,2.32,percent,FRED,T5YIE,docs/phase2-ingestion/data/macro/raw/fred/T5YIE-20260821T022309Z.json,ef580e8a42052f19acbf9160806aac8a226a0db96fae0f132bf0944e1dfe12bd,2026-08-21T02:29:31.506808+00:00,PASS,STALE,0.1.0
L4-003,2024-05-20,2.33,percent,FRED,T5YIE,docs/phase2-ingestion/data/macro/raw/fred/T5YIE-20260821T022309Z.json,ef580e8a42052f19acbf9160806aac8a226a0db96fae0f132bf0944e1dfe12bd,2026-08-21T02:29:31.506808+00:00,PASS,STALE,0.1.0
L4-003,2024-05-21,2.33,percent,FRED,T5YIE,docs/phase2-ingestion/data/macro/raw/fred/T5YIE-20260821T022309Z.json,ef580e8a42052f19acbf9160806aac8a226a0db96fae0f132bf0944e1dfe12bd,2026-08-21T02:29:31.506808+00:00,PASS,STALE,0.1.0
L4-003,2024-05-22,2.33,percent,FRED,T5YIE,docs/phase2-ingestion/data/macro/raw/fred/T5YIE-20260821T022309Z.json,ef580e8a42052f19acbf9160806aac8a226a0db96fae0f132bf0944e1dfe12bd,2026-08-21T02:29:31.506808+00:00,PASS,STALE,0.1.0
L4-003,2024-05-23,2.31,percent,FRED,T5YIE,docs/phase2-ingestion/data/macro/raw/fred/T5YIE-20260821T022309Z.json,ef580e8a42052f19acbf9160806aac8a226a0db96fae0f132bf0944e1dfe12bd,2026-08-21T02:29:31.506808+00:00,PASS,STALE,0.1.0
L4-003,2024-05-24,2.33,percent,FRED,T5YIE,docs/phase2-ingestion/data/macro/raw/fred/T5YIE-20260821T022309Z.json,ef580e8a42052f19acbf9160806aac8a226a0db96fae0f132bf0944e1dfe12bd,2026-08-21T02:29:31.506808+00:00,PASS,STALE,0.1.0
L4-003,2024-05-28,2.33,percent,FRED,T5YIE,docs/phase2-ingestion/data/macro/raw/fred/T5YIE-20260821T022309Z.json,ef580e8a42052f19acbf9160806aac8a226a0db96fae0f132bf0944e1dfe12bd,2026-08-21T02:29:31.506808+00:00,PASS,STALE,0.1.0
L4-003,2024-05-29,2.36,percent,FRED,T5YIE,docs/phase2-ingestion/data/macro/raw/fred/T5YIE-20260821T022309Z.json,ef580e8a42052f19acbf9160806aac8a226a0db96fae0f132bf0944e1dfe12bd,2026-08-21T02:29:31.506808+00:00,PASS,STALE,0.1.0
L4-003,2024-05-30,2.35,percent,FRED,T5YIE,docs/phase2-ingestion/data/macro/raw/fred/T5YIE-20260821T022309Z.json,ef580e8a42052f19acbf9160806aac8a226a0db96fae0f132bf0944e1dfe12bd,2026-08-21T02:29:31.506808+00:00,PASS,STALE,0.1.0
L4-003,2024-05-31,2.34,percent,FRED,T5YIE,docs/phase2-ingestion/data/macro/raw/fred/T5YIE-20260821T022309Z.json,ef580e8a42052f19acbf9160806aac8a226a0db96fae0f132bf0944e1dfe12bd,2026-08-21T02:29:31.506808+00:00,PASS,STALE,0.1.0
L4-003,2024-06-03,2.31,percent,FRED,T5YIE,docs/phase2-ingestion/data/macro/raw/fred/T5YIE-20260821T022309Z.json,ef580e8a42052f19acbf9160806aac8a226a0db96fae0f132bf0944e1dfe12bd,2026-08-21T02:29:31.506808+00:00,PASS,STALE,0.1.0
L4-003,2024-06-04,2.28,percent,FRED,T5YIE,docs/phase2-ingestion/data/macro/raw/fred/T5YIE-20260821T022309Z.json,ef580e8a42052f19acbf9160806aac8a226a0db96fae0f132bf0944e1dfe12bd,2026-08-21T02:29:31.506808+00:00,PASS,STALE,0.1.0
L4-003,2024-06-05,2.27,percent,FRED,T5YIE,docs/phase2-ingestion/data/macro/raw/fred/T5YIE-20260821T022309Z.json,ef580e8a42052f19acbf9160806aac8a226a0db96fae0f132bf0944e1dfe12bd,2026-08-21T02:29:31.506808+00:00,PASS,STALE,0.1.0
L4-003,2024-06-06,2.25,percent,FRED,T5YIE,docs/phase2-ingestion/data/macro/raw/fred/T5YIE-20260821T022309Z.json,ef580e8a42052f19acbf9160806aac8a226a0db96fae0f132bf0944e1dfe12bd,2026-08-21T02:29:31.506808+00:00,PASS,STALE,0.1.0
L4-003,2024-06-07,2.28,percent,FRED,T5YIE,docs/phase2-ingestion/data/macro/raw/fred/T5YIE-20260821T022309Z.json,ef580e8a42052f19acbf9160806aac8a226a0db96fae0f132bf0944e1dfe12bd,2026-08-21T02:29:31.506808+00:00,PASS,STALE,0.1.0
L4-003,2024-06-10,2.27,percent,FRED,T5YIE,docs/phase2-ingestion/data/macro/raw/fred/T5YIE-20260821T022309Z.json,ef580e8a42052f19acbf9160806aac8a226a0db96fae0f132bf0944e1dfe12bd,2026-08-21T02:29:31.506808+00:00,PASS,STALE,0.1.0
L4-003,2024-06-11,2.25,percent,FRED,T5YIE,docs/phase2-ingestion/data/macro/raw/fred/T5YIE-20260821T022309Z.json,ef580e8a42052f19acbf9160806aac8a226a0db96fae0f132bf0944e1dfe12bd,2026-08-21T02:29:31.506808+00:00,PASS,STALE,0.1.0
L4-003,2024-06-12,2.17,percent,FRED,T5YIE,docs/phase2-ingestion/data/macro/raw/fred/T5YIE-20260821T022309Z.json,ef580e8a42052f19acbf9160806aac8a226a0db96fae0f132bf0944e1dfe12bd,2026-08-21T02:29:31.506808+00:00,PASS,STALE,0.1.0
L4-003,2024-06-13,2.14,percent,FRED,T5YIE,docs/phase2-ingestion/data/macro/raw/fred/T5YIE-20260821T022309Z.json,ef580e8a42052f19acbf9160806aac8a226a0db96fae0f132bf0944e1dfe12bd,2026-08-21T02:29:31.506808+00:00,PASS,STALE,0.1.0
L4-003,2024-06-14,2.11,percent,FRED,T5YIE,docs/phase2-ingestion/data/macro/raw/fred/T5YIE-20260821T022309Z.json,ef580e8a42052f19acbf9160806aac8a226a0db96fae0f132bf0944e1dfe12bd,2026-08-21T02:29:31.506808+00:00,PASS,STALE,0.1.0
L4-003,2024-06-17,2.16,percent,FRED,T5YIE,docs/phase2-ingestion/data/macro/raw/fred/T5YIE-20260821T022309Z.json,ef580e8a42052f19acbf9160806aac8a226a0db96fae0f132bf0944e1dfe12bd,2026-08-21T02:29:31.506808+00:00,PASS,STALE,0.1.0
L4-003,2024-06-18,2.17,percent,FRED,T5YIE,docs/phase2-ingestion/data/macro/raw/fred/T5YIE-20260821T022309Z.json,ef580e8a42052f19acbf9160806aac8a226a0db96fae0f132bf0944e1dfe12bd,2026-08-21T02:29:31.506808+00:00,PASS,STALE,0.1.0
L4-003,2024-06-20,2.21,percent,FRED,T5YIE,docs/phase2-ingestion/data/macro/raw/fred/T5YIE-20260821T022309Z.json,ef580e8a42052f19acbf9160806aac8a226a0db96fae0f132bf0944e1dfe12bd,2026-08-21T02:29:31.506808+00:00,PASS,STALE,0.1.0
L4-003,2024-06-21,2.19,percent,FRED,T5YIE,docs/phase2-ingestion/data/macro/raw/fred/T5YIE-20260821T022309Z.json,ef580e8a42052f19acbf9160806aac8a226a0db96fae0f132bf0944e1dfe12bd,2026-08-21T02:29:31.506808+00:00,PASS,STALE,0.1.0
L4-003,2024-06-24,2.18,percent,FRED,T5YIE,docs/phase2-ingestion/data/macro/raw/fred/T5YIE-20260821T022309Z.json,ef580e8a42052f19acbf9160806aac8a226a0db96fae0f132bf0944e1dfe12bd,2026-08-21T02:29:31.506808+00:00,PASS,STALE,0.1.0
L4-003,2024-06-25,2.17,percent,FRED,T5YIE,docs/phase2-ingestion/data/macro/raw/fred/T5YIE-20260821T022309Z.json,ef580e8a42052f19acbf9160806aac8a226a0db96fae0f132bf0944e1dfe12bd,2026-08-21T02:29:31.506808+00:00,PASS,STALE,0.1.0
L4-003,2024-06-26,2.2,percent,FRED,T5YIE,docs/phase2-ingestion/data/macro/raw/fred/T5YIE-20260821T022309Z.json,ef580e8a42052f19acbf9160806aac8a226a0db96fae0f132bf0944e1dfe12bd,2026-08-21T02:29:31.506808+00:00,PASS,STALE,0.1.0
L4-003,2024-06-27,2.22,percent,FRED,T5YIE,docs/phase2-ingestion/data/macro/raw/fred/T5YIE-20260821T022309Z.json,ef580e8a42052f19acbf9160806aac8a226a0db96fae0f132bf0944e1dfe12bd,2026-08-21T02:29:31.506808+00:00,PASS,STALE,0.1.0
L4-003,2024-06-28,2.24,percent,FRED,T5YIE,docs/phase2-ingestion/data/macro/raw/fred/T5YIE-20260821T022309Z.json,ef580e8a42052f19acbf9160806aac8a226a0db96fae0f132bf0944e1dfe12bd,2026-08-21T02:29:31.506808+00:00,PASS,STALE,0.1.0
L4-003,2024-07-01,2.29,percent,FRED,T5YIE,docs/phase2-ingestion/data/macro/raw/fred/T5YIE-20260821T022309Z.json,ef580e8a42052f19acbf9160806aac8a226a0db96fae0f132bf0944e1dfe12bd,2026-08-21T02:29:31.506808+00:00,PASS,STALE,0.1.0
L4-003,2024-07-02,2.26,percent,FRED,T5YIE,docs/phase2-ingestion/data/macro/raw/fred/T5YIE-20260821T022309Z.json,ef580e8a42052f19acbf9160806aac8a226a0db96fae0f132bf0944e1dfe12bd,2026-08-21T02:29:31.506808+00:00,PASS,STALE,0.1.0
L4-003,2024-07-03,2.23,percent,FRED,T5YIE,docs/phase2-ingestion/data/macro/raw/fred/T5YIE-20260821T022309Z.json,ef580e8a42052f19acbf9160806aac8a226a0db96fae0f132bf0944e1dfe12bd,2026-08-21T02:29:31.506808+00:00,PASS,STALE,0.1.0
L4-003,2024-07-05,2.22,percent,FRED,T5YIE,docs/phase2-ingestion/data/macro/raw/fred/T5YIE-20260821T022309Z.json,ef580e8a42052f19acbf9160806aac8a226a0db96fae0f132bf0944e1dfe12bd,2026-08-21T02:29:31.506808+00:00,PASS,STALE,0.1.0
L4-003,2024-07-08,2.22,percent,FRED,T5YIE,docs/phase2-ingestion/data/macro/raw/fred/T5YIE-20260821T022309Z.json,ef580e8a42052f19acbf9160806aac8a226a0db96fae0f132bf0944e1dfe12bd,2026-08-21T02:29:31.506808+00:00,PASS,STALE,0.1.0
L4-003,2024-07-09,2.21,percent,FRED,T5YIE,docs/phase2-ingestion/data/macro/raw/fred/T5YIE-20260821T022309Z.json,ef580e8a42052f19acbf9160806aac8a226a0db96fae0f132bf0944e1dfe12bd,2026-08-21T02:29:31.506808+00:00,PASS,STALE,0.1.0
L4-003,2024-07-10,2.22,percent,FRED,T5YIE,docs/phase2-ingestion/data/macro/raw/fred/T5YIE-20260821T022309Z.json,ef580e8a42052f19acbf9160806aac8a226a0db96fae0f132bf0944e1dfe12bd,2026-08-21T02:29:31.506808+00:00,PASS,STALE,0.1.0
L4-003,2024-07-11,2.18,percent,FRED,T5YIE,docs/phase2-ingestion/data/macro/raw/fred/T5YIE-20260821T022309Z.json,ef580e8a42052f19acbf9160806aac8a226a0db96fae0f132bf0944e1dfe12bd,2026-08-21T02:29:31.506808+00:00,PASS,STALE,0.1.0
L4-003,2024-07-12,2.15,percent,FRED,T5YIE,docs/phase2-ingestion/data/macro/raw/fred/T5YIE-20260821T022309Z.json,ef580e8a42052f19acbf9160806aac8a226a0db96fae0f132bf0944e1dfe12bd,2026-08-21T02:29:31.506808+00:00,PASS,STALE,0.1.0
L4-003,2024-07-15,2.2,percent,FRED,T5YIE,docs/phase2-ingestion/data/macro/raw/fred/T5YIE-20260821T022309Z.json,ef580e8a42052f19acbf9160806aac8a226a0db96fae0f132bf0944e1dfe12bd,2026-08-21T02:29:31.506808+00:00,PASS,STALE,0.1.0
L4-003,2024-07-16,2.2,percent,FRED,T5YIE,docs/phase2-ingestion/data/macro/raw/fred/T5YIE-20260821T022309Z.json,ef580e8a42052f19acbf9160806aac8a226a0db96fae0f132bf0944e1dfe12bd,2026-08-21T02:29:31.506808+00:00,PASS,STALE,0.1.0
L4-003,2024-07-17,2.19,percent,FRED,T5YIE,docs/phase2-ingestion/data/macro/raw/fred/T5YIE-20260821T022309Z.json,ef580e8a42052f19acbf9160806aac8a226a0db96fae0f132bf0944e1dfe12bd,2026-08-21T02:29:31.506808+00:00,PASS,STALE,0.1.0
L4-003,2024-07-18,2.19,percent,FRED,T5YIE,docs/phase2-ingestion/data/macro/raw/fred/T5YIE-20260821T022309Z.json,ef580e8a42052f19acbf9160806aac8a226a0db96fae0f132bf0944e1dfe12bd,2026-08-21T02:29:31.506808+00:00,PASS,STALE,0.1.0
L4-003,2024-07-19,2.18,percent,FRED,T5YIE,docs/phase2-ingestion/data/macro/raw/fred/T5YIE-20260821T022309Z.json,ef580e8a42052f19acbf9160806aac8a226a0db96fae0f132bf0944e1dfe12bd,2026-08-21T02:29:31.506808+00:00,PASS,STALE,0.1.0
L4-003,2024-07-22,2.18,percent,FRED,T5YIE,docs/phase2-ingestion/data/macro/raw/fred/T5YIE-20260821T022309Z.json,ef580e8a42052f19acbf9160806aac8a226a0db96fae0f132bf0944e1dfe12bd,2026-08-21T02:29:31.506808+00:00,PASS,STALE,0.1.0
L4-003,2024-07-23,2.17,percent,FRED,T5YIE,docs/phase2-ingestion/data/macro/raw/fred/T5YIE-20260821T022309Z.json,ef580e8a42052f19acbf9160806aac8a226a0db96fae0f132bf0944e1dfe12bd,2026-08-21T02:29:31.506808+00:00,PASS,STALE,0.1.0
L4-003,2024-07-24,2.13,percent,FRED,T5YIE,docs/phase2-ingestion/data/macro/raw/fred/T5YIE-20260821T022309Z.json,ef580e8a42052f19acbf9160806aac8a226a0db96fae0f132bf0944e1dfe12bd,2026-08-21T02:29:31.506808+00:00,PASS,STALE,0.1.0
L4-003,2024-07-25,2.13,percent,FRED,T5YIE,docs/phase2-ingestion/data/macro/raw/fred/T5YIE-20260821T022309Z.json,ef580e8a42052f19acbf9160806aac8a226a0db96fae0f132bf0944e1dfe12bd,2026-08-21T02:29:31.506808+00:00,PASS,STALE,0.1.0
L4-003,2024-07-26,2.13,percent,FRED,T5YIE,docs/phase2-ingestion/data/macro/raw/fred/T5YIE-20260821T022309Z.json,ef580e8a42052f19acbf9160806aac8a226a0db96fae0f132bf0944e1dfe12bd,2026-08-21T02:29:31.506808+00:00,PASS,STALE,0.1.0
L4-003,2024-07-29,2.13,percent,FRED,T5YIE,docs/phase2-ingestion/data/macro/raw/fred/T5YIE-20260821T022309Z.json,ef580e8a42052f19acbf9160806aac8a226a0db96fae0f132bf0944e1dfe12bd,2026-08-21T02:29:31.506808+00:00,PASS,STALE,0.1.0
L4-003,2024-07-30,2.12,percent,FRED,T5YIE,docs/phase2-ingestion/data/macro/raw/fred/T5YIE-20260821T022309Z.json,ef580e8a42052f19acbf9160806aac8a226a0db96fae0f132bf0944e1dfe12bd,2026-08-21T02:29:31.506808+00:00,PASS,STALE,0.1.0
L4-003,2024-07-31,2.13,percent,FRED,T5YIE,docs/phase2-ingestion/data/macro/raw/fred/T5YIE-20260821T022309Z.json,ef580e8a42052f19acbf9160806aac8a226a0db96fae0f132bf0944e1dfe12bd,2026-08-21T02:29:31.506808+00:00,PASS,STALE,0.1.0
L4-003,2024-08-01,2.06,percent,FRED,T5YIE,docs/phase2-ingestion/data/macro/raw/fred/T5YIE-20260821T022309Z.json,ef580e8a42052f19acbf9160806aac8a226a0db96fae0f132bf0944e1dfe12bd,2026-08-21T02:29:31.506808+00:00,PASS,STALE,0.1.0
L4-003,2024-08-02,1.89,percent,FRED,T5YIE,docs/phase2-ingestion/data/macro/raw/fred/T5YIE-20260821T022309Z.json,ef580e8a42052f19acbf9160806aac8a226a0db96fae0f132bf0944e1dfe12bd,2026-08-21T02:29:31.506808+00:00,PASS,STALE,0.1.0
L4-003,2024-08-05,1.91,percent,FRED,T5YIE,docs/phase2-ingestion/data/macro/raw/fred/T5YIE-20260821T022309Z.json,ef580e8a42052f19acbf9160806aac8a226a0db96fae0f132bf0944e1dfe12bd,2026-08-21T02:29:31.506808+00:00,PASS,STALE,0.1.0
L4-003,2024-08-06,1.96,percent,FRED,T5YIE,docs/phase2-ingestion/data/macro/raw/fred/T5YIE-20260821T022309Z.json,ef580e8a42052f19acbf9160806aac8a226a0db96fae0f132bf0944e1dfe12bd,2026-08-21T02:29:31.506808+00:00,PASS,STALE,0.1.0
L4-003,2024-08-07,1.97,percent,FRED,T5YIE,docs/phase2-ingestion/data/macro/raw/fred/T5YIE-20260821T022309Z.json,ef580e8a42052f19acbf9160806aac8a226a0db96fae0f132bf0944e1dfe12bd,2026-08-21T02:29:31.506808+00:00,PASS,STALE,0.1.0
L4-003,2024-08-08,1.98,percent,FRED,T5YIE,docs/phase2-ingestion/data/macro/raw/fred/T5YIE-20260821T022309Z.json,ef580e8a42052f19acbf9160806aac8a226a0db96fae0f132bf0944e1dfe12bd,2026-08-21T02:29:31.506808+00:00,PASS,STALE,0.1.0
L4-003,2024-08-09,1.96,percent,FRED,T5YIE,docs/phase2-ingestion/data/macro/raw/fred/T5YIE-20260821T022309Z.json,ef580e8a42052f19acbf9160806aac8a226a0db96fae0f132bf0944e1dfe12bd,2026-08-21T02:29:31.506808+00:00,PASS,STALE,0.1.0
L4-003,2024-08-12,1.98,percent,FRED,T5YIE,docs/phase2-ingestion/data/macro/raw/fred/T5YIE-20260821T022309Z.json,ef580e8a42052f19acbf9160806aac8a226a0db96fae0f132bf0944e1dfe12bd,2026-08-21T02:29:31.506808+00:00,PASS,STALE,0.1.0
L4-003,2024-08-13,1.96,percent,FRED,T5YIE,docs/phase2-ingestion/data/macro/raw/fred/T5YIE-20260821T022309Z.json,ef580e8a42052f19acbf9160806aac8a226a0db96fae0f132bf0944e1dfe12bd,2026-08-21T02:29:31.506808+00:00,PASS,STALE,0.1.0
L4-003,2024-08-14,1.93,percent,FRED,T5YIE,docs/phase2-ingestion/data/macro/raw/fred/T5YIE-20260821T022309Z.json,ef580e8a42052f19acbf9160806aac8a226a0db96fae0f132bf0944e1dfe12bd,2026-08-21T02:29:31.506808+00:00,PASS,STALE,0.1.0
L4-003,2024-08-15,1.99,percent,FRED,T5YIE,docs/phase2-ingestion/data/macro/raw/fred/T5YIE-20260821T022309Z.json,ef580e8a42052f19acbf9160806aac8a226a0db96fae0f132bf0944e1dfe12bd,2026-08-21T02:29:31.506808+00:00,PASS,STALE,0.1.0
L4-003,2024-08-16,1.97,percent,FRED,T5YIE,docs/phase2-ingestion/data/macro/raw/fred/T5YIE-20260821T022309Z.json,ef580e8a42052f19acbf9160806aac8a226a0db96fae0f132bf0944e1dfe12bd,2026-08-21T02:29:31.506808+00:00,PASS,STALE,0.1.0
L4-003,2024-08-19,1.94,percent,FRED,T5YIE,docs/phase2-ingestion/data/macro/raw/fred/T5YIE-20260821T022309Z.json,ef580e8a42052f19acbf9160806aac8a226a0db96fae0f132bf0944e1dfe12bd,2026-08-21T02:29:31.506808+00:00,PASS,STALE,0.1.0
L4-003,2024-08-20,1.95,percent,FRED,T5YIE,docs/phase2-ingestion/data/macro/raw/fred/T5YIE-20260821T022309Z.json,ef580e8a42052f19acbf9160806aac8a226a0db96fae0f132bf0944e1dfe12bd,2026-08-21T02:29:31.506808+00:00,PASS,STALE,0.1.0
L4-003,2024-08-21,1.94,percent,FRED,T5YIE,docs/phase2-ingestion/data/macro/raw/fred/T5YIE-20260821T022309Z.json,ef580e8a42052f19acbf9160806aac8a226a0db96fae0f132bf0944e1dfe12bd,2026-08-21T02:29:31.506808+00:00,PASS,STALE,0.1.0
L4-003,2024-08-22,1.96,percent,FRED,T5YIE,docs/phase2-ingestion/data/macro/raw/fred/T5YIE-20260821T022309Z.json,ef580e8a42052f19acbf9160806aac8a226a0db96fae0f132bf0944e1dfe12bd,2026-08-21T02:29:31.506808+00:00,PASS,STALE,0.1.0
L4-003,2024-08-23,2.01,percent,FRED,T5YIE,docs/phase2-ingestion/data/macro/raw/fred/T5YIE-20260821T022309Z.json,ef580e8a42052f19acbf9160806aac8a226a0db96fae0f132bf0944e1dfe12bd,2026-08-21T02:29:31.506808+00:00,PASS,STALE,0.1.0
L4-003,2024-08-26,2.02,percent,FRED,T5YIE,docs/phase2-ingestion/data/macro/raw/fred/T5YIE-20260821T022309Z.json,ef580e8a42052f19acbf9160806aac8a226a0db96fae0f132bf0944e1dfe12bd,2026-08-21T02:29:31.506808+00:00,PASS,STALE,0.1.0
L4-003,2024-08-27,2.02,percent,FRED,T5YIE,docs/phase2-ingestion/data/macro/raw/fred/T5YIE-20260821T022309Z.json,ef580e8a42052f19acbf9160806aac8a226a0db96fae0f132bf0944e1dfe12bd,2026-08-21T02:29:31.506808+00:00,PASS,STALE,0.1.0
L4-003,2024-08-28,1.99,percent,FRED,T5YIE,docs/phase2-ingestion/data/macro/raw/fred/T5YIE-20260821T022309Z.json,ef580e8a42052f19acbf9160806aac8a226a0db96fae0f132bf0944e1dfe12bd,2026-08-21T02:29:31.506808+00:00,PASS,STALE,0.1.0
L4-003,2024-08-29,2.01,percent,FRED,T5YIE,docs/phase2-ingestion/data/macro/raw/fred/T5YIE-20260821T022309Z.json,ef580e8a42052f19acbf9160806aac8a226a0db96fae0f132bf0944e1dfe12bd,2026-08-21T02:29:31.506808+00:00,PASS,STALE,0.1.0
L4-003,2024-08-30,2.01,percent,FRED,T5YIE,docs/phase2-ingestion/data/macro/raw/fred/T5YIE-20260821T022309Z.json,ef580e8a42052f19acbf9160806aac8a226a0db96fae0f132bf0944e1dfe12bd,2026-08-21T02:29:31.506808+00:00,PASS,STALE,0.1.0
L4-003,2024-09-03,1.95,percent,FRED,T5YIE,docs/phase2-ingestion/data/macro/raw/fred/T5YIE-20260821T022309Z.json,ef580e8a42052f19acbf9160806aac8a226a0db96fae0f132bf0944e1dfe12bd,2026-08-21T02:29:31.506808+00:00,PASS,STALE,0.1.0
L4-003,2024-09-04,1.9,percent,FRED,T5YIE,docs/phase2-ingestion/data/macro/raw/fred/T5YIE-20260821T022309Z.json,ef580e8a42052f19acbf9160806aac8a226a0db96fae0f132bf0944e1dfe12bd,2026-08-21T02:29:31.506808+00:00,PASS,STALE,0.1.0
L4-003,2024-09-05,1.87,percent,FRED,T5YIE,docs/phase2-ingestion/data/macro/raw/fred/T5YIE-20260821T022309Z.json,ef580e8a42052f19acbf9160806aac8a226a0db96fae0f132bf0944e1dfe12bd,2026-08-21T02:29:31.506808+00:00,PASS,STALE,0.1.0
L4-003,2024-09-06,1.86,percent,FRED,T5YIE,docs/phase2-ingestion/data/macro/raw/fred/T5YIE-20260821T022309Z.json,ef580e8a42052f19acbf9160806aac8a226a0db96fae0f132bf0944e1dfe12bd,2026-08-21T02:29:31.506808+00:00,PASS,STALE,0.1.0
L4-003,2024-09-09,1.88,percent,FRED,T5YIE,docs/phase2-ingestion/data/macro/raw/fred/T5YIE-20260821T022309Z.json,ef580e8a42052f19acbf9160806aac8a226a0db96fae0f132bf0944e1dfe12bd,2026-08-21T02:29:31.506808+00:00,PASS,STALE,0.1.0
L4-003,2024-09-10,1.86,percent,FRED,T5YIE,docs/phase2-ingestion/data/macro/raw/fred/T5YIE-20260821T022309Z.json,ef580e8a42052f19acbf9160806aac8a226a0db96fae0f132bf0944e1dfe12bd,2026-08-21T02:29:31.506808+00:00,PASS,STALE,0.1.0
L4-003,2024-09-11,1.9,percent,FRED,T5YIE,docs/phase2-ingestion/data/macro/raw/fred/T5YIE-20260821T022309Z.json,ef580e8a42052f19acbf9160806aac8a226a0db96fae0f132bf0944e1dfe12bd,2026-08-21T02:29:31.506808+00:00,PASS,STALE,0.1.0
L4-003,2024-09-12,1.93,percent,FRED,T5YIE,docs/phase2-ingestion/data/macro/raw/fred/T5YIE-20260821T022309Z.json,ef580e8a42052f19acbf9160806aac8a226a0db96fae0f132bf0944e1dfe12bd,2026-08-21T02:29:31.506808+00:00,PASS,STALE,0.1.0
L4-003,2024-09-13,1.95,percent,FRED,T5YIE,docs/phase2-ingestion/data/macro/raw/fred/T5YIE-20260821T022309Z.json,ef580e8a42052f19acbf9160806aac8a226a0db96fae0f132bf0944e1dfe12bd,2026-08-21T02:29:31.506808+00:00,PASS,STALE,0.1.0
L4-003,2024-09-16,1.94,percent,FRED,T5YIE,docs/phase2-ingestion/data/macro/raw/fred/T5YIE-20260821T022309Z.json,ef580e8a42052f19acbf9160806aac8a226a0db96fae0f132bf0944e1dfe12bd,2026-08-21T02:29:31.506808+00:00,PASS,STALE,0.1.0
L4-003,2024-09-17,1.97,percent,FRED,T5YIE,docs/phase2-ingestion/data/macro/raw/fred/T5YIE-20260821T022309Z.json,ef580e8a42052f19acbf9160806aac8a226a0db96fae0f132bf0944e1dfe12bd,2026-08-21T02:29:31.506808+00:00,PASS,STALE,0.1.0
L4-003,2024-09-18,1.98,percent,FRED,T5YIE,docs/phase2-ingestion/data/macro/raw/fred/T5YIE-20260821T022309Z.json,ef580e8a42052f19acbf9160806aac8a226a0db96fae0f132bf0944e1dfe12bd,2026-08-21T02:29:31.506808+00:00,PASS,STALE,0.1.0
L4-003,2024-09-19,2.04,percent,FRED,T5YIE,docs/phase2-ingestion/data/macro/raw/fred/T5YIE-20260821T022309Z.json,ef580e8a42052f19acbf9160806aac8a226a0db96fae0f132bf0944e1dfe12bd,2026-08-21T02:29:31.506808+00:00,PASS,STALE,0.1.0
L4-003,2024-09-20,2.02,percent,FRED,T5YIE,docs/phase2-ingestion/data/macro/raw/fred/T5YIE-20260821T022309Z.json,ef580e8a42052f19acbf9160806aac8a226a0db96fae0f132bf0944e1dfe12bd,2026-08-21T02:29:31.506808+00:00,PASS,STALE,0.1.0
L4-003,2024-09-23,2.04,percent,FRED,T5YIE,docs/phase2-ingestion/data/macro/raw/fred/T5YIE-20260821T022309Z.json,ef580e8a42052f19acbf9160806aac8a226a0db96fae0f132bf0944e1dfe12bd,2026-08-21T02:29:31.506808+00:00,PASS,STALE,0.1.0
L4-003,2024-09-24,2.06,percent,FRED,T5YIE,docs/phase2-ingestion/data/macro/raw/fred/T5YIE-20260821T022309Z.json,ef580e8a42052f19acbf9160806aac8a226a0db96fae0f132bf0944e1dfe12bd,2026-08-21T02:29:31.506808+00:00,PASS,STALE,0.1.0
L4-003,2024-09-25,2.06,percent,FRED,T5YIE,docs/phase2-ingestion/data/macro/raw/fred/T5YIE-20260821T022309Z.json,ef580e8a42052f19acbf9160806aac8a226a0db96fae0f132bf0944e1dfe12bd,2026-08-21T02:29:31.506808+00:00,PASS,STALE,0.1.0
L4-003,2024-09-26,2.03,percent,FRED,T5YIE,docs/phase2-ingestion/data/macro/raw/fred/T5YIE-20260821T022309Z.json,ef580e8a42052f19acbf9160806aac8a226a0db96fae0f132bf0944e1dfe12bd,2026-08-21T02:29:31.506808+00:00,PASS,STALE,0.1.0
L4-003,2024-09-27,2.03,percent,FRED,T5YIE,docs/phase2-ingestion/data/macro/raw/fred/T5YIE-20260821T022309Z.json,ef580e8a42052f19acbf9160806aac8a226a0db96fae0f132bf0944e1dfe12bd,2026-08-21T02:29:31.506808+00:00,PASS,STALE,0.1.0
L4-003,2024-09-30,2.07,percent,FRED,T5YIE,docs/phase2-ingestion/data/macro/raw/fred/T5YIE-20260821T022309Z.json,ef580e8a42052f19acbf9160806aac8a226a0db96fae0f132bf0944e1dfe12bd,2026-08-21T02:29:31.506808+00:00,PASS,STALE,0.1.0
L4-003,2024-10-01,2.07,percent,FRED,T5YIE,docs/phase2-ingestion/data/macro/raw/fred/T5YIE-20260821T022309Z.json,ef580e8a42052f19acbf9160806aac8a226a0db96fae0f132bf0944e1dfe12bd,2026-08-21T02:29:31.506808+00:00,PASS,STALE,0.1.0
L4-003,2024-10-02,2.1,percent,FRED,T5YIE,docs/phase2-ingestion/data/macro/raw/fred/T5YIE-20260821T022309Z.json,ef580e8a42052f19acbf9160806aac8a226a0db96fae0f132bf0944e1dfe12bd,2026-08-21T02:29:31.506808+00:00,PASS,STALE,0.1.0
L4-003,2024-10-03,2.11,percent,FRED,T5YIE,docs/phase2-ingestion/data/macro/raw/fred/T5YIE-20260821T022309Z.json,ef580e8a42052f19acbf9160806aac8a226a0db96fae0f132bf0944e1dfe12bd,2026-08-21T02:29:31.506808+00:00,PASS,STALE,0.1.0
L4-003,2024-10-04,2.14,percent,FRED,T5YIE,docs/phase2-ingestion/data/macro/raw/fred/T5YIE-20260821T022309Z.json,ef580e8a42052f19acbf9160806aac8a226a0db96fae0f132bf0944e1dfe12bd,2026-08-21T02:29:31.506808+00:00,PASS,STALE,0.1.0
L4-003,2024-10-07,2.17,percent,FRED,T5YIE,docs/phase2-ingestion/data/macro/raw/fred/T5YIE-20260821T022309Z.json,ef580e8a42052f19acbf9160806aac8a226a0db96fae0f132bf0944e1dfe12bd,2026-08-21T02:29:31.506808+00:00,PASS,STALE,0.1.0
L4-003,2024-10-08,2.17,percent,FRED,T5YIE,docs/phase2-ingestion/data/macro/raw/fred/T5YIE-20260821T022309Z.json,ef580e8a42052f19acbf9160806aac8a226a0db96fae0f132bf0944e1dfe12bd,2026-08-21T02:29:31.506808+00:00,PASS,STALE,0.1.0
L4-003,2024-10-09,2.21,percent,FRED,T5YIE,docs/phase2-ingestion/data/macro/raw/fred/T5YIE-20260821T022309Z.json,ef580e8a42052f19acbf9160806aac8a226a0db96fae0f132bf0944e1dfe12bd,2026-08-21T02:29:31.506808+00:00,PASS,STALE,0.1.0
L4-003,2024-10-10,2.26,percent,FRED,T5YIE,docs/phase2-ingestion/data/macro/raw/fred/T5YIE-20260821T022309Z.json,ef580e8a42052f19acbf9160806aac8a226a0db96fae0f132bf0944e1dfe12bd,2026-08-21T02:29:31.506808+00:00,PASS,STALE,0.1.0
L4-003,2024-10-11,2.25,percent,FRED,T5YIE,docs/phase2-ingestion/data/macro/raw/fred/T5YIE-20260821T022309Z.json,ef580e8a42052f19acbf9160806aac8a226a0db96fae0f132bf0944e1dfe12bd,2026-08-21T02:29:31.506808+00:00,PASS,STALE,0.1.0
L4-003,2024-10-15,2.22,percent,FRED,T5YIE,docs/phase2-ingestion/data/macro/raw/fred/T5YIE-20260821T022309Z.json,ef580e8a42052f19acbf9160806aac8a226a0db96fae0f132bf0944e1dfe12bd,2026-08-21T02:29:31.506808+00:00,PASS,STALE,0.1.0
L4-003,2024-10-16,2.19,percent,FRED,T5YIE,docs/phase2-ingestion/data/macro/raw/fred/T5YIE-20260821T022309Z.json,ef580e8a42052f19acbf9160806aac8a226a0db96fae0f132bf0944e1dfe12bd,2026-08-21T02:29:31.506808+00:00,PASS,STALE,0.1.0
L4-003,2024-10-17,2.22,percent,FRED,T5YIE,docs/phase2-ingestion/data/macro/raw/fred/T5YIE-20260821T022309Z.json,ef580e8a42052f19acbf9160806aac8a226a0db96fae0f132bf0944e1dfe12bd,2026-08-21T02:29:31.506808+00:00,PASS,STALE,0.1.0
L4-003,2024-10-18,2.23,percent,FRED,T5YIE,docs/phase2-ingestion/data/macro/raw/fred/T5YIE-20260821T022309Z.json,ef580e8a42052f19acbf9160806aac8a226a0db96fae0f132bf0944e1dfe12bd,2026-08-21T02:29:31.506808+00:00,PASS,STALE,0.1.0
L4-003,2024-10-21,2.23,percent,FRED,T5YIE,docs/phase2-ingestion/data/macro/raw/fred/T5YIE-20260821T022309Z.json,ef580e8a42052f19acbf9160806aac8a226a0db96fae0f132bf0944e1dfe12bd,2026-08-21T02:29:31.506808+00:00,PASS,STALE,0.1.0
L4-003,2024-10-22,2.25,percent,FRED,T5YIE,docs/phase2-ingestion/data/macro/raw/fred/T5YIE-20260821T022309Z.json,ef580e8a42052f19acbf9160806aac8a226a0db96fae0f132bf0944e1dfe12bd,2026-08-21T02:29:31.506808+00:00,PASS,STALE,0.1.0
L4-003,2024-10-23,2.23,percent,FRED,T5YIE,docs/phase2-ingestion/data/macro/raw/fred/T5YIE-20260821T022309Z.json,ef580e8a42052f19acbf9160806aac8a226a0db96fae0f132bf0944e1dfe12bd,2026-08-21T02:29:31.506808+00:00,PASS,STALE,0.1.0
L4-003,2024-10-24,2.33,percent,FRED,T5YIE,docs/phase2-ingestion/data/macro/raw/fred/T5YIE-20260821T022309Z.json,ef580e8a42052f19acbf9160806aac8a226a0db96fae0f132bf0944e1dfe12bd,2026-08-21T02:29:31.506808+00:00,PASS,STALE,0.1.0
L4-003,2024-10-25,2.32,percent,FRED,T5YIE,docs/phase2-ingestion/data/macro/raw/fred/T5YIE-20260821T022309Z.json,ef580e8a42052f19acbf9160806aac8a226a0db96fae0f132bf0944e1dfe12bd,2026-08-21T02:29:31.506808+00:00,PASS,STALE,0.1.0
L4-003,2024-10-28,2.31,percent,FRED,T5YIE,docs/phase2-ingestion/data/macro/raw/fred/T5YIE-20260821T022309Z.json,ef580e8a42052f19acbf9160806aac8a226a0db96fae0f132bf0944e1dfe12bd,2026-08-21T02:29:31.506808+00:00,PASS,STALE,0.1.0
L4-003,2024-10-29,2.33,percent,FRED,T5YIE,docs/phase2-ingestion/data/macro/raw/fred/T5YIE-20260821T022309Z.json,ef580e8a42052f19acbf9160806aac8a226a0db96fae0f132bf0944e1dfe12bd,2026-08-21T02:29:31.506808+00:00,PASS,STALE,0.1.0
L4-003,2024-10-30,2.37,percent,FRED,T5YIE,docs/phase2-ingestion/data/macro/raw/fred/T5YIE-20260821T022309Z.json,ef580e8a42052f19acbf9160806aac8a226a0db96fae0f132bf0944e1dfe12bd,2026-08-21T02:29:31.506808+00:00,PASS,STALE,0.1.0
L4-003,2024-10-31,2.38,percent,FRED,T5YIE,docs/phase2-ingestion/data/macro/raw/fred/T5YIE-20260821T022309Z.json,ef580e8a42052f19acbf9160806aac8a226a0db96fae0f132bf0944e1dfe12bd,2026-08-21T02:29:31.506808+00:00,PASS,STALE,0.1.0
L4-003,2024-11-01,2.37,percent,FRED,T5YIE,docs/phase2-ingestion/data/macro/raw/fred/T5YIE-20260821T022309Z.json,ef580e8a42052f19acbf9160806aac8a226a0db96fae0f132bf0944e1dfe12bd,2026-08-21T02:29:31.506808+00:00,PASS,STALE,0.1.0
L4-003,2024-11-04,2.32,percent,FRED,T5YIE,docs/phase2-ingestion/data/macro/raw/fred/T5YIE-20260821T022309Z.json,ef580e8a42052f19acbf9160806aac8a226a0db96fae0f132bf0944e1dfe12bd,2026-08-21T02:29:31.506808+00:00,PASS,STALE,0.1.0
L4-003,2024-11-05,2.32,percent,FRED,T5YIE,docs/phase2-ingestion/data/macro/raw/fred/T5YIE-20260821T022309Z.json,ef580e8a42052f19acbf9160806aac8a226a0db96fae0f132bf0944e1dfe12bd,2026-08-21T02:29:31.506808+00:00,PASS,STALE,0.1.0
L4-003,2024-11-06,2.46,percent,FRED,T5YIE,docs/phase2-ingestion/data/macro/raw/fred/T5YIE-20260821T022309Z.json,ef580e8a42052f19acbf9160806aac8a226a0db96fae0f132bf0944e1dfe12bd,2026-08-21T02:29:31.506808+00:00,PASS,STALE,0.1.0
L4-003,2024-11-07,2.4,percent,FRED,T5YIE,docs/phase2-ingestion/data/macro/raw/fred/T5YIE-20260821T022309Z.json,ef580e8a42052f19acbf9160806aac8a226a0db96fae0f132bf0944e1dfe12bd,2026-08-21T02:29:31.506808+00:00,PASS,STALE,0.1.0
L4-003,2024-11-08,2.43,percent,FRED,T5YIE,docs/phase2-ingestion/data/macro/raw/fred/T5YIE-20260821T022309Z.json,ef580e8a42052f19acbf9160806aac8a226a0db96fae0f132bf0944e1dfe12bd,2026-08-21T02:29:31.506808+00:00,PASS,STALE,0.1.0
L4-003,2024-11-12,2.43,percent,FRED,T5YIE,docs/phase2-ingestion/data/macro/raw/fred/T5YIE-20260821T022309Z.json,ef580e8a42052f19acbf9160806aac8a226a0db96fae0f132bf0944e1dfe12bd,2026-08-21T02:29:31.506808+00:00,PASS,STALE,0.1.0
L4-003,2024-11-13,2.42,percent,FRED,T5YIE,docs/phase2-ingestion/data/macro/raw/fred/T5YIE-20260821T022309Z.json,ef580e8a42052f19acbf9160806aac8a226a0db96fae0f132bf0944e1dfe12bd,2026-08-21T02:29:31.506808+00:00,PASS,STALE,0.1.0
L4-003,2024-11-14,2.4,percent,FRED,T5YIE,docs/phase2-ingestion/data/macro/raw/fred/T5YIE-20260821T022309Z.json,ef580e8a42052f19acbf9160806aac8a226a0db96fae0f132bf0944e1dfe12bd,2026-08-21T02:29:31.506808+00:00,PASS,STALE,0.1.0
L4-003,2024-11-15,2.39,percent,FRED,T5YIE,docs/phase2-ingestion/data/macro/raw/fred/T5YIE-20260821T022309Z.json,ef580e8a42052f19acbf9160806aac8a226a0db96fae0f132bf0944e1dfe12bd,2026-08-21T02:29:31.506808+00:00,PASS,STALE,0.1.0
L4-003,2024-11-18,2.41,percent,FRED,T5YIE,docs/phase2-ingestion/data/macro/raw/fred/T5YIE-20260821T022309Z.json,ef580e8a42052f19acbf9160806aac8a226a0db96fae0f132bf0944e1dfe12bd,2026-08-21T02:29:31.506808+00:00,PASS,STALE,0.1.0
L4-003,2024-11-19,2.41,percent,FRED,T5YIE,docs/phase2-ingestion/data/macro/raw/fred/T5YIE-20260821T022309Z.json,ef580e8a42052f19acbf9160806aac8a226a0db96fae0f132bf0944e1dfe12bd,2026-08-21T02:29:31.506808+00:00,PASS,STALE,0.1.0
L4-003,2024-11-20,2.43,percent,FRED,T5YIE,docs/phase2-ingestion/data/macro/raw/fred/T5YIE-20260821T022309Z.json,ef580e8a42052f19acbf9160806aac8a226a0db96fae0f132bf0944e1dfe12bd,2026-08-21T02:29:31.506808+00:00,PASS,STALE,0.1.0
L4-003,2024-11-21,2.42,percent,FRED,T5YIE,docs/phase2-ingestion/data/macro/raw/fred/T5YIE-20260821T022309Z.json,ef580e8a42052f19acbf9160806aac8a226a0db96fae0f132bf0944e1dfe12bd,2026-08-21T02:29:31.506808+00:00,PASS,STALE,0.1.0
L4-003,2024-11-22,2.43,percent,FRED,T5YIE,docs/phase2-ingestion/data/macro/raw/fred/T5YIE-20260821T022309Z.json,ef580e8a42052f19acbf9160806aac8a226a0db96fae0f132bf0944e1dfe12bd,2026-08-21T02:29:31.506808+00:00,PASS,STALE,0.1.0
L4-003,2024-11-25,2.35,percent,FRED,T5YIE,docs/phase2-ingestion/data/macro/raw/fred/T5YIE-20260821T022309Z.json,ef580e8a42052f19acbf9160806aac8a226a0db96fae0f132bf0944e1dfe12bd,2026-08-21T02:29:31.506808+00:00,PASS,STALE,0.1.0
L4-003,2024-11-26,2.33,percent,FRED,T5YIE,docs/phase2-ingestion/data/macro/raw/fred/T5YIE-20260821T022309Z.json,ef580e8a42052f19acbf9160806aac8a226a0db96fae0f132bf0944e1dfe12bd,2026-08-21T02:29:31.506808+00:00,PASS,STALE,0.1.0
L4-003,2024-11-27,2.32,percent,FRED,T5YIE,docs/phase2-ingestion/data/macro/raw/fred/T5YIE-20260821T022309Z.json,ef580e8a42052f19acbf9160806aac8a226a0db96fae0f132bf0944e1dfe12bd,2026-08-21T02:29:31.506808+00:00,PASS,STALE,0.1.0
L4-003,2024-11-29,2.33,percent,FRED,T5YIE,docs/phase2-ingestion/data/macro/raw/fred/T5YIE-20260821T022309Z.json,ef580e8a42052f19acbf9160806aac8a226a0db96fae0f132bf0944e1dfe12bd,2026-08-21T02:29:31.506808+00:00,PASS,STALE,0.1.0
L4-003,2024-12-02,2.33,percent,FRED,T5YIE,docs/phase2-ingestion/data/macro/raw/fred/T5YIE-20260821T022309Z.json,ef580e8a42052f19acbf9160806aac8a226a0db96fae0f132bf0944e1dfe12bd,2026-08-21T02:29:31.506808+00:00,PASS,STALE,0.1.0
L4-003,2024-12-03,2.36,percent,FRED,T5YIE,docs/phase2-ingestion/data/macro/raw/fred/T5YIE-20260821T022309Z.json,ef580e8a42052f19acbf9160806aac8a226a0db96fae0f132bf0944e1dfe12bd,2026-08-21T02:29:31.506808+00:00,PASS,STALE,0.1.0
L4-003,2024-12-04,2.37,percent,FRED,T5YIE,docs/phase2-ingestion/data/macro/raw/fred/T5YIE-20260821T022309Z.json,ef580e8a42052f19acbf9160806aac8a226a0db96fae0f132bf0944e1dfe12bd,2026-08-21T02:29:31.506808+00:00,PASS,STALE,0.1.0
L4-003,2024-12-05,2.35,percent,FRED,T5YIE,docs/phase2-ingestion/data/macro/raw/fred/T5YIE-20260821T022309Z.json,ef580e8a42052f19acbf9160806aac8a226a0db96fae0f132bf0944e1dfe12bd,2026-08-21T02:29:31.506808+00:00,PASS,STALE,0.1.0
L4-003,2024-12-06,2.31,percent,FRED,T5YIE,docs/phase2-ingestion/data/macro/raw/fred/T5YIE-20260821T022309Z.json,ef580e8a42052f19acbf9160806aac8a226a0db96fae0f132bf0944e1dfe12bd,2026-08-21T02:29:31.506808+00:00,PASS,STALE,0.1.0
L4-003,2024-12-09,2.33,percent,FRED,T5YIE,docs/phase2-ingestion/data/macro/raw/fred/T5YIE-20260821T022309Z.json,ef580e8a42052f19acbf9160806aac8a226a0db96fae0f132bf0944e1dfe12bd,2026-08-21T02:29:31.506808+00:00,PASS,STALE,0.1.0
L4-003,2024-12-10,2.34,percent,FRED,T5YIE,docs/phase2-ingestion/data/macro/raw/fred/T5YIE-20260821T022309Z.json,ef580e8a42052f19acbf9160806aac8a226a0db96fae0f132bf0944e1dfe12bd,2026-08-21T02:29:31.506808+00:00,PASS,STALE,0.1.0
L4-003,2024-12-11,2.38,percent,FRED,T5YIE,docs/phase2-ingestion/data/macro/raw/fred/T5YIE-20260821T022309Z.json,ef580e8a42052f19acbf9160806aac8a226a0db96fae0f132bf0944e1dfe12bd,2026-08-21T02:29:31.506808+00:00,PASS,STALE,0.1.0
L4-003,2024-12-12,2.39,percent,FRED,T5YIE,docs/phase2-ingestion/data/macro/raw/fred/T5YIE-20260821T022309Z.json,ef580e8a42052f19acbf9160806aac8a226a0db96fae0f132bf0944e1dfe12bd,2026-08-21T02:29:31.506808+00:00,PASS,STALE,0.1.0
L4-003,2024-12-13,2.4,percent,FRED,T5YIE,docs/phase2-ingestion/data/macro/raw/fred/T5YIE-20260821T022309Z.json,ef580e8a42052f19acbf9160806aac8a226a0db96fae0f132bf0944e1dfe12bd,2026-08-21T02:29:31.506808+00:00,PASS,STALE,0.1.0
L4-003,2024-12-16,2.38,percent,FRED,T5YIE,docs/phase2-ingestion/data/macro/raw/fred/T5YIE-20260821T022309Z.json,ef580e8a42052f19acbf9160806aac8a226a0db96fae0f132bf0944e1dfe12bd,2026-08-21T02:29:31.506808+00:00,PASS,STALE,0.1.0
L4-003,2024-12-17,2.36,percent,FRED,T5YIE,docs/phase2-ingestion/data/macro/raw/fred/T5YIE-20260821T022309Z.json,ef580e8a42052f19acbf9160806aac8a226a0db96fae0f132bf0944e1dfe12bd,2026-08-21T02:29:31.506808+00:00,PASS,STALE,0.1.0
L4-003,2024-12-18,2.38,percent,FRED,T5YIE,docs/phase2-ingestion/data/macro/raw/fred/T5YIE-20260821T022309Z.json,ef580e8a42052f19acbf9160806aac8a226a0db96fae0f132bf0944e1dfe12bd,2026-08-21T02:29:31.506808+00:00,PASS,STALE,0.1.0
L4-003,2024-12-19,2.35,percent,FRED,T5YIE,docs/phase2-ingestion/data/macro/raw/fred/T5YIE-20260821T022309Z.json,ef580e8a42052f19acbf9160806aac8a226a0db96fae0f132bf0944e1dfe12bd,2026-08-21T02:29:31.506808+00:00,PASS,STALE,0.1.0
L4-003,2024-12-20,2.34,percent,FRED,T5YIE,docs/phase2-ingestion/data/macro/raw/fred/T5YIE-20260821T022309Z.json,ef580e8a42052f19acbf9160806aac8a226a0db96fae0f132bf0944e1dfe12bd,2026-08-21T02:29:31.506808+00:00,PASS,STALE,0.1.0
L4-003,2024-12-23,2.38,percent,FRED,T5YIE,docs/phase2-ingestion/data/macro/raw/fred/T5YIE-20260821T022309Z.json,ef580e8a42052f19acbf9160806aac8a226a0db96fae0f132bf0944e1dfe12bd,2026-08-21T02:29:31.506808+00:00,PASS,STALE,0.1.0
L4-003,2024-12-24,2.39,percent,FRED,T5YIE,docs/phase2-ingestion/data/macro/raw/fred/T5YIE-20260821T022309Z.json,ef580e8a42052f19acbf9160806aac8a226a0db96fae0f132bf0944e1dfe12bd,2026-08-21T02:29:31.506808+00:00,PASS,STALE,0.1.0
L4-003,2024-12-26,2.39,percent,FRED,T5YIE,docs/phase2-ingestion/data/macro/raw/fred/T5YIE-20260821T022309Z.json,ef580e8a42052f19acbf9160806aac8a226a0db96fae0f132bf0944e1dfe12bd,2026-08-21T02:29:31.506808+00:00,PASS,STALE,0.1.0
L4-003,2024-12-27,2.38,percent,FRED,T5YIE,docs/phase2-ingestion/data/macro/raw/fred/T5YIE-20260821T022309Z.json,ef580e8a42052f19acbf9160806aac8a226a0db96fae0f132bf0944e1dfe12bd,2026-08-21T02:29:31.506808+00:00,PASS,STALE,0.1.0
L4-003,2024-12-30,2.35,percent,FRED,T5YIE,docs/phase2-ingestion/data/macro/raw/fred/T5YIE-20260821T022309Z.json,ef580e8a42052f19acbf9160806aac8a226a0db96fae0f132bf0944e1dfe12bd,2026-08-21T02:29:31.506808+00:00,PASS,STALE,0.1.0
L4-003,2024-12-31,2.38,percent,FRED,T5YIE,docs/phase2-ingestion/data/macro/raw/fred/T5YIE-20260821T022309Z.json,ef580e8a42052f19acbf9160806aac8a226a0db96fae0f132bf0944e1dfe12bd,2026-08-21T02:29:31.506808+00:00,PASS,STALE,0.1.0
L4-003,2025-01-02,2.41,percent,FRED,T5YIE,docs/phase2-ingestion/data/macro/raw/fred/T5YIE-20260821T022309Z.json,ef580e8a42052f19acbf9160806aac8a226a0db96fae0f132bf0944e1dfe12bd,2026-08-21T02:29:31.506808+00:00,PASS,STALE,0.1.0
L4-003,2025-01-03,2.4,percent,FRED,T5YIE,docs/phase2-ingestion/data/macro/raw/fred/T5YIE-20260821T022309Z.json,ef580e8a42052f19acbf9160806aac8a226a0db96fae0f132bf0944e1dfe12bd,2026-08-21T02:29:31.506808+00:00,PASS,STALE,0.1.0
L4-003,2025-01-06,2.4,percent,FRED,T5YIE,docs/phase2-ingestion/data/macro/raw/fred/T5YIE-20260821T022309Z.json,ef580e8a42052f19acbf9160806aac8a226a0db96fae0f132bf0944e1dfe12bd,2026-08-21T02:29:31.506808+00:00,PASS,STALE,0.1.0
L4-003,2025-01-07,2.44,percent,FRED,T5YIE,docs/phase2-ingestion/data/macro/raw/fred/T5YIE-20260821T022309Z.json,ef580e8a42052f19acbf9160806aac8a226a0db96fae0f132bf0944e1dfe12bd,2026-08-21T02:29:31.506808+00:00,PASS,STALE,0.1.0
L4-003,2025-01-08,2.47,percent,FRED,T5YIE,docs/phase2-ingestion/data/macro/raw/fred/T5YIE-20260821T022309Z.json,ef580e8a42052f19acbf9160806aac8a226a0db96fae0f132bf0944e1dfe12bd,2026-08-21T02:29:31.506808+00:00,PASS,STALE,0.1.0
L4-003,2025-01-09,2.46,percent,FRED,T5YIE,docs/phase2-ingestion/data/macro/raw/fred/T5YIE-20260821T022309Z.json,ef580e8a42052f19acbf9160806aac8a226a0db96fae0f132bf0944e1dfe12bd,2026-08-21T02:29:31.506808+00:00,PASS,STALE,0.1.0
L4-003,2025-01-10,2.51,percent,FRED,T5YIE,docs/phase2-ingestion/data/macro/raw/fred/T5YIE-20260821T022309Z.json,ef580e8a42052f19acbf9160806aac8a226a0db96fae0f132bf0944e1dfe12bd,2026-08-21T02:29:31.506808+00:00,PASS,STALE,0.1.0
L4-003,2025-01-13,2.55,percent,FRED,T5YIE,docs/phase2-ingestion/data/macro/raw/fred/T5YIE-20260821T022309Z.json,ef580e8a42052f19acbf9160806aac8a226a0db96fae0f132bf0944e1dfe12bd,2026-08-21T02:29:31.506808+00:00,PASS,STALE,0.1.0
L4-003,2025-01-14,2.55,percent,FRED,T5YIE,docs/phase2-ingestion/data/macro/raw/fred/T5YIE-20260821T022309Z.json,ef580e8a42052f19acbf9160806aac8a226a0db96fae0f132bf0944e1dfe12bd,2026-08-21T02:29:31.506808+00:00,PASS,STALE,0.1.0
L4-003,2025-01-15,2.52,percent,FRED,T5YIE,docs/phase2-ingestion/data/macro/raw/fred/T5YIE-20260821T022309Z.json,ef580e8a42052f19acbf9160806aac8a226a0db96fae0f132bf0944e1dfe12bd,2026-08-21T02:29:31.506808+00:00,PASS,STALE,0.1.0
L4-003,2025-01-16,2.51,percent,FRED,T5YIE,docs/phase2-ingestion/data/macro/raw/fred/T5YIE-20260821T022309Z.json,ef580e8a42052f19acbf9160806aac8a226a0db96fae0f132bf0944e1dfe12bd,2026-08-21T02:29:31.506808+00:00,PASS,STALE,0.1.0
L4-003,2025-01-17,2.52,percent,FRED,T5YIE,docs/phase2-ingestion/data/macro/raw/fred/T5YIE-20260821T022309Z.json,ef580e8a42052f19acbf9160806aac8a226a0db96fae0f132bf0944e1dfe12bd,2026-08-21T02:29:31.506808+00:00,PASS,STALE,0.1.0
L4-003,2025-01-21,2.47,percent,FRED,T5YIE,docs/phase2-ingestion/data/macro/raw/fred/T5YIE-20260821T022309Z.json,ef580e8a42052f19acbf9160806aac8a226a0db96fae0f132bf0944e1dfe12bd,2026-08-21T02:29:31.506808+00:00,PASS,STALE,0.1.0
L4-003,2025-01-22,2.48,percent,FRED,T5YIE,docs/phase2-ingestion/data/macro/raw/fred/T5YIE-20260821T022309Z.json,ef580e8a42052f19acbf9160806aac8a226a0db96fae0f132bf0944e1dfe12bd,2026-08-21T02:29:31.506808+00:00,PASS,STALE,0.1.0
L4-003,2025-01-23,2.52,percent,FRED,T5YIE,docs/phase2-ingestion/data/macro/raw/fred/T5YIE-20260821T022309Z.json,ef580e8a42052f19acbf9160806aac8a226a0db96fae0f132bf0944e1dfe12bd,2026-08-21T02:29:31.506808+00:00,PASS,STALE,0.1.0
L4-003,2025-01-24,2.52,percent,FRED,T5YIE,docs/phase2-ingestion/data/macro/raw/fred/T5YIE-20260821T022309Z.json,ef580e8a42052f19acbf9160806aac8a226a0db96fae0f132bf0944e1dfe12bd,2026-08-21T02:29:31.506808+00:00,PASS,STALE,0.1.0
L4-003,2025-01-27,2.49,percent,FRED,T5YIE,docs/phase2-ingestion/data/macro/raw/fred/T5YIE-20260821T022309Z.json,ef580e8a42052f19acbf9160806aac8a226a0db96fae0f132bf0944e1dfe12bd,2026-08-21T02:29:31.506808+00:00,PASS,STALE,0.1.0
L4-003,2025-01-28,2.52,percent,FRED,T5YIE,docs/phase2-ingestion/data/macro/raw/fred/T5YIE-20260821T022309Z.json,ef580e8a42052f19acbf9160806aac8a226a0db96fae0f132bf0944e1dfe12bd,2026-08-21T02:29:31.506808+00:00,PASS,STALE,0.1.0
L4-003,2025-01-29,2.52,percent,FRED,T5YIE,docs/phase2-ingestion/data/macro/raw/fred/T5YIE-20260821T022309Z.json,ef580e8a42052f19acbf9160806aac8a226a0db96fae0f132bf0944e1dfe12bd,2026-08-21T02:29:31.506808+00:00,PASS,STALE,0.1.0
L4-003,2025-01-30,2.5,percent,FRED,T5YIE,docs/phase2-ingestion/data/macro/raw/fred/T5YIE-20260821T022309Z.json,ef580e8a42052f19acbf9160806aac8a226a0db96fae0f132bf0944e1dfe12bd,2026-08-21T02:29:31.506808+00:00,PASS,STALE,0.1.0
L4-003,2025-01-31,2.54,percent,FRED,T5YIE,docs/phase2-ingestion/data/macro/raw/fred/T5YIE-20260821T022309Z.json,ef580e8a42052f19acbf9160806aac8a226a0db96fae0f132bf0944e1dfe12bd,2026-08-21T02:29:31.506808+00:00,PASS,STALE,0.1.0
L4-003,2025-02-03,2.61,percent,FRED,T5YIE,docs/phase2-ingestion/data/macro/raw/fred/T5YIE-20260821T022309Z.json,ef580e8a42052f19acbf9160806aac8a226a0db96fae0f132bf0944e1dfe12bd,2026-08-21T02:29:31.506808+00:00,PASS,STALE,0.1.0
L4-003,2025-02-04,2.59,percent,FRED,T5YIE,docs/phase2-ingestion/data/macro/raw/fred/T5YIE-20260821T022309Z.json,ef580e8a42052f19acbf9160806aac8a226a0db96fae0f132bf0944e1dfe12bd,2026-08-21T02:29:31.506808+00:00,PASS,STALE,0.1.0
L4-003,2025-02-05,2.57,percent,FRED,T5YIE,docs/phase2-ingestion/data/macro/raw/fred/T5YIE-20260821T022309Z.json,ef580e8a42052f19acbf9160806aac8a226a0db96fae0f132bf0944e1dfe12bd,2026-08-21T02:29:31.506808+00:00,PASS,STALE,0.1.0
L4-003,2025-02-06,2.57,percent,FRED,T5YIE,docs/phase2-ingestion/data/macro/raw/fred/T5YIE-20260821T022309Z.json,ef580e8a42052f19acbf9160806aac8a226a0db96fae0f132bf0944e1dfe12bd,2026-08-21T02:29:31.506808+00:00,PASS,STALE,0.1.0
L4-003,2025-02-07,2.59,percent,FRED,T5YIE,docs/phase2-ingestion/data/macro/raw/fred/T5YIE-20260821T022309Z.json,ef580e8a42052f19acbf9160806aac8a226a0db96fae0f132bf0944e1dfe12bd,2026-08-21T02:29:31.506808+00:00,PASS,STALE,0.1.0
L4-003,2025-02-10,2.6,percent,FRED,T5YIE,docs/phase2-ingestion/data/macro/raw/fred/T5YIE-20260821T022309Z.json,ef580e8a42052f19acbf9160806aac8a226a0db96fae0f132bf0944e1dfe12bd,2026-08-21T02:29:31.506808+00:00,PASS,STALE,0.1.0
L4-003,2025-02-11,2.64,percent,FRED,T5YIE,docs/phase2-ingestion/data/macro/raw/fred/T5YIE-20260821T022309Z.json,ef580e8a42052f19acbf9160806aac8a226a0db96fae0f132bf0944e1dfe12bd,2026-08-21T02:29:31.506808+00:00,PASS,STALE,0.1.0
L4-003,2025-02-12,2.66,percent,FRED,T5YIE,docs/phase2-ingestion/data/macro/raw/fred/T5YIE-20260821T022309Z.json,ef580e8a42052f19acbf9160806aac8a226a0db96fae0f132bf0944e1dfe12bd,2026-08-21T02:29:31.506808+00:00,PASS,STALE,0.1.0
L4-003,2025-02-13,2.64,percent,FRED,T5YIE,docs/phase2-ingestion/data/macro/raw/fred/T5YIE-20260821T022309Z.json,ef580e8a42052f19acbf9160806aac8a226a0db96fae0f132bf0944e1dfe12bd,2026-08-21T02:29:31.506808+00:00,PASS,STALE,0.1.0
L4-003,2025-02-14,2.62,percent,FRED,T5YIE,docs/phase2-ingestion/data/macro/raw/fred/T5YIE-20260821T022309Z.json,ef580e8a42052f19acbf9160806aac8a226a0db96fae0f132bf0944e1dfe12bd,2026-08-21T02:29:31.506808+00:00,PASS,STALE,0.1.0
L4-003,2025-02-18,2.65,percent,FRED,T5YIE,docs/phase2-ingestion/data/macro/raw/fred/T5YIE-20260821T022309Z.json,ef580e8a42052f19acbf9160806aac8a226a0db96fae0f132bf0944e1dfe12bd,2026-08-21T02:29:31.506808+00:00,PASS,STALE,0.1.0
L4-003,2025-02-19,2.66,percent,FRED,T5YIE,docs/phase2-ingestion/data/macro/raw/fred/T5YIE-20260821T022309Z.json,ef580e8a42052f19acbf9160806aac8a226a0db96fae0f132bf0944e1dfe12bd,2026-08-21T02:29:31.506808+00:00,PASS,STALE,0.1.0
L4-003,2025-02-20,2.66,percent,FRED,T5YIE,docs/phase2-ingestion/data/macro/raw/fred/T5YIE-20260821T022309Z.json,ef580e8a42052f19acbf9160806aac8a226a0db96fae0f132bf0944e1dfe12bd,2026-08-21T02:29:31.506808+00:00,PASS,STALE,0.1.0
L4-003,2025-02-21,2.61,percent,FRED,T5YIE,docs/phase2-ingestion/data/macro/raw/fred/T5YIE-20260821T022309Z.json,ef580e8a42052f19acbf9160806aac8a226a0db96fae0f132bf0944e1dfe12bd,2026-08-21T02:29:31.506808+00:00,PASS,STALE,0.1.0
L4-003,2025-02-24,2.61,percent,FRED,T5YIE,docs/phase2-ingestion/data/macro/raw/fred/T5YIE-20260821T022309Z.json,ef580e8a42052f19acbf9160806aac8a226a0db96fae0f132bf0944e1dfe12bd,2026-08-21T02:29:31.506808+00:00,PASS,STALE,0.1.0
L4-003,2025-02-25,2.57,percent,FRED,T5YIE,docs/phase2-ingestion/data/macro/raw/fred/T5YIE-20260821T022309Z.json,ef580e8a42052f19acbf9160806aac8a226a0db96fae0f132bf0944e1dfe12bd,2026-08-21T02:29:31.506808+00:00,PASS,STALE,0.1.0
L4-003,2025-02-26,2.54,percent,FRED,T5YIE,docs/phase2-ingestion/data/macro/raw/fred/T5YIE-20260821T022309Z.json,ef580e8a42052f19acbf9160806aac8a226a0db96fae0f132bf0944e1dfe12bd,2026-08-21T02:29:31.506808+00:00,PASS,STALE,0.1.0
L4-003,2025-02-27,2.57,percent,FRED,T5YIE,docs/phase2-ingestion/data/macro/raw/fred/T5YIE-20260821T022309Z.json,ef580e8a42052f19acbf9160806aac8a226a0db96fae0f132bf0944e1dfe12bd,2026-08-21T02:29:31.506808+00:00,PASS,STALE,0.1.0
L4-003,2025-02-28,2.58,percent,FRED,T5YIE,docs/phase2-ingestion/data/macro/raw/fred/T5YIE-20260821T022309Z.json,ef580e8a42052f19acbf9160806aac8a226a0db96fae0f132bf0944e1dfe12bd,2026-08-21T02:29:31.506808+00:00,PASS,STALE,0.1.0
L4-003,2025-03-03,2.59,percent,FRED,T5YIE,docs/phase2-ingestion/data/macro/raw/fred/T5YIE-20260821T022309Z.json,ef580e8a42052f19acbf9160806aac8a226a0db96fae0f132bf0944e1dfe12bd,2026-08-21T02:29:31.506808+00:00,PASS,STALE,0.1.0
L4-003,2025-03-04,2.59,percent,FRED,T5YIE,docs/phase2-ingestion/data/macro/raw/fred/T5YIE-20260821T022309Z.json,ef580e8a42052f19acbf9160806aac8a226a0db96fae0f132bf0944e1dfe12bd,2026-08-21T02:29:31.506808+00:00,PASS,STALE,0.1.0
L4-003,2025-03-05,2.56,percent,FRED,T5YIE,docs/phase2-ingestion/data/macro/raw/fred/T5YIE-20260821T022309Z.json,ef580e8a42052f19acbf9160806aac8a226a0db96fae0f132bf0944e1dfe12bd,2026-08-21T02:29:31.506808+00:00,PASS,STALE,0.1.0
L4-003,2025-03-06,2.53,percent,FRED,T5YIE,docs/phase2-ingestion/data/macro/raw/fred/T5YIE-20260821T022309Z.json,ef580e8a42052f19acbf9160806aac8a226a0db96fae0f132bf0944e1dfe12bd,2026-08-21T02:29:31.506808+00:00,PASS,STALE,0.1.0
L4-003,2025-03-07,2.52,percent,FRED,T5YIE,docs/phase2-ingestion/data/macro/raw/fred/T5YIE-20260821T022309Z.json,ef580e8a42052f19acbf9160806aac8a226a0db96fae0f132bf0944e1dfe12bd,2026-08-21T02:29:31.506808+00:00,PASS,STALE,0.1.0
L4-003,2025-03-10,2.49,percent,FRED,T5YIE,docs/phase2-ingestion/data/macro/raw/fred/T5YIE-20260821T022309Z.json,ef580e8a42052f19acbf9160806aac8a226a0db96fae0f132bf0944e1dfe12bd,2026-08-21T02:29:31.506808+00:00,PASS,STALE,0.1.0
L4-003,2025-03-11,2.5,percent,FRED,T5YIE,docs/phase2-ingestion/data/macro/raw/fred/T5YIE-20260821T022309Z.json,ef580e8a42052f19acbf9160806aac8a226a0db96fae0f132bf0944e1dfe12bd,2026-08-21T02:29:31.506808+00:00,PASS,STALE,0.1.0
L4-003,2025-03-12,2.53,percent,FRED,T5YIE,docs/phase2-ingestion/data/macro/raw/fred/T5YIE-20260821T022309Z.json,ef580e8a42052f19acbf9160806aac8a226a0db96fae0f132bf0944e1dfe12bd,2026-08-21T02:29:31.506808+00:00,PASS,STALE,0.1.0
L4-003,2025-03-13,2.48,percent,FRED,T5YIE,docs/phase2-ingestion/data/macro/raw/fred/T5YIE-20260821T022309Z.json,ef580e8a42052f19acbf9160806aac8a226a0db96fae0f132bf0944e1dfe12bd,2026-08-21T02:29:31.506808+00:00,PASS,STALE,0.1.0
L4-003,2025-03-14,2.48,percent,FRED,T5YIE,docs/phase2-ingestion/data/macro/raw/fred/T5YIE-20260821T022309Z.json,ef580e8a42052f19acbf9160806aac8a226a0db96fae0f132bf0944e1dfe12bd,2026-08-21T02:29:31.506808+00:00,PASS,STALE,0.1.0
L4-003,2025-03-17,2.48,percent,FRED,T5YIE,docs/phase2-ingestion/data/macro/raw/fred/T5YIE-20260821T022309Z.json,ef580e8a42052f19acbf9160806aac8a226a0db96fae0f132bf0944e1dfe12bd,2026-08-21T02:29:31.506808+00:00,PASS,STALE,0.1.0
L4-003,2025-03-18,2.46,percent,FRED,T5YIE,docs/phase2-ingestion/data/macro/raw/fred/T5YIE-20260821T022309Z.json,ef580e8a42052f19acbf9160806aac8a226a0db96fae0f132bf0944e1dfe12bd,2026-08-21T02:29:31.506808+00:00,PASS,STALE,0.1.0
L4-003,2025-03-19,2.5,percent,FRED,T5YIE,docs/phase2-ingestion/data/macro/raw/fred/T5YIE-20260821T022309Z.json,ef580e8a42052f19acbf9160806aac8a226a0db96fae0f132bf0944e1dfe12bd,2026-08-21T02:29:31.506808+00:00,PASS,STALE,0.1.0
L4-003,2025-03-20,2.51,percent,FRED,T5YIE,docs/phase2-ingestion/data/macro/raw/fred/T5YIE-20260821T022309Z.json,ef580e8a42052f19acbf9160806aac8a226a0db96fae0f132bf0944e1dfe12bd,2026-08-21T02:29:31.506808+00:00,PASS,STALE,0.1.0
L4-003,2025-03-21,2.51,percent,FRED,T5YIE,docs/phase2-ingestion/data/macro/raw/fred/T5YIE-20260821T022309Z.json,ef580e8a42052f19acbf9160806aac8a226a0db96fae0f132bf0944e1dfe12bd,2026-08-21T02:29:31.506808+00:00,PASS,STALE,0.1.0
L4-003,2025-03-24,2.54,percent,FRED,T5YIE,docs/phase2-ingestion/data/macro/raw/fred/T5YIE-20260821T022309Z.json,ef580e8a42052f19acbf9160806aac8a226a0db96fae0f132bf0944e1dfe12bd,2026-08-21T02:29:31.506808+00:00,PASS,STALE,0.1.0
L4-003,2025-03-25,2.56,percent,FRED,T5YIE,docs/phase2-ingestion/data/macro/raw/fred/T5YIE-20260821T022309Z.json,ef580e8a42052f19acbf9160806aac8a226a0db96fae0f132bf0944e1dfe12bd,2026-08-21T02:29:31.506808+00:00,PASS,STALE,0.1.0
L4-003,2025-03-26,2.56,percent,FRED,T5YIE,docs/phase2-ingestion/data/macro/raw/fred/T5YIE-20260821T022309Z.json,ef580e8a42052f19acbf9160806aac8a226a0db96fae0f132bf0944e1dfe12bd,2026-08-21T02:29:31.506808+00:00,PASS,STALE,0.1.0
L4-003,2025-03-27,2.6,percent,FRED,T5YIE,docs/phase2-ingestion/data/macro/raw/fred/T5YIE-20260821T022309Z.json,ef580e8a42052f19acbf9160806aac8a226a0db96fae0f132bf0944e1dfe12bd,2026-08-21T02:29:31.506808+00:00,PASS,STALE,0.1.0
L4-003,2025-03-28,2.58,percent,FRED,T5YIE,docs/phase2-ingestion/data/macro/raw/fred/T5YIE-20260821T022309Z.json,ef580e8a42052f19acbf9160806aac8a226a0db96fae0f132bf0944e1dfe12bd,2026-08-21T02:29:31.506808+00:00,PASS,STALE,0.1.0
L4-003,2025-03-31,2.61,percent,FRED,T5YIE,docs/phase2-ingestion/data/macro/raw/fred/T5YIE-20260821T022309Z.json,ef580e8a42052f19acbf9160806aac8a226a0db96fae0f132bf0944e1dfe12bd,2026-08-21T02:29:31.506808+00:00,PASS,STALE,0.1.0
L4-003,2025-04-01,2.54,percent,FRED,T5YIE,docs/phase2-ingestion/data/macro/raw/fred/T5YIE-20260821T022309Z.json,ef580e8a42052f19acbf9160806aac8a226a0db96fae0f132bf0944e1dfe12bd,2026-08-21T02:29:31.506808+00:00,PASS,STALE,0.1.0
L4-003,2025-04-02,2.51,percent,FRED,T5YIE,docs/phase2-ingestion/data/macro/raw/fred/T5YIE-20260821T022309Z.json,ef580e8a42052f19acbf9160806aac8a226a0db96fae0f132bf0944e1dfe12bd,2026-08-21T02:29:31.506808+00:00,PASS,STALE,0.1.0
L4-003,2025-04-03,2.5,percent,FRED,T5YIE,docs/phase2-ingestion/data/macro/raw/fred/T5YIE-20260821T022309Z.json,ef580e8a42052f19acbf9160806aac8a226a0db96fae0f132bf0944e1dfe12bd,2026-08-21T02:29:31.506808+00:00,PASS,STALE,0.1.0
L4-003,2025-04-04,2.34,percent,FRED,T5YIE,docs/phase2-ingestion/data/macro/raw/fred/T5YIE-20260821T022309Z.json,ef580e8a42052f19acbf9160806aac8a226a0db96fae0f132bf0944e1dfe12bd,2026-08-21T02:29:31.506808+00:00,PASS,STALE,0.1.0
L4-003,2025-04-07,2.31,percent,FRED,T5YIE,docs/phase2-ingestion/data/macro/raw/fred/T5YIE-20260821T022309Z.json,ef580e8a42052f19acbf9160806aac8a226a0db96fae0f132bf0944e1dfe12bd,2026-08-21T02:29:31.506808+00:00,PASS,STALE,0.1.0
L4-003,2025-04-08,2.35,percent,FRED,T5YIE,docs/phase2-ingestion/data/macro/raw/fred/T5YIE-20260821T022309Z.json,ef580e8a42052f19acbf9160806aac8a226a0db96fae0f132bf0944e1dfe12bd,2026-08-21T02:29:31.506808+00:00,PASS,STALE,0.1.0
L4-003,2025-04-09,2.45,percent,FRED,T5YIE,docs/phase2-ingestion/data/macro/raw/fred/T5YIE-20260821T022309Z.json,ef580e8a42052f19acbf9160806aac8a226a0db96fae0f132bf0944e1dfe12bd,2026-08-21T02:29:31.506808+00:00,PASS,STALE,0.1.0
L4-003,2025-04-10,2.32,percent,FRED,T5YIE,docs/phase2-ingestion/data/macro/raw/fred/T5YIE-20260821T022309Z.json,ef580e8a42052f19acbf9160806aac8a226a0db96fae0f132bf0944e1dfe12bd,2026-08-21T02:29:31.506808+00:00,PASS,STALE,0.1.0
L4-003,2025-04-11,2.33,percent,FRED,T5YIE,docs/phase2-ingestion/data/macro/raw/fred/T5YIE-20260821T022309Z.json,ef580e8a42052f19acbf9160806aac8a226a0db96fae0f132bf0944e1dfe12bd,2026-08-21T02:29:31.506808+00:00,PASS,STALE,0.1.0
L4-003,2025-04-14,2.35,percent,FRED,T5YIE,docs/phase2-ingestion/data/macro/raw/fred/T5YIE-20260821T022309Z.json,ef580e8a42052f19acbf9160806aac8a226a0db96fae0f132bf0944e1dfe12bd,2026-08-21T02:29:31.506808+00:00,PASS,STALE,0.1.0
L4-003,2025-04-15,2.31,percent,FRED,T5YIE,docs/phase2-ingestion/data/macro/raw/fred/T5YIE-20260821T022309Z.json,ef580e8a42052f19acbf9160806aac8a226a0db96fae0f132bf0944e1dfe12bd,2026-08-21T02:29:31.506808+00:00,PASS,STALE,0.1.0
L4-003,2025-04-16,2.29,percent,FRED,T5YIE,docs/phase2-ingestion/data/macro/raw/fred/T5YIE-20260821T022309Z.json,ef580e8a42052f19acbf9160806aac8a226a0db96fae0f132bf0944e1dfe12bd,2026-08-21T02:29:31.506808+00:00,PASS,STALE,0.1.0
L4-003,2025-04-17,2.26,percent,FRED,T5YIE,docs/phase2-ingestion/data/macro/raw/fred/T5YIE-20260821T022309Z.json,ef580e8a42052f19acbf9160806aac8a226a0db96fae0f132bf0944e1dfe12bd,2026-08-21T02:29:31.506808+00:00,PASS,STALE,0.1.0
L4-003,2025-04-21,2.25,percent,FRED,T5YIE,docs/phase2-ingestion/data/macro/raw/fred/T5YIE-20260821T022309Z.json,ef580e8a42052f19acbf9160806aac8a226a0db96fae0f132bf0944e1dfe12bd,2026-08-21T02:29:31.506808+00:00,PASS,STALE,0.1.0
L4-003,2025-04-22,2.3,percent,FRED,T5YIE,docs/phase2-ingestion/data/macro/raw/fred/T5YIE-20260821T022309Z.json,ef580e8a42052f19acbf9160806aac8a226a0db96fae0f132bf0944e1dfe12bd,2026-08-21T02:29:31.506808+00:00,PASS,STALE,0.1.0
L4-003,2025-04-23,2.33,percent,FRED,T5YIE,docs/phase2-ingestion/data/macro/raw/fred/T5YIE-20260821T022309Z.json,ef580e8a42052f19acbf9160806aac8a226a0db96fae0f132bf0944e1dfe12bd,2026-08-21T02:29:31.506808+00:00,PASS,STALE,0.1.0
L4-003,2025-04-24,2.35,percent,FRED,T5YIE,docs/phase2-ingestion/data/macro/raw/fred/T5YIE-20260821T022309Z.json,ef580e8a42052f19acbf9160806aac8a226a0db96fae0f132bf0944e1dfe12bd,2026-08-21T02:29:31.506808+00:00,PASS,STALE,0.1.0
L4-003,2025-04-25,2.32,percent,FRED,T5YIE,docs/phase2-ingestion/data/macro/raw/fred/T5YIE-20260821T022309Z.json,ef580e8a42052f19acbf9160806aac8a226a0db96fae0f132bf0944e1dfe12bd,2026-08-21T02:29:31.506808+00:00,PASS,STALE,0.1.0
L4-003,2025-04-28,2.32,percent,FRED,T5YIE,docs/phase2-ingestion/data/macro/raw/fred/T5YIE-20260821T022309Z.json,ef580e8a42052f19acbf9160806aac8a226a0db96fae0f132bf0944e1dfe12bd,2026-08-21T02:29:31.506808+00:00,PASS,STALE,0.1.0
L4-003,2025-04-29,2.29,percent,FRED,T5YIE,docs/phase2-ingestion/data/macro/raw/fred/T5YIE-20260821T022309Z.json,ef580e8a42052f19acbf9160806aac8a226a0db96fae0f132bf0944e1dfe12bd,2026-08-21T02:29:31.506808+00:00,PASS,STALE,0.1.0
L4-003,2025-04-30,2.29,percent,FRED,T5YIE,docs/phase2-ingestion/data/macro/raw/fred/T5YIE-20260821T022309Z.json,ef580e8a42052f19acbf9160806aac8a226a0db96fae0f132bf0944e1dfe12bd,2026-08-21T02:29:31.506808+00:00,PASS,STALE,0.1.0
L4-003,2025-05-01,2.3,percent,FRED,T5YIE,docs/phase2-ingestion/data/macro/raw/fred/T5YIE-20260821T022309Z.json,ef580e8a42052f19acbf9160806aac8a226a0db96fae0f132bf0944e1dfe12bd,2026-08-21T02:29:31.506808+00:00,PASS,STALE,0.1.0
L4-003,2025-05-02,2.31,percent,FRED,T5YIE,docs/phase2-ingestion/data/macro/raw/fred/T5YIE-20260821T022309Z.json,ef580e8a42052f19acbf9160806aac8a226a0db96fae0f132bf0944e1dfe12bd,2026-08-21T02:29:31.506808+00:00,PASS,STALE,0.1.0
L4-003,2025-05-05,2.33,percent,FRED,T5YIE,docs/phase2-ingestion/data/macro/raw/fred/T5YIE-20260821T022309Z.json,ef580e8a42052f19acbf9160806aac8a226a0db96fae0f132bf0944e1dfe12bd,2026-08-21T02:29:31.506808+00:00,PASS,STALE,0.1.0
L4-003,2025-05-06,2.34,percent,FRED,T5YIE,docs/phase2-ingestion/data/macro/raw/fred/T5YIE-20260821T022309Z.json,ef580e8a42052f19acbf9160806aac8a226a0db96fae0f132bf0944e1dfe12bd,2026-08-21T02:29:31.506808+00:00,PASS,STALE,0.1.0
L4-003,2025-05-07,2.33,percent,FRED,T5YIE,docs/phase2-ingestion/data/macro/raw/fred/T5YIE-20260821T022309Z.json,ef580e8a42052f19acbf9160806aac8a226a0db96fae0f132bf0944e1dfe12bd,2026-08-21T02:29:31.506808+00:00,PASS,STALE,0.1.0
L4-003,2025-05-08,2.39,percent,FRED,T5YIE,docs/phase2-ingestion/data/macro/raw/fred/T5YIE-20260821T022309Z.json,ef580e8a42052f19acbf9160806aac8a226a0db96fae0f132bf0944e1dfe12bd,2026-08-21T02:29:31.506808+00:00,PASS,STALE,0.1.0
L4-003,2025-05-09,2.39,percent,FRED,T5YIE,docs/phase2-ingestion/data/macro/raw/fred/T5YIE-20260821T022309Z.json,ef580e8a42052f19acbf9160806aac8a226a0db96fae0f132bf0944e1dfe12bd,2026-08-21T02:29:31.506808+00:00,PASS,STALE,0.1.0
L4-003,2025-05-12,2.35,percent,FRED,T5YIE,docs/phase2-ingestion/data/macro/raw/fred/T5YIE-20260821T022309Z.json,ef580e8a42052f19acbf9160806aac8a226a0db96fae0f132bf0944e1dfe12bd,2026-08-21T02:29:31.506808+00:00,PASS,STALE,0.1.0
L4-003,2025-05-13,2.38,percent,FRED,T5YIE,docs/phase2-ingestion/data/macro/raw/fred/T5YIE-20260821T022309Z.json,ef580e8a42052f19acbf9160806aac8a226a0db96fae0f132bf0944e1dfe12bd,2026-08-21T02:29:31.506808+00:00,PASS,STALE,0.1.0
L4-003,2025-05-14,2.44,percent,FRED,T5YIE,docs/phase2-ingestion/data/macro/raw/fred/T5YIE-20260821T022309Z.json,ef580e8a42052f19acbf9160806aac8a226a0db96fae0f132bf0944e1dfe12bd,2026-08-21T02:29:31.506808+00:00,PASS,STALE,0.1.0
L4-003,2025-05-15,2.41,percent,FRED,T5YIE,docs/phase2-ingestion/data/macro/raw/fred/T5YIE-20260821T022309Z.json,ef580e8a42052f19acbf9160806aac8a226a0db96fae0f132bf0944e1dfe12bd,2026-08-21T02:29:31.506808+00:00,PASS,STALE,0.1.0
L4-003,2025-05-16,2.42,percent,FRED,T5YIE,docs/phase2-ingestion/data/macro/raw/fred/T5YIE-20260821T022309Z.json,ef580e8a42052f19acbf9160806aac8a226a0db96fae0f132bf0944e1dfe12bd,2026-08-21T02:29:31.506808+00:00,PASS,STALE,0.1.0
L4-003,2025-05-19,2.43,percent,FRED,T5YIE,docs/phase2-ingestion/data/macro/raw/fred/T5YIE-20260821T022309Z.json,ef580e8a42052f19acbf9160806aac8a226a0db96fae0f132bf0944e1dfe12bd,2026-08-21T02:29:31.506808+00:00,PASS,STALE,0.1.0
L4-003,2025-05-20,2.42,percent,FRED,T5YIE,docs/phase2-ingestion/data/macro/raw/fred/T5YIE-20260821T022309Z.json,ef580e8a42052f19acbf9160806aac8a226a0db96fae0f132bf0944e1dfe12bd,2026-08-21T02:29:31.506808+00:00,PASS,STALE,0.1.0
L4-003,2025-05-21,2.43,percent,FRED,T5YIE,docs/phase2-ingestion/data/macro/raw/fred/T5YIE-20260821T022309Z.json,ef580e8a42052f19acbf9160806aac8a226a0db96fae0f132bf0944e1dfe12bd,2026-08-21T02:29:31.506808+00:00,PASS,STALE,0.1.0
L4-003,2025-05-22,2.42,percent,FRED,T5YIE,docs/phase2-ingestion/data/macro/raw/fred/T5YIE-20260821T022309Z.json,ef580e8a42052f19acbf9160806aac8a226a0db96fae0f132bf0944e1dfe12bd,2026-08-21T02:29:31.506808+00:00,PASS,STALE,0.1.0
L4-003,2025-05-23,2.4,percent,FRED,T5YIE,docs/phase2-ingestion/data/macro/raw/fred/T5YIE-20260821T022309Z.json,ef580e8a42052f19acbf9160806aac8a226a0db96fae0f132bf0944e1dfe12bd,2026-08-21T02:29:31.506808+00:00,PASS,STALE,0.1.0
L4-003,2025-05-27,2.41,percent,FRED,T5YIE,docs/phase2-ingestion/data/macro/raw/fred/T5YIE-20260821T022309Z.json,ef580e8a42052f19acbf9160806aac8a226a0db96fae0f132bf0944e1dfe12bd,2026-08-21T02:29:31.506808+00:00,PASS,STALE,0.1.0
L4-003,2025-05-28,2.39,percent,FRED,T5YIE,docs/phase2-ingestion/data/macro/raw/fred/T5YIE-20260821T022309Z.json,ef580e8a42052f19acbf9160806aac8a226a0db96fae0f132bf0944e1dfe12bd,2026-08-21T02:29:31.506808+00:00,PASS,STALE,0.1.0
L4-003,2025-05-29,2.38,percent,FRED,T5YIE,docs/phase2-ingestion/data/macro/raw/fred/T5YIE-20260821T022309Z.json,ef580e8a42052f19acbf9160806aac8a226a0db96fae0f132bf0944e1dfe12bd,2026-08-21T02:29:31.506808+00:00,PASS,STALE,0.1.0
L4-003,2025-05-30,2.39,percent,FRED,T5YIE,docs/phase2-ingestion/data/macro/raw/fred/T5YIE-20260821T022309Z.json,ef580e8a42052f19acbf9160806aac8a226a0db96fae0f132bf0944e1dfe12bd,2026-08-21T02:29:31.506808+00:00,PASS,STALE,0.1.0
L4-003,2025-06-02,2.38,percent,FRED,T5YIE,docs/phase2-ingestion/data/macro/raw/fred/T5YIE-20260821T022309Z.json,ef580e8a42052f19acbf9160806aac8a226a0db96fae0f132bf0944e1dfe12bd,2026-08-21T02:29:31.506808+00:00,PASS,STALE,0.1.0
L4-003,2025-06-03,2.38,percent,FRED,T5YIE,docs/phase2-ingestion/data/macro/raw/fred/T5YIE-20260821T022309Z.json,ef580e8a42052f19acbf9160806aac8a226a0db96fae0f132bf0944e1dfe12bd,2026-08-21T02:29:31.506808+00:00,PASS,STALE,0.1.0
L4-003,2025-06-04,2.32,percent,FRED,T5YIE,docs/phase2-ingestion/data/macro/raw/fred/T5YIE-20260821T022309Z.json,ef580e8a42052f19acbf9160806aac8a226a0db96fae0f132bf0944e1dfe12bd,2026-08-21T02:29:31.506808+00:00,PASS,STALE,0.1.0
L4-003,2025-06-05,2.31,percent,FRED,T5YIE,docs/phase2-ingestion/data/macro/raw/fred/T5YIE-20260821T022309Z.json,ef580e8a42052f19acbf9160806aac8a226a0db96fae0f132bf0944e1dfe12bd,2026-08-21T02:29:31.506808+00:00,PASS,STALE,0.1.0
L4-003,2025-06-06,2.35,percent,FRED,T5YIE,docs/phase2-ingestion/data/macro/raw/fred/T5YIE-20260821T022309Z.json,ef580e8a42052f19acbf9160806aac8a226a0db96fae0f132bf0944e1dfe12bd,2026-08-21T02:29:31.506808+00:00,PASS,STALE,0.1.0
L4-003,2025-06-09,2.34,percent,FRED,T5YIE,docs/phase2-ingestion/data/macro/raw/fred/T5YIE-20260821T022309Z.json,ef580e8a42052f19acbf9160806aac8a226a0db96fae0f132bf0944e1dfe12bd,2026-08-21T02:29:31.506808+00:00,PASS,STALE,0.1.0
L4-003,2025-06-10,2.32,percent,FRED,T5YIE,docs/phase2-ingestion/data/macro/raw/fred/T5YIE-20260821T022309Z.json,ef580e8a42052f19acbf9160806aac8a226a0db96fae0f132bf0944e1dfe12bd,2026-08-21T02:29:31.506808+00:00,PASS,STALE,0.1.0
L4-003,2025-06-11,2.3,percent,FRED,T5YIE,docs/phase2-ingestion/data/macro/raw/fred/T5YIE-20260821T022309Z.json,ef580e8a42052f19acbf9160806aac8a226a0db96fae0f132bf0944e1dfe12bd,2026-08-21T02:29:31.506808+00:00,PASS,STALE,0.1.0
L4-003,2025-06-12,2.28,percent,FRED,T5YIE,docs/phase2-ingestion/data/macro/raw/fred/T5YIE-20260821T022309Z.json,ef580e8a42052f19acbf9160806aac8a226a0db96fae0f132bf0944e1dfe12bd,2026-08-21T02:29:31.506808+00:00,PASS,STALE,0.1.0
L4-003,2025-06-13,2.31,percent,FRED,T5YIE,docs/phase2-ingestion/data/macro/raw/fred/T5YIE-20260821T022309Z.json,ef580e8a42052f19acbf9160806aac8a226a0db96fae0f132bf0944e1dfe12bd,2026-08-21T02:29:31.506808+00:00,PASS,STALE,0.1.0
L4-003,2025-06-16,2.32,percent,FRED,T5YIE,docs/phase2-ingestion/data/macro/raw/fred/T5YIE-20260821T022309Z.json,ef580e8a42052f19acbf9160806aac8a226a0db96fae0f132bf0944e1dfe12bd,2026-08-21T02:29:31.506808+00:00,PASS,STALE,0.1.0
L4-003,2025-06-17,2.35,percent,FRED,T5YIE,docs/phase2-ingestion/data/macro/raw/fred/T5YIE-20260821T022309Z.json,ef580e8a42052f19acbf9160806aac8a226a0db96fae0f132bf0944e1dfe12bd,2026-08-21T02:29:31.506808+00:00,PASS,STALE,0.1.0
L4-003,2025-06-18,2.36,percent,FRED,T5YIE,docs/phase2-ingestion/data/macro/raw/fred/T5YIE-20260821T022309Z.json,ef580e8a42052f19acbf9160806aac8a226a0db96fae0f132bf0944e1dfe12bd,2026-08-21T02:29:31.506808+00:00,PASS,STALE,0.1.0
L4-003,2025-06-20,2.37,percent,FRED,T5YIE,docs/phase2-ingestion/data/macro/raw/fred/T5YIE-20260821T022309Z.json,ef580e8a42052f19acbf9160806aac8a226a0db96fae0f132bf0944e1dfe12bd,2026-08-21T02:29:31.506808+00:00,PASS,STALE,0.1.0
L4-003,2025-06-23,2.33,percent,FRED,T5YIE,docs/phase2-ingestion/data/macro/raw/fred/T5YIE-20260821T022309Z.json,ef580e8a42052f19acbf9160806aac8a226a0db96fae0f132bf0944e1dfe12bd,2026-08-21T02:29:31.506808+00:00,PASS,STALE,0.1.0
L4-003,2025-06-24,2.3,percent,FRED,T5YIE,docs/phase2-ingestion/data/macro/raw/fred/T5YIE-20260821T022309Z.json,ef580e8a42052f19acbf9160806aac8a226a0db96fae0f132bf0944e1dfe12bd,2026-08-21T02:29:31.506808+00:00,PASS,STALE,0.1.0
L4-003,2025-06-25,2.28,percent,FRED,T5YIE,docs/phase2-ingestion/data/macro/raw/fred/T5YIE-20260821T022309Z.json,ef580e8a42052f19acbf9160806aac8a226a0db96fae0f132bf0944e1dfe12bd,2026-08-21T02:29:31.506808+00:00,PASS,STALE,0.1.0
L4-003,2025-06-26,2.29,percent,FRED,T5YIE,docs/phase2-ingestion/data/macro/raw/fred/T5YIE-20260821T022309Z.json,ef580e8a42052f19acbf9160806aac8a226a0db96fae0f132bf0944e1dfe12bd,2026-08-21T02:29:31.506808+00:00,PASS,STALE,0.1.0
L4-003,2025-06-27,2.31,percent,FRED,T5YIE,docs/phase2-ingestion/data/macro/raw/fred/T5YIE-20260821T022309Z.json,ef580e8a42052f19acbf9160806aac8a226a0db96fae0f132bf0944e1dfe12bd,2026-08-21T02:29:31.506808+00:00,PASS,STALE,0.1.0
L4-003,2025-06-30,2.31,percent,FRED,T5YIE,docs/phase2-ingestion/data/macro/raw/fred/T5YIE-20260821T022309Z.json,ef580e8a42052f19acbf9160806aac8a226a0db96fae0f132bf0944e1dfe12bd,2026-08-21T02:29:31.506808+00:00,PASS,STALE,0.1.0
L4-003,2025-07-01,2.32,percent,FRED,T5YIE,docs/phase2-ingestion/data/macro/raw/fred/T5YIE-20260821T022309Z.json,ef580e8a42052f19acbf9160806aac8a226a0db96fae0f132bf0944e1dfe12bd,2026-08-21T02:29:31.506808+00:00,PASS,STALE,0.1.0
L4-003,2025-07-02,2.34,percent,FRED,T5YIE,docs/phase2-ingestion/data/macro/raw/fred/T5YIE-20260821T022309Z.json,ef580e8a42052f19acbf9160806aac8a226a0db96fae0f132bf0944e1dfe12bd,2026-08-21T02:29:31.506808+00:00,PASS,STALE,0.1.0
L4-003,2025-07-03,2.37,percent,FRED,T5YIE,docs/phase2-ingestion/data/macro/raw/fred/T5YIE-20260821T022309Z.json,ef580e8a42052f19acbf9160806aac8a226a0db96fae0f132bf0944e1dfe12bd,2026-08-21T02:29:31.506808+00:00,PASS,STALE,0.1.0
L4-003,2025-07-07,2.4,percent,FRED,T5YIE,docs/phase2-ingestion/data/macro/raw/fred/T5YIE-20260821T022309Z.json,ef580e8a42052f19acbf9160806aac8a226a0db96fae0f132bf0944e1dfe12bd,2026-08-21T02:29:31.506808+00:00,PASS,STALE,0.1.0
L4-003,2025-07-08,2.39,percent,FRED,T5YIE,docs/phase2-ingestion/data/macro/raw/fred/T5YIE-20260821T022309Z.json,ef580e8a42052f19acbf9160806aac8a226a0db96fae0f132bf0944e1dfe12bd,2026-08-21T02:29:31.506808+00:00,PASS,STALE,0.1.0
L4-003,2025-07-09,2.38,percent,FRED,T5YIE,docs/phase2-ingestion/data/macro/raw/fred/T5YIE-20260821T022309Z.json,ef580e8a42052f19acbf9160806aac8a226a0db96fae0f132bf0944e1dfe12bd,2026-08-21T02:29:31.506808+00:00,PASS,STALE,0.1.0
L4-003,2025-07-10,2.39,percent,FRED,T5YIE,docs/phase2-ingestion/data/macro/raw/fred/T5YIE-20260821T022309Z.json,ef580e8a42052f19acbf9160806aac8a226a0db96fae0f132bf0944e1dfe12bd,2026-08-21T02:29:31.506808+00:00,PASS,STALE,0.1.0
L4-003,2025-07-11,2.44,percent,FRED,T5YIE,docs/phase2-ingestion/data/macro/raw/fred/T5YIE-20260821T022309Z.json,ef580e8a42052f19acbf9160806aac8a226a0db96fae0f132bf0944e1dfe12bd,2026-08-21T02:29:31.506808+00:00,PASS,STALE,0.1.0
L4-003,2025-07-14,2.45,percent,FRED,T5YIE,docs/phase2-ingestion/data/macro/raw/fred/T5YIE-20260821T022309Z.json,ef580e8a42052f19acbf9160806aac8a226a0db96fae0f132bf0944e1dfe12bd,2026-08-21T02:29:31.506808+00:00,PASS,STALE,0.1.0
L4-003,2025-07-15,2.48,percent,FRED,T5YIE,docs/phase2-ingestion/data/macro/raw/fred/T5YIE-20260821T022309Z.json,ef580e8a42052f19acbf9160806aac8a226a0db96fae0f132bf0944e1dfe12bd,2026-08-21T02:29:31.506808+00:00,PASS,STALE,0.1.0
L4-003,2025-07-16,2.49,percent,FRED,T5YIE,docs/phase2-ingestion/data/macro/raw/fred/T5YIE-20260821T022309Z.json,ef580e8a42052f19acbf9160806aac8a226a0db96fae0f132bf0944e1dfe12bd,2026-08-21T02:29:31.506808+00:00,PASS,STALE,0.1.0
L4-003,2025-07-17,2.53,percent,FRED,T5YIE,docs/phase2-ingestion/data/macro/raw/fred/T5YIE-20260821T022309Z.json,ef580e8a42052f19acbf9160806aac8a226a0db96fae0f132bf0944e1dfe12bd,2026-08-21T02:29:31.506808+00:00,PASS,STALE,0.1.0
L4-003,2025-07-18,2.5,percent,FRED,T5YIE,docs/phase2-ingestion/data/macro/raw/fred/T5YIE-20260821T022309Z.json,ef580e8a42052f19acbf9160806aac8a226a0db96fae0f132bf0944e1dfe12bd,2026-08-21T02:29:31.506808+00:00,PASS,STALE,0.1.0
L4-003,2025-07-21,2.49,percent,FRED,T5YIE,docs/phase2-ingestion/data/macro/raw/fred/T5YIE-20260821T022309Z.json,ef580e8a42052f19acbf9160806aac8a226a0db96fae0f132bf0944e1dfe12bd,2026-08-21T02:29:31.506808+00:00,PASS,STALE,0.1.0
L4-003,2025-07-22,2.47,percent,FRED,T5YIE,docs/phase2-ingestion/data/macro/raw/fred/T5YIE-20260821T022309Z.json,ef580e8a42052f19acbf9160806aac8a226a0db96fae0f132bf0944e1dfe12bd,2026-08-21T02:29:31.506808+00:00,PASS,STALE,0.1.0
L4-003,2025-07-23,2.44,percent,FRED,T5YIE,docs/phase2-ingestion/data/macro/raw/fred/T5YIE-20260821T022309Z.json,ef580e8a42052f19acbf9160806aac8a226a0db96fae0f132bf0944e1dfe12bd,2026-08-21T02:29:31.506808+00:00,PASS,STALE,0.1.0
L4-003,2025-07-24,2.5,percent,FRED,T5YIE,docs/phase2-ingestion/data/macro/raw/fred/T5YIE-20260821T022309Z.json,ef580e8a42052f19acbf9160806aac8a226a0db96fae0f132bf0944e1dfe12bd,2026-08-21T02:29:31.506808+00:00,PASS,STALE,0.1.0
L4-003,2025-07-25,2.47,percent,FRED,T5YIE,docs/phase2-ingestion/data/macro/raw/fred/T5YIE-20260821T022309Z.json,ef580e8a42052f19acbf9160806aac8a226a0db96fae0f132bf0944e1dfe12bd,2026-08-21T02:29:31.506808+00:00,PASS,STALE,0.1.0
L4-003,2025-07-28,2.47,percent,FRED,T5YIE,docs/phase2-ingestion/data/macro/raw/fred/T5YIE-20260821T022309Z.json,ef580e8a42052f19acbf9160806aac8a226a0db96fae0f132bf0944e1dfe12bd,2026-08-21T02:29:31.506808+00:00,PASS,STALE,0.1.0
L4-003,2025-07-29,2.48,percent,FRED,T5YIE,docs/phase2-ingestion/data/macro/raw/fred/T5YIE-20260821T022309Z.json,ef580e8a42052f19acbf9160806aac8a226a0db96fae0f132bf0944e1dfe12bd,2026-08-21T02:29:31.506808+00:00,PASS,STALE,0.1.0
L4-003,2025-07-30,2.48,percent,FRED,T5YIE,docs/phase2-ingestion/data/macro/raw/fred/T5YIE-20260821T022309Z.json,ef580e8a42052f19acbf9160806aac8a226a0db96fae0f132bf0944e1dfe12bd,2026-08-21T02:29:31.506808+00:00,PASS,STALE,0.1.0
L4-003,2025-07-31,2.46,percent,FRED,T5YIE,docs/phase2-ingestion/data/macro/raw/fred/T5YIE-20260821T022309Z.json,ef580e8a42052f19acbf9160806aac8a226a0db96fae0f132bf0944e1dfe12bd,2026-08-21T02:29:31.506808+00:00,PASS,STALE,0.1.0
L4-003,2025-08-01,2.38,percent,FRED,T5YIE,docs/phase2-ingestion/data/macro/raw/fred/T5YIE-20260821T022309Z.json,ef580e8a42052f19acbf9160806aac8a226a0db96fae0f132bf0944e1dfe12bd,2026-08-21T02:29:31.506808+00:00,PASS,STALE,0.1.0
L4-003,2025-08-04,2.41,percent,FRED,T5YIE,docs/phase2-ingestion/data/macro/raw/fred/T5YIE-20260821T022309Z.json,ef580e8a42052f19acbf9160806aac8a226a0db96fae0f132bf0944e1dfe12bd,2026-08-21T02:29:31.506808+00:00,PASS,STALE,0.1.0
L4-003,2025-08-05,2.41,percent,FRED,T5YIE,docs/phase2-ingestion/data/macro/raw/fred/T5YIE-20260821T022309Z.json,ef580e8a42052f19acbf9160806aac8a226a0db96fae0f132bf0944e1dfe12bd,2026-08-21T02:29:31.506808+00:00,PASS,STALE,0.1.0
L4-003,2025-08-06,2.4,percent,FRED,T5YIE,docs/phase2-ingestion/data/macro/raw/fred/T5YIE-20260821T022309Z.json,ef580e8a42052f19acbf9160806aac8a226a0db96fae0f132bf0944e1dfe12bd,2026-08-21T02:29:31.506808+00:00,PASS,STALE,0.1.0
L4-003,2025-08-07,2.41,percent,FRED,T5YIE,docs/phase2-ingestion/data/macro/raw/fred/T5YIE-20260821T022309Z.json,ef580e8a42052f19acbf9160806aac8a226a0db96fae0f132bf0944e1dfe12bd,2026-08-21T02:29:31.506808+00:00,PASS,STALE,0.1.0
L4-003,2025-08-08,2.46,percent,FRED,T5YIE,docs/phase2-ingestion/data/macro/raw/fred/T5YIE-20260821T022309Z.json,ef580e8a42052f19acbf9160806aac8a226a0db96fae0f132bf0944e1dfe12bd,2026-08-21T02:29:31.506808+00:00,PASS,STALE,0.1.0
L4-003,2025-08-11,2.46,percent,FRED,T5YIE,docs/phase2-ingestion/data/macro/raw/fred/T5YIE-20260821T022309Z.json,ef580e8a42052f19acbf9160806aac8a226a0db96fae0f132bf0944e1dfe12bd,2026-08-21T02:29:31.506808+00:00,PASS,STALE,0.1.0
L4-003,2025-08-12,2.43,percent,FRED,T5YIE,docs/phase2-ingestion/data/macro/raw/fred/T5YIE-20260821T022309Z.json,ef580e8a42052f19acbf9160806aac8a226a0db96fae0f132bf0944e1dfe12bd,2026-08-21T02:29:31.506808+00:00,PASS,STALE,0.1.0
L4-003,2025-08-13,2.42,percent,FRED,T5YIE,docs/phase2-ingestion/data/macro/raw/fred/T5YIE-20260821T022309Z.json,ef580e8a42052f19acbf9160806aac8a226a0db96fae0f132bf0944e1dfe12bd,2026-08-21T02:29:31.506808+00:00,PASS,STALE,0.1.0
L4-003,2025-08-14,2.43,percent,FRED,T5YIE,docs/phase2-ingestion/data/macro/raw/fred/T5YIE-20260821T022309Z.json,ef580e8a42052f19acbf9160806aac8a226a0db96fae0f132bf0944e1dfe12bd,2026-08-21T02:29:31.506808+00:00,PASS,STALE,0.1.0
L4-003,2025-08-15,2.42,percent,FRED,T5YIE,docs/phase2-ingestion/data/macro/raw/fred/T5YIE-20260821T022309Z.json,ef580e8a42052f19acbf9160806aac8a226a0db96fae0f132bf0944e1dfe12bd,2026-08-21T02:29:31.506808+00:00,PASS,STALE,0.1.0
L4-003,2025-08-18,2.42,percent,FRED,T5YIE,docs/phase2-ingestion/data/macro/raw/fred/T5YIE-20260821T022309Z.json,ef580e8a42052f19acbf9160806aac8a226a0db96fae0f132bf0944e1dfe12bd,2026-08-21T02:29:31.506808+00:00,PASS,STALE,0.1.0
L4-003,2025-08-19,2.39,percent,FRED,T5YIE,docs/phase2-ingestion/data/macro/raw/fred/T5YIE-20260821T022309Z.json,ef580e8a42052f19acbf9160806aac8a226a0db96fae0f132bf0944e1dfe12bd,2026-08-21T02:29:31.506808+00:00,PASS,STALE,0.1.0
L4-003,2025-08-20,2.4,percent,FRED,T5YIE,docs/phase2-ingestion/data/macro/raw/fred/T5YIE-20260821T022309Z.json,ef580e8a42052f19acbf9160806aac8a226a0db96fae0f132bf0944e1dfe12bd,2026-08-21T02:29:31.506808+00:00,PASS,STALE,0.1.0
L4-003,2025-08-21,2.44,percent,FRED,T5YIE,docs/phase2-ingestion/data/macro/raw/fred/T5YIE-20260821T022309Z.json,ef580e8a42052f19acbf9160806aac8a226a0db96fae0f132bf0944e1dfe12bd,2026-08-21T02:29:31.506808+00:00,PASS,STALE,0.1.0
L4-003,2025-08-22,2.48,percent,FRED,T5YIE,docs/phase2-ingestion/data/macro/raw/fred/T5YIE-20260821T022309Z.json,ef580e8a42052f19acbf9160806aac8a226a0db96fae0f132bf0944e1dfe12bd,2026-08-21T02:29:31.506808+00:00,PASS,STALE,0.1.0
L4-003,2025-08-25,2.49,percent,FRED,T5YIE,docs/phase2-ingestion/data/macro/raw/fred/T5YIE-20260821T022309Z.json,ef580e8a42052f19acbf9160806aac8a226a0db96fae0f132bf0944e1dfe12bd,2026-08-21T02:29:31.506808+00:00,PASS,STALE,0.1.0
L4-003,2025-08-26,2.5,percent,FRED,T5YIE,docs/phase2-ingestion/data/macro/raw/fred/T5YIE-20260821T022309Z.json,ef580e8a42052f19acbf9160806aac8a226a0db96fae0f132bf0944e1dfe12bd,2026-08-21T02:29:31.506808+00:00,PASS,STALE,0.1.0
L4-003,2025-08-27,2.5,percent,FRED,T5YIE,docs/phase2-ingestion/data/macro/raw/fred/T5YIE-20260821T022309Z.json,ef580e8a42052f19acbf9160806aac8a226a0db96fae0f132bf0944e1dfe12bd,2026-08-21T02:29:31.506808+00:00,PASS,STALE,0.1.0
L4-003,2025-08-28,2.49,percent,FRED,T5YIE,docs/phase2-ingestion/data/macro/raw/fred/T5YIE-20260821T022309Z.json,ef580e8a42052f19acbf9160806aac8a226a0db96fae0f132bf0944e1dfe12bd,2026-08-21T02:29:31.506808+00:00,PASS,STALE,0.1.0
L4-003,2025-08-29,2.47,percent,FRED,T5YIE,docs/phase2-ingestion/data/macro/raw/fred/T5YIE-20260821T022309Z.json,ef580e8a42052f19acbf9160806aac8a226a0db96fae0f132bf0944e1dfe12bd,2026-08-21T02:29:31.506808+00:00,PASS,STALE,0.1.0
L4-003,2025-09-02,2.48,percent,FRED,T5YIE,docs/phase2-ingestion/data/macro/raw/fred/T5YIE-20260821T022309Z.json,ef580e8a42052f19acbf9160806aac8a226a0db96fae0f132bf0944e1dfe12bd,2026-08-21T02:29:31.506808+00:00,PASS,STALE,0.1.0
L4-003,2025-09-03,2.46,percent,FRED,T5YIE,docs/phase2-ingestion/data/macro/raw/fred/T5YIE-20260821T022309Z.json,ef580e8a42052f19acbf9160806aac8a226a0db96fae0f132bf0944e1dfe12bd,2026-08-21T02:29:31.506808+00:00,PASS,STALE,0.1.0
L4-003,2025-09-04,2.44,percent,FRED,T5YIE,docs/phase2-ingestion/data/macro/raw/fred/T5YIE-20260821T022309Z.json,ef580e8a42052f19acbf9160806aac8a226a0db96fae0f132bf0944e1dfe12bd,2026-08-21T02:29:31.506808+00:00,PASS,STALE,0.1.0
L4-003,2025-09-05,2.42,percent,FRED,T5YIE,docs/phase2-ingestion/data/macro/raw/fred/T5YIE-20260821T022309Z.json,ef580e8a42052f19acbf9160806aac8a226a0db96fae0f132bf0944e1dfe12bd,2026-08-21T02:29:31.506808+00:00,PASS,STALE,0.1.0
L4-003,2025-09-08,2.41,percent,FRED,T5YIE,docs/phase2-ingestion/data/macro/raw/fred/T5YIE-20260821T022309Z.json,ef580e8a42052f19acbf9160806aac8a226a0db96fae0f132bf0944e1dfe12bd,2026-08-21T02:29:31.506808+00:00,PASS,STALE,0.1.0
L4-003,2025-09-09,2.43,percent,FRED,T5YIE,docs/phase2-ingestion/data/macro/raw/fred/T5YIE-20260821T022309Z.json,ef580e8a42052f19acbf9160806aac8a226a0db96fae0f132bf0944e1dfe12bd,2026-08-21T02:29:31.506808+00:00,PASS,STALE,0.1.0
L4-003,2025-09-10,2.41,percent,FRED,T5YIE,docs/phase2-ingestion/data/macro/raw/fred/T5YIE-20260821T022309Z.json,ef580e8a42052f19acbf9160806aac8a226a0db96fae0f132bf0944e1dfe12bd,2026-08-21T02:29:31.506808+00:00,PASS,STALE,0.1.0
L4-003,2025-09-11,2.41,percent,FRED,T5YIE,docs/phase2-ingestion/data/macro/raw/fred/T5YIE-20260821T022309Z.json,ef580e8a42052f19acbf9160806aac8a226a0db96fae0f132bf0944e1dfe12bd,2026-08-21T02:29:31.506808+00:00,PASS,STALE,0.1.0
L4-003,2025-09-12,2.42,percent,FRED,T5YIE,docs/phase2-ingestion/data/macro/raw/fred/T5YIE-20260821T022309Z.json,ef580e8a42052f19acbf9160806aac8a226a0db96fae0f132bf0944e1dfe12bd,2026-08-21T02:29:31.506808+00:00,PASS,STALE,0.1.0
L4-003,2025-09-15,2.41,percent,FRED,T5YIE,docs/phase2-ingestion/data/macro/raw/fred/T5YIE-20260821T022309Z.json,ef580e8a42052f19acbf9160806aac8a226a0db96fae0f132bf0944e1dfe12bd,2026-08-21T02:29:31.506808+00:00,PASS,STALE,0.1.0
L4-003,2025-09-16,2.42,percent,FRED,T5YIE,docs/phase2-ingestion/data/macro/raw/fred/T5YIE-20260821T022309Z.json,ef580e8a42052f19acbf9160806aac8a226a0db96fae0f132bf0944e1dfe12bd,2026-08-21T02:29:31.506808+00:00,PASS,STALE,0.1.0
L4-003,2025-09-17,2.43,percent,FRED,T5YIE,docs/phase2-ingestion/data/macro/raw/fred/T5YIE-20260821T022309Z.json,ef580e8a42052f19acbf9160806aac8a226a0db96fae0f132bf0944e1dfe12bd,2026-08-21T02:29:31.506808+00:00,PASS,STALE,0.1.0
L4-003,2025-09-18,2.44,percent,FRED,T5YIE,docs/phase2-ingestion/data/macro/raw/fred/T5YIE-20260821T022309Z.json,ef580e8a42052f19acbf9160806aac8a226a0db96fae0f132bf0944e1dfe12bd,2026-08-21T02:29:31.506808+00:00,PASS,STALE,0.1.0
L4-003,2025-09-19,2.43,percent,FRED,T5YIE,docs/phase2-ingestion/data/macro/raw/fred/T5YIE-20260821T022309Z.json,ef580e8a42052f19acbf9160806aac8a226a0db96fae0f132bf0944e1dfe12bd,2026-08-21T02:29:31.506808+00:00,PASS,STALE,0.1.0
L4-003,2025-09-22,2.42,percent,FRED,T5YIE,docs/phase2-ingestion/data/macro/raw/fred/T5YIE-20260821T022309Z.json,ef580e8a42052f19acbf9160806aac8a226a0db96fae0f132bf0944e1dfe12bd,2026-08-21T02:29:31.506808+00:00,PASS,STALE,0.1.0
L4-003,2025-09-23,2.42,percent,FRED,T5YIE,docs/phase2-ingestion/data/macro/raw/fred/T5YIE-20260821T022309Z.json,ef580e8a42052f19acbf9160806aac8a226a0db96fae0f132bf0944e1dfe12bd,2026-08-21T02:29:31.506808+00:00,PASS,STALE,0.1.0
L4-003,2025-09-24,2.42,percent,FRED,T5YIE,docs/phase2-ingestion/data/macro/raw/fred/T5YIE-20260821T022309Z.json,ef580e8a42052f19acbf9160806aac8a226a0db96fae0f132bf0944e1dfe12bd,2026-08-21T02:29:31.506808+00:00,PASS,STALE,0.1.0
L4-003,2025-09-25,2.42,percent,FRED,T5YIE,docs/phase2-ingestion/data/macro/raw/fred/T5YIE-20260821T022309Z.json,ef580e8a42052f19acbf9160806aac8a226a0db96fae0f132bf0944e1dfe12bd,2026-08-21T02:29:31.506808+00:00,PASS,STALE,0.1.0
L4-003,2025-09-26,2.42,percent,FRED,T5YIE,docs/phase2-ingestion/data/macro/raw/fred/T5YIE-20260821T022309Z.json,ef580e8a42052f19acbf9160806aac8a226a0db96fae0f132bf0944e1dfe12bd,2026-08-21T02:29:31.506808+00:00,PASS,STALE,0.1.0
L4-003,2025-09-29,2.41,percent,FRED,T5YIE,docs/phase2-ingestion/data/macro/raw/fred/T5YIE-20260821T022309Z.json,ef580e8a42052f19acbf9160806aac8a226a0db96fae0f132bf0944e1dfe12bd,2026-08-21T02:29:31.506808+00:00,PASS,STALE,0.1.0
L4-003,2025-09-30,2.42,percent,FRED,T5YIE,docs/phase2-ingestion/data/macro/raw/fred/T5YIE-20260821T022309Z.json,ef580e8a42052f19acbf9160806aac8a226a0db96fae0f132bf0944e1dfe12bd,2026-08-21T02:29:31.506808+00:00,PASS,STALE,0.1.0
L4-003,2025-10-01,2.39,percent,FRED,T5YIE,docs/phase2-ingestion/data/macro/raw/fred/T5YIE-20260821T022309Z.json,ef580e8a42052f19acbf9160806aac8a226a0db96fae0f132bf0944e1dfe12bd,2026-08-21T02:29:31.506808+00:00,PASS,STALE,0.1.0
L4-003,2025-10-02,2.37,percent,FRED,T5YIE,docs/phase2-ingestion/data/macro/raw/fred/T5YIE-20260821T022309Z.json,ef580e8a42052f19acbf9160806aac8a226a0db96fae0f132bf0944e1dfe12bd,2026-08-21T02:29:31.506808+00:00,PASS,STALE,0.1.0
L4-003,2025-10-03,2.38,percent,FRED,T5YIE,docs/phase2-ingestion/data/macro/raw/fred/T5YIE-20260821T022309Z.json,ef580e8a42052f19acbf9160806aac8a226a0db96fae0f132bf0944e1dfe12bd,2026-08-21T02:29:31.506808+00:00,PASS,STALE,0.1.0
L4-003,2025-10-06,2.38,percent,FRED,T5YIE,docs/phase2-ingestion/data/macro/raw/fred/T5YIE-20260821T022309Z.json,ef580e8a42052f19acbf9160806aac8a226a0db96fae0f132bf0944e1dfe12bd,2026-08-21T02:29:31.506808+00:00,PASS,STALE,0.1.0
L4-003,2025-10-07,2.39,percent,FRED,T5YIE,docs/phase2-ingestion/data/macro/raw/fred/T5YIE-20260821T022309Z.json,ef580e8a42052f19acbf9160806aac8a226a0db96fae0f132bf0944e1dfe12bd,2026-08-21T02:29:31.506808+00:00,PASS,STALE,0.1.0
L4-003,2025-10-08,2.39,percent,FRED,T5YIE,docs/phase2-ingestion/data/macro/raw/fred/T5YIE-20260821T022309Z.json,ef580e8a42052f19acbf9160806aac8a226a0db96fae0f132bf0944e1dfe12bd,2026-08-21T02:29:31.506808+00:00,PASS,STALE,0.1.0
L4-003,2025-10-09,2.39,percent,FRED,T5YIE,docs/phase2-ingestion/data/macro/raw/fred/T5YIE-20260821T022309Z.json,ef580e8a42052f19acbf9160806aac8a226a0db96fae0f132bf0944e1dfe12bd,2026-08-21T02:29:31.506808+00:00,PASS,STALE,0.1.0
L4-003,2025-10-10,2.35,percent,FRED,T5YIE,docs/phase2-ingestion/data/macro/raw/fred/T5YIE-20260821T022309Z.json,ef580e8a42052f19acbf9160806aac8a226a0db96fae0f132bf0944e1dfe12bd,2026-08-21T02:29:31.506808+00:00,PASS,STALE,0.1.0
L4-003,2025-10-14,2.33,percent,FRED,T5YIE,docs/phase2-ingestion/data/macro/raw/fred/T5YIE-20260821T022309Z.json,ef580e8a42052f19acbf9160806aac8a226a0db96fae0f132bf0944e1dfe12bd,2026-08-21T02:29:31.506808+00:00,PASS,STALE,0.1.0
L4-003,2025-10-15,2.33,percent,FRED,T5YIE,docs/phase2-ingestion/data/macro/raw/fred/T5YIE-20260821T022309Z.json,ef580e8a42052f19acbf9160806aac8a226a0db96fae0f132bf0944e1dfe12bd,2026-08-21T02:29:31.506808+00:00,PASS,STALE,0.1.0
L4-003,2025-10-16,2.29,percent,FRED,T5YIE,docs/phase2-ingestion/data/macro/raw/fred/T5YIE-20260821T022309Z.json,ef580e8a42052f19acbf9160806aac8a226a0db96fae0f132bf0944e1dfe12bd,2026-08-21T02:29:31.506808+00:00,PASS,STALE,0.1.0
L4-003,2025-10-17,2.29,percent,FRED,T5YIE,docs/phase2-ingestion/data/macro/raw/fred/T5YIE-20260821T022309Z.json,ef580e8a42052f19acbf9160806aac8a226a0db96fae0f132bf0944e1dfe12bd,2026-08-21T02:29:31.506808+00:00,PASS,STALE,0.1.0
L4-003,2025-10-20,2.28,percent,FRED,T5YIE,docs/phase2-ingestion/data/macro/raw/fred/T5YIE-20260821T022309Z.json,ef580e8a42052f19acbf9160806aac8a226a0db96fae0f132bf0944e1dfe12bd,2026-08-21T02:29:31.506808+00:00,PASS,STALE,0.1.0
L4-003,2025-10-21,2.3,percent,FRED,T5YIE,docs/phase2-ingestion/data/macro/raw/fred/T5YIE-20260821T022309Z.json,ef580e8a42052f19acbf9160806aac8a226a0db96fae0f132bf0944e1dfe12bd,2026-08-21T02:29:31.506808+00:00,PASS,STALE,0.1.0
L4-003,2025-10-22,2.32,percent,FRED,T5YIE,docs/phase2-ingestion/data/macro/raw/fred/T5YIE-20260821T022309Z.json,ef580e8a42052f19acbf9160806aac8a226a0db96fae0f132bf0944e1dfe12bd,2026-08-21T02:29:31.506808+00:00,PASS,STALE,0.1.0
L4-003,2025-10-23,2.42,percent,FRED,T5YIE,docs/phase2-ingestion/data/macro/raw/fred/T5YIE-20260821T022309Z.json,ef580e8a42052f19acbf9160806aac8a226a0db96fae0f132bf0944e1dfe12bd,2026-08-21T02:29:31.506808+00:00,PASS,STALE,0.1.0
L4-003,2025-10-24,2.4,percent,FRED,T5YIE,docs/phase2-ingestion/data/macro/raw/fred/T5YIE-20260821T022309Z.json,ef580e8a42052f19acbf9160806aac8a226a0db96fae0f132bf0944e1dfe12bd,2026-08-21T02:29:31.506808+00:00,PASS,STALE,0.1.0
L4-003,2025-10-27,2.37,percent,FRED,T5YIE,docs/phase2-ingestion/data/macro/raw/fred/T5YIE-20260821T022309Z.json,ef580e8a42052f19acbf9160806aac8a226a0db96fae0f132bf0944e1dfe12bd,2026-08-21T02:29:31.506808+00:00,PASS,STALE,0.1.0
L4-003,2025-10-28,2.36,percent,FRED,T5YIE,docs/phase2-ingestion/data/macro/raw/fred/T5YIE-20260821T022309Z.json,ef580e8a42052f19acbf9160806aac8a226a0db96fae0f132bf0944e1dfe12bd,2026-08-21T02:29:31.506808+00:00,PASS,STALE,0.1.0
L4-003,2025-10-29,2.37,percent,FRED,T5YIE,docs/phase2-ingestion/data/macro/raw/fred/T5YIE-20260821T022309Z.json,ef580e8a42052f19acbf9160806aac8a226a0db96fae0f132bf0944e1dfe12bd,2026-08-21T02:29:31.506808+00:00,PASS,STALE,0.1.0
L4-003,2025-10-30,2.38,percent,FRED,T5YIE,docs/phase2-ingestion/data/macro/raw/fred/T5YIE-20260821T022309Z.json,ef580e8a42052f19acbf9160806aac8a226a0db96fae0f132bf0944e1dfe12bd,2026-08-21T02:29:31.506808+00:00,PASS,STALE,0.1.0
L4-003,2025-10-31,2.4,percent,FRED,T5YIE,docs/phase2-ingestion/data/macro/raw/fred/T5YIE-20260821T022309Z.json,ef580e8a42052f19acbf9160806aac8a226a0db96fae0f132bf0944e1dfe12bd,2026-08-21T02:29:31.506808+00:00,PASS,STALE,0.1.0
L4-003,2025-11-03,2.41,percent,FRED,T5YIE,docs/phase2-ingestion/data/macro/raw/fred/T5YIE-20260821T022309Z.json,ef580e8a42052f19acbf9160806aac8a226a0db96fae0f132bf0944e1dfe12bd,2026-08-21T02:29:31.506808+00:00,PASS,STALE,0.1.0
L4-003,2025-11-04,2.38,percent,FRED,T5YIE,docs/phase2-ingestion/data/macro/raw/fred/T5YIE-20260821T022309Z.json,ef580e8a42052f19acbf9160806aac8a226a0db96fae0f132bf0944e1dfe12bd,2026-08-21T02:29:31.506808+00:00,PASS,STALE,0.1.0
L4-003,2025-11-05,2.39,percent,FRED,T5YIE,docs/phase2-ingestion/data/macro/raw/fred/T5YIE-20260821T022309Z.json,ef580e8a42052f19acbf9160806aac8a226a0db96fae0f132bf0944e1dfe12bd,2026-08-21T02:29:31.506808+00:00,PASS,STALE,0.1.0
L4-003,2025-11-06,2.37,percent,FRED,T5YIE,docs/phase2-ingestion/data/macro/raw/fred/T5YIE-20260821T022309Z.json,ef580e8a42052f19acbf9160806aac8a226a0db96fae0f132bf0944e1dfe12bd,2026-08-21T02:29:31.506808+00:00,PASS,STALE,0.1.0
L4-003,2025-11-07,2.36,percent,FRED,T5YIE,docs/phase2-ingestion/data/macro/raw/fred/T5YIE-20260821T022309Z.json,ef580e8a42052f19acbf9160806aac8a226a0db96fae0f132bf0944e1dfe12bd,2026-08-21T02:29:31.506808+00:00,PASS,STALE,0.1.0
L4-003,2025-11-10,2.38,percent,FRED,T5YIE,docs/phase2-ingestion/data/macro/raw/fred/T5YIE-20260821T022309Z.json,ef580e8a42052f19acbf9160806aac8a226a0db96fae0f132bf0944e1dfe12bd,2026-08-21T02:29:31.506808+00:00,PASS,STALE,0.1.0
L4-003,2025-11-12,2.37,percent,FRED,T5YIE,docs/phase2-ingestion/data/macro/raw/fred/T5YIE-20260821T022309Z.json,ef580e8a42052f19acbf9160806aac8a226a0db96fae0f132bf0944e1dfe12bd,2026-08-21T02:29:31.506808+00:00,PASS,STALE,0.1.0
L4-003,2025-11-13,2.37,percent,FRED,T5YIE,docs/phase2-ingestion/data/macro/raw/fred/T5YIE-20260821T022309Z.json,ef580e8a42052f19acbf9160806aac8a226a0db96fae0f132bf0944e1dfe12bd,2026-08-21T02:29:31.506808+00:00,PASS,STALE,0.1.0
L4-003,2025-11-14,2.38,percent,FRED,T5YIE,docs/phase2-ingestion/data/macro/raw/fred/T5YIE-20260821T022309Z.json,ef580e8a42052f19acbf9160806aac8a226a0db96fae0f132bf0944e1dfe12bd,2026-08-21T02:29:31.506808+00:00,PASS,STALE,0.1.0
L4-003,2025-11-17,2.37,percent,FRED,T5YIE,docs/phase2-ingestion/data/macro/raw/fred/T5YIE-20260821T022309Z.json,ef580e8a42052f19acbf9160806aac8a226a0db96fae0f132bf0944e1dfe12bd,2026-08-21T02:29:31.506808+00:00,PASS,STALE,0.1.0
L4-003,2025-11-18,2.36,percent,FRED,T5YIE,docs/phase2-ingestion/data/macro/raw/fred/T5YIE-20260821T022309Z.json,ef580e8a42052f19acbf9160806aac8a226a0db96fae0f132bf0944e1dfe12bd,2026-08-21T02:29:31.506808+00:00,PASS,STALE,0.1.0
L4-003,2025-11-19,2.36,percent,FRED,T5YIE,docs/phase2-ingestion/data/macro/raw/fred/T5YIE-20260821T022309Z.json,ef580e8a42052f19acbf9160806aac8a226a0db96fae0f132bf0944e1dfe12bd,2026-08-21T02:29:31.506808+00:00,PASS,STALE,0.1.0
L4-003,2025-11-20,2.34,percent,FRED,T5YIE,docs/phase2-ingestion/data/macro/raw/fred/T5YIE-20260821T022309Z.json,ef580e8a42052f19acbf9160806aac8a226a0db96fae0f132bf0944e1dfe12bd,2026-08-21T02:29:31.506808+00:00,PASS,STALE,0.1.0
L4-003,2025-11-21,2.32,percent,FRED,T5YIE,docs/phase2-ingestion/data/macro/raw/fred/T5YIE-20260821T022309Z.json,ef580e8a42052f19acbf9160806aac8a226a0db96fae0f132bf0944e1dfe12bd,2026-08-21T02:29:31.506808+00:00,PASS,STALE,0.1.0
L4-003,2025-11-24,2.3,percent,FRED,T5YIE,docs/phase2-ingestion/data/macro/raw/fred/T5YIE-20260821T022309Z.json,ef580e8a42052f19acbf9160806aac8a226a0db96fae0f132bf0944e1dfe12bd,2026-08-21T02:29:31.506808+00:00,PASS,STALE,0.1.0
L4-003,2025-11-25,2.27,percent,FRED,T5YIE,docs/phase2-ingestion/data/macro/raw/fred/T5YIE-20260821T022309Z.json,ef580e8a42052f19acbf9160806aac8a226a0db96fae0f132bf0944e1dfe12bd,2026-08-21T02:29:31.506808+00:00,PASS,STALE,0.1.0
L4-003,2025-11-26,2.29,percent,FRED,T5YIE,docs/phase2-ingestion/data/macro/raw/fred/T5YIE-20260821T022309Z.json,ef580e8a42052f19acbf9160806aac8a226a0db96fae0f132bf0944e1dfe12bd,2026-08-21T02:29:31.506808+00:00,PASS,STALE,0.1.0
L4-003,2025-11-28,2.29,percent,FRED,T5YIE,docs/phase2-ingestion/data/macro/raw/fred/T5YIE-20260821T022309Z.json,ef580e8a42052f19acbf9160806aac8a226a0db96fae0f132bf0944e1dfe12bd,2026-08-21T02:29:31.506808+00:00,PASS,STALE,0.1.0
L4-003,2025-12-01,2.31,percent,FRED,T5YIE,docs/phase2-ingestion/data/macro/raw/fred/T5YIE-20260821T022309Z.json,ef580e8a42052f19acbf9160806aac8a226a0db96fae0f132bf0944e1dfe12bd,2026-08-21T02:29:31.506808+00:00,PASS,STALE,0.1.0
L4-003,2025-12-02,2.3,percent,FRED,T5YIE,docs/phase2-ingestion/data/macro/raw/fred/T5YIE-20260821T022309Z.json,ef580e8a42052f19acbf9160806aac8a226a0db96fae0f132bf0944e1dfe12bd,2026-08-21T02:29:31.506808+00:00,PASS,STALE,0.1.0
L4-003,2025-12-03,2.29,percent,FRED,T5YIE,docs/phase2-ingestion/data/macro/raw/fred/T5YIE-20260821T022309Z.json,ef580e8a42052f19acbf9160806aac8a226a0db96fae0f132bf0944e1dfe12bd,2026-08-21T02:29:31.506808+00:00,PASS,STALE,0.1.0
L4-003,2025-12-04,2.33,percent,FRED,T5YIE,docs/phase2-ingestion/data/macro/raw/fred/T5YIE-20260821T022309Z.json,ef580e8a42052f19acbf9160806aac8a226a0db96fae0f132bf0944e1dfe12bd,2026-08-21T02:29:31.506808+00:00,PASS,STALE,0.1.0
L4-003,2025-12-05,2.34,percent,FRED,T5YIE,docs/phase2-ingestion/data/macro/raw/fred/T5YIE-20260821T022309Z.json,ef580e8a42052f19acbf9160806aac8a226a0db96fae0f132bf0944e1dfe12bd,2026-08-21T02:29:31.506808+00:00,PASS,STALE,0.1.0
L4-003,2025-12-08,2.32,percent,FRED,T5YIE,docs/phase2-ingestion/data/macro/raw/fred/T5YIE-20260821T022309Z.json,ef580e8a42052f19acbf9160806aac8a226a0db96fae0f132bf0944e1dfe12bd,2026-08-21T02:29:31.506808+00:00,PASS,STALE,0.1.0
L4-003,2025-12-09,2.32,percent,FRED,T5YIE,docs/phase2-ingestion/data/macro/raw/fred/T5YIE-20260821T022309Z.json,ef580e8a42052f19acbf9160806aac8a226a0db96fae0f132bf0944e1dfe12bd,2026-08-21T02:29:31.506808+00:00,PASS,STALE,0.1.0
L4-003,2025-12-10,2.32,percent,FRED,T5YIE,docs/phase2-ingestion/data/macro/raw/fred/T5YIE-20260821T022309Z.json,ef580e8a42052f19acbf9160806aac8a226a0db96fae0f132bf0944e1dfe12bd,2026-08-21T02:29:31.506808+00:00,PASS,STALE,0.1.0
L4-003,2025-12-11,2.32,percent,FRED,T5YIE,docs/phase2-ingestion/data/macro/raw/fred/T5YIE-20260821T022309Z.json,ef580e8a42052f19acbf9160806aac8a226a0db96fae0f132bf0944e1dfe12bd,2026-08-21T02:29:31.506808+00:00,PASS,STALE,0.1.0
L4-003,2025-12-12,2.32,percent,FRED,T5YIE,docs/phase2-ingestion/data/macro/raw/fred/T5YIE-20260821T022309Z.json,ef580e8a42052f19acbf9160806aac8a226a0db96fae0f132bf0944e1dfe12bd,2026-08-21T02:29:31.506808+00:00,PASS,STALE,0.1.0
L4-003,2025-12-15,2.29,percent,FRED,T5YIE,docs/phase2-ingestion/data/macro/raw/fred/T5YIE-20260821T022309Z.json,ef580e8a42052f19acbf9160806aac8a226a0db96fae0f132bf0944e1dfe12bd,2026-08-21T02:29:31.506808+00:00,PASS,STALE,0.1.0
L4-003,2025-12-16,2.25,percent,FRED,T5YIE,docs/phase2-ingestion/data/macro/raw/fred/T5YIE-20260821T022309Z.json,ef580e8a42052f19acbf9160806aac8a226a0db96fae0f132bf0944e1dfe12bd,2026-08-21T02:29:31.506808+00:00,PASS,STALE,0.1.0
L4-003,2025-12-17,2.26,percent,FRED,T5YIE,docs/phase2-ingestion/data/macro/raw/fred/T5YIE-20260821T022309Z.json,ef580e8a42052f19acbf9160806aac8a226a0db96fae0f132bf0944e1dfe12bd,2026-08-21T02:29:31.506808+00:00,PASS,STALE,0.1.0
L4-003,2025-12-18,2.26,percent,FRED,T5YIE,docs/phase2-ingestion/data/macro/raw/fred/T5YIE-20260821T022309Z.json,ef580e8a42052f19acbf9160806aac8a226a0db96fae0f132bf0944e1dfe12bd,2026-08-21T02:29:31.506808+00:00,PASS,STALE,0.1.0
L4-003,2025-12-19,2.27,percent,FRED,T5YIE,docs/phase2-ingestion/data/macro/raw/fred/T5YIE-20260821T022309Z.json,ef580e8a42052f19acbf9160806aac8a226a0db96fae0f132bf0944e1dfe12bd,2026-08-21T02:29:31.506808+00:00,PASS,STALE,0.1.0
L4-003,2025-12-22,2.25,percent,FRED,T5YIE,docs/phase2-ingestion/data/macro/raw/fred/T5YIE-20260821T022309Z.json,ef580e8a42052f19acbf9160806aac8a226a0db96fae0f132bf0944e1dfe12bd,2026-08-21T02:29:31.506808+00:00,PASS,STALE,0.1.0
L4-003,2025-12-23,2.24,percent,FRED,T5YIE,docs/phase2-ingestion/data/macro/raw/fred/T5YIE-20260821T022309Z.json,ef580e8a42052f19acbf9160806aac8a226a0db96fae0f132bf0944e1dfe12bd,2026-08-21T02:29:31.506808+00:00,PASS,STALE,0.1.0
L4-003,2025-12-24,2.24,percent,FRED,T5YIE,docs/phase2-ingestion/data/macro/raw/fred/T5YIE-20260821T022309Z.json,ef580e8a42052f19acbf9160806aac8a226a0db96fae0f132bf0944e1dfe12bd,2026-08-21T02:29:31.506808+00:00,PASS,STALE,0.1.0
L4-003,2025-12-26,2.22,percent,FRED,T5YIE,docs/phase2-ingestion/data/macro/raw/fred/T5YIE-20260821T022309Z.json,ef580e8a42052f19acbf9160806aac8a226a0db96fae0f132bf0944e1dfe12bd,2026-08-21T02:29:31.506808+00:00,PASS,STALE,0.1.0
L4-003,2025-12-29,2.23,percent,FRED,T5YIE,docs/phase2-ingestion/data/macro/raw/fred/T5YIE-20260821T022309Z.json,ef580e8a42052f19acbf9160806aac8a226a0db96fae0f132bf0944e1dfe12bd,2026-08-21T02:29:31.506808+00:00,PASS,STALE,0.1.0
L4-003,2025-12-30,2.25,percent,FRED,T5YIE,docs/phase2-ingestion/data/macro/raw/fred/T5YIE-20260821T022309Z.json,ef580e8a42052f19acbf9160806aac8a226a0db96fae0f132bf0944e1dfe12bd,2026-08-21T02:29:31.506808+00:00,PASS,STALE,0.1.0
L4-003,2025-12-31,2.26,percent,FRED,T5YIE,docs/phase2-ingestion/data/macro/raw/fred/T5YIE-20260821T022309Z.json,ef580e8a42052f19acbf9160806aac8a226a0db96fae0f132bf0944e1dfe12bd,2026-08-21T02:29:31.506808+00:00,PASS,STALE,0.1.0
L4-003,2026-01-02,2.28,percent,FRED,T5YIE,docs/phase2-ingestion/data/macro/raw/fred/T5YIE-20260821T022309Z.json,ef580e8a42052f19acbf9160806aac8a226a0db96fae0f132bf0944e1dfe12bd,2026-08-21T02:29:31.506808+00:00,PASS,STALE,0.1.0
L4-003,2026-01-05,2.29,percent,FRED,T5YIE,docs/phase2-ingestion/data/macro/raw/fred/T5YIE-20260821T022309Z.json,ef580e8a42052f19acbf9160806aac8a226a0db96fae0f132bf0944e1dfe12bd,2026-08-21T02:29:31.506808+00:00,PASS,STALE,0.1.0
L4-003,2026-01-06,2.3,percent,FRED,T5YIE,docs/phase2-ingestion/data/macro/raw/fred/T5YIE-20260821T022309Z.json,ef580e8a42052f19acbf9160806aac8a226a0db96fae0f132bf0944e1dfe12bd,2026-08-21T02:29:31.506808+00:00,PASS,STALE,0.1.0
L4-003,2026-01-07,2.3,percent,FRED,T5YIE,docs/phase2-ingestion/data/macro/raw/fred/T5YIE-20260821T022309Z.json,ef580e8a42052f19acbf9160806aac8a226a0db96fae0f132bf0944e1dfe12bd,2026-08-21T02:29:31.506808+00:00,PASS,STALE,0.1.0
L4-003,2026-01-08,2.31,percent,FRED,T5YIE,docs/phase2-ingestion/data/macro/raw/fred/T5YIE-20260821T022309Z.json,ef580e8a42052f19acbf9160806aac8a226a0db96fae0f132bf0944e1dfe12bd,2026-08-21T02:29:31.506808+00:00,PASS,STALE,0.1.0
L4-003,2026-01-09,2.32,percent,FRED,T5YIE,docs/phase2-ingestion/data/macro/raw/fred/T5YIE-20260821T022309Z.json,ef580e8a42052f19acbf9160806aac8a226a0db96fae0f132bf0944e1dfe12bd,2026-08-21T02:29:31.506808+00:00,PASS,STALE,0.1.0
L4-003,2026-01-12,2.36,percent,FRED,T5YIE,docs/phase2-ingestion/data/macro/raw/fred/T5YIE-20260821T022309Z.json,ef580e8a42052f19acbf9160806aac8a226a0db96fae0f132bf0944e1dfe12bd,2026-08-21T02:29:31.506808+00:00,PASS,STALE,0.1.0
L4-003,2026-01-13,2.37,percent,FRED,T5YIE,docs/phase2-ingestion/data/macro/raw/fred/T5YIE-20260821T022309Z.json,ef580e8a42052f19acbf9160806aac8a226a0db96fae0f132bf0944e1dfe12bd,2026-08-21T02:29:31.506808+00:00,PASS,STALE,0.1.0
L4-003,2026-01-14,2.36,percent,FRED,T5YIE,docs/phase2-ingestion/data/macro/raw/fred/T5YIE-20260821T022309Z.json,ef580e8a42052f19acbf9160806aac8a226a0db96fae0f132bf0944e1dfe12bd,2026-08-21T02:29:31.506808+00:00,PASS,STALE,0.1.0
L4-003,2026-01-15,2.36,percent,FRED,T5YIE,docs/phase2-ingestion/data/macro/raw/fred/T5YIE-20260821T022309Z.json,ef580e8a42052f19acbf9160806aac8a226a0db96fae0f132bf0944e1dfe12bd,2026-08-21T02:29:31.506808+00:00,PASS,STALE,0.1.0
L4-003,2026-01-16,2.39,percent,FRED,T5YIE,docs/phase2-ingestion/data/macro/raw/fred/T5YIE-20260821T022309Z.json,ef580e8a42052f19acbf9160806aac8a226a0db96fae0f132bf0944e1dfe12bd,2026-08-21T02:29:31.506808+00:00,PASS,STALE,0.1.0
L4-003,2026-01-20,2.4,percent,FRED,T5YIE,docs/phase2-ingestion/data/macro/raw/fred/T5YIE-20260821T022309Z.json,ef580e8a42052f19acbf9160806aac8a226a0db96fae0f132bf0944e1dfe12bd,2026-08-21T02:29:31.506808+00:00,PASS,STALE,0.1.0
L4-003,2026-01-21,2.42,percent,FRED,T5YIE,docs/phase2-ingestion/data/macro/raw/fred/T5YIE-20260821T022309Z.json,ef580e8a42052f19acbf9160806aac8a226a0db96fae0f132bf0944e1dfe12bd,2026-08-21T02:29:31.506808+00:00,PASS,STALE,0.1.0
L4-003,2026-01-22,2.42,percent,FRED,T5YIE,docs/phase2-ingestion/data/macro/raw/fred/T5YIE-20260821T022309Z.json,ef580e8a42052f19acbf9160806aac8a226a0db96fae0f132bf0944e1dfe12bd,2026-08-21T02:29:31.506808+00:00,PASS,STALE,0.1.0
L4-003,2026-01-23,2.46,percent,FRED,T5YIE,docs/phase2-ingestion/data/macro/raw/fred/T5YIE-20260821T022309Z.json,ef580e8a42052f19acbf9160806aac8a226a0db96fae0f132bf0944e1dfe12bd,2026-08-21T02:29:31.506808+00:00,PASS,STALE,0.1.0
L4-003,2026-01-26,2.45,percent,FRED,T5YIE,docs/phase2-ingestion/data/macro/raw/fred/T5YIE-20260821T022309Z.json,ef580e8a42052f19acbf9160806aac8a226a0db96fae0f132bf0944e1dfe12bd,2026-08-21T02:29:31.506808+00:00,PASS,STALE,0.1.0
L4-003,2026-01-27,2.47,percent,FRED,T5YIE,docs/phase2-ingestion/data/macro/raw/fred/T5YIE-20260821T022309Z.json,ef580e8a42052f19acbf9160806aac8a226a0db96fae0f132bf0944e1dfe12bd,2026-08-21T02:29:31.506808+00:00,PASS,STALE,0.1.0
L4-003,2026-01-28,2.5,percent,FRED,T5YIE,docs/phase2-ingestion/data/macro/raw/fred/T5YIE-20260821T022309Z.json,ef580e8a42052f19acbf9160806aac8a226a0db96fae0f132bf0944e1dfe12bd,2026-08-21T02:29:31.506808+00:00,PASS,STALE,0.1.0
L4-003,2026-01-29,2.52,percent,FRED,T5YIE,docs/phase2-ingestion/data/macro/raw/fred/T5YIE-20260821T022309Z.json,ef580e8a42052f19acbf9160806aac8a226a0db96fae0f132bf0944e1dfe12bd,2026-08-21T02:29:31.506808+00:00,PASS,STALE,0.1.0
L4-003,2026-01-30,2.53,percent,FRED,T5YIE,docs/phase2-ingestion/data/macro/raw/fred/T5YIE-20260821T022309Z.json,ef580e8a42052f19acbf9160806aac8a226a0db96fae0f132bf0944e1dfe12bd,2026-08-21T02:29:31.506808+00:00,PASS,STALE,0.1.0
L4-003,2026-02-02,2.52,percent,FRED,T5YIE,docs/phase2-ingestion/data/macro/raw/fred/T5YIE-20260821T022309Z.json,ef580e8a42052f19acbf9160806aac8a226a0db96fae0f132bf0944e1dfe12bd,2026-08-21T02:29:31.506808+00:00,PASS,STALE,0.1.0
L4-003,2026-02-03,2.53,percent,FRED,T5YIE,docs/phase2-ingestion/data/macro/raw/fred/T5YIE-20260821T022309Z.json,ef580e8a42052f19acbf9160806aac8a226a0db96fae0f132bf0944e1dfe12bd,2026-08-21T02:29:31.506808+00:00,PASS,STALE,0.1.0
L4-003,2026-02-04,2.51,percent,FRED,T5YIE,docs/phase2-ingestion/data/macro/raw/fred/T5YIE-20260821T022309Z.json,ef580e8a42052f19acbf9160806aac8a226a0db96fae0f132bf0944e1dfe12bd,2026-08-21T02:29:31.506808+00:00,PASS,STALE,0.1.0
L4-003,2026-02-05,2.48,percent,FRED,T5YIE,docs/phase2-ingestion/data/macro/raw/fred/T5YIE-20260821T022309Z.json,ef580e8a42052f19acbf9160806aac8a226a0db96fae0f132bf0944e1dfe12bd,2026-08-21T02:29:31.506808+00:00,PASS,STALE,0.1.0
L4-003,2026-02-06,2.5,percent,FRED,T5YIE,docs/phase2-ingestion/data/macro/raw/fred/T5YIE-20260821T022309Z.json,ef580e8a42052f19acbf9160806aac8a226a0db96fae0f132bf0944e1dfe12bd,2026-08-21T02:29:31.506808+00:00,PASS,STALE,0.1.0
L4-003,2026-02-09,2.5,percent,FRED,T5YIE,docs/phase2-ingestion/data/macro/raw/fred/T5YIE-20260821T022309Z.json,ef580e8a42052f19acbf9160806aac8a226a0db96fae0f132bf0944e1dfe12bd,2026-08-21T02:29:31.506808+00:00,PASS,STALE,0.1.0
L4-003,2026-02-10,2.47,percent,FRED,T5YIE,docs/phase2-ingestion/data/macro/raw/fred/T5YIE-20260821T022309Z.json,ef580e8a42052f19acbf9160806aac8a226a0db96fae0f132bf0944e1dfe12bd,2026-08-21T02:29:31.506808+00:00,PASS,STALE,0.1.0
L4-003,2026-02-11,2.49,percent,FRED,T5YIE,docs/phase2-ingestion/data/macro/raw/fred/T5YIE-20260821T022309Z.json,ef580e8a42052f19acbf9160806aac8a226a0db96fae0f132bf0944e1dfe12bd,2026-08-21T02:29:31.506808+00:00,PASS,STALE,0.1.0
L4-003,2026-02-12,2.45,percent,FRED,T5YIE,docs/phase2-ingestion/data/macro/raw/fred/T5YIE-20260821T022309Z.json,ef580e8a42052f19acbf9160806aac8a226a0db96fae0f132bf0944e1dfe12bd,2026-08-21T02:29:31.506808+00:00,PASS,STALE,0.1.0
L4-003,2026-02-13,2.42,percent,FRED,T5YIE,docs/phase2-ingestion/data/macro/raw/fred/T5YIE-20260821T022309Z.json,ef580e8a42052f19acbf9160806aac8a226a0db96fae0f132bf0944e1dfe12bd,2026-08-21T02:29:31.506808+00:00,PASS,STALE,0.1.0
L4-003,2026-02-17,2.39,percent,FRED,T5YIE,docs/phase2-ingestion/data/macro/raw/fred/T5YIE-20260821T022309Z.json,ef580e8a42052f19acbf9160806aac8a226a0db96fae0f132bf0944e1dfe12bd,2026-08-21T02:29:31.506808+00:00,PASS,STALE,0.1.0
L4-003,2026-02-18,2.43,percent,FRED,T5YIE,docs/phase2-ingestion/data/macro/raw/fred/T5YIE-20260821T022309Z.json,ef580e8a42052f19acbf9160806aac8a226a0db96fae0f132bf0944e1dfe12bd,2026-08-21T02:29:31.506808+00:00,PASS,STALE,0.1.0
L4-003,2026-02-19,2.43,percent,FRED,T5YIE,docs/phase2-ingestion/data/macro/raw/fred/T5YIE-20260821T022309Z.json,ef580e8a42052f19acbf9160806aac8a226a0db96fae0f132bf0944e1dfe12bd,2026-08-21T02:29:31.506808+00:00,PASS,STALE,0.1.0
L4-003,2026-02-20,2.43,percent,FRED,T5YIE,docs/phase2-ingestion/data/macro/raw/fred/T5YIE-20260821T022309Z.json,ef580e8a42052f19acbf9160806aac8a226a0db96fae0f132bf0944e1dfe12bd,2026-08-21T02:29:31.506808+00:00,PASS,STALE,0.1.0
L4-003,2026-02-23,2.4,percent,FRED,T5YIE,docs/phase2-ingestion/data/macro/raw/fred/T5YIE-20260821T022309Z.json,ef580e8a42052f19acbf9160806aac8a226a0db96fae0f132bf0944e1dfe12bd,2026-08-21T02:29:31.506808+00:00,PASS,STALE,0.1.0
L4-003,2026-02-24,2.4,percent,FRED,T5YIE,docs/phase2-ingestion/data/macro/raw/fred/T5YIE-20260821T022309Z.json,ef580e8a42052f19acbf9160806aac8a226a0db96fae0f132bf0944e1dfe12bd,2026-08-21T02:29:31.506808+00:00,PASS,STALE,0.1.0
L4-003,2026-02-25,2.42,percent,FRED,T5YIE,docs/phase2-ingestion/data/macro/raw/fred/T5YIE-20260821T022309Z.json,ef580e8a42052f19acbf9160806aac8a226a0db96fae0f132bf0944e1dfe12bd,2026-08-21T02:29:31.506808+00:00,PASS,STALE,0.1.0
L4-003,2026-02-26,2.43,percent,FRED,T5YIE,docs/phase2-ingestion/data/macro/raw/fred/T5YIE-20260821T022309Z.json,ef580e8a42052f19acbf9160806aac8a226a0db96fae0f132bf0944e1dfe12bd,2026-08-21T02:29:31.506808+00:00,PASS,STALE,0.1.0
L4-003,2026-02-27,2.4,percent,FRED,T5YIE,docs/phase2-ingestion/data/macro/raw/fred/T5YIE-20260821T022309Z.json,ef580e8a42052f19acbf9160806aac8a226a0db96fae0f132bf0944e1dfe12bd,2026-08-21T02:29:31.506808+00:00,PASS,STALE,0.1.0
L4-003,2026-03-02,2.46,percent,FRED,T5YIE,docs/phase2-ingestion/data/macro/raw/fred/T5YIE-20260821T022309Z.json,ef580e8a42052f19acbf9160806aac8a226a0db96fae0f132bf0944e1dfe12bd,2026-08-21T02:29:31.506808+00:00,PASS,STALE,0.1.0
L4-003,2026-03-03,2.46,percent,FRED,T5YIE,docs/phase2-ingestion/data/macro/raw/fred/T5YIE-20260821T022309Z.json,ef580e8a42052f19acbf9160806aac8a226a0db96fae0f132bf0944e1dfe12bd,2026-08-21T02:29:31.506808+00:00,PASS,STALE,0.1.0
L4-003,2026-03-04,2.46,percent,FRED,T5YIE,docs/phase2-ingestion/data/macro/raw/fred/T5YIE-20260821T022309Z.json,ef580e8a42052f19acbf9160806aac8a226a0db96fae0f132bf0944e1dfe12bd,2026-08-21T02:29:31.506808+00:00,PASS,STALE,0.1.0
L4-003,2026-03-05,2.51,percent,FRED,T5YIE,docs/phase2-ingestion/data/macro/raw/fred/T5YIE-20260821T022309Z.json,ef580e8a42052f19acbf9160806aac8a226a0db96fae0f132bf0944e1dfe12bd,2026-08-21T02:29:31.506808+00:00,PASS,STALE,0.1.0
L4-003,2026-03-06,2.56,percent,FRED,T5YIE,docs/phase2-ingestion/data/macro/raw/fred/T5YIE-20260821T022309Z.json,ef580e8a42052f19acbf9160806aac8a226a0db96fae0f132bf0944e1dfe12bd,2026-08-21T02:29:31.506808+00:00,PASS,STALE,0.1.0
L4-003,2026-03-09,2.56,percent,FRED,T5YIE,docs/phase2-ingestion/data/macro/raw/fred/T5YIE-20260821T022309Z.json,ef580e8a42052f19acbf9160806aac8a226a0db96fae0f132bf0944e1dfe12bd,2026-08-21T02:29:31.506808+00:00,PASS,STALE,0.1.0
L4-003,2026-03-10,2.53,percent,FRED,T5YIE,docs/phase2-ingestion/data/macro/raw/fred/T5YIE-20260821T022309Z.json,ef580e8a42052f19acbf9160806aac8a226a0db96fae0f132bf0944e1dfe12bd,2026-08-21T02:29:31.506808+00:00,PASS,STALE,0.1.0
L4-003,2026-03-11,2.58,percent,FRED,T5YIE,docs/phase2-ingestion/data/macro/raw/fred/T5YIE-20260821T022309Z.json,ef580e8a42052f19acbf9160806aac8a226a0db96fae0f132bf0944e1dfe12bd,2026-08-21T02:29:31.506808+00:00,PASS,STALE,0.1.0
L4-003,2026-03-12,2.63,percent,FRED,T5YIE,docs/phase2-ingestion/data/macro/raw/fred/T5YIE-20260821T022309Z.json,ef580e8a42052f19acbf9160806aac8a226a0db96fae0f132bf0944e1dfe12bd,2026-08-21T02:29:31.506808+00:00,PASS,STALE,0.1.0
L4-003,2026-03-13,2.61,percent,FRED,T5YIE,docs/phase2-ingestion/data/macro/raw/fred/T5YIE-20260821T022309Z.json,ef580e8a42052f19acbf9160806aac8a226a0db96fae0f132bf0944e1dfe12bd,2026-08-21T02:29:31.506808+00:00,PASS,STALE,0.1.0
L4-003,2026-03-16,2.58,percent,FRED,T5YIE,docs/phase2-ingestion/data/macro/raw/fred/T5YIE-20260821T022309Z.json,ef580e8a42052f19acbf9160806aac8a226a0db96fae0f132bf0944e1dfe12bd,2026-08-21T02:29:31.506808+00:00,PASS,STALE,0.1.0
L4-003,2026-03-17,2.62,percent,FRED,T5YIE,docs/phase2-ingestion/data/macro/raw/fred/T5YIE-20260821T022309Z.json,ef580e8a42052f19acbf9160806aac8a226a0db96fae0f132bf0944e1dfe12bd,2026-08-21T02:29:31.506808+00:00,PASS,STALE,0.1.0
L4-003,2026-03-18,2.66,percent,FRED,T5YIE,docs/phase2-ingestion/data/macro/raw/fred/T5YIE-20260821T022309Z.json,ef580e8a42052f19acbf9160806aac8a226a0db96fae0f132bf0944e1dfe12bd,2026-08-21T02:29:31.506808+00:00,PASS,STALE,0.1.0
L4-003,2026-03-19,2.61,percent,FRED,T5YIE,docs/phase2-ingestion/data/macro/raw/fred/T5YIE-20260821T022309Z.json,ef580e8a42052f19acbf9160806aac8a226a0db96fae0f132bf0944e1dfe12bd,2026-08-21T02:29:31.506808+00:00,PASS,STALE,0.1.0
L4-003,2026-03-20,2.63,percent,FRED,T5YIE,docs/phase2-ingestion/data/macro/raw/fred/T5YIE-20260821T022309Z.json,ef580e8a42052f19acbf9160806aac8a226a0db96fae0f132bf0944e1dfe12bd,2026-08-21T02:29:31.506808+00:00,PASS,STALE,0.1.0
L4-003,2026-03-23,2.53,percent,FRED,T5YIE,docs/phase2-ingestion/data/macro/raw/fred/T5YIE-20260821T022309Z.json,ef580e8a42052f19acbf9160806aac8a226a0db96fae0f132bf0944e1dfe12bd,2026-08-21T02:29:31.506808+00:00,PASS,STALE,0.1.0
L4-003,2026-03-24,2.55,percent,FRED,T5YIE,docs/phase2-ingestion/data/macro/raw/fred/T5YIE-20260821T022309Z.json,ef580e8a42052f19acbf9160806aac8a226a0db96fae0f132bf0944e1dfe12bd,2026-08-21T02:29:31.506808+00:00,PASS,STALE,0.1.0
L4-003,2026-03-25,2.51,percent,FRED,T5YIE,docs/phase2-ingestion/data/macro/raw/fred/T5YIE-20260821T022309Z.json,ef580e8a42052f19acbf9160806aac8a226a0db96fae0f132bf0944e1dfe12bd,2026-08-21T02:29:31.506808+00:00,PASS,STALE,0.1.0
L4-003,2026-03-26,2.56,percent,FRED,T5YIE,docs/phase2-ingestion/data/macro/raw/fred/T5YIE-20260821T022309Z.json,ef580e8a42052f19acbf9160806aac8a226a0db96fae0f132bf0944e1dfe12bd,2026-08-21T02:29:31.506808+00:00,PASS,STALE,0.1.0
L4-003,2026-03-27,2.56,percent,FRED,T5YIE,docs/phase2-ingestion/data/macro/raw/fred/T5YIE-20260821T022309Z.json,ef580e8a42052f19acbf9160806aac8a226a0db96fae0f132bf0944e1dfe12bd,2026-08-21T02:29:31.506808+00:00,PASS,STALE,0.1.0
L4-003,2026-03-30,2.57,percent,FRED,T5YIE,docs/phase2-ingestion/data/macro/raw/fred/T5YIE-20260821T022309Z.json,ef580e8a42052f19acbf9160806aac8a226a0db96fae0f132bf0944e1dfe12bd,2026-08-21T02:29:31.506808+00:00,PASS,STALE,0.1.0
L4-003,2026-03-31,2.54,percent,FRED,T5YIE,docs/phase2-ingestion/data/macro/raw/fred/T5YIE-20260821T022309Z.json,ef580e8a42052f19acbf9160806aac8a226a0db96fae0f132bf0944e1dfe12bd,2026-08-21T02:29:31.506808+00:00,PASS,STALE,0.1.0
L4-003,2026-04-01,2.55,percent,FRED,T5YIE,docs/phase2-ingestion/data/macro/raw/fred/T5YIE-20260821T022309Z.json,ef580e8a42052f19acbf9160806aac8a226a0db96fae0f132bf0944e1dfe12bd,2026-08-21T02:29:31.506808+00:00,PASS,STALE,0.1.0
L4-003,2026-04-02,2.57,percent,FRED,T5YIE,docs/phase2-ingestion/data/macro/raw/fred/T5YIE-20260821T022309Z.json,ef580e8a42052f19acbf9160806aac8a226a0db96fae0f132bf0944e1dfe12bd,2026-08-21T02:29:31.506808+00:00,PASS,STALE,0.1.0
L4-003,2026-04-03,2.61,percent,FRED,T5YIE,docs/phase2-ingestion/data/macro/raw/fred/T5YIE-20260821T022309Z.json,ef580e8a42052f19acbf9160806aac8a226a0db96fae0f132bf0944e1dfe12bd,2026-08-21T02:29:31.506808+00:00,PASS,STALE,0.1.0
L4-003,2026-04-06,2.6,percent,FRED,T5YIE,docs/phase2-ingestion/data/macro/raw/fred/T5YIE-20260821T022309Z.json,ef580e8a42052f19acbf9160806aac8a226a0db96fae0f132bf0944e1dfe12bd,2026-08-21T02:29:31.506808+00:00,PASS,STALE,0.1.0
L4-003,2026-04-07,2.61,percent,FRED,T5YIE,docs/phase2-ingestion/data/macro/raw/fred/T5YIE-20260821T022309Z.json,ef580e8a42052f19acbf9160806aac8a226a0db96fae0f132bf0944e1dfe12bd,2026-08-21T02:29:31.506808+00:00,PASS,STALE,0.1.0
L4-003,2026-04-08,2.56,percent,FRED,T5YIE,docs/phase2-ingestion/data/macro/raw/fred/T5YIE-20260821T022309Z.json,ef580e8a42052f19acbf9160806aac8a226a0db96fae0f132bf0944e1dfe12bd,2026-08-21T02:29:31.506808+00:00,PASS,STALE,0.1.0
L4-003,2026-04-09,2.56,percent,FRED,T5YIE,docs/phase2-ingestion/data/macro/raw/fred/T5YIE-20260821T022309Z.json,ef580e8a42052f19acbf9160806aac8a226a0db96fae0f132bf0944e1dfe12bd,2026-08-21T02:29:31.506808+00:00,PASS,STALE,0.1.0
L4-003,2026-04-10,2.58,percent,FRED,T5YIE,docs/phase2-ingestion/data/macro/raw/fred/T5YIE-20260821T022309Z.json,ef580e8a42052f19acbf9160806aac8a226a0db96fae0f132bf0944e1dfe12bd,2026-08-21T02:29:31.506808+00:00,PASS,STALE,0.1.0
L4-003,2026-04-13,2.61,percent,FRED,T5YIE,docs/phase2-ingestion/data/macro/raw/fred/T5YIE-20260821T022309Z.json,ef580e8a42052f19acbf9160806aac8a226a0db96fae0f132bf0944e1dfe12bd,2026-08-21T02:29:31.506808+00:00,PASS,STALE,0.1.0
L4-003,2026-04-14,2.59,percent,FRED,T5YIE,docs/phase2-ingestion/data/macro/raw/fred/T5YIE-20260821T022309Z.json,ef580e8a42052f19acbf9160806aac8a226a0db96fae0f132bf0944e1dfe12bd,2026-08-21T02:29:31.506808+00:00,PASS,STALE,0.1.0
L4-003,2026-04-15,2.61,percent,FRED,T5YIE,docs/phase2-ingestion/data/macro/raw/fred/T5YIE-20260821T022309Z.json,ef580e8a42052f19acbf9160806aac8a226a0db96fae0f132bf0944e1dfe12bd,2026-08-21T02:29:31.506808+00:00,PASS,STALE,0.1.0
L4-003,2026-04-16,2.6,percent,FRED,T5YIE,docs/phase2-ingestion/data/macro/raw/fred/T5YIE-20260821T022309Z.json,ef580e8a42052f19acbf9160806aac8a226a0db96fae0f132bf0944e1dfe12bd,2026-08-21T02:29:31.506808+00:00,PASS,STALE,0.1.0
L4-003,2026-04-17,2.56,percent,FRED,T5YIE,docs/phase2-ingestion/data/macro/raw/fred/T5YIE-20260821T022309Z.json,ef580e8a42052f19acbf9160806aac8a226a0db96fae0f132bf0944e1dfe12bd,2026-08-21T02:29:31.506808+00:00,PASS,STALE,0.1.0
L4-003,2026-04-20,2.57,percent,FRED,T5YIE,docs/phase2-ingestion/data/macro/raw/fred/T5YIE-20260821T022309Z.json,ef580e8a42052f19acbf9160806aac8a226a0db96fae0f132bf0944e1dfe12bd,2026-08-21T02:29:31.506808+00:00,PASS,STALE,0.1.0
L4-003,2026-04-21,2.6,percent,FRED,T5YIE,docs/phase2-ingestion/data/macro/raw/fred/T5YIE-20260821T022309Z.json,ef580e8a42052f19acbf9160806aac8a226a0db96fae0f132bf0944e1dfe12bd,2026-08-21T02:29:31.506808+00:00,PASS,STALE,0.1.0
L4-003,2026-04-22,2.61,percent,FRED,T5YIE,docs/phase2-ingestion/data/macro/raw/fred/T5YIE-20260821T022309Z.json,ef580e8a42052f19acbf9160806aac8a226a0db96fae0f132bf0944e1dfe12bd,2026-08-21T02:29:31.506808+00:00,PASS,STALE,0.1.0
L4-003,2026-04-23,2.58,percent,FRED,T5YIE,docs/phase2-ingestion/data/macro/raw/fred/T5YIE-20260821T022309Z.json,ef580e8a42052f19acbf9160806aac8a226a0db96fae0f132bf0944e1dfe12bd,2026-08-21T02:29:31.506808+00:00,PASS,STALE,0.1.0
L4-003,2026-04-24,2.61,percent,FRED,T5YIE,docs/phase2-ingestion/data/macro/raw/fred/T5YIE-20260821T022309Z.json,ef580e8a42052f19acbf9160806aac8a226a0db96fae0f132bf0944e1dfe12bd,2026-08-21T02:29:31.506808+00:00,PASS,STALE,0.1.0
L4-003,2026-04-27,2.62,percent,FRED,T5YIE,docs/phase2-ingestion/data/macro/raw/fred/T5YIE-20260821T022309Z.json,ef580e8a42052f19acbf9160806aac8a226a0db96fae0f132bf0944e1dfe12bd,2026-08-21T02:29:31.506808+00:00,PASS,STALE,0.1.0
L4-003,2026-04-28,2.63,percent,FRED,T5YIE,docs/phase2-ingestion/data/macro/raw/fred/T5YIE-20260821T022309Z.json,ef580e8a42052f19acbf9160806aac8a226a0db96fae0f132bf0944e1dfe12bd,2026-08-21T02:29:31.506808+00:00,PASS,STALE,0.1.0
L4-003,2026-04-29,2.67,percent,FRED,T5YIE,docs/phase2-ingestion/data/macro/raw/fred/T5YIE-20260821T022309Z.json,ef580e8a42052f19acbf9160806aac8a226a0db96fae0f132bf0944e1dfe12bd,2026-08-21T02:29:31.506808+00:00,PASS,STALE,0.1.0
L4-003,2026-04-30,2.67,percent,FRED,T5YIE,docs/phase2-ingestion/data/macro/raw/fred/T5YIE-20260821T022309Z.json,ef580e8a42052f19acbf9160806aac8a226a0db96fae0f132bf0944e1dfe12bd,2026-08-21T02:29:31.506808+00:00,PASS,STALE,0.1.0
L4-003,2026-05-01,2.69,percent,FRED,T5YIE,docs/phase2-ingestion/data/macro/raw/fred/T5YIE-20260821T022309Z.json,ef580e8a42052f19acbf9160806aac8a226a0db96fae0f132bf0944e1dfe12bd,2026-08-21T02:29:31.506808+00:00,PASS,STALE,0.1.0
L4-003,2026-05-04,2.72,percent,FRED,T5YIE,docs/phase2-ingestion/data/macro/raw/fred/T5YIE-20260821T022309Z.json,ef580e8a42052f19acbf9160806aac8a226a0db96fae0f132bf0944e1dfe12bd,2026-08-21T02:29:31.506808+00:00,PASS,STALE,0.1.0
L4-003,2026-05-05,2.67,percent,FRED,T5YIE,docs/phase2-ingestion/data/macro/raw/fred/T5YIE-20260821T022309Z.json,ef580e8a42052f19acbf9160806aac8a226a0db96fae0f132bf0944e1dfe12bd,2026-08-21T02:29:31.506808+00:00,PASS,STALE,0.1.0
L4-003,2026-05-06,2.58,percent,FRED,T5YIE,docs/phase2-ingestion/data/macro/raw/fred/T5YIE-20260821T022309Z.json,ef580e8a42052f19acbf9160806aac8a226a0db96fae0f132bf0944e1dfe12bd,2026-08-21T02:29:31.506808+00:00,PASS,STALE,0.1.0
L4-003,2026-05-07,2.61,percent,FRED,T5YIE,docs/phase2-ingestion/data/macro/raw/fred/T5YIE-20260821T022309Z.json,ef580e8a42052f19acbf9160806aac8a226a0db96fae0f132bf0944e1dfe12bd,2026-08-21T02:29:31.506808+00:00,PASS,STALE,0.1.0
L4-003,2026-05-08,2.62,percent,FRED,T5YIE,docs/phase2-ingestion/data/macro/raw/fred/T5YIE-20260821T022309Z.json,ef580e8a42052f19acbf9160806aac8a226a0db96fae0f132bf0944e1dfe12bd,2026-08-21T02:29:31.506808+00:00,PASS,STALE,0.1.0
L4-003,2026-05-11,2.67,percent,FRED,T5YIE,docs/phase2-ingestion/data/macro/raw/fred/T5YIE-20260821T022309Z.json,ef580e8a42052f19acbf9160806aac8a226a0db96fae0f132bf0944e1dfe12bd,2026-08-21T02:29:31.506808+00:00,PASS,STALE,0.1.0
L4-003,2026-05-12,2.69,percent,FRED,T5YIE,docs/phase2-ingestion/data/macro/raw/fred/T5YIE-20260821T022309Z.json,ef580e8a42052f19acbf9160806aac8a226a0db96fae0f132bf0944e1dfe12bd,2026-08-21T02:29:31.506808+00:00,PASS,STALE,0.1.0
L4-003,2026-05-13,2.7,percent,FRED,T5YIE,docs/phase2-ingestion/data/macro/raw/fred/T5YIE-20260821T022309Z.json,ef580e8a42052f19acbf9160806aac8a226a0db96fae0f132bf0944e1dfe12bd,2026-08-21T02:29:31.506808+00:00,PASS,STALE,0.1.0
L4-003,2026-05-14,2.67,percent,FRED,T5YIE,docs/phase2-ingestion/data/macro/raw/fred/T5YIE-20260821T022309Z.json,ef580e8a42052f19acbf9160806aac8a226a0db96fae0f132bf0944e1dfe12bd,2026-08-21T02:29:31.506808+00:00,PASS,STALE,0.1.0
L4-003,2026-05-15,2.7,percent,FRED,T5YIE,docs/phase2-ingestion/data/macro/raw/fred/T5YIE-20260821T022309Z.json,ef580e8a42052f19acbf9160806aac8a226a0db96fae0f132bf0944e1dfe12bd,2026-08-21T02:29:31.506808+00:00,PASS,STALE,0.1.0
L4-003,2026-05-18,2.69,percent,FRED,T5YIE,docs/phase2-ingestion/data/macro/raw/fred/T5YIE-20260821T022309Z.json,ef580e8a42052f19acbf9160806aac8a226a0db96fae0f132bf0944e1dfe12bd,2026-08-21T02:29:31.506808+00:00,PASS,STALE,0.1.0
L4-003,2026-05-19,2.66,percent,FRED,T5YIE,docs/phase2-ingestion/data/macro/raw/fred/T5YIE-20260821T022309Z.json,ef580e8a42052f19acbf9160806aac8a226a0db96fae0f132bf0944e1dfe12bd,2026-08-21T02:29:31.506808+00:00,PASS,STALE,0.1.0
L4-003,2026-05-20,2.59,percent,FRED,T5YIE,docs/phase2-ingestion/data/macro/raw/fred/T5YIE-20260821T022309Z.json,ef580e8a42052f19acbf9160806aac8a226a0db96fae0f132bf0944e1dfe12bd,2026-08-21T02:29:31.506808+00:00,PASS,STALE,0.1.0
L4-003,2026-05-21,2.57,percent,FRED,T5YIE,docs/phase2-ingestion/data/macro/raw/fred/T5YIE-20260821T022309Z.json,ef580e8a42052f19acbf9160806aac8a226a0db96fae0f132bf0944e1dfe12bd,2026-08-21T02:29:31.506808+00:00,PASS,STALE,0.1.0
L4-003,2026-05-22,2.54,percent,FRED,T5YIE,docs/phase2-ingestion/data/macro/raw/fred/T5YIE-20260821T022309Z.json,ef580e8a42052f19acbf9160806aac8a226a0db96fae0f132bf0944e1dfe12bd,2026-08-21T02:29:31.506808+00:00,PASS,STALE,0.1.0
L4-003,2026-05-26,2.53,percent,FRED,T5YIE,docs/phase2-ingestion/data/macro/raw/fred/T5YIE-20260821T022309Z.json,ef580e8a42052f19acbf9160806aac8a226a0db96fae0f132bf0944e1dfe12bd,2026-08-21T02:29:31.506808+00:00,PASS,STALE,0.1.0
L4-003,2026-05-27,2.53,percent,FRED,T5YIE,docs/phase2-ingestion/data/macro/raw/fred/T5YIE-20260821T022309Z.json,ef580e8a42052f19acbf9160806aac8a226a0db96fae0f132bf0944e1dfe12bd,2026-08-21T02:29:31.506808+00:00,PASS,STALE,0.1.0
L4-003,2026-05-28,2.54,percent,FRED,T5YIE,docs/phase2-ingestion/data/macro/raw/fred/T5YIE-20260821T022309Z.json,ef580e8a42052f19acbf9160806aac8a226a0db96fae0f132bf0944e1dfe12bd,2026-08-21T02:29:31.506808+00:00,PASS,STALE,0.1.0
L4-003,2026-05-29,2.52,percent,FRED,T5YIE,docs/phase2-ingestion/data/macro/raw/fred/T5YIE-20260821T022309Z.json,ef580e8a42052f19acbf9160806aac8a226a0db96fae0f132bf0944e1dfe12bd,2026-08-21T02:29:31.506808+00:00,PASS,STALE,0.1.0
L4-003,2026-06-01,2.54,percent,FRED,T5YIE,docs/phase2-ingestion/data/macro/raw/fred/T5YIE-20260821T022309Z.json,ef580e8a42052f19acbf9160806aac8a226a0db96fae0f132bf0944e1dfe12bd,2026-08-21T02:29:31.506808+00:00,PASS,STALE,0.1.0
L4-003,2026-06-02,2.52,percent,FRED,T5YIE,docs/phase2-ingestion/data/macro/raw/fred/T5YIE-20260821T022309Z.json,ef580e8a42052f19acbf9160806aac8a226a0db96fae0f132bf0944e1dfe12bd,2026-08-21T02:29:31.506808+00:00,PASS,STALE,0.1.0
L4-003,2026-06-03,2.53,percent,FRED,T5YIE,docs/phase2-ingestion/data/macro/raw/fred/T5YIE-20260821T022309Z.json,ef580e8a42052f19acbf9160806aac8a226a0db96fae0f132bf0944e1dfe12bd,2026-08-21T02:29:31.506808+00:00,PASS,STALE,0.1.0
L4-003,2026-06-04,2.48,percent,FRED,T5YIE,docs/phase2-ingestion/data/macro/raw/fred/T5YIE-20260821T022309Z.json,ef580e8a42052f19acbf9160806aac8a226a0db96fae0f132bf0944e1dfe12bd,2026-08-21T02:29:31.506808+00:00,PASS,STALE,0.1.0
L4-003,2026-06-05,2.48,percent,FRED,T5YIE,docs/phase2-ingestion/data/macro/raw/fred/T5YIE-20260821T022309Z.json,ef580e8a42052f19acbf9160806aac8a226a0db96fae0f132bf0944e1dfe12bd,2026-08-21T02:29:31.506808+00:00,PASS,STALE,0.1.0
L4-003,2026-06-08,2.47,percent,FRED,T5YIE,docs/phase2-ingestion/data/macro/raw/fred/T5YIE-20260821T022309Z.json,ef580e8a42052f19acbf9160806aac8a226a0db96fae0f132bf0944e1dfe12bd,2026-08-21T02:29:31.506808+00:00,PASS,STALE,0.1.0
L4-003,2026-06-09,2.44,percent,FRED,T5YIE,docs/phase2-ingestion/data/macro/raw/fred/T5YIE-20260821T022309Z.json,ef580e8a42052f19acbf9160806aac8a226a0db96fae0f132bf0944e1dfe12bd,2026-08-21T02:29:31.506808+00:00,PASS,STALE,0.1.0
L4-003,2026-06-10,2.44,percent,FRED,T5YIE,docs/phase2-ingestion/data/macro/raw/fred/T5YIE-20260821T022309Z.json,ef580e8a42052f19acbf9160806aac8a226a0db96fae0f132bf0944e1dfe12bd,2026-08-21T02:29:31.506808+00:00,PASS,STALE,0.1.0
L4-003,2026-06-11,2.4,percent,FRED,T5YIE,docs/phase2-ingestion/data/macro/raw/fred/T5YIE-20260821T022309Z.json,ef580e8a42052f19acbf9160806aac8a226a0db96fae0f132bf0944e1dfe12bd,2026-08-21T02:29:31.506808+00:00,PASS,STALE,0.1.0
L4-003,2026-06-12,2.39,percent,FRED,T5YIE,docs/phase2-ingestion/data/macro/raw/fred/T5YIE-20260821T022309Z.json,ef580e8a42052f19acbf9160806aac8a226a0db96fae0f132bf0944e1dfe12bd,2026-08-21T02:29:31.506808+00:00,PASS,STALE,0.1.0
L4-003,2026-06-15,2.4,percent,FRED,T5YIE,docs/phase2-ingestion/data/macro/raw/fred/T5YIE-20260821T022309Z.json,ef580e8a42052f19acbf9160806aac8a226a0db96fae0f132bf0944e1dfe12bd,2026-08-21T02:29:31.506808+00:00,PASS,STALE,0.1.0
L4-003,2026-06-16,2.36,percent,FRED,T5YIE,docs/phase2-ingestion/data/macro/raw/fred/T5YIE-20260821T022309Z.json,ef580e8a42052f19acbf9160806aac8a226a0db96fae0f132bf0944e1dfe12bd,2026-08-21T02:29:31.506808+00:00,PASS,STALE,0.1.0
L4-003,2026-06-17,2.31,percent,FRED,T5YIE,docs/phase2-ingestion/data/macro/raw/fred/T5YIE-20260821T022309Z.json,ef580e8a42052f19acbf9160806aac8a226a0db96fae0f132bf0944e1dfe12bd,2026-08-21T02:29:31.506808+00:00,PASS,STALE,0.1.0
L4-003,2026-06-18,2.27,percent,FRED,T5YIE,docs/phase2-ingestion/data/macro/raw/fred/T5YIE-20260821T022309Z.json,ef580e8a42052f19acbf9160806aac8a226a0db96fae0f132bf0944e1dfe12bd,2026-08-21T02:29:31.506808+00:00,PASS,STALE,0.1.0
L4-003,2026-06-22,2.28,percent,FRED,T5YIE,docs/phase2-ingestion/data/macro/raw/fred/T5YIE-20260821T022309Z.json,ef580e8a42052f19acbf9160806aac8a226a0db96fae0f132bf0944e1dfe12bd,2026-08-21T02:29:31.506808+00:00,PASS,STALE,0.1.0
L4-003,2026-06-23,2.24,percent,FRED,T5YIE,docs/phase2-ingestion/data/macro/raw/fred/T5YIE-20260821T022309Z.json,ef580e8a42052f19acbf9160806aac8a226a0db96fae0f132bf0944e1dfe12bd,2026-08-21T02:29:31.506808+00:00,PASS,STALE,0.1.0
L4-003,2026-06-24,2.19,percent,FRED,T5YIE,docs/phase2-ingestion/data/macro/raw/fred/T5YIE-20260821T022309Z.json,ef580e8a42052f19acbf9160806aac8a226a0db96fae0f132bf0944e1dfe12bd,2026-08-21T02:29:31.506808+00:00,PASS,STALE,0.1.0
L4-003,2026-06-25,2.23,percent,FRED,T5YIE,docs/phase2-ingestion/data/macro/raw/fred/T5YIE-20260821T022309Z.json,ef580e8a42052f19acbf9160806aac8a226a0db96fae0f132bf0944e1dfe12bd,2026-08-21T02:29:31.506808+00:00,PASS,STALE,0.1.0
L4-003,2026-06-26,2.21,percent,FRED,T5YIE,docs/phase2-ingestion/data/macro/raw/fred/T5YIE-20260821T022309Z.json,ef580e8a42052f19acbf9160806aac8a226a0db96fae0f132bf0944e1dfe12bd,2026-08-21T02:29:31.506808+00:00,PASS,STALE,0.1.0
L4-003,2026-06-29,2.24,percent,FRED,T5YIE,docs/phase2-ingestion/data/macro/raw/fred/T5YIE-20260821T022309Z.json,ef580e8a42052f19acbf9160806aac8a226a0db96fae0f132bf0944e1dfe12bd,2026-08-21T02:29:31.506808+00:00,PASS,STALE,0.1.0
L4-003,2026-06-30,2.26,percent,FRED,T5YIE,docs/phase2-ingestion/data/macro/raw/fred/T5YIE-20260821T022309Z.json,ef580e8a42052f19acbf9160806aac8a226a0db96fae0f132bf0944e1dfe12bd,2026-08-21T02:29:31.506808+00:00,PASS,STALE,0.1.0
L4-003,2026-07-01,2.26,percent,FRED,T5YIE,docs/phase2-ingestion/data/macro/raw/fred/T5YIE-20260821T022309Z.json,ef580e8a42052f19acbf9160806aac8a226a0db96fae0f132bf0944e1dfe12bd,2026-08-21T02:29:31.506808+00:00,PASS,STALE,0.1.0
L4-003,2026-07-02,2.24,percent,FRED,T5YIE,docs/phase2-ingestion/data/macro/raw/fred/T5YIE-20260821T022309Z.json,ef580e8a42052f19acbf9160806aac8a226a0db96fae0f132bf0944e1dfe12bd,2026-08-21T02:29:31.506808+00:00,PASS,STALE,0.1.0
L4-003,2026-07-06,2.27,percent,FRED,T5YIE,docs/phase2-ingestion/data/macro/raw/fred/T5YIE-20260821T022309Z.json,ef580e8a42052f19acbf9160806aac8a226a0db96fae0f132bf0944e1dfe12bd,2026-08-21T02:29:31.506808+00:00,PASS,STALE,0.1.0
L4-003,2026-07-07,2.28,percent,FRED,T5YIE,docs/phase2-ingestion/data/macro/raw/fred/T5YIE-20260821T022309Z.json,ef580e8a42052f19acbf9160806aac8a226a0db96fae0f132bf0944e1dfe12bd,2026-08-21T02:29:31.506808+00:00,PASS,STALE,0.1.0
L4-003,2026-07-08,2.31,percent,FRED,T5YIE,docs/phase2-ingestion/data/macro/raw/fred/T5YIE-20260821T022309Z.json,ef580e8a42052f19acbf9160806aac8a226a0db96fae0f132bf0944e1dfe12bd,2026-08-21T02:29:31.506808+00:00,PASS,STALE,0.1.0
L4-003,2026-07-09,2.28,percent,FRED,T5YIE,docs/phase2-ingestion/data/macro/raw/fred/T5YIE-20260821T022309Z.json,ef580e8a42052f19acbf9160806aac8a226a0db96fae0f132bf0944e1dfe12bd,2026-08-21T02:29:31.506808+00:00,PASS,STALE,0.1.0
L4-003,2026-07-10,2.28,percent,FRED,T5YIE,docs/phase2-ingestion/data/macro/raw/fred/T5YIE-20260821T022309Z.json,ef580e8a42052f19acbf9160806aac8a226a0db96fae0f132bf0944e1dfe12bd,2026-08-21T02:29:31.506808+00:00,PASS,STALE,0.1.0
L4-003,2026-07-13,2.31,percent,FRED,T5YIE,docs/phase2-ingestion/data/macro/raw/fred/T5YIE-20260821T022309Z.json,ef580e8a42052f19acbf9160806aac8a226a0db96fae0f132bf0944e1dfe12bd,2026-08-21T02:29:31.506808+00:00,PASS,STALE,0.1.0
L4-003,2026-07-14,2.28,percent,FRED,T5YIE,docs/phase2-ingestion/data/macro/raw/fred/T5YIE-20260821T022309Z.json,ef580e8a42052f19acbf9160806aac8a226a0db96fae0f132bf0944e1dfe12bd,2026-08-21T02:29:31.506808+00:00,PASS,STALE,0.1.0
L4-003,2026-07-15,2.25,percent,FRED,T5YIE,docs/phase2-ingestion/data/macro/raw/fred/T5YIE-20260821T022309Z.json,ef580e8a42052f19acbf9160806aac8a226a0db96fae0f132bf0944e1dfe12bd,2026-08-21T02:29:31.506808+00:00,PASS,STALE,0.1.0
L4-003,2026-07-16,2.24,percent,FRED,T5YIE,docs/phase2-ingestion/data/macro/raw/fred/T5YIE-20260821T022309Z.json,ef580e8a42052f19acbf9160806aac8a226a0db96fae0f132bf0944e1dfe12bd,2026-08-21T02:29:31.506808+00:00,PASS,STALE,0.1.0
L4-003,2026-07-17,2.27,percent,FRED,T5YIE,docs/phase2-ingestion/data/macro/raw/fred/T5YIE-20260821T022309Z.json,ef580e8a42052f19acbf9160806aac8a226a0db96fae0f132bf0944e1dfe12bd,2026-08-21T02:29:31.506808+00:00,PASS,STALE,0.1.0
L4-003,2026-07-20,2.28,percent,FRED,T5YIE,docs/phase2-ingestion/data/macro/raw/fred/T5YIE-20260821T022309Z.json,ef580e8a42052f19acbf9160806aac8a226a0db96fae0f132bf0944e1dfe12bd,2026-08-21T02:29:31.506808+00:00,PASS,STALE,0.1.0
L4-003,2026-07-21,2.28,percent,FRED,T5YIE,docs/phase2-ingestion/data/macro/raw/fred/T5YIE-20260821T022309Z.json,ef580e8a42052f19acbf9160806aac8a226a0db96fae0f132bf0944e1dfe12bd,2026-08-21T02:29:31.506808+00:00,PASS,STALE,0.1.0
L4-003,2026-07-22,2.3,percent,FRED,T5YIE,docs/phase2-ingestion/data/macro/raw/fred/T5YIE-20260821T022309Z.json,ef580e8a42052f19acbf9160806aac8a226a0db96fae0f132bf0944e1dfe12bd,2026-08-21T02:29:31.506808+00:00,PASS,STALE,0.1.0
L4-003,2026-07-23,2.29,percent,FRED,T5YIE,docs/phase2-ingestion/data/macro/raw/fred/T5YIE-20260821T022309Z.json,ef580e8a42052f19acbf9160806aac8a226a0db96fae0f132bf0944e1dfe12bd,2026-08-21T02:29:31.506808+00:00,PASS,STALE,0.1.0
L4-003,2026-07-24,2.24,percent,FRED,T5YIE,docs/phase2-ingestion/data/macro/raw/fred/T5YIE-20260821T022309Z.json,ef580e8a42052f19acbf9160806aac8a226a0db96fae0f132bf0944e1dfe12bd,2026-08-21T02:29:31.506808+00:00,PASS,STALE,0.1.0
L4-003,2026-07-27,2.18,percent,FRED,T5YIE,docs/phase2-ingestion/data/macro/raw/fred/T5YIE-20260821T022309Z.json,ef580e8a42052f19acbf9160806aac8a226a0db96fae0f132bf0944e1dfe12bd,2026-08-21T02:29:31.506808+00:00,PASS,STALE,0.1.0
L4-003,2026-07-28,2.16,percent,FRED,T5YIE,docs/phase2-ingestion/data/macro/raw/fred/T5YIE-20260821T022309Z.json,ef580e8a42052f19acbf9160806aac8a226a0db96fae0f132bf0944e1dfe12bd,2026-08-21T02:29:31.506808+00:00,PASS,STALE,0.1.0
L4-003,2026-07-29,2.24,percent,FRED,T5YIE,docs/phase2-ingestion/data/macro/raw/fred/T5YIE-20260821T022309Z.json,ef580e8a42052f19acbf9160806aac8a226a0db96fae0f132bf0944e1dfe12bd,2026-08-21T02:29:31.506808+00:00,PASS,STALE,0.1.0
L4-003,2026-07-30,2.24,percent,FRED,T5YIE,docs/phase2-ingestion/data/macro/raw/fred/T5YIE-20260821T022309Z.json,ef580e8a42052f19acbf9160806aac8a226a0db96fae0f132bf0944e1dfe12bd,2026-08-21T02:29:31.506808+00:00,PASS,STALE,0.1.0
L4-003,2026-07-31,2.26,percent,FRED,T5YIE,docs/phase2-ingestion/data/macro/raw/fred/T5YIE-20260821T022309Z.json,ef580e8a42052f19acbf9160806aac8a226a0db96fae0f132bf0944e1dfe12bd,2026-08-21T02:29:31.506808+00:00,PASS,STALE,0.1.0
L4-003,2026-08-03,2.23,percent,FRED,T5YIE,docs/phase2-ingestion/data/macro/raw/fred/T5YIE-20260821T022309Z.json,ef580e8a42052f19acbf9160806aac8a226a0db96fae0f132bf0944e1dfe12bd,2026-08-21T02:29:31.506808+00:00,PASS,STALE,0.1.0
L4-003,2026-08-04,2.19,percent,FRED,T5YIE,docs/phase2-ingestion/data/macro/raw/fred/T5YIE-20260821T022309Z.json,ef580e8a42052f19acbf9160806aac8a226a0db96fae0f132bf0944e1dfe12bd,2026-08-21T02:29:31.506808+00:00,PASS,STALE,0.1.0
L4-003,2026-08-05,2.18,percent,FRED,T5YIE,docs/phase2-ingestion/data/macro/raw/fred/T5YIE-20260821T022309Z.json,ef580e8a42052f19acbf9160806aac8a226a0db96fae0f132bf0944e1dfe12bd,2026-08-21T02:29:31.506808+00:00,PASS,STALE,0.1.0
L4-003,2026-08-06,2.23,percent,FRED,T5YIE,docs/phase2-ingestion/data/macro/raw/fred/T5YIE-20260821T022309Z.json,ef580e8a42052f19acbf9160806aac8a226a0db96fae0f132bf0944e1dfe12bd,2026-08-21T02:29:31.506808+00:00,PASS,STALE,0.1.0
L4-003,2026-08-07,2.22,percent,FRED,T5YIE,docs/phase2-ingestion/data/macro/raw/fred/T5YIE-20260821T022309Z.json,ef580e8a42052f19acbf9160806aac8a226a0db96fae0f132bf0944e1dfe12bd,2026-08-21T02:29:31.506808+00:00,PASS,STALE,0.1.0
L4-003,2026-08-10,2.25,percent,FRED,T5YIE,docs/phase2-ingestion/data/macro/raw/fred/T5YIE-20260821T022309Z.json,ef580e8a42052f19acbf9160806aac8a226a0db96fae0f132bf0944e1dfe12bd,2026-08-21T02:29:31.506808+00:00,PASS,STALE,0.1.0
L4-003,2026-08-11,2.23,percent,FRED,T5YIE,docs/phase2-ingestion/data/macro/raw/fred/T5YIE-20260821T022309Z.json,ef580e8a42052f19acbf9160806aac8a226a0db96fae0f132bf0944e1dfe12bd,2026-08-21T02:29:31.506808+00:00,PASS,STALE,0.1.0
L4-003,2026-08-12,2.24,percent,FRED,T5YIE,docs/phase2-ingestion/data/macro/raw/fred/T5YIE-20260821T022309Z.json,ef580e8a42052f19acbf9160806aac8a226a0db96fae0f132bf0944e1dfe12bd,2026-08-21T02:29:31.506808+00:00,PASS,STALE,0.1.0
L4-003,2026-08-13,2.21,percent,FRED,T5YIE,docs/phase2-ingestion/data/macro/raw/fred/T5YIE-20260821T022309Z.json,ef580e8a42052f19acbf9160806aac8a226a0db96fae0f132bf0944e1dfe12bd,2026-08-21T02:29:31.506808+00:00,PASS,STALE,0.1.0
L4-003,2026-08-14,2.24,percent,FRED,T5YIE,docs/phase2-ingestion/data/macro/raw/fred/T5YIE-20260821T022309Z.json,ef580e8a42052f19acbf9160806aac8a226a0db96fae0f132bf0944e1dfe12bd,2026-08-21T02:29:31.506808+00:00,PASS,AVAILABLE,0.1.0
L4-003,2026-08-17,2.25,percent,FRED,T5YIE,docs/phase2-ingestion/data/macro/raw/fred/T5YIE-20260821T022309Z.json,ef580e8a42052f19acbf9160806aac8a226a0db96fae0f132bf0944e1dfe12bd,2026-08-21T02:29:31.506808+00:00,PASS,AVAILABLE,0.1.0
L4-003,2026-08-18,2.27,percent,FRED,T5YIE,docs/phase2-ingestion/data/macro/raw/fred/T5YIE-20260821T022309Z.json,ef580e8a42052f19acbf9160806aac8a226a0db96fae0f132bf0944e1dfe12bd,2026-08-21T02:29:31.506808+00:00,PASS,AVAILABLE,0.1.0
L4-003,2026-08-19,2.28,percent,FRED,T5YIE,docs/phase2-ingestion/data/macro/raw/fred/T5YIE-20260821T022309Z.json,ef580e8a42052f19acbf9160806aac8a226a0db96fae0f132bf0944e1dfe12bd,2026-08-21T02:29:31.506808+00:00,PASS,AVAILABLE,0.1.0
L4-003,2026-08-20,2.34,percent,FRED,T5YIE,docs/phase2-ingestion/data/macro/raw/fred/T5YIE-20260821T022309Z.json,ef580e8a42052f19acbf9160806aac8a226a0db96fae0f132bf0944e1dfe12bd,2026-08-21T02:29:31.506808+00:00,PASS,AVAILABLE,0.1.0
