variable_id,observation_date,observation_year,observation_quarter,federal_debt_pct_gdp,unit,series_definition,period_definition,seasonal_adjustment,source_name,source_series_id,source_release,raw_file_path,manifest_path,raw_sha256,retrieved_at,validation_status,availability_status,parser_version
L4-007,1966-01-01,1966,1,40.33999,percent_of_gdp,U.S. federal total public debt divided by GDP,FRED quarterly observation date is the first day of the quarter,seasonally_adjusted,FRED,GFDEGDQ188S,Debt to Gross Domestic Product Ratios,docs/phase2-ingestion/data/macro/raw/fred/GFDEGDQ188S-20260823T225548Z.json,docs/phase2-ingestion/data/macro/manifests/GFDEGDQ188S-20260823T225548Z.json,fac9b16416d1cd360f762b78c8c0406cbe3c60093203599dae33dec0408556fb,2026-08-23T22:55:48.275266+00:00,PASS,AVAILABLE,0.1.0
L4-007,1966-04-01,1966,2,39.26763,percent_of_gdp,U.S. federal total public debt divided by GDP,FRED quarterly observation date is the first day of the quarter,seasonally_adjusted,FRED,GFDEGDQ188S,Debt to Gross Domestic Product Ratios,docs/phase2-ingestion/data/macro/raw/fred/GFDEGDQ188S-20260823T225548Z.json,docs/phase2-ingestion/data/macro/manifests/GFDEGDQ188S-20260823T225548Z.json,fac9b16416d1cd360f762b78c8c0406cbe3c60093203599dae33dec0408556fb,2026-08-23T22:55:48.275266+00:00,PASS,AVAILABLE,0.1.0
L4-007,1966-07-01,1966,3,39.62091,percent_of_gdp,U.S. federal total public debt divided by GDP,FRED quarterly observation date is the first day of the quarter,seasonally_adjusted,FRED,GFDEGDQ188S,Debt to Gross Domestic Product Ratios,docs/phase2-ingestion/data/macro/raw/fred/GFDEGDQ188S-20260823T225548Z.json,docs/phase2-ingestion/data/macro/manifests/GFDEGDQ188S-20260823T225548Z.json,fac9b16416d1cd360f762b78c8c0406cbe3c60093203599dae33dec0408556fb,2026-08-23T22:55:48.275266+00:00,PASS,AVAILABLE,0.1.0
L4-007,1966-10-01,1966,4,39.51977,percent_of_gdp,U.S. federal total public debt divided by GDP,FRED quarterly observation date is the first day of the quarter,seasonally_adjusted,FRED,GFDEGDQ188S,Debt to Gross Domestic Product Ratios,docs/phase2-ingestion/data/macro/raw/fred/GFDEGDQ188S-20260823T225548Z.json,docs/phase2-ingestion/data/macro/manifests/GFDEGDQ188S-20260823T225548Z.json,fac9b16416d1cd360f762b78c8c0406cbe3c60093203599dae33dec0408556fb,2026-08-23T22:55:48.275266+00:00,PASS,AVAILABLE,0.1.0
L4-007,1967-01-01,1967,1,39.20383,percent_of_gdp,U.S. federal total public debt divided by GDP,FRED quarterly observation date is the first day of the quarter,seasonally_adjusted,FRED,GFDEGDQ188S,Debt to Gross Domestic Product Ratios,docs/phase2-ingestion/data/macro/raw/fred/GFDEGDQ188S-20260823T225548Z.json,docs/phase2-ingestion/data/macro/manifests/GFDEGDQ188S-20260823T225548Z.json,fac9b16416d1cd360f762b78c8c0406cbe3c60093203599dae33dec0408556fb,2026-08-23T22:55:48.275266+00:00,PASS,AVAILABLE,0.1.0
L4-007,1967-04-01,1967,2,38.03292,percent_of_gdp,U.S. federal total public debt divided by GDP,FRED quarterly observation date is the first day of the quarter,seasonally_adjusted,FRED,GFDEGDQ188S,Debt to Gross Domestic Product Ratios,docs/phase2-ingestion/data/macro/raw/fred/GFDEGDQ188S-20260823T225548Z.json,docs/phase2-ingestion/data/macro/manifests/GFDEGDQ188S-20260823T225548Z.json,fac9b16416d1cd360f762b78c8c0406cbe3c60093203599dae33dec0408556fb,2026-08-23T22:55:48.275266+00:00,PASS,AVAILABLE,0.1.0
L4-007,1967-07-01,1967,3,38.82145,percent_of_gdp,U.S. federal total public debt divided by GDP,FRED quarterly observation date is the first day of the quarter,seasonally_adjusted,FRED,GFDEGDQ188S,Debt to Gross Domestic Product Ratios,docs/phase2-ingestion/data/macro/raw/fred/GFDEGDQ188S-20260823T225548Z.json,docs/phase2-ingestion/data/macro/manifests/GFDEGDQ188S-20260823T225548Z.json,fac9b16416d1cd360f762b78c8c0406cbe3c60093203599dae33dec0408556fb,2026-08-23T22:55:48.275266+00:00,PASS,AVAILABLE,0.1.0
L4-007,1967-10-01,1967,4,39.10231,percent_of_gdp,U.S. federal total public debt divided by GDP,FRED quarterly observation date is the first day of the quarter,seasonally_adjusted,FRED,GFDEGDQ188S,Debt to Gross Domestic Product Ratios,docs/phase2-ingestion/data/macro/raw/fred/GFDEGDQ188S-20260823T225548Z.json,docs/phase2-ingestion/data/macro/manifests/GFDEGDQ188S-20260823T225548Z.json,fac9b16416d1cd360f762b78c8c0406cbe3c60093203599dae33dec0408556fb,2026-08-23T22:55:48.275266+00:00,PASS,AVAILABLE,0.1.0
L4-007,1968-01-01,1968,1,38.42951,percent_of_gdp,U.S. federal total public debt divided by GDP,FRED quarterly observation date is the first day of the quarter,seasonally_adjusted,FRED,GFDEGDQ188S,Debt to Gross Domestic Product Ratios,docs/phase2-ingestion/data/macro/raw/fred/GFDEGDQ188S-20260823T225548Z.json,docs/phase2-ingestion/data/macro/manifests/GFDEGDQ188S-20260823T225548Z.json,fac9b16416d1cd360f762b78c8c0406cbe3c60093203599dae33dec0408556fb,2026-08-23T22:55:48.275266+00:00,PASS,AVAILABLE,0.1.0
L4-007,1968-04-01,1968,2,36.96379,percent_of_gdp,U.S. federal total public debt divided by GDP,FRED quarterly observation date is the first day of the quarter,seasonally_adjusted,FRED,GFDEGDQ188S,Debt to Gross Domestic Product Ratios,docs/phase2-ingestion/data/macro/raw/fred/GFDEGDQ188S-20260823T225548Z.json,docs/phase2-ingestion/data/macro/manifests/GFDEGDQ188S-20260823T225548Z.json,fac9b16416d1cd360f762b78c8c0406cbe3c60093203599dae33dec0408556fb,2026-08-23T22:55:48.275266+00:00,PASS,AVAILABLE,0.1.0
L4-007,1968-07-01,1968,3,37.30897,percent_of_gdp,U.S. federal total public debt divided by GDP,FRED quarterly observation date is the first day of the quarter,seasonally_adjusted,FRED,GFDEGDQ188S,Debt to Gross Domestic Product Ratios,docs/phase2-ingestion/data/macro/raw/fred/GFDEGDQ188S-20260823T225548Z.json,docs/phase2-ingestion/data/macro/manifests/GFDEGDQ188S-20260823T225548Z.json,fac9b16416d1cd360f762b78c8c0406cbe3c60093203599dae33dec0408556fb,2026-08-23T22:55:48.275266+00:00,PASS,AVAILABLE,0.1.0
L4-007,1968-10-01,1968,4,36.98532,percent_of_gdp,U.S. federal total public debt divided by GDP,FRED quarterly observation date is the first day of the quarter,seasonally_adjusted,FRED,GFDEGDQ188S,Debt to Gross Domestic Product Ratios,docs/phase2-ingestion/data/macro/raw/fred/GFDEGDQ188S-20260823T225548Z.json,docs/phase2-ingestion/data/macro/manifests/GFDEGDQ188S-20260823T225548Z.json,fac9b16416d1cd360f762b78c8c0406cbe3c60093203599dae33dec0408556fb,2026-08-23T22:55:48.275266+00:00,PASS,AVAILABLE,0.1.0
L4-007,1969-01-01,1969,1,36.19577,percent_of_gdp,U.S. federal total public debt divided by GDP,FRED quarterly observation date is the first day of the quarter,seasonally_adjusted,FRED,GFDEGDQ188S,Debt to Gross Domestic Product Ratios,docs/phase2-ingestion/data/macro/raw/fred/GFDEGDQ188S-20260823T225548Z.json,docs/phase2-ingestion/data/macro/manifests/GFDEGDQ188S-20260823T225548Z.json,fac9b16416d1cd360f762b78c8c0406cbe3c60093203599dae33dec0408556fb,2026-08-23T22:55:48.275266+00:00,PASS,AVAILABLE,0.1.0
L4-007,1969-04-01,1969,2,34.97403,percent_of_gdp,U.S. federal total public debt divided by GDP,FRED quarterly observation date is the first day of the quarter,seasonally_adjusted,FRED,GFDEGDQ188S,Debt to Gross Domestic Product Ratios,docs/phase2-ingestion/data/macro/raw/fred/GFDEGDQ188S-20260823T225548Z.json,docs/phase2-ingestion/data/macro/manifests/GFDEGDQ188S-20260823T225548Z.json,fac9b16416d1cd360f762b78c8c0406cbe3c60093203599dae33dec0408556fb,2026-08-23T22:55:48.275266+00:00,PASS,AVAILABLE,0.1.0
L4-007,1969-07-01,1969,3,35.01946,percent_of_gdp,U.S. federal total public debt divided by GDP,FRED quarterly observation date is the first day of the quarter,seasonally_adjusted,FRED,GFDEGDQ188S,Debt to Gross Domestic Product Ratios,docs/phase2-ingestion/data/macro/raw/fred/GFDEGDQ188S-20260823T225548Z.json,docs/phase2-ingestion/data/macro/manifests/GFDEGDQ188S-20260823T225548Z.json,fac9b16416d1cd360f762b78c8c0406cbe3c60093203599dae33dec0408556fb,2026-08-23T22:55:48.275266+00:00,PASS,AVAILABLE,0.1.0
L4-007,1969-10-01,1969,4,35.46954,percent_of_gdp,U.S. federal total public debt divided by GDP,FRED quarterly observation date is the first day of the quarter,seasonally_adjusted,FRED,GFDEGDQ188S,Debt to Gross Domestic Product Ratios,docs/phase2-ingestion/data/macro/raw/fred/GFDEGDQ188S-20260823T225548Z.json,docs/phase2-ingestion/data/macro/manifests/GFDEGDQ188S-20260823T225548Z.json,fac9b16416d1cd360f762b78c8c0406cbe3c60093203599dae33dec0408556fb,2026-08-23T22:55:48.275266+00:00,PASS,AVAILABLE,0.1.0
L4-007,1970-01-01,1970,1,35.38879,percent_of_gdp,U.S. federal total public debt divided by GDP,FRED quarterly observation date is the first day of the quarter,seasonally_adjusted,FRED,GFDEGDQ188S,Debt to Gross Domestic Product Ratios,docs/phase2-ingestion/data/macro/raw/fred/GFDEGDQ188S-20260823T225548Z.json,docs/phase2-ingestion/data/macro/manifests/GFDEGDQ188S-20260823T225548Z.json,fac9b16416d1cd360f762b78c8c0406cbe3c60093203599dae33dec0408556fb,2026-08-23T22:55:48.275266+00:00,PASS,AVAILABLE,0.1.0
L4-007,1970-04-01,1970,2,34.67329,percent_of_gdp,U.S. federal total public debt divided by GDP,FRED quarterly observation date is the first day of the quarter,seasonally_adjusted,FRED,GFDEGDQ188S,Debt to Gross Domestic Product Ratios,docs/phase2-ingestion/data/macro/raw/fred/GFDEGDQ188S-20260823T225548Z.json,docs/phase2-ingestion/data/macro/manifests/GFDEGDQ188S-20260823T225548Z.json,fac9b16416d1cd360f762b78c8c0406cbe3c60093203599dae33dec0408556fb,2026-08-23T22:55:48.275266+00:00,PASS,AVAILABLE,0.1.0
L4-007,1970-07-01,1970,3,34.86717,percent_of_gdp,U.S. federal total public debt divided by GDP,FRED quarterly observation date is the first day of the quarter,seasonally_adjusted,FRED,GFDEGDQ188S,Debt to Gross Domestic Product Ratios,docs/phase2-ingestion/data/macro/raw/fred/GFDEGDQ188S-20260823T225548Z.json,docs/phase2-ingestion/data/macro/manifests/GFDEGDQ188S-20260823T225548Z.json,fac9b16416d1cd360f762b78c8c0406cbe3c60093203599dae33dec0408556fb,2026-08-23T22:55:48.275266+00:00,PASS,AVAILABLE,0.1.0
L4-007,1970-10-01,1970,4,35.74822,percent_of_gdp,U.S. federal total public debt divided by GDP,FRED quarterly observation date is the first day of the quarter,seasonally_adjusted,FRED,GFDEGDQ188S,Debt to Gross Domestic Product Ratios,docs/phase2-ingestion/data/macro/raw/fred/GFDEGDQ188S-20260823T225548Z.json,docs/phase2-ingestion/data/macro/manifests/GFDEGDQ188S-20260823T225548Z.json,fac9b16416d1cd360f762b78c8c0406cbe3c60093203599dae33dec0408556fb,2026-08-23T22:55:48.275266+00:00,PASS,AVAILABLE,0.1.0
L4-007,1971-01-01,1971,1,34.50345,percent_of_gdp,U.S. federal total public debt divided by GDP,FRED quarterly observation date is the first day of the quarter,seasonally_adjusted,FRED,GFDEGDQ188S,Debt to Gross Domestic Product Ratios,docs/phase2-ingestion/data/macro/raw/fred/GFDEGDQ188S-20260823T225548Z.json,docs/phase2-ingestion/data/macro/manifests/GFDEGDQ188S-20260823T225548Z.json,fac9b16416d1cd360f762b78c8c0406cbe3c60093203599dae33dec0408556fb,2026-08-23T22:55:48.275266+00:00,PASS,AVAILABLE,0.1.0
L4-007,1971-04-01,1971,2,34.36089,percent_of_gdp,U.S. federal total public debt divided by GDP,FRED quarterly observation date is the first day of the quarter,seasonally_adjusted,FRED,GFDEGDQ188S,Debt to Gross Domestic Product Ratios,docs/phase2-ingestion/data/macro/raw/fred/GFDEGDQ188S-20260823T225548Z.json,docs/phase2-ingestion/data/macro/manifests/GFDEGDQ188S-20260823T225548Z.json,fac9b16416d1cd360f762b78c8c0406cbe3c60093203599dae33dec0408556fb,2026-08-23T22:55:48.275266+00:00,PASS,AVAILABLE,0.1.0
L4-007,1971-07-01,1971,3,35.00694,percent_of_gdp,U.S. federal total public debt divided by GDP,FRED quarterly observation date is the first day of the quarter,seasonally_adjusted,FRED,GFDEGDQ188S,Debt to Gross Domestic Product Ratios,docs/phase2-ingestion/data/macro/raw/fred/GFDEGDQ188S-20260823T225548Z.json,docs/phase2-ingestion/data/macro/manifests/GFDEGDQ188S-20260823T225548Z.json,fac9b16416d1cd360f762b78c8c0406cbe3c60093203599dae33dec0408556fb,2026-08-23T22:55:48.275266+00:00,PASS,AVAILABLE,0.1.0
L4-007,1971-10-01,1971,4,35.63237,percent_of_gdp,U.S. federal total public debt divided by GDP,FRED quarterly observation date is the first day of the quarter,seasonally_adjusted,FRED,GFDEGDQ188S,Debt to Gross Domestic Product Ratios,docs/phase2-ingestion/data/macro/raw/fred/GFDEGDQ188S-20260823T225548Z.json,docs/phase2-ingestion/data/macro/manifests/GFDEGDQ188S-20260823T225548Z.json,fac9b16416d1cd360f762b78c8c0406cbe3c60093203599dae33dec0408556fb,2026-08-23T22:55:48.275266+00:00,PASS,AVAILABLE,0.1.0
L4-007,1972-01-01,1972,1,34.72622,percent_of_gdp,U.S. federal total public debt divided by GDP,FRED quarterly observation date is the first day of the quarter,seasonally_adjusted,FRED,GFDEGDQ188S,Debt to Gross Domestic Product Ratios,docs/phase2-ingestion/data/macro/raw/fred/GFDEGDQ188S-20260823T225548Z.json,docs/phase2-ingestion/data/macro/manifests/GFDEGDQ188S-20260823T225548Z.json,fac9b16416d1cd360f762b78c8c0406cbe3c60093203599dae33dec0408556fb,2026-08-23T22:55:48.275266+00:00,PASS,AVAILABLE,0.1.0
L4-007,1972-04-01,1972,2,33.67383,percent_of_gdp,U.S. federal total public debt divided by GDP,FRED quarterly observation date is the first day of the quarter,seasonally_adjusted,FRED,GFDEGDQ188S,Debt to Gross Domestic Product Ratios,docs/phase2-ingestion/data/macro/raw/fred/GFDEGDQ188S-20260823T225548Z.json,docs/phase2-ingestion/data/macro/manifests/GFDEGDQ188S-20260823T225548Z.json,fac9b16416d1cd360f762b78c8c0406cbe3c60093203599dae33dec0408556fb,2026-08-23T22:55:48.275266+00:00,PASS,AVAILABLE,0.1.0
L4-007,1972-07-01,1972,3,33.62447,percent_of_gdp,U.S. federal total public debt divided by GDP,FRED quarterly observation date is the first day of the quarter,seasonally_adjusted,FRED,GFDEGDQ188S,Debt to Gross Domestic Product Ratios,docs/phase2-ingestion/data/macro/raw/fred/GFDEGDQ188S-20260823T225548Z.json,docs/phase2-ingestion/data/macro/manifests/GFDEGDQ188S-20260823T225548Z.json,fac9b16416d1cd360f762b78c8c0406cbe3c60093203599dae33dec0408556fb,2026-08-23T22:55:48.275266+00:00,PASS,AVAILABLE,0.1.0
L4-007,1972-10-01,1972,4,33.74758,percent_of_gdp,U.S. federal total public debt divided by GDP,FRED quarterly observation date is the first day of the quarter,seasonally_adjusted,FRED,GFDEGDQ188S,Debt to Gross Domestic Product Ratios,docs/phase2-ingestion/data/macro/raw/fred/GFDEGDQ188S-20260823T225548Z.json,docs/phase2-ingestion/data/macro/manifests/GFDEGDQ188S-20260823T225548Z.json,fac9b16416d1cd360f762b78c8c0406cbe3c60093203599dae33dec0408556fb,2026-08-23T22:55:48.275266+00:00,PASS,AVAILABLE,0.1.0
L4-007,1973-01-01,1973,1,33.29287,percent_of_gdp,U.S. federal total public debt divided by GDP,FRED quarterly observation date is the first day of the quarter,seasonally_adjusted,FRED,GFDEGDQ188S,Debt to Gross Domestic Product Ratios,docs/phase2-ingestion/data/macro/raw/fred/GFDEGDQ188S-20260823T225548Z.json,docs/phase2-ingestion/data/macro/manifests/GFDEGDQ188S-20260823T225548Z.json,fac9b16416d1cd360f762b78c8c0406cbe3c60093203599dae33dec0408556fb,2026-08-23T22:55:48.275266+00:00,PASS,AVAILABLE,0.1.0
L4-007,1973-04-01,1973,2,32.34466,percent_of_gdp,U.S. federal total public debt divided by GDP,FRED quarterly observation date is the first day of the quarter,seasonally_adjusted,FRED,GFDEGDQ188S,Debt to Gross Domestic Product Ratios,docs/phase2-ingestion/data/macro/raw/fred/GFDEGDQ188S-20260823T225548Z.json,docs/phase2-ingestion/data/macro/manifests/GFDEGDQ188S-20260823T225548Z.json,fac9b16416d1cd360f762b78c8c0406cbe3c60093203599dae33dec0408556fb,2026-08-23T22:55:48.275266+00:00,PASS,AVAILABLE,0.1.0
L4-007,1973-07-01,1973,3,32.12455,percent_of_gdp,U.S. federal total public debt divided by GDP,FRED quarterly observation date is the first day of the quarter,seasonally_adjusted,FRED,GFDEGDQ188S,Debt to Gross Domestic Product Ratios,docs/phase2-ingestion/data/macro/raw/fred/GFDEGDQ188S-20260823T225548Z.json,docs/phase2-ingestion/data/macro/manifests/GFDEGDQ188S-20260823T225548Z.json,fac9b16416d1cd360f762b78c8c0406cbe3c60093203599dae33dec0408556fb,2026-08-23T22:55:48.275266+00:00,PASS,AVAILABLE,0.1.0
L4-007,1973-10-01,1973,4,31.77379,percent_of_gdp,U.S. federal total public debt divided by GDP,FRED quarterly observation date is the first day of the quarter,seasonally_adjusted,FRED,GFDEGDQ188S,Debt to Gross Domestic Product Ratios,docs/phase2-ingestion/data/macro/raw/fred/GFDEGDQ188S-20260823T225548Z.json,docs/phase2-ingestion/data/macro/manifests/GFDEGDQ188S-20260823T225548Z.json,fac9b16416d1cd360f762b78c8c0406cbe3c60093203599dae33dec0408556fb,2026-08-23T22:55:48.275266+00:00,PASS,AVAILABLE,0.1.0
L4-007,1974-01-01,1974,1,31.76449,percent_of_gdp,U.S. federal total public debt divided by GDP,FRED quarterly observation date is the first day of the quarter,seasonally_adjusted,FRED,GFDEGDQ188S,Debt to Gross Domestic Product Ratios,docs/phase2-ingestion/data/macro/raw/fred/GFDEGDQ188S-20260823T225548Z.json,docs/phase2-ingestion/data/macro/manifests/GFDEGDQ188S-20260823T225548Z.json,fac9b16416d1cd360f762b78c8c0406cbe3c60093203599dae33dec0408556fb,2026-08-23T22:55:48.275266+00:00,PASS,AVAILABLE,0.1.0
L4-007,1974-04-01,1974,2,30.99462,percent_of_gdp,U.S. federal total public debt divided by GDP,FRED quarterly observation date is the first day of the quarter,seasonally_adjusted,FRED,GFDEGDQ188S,Debt to Gross Domestic Product Ratios,docs/phase2-ingestion/data/macro/raw/fred/GFDEGDQ188S-20260823T225548Z.json,docs/phase2-ingestion/data/macro/manifests/GFDEGDQ188S-20260823T225548Z.json,fac9b16416d1cd360f762b78c8c0406cbe3c60093203599dae33dec0408556fb,2026-08-23T22:55:48.275266+00:00,PASS,AVAILABLE,0.1.0
L4-007,1974-07-01,1974,3,30.86269,percent_of_gdp,U.S. federal total public debt divided by GDP,FRED quarterly observation date is the first day of the quarter,seasonally_adjusted,FRED,GFDEGDQ188S,Debt to Gross Domestic Product Ratios,docs/phase2-ingestion/data/macro/raw/fred/GFDEGDQ188S-20260823T225548Z.json,docs/phase2-ingestion/data/macro/manifests/GFDEGDQ188S-20260823T225548Z.json,fac9b16416d1cd360f762b78c8c0406cbe3c60093203599dae33dec0408556fb,2026-08-23T22:55:48.275266+00:00,PASS,AVAILABLE,0.1.0
L4-007,1974-10-01,1974,4,30.79768,percent_of_gdp,U.S. federal total public debt divided by GDP,FRED quarterly observation date is the first day of the quarter,seasonally_adjusted,FRED,GFDEGDQ188S,Debt to Gross Domestic Product Ratios,docs/phase2-ingestion/data/macro/raw/fred/GFDEGDQ188S-20260823T225548Z.json,docs/phase2-ingestion/data/macro/manifests/GFDEGDQ188S-20260823T225548Z.json,fac9b16416d1cd360f762b78c8c0406cbe3c60093203599dae33dec0408556fb,2026-08-23T22:55:48.275266+00:00,PASS,AVAILABLE,0.1.0
L4-007,1975-01-01,1975,1,31.53604,percent_of_gdp,U.S. federal total public debt divided by GDP,FRED quarterly observation date is the first day of the quarter,seasonally_adjusted,FRED,GFDEGDQ188S,Debt to Gross Domestic Product Ratios,docs/phase2-ingestion/data/macro/raw/fred/GFDEGDQ188S-20260823T225548Z.json,docs/phase2-ingestion/data/macro/manifests/GFDEGDQ188S-20260823T225548Z.json,fac9b16416d1cd360f762b78c8c0406cbe3c60093203599dae33dec0408556fb,2026-08-23T22:55:48.275266+00:00,PASS,AVAILABLE,0.1.0
L4-007,1975-04-01,1975,2,32.27817,percent_of_gdp,U.S. federal total public debt divided by GDP,FRED quarterly observation date is the first day of the quarter,seasonally_adjusted,FRED,GFDEGDQ188S,Debt to Gross Domestic Product Ratios,docs/phase2-ingestion/data/macro/raw/fred/GFDEGDQ188S-20260823T225548Z.json,docs/phase2-ingestion/data/macro/manifests/GFDEGDQ188S-20260823T225548Z.json,fac9b16416d1cd360f762b78c8c0406cbe3c60093203599dae33dec0408556fb,2026-08-23T22:55:48.275266+00:00,PASS,AVAILABLE,0.1.0
L4-007,1975-07-01,1975,3,32.38043,percent_of_gdp,U.S. federal total public debt divided by GDP,FRED quarterly observation date is the first day of the quarter,seasonally_adjusted,FRED,GFDEGDQ188S,Debt to Gross Domestic Product Ratios,docs/phase2-ingestion/data/macro/raw/fred/GFDEGDQ188S-20260823T225548Z.json,docs/phase2-ingestion/data/macro/manifests/GFDEGDQ188S-20260823T225548Z.json,fac9b16416d1cd360f762b78c8c0406cbe3c60093203599dae33dec0408556fb,2026-08-23T22:55:48.275266+00:00,PASS,AVAILABLE,0.1.0
L4-007,1975-10-01,1975,4,32.7301,percent_of_gdp,U.S. federal total public debt divided by GDP,FRED quarterly observation date is the first day of the quarter,seasonally_adjusted,FRED,GFDEGDQ188S,Debt to Gross Domestic Product Ratios,docs/phase2-ingestion/data/macro/raw/fred/GFDEGDQ188S-20260823T225548Z.json,docs/phase2-ingestion/data/macro/manifests/GFDEGDQ188S-20260823T225548Z.json,fac9b16416d1cd360f762b78c8c0406cbe3c60093203599dae33dec0408556fb,2026-08-23T22:55:48.275266+00:00,PASS,AVAILABLE,0.1.0
L4-007,1976-01-01,1976,1,32.98513,percent_of_gdp,U.S. federal total public debt divided by GDP,FRED quarterly observation date is the first day of the quarter,seasonally_adjusted,FRED,GFDEGDQ188S,Debt to Gross Domestic Product Ratios,docs/phase2-ingestion/data/macro/raw/fred/GFDEGDQ188S-20260823T225548Z.json,docs/phase2-ingestion/data/macro/manifests/GFDEGDQ188S-20260823T225548Z.json,fac9b16416d1cd360f762b78c8c0406cbe3c60093203599dae33dec0408556fb,2026-08-23T22:55:48.275266+00:00,PASS,AVAILABLE,0.1.0
L4-007,1976-04-01,1976,2,33.49464,percent_of_gdp,U.S. federal total public debt divided by GDP,FRED quarterly observation date is the first day of the quarter,seasonally_adjusted,FRED,GFDEGDQ188S,Debt to Gross Domestic Product Ratios,docs/phase2-ingestion/data/macro/raw/fred/GFDEGDQ188S-20260823T225548Z.json,docs/phase2-ingestion/data/macro/manifests/GFDEGDQ188S-20260823T225548Z.json,fac9b16416d1cd360f762b78c8c0406cbe3c60093203599dae33dec0408556fb,2026-08-23T22:55:48.275266+00:00,PASS,AVAILABLE,0.1.0
L4-007,1976-07-01,1976,3,33.64333,percent_of_gdp,U.S. federal total public debt divided by GDP,FRED quarterly observation date is the first day of the quarter,seasonally_adjusted,FRED,GFDEGDQ188S,Debt to Gross Domestic Product Ratios,docs/phase2-ingestion/data/macro/raw/fred/GFDEGDQ188S-20260823T225548Z.json,docs/phase2-ingestion/data/macro/manifests/GFDEGDQ188S-20260823T225548Z.json,fac9b16416d1cd360f762b78c8c0406cbe3c60093203599dae33dec0408556fb,2026-08-23T22:55:48.275266+00:00,PASS,AVAILABLE,0.1.0
L4-007,1976-10-01,1976,4,33.78753,percent_of_gdp,U.S. federal total public debt divided by GDP,FRED quarterly observation date is the first day of the quarter,seasonally_adjusted,FRED,GFDEGDQ188S,Debt to Gross Domestic Product Ratios,docs/phase2-ingestion/data/macro/raw/fred/GFDEGDQ188S-20260823T225548Z.json,docs/phase2-ingestion/data/macro/manifests/GFDEGDQ188S-20260823T225548Z.json,fac9b16416d1cd360f762b78c8c0406cbe3c60093203599dae33dec0408556fb,2026-08-23T22:55:48.275266+00:00,PASS,AVAILABLE,0.1.0
L4-007,1977-01-01,1977,1,33.65136,percent_of_gdp,U.S. federal total public debt divided by GDP,FRED quarterly observation date is the first day of the quarter,seasonally_adjusted,FRED,GFDEGDQ188S,Debt to Gross Domestic Product Ratios,docs/phase2-ingestion/data/macro/raw/fred/GFDEGDQ188S-20260823T225548Z.json,docs/phase2-ingestion/data/macro/manifests/GFDEGDQ188S-20260823T225548Z.json,fac9b16416d1cd360f762b78c8c0406cbe3c60093203599dae33dec0408556fb,2026-08-23T22:55:48.275266+00:00,PASS,AVAILABLE,0.1.0
L4-007,1977-04-01,1977,2,32.80422,percent_of_gdp,U.S. federal total public debt divided by GDP,FRED quarterly observation date is the first day of the quarter,seasonally_adjusted,FRED,GFDEGDQ188S,Debt to Gross Domestic Product Ratios,docs/phase2-ingestion/data/macro/raw/fred/GFDEGDQ188S-20260823T225548Z.json,docs/phase2-ingestion/data/macro/manifests/GFDEGDQ188S-20260823T225548Z.json,fac9b16416d1cd360f762b78c8c0406cbe3c60093203599dae33dec0408556fb,2026-08-23T22:55:48.275266+00:00,PASS,AVAILABLE,0.1.0
L4-007,1977-07-01,1977,3,32.98791,percent_of_gdp,U.S. federal total public debt divided by GDP,FRED quarterly observation date is the first day of the quarter,seasonally_adjusted,FRED,GFDEGDQ188S,Debt to Gross Domestic Product Ratios,docs/phase2-ingestion/data/macro/raw/fred/GFDEGDQ188S-20260823T225548Z.json,docs/phase2-ingestion/data/macro/manifests/GFDEGDQ188S-20260823T225548Z.json,fac9b16416d1cd360f762b78c8c0406cbe3c60093203599dae33dec0408556fb,2026-08-23T22:55:48.275266+00:00,PASS,AVAILABLE,0.1.0
L4-007,1977-10-01,1977,4,33.21873,percent_of_gdp,U.S. federal total public debt divided by GDP,FRED quarterly observation date is the first day of the quarter,seasonally_adjusted,FRED,GFDEGDQ188S,Debt to Gross Domestic Product Ratios,docs/phase2-ingestion/data/macro/raw/fred/GFDEGDQ188S-20260823T225548Z.json,docs/phase2-ingestion/data/macro/manifests/GFDEGDQ188S-20260823T225548Z.json,fac9b16416d1cd360f762b78c8c0406cbe3c60093203599dae33dec0408556fb,2026-08-23T22:55:48.275266+00:00,PASS,AVAILABLE,0.1.0
L4-007,1978-01-01,1978,1,33.5012,percent_of_gdp,U.S. federal total public debt divided by GDP,FRED quarterly observation date is the first day of the quarter,seasonally_adjusted,FRED,GFDEGDQ188S,Debt to Gross Domestic Product Ratios,docs/phase2-ingestion/data/macro/raw/fred/GFDEGDQ188S-20260823T225548Z.json,docs/phase2-ingestion/data/macro/manifests/GFDEGDQ188S-20260823T225548Z.json,fac9b16416d1cd360f762b78c8c0406cbe3c60093203599dae33dec0408556fb,2026-08-23T22:55:48.275266+00:00,PASS,AVAILABLE,0.1.0
L4-007,1978-04-01,1978,2,32.12444,percent_of_gdp,U.S. federal total public debt divided by GDP,FRED quarterly observation date is the first day of the quarter,seasonally_adjusted,FRED,GFDEGDQ188S,Debt to Gross Domestic Product Ratios,docs/phase2-ingestion/data/macro/raw/fred/GFDEGDQ188S-20260823T225548Z.json,docs/phase2-ingestion/data/macro/manifests/GFDEGDQ188S-20260823T225548Z.json,fac9b16416d1cd360f762b78c8c0406cbe3c60093203599dae33dec0408556fb,2026-08-23T22:55:48.275266+00:00,PASS,AVAILABLE,0.1.0
L4-007,1978-07-01,1978,3,32.21407,percent_of_gdp,U.S. federal total public debt divided by GDP,FRED quarterly observation date is the first day of the quarter,seasonally_adjusted,FRED,GFDEGDQ188S,Debt to Gross Domestic Product Ratios,docs/phase2-ingestion/data/macro/raw/fred/GFDEGDQ188S-20260823T225548Z.json,docs/phase2-ingestion/data/macro/manifests/GFDEGDQ188S-20260823T225548Z.json,fac9b16416d1cd360f762b78c8c0406cbe3c60093203599dae33dec0408556fb,2026-08-23T22:55:48.275266+00:00,PASS,AVAILABLE,0.1.0
L4-007,1978-10-01,1978,4,31.86206,percent_of_gdp,U.S. federal total public debt divided by GDP,FRED quarterly observation date is the first day of the quarter,seasonally_adjusted,FRED,GFDEGDQ188S,Debt to Gross Domestic Product Ratios,docs/phase2-ingestion/data/macro/raw/fred/GFDEGDQ188S-20260823T225548Z.json,docs/phase2-ingestion/data/macro/manifests/GFDEGDQ188S-20260823T225548Z.json,fac9b16416d1cd360f762b78c8c0406cbe3c60093203599dae33dec0408556fb,2026-08-23T22:55:48.275266+00:00,PASS,AVAILABLE,0.1.0
L4-007,1979-01-01,1979,1,31.53601,percent_of_gdp,U.S. federal total public debt divided by GDP,FRED quarterly observation date is the first day of the quarter,seasonally_adjusted,FRED,GFDEGDQ188S,Debt to Gross Domestic Product Ratios,docs/phase2-ingestion/data/macro/raw/fred/GFDEGDQ188S-20260823T225548Z.json,docs/phase2-ingestion/data/macro/manifests/GFDEGDQ188S-20260823T225548Z.json,fac9b16416d1cd360f762b78c8c0406cbe3c60093203599dae33dec0408556fb,2026-08-23T22:55:48.275266+00:00,PASS,AVAILABLE,0.1.0
L4-007,1979-04-01,1979,2,31.06277,percent_of_gdp,U.S. federal total public debt divided by GDP,FRED quarterly observation date is the first day of the quarter,seasonally_adjusted,FRED,GFDEGDQ188S,Debt to Gross Domestic Product Ratios,docs/phase2-ingestion/data/macro/raw/fred/GFDEGDQ188S-20260823T225548Z.json,docs/phase2-ingestion/data/macro/manifests/GFDEGDQ188S-20260823T225548Z.json,fac9b16416d1cd360f762b78c8c0406cbe3c60093203599dae33dec0408556fb,2026-08-23T22:55:48.275266+00:00,PASS,AVAILABLE,0.1.0
L4-007,1979-07-01,1979,3,30.98402,percent_of_gdp,U.S. federal total public debt divided by GDP,FRED quarterly observation date is the first day of the quarter,seasonally_adjusted,FRED,GFDEGDQ188S,Debt to Gross Domestic Product Ratios,docs/phase2-ingestion/data/macro/raw/fred/GFDEGDQ188S-20260823T225548Z.json,docs/phase2-ingestion/data/macro/manifests/GFDEGDQ188S-20260823T225548Z.json,fac9b16416d1cd360f762b78c8c0406cbe3c60093203599dae33dec0408556fb,2026-08-23T22:55:48.275266+00:00,PASS,AVAILABLE,0.1.0
L4-007,1979-10-01,1979,4,31.02615,percent_of_gdp,U.S. federal total public debt divided by GDP,FRED quarterly observation date is the first day of the quarter,seasonally_adjusted,FRED,GFDEGDQ188S,Debt to Gross Domestic Product Ratios,docs/phase2-ingestion/data/macro/raw/fred/GFDEGDQ188S-20260823T225548Z.json,docs/phase2-ingestion/data/macro/manifests/GFDEGDQ188S-20260823T225548Z.json,fac9b16416d1cd360f762b78c8c0406cbe3c60093203599dae33dec0408556fb,2026-08-23T22:55:48.275266+00:00,PASS,AVAILABLE,0.1.0
L4-007,1980-01-01,1980,1,30.94982,percent_of_gdp,U.S. federal total public debt divided by GDP,FRED quarterly observation date is the first day of the quarter,seasonally_adjusted,FRED,GFDEGDQ188S,Debt to Gross Domestic Product Ratios,docs/phase2-ingestion/data/macro/raw/fred/GFDEGDQ188S-20260823T225548Z.json,docs/phase2-ingestion/data/macro/manifests/GFDEGDQ188S-20260823T225548Z.json,fac9b16416d1cd360f762b78c8c0406cbe3c60093203599dae33dec0408556fb,2026-08-23T22:55:48.275266+00:00,PASS,AVAILABLE,0.1.0
L4-007,1980-04-01,1980,2,31.37303,percent_of_gdp,U.S. federal total public debt divided by GDP,FRED quarterly observation date is the first day of the quarter,seasonally_adjusted,FRED,GFDEGDQ188S,Debt to Gross Domestic Product Ratios,docs/phase2-ingestion/data/macro/raw/fred/GFDEGDQ188S-20260823T225548Z.json,docs/phase2-ingestion/data/macro/manifests/GFDEGDQ188S-20260823T225548Z.json,fac9b16416d1cd360f762b78c8c0406cbe3c60093203599dae33dec0408556fb,2026-08-23T22:55:48.275266+00:00,PASS,AVAILABLE,0.1.0
L4-007,1980-07-01,1980,3,31.77687,percent_of_gdp,U.S. federal total public debt divided by GDP,FRED quarterly observation date is the first day of the quarter,seasonally_adjusted,FRED,GFDEGDQ188S,Debt to Gross Domestic Product Ratios,docs/phase2-ingestion/data/macro/raw/fred/GFDEGDQ188S-20260823T225548Z.json,docs/phase2-ingestion/data/macro/manifests/GFDEGDQ188S-20260823T225548Z.json,fac9b16416d1cd360f762b78c8c0406cbe3c60093203599dae33dec0408556fb,2026-08-23T22:55:48.275266+00:00,PASS,AVAILABLE,0.1.0
L4-007,1980-10-01,1980,4,31.157,percent_of_gdp,U.S. federal total public debt divided by GDP,FRED quarterly observation date is the first day of the quarter,seasonally_adjusted,FRED,GFDEGDQ188S,Debt to Gross Domestic Product Ratios,docs/phase2-ingestion/data/macro/raw/fred/GFDEGDQ188S-20260823T225548Z.json,docs/phase2-ingestion/data/macro/manifests/GFDEGDQ188S-20260823T225548Z.json,fac9b16416d1cd360f762b78c8c0406cbe3c60093203599dae33dec0408556fb,2026-08-23T22:55:48.275266+00:00,PASS,AVAILABLE,0.1.0
L4-007,1981-01-01,1981,1,30.87284,percent_of_gdp,U.S. federal total public debt divided by GDP,FRED quarterly observation date is the first day of the quarter,seasonally_adjusted,FRED,GFDEGDQ188S,Debt to Gross Domestic Product Ratios,docs/phase2-ingestion/data/macro/raw/fred/GFDEGDQ188S-20260823T225548Z.json,docs/phase2-ingestion/data/macro/manifests/GFDEGDQ188S-20260823T225548Z.json,fac9b16416d1cd360f762b78c8c0406cbe3c60093203599dae33dec0408556fb,2026-08-23T22:55:48.275266+00:00,PASS,AVAILABLE,0.1.0
L4-007,1981-04-01,1981,2,30.70875,percent_of_gdp,U.S. federal total public debt divided by GDP,FRED quarterly observation date is the first day of the quarter,seasonally_adjusted,FRED,GFDEGDQ188S,Debt to Gross Domestic Product Ratios,docs/phase2-ingestion/data/macro/raw/fred/GFDEGDQ188S-20260823T225548Z.json,docs/phase2-ingestion/data/macro/manifests/GFDEGDQ188S-20260823T225548Z.json,fac9b16416d1cd360f762b78c8c0406cbe3c60093203599dae33dec0408556fb,2026-08-23T22:55:48.275266+00:00,PASS,AVAILABLE,0.1.0
L4-007,1981-07-01,1981,3,30.60333,percent_of_gdp,U.S. federal total public debt divided by GDP,FRED quarterly observation date is the first day of the quarter,seasonally_adjusted,FRED,GFDEGDQ188S,Debt to Gross Domestic Product Ratios,docs/phase2-ingestion/data/macro/raw/fred/GFDEGDQ188S-20260823T225548Z.json,docs/phase2-ingestion/data/macro/manifests/GFDEGDQ188S-20260823T225548Z.json,fac9b16416d1cd360f762b78c8c0406cbe3c60093203599dae33dec0408556fb,2026-08-23T22:55:48.275266+00:00,PASS,AVAILABLE,0.1.0
L4-007,1981-10-01,1981,4,31.35587,percent_of_gdp,U.S. federal total public debt divided by GDP,FRED quarterly observation date is the first day of the quarter,seasonally_adjusted,FRED,GFDEGDQ188S,Debt to Gross Domestic Product Ratios,docs/phase2-ingestion/data/macro/raw/fred/GFDEGDQ188S-20260823T225548Z.json,docs/phase2-ingestion/data/macro/manifests/GFDEGDQ188S-20260823T225548Z.json,fac9b16416d1cd360f762b78c8c0406cbe3c60093203599dae33dec0408556fb,2026-08-23T22:55:48.275266+00:00,PASS,AVAILABLE,0.1.0
L4-007,1982-01-01,1982,1,32.41298,percent_of_gdp,U.S. federal total public debt divided by GDP,FRED quarterly observation date is the first day of the quarter,seasonally_adjusted,FRED,GFDEGDQ188S,Debt to Gross Domestic Product Ratios,docs/phase2-ingestion/data/macro/raw/fred/GFDEGDQ188S-20260823T225548Z.json,docs/phase2-ingestion/data/macro/manifests/GFDEGDQ188S-20260823T225548Z.json,fac9b16416d1cd360f762b78c8c0406cbe3c60093203599dae33dec0408556fb,2026-08-23T22:55:48.275266+00:00,PASS,AVAILABLE,0.1.0
L4-007,1982-04-01,1982,2,32.40213,percent_of_gdp,U.S. federal total public debt divided by GDP,FRED quarterly observation date is the first day of the quarter,seasonally_adjusted,FRED,GFDEGDQ188S,Debt to Gross Domestic Product Ratios,docs/phase2-ingestion/data/macro/raw/fred/GFDEGDQ188S-20260823T225548Z.json,docs/phase2-ingestion/data/macro/manifests/GFDEGDQ188S-20260823T225548Z.json,fac9b16416d1cd360f762b78c8c0406cbe3c60093203599dae33dec0408556fb,2026-08-23T22:55:48.275266+00:00,PASS,AVAILABLE,0.1.0
L4-007,1982-07-01,1982,3,33.9253,percent_of_gdp,U.S. federal total public debt divided by GDP,FRED quarterly observation date is the first day of the quarter,seasonally_adjusted,FRED,GFDEGDQ188S,Debt to Gross Domestic Product Ratios,docs/phase2-ingestion/data/macro/raw/fred/GFDEGDQ188S-20260823T225548Z.json,docs/phase2-ingestion/data/macro/manifests/GFDEGDQ188S-20260823T225548Z.json,fac9b16416d1cd360f762b78c8c0406cbe3c60093203599dae33dec0408556fb,2026-08-23T22:55:48.275266+00:00,PASS,AVAILABLE,0.1.0
L4-007,1982-10-01,1982,4,35.18156,percent_of_gdp,U.S. federal total public debt divided by GDP,FRED quarterly observation date is the first day of the quarter,seasonally_adjusted,FRED,GFDEGDQ188S,Debt to Gross Domestic Product Ratios,docs/phase2-ingestion/data/macro/raw/fred/GFDEGDQ188S-20260823T225548Z.json,docs/phase2-ingestion/data/macro/manifests/GFDEGDQ188S-20260823T225548Z.json,fac9b16416d1cd360f762b78c8c0406cbe3c60093203599dae33dec0408556fb,2026-08-23T22:55:48.275266+00:00,PASS,AVAILABLE,0.1.0
L4-007,1983-01-01,1983,1,35.82911,percent_of_gdp,U.S. federal total public debt divided by GDP,FRED quarterly observation date is the first day of the quarter,seasonally_adjusted,FRED,GFDEGDQ188S,Debt to Gross Domestic Product Ratios,docs/phase2-ingestion/data/macro/raw/fred/GFDEGDQ188S-20260823T225548Z.json,docs/phase2-ingestion/data/macro/manifests/GFDEGDQ188S-20260823T225548Z.json,fac9b16416d1cd360f762b78c8c0406cbe3c60093203599dae33dec0408556fb,2026-08-23T22:55:48.275266+00:00,PASS,AVAILABLE,0.1.0
L4-007,1983-04-01,1983,2,36.87167,percent_of_gdp,U.S. federal total public debt divided by GDP,FRED quarterly observation date is the first day of the quarter,seasonally_adjusted,FRED,GFDEGDQ188S,Debt to Gross Domestic Product Ratios,docs/phase2-ingestion/data/macro/raw/fred/GFDEGDQ188S-20260823T225548Z.json,docs/phase2-ingestion/data/macro/manifests/GFDEGDQ188S-20260823T225548Z.json,fac9b16416d1cd360f762b78c8c0406cbe3c60093203599dae33dec0408556fb,2026-08-23T22:55:48.275266+00:00,PASS,AVAILABLE,0.1.0
L4-007,1983-07-01,1983,3,37.3311,percent_of_gdp,U.S. federal total public debt divided by GDP,FRED quarterly observation date is the first day of the quarter,seasonally_adjusted,FRED,GFDEGDQ188S,Debt to Gross Domestic Product Ratios,docs/phase2-ingestion/data/macro/raw/fred/GFDEGDQ188S-20260823T225548Z.json,docs/phase2-ingestion/data/macro/manifests/GFDEGDQ188S-20260823T225548Z.json,fac9b16416d1cd360f762b78c8c0406cbe3c60093203599dae33dec0408556fb,2026-08-23T22:55:48.275266+00:00,PASS,AVAILABLE,0.1.0
L4-007,1983-10-01,1983,4,37.17553,percent_of_gdp,U.S. federal total public debt divided by GDP,FRED quarterly observation date is the first day of the quarter,seasonally_adjusted,FRED,GFDEGDQ188S,Debt to Gross Domestic Product Ratios,docs/phase2-ingestion/data/macro/raw/fred/GFDEGDQ188S-20260823T225548Z.json,docs/phase2-ingestion/data/macro/manifests/GFDEGDQ188S-20260823T225548Z.json,fac9b16416d1cd360f762b78c8c0406cbe3c60093203599dae33dec0408556fb,2026-08-23T22:55:48.275266+00:00,PASS,AVAILABLE,0.1.0
L4-007,1984-01-01,1984,1,37.45447,percent_of_gdp,U.S. federal total public debt divided by GDP,FRED quarterly observation date is the first day of the quarter,seasonally_adjusted,FRED,GFDEGDQ188S,Debt to Gross Domestic Product Ratios,docs/phase2-ingestion/data/macro/raw/fred/GFDEGDQ188S-20260823T225548Z.json,docs/phase2-ingestion/data/macro/manifests/GFDEGDQ188S-20260823T225548Z.json,fac9b16416d1cd360f762b78c8c0406cbe3c60093203599dae33dec0408556fb,2026-08-23T22:55:48.275266+00:00,PASS,AVAILABLE,0.1.0
L4-007,1984-04-01,1984,2,37.72687,percent_of_gdp,U.S. federal total public debt divided by GDP,FRED quarterly observation date is the first day of the quarter,seasonally_adjusted,FRED,GFDEGDQ188S,Debt to Gross Domestic Product Ratios,docs/phase2-ingestion/data/macro/raw/fred/GFDEGDQ188S-20260823T225548Z.json,docs/phase2-ingestion/data/macro/manifests/GFDEGDQ188S-20260823T225548Z.json,fac9b16416d1cd360f762b78c8c0406cbe3c60093203599dae33dec0408556fb,2026-08-23T22:55:48.275266+00:00,PASS,AVAILABLE,0.1.0
L4-007,1984-07-01,1984,3,38.49586,percent_of_gdp,U.S. federal total public debt divided by GDP,FRED quarterly observation date is the first day of the quarter,seasonally_adjusted,FRED,GFDEGDQ188S,Debt to Gross Domestic Product Ratios,docs/phase2-ingestion/data/macro/raw/fred/GFDEGDQ188S-20260823T225548Z.json,docs/phase2-ingestion/data/macro/manifests/GFDEGDQ188S-20260823T225548Z.json,fac9b16416d1cd360f762b78c8c0406cbe3c60093203599dae33dec0408556fb,2026-08-23T22:55:48.275266+00:00,PASS,AVAILABLE,0.1.0
L4-007,1984-10-01,1984,4,40.08547,percent_of_gdp,U.S. federal total public debt divided by GDP,FRED quarterly observation date is the first day of the quarter,seasonally_adjusted,FRED,GFDEGDQ188S,Debt to Gross Domestic Product Ratios,docs/phase2-ingestion/data/macro/raw/fred/GFDEGDQ188S-20260823T225548Z.json,docs/phase2-ingestion/data/macro/manifests/GFDEGDQ188S-20260823T225548Z.json,fac9b16416d1cd360f762b78c8c0406cbe3c60093203599dae33dec0408556fb,2026-08-23T22:55:48.275266+00:00,PASS,AVAILABLE,0.1.0
L4-007,1985-01-01,1985,1,40.44121,percent_of_gdp,U.S. federal total public debt divided by GDP,FRED quarterly observation date is the first day of the quarter,seasonally_adjusted,FRED,GFDEGDQ188S,Debt to Gross Domestic Product Ratios,docs/phase2-ingestion/data/macro/raw/fred/GFDEGDQ188S-20260823T225548Z.json,docs/phase2-ingestion/data/macro/manifests/GFDEGDQ188S-20260823T225548Z.json,fac9b16416d1cd360f762b78c8c0406cbe3c60093203599dae33dec0408556fb,2026-08-23T22:55:48.275266+00:00,PASS,AVAILABLE,0.1.0
L4-007,1985-04-01,1985,2,41.31983,percent_of_gdp,U.S. federal total public debt divided by GDP,FRED quarterly observation date is the first day of the quarter,seasonally_adjusted,FRED,GFDEGDQ188S,Debt to Gross Domestic Product Ratios,docs/phase2-ingestion/data/macro/raw/fred/GFDEGDQ188S-20260823T225548Z.json,docs/phase2-ingestion/data/macro/manifests/GFDEGDQ188S-20260823T225548Z.json,fac9b16416d1cd360f762b78c8c0406cbe3c60093203599dae33dec0408556fb,2026-08-23T22:55:48.275266+00:00,PASS,AVAILABLE,0.1.0
L4-007,1985-07-01,1985,3,41.55909,percent_of_gdp,U.S. federal total public debt divided by GDP,FRED quarterly observation date is the first day of the quarter,seasonally_adjusted,FRED,GFDEGDQ188S,Debt to Gross Domestic Product Ratios,docs/phase2-ingestion/data/macro/raw/fred/GFDEGDQ188S-20260823T225548Z.json,docs/phase2-ingestion/data/macro/manifests/GFDEGDQ188S-20260823T225548Z.json,fac9b16416d1cd360f762b78c8c0406cbe3c60093203599dae33dec0408556fb,2026-08-23T22:55:48.275266+00:00,PASS,AVAILABLE,0.1.0
L4-007,1985-10-01,1985,4,43.78715,percent_of_gdp,U.S. federal total public debt divided by GDP,FRED quarterly observation date is the first day of the quarter,seasonally_adjusted,FRED,GFDEGDQ188S,Debt to Gross Domestic Product Ratios,docs/phase2-ingestion/data/macro/raw/fred/GFDEGDQ188S-20260823T225548Z.json,docs/phase2-ingestion/data/macro/manifests/GFDEGDQ188S-20260823T225548Z.json,fac9b16416d1cd360f762b78c8c0406cbe3c60093203599dae33dec0408556fb,2026-08-23T22:55:48.275266+00:00,PASS,AVAILABLE,0.1.0
L4-007,1986-01-01,1986,1,44.07415,percent_of_gdp,U.S. federal total public debt divided by GDP,FRED quarterly observation date is the first day of the quarter,seasonally_adjusted,FRED,GFDEGDQ188S,Debt to Gross Domestic Product Ratios,docs/phase2-ingestion/data/macro/raw/fred/GFDEGDQ188S-20260823T225548Z.json,docs/phase2-ingestion/data/macro/manifests/GFDEGDQ188S-20260823T225548Z.json,fac9b16416d1cd360f762b78c8c0406cbe3c60093203599dae33dec0408556fb,2026-08-23T22:55:48.275266+00:00,PASS,AVAILABLE,0.1.0
L4-007,1986-04-01,1986,2,45.30682,percent_of_gdp,U.S. federal total public debt divided by GDP,FRED quarterly observation date is the first day of the quarter,seasonally_adjusted,FRED,GFDEGDQ188S,Debt to Gross Domestic Product Ratios,docs/phase2-ingestion/data/macro/raw/fred/GFDEGDQ188S-20260823T225548Z.json,docs/phase2-ingestion/data/macro/manifests/GFDEGDQ188S-20260823T225548Z.json,fac9b16416d1cd360f762b78c8c0406cbe3c60093203599dae33dec0408556fb,2026-08-23T22:55:48.275266+00:00,PASS,AVAILABLE,0.1.0
L4-007,1986-07-01,1986,3,46.12536,percent_of_gdp,U.S. federal total public debt divided by GDP,FRED quarterly observation date is the first day of the quarter,seasonally_adjusted,FRED,GFDEGDQ188S,Debt to Gross Domestic Product Ratios,docs/phase2-ingestion/data/macro/raw/fred/GFDEGDQ188S-20260823T225548Z.json,docs/phase2-ingestion/data/macro/manifests/GFDEGDQ188S-20260823T225548Z.json,fac9b16416d1cd360f762b78c8c0406cbe3c60093203599dae33dec0408556fb,2026-08-23T22:55:48.275266+00:00,PASS,AVAILABLE,0.1.0
L4-007,1986-10-01,1986,4,47.55286,percent_of_gdp,U.S. federal total public debt divided by GDP,FRED quarterly observation date is the first day of the quarter,seasonally_adjusted,FRED,GFDEGDQ188S,Debt to Gross Domestic Product Ratios,docs/phase2-ingestion/data/macro/raw/fred/GFDEGDQ188S-20260823T225548Z.json,docs/phase2-ingestion/data/macro/manifests/GFDEGDQ188S-20260823T225548Z.json,fac9b16416d1cd360f762b78c8c0406cbe3c60093203599dae33dec0408556fb,2026-08-23T22:55:48.275266+00:00,PASS,AVAILABLE,0.1.0
L4-007,1987-01-01,1987,1,47.57835,percent_of_gdp,U.S. federal total public debt divided by GDP,FRED quarterly observation date is the first day of the quarter,seasonally_adjusted,FRED,GFDEGDQ188S,Debt to Gross Domestic Product Ratios,docs/phase2-ingestion/data/macro/raw/fred/GFDEGDQ188S-20260823T225548Z.json,docs/phase2-ingestion/data/macro/manifests/GFDEGDQ188S-20260823T225548Z.json,fac9b16416d1cd360f762b78c8c0406cbe3c60093203599dae33dec0408556fb,2026-08-23T22:55:48.275266+00:00,PASS,AVAILABLE,0.1.0
L4-007,1987-04-01,1987,2,48.04867,percent_of_gdp,U.S. federal total public debt divided by GDP,FRED quarterly observation date is the first day of the quarter,seasonally_adjusted,FRED,GFDEGDQ188S,Debt to Gross Domestic Product Ratios,docs/phase2-ingestion/data/macro/raw/fred/GFDEGDQ188S-20260823T225548Z.json,docs/phase2-ingestion/data/macro/manifests/GFDEGDQ188S-20260823T225548Z.json,fac9b16416d1cd360f762b78c8c0406cbe3c60093203599dae33dec0408556fb,2026-08-23T22:55:48.275266+00:00,PASS,AVAILABLE,0.1.0
L4-007,1987-07-01,1987,3,48.1165,percent_of_gdp,U.S. federal total public debt divided by GDP,FRED quarterly observation date is the first day of the quarter,seasonally_adjusted,FRED,GFDEGDQ188S,Debt to Gross Domestic Product Ratios,docs/phase2-ingestion/data/macro/raw/fred/GFDEGDQ188S-20260823T225548Z.json,docs/phase2-ingestion/data/macro/manifests/GFDEGDQ188S-20260823T225548Z.json,fac9b16416d1cd360f762b78c8c0406cbe3c60093203599dae33dec0408556fb,2026-08-23T22:55:48.275266+00:00,PASS,AVAILABLE,0.1.0
L4-007,1987-10-01,1987,4,48.55667,percent_of_gdp,U.S. federal total public debt divided by GDP,FRED quarterly observation date is the first day of the quarter,seasonally_adjusted,FRED,GFDEGDQ188S,Debt to Gross Domestic Product Ratios,docs/phase2-ingestion/data/macro/raw/fred/GFDEGDQ188S-20260823T225548Z.json,docs/phase2-ingestion/data/macro/manifests/GFDEGDQ188S-20260823T225548Z.json,fac9b16416d1cd360f762b78c8c0406cbe3c60093203599dae33dec0408556fb,2026-08-23T22:55:48.275266+00:00,PASS,AVAILABLE,0.1.0
L4-007,1988-01-01,1988,1,49.03151,percent_of_gdp,U.S. federal total public debt divided by GDP,FRED quarterly observation date is the first day of the quarter,seasonally_adjusted,FRED,GFDEGDQ188S,Debt to Gross Domestic Product Ratios,docs/phase2-ingestion/data/macro/raw/fred/GFDEGDQ188S-20260823T225548Z.json,docs/phase2-ingestion/data/macro/manifests/GFDEGDQ188S-20260823T225548Z.json,fac9b16416d1cd360f762b78c8c0406cbe3c60093203599dae33dec0408556fb,2026-08-23T22:55:48.275266+00:00,PASS,AVAILABLE,0.1.0
L4-007,1988-04-01,1988,2,49.08744,percent_of_gdp,U.S. federal total public debt divided by GDP,FRED quarterly observation date is the first day of the quarter,seasonally_adjusted,FRED,GFDEGDQ188S,Debt to Gross Domestic Product Ratios,docs/phase2-ingestion/data/macro/raw/fred/GFDEGDQ188S-20260823T225548Z.json,docs/phase2-ingestion/data/macro/manifests/GFDEGDQ188S-20260823T225548Z.json,fac9b16416d1cd360f762b78c8c0406cbe3c60093203599dae33dec0408556fb,2026-08-23T22:55:48.275266+00:00,PASS,AVAILABLE,0.1.0
L4-007,1988-07-01,1988,3,49.25732,percent_of_gdp,U.S. federal total public debt divided by GDP,FRED quarterly observation date is the first day of the quarter,seasonally_adjusted,FRED,GFDEGDQ188S,Debt to Gross Domestic Product Ratios,docs/phase2-ingestion/data/macro/raw/fred/GFDEGDQ188S-20260823T225548Z.json,docs/phase2-ingestion/data/macro/manifests/GFDEGDQ188S-20260823T225548Z.json,fac9b16416d1cd360f762b78c8c0406cbe3c60093203599dae33dec0408556fb,2026-08-23T22:55:48.275266+00:00,PASS,AVAILABLE,0.1.0
L4-007,1988-10-01,1988,4,49.71548,percent_of_gdp,U.S. federal total public debt divided by GDP,FRED quarterly observation date is the first day of the quarter,seasonally_adjusted,FRED,GFDEGDQ188S,Debt to Gross Domestic Product Ratios,docs/phase2-ingestion/data/macro/raw/fred/GFDEGDQ188S-20260823T225548Z.json,docs/phase2-ingestion/data/macro/manifests/GFDEGDQ188S-20260823T225548Z.json,fac9b16416d1cd360f762b78c8c0406cbe3c60093203599dae33dec0408556fb,2026-08-23T22:55:48.275266+00:00,PASS,AVAILABLE,0.1.0
L4-007,1989-01-01,1989,1,49.73276,percent_of_gdp,U.S. federal total public debt divided by GDP,FRED quarterly observation date is the first day of the quarter,seasonally_adjusted,FRED,GFDEGDQ188S,Debt to Gross Domestic Product Ratios,docs/phase2-ingestion/data/macro/raw/fred/GFDEGDQ188S-20260823T225548Z.json,docs/phase2-ingestion/data/macro/manifests/GFDEGDQ188S-20260823T225548Z.json,fac9b16416d1cd360f762b78c8c0406cbe3c60093203599dae33dec0408556fb,2026-08-23T22:55:48.275266+00:00,PASS,AVAILABLE,0.1.0
L4-007,1989-04-01,1989,2,49.8876,percent_of_gdp,U.S. federal total public debt divided by GDP,FRED quarterly observation date is the first day of the quarter,seasonally_adjusted,FRED,GFDEGDQ188S,Debt to Gross Domestic Product Ratios,docs/phase2-ingestion/data/macro/raw/fred/GFDEGDQ188S-20260823T225548Z.json,docs/phase2-ingestion/data/macro/manifests/GFDEGDQ188S-20260823T225548Z.json,fac9b16416d1cd360f762b78c8c0406cbe3c60093203599dae33dec0408556fb,2026-08-23T22:55:48.275266+00:00,PASS,AVAILABLE,0.1.0
L4-007,1989-07-01,1989,3,50.17117,percent_of_gdp,U.S. federal total public debt divided by GDP,FRED quarterly observation date is the first day of the quarter,seasonally_adjusted,FRED,GFDEGDQ188S,Debt to Gross Domestic Product Ratios,docs/phase2-ingestion/data/macro/raw/fred/GFDEGDQ188S-20260823T225548Z.json,docs/phase2-ingestion/data/macro/manifests/GFDEGDQ188S-20260823T225548Z.json,fac9b16416d1cd360f762b78c8c0406cbe3c60093203599dae33dec0408556fb,2026-08-23T22:55:48.275266+00:00,PASS,AVAILABLE,0.1.0
L4-007,1989-10-01,1989,4,51.38111,percent_of_gdp,U.S. federal total public debt divided by GDP,FRED quarterly observation date is the first day of the quarter,seasonally_adjusted,FRED,GFDEGDQ188S,Debt to Gross Domestic Product Ratios,docs/phase2-ingestion/data/macro/raw/fred/GFDEGDQ188S-20260823T225548Z.json,docs/phase2-ingestion/data/macro/manifests/GFDEGDQ188S-20260823T225548Z.json,fac9b16416d1cd360f762b78c8c0406cbe3c60093203599dae33dec0408556fb,2026-08-23T22:55:48.275266+00:00,PASS,AVAILABLE,0.1.0
L4-007,1990-01-01,1990,1,51.96856,percent_of_gdp,U.S. federal total public debt divided by GDP,FRED quarterly observation date is the first day of the quarter,seasonally_adjusted,FRED,GFDEGDQ188S,Debt to Gross Domestic Product Ratios,docs/phase2-ingestion/data/macro/raw/fred/GFDEGDQ188S-20260823T225548Z.json,docs/phase2-ingestion/data/macro/manifests/GFDEGDQ188S-20260823T225548Z.json,fac9b16416d1cd360f762b78c8c0406cbe3c60093203599dae33dec0408556fb,2026-08-23T22:55:48.275266+00:00,PASS,AVAILABLE,0.1.0
L4-007,1990-04-01,1990,2,52.7473,percent_of_gdp,U.S. federal total public debt divided by GDP,FRED quarterly observation date is the first day of the quarter,seasonally_adjusted,FRED,GFDEGDQ188S,Debt to Gross Domestic Product Ratios,docs/phase2-ingestion/data/macro/raw/fred/GFDEGDQ188S-20260823T225548Z.json,docs/phase2-ingestion/data/macro/manifests/GFDEGDQ188S-20260823T225548Z.json,fac9b16416d1cd360f762b78c8c0406cbe3c60093203599dae33dec0408556fb,2026-08-23T22:55:48.275266+00:00,PASS,AVAILABLE,0.1.0
L4-007,1990-07-01,1990,3,53.75313,percent_of_gdp,U.S. federal total public debt divided by GDP,FRED quarterly observation date is the first day of the quarter,seasonally_adjusted,FRED,GFDEGDQ188S,Debt to Gross Domestic Product Ratios,docs/phase2-ingestion/data/macro/raw/fred/GFDEGDQ188S-20260823T225548Z.json,docs/phase2-ingestion/data/macro/manifests/GFDEGDQ188S-20260823T225548Z.json,fac9b16416d1cd360f762b78c8c0406cbe3c60093203599dae33dec0408556fb,2026-08-23T22:55:48.275266+00:00,PASS,AVAILABLE,0.1.0
L4-007,1990-10-01,1990,4,56.03613,percent_of_gdp,U.S. federal total public debt divided by GDP,FRED quarterly observation date is the first day of the quarter,seasonally_adjusted,FRED,GFDEGDQ188S,Debt to Gross Domestic Product Ratios,docs/phase2-ingestion/data/macro/raw/fred/GFDEGDQ188S-20260823T225548Z.json,docs/phase2-ingestion/data/macro/manifests/GFDEGDQ188S-20260823T225548Z.json,fac9b16416d1cd360f762b78c8c0406cbe3c60093203599dae33dec0408556fb,2026-08-23T22:55:48.275266+00:00,PASS,AVAILABLE,0.1.0
L4-007,1991-01-01,1991,1,57.41652,percent_of_gdp,U.S. federal total public debt divided by GDP,FRED quarterly observation date is the first day of the quarter,seasonally_adjusted,FRED,GFDEGDQ188S,Debt to Gross Domestic Product Ratios,docs/phase2-ingestion/data/macro/raw/fred/GFDEGDQ188S-20260823T225548Z.json,docs/phase2-ingestion/data/macro/manifests/GFDEGDQ188S-20260823T225548Z.json,fac9b16416d1cd360f762b78c8c0406cbe3c60093203599dae33dec0408556fb,2026-08-23T22:55:48.275266+00:00,PASS,AVAILABLE,0.1.0
L4-007,1991-04-01,1991,2,57.74551,percent_of_gdp,U.S. federal total public debt divided by GDP,FRED quarterly observation date is the first day of the quarter,seasonally_adjusted,FRED,GFDEGDQ188S,Debt to Gross Domestic Product Ratios,docs/phase2-ingestion/data/macro/raw/fred/GFDEGDQ188S-20260823T225548Z.json,docs/phase2-ingestion/data/macro/manifests/GFDEGDQ188S-20260823T225548Z.json,fac9b16416d1cd360f762b78c8c0406cbe3c60093203599dae33dec0408556fb,2026-08-23T22:55:48.275266+00:00,PASS,AVAILABLE,0.1.0
L4-007,1991-07-01,1991,3,59.06123,percent_of_gdp,U.S. federal total public debt divided by GDP,FRED quarterly observation date is the first day of the quarter,seasonally_adjusted,FRED,GFDEGDQ188S,Debt to Gross Domestic Product Ratios,docs/phase2-ingestion/data/macro/raw/fred/GFDEGDQ188S-20260823T225548Z.json,docs/phase2-ingestion/data/macro/manifests/GFDEGDQ188S-20260823T225548Z.json,fac9b16416d1cd360f762b78c8c0406cbe3c60093203599dae33dec0408556fb,2026-08-23T22:55:48.275266+00:00,PASS,AVAILABLE,0.1.0
L4-007,1991-10-01,1991,4,60.68599,percent_of_gdp,U.S. federal total public debt divided by GDP,FRED quarterly observation date is the first day of the quarter,seasonally_adjusted,FRED,GFDEGDQ188S,Debt to Gross Domestic Product Ratios,docs/phase2-ingestion/data/macro/raw/fred/GFDEGDQ188S-20260823T225548Z.json,docs/phase2-ingestion/data/macro/manifests/GFDEGDQ188S-20260823T225548Z.json,fac9b16416d1cd360f762b78c8c0406cbe3c60093203599dae33dec0408556fb,2026-08-23T22:55:48.275266+00:00,PASS,AVAILABLE,0.1.0
L4-007,1992-01-01,1992,1,60.99679,percent_of_gdp,U.S. federal total public debt divided by GDP,FRED quarterly observation date is the first day of the quarter,seasonally_adjusted,FRED,GFDEGDQ188S,Debt to Gross Domestic Product Ratios,docs/phase2-ingestion/data/macro/raw/fred/GFDEGDQ188S-20260823T225548Z.json,docs/phase2-ingestion/data/macro/manifests/GFDEGDQ188S-20260823T225548Z.json,fac9b16416d1cd360f762b78c8c0406cbe3c60093203599dae33dec0408556fb,2026-08-23T22:55:48.275266+00:00,PASS,AVAILABLE,0.1.0
L4-007,1992-04-01,1992,2,61.57938,percent_of_gdp,U.S. federal total public debt divided by GDP,FRED quarterly observation date is the first day of the quarter,seasonally_adjusted,FRED,GFDEGDQ188S,Debt to Gross Domestic Product Ratios,docs/phase2-ingestion/data/macro/raw/fred/GFDEGDQ188S-20260823T225548Z.json,docs/phase2-ingestion/data/macro/manifests/GFDEGDQ188S-20260823T225548Z.json,fac9b16416d1cd360f762b78c8c0406cbe3c60093203599dae33dec0408556fb,2026-08-23T22:55:48.275266+00:00,PASS,AVAILABLE,0.1.0
L4-007,1992-07-01,1992,3,61.89802,percent_of_gdp,U.S. federal total public debt divided by GDP,FRED quarterly observation date is the first day of the quarter,seasonally_adjusted,FRED,GFDEGDQ188S,Debt to Gross Domestic Product Ratios,docs/phase2-ingestion/data/macro/raw/fred/GFDEGDQ188S-20260823T225548Z.json,docs/phase2-ingestion/data/macro/manifests/GFDEGDQ188S-20260823T225548Z.json,fac9b16416d1cd360f762b78c8c0406cbe3c60093203599dae33dec0408556fb,2026-08-23T22:55:48.275266+00:00,PASS,AVAILABLE,0.1.0
L4-007,1992-10-01,1992,4,62.52256,percent_of_gdp,U.S. federal total public debt divided by GDP,FRED quarterly observation date is the first day of the quarter,seasonally_adjusted,FRED,GFDEGDQ188S,Debt to Gross Domestic Product Ratios,docs/phase2-ingestion/data/macro/raw/fred/GFDEGDQ188S-20260823T225548Z.json,docs/phase2-ingestion/data/macro/manifests/GFDEGDQ188S-20260823T225548Z.json,fac9b16416d1cd360f762b78c8c0406cbe3c60093203599dae33dec0408556fb,2026-08-23T22:55:48.275266+00:00,PASS,AVAILABLE,0.1.0
L4-007,1993-01-01,1993,1,62.86657,percent_of_gdp,U.S. federal total public debt divided by GDP,FRED quarterly observation date is the first day of the quarter,seasonally_adjusted,FRED,GFDEGDQ188S,Debt to Gross Domestic Product Ratios,docs/phase2-ingestion/data/macro/raw/fred/GFDEGDQ188S-20260823T225548Z.json,docs/phase2-ingestion/data/macro/manifests/GFDEGDQ188S-20260823T225548Z.json,fac9b16416d1cd360f762b78c8c0406cbe3c60093203599dae33dec0408556fb,2026-08-23T22:55:48.275266+00:00,PASS,AVAILABLE,0.1.0
L4-007,1993-04-01,1993,2,63.91524,percent_of_gdp,U.S. federal total public debt divided by GDP,FRED quarterly observation date is the first day of the quarter,seasonally_adjusted,FRED,GFDEGDQ188S,Debt to Gross Domestic Product Ratios,docs/phase2-ingestion/data/macro/raw/fred/GFDEGDQ188S-20260823T225548Z.json,docs/phase2-ingestion/data/macro/manifests/GFDEGDQ188S-20260823T225548Z.json,fac9b16416d1cd360f762b78c8c0406cbe3c60093203599dae33dec0408556fb,2026-08-23T22:55:48.275266+00:00,PASS,AVAILABLE,0.1.0
L4-007,1993-07-01,1993,3,64.10093,percent_of_gdp,U.S. federal total public debt divided by GDP,FRED quarterly observation date is the first day of the quarter,seasonally_adjusted,FRED,GFDEGDQ188S,Debt to Gross Domestic Product Ratios,docs/phase2-ingestion/data/macro/raw/fred/GFDEGDQ188S-20260823T225548Z.json,docs/phase2-ingestion/data/macro/manifests/GFDEGDQ188S-20260823T225548Z.json,fac9b16416d1cd360f762b78c8c0406cbe3c60093203599dae33dec0408556fb,2026-08-23T22:55:48.275266+00:00,PASS,AVAILABLE,0.1.0
L4-007,1993-10-01,1993,4,64.66861,percent_of_gdp,U.S. federal total public debt divided by GDP,FRED quarterly observation date is the first day of the quarter,seasonally_adjusted,FRED,GFDEGDQ188S,Debt to Gross Domestic Product Ratios,docs/phase2-ingestion/data/macro/raw/fred/GFDEGDQ188S-20260823T225548Z.json,docs/phase2-ingestion/data/macro/manifests/GFDEGDQ188S-20260823T225548Z.json,fac9b16416d1cd360f762b78c8c0406cbe3c60093203599dae33dec0408556fb,2026-08-23T22:55:48.275266+00:00,PASS,AVAILABLE,0.1.0
L4-007,1994-01-01,1994,1,64.30709,percent_of_gdp,U.S. federal total public debt divided by GDP,FRED quarterly observation date is the first day of the quarter,seasonally_adjusted,FRED,GFDEGDQ188S,Debt to Gross Domestic Product Ratios,docs/phase2-ingestion/data/macro/raw/fred/GFDEGDQ188S-20260823T225548Z.json,docs/phase2-ingestion/data/macro/manifests/GFDEGDQ188S-20260823T225548Z.json,fac9b16416d1cd360f762b78c8c0406cbe3c60093203599dae33dec0408556fb,2026-08-23T22:55:48.275266+00:00,PASS,AVAILABLE,0.1.0
L4-007,1994-04-01,1994,2,64.10716,percent_of_gdp,U.S. federal total public debt divided by GDP,FRED quarterly observation date is the first day of the quarter,seasonally_adjusted,FRED,GFDEGDQ188S,Debt to Gross Domestic Product Ratios,docs/phase2-ingestion/data/macro/raw/fred/GFDEGDQ188S-20260823T225548Z.json,docs/phase2-ingestion/data/macro/manifests/GFDEGDQ188S-20260823T225548Z.json,fac9b16416d1cd360f762b78c8c0406cbe3c60093203599dae33dec0408556fb,2026-08-23T22:55:48.275266+00:00,PASS,AVAILABLE,0.1.0
L4-007,1994-07-01,1994,3,64.01176,percent_of_gdp,U.S. federal total public debt divided by GDP,FRED quarterly observation date is the first day of the quarter,seasonally_adjusted,FRED,GFDEGDQ188S,Debt to Gross Domestic Product Ratios,docs/phase2-ingestion/data/macro/raw/fred/GFDEGDQ188S-20260823T225548Z.json,docs/phase2-ingestion/data/macro/manifests/GFDEGDQ188S-20260823T225548Z.json,fac9b16416d1cd360f762b78c8c0406cbe3c60093203599dae33dec0408556fb,2026-08-23T22:55:48.275266+00:00,PASS,AVAILABLE,0.1.0
L4-007,1994-10-01,1994,4,64.38584,percent_of_gdp,U.S. federal total public debt divided by GDP,FRED quarterly observation date is the first day of the quarter,seasonally_adjusted,FRED,GFDEGDQ188S,Debt to Gross Domestic Product Ratios,docs/phase2-ingestion/data/macro/raw/fred/GFDEGDQ188S-20260823T225548Z.json,docs/phase2-ingestion/data/macro/manifests/GFDEGDQ188S-20260823T225548Z.json,fac9b16416d1cd360f762b78c8c0406cbe3c60093203599dae33dec0408556fb,2026-08-23T22:55:48.275266+00:00,PASS,AVAILABLE,0.1.0
L4-007,1995-01-01,1995,1,64.66271,percent_of_gdp,U.S. federal total public debt divided by GDP,FRED quarterly observation date is the first day of the quarter,seasonally_adjusted,FRED,GFDEGDQ188S,Debt to Gross Domestic Product Ratios,docs/phase2-ingestion/data/macro/raw/fred/GFDEGDQ188S-20260823T225548Z.json,docs/phase2-ingestion/data/macro/manifests/GFDEGDQ188S-20260823T225548Z.json,fac9b16416d1cd360f762b78c8c0406cbe3c60093203599dae33dec0408556fb,2026-08-23T22:55:48.275266+00:00,PASS,AVAILABLE,0.1.0
L4-007,1995-04-01,1995,2,65.31294,percent_of_gdp,U.S. federal total public debt divided by GDP,FRED quarterly observation date is the first day of the quarter,seasonally_adjusted,FRED,GFDEGDQ188S,Debt to Gross Domestic Product Ratios,docs/phase2-ingestion/data/macro/raw/fred/GFDEGDQ188S-20260823T225548Z.json,docs/phase2-ingestion/data/macro/manifests/GFDEGDQ188S-20260823T225548Z.json,fac9b16416d1cd360f762b78c8c0406cbe3c60093203599dae33dec0408556fb,2026-08-23T22:55:48.275266+00:00,PASS,AVAILABLE,0.1.0
L4-007,1995-07-01,1995,3,64.73906,percent_of_gdp,U.S. federal total public debt divided by GDP,FRED quarterly observation date is the first day of the quarter,seasonally_adjusted,FRED,GFDEGDQ188S,Debt to Gross Domestic Product Ratios,docs/phase2-ingestion/data/macro/raw/fred/GFDEGDQ188S-20260823T225548Z.json,docs/phase2-ingestion/data/macro/manifests/GFDEGDQ188S-20260823T225548Z.json,fac9b16416d1cd360f762b78c8c0406cbe3c60093203599dae33dec0408556fb,2026-08-23T22:55:48.275266+00:00,PASS,AVAILABLE,0.1.0
L4-007,1995-10-01,1995,4,64.18282,percent_of_gdp,U.S. federal total public debt divided by GDP,FRED quarterly observation date is the first day of the quarter,seasonally_adjusted,FRED,GFDEGDQ188S,Debt to Gross Domestic Product Ratios,docs/phase2-ingestion/data/macro/raw/fred/GFDEGDQ188S-20260823T225548Z.json,docs/phase2-ingestion/data/macro/manifests/GFDEGDQ188S-20260823T225548Z.json,fac9b16416d1cd360f762b78c8c0406cbe3c60093203599dae33dec0408556fb,2026-08-23T22:55:48.275266+00:00,PASS,AVAILABLE,0.1.0
L4-007,1996-01-01,1996,1,65.04171,percent_of_gdp,U.S. federal total public debt divided by GDP,FRED quarterly observation date is the first day of the quarter,seasonally_adjusted,FRED,GFDEGDQ188S,Debt to Gross Domestic Product Ratios,docs/phase2-ingestion/data/macro/raw/fred/GFDEGDQ188S-20260823T225548Z.json,docs/phase2-ingestion/data/macro/manifests/GFDEGDQ188S-20260823T225548Z.json,fac9b16416d1cd360f762b78c8c0406cbe3c60093203599dae33dec0408556fb,2026-08-23T22:55:48.275266+00:00,PASS,AVAILABLE,0.1.0
L4-007,1996-04-01,1996,2,64.2497,percent_of_gdp,U.S. federal total public debt divided by GDP,FRED quarterly observation date is the first day of the quarter,seasonally_adjusted,FRED,GFDEGDQ188S,Debt to Gross Domestic Product Ratios,docs/phase2-ingestion/data/macro/raw/fred/GFDEGDQ188S-20260823T225548Z.json,docs/phase2-ingestion/data/macro/manifests/GFDEGDQ188S-20260823T225548Z.json,fac9b16416d1cd360f762b78c8c0406cbe3c60093203599dae33dec0408556fb,2026-08-23T22:55:48.275266+00:00,PASS,AVAILABLE,0.1.0
L4-007,1996-07-01,1996,3,64.25469,percent_of_gdp,U.S. federal total public debt divided by GDP,FRED quarterly observation date is the first day of the quarter,seasonally_adjusted,FRED,GFDEGDQ188S,Debt to Gross Domestic Product Ratios,docs/phase2-ingestion/data/macro/raw/fred/GFDEGDQ188S-20260823T225548Z.json,docs/phase2-ingestion/data/macro/manifests/GFDEGDQ188S-20260823T225548Z.json,fac9b16416d1cd360f762b78c8c0406cbe3c60093203599dae33dec0408556fb,2026-08-23T22:55:48.275266+00:00,PASS,AVAILABLE,0.1.0
L4-007,1996-10-01,1996,4,64.44697,percent_of_gdp,U.S. federal total public debt divided by GDP,FRED quarterly observation date is the first day of the quarter,seasonally_adjusted,FRED,GFDEGDQ188S,Debt to Gross Domestic Product Ratios,docs/phase2-ingestion/data/macro/raw/fred/GFDEGDQ188S-20260823T225548Z.json,docs/phase2-ingestion/data/macro/manifests/GFDEGDQ188S-20260823T225548Z.json,fac9b16416d1cd360f762b78c8c0406cbe3c60093203599dae33dec0408556fb,2026-08-23T22:55:48.275266+00:00,PASS,AVAILABLE,0.1.0
L4-007,1997-01-01,1997,1,64.34428,percent_of_gdp,U.S. federal total public debt divided by GDP,FRED quarterly observation date is the first day of the quarter,seasonally_adjusted,FRED,GFDEGDQ188S,Debt to Gross Domestic Product Ratios,docs/phase2-ingestion/data/macro/raw/fred/GFDEGDQ188S-20260823T225548Z.json,docs/phase2-ingestion/data/macro/manifests/GFDEGDQ188S-20260823T225548Z.json,fac9b16416d1cd360f762b78c8c0406cbe3c60093203599dae33dec0408556fb,2026-08-23T22:55:48.275266+00:00,PASS,AVAILABLE,0.1.0
L4-007,1997-04-01,1997,2,63.10907,percent_of_gdp,U.S. federal total public debt divided by GDP,FRED quarterly observation date is the first day of the quarter,seasonally_adjusted,FRED,GFDEGDQ188S,Debt to Gross Domestic Product Ratios,docs/phase2-ingestion/data/macro/raw/fred/GFDEGDQ188S-20260823T225548Z.json,docs/phase2-ingestion/data/macro/manifests/GFDEGDQ188S-20260823T225548Z.json,fac9b16416d1cd360f762b78c8c0406cbe3c60093203599dae33dec0408556fb,2026-08-23T22:55:48.275266+00:00,PASS,AVAILABLE,0.1.0
L4-007,1997-07-01,1997,3,62.48709,percent_of_gdp,U.S. federal total public debt divided by GDP,FRED quarterly observation date is the first day of the quarter,seasonally_adjusted,FRED,GFDEGDQ188S,Debt to Gross Domestic Product Ratios,docs/phase2-ingestion/data/macro/raw/fred/GFDEGDQ188S-20260823T225548Z.json,docs/phase2-ingestion/data/macro/manifests/GFDEGDQ188S-20260823T225548Z.json,fac9b16416d1cd360f762b78c8c0406cbe3c60093203599dae33dec0408556fb,2026-08-23T22:55:48.275266+00:00,PASS,AVAILABLE,0.1.0
L4-007,1997-10-01,1997,4,62.77032,percent_of_gdp,U.S. federal total public debt divided by GDP,FRED quarterly observation date is the first day of the quarter,seasonally_adjusted,FRED,GFDEGDQ188S,Debt to Gross Domestic Product Ratios,docs/phase2-ingestion/data/macro/raw/fred/GFDEGDQ188S-20260823T225548Z.json,docs/phase2-ingestion/data/macro/manifests/GFDEGDQ188S-20260823T225548Z.json,fac9b16416d1cd360f762b78c8c0406cbe3c60093203599dae33dec0408556fb,2026-08-23T22:55:48.275266+00:00,PASS,AVAILABLE,0.1.0
L4-007,1998-01-01,1998,1,62.50988,percent_of_gdp,U.S. federal total public debt divided by GDP,FRED quarterly observation date is the first day of the quarter,seasonally_adjusted,FRED,GFDEGDQ188S,Debt to Gross Domestic Product Ratios,docs/phase2-ingestion/data/macro/raw/fred/GFDEGDQ188S-20260823T225548Z.json,docs/phase2-ingestion/data/macro/manifests/GFDEGDQ188S-20260823T225548Z.json,fac9b16416d1cd360f762b78c8c0406cbe3c60093203599dae33dec0408556fb,2026-08-23T22:55:48.275266+00:00,PASS,AVAILABLE,0.1.0
L4-007,1998-04-01,1998,2,61.85196,percent_of_gdp,U.S. federal total public debt divided by GDP,FRED quarterly observation date is the first day of the quarter,seasonally_adjusted,FRED,GFDEGDQ188S,Debt to Gross Domestic Product Ratios,docs/phase2-ingestion/data/macro/raw/fred/GFDEGDQ188S-20260823T225548Z.json,docs/phase2-ingestion/data/macro/manifests/GFDEGDQ188S-20260823T225548Z.json,fac9b16416d1cd360f762b78c8c0406cbe3c60093203599dae33dec0408556fb,2026-08-23T22:55:48.275266+00:00,PASS,AVAILABLE,0.1.0
L4-007,1998-07-01,1998,3,60.58693,percent_of_gdp,U.S. federal total public debt divided by GDP,FRED quarterly observation date is the first day of the quarter,seasonally_adjusted,FRED,GFDEGDQ188S,Debt to Gross Domestic Product Ratios,docs/phase2-ingestion/data/macro/raw/fred/GFDEGDQ188S-20260823T225548Z.json,docs/phase2-ingestion/data/macro/manifests/GFDEGDQ188S-20260823T225548Z.json,fac9b16416d1cd360f762b78c8c0406cbe3c60093203599dae33dec0408556fb,2026-08-23T22:55:48.275266+00:00,PASS,AVAILABLE,0.1.0
L4-007,1998-10-01,1998,4,60.40696,percent_of_gdp,U.S. federal total public debt divided by GDP,FRED quarterly observation date is the first day of the quarter,seasonally_adjusted,FRED,GFDEGDQ188S,Debt to Gross Domestic Product Ratios,docs/phase2-ingestion/data/macro/raw/fred/GFDEGDQ188S-20260823T225548Z.json,docs/phase2-ingestion/data/macro/manifests/GFDEGDQ188S-20260823T225548Z.json,fac9b16416d1cd360f762b78c8c0406cbe3c60093203599dae33dec0408556fb,2026-08-23T22:55:48.275266+00:00,PASS,AVAILABLE,0.1.0
L4-007,1999-01-01,1999,1,60.04894,percent_of_gdp,U.S. federal total public debt divided by GDP,FRED quarterly observation date is the first day of the quarter,seasonally_adjusted,FRED,GFDEGDQ188S,Debt to Gross Domestic Product Ratios,docs/phase2-ingestion/data/macro/raw/fred/GFDEGDQ188S-20260823T225548Z.json,docs/phase2-ingestion/data/macro/manifests/GFDEGDQ188S-20260823T225548Z.json,fac9b16416d1cd360f762b78c8c0406cbe3c60093203599dae33dec0408556fb,2026-08-23T22:55:48.275266+00:00,PASS,AVAILABLE,0.1.0
L4-007,1999-04-01,1999,2,59.19227,percent_of_gdp,U.S. federal total public debt divided by GDP,FRED quarterly observation date is the first day of the quarter,seasonally_adjusted,FRED,GFDEGDQ188S,Debt to Gross Domestic Product Ratios,docs/phase2-ingestion/data/macro/raw/fred/GFDEGDQ188S-20260823T225548Z.json,docs/phase2-ingestion/data/macro/manifests/GFDEGDQ188S-20260823T225548Z.json,fac9b16416d1cd360f762b78c8c0406cbe3c60093203599dae33dec0408556fb,2026-08-23T22:55:48.275266+00:00,PASS,AVAILABLE,0.1.0
L4-007,1999-07-01,1999,3,58.39258,percent_of_gdp,U.S. federal total public debt divided by GDP,FRED quarterly observation date is the first day of the quarter,seasonally_adjusted,FRED,GFDEGDQ188S,Debt to Gross Domestic Product Ratios,docs/phase2-ingestion/data/macro/raw/fred/GFDEGDQ188S-20260823T225548Z.json,docs/phase2-ingestion/data/macro/manifests/GFDEGDQ188S-20260823T225548Z.json,fac9b16416d1cd360f762b78c8c0406cbe3c60093203599dae33dec0408556fb,2026-08-23T22:55:48.275266+00:00,PASS,AVAILABLE,0.1.0
L4-007,1999-10-01,1999,4,58.34336,percent_of_gdp,U.S. federal total public debt divided by GDP,FRED quarterly observation date is the first day of the quarter,seasonally_adjusted,FRED,GFDEGDQ188S,Debt to Gross Domestic Product Ratios,docs/phase2-ingestion/data/macro/raw/fred/GFDEGDQ188S-20260823T225548Z.json,docs/phase2-ingestion/data/macro/manifests/GFDEGDQ188S-20260823T225548Z.json,fac9b16416d1cd360f762b78c8c0406cbe3c60093203599dae33dec0408556fb,2026-08-23T22:55:48.275266+00:00,PASS,AVAILABLE,0.1.0
L4-007,2000-01-01,2000,1,57.72134,percent_of_gdp,U.S. federal total public debt divided by GDP,FRED quarterly observation date is the first day of the quarter,seasonally_adjusted,FRED,GFDEGDQ188S,Debt to Gross Domestic Product Ratios,docs/phase2-ingestion/data/macro/raw/fred/GFDEGDQ188S-20260823T225548Z.json,docs/phase2-ingestion/data/macro/manifests/GFDEGDQ188S-20260823T225548Z.json,fac9b16416d1cd360f762b78c8c0406cbe3c60093203599dae33dec0408556fb,2026-08-23T22:55:48.275266+00:00,PASS,AVAILABLE,0.1.0
L4-007,2000-04-01,2000,2,55.48491,percent_of_gdp,U.S. federal total public debt divided by GDP,FRED quarterly observation date is the first day of the quarter,seasonally_adjusted,FRED,GFDEGDQ188S,Debt to Gross Domestic Product Ratios,docs/phase2-ingestion/data/macro/raw/fred/GFDEGDQ188S-20260823T225548Z.json,docs/phase2-ingestion/data/macro/manifests/GFDEGDQ188S-20260823T225548Z.json,fac9b16416d1cd360f762b78c8c0406cbe3c60093203599dae33dec0408556fb,2026-08-23T22:55:48.275266+00:00,PASS,AVAILABLE,0.1.0
L4-007,2000-07-01,2000,3,54.99213,percent_of_gdp,U.S. federal total public debt divided by GDP,FRED quarterly observation date is the first day of the quarter,seasonally_adjusted,FRED,GFDEGDQ188S,Debt to Gross Domestic Product Ratios,docs/phase2-ingestion/data/macro/raw/fred/GFDEGDQ188S-20260823T225548Z.json,docs/phase2-ingestion/data/macro/manifests/GFDEGDQ188S-20260823T225548Z.json,fac9b16416d1cd360f762b78c8c0406cbe3c60093203599dae33dec0408556fb,2026-08-23T22:55:48.275266+00:00,PASS,AVAILABLE,0.1.0
L4-007,2000-10-01,2000,4,54.2579,percent_of_gdp,U.S. federal total public debt divided by GDP,FRED quarterly observation date is the first day of the quarter,seasonally_adjusted,FRED,GFDEGDQ188S,Debt to Gross Domestic Product Ratios,docs/phase2-ingestion/data/macro/raw/fred/GFDEGDQ188S-20260823T225548Z.json,docs/phase2-ingestion/data/macro/manifests/GFDEGDQ188S-20260823T225548Z.json,fac9b16416d1cd360f762b78c8c0406cbe3c60093203599dae33dec0408556fb,2026-08-23T22:55:48.275266+00:00,PASS,AVAILABLE,0.1.0
L4-007,2001-01-01,2001,1,55.14434,percent_of_gdp,U.S. federal total public debt divided by GDP,FRED quarterly observation date is the first day of the quarter,seasonally_adjusted,FRED,GFDEGDQ188S,Debt to Gross Domestic Product Ratios,docs/phase2-ingestion/data/macro/raw/fred/GFDEGDQ188S-20260823T225548Z.json,docs/phase2-ingestion/data/macro/manifests/GFDEGDQ188S-20260823T225548Z.json,fac9b16416d1cd360f762b78c8c0406cbe3c60093203599dae33dec0408556fb,2026-08-23T22:55:48.275266+00:00,PASS,AVAILABLE,0.1.0
L4-007,2001-04-01,2001,2,54.03165,percent_of_gdp,U.S. federal total public debt divided by GDP,FRED quarterly observation date is the first day of the quarter,seasonally_adjusted,FRED,GFDEGDQ188S,Debt to Gross Domestic Product Ratios,docs/phase2-ingestion/data/macro/raw/fred/GFDEGDQ188S-20260823T225548Z.json,docs/phase2-ingestion/data/macro/manifests/GFDEGDQ188S-20260823T225548Z.json,fac9b16416d1cd360f762b78c8c0406cbe3c60093203599dae33dec0408556fb,2026-08-23T22:55:48.275266+00:00,PASS,AVAILABLE,0.1.0
L4-007,2001-07-01,2001,3,54.79763,percent_of_gdp,U.S. federal total public debt divided by GDP,FRED quarterly observation date is the first day of the quarter,seasonally_adjusted,FRED,GFDEGDQ188S,Debt to Gross Domestic Product Ratios,docs/phase2-ingestion/data/macro/raw/fred/GFDEGDQ188S-20260823T225548Z.json,docs/phase2-ingestion/data/macro/manifests/GFDEGDQ188S-20260823T225548Z.json,fac9b16416d1cd360f762b78c8c0406cbe3c60093203599dae33dec0408556fb,2026-08-23T22:55:48.275266+00:00,PASS,AVAILABLE,0.1.0
L4-007,2001-10-01,2001,4,55.75216,percent_of_gdp,U.S. federal total public debt divided by GDP,FRED quarterly observation date is the first day of the quarter,seasonally_adjusted,FRED,GFDEGDQ188S,Debt to Gross Domestic Product Ratios,docs/phase2-ingestion/data/macro/raw/fred/GFDEGDQ188S-20260823T225548Z.json,docs/phase2-ingestion/data/macro/manifests/GFDEGDQ188S-20260823T225548Z.json,fac9b16416d1cd360f762b78c8c0406cbe3c60093203599dae33dec0408556fb,2026-08-23T22:55:48.275266+00:00,PASS,AVAILABLE,0.1.0
L4-007,2002-01-01,2002,1,55.6965,percent_of_gdp,U.S. federal total public debt divided by GDP,FRED quarterly observation date is the first day of the quarter,seasonally_adjusted,FRED,GFDEGDQ188S,Debt to Gross Domestic Product Ratios,docs/phase2-ingestion/data/macro/raw/fred/GFDEGDQ188S-20260823T225548Z.json,docs/phase2-ingestion/data/macro/manifests/GFDEGDQ188S-20260823T225548Z.json,fac9b16416d1cd360f762b78c8c0406cbe3c60093203599dae33dec0408556fb,2026-08-23T22:55:48.275266+00:00,PASS,AVAILABLE,0.1.0
L4-007,2002-04-01,2002,2,56.27087,percent_of_gdp,U.S. federal total public debt divided by GDP,FRED quarterly observation date is the first day of the quarter,seasonally_adjusted,FRED,GFDEGDQ188S,Debt to Gross Domestic Product Ratios,docs/phase2-ingestion/data/macro/raw/fred/GFDEGDQ188S-20260823T225548Z.json,docs/phase2-ingestion/data/macro/manifests/GFDEGDQ188S-20260823T225548Z.json,fac9b16416d1cd360f762b78c8c0406cbe3c60093203599dae33dec0408556fb,2026-08-23T22:55:48.275266+00:00,PASS,AVAILABLE,0.1.0
L4-007,2002-07-01,2002,3,56.7026,percent_of_gdp,U.S. federal total public debt divided by GDP,FRED quarterly observation date is the first day of the quarter,seasonally_adjusted,FRED,GFDEGDQ188S,Debt to Gross Domestic Product Ratios,docs/phase2-ingestion/data/macro/raw/fred/GFDEGDQ188S-20260823T225548Z.json,docs/phase2-ingestion/data/macro/manifests/GFDEGDQ188S-20260823T225548Z.json,fac9b16416d1cd360f762b78c8c0406cbe3c60093203599dae33dec0408556fb,2026-08-23T22:55:48.275266+00:00,PASS,AVAILABLE,0.1.0
L4-007,2002-10-01,2002,4,57.91028,percent_of_gdp,U.S. federal total public debt divided by GDP,FRED quarterly observation date is the first day of the quarter,seasonally_adjusted,FRED,GFDEGDQ188S,Debt to Gross Domestic Product Ratios,docs/phase2-ingestion/data/macro/raw/fred/GFDEGDQ188S-20260823T225548Z.json,docs/phase2-ingestion/data/macro/manifests/GFDEGDQ188S-20260823T225548Z.json,fac9b16416d1cd360f762b78c8c0406cbe3c60093203599dae33dec0408556fb,2026-08-23T22:55:48.275266+00:00,PASS,AVAILABLE,0.1.0
L4-007,2003-01-01,2003,1,57.81906,percent_of_gdp,U.S. federal total public debt divided by GDP,FRED quarterly observation date is the first day of the quarter,seasonally_adjusted,FRED,GFDEGDQ188S,Debt to Gross Domestic Product Ratios,docs/phase2-ingestion/data/macro/raw/fred/GFDEGDQ188S-20260823T225548Z.json,docs/phase2-ingestion/data/macro/manifests/GFDEGDQ188S-20260823T225548Z.json,fac9b16416d1cd360f762b78c8c0406cbe3c60093203599dae33dec0408556fb,2026-08-23T22:55:48.275266+00:00,PASS,AVAILABLE,0.1.0
L4-007,2003-04-01,2003,2,58.96101,percent_of_gdp,U.S. federal total public debt divided by GDP,FRED quarterly observation date is the first day of the quarter,seasonally_adjusted,FRED,GFDEGDQ188S,Debt to Gross Domestic Product Ratios,docs/phase2-ingestion/data/macro/raw/fred/GFDEGDQ188S-20260823T225548Z.json,docs/phase2-ingestion/data/macro/manifests/GFDEGDQ188S-20260823T225548Z.json,fac9b16416d1cd360f762b78c8c0406cbe3c60093203599dae33dec0408556fb,2026-08-23T22:55:48.275266+00:00,PASS,AVAILABLE,0.1.0
L4-007,2003-07-01,2003,3,58.64541,percent_of_gdp,U.S. federal total public debt divided by GDP,FRED quarterly observation date is the first day of the quarter,seasonally_adjusted,FRED,GFDEGDQ188S,Debt to Gross Domestic Product Ratios,docs/phase2-ingestion/data/macro/raw/fred/GFDEGDQ188S-20260823T225548Z.json,docs/phase2-ingestion/data/macro/manifests/GFDEGDQ188S-20260823T225548Z.json,fac9b16416d1cd360f762b78c8c0406cbe3c60093203599dae33dec0408556fb,2026-08-23T22:55:48.275266+00:00,PASS,AVAILABLE,0.1.0
L4-007,2003-10-01,2003,4,59.44466,percent_of_gdp,U.S. federal total public debt divided by GDP,FRED quarterly observation date is the first day of the quarter,seasonally_adjusted,FRED,GFDEGDQ188S,Debt to Gross Domestic Product Ratios,docs/phase2-ingestion/data/macro/raw/fred/GFDEGDQ188S-20260823T225548Z.json,docs/phase2-ingestion/data/macro/manifests/GFDEGDQ188S-20260823T225548Z.json,fac9b16416d1cd360f762b78c8c0406cbe3c60093203599dae33dec0408556fb,2026-08-23T22:55:48.275266+00:00,PASS,AVAILABLE,0.1.0
L4-007,2004-01-01,2004,1,59.8071,percent_of_gdp,U.S. federal total public debt divided by GDP,FRED quarterly observation date is the first day of the quarter,seasonally_adjusted,FRED,GFDEGDQ188S,Debt to Gross Domestic Product Ratios,docs/phase2-ingestion/data/macro/raw/fred/GFDEGDQ188S-20260823T225548Z.json,docs/phase2-ingestion/data/macro/manifests/GFDEGDQ188S-20260823T225548Z.json,fac9b16416d1cd360f762b78c8c0406cbe3c60093203599dae33dec0408556fb,2026-08-23T22:55:48.275266+00:00,PASS,AVAILABLE,0.1.0
L4-007,2004-04-01,2004,2,60.05487,percent_of_gdp,U.S. federal total public debt divided by GDP,FRED quarterly observation date is the first day of the quarter,seasonally_adjusted,FRED,GFDEGDQ188S,Debt to Gross Domestic Product Ratios,docs/phase2-ingestion/data/macro/raw/fred/GFDEGDQ188S-20260823T225548Z.json,docs/phase2-ingestion/data/macro/manifests/GFDEGDQ188S-20260823T225548Z.json,fac9b16416d1cd360f762b78c8c0406cbe3c60093203599dae33dec0408556fb,2026-08-23T22:55:48.275266+00:00,PASS,AVAILABLE,0.1.0
L4-007,2004-07-01,2004,3,59.96643,percent_of_gdp,U.S. federal total public debt divided by GDP,FRED quarterly observation date is the first day of the quarter,seasonally_adjusted,FRED,GFDEGDQ188S,Debt to Gross Domestic Product Ratios,docs/phase2-ingestion/data/macro/raw/fred/GFDEGDQ188S-20260823T225548Z.json,docs/phase2-ingestion/data/macro/manifests/GFDEGDQ188S-20260823T225548Z.json,fac9b16416d1cd360f762b78c8c0406cbe3c60093203599dae33dec0408556fb,2026-08-23T22:55:48.275266+00:00,PASS,AVAILABLE,0.1.0
L4-007,2004-10-01,2004,4,60.63713,percent_of_gdp,U.S. federal total public debt divided by GDP,FRED quarterly observation date is the first day of the quarter,seasonally_adjusted,FRED,GFDEGDQ188S,Debt to Gross Domestic Product Ratios,docs/phase2-ingestion/data/macro/raw/fred/GFDEGDQ188S-20260823T225548Z.json,docs/phase2-ingestion/data/macro/manifests/GFDEGDQ188S-20260823T225548Z.json,fac9b16416d1cd360f762b78c8c0406cbe3c60093203599dae33dec0408556fb,2026-08-23T22:55:48.275266+00:00,PASS,AVAILABLE,0.1.0
L4-007,2005-01-01,2005,1,60.91302,percent_of_gdp,U.S. federal total public debt divided by GDP,FRED quarterly observation date is the first day of the quarter,seasonally_adjusted,FRED,GFDEGDQ188S,Debt to Gross Domestic Product Ratios,docs/phase2-ingestion/data/macro/raw/fred/GFDEGDQ188S-20260823T225548Z.json,docs/phase2-ingestion/data/macro/manifests/GFDEGDQ188S-20260823T225548Z.json,fac9b16416d1cd360f762b78c8c0406cbe3c60093203599dae33dec0408556fb,2026-08-23T22:55:48.275266+00:00,PASS,AVAILABLE,0.1.0
L4-007,2005-04-01,2005,2,60.64153,percent_of_gdp,U.S. federal total public debt divided by GDP,FRED quarterly observation date is the first day of the quarter,seasonally_adjusted,FRED,GFDEGDQ188S,Debt to Gross Domestic Product Ratios,docs/phase2-ingestion/data/macro/raw/fred/GFDEGDQ188S-20260823T225548Z.json,docs/phase2-ingestion/data/macro/manifests/GFDEGDQ188S-20260823T225548Z.json,fac9b16416d1cd360f762b78c8c0406cbe3c60093203599dae33dec0408556fb,2026-08-23T22:55:48.275266+00:00,PASS,AVAILABLE,0.1.0
L4-007,2005-07-01,2005,3,60.35856,percent_of_gdp,U.S. federal total public debt divided by GDP,FRED quarterly observation date is the first day of the quarter,seasonally_adjusted,FRED,GFDEGDQ188S,Debt to Gross Domestic Product Ratios,docs/phase2-ingestion/data/macro/raw/fred/GFDEGDQ188S-20260823T225548Z.json,docs/phase2-ingestion/data/macro/manifests/GFDEGDQ188S-20260823T225548Z.json,fac9b16416d1cd360f762b78c8c0406cbe3c60093203599dae33dec0408556fb,2026-08-23T22:55:48.275266+00:00,PASS,AVAILABLE,0.1.0
L4-007,2005-10-01,2005,4,61.32008,percent_of_gdp,U.S. federal total public debt divided by GDP,FRED quarterly observation date is the first day of the quarter,seasonally_adjusted,FRED,GFDEGDQ188S,Debt to Gross Domestic Product Ratios,docs/phase2-ingestion/data/macro/raw/fred/GFDEGDQ188S-20260823T225548Z.json,docs/phase2-ingestion/data/macro/manifests/GFDEGDQ188S-20260823T225548Z.json,fac9b16416d1cd360f762b78c8c0406cbe3c60093203599dae33dec0408556fb,2026-08-23T22:55:48.275266+00:00,PASS,AVAILABLE,0.1.0
L4-007,2006-01-01,2006,1,61.55642,percent_of_gdp,U.S. federal total public debt divided by GDP,FRED quarterly observation date is the first day of the quarter,seasonally_adjusted,FRED,GFDEGDQ188S,Debt to Gross Domestic Product Ratios,docs/phase2-ingestion/data/macro/raw/fred/GFDEGDQ188S-20260823T225548Z.json,docs/phase2-ingestion/data/macro/manifests/GFDEGDQ188S-20260823T225548Z.json,fac9b16416d1cd360f762b78c8c0406cbe3c60093203599dae33dec0408556fb,2026-08-23T22:55:48.275266+00:00,PASS,AVAILABLE,0.1.0
L4-007,2006-04-01,2006,2,61.22142,percent_of_gdp,U.S. federal total public debt divided by GDP,FRED quarterly observation date is the first day of the quarter,seasonally_adjusted,FRED,GFDEGDQ188S,Debt to Gross Domestic Product Ratios,docs/phase2-ingestion/data/macro/raw/fred/GFDEGDQ188S-20260823T225548Z.json,docs/phase2-ingestion/data/macro/manifests/GFDEGDQ188S-20260823T225548Z.json,fac9b16416d1cd360f762b78c8c0406cbe3c60093203599dae33dec0408556fb,2026-08-23T22:55:48.275266+00:00,PASS,AVAILABLE,0.1.0
L4-007,2006-07-01,2006,3,61.3328,percent_of_gdp,U.S. federal total public debt divided by GDP,FRED quarterly observation date is the first day of the quarter,seasonally_adjusted,FRED,GFDEGDQ188S,Debt to Gross Domestic Product Ratios,docs/phase2-ingestion/data/macro/raw/fred/GFDEGDQ188S-20260823T225548Z.json,docs/phase2-ingestion/data/macro/manifests/GFDEGDQ188S-20260823T225548Z.json,fac9b16416d1cd360f762b78c8c0406cbe3c60093203599dae33dec0408556fb,2026-08-23T22:55:48.275266+00:00,PASS,AVAILABLE,0.1.0
L4-007,2006-10-01,2006,4,61.82689,percent_of_gdp,U.S. federal total public debt divided by GDP,FRED quarterly observation date is the first day of the quarter,seasonally_adjusted,FRED,GFDEGDQ188S,Debt to Gross Domestic Product Ratios,docs/phase2-ingestion/data/macro/raw/fred/GFDEGDQ188S-20260823T225548Z.json,docs/phase2-ingestion/data/macro/manifests/GFDEGDQ188S-20260823T225548Z.json,fac9b16416d1cd360f762b78c8c0406cbe3c60093203599dae33dec0408556fb,2026-08-23T22:55:48.275266+00:00,PASS,AVAILABLE,0.1.0
L4-007,2007-01-01,2007,1,62.25297,percent_of_gdp,U.S. federal total public debt divided by GDP,FRED quarterly observation date is the first day of the quarter,seasonally_adjusted,FRED,GFDEGDQ188S,Debt to Gross Domestic Product Ratios,docs/phase2-ingestion/data/macro/raw/fred/GFDEGDQ188S-20260823T225548Z.json,docs/phase2-ingestion/data/macro/manifests/GFDEGDQ188S-20260823T225548Z.json,fac9b16416d1cd360f762b78c8c0406cbe3c60093203599dae33dec0408556fb,2026-08-23T22:55:48.275266+00:00,PASS,AVAILABLE,0.1.0
L4-007,2007-04-01,2007,2,61.57219,percent_of_gdp,U.S. federal total public debt divided by GDP,FRED quarterly observation date is the first day of the quarter,seasonally_adjusted,FRED,GFDEGDQ188S,Debt to Gross Domestic Product Ratios,docs/phase2-ingestion/data/macro/raw/fred/GFDEGDQ188S-20260823T225548Z.json,docs/phase2-ingestion/data/macro/manifests/GFDEGDQ188S-20260823T225548Z.json,fac9b16416d1cd360f762b78c8c0406cbe3c60093203599dae33dec0408556fb,2026-08-23T22:55:48.275266+00:00,PASS,AVAILABLE,0.1.0
L4-007,2007-07-01,2007,3,61.84826,percent_of_gdp,U.S. federal total public debt divided by GDP,FRED quarterly observation date is the first day of the quarter,seasonally_adjusted,FRED,GFDEGDQ188S,Debt to Gross Domestic Product Ratios,docs/phase2-ingestion/data/macro/raw/fred/GFDEGDQ188S-20260823T225548Z.json,docs/phase2-ingestion/data/macro/manifests/GFDEGDQ188S-20260823T225548Z.json,fac9b16416d1cd360f762b78c8c0406cbe3c60093203599dae33dec0408556fb,2026-08-23T22:55:48.275266+00:00,PASS,AVAILABLE,0.1.0
L4-007,2007-10-01,2007,4,62.71924,percent_of_gdp,U.S. federal total public debt divided by GDP,FRED quarterly observation date is the first day of the quarter,seasonally_adjusted,FRED,GFDEGDQ188S,Debt to Gross Domestic Product Ratios,docs/phase2-ingestion/data/macro/raw/fred/GFDEGDQ188S-20260823T225548Z.json,docs/phase2-ingestion/data/macro/manifests/GFDEGDQ188S-20260823T225548Z.json,fac9b16416d1cd360f762b78c8c0406cbe3c60093203599dae33dec0408556fb,2026-08-23T22:55:48.275266+00:00,PASS,AVAILABLE,0.1.0
L4-007,2008-01-01,2008,1,64.17278,percent_of_gdp,U.S. federal total public debt divided by GDP,FRED quarterly observation date is the first day of the quarter,seasonally_adjusted,FRED,GFDEGDQ188S,Debt to Gross Domestic Product Ratios,docs/phase2-ingestion/data/macro/raw/fred/GFDEGDQ188S-20260823T225548Z.json,docs/phase2-ingestion/data/macro/manifests/GFDEGDQ188S-20260823T225548Z.json,fac9b16416d1cd360f762b78c8c0406cbe3c60093203599dae33dec0408556fb,2026-08-23T22:55:48.275266+00:00,PASS,AVAILABLE,0.1.0
L4-007,2008-04-01,2008,2,63.85172,percent_of_gdp,U.S. federal total public debt divided by GDP,FRED quarterly observation date is the first day of the quarter,seasonally_adjusted,FRED,GFDEGDQ188S,Debt to Gross Domestic Product Ratios,docs/phase2-ingestion/data/macro/raw/fred/GFDEGDQ188S-20260823T225548Z.json,docs/phase2-ingestion/data/macro/manifests/GFDEGDQ188S-20260823T225548Z.json,fac9b16416d1cd360f762b78c8c0406cbe3c60093203599dae33dec0408556fb,2026-08-23T22:55:48.275266+00:00,PASS,AVAILABLE,0.1.0
L4-007,2008-07-01,2008,3,67.28455,percent_of_gdp,U.S. federal total public debt divided by GDP,FRED quarterly observation date is the first day of the quarter,seasonally_adjusted,FRED,GFDEGDQ188S,Debt to Gross Domestic Product Ratios,docs/phase2-ingestion/data/macro/raw/fred/GFDEGDQ188S-20260823T225548Z.json,docs/phase2-ingestion/data/macro/manifests/GFDEGDQ188S-20260823T225548Z.json,fac9b16416d1cd360f762b78c8c0406cbe3c60093203599dae33dec0408556fb,2026-08-23T22:55:48.275266+00:00,PASS,AVAILABLE,0.1.0
L4-007,2008-10-01,2008,4,73.24515,percent_of_gdp,U.S. federal total public debt divided by GDP,FRED quarterly observation date is the first day of the quarter,seasonally_adjusted,FRED,GFDEGDQ188S,Debt to Gross Domestic Product Ratios,docs/phase2-ingestion/data/macro/raw/fred/GFDEGDQ188S-20260823T225548Z.json,docs/phase2-ingestion/data/macro/manifests/GFDEGDQ188S-20260823T225548Z.json,fac9b16416d1cd360f762b78c8c0406cbe3c60093203599dae33dec0408556fb,2026-08-23T22:55:48.275266+00:00,PASS,AVAILABLE,0.1.0
L4-007,2009-01-01,2009,1,77.10496,percent_of_gdp,U.S. federal total public debt divided by GDP,FRED quarterly observation date is the first day of the quarter,seasonally_adjusted,FRED,GFDEGDQ188S,Debt to Gross Domestic Product Ratios,docs/phase2-ingestion/data/macro/raw/fred/GFDEGDQ188S-20260823T225548Z.json,docs/phase2-ingestion/data/macro/manifests/GFDEGDQ188S-20260823T225548Z.json,fac9b16416d1cd360f762b78c8c0406cbe3c60093203599dae33dec0408556fb,2026-08-23T22:55:48.275266+00:00,PASS,AVAILABLE,0.1.0
L4-007,2009-04-01,2009,2,80.28013,percent_of_gdp,U.S. federal total public debt divided by GDP,FRED quarterly observation date is the first day of the quarter,seasonally_adjusted,FRED,GFDEGDQ188S,Debt to Gross Domestic Product Ratios,docs/phase2-ingestion/data/macro/raw/fred/GFDEGDQ188S-20260823T225548Z.json,docs/phase2-ingestion/data/macro/manifests/GFDEGDQ188S-20260823T225548Z.json,fac9b16416d1cd360f762b78c8c0406cbe3c60093203599dae33dec0408556fb,2026-08-23T22:55:48.275266+00:00,PASS,AVAILABLE,0.1.0
L4-007,2009-07-01,2009,3,82.42733,percent_of_gdp,U.S. federal total public debt divided by GDP,FRED quarterly observation date is the first day of the quarter,seasonally_adjusted,FRED,GFDEGDQ188S,Debt to Gross Domestic Product Ratios,docs/phase2-ingestion/data/macro/raw/fred/GFDEGDQ188S-20260823T225548Z.json,docs/phase2-ingestion/data/macro/manifests/GFDEGDQ188S-20260823T225548Z.json,fac9b16416d1cd360f762b78c8c0406cbe3c60093203599dae33dec0408556fb,2026-08-23T22:55:48.275266+00:00,PASS,AVAILABLE,0.1.0
L4-007,2009-10-01,2009,4,84.02935,percent_of_gdp,U.S. federal total public debt divided by GDP,FRED quarterly observation date is the first day of the quarter,seasonally_adjusted,FRED,GFDEGDQ188S,Debt to Gross Domestic Product Ratios,docs/phase2-ingestion/data/macro/raw/fred/GFDEGDQ188S-20260823T225548Z.json,docs/phase2-ingestion/data/macro/manifests/GFDEGDQ188S-20260823T225548Z.json,fac9b16416d1cd360f762b78c8c0406cbe3c60093203599dae33dec0408556fb,2026-08-23T22:55:48.275266+00:00,PASS,AVAILABLE,0.1.0
L4-007,2010-01-01,2010,1,86.51175,percent_of_gdp,U.S. federal total public debt divided by GDP,FRED quarterly observation date is the first day of the quarter,seasonally_adjusted,FRED,GFDEGDQ188S,Debt to Gross Domestic Product Ratios,docs/phase2-ingestion/data/macro/raw/fred/GFDEGDQ188S-20260823T225548Z.json,docs/phase2-ingestion/data/macro/manifests/GFDEGDQ188S-20260823T225548Z.json,fac9b16416d1cd360f762b78c8c0406cbe3c60093203599dae33dec0408556fb,2026-08-23T22:55:48.275266+00:00,PASS,AVAILABLE,0.1.0
L4-007,2010-04-01,2010,2,88.12832,percent_of_gdp,U.S. federal total public debt divided by GDP,FRED quarterly observation date is the first day of the quarter,seasonally_adjusted,FRED,GFDEGDQ188S,Debt to Gross Domestic Product Ratios,docs/phase2-ingestion/data/macro/raw/fred/GFDEGDQ188S-20260823T225548Z.json,docs/phase2-ingestion/data/macro/manifests/GFDEGDQ188S-20260823T225548Z.json,fac9b16416d1cd360f762b78c8c0406cbe3c60093203599dae33dec0408556fb,2026-08-23T22:55:48.275266+00:00,PASS,AVAILABLE,0.1.0
L4-007,2010-07-01,2010,3,89.56528,percent_of_gdp,U.S. federal total public debt divided by GDP,FRED quarterly observation date is the first day of the quarter,seasonally_adjusted,FRED,GFDEGDQ188S,Debt to Gross Domestic Product Ratios,docs/phase2-ingestion/data/macro/raw/fred/GFDEGDQ188S-20260823T225548Z.json,docs/phase2-ingestion/data/macro/manifests/GFDEGDQ188S-20260823T225548Z.json,fac9b16416d1cd360f762b78c8c0406cbe3c60093203599dae33dec0408556fb,2026-08-23T22:55:48.275266+00:00,PASS,AVAILABLE,0.1.0
L4-007,2010-10-01,2010,4,91.61134,percent_of_gdp,U.S. federal total public debt divided by GDP,FRED quarterly observation date is the first day of the quarter,seasonally_adjusted,FRED,GFDEGDQ188S,Debt to Gross Domestic Product Ratios,docs/phase2-ingestion/data/macro/raw/fred/GFDEGDQ188S-20260823T225548Z.json,docs/phase2-ingestion/data/macro/manifests/GFDEGDQ188S-20260823T225548Z.json,fac9b16416d1cd360f762b78c8c0406cbe3c60093203599dae33dec0408556fb,2026-08-23T22:55:48.275266+00:00,PASS,AVAILABLE,0.1.0
L4-007,2011-01-01,2011,1,92.95614,percent_of_gdp,U.S. federal total public debt divided by GDP,FRED quarterly observation date is the first day of the quarter,seasonally_adjusted,FRED,GFDEGDQ188S,Debt to Gross Domestic Product Ratios,docs/phase2-ingestion/data/macro/raw/fred/GFDEGDQ188S-20260823T225548Z.json,docs/phase2-ingestion/data/macro/manifests/GFDEGDQ188S-20260823T225548Z.json,fac9b16416d1cd360f762b78c8c0406cbe3c60093203599dae33dec0408556fb,2026-08-23T22:55:48.275266+00:00,PASS,AVAILABLE,0.1.0
L4-007,2011-04-01,2011,2,92.1938,percent_of_gdp,U.S. federal total public debt divided by GDP,FRED quarterly observation date is the first day of the quarter,seasonally_adjusted,FRED,GFDEGDQ188S,Debt to Gross Domestic Product Ratios,docs/phase2-ingestion/data/macro/raw/fred/GFDEGDQ188S-20260823T225548Z.json,docs/phase2-ingestion/data/macro/manifests/GFDEGDQ188S-20260823T225548Z.json,fac9b16416d1cd360f762b78c8c0406cbe3c60093203599dae33dec0408556fb,2026-08-23T22:55:48.275266+00:00,PASS,AVAILABLE,0.1.0
L4-007,2011-07-01,2011,3,94.52098,percent_of_gdp,U.S. federal total public debt divided by GDP,FRED quarterly observation date is the first day of the quarter,seasonally_adjusted,FRED,GFDEGDQ188S,Debt to Gross Domestic Product Ratios,docs/phase2-ingestion/data/macro/raw/fred/GFDEGDQ188S-20260823T225548Z.json,docs/phase2-ingestion/data/macro/manifests/GFDEGDQ188S-20260823T225548Z.json,fac9b16416d1cd360f762b78c8c0406cbe3c60093203599dae33dec0408556fb,2026-08-23T22:55:48.275266+00:00,PASS,AVAILABLE,0.1.0
L4-007,2011-10-01,2011,4,96.09072,percent_of_gdp,U.S. federal total public debt divided by GDP,FRED quarterly observation date is the first day of the quarter,seasonally_adjusted,FRED,GFDEGDQ188S,Debt to Gross Domestic Product Ratios,docs/phase2-ingestion/data/macro/raw/fred/GFDEGDQ188S-20260823T225548Z.json,docs/phase2-ingestion/data/macro/manifests/GFDEGDQ188S-20260823T225548Z.json,fac9b16416d1cd360f762b78c8c0406cbe3c60093203599dae33dec0408556fb,2026-08-23T22:55:48.275266+00:00,PASS,AVAILABLE,0.1.0
L4-007,2012-01-01,2012,1,97.12308,percent_of_gdp,U.S. federal total public debt divided by GDP,FRED quarterly observation date is the first day of the quarter,seasonally_adjusted,FRED,GFDEGDQ188S,Debt to Gross Domestic Product Ratios,docs/phase2-ingestion/data/macro/raw/fred/GFDEGDQ188S-20260823T225548Z.json,docs/phase2-ingestion/data/macro/manifests/GFDEGDQ188S-20260823T225548Z.json,fac9b16416d1cd360f762b78c8c0406cbe3c60093203599dae33dec0408556fb,2026-08-23T22:55:48.275266+00:00,PASS,AVAILABLE,0.1.0
L4-007,2012-04-01,2012,2,97.82763,percent_of_gdp,U.S. federal total public debt divided by GDP,FRED quarterly observation date is the first day of the quarter,seasonally_adjusted,FRED,GFDEGDQ188S,Debt to Gross Domestic Product Ratios,docs/phase2-ingestion/data/macro/raw/fred/GFDEGDQ188S-20260823T225548Z.json,docs/phase2-ingestion/data/macro/manifests/GFDEGDQ188S-20260823T225548Z.json,fac9b16416d1cd360f762b78c8c0406cbe3c60093203599dae33dec0408556fb,2026-08-23T22:55:48.275266+00:00,PASS,AVAILABLE,0.1.0
L4-007,2012-07-01,2012,3,98.44787,percent_of_gdp,U.S. federal total public debt divided by GDP,FRED quarterly observation date is the first day of the quarter,seasonally_adjusted,FRED,GFDEGDQ188S,Debt to Gross Domestic Product Ratios,docs/phase2-ingestion/data/macro/raw/fred/GFDEGDQ188S-20260823T225548Z.json,docs/phase2-ingestion/data/macro/manifests/GFDEGDQ188S-20260823T225548Z.json,fac9b16416d1cd360f762b78c8c0406cbe3c60093203599dae33dec0408556fb,2026-08-23T22:55:48.275266+00:00,PASS,AVAILABLE,0.1.0
L4-007,2012-10-01,2012,4,100.07497,percent_of_gdp,U.S. federal total public debt divided by GDP,FRED quarterly observation date is the first day of the quarter,seasonally_adjusted,FRED,GFDEGDQ188S,Debt to Gross Domestic Product Ratios,docs/phase2-ingestion/data/macro/raw/fred/GFDEGDQ188S-20260823T225548Z.json,docs/phase2-ingestion/data/macro/manifests/GFDEGDQ188S-20260823T225548Z.json,fac9b16416d1cd360f762b78c8c0406cbe3c60093203599dae33dec0408556fb,2026-08-23T22:55:48.275266+00:00,PASS,AVAILABLE,0.1.0
L4-007,2013-01-01,2013,1,100.73997,percent_of_gdp,U.S. federal total public debt divided by GDP,FRED quarterly observation date is the first day of the quarter,seasonally_adjusted,FRED,GFDEGDQ188S,Debt to Gross Domestic Product Ratios,docs/phase2-ingestion/data/macro/raw/fred/GFDEGDQ188S-20260823T225548Z.json,docs/phase2-ingestion/data/macro/manifests/GFDEGDQ188S-20260823T225548Z.json,fac9b16416d1cd360f762b78c8c0406cbe3c60093203599dae33dec0408556fb,2026-08-23T22:55:48.275266+00:00,PASS,AVAILABLE,0.1.0
L4-007,2013-04-01,2013,2,100.05758,percent_of_gdp,U.S. federal total public debt divided by GDP,FRED quarterly observation date is the first day of the quarter,seasonally_adjusted,FRED,GFDEGDQ188S,Debt to Gross Domestic Product Ratios,docs/phase2-ingestion/data/macro/raw/fred/GFDEGDQ188S-20260823T225548Z.json,docs/phase2-ingestion/data/macro/manifests/GFDEGDQ188S-20260823T225548Z.json,fac9b16416d1cd360f762b78c8c0406cbe3c60093203599dae33dec0408556fb,2026-08-23T22:55:48.275266+00:00,PASS,AVAILABLE,0.1.0
L4-007,2013-07-01,2013,3,98.72797,percent_of_gdp,U.S. federal total public debt divided by GDP,FRED quarterly observation date is the first day of the quarter,seasonally_adjusted,FRED,GFDEGDQ188S,Debt to Gross Domestic Product Ratios,docs/phase2-ingestion/data/macro/raw/fred/GFDEGDQ188S-20260823T225548Z.json,docs/phase2-ingestion/data/macro/manifests/GFDEGDQ188S-20260823T225548Z.json,fac9b16416d1cd360f762b78c8c0406cbe3c60093203599dae33dec0408556fb,2026-08-23T22:55:48.275266+00:00,PASS,AVAILABLE,0.1.0
L4-007,2013-10-01,2013,4,99.79118,percent_of_gdp,U.S. federal total public debt divided by GDP,FRED quarterly observation date is the first day of the quarter,seasonally_adjusted,FRED,GFDEGDQ188S,Debt to Gross Domestic Product Ratios,docs/phase2-ingestion/data/macro/raw/fred/GFDEGDQ188S-20260823T225548Z.json,docs/phase2-ingestion/data/macro/manifests/GFDEGDQ188S-20260823T225548Z.json,fac9b16416d1cd360f762b78c8c0406cbe3c60093203599dae33dec0408556fb,2026-08-23T22:55:48.275266+00:00,PASS,AVAILABLE,0.1.0
L4-007,2014-01-01,2014,1,102.34617,percent_of_gdp,U.S. federal total public debt divided by GDP,FRED quarterly observation date is the first day of the quarter,seasonally_adjusted,FRED,GFDEGDQ188S,Debt to Gross Domestic Product Ratios,docs/phase2-ingestion/data/macro/raw/fred/GFDEGDQ188S-20260823T225548Z.json,docs/phase2-ingestion/data/macro/manifests/GFDEGDQ188S-20260823T225548Z.json,fac9b16416d1cd360f762b78c8c0406cbe3c60093203599dae33dec0408556fb,2026-08-23T22:55:48.275266+00:00,PASS,AVAILABLE,0.1.0
L4-007,2014-04-01,2014,2,100.6513,percent_of_gdp,U.S. federal total public debt divided by GDP,FRED quarterly observation date is the first day of the quarter,seasonally_adjusted,FRED,GFDEGDQ188S,Debt to Gross Domestic Product Ratios,docs/phase2-ingestion/data/macro/raw/fred/GFDEGDQ188S-20260823T225548Z.json,docs/phase2-ingestion/data/macro/manifests/GFDEGDQ188S-20260823T225548Z.json,fac9b16416d1cd360f762b78c8c0406cbe3c60093203599dae33dec0408556fb,2026-08-23T22:55:48.275266+00:00,PASS,AVAILABLE,0.1.0
L4-007,2014-07-01,2014,3,100.11145,percent_of_gdp,U.S. federal total public debt divided by GDP,FRED quarterly observation date is the first day of the quarter,seasonally_adjusted,FRED,GFDEGDQ188S,Debt to Gross Domestic Product Ratios,docs/phase2-ingestion/data/macro/raw/fred/GFDEGDQ188S-20260823T225548Z.json,docs/phase2-ingestion/data/macro/manifests/GFDEGDQ188S-20260823T225548Z.json,fac9b16416d1cd360f762b78c8c0406cbe3c60093203599dae33dec0408556fb,2026-08-23T22:55:48.275266+00:00,PASS,AVAILABLE,0.1.0
L4-007,2014-10-01,2014,4,101.2805,percent_of_gdp,U.S. federal total public debt divided by GDP,FRED quarterly observation date is the first day of the quarter,seasonally_adjusted,FRED,GFDEGDQ188S,Debt to Gross Domestic Product Ratios,docs/phase2-ingestion/data/macro/raw/fred/GFDEGDQ188S-20260823T225548Z.json,docs/phase2-ingestion/data/macro/manifests/GFDEGDQ188S-20260823T225548Z.json,fac9b16416d1cd360f762b78c8c0406cbe3c60093203599dae33dec0408556fb,2026-08-23T22:55:48.275266+00:00,PASS,AVAILABLE,0.1.0
L4-007,2015-01-01,2015,1,100.49009,percent_of_gdp,U.S. federal total public debt divided by GDP,FRED quarterly observation date is the first day of the quarter,seasonally_adjusted,FRED,GFDEGDQ188S,Debt to Gross Domestic Product Ratios,docs/phase2-ingestion/data/macro/raw/fred/GFDEGDQ188S-20260823T225548Z.json,docs/phase2-ingestion/data/macro/manifests/GFDEGDQ188S-20260823T225548Z.json,fac9b16416d1cd360f762b78c8c0406cbe3c60093203599dae33dec0408556fb,2026-08-23T22:55:48.275266+00:00,PASS,AVAILABLE,0.1.0
L4-007,2015-04-01,2015,2,99.30094,percent_of_gdp,U.S. federal total public debt divided by GDP,FRED quarterly observation date is the first day of the quarter,seasonally_adjusted,FRED,GFDEGDQ188S,Debt to Gross Domestic Product Ratios,docs/phase2-ingestion/data/macro/raw/fred/GFDEGDQ188S-20260823T225548Z.json,docs/phase2-ingestion/data/macro/manifests/GFDEGDQ188S-20260823T225548Z.json,fac9b16416d1cd360f762b78c8c0406cbe3c60093203599dae33dec0408556fb,2026-08-23T22:55:48.275266+00:00,PASS,AVAILABLE,0.1.0
L4-007,2015-07-01,2015,3,98.63595,percent_of_gdp,U.S. federal total public debt divided by GDP,FRED quarterly observation date is the first day of the quarter,seasonally_adjusted,FRED,GFDEGDQ188S,Debt to Gross Domestic Product Ratios,docs/phase2-ingestion/data/macro/raw/fred/GFDEGDQ188S-20260823T225548Z.json,docs/phase2-ingestion/data/macro/manifests/GFDEGDQ188S-20260823T225548Z.json,fac9b16416d1cd360f762b78c8c0406cbe3c60093203599dae33dec0408556fb,2026-08-23T22:55:48.275266+00:00,PASS,AVAILABLE,0.1.0
L4-007,2015-10-01,2015,4,102.64192,percent_of_gdp,U.S. federal total public debt divided by GDP,FRED quarterly observation date is the first day of the quarter,seasonally_adjusted,FRED,GFDEGDQ188S,Debt to Gross Domestic Product Ratios,docs/phase2-ingestion/data/macro/raw/fred/GFDEGDQ188S-20260823T225548Z.json,docs/phase2-ingestion/data/macro/manifests/GFDEGDQ188S-20260823T225548Z.json,fac9b16416d1cd360f762b78c8c0406cbe3c60093203599dae33dec0408556fb,2026-08-23T22:55:48.275266+00:00,PASS,AVAILABLE,0.1.0
L4-007,2016-01-01,2016,1,103.98904,percent_of_gdp,U.S. federal total public debt divided by GDP,FRED quarterly observation date is the first day of the quarter,seasonally_adjusted,FRED,GFDEGDQ188S,Debt to Gross Domestic Product Ratios,docs/phase2-ingestion/data/macro/raw/fred/GFDEGDQ188S-20260823T225548Z.json,docs/phase2-ingestion/data/macro/manifests/GFDEGDQ188S-20260823T225548Z.json,fac9b16416d1cd360f762b78c8c0406cbe3c60093203599dae33dec0408556fb,2026-08-23T22:55:48.275266+00:00,PASS,AVAILABLE,0.1.0
L4-007,2016-04-01,2016,2,103.58005,percent_of_gdp,U.S. federal total public debt divided by GDP,FRED quarterly observation date is the first day of the quarter,seasonally_adjusted,FRED,GFDEGDQ188S,Debt to Gross Domestic Product Ratios,docs/phase2-ingestion/data/macro/raw/fred/GFDEGDQ188S-20260823T225548Z.json,docs/phase2-ingestion/data/macro/manifests/GFDEGDQ188S-20260823T225548Z.json,fac9b16416d1cd360f762b78c8c0406cbe3c60093203599dae33dec0408556fb,2026-08-23T22:55:48.275266+00:00,PASS,AVAILABLE,0.1.0
L4-007,2016-07-01,2016,3,103.60355,percent_of_gdp,U.S. federal total public debt divided by GDP,FRED quarterly observation date is the first day of the quarter,seasonally_adjusted,FRED,GFDEGDQ188S,Debt to Gross Domestic Product Ratios,docs/phase2-ingestion/data/macro/raw/fred/GFDEGDQ188S-20260823T225548Z.json,docs/phase2-ingestion/data/macro/manifests/GFDEGDQ188S-20260823T225548Z.json,fac9b16416d1cd360f762b78c8c0406cbe3c60093203599dae33dec0408556fb,2026-08-23T22:55:48.275266+00:00,PASS,AVAILABLE,0.1.0
L4-007,2016-10-01,2016,4,104.64891,percent_of_gdp,U.S. federal total public debt divided by GDP,FRED quarterly observation date is the first day of the quarter,seasonally_adjusted,FRED,GFDEGDQ188S,Debt to Gross Domestic Product Ratios,docs/phase2-ingestion/data/macro/raw/fred/GFDEGDQ188S-20260823T225548Z.json,docs/phase2-ingestion/data/macro/manifests/GFDEGDQ188S-20260823T225548Z.json,fac9b16416d1cd360f762b78c8c0406cbe3c60093203599dae33dec0408556fb,2026-08-23T22:55:48.275266+00:00,PASS,AVAILABLE,0.1.0
L4-007,2017-01-01,2017,1,102.93741,percent_of_gdp,U.S. federal total public debt divided by GDP,FRED quarterly observation date is the first day of the quarter,seasonally_adjusted,FRED,GFDEGDQ188S,Debt to Gross Domestic Product Ratios,docs/phase2-ingestion/data/macro/raw/fred/GFDEGDQ188S-20260823T225548Z.json,docs/phase2-ingestion/data/macro/manifests/GFDEGDQ188S-20260823T225548Z.json,fac9b16416d1cd360f762b78c8c0406cbe3c60093203599dae33dec0408556fb,2026-08-23T22:55:48.275266+00:00,PASS,AVAILABLE,0.1.0
L4-007,2017-04-01,2017,2,102.08817,percent_of_gdp,U.S. federal total public debt divided by GDP,FRED quarterly observation date is the first day of the quarter,seasonally_adjusted,FRED,GFDEGDQ188S,Debt to Gross Domestic Product Ratios,docs/phase2-ingestion/data/macro/raw/fred/GFDEGDQ188S-20260823T225548Z.json,docs/phase2-ingestion/data/macro/manifests/GFDEGDQ188S-20260823T225548Z.json,fac9b16416d1cd360f762b78c8c0406cbe3c60093203599dae33dec0408556fb,2026-08-23T22:55:48.275266+00:00,PASS,AVAILABLE,0.1.0
L4-007,2017-07-01,2017,3,102.80463,percent_of_gdp,U.S. federal total public debt divided by GDP,FRED quarterly observation date is the first day of the quarter,seasonally_adjusted,FRED,GFDEGDQ188S,Debt to Gross Domestic Product Ratios,docs/phase2-ingestion/data/macro/raw/fred/GFDEGDQ188S-20260823T225548Z.json,docs/phase2-ingestion/data/macro/manifests/GFDEGDQ188S-20260823T225548Z.json,fac9b16416d1cd360f762b78c8c0406cbe3c60093203599dae33dec0408556fb,2026-08-23T22:55:48.275266+00:00,PASS,AVAILABLE,0.1.0
L4-007,2017-10-01,2017,4,102.27408,percent_of_gdp,U.S. federal total public debt divided by GDP,FRED quarterly observation date is the first day of the quarter,seasonally_adjusted,FRED,GFDEGDQ188S,Debt to Gross Domestic Product Ratios,docs/phase2-ingestion/data/macro/raw/fred/GFDEGDQ188S-20260823T225548Z.json,docs/phase2-ingestion/data/macro/manifests/GFDEGDQ188S-20260823T225548Z.json,fac9b16416d1cd360f762b78c8c0406cbe3c60093203599dae33dec0408556fb,2026-08-23T22:55:48.275266+00:00,PASS,AVAILABLE,0.1.0
L4-007,2018-01-01,2018,1,103.74395,percent_of_gdp,U.S. federal total public debt divided by GDP,FRED quarterly observation date is the first day of the quarter,seasonally_adjusted,FRED,GFDEGDQ188S,Debt to Gross Domestic Product Ratios,docs/phase2-ingestion/data/macro/raw/fred/GFDEGDQ188S-20260823T225548Z.json,docs/phase2-ingestion/data/macro/manifests/GFDEGDQ188S-20260823T225548Z.json,fac9b16416d1cd360f762b78c8c0406cbe3c60093203599dae33dec0408556fb,2026-08-23T22:55:48.275266+00:00,PASS,AVAILABLE,0.1.0
L4-007,2018-04-01,2018,2,102.98411,percent_of_gdp,U.S. federal total public debt divided by GDP,FRED quarterly observation date is the first day of the quarter,seasonally_adjusted,FRED,GFDEGDQ188S,Debt to Gross Domestic Product Ratios,docs/phase2-ingestion/data/macro/raw/fred/GFDEGDQ188S-20260823T225548Z.json,docs/phase2-ingestion/data/macro/manifests/GFDEGDQ188S-20260823T225548Z.json,fac9b16416d1cd360f762b78c8c0406cbe3c60093203599dae33dec0408556fb,2026-08-23T22:55:48.275266+00:00,PASS,AVAILABLE,0.1.0
L4-007,2018-07-01,2018,3,103.4489,percent_of_gdp,U.S. federal total public debt divided by GDP,FRED quarterly observation date is the first day of the quarter,seasonally_adjusted,FRED,GFDEGDQ188S,Debt to Gross Domestic Product Ratios,docs/phase2-ingestion/data/macro/raw/fred/GFDEGDQ188S-20260823T225548Z.json,docs/phase2-ingestion/data/macro/manifests/GFDEGDQ188S-20260823T225548Z.json,fac9b16416d1cd360f762b78c8c0406cbe3c60093203599dae33dec0408556fb,2026-08-23T22:55:48.275266+00:00,PASS,AVAILABLE,0.1.0
L4-007,2018-10-01,2018,4,105.04941,percent_of_gdp,U.S. federal total public debt divided by GDP,FRED quarterly observation date is the first day of the quarter,seasonally_adjusted,FRED,GFDEGDQ188S,Debt to Gross Domestic Product Ratios,docs/phase2-ingestion/data/macro/raw/fred/GFDEGDQ188S-20260823T225548Z.json,docs/phase2-ingestion/data/macro/manifests/GFDEGDQ188S-20260823T225548Z.json,fac9b16416d1cd360f762b78c8c0406cbe3c60093203599dae33dec0408556fb,2026-08-23T22:55:48.275266+00:00,PASS,AVAILABLE,0.1.0
L4-007,2019-01-01,2019,1,104.34017,percent_of_gdp,U.S. federal total public debt divided by GDP,FRED quarterly observation date is the first day of the quarter,seasonally_adjusted,FRED,GFDEGDQ188S,Debt to Gross Domestic Product Ratios,docs/phase2-ingestion/data/macro/raw/fred/GFDEGDQ188S-20260823T225548Z.json,docs/phase2-ingestion/data/macro/manifests/GFDEGDQ188S-20260823T225548Z.json,fac9b16416d1cd360f762b78c8c0406cbe3c60093203599dae33dec0408556fb,2026-08-23T22:55:48.275266+00:00,PASS,AVAILABLE,0.1.0
L4-007,2019-04-01,2019,2,102.92245,percent_of_gdp,U.S. federal total public debt divided by GDP,FRED quarterly observation date is the first day of the quarter,seasonally_adjusted,FRED,GFDEGDQ188S,Debt to Gross Domestic Product Ratios,docs/phase2-ingestion/data/macro/raw/fred/GFDEGDQ188S-20260823T225548Z.json,docs/phase2-ingestion/data/macro/manifests/GFDEGDQ188S-20260823T225548Z.json,fac9b16416d1cd360f762b78c8c0406cbe3c60093203599dae33dec0408556fb,2026-08-23T22:55:48.275266+00:00,PASS,AVAILABLE,0.1.0
L4-007,2019-07-01,2019,3,104.61492,percent_of_gdp,U.S. federal total public debt divided by GDP,FRED quarterly observation date is the first day of the quarter,seasonally_adjusted,FRED,GFDEGDQ188S,Debt to Gross Domestic Product Ratios,docs/phase2-ingestion/data/macro/raw/fred/GFDEGDQ188S-20260823T225548Z.json,docs/phase2-ingestion/data/macro/manifests/GFDEGDQ188S-20260823T225548Z.json,fac9b16416d1cd360f762b78c8c0406cbe3c60093203599dae33dec0408556fb,2026-08-23T22:55:48.275266+00:00,PASS,AVAILABLE,0.1.0
L4-007,2019-10-01,2019,4,105.78193,percent_of_gdp,U.S. federal total public debt divided by GDP,FRED quarterly observation date is the first day of the quarter,seasonally_adjusted,FRED,GFDEGDQ188S,Debt to Gross Domestic Product Ratios,docs/phase2-ingestion/data/macro/raw/fred/GFDEGDQ188S-20260823T225548Z.json,docs/phase2-ingestion/data/macro/manifests/GFDEGDQ188S-20260823T225548Z.json,fac9b16416d1cd360f762b78c8c0406cbe3c60093203599dae33dec0408556fb,2026-08-23T22:55:48.275266+00:00,PASS,AVAILABLE,0.1.0
L4-007,2020-01-01,2020,1,106.77007,percent_of_gdp,U.S. federal total public debt divided by GDP,FRED quarterly observation date is the first day of the quarter,seasonally_adjusted,FRED,GFDEGDQ188S,Debt to Gross Domestic Product Ratios,docs/phase2-ingestion/data/macro/raw/fred/GFDEGDQ188S-20260823T225548Z.json,docs/phase2-ingestion/data/macro/manifests/GFDEGDQ188S-20260823T225548Z.json,fac9b16416d1cd360f762b78c8c0406cbe3c60093203599dae33dec0408556fb,2026-08-23T22:55:48.275266+00:00,PASS,AVAILABLE,0.1.0
L4-007,2020-04-01,2020,2,132.66287,percent_of_gdp,U.S. federal total public debt divided by GDP,FRED quarterly observation date is the first day of the quarter,seasonally_adjusted,FRED,GFDEGDQ188S,Debt to Gross Domestic Product Ratios,docs/phase2-ingestion/data/macro/raw/fred/GFDEGDQ188S-20260823T225548Z.json,docs/phase2-ingestion/data/macro/manifests/GFDEGDQ188S-20260823T225548Z.json,fac9b16416d1cd360f762b78c8c0406cbe3c60093203599dae33dec0408556fb,2026-08-23T22:55:48.275266+00:00,PASS,AVAILABLE,0.1.0
L4-007,2020-07-01,2020,3,124.14692,percent_of_gdp,U.S. federal total public debt divided by GDP,FRED quarterly observation date is the first day of the quarter,seasonally_adjusted,FRED,GFDEGDQ188S,Debt to Gross Domestic Product Ratios,docs/phase2-ingestion/data/macro/raw/fred/GFDEGDQ188S-20260823T225548Z.json,docs/phase2-ingestion/data/macro/manifests/GFDEGDQ188S-20260823T225548Z.json,fac9b16416d1cd360f762b78c8c0406cbe3c60093203599dae33dec0408556fb,2026-08-23T22:55:48.275266+00:00,PASS,AVAILABLE,0.1.0
L4-007,2020-10-01,2020,4,125.62864,percent_of_gdp,U.S. federal total public debt divided by GDP,FRED quarterly observation date is the first day of the quarter,seasonally_adjusted,FRED,GFDEGDQ188S,Debt to Gross Domestic Product Ratios,docs/phase2-ingestion/data/macro/raw/fred/GFDEGDQ188S-20260823T225548Z.json,docs/phase2-ingestion/data/macro/manifests/GFDEGDQ188S-20260823T225548Z.json,fac9b16416d1cd360f762b78c8c0406cbe3c60093203599dae33dec0408556fb,2026-08-23T22:55:48.275266+00:00,PASS,AVAILABLE,0.1.0
L4-007,2021-01-01,2021,1,124.03752,percent_of_gdp,U.S. federal total public debt divided by GDP,FRED quarterly observation date is the first day of the quarter,seasonally_adjusted,FRED,GFDEGDQ188S,Debt to Gross Domestic Product Ratios,docs/phase2-ingestion/data/macro/raw/fred/GFDEGDQ188S-20260823T225548Z.json,docs/phase2-ingestion/data/macro/manifests/GFDEGDQ188S-20260823T225548Z.json,fac9b16416d1cd360f762b78c8c0406cbe3c60093203599dae33dec0408556fb,2026-08-23T22:55:48.275266+00:00,PASS,AVAILABLE,0.1.0
L4-007,2021-04-01,2021,2,121.78582,percent_of_gdp,U.S. federal total public debt divided by GDP,FRED quarterly observation date is the first day of the quarter,seasonally_adjusted,FRED,GFDEGDQ188S,Debt to Gross Domestic Product Ratios,docs/phase2-ingestion/data/macro/raw/fred/GFDEGDQ188S-20260823T225548Z.json,docs/phase2-ingestion/data/macro/manifests/GFDEGDQ188S-20260823T225548Z.json,fac9b16416d1cd360f762b78c8c0406cbe3c60093203599dae33dec0408556fb,2026-08-23T22:55:48.275266+00:00,PASS,AVAILABLE,0.1.0
L4-007,2021-07-01,2021,3,118.54086,percent_of_gdp,U.S. federal total public debt divided by GDP,FRED quarterly observation date is the first day of the quarter,seasonally_adjusted,FRED,GFDEGDQ188S,Debt to Gross Domestic Product Ratios,docs/phase2-ingestion/data/macro/raw/fred/GFDEGDQ188S-20260823T225548Z.json,docs/phase2-ingestion/data/macro/manifests/GFDEGDQ188S-20260823T225548Z.json,fac9b16416d1cd360f762b78c8c0406cbe3c60093203599dae33dec0408556fb,2026-08-23T22:55:48.275266+00:00,PASS,AVAILABLE,0.1.0
L4-007,2021-10-01,2021,4,119.3588,percent_of_gdp,U.S. federal total public debt divided by GDP,FRED quarterly observation date is the first day of the quarter,seasonally_adjusted,FRED,GFDEGDQ188S,Debt to Gross Domestic Product Ratios,docs/phase2-ingestion/data/macro/raw/fred/GFDEGDQ188S-20260823T225548Z.json,docs/phase2-ingestion/data/macro/manifests/GFDEGDQ188S-20260823T225548Z.json,fac9b16416d1cd360f762b78c8c0406cbe3c60093203599dae33dec0408556fb,2026-08-23T22:55:48.275266+00:00,PASS,AVAILABLE,0.1.0
L4-007,2022-01-01,2022,1,120.39819,percent_of_gdp,U.S. federal total public debt divided by GDP,FRED quarterly observation date is the first day of the quarter,seasonally_adjusted,FRED,GFDEGDQ188S,Debt to Gross Domestic Product Ratios,docs/phase2-ingestion/data/macro/raw/fred/GFDEGDQ188S-20260823T225548Z.json,docs/phase2-ingestion/data/macro/manifests/GFDEGDQ188S-20260823T225548Z.json,fac9b16416d1cd360f762b78c8c0406cbe3c60093203599dae33dec0408556fb,2026-08-23T22:55:48.275266+00:00,PASS,AVAILABLE,0.1.0
L4-007,2022-04-01,2022,2,118.20207,percent_of_gdp,U.S. federal total public debt divided by GDP,FRED quarterly observation date is the first day of the quarter,seasonally_adjusted,FRED,GFDEGDQ188S,Debt to Gross Domestic Product Ratios,docs/phase2-ingestion/data/macro/raw/fred/GFDEGDQ188S-20260823T225548Z.json,docs/phase2-ingestion/data/macro/manifests/GFDEGDQ188S-20260823T225548Z.json,fac9b16416d1cd360f762b78c8c0406cbe3c60093203599dae33dec0408556fb,2026-08-23T22:55:48.275266+00:00,PASS,AVAILABLE,0.1.0
L4-007,2022-07-01,2022,3,117.43832,percent_of_gdp,U.S. federal total public debt divided by GDP,FRED quarterly observation date is the first day of the quarter,seasonally_adjusted,FRED,GFDEGDQ188S,Debt to Gross Domestic Product Ratios,docs/phase2-ingestion/data/macro/raw/fred/GFDEGDQ188S-20260823T225548Z.json,docs/phase2-ingestion/data/macro/manifests/GFDEGDQ188S-20260823T225548Z.json,fac9b16416d1cd360f762b78c8c0406cbe3c60093203599dae33dec0408556fb,2026-08-23T22:55:48.275266+00:00,PASS,AVAILABLE,0.1.0
L4-007,2022-10-01,2022,4,117.36678,percent_of_gdp,U.S. federal total public debt divided by GDP,FRED quarterly observation date is the first day of the quarter,seasonally_adjusted,FRED,GFDEGDQ188S,Debt to Gross Domestic Product Ratios,docs/phase2-ingestion/data/macro/raw/fred/GFDEGDQ188S-20260823T225548Z.json,docs/phase2-ingestion/data/macro/manifests/GFDEGDQ188S-20260823T225548Z.json,fac9b16416d1cd360f762b78c8c0406cbe3c60093203599dae33dec0408556fb,2026-08-23T22:55:48.275266+00:00,PASS,AVAILABLE,0.1.0
L4-007,2023-01-01,2023,1,115.58614,percent_of_gdp,U.S. federal total public debt divided by GDP,FRED quarterly observation date is the first day of the quarter,seasonally_adjusted,FRED,GFDEGDQ188S,Debt to Gross Domestic Product Ratios,docs/phase2-ingestion/data/macro/raw/fred/GFDEGDQ188S-20260823T225548Z.json,docs/phase2-ingestion/data/macro/manifests/GFDEGDQ188S-20260823T225548Z.json,fac9b16416d1cd360f762b78c8c0406cbe3c60093203599dae33dec0408556fb,2026-08-23T22:55:48.275266+00:00,PASS,AVAILABLE,0.1.0
L4-007,2023-04-01,2023,2,117.44355,percent_of_gdp,U.S. federal total public debt divided by GDP,FRED quarterly observation date is the first day of the quarter,seasonally_adjusted,FRED,GFDEGDQ188S,Debt to Gross Domestic Product Ratios,docs/phase2-ingestion/data/macro/raw/fred/GFDEGDQ188S-20260823T225548Z.json,docs/phase2-ingestion/data/macro/manifests/GFDEGDQ188S-20260823T225548Z.json,fac9b16416d1cd360f762b78c8c0406cbe3c60093203599dae33dec0408556fb,2026-08-23T22:55:48.275266+00:00,PASS,AVAILABLE,0.1.0
L4-007,2023-07-01,2023,3,118.13897,percent_of_gdp,U.S. federal total public debt divided by GDP,FRED quarterly observation date is the first day of the quarter,seasonally_adjusted,FRED,GFDEGDQ188S,Debt to Gross Domestic Product Ratios,docs/phase2-ingestion/data/macro/raw/fred/GFDEGDQ188S-20260823T225548Z.json,docs/phase2-ingestion/data/macro/manifests/GFDEGDQ188S-20260823T225548Z.json,fac9b16416d1cd360f762b78c8c0406cbe3c60093203599dae33dec0408556fb,2026-08-23T22:55:48.275266+00:00,PASS,AVAILABLE,0.1.0
L4-007,2023-10-01,2023,4,119.61944,percent_of_gdp,U.S. federal total public debt divided by GDP,FRED quarterly observation date is the first day of the quarter,seasonally_adjusted,FRED,GFDEGDQ188S,Debt to Gross Domestic Product Ratios,docs/phase2-ingestion/data/macro/raw/fred/GFDEGDQ188S-20260823T225548Z.json,docs/phase2-ingestion/data/macro/manifests/GFDEGDQ188S-20260823T225548Z.json,fac9b16416d1cd360f762b78c8c0406cbe3c60093203599dae33dec0408556fb,2026-08-23T22:55:48.275266+00:00,PASS,AVAILABLE,0.1.0
L4-007,2024-01-01,2024,1,120.47631,percent_of_gdp,U.S. federal total public debt divided by GDP,FRED quarterly observation date is the first day of the quarter,seasonally_adjusted,FRED,GFDEGDQ188S,Debt to Gross Domestic Product Ratios,docs/phase2-ingestion/data/macro/raw/fred/GFDEGDQ188S-20260823T225548Z.json,docs/phase2-ingestion/data/macro/manifests/GFDEGDQ188S-20260823T225548Z.json,fac9b16416d1cd360f762b78c8c0406cbe3c60093203599dae33dec0408556fb,2026-08-23T22:55:48.275266+00:00,PASS,AVAILABLE,0.1.0
L4-007,2024-04-01,2024,2,119.50314,percent_of_gdp,U.S. federal total public debt divided by GDP,FRED quarterly observation date is the first day of the quarter,seasonally_adjusted,FRED,GFDEGDQ188S,Debt to Gross Domestic Product Ratios,docs/phase2-ingestion/data/macro/raw/fred/GFDEGDQ188S-20260823T225548Z.json,docs/phase2-ingestion/data/macro/manifests/GFDEGDQ188S-20260823T225548Z.json,fac9b16416d1cd360f762b78c8c0406cbe3c60093203599dae33dec0408556fb,2026-08-23T22:55:48.275266+00:00,PASS,AVAILABLE,0.1.0
L4-007,2024-07-01,2024,3,120.17172,percent_of_gdp,U.S. federal total public debt divided by GDP,FRED quarterly observation date is the first day of the quarter,seasonally_adjusted,FRED,GFDEGDQ188S,Debt to Gross Domestic Product Ratios,docs/phase2-ingestion/data/macro/raw/fred/GFDEGDQ188S-20260823T225548Z.json,docs/phase2-ingestion/data/macro/manifests/GFDEGDQ188S-20260823T225548Z.json,fac9b16416d1cd360f762b78c8c0406cbe3c60093203599dae33dec0408556fb,2026-08-23T22:55:48.275266+00:00,PASS,AVAILABLE,0.1.0
L4-007,2024-10-01,2024,4,121.43633,percent_of_gdp,U.S. federal total public debt divided by GDP,FRED quarterly observation date is the first day of the quarter,seasonally_adjusted,FRED,GFDEGDQ188S,Debt to Gross Domestic Product Ratios,docs/phase2-ingestion/data/macro/raw/fred/GFDEGDQ188S-20260823T225548Z.json,docs/phase2-ingestion/data/macro/manifests/GFDEGDQ188S-20260823T225548Z.json,fac9b16416d1cd360f762b78c8c0406cbe3c60093203599dae33dec0408556fb,2026-08-23T22:55:48.275266+00:00,PASS,AVAILABLE,0.1.0
L4-007,2025-01-01,2025,1,120.54515,percent_of_gdp,U.S. federal total public debt divided by GDP,FRED quarterly observation date is the first day of the quarter,seasonally_adjusted,FRED,GFDEGDQ188S,Debt to Gross Domestic Product Ratios,docs/phase2-ingestion/data/macro/raw/fred/GFDEGDQ188S-20260823T225548Z.json,docs/phase2-ingestion/data/macro/manifests/GFDEGDQ188S-20260823T225548Z.json,fac9b16416d1cd360f762b78c8c0406cbe3c60093203599dae33dec0408556fb,2026-08-23T22:55:48.275266+00:00,PASS,AVAILABLE,0.1.0
L4-007,2025-04-01,2025,2,118.78171,percent_of_gdp,U.S. federal total public debt divided by GDP,FRED quarterly observation date is the first day of the quarter,seasonally_adjusted,FRED,GFDEGDQ188S,Debt to Gross Domestic Product Ratios,docs/phase2-ingestion/data/macro/raw/fred/GFDEGDQ188S-20260823T225548Z.json,docs/phase2-ingestion/data/macro/manifests/GFDEGDQ188S-20260823T225548Z.json,fac9b16416d1cd360f762b78c8c0406cbe3c60093203599dae33dec0408556fb,2026-08-23T22:55:48.275266+00:00,PASS,AVAILABLE,0.1.0
L4-007,2025-07-01,2025,3,121.02875,percent_of_gdp,U.S. federal total public debt divided by GDP,FRED quarterly observation date is the first day of the quarter,seasonally_adjusted,FRED,GFDEGDQ188S,Debt to Gross Domestic Product Ratios,docs/phase2-ingestion/data/macro/raw/fred/GFDEGDQ188S-20260823T225548Z.json,docs/phase2-ingestion/data/macro/manifests/GFDEGDQ188S-20260823T225548Z.json,fac9b16416d1cd360f762b78c8c0406cbe3c60093203599dae33dec0408556fb,2026-08-23T22:55:48.275266+00:00,PASS,AVAILABLE,0.1.0
L4-007,2025-10-01,2025,4,122.56815,percent_of_gdp,U.S. federal total public debt divided by GDP,FRED quarterly observation date is the first day of the quarter,seasonally_adjusted,FRED,GFDEGDQ188S,Debt to Gross Domestic Product Ratios,docs/phase2-ingestion/data/macro/raw/fred/GFDEGDQ188S-20260823T225548Z.json,docs/phase2-ingestion/data/macro/manifests/GFDEGDQ188S-20260823T225548Z.json,fac9b16416d1cd360f762b78c8c0406cbe3c60093203599dae33dec0408556fb,2026-08-23T22:55:48.275266+00:00,PASS,AVAILABLE,0.1.0
L4-007,2026-01-01,2026,1,122.59387,percent_of_gdp,U.S. federal total public debt divided by GDP,FRED quarterly observation date is the first day of the quarter,seasonally_adjusted,FRED,GFDEGDQ188S,Debt to Gross Domestic Product Ratios,docs/phase2-ingestion/data/macro/raw/fred/GFDEGDQ188S-20260823T225548Z.json,docs/phase2-ingestion/data/macro/manifests/GFDEGDQ188S-20260823T225548Z.json,fac9b16416d1cd360f762b78c8c0406cbe3c60093203599dae33dec0408556fb,2026-08-23T22:55:48.275266+00:00,PASS,AVAILABLE,0.1.0
