"WHEAT-SRW - CHICAGO BOARD OF TRADE",260825,2026-08-25,001602,CBT ,00,001 ,  443531,   50985,  124433,   95424,   14501,    8156,   87501,  101098,  102791,   33711,   26893,   30505,  409073,  408377,   34458,   35154,  400188,   48303,  105501,   86779,   13921,    7557,   83228,  109370,   84236,   35987,   28145,   22611,  368701,  371341,   31487,   28847,   43343,    2682,   18932,    9147,    1082,      97,   21647,    9102,    1181,    3377,    4401,    2241,   40372,   37036,    2971,    6307,  -13617,     230,    7225,   -1455,     456,   -6476,    8590,   -3141,   -5925,   -2063,   -2318,   -3790,  -10889,  -13969,   -2728,     352,  100.0,   11.5,   28.1,   21.5,    3.3,    1.8,   19.7,   22.8,   23.2,    7.6,    6.1,    6.9,   92.2,   92.1,    7.8,    7.9,  100.0,   12.1,   26.4,   21.7,    3.5,    1.9,   20.8,   27.3,   21.0,    9.0,    7.0,    5.7,   92.1,   92.8,    7.9,    7.2,  100.0,    6.2,   43.7,   21.1,    2.5,    0.2,   49.9,   21.0,    2.7,    7.8,   10.2,    5.2,   93.1,   85.4,    6.9,   14.6,    408,     64,     95,     26,      7,     11,     75,     55,     67,     74,     44,     54,    307,    281,    404,     58,     93,     24,      9,     10,     73,     56,     64,     75,     45,     49,    295,    272,    175,     16,     70,     15,      7,.,     24,     16,      7,     11,     26,     15,     78,    132,    12.2,    15.1,    20.2,    25.8,     8.8,     9.5,    15.4,    16.1,    13.4,    16.2,    20.4,    28.0,     8.2,    11.3,    14.9,    18.9,    32.7,    22.4,    50.1,    34.6,    32.7,    21.9,    48.6,    32.9,"(CONTRACTS OF 5,000 BUSHELS)","001602","CBT ","001 ","A10","FutOnly"
"WHEAT-HRW - CHICAGO BOARD OF TRADE",260825,2026-08-25,001612,CBT ,00,001 ,  294391,   18650,  120343,   80335,    1110,    4944,   76033,   33519,   66590,    6095,   26464,   21391,  274038,  274361,   20353,   20030,  269141,   16334,  110434,   75340,    1580,    3258,   74977,   37819,   56345,    7820,   26707,   17102,  251176,  253245,   17965,   15896,   25250,    2316,    9909,    6681,    1216,       0,   10714,    5358,     587,    1350,    2832,    1214,   22862,   21116,    2388,    4134,    5658,   -1058,    4497,    -646,     -55,     204,    8523,   -2494,    1834,   -2721,    2225,     291,    6427,    6502,    -769,    -844,  100.0,    6.3,   40.9,   27.3,    0.4,    1.7,   25.8,   11.4,   22.6,    2.1,    9.0,    7.3,   93.1,   93.2,    6.9,    6.8,  100.0,    6.1,   41.0,   28.0,    0.6,    1.2,   27.9,   14.1,   20.9,    2.9,    9.9,    6.4,   93.3,   94.1,    6.7,    5.9,  100.0,    9.2,   39.2,   26.5,    4.8,    0.0,   42.4,   21.2,    2.3,    5.3,   11.2,    4.8,   90.5,   83.6,    9.5,   16.4,    281,     45,     86,     22,.,      9,     62,     31,     47,     24,     39,     38,    203,    210,    279,     42,     83,     21,      4,      7,     60,     33,     45,     29,     37,     37,    197,    204,    140,     11,     63,     12,      5,      0,     18,     12,      6,      7,     20,      9,     58,    106,    14.2,    15.4,    24.4,    26.1,    11.2,    12.3,    19.7,    18.4,    15.2,    16.7,    25.8,    28.3,    11.7,    13.6,    20.4,    20.4,    34.7,    25.8,    47.9,    36.4,    34.7,    21.6,    47.4,    30.9,"(CONTRACTS OF 5,000 BUSHELS)","001612","CBT ","001 ","A10","FutOnly"
"WHEAT-HRSpring - MIAX FUTURES EXCHANGE",260825,2026-08-25,001626,MGE ,00,001 ,   74071,   32251,   54083,    6879,     150,      80,   19656,    5971,    1758,    1353,    1143,    2497,   64474,   65682,    9597,    8389,   73271,   31933,   53435,    6765,     150,      80,   19489,    5970,    1758,    1296,    1192,    2423,   63744,   65008,    9527,    8263,     800,     318,     648,     114,       0,       0,     167,       1,       0,     109,       3,      22,     730,     674,      70,     126,   -4603,   -4790,   -2421,    -795,     150,       0,    1093,    -929,    -879,     -95,    -130,     293,   -5173,   -3916,     570,    -687,  100.0,   43.5,   73.0,    9.3,    0.2,    0.1,   26.5,    8.1,    2.4,    1.8,    1.5,    3.4,   87.0,   88.7,   13.0,   11.3,  100.0,   43.6,   72.9,    9.2,    0.2,    0.1,   26.6,    8.1,    2.4,    1.8,    1.6,    3.3,   87.0,   88.7,   13.0,   11.3,  100.0,   39.8,   81.0,   14.3,    0.0,    0.0,   20.9,    0.1,    0.0,   13.6,    0.4,    2.8,   91.3,   84.3,    8.8,   15.8,    112,     48,     39,      8,.,      6,     18,      9,     10,      6,      5,      6,     88,     71,    112,     48,     39,      8,.,      6,     18,      9,     10,      5,      8,      6,     88,     71,     32,      5,     20,.,      0,      0,.,.,      0,.,.,.,     12,     23,    26.0,    32.4,    39.1,    51.1,    26.0,    32.2,    38.8,    49.7,    26.2,    32.4,    39.4,    51.3,    26.2,    32.3,    39.0,    50.1,    63.1,    48.9,    84.0,    67.4,    60.4,    48.9,    80.8,    67.4,"(CONTRACTS OF 5,000 BUSHELS)","001626","MGE ","001 ","A10","FutOnly"
"CORN - CHICAGO BOARD OF TRADE",260825,2026-08-25,002602,CBT ,00,002 , 1707706,  286373, 1007227,  372889,   26643,   10344,  411762,   94314,  199639,  181250,   57783,  114369, 1576626, 1510319,  131080,  197387,   93539,   55015,   44676,    6442,    2443,     160,   10146,    7869,      86,    6345,   27312,     163,   78357,   82709,   15182,   10830, 1614167,  231358,  962551,  369365,   27118,    7266,  408323,   93152,  192846,  201817,   57383,   87294, 1498269, 1427610,  115898,  186557,  -20297,  -41080,   90334,    5520,    3114,   -5422,   90287,  -45469,  -10457,   -7070,  -10087,  -53863,  -22085,  -31850,    1788,   11553,  100.0,   16.8,   59.0,   21.8,    1.6,    0.6,   24.1,    5.5,   11.7,   10.6,    3.4,    6.7,   92.3,   88.4,    7.7,   11.6,  100.0,   58.8,   47.8,    6.9,    2.6,    0.2,   10.8,    8.4,    0.1,    6.8,   29.2,    0.2,   83.8,   88.4,   16.2,   11.6,  100.0,   14.3,   59.6,   22.9,    1.7,    0.5,   25.3,    5.8,   11.9,   12.5,    3.6,    5.4,   92.8,   88.4,    7.2,   11.6,    869,    287,    366,     32,      9,     18,    111,     42,     85,    117,     94,     87,    635,    629,    416,    152,    189,     10,      7,.,     13,     15,.,     30,     38,.,    210,    251,    864,    225,    358,     31,      8,     16,    111,     44,     85,    121,     93,     79,    565,    616,    10.4,    11.5,    18.0,    18.9,    10.2,    11.0,    17.5,    18.0,    14.5,    22.0,    26.4,    32.5,    14.5,    22.0,    26.2,    32.3,    11.0,    11.7,    19.0,    19.5,    10.7,    11.4,    18.5,    18.8,"(CONTRACTS OF 5,000 BUSHELS)","002602","CBT ","002 ","A10","FutOnly"
"SOYBEANS - CHICAGO BOARD OF TRADE",260825,2026-08-25,005602,CBT ,00,005 ,  972531,  291493,  595889,  145836,   41376,    9064,  239335,   38656,  114580,   64184,   43436,   63168,  927660,  906169,   44871,   66362,  931616,  276401,  572892,  145092,   40539,    7846,  233386,   39824,  107525,   63187,   42954,   56678,  890115,  868258,   41501,   63358,   40915,   15092,   22997,    1810,    1903,     152,   10370,    3253,    2634,    3128,    2613,    4359,   37545,   37911,    3370,    3004,  -17198,  -20486,   10244,    4618,    4187,   -3436,   41889,   -7008,  -15547,  -16443,    1988,   -7267,  -16672,  -16839,    -526,    -359,  100.0,   30.0,   61.3,   15.0,    4.3,    0.9,   24.6,    4.0,   11.8,    6.6,    4.5,    6.5,   95.4,   93.2,    4.6,    6.8,  100.0,   29.7,   61.5,   15.6,    4.4,    0.8,   25.1,    4.3,   11.5,    6.8,    4.6,    6.1,   95.5,   93.2,    4.5,    6.8,  100.0,   36.9,   56.2,    4.4,    4.7,    0.4,   25.3,    8.0,    6.4,    7.6,    6.4,   10.7,   91.8,   92.7,    8.2,    7.3,    627,    156,    257,     25,     17,     18,    105,     32,     70,     74,     79,     75,    434,    486,    627,    155,    257,     25,     17,     17,    104,     35,     69,     75,     78,     73,    431,    484,    242,     24,    139,      8,      8,.,     16,     10,.,      9,     31,     13,     70,    195,    11.7,    17.6,    19.5,    28.7,    11.3,    15.8,    18.6,    24.6,    12.2,    17.7,    20.2,    28.4,    11.8,    15.8,    19.4,    24.8,    34.6,    38.9,    50.9,    54.5,    34.3,    38.9,    49.5,    50.6,"(CONTRACTS OF 5,000 BUSHELS)","005602","CBT ","005 ","A30","FutOnly"
"MINI SOYBEANS - CHICAGO BOARD OF TRADE",260825,2026-08-25,005603,CBT ,00,005 ,   26971,       8,   11212,       0,       0,       0,       0,       0,       0,   23303,    1425,     651,   23962,   13288,    3009,   13683,   25395,       8,   10105,       0,       0,       0,       0,       0,       0,   22557,    1412,     651,   23216,   12168,    2179,   13227,    1576,       0,    1107,       0,       0,       0,       0,       0,       0,     746,      13,       0,     746,    1120,     830,     456,     517,      -4,      27,       0,       0,       0,       0,       0,       0,    1001,     -55,     285,    1282,     257,    -765,     260,  100.0,    0.0,   41.6,    0.0,    0.0,    0.0,    0.0,    0.0,    0.0,   86.4,    5.3,    2.4,   88.8,   49.3,   11.2,   50.7,  100.0,    0.0,   39.8,    0.0,    0.0,    0.0,    0.0,    0.0,    0.0,   88.8,    5.6,    2.6,   91.4,   47.9,    8.6,   52.1,  100.0,    0.0,   70.2,    0.0,    0.0,    0.0,    0.0,    0.0,    0.0,   47.3,    0.8,    0.0,   47.3,   71.1,   52.7,   28.9,     28,.,     16,      0,      0,      0,      0,      0,      0,      7,      5,      6,     10,     26,     28,.,     16,      0,      0,      0,      0,      0,      0,      7,      5,      6,     10,     26,     19,      0,     14,      0,      0,      0,      0,      0,      0,.,.,      0,.,     16,    81.0,    31.2,    88.8,    36.7,    79.8,    30.4,    86.4,    35.9,    84.4,    29.0,    91.4,    34.8,    83.1,    28.2,    88.8,    33.9,    47.3,    67.3,    47.3,    69.2,    47.3,    67.3,    47.3,    69.2,"(Contracts of 1,000 Bushels)","005603","CBT ","005 ","A30","FutOnly"
"NJ SRECS - ICE FUTURES ENERGY DIV",260825,2026-08-25,0063CC,IFED,01,006 ,  127519,   92055,   72898,    7000,    3070,       0,       0,     990,       0,   26534,   48631,    1930,  127519,  127519,       0,       0,  127519,   92055,   72898,    7000,    3070,       0,       0,     990,       0,   26534,   48631,    1930,  127519,  127519,       0,       0,       0,       0,       0,       0,       0,       0,       0,       0,       0,       0,       0,       0,       0,       0,       0,       0,    1500,    1500,     600,       0,       0,       0,       0,       0,       0,       0,     900,       0,    1500,    1500,       0,       0,  100.0,   72.2,   57.2,    5.5,    2.4,    0.0,    0.0,    0.8,    0.0,   20.8,   38.1,    1.5,  100.0,  100.0,    0.0,    0.0,  100.0,   72.2,   57.2,    5.5,    2.4,    0.0,    0.0,    0.8,    0.0,   20.8,   38.1,    1.5,  100.0,  100.0,    0.0,    0.0,  100.0,    0.0,    0.0,    0.0,    0.0,    0.0,    0.0,    0.0,    0.0,    0.0,    0.0,    0.0,    0.0,    0.0,    0.0,    0.0,     36,     17,      7,.,.,      0,      0,.,      0,      4,      6,.,     23,     19,     36,     17,      7,.,.,      0,      0,.,      0,      4,      6,.,     23,     19,      0,      0,      0,      0,      0,      0,      0,      0,      0,      0,      0,      0,      0,      0,    53.7,    86.7,    77.7,    94.3,    53.7,    86.7,    77.7,    92.7,    53.7,    86.7,    77.7,    94.3,    53.7,    86.7,    77.7,    92.7,     0.0,     0.0,     0.0,     0.0,     0.0,     0.0,     0.0,     0.0,"(10 SRECs)","0063CC","IFED","006 ","N60","FutOnly"
"PJM TRI-RECs CLASS 1  - ICE FUTURES ENERGY DIV",260825,2026-08-25,0063CH,IFED,01,006 ,  245483,  179810,  164571,    7965,     245,       0,     688,    5506,     144,   31356,   49497,   25520,  245483,  245483,       0,       0,  245483,  179810,  164571,    7965,     245,       0,     688,    5506,     144,   31356,   49497,   25520,  245483,  245483,       0,       0,       0,       0,       0,       0,       0,       0,       0,       0,       0,       0,       0,       0,       0,       0,       0,       0,     908,     768,     648,       0,       0,       0,     100,       0,       0,    -485,    -265,     525,     908,     908,       0,       0,  100.0,   73.2,   67.0,    3.2,    0.1,    0.0,    0.3,    2.2,    0.1,   12.8,   20.2,   10.4,  100.0,  100.0,    0.0,    0.0,  100.0,   73.2,   67.0,    3.2,    0.1,    0.0,    0.3,    2.2,    0.1,   12.8,   20.2,   10.4,  100.0,  100.0,    0.0,    0.0,  100.0,    0.0,    0.0,    0.0,    0.0,    0.0,    0.0,    0.0,    0.0,    0.0,    0.0,    0.0,    0.0,    0.0,    0.0,    0.0,     50,     20,     17,.,.,      0,      4,.,.,      7,      7,      8,     37,     32,     50,     20,     17,.,.,      0,      4,.,.,      7,      7,      8,     37,     32,      0,      0,      0,      0,      0,      0,      0,      0,      0,      0,      0,      0,      0,      0,    48.5,    56.7,    71.4,    74.2,    40.8,    56.7,    62.9,    71.1,    48.5,    56.7,    71.4,    74.2,    40.8,    56.7,    62.9,    71.1,     0.0,     0.0,     0.0,     0.0,     0.0,     0.0,     0.0,     0.0,"(100 MWh of renewable energy certificates)","0063CH","IFED","006 ","N60","FutOnly"
"CALIF LOW CARBON FSC-OPIS  - ICE FUTURES ENERGY DIV",260825,2026-08-25,0063CU,IFED,01,006 ,  121195,    7324,   90788,   41385,    3493,       0,   68373,       0,    1134,    2665,   25487,     293,  121174,  121195,      21,       0,  121195,    7324,   90788,   41385,    3493,       0,   68373,       0,    1134,    2665,   25487,     293,  121174,  121195,      21,       0,       0,       0,       0,       0,       0,       0,       0,       0,       0,       0,       0,       0,       0,       0,       0,       0,     218,     544,   -1105,    1673,     555,       0,   -2131,       0,       0,     198,     818,     -50,     234,     218,     -16,       0,  100.0,    6.0,   74.9,   34.1,    2.9,    0.0,   56.4,    0.0,    0.9,    2.2,   21.0,    0.2,  100.0,  100.0,    0.0,    0.0,  100.0,    6.0,   74.9,   34.1,    2.9,    0.0,   56.4,    0.0,    0.9,    2.2,   21.0,    0.2,  100.0,  100.0,    0.0,    0.0,  100.0,    0.0,    0.0,    0.0,    0.0,    0.0,    0.0,    0.0,    0.0,    0.0,    0.0,    0.0,    0.0,    0.0,    0.0,    0.0,     52,     10,      9,.,.,      0,     16,      0,.,     10,      5,.,     40,     17,     52,     10,      9,.,.,      0,     16,      0,.,     10,      5,.,     40,     17,      0,      0,      0,      0,      0,      0,      0,      0,      0,      0,      0,      0,      0,      0,    65.4,    81.1,    81.2,    95.4,    65.4,    80.4,    81.2,    94.7,    65.4,    81.1,    81.2,    95.4,    65.4,    80.4,    81.2,    94.7,     0.0,     0.0,     0.0,     0.0,     0.0,     0.0,     0.0,     0.0,"(100 LCFS Credits- each of 1 MT)","0063CU","IFED","006 ","N60","FutOnly"
"D6 RINs OPIS CURRENT YEAR - ICE FUTURES ENERGY DIV",260825,2026-08-25,0063CW,IFED,01,006 ,   30939,    5657,    7999,    1485,    2506,     200,    2855,    2017,    2250,   11372,    8685,    7016,   30835,   30673,     104,     266,   30939,    5657,    7999,    1485,    2506,     200,    2855,    2017,    2250,   11372,    8685,    7016,   30835,   30673,     104,     266,       0,       0,       0,       0,       0,       0,       0,       0,       0,       0,       0,       0,       0,       0,       0,       0,    -543,    1229,      34,    -841,      22,    -172,   -1362,     957,    -849,    2396,     414,    -906,    -505,    -500,     -38,     -43,  100.0,   18.3,   25.9,    4.8,    8.1,    0.6,    9.2,    6.5,    7.3,   36.8,   28.1,   22.7,   99.7,   99.1,    0.3,    0.9,  100.0,   18.3,   25.9,    4.8,    8.1,    0.6,    9.2,    6.5,    7.3,   36.8,   28.1,   22.7,   99.7,   99.1,    0.3,    0.9,  100.0,    0.0,    0.0,    0.0,    0.0,    0.0,    0.0,    0.0,    0.0,    0.0,    0.0,    0.0,    0.0,    0.0,    0.0,    0.0,     78,      6,     14,.,.,.,      7,      7,      5,     20,     21,     13,     46,     55,     78,      6,     14,.,.,.,      7,      7,      5,     20,     21,     13,     46,     55,      0,      0,      0,      0,      0,      0,      0,      0,      0,      0,      0,      0,      0,      0,    54.5,    40.9,    75.9,    61.7,    40.4,    30.3,    54.7,    42.6,    54.5,    40.9,    75.9,    61.7,    40.4,    30.3,    54.7,    42.6,     0.0,     0.0,     0.0,     0.0,     0.0,     0.0,     0.0,     0.0,"(50,000 RINs)","0063CW","IFED","006 ","N60","FutOnly"
"PA SOLAR ALTER ENERGY CREDIT - ICE FUTURES ENERGY DIV",260825,2026-08-25,0063DA,IFED,01,006 ,   24210,    9495,   23410,     215,       0,       0,       0,       0,       0,   14500,     800,       0,   24210,   24210,       0,       0,   24210,    9495,   23410,     215,       0,       0,       0,       0,       0,   14500,     800,       0,   24210,   24210,       0,       0,       0,       0,       0,       0,       0,       0,       0,       0,       0,       0,       0,       0,       0,       0,       0,       0,       0,       0,       0,       0,       0,       0,       0,       0,       0,       0,       0,       0,       0,       0,       0,       0,  100.0,   39.2,   96.7,    0.9,    0.0,    0.0,    0.0,    0.0,    0.0,   59.9,    3.3,    0.0,  100.0,  100.0,    0.0,    0.0,  100.0,   39.2,   96.7,    0.9,    0.0,    0.0,    0.0,    0.0,    0.0,   59.9,    3.3,    0.0,  100.0,  100.0,    0.0,    0.0,  100.0,    0.0,    0.0,    0.0,    0.0,    0.0,    0.0,    0.0,    0.0,    0.0,    0.0,    0.0,    0.0,    0.0,    0.0,    0.0,     20,      9,      4,.,      0,      0,      0,      0,      0,      5,.,      0,     15,      6,     20,      9,      4,.,      0,      0,      0,      0,      0,      5,.,      0,     15,      6,      0,      0,      0,      0,      0,      0,      0,      0,      0,      0,      0,      0,      0,      0,    67.5,    97.5,    87.4,   100.0,    67.5,    94.6,    85.3,    95.9,    67.5,    97.5,    87.4,   100.0,    67.5,    94.6,    85.3,    95.9,     0.0,     0.0,     0.0,     0.0,     0.0,     0.0,     0.0,     0.0,"(10 PA SRECs)","0063DA","IFED","006 ","N60","FutOnly"
"CALIF CARBON CURRENT AUCTION - ICE FUTURES ENERGY DIV",260825,2026-08-25,0063DB,IFED,01,006 ,   66710,   14977,    7994,   20885,   18155,     950,    5724,   12257,    2781,   13078,   16301,    8272,   66667,   66710,      43,       0,   66710,   14977,    7994,   20885,   18155,     950,    5724,   12257,    2781,   13078,   16301,    8272,   66667,   66710,      43,       0,       0,       0,       0,       0,       0,       0,       0,       0,       0,       0,       0,       0,       0,       0,       0,       0,    1970,    1084,     263,   -1725,     325,     225,     -25,      66,       0,     149,   -1169,    2260,    1968,    1970,       2,       0,  100.0,   22.5,   12.0,   31.3,   27.2,    1.4,    8.6,   18.4,    4.2,   19.6,   24.4,   12.4,   99.9,  100.0,    0.1,    0.0,  100.0,   22.5,   12.0,   31.3,   27.2,    1.4,    8.6,   18.4,    4.2,   19.6,   24.4,   12.4,   99.9,  100.0,    0.1,    0.0,  100.0,    0.0,    0.0,    0.0,    0.0,    0.0,    0.0,    0.0,    0.0,    0.0,    0.0,    0.0,    0.0,    0.0,    0.0,    0.0,     56,     16,      9,      5,.,.,      7,.,.,     12,      8,     10,     50,     28,     56,     16,      9,      5,.,.,      7,.,.,     12,      8,     10,     50,     28,      0,      0,      0,      0,      0,      0,      0,      0,      0,      0,      0,      0,      0,      0,    42.9,    70.0,    60.4,    84.2,    42.4,    60.9,    56.3,    71.6,    42.9,    70.0,    60.4,    84.2,    42.4,    60.9,    56.3,    71.6,     0.0,     0.0,     0.0,     0.0,     0.0,     0.0,     0.0,     0.0,"(1,000 California carbon allowances)","0063DB","IFED","006 ","N60","FutOnly"
"D4 BIODIESEL RINs OPIS CURR YR - ICE FUTURES ENERGY DIV",260825,2026-08-25,0063DG,IFED,01,006 ,   16411,    2723,    6682,    1879,    2071,     351,    2954,      40,     933,    3826,    2740,    3483,   16149,   16300,     262,     111,   16411,    2723,    6682,    1879,    2071,     351,    2954,      40,     933,    3826,    2740,    3483,   16149,   16300,     262,     111,       0,       0,       0,       0,       0,       0,       0,       0,       0,       0,       0,       0,       0,       0,       0,       0,     -62,    -200,     387,     498,     229,      21,     978,    -665,    -298,   -1646,    -299,     590,     -57,     -35,      -5,     -27,  100.0,   16.6,   40.7,   11.4,   12.6,    2.1,   18.0,    0.2,    5.7,   23.3,   16.7,   21.2,   98.4,   99.3,    1.6,    0.7,  100.0,   16.6,   40.7,   11.4,   12.6,    2.1,   18.0,    0.2,    5.7,   23.3,   16.7,   21.2,   98.4,   99.3,    1.6,    0.7,  100.0,    0.0,    0.0,    0.0,    0.0,    0.0,    0.0,    0.0,    0.0,    0.0,    0.0,    0.0,    0.0,    0.0,    0.0,    0.0,     63,     13,     11,.,.,.,     10,.,.,     16,     13,      9,     47,     34,     63,     13,     11,.,.,.,     10,.,.,     16,     13,      9,     47,     34,      0,      0,      0,      0,      0,      0,      0,      0,      0,      0,      0,      0,      0,      0,    44.8,    54.3,    61.5,    71.5,    26.5,    43.9,    39.8,    56.5,    44.8,    54.3,    61.5,    71.5,    26.5,    43.9,    39.8,    56.5,     0.0,     0.0,     0.0,     0.0,     0.0,     0.0,     0.0,     0.0,"(50,000 RINs)","0063DG","IFED","006 ","N60","FutOnly"
"CT RECs CLASS 1  - ICE FUTURES ENERGY DIV",260825,2026-08-25,0063DK,IFED,01,006 ,    8775,    5725,    6171,     600,     750,       0,       0,     100,       0,    2450,    1754,       0,    8775,    8775,       0,       0,    8775,    5725,    6171,     600,     750,       0,       0,     100,       0,    2450,    1754,       0,    8775,    8775,       0,       0,       0,       0,       0,       0,       0,       0,       0,       0,       0,       0,       0,       0,       0,       0,       0,       0,       0,       0,       0,       0,       0,       0,       0,       0,       0,       0,       0,       0,       0,       0,       0,       0,  100.0,   65.2,   70.3,    6.8,    8.5,    0.0,    0.0,    1.1,    0.0,   27.9,   20.0,    0.0,  100.0,  100.0,    0.0,    0.0,  100.0,   65.2,   70.3,    6.8,    8.5,    0.0,    0.0,    1.1,    0.0,   27.9,   20.0,    0.0,  100.0,  100.0,    0.0,    0.0,  100.0,    0.0,    0.0,    0.0,    0.0,    0.0,    0.0,    0.0,    0.0,    0.0,    0.0,    0.0,    0.0,    0.0,    0.0,    0.0,     20,      7,      8,.,.,      0,      0,.,      0,.,.,      0,      9,     13,     20,      7,      8,.,.,      0,      0,.,      0,.,.,      0,      9,     13,      0,      0,      0,      0,      0,      0,      0,      0,      0,      0,      0,      0,      0,      0,    73.5,    62.6,    97.7,    90.9,    69.0,    62.6,    92.3,    88.3,    73.5,    62.6,    97.7,    90.9,    69.0,    62.6,    92.3,    88.3,     0.0,     0.0,     0.0,     0.0,     0.0,     0.0,     0.0,     0.0,"(100 MWh of Class 1 Renewable Energy Certificates)","0063DK","IFED","006 ","N60","FutOnly"
"MASS COMPLIANCE RECs CLASS 1  - ICE FUTURES ENERGY DIV",260825,2026-08-25,0063DL,IFED,01,006 ,   20879,   20579,    9939,       0,       0,       0,       0,       0,       0,       0,   10640,     300,   20879,   20879,       0,       0,   20879,   20579,    9939,       0,       0,       0,       0,       0,       0,       0,   10640,     300,   20879,   20879,       0,       0,       0,       0,       0,       0,       0,       0,       0,       0,       0,       0,       0,       0,       0,       0,       0,       0,       0,       0,       0,       0,       0,       0,       0,       0,       0,       0,       0,       0,       0,       0,       0,       0,  100.0,   98.6,   47.6,    0.0,    0.0,    0.0,    0.0,    0.0,    0.0,    0.0,   51.0,    1.4,  100.0,  100.0,    0.0,    0.0,  100.0,   98.6,   47.6,    0.0,    0.0,    0.0,    0.0,    0.0,    0.0,    0.0,   51.0,    1.4,  100.0,  100.0,    0.0,    0.0,  100.0,    0.0,    0.0,    0.0,    0.0,    0.0,    0.0,    0.0,    0.0,    0.0,    0.0,    0.0,    0.0,    0.0,    0.0,    0.0,     24,      9,     12,      0,      0,      0,      0,      0,      0,      0,      7,.,     10,     19,     24,      9,     12,      0,      0,      0,      0,      0,      0,      0,      7,.,     10,     19,      0,      0,      0,      0,      0,      0,      0,      0,      0,      0,      0,      0,      0,      0,    90.3,    63.0,    98.9,    82.7,    90.3,    63.0,    94.7,    79.4,    90.3,    63.0,    98.9,    82.7,    90.3,    63.0,    94.7,    79.4,     0.0,     0.0,     0.0,     0.0,     0.0,     0.0,     0.0,     0.0,"100 MWh of Class 1 Renewable Energy Certificates","0063DL","IFED","006 ","N60","FutOnly"
"MARYLAND COMPLIANCE REC TIER1 - ICE FUTURES ENERGY DIV",260825,2026-08-25,0063DM,IFED,01,006 ,   11641,    9496,    5188,    1725,    1541,       0,      50,       0,       0,     250,    4792,     120,   11641,   11641,       0,       0,   11641,    9496,    5188,    1725,    1541,       0,      50,       0,       0,     250,    4792,     120,   11641,   11641,       0,       0,       0,       0,       0,       0,       0,       0,       0,       0,       0,       0,       0,       0,       0,       0,       0,       0,       0,       0,       0,       0,       0,       0,       0,       0,       0,       0,       0,       0,       0,       0,       0,       0,  100.0,   81.6,   44.6,   14.8,   13.2,    0.0,    0.4,    0.0,    0.0,    2.1,   41.2,    1.0,  100.0,  100.0,    0.0,    0.0,  100.0,   81.6,   44.6,   14.8,   13.2,    0.0,    0.4,    0.0,    0.0,    2.1,   41.2,    1.0,  100.0,  100.0,    0.0,    0.0,  100.0,    0.0,    0.0,    0.0,    0.0,    0.0,    0.0,    0.0,    0.0,    0.0,    0.0,    0.0,    0.0,    0.0,    0.0,    0.0,     24,     10,      7,.,.,      0,.,      0,      0,.,      5,.,     15,     13,     24,     10,      7,.,.,      0,.,      0,      0,.,      5,.,     15,     13,      0,      0,      0,      0,      0,      0,      0,      0,      0,      0,      0,      0,      0,      0,    61.2,    61.4,    85.7,    91.4,    61.2,    61.4,    82.6,    85.8,    61.2,    61.4,    85.7,    91.4,    61.2,    61.4,    82.6,    85.8,     0.0,     0.0,     0.0,     0.0,     0.0,     0.0,     0.0,     0.0,"(100 Tier 1 RECs)","0063DM","IFED","006 ","N60","FutOnly"
"MARYLAND SOLAR REC - ICE FUTURES ENERGY DIV",260825,2026-08-25,0063DN,IFED,01,006 ,   55581,   27531,   11450,   17300,   40981,       0,       0,       0,       0,   10750,    3150,       0,   55581,   55581,       0,       0,   55581,   27531,   11450,   17300,   40981,       0,       0,       0,       0,   10750,    3150,       0,   55581,   55581,       0,       0,       0,       0,       0,       0,       0,       0,       0,       0,       0,       0,       0,       0,       0,       0,       0,       0,       0,       0,       0,       0,       0,       0,       0,       0,       0,       0,       0,       0,       0,       0,       0,       0,  100.0,   49.5,   20.6,   31.1,   73.7,    0.0,    0.0,    0.0,    0.0,   19.3,    5.7,    0.0,  100.0,  100.0,    0.0,    0.0,  100.0,   49.5,   20.6,   31.1,   73.7,    0.0,    0.0,    0.0,    0.0,   19.3,    5.7,    0.0,  100.0,  100.0,    0.0,    0.0,  100.0,    0.0,    0.0,    0.0,    0.0,    0.0,    0.0,    0.0,    0.0,    0.0,    0.0,    0.0,    0.0,    0.0,    0.0,    0.0,     22,      8,      5,.,.,      0,      0,      0,      0,.,.,      0,     13,     10,     22,      8,      5,.,.,      0,      0,      0,      0,.,.,      0,     13,     10,      0,      0,      0,      0,      0,      0,      0,      0,      0,      0,      0,      0,      0,      0,    74.9,    89.2,    94.7,    98.8,    74.0,    89.2,    92.9,    98.1,    74.9,    89.2,    94.7,    98.8,    74.0,    89.2,    92.9,    98.1,     0.0,     0.0,     0.0,     0.0,     0.0,     0.0,     0.0,     0.0,"(10 SRECs)","0063DN","IFED","006 ","N60","FutOnly"
"NEPOOL DUAL RECs CLASS 1  - ICE FUTURES ENERGY DIV",260825,2026-08-25,0063DQ,IFED,01,006 ,   12760,    9910,    4234,     880,       0,       0,       0,       0,       0,    1065,    7546,     905,   12760,   12685,       0,      75,   12760,    9910,    4234,     880,       0,       0,       0,       0,       0,    1065,    7546,     905,   12760,   12685,       0,      75,       0,       0,       0,       0,       0,       0,       0,       0,       0,       0,       0,       0,       0,       0,       0,       0,       0,       0,       0,       0,       0,       0,       0,       0,       0,       0,       0,       0,       0,       0,       0,       0,  100.0,   77.7,   33.2,    6.9,    0.0,    0.0,    0.0,    0.0,    0.0,    8.3,   59.1,    7.1,  100.0,   99.4,    0.0,    0.6,  100.0,   77.7,   33.2,    6.9,    0.0,    0.0,    0.0,    0.0,    0.0,    8.3,   59.1,    7.1,  100.0,   99.4,    0.0,    0.6,  100.0,    0.0,    0.0,    0.0,    0.0,    0.0,    0.0,    0.0,    0.0,    0.0,    0.0,    0.0,    0.0,    0.0,    0.0,    0.0,     22,     11,      8,.,      0,      0,      0,      0,      0,.,.,.,     14,     12,     22,     11,      8,.,      0,      0,      0,      0,      0,.,.,.,     14,     12,      0,      0,      0,      0,      0,      0,      0,      0,      0,      0,      0,      0,      0,      0,    51.1,    67.0,    79.5,    92.0,    44.0,    67.0,    70.5,    85.0,    51.1,    67.0,    79.5,    92.0,    44.0,    67.0,    70.5,    85.0,     0.0,     0.0,     0.0,     0.0,     0.0,     0.0,     0.0,     0.0,"100 MWh of Class 1 Renewable Energy Certificates","0063DQ","IFED","006 ","N60","FutOnly"
"NJ COMPLIANCE RECs CLASS 1 - ICE FUTURES ENERGY DIV",260825,2026-08-25,0063DR,IFED,01,006 ,   26688,   14552,   18866,      50,       0,       0,       0,     250,       0,   12085,    7572,       0,   26687,   26688,       1,       0,   26688,   14552,   18866,      50,       0,       0,       0,     250,       0,   12085,    7572,       0,   26687,   26688,       1,       0,       0,       0,       0,       0,       0,       0,       0,       0,       0,       0,       0,       0,       0,       0,       0,       0,       0,       0,       0,       0,       0,       0,       0,       0,       0,       0,       0,       0,       0,       0,       0,       0,  100.0,   54.5,   70.7,    0.2,    0.0,    0.0,    0.0,    0.9,    0.0,   45.3,   28.4,    0.0,  100.0,  100.0,    0.0,    0.0,  100.0,   54.5,   70.7,    0.2,    0.0,    0.0,    0.0,    0.9,    0.0,   45.3,   28.4,    0.0,  100.0,  100.0,    0.0,    0.0,  100.0,    0.0,    0.0,    0.0,    0.0,    0.0,    0.0,    0.0,    0.0,    0.0,    0.0,    0.0,    0.0,    0.0,    0.0,    0.0,     22,     10,      5,.,      0,      0,      0,.,      0,      4,.,      0,     15,      9,     22,     10,      5,.,      0,      0,      0,.,      0,      4,.,      0,     15,      9,      0,      0,      0,      0,      0,      0,      0,      0,      0,      0,      0,      0,      0,      0,    74.9,    93.6,    92.7,    99.8,    74.9,    93.6,    92.7,    99.5,    74.9,    93.6,    92.7,    99.8,    74.9,    93.6,    92.7,    99.5,     0.0,     0.0,     0.0,     0.0,     0.0,     0.0,     0.0,     0.0,"100 MWh of Class 1 Renewable Energy Certificates","0063DR","IFED","006 ","N60","FutOnly"
"PA COMPLIANCE AECs TIER1 - ICE FUTURES ENERGY DIV",260825,2026-08-25,0063DT,IFED,01,006 ,   48669,   36539,   26413,    1000,    3920,       0,    1100,       0,       0,    8771,   17057,    1259,   48669,   48649,       0,      20,   48669,   36539,   26413,    1000,    3920,       0,    1100,       0,       0,    8771,   17057,    1259,   48669,   48649,       0,      20,       0,       0,       0,       0,       0,       0,       0,       0,       0,       0,       0,       0,       0,       0,       0,       0,     100,     100,     100,       0,       0,       0,       0,       0,       0,       0,       0,       0,     100,     100,       0,       0,  100.0,   75.1,   54.3,    2.1,    8.1,    0.0,    2.3,    0.0,    0.0,   18.0,   35.0,    2.6,  100.0,  100.0,    0.0,    0.0,  100.0,   75.1,   54.3,    2.1,    8.1,    0.0,    2.3,    0.0,    0.0,   18.0,   35.0,    2.6,  100.0,  100.0,    0.0,    0.0,  100.0,    0.0,    0.0,    0.0,    0.0,    0.0,    0.0,    0.0,    0.0,    0.0,    0.0,    0.0,    0.0,    0.0,    0.0,    0.0,     35,     19,      5,.,.,      0,.,      0,      0,      5,      6,.,     27,     13,     35,     19,      5,.,.,      0,.,      0,      0,      5,      6,.,     27,     13,      0,      0,      0,      0,      0,      0,      0,      0,      0,      0,      0,      0,      0,      0,    44.1,    73.8,    62.0,    96.2,    44.1,    72.3,    62.0,    92.5,    44.1,    73.8,    62.0,    96.2,    44.1,    72.3,    62.0,    92.5,     0.0,     0.0,     0.0,     0.0,     0.0,     0.0,     0.0,     0.0,"(100 AECs)","0063DT","IFED","006 ","N60","FutOnly"
"WASHINGTON CARBON ALL V2026 - ICE FUTURES ENERGY DIV",260825,2026-08-25,0063EA,IFED,01,006 ,    4768,    1368,    1203,     150,     581,       0,     247,    1087,      19,    2936,    1727,      20,    4740,    4637,      28,     131,    4768,    1368,    1203,     150,     581,       0,     247,    1087,      19,    2936,    1727,      20,    4740,    4637,      28,     131,       0,       0,       0,       0,       0,       0,       0,       0,       0,       0,       0,       0,       0,       0,       0,       0,      53,      30,     -36,     -15,     -25,       0,       1,     -10,      15,      22,      99,       0,      53,      43,       0,      10,  100.0,   28.7,   25.2,    3.1,   12.2,    0.0,    5.2,   22.8,    0.4,   61.6,   36.2,    0.4,   99.4,   97.3,    0.6,    2.7,  100.0,   28.7,   25.2,    3.1,   12.2,    0.0,    5.2,   22.8,    0.4,   61.6,   36.2,    0.4,   99.4,   97.3,    0.6,    2.7,  100.0,    0.0,    0.0,    0.0,    0.0,    0.0,    0.0,    0.0,    0.0,    0.0,    0.0,    0.0,    0.0,    0.0,    0.0,    0.0,     33,      6,      6,.,.,      0,.,      6,.,      4,      8,.,     16,     22,     33,      6,      6,.,.,      0,.,      6,.,      4,      8,.,     16,     22,      0,      0,      0,      0,      0,      0,      0,      0,      0,      0,      0,      0,      0,      0,    79.5,    45.3,    92.7,    73.1,    79.5,    42.8,    90.9,    68.4,    79.5,    45.3,    92.7,    73.1,    79.5,    42.8,    90.9,    68.4,     0.0,     0.0,     0.0,     0.0,     0.0,     0.0,     0.0,     0.0,"1,000 Washington carbon allowances","0063EA","IFED","006 ","N60","FutOnly"
"CALIF CARBON ALL VINTAGE 2026 - ICE FUTURES ENERGY DIV",260825,2026-08-25,0063EE,IFED,01,006 ,  210500,   29057,   53630,   17508,   88975,    4117,  114854,   12550,    8600,   27532,   33961,    8640,  210308,  210473,     192,      27,  210500,   29057,   53630,   17508,   88975,    4117,  114854,   12550,    8600,   27532,   33961,    8640,  210308,  210473,     192,      27,       0,       0,       0,       0,       0,       0,       0,       0,       0,       0,       0,       0,       0,       0,       0,       0,    5986,    2701,    1732,    -574,    -493,    1724,    -230,    -127,     393,     899,    1684,    1108,    6021,    6021,     -35,     -35,  100.0,   13.8,   25.5,    8.3,   42.3,    2.0,   54.6,    6.0,    4.1,   13.1,   16.1,    4.1,   99.9,  100.0,    0.1,    0.0,  100.0,   13.8,   25.5,    8.3,   42.3,    2.0,   54.6,    6.0,    4.1,   13.1,   16.1,    4.1,   99.9,  100.0,    0.1,    0.0,  100.0,    0.0,    0.0,    0.0,    0.0,    0.0,    0.0,    0.0,    0.0,    0.0,    0.0,    0.0,    0.0,    0.0,    0.0,    0.0,    148,     24,     20,      5,     12,      5,     43,      7,     13,     32,     13,     12,    114,     73,    148,     24,     20,      5,     12,      5,     43,      7,     13,     32,     13,     12,    114,     73,      0,      0,      0,      0,      0,      0,      0,      0,      0,      0,      0,      0,      0,      0,    39.6,    22.4,    51.9,    40.0,    38.3,    21.0,    49.4,    38.6,    39.6,    22.4,    51.9,    40.0,    38.3,    21.0,    49.4,    38.6,     0.0,     0.0,     0.0,     0.0,     0.0,     0.0,     0.0,     0.0,"1,000 California carbon allowances","0063EE","IFED","006 ","N60","FutOnly"
"CALIF CARBON ALL VINTAGE 2027 - ICE FUTURES ENERGY DIV",260825,2026-08-25,0063EI,IFED,01,006 ,   31837,   15812,    2333,    2135,   22876,      69,    1914,    1662,     405,   11144,    4132,     350,   31829,   31827,       8,      10,   31837,   15812,    2333,    2135,   22876,      69,    1914,    1662,     405,   11144,    4132,     350,   31829,   31827,       8,      10,       0,       0,       0,       0,       0,       0,       0,       0,       0,       0,       0,       0,       0,       0,       0,       0,    1278,     194,     590,     905,     261,       0,      45,      50,       0,     110,     347,      25,    1279,    1273,      -1,       5,  100.0,   49.7,    7.3,    6.7,   71.9,    0.2,    6.0,    5.2,    1.3,   35.0,   13.0,    1.1,  100.0,  100.0,    0.0,    0.0,  100.0,   49.7,    7.3,    6.7,   71.9,    0.2,    6.0,    5.2,    1.3,   35.0,   13.0,    1.1,  100.0,  100.0,    0.0,    0.0,  100.0,    0.0,    0.0,    0.0,    0.0,    0.0,    0.0,    0.0,    0.0,    0.0,    0.0,    0.0,    0.0,    0.0,    0.0,    0.0,     40,      8,      4,.,      7,.,      6,.,.,      9,.,.,     26,     17,     40,      8,      4,.,      7,.,      6,.,.,      9,.,.,     26,     17,      0,      0,      0,      0,      0,      0,      0,      0,      0,      0,      0,      0,      0,      0,    62.7,    72.7,    79.5,    92.6,    62.7,    72.3,    79.5,    91.3,    62.7,    72.7,    79.5,    92.6,    62.7,    72.3,    79.5,    91.3,     0.0,     0.0,     0.0,     0.0,     0.0,     0.0,     0.0,     0.0,"1,000 California carbon allowances","0063EI","IFED","006 ","N60","FutOnly"
"CALIF CARBON ALLOWANCE V2026 - NODAL EXCHANGE",260825,2026-08-25,0063EL,NODX,01,006 ,    6161,    2598,     605,     210,     712,       0,     800,    1316,       0,    2497,    3477,       0,    6105,    6110,      56,      51,    6161,    2598,     605,     210,     712,       0,     800,    1316,       0,    2497,    3477,       0,    6105,    6110,      56,      51,       0,       0,       0,       0,       0,       0,       0,       0,       0,       0,       0,       0,       0,       0,       0,       0,      88,      -3,       0,       0,       0,       0,       0,       2,       0,      96,      87,       0,      93,      89,      -5,      -1,  100.0,   42.2,    9.8,    3.4,   11.6,    0.0,   13.0,   21.4,    0.0,   40.5,   56.4,    0.0,   99.1,   99.2,    0.9,    0.8,  100.0,   42.2,    9.8,    3.4,   11.6,    0.0,   13.0,   21.4,    0.0,   40.5,   56.4,    0.0,   99.1,   99.2,    0.9,    0.8,  100.0,    0.0,    0.0,    0.0,    0.0,    0.0,    0.0,    0.0,    0.0,    0.0,    0.0,    0.0,    0.0,    0.0,    0.0,    0.0,     27,      7,.,.,      4,      0,.,.,      0,.,      5,      0,     13,     14,     27,      7,.,.,      4,      0,.,.,      0,.,      5,      0,     13,     14,      0,      0,      0,      0,      0,      0,      0,      0,      0,      0,      0,      0,      0,      0,    77.2,    75.7,    93.3,    90.3,    77.2,    75.7,    93.3,    90.3,    77.2,    75.7,    93.3,    90.3,    77.2,    75.7,    93.3,    90.3,     0.0,     0.0,     0.0,     0.0,     0.0,     0.0,     0.0,     0.0,"(1,000 California carbon allowances)","0063EL","NODX","006 ","N60","FutOnly"
"RGGI V2026 - ICE FUTURES ENERGY DIV",260825,2026-08-25,0063EM,IFED,01,006 ,   58860,   25198,   44367,   16132,    5679,     714,    8827,    1012,    2041,    4642,    3799,    1229,   58783,   58841,      77,      19,   58860,   25198,   44367,   16132,    5679,     714,    8827,    1012,    2041,    4642,    3799,    1229,   58783,   58841,      77,      19,       0,       0,       0,       0,       0,       0,       0,       0,       0,       0,       0,       0,       0,       0,       0,       0,    1020,    -159,     583,     271,     200,     -35,    -154,    -438,     464,     614,     241,      19,    1020,    1034,       0,     -14,  100.0,   42.8,   75.4,   27.4,    9.6,    1.2,   15.0,    1.7,    3.5,    7.9,    6.5,    2.1,   99.9,  100.0,    0.1,    0.0,  100.0,   42.8,   75.4,   27.4,    9.6,    1.2,   15.0,    1.7,    3.5,    7.9,    6.5,    2.1,   99.9,  100.0,    0.1,    0.0,  100.0,    0.0,    0.0,    0.0,    0.0,    0.0,    0.0,    0.0,    0.0,    0.0,    0.0,    0.0,    0.0,    0.0,    0.0,    0.0,     67,     13,     10,.,      5,      5,     14,      6,      6,     12,      8,      6,     51,     37,     67,     13,     10,.,      5,      5,     14,      6,      6,     12,      8,      6,     51,     37,      0,      0,      0,      0,      0,      0,      0,      0,      0,      0,      0,      0,      0,      0,    53.0,    81.6,    71.8,    90.5,    52.2,    80.7,    67.8,    86.5,    53.0,    81.6,    71.8,    90.5,    52.2,    80.7,    67.8,    86.5,     0.0,     0.0,     0.0,     0.0,     0.0,     0.0,     0.0,     0.0,"1,000 RGGI CO2 Allowances","0063EM","IFED","006 ","N60","FutOnly"
"RGGI V2027 - ICE FUTURES ENERGY DIV",260825,2026-08-25,0063F6,IFED,01,006 ,   23433,   14427,    3034,    3641,    3204,     250,       0,   13080,    1949,    2232,     960,     919,   23418,   23396,      15,      37,   23433,   14427,    3034,    3641,    3204,     250,       0,   13080,    1949,    2232,     960,     919,   23418,   23396,      15,      37,       0,       0,       0,       0,       0,       0,       0,       0,       0,       0,       0,       0,       0,       0,       0,       0,     946,    1024,     -30,     115,     125,       0,       0,     343,      -5,    -730,      -7,     542,     946,     968,       0,     -22,  100.0,   61.6,   12.9,   15.5,   13.7,    1.1,    0.0,   55.8,    8.3,    9.5,    4.1,    3.9,   99.9,   99.8,    0.1,    0.2,  100.0,   61.6,   12.9,   15.5,   13.7,    1.1,    0.0,   55.8,    8.3,    9.5,    4.1,    3.9,   99.9,   99.8,    0.1,    0.2,  100.0,    0.0,    0.0,    0.0,    0.0,    0.0,    0.0,    0.0,    0.0,    0.0,    0.0,    0.0,    0.0,    0.0,    0.0,    0.0,     36,      6,      9,      5,.,.,      0,      8,.,      5,      4,.,     17,     25,     36,      6,      9,      5,.,.,      0,      8,.,      5,      4,.,     17,     25,      0,      0,      0,      0,      0,      0,      0,      0,      0,      0,      0,      0,      0,      0,    66.2,    63.9,    88.7,    84.8,    64.5,    55.5,    77.2,    75.4,    66.2,    63.9,    88.7,    84.8,    64.5,    55.5,    77.2,    75.4,     0.0,     0.0,     0.0,     0.0,     0.0,     0.0,     0.0,     0.0,"(1,000 RGGI CO2 Allowances)","0063F6","IFED","006 ","N60","FutOnly"
"TX REC CRS V26 BACK HALF - NODAL EXCHANGE",260825,2026-08-25,006NHT,NODX,01,006 ,    8645,    8111,    2624,     300,     435,       0,       0,       0,       0,      75,    5415,       0,    8486,    8474,     159,     171,    8645,    8111,    2624,     300,     435,       0,       0,       0,       0,      75,    5415,       0,    8486,    8474,     159,     171,       0,       0,       0,       0,       0,       0,       0,       0,       0,       0,       0,       0,       0,       0,       0,       0,    -307,    -307,       0,       0,       0,       0,       0,       0,       0,       0,    -307,       0,    -307,    -307,       0,       0,  100.0,   93.8,   30.4,    3.5,    5.0,    0.0,    0.0,    0.0,    0.0,    0.9,   62.6,    0.0,   98.2,   98.0,    1.8,    2.0,  100.0,   93.8,   30.4,    3.5,    5.0,    0.0,    0.0,    0.0,    0.0,    0.9,   62.6,    0.0,   98.2,   98.0,    1.8,    2.0,  100.0,    0.0,    0.0,    0.0,    0.0,    0.0,    0.0,    0.0,    0.0,    0.0,    0.0,    0.0,    0.0,    0.0,    0.0,    0.0,     29,     13,      7,.,.,      0,      0,      0,      0,.,      6,      0,     15,     14,     29,     13,      7,.,.,      0,      0,      0,      0,.,      6,      0,     15,     14,      0,      0,      0,      0,      0,      0,      0,      0,      0,      0,      0,      0,      0,      0,    62.5,    65.8,    87.4,    89.0,    62.5,    65.8,    87.4,    89.0,    62.5,    65.8,    87.4,    89.0,    62.5,    65.8,    87.4,    89.0,     0.0,     0.0,     0.0,     0.0,     0.0,     0.0,     0.0,     0.0,"1000 Texas RECs","006NHT","NODX","006 ","N60","FutOnly"
"TX REC CRS V27 BACK HALF - NODAL EXCHANGE",260825,2026-08-25,006NHU,NODX,01,006 ,    6665,    5714,    1902,       0,     400,       0,       0,       0,       0,     651,    4063,       0,    6365,    6365,     300,     300,    6665,    5714,    1902,       0,     400,       0,       0,       0,       0,     651,    4063,       0,    6365,    6365,     300,     300,       0,       0,       0,       0,       0,       0,       0,       0,       0,       0,       0,       0,       0,       0,       0,       0,    -150,    -175,       0,       0,       0,       0,       0,       0,       0,      25,    -150,       0,    -150,    -150,       0,       0,  100.0,   85.7,   28.5,    0.0,    6.0,    0.0,    0.0,    0.0,    0.0,    9.8,   61.0,    0.0,   95.5,   95.5,    4.5,    4.5,  100.0,   85.7,   28.5,    0.0,    6.0,    0.0,    0.0,    0.0,    0.0,    9.8,   61.0,    0.0,   95.5,   95.5,    4.5,    4.5,  100.0,    0.0,    0.0,    0.0,    0.0,    0.0,    0.0,    0.0,    0.0,    0.0,    0.0,    0.0,    0.0,    0.0,    0.0,    0.0,     31,     13,      6,      0,.,      0,      0,      0,      0,      6,      4,      0,     19,     12,     31,     13,      6,      0,.,      0,      0,      0,      0,      6,      4,      0,     19,     12,      0,      0,      0,      0,      0,      0,      0,      0,      0,      0,      0,      0,      0,      0,    62.5,    73.7,    84.0,    92.5,    62.5,    73.7,    84.0,    92.5,    62.5,    73.7,    84.0,    92.5,    62.5,    73.7,    84.0,    92.5,     0.0,     0.0,     0.0,     0.0,     0.0,     0.0,     0.0,     0.0,"1000 Texas RECs","006NHU","NODX","006 ","N60","FutOnly"
"TX REC CRS V28 BACK HALF - NODAL EXCHANGE",260825,2026-08-25,006NHV,NODX,01,006 ,    4961,    3492,    1546,      25,     412,       0,     164,       0,       0,     532,    2240,     441,    4654,    4639,     307,     322,    4961,    3492,    1546,      25,     412,       0,     164,       0,       0,     532,    2240,     441,    4654,    4639,     307,     322,       0,       0,       0,       0,       0,       0,       0,       0,       0,       0,       0,       0,       0,       0,       0,       0,    -392,    -200,       0,       0,       0,       0,       0,       0,       0,    -192,    -392,       0,    -392,    -392,       0,       0,  100.0,   70.4,   31.2,    0.5,    8.3,    0.0,    3.3,    0.0,    0.0,   10.7,   45.2,    8.9,   93.8,   93.5,    6.2,    6.5,  100.0,   70.4,   31.2,    0.5,    8.3,    0.0,    3.3,    0.0,    0.0,   10.7,   45.2,    8.9,   93.8,   93.5,    6.2,    6.5,  100.0,    0.0,    0.0,    0.0,    0.0,    0.0,    0.0,    0.0,    0.0,    0.0,    0.0,    0.0,    0.0,    0.0,    0.0,    0.0,     31,     13,      6,.,.,      0,.,      0,      0,      5,      4,.,     20,     12,     31,     13,      6,.,.,      0,.,      0,      0,      5,      4,.,     20,     12,      0,      0,      0,      0,      0,      0,      0,      0,      0,      0,      0,      0,      0,      0,    49.7,    71.3,    75.1,    86.6,    42.8,    67.2,    66.2,    80.7,    49.7,    71.3,    75.1,    86.6,    42.8,    67.2,    66.2,    80.7,     0.0,     0.0,     0.0,     0.0,     0.0,     0.0,     0.0,     0.0,"1000 Texas RECs","006NHV","NODX","006 ","N60","FutOnly"
"TX REC CRS V29 BACK HALF - NODAL EXCHANGE",260825,2026-08-25,006NHW,NODX,01,006 ,    4410,    3677,    1386,       0,     587,       0,       0,       0,       0,     631,    2335,       0,    4308,    4308,     102,     102,    4410,    3677,    1386,       0,     587,       0,       0,       0,       0,     631,    2335,       0,    4308,    4308,     102,     102,       0,       0,       0,       0,       0,       0,       0,       0,       0,       0,       0,       0,       0,       0,       0,       0,    -617,    -691,     108,       0,       0,       0,       0,       0,       0,      74,    -725,       0,    -617,    -617,       0,       0,  100.0,   83.4,   31.4,    0.0,   13.3,    0.0,    0.0,    0.0,    0.0,   14.3,   52.9,    0.0,   97.7,   97.7,    2.3,    2.3,  100.0,   83.4,   31.4,    0.0,   13.3,    0.0,    0.0,    0.0,    0.0,   14.3,   52.9,    0.0,   97.7,   97.7,    2.3,    2.3,  100.0,    0.0,    0.0,    0.0,    0.0,    0.0,    0.0,    0.0,    0.0,    0.0,    0.0,    0.0,    0.0,    0.0,    0.0,    0.0,     30,     13,      5,      0,.,      0,      0,      0,      0,      5,      4,      0,     18,     12,     30,     13,      5,      0,.,      0,      0,      0,      0,      5,      4,      0,     18,     12,      0,      0,      0,      0,      0,      0,      0,      0,      0,      0,      0,      0,      0,      0,    60.8,    77.1,    83.1,    92.0,    60.8,    77.1,    83.1,    92.0,    60.8,    77.1,    83.1,    92.0,    60.8,    77.1,    83.1,    92.0,     0.0,     0.0,     0.0,     0.0,     0.0,     0.0,     0.0,     0.0,"1000 Texas RECs","006NHW","NODX","006 ","N60","FutOnly"
"TX REC CRS V30 BACK HALF - NODAL EXCHANGE",260825,2026-08-25,006NHX,NODX,01,006 ,    4113,    3677,    1318,       0,     275,       0,       0,       0,       0,     295,    2367,       0,    3972,    3960,     141,     153,    4113,    3677,    1318,       0,     275,       0,       0,       0,       0,     295,    2367,       0,    3972,    3960,     141,     153,       0,       0,       0,       0,       0,       0,       0,       0,       0,       0,       0,       0,       0,       0,       0,       0,     200,     100,     345,       0,       0,       0,       0,       0,       0,     100,    -145,       0,     200,     200,       0,       0,  100.0,   89.4,   32.0,    0.0,    6.7,    0.0,    0.0,    0.0,    0.0,    7.2,   57.5,    0.0,   96.6,   96.3,    3.4,    3.7,  100.0,   89.4,   32.0,    0.0,    6.7,    0.0,    0.0,    0.0,    0.0,    7.2,   57.5,    0.0,   96.6,   96.3,    3.4,    3.7,  100.0,    0.0,    0.0,    0.0,    0.0,    0.0,    0.0,    0.0,    0.0,    0.0,    0.0,    0.0,    0.0,    0.0,    0.0,    0.0,     28,     11,      8,      0,.,      0,      0,      0,      0,      4,      5,      0,     15,     15,     28,     11,      8,      0,.,      0,      0,      0,      0,      4,      5,      0,     15,     15,      0,      0,      0,      0,      0,      0,      0,      0,      0,      0,      0,      0,      0,      0,    76.2,    74.0,    88.4,    90.1,    75.6,    74.0,    87.8,    90.1,    76.2,    74.0,    88.4,    90.1,    75.6,    74.0,    87.8,    90.1,     0.0,     0.0,     0.0,     0.0,     0.0,     0.0,     0.0,     0.0,"(1,000 MWh representing 1,000 Texas RECs)","006NHX","NODX","006 ","N60","FutOnly"
"TX REC CRS V26 FRONT HALF - NODAL EXCHANGE",260825,2026-08-25,006NHY,NODX,01,006 ,    8105,    7446,    3546,       0,     747,       0,       0,       0,       0,     328,    3482,       0,    7774,    7775,     331,     330,    8105,    7446,    3546,       0,     747,       0,       0,       0,       0,     328,    3482,       0,    7774,    7775,     331,     330,       0,       0,       0,       0,       0,       0,       0,       0,       0,       0,       0,       0,       0,       0,       0,       0,       0,       0,       0,       0,       0,       0,       0,       0,       0,       0,       0,       0,       0,       0,       0,       0,  100.0,   91.9,   43.8,    0.0,    9.2,    0.0,    0.0,    0.0,    0.0,    4.0,   43.0,    0.0,   95.9,   95.9,    4.1,    4.1,  100.0,   91.9,   43.8,    0.0,    9.2,    0.0,    0.0,    0.0,    0.0,    4.0,   43.0,    0.0,   95.9,   95.9,    4.1,    4.1,  100.0,    0.0,    0.0,    0.0,    0.0,    0.0,    0.0,    0.0,    0.0,    0.0,    0.0,    0.0,    0.0,    0.0,    0.0,    0.0,     30,     15,      5,      0,.,      0,      0,      0,      0,.,      5,      0,     18,     12,     30,     15,      5,      0,.,      0,      0,      0,      0,.,      5,      0,     18,     12,      0,      0,      0,      0,      0,      0,      0,      0,      0,      0,      0,      0,      0,      0,    64.3,    58.8,    81.6,    86.2,    64.3,    58.8,    81.6,    86.2,    64.3,    58.8,    81.6,    86.2,    64.3,    58.8,    81.6,    86.2,     0.0,     0.0,     0.0,     0.0,     0.0,     0.0,     0.0,     0.0,"1000 Texas RECs","006NHY","NODX","006 ","N60","FutOnly"
"TX REC CRS V27 FRONT HALF - NODAL EXCHANGE",260825,2026-08-25,006NHZ,NODX,01,006 ,    7482,    5938,    3328,       0,     703,       0,       0,       0,       0,    1365,    3231,       0,    7303,    7262,     179,     220,    7482,    5938,    3328,       0,     703,       0,       0,       0,       0,    1365,    3231,       0,    7303,    7262,     179,     220,       0,       0,       0,       0,       0,       0,       0,       0,       0,       0,       0,       0,       0,       0,       0,       0,     100,     100,     -44,       0,       0,       0,       0,       0,       0,     -24,     100,       0,      76,      56,      24,      44,  100.0,   79.4,   44.5,    0.0,    9.4,    0.0,    0.0,    0.0,    0.0,   18.2,   43.2,    0.0,   97.6,   97.1,    2.4,    2.9,  100.0,   79.4,   44.5,    0.0,    9.4,    0.0,    0.0,    0.0,    0.0,   18.2,   43.2,    0.0,   97.6,   97.1,    2.4,    2.9,  100.0,    0.0,    0.0,    0.0,    0.0,    0.0,    0.0,    0.0,    0.0,    0.0,    0.0,    0.0,    0.0,    0.0,    0.0,    0.0,     32,     15,      6,      0,.,      0,      0,      0,      0,      7,.,      0,     22,     11,     32,     15,      6,      0,.,      0,      0,      0,      0,      7,.,      0,     22,     11,      0,      0,      0,      0,      0,      0,      0,      0,      0,      0,      0,      0,      0,      0,    58.5,    75.1,    76.7,    94.0,    58.5,    74.8,    76.7,    93.7,    58.5,    75.1,    76.7,    94.0,    58.5,    74.8,    76.7,    93.7,     0.0,     0.0,     0.0,     0.0,     0.0,     0.0,     0.0,     0.0,"1000 Texas RECs","006NHZ","NODX","006 ","N60","FutOnly"
"TX REC CRS V28 FRONT HALF - NODAL EXCHANGE",260825,2026-08-25,006NJ1,NODX,01,006 ,    5949,    4990,    2042,       0,     538,       0,       0,       0,       0,     684,    3065,       0,    5674,    5645,     275,     304,    5949,    4990,    2042,       0,     538,       0,       0,       0,       0,     684,    3065,       0,    5674,    5645,     275,     304,       0,       0,       0,       0,       0,       0,       0,       0,       0,       0,       0,       0,       0,       0,       0,       0,      33,       0,       0,       0,       0,       0,       0,       0,       0,      33,      33,       0,      33,      33,       0,       0,  100.0,   83.9,   34.3,    0.0,    9.0,    0.0,    0.0,    0.0,    0.0,   11.5,   51.5,    0.0,   95.4,   94.9,    4.6,    5.1,  100.0,   83.9,   34.3,    0.0,    9.0,    0.0,    0.0,    0.0,    0.0,   11.5,   51.5,    0.0,   95.4,   94.9,    4.6,    5.1,  100.0,    0.0,    0.0,    0.0,    0.0,    0.0,    0.0,    0.0,    0.0,    0.0,    0.0,    0.0,    0.0,    0.0,    0.0,    0.0,     24,     10,      7,      0,.,      0,      0,      0,      0,.,      4,      0,     13,     12,     24,     10,      7,      0,.,      0,      0,      0,      0,.,      4,      0,     13,     12,      0,      0,      0,      0,      0,      0,      0,      0,      0,      0,      0,      0,      0,      0,    67.9,    71.0,    85.6,    90.4,    67.0,    71.0,    84.7,    90.4,    67.9,    71.0,    85.6,    90.4,    67.0,    71.0,    84.7,    90.4,     0.0,     0.0,     0.0,     0.0,     0.0,     0.0,     0.0,     0.0,"1000 Texas RECs","006NJ1","NODX","006 ","N60","FutOnly"
"TX REC CRS V29 FRONT HALF - NODAL EXCHANGE",260825,2026-08-25,006NJ2,NODX,01,006 ,    6098,    4641,    2871,       0,     713,       0,       0,       0,       0,    1264,    2315,      75,    5980,    5974,     118,     124,    6098,    4641,    2871,       0,     713,       0,       0,       0,       0,    1264,    2315,      75,    5980,    5974,     118,     124,       0,       0,       0,       0,       0,       0,       0,       0,       0,       0,       0,       0,       0,       0,       0,       0,     -50,    -122,     650,       0,       0,       0,       0,       0,       0,      72,    -725,       0,     -50,     -75,       0,      25,  100.0,   76.1,   47.1,    0.0,   11.7,    0.0,    0.0,    0.0,    0.0,   20.7,   38.0,    1.2,   98.1,   98.0,    1.9,    2.0,  100.0,   76.1,   47.1,    0.0,   11.7,    0.0,    0.0,    0.0,    0.0,   20.7,   38.0,    1.2,   98.1,   98.0,    1.9,    2.0,  100.0,    0.0,    0.0,    0.0,    0.0,    0.0,    0.0,    0.0,    0.0,    0.0,    0.0,    0.0,    0.0,    0.0,    0.0,    0.0,     30,     11,      7,      0,.,      0,      0,      0,      0,      5,      4,.,     17,     14,     30,     11,      7,      0,.,      0,      0,      0,      0,      5,      4,.,     17,     14,      0,      0,      0,      0,      0,      0,      0,      0,      0,      0,      0,      0,      0,      0,    68.8,    83.8,    88.6,    92.7,    68.8,    83.8,    88.6,    92.6,    68.8,    83.8,    88.6,    92.7,    68.8,    83.8,    88.6,    92.6,     0.0,     0.0,     0.0,     0.0,     0.0,     0.0,     0.0,     0.0,"1000 Texas RECs","006NJ2","NODX","006 ","N60","FutOnly"
"TX REC CRS V30 FRONT HALF - NODAL EXCHANGE",260825,2026-08-25,006NJ3,NODX,01,006 ,    3513,    3001,    1107,       0,     400,       0,       0,       0,       0,     336,    1826,       0,    3337,    3333,     176,     180,    3513,    3001,    1107,       0,     400,       0,       0,       0,       0,     336,    1826,       0,    3337,    3333,     176,     180,       0,       0,       0,       0,       0,       0,       0,       0,       0,       0,       0,       0,       0,       0,       0,       0,     122,     100,     345,       0,       0,       0,       0,       0,       0,       0,    -223,       0,     100,     122,      22,       0,  100.0,   85.4,   31.5,    0.0,   11.4,    0.0,    0.0,    0.0,    0.0,    9.6,   52.0,    0.0,   95.0,   94.9,    5.0,    5.1,  100.0,   85.4,   31.5,    0.0,   11.4,    0.0,    0.0,    0.0,    0.0,    9.6,   52.0,    0.0,   95.0,   94.9,    5.0,    5.1,  100.0,    0.0,    0.0,    0.0,    0.0,    0.0,    0.0,    0.0,    0.0,    0.0,    0.0,    0.0,    0.0,    0.0,    0.0,    0.0,     25,     10,      8,      0,.,      0,      0,      0,      0,.,      6,      0,     12,     16,     25,     10,      8,      0,.,      0,      0,      0,      0,.,      6,      0,     12,     16,      0,      0,      0,      0,      0,      0,      0,      0,      0,      0,      0,      0,      0,      0,    73.0,    68.3,    88.5,    85.3,    70.7,    68.3,    86.3,    85.3,    73.0,    68.3,    88.5,    85.3,    70.7,    68.3,    86.3,    85.3,     0.0,     0.0,     0.0,     0.0,     0.0,     0.0,     0.0,     0.0,"1000 Texas RECs","006NJ3","NODX","006 ","N60","FutOnly"
"TX REC CRS V31 BACK HALF - NODAL EXCHANGE",260825,2026-08-25,006NKH,NODX,01,006 ,    2247,    1711,     908,     262,      50,       0,       0,       0,       0,     174,    1174,       0,    2147,    2132,     100,     115,    2247,    1711,     908,     262,      50,       0,       0,       0,       0,     174,    1174,       0,    2147,    2132,     100,     115,       0,       0,       0,       0,       0,       0,       0,       0,       0,       0,       0,       0,       0,       0,       0,       0,       0,       0,      55,       0,       0,       0,       0,       0,       0,       0,     -70,       0,       0,     -15,       0,      15,  100.0,   76.1,   40.4,   11.7,    2.2,    0.0,    0.0,    0.0,    0.0,    7.7,   52.2,    0.0,   95.5,   94.9,    4.5,    5.1,  100.0,   76.1,   40.4,   11.7,    2.2,    0.0,    0.0,    0.0,    0.0,    7.7,   52.2,    0.0,   95.5,   94.9,    4.5,    5.1,  100.0,    0.0,    0.0,    0.0,    0.0,    0.0,    0.0,    0.0,    0.0,    0.0,    0.0,    0.0,    0.0,    0.0,    0.0,    0.0,     20,      7,      7,.,.,      0,      0,      0,      0,.,.,      0,     11,     11,     20,      7,      7,.,.,      0,      0,      0,      0,.,.,      0,     11,     11,      0,      0,      0,      0,      0,      0,      0,      0,      0,      0,      0,      0,      0,      0,    72.6,    78.1,    89.2,    91.4,    70.2,    78.1,    86.9,    91.4,    72.6,    78.1,    89.2,    91.4,    70.2,    78.1,    86.9,    91.4,     0.0,     0.0,     0.0,     0.0,     0.0,     0.0,     0.0,     0.0,"1000 Texas RECs","006NKH","NODX","006 ","N60","FutOnly"
"TX REC CRS V31 FRONT HALF - NODAL EXCHANGE",260825,2026-08-25,006NKJ,NODX,01,006 ,    2296,    1486,     822,     200,     222,      63,       0,       0,       0,     423,    1089,       0,    2172,    2196,     124,     100,    2296,    1486,     822,     200,     222,      63,       0,       0,       0,     423,    1089,       0,    2172,    2196,     124,     100,       0,       0,       0,       0,       0,       0,       0,       0,       0,       0,       0,       0,       0,       0,       0,       0,     130,       0,      55,       0,       0,       0,       0,       0,       0,     111,      75,       0,     111,     130,      19,       0,  100.0,   64.7,   35.8,    8.7,    9.7,    2.7,    0.0,    0.0,    0.0,   18.4,   47.4,    0.0,   94.6,   95.6,    5.4,    4.4,  100.0,   64.7,   35.8,    8.7,    9.7,    2.7,    0.0,    0.0,    0.0,   18.4,   47.4,    0.0,   94.6,   95.6,    5.4,    4.4,  100.0,    0.0,    0.0,    0.0,    0.0,    0.0,    0.0,    0.0,    0.0,    0.0,    0.0,    0.0,    0.0,    0.0,    0.0,    0.0,     20,      8,      5,.,.,.,      0,      0,      0,.,.,      0,     13,      9,     20,      8,      5,.,.,.,      0,      0,      0,.,.,      0,     13,      9,      0,      0,      0,      0,      0,      0,      0,      0,      0,      0,      0,      0,      0,      0,    59.7,    78.1,    83.7,    94.5,    58.5,    78.1,    82.5,    91.7,    59.7,    78.1,    83.7,    94.5,    58.5,    78.1,    82.5,    91.7,     0.0,     0.0,     0.0,     0.0,     0.0,     0.0,     0.0,     0.0,"1000 Texas RECs","006NKJ","NODX","006 ","N60","FutOnly"
"NEW JERSEY RECs CLASS 2 V2027 - NODAL EXCHANGE",260825,2026-08-25,006NMM,NODX,01,006 ,   10806,    5990,    1850,     321,    8606,       0,    1150,       0,       0,    3345,     350,       0,   10806,   10806,       0,       0,   10806,    5990,    1850,     321,    8606,       0,    1150,       0,       0,    3345,     350,       0,   10806,   10806,       0,       0,       0,       0,       0,       0,       0,       0,       0,       0,       0,       0,       0,       0,       0,       0,       0,       0,       0,       0,       0,       0,       0,       0,       0,       0,       0,       0,       0,       0,       0,       0,       0,       0,  100.0,   55.4,   17.1,    3.0,   79.6,    0.0,   10.6,    0.0,    0.0,   31.0,    3.2,    0.0,  100.0,  100.0,    0.0,    0.0,  100.0,   55.4,   17.1,    3.0,   79.6,    0.0,   10.6,    0.0,    0.0,   31.0,    3.2,    0.0,  100.0,  100.0,    0.0,    0.0,  100.0,    0.0,    0.0,    0.0,    0.0,    0.0,    0.0,    0.0,    0.0,    0.0,    0.0,    0.0,    0.0,    0.0,    0.0,    0.0,     24,     12,.,.,.,      0,.,      0,      0,      5,.,      0,     19,      5,     24,     12,.,.,.,      0,.,      0,      0,      5,.,      0,     19,      5,      0,      0,      0,      0,      0,      0,      0,      0,      0,      0,      0,      0,      0,      0,    54.8,    96.8,    81.7,   100.0,    54.8,    96.8,    81.7,   100.0,    54.8,    96.8,    81.7,   100.0,    54.8,    96.8,    81.7,   100.0,     0.0,     0.0,     0.0,     0.0,     0.0,     0.0,     0.0,     0.0,"(100 MWh representing 100 NJ Class 2 RECs)","006NMM","NODX","006 ","N60","FutOnly"
"PENNSYLVANIA AEC TIER 2-V2027 - NODAL EXCHANGE",260825,2026-08-25,006NMT,NODX,01,006 ,   26628,   18725,   14709,    1020,     500,       0,    2500,       0,       0,    4383,   11419,       0,   26628,   26628,       0,       0,   26628,   18725,   14709,    1020,     500,       0,    2500,       0,       0,    4383,   11419,       0,   26628,   26628,       0,       0,       0,       0,       0,       0,       0,       0,       0,       0,       0,       0,       0,       0,       0,       0,       0,       0,     100,     100,    -250,       0,       0,       0,       0,       0,       0,       0,     350,       0,     100,     100,       0,       0,  100.0,   70.3,   55.2,    3.8,    1.9,    0.0,    9.4,    0.0,    0.0,   16.5,   42.9,    0.0,  100.0,  100.0,    0.0,    0.0,  100.0,   70.3,   55.2,    3.8,    1.9,    0.0,    9.4,    0.0,    0.0,   16.5,   42.9,    0.0,  100.0,  100.0,    0.0,    0.0,  100.0,    0.0,    0.0,    0.0,    0.0,    0.0,    0.0,    0.0,    0.0,    0.0,    0.0,    0.0,    0.0,    0.0,    0.0,    0.0,     30,     13,      6,.,.,      0,.,      0,      0,      4,      4,      0,     20,     11,     30,     13,      6,.,.,      0,.,      0,      0,      4,      4,      0,     20,     11,      0,      0,      0,      0,      0,      0,      0,      0,      0,      0,      0,      0,      0,      0,    50.7,    80.3,    76.0,    96.5,    50.7,    80.3,    76.0,    96.3,    50.7,    80.3,    76.0,    96.5,    50.7,    80.3,    76.0,    96.3,     0.0,     0.0,     0.0,     0.0,     0.0,     0.0,     0.0,     0.0,"(100 MWh = 100 Tier 2  AECs)","006NMT","NODX","006 ","N60","FutOnly"
"NEW JERSEY RECs CLASS 2 V2028 - NODAL EXCHANGE",260825,2026-08-25,006NMW,NODX,01,006 ,    4361,    2050,    2495,     201,       0,       0,     900,       0,       0,    1210,    1866,       0,    4361,    4361,       0,       0,    4361,    2050,    2495,     201,       0,       0,     900,       0,       0,    1210,    1866,       0,    4361,    4361,       0,       0,       0,       0,       0,       0,       0,       0,       0,       0,       0,       0,       0,       0,       0,       0,       0,       0,       0,       0,       0,       0,       0,       0,       0,       0,       0,       0,       0,       0,       0,       0,       0,       0,  100.0,   47.0,   57.2,    4.6,    0.0,    0.0,   20.6,    0.0,    0.0,   27.7,   42.8,    0.0,  100.0,  100.0,    0.0,    0.0,  100.0,   47.0,   57.2,    4.6,    0.0,    0.0,   20.6,    0.0,    0.0,   27.7,   42.8,    0.0,  100.0,  100.0,    0.0,    0.0,  100.0,    0.0,    0.0,    0.0,    0.0,    0.0,    0.0,    0.0,    0.0,    0.0,    0.0,    0.0,    0.0,    0.0,    0.0,    0.0,     21,      8,      5,.,      0,      0,.,      0,      0,      4,.,      0,     14,      7,     21,      8,      5,.,      0,      0,.,      0,      0,      4,.,      0,     14,      7,      0,      0,      0,      0,      0,      0,      0,      0,      0,      0,      0,      0,      0,      0,    61.9,    89.7,    88.3,   100.0,    61.9,    89.7,    88.3,   100.0,    61.9,    89.7,    88.3,   100.0,    61.9,    89.7,    88.3,   100.0,     0.0,     0.0,     0.0,     0.0,     0.0,     0.0,     0.0,     0.0,"100 MWh representing 100 NJ Class 2 RECs","006NMW","NODX","006 ","N60","FutOnly"
"PENNSYLVANIA AEC TIER 2-V2028 - NODAL EXCHANGE",260825,2026-08-25,006NMX,NODX,01,006 ,   20730,   16565,   12956,     550,       0,       0,     550,       0,       0,    3065,    7774,       0,   20730,   20730,       0,       0,   20730,   16565,   12956,     550,       0,       0,     550,       0,       0,    3065,    7774,       0,   20730,   20730,       0,       0,       0,       0,       0,       0,       0,       0,       0,       0,       0,       0,       0,       0,       0,       0,       0,       0,       0,       0,       0,       0,       0,       0,       0,       0,       0,       0,       0,       0,       0,       0,       0,       0,  100.0,   79.9,   62.5,    2.7,    0.0,    0.0,    2.7,    0.0,    0.0,   14.8,   37.5,    0.0,  100.0,  100.0,    0.0,    0.0,  100.0,   79.9,   62.5,    2.7,    0.0,    0.0,    2.7,    0.0,    0.0,   14.8,   37.5,    0.0,  100.0,  100.0,    0.0,    0.0,  100.0,    0.0,    0.0,    0.0,    0.0,    0.0,    0.0,    0.0,    0.0,    0.0,    0.0,    0.0,    0.0,    0.0,    0.0,    0.0,     27,     13,      4,.,      0,      0,.,      0,      0,      5,.,      0,     21,      6,     27,     13,      4,.,      0,      0,.,      0,      0,      5,.,      0,     21,      6,      0,      0,      0,      0,      0,      0,      0,      0,      0,      0,      0,      0,      0,      0,    55.3,    97.7,    76.7,   100.0,    55.3,    97.7,    76.7,   100.0,    55.3,    97.7,    76.7,   100.0,    55.3,    97.7,    76.7,   100.0,     0.0,     0.0,     0.0,     0.0,     0.0,     0.0,     0.0,     0.0,"(100 MWh = 100 Tier 2  AECs)","006NMX","NODX","006 ","N60","FutOnly"
"SOYBEAN OIL - CHICAGO BOARD OF TRADE",260825,2026-08-25,007601,CBT ,00,007 ,  597071,  181008,  380400,   95014,    9096,   17598,  114248,   29132,   77060,   36041,   16551,   44540,  565509,  574377,   31562,   22694,   34605,   26576,   22832,    2528,     932,       0,    1029,    3600,      23,    2994,    5461,       0,   33150,   32848,    1455,    1757,  562466,  154432,  357568,   92702,    8380,   17382,  115860,   28173,   74396,   37276,   15319,   40311,  532359,  541529,   30107,   20937,  -27362,   -7159,   -8572,   -1049,   -2374,   -3287,   -2421,    3696,   -6616,    2553,   -3928,   -4843,  -22822,  -25924,   -4540,   -1438,  100.0,   30.3,   63.7,   15.9,    1.5,    2.9,   19.1,    4.9,   12.9,    6.0,    2.8,    7.5,   94.7,   96.2,    5.3,    3.8,  100.0,   76.8,   66.0,    7.3,    2.7,    0.0,    3.0,   10.4,    0.1,    8.7,   15.8,    0.0,   95.8,   94.9,    4.2,    5.1,  100.0,   27.5,   63.6,   16.5,    1.5,    3.1,   20.6,    5.0,   13.2,    6.6,    2.7,    7.2,   94.6,   96.3,    5.4,    3.7,    326,     82,     81,     23,     10,     15,     84,     23,     51,     42,     27,     46,    281,    216,    108,     35,     35,      8,      5,      0,      6,     10,.,     11,      8,      0,     61,     58,    323,     73,     79,     22,     10,     14,     83,     25,     50,     43,     29,     45,    270,    211,    12.8,    26.6,    20.3,    38.2,     8.1,    21.6,    13.1,    30.4,    45.1,    35.2,    62.0,    50.2,    42.9,    35.2,    59.8,    50.2,    12.7,    27.1,    20.6,    39.0,     8.4,    22.5,    13.7,    33.1,"(CONTRACTS OF 60,000 POUNDS)","007601","CBT ","007 ","A30","FutOnly"
"USGC HSFO (PLATTS) - ICE FUTURES ENERGY DIV",260825,2026-08-25,02141B,IFED,01,021 ,   32617,   16142,   29502,    2114,     469,     183,      25,       0,     122,   11852,      67,    2129,   32567,   32472,      50,     145,   32617,   16142,   29502,    2114,     469,     183,      25,       0,     122,   11852,      67,    2129,   32567,   32472,      50,     145,       0,       0,       0,       0,       0,       0,       0,       0,       0,       0,       0,       0,       0,       0,       0,       0,    2777,    1169,    2580,     166,      53,      10,       0,       0,     -13,    1308,      67,      96,    2736,    2793,      41,     -16,  100.0,   49.5,   90.4,    6.5,    1.4,    0.6,    0.1,    0.0,    0.4,   36.3,    0.2,    6.5,   99.8,   99.6,    0.2,    0.4,  100.0,   49.5,   90.4,    6.5,    1.4,    0.6,    0.1,    0.0,    0.4,   36.3,    0.2,    6.5,   99.8,   99.6,    0.2,    0.4,  100.0,    0.0,    0.0,    0.0,    0.0,    0.0,    0.0,    0.0,    0.0,    0.0,    0.0,    0.0,    0.0,    0.0,    0.0,    0.0,     60,     25,     37,      4,      4,.,.,      0,.,      9,.,      7,     43,     50,     60,     25,     37,      4,      4,.,.,      0,.,      9,.,      7,     43,     50,      0,      0,      0,      0,      0,      0,      0,      0,      0,      0,      0,      0,      0,      0,    45.9,    28.7,    66.7,    51.1,    35.9,    19.7,    44.6,    32.5,    45.9,    28.7,    66.7,    51.1,    35.9,    19.7,    44.6,    32.5,     0.0,     0.0,     0.0,     0.0,     0.0,     0.0,     0.0,     0.0,"(1000 barrels)","02141B","IFED","021 ","N10","FutOnly"
"FUEL OIL-3% USGC/3.5% FOB RDAM - ICE FUTURES ENERGY DIV",260825,2026-08-25,02141C,IFED,01,021 ,   20891,   12936,    7825,    4306,    1118,     135,       0,    2760,       0,    1328,    6861,    2179,   20884,   20878,       7,      13,   20891,   12936,    7825,    4306,    1118,     135,       0,    2760,       0,    1328,    6861,    2179,   20884,   20878,       7,      13,       0,       0,       0,       0,       0,       0,       0,       0,       0,       0,       0,       0,       0,       0,       0,       0,    1092,     530,    1011,       0,      32,       0,       0,       0,       0,     -25,    -506,     580,    1085,    1117,       7,     -25,  100.0,   61.9,   37.5,   20.6,    5.4,    0.6,    0.0,   13.2,    0.0,    6.4,   32.8,   10.4,  100.0,   99.9,    0.0,    0.1,  100.0,   61.9,   37.5,   20.6,    5.4,    0.6,    0.0,   13.2,    0.0,    6.4,   32.8,   10.4,  100.0,   99.9,    0.0,    0.1,  100.0,    0.0,    0.0,    0.0,    0.0,    0.0,    0.0,    0.0,    0.0,    0.0,    0.0,    0.0,    0.0,    0.0,    0.0,    0.0,     43,     22,     18,      4,.,.,      0,.,      0,.,      7,      4,     31,     30,     43,     22,     18,      4,.,.,      0,.,      0,.,      7,      4,     31,     30,      0,      0,      0,      0,      0,      0,      0,      0,      0,      0,      0,      0,      0,      0,    39.5,    62.2,    69.5,    79.9,    36.6,    50.4,    57.1,    62.5,    39.5,    62.2,    69.5,    79.9,    36.6,    50.4,    57.1,    62.5,     0.0,     0.0,     0.0,     0.0,     0.0,     0.0,     0.0,     0.0,"(1000 barrels)","02141C","IFED","021 ","N10","FutOnly"
"USGC HSFO-PLATTS/BRENT 1ST LN  - ICE FUTURES ENERGY DIV",260825,2026-08-25,02141R,IFED,01,021 ,   16179,   12063,    7496,     298,    1873,       0,       0,       0,       0,    2015,    4946,    1738,   16114,   16053,      65,     126,   16179,   12063,    7496,     298,    1873,       0,       0,       0,       0,    2015,    4946,    1738,   16114,   16053,      65,     126,       0,       0,       0,       0,       0,       0,       0,       0,       0,       0,       0,       0,       0,       0,       0,       0,    2268,    2025,     205,      40,     553,       0,       0,       0,       0,     -47,    1295,     215,    2233,    2268,      35,       0,  100.0,   74.6,   46.3,    1.8,   11.6,    0.0,    0.0,    0.0,    0.0,   12.5,   30.6,   10.7,   99.6,   99.2,    0.4,    0.8,  100.0,   74.6,   46.3,    1.8,   11.6,    0.0,    0.0,    0.0,    0.0,   12.5,   30.6,   10.7,   99.6,   99.2,    0.4,    0.8,  100.0,    0.0,    0.0,    0.0,    0.0,    0.0,    0.0,    0.0,    0.0,    0.0,    0.0,    0.0,    0.0,    0.0,    0.0,    0.0,     44,     25,     17,.,.,      0,      0,      0,      0,.,      7,      5,     34,     27,     44,     25,     17,.,.,      0,      0,      0,      0,.,      7,      5,     34,     27,      0,      0,      0,      0,      0,      0,      0,      0,      0,      0,      0,      0,      0,      0,    66.9,    54.9,    80.7,    78.4,    57.6,    53.5,    71.2,    69.3,    66.9,    54.9,    80.7,    78.4,    57.6,    53.5,    71.2,    69.3,     0.0,     0.0,     0.0,     0.0,     0.0,     0.0,     0.0,     0.0,"(1000 Barrels)","02141R","IFED","021 ","N10","FutOnly"
"NY HARBOR ULSD - NEW YORK MERCANTILE EXCHANGE",260825,2026-08-25,022651,NYME,01,022 ,  271269,   54398,  138585,   56891,    6800,   10893,   39164,   22523,   19057,    9768,   13929,   30974,  221145,  242761,   50124,   28508,  271269,   54398,  138585,   56891,    6800,   10893,   39164,   22523,   19057,    9768,   13929,   30974,  221145,  242761,   50124,   28508,       0,       0,       0,       0,       0,       0,       0,       0,       0,       0,       0,       0,       0,       0,       0,       0,     130,    4208,    4518,     276,    -991,     593,    -370,   -1128,    -785,    -510,    1647,   -2084,    1328,    1770,   -1198,   -1640,  100.0,   20.1,   51.1,   21.0,    2.5,    4.0,   14.4,    8.3,    7.0,    3.6,    5.1,   11.4,   81.5,   89.5,   18.5,   10.5,  100.0,   20.1,   51.1,   21.0,    2.5,    4.0,   14.4,    8.3,    7.0,    3.6,    5.1,   11.4,   81.5,   89.5,   18.5,   10.5,  100.0,    0.0,    0.0,    0.0,    0.0,    0.0,    0.0,    0.0,    0.0,    0.0,    0.0,    0.0,    0.0,    0.0,    0.0,    0.0,    172,     48,     62,     18,      6,     16,     33,     14,     29,     16,     15,     25,    150,    138,    172,     48,     62,     18,      6,     16,     33,     14,     29,     16,     15,     25,    150,    138,      0,      0,      0,      0,      0,      0,      0,      0,      0,      0,      0,      0,      0,      0,    14.0,    15.7,    22.5,    27.7,    11.7,    14.0,    17.5,    20.7,    14.0,    15.7,    22.5,    27.7,    11.7,    14.0,    17.5,    20.7,     0.0,     0.0,     0.0,     0.0,     0.0,     0.0,     0.0,     0.0,"(CONTRACTS OF 42,000 U.S. GALLONS)","022651","NYME","022 ","N10","FutOnly"
"UP DOWN GC ULSD VS HO SPR - NEW YORK MERCANTILE EXCHANGE",260825,2026-08-25,022A13,NYME,01,022 ,   34741,   19064,   19415,       0,    8308,     719,       0,     282,    1026,     535,       0,     721,   22065,   30471,   12676,    4270,   34741,   19064,   19415,       0,    8308,     719,       0,     282,    1026,     535,       0,     721,   22065,   30471,   12676,    4270,       0,       0,       0,       0,       0,       0,       0,       0,       0,       0,       0,       0,       0,       0,       0,       0,    2058,    1148,    2313,       0,    -105,       0,       0,      80,      35,     350,       0,    -400,    1133,    1923,     925,     135,  100.0,   54.9,   55.9,    0.0,   23.9,    2.1,    0.0,    0.8,    3.0,    1.5,    0.0,    2.1,   63.5,   87.7,   36.5,   12.3,  100.0,   54.9,   55.9,    0.0,   23.9,    2.1,    0.0,    0.8,    3.0,    1.5,    0.0,    2.1,   63.5,   87.7,   36.5,   12.3,  100.0,    0.0,    0.0,    0.0,    0.0,    0.0,    0.0,    0.0,    0.0,    0.0,    0.0,    0.0,    0.0,    0.0,    0.0,    0.0,     26,     18,     12,      0,.,.,      0,.,.,.,      0,.,     21,     16,     26,     18,     12,      0,.,.,      0,.,.,.,      0,.,     21,     16,      0,      0,      0,      0,      0,      0,      0,      0,      0,      0,      0,      0,      0,      0,    33.5,    65.4,    45.8,    78.1,    29.3,    63.7,    36.8,    68.4,    33.5,    65.4,    45.8,    78.1,    29.3,    63.7,    36.8,    68.4,     0.0,     0.0,     0.0,     0.0,     0.0,     0.0,     0.0,     0.0,"(CONTRACTS OF 42,000 GALLONS)","022A13","NYME","022 ","N10","FutOnly"
"NAT GAS ICE LD1 - ICE FUTURES ENERGY DIV",260825,2026-08-25,023391,IFED,01,023 , 8161366, 4506775, 2407404,  835699, 3029885,  355073,  625777,  490325,  987144,  178137,  238047,  632692, 8121297, 8140570,   40069,   20796, 8161366, 4506775, 2407404,  835699, 3029885,  355073,  625777,  490325,  987144,  178137,  238047,  632692, 8121297, 8140570,   40069,   20796,       0,       0,       0,       0,       0,       0,       0,       0,       0,       0,       0,       0,       0,       0,       0,       0,  168028,   42223,    4880,   -2546,   36912,     858,   -2677,    2101,   62637,   14376,    8675,   49735,  164606,  165798,    3422,    2230,  100.0,   55.2,   29.5,   10.2,   37.1,    4.4,    7.7,    6.0,   12.1,    2.2,    2.9,    7.8,   99.5,   99.7,    0.5,    0.3,  100.0,   55.2,   29.5,   10.2,   37.1,    4.4,    7.7,    6.0,   12.1,    2.2,    2.9,    7.8,   99.5,   99.7,    0.5,    0.3,  100.0,    0.0,    0.0,    0.0,    0.0,    0.0,    0.0,    0.0,    0.0,    0.0,    0.0,    0.0,    0.0,    0.0,    0.0,    0.0,    284,    148,    114,     22,     20,     26,     14,     13,     24,     28,     28,     46,    263,    222,    284,    148,    114,     22,     20,     26,     14,     13,     24,     28,     28,     46,    263,    222,      0,      0,      0,      0,      0,      0,      0,      0,      0,      0,      0,      0,      0,      0,    21.3,    33.6,    33.8,    48.6,    16.9,    29.4,    27.8,    42.4,    21.3,    33.6,    33.8,    48.6,    16.9,    29.4,    27.8,    42.4,     0.0,     0.0,     0.0,     0.0,     0.0,     0.0,     0.0,     0.0,"(Contracts of 2,500  MMBTU'S)","023391","IFED","023 ","N13","FutOnly"
"NAT GAS ICE PEN - ICE FUTURES ENERGY DIV",260825,2026-08-25,023392,IFED,01,023 ,  752027,   98090,   95663,  195384,   84804,  148020,   13274,  165144,  104552,  119986,   81023,   72110,  751416,  751316,     611,     711,  752027,   98090,   95663,  195384,   84804,  148020,   13274,  165144,  104552,  119986,   81023,   72110,  751416,  751316,     611,     711,       0,       0,       0,       0,       0,       0,       0,       0,       0,       0,       0,       0,       0,       0,       0,       0,   39741,   -4361,   -1543,    9918,  -11366,   18820,    -234,   31015,   -1771,   12434,    -305,    4928,   39734,   39778,       7,     -37,  100.0,   13.0,   12.7,   26.0,   11.3,   19.7,    1.8,   22.0,   13.9,   16.0,   10.8,    9.6,   99.9,   99.9,    0.1,    0.1,  100.0,   13.0,   12.7,   26.0,   11.3,   19.7,    1.8,   22.0,   13.9,   16.0,   10.8,    9.6,   99.9,   99.9,    0.1,    0.1,  100.0,    0.0,    0.0,    0.0,    0.0,    0.0,    0.0,    0.0,    0.0,    0.0,    0.0,    0.0,    0.0,    0.0,    0.0,    0.0,     72,     15,     16,     12,      6,     17,      7,      6,     11,     16,      6,     19,     65,     66,     72,     15,     16,     12,      6,     17,      7,      6,     11,     16,      6,     19,     65,     66,      0,      0,      0,      0,      0,      0,      0,      0,      0,      0,      0,      0,      0,      0,    35.4,    44.7,    55.2,    70.5,    21.9,    32.5,    32.2,    41.1,    35.4,    44.7,    55.2,    70.5,    21.9,    32.5,    32.2,    41.1,     0.0,     0.0,     0.0,     0.0,     0.0,     0.0,     0.0,     0.0,"(Contracts of 2,500  MMBTU'S)","023392","IFED","023 ","N13","FutOnly"
"SOCAL BORDER FIN BASIS - ICE FUTURES ENERGY DIV",260825,2026-08-25,023393,IFED,01,023 ,  274029,  151570,  217840,   62008,   13601,   17276,   16711,    4347,    6181,    2452,     615,    4114,  260312,  263974,   13717,   10055,  274029,  151570,  217840,   62008,   13601,   17276,   16711,    4347,    6181,    2452,     615,    4114,  260312,  263974,   13717,   10055,       0,       0,       0,       0,       0,       0,       0,       0,       0,       0,       0,       0,       0,       0,       0,       0,    1885,    3659,    4314,    2931,   -2288,     -18,   -5802,    -811,     142,      30,       0,     516,    1458,    1855,     427,      30,  100.0,   55.3,   79.5,   22.6,    5.0,    6.3,    6.1,    1.6,    2.3,    0.9,    0.2,    1.5,   95.0,   96.3,    5.0,    3.7,  100.0,   55.3,   79.5,   22.6,    5.0,    6.3,    6.1,    1.6,    2.3,    0.9,    0.2,    1.5,   95.0,   96.3,    5.0,    3.7,  100.0,    0.0,    0.0,    0.0,    0.0,    0.0,    0.0,    0.0,    0.0,    0.0,    0.0,    0.0,    0.0,    0.0,    0.0,    0.0,     53,     26,     25,      5,      4,      6,      4,      4,      4,      4,.,      5,     47,     43,     53,     26,     25,      5,      4,      6,      4,      4,      4,      4,.,      5,     47,     43,      0,      0,      0,      0,      0,      0,      0,      0,      0,      0,      0,      0,      0,      0,    41.3,    57.3,    59.1,    68.6,    39.5,    53.0,    56.3,    62.1,    41.3,    57.3,    59.1,    68.6,    39.5,    53.0,    56.3,    62.1,     0.0,     0.0,     0.0,     0.0,     0.0,     0.0,     0.0,     0.0,"(Contracts of 2,500  MMBTU'S)","023393","IFED","023 ","N13","FutOnly"
"PG&E CITYGATE FIN BASIS - ICE FUTURES ENERGY DIV",260825,2026-08-25,023394,IFED,01,023 ,  191612,  150002,  142812,   14009,   23923,    6637,    3963,    6426,    4497,    3648,    1612,     473,  183229,  186380,    8383,    5232,  191612,  150002,  142812,   14009,   23923,    6637,    3963,    6426,    4497,    3648,    1612,     473,  183229,  186380,    8383,    5232,       0,       0,       0,       0,       0,       0,       0,       0,       0,       0,       0,       0,       0,       0,       0,       0,   10215,    8859,   11689,    1948,    -467,     529,    -586,   -1700,      71,    1076,     308,    -270,   11627,   10160,   -1412,      55,  100.0,   78.3,   74.5,    7.3,   12.5,    3.5,    2.1,    3.4,    2.3,    1.9,    0.8,    0.2,   95.6,   97.3,    4.4,    2.7,  100.0,   78.3,   74.5,    7.3,   12.5,    3.5,    2.1,    3.4,    2.3,    1.9,    0.8,    0.2,   95.6,   97.3,    4.4,    2.7,  100.0,    0.0,    0.0,    0.0,    0.0,    0.0,    0.0,    0.0,    0.0,    0.0,    0.0,    0.0,    0.0,    0.0,    0.0,    0.0,     50,     29,     24,      6,.,      9,.,      4,      4,.,.,.,     47,     42,     50,     29,     24,      6,.,      9,.,      4,      4,.,.,.,     47,     42,      0,      0,      0,      0,      0,      0,      0,      0,      0,      0,      0,      0,      0,      0,    49.0,    61.3,    62.4,    76.7,    48.8,    55.8,    60.1,    69.1,    49.0,    61.3,    62.4,    76.7,    48.8,    55.8,    60.1,    69.1,     0.0,     0.0,     0.0,     0.0,     0.0,     0.0,     0.0,     0.0,"(Contracts of 2,500  MMBTU'S)","023394","IFED","023 ","N13","FutOnly"
"NWP ROCKIES FIN BASIS - ICE FUTURES ENERGY DIV",260825,2026-08-25,023395,IFED,01,023 ,  388712,  247118,  225011,   75448,  121932,   15508,   28310,    2482,    4952,     434,    2834,    3900,  375670,  376619,   13042,   12093,  388712,  247118,  225011,   75448,  121932,   15508,   28310,    2482,    4952,     434,    2834,    3900,  375670,  376619,   13042,   12093,       0,       0,       0,       0,       0,       0,       0,       0,       0,       0,       0,       0,       0,       0,       0,       0,    9034,    4940,    2308,   -4410,   -1625,    4866,    1230,    -452,     936,     434,     -40,     -35,    7961,    5958,    1073,    3076,  100.0,   63.6,   57.9,   19.4,   31.4,    4.0,    7.3,    0.6,    1.3,    0.1,    0.7,    1.0,   96.6,   96.9,    3.4,    3.1,  100.0,   63.6,   57.9,   19.4,   31.4,    4.0,    7.3,    0.6,    1.3,    0.1,    0.7,    1.0,   96.6,   96.9,    3.4,    3.1,  100.0,    0.0,    0.0,    0.0,    0.0,    0.0,    0.0,    0.0,    0.0,    0.0,    0.0,    0.0,    0.0,    0.0,    0.0,    0.0,     68,     28,     30,      9,      8,     11,      9,.,      4,.,.,.,     56,     51,     68,     28,     30,      9,      8,     11,      9,.,      4,.,.,.,     56,     51,      0,      0,      0,      0,      0,      0,      0,      0,      0,      0,      0,      0,      0,      0,    48.0,    42.9,    64.8,    62.5,    35.9,    37.2,    49.9,    49.6,    48.0,    42.9,    64.8,    62.5,    35.9,    37.2,    49.9,    49.6,     0.0,     0.0,     0.0,     0.0,     0.0,     0.0,     0.0,     0.0,"(Contracts of 2,500  MMBTU'S)","023395","IFED","023 ","N13","FutOnly"
"AECO FIN BASIS - ICE FUTURES ENERGY DIV",260825,2026-08-25,023396,IFED,01,023 ,  987743,  845219,  228084,   57499,  707527,   25337,   15035,    4116,   10889,   15144,    5384,     776,  969899,  982113,   17844,    5630,  987743,  845219,  228084,   57499,  707527,   25337,   15035,    4116,   10889,   15144,    5384,     776,  969899,  982113,   17844,    5630,       0,       0,       0,       0,       0,       0,       0,       0,       0,       0,       0,       0,       0,       0,       0,       0,    3291,    3090,      -6,     572,    1832,     288,     -93,     210,     702,      93,    1156,    -898,    3754,    3284,    -463,       7,  100.0,   85.6,   23.1,    5.8,   71.6,    2.6,    1.5,    0.4,    1.1,    1.5,    0.5,    0.1,   98.2,   99.4,    1.8,    0.6,  100.0,   85.6,   23.1,    5.8,   71.6,    2.6,    1.5,    0.4,    1.1,    1.5,    0.5,    0.1,   98.2,   99.4,    1.8,    0.6,  100.0,    0.0,    0.0,    0.0,    0.0,    0.0,    0.0,    0.0,    0.0,    0.0,    0.0,    0.0,    0.0,    0.0,    0.0,    0.0,     61,     33,     22,      5,      8,      8,      6,.,      8,.,.,.,     54,     44,     61,     33,     22,      5,      8,      8,      6,.,      8,.,.,.,     54,     44,      0,      0,      0,      0,      0,      0,      0,      0,      0,      0,      0,      0,      0,      0,    44.6,    52.3,    60.0,    78.2,    39.5,    52.3,    54.4,    74.0,    44.6,    52.3,    60.0,    78.2,    39.5,    52.3,    54.4,    74.0,     0.0,     0.0,     0.0,     0.0,     0.0,     0.0,     0.0,     0.0,"(Contracts of 2,500  MMBTU'S)","023396","IFED","023 ","N13","FutOnly"
"CHICAGO FIN BASIS - ICE FUTURES ENERGY DIV",260825,2026-08-25,023397,IFED,01,023 ,  368563,  281225,  314290,   54105,   31185,    4688,   10277,    1784,    2990,    3624,    1807,    2223,  359132,  358967,    9431,    9596,  368563,  281225,  314290,   54105,   31185,    4688,   10277,    1784,    2990,    3624,    1807,    2223,  359132,  358967,    9431,    9596,       0,       0,       0,       0,       0,       0,       0,       0,       0,       0,       0,       0,       0,       0,       0,       0,    6406,    3309,    2404,   -1548,    1448,     745,    5593,    -463,    -202,   -1650,    1286,     556,    6803,    5774,    -397,     632,  100.0,   76.3,   85.3,   14.7,    8.5,    1.3,    2.8,    0.5,    0.8,    1.0,    0.5,    0.6,   97.4,   97.4,    2.6,    2.6,  100.0,   76.3,   85.3,   14.7,    8.5,    1.3,    2.8,    0.5,    0.8,    1.0,    0.5,    0.6,   97.4,   97.4,    2.6,    2.6,  100.0,    0.0,    0.0,    0.0,    0.0,    0.0,    0.0,    0.0,    0.0,    0.0,    0.0,    0.0,    0.0,    0.0,    0.0,    0.0,     62,     32,     30,      8,.,      5,      6,.,.,.,.,.,     52,     44,     62,     32,     30,      8,.,      5,      6,.,.,.,.,.,     52,     44,      0,      0,      0,      0,      0,      0,      0,      0,      0,      0,      0,      0,      0,      0,    43.2,    40.5,    59.9,    65.0,    32.7,    33.0,    42.2,    43.6,    43.2,    40.5,    59.9,    65.0,    32.7,    33.0,    42.2,    43.6,     0.0,     0.0,     0.0,     0.0,     0.0,     0.0,     0.0,     0.0,"(Contracts of 2,500  MMBTU'S)","023397","IFED","023 ","N13","FutOnly"
"HSC FIN BASIS - ICE FUTURES ENERGY DIV",260825,2026-08-25,023398,IFED,01,023 ,  896328,  578289,  538059,  239875,  135439,   34573,    2070,  126645,   21299,    9717,   28635,    4273,  890096,  888923,    6232,    7405,  896328,  578289,  538059,  239875,  135439,   34573,    2070,  126645,   21299,    9717,   28635,    4273,  890096,  888923,    6232,    7405,       0,       0,       0,       0,       0,       0,       0,       0,       0,       0,       0,       0,       0,       0,       0,       0,   16474,   12551,    7089,    2280,   -2876,    -269,      30,    7194,     546,    1009,    6176,     929,   17076,   18789,    -602,   -2315,  100.0,   64.5,   60.0,   26.8,   15.1,    3.9,    0.2,   14.1,    2.4,    1.1,    3.2,    0.5,   99.3,   99.2,    0.7,    0.8,  100.0,   64.5,   60.0,   26.8,   15.1,    3.9,    0.2,   14.1,    2.4,    1.1,    3.2,    0.5,   99.3,   99.2,    0.7,    0.8,  100.0,    0.0,    0.0,    0.0,    0.0,    0.0,    0.0,    0.0,    0.0,    0.0,    0.0,    0.0,    0.0,    0.0,    0.0,    0.0,    100,     46,     42,      9,     12,     11,.,     13,      6,      4,      5,.,     72,     81,    100,     46,     42,      9,     12,     11,.,     13,      6,      4,      5,.,     72,     81,      0,      0,      0,      0,      0,      0,      0,      0,      0,      0,      0,      0,      0,      0,    29.6,    26.7,    50.2,    42.7,    28.8,    26.0,    47.5,    40.9,    29.6,    26.7,    50.2,    42.7,    28.8,    26.0,    47.5,    40.9,     0.0,     0.0,     0.0,     0.0,     0.0,     0.0,     0.0,     0.0,"(Contracts of 2,500  MMBTU'S)","023398","IFED","023 ","N13","FutOnly"
"WAHA FIN BASIS - ICE FUTURES ENERGY DIV",260825,2026-08-25,023399,IFED,01,023 ,  739127,  621552,  291523,   25648,  349485,   15636,   30498,   12712,   28667,     674,   21799,   12521,  735196,  732343,    3931,    6784,  739127,  621552,  291523,   25648,  349485,   15636,   30498,   12712,   28667,     674,   21799,   12521,  735196,  732343,    3931,    6784,       0,       0,       0,       0,       0,       0,       0,       0,       0,       0,       0,       0,       0,       0,       0,       0,   17718,   15835,   15135,    -778,    1562,     618,    4457,      69,   -1030,     674,     520,       7,   19783,   16881,   -2065,     837,  100.0,   84.1,   39.4,    3.5,   47.3,    2.1,    4.1,    1.7,    3.9,    0.1,    2.9,    1.7,   99.5,   99.1,    0.5,    0.9,  100.0,   84.1,   39.4,    3.5,   47.3,    2.1,    4.1,    1.7,    3.9,    0.1,    2.9,    1.7,   99.5,   99.1,    0.5,    0.9,  100.0,    0.0,    0.0,    0.0,    0.0,    0.0,    0.0,    0.0,    0.0,    0.0,    0.0,    0.0,    0.0,    0.0,    0.0,    0.0,     83,     44,     29,      5,     16,     13,      6,      4,      7,.,      4,.,     72,     62,     83,     44,     29,      5,     16,     13,      6,      4,      7,.,      4,.,     72,     62,      0,      0,      0,      0,      0,      0,      0,      0,      0,      0,      0,      0,      0,      0,    27.5,    40.0,    46.5,    60.0,    22.0,    35.0,    38.2,    50.8,    27.5,    40.0,    46.5,    60.0,    22.0,    35.0,    38.2,    50.8,     0.0,     0.0,     0.0,     0.0,     0.0,     0.0,     0.0,     0.0,"(Contracts of 2,500  MMBTU'S)","023399","IFED","023 ","N13","FutOnly"
"ALGONQUIN CITYGATES BASIS - ICE FUTURES ENERGY DIV",260825,2026-08-25,02339E,IFED,01,023 ,  110333,   86658,   92429,   15635,       0,     155,     300,    3164,       0,    1977,    5490,     396,  105121,  101634,    5212,    8699,  110333,   86658,   92429,   15635,       0,     155,     300,    3164,       0,    1977,    5490,     396,  105121,  101634,    5212,    8699,       0,       0,       0,       0,       0,       0,       0,       0,       0,       0,       0,       0,       0,       0,       0,       0,    1882,    2860,    2220,       0,       0,       0,     -75,     737,    -516,     570,    -180,     391,    3230,    2652,   -1348,    -770,  100.0,   78.5,   83.8,   14.2,    0.0,    0.1,    0.3,    2.9,    0.0,    1.8,    5.0,    0.4,   95.3,   92.1,    4.7,    7.9,  100.0,   78.5,   83.8,   14.2,    0.0,    0.1,    0.3,    2.9,    0.0,    1.8,    5.0,    0.4,   95.3,   92.1,    4.7,    7.9,  100.0,    0.0,    0.0,    0.0,    0.0,    0.0,    0.0,    0.0,    0.0,    0.0,    0.0,    0.0,    0.0,    0.0,    0.0,    0.0,     31,     10,     14,      4,      0,.,.,.,      0,.,.,.,     17,     22,     31,     10,     14,      4,      0,.,.,.,      0,.,.,.,     17,     22,      0,      0,      0,      0,      0,      0,      0,      0,      0,      0,      0,      0,      0,      0,    70.6,    59.6,    86.7,    78.5,    67.9,    58.3,    82.7,    76.3,    70.6,    59.6,    86.7,    78.5,    67.9,    58.3,    82.7,    76.3,     0.0,     0.0,     0.0,     0.0,     0.0,     0.0,     0.0,     0.0,"(Contracts of 2,500  MMBTU'S)","02339E","IFED","023 ","N13","FutOnly"
"CG-MAINLINE FINANCIAL INDEX - ICE FUTURES ENERGY DIV",260825,2026-08-25,02339P,IFED,01,023 ,   40863,   32348,   28088,    4302,    1456,       0,    2324,    9072,     496,    1208,       0,       0,   40678,   39112,     185,    1751,   40863,   32348,   28088,    4302,    1456,       0,    2324,    9072,     496,    1208,       0,       0,   40678,   39112,     185,    1751,       0,       0,       0,       0,       0,       0,       0,       0,       0,       0,       0,       0,       0,       0,       0,       0,    6410,    3016,    3340,    -450,     960,       0,    2324,    1312,     496,    1208,       0,       0,    6594,    6108,    -184,     302,  100.0,   79.2,   68.7,   10.5,    3.6,    0.0,    5.7,   22.2,    1.2,    3.0,    0.0,    0.0,   99.5,   95.7,    0.5,    4.3,  100.0,   79.2,   68.7,   10.5,    3.6,    0.0,    5.7,   22.2,    1.2,    3.0,    0.0,    0.0,   99.5,   95.7,    0.5,    4.3,  100.0,    0.0,    0.0,    0.0,    0.0,    0.0,    0.0,    0.0,    0.0,    0.0,    0.0,    0.0,    0.0,    0.0,    0.0,    0.0,     32,     13,     11,.,.,      0,.,.,.,.,      0,      0,     19,     15,     32,     13,     11,.,.,      0,.,.,.,.,      0,      0,     19,     15,      0,      0,      0,      0,      0,      0,      0,      0,      0,      0,      0,      0,      0,      0,    59.6,    49.6,    80.5,    79.4,    59.6,    49.6,    79.3,    77.7,    59.6,    49.6,    80.5,    79.4,    59.6,    49.6,    79.3,    77.7,     0.0,     0.0,     0.0,     0.0,     0.0,     0.0,     0.0,     0.0,"(Contracts of 2,500  MMBTU'S)","02339P","IFED","023 ","N13","FutOnly"
"CHICAGO CITYGATE (INDEX) - ICE FUTURES ENERGY DIV",260825,2026-08-25,02339Q,IFED,01,023 ,   98194,   63255,   88929,   29902,    2468,    1812,     550,    2048,     750,       0,     300,       0,   96269,   96307,    1925,    1887,   98194,   63255,   88929,   29902,    2468,    1812,     550,    2048,     750,       0,     300,       0,   96269,   96307,    1925,    1887,       0,       0,       0,       0,       0,       0,       0,       0,       0,       0,       0,       0,       0,       0,       0,       0,    5468,    4388,    5078,      90,       0,       0,     240,    -510,     510,       0,       0,       0,    5228,    5078,     240,     390,  100.0,   64.4,   90.6,   30.5,    2.5,    1.8,    0.6,    2.1,    0.8,    0.0,    0.3,    0.0,   98.0,   98.1,    2.0,    1.9,  100.0,   64.4,   90.6,   30.5,    2.5,    1.8,    0.6,    2.1,    0.8,    0.0,    0.3,    0.0,   98.0,   98.1,    2.0,    1.9,  100.0,    0.0,    0.0,    0.0,    0.0,    0.0,    0.0,    0.0,    0.0,    0.0,    0.0,    0.0,    0.0,    0.0,    0.0,    0.0,     40,     23,     17,      6,.,.,.,.,.,      0,.,      0,     32,     20,     40,     23,     17,      6,.,.,.,.,.,      0,.,      0,     32,     20,      0,      0,      0,      0,      0,      0,      0,      0,      0,      0,      0,      0,      0,      0,    52.4,    68.7,    72.3,    86.8,    51.5,    63.9,    66.2,    75.6,    52.4,    68.7,    72.3,    86.8,    51.5,    63.9,    66.2,    75.6,     0.0,     0.0,     0.0,     0.0,     0.0,     0.0,     0.0,     0.0,"(Contracts of 2,500  MMBTU'S)","02339Q","IFED","023 ","N13","FutOnly"
"CIG ROCKIES FINANCIAL INDEX - ICE FUTURES ENERGY DIV",260825,2026-08-25,02339S,IFED,01,023 ,   31788,   28156,   15102,     580,     360,     124,       0,   13935,     248,     427,     436,      60,   29595,   30265,    2193,    1523,   31788,   28156,   15102,     580,     360,     124,       0,   13935,     248,     427,     436,      60,   29595,   30265,    2193,    1523,       0,       0,       0,       0,       0,       0,       0,       0,       0,       0,       0,       0,       0,       0,       0,       0,    1920,     960,    4560,     390,     360,    -120,       0,   -3000,       0,     150,      30,     -30,    1350,    1800,     570,     120,  100.0,   88.6,   47.5,    1.8,    1.1,    0.4,    0.0,   43.8,    0.8,    1.3,    1.4,    0.2,   93.1,   95.2,    6.9,    4.8,  100.0,   88.6,   47.5,    1.8,    1.1,    0.4,    0.0,   43.8,    0.8,    1.3,    1.4,    0.2,   93.1,   95.2,    6.9,    4.8,  100.0,    0.0,    0.0,    0.0,    0.0,    0.0,    0.0,    0.0,    0.0,    0.0,    0.0,    0.0,    0.0,    0.0,    0.0,    0.0,     31,     18,     16,.,.,.,      0,      4,.,.,.,.,     22,     23,     31,     18,     16,.,.,.,      0,      4,.,.,.,.,     22,     23,      0,      0,      0,      0,      0,      0,      0,      0,      0,      0,      0,      0,      0,      0,    53.8,    62.2,    73.9,    77.4,    34.0,    49.6,    51.1,    58.8,    53.8,    62.2,    73.9,    77.4,    34.0,    49.6,    51.1,    58.8,     0.0,     0.0,     0.0,     0.0,     0.0,     0.0,     0.0,     0.0,"(Contracts of 2,500 MMBTU'S)","02339S","IFED","023 ","N13","FutOnly"
"CIG ROCKIES BASIS - ICE FUTURES ENERGY DIV",260825,2026-08-25,02339U,IFED,01,023 ,  430458,  388553,  144297,    2948,  206128,    9612,   11066,   52454,    4460,    2792,    4006,     551,  419982,  421508,   10476,    8950,  430458,  388553,  144297,    2948,  206128,    9612,   11066,   52454,    4460,    2792,    4006,     551,  419982,  421508,   10476,    8950,       0,       0,       0,       0,       0,       0,       0,       0,       0,       0,       0,       0,       0,       0,       0,       0,    9278,   10271,   -2207,    -214,    8173,    -140,     290,    2759,      -3,     279,       0,    -248,   10235,    8334,    -957,     944,  100.0,   90.3,   33.5,    0.7,   47.9,    2.2,    2.6,   12.2,    1.0,    0.6,    0.9,    0.1,   97.6,   97.9,    2.4,    2.1,  100.0,   90.3,   33.5,    0.7,   47.9,    2.2,    2.6,   12.2,    1.0,    0.6,    0.9,    0.1,   97.6,   97.9,    2.4,    2.1,  100.0,    0.0,    0.0,    0.0,    0.0,    0.0,    0.0,    0.0,    0.0,    0.0,    0.0,    0.0,    0.0,    0.0,    0.0,    0.0,     60,     33,     20,.,     12,      7,.,      6,      5,.,.,.,     50,     43,     60,     33,     20,.,     12,      7,.,      6,      5,.,.,.,     50,     43,      0,      0,      0,      0,      0,      0,      0,      0,      0,      0,      0,      0,      0,      0,    47.6,    55.5,    63.4,    73.6,    36.5,    48.2,    49.6,    58.0,    47.6,    55.5,    63.4,    73.6,    36.5,    48.2,    49.6,    58.0,     0.0,     0.0,     0.0,     0.0,     0.0,     0.0,     0.0,     0.0,"2500 mmbtu","02339U","IFED","023 ","N13","FutOnly"
"TCO Basis  - ICE FUTURES ENERGY DIV",260825,2026-08-25,02339W,IFED,01,023 ,  229711,  197888,   34386,   16947,  174613,    7728,     316,    1251,     902,       0,       0,       0,  223781,  218880,    5930,   10831,  229711,  197888,   34386,   16947,  174613,    7728,     316,    1251,     902,       0,       0,       0,  223781,  218880,    5930,   10831,       0,       0,       0,       0,       0,       0,       0,       0,       0,       0,       0,       0,       0,       0,       0,       0,    4108,    4199,    2511,    1631,    2410,    -562,    -966,       0,     390,       0,       0,       0,    4692,    4749,    -584,    -641,  100.0,   86.1,   15.0,    7.4,   76.0,    3.4,    0.1,    0.5,    0.4,    0.0,    0.0,    0.0,   97.4,   95.3,    2.6,    4.7,  100.0,   86.1,   15.0,    7.4,   76.0,    3.4,    0.1,    0.5,    0.4,    0.0,    0.0,    0.0,   97.4,   95.3,    2.6,    4.7,  100.0,    0.0,    0.0,    0.0,    0.0,    0.0,    0.0,    0.0,    0.0,    0.0,    0.0,    0.0,    0.0,    0.0,    0.0,    0.0,     40,     20,     11,.,     11,      4,.,.,.,      0,      0,      0,     26,     27,     40,     20,     11,.,     11,      4,.,.,.,      0,      0,      0,     26,     27,      0,      0,      0,      0,      0,      0,      0,      0,      0,      0,      0,      0,      0,      0,    51.5,    53.9,    72.7,    77.6,    51.4,    53.3,    71.4,    76.7,    51.5,    53.9,    72.7,    77.6,    51.4,    53.3,    71.4,    76.7,     0.0,     0.0,     0.0,     0.0,     0.0,     0.0,     0.0,     0.0,"2500 mm btu","02339W","IFED","023 ","N13","FutOnly"
"CG Mainline Basis - ICE FUTURES ENERGY DIV",260825,2026-08-25,02339Y,IFED,01,023 ,  342930,  319500,  224296,    1980,   86963,    4788,    3191,   18570,    2860,    3624,      31,     212,  336155,  337720,    6775,    5210,  342930,  319500,  224296,    1980,   86963,    4788,    3191,   18570,    2860,    3624,      31,     212,  336155,  337720,    6775,    5210,       0,       0,       0,       0,       0,       0,       0,       0,       0,       0,       0,       0,       0,       0,       0,       0,   12063,   10429,    4870,     429,    8112,    -762,    -600,     240,     180,    1812,       0,       0,   11488,   12640,     575,    -577,  100.0,   93.2,   65.4,    0.6,   25.4,    1.4,    0.9,    5.4,    0.8,    1.1,    0.0,    0.1,   98.0,   98.5,    2.0,    1.5,  100.0,   93.2,   65.4,    0.6,   25.4,    1.4,    0.9,    5.4,    0.8,    1.1,    0.0,    0.1,   98.0,   98.5,    2.0,    1.5,  100.0,    0.0,    0.0,    0.0,    0.0,    0.0,    0.0,    0.0,    0.0,    0.0,    0.0,    0.0,    0.0,    0.0,    0.0,    0.0,     46,     18,     16,.,      9,      4,.,      6,.,.,.,.,     30,     33,     46,     18,     16,.,      9,      4,.,      6,.,.,.,.,     30,     33,      0,      0,      0,      0,      0,      0,      0,      0,      0,      0,      0,      0,      0,      0,    75.2,    66.0,    87.4,    79.2,    74.9,    65.9,    86.6,    78.1,    75.2,    66.0,    87.4,    79.2,    74.9,    65.9,    86.6,    78.1,     0.0,     0.0,     0.0,     0.0,     0.0,     0.0,     0.0,     0.0,"2500 mmbtu","02339Y","IFED","023 ","N13","FutOnly"
"DOMINION - SOUTH POINT - ICE FUTURES ENERGY DIV",260825,2026-08-25,0233A2,IFED,01,023 ,   48592,   20360,   35604,   12094,    3439,    1718,    8189,    4714,     697,    2468,       0,       0,   45526,   46172,    3066,    2420,   48592,   20360,   35604,   12094,    3439,    1718,    8189,    4714,     697,    2468,       0,       0,   45526,   46172,    3066,    2420,       0,       0,       0,       0,       0,       0,       0,       0,       0,       0,       0,       0,       0,       0,       0,       0,    3638,    3390,    2563,      60,     -98,     338,     390,    2097,     -90,    -330,    -540,       0,    3758,    4270,    -120,    -632,  100.0,   41.9,   73.3,   24.9,    7.1,    3.5,   16.9,    9.7,    1.4,    5.1,    0.0,    0.0,   93.7,   95.0,    6.3,    5.0,  100.0,   41.9,   73.3,   24.9,    7.1,    3.5,   16.9,    9.7,    1.4,    5.1,    0.0,    0.0,   93.7,   95.0,    6.3,    5.0,  100.0,    0.0,    0.0,    0.0,    0.0,    0.0,    0.0,    0.0,    0.0,    0.0,    0.0,    0.0,    0.0,    0.0,    0.0,    0.0,     37,     16,     19,.,.,.,.,.,.,.,      0,      0,     24,     24,     37,     16,     19,.,.,.,.,.,.,.,      0,      0,     24,     24,      0,      0,      0,      0,      0,      0,      0,      0,      0,      0,      0,      0,      0,      0,    52.0,    42.7,    68.3,    70.1,    52.0,    37.1,    67.2,    57.9,    52.0,    42.7,    68.3,    70.1,    52.0,    37.1,    67.2,    57.9,     0.0,     0.0,     0.0,     0.0,     0.0,     0.0,     0.0,     0.0,"2500 mmbtu","0233A2","IFED","023 ","N13","FutOnly"
"DOMINION - SOUTH POINT (BASIS) - ICE FUTURES ENERGY DIV",260825,2026-08-25,0233A3,IFED,01,023 ,  774614,  636208,  197209,   12638,  448249,   36394,   27770,   49609,   18534,   15391,    7535,    8984,  755919,  766514,   18695,    8100,  774614,  636208,  197209,   12638,  448249,   36394,   27770,   49609,   18534,   15391,    7535,    8984,  755919,  766514,   18695,    8100,       0,       0,       0,       0,       0,       0,       0,       0,       0,       0,       0,       0,       0,       0,       0,       0,    3173,    3081,    -921,    -586,    1157,     546,    -255,    1059,     806,   -1733,    -442,    1344,    3203,    3549,     -30,    -376,  100.0,   82.1,   25.5,    1.6,   57.9,    4.7,    3.6,    6.4,    2.4,    2.0,    1.0,    1.2,   97.6,   99.0,    2.4,    1.0,  100.0,   82.1,   25.5,    1.6,   57.9,    4.7,    3.6,    6.4,    2.4,    2.0,    1.0,    1.2,   97.6,   99.0,    2.4,    1.0,  100.0,    0.0,    0.0,    0.0,    0.0,    0.0,    0.0,    0.0,    0.0,    0.0,    0.0,    0.0,    0.0,    0.0,    0.0,    0.0,     93,     44,     35,.,     17,     11,.,     15,      7,      4,      5,      6,     71,     77,     93,     44,     35,.,     17,     11,.,     15,      7,      4,      5,      6,     71,     77,      0,      0,      0,      0,      0,      0,      0,      0,      0,      0,      0,      0,      0,      0,    33.7,    37.4,    49.2,    53.8,    33.0,    33.3,    45.1,    49.4,    33.7,    37.4,    49.2,    53.8,    33.0,    33.3,    45.1,    49.4,     0.0,     0.0,     0.0,     0.0,     0.0,     0.0,     0.0,     0.0,"2500 mmbtu","0233A3","IFED","023 ","N13","FutOnly"
"EP SAN JUAN BASIS - ICE FUTURES ENERGY DIV",260825,2026-08-25,0233A8,IFED,01,023 ,  272256,  165432,  198501,   68398,   42698,   16336,    2638,     458,    1230,    1120,    6627,     856,  256010,  266706,   16246,    5550,  272256,  165432,  198501,   68398,   42698,   16336,    2638,     458,    1230,    1120,    6627,     856,  256010,  266706,   16246,    5550,       0,       0,       0,       0,       0,       0,       0,       0,       0,       0,       0,       0,       0,       0,       0,       0,    1477,   -3866,    6359,    2505,   -4171,     271,    -122,     -30,       0,      29,     -90,       0,   -1183,    2339,    2660,    -862,  100.0,   60.8,   72.9,   25.1,   15.7,    6.0,    1.0,    0.2,    0.5,    0.4,    2.4,    0.3,   94.0,   98.0,    6.0,    2.0,  100.0,   60.8,   72.9,   25.1,   15.7,    6.0,    1.0,    0.2,    0.5,    0.4,    2.4,    0.3,   94.0,   98.0,    6.0,    2.0,  100.0,    0.0,    0.0,    0.0,    0.0,    0.0,    0.0,    0.0,    0.0,    0.0,    0.0,    0.0,    0.0,    0.0,    0.0,    0.0,     35,     14,     14,      6,      5,      7,.,.,.,.,.,.,     27,     27,     35,     14,     14,      6,      5,      7,.,.,.,.,.,.,     27,     27,      0,      0,      0,      0,      0,      0,      0,      0,      0,      0,      0,      0,      0,      0,    48.7,    74.6,    74.1,    86.4,    36.7,    56.1,    56.3,    65.6,    48.7,    74.6,    74.1,    86.4,    36.7,    56.1,    56.3,    65.6,     0.0,     0.0,     0.0,     0.0,     0.0,     0.0,     0.0,     0.0,"2500 mmbtu","0233A8","IFED","023 ","N13","FutOnly"
"HENRY HUB BASIS - ICE FUTURES ENERGY DIV",260825,2026-08-25,0233AG,IFED,01,023 ,  125882,   42691,   90625,   43688,    1434,    2065,   26690,   19004,    4470,    2402,    5039,    2069,  124075,  124706,    1807,    1176,  125882,   42691,   90625,   43688,    1434,    2065,   26690,   19004,    4470,    2402,    5039,    2069,  124075,  124706,    1807,    1176,       0,       0,       0,       0,       0,       0,       0,       0,       0,       0,       0,       0,       0,       0,       0,       0,   13889,   12392,    7050,   -3772,       0,     509,   -1739,   -2430,    4470,     872,    2131,    1829,   14561,   13559,    -672,     330,  100.0,   33.9,   72.0,   34.7,    1.1,    1.6,   21.2,   15.1,    3.6,    1.9,    4.0,    1.6,   98.6,   99.1,    1.4,    0.9,  100.0,   33.9,   72.0,   34.7,    1.1,    1.6,   21.2,   15.1,    3.6,    1.9,    4.0,    1.6,   98.6,   99.1,    1.4,    0.9,  100.0,    0.0,    0.0,    0.0,    0.0,    0.0,    0.0,    0.0,    0.0,    0.0,    0.0,    0.0,    0.0,    0.0,    0.0,    0.0,     62,     21,     21,      9,.,.,      6,.,.,.,      6,.,     41,     36,     62,     21,     21,      9,.,.,      6,.,.,.,      6,.,     41,     36,      0,      0,      0,      0,      0,      0,      0,      0,      0,      0,      0,      0,      0,      0,    40.4,    50.6,    62.3,    72.8,    38.2,    49.2,    60.0,    71.0,    40.4,    50.6,    62.3,    72.8,    38.2,    49.2,    60.0,    71.0,     0.0,     0.0,     0.0,     0.0,     0.0,     0.0,     0.0,     0.0,"2500 mmbtu","0233AG","IFED","023 ","N13","FutOnly"
"HENRY HUB INDEX - ICE FUTURES ENERGY DIV",260825,2026-08-25,0233AH,IFED,01,023 ,  174650,   70109,  117030,   48318,    1819,    2026,   32148,   32459,    6408,   10291,   10490,    2802,  172102,  173034,    2548,    1616,  174650,   70109,  117030,   48318,    1819,    2026,   32148,   32459,    6408,   10291,   10490,    2802,  172102,  173034,    2548,    1616,       0,       0,       0,       0,       0,       0,       0,       0,       0,       0,       0,       0,       0,       0,       0,       0,   15698,   11385,    8711,   -1644,    -210,     780,   -2220,   -2522,    4742,    3416,    5368,    -834,   15625,   16035,      73,    -337,  100.0,   40.1,   67.0,   27.7,    1.0,    1.2,   18.4,   18.6,    3.7,    5.9,    6.0,    1.6,   98.5,   99.1,    1.5,    0.9,  100.0,   40.1,   67.0,   27.7,    1.0,    1.2,   18.4,   18.6,    3.7,    5.9,    6.0,    1.6,   98.5,   99.1,    1.5,    0.9,  100.0,    0.0,    0.0,    0.0,    0.0,    0.0,    0.0,    0.0,    0.0,    0.0,    0.0,    0.0,    0.0,    0.0,    0.0,    0.0,     80,     33,     36,      8,.,      4,      7,.,      7,      5,      5,      6,     59,     56,     80,     33,     36,      8,.,      4,      7,.,      7,      5,      5,      6,     59,     56,      0,      0,      0,      0,      0,      0,      0,      0,      0,      0,      0,      0,      0,      0,    41.0,    40.9,    56.7,    59.1,    37.6,    39.4,    52.1,    56.1,    41.0,    40.9,    56.7,    59.1,    37.6,    39.4,    52.1,    56.1,     0.0,     0.0,     0.0,     0.0,     0.0,     0.0,     0.0,     0.0,"2500 mmbtu","0233AH","IFED","023 ","N13","FutOnly"
"HOUSTON SHIP CHANNEL (INDEX) - ICE FUTURES ENERGY DIV",260825,2026-08-25,0233AM,IFED,01,023 ,  494796,  220162,  275452,  257504,   17050,    8432,       0,  135697,    2738,       0,   52376,     334,  489170,  492079,    5626,    2717,  494796,  220162,  275452,  257504,   17050,    8432,       0,  135697,    2738,       0,   52376,     334,  489170,  492079,    5626,    2717,       0,       0,       0,       0,       0,       0,       0,       0,       0,       0,       0,       0,       0,       0,       0,       0,    8337,    4454,    7010,    1871,       0,     386,       0,   -3508,     840,       0,    2735,      90,    7641,    7553,     696,     784,  100.0,   44.5,   55.7,   52.0,    3.4,    1.7,    0.0,   27.4,    0.6,    0.0,   10.6,    0.1,   98.9,   99.5,    1.1,    0.5,  100.0,   44.5,   55.7,   52.0,    3.4,    1.7,    0.0,   27.4,    0.6,    0.0,   10.6,    0.1,   98.9,   99.5,    1.1,    0.5,  100.0,    0.0,    0.0,    0.0,    0.0,    0.0,    0.0,    0.0,    0.0,    0.0,    0.0,    0.0,    0.0,    0.0,    0.0,    0.0,     75,     28,     37,     11,.,      5,      0,      8,.,      0,      6,.,     42,     58,     75,     28,     37,     11,.,      5,      0,      8,.,      0,      6,.,     42,     58,      0,      0,      0,      0,      0,      0,      0,      0,      0,      0,      0,      0,      0,      0,    57.6,    40.7,    79.3,    54.5,    57.3,    40.5,    78.9,    53.7,    57.6,    40.7,    79.3,    54.5,    57.3,    40.5,    78.9,    53.7,     0.0,     0.0,     0.0,     0.0,     0.0,     0.0,     0.0,     0.0,"2500 mmbtu","0233AM","IFED","023 ","N13","FutOnly"
"MICHCON FINANCIAL INDEX - ICE FUTURES ENERGY DIV",260825,2026-08-25,0233AN,IFED,01,023 ,   23899,   18341,   19598,    4255,     217,       0,       0,    3035,       0,     480,       0,       0,   23076,   22850,     823,    1049,   23899,   18341,   19598,    4255,     217,       0,       0,    3035,       0,     480,       0,       0,   23076,   22850,     823,    1049,       0,       0,       0,       0,       0,       0,       0,       0,       0,       0,       0,       0,       0,       0,       0,       0,    2198,      94,     575,    1626,       0,       0,       0,    1302,       0,     480,       0,       0,    2200,    1877,      -2,     321,  100.0,   76.7,   82.0,   17.8,    0.9,    0.0,    0.0,   12.7,    0.0,    2.0,    0.0,    0.0,   96.6,   95.6,    3.4,    4.4,  100.0,   76.7,   82.0,   17.8,    0.9,    0.0,    0.0,   12.7,    0.0,    2.0,    0.0,    0.0,   96.6,   95.6,    3.4,    4.4,  100.0,    0.0,    0.0,    0.0,    0.0,    0.0,    0.0,    0.0,    0.0,    0.0,    0.0,    0.0,    0.0,    0.0,    0.0,    0.0,     30,     15,     18,      4,.,      0,      0,.,      0,.,      0,      0,     20,     21,     30,     15,     18,      4,.,      0,      0,.,      0,.,      0,      0,     20,     21,      0,      0,      0,      0,      0,      0,      0,      0,      0,      0,      0,      0,      0,      0,    61.8,    40.0,    76.2,    66.5,    56.0,    38.4,    68.3,    59.1,    61.8,    40.0,    76.2,    66.5,    56.0,    38.4,    68.3,    59.1,     0.0,     0.0,     0.0,     0.0,     0.0,     0.0,     0.0,     0.0,"(Contracts of 2,500  MMBTU'S)","0233AN","IFED","023 ","N13","FutOnly"
"MICHCON BASIS - ICE FUTURES ENERGY DIV",260825,2026-08-25,0233AQ,IFED,01,023 ,  213629,  196847,  122364,       0,   54264,    2317,    2613,   24923,     822,    1796,       0,    2290,  206685,  206980,    6944,    6649,  213629,  196847,  122364,       0,   54264,    2317,    2613,   24923,     822,    1796,       0,    2290,  206685,  206980,    6944,    6649,       0,       0,       0,       0,       0,       0,       0,       0,       0,       0,       0,       0,       0,       0,       0,       0,    1819,    8386,    -668,       0,    2433,    -780,   -1778,    1373,    -613,     -14,       0,    1553,    6754,    3298,   -4935,   -1479,  100.0,   92.1,   57.3,    0.0,   25.4,    1.1,    1.2,   11.7,    0.4,    0.8,    0.0,    1.1,   96.7,   96.9,    3.3,    3.1,  100.0,   92.1,   57.3,    0.0,   25.4,    1.1,    1.2,   11.7,    0.4,    0.8,    0.0,    1.1,   96.7,   96.9,    3.3,    3.1,  100.0,    0.0,    0.0,    0.0,    0.0,    0.0,    0.0,    0.0,    0.0,    0.0,    0.0,    0.0,    0.0,    0.0,    0.0,    0.0,     57,     33,     32,      0,      8,.,.,      7,.,.,      0,.,     43,     50,     57,     33,     32,      0,      8,.,.,      7,.,.,      0,.,     43,     50,      0,      0,      0,      0,      0,      0,      0,      0,      0,      0,      0,      0,      0,      0,    52.2,    29.9,    66.8,    49.2,    50.9,    28.9,    60.8,    45.3,    52.2,    29.9,    66.8,    49.2,    50.9,    28.9,    60.8,    45.3,     0.0,     0.0,     0.0,     0.0,     0.0,     0.0,     0.0,     0.0,"2500 mmbtu","0233AQ","IFED","023 ","N13","FutOnly"
"NAT GAS LD1 for GDD -TEXOK - ICE FUTURES ENERGY DIV",260825,2026-08-25,0233AT,IFED,01,023 ,  142146,  122691,  125344,    8695,       0,    1812,    7630,   12002,       0,     279,     480,       0,  141107,  139638,    1039,    2508,  142146,  122691,  125344,    8695,       0,    1812,    7630,   12002,       0,     279,     480,       0,  141107,  139638,    1039,    2508,       0,       0,       0,       0,       0,       0,       0,       0,       0,       0,       0,       0,       0,       0,       0,       0,   10108,    6904,    7948,    1710,       0,       0,    1955,    2040,       0,       0,    -600,       0,   10569,    9388,    -461,     720,  100.0,   86.3,   88.2,    6.1,    0.0,    1.3,    5.4,    8.4,    0.0,    0.2,    0.3,    0.0,   99.3,   98.2,    0.7,    1.8,  100.0,   86.3,   88.2,    6.1,    0.0,    1.3,    5.4,    8.4,    0.0,    0.2,    0.3,    0.0,   99.3,   98.2,    0.7,    1.8,  100.0,    0.0,    0.0,    0.0,    0.0,    0.0,    0.0,    0.0,    0.0,    0.0,    0.0,    0.0,    0.0,    0.0,    0.0,    0.0,     48,     24,     23,      4,      0,.,      4,.,      0,.,.,      0,     33,     28,     48,     24,     23,      4,      0,.,      4,.,      0,.,.,      0,     33,     28,      0,      0,      0,      0,      0,      0,      0,      0,      0,      0,      0,      0,      0,      0,    72.0,    41.4,    85.8,    66.4,    69.8,    38.9,    81.7,    63.8,    72.0,    41.4,    85.8,    66.4,    69.8,    38.9,    81.7,    63.8,     0.0,     0.0,     0.0,     0.0,     0.0,     0.0,     0.0,     0.0,"2500 mmbtu","0233AT","IFED","023 ","N13","FutOnly"
"ALGONQUIN CITYGATES INDEX - ICE FUTURES ENERGY DIV",260825,2026-08-25,0233AW,IFED,01,023 ,   27855,   11951,   24806,   12433,       0,       0,     310,       0,       0,       0,       0,       0,   24694,   24806,    3161,    3049,   27855,   11951,   24806,   12433,       0,       0,     310,       0,       0,       0,       0,       0,   24694,   24806,    3161,    3049,       0,       0,       0,       0,       0,       0,       0,       0,       0,       0,       0,       0,       0,       0,       0,       0,.,.,.,.,.,.,.,.,.,.,.,.,.,.,.,.,  100.0,   42.9,   89.1,   44.6,    0.0,    0.0,    1.1,    0.0,    0.0,    0.0,    0.0,    0.0,   88.7,   89.1,   11.3,   10.9,  100.0,   42.9,   89.1,   44.6,    0.0,    0.0,    1.1,    0.0,    0.0,    0.0,    0.0,    0.0,   88.7,   89.1,   11.3,   10.9,  100.0,    0.0,    0.0,    0.0,    0.0,    0.0,    0.0,    0.0,    0.0,    0.0,    0.0,    0.0,    0.0,    0.0,    0.0,    0.0,     20,      8,     11,.,      0,      0,.,      0,      0,      0,      0,      0,     12,     11,     20,      8,     11,.,      0,      0,.,      0,      0,      0,      0,      0,     12,     11,      0,      0,      0,      0,      0,      0,      0,      0,      0,      0,      0,      0,      0,      0,    70.3,    76.2,    85.1,    85.9,    67.4,    76.2,    80.9,    84.1,    70.3,    76.2,    85.1,    85.9,    67.4,    76.2,    80.9,    84.1,     0.0,     0.0,     0.0,     0.0,     0.0,     0.0,     0.0,     0.0,"mmbtu","0233AW","IFED","023 ","N13","FutOnly"
"NATURAL GAS INDEX: EP SAN JUAN - ICE FUTURES ENERGY DIV",260825,2026-08-25,0233AX,IFED,01,023 ,   17127,   13541,   14517,     267,     720,     914,       0,       0,       0,       0,       0,       0,   14722,   16151,    2405,     976,   17127,   13541,   14517,     267,     720,     914,       0,       0,       0,       0,       0,       0,   14722,   16151,    2405,     976,       0,       0,       0,       0,       0,       0,       0,       0,       0,       0,       0,       0,       0,       0,       0,       0,.,.,.,.,.,.,.,.,.,.,.,.,.,.,.,.,  100.0,   79.1,   84.8,    1.6,    4.2,    5.3,    0.0,    0.0,    0.0,    0.0,    0.0,    0.0,   86.0,   94.3,   14.0,    5.7,  100.0,   79.1,   84.8,    1.6,    4.2,    5.3,    0.0,    0.0,    0.0,    0.0,    0.0,    0.0,   86.0,   94.3,   14.0,    5.7,  100.0,    0.0,    0.0,    0.0,    0.0,    0.0,    0.0,    0.0,    0.0,    0.0,    0.0,    0.0,    0.0,    0.0,    0.0,    0.0,     20,     11,     13,.,.,.,      0,      0,      0,      0,      0,      0,     13,     15,     20,     11,     13,.,.,.,      0,      0,      0,      0,      0,      0,     13,     15,      0,      0,      0,      0,      0,      0,      0,      0,      0,      0,      0,      0,      0,      0,    57.8,    55.2,    76.7,    76.6,    39.7,    41.6,    52.3,    57.8,    57.8,    55.2,    76.7,    76.6,    39.7,    41.6,    52.3,    57.8,     0.0,     0.0,     0.0,     0.0,     0.0,     0.0,     0.0,     0.0,"2500 MMBtu","0233AX","IFED","023 ","N13","FutOnly"
"NGPL MIDCONT BASIS - ICE FUTURES ENERGY DIV",260825,2026-08-25,0233AY,IFED,01,023 ,   99344,   87672,   68149,     352,   13076,    2957,       0,    1552,     428,       0,       0,       0,   91409,   86162,    7935,   13182,   99344,   87672,   68149,     352,   13076,    2957,       0,    1552,     428,       0,       0,       0,   91409,   86162,    7935,   13182,       0,       0,       0,       0,       0,       0,       0,       0,       0,       0,       0,       0,       0,       0,       0,       0,     517,    -450,      31,     216,       0,    -144,       0,       0,       0,       0,       0,       0,    -378,    -113,     895,     630,  100.0,   88.3,   68.6,    0.4,   13.2,    3.0,    0.0,    1.6,    0.4,    0.0,    0.0,    0.0,   92.0,   86.7,    8.0,   13.3,  100.0,   88.3,   68.6,    0.4,   13.2,    3.0,    0.0,    1.6,    0.4,    0.0,    0.0,    0.0,   92.0,   86.7,    8.0,   13.3,  100.0,    0.0,    0.0,    0.0,    0.0,    0.0,    0.0,    0.0,    0.0,    0.0,    0.0,    0.0,    0.0,    0.0,    0.0,    0.0,     24,     15,     14,.,.,.,      0,.,.,      0,      0,      0,     19,     19,     24,     15,     14,.,.,.,      0,.,.,      0,      0,      0,     19,     19,      0,      0,      0,      0,      0,      0,      0,      0,      0,      0,      0,      0,      0,      0,    67.3,    50.2,    84.5,    72.9,    65.6,    48.1,    76.1,    66.4,    67.3,    50.2,    84.5,    72.9,    65.6,    48.1,    76.1,    66.4,     0.0,     0.0,     0.0,     0.0,     0.0,     0.0,     0.0,     0.0,"2500 mmbtu","0233AY","IFED","023 ","N13","FutOnly"
"NGPL TXOK BASIS - ICE FUTURES ENERGY DIV",260825,2026-08-25,0233B1,IFED,01,023 ,  656091,  591626,  380448,   16968,  167342,   13525,   23214,   71665,    3570,       0,    8400,    2649,  651552,  647599,    4539,    8492,  656091,  591626,  380448,   16968,  167342,   13525,   23214,   71665,    3570,       0,    8400,    2649,  651552,  647599,    4539,    8492,       0,       0,       0,       0,       0,       0,       0,       0,       0,       0,       0,       0,       0,       0,       0,       0,   15825,   14302,    4536,     154,     871,       0,    1196,   10076,    -327,       0,     296,    1204,   16529,   16656,    -704,    -831,  100.0,   90.2,   58.0,    2.6,   25.5,    2.1,    3.5,   10.9,    0.5,    0.0,    1.3,    0.4,   99.3,   98.7,    0.7,    1.3,  100.0,   90.2,   58.0,    2.6,   25.5,    2.1,    3.5,   10.9,    0.5,    0.0,    1.3,    0.4,   99.3,   98.7,    0.7,    1.3,  100.0,    0.0,    0.0,    0.0,    0.0,    0.0,    0.0,    0.0,    0.0,    0.0,    0.0,    0.0,    0.0,    0.0,    0.0,    0.0,     75,     41,     29,      4,      9,      7,      4,      6,      4,      0,      7,.,     58,     56,     75,     41,     29,      4,      9,      7,      4,      6,      4,      0,      7,.,     58,     56,      0,      0,      0,      0,      0,      0,      0,      0,      0,      0,      0,      0,      0,      0,    43.7,    55.9,    60.2,    68.3,    43.4,    54.2,    59.3,    65.6,    43.7,    55.9,    60.2,    68.3,    43.4,    54.2,    59.3,    65.6,     0.0,     0.0,     0.0,     0.0,     0.0,     0.0,     0.0,     0.0,"2500 mmbtu","0233B1","IFED","023 ","N13","FutOnly"
"NNG VENTURA BASIS - ICE FUTURES ENERGY DIV",260825,2026-08-25,0233BB,IFED,01,023 ,  156086,   94764,  144462,   36715,    1297,    1557,       0,    4526,       0,       0,     479,     276,  133312,  152597,   22774,    3489,  156086,   94764,  144462,   36715,    1297,    1557,       0,    4526,       0,       0,     479,     276,  133312,  152597,   22774,    3489,       0,       0,       0,       0,       0,       0,       0,       0,       0,       0,       0,       0,       0,       0,       0,       0,    9671,    9207,    8415,      24,     -30,     120,       0,     -85,     -31,       0,     395,       0,    9320,    8784,     351,     887,  100.0,   60.7,   92.6,   23.5,    0.8,    1.0,    0.0,    2.9,    0.0,    0.0,    0.3,    0.2,   85.4,   97.8,   14.6,    2.2,  100.0,   60.7,   92.6,   23.5,    0.8,    1.0,    0.0,    2.9,    0.0,    0.0,    0.3,    0.2,   85.4,   97.8,   14.6,    2.2,  100.0,    0.0,    0.0,    0.0,    0.0,    0.0,    0.0,    0.0,    0.0,    0.0,    0.0,    0.0,    0.0,    0.0,    0.0,    0.0,     33,     19,     17,      5,.,.,      0,.,      0,      0,.,.,     26,     24,     33,     19,     17,      5,.,.,      0,.,      0,      0,.,.,     26,     24,      0,      0,      0,      0,      0,      0,      0,      0,      0,      0,      0,      0,      0,      0,    42.1,    65.5,    64.1,    80.8,    34.7,    64.3,    53.6,    73.7,    42.1,    65.5,    64.1,    80.8,    34.7,    64.3,    53.6,    73.7,     0.0,     0.0,     0.0,     0.0,     0.0,     0.0,     0.0,     0.0,"2500 mmbtu","0233BB","IFED","023 ","N13","FutOnly"
"NWP SUMAS BASIS - ICE FUTURES ENERGY DIV",260825,2026-08-25,0233BC,IFED,01,023 ,   71582,   29246,   52106,   34017,    2278,    1438,     210,     303,       0,     779,       0,       0,   65690,   56125,    5892,   15457,   71582,   29246,   52106,   34017,    2278,    1438,     210,     303,       0,     779,       0,       0,   65690,   56125,    5892,   15457,       0,       0,       0,       0,       0,       0,       0,       0,       0,       0,       0,       0,       0,       0,       0,       0,    1311,    1066,     978,     245,     426,       0,       0,       0,       0,     112,       0,       0,    1423,    1404,    -112,     -93,  100.0,   40.9,   72.8,   47.5,    3.2,    2.0,    0.3,    0.4,    0.0,    1.1,    0.0,    0.0,   91.8,   78.4,    8.2,   21.6,  100.0,   40.9,   72.8,   47.5,    3.2,    2.0,    0.3,    0.4,    0.0,    1.1,    0.0,    0.0,   91.8,   78.4,    8.2,   21.6,  100.0,    0.0,    0.0,    0.0,    0.0,    0.0,    0.0,    0.0,    0.0,    0.0,    0.0,    0.0,    0.0,    0.0,    0.0,    0.0,     22,      8,     11,      6,.,.,.,.,      0,.,      0,      0,     16,     15,     22,      8,     11,      6,.,.,.,.,      0,.,      0,      0,     16,     15,      0,      0,      0,      0,      0,      0,      0,      0,      0,      0,      0,      0,      0,      0,    61.9,    58.2,    80.3,    72.7,    61.6,    54.5,    75.1,    63.9,    61.9,    58.2,    80.3,    72.7,    61.6,    54.5,    75.1,    63.9,     0.0,     0.0,     0.0,     0.0,     0.0,     0.0,     0.0,     0.0,"2500 mmbtu","0233BC","IFED","023 ","N13","FutOnly"
"NWP Rockies Index - ICE FUTURES ENERGY DIV",260825,2026-08-25,0233BD,IFED,01,023 ,   34543,   28010,   26741,    1767,    2272,       0,    2310,     698,    1299,       0,    1135,       0,   33386,   32145,    1157,    2398,   34543,   28010,   26741,    1767,    2272,       0,    2310,     698,    1299,       0,    1135,       0,   33386,   32145,    1157,    2398,       0,       0,       0,       0,       0,       0,       0,       0,       0,       0,       0,       0,       0,       0,       0,       0,    5932,    5068,    4785,    -120,    -180,       0,       0,    -240,     780,       0,     240,       0,    5728,    5385,     204,     547,  100.0,   81.1,   77.4,    5.1,    6.6,    0.0,    6.7,    2.0,    3.8,    0.0,    3.3,    0.0,   96.7,   93.1,    3.3,    6.9,  100.0,   81.1,   77.4,    5.1,    6.6,    0.0,    6.7,    2.0,    3.8,    0.0,    3.3,    0.0,   96.7,   93.1,    3.3,    6.9,  100.0,    0.0,    0.0,    0.0,    0.0,    0.0,    0.0,    0.0,    0.0,    0.0,    0.0,    0.0,    0.0,    0.0,    0.0,    0.0,     34,     17,     16,.,.,      0,.,.,.,      0,.,      0,     22,     22,     34,     17,     16,.,.,      0,.,.,.,      0,.,      0,     22,     22,      0,      0,      0,      0,      0,      0,      0,      0,      0,      0,      0,      0,      0,      0,    44.7,    54.5,    65.2,    71.1,    41.8,    54.5,    60.7,    66.4,    44.7,    54.5,    65.2,    71.1,    41.8,    54.5,    60.7,    66.4,     0.0,     0.0,     0.0,     0.0,     0.0,     0.0,     0.0,     0.0,"2500 mmbtu","0233BD","IFED","023 ","N13","FutOnly"
"ONEOK GAS TRANSPORTATION BASIS - ICE FUTURES ENERGY DIV",260825,2026-08-25,0233BF,IFED,01,023 ,   69636,   59025,    8214,    5569,   54422,    1492,       0,       0,       0,       0,       0,       0,   66086,   64128,    3550,    5508,   69636,   59025,    8214,    5569,   54422,    1492,       0,       0,       0,       0,       0,       0,   66086,   64128,    3550,    5508,       0,       0,       0,       0,       0,       0,       0,       0,       0,       0,       0,       0,       0,       0,       0,       0,    1224,    1049,     436,      92,       0,       0,       0,       0,       0,       0,       0,       0,    1141,     436,      83,     788,  100.0,   84.8,   11.8,    8.0,   78.2,    2.1,    0.0,    0.0,    0.0,    0.0,    0.0,    0.0,   94.9,   92.1,    5.1,    7.9,  100.0,   84.8,   11.8,    8.0,   78.2,    2.1,    0.0,    0.0,    0.0,    0.0,    0.0,    0.0,   94.9,   92.1,    5.1,    7.9,  100.0,    0.0,    0.0,    0.0,    0.0,    0.0,    0.0,    0.0,    0.0,    0.0,    0.0,    0.0,    0.0,    0.0,    0.0,    0.0,     20,      8,      8,      4,      6,.,      0,      0,      0,      0,      0,      0,     12,     17,     20,      8,      8,      4,      6,.,      0,      0,      0,      0,      0,      0,     12,     17,      0,      0,      0,      0,      0,      0,      0,      0,      0,      0,      0,      0,      0,      0,    76.8,    70.0,    90.7,    86.4,    74.4,    70.0,    87.1,    85.2,    76.8,    70.0,    90.7,    86.4,    74.4,    70.0,    87.1,    85.2,     0.0,     0.0,     0.0,     0.0,     0.0,     0.0,     0.0,     0.0,"2500 mmbtu","0233BF","IFED","023 ","N13","FutOnly"
"MALIN (BASIS) - ICE FUTURES ENERGY DIV",260825,2026-08-25,0233BH,IFED,01,023 ,  135702,  101327,  102097,   15195,   15187,    4994,     465,    7786,    3487,     277,       0,      30,  125775,  133581,    9927,    2121,  135702,  101327,  102097,   15195,   15187,    4994,     465,    7786,    3487,     277,       0,      30,  125775,  133581,    9927,    2121,       0,       0,       0,       0,       0,       0,       0,       0,       0,       0,       0,       0,       0,       0,       0,       0,    5106,    1313,    4604,      36,    -124,     453,    -150,   -2341,    2722,     277,       0,      30,    4681,    5344,     425,    -238,  100.0,   74.7,   75.2,   11.2,   11.2,    3.7,    0.3,    5.7,    2.6,    0.2,    0.0,    0.0,   92.7,   98.4,    7.3,    1.6,  100.0,   74.7,   75.2,   11.2,   11.2,    3.7,    0.3,    5.7,    2.6,    0.2,    0.0,    0.0,   92.7,   98.4,    7.3,    1.6,  100.0,    0.0,    0.0,    0.0,    0.0,    0.0,    0.0,    0.0,    0.0,    0.0,    0.0,    0.0,    0.0,    0.0,    0.0,    0.0,     30,     13,     16,      5,.,      6,.,.,.,.,      0,.,     24,     26,     30,     13,     16,      5,.,      6,.,.,.,.,      0,.,     24,     26,      0,      0,      0,      0,      0,      0,      0,      0,      0,      0,      0,      0,      0,      0,    67.8,    59.5,    80.1,    82.1,    59.9,    52.2,    66.9,    69.0,    67.8,    59.5,    80.1,    82.1,    59.9,    52.2,    66.9,    69.0,     0.0,     0.0,     0.0,     0.0,     0.0,     0.0,     0.0,     0.0,"2500 mmbtu","0233BH","IFED","023 ","N13","FutOnly"
"PANHANDLE BASIS - ICE FUTURES ENERGY DIV",260825,2026-08-25,0233BL,IFED,01,023 ,  202469,  144477,   68623,    8873,  108973,   10871,   17753,     239,    2205,    1491,     306,     216,  185886,  191433,   16583,   11036,  202469,  144477,   68623,    8873,  108973,   10871,   17753,     239,    2205,    1491,     306,     216,  185886,  191433,   16583,   11036,       0,       0,       0,       0,       0,       0,       0,       0,       0,       0,       0,       0,       0,       0,       0,       0,    3902,    8100,    2802,    -301,     418,     401,   -1501,     239,      31,    -276,     306,     -86,    6368,    4111,   -2466,    -209,  100.0,   71.4,   33.9,    4.4,   53.8,    5.4,    8.8,    0.1,    1.1,    0.7,    0.2,    0.1,   91.8,   94.5,    8.2,    5.5,  100.0,   71.4,   33.9,    4.4,   53.8,    5.4,    8.8,    0.1,    1.1,    0.7,    0.2,    0.1,   91.8,   94.5,    8.2,    5.5,  100.0,    0.0,    0.0,    0.0,    0.0,    0.0,    0.0,    0.0,    0.0,    0.0,    0.0,    0.0,    0.0,    0.0,    0.0,    0.0,     42,     22,     19,.,     10,      9,.,.,      4,.,.,.,     37,     36,     42,     22,     19,.,     10,      9,.,.,      4,.,.,.,     37,     36,      0,      0,      0,      0,      0,      0,      0,      0,      0,      0,      0,      0,      0,      0,    40.0,    42.9,    54.8,    65.5,    34.3,    40.7,    46.1,    58.2,    40.0,    42.9,    54.8,    65.5,    34.3,    40.7,    46.1,    58.2,     0.0,     0.0,     0.0,     0.0,     0.0,     0.0,     0.0,     0.0,"2500 mmbtu","0233BL","IFED","023 ","N13","FutOnly"
"PG&E - CITYGATE (INDEX) - ICE FUTURES ENERGY DIV",260825,2026-08-25,0233BQ,IFED,01,023 ,   36510,   29054,   32989,     303,       0,       0,    2072,       0,     600,       0,    1973,       0,   32029,   35562,    4481,     948,   36510,   29054,   32989,     303,       0,       0,    2072,       0,     600,       0,    1973,       0,   32029,   35562,    4481,     948,       0,       0,       0,       0,       0,       0,       0,       0,       0,       0,       0,       0,       0,       0,       0,       0,    3572,    3152,    2702,       0,       0,       0,      30,    -550,     240,       0,     840,       0,    3422,    3232,     150,     340,  100.0,   79.6,   90.4,    0.8,    0.0,    0.0,    5.7,    0.0,    1.6,    0.0,    5.4,    0.0,   87.7,   97.4,   12.3,    2.6,  100.0,   79.6,   90.4,    0.8,    0.0,    0.0,    5.7,    0.0,    1.6,    0.0,    5.4,    0.0,   87.7,   97.4,   12.3,    2.6,  100.0,    0.0,    0.0,    0.0,    0.0,    0.0,    0.0,    0.0,    0.0,    0.0,    0.0,    0.0,    0.0,    0.0,    0.0,    0.0,     27,     14,      9,.,      0,      0,.,      0,.,      0,.,      0,     18,     14,     27,     14,      9,.,      0,      0,.,      0,.,      0,.,      0,     18,     14,      0,      0,      0,      0,      0,      0,      0,      0,      0,      0,      0,      0,      0,      0,    62.2,    69.9,    73.6,    92.2,    62.2,    69.2,    72.7,    91.1,    62.2,    69.9,    73.6,    92.2,    62.2,    69.2,    72.7,    91.1,     0.0,     0.0,     0.0,     0.0,     0.0,     0.0,     0.0,     0.0,"2500 mmbtu","0233BQ","IFED","023 ","N13","FutOnly"
"SOCAL (INDEX) - ICE FUTURES ENERGY DIV",260825,2026-08-25,0233BW,IFED,01,023 ,   24043,   11730,   18784,    3961,      91,     368,    5357,    2070,     981,     630,     341,      31,   23058,   22666,     985,    1377,   24043,   11730,   18784,    3961,      91,     368,    5357,    2070,     981,     630,     341,      31,   23058,   22666,     985,    1377,       0,       0,       0,       0,       0,       0,       0,       0,       0,       0,       0,       0,       0,       0,       0,       0,    1650,    1290,     179,     121,      91,      89,   -1611,       9,     981,     630,       0,      31,    1531,    1380,     119,     270,  100.0,   48.8,   78.1,   16.5,    0.4,    1.5,   22.3,    8.6,    4.1,    2.6,    1.4,    0.1,   95.9,   94.3,    4.1,    5.7,  100.0,   48.8,   78.1,   16.5,    0.4,    1.5,   22.3,    8.6,    4.1,    2.6,    1.4,    0.1,   95.9,   94.3,    4.1,    5.7,  100.0,    0.0,    0.0,    0.0,    0.0,    0.0,    0.0,    0.0,    0.0,    0.0,    0.0,    0.0,    0.0,    0.0,    0.0,    0.0,     30,     12,     10,.,.,.,.,.,.,.,.,.,     22,     17,     30,     12,     10,.,.,.,.,.,.,.,.,.,     22,     17,      0,      0,      0,      0,      0,      0,      0,      0,      0,      0,      0,      0,      0,      0,    44.7,    73.4,    69.5,    84.2,    42.5,    64.2,    64.6,    72.6,    44.7,    73.4,    69.5,    84.2,    42.5,    64.2,    64.6,    72.6,     0.0,     0.0,     0.0,     0.0,     0.0,     0.0,     0.0,     0.0,"2500 mmbtu","0233BW","IFED","023 ","N13","FutOnly"
"SOCAL CITYGATE FINANCIAL BASIS - ICE FUTURES ENERGY DIV",260825,2026-08-25,0233BY,IFED,01,023 ,   36988,   21512,   31325,    9341,    1933,     353,     420,     240,       0,     572,     302,     514,   32712,   34667,    4276,    2321,   36988,   21512,   31325,    9341,    1933,     353,     420,     240,       0,     572,     302,     514,   32712,   34667,    4276,    2321,       0,       0,       0,       0,       0,       0,       0,       0,       0,       0,       0,       0,       0,       0,       0,       0,     942,    1452,     850,       0,     -90,       0,       0,       0,       0,       0,      92,       0,    1452,     852,    -510,      90,  100.0,   58.2,   84.7,   25.3,    5.2,    1.0,    1.1,    0.6,    0.0,    1.5,    0.8,    1.4,   88.4,   93.7,   11.6,    6.3,  100.0,   58.2,   84.7,   25.3,    5.2,    1.0,    1.1,    0.6,    0.0,    1.5,    0.8,    1.4,   88.4,   93.7,   11.6,    6.3,  100.0,    0.0,    0.0,    0.0,    0.0,    0.0,    0.0,    0.0,    0.0,    0.0,    0.0,    0.0,    0.0,    0.0,    0.0,    0.0,     25,     11,     13,.,.,.,.,.,      0,.,.,.,     18,     18,     25,     11,     13,.,.,.,.,.,      0,.,.,.,     18,     18,      0,      0,      0,      0,      0,      0,      0,      0,      0,      0,      0,      0,      0,      0,    52.9,    62.6,    75.6,    84.1,    52.1,    50.0,    64.5,    69.9,    52.9,    62.6,    75.6,    84.1,    52.1,    50.0,    64.5,    69.9,     0.0,     0.0,     0.0,     0.0,     0.0,     0.0,     0.0,     0.0,"MMBtu","0233BY","IFED","023 ","N13","FutOnly"
"SONAT - TIER 1 POOL (ZONE 0) - ICE FUTURES ENERGY DIV",260825,2026-08-25,0233C1,IFED,01,023 ,   85156,   62256,   67526,    1394,    6789,    5578,    3710,       0,     459,    1004,       0,     213,   74614,   80565,   10542,    4591,   85156,   62256,   67526,    1394,    6789,    5578,    3710,       0,     459,    1004,       0,     213,   74614,   80565,   10542,    4591,       0,       0,       0,       0,       0,       0,       0,       0,       0,       0,       0,       0,       0,       0,       0,       0,      84,     697,     543,       0,    -766,      61,   -3662,       0,       0,       0,       0,       0,   -2904,    -162,    2988,     246,  100.0,   73.1,   79.3,    1.6,    8.0,    6.6,    4.4,    0.0,    0.5,    1.2,    0.0,    0.3,   87.6,   94.6,   12.4,    5.4,  100.0,   73.1,   79.3,    1.6,    8.0,    6.6,    4.4,    0.0,    0.5,    1.2,    0.0,    0.3,   87.6,   94.6,   12.4,    5.4,  100.0,    0.0,    0.0,    0.0,    0.0,    0.0,    0.0,    0.0,    0.0,    0.0,    0.0,    0.0,    0.0,    0.0,    0.0,    0.0,     30,     12,     17,.,.,.,.,      0,.,.,      0,.,     18,     24,     30,     12,     17,.,.,.,.,      0,.,.,      0,.,     18,     24,      0,      0,      0,      0,      0,      0,      0,      0,      0,      0,      0,      0,      0,      0,    59.6,    53.9,    76.7,    70.0,    51.4,    48.5,    65.7,    61.9,    59.6,    53.9,    76.7,    70.0,    51.4,    48.5,    65.7,    61.9,     0.0,     0.0,     0.0,     0.0,     0.0,     0.0,     0.0,     0.0,"2500 mmbtu","0233C1","IFED","023 ","N13","FutOnly"
"TETCO WLA BASIS - ICE FUTURES ENERGY DIV",260825,2026-08-25,0233CC,IFED,01,023 ,  131347,  104725,   83796,   15877,    8692,    6480,       0,   30626,       0,       0,       0,       0,  127082,  129594,    4265,    1753,  131347,  104725,   83796,   15877,    8692,    6480,       0,   30626,       0,       0,       0,       0,  127082,  129594,    4265,    1753,       0,       0,       0,       0,       0,       0,       0,       0,       0,       0,       0,       0,       0,       0,       0,       0,    1577,    1127,    1125,    -608,    -420,    1028,       0,     -66,       0,       0,       0,       0,    1547,    1667,      30,     -90,  100.0,   79.7,   63.8,   12.1,    6.6,    4.9,    0.0,   23.3,    0.0,    0.0,    0.0,    0.0,   96.8,   98.7,    3.2,    1.3,  100.0,   79.7,   63.8,   12.1,    6.6,    4.9,    0.0,   23.3,    0.0,    0.0,    0.0,    0.0,   96.8,   98.7,    3.2,    1.3,  100.0,    0.0,    0.0,    0.0,    0.0,    0.0,    0.0,    0.0,    0.0,    0.0,    0.0,    0.0,    0.0,    0.0,    0.0,    0.0,     39,     19,     15,      4,.,      4,      0,      4,      0,      0,      0,      0,     25,     24,     39,     19,     15,      4,.,      4,      0,      4,      0,      0,      0,      0,     25,     24,      0,      0,      0,      0,      0,      0,      0,      0,      0,      0,      0,      0,      0,      0,    51.7,    60.9,    74.5,    79.4,    51.7,    57.8,    73.6,    74.4,    51.7,    60.9,    74.5,    79.4,    51.7,    57.8,    73.6,    74.4,     0.0,     0.0,     0.0,     0.0,     0.0,     0.0,     0.0,     0.0,"mmbtu","0233CC","IFED","023 ","N13","FutOnly"
"TETCO ELA BASIS - ICE FUTURES ENERGY DIV",260825,2026-08-25,0233CF,IFED,01,023 ,   75722,   48702,   64761,   20441,    1708,    3305,    1541,    1080,       0,       0,       0,       0,   73989,   70854,    1733,    4868,   75722,   48702,   64761,   20441,    1708,    3305,    1541,    1080,       0,       0,       0,       0,   73989,   70854,    1733,    4868,       0,       0,       0,       0,       0,       0,       0,       0,       0,       0,       0,       0,       0,       0,       0,       0,       0,       0,      60,     -60,       0,      60,       0,    -120,       0,       0,       0,       0,       0,       0,       0,       0,  100.0,   64.3,   85.5,   27.0,    2.3,    4.4,    2.0,    1.4,    0.0,    0.0,    0.0,    0.0,   97.7,   93.6,    2.3,    6.4,  100.0,   64.3,   85.5,   27.0,    2.3,    4.4,    2.0,    1.4,    0.0,    0.0,    0.0,    0.0,   97.7,   93.6,    2.3,    6.4,  100.0,    0.0,    0.0,    0.0,    0.0,    0.0,    0.0,    0.0,    0.0,    0.0,    0.0,    0.0,    0.0,    0.0,    0.0,    0.0,     21,      6,     10,      5,.,.,.,.,      0,      0,      0,      0,     12,     16,     21,      6,     10,      5,.,.,.,.,      0,      0,      0,      0,     12,     16,      0,      0,      0,      0,      0,      0,      0,      0,      0,      0,      0,      0,      0,      0,    68.1,    70.0,    90.9,    85.5,    64.4,    64.2,    81.2,    78.1,    68.1,    70.0,    90.9,    85.5,    64.4,    64.2,    81.2,    78.1,     0.0,     0.0,     0.0,     0.0,     0.0,     0.0,     0.0,     0.0,"mmbtu","0233CF","IFED","023 ","N13","FutOnly"
"TETCO M3 INDEX - ICE FUTURES ENERGY DIV",260825,2026-08-25,0233CG,IFED,01,023 ,   64917,   34669,   55176,   22843,       0,    5312,     775,     582,       0,     430,       0,       0,   64029,   61070,     888,    3847,   64917,   34669,   55176,   22843,       0,    5312,     775,     582,       0,     430,       0,       0,   64029,   61070,     888,    3847,       0,       0,       0,       0,       0,       0,       0,       0,       0,       0,       0,       0,       0,       0,       0,       0,    5722,    5838,    4882,    -446,       0,       0,       0,     210,       0,     120,       0,       0,    5512,    5092,     210,     630,  100.0,   53.4,   85.0,   35.2,    0.0,    8.2,    1.2,    0.9,    0.0,    0.7,    0.0,    0.0,   98.6,   94.1,    1.4,    5.9,  100.0,   53.4,   85.0,   35.2,    0.0,    8.2,    1.2,    0.9,    0.0,    0.7,    0.0,    0.0,   98.6,   94.1,    1.4,    5.9,  100.0,    0.0,    0.0,    0.0,    0.0,    0.0,    0.0,    0.0,    0.0,    0.0,    0.0,    0.0,    0.0,    0.0,    0.0,    0.0,     29,      6,     16,      5,      0,.,.,.,      0,.,      0,      0,     13,     20,     29,      6,     16,      5,      0,.,.,.,      0,.,      0,      0,     13,     20,      0,      0,      0,      0,      0,      0,      0,      0,      0,      0,      0,      0,      0,      0,    71.8,    51.7,    93.3,    74.5,    71.8,    46.8,    82.6,    69.1,    71.8,    51.7,    93.3,    74.5,    71.8,    46.8,    82.6,    69.1,     0.0,     0.0,     0.0,     0.0,     0.0,     0.0,     0.0,     0.0,"2500 mmbtu","0233CG","IFED","023 ","N13","FutOnly"
"TETCO M3 BASIS - ICE FUTURES ENERGY DIV",260825,2026-08-25,0233CH,IFED,01,023 ,  173032,  102468,  123906,   38960,   21224,    8227,    2761,    7446,    4370,    5433,    1710,       0,  162219,  166883,   10813,    6149,  173032,  102468,  123906,   38960,   21224,    8227,    2761,    7446,    4370,    5433,    1710,       0,  162219,  166883,   10813,    6149,       0,       0,       0,       0,       0,       0,       0,       0,       0,       0,       0,       0,       0,       0,       0,       0,    7318,    1172,    5320,    2394,    1721,    -530,    -120,    1183,     150,    2923,       0,    -302,    5687,    7542,    1631,    -224,  100.0,   59.2,   71.6,   22.5,   12.3,    4.8,    1.6,    4.3,    2.5,    3.1,    1.0,    0.0,   93.8,   96.4,    6.2,    3.6,  100.0,   59.2,   71.6,   22.5,   12.3,    4.8,    1.6,    4.3,    2.5,    3.1,    1.0,    0.0,   93.8,   96.4,    6.2,    3.6,  100.0,    0.0,    0.0,    0.0,    0.0,    0.0,    0.0,    0.0,    0.0,    0.0,    0.0,    0.0,    0.0,    0.0,    0.0,    0.0,     48,     15,     22,      6,      6,      7,.,      5,      4,.,.,      0,     29,     40,     48,     15,     22,      6,      6,      7,.,      5,      4,.,.,      0,     29,     40,      0,      0,      0,      0,      0,      0,      0,      0,      0,      0,      0,      0,      0,      0,    44.4,    35.6,    65.8,    52.4,    40.8,    35.4,    61.7,    50.1,    44.4,    35.6,    65.8,    52.4,    40.8,    35.4,    61.7,    50.1,     0.0,     0.0,     0.0,     0.0,     0.0,     0.0,     0.0,     0.0,"2500 mm btu","0233CH","IFED","023 ","N13","FutOnly"
"TGT ZONE 1 BASIS - ICE FUTURES ENERGY DIV",260825,2026-08-25,0233CM,IFED,01,023 ,  229453,  194828,  135575,   11080,   65362,   13517,    6353,       0,       0,       0,       0,       0,  225778,  214454,    3675,   14999,  229453,  194828,  135575,   11080,   65362,   13517,    6353,       0,       0,       0,       0,       0,  225778,  214454,    3675,   14999,       0,       0,       0,       0,       0,       0,       0,       0,       0,       0,       0,       0,       0,       0,       0,       0,    1192,     473,    1704,     569,    -393,     -89,     420,       0,     -60,       0,       0,       0,    1313,    1162,    -121,      30,  100.0,   84.9,   59.1,    4.8,   28.5,    5.9,    2.8,    0.0,    0.0,    0.0,    0.0,    0.0,   98.4,   93.5,    1.6,    6.5,  100.0,   84.9,   59.1,    4.8,   28.5,    5.9,    2.8,    0.0,    0.0,    0.0,    0.0,    0.0,   98.4,   93.5,    1.6,    6.5,  100.0,    0.0,    0.0,    0.0,    0.0,    0.0,    0.0,    0.0,    0.0,    0.0,    0.0,    0.0,    0.0,    0.0,    0.0,    0.0,     39,     25,     19,.,      5,      6,.,      0,      0,      0,      0,      0,     33,     27,     39,     25,     19,.,      5,      6,.,      0,      0,      0,      0,      0,     33,     27,      0,      0,      0,      0,      0,      0,      0,      0,      0,      0,      0,      0,      0,      0,    44.3,    58.2,    73.1,    78.4,    43.5,    56.6,    67.4,    73.6,    44.3,    58.2,    73.1,    78.4,    43.5,    56.6,    67.4,    73.6,     0.0,     0.0,     0.0,     0.0,     0.0,     0.0,     0.0,     0.0,"2500 MMBtus","0233CM","IFED","023 ","N13","FutOnly"
"TRANSCO STN 85 MONTHLY INDEX - ICE FUTURES ENERGY DIV",260825,2026-08-25,0233CS,IFED,01,023 ,   67637,   41671,   46721,    2730,    6553,     494,   19450,    3132,    2135,     210,    7528,       0,   66690,   66563,     947,    1074,   67637,   41671,   46721,    2730,    6553,     494,   19450,    3132,    2135,     210,    7528,       0,   66690,   66563,     947,    1074,       0,       0,       0,       0,       0,       0,       0,       0,       0,       0,       0,       0,       0,       0,       0,       0,    8093,    -411,    5501,    -724,   -1477,     -30,    8073,    1050,    1980,     210,    1500,       0,    9098,    8524,   -1005,    -431,  100.0,   61.6,   69.1,    4.0,    9.7,    0.7,   28.8,    4.6,    3.2,    0.3,   11.1,    0.0,   98.6,   98.4,    1.4,    1.6,  100.0,   61.6,   69.1,    4.0,    9.7,    0.7,   28.8,    4.6,    3.2,    0.3,   11.1,    0.0,   98.6,   98.4,    1.4,    1.6,  100.0,    0.0,    0.0,    0.0,    0.0,    0.0,    0.0,    0.0,    0.0,    0.0,    0.0,    0.0,    0.0,    0.0,    0.0,    0.0,     46,     17,     21,.,.,.,      5,      4,.,.,.,      0,     26,     32,     46,     17,     21,.,.,.,      5,      4,.,.,.,      0,     26,     32,      0,      0,      0,      0,      0,      0,      0,      0,      0,      0,      0,      0,      0,      0,    46.0,    51.1,    72.5,    69.6,    46.0,    51.1,    72.2,    68.0,    46.0,    51.1,    72.5,    69.6,    46.0,    51.1,    72.2,    68.0,     0.0,     0.0,     0.0,     0.0,     0.0,     0.0,     0.0,     0.0,"mmbtu","0233CS","IFED","023 ","N13","FutOnly"
"TRANSCO ZONE 6 BASIS - ICE FUTURES ENERGY DIV",260825,2026-08-25,0233CU,IFED,01,023 ,  275009,  155021,  190054,   91426,   45157,   10367,    4085,   11447,    4432,     528,    7777,    1409,  267268,  270643,    7741,    4366,  275009,  155021,  190054,   91426,   45157,   10367,    4085,   11447,    4432,     528,    7777,    1409,  267268,  270643,    7741,    4366,       0,       0,       0,       0,       0,       0,       0,       0,       0,       0,       0,       0,       0,       0,       0,       0,    9031,    4015,    5989,    3200,     427,     635,     728,    1376,     453,      59,    -151,    -152,    8938,    8577,      93,     454,  100.0,   56.4,   69.1,   33.2,   16.4,    3.8,    1.5,    4.2,    1.6,    0.2,    2.8,    0.5,   97.2,   98.4,    2.8,    1.6,  100.0,   56.4,   69.1,   33.2,   16.4,    3.8,    1.5,    4.2,    1.6,    0.2,    2.8,    0.5,   97.2,   98.4,    2.8,    1.6,  100.0,    0.0,    0.0,    0.0,    0.0,    0.0,    0.0,    0.0,    0.0,    0.0,    0.0,    0.0,    0.0,    0.0,    0.0,    0.0,     57,     27,     22,      5,      6,      7,.,      5,      4,.,      4,      4,     45,     42,     57,     27,     22,      5,      6,      7,.,      5,      4,.,      4,      4,     45,     42,      0,      0,      0,      0,      0,      0,      0,      0,      0,      0,      0,      0,      0,      0,    39.4,    53.7,    62.0,    67.9,    38.1,    53.2,    58.6,    64.9,    39.4,    53.7,    62.0,    67.9,    38.1,    53.2,    58.6,    64.9,     0.0,     0.0,     0.0,     0.0,     0.0,     0.0,     0.0,     0.0,"mmbtu","0233CU","IFED","023 ","N13","FutOnly"
"TRANSCO ZONE 6 MONTHLY INDEX - ICE FUTURES ENERGY DIV",260825,2026-08-25,0233CV,IFED,01,023 ,  131809,   46634,  115258,   77609,     984,    3424,       0,    1797,       0,       0,    6744,       0,  127667,  128207,    4142,    3602,  131809,   46634,  115258,   77609,     984,    3424,       0,    1797,       0,       0,    6744,       0,  127667,  128207,    4142,    3602,       0,       0,       0,       0,       0,       0,       0,       0,       0,       0,       0,       0,       0,       0,       0,       0,   21332,   11394,   16834,    7064,     240,    3424,       0,    1053,       0,       0,     -60,       0,   21882,   21491,    -550,    -159,  100.0,   35.4,   87.4,   58.9,    0.7,    2.6,    0.0,    1.4,    0.0,    0.0,    5.1,    0.0,   96.9,   97.3,    3.1,    2.7,  100.0,   35.4,   87.4,   58.9,    0.7,    2.6,    0.0,    1.4,    0.0,    0.0,    5.1,    0.0,   96.9,   97.3,    3.1,    2.7,  100.0,    0.0,    0.0,    0.0,    0.0,    0.0,    0.0,    0.0,    0.0,    0.0,    0.0,    0.0,    0.0,    0.0,    0.0,    0.0,     31,     10,     15,      6,.,.,      0,.,      0,      0,.,      0,     16,     21,     31,     10,     15,      6,.,.,      0,.,      0,      0,.,      0,     16,     21,      0,      0,      0,      0,      0,      0,      0,      0,      0,      0,      0,      0,      0,      0,    75.7,    65.4,    91.8,    81.8,    75.7,    65.4,    90.5,    81.3,    75.7,    65.4,    91.8,    81.8,    75.7,    65.4,    90.5,    81.3,     0.0,     0.0,     0.0,     0.0,     0.0,     0.0,     0.0,     0.0,"mmbtu","0233CV","IFED","023 ","N13","FutOnly"
"TRANSCO STATION 85-ZONE 4 BASI - ICE FUTURES ENERGY DIV",260825,2026-08-25,0233CW,IFED,01,023 ,  294864,  157595,  214475,   28016,   27801,   12481,   67015,    3849,   13275,     540,   17088,    3500,  282422,  292469,   12442,    2395,  294864,  157595,  214475,   28016,   27801,   12481,   67015,    3849,   13275,     540,   17088,    3500,  282422,  292469,   12442,    2395,       0,       0,       0,       0,       0,       0,       0,       0,       0,       0,       0,       0,       0,       0,       0,       0,   -6678,   -8628,     -44,    2336,   -9522,     757,     362,     361,    -205,     -62,    1405,     780,   -4660,   -6468,   -2018,    -210,  100.0,   53.4,   72.7,    9.5,    9.4,    4.2,   22.7,    1.3,    4.5,    0.2,    5.8,    1.2,   95.8,   99.2,    4.2,    0.8,  100.0,   53.4,   72.7,    9.5,    9.4,    4.2,   22.7,    1.3,    4.5,    0.2,    5.8,    1.2,   95.8,   99.2,    4.2,    0.8,  100.0,    0.0,    0.0,    0.0,    0.0,    0.0,    0.0,    0.0,    0.0,    0.0,    0.0,    0.0,    0.0,    0.0,    0.0,    0.0,     68,     28,     40,      6,.,      5,      8,.,      6,.,.,.,     49,     57,     68,     28,     40,      6,.,      5,      8,.,      6,.,.,.,     49,     57,      0,      0,      0,      0,      0,      0,      0,      0,      0,      0,      0,      0,      0,      0,    32.8,    31.9,    52.6,    50.6,    26.8,    26.8,    41.7,    42.8,    32.8,    31.9,    52.6,    50.6,    26.8,    26.8,    41.7,    42.8,     0.0,     0.0,     0.0,     0.0,     0.0,     0.0,     0.0,     0.0,"2500 mm btu","0233CW","IFED","023 ","N13","FutOnly"
"WAHA INDEX  - ICE FUTURES ENERGY DIV",260825,2026-08-25,0233D4,IFED,01,023 ,  100582,   94121,   74578,    3439,   18880,       0,     389,       0,     961,       0,    2515,       0,   98910,   96934,    1672,    3648,  100582,   94121,   74578,    3439,   18880,       0,     389,       0,     961,       0,    2515,       0,   98910,   96934,    1672,    3648,       0,       0,       0,       0,       0,       0,       0,       0,       0,       0,       0,       0,       0,       0,       0,       0,    6448,    6302,    6092,     240,       0,       0,     180,       0,       0,       0,       0,       0,    6722,    6092,    -274,     356,  100.0,   93.6,   74.1,    3.4,   18.8,    0.0,    0.4,    0.0,    1.0,    0.0,    2.5,    0.0,   98.3,   96.4,    1.7,    3.6,  100.0,   93.6,   74.1,    3.4,   18.8,    0.0,    0.4,    0.0,    1.0,    0.0,    2.5,    0.0,   98.3,   96.4,    1.7,    3.6,  100.0,    0.0,    0.0,    0.0,    0.0,    0.0,    0.0,    0.0,    0.0,    0.0,    0.0,    0.0,    0.0,    0.0,    0.0,    0.0,     42,     22,     17,      4,      7,      0,.,      0,.,      0,.,      0,     27,     27,     42,     22,     17,      4,      7,      0,.,      0,.,      0,.,      0,     27,     27,      0,      0,      0,      0,      0,      0,      0,      0,      0,      0,      0,      0,      0,      0,    56.5,    57.0,    77.5,    77.5,    55.5,    55.1,    74.6,    68.1,    56.5,    57.0,    77.5,    77.5,    55.5,    55.1,    74.6,    68.1,     0.0,     0.0,     0.0,     0.0,     0.0,     0.0,     0.0,     0.0,"2500 mm btu","0233D4","IFED","023 ","N13","FutOnly"
"TETCO M2 Basis (Receipts) - ICE FUTURES ENERGY DIV",260825,2026-08-25,0233DR,IFED,01,023 ,  576413,  508188,   17811,    6373,  529070,   14471,   32173,    4597,    2042,    1457,     692,    4779,  569483,  573462,    6930,    2951,  576413,  508188,   17811,    6373,  529070,   14471,   32173,    4597,    2042,    1457,     692,    4779,  569483,  573462,    6930,    2951,       0,       0,       0,       0,       0,       0,       0,       0,       0,       0,       0,       0,       0,       0,       0,       0,   21480,   22880,    1337,   -3169,   14764,    2086,    -299,    1230,     571,   -1916,      42,    1333,   21486,   21363,      -6,     117,  100.0,   88.2,    3.1,    1.1,   91.8,    2.5,    5.6,    0.8,    0.4,    0.3,    0.1,    0.8,   98.8,   99.5,    1.2,    0.5,  100.0,   88.2,    3.1,    1.1,   91.8,    2.5,    5.6,    0.8,    0.4,    0.3,    0.1,    0.8,   98.8,   99.5,    1.2,    0.5,  100.0,    0.0,    0.0,    0.0,    0.0,    0.0,    0.0,    0.0,    0.0,    0.0,    0.0,    0.0,    0.0,    0.0,    0.0,    0.0,     61,     35,     11,.,     16,      5,.,.,.,.,.,.,     45,     35,     61,     35,     11,.,     16,      5,.,.,.,.,.,.,     45,     35,      0,      0,      0,      0,      0,      0,      0,      0,      0,      0,      0,      0,      0,      0,    45.1,    49.6,    63.2,    73.2,    45.1,    49.5,    62.5,    73.2,    45.1,    49.6,    63.2,    73.2,    45.1,    49.5,    62.5,    73.2,     0.0,     0.0,     0.0,     0.0,     0.0,     0.0,     0.0,     0.0,"2500 MM Btus","0233DR","IFED","023 ","N13","FutOnly"
"TRANSCO LEIDY BASIS - ICE FUTURES ENERGY DIV",260825,2026-08-25,0233DT,IFED,01,023 ,  125114,   76077,   56451,   17758,   52484,   11607,    8865,       0,       0,    4851,     625,     400,  119558,  121567,    5556,    3547,  125114,   76077,   56451,   17758,   52484,   11607,    8865,       0,       0,    4851,     625,     400,  119558,  121567,    5556,    3547,       0,       0,       0,       0,       0,       0,       0,       0,       0,       0,       0,       0,       0,       0,       0,       0,    2853,    5111,    2350,   -1508,    1292,   -1241,     731,       0,       0,       0,      60,       0,    3093,    2461,    -240,     392,  100.0,   60.8,   45.1,   14.2,   41.9,    9.3,    7.1,    0.0,    0.0,    3.9,    0.5,    0.3,   95.6,   97.2,    4.4,    2.8,  100.0,   60.8,   45.1,   14.2,   41.9,    9.3,    7.1,    0.0,    0.0,    3.9,    0.5,    0.3,   95.6,   97.2,    4.4,    2.8,  100.0,    0.0,    0.0,    0.0,    0.0,    0.0,    0.0,    0.0,    0.0,    0.0,    0.0,    0.0,    0.0,    0.0,    0.0,    0.0,     38,     19,     10,.,     10,      8,.,      0,      0,.,.,.,     32,     24,     38,     19,     10,.,     10,      8,.,      0,      0,.,.,.,     32,     24,      0,      0,      0,      0,      0,      0,      0,      0,      0,      0,      0,      0,      0,      0,    42.0,    40.6,    60.4,    64.4,    41.6,    40.0,    59.9,    60.9,    42.0,    40.6,    60.4,    64.4,    41.6,    40.0,    59.9,    60.9,     0.0,     0.0,     0.0,     0.0,     0.0,     0.0,     0.0,     0.0,"(Contracts of 2,500  MMBTU'S)","0233DT","IFED","023 ","N13","FutOnly"
"TETCO M2 Index (Receipts) - ICE FUTURES ENERGY DIV",260825,2026-08-25,0233DW,IFED,01,023 ,   42357,   36623,   34716,    4280,    4173,       0,       0,       0,       0,    1208,    1510,       0,   42111,   40399,     246,    1958,   42357,   36623,   34716,    4280,    4173,       0,       0,       0,       0,    1208,    1510,       0,   42111,   40399,     246,    1958,       0,       0,       0,       0,       0,       0,       0,       0,       0,       0,       0,       0,       0,       0,       0,       0,    2732,    1020,    2012,    1712,     480,       0,       0,       0,       0,       0,       0,       0,    2732,    2492,       0,     240,  100.0,   86.5,   82.0,   10.1,    9.9,    0.0,    0.0,    0.0,    0.0,    2.9,    3.6,    0.0,   99.4,   95.4,    0.6,    4.6,  100.0,   86.5,   82.0,   10.1,    9.9,    0.0,    0.0,    0.0,    0.0,    2.9,    3.6,    0.0,   99.4,   95.4,    0.6,    4.6,  100.0,    0.0,    0.0,    0.0,    0.0,    0.0,    0.0,    0.0,    0.0,    0.0,    0.0,    0.0,    0.0,    0.0,    0.0,    0.0,     33,     14,     17,.,.,      0,      0,      0,      0,.,.,      0,     17,     20,     33,     14,     17,.,.,      0,      0,      0,      0,.,.,      0,     17,     20,      0,      0,      0,      0,      0,      0,      0,      0,      0,      0,      0,      0,      0,      0,    62.0,    45.0,    81.7,    71.2,    62.0,    45.0,    80.9,    71.2,    62.0,    45.0,    81.7,    71.2,    62.0,    45.0,    80.9,    71.2,     0.0,     0.0,     0.0,     0.0,     0.0,     0.0,     0.0,     0.0,"2500 MM Btus","0233DW","IFED","023 ","N13","FutOnly"
"REX ZONE 3 BASIS - ICE FUTURES ENERGY DIV",260825,2026-08-25,0233EB,IFED,01,023 ,  283416,  224216,  139383,   21148,  111653,    5392,   16978,    7952,    4004,    1918,    5789,    3372,  277028,  277545,    6388,    5871,  283416,  224216,  139383,   21148,  111653,    5392,   16978,    7952,    4004,    1918,    5789,    3372,  277028,  277545,    6388,    5871,       0,       0,       0,       0,       0,       0,       0,       0,       0,       0,       0,       0,       0,       0,       0,       0,    8507,    8033,    5419,     451,    4444,   -1228,     813,    1409,    -499,    1558,    -298,    -583,    8545,    8664,     -38,    -157,  100.0,   79.1,   49.2,    7.5,   39.4,    1.9,    6.0,    2.8,    1.4,    0.7,    2.0,    1.2,   97.7,   97.9,    2.3,    2.1,  100.0,   79.1,   49.2,    7.5,   39.4,    1.9,    6.0,    2.8,    1.4,    0.7,    2.0,    1.2,   97.7,   97.9,    2.3,    2.1,  100.0,    0.0,    0.0,    0.0,    0.0,    0.0,    0.0,    0.0,    0.0,    0.0,    0.0,    0.0,    0.0,    0.0,    0.0,    0.0,     62,     29,     25,.,     13,.,.,.,.,.,      4,.,     40,     50,     62,     29,     25,.,     13,.,.,.,.,.,      4,.,     40,     50,      0,      0,      0,      0,      0,      0,      0,      0,      0,      0,      0,      0,      0,      0,    37.2,    32.5,    56.9,    49.5,    34.7,    29.9,    50.3,    44.9,    37.2,    32.5,    56.9,    49.5,    34.7,    29.9,    50.3,    44.9,     0.0,     0.0,     0.0,     0.0,     0.0,     0.0,     0.0,     0.0,"2500 MMBtus","0233EB","IFED","023 ","N13","FutOnly"
"REX ZONE 3 INDEX - ICE FUTURES ENERGY DIV",260825,2026-08-25,0233ED,IFED,01,023 ,   52325,   28995,   46500,   18649,    2392,     451,    1607,    1147,       0,    1251,       0,       0,   50953,   50490,    1372,    1835,   52325,   28995,   46500,   18649,    2392,     451,    1607,    1147,       0,    1251,       0,       0,   50953,   50490,    1372,    1835,       0,       0,       0,       0,       0,       0,       0,       0,       0,       0,       0,       0,       0,       0,       0,       0,    4322,    4266,    3725,    -510,       0,     420,     120,       0,       0,     240,       0,       0,    4536,    4145,    -214,     177,  100.0,   55.4,   88.9,   35.6,    4.6,    0.9,    3.1,    2.2,    0.0,    2.4,    0.0,    0.0,   97.4,   96.5,    2.6,    3.5,  100.0,   55.4,   88.9,   35.6,    4.6,    0.9,    3.1,    2.2,    0.0,    2.4,    0.0,    0.0,   97.4,   96.5,    2.6,    3.5,  100.0,    0.0,    0.0,    0.0,    0.0,    0.0,    0.0,    0.0,    0.0,    0.0,    0.0,    0.0,    0.0,    0.0,    0.0,    0.0,     28,     15,     18,.,.,.,.,.,      0,.,      0,      0,     20,     21,     28,     15,     18,.,.,.,.,.,      0,.,      0,      0,     20,     21,      0,      0,      0,      0,      0,      0,      0,      0,      0,      0,      0,      0,      0,      0,    69.2,    44.0,    84.8,    66.2,    57.5,    33.0,    67.3,    53.3,    69.2,    44.0,    84.8,    66.2,    57.5,    33.0,    67.3,    53.3,     0.0,     0.0,     0.0,     0.0,     0.0,     0.0,     0.0,     0.0,"2500 MMBtus","0233ED","IFED","023 ","N13","FutOnly"
"NAT GAS TETCO-WLA INDEX - ICE FUTURES ENERGY DIV",260825,2026-08-25,0233EP,IFED,01,023 ,   21437,   19928,    8521,     458,     417,     420,       0,   11485,       0,     390,       0,       0,   21196,   20843,     241,     594,   21437,   19928,    8521,     458,     417,     420,       0,   11485,       0,     390,       0,       0,   21196,   20843,     241,     594,       0,       0,       0,       0,       0,       0,       0,       0,       0,       0,       0,       0,       0,       0,       0,       0,.,.,.,.,.,.,.,.,.,.,.,.,.,.,.,.,  100.0,   93.0,   39.7,    2.1,    1.9,    2.0,    0.0,   53.6,    0.0,    1.8,    0.0,    0.0,   98.9,   97.2,    1.1,    2.8,  100.0,   93.0,   39.7,    2.1,    1.9,    2.0,    0.0,   53.6,    0.0,    1.8,    0.0,    0.0,   98.9,   97.2,    1.1,    2.8,  100.0,    0.0,    0.0,    0.0,    0.0,    0.0,    0.0,    0.0,    0.0,    0.0,    0.0,    0.0,    0.0,    0.0,    0.0,    0.0,     21,     11,      5,.,.,.,      0,.,      0,.,      0,      0,     14,      9,     21,     11,      5,.,.,.,      0,.,      0,.,      0,      0,     14,      9,      0,      0,      0,      0,      0,      0,      0,      0,      0,      0,      0,      0,      0,      0,    57.8,    82.0,    84.4,    95.2,    57.8,    75.2,    81.0,    86.5,    57.8,    82.0,    84.4,    95.2,    57.8,    75.2,    81.0,    86.5,     0.0,     0.0,     0.0,     0.0,     0.0,     0.0,     0.0,     0.0,"2500 MMBtus","0233EP","IFED","023 ","N13","FutOnly"
"Transco Zone 5 South Basis - ICE FUTURES ENERGY DIV",260825,2026-08-25,0233FJ,IFED,01,023 ,  151186,   83416,  126273,   25954,    8114,    7891,   22679,    2235,     764,    1124,    1858,       0,  141828,  147135,    9358,    4051,  151186,   83416,  126273,   25954,    8114,    7891,   22679,    2235,     764,    1124,    1858,       0,  141828,  147135,    9358,    4051,       0,       0,       0,       0,       0,       0,       0,       0,       0,       0,       0,       0,       0,       0,       0,       0,    1077,     798,     440,    1832,     122,     123,      90,       0,     214,     274,     331,     -31,    3300,    1199,   -2223,    -122,  100.0,   55.2,   83.5,   17.2,    5.4,    5.2,   15.0,    1.5,    0.5,    0.7,    1.2,    0.0,   93.8,   97.3,    6.2,    2.7,  100.0,   55.2,   83.5,   17.2,    5.4,    5.2,   15.0,    1.5,    0.5,    0.7,    1.2,    0.0,   93.8,   97.3,    6.2,    2.7,  100.0,    0.0,    0.0,    0.0,    0.0,    0.0,    0.0,    0.0,    0.0,    0.0,    0.0,    0.0,    0.0,    0.0,    0.0,    0.0,     46,     20,     30,      4,.,      4,.,.,.,.,.,      0,     30,     39,     46,     20,     30,      4,.,      4,.,.,.,.,.,      0,     30,     39,      0,      0,      0,      0,      0,      0,      0,      0,      0,      0,      0,      0,      0,      0,    51.0,    45.6,    71.8,    65.3,    47.3,    44.3,    66.7,    59.6,    51.0,    45.6,    71.8,    65.3,    47.3,    44.3,    66.7,    59.6,     0.0,     0.0,     0.0,     0.0,     0.0,     0.0,     0.0,     0.0,"2500 MMBtus","0233FJ","IFED","023 ","N13","FutOnly"
"NAT GAS NYME - NEW YORK MERCANTILE EXCHANGE",260825,2026-08-25,023651,NYME,01,023 , 1747730,  236602,  255587,  224394,   17672,  111045,  269125,  340798,  605579,   44652,  170911,  199083, 1690480, 1700675,   57250,   47055, 1747730,  236602,  255587,  224394,   17672,  111045,  269125,  340798,  605579,   44652,  170911,  199083, 1690480, 1700675,   57250,   47055,       0,       0,       0,       0,       0,       0,       0,       0,       0,       0,       0,       0,       0,       0,       0,       0,   20352,    5418,    7617,     653,    -957,    1386,    3886,  -24521,   29697,    -915,   21921,  -20194,   19931,   14949,     421,    5403,  100.0,   13.5,   14.6,   12.8,    1.0,    6.4,   15.4,   19.5,   34.6,    2.6,    9.8,   11.4,   96.7,   97.3,    3.3,    2.7,  100.0,   13.5,   14.6,   12.8,    1.0,    6.4,   15.4,   19.5,   34.6,    2.6,    9.8,   11.4,   96.7,   97.3,    3.3,    2.7,  100.0,    0.0,    0.0,    0.0,    0.0,    0.0,    0.0,    0.0,    0.0,    0.0,    0.0,    0.0,    0.0,    0.0,    0.0,    0.0,    319,     46,     41,     27,      9,     26,     62,     64,     81,     53,     45,     70,    288,    246,    319,     46,     41,     27,      9,     26,     62,     64,     81,     53,     45,     70,    288,    246,      0,      0,      0,      0,      0,      0,      0,      0,      0,      0,      0,      0,      0,      0,    17.2,    24.0,    27.0,    35.2,     8.9,    11.0,    13.6,    15.2,    17.2,    24.0,    27.0,    35.2,     8.9,    11.0,    13.6,    15.2,     0.0,     0.0,     0.0,     0.0,     0.0,     0.0,     0.0,     0.0,"(Contracts of 10,000 MMBTU'S)","023651","NYME","023 ","N13","FutOnly"
"HENRY HUB LAST DAY FIN - NEW YORK MERCANTILE EXCHANGE",260825,2026-08-25,023A55,NYME,01,023 ,  421880,  150767,   54741,   28922,  158522,   23589,   46545,   18407,   16782,   74650,   87092,   55779,  397034,  414912,   24846,    6968,  421880,  150767,   54741,   28922,  158522,   23589,   46545,   18407,   16782,   74650,   87092,   55779,  397034,  414912,   24846,    6968,       0,       0,       0,       0,       0,       0,       0,       0,       0,       0,       0,       0,       0,       0,       0,       0,   10690,    1210,    1266,   -3323,    5595,    1557,    3216,    3709,   -1294,    5654,   -3480,    2335,    9355,    9688,    1335,    1002,  100.0,   35.7,   13.0,    6.9,   37.6,    5.6,   11.0,    4.4,    4.0,   17.7,   20.6,   13.2,   94.1,   98.3,    5.9,    1.7,  100.0,   35.7,   13.0,    6.9,   37.6,    5.6,   11.0,    4.4,    4.0,   17.7,   20.6,   13.2,   94.1,   98.3,    5.9,    1.7,  100.0,    0.0,    0.0,    0.0,    0.0,    0.0,    0.0,    0.0,    0.0,    0.0,    0.0,    0.0,    0.0,    0.0,    0.0,    0.0,     98,     33,     24,     13,     11,     17,      7,      5,     11,     16,     10,     22,     93,     76,     98,     33,     24,     13,     11,     17,      7,      5,     11,     16,     10,     22,     93,     76,      0,      0,      0,      0,      0,      0,      0,      0,      0,      0,      0,      0,      0,      0,    18.4,    38.3,    32.0,    52.9,    16.2,    37.2,    27.0,    49.7,    18.4,    38.3,    32.0,    52.9,    16.2,    37.2,    27.0,    49.7,     0.0,     0.0,     0.0,     0.0,     0.0,     0.0,     0.0,     0.0,"(Contracts of 10,000 MMBTU'S)","023A55","NYME","023 ","N13","FutOnly"
"HENRY HUB PENULTIMATE FIN - NEW YORK MERCANTILE EXCHANGE",260825,2026-08-25,023A56,NYME,01,023 ,  250697,   29502,   60040,   78840,   56046,   30763,   16411,   22564,   21045,   42839,   28531,   25792,  245192,  244781,    5505,    5916,  250697,   29502,   60040,   78840,   56046,   30763,   16411,   22564,   21045,   42839,   28531,   25792,  245192,  244781,    5505,    5916,       0,       0,       0,       0,       0,       0,       0,       0,       0,       0,       0,       0,       0,       0,       0,       0,   13960,    5392,    5079,     105,   -4161,     883,   -1594,    7532,    1007,    8824,    2643,    1237,   15854,   14220,   -1894,    -260,  100.0,   11.8,   23.9,   31.4,   22.4,   12.3,    6.5,    9.0,    8.4,   17.1,   11.4,   10.3,   97.8,   97.6,    2.2,    2.4,  100.0,   11.8,   23.9,   31.4,   22.4,   12.3,    6.5,    9.0,    8.4,   17.1,   11.4,   10.3,   97.8,   97.6,    2.2,    2.4,  100.0,    0.0,    0.0,    0.0,    0.0,    0.0,    0.0,    0.0,    0.0,    0.0,    0.0,    0.0,    0.0,    0.0,    0.0,    0.0,     83,     16,     16,     11,      9,     15,     10,     10,     14,     12,     13,     23,     76,     73,     83,     16,     16,     11,      9,     15,     10,     10,     14,     12,     13,     23,     76,     73,      0,      0,      0,      0,      0,      0,      0,      0,      0,      0,      0,      0,      0,      0,    25.6,    30.4,    43.5,    46.0,    23.5,    22.7,    38.5,    33.2,    25.6,    30.4,    43.5,    46.0,    23.5,    22.7,    38.5,    33.2,     0.0,     0.0,     0.0,     0.0,     0.0,     0.0,     0.0,     0.0,"(Contracts of 10,000 MMBTU'S)","023A56","NYME","023 ","N13","FutOnly"
"ETHANOL T2 FOB INCL DUTY - NEW YORK MERCANTILE EXCHANGE",260825,2026-08-25,025608,NYME,01,025 ,    3475,    3238,    3230,       0,       0,       0,       0,       0,       0,       0,     135,       0,    3238,    3365,     237,     110,    3475,    3238,    3230,       0,       0,       0,       0,       0,       0,       0,     135,       0,    3238,    3365,     237,     110,       0,       0,       0,       0,       0,       0,       0,       0,       0,       0,       0,       0,       0,       0,       0,       0,     183,     213,     183,       0,       0,       0,       0,       0,       0,       0,       0,       0,     213,     183,     -30,       0,  100.0,   93.2,   92.9,    0.0,    0.0,    0.0,    0.0,    0.0,    0.0,    0.0,    3.9,    0.0,   93.2,   96.8,    6.8,    3.2,  100.0,   93.2,   92.9,    0.0,    0.0,    0.0,    0.0,    0.0,    0.0,    0.0,    3.9,    0.0,   93.2,   96.8,    6.8,    3.2,  100.0,    0.0,    0.0,    0.0,    0.0,    0.0,    0.0,    0.0,    0.0,    0.0,    0.0,    0.0,    0.0,    0.0,    0.0,    0.0,     28,     22,     22,      0,      0,      0,      0,      0,      0,      0,.,      0,     22,     24,     28,     22,     22,      0,      0,      0,      0,      0,      0,      0,.,      0,     22,     24,      0,      0,      0,      0,      0,      0,      0,      0,      0,      0,      0,      0,      0,      0,    47.9,    49.4,    68.8,    69.7,    41.9,    30.8,    51.1,    45.7,    47.9,    49.4,    68.8,    69.7,    41.9,    30.8,    51.1,    45.7,     0.0,     0.0,     0.0,     0.0,     0.0,     0.0,     0.0,     0.0,"(100 CUBIC METERS)","025608","NYME","025 ","N10","FutOnly"
"ETHANOL - NEW YORK MERCANTILE EXCHANGE",260825,2026-08-25,025651,NYME,01,025 ,   48148,   34703,   40520,     947,    3471,     593,    7366,     247,     152,    1724,     381,    1948,   47433,   47312,     715,     836,   48148,   34703,   40520,     947,    3471,     593,    7366,     247,     152,    1724,     381,    1948,   47433,   47312,     715,     836,       0,       0,       0,       0,       0,       0,       0,       0,       0,       0,       0,       0,       0,       0,       0,       0,    3760,    2601,    2864,      10,    1106,    -253,    1082,      82,     -48,     198,      56,     103,    3693,    3910,      67,    -150,  100.0,   72.1,   84.2,    2.0,    7.2,    1.2,   15.3,    0.5,    0.3,    3.6,    0.8,    4.0,   98.5,   98.3,    1.5,    1.7,  100.0,   72.1,   84.2,    2.0,    7.2,    1.2,   15.3,    0.5,    0.3,    3.6,    0.8,    4.0,   98.5,   98.3,    1.5,    1.7,  100.0,    0.0,    0.0,    0.0,    0.0,    0.0,    0.0,    0.0,    0.0,    0.0,    0.0,    0.0,    0.0,    0.0,    0.0,    0.0,    118,     46,     61,.,      4,.,     19,      4,.,      9,      5,      8,     83,     83,    118,     46,     61,.,      4,.,     19,      4,.,      9,      5,      8,     83,     83,      0,      0,      0,      0,      0,      0,      0,      0,      0,      0,      0,      0,      0,      0,    33.1,    25.9,    48.2,    42.7,    10.5,    13.1,    19.8,    21.8,    33.1,    25.9,    48.2,    42.7,    10.5,    13.1,    19.8,    21.8,     0.0,     0.0,     0.0,     0.0,     0.0,     0.0,     0.0,     0.0,"(CONTRACTS OF 42,000 U.S. GALLONS)","025651","NYME","025 ","N10","FutOnly"
"SOYBEAN MEAL - CHICAGO BOARD OF TRADE",260825,2026-08-25,026603,CBT ,00,026 ,  608353,  123987,  386076,  125671,    7384,    9380,  129615,   33662,   71739,   40621,   15603,   58296,  559309,  582140,   49044,   26213,   32220,   18685,   21359,    2224,     960,     110,    4046,    2014,      39,    3758,    4167,       0,   28862,   28649,    3358,    3571,  576133,  105302,  364717,  125439,    8416,    7278,  129432,   35511,   67837,   41556,   16129,   53603,  530447,  553491,   45686,   22642,    3920,     392,     598,   -2107,     409,     318,     297,  -12341,    9970,   -4173,    4391,    -455,    4242,    2890,    -322,    1030,  100.0,   20.4,   63.5,   20.7,    1.2,    1.5,   21.3,    5.5,   11.8,    6.7,    2.6,    9.6,   91.9,   95.7,    8.1,    4.3,  100.0,   58.0,   66.3,    6.9,    3.0,    0.3,   12.6,    6.3,    0.1,   11.7,   12.9,    0.0,   89.6,   88.9,   10.4,   11.1,  100.0,   18.3,   63.3,   21.8,    1.5,    1.3,   22.5,    6.2,   11.8,    7.2,    2.8,    9.3,   92.1,   96.1,    7.9,    3.9,    318,     99,     99,     24,      6,     18,     66,     30,     52,     39,     22,     40,    277,    229,    138,     43,     53,      6,      4,.,     12,      7,.,     15,      7,      0,     77,     74,    314,     90,     89,     24,      6,     16,     64,     32,     50,     36,     26,     38,    263,    216,    10.5,    35.1,    18.8,    44.3,     8.8,    31.1,    16.6,    36.6,    24.3,    36.5,    37.3,    47.5,    24.3,    33.7,    37.3,    44.4,    10.9,    35.8,    19.7,    45.5,     9.3,    32.4,    17.5,    38.4,"(CONTRACTS OF 100 TONS)","026603","CBT ","026 ","A30","FutOnly"
"COTTON NO. 2 - ICE FUTURES U.S.",260825,2026-08-25,033661,ICUS,01,033 ,  374859,   44356,  214516,   64206,   27494,   18827,  104495,   16202,   37395,   54837,   20227,   31780,  355896,  366441,   18963,    8418,  345108,   30518,  198480,   63656,   22708,   14816,  100678,   16911,   36105,   52876,   19043,   28760,  327409,  336823,   17699,    8285,   29751,   13838,   16036,    4561,    8797,       0,    5084,     558,      23,    4812,    4035,     169,   28487,   29618,    1264,     133,   12988,     496,   11267,    -151,    3325,    -840,   12490,   -3131,    -728,   -2556,   -2190,    4685,   13396,   12388,    -408,     600,  100.0,   11.8,   57.2,   17.1,    7.3,    5.0,   27.9,    4.3,   10.0,   14.6,    5.4,    8.5,   94.9,   97.8,    5.1,    2.2,  100.0,    8.8,   57.5,   18.4,    6.6,    4.3,   29.2,    4.9,   10.5,   15.3,    5.5,    8.3,   94.9,   97.6,    5.1,    2.4,  100.0,   46.5,   53.9,   15.3,   29.6,    0.0,   17.1,    1.9,    0.1,   16.2,   13.6,    0.6,   95.8,   99.6,    4.2,    0.4,    358,     39,     52,     23,     16,     14,    100,     26,     63,     81,     39,     47,    292,    221,    357,     33,     51,     23,     17,     13,    100,     28,     61,     78,     43,     44,    282,    217,     97,     16,     22,      7,     13,      0,     10,      4,.,     20,     10,      6,     55,     54,     9.1,    29.4,    15.2,    40.1,     7.3,    27.4,    12.3,    36.3,     9.1,    30.3,    15.2,    40.3,     7.1,    28.7,    12.7,    37.7,    44.0,    43.3,    60.7,    64.0,    43.9,    43.3,    60.6,    64.0,"(CONTRACTS OF 50,000 POUNDS)","033661","ICUS","033 ","A40","FutOnly"
"HENRY HUB - NEW YORK MERCANTILE EXCHANGE",260825,2026-08-25,03565B,NYME,01,023 ,  402757,   31361,   19381,   22143,  297140,   45007,       0,    6352,       0,  289552,   18545,    1959,  390022,  388384,   12735,   14373,  402757,   31361,   19381,   22143,  297140,   45007,       0,    6352,       0,  289552,   18545,    1959,  390022,  388384,   12735,   14373,       0,       0,       0,       0,       0,       0,       0,       0,       0,       0,       0,       0,       0,       0,       0,       0,    4899,       0,      48,       0,    4986,    -135,       0,       0,       0,    5034,       0,       0,    4899,    4899,       0,       0,  100.0,    7.8,    4.8,    5.5,   73.8,   11.2,    0.0,    1.6,    0.0,   71.9,    4.6,    0.5,   96.8,   96.4,    3.2,    3.6,  100.0,    7.8,    4.8,    5.5,   73.8,   11.2,    0.0,    1.6,    0.0,   71.9,    4.6,    0.5,   96.8,   96.4,    3.2,    3.6,  100.0,    0.0,    0.0,    0.0,    0.0,    0.0,    0.0,    0.0,    0.0,    0.0,    0.0,    0.0,    0.0,    0.0,    0.0,    0.0,     34,      5,      5,.,     12,     12,      0,.,      0,      6,.,.,     25,     25,     34,      5,      5,.,     12,     12,      0,.,      0,      6,.,.,     25,     25,      0,      0,      0,      0,      0,      0,      0,      0,      0,      0,      0,      0,      0,      0,    70.9,    58.7,    83.8,    82.4,    70.5,    56.2,    80.7,    76.5,    70.9,    58.7,    83.8,    82.4,    70.5,    56.2,    80.7,    76.5,     0.0,     0.0,     0.0,     0.0,     0.0,     0.0,     0.0,     0.0,"(Contracts of 2,500  MMBTU'S)","03565B","NYME","023 ","N13","FutOnly"
"HENRY HUB PENULTIMATE NAT GAS - NEW YORK MERCANTILE EXCHANGE",260825,2026-08-25,03565C,NYME,01,023 ,  110012,   11616,   16152,   21484,   22350,   30064,    6380,    7884,    4714,    9858,    7664,   13458,   97574,  102286,   12438,    7726,  110012,   11616,   16152,   21484,   22350,   30064,    6380,    7884,    4714,    9858,    7664,   13458,   97574,  102286,   12438,    7726,       0,       0,       0,       0,       0,       0,       0,       0,       0,       0,       0,       0,       0,       0,       0,       0,      70,     567,     556,    -246,   -1061,    -194,     120,       0,       0,    -826,    -284,     702,     123,    -281,     -53,     351,  100.0,   10.6,   14.7,   19.5,   20.3,   27.3,    5.8,    7.2,    4.3,    9.0,    7.0,   12.2,   88.7,   93.0,   11.3,    7.0,  100.0,   10.6,   14.7,   19.5,   20.3,   27.3,    5.8,    7.2,    4.3,    9.0,    7.0,   12.2,   88.7,   93.0,   11.3,    7.0,  100.0,    0.0,    0.0,    0.0,    0.0,    0.0,    0.0,    0.0,    0.0,    0.0,    0.0,    0.0,    0.0,    0.0,    0.0,    0.0,     44,      6,      7,      6,      6,     11,      5,.,      5,     11,      5,     13,     41,     37,     44,      6,      7,      6,      6,     11,      5,.,      5,     11,      5,     13,     41,     37,      0,      0,      0,      0,      0,      0,      0,      0,      0,      0,      0,      0,      0,      0,    33.1,    33.5,    48.2,    60.4,    19.4,    24.0,    26.7,    35.4,    33.1,    33.5,    48.2,    60.4,    19.4,    24.0,    26.7,    35.4,     0.0,     0.0,     0.0,     0.0,     0.0,     0.0,     0.0,     0.0,"(Contracts of 2,500  MMBTU'S)","03565C","NYME","023 ","N13","FutOnly"
"USD Malaysian Crude Palm Oil C - CHICAGO MERCANTILE EXCHANGE",260825,2026-08-25,037021,CME ,00,037 ,   45009,   38741,   31400,     700,    3869,    2748,     200,    4692,     360,    1100,     800,    1140,   44989,   45009,      20,       0,   45009,   38741,   31400,     700,    3869,    2748,     200,    4692,     360,    1100,     800,    1140,   44989,   45009,      20,       0,       0,       0,       0,       0,       0,       0,       0,       0,       0,       0,       0,       0,       0,       0,       0,       0,    -440,    -880,   -1462,       0,       0,       0,      80,      40,     360,     -80,     502,     120,    -400,    -440,     -40,       0,  100.0,   86.1,   69.8,    1.6,    8.6,    6.1,    0.4,   10.4,    0.8,    2.4,    1.8,    2.5,  100.0,  100.0,    0.0,    0.0,  100.0,   86.1,   69.8,    1.6,    8.6,    6.1,    0.4,   10.4,    0.8,    2.4,    1.8,    2.5,  100.0,  100.0,    0.0,    0.0,  100.0,    0.0,    0.0,    0.0,    0.0,    0.0,    0.0,    0.0,    0.0,    0.0,    0.0,    0.0,    0.0,    0.0,    0.0,    0.0,     29,     10,     10,.,      5,      4,.,.,.,.,.,.,     23,     21,     29,     10,     10,.,      5,      4,.,.,.,.,.,.,     23,     21,      0,      0,      0,      0,      0,      0,      0,      0,      0,      0,      0,      0,      0,      0,    81.0,    65.7,    90.1,    87.4,    45.3,    41.3,    49.3,    50.0,    81.0,    65.7,    90.1,    87.4,    45.3,    41.3,    49.3,    50.0,     0.0,     0.0,     0.0,     0.0,     0.0,     0.0,     0.0,     0.0,"(CONTRACTS OF 25 METRIC TONS)","037021","CME ","037 ","A30","FutOnly"
"ROUGH RICE - CHICAGO BOARD OF TRADE",260825,2026-08-25,039601,CBT ,00,039 ,   13990,    5415,    8790,     259,       0,       0,    3065,    2096,      69,    1575,    1388,     815,   11198,   13158,    2792,     832,   13990,    5415,    8790,     259,       0,       0,    3065,    2096,      69,    1575,    1388,     815,   11198,   13158,    2792,     832,       0,       0,       0,       0,       0,       0,       0,       0,       0,       0,       0,       0,       0,       0,       0,       0,     -19,     223,     640,       0,       0,       0,     110,    -426,      -8,     -24,     -39,    -147,     154,      20,    -173,     -39,  100.0,   38.7,   62.8,    1.9,    0.0,    0.0,   21.9,   15.0,    0.5,   11.3,    9.9,    5.8,   80.0,   94.1,   20.0,    5.9,  100.0,   38.7,   62.8,    1.9,    0.0,    0.0,   21.9,   15.0,    0.5,   11.3,    9.9,    5.8,   80.0,   94.1,   20.0,    5.9,  100.0,    0.0,    0.0,    0.0,    0.0,    0.0,    0.0,    0.0,    0.0,    0.0,    0.0,    0.0,    0.0,    0.0,    0.0,    0.0,     74,     19,     18,.,      0,      0,     13,      6,.,     13,      7,      4,     51,     34,     74,     19,     18,.,      0,      0,     13,      6,.,     13,      7,      4,     51,     34,      0,      0,      0,      0,      0,      0,      0,      0,      0,      0,      0,      0,      0,      0,    27.9,    40.5,    40.3,    60.0,    24.0,    39.0,    33.8,    56.0,    27.9,    40.5,    40.3,    60.0,    24.0,    39.0,    33.8,    56.0,     0.0,     0.0,     0.0,     0.0,     0.0,     0.0,     0.0,     0.0,"(CONTRACTS OF 200,000 POUNDS)","039601","CBT ","039 ","A10","FutOnly"
"FRZN CONCENTRATED ORANGE JUICE - ICE FUTURES U.S.",260825,2026-08-25,040701,ICUS,01,040 ,    9586,    1525,    3388,     808,      88,      70,    2586,    3893,     111,    2253,     215,     190,    7543,    7955,    2043,    1631,    8516,     906,    2714,     808,     158,       0,    2626,    3954,      10,    2267,     204,      50,    6667,    7090,    1849,    1426,    1070,     619,     674,      70,       0,       0,      61,      40,       0,     126,     151,       0,     876,     865,     194,     205,    -248,    -111,     169,     -34,      87,     -95,     262,    -101,      81,     -42,     -65,    -198,    -137,    -122,    -111,    -126,  100.0,   15.9,   35.3,    8.4,    0.9,    0.7,   27.0,   40.6,    1.2,   23.5,    2.2,    2.0,   78.7,   83.0,   21.3,   17.0,  100.0,   10.6,   31.9,    9.5,    1.9,    0.0,   30.8,   46.4,    0.1,   26.6,    2.4,    0.6,   78.3,   83.3,   21.7,   16.7,  100.0,   57.9,   63.0,    6.5,    0.0,    0.0,    5.7,    3.7,    0.0,   11.8,   14.1,    0.0,   81.9,   80.8,   18.1,   19.2,     50,     10,      6,.,.,.,      8,     12,      5,     11,.,.,     37,     25,     50,      8,      6,.,.,      0,      8,     13,.,     12,.,.,     33,     24,     15,      8,.,.,      0,      0,.,.,      0,.,.,      0,     13,      5,    26.3,    44.8,    41.6,    61.7,    26.3,    44.6,    41.2,    61.5,    29.6,    43.2,    45.3,    62.3,    29.6,    43.1,    45.3,    62.1,    52.2,    77.1,    76.2,    80.8,    51.5,    73.9,    70.4,    73.9,"(CONTRACTS OF 15,000 POUNDS)","040701","ICUS","040 ","A50","FutOnly"
"BUTTER (CASH SETTLED) - CHICAGO MERCANTILE EXCHANGE",260825,2026-08-25,050642,CME ,00,050 ,   18919,   10666,    9993,    4812,     895,    1836,       0,     486,     119,     145,    4778,     619,   18197,   18726,     722,     193,   18919,   10666,    9993,    4812,     895,    1836,       0,     486,     119,     145,    4778,     619,   18197,   18726,     722,     193,       0,       0,       0,       0,       0,       0,       0,       0,       0,       0,       0,       0,       0,       0,       0,       0,     919,     581,     382,     105,     -79,     179,       0,      -7,      54,      -1,     410,       7,     925,     946,      -6,     -27,  100.0,   56.4,   52.8,   25.4,    4.7,    9.7,    0.0,    2.6,    0.6,    0.8,   25.3,    3.3,   96.2,   99.0,    3.8,    1.0,  100.0,   56.4,   52.8,   25.4,    4.7,    9.7,    0.0,    2.6,    0.6,    0.8,   25.3,    3.3,   96.2,   99.0,    3.8,    1.0,  100.0,    0.0,    0.0,    0.0,    0.0,    0.0,    0.0,    0.0,    0.0,    0.0,    0.0,    0.0,    0.0,    0.0,    0.0,    0.0,     58,     30,     22,      6,.,      4,      0,      4,.,.,      7,      5,     44,     38,     58,     30,     22,      6,.,      4,      0,      4,.,.,      7,      5,     44,     38,      0,      0,      0,      0,      0,      0,      0,      0,      0,      0,      0,      0,      0,      0,    38.0,    39.3,    55.1,    60.7,    33.9,    35.1,    48.8,    49.8,    38.0,    39.3,    55.1,    60.7,    33.9,    35.1,    48.8,    49.8,     0.0,     0.0,     0.0,     0.0,     0.0,     0.0,     0.0,     0.0,"(CONTRACTS OF 20,000 POUNDS)","050642","CME ","050 ","A25","FutOnly"
"MILK, Class III - CHICAGO MERCANTILE EXCHANGE",260825,2026-08-25,052641,CME ,00,052 ,   31733,   13766,   10459,    9181,    1799,     620,      30,    5135,     865,    3095,    6986,    1784,   29341,   27648,    2392,    4085,   31733,   13766,   10459,    9181,    1799,     620,      30,    5135,     865,    3095,    6986,    1784,   29341,   27648,    2392,    4085,       0,       0,       0,       0,       0,       0,       0,       0,       0,       0,       0,       0,       0,       0,       0,       0,    1456,    1026,     273,    -506,       0,     160,    -115,     381,      81,     415,     -50,     313,    1374,    1158,      82,     298,  100.0,   43.4,   33.0,   28.9,    5.7,    2.0,    0.1,   16.2,    2.7,    9.8,   22.0,    5.6,   92.5,   87.1,    7.5,   12.9,  100.0,   43.4,   33.0,   28.9,    5.7,    2.0,    0.1,   16.2,    2.7,    9.8,   22.0,    5.6,   92.5,   87.1,    7.5,   12.9,  100.0,    0.0,    0.0,    0.0,    0.0,    0.0,    0.0,    0.0,    0.0,    0.0,    0.0,    0.0,    0.0,    0.0,    0.0,    0.0,     90,     31,     22,      6,.,.,.,     16,.,      9,     16,     12,     58,     60,     90,     31,     22,      6,.,.,.,     16,.,      9,     16,     12,     58,     60,      0,      0,      0,      0,      0,      0,      0,      0,      0,      0,      0,      0,      0,      0,    44.2,    25.4,    60.0,    43.0,    44.2,    22.1,    60.0,    37.9,    44.2,    25.4,    60.0,    43.0,    44.2,    22.1,    60.0,    37.9,     0.0,     0.0,     0.0,     0.0,     0.0,     0.0,     0.0,     0.0,"(CONTRACTS OF 200,000 POUNDS)","052641","CME ","052 ","A25","FutOnly"
"NON FAT DRY MILK - CHICAGO MERCANTILE EXCHANGE",260825,2026-08-25,052642,CME ,00,052 ,   11177,    7498,    4728,    1966,     478,     493,      61,     787,      33,     225,    4449,      50,   10326,   11018,     851,     159,   11177,    7498,    4728,    1966,     478,     493,      61,     787,      33,     225,    4449,      50,   10326,   11018,     851,     159,       0,       0,       0,       0,       0,       0,       0,       0,       0,       0,       0,       0,       0,       0,       0,       0,     657,     462,     400,     119,    -124,      19,      14,     -30,     -12,      20,     418,     -14,     608,     657,      49,       0,  100.0,   67.1,   42.3,   17.6,    4.3,    4.4,    0.5,    7.0,    0.3,    2.0,   39.8,    0.4,   92.4,   98.6,    7.6,    1.4,  100.0,   67.1,   42.3,   17.6,    4.3,    4.4,    0.5,    7.0,    0.3,    2.0,   39.8,    0.4,   92.4,   98.6,    7.6,    1.4,  100.0,    0.0,    0.0,    0.0,    0.0,    0.0,    0.0,    0.0,    0.0,    0.0,    0.0,    0.0,    0.0,    0.0,    0.0,    0.0,     53,     28,     19,      6,.,      5,.,.,.,.,      7,      5,     43,     34,     53,     28,     19,      6,.,      5,.,.,.,.,      7,      5,     43,     34,      0,      0,      0,      0,      0,      0,      0,      0,      0,      0,      0,      0,      0,      0,    31.7,    42.6,    51.3,    64.8,    31.6,    42.2,    45.6,    63.2,    31.7,    42.6,    51.3,    64.8,    31.6,    42.2,    45.6,    63.2,     0.0,     0.0,     0.0,     0.0,     0.0,     0.0,     0.0,     0.0,"(CONTRACTS OF 44,000 LBS.)","052642","CME ","052 ","A25","FutOnly"
"CME MILK IV - CHICAGO MERCANTILE EXCHANGE",260825,2026-08-25,052644,CME ,00,052 ,    9099,    3702,    5085,    1976,    1128,      28,       0,      30,     125,    2917,    1731,     167,    8915,    8294,     184,     805,    9099,    3702,    5085,    1976,    1128,      28,       0,      30,     125,    2917,    1731,     167,    8915,    8294,     184,     805,       0,       0,       0,       0,       0,       0,       0,       0,       0,       0,       0,       0,       0,       0,       0,       0,     272,      79,     154,       0,       2,       0,       0,     -21,      19,     179,      56,      -4,     273,     206,      -1,      66,  100.0,   40.7,   55.9,   21.7,   12.4,    0.3,    0.0,    0.3,    1.4,   32.1,   19.0,    1.8,   98.0,   91.2,    2.0,    8.8,  100.0,   40.7,   55.9,   21.7,   12.4,    0.3,    0.0,    0.3,    1.4,   32.1,   19.0,    1.8,   98.0,   91.2,    2.0,    8.8,  100.0,    0.0,    0.0,    0.0,    0.0,    0.0,    0.0,    0.0,    0.0,    0.0,    0.0,    0.0,    0.0,    0.0,    0.0,    0.0,     32,      8,     12,.,.,.,      0,.,.,      4,      5,      5,     18,     24,     32,      8,     12,.,.,.,      0,.,.,      4,      5,      5,     18,     24,      0,      0,      0,      0,      0,      0,      0,      0,      0,      0,      0,      0,      0,      0,    75.4,    51.1,    91.7,    73.8,    75.1,    49.9,    90.9,    71.6,    75.4,    51.1,    91.7,    73.8,    75.1,    49.9,    90.9,    71.6,     0.0,     0.0,     0.0,     0.0,     0.0,     0.0,     0.0,     0.0,"(CONTRACTS OF 200,000 POUNDS)","052644","CME ","052 ","A25","FutOnly"
"LEAN HOGS - CHICAGO MERCANTILE EXCHANGE",260825,2026-08-25,054642,CME ,00,054 ,  275011,   33706,   42714,   75741,    2506,    2734,   57511,   93609,   51414,   14020,   43843,   20589,  255715,  257409,   19296,   17602,  130515,   14977,   12827,   35272,    2257,      16,   51830,   79433,    4722,   15758,   22797,       0,  122575,  122052,    7940,    8463,  144496,   18729,   29887,   41475,    1255,    1712,   35266,   43761,   17107,   11546,   34330,    7305,  133140,  135357,   11356,    9139,    -806,   -3456,   -6320,   -2593,    -348,     216,   -2220,    4881,    2419,    1651,   -2184,    2215,   -1768,     879,     962,   -1685,  100.0,   12.3,   15.5,   27.5,    0.9,    1.0,   20.9,   34.0,   18.7,    5.1,   15.9,    7.5,   93.0,   93.6,    7.0,    6.4,  100.0,   11.5,    9.8,   27.0,    1.7,    0.0,   39.7,   60.9,    3.6,   12.1,   17.5,    0.0,   93.9,   93.5,    6.1,    6.5,  100.0,   13.0,   20.7,   28.7,    0.9,    1.2,   24.4,   30.3,   11.8,    8.0,   23.8,    5.1,   92.1,   93.7,    7.9,    6.3,    330,     53,     65,     18,      6,     12,     53,     73,     61,     33,     48,     42,    229,    250,    288,     30,     42,     17,      7,.,     50,     72,     18,     28,     50,      0,    138,    177,    246,     41,     55,     18,      4,     10,     45,     38,     43,     27,     34,     29,    169,    181,    18.4,    14.6,    28.3,    24.0,    17.3,    13.2,    25.5,    21.6,    26.2,    15.9,    38.9,    27.8,    26.2,    15.9,    38.9,    27.8,    17.3,    22.7,    29.8,    33.1,    17.3,    22.6,    29.6,    32.7,"(CONTRACTS OF 40,000 POUNDS)","054642","CME ","054 ","A20","FutOnly"
"LIVE CATTLE - CHICAGO MERCANTILE EXCHANGE",260825,2026-08-25,057642,CME ,00,057 ,  288743,   34908,  129240,   69969,    4212,    1126,   84341,   24612,   49273,   12195,   36078,   12329,  264141,  256870,   24602,   31873,  288743,   34908,  129240,   69969,    4212,    1126,   84341,   24612,   49273,   12195,   36078,   12329,  264141,  256870,   24602,   31873,       0,       0,       0,       0,       0,       0,       0,       0,       0,       0,       0,       0,       0,       0,       0,       0,    7917,   -2331,   -2661,    1186,    -311,     270,    2471,    5709,    5752,       1,     501,     695,    8044,    9955,    -127,   -2038,  100.0,   12.1,   44.8,   24.2,    1.5,    0.4,   29.2,    8.5,   17.1,    4.2,   12.5,    4.3,   91.5,   89.0,    8.5,   11.0,  100.0,   12.1,   44.8,   24.2,    1.5,    0.4,   29.2,    8.5,   17.1,    4.2,   12.5,    4.3,   91.5,   89.0,    8.5,   11.0,  100.0,    0.0,    0.0,    0.0,    0.0,    0.0,    0.0,    0.0,    0.0,    0.0,    0.0,    0.0,    0.0,    0.0,    0.0,    0.0,    378,     75,    129,     19,      4,      9,     73,     37,     67,     43,     40,     44,    263,    294,    378,     75,    129,     19,      4,      9,     73,     37,     67,     43,     40,     44,    263,    294,      0,      0,      0,      0,      0,      0,      0,      0,      0,      0,      0,      0,      0,      0,    15.8,    15.0,    24.8,    24.3,    14.1,    14.8,    21.5,    23.5,    15.8,    15.0,    24.8,    24.3,    14.1,    14.8,    21.5,    23.5,     0.0,     0.0,     0.0,     0.0,     0.0,     0.0,     0.0,     0.0,"(CONTRACTS OF 40,000 POUNDS)","057642","CME ","057 ","A20","FutOnly"
"LUMBER - CHICAGO MERCANTILE EXCHANGE",260825,2026-08-25,058644,CME ,00,058 ,    9286,    5732,     830,     696,     718,       6,     524,    5294,       0,    1253,    1561,      45,    8256,    8454,    1030,     832,    9286,    5732,     830,     696,     718,       6,     524,    5294,       0,    1253,    1561,      45,    8256,    8454,    1030,     832,       0,       0,       0,       0,       0,       0,       0,       0,       0,       0,       0,       0,       0,       0,       0,       0,      26,      61,    -192,      39,      56,       0,     145,     213,       0,    -232,      42,    -126,    -113,      -7,     139,      33,  100.0,   61.7,    8.9,    7.5,    7.7,    0.1,    5.6,   57.0,    0.0,   13.5,   16.8,    0.5,   88.9,   91.0,   11.1,    9.0,  100.0,   61.7,    8.9,    7.5,    7.7,    0.1,    5.6,   57.0,    0.0,   13.5,   16.8,    0.5,   88.9,   91.0,   11.1,    9.0,  100.0,    0.0,    0.0,    0.0,    0.0,    0.0,    0.0,    0.0,    0.0,    0.0,    0.0,    0.0,    0.0,    0.0,    0.0,    0.0,     88,     28,      7,.,.,.,      4,     27,      0,     10,     13,.,     44,     51,     88,     28,      7,.,.,.,      4,     27,      0,     10,     13,.,     44,     51,      0,      0,      0,      0,      0,      0,      0,      0,      0,      0,      0,      0,      0,      0,    31.7,    28.1,    49.1,    46.3,    31.7,    28.1,    48.4,    46.3,    31.7,    28.1,    49.1,    46.3,    31.7,    28.1,    48.4,    46.3,     0.0,     0.0,     0.0,     0.0,     0.0,     0.0,     0.0,     0.0,"(CONTRACTS OF 27,500 BOARD FEET)","058644","CME ","058 ","N30","FutOnly"
"FEEDER CATTLE - CHICAGO MERCANTILE EXCHANGE",260825,2026-08-25,061641,CME ,00,061 ,   69166,    8584,    9925,    8799,    1000,    2008,   16011,    7125,   12623,    1965,   16356,    8032,   58022,   57069,   11144,   12097,   69166,    8584,    9925,    8799,    1000,    2008,   16011,    7125,   12623,    1965,   16356,    8032,   58022,   57069,   11144,   12097,       0,       0,       0,       0,       0,       0,       0,       0,       0,       0,       0,       0,       0,       0,       0,       0,    3899,    -588,   -1969,     859,      44,     106,   -1269,     106,    2729,     331,     330,    2227,    4395,    3573,    -496,     326,  100.0,   12.4,   14.3,   12.7,    1.4,    2.9,   23.1,   10.3,   18.3,    2.8,   23.6,   11.6,   83.9,   82.5,   16.1,   17.5,  100.0,   12.4,   14.3,   12.7,    1.4,    2.9,   23.1,   10.3,   18.3,    2.8,   23.6,   11.6,   83.9,   82.5,   16.1,   17.5,  100.0,    0.0,    0.0,    0.0,    0.0,    0.0,    0.0,    0.0,    0.0,    0.0,    0.0,    0.0,    0.0,    0.0,    0.0,    0.0,    256,     60,     58,     13,      5,     12,     41,     23,     36,     30,     36,     45,    196,    183,    256,     60,     58,     13,      5,     12,     41,     23,     36,     30,     36,     45,    196,    183,      0,      0,      0,      0,      0,      0,      0,      0,      0,      0,      0,      0,      0,      0,    13.5,    20.0,    22.6,    29.6,    10.3,    16.9,    17.9,    22.6,    13.5,    20.0,    22.6,    29.6,    10.3,    16.9,    17.9,    22.6,     0.0,     0.0,     0.0,     0.0,     0.0,     0.0,     0.0,     0.0,"(CONTRACTS OF 50,000 POUNDS)","061641","CME ","061 ","A20","FutOnly"
"CHEESE (CASH-SETTLED) - CHICAGO MERCANTILE EXCHANGE",260825,2026-08-25,063642,CME ,00,063 ,   31045,   16692,   15225,    9667,    2232,    1302,     432,    2862,     978,     141,    7218,     819,   30031,   30636,    1014,     409,   31045,   16692,   15225,    9667,    2232,    1302,     432,    2862,     978,     141,    7218,     819,   30031,   30636,    1014,     409,       0,       0,       0,       0,       0,       0,       0,       0,       0,       0,       0,       0,       0,       0,       0,       0,     541,     815,     383,    -307,    -650,      27,     -20,     151,     -10,      20,     573,      33,     558,     507,     -17,      34,  100.0,   53.8,   49.0,   31.1,    7.2,    4.2,    1.4,    9.2,    3.2,    0.5,   23.3,    2.6,   96.7,   98.7,    3.3,    1.3,  100.0,   53.8,   49.0,   31.1,    7.2,    4.2,    1.4,    9.2,    3.2,    0.5,   23.3,    2.6,   96.7,   98.7,    3.3,    1.3,  100.0,    0.0,    0.0,    0.0,    0.0,    0.0,    0.0,    0.0,    0.0,    0.0,    0.0,    0.0,    0.0,    0.0,    0.0,    0.0,     76,     23,     27,.,.,      4,      4,     12,.,      4,     15,      9,     42,     63,     76,     23,     27,.,.,      4,      4,     12,.,      4,     15,      9,     42,     63,      0,      0,      0,      0,      0,      0,      0,      0,      0,      0,      0,      0,      0,      0,    51.5,    29.5,    70.3,    51.7,    50.8,    27.4,    68.3,    46.7,    51.5,    29.5,    70.3,    51.7,    50.8,    27.4,    68.3,    46.7,     0.0,     0.0,     0.0,     0.0,     0.0,     0.0,     0.0,     0.0,"(CONTRACTS OF 20,000 POUNDS)","063642","CME ","063 ","A25","FutOnly"
"MID-C DAY-AHEAD PEAK - ICE FUTURES ENERGY DIV",260825,2026-08-25,064391,IFED,01,064 ,   46064,   27526,   31808,    7247,      80,    2369,    1771,    5599,    1976,    2076,    1639,    2481,   45446,   45952,     618,     112,   46064,   27526,   31808,    7247,      80,    2369,    1771,    5599,    1976,    2076,    1639,    2481,   45446,   45952,     618,     112,       0,       0,       0,       0,       0,       0,       0,       0,       0,       0,       0,       0,       0,       0,       0,       0,     344,     777,     127,    -113,      -5,     -45,       6,     -86,     -41,     -55,     577,    -198,     331,     329,      13,      15,  100.0,   59.8,   69.1,   15.7,    0.2,    5.1,    3.8,   12.2,    4.3,    4.5,    3.6,    5.4,   98.7,   99.8,    1.3,    0.2,  100.0,   59.8,   69.1,   15.7,    0.2,    5.1,    3.8,   12.2,    4.3,    4.5,    3.6,    5.4,   98.7,   99.8,    1.3,    0.2,  100.0,    0.0,    0.0,    0.0,    0.0,    0.0,    0.0,    0.0,    0.0,    0.0,    0.0,    0.0,    0.0,    0.0,    0.0,    0.0,     60,     26,     28,      6,.,      4,.,     10,      4,      6,      4,      7,     46,     53,     60,     26,     28,      6,.,      4,.,     10,      4,      6,      4,      7,     46,     53,      0,      0,      0,      0,      0,      0,      0,      0,      0,      0,      0,      0,      0,      0,    37.8,    41.8,    58.0,    65.1,    34.5,    40.3,    46.7,    57.1,    37.8,    41.8,    58.0,    65.1,    34.5,    40.3,    46.7,    57.1,     0.0,     0.0,     0.0,     0.0,     0.0,     0.0,     0.0,     0.0,"(Contracts of about 400 MWh)","064391","IFED","064 ","N16","FutOnly"
"MID-C DAY-AHEAD OFF-PEAK - ICE FUTURES ENERGY DIV",260825,2026-08-25,064392,IFED,01,064 ,   30211,   17512,   20286,    5021,     260,    1892,    1107,    3713,     499,    3133,    3001,     316,   29480,   29967,     731,     244,   30211,   17512,   20286,    5021,     260,    1892,    1107,    3713,     499,    3133,    3001,     316,   29480,   29967,     731,     244,       0,       0,       0,       0,       0,       0,       0,       0,       0,       0,       0,       0,       0,       0,       0,       0,     464,     310,     418,    -155,      30,     136,     115,     -57,     133,      35,    -141,     -64,     510,     455,     -46,       9,  100.0,   58.0,   67.1,   16.6,    0.9,    6.3,    3.7,   12.3,    1.7,   10.4,    9.9,    1.0,   97.6,   99.2,    2.4,    0.8,  100.0,   58.0,   67.1,   16.6,    0.9,    6.3,    3.7,   12.3,    1.7,   10.4,    9.9,    1.0,   97.6,   99.2,    2.4,    0.8,  100.0,    0.0,    0.0,    0.0,    0.0,    0.0,    0.0,    0.0,    0.0,    0.0,    0.0,    0.0,    0.0,    0.0,    0.0,    0.0,     43,     23,     23,      4,.,.,.,      4,.,      4,      4,.,     35,     38,     43,     23,     23,      4,.,.,.,      4,.,      4,      4,.,     35,     38,      0,      0,      0,      0,      0,      0,      0,      0,      0,      0,      0,      0,      0,      0,    40.7,    44.1,    60.7,    72.2,    30.2,    40.9,    46.2,    58.7,    40.7,    44.1,    60.7,    72.2,    30.2,    40.9,    46.2,    58.7,     0.0,     0.0,     0.0,     0.0,     0.0,     0.0,     0.0,     0.0,"(Contracts of about 352 MWh)","064392","IFED","064 ","N16","FutOnly"
"PJM WESTERN HUB RT OFF - ICE FUTURES ENERGY DIV",260825,2026-08-25,064394,IFED,01,064 ,  265258,  105086,  159545,    4136,   46216,   13498,  101797,    5843,   12677,   11865,   11928,   15069,  264128,  264776,    1130,     482,  265258,  105086,  159545,    4136,   46216,   13498,  101797,    5843,   12677,   11865,   11928,   15069,  264128,  264776,    1130,     482,       0,       0,       0,       0,       0,       0,       0,       0,       0,       0,       0,       0,       0,       0,       0,       0,    2963,    1545,    2131,     859,     149,    -264,    -230,     778,    -453,     961,      82,     430,    2848,    2853,     115,     110,  100.0,   39.6,   60.1,    1.6,   17.4,    5.1,   38.4,    2.2,    4.8,    4.5,    4.5,    5.7,   99.6,   99.8,    0.4,    0.2,  100.0,   39.6,   60.1,    1.6,   17.4,    5.1,   38.4,    2.2,    4.8,    4.5,    4.5,    5.7,   99.6,   99.8,    0.4,    0.2,  100.0,    0.0,    0.0,    0.0,    0.0,    0.0,    0.0,    0.0,    0.0,    0.0,    0.0,    0.0,    0.0,    0.0,    0.0,    0.0,     87,     36,     32,.,      7,      7,     20,.,     10,     12,      6,     12,     80,     67,     87,     36,     32,.,      7,      7,     20,.,     10,     12,      6,     12,     80,     67,      0,      0,      0,      0,      0,      0,      0,      0,      0,      0,      0,      0,      0,      0,    41.6,    41.6,    54.4,    59.6,    37.6,    33.8,    45.6,    46.4,    41.6,    41.6,    54.4,    59.6,    37.6,    33.8,    45.6,    46.4,     0.0,     0.0,     0.0,     0.0,     0.0,     0.0,     0.0,     0.0,"(Contracts of about 352 MWh)","064394","IFED","064 ","N16","FutOnly"
"SP15 FIN DA PEAK FIXED - ICE FUTURES ENERGY DIV",260825,2026-08-25,064395,IFED,01,064 ,  109145,   76093,   52337,    9512,   15325,    3546,    1691,   19906,    7747,    3751,    3376,    6638,  108978,  108875,     167,     270,  109145,   76093,   52337,    9512,   15325,    3546,    1691,   19906,    7747,    3751,    3376,    6638,  108978,  108875,     167,     270,       0,       0,       0,       0,       0,       0,       0,       0,       0,       0,       0,       0,       0,       0,       0,       0,    2687,    2415,    1190,    -247,     367,    -359,    1376,     382,     -98,    -429,    1235,      39,    2697,    2756,     -10,     -69,  100.0,   69.7,   48.0,    8.7,   14.0,    3.2,    1.5,   18.2,    7.1,    3.4,    3.1,    6.1,   99.8,   99.8,    0.2,    0.2,  100.0,   69.7,   48.0,    8.7,   14.0,    3.2,    1.5,   18.2,    7.1,    3.4,    3.1,    6.1,   99.8,   99.8,    0.2,    0.2,  100.0,    0.0,    0.0,    0.0,    0.0,    0.0,    0.0,    0.0,    0.0,    0.0,    0.0,    0.0,    0.0,    0.0,    0.0,    0.0,     76,     31,     29,      5,.,      6,.,     13,      4,      7,      9,     11,     57,     62,     76,     31,     29,      5,.,      6,.,     13,      4,      7,      9,     11,     57,     62,      0,      0,      0,      0,      0,      0,      0,      0,      0,      0,      0,      0,      0,      0,    44.4,    41.0,    72.2,    60.5,    42.7,    33.5,    58.8,    49.4,    44.4,    41.0,    72.2,    60.5,    42.7,    33.5,    58.8,    49.4,     0.0,     0.0,     0.0,     0.0,     0.0,     0.0,     0.0,     0.0,"(Contracts of about 400 MWh)","064395","IFED","064 ","N16","FutOnly"
"CAISO SP-15 DA OFF-PK FIXED - ICE FUTURES ENERGY DIV",260825,2026-08-25,064396,IFED,01,064 ,   82203,   58025,   36630,    2692,   10412,    5931,    6265,    9423,    4967,     230,   10816,    3857,   81967,   82036,     236,     167,   82203,   58025,   36630,    2692,   10412,    5931,    6265,    9423,    4967,     230,   10816,    3857,   81967,   82036,     236,     167,       0,       0,       0,       0,       0,       0,       0,       0,       0,       0,       0,       0,       0,       0,       0,       0,    1827,    2344,     108,     -21,    1190,    -491,     -10,    1921,      30,     -45,   -1005,      35,    1842,    1788,     -15,      39,  100.0,   70.6,   44.6,    3.3,   12.7,    7.2,    7.6,   11.5,    6.0,    0.3,   13.2,    4.7,   99.7,   99.8,    0.3,    0.2,  100.0,   70.6,   44.6,    3.3,   12.7,    7.2,    7.6,   11.5,    6.0,    0.3,   13.2,    4.7,   99.7,   99.8,    0.3,    0.2,  100.0,    0.0,    0.0,    0.0,    0.0,    0.0,    0.0,    0.0,    0.0,    0.0,    0.0,    0.0,    0.0,    0.0,    0.0,    0.0,     44,     23,     18,.,      4,      5,.,.,.,.,      5,      5,     40,     31,     44,     23,     18,.,      4,      5,.,.,.,.,      5,      5,     40,     31,      0,      0,      0,      0,      0,      0,      0,      0,      0,      0,      0,      0,      0,      0,    48.9,    49.8,    71.9,    75.6,    43.3,    44.3,    60.1,    62.7,    48.9,    49.8,    71.9,    75.6,    43.3,    44.3,    60.1,    62.7,     0.0,     0.0,     0.0,     0.0,     0.0,     0.0,     0.0,     0.0,"(Contracts of about 352 MWh)","064396","IFED","064 ","N16","FutOnly"
"PJM AEP DAYTON RT OFF-PK FIXED - ICE FUTURES ENERGY DIV",260825,2026-08-25,06439A,IFED,01,064 ,   56817,   29184,   26682,     632,   10240,    3119,     272,   10141,    1797,   19678,    2469,    1825,   56507,   56273,     310,     544,   56817,   29184,   26682,     632,   10240,    3119,     272,   10141,    1797,   19678,    2469,    1825,   56507,   56273,     310,     544,       0,       0,       0,       0,       0,       0,       0,       0,       0,       0,       0,       0,       0,       0,       0,       0,    2186,    1318,    1245,       0,     281,     -43,     142,     726,     -22,     311,    -541,     611,    2317,    2257,    -131,     -71,  100.0,   51.4,   47.0,    1.1,   18.0,    5.5,    0.5,   17.8,    3.2,   34.6,    4.3,    3.2,   99.5,   99.0,    0.5,    1.0,  100.0,   51.4,   47.0,    1.1,   18.0,    5.5,    0.5,   17.8,    3.2,   34.6,    4.3,    3.2,   99.5,   99.0,    0.5,    1.0,  100.0,    0.0,    0.0,    0.0,    0.0,    0.0,    0.0,    0.0,    0.0,    0.0,    0.0,    0.0,    0.0,    0.0,    0.0,    0.0,     48,     24,     21,.,      5,      7,.,      5,.,      5,      4,      6,     42,     42,     48,     24,     21,.,      5,      7,.,      5,.,      5,      4,      6,     42,     42,      0,      0,      0,      0,      0,      0,      0,      0,      0,      0,      0,      0,      0,      0,    54.6,    38.2,    67.8,    54.4,    48.8,    33.3,    53.6,    45.1,    54.6,    38.2,    67.8,    54.4,    48.8,    33.3,    53.6,    45.1,     0.0,     0.0,     0.0,     0.0,     0.0,     0.0,     0.0,     0.0,"(Contracts of about 352 MWh)","06439A","IFED","064 ","N16","FutOnly"
"PJM AEP DAYTON RT PEAK FIXED - ICE FUTURES ENERGY DIV",260825,2026-08-25,06439B,IFED,01,064 ,   72008,   35632,   39875,    2389,   10704,    4043,    8000,   10859,    2107,   17534,    2533,    1087,   70792,   71208,    1216,     800,   72008,   35632,   39875,    2389,   10704,    4043,    8000,   10859,    2107,   17534,    2533,    1087,   70792,   71208,    1216,     800,       0,       0,       0,       0,       0,       0,       0,       0,       0,       0,       0,       0,       0,       0,       0,       0,    1983,    1962,    2167,    -180,     159,      18,    1069,     934,       0,     -51,    -527,    -855,    1963,    1896,      20,      87,  100.0,   49.5,   55.4,    3.3,   14.9,    5.6,   11.1,   15.1,    2.9,   24.4,    3.5,    1.5,   98.3,   98.9,    1.7,    1.1,  100.0,   49.5,   55.4,    3.3,   14.9,    5.6,   11.1,   15.1,    2.9,   24.4,    3.5,    1.5,   98.3,   98.9,    1.7,    1.1,  100.0,    0.0,    0.0,    0.0,    0.0,    0.0,    0.0,    0.0,    0.0,    0.0,    0.0,    0.0,    0.0,    0.0,    0.0,    0.0,     60,     26,     23,.,      4,      7,      9,      4,      4,      7,      5,      7,     54,     45,     60,     26,     23,.,      4,      7,      9,      4,      4,      7,      5,      7,     54,     45,      0,      0,      0,      0,      0,      0,      0,      0,      0,      0,      0,      0,      0,      0,    40.8,    40.3,    59.3,    57.4,    35.9,    36.8,    47.9,    48.4,    40.8,    40.3,    59.3,    57.4,    35.9,    36.8,    47.9,    48.4,     0.0,     0.0,     0.0,     0.0,     0.0,     0.0,     0.0,     0.0,"(Contracts of 800 MWh)","06439B","IFED","064 ","N16","FutOnly"
"PJM AEP DAYTON HUB DA OFF-PK  - ICE FUTURES ENERGY DIV",260825,2026-08-25,06439C,IFED,01,064 ,   56250,   27510,   10913,    3231,   27331,    1098,       0,    2316,    1806,   20501,   11450,     789,   54935,   55703,    1315,     547,   56250,   27510,   10913,    3231,   27331,    1098,       0,    2316,    1806,   20501,   11450,     789,   54935,   55703,    1315,     547,       0,       0,       0,       0,       0,       0,       0,       0,       0,       0,       0,       0,       0,       0,       0,       0,     399,    1120,     171,       0,     206,       0,       0,       0,       0,    -464,       0,      55,     711,     432,    -312,     -33,  100.0,   48.9,   19.4,    5.7,   48.6,    2.0,    0.0,    4.1,    3.2,   36.4,   20.4,    1.4,   97.7,   99.0,    2.3,    1.0,  100.0,   48.9,   19.4,    5.7,   48.6,    2.0,    0.0,    4.1,    3.2,   36.4,   20.4,    1.4,   97.7,   99.0,    2.3,    1.0,  100.0,    0.0,    0.0,    0.0,    0.0,    0.0,    0.0,    0.0,    0.0,    0.0,    0.0,    0.0,    0.0,    0.0,    0.0,    0.0,     51,     24,     20,      4,      5,      7,      0,.,.,      8,      4,      5,     41,     39,     51,     24,     20,      4,      5,      7,      0,.,.,      8,      4,      5,     41,     39,      0,      0,      0,      0,      0,      0,      0,      0,      0,      0,      0,      0,      0,      0,    48.3,    68.2,    65.1,    81.9,    47.5,    65.0,    62.8,    75.4,    48.3,    68.2,    65.1,    81.9,    47.5,    65.0,    62.8,    75.4,     0.0,     0.0,     0.0,     0.0,     0.0,     0.0,     0.0,     0.0,"(Contracts of about 352 MWh)","06439C","IFED","064 ","N16","FutOnly"
"PJM AEP DAYTON DA PEAK - ICE FUTURES ENERGY DIV",260825,2026-08-25,06439F,IFED,01,064 ,   65724,   34689,   20003,    4486,   25582,    1946,       0,    2670,    1777,   20280,   12270,     969,   64147,   65217,    1577,     507,   65724,   34689,   20003,    4486,   25582,    1946,       0,    2670,    1777,   20280,   12270,     969,   64147,   65217,    1577,     507,       0,       0,       0,       0,       0,       0,       0,       0,       0,       0,       0,       0,       0,       0,       0,       0,      70,     480,     123,     -78,     -30,       8,       0,     -49,      49,    -474,     -96,      65,      50,      70,      20,       0,  100.0,   52.8,   30.4,    6.8,   38.9,    3.0,    0.0,    4.1,    2.7,   30.9,   18.7,    1.5,   97.6,   99.2,    2.4,    0.8,  100.0,   52.8,   30.4,    6.8,   38.9,    3.0,    0.0,    4.1,    2.7,   30.9,   18.7,    1.5,   97.6,   99.2,    2.4,    0.8,  100.0,    0.0,    0.0,    0.0,    0.0,    0.0,    0.0,    0.0,    0.0,    0.0,    0.0,    0.0,    0.0,    0.0,    0.0,    0.0,     61,     28,     23,      5,      4,      5,      0,.,.,      7,      9,      7,     44,     48,     61,     28,     23,      5,      4,      5,      0,.,.,      7,      9,      7,     44,     48,      0,      0,      0,      0,      0,      0,      0,      0,      0,      0,      0,      0,      0,      0,    42.3,    63.2,    58.1,    78.6,    41.6,    60.1,    56.4,    71.0,    42.3,    63.2,    58.1,    78.6,    41.6,    60.1,    56.4,    71.0,     0.0,     0.0,     0.0,     0.0,     0.0,     0.0,     0.0,     0.0,"(Contracts of about 352 MWh)","06439F","IFED","064 ","N16","FutOnly"
"MISO INDIANA  OFF-PEAK - ICE FUTURES ENERGY DIV",260825,2026-08-25,06439K,IFED,01,064 ,   42501,   36248,   23658,     140,    3662,    5275,       0,     264,     110,      35,    9220,     305,   42113,   42494,     388,       7,   42501,   36248,   23658,     140,    3662,    5275,       0,     264,     110,      35,    9220,     305,   42113,   42494,     388,       7,       0,       0,       0,       0,       0,       0,       0,       0,       0,       0,       0,       0,       0,       0,       0,       0,     167,     -31,      87,       0,     -65,      80,       0,     144,       0,       0,    -180,     180,     229,     246,     -62,     -79,  100.0,   85.3,   55.7,    0.3,    8.6,   12.4,    0.0,    0.6,    0.3,    0.1,   21.7,    0.7,   99.1,  100.0,    0.9,    0.0,  100.0,   85.3,   55.7,    0.3,    8.6,   12.4,    0.0,    0.6,    0.3,    0.1,   21.7,    0.7,   99.1,  100.0,    0.9,    0.0,  100.0,    0.0,    0.0,    0.0,    0.0,    0.0,    0.0,    0.0,    0.0,    0.0,    0.0,    0.0,    0.0,    0.0,    0.0,    0.0,     30,     18,     15,.,      4,.,      0,.,.,.,.,.,     25,     23,     30,     18,     15,.,      4,.,      0,.,.,.,.,.,     25,     23,      0,      0,      0,      0,      0,      0,      0,      0,      0,      0,      0,      0,      0,      0,    83.6,    54.0,    92.7,    82.0,    65.6,    39.6,    68.3,    60.8,    83.6,    54.0,    92.7,    82.0,    65.6,    39.6,    68.3,    60.8,     0.0,     0.0,     0.0,     0.0,     0.0,     0.0,     0.0,     0.0,"(Contracts of about 352 MWh)","06439K","IFED","064 ","N16","FutOnly"
"MISO IN. REAL-TIME OFF-PEAK - ICE FUTURES ENERGY DIV",260825,2026-08-25,06439L,IFED,01,064 ,   32610,   23966,   17984,    1318,    4209,    1896,    4135,    2767,       0,      25,    4463,     940,   32280,   32259,     330,     351,   32610,   23966,   17984,    1318,    4209,    1896,    4135,    2767,       0,      25,    4463,     940,   32280,   32259,     330,     351,       0,       0,       0,       0,       0,       0,       0,       0,       0,       0,       0,       0,       0,       0,       0,       0,    2720,    2395,    1555,     515,     373,    -110,       0,     193,       0,       0,     794,     -80,    2720,    2725,       0,      -5,  100.0,   73.5,   55.1,    4.0,   12.9,    5.8,   12.7,    8.5,    0.0,    0.1,   13.7,    2.9,   99.0,   98.9,    1.0,    1.1,  100.0,   73.5,   55.1,    4.0,   12.9,    5.8,   12.7,    8.5,    0.0,    0.1,   13.7,    2.9,   99.0,   98.9,    1.0,    1.1,  100.0,    0.0,    0.0,    0.0,    0.0,    0.0,    0.0,    0.0,    0.0,    0.0,    0.0,    0.0,    0.0,    0.0,    0.0,    0.0,     30,     18,     15,.,      4,      5,.,.,      0,.,.,.,     26,     24,     30,     18,     15,.,      4,      5,.,.,      0,.,.,.,     26,     24,      0,      0,      0,      0,      0,      0,      0,      0,      0,      0,      0,      0,      0,      0,    56.4,    56.1,    75.0,    84.2,    46.4,    46.3,    57.9,    63.8,    56.4,    56.1,    75.0,    84.2,    46.4,    46.3,    57.9,    63.8,     0.0,     0.0,     0.0,     0.0,     0.0,     0.0,     0.0,     0.0,"(Contracts of about 352 MWh)","06439L","IFED","064 ","N16","FutOnly"
"ERCOT HOUSTON 345KV RT PK FIX - ICE FUTURES ENERGY DIV",260825,2026-08-25,06439N,IFED,01,064 ,   43880,   24699,   34464,    2505,    4241,    3120,    4151,     250,     250,    7220,     475,    1080,   43025,   43880,     855,       0,   43880,   24699,   34464,    2505,    4241,    3120,    4151,     250,     250,    7220,     475,    1080,   43025,   43880,     855,       0,       0,       0,       0,       0,       0,       0,       0,       0,       0,       0,       0,       0,       0,       0,       0,       0,      60,     890,    -430,   -1440,     180,     430,    -900,       0,       0,     899,       0,       0,    -121,     180,     181,    -120,  100.0,   56.3,   78.5,    5.7,    9.7,    7.1,    9.5,    0.6,    0.6,   16.5,    1.1,    2.5,   98.1,  100.0,    1.9,    0.0,  100.0,   56.3,   78.5,    5.7,    9.7,    7.1,    9.5,    0.6,    0.6,   16.5,    1.1,    2.5,   98.1,  100.0,    1.9,    0.0,  100.0,    0.0,    0.0,    0.0,    0.0,    0.0,    0.0,    0.0,    0.0,    0.0,    0.0,    0.0,    0.0,    0.0,    0.0,    0.0,     33,     16,     13,.,.,      4,.,.,.,      4,.,      4,     27,     24,     33,     16,     13,.,.,      4,.,.,.,      4,.,      4,     27,     24,      0,      0,      0,      0,      0,      0,      0,      0,      0,      0,      0,      0,      0,      0,    35.0,    69.9,    56.3,    84.9,    32.3,    69.8,    51.1,    76.4,    35.0,    69.9,    56.3,    84.9,    32.3,    69.8,    51.1,    76.4,     0.0,     0.0,     0.0,     0.0,     0.0,     0.0,     0.0,     0.0,"(Contracts of about 352 MWh)","06439N","IFED","064 ","N16","FutOnly"
"ERCOT Houston 345KV RT OFF FIX - ICE FUTURES ENERGY DIV",260825,2026-08-25,06439Q,IFED,01,064 ,   42020,   23234,   33059,    1935,    4381,    3120,    4151,     250,     250,    7590,       0,     960,   41240,   42020,     780,       0,   42020,   23234,   33059,    1935,    4381,    3120,    4151,     250,     250,    7590,       0,     960,   41240,   42020,     780,       0,       0,       0,       0,       0,       0,       0,       0,       0,       0,       0,       0,       0,       0,       0,       0,       0,     190,    1020,    -300,   -1440,     180,     430,    -900,       0,       0,     899,       0,       0,       9,     310,     181,    -120,  100.0,   55.3,   78.7,    4.6,   10.4,    7.4,    9.9,    0.6,    0.6,   18.1,    0.0,    2.3,   98.1,  100.0,    1.9,    0.0,  100.0,   55.3,   78.7,    4.6,   10.4,    7.4,    9.9,    0.6,    0.6,   18.1,    0.0,    2.3,   98.1,  100.0,    1.9,    0.0,  100.0,    0.0,    0.0,    0.0,    0.0,    0.0,    0.0,    0.0,    0.0,    0.0,    0.0,    0.0,    0.0,    0.0,    0.0,    0.0,     33,     15,     12,.,.,      4,.,.,.,      5,      0,.,     26,     22,     33,     15,     12,.,.,      4,.,.,.,      5,      0,.,     26,     22,      0,      0,      0,      0,      0,      0,      0,      0,      0,      0,      0,      0,      0,      0,    34.8,    70.9,    55.9,    86.6,    33.6,    70.5,    51.3,    77.0,    34.8,    70.9,    55.9,    86.6,    33.6,    70.5,    51.3,    77.0,     0.0,     0.0,     0.0,     0.0,     0.0,     0.0,     0.0,     0.0,"(Contracts of about 352 MWh)","06439Q","IFED","064 ","N16","FutOnly"
"ERCOT NORTH 345KV RT PK FIX - ICE FUTURES ENERGY DIV",260825,2026-08-25,06439R,IFED,01,064 ,  271035,  119342,  173891,   12326,   25204,   14921,   67387,    7557,   24322,   21692,   14610,    9811,  269801,  270316,    1234,     719,  271035,  119342,  173891,   12326,   25204,   14921,   67387,    7557,   24322,   21692,   14610,    9811,  269801,  270316,    1234,     719,       0,       0,       0,       0,       0,       0,       0,       0,       0,       0,       0,       0,       0,       0,       0,       0,    1207,     628,    1282,    -678,   -1512,     848,    1703,     -47,    -760,    -618,    1359,      13,    1136,    1183,      71,      24,  100.0,   44.0,   64.2,    4.5,    9.3,    5.5,   24.9,    2.8,    9.0,    8.0,    5.4,    3.6,   99.5,   99.7,    0.5,    0.3,  100.0,   44.0,   64.2,    4.5,    9.3,    5.5,   24.9,    2.8,    9.0,    8.0,    5.4,    3.6,   99.5,   99.7,    0.5,    0.3,  100.0,    0.0,    0.0,    0.0,    0.0,    0.0,    0.0,    0.0,    0.0,    0.0,    0.0,    0.0,    0.0,    0.0,    0.0,    0.0,    115,     42,     39,.,      8,      8,     16,     14,     15,     12,     13,     18,     94,     96,    115,     42,     39,.,      8,      8,     16,     14,     15,     12,     13,     18,     94,     96,      0,      0,      0,      0,      0,      0,      0,      0,      0,      0,      0,      0,      0,      0,    32.4,    33.9,    50.5,    51.8,    23.4,    27.3,    37.9,    37.9,    32.4,    33.9,    50.5,    51.8,    23.4,    27.3,    37.9,    37.9,     0.0,     0.0,     0.0,     0.0,     0.0,     0.0,     0.0,     0.0,"(1 Mw per Peak Hour)","06439R","IFED","064 ","N16","FutOnly"
"ERCOT SOUTH 345 KV RT PEAK FIX - ICE FUTURES ENERGY DIV",260825,2026-08-25,06439S,IFED,01,064 ,   30167,   23468,   17054,    4375,    8185,     679,       0,    3375,       0,    1025,      75,     350,   29897,   29718,     270,     449,   30167,   23468,   17054,    4375,    8185,     679,       0,    3375,       0,    1025,      75,     350,   29897,   29718,     270,     449,       0,       0,       0,       0,       0,       0,       0,       0,       0,       0,       0,       0,       0,       0,       0,       0,      75,     150,      75,       0,       0,       0,       0,       0,       0,       0,      75,     -75,      75,      75,       0,       0,  100.0,   77.8,   56.5,   14.5,   27.1,    2.3,    0.0,   11.2,    0.0,    3.4,    0.2,    1.2,   99.1,   98.5,    0.9,    1.5,  100.0,   77.8,   56.5,   14.5,   27.1,    2.3,    0.0,   11.2,    0.0,    3.4,    0.2,    1.2,   99.1,   98.5,    0.9,    1.5,  100.0,    0.0,    0.0,    0.0,    0.0,    0.0,    0.0,    0.0,    0.0,    0.0,    0.0,    0.0,    0.0,    0.0,    0.0,    0.0,     26,     13,      9,.,.,.,      0,.,      0,.,.,.,     19,     15,     26,     13,      9,.,.,.,      0,.,      0,.,.,.,     19,     15,      0,      0,      0,      0,      0,      0,      0,      0,      0,      0,      0,      0,      0,      0,    49.4,    50.7,    74.7,    86.6,    49.4,    50.7,    71.8,    84.3,    49.4,    50.7,    74.7,    86.6,    49.4,    50.7,    71.8,    84.3,     0.0,     0.0,     0.0,     0.0,     0.0,     0.0,     0.0,     0.0,"(1 Mw per Peak Hour)","06439S","IFED","064 ","N16","FutOnly"
"ERCOT-SOUTH MONTHLY OFFPEAK - ICE FUTURES ENERGY DIV",260825,2026-08-25,06439U,IFED,01,064 ,   29130,   22420,   16774,    4375,    7227,     955,       0,    3375,       0,     750,       0,     360,   28860,   28691,     270,     439,   29130,   22420,   16774,    4375,    7227,     955,       0,    3375,       0,     750,       0,     360,   28860,   28691,     270,     439,       0,       0,       0,       0,       0,       0,       0,       0,       0,       0,       0,       0,       0,       0,       0,       0,      75,     150,      75,       0,       0,       0,       0,       0,       0,     -75,       0,       0,      75,      75,       0,       0,  100.0,   77.0,   57.6,   15.0,   24.8,    3.3,    0.0,   11.6,    0.0,    2.6,    0.0,    1.2,   99.1,   98.5,    0.9,    1.5,  100.0,   77.0,   57.6,   15.0,   24.8,    3.3,    0.0,   11.6,    0.0,    2.6,    0.0,    1.2,   99.1,   98.5,    0.9,    1.5,  100.0,    0.0,    0.0,    0.0,    0.0,    0.0,    0.0,    0.0,    0.0,    0.0,    0.0,    0.0,    0.0,    0.0,    0.0,    0.0,     26,     13,      9,.,.,.,      0,.,      0,.,      0,.,     19,     15,     26,     13,      9,.,.,.,      0,.,      0,.,      0,.,     19,     15,      0,      0,      0,      0,      0,      0,      0,      0,      0,      0,      0,      0,      0,      0,    51.1,    52.2,    73.3,    87.0,    51.1,    52.2,    69.9,    83.6,    51.1,    52.2,    73.3,    87.0,    51.1,    52.2,    69.9,    83.6,     0.0,     0.0,     0.0,     0.0,     0.0,     0.0,     0.0,     0.0,"(1 MW per off-peak hour)","06439U","IFED","064 ","N16","FutOnly"
"ERCOT WEST 345KV RT PEAK - ICE FUTURES ENERGY DIV",260825,2026-08-25,06439V,IFED,01,064 ,   33609,   17572,   27474,   12663,       0,    1495,       0,    1734,     400,     622,    1344,     679,   33431,   33126,     178,     483,   33609,   17572,   27474,   12663,       0,    1495,       0,    1734,     400,     622,    1344,     679,   33431,   33126,     178,     483,       0,       0,       0,       0,       0,       0,       0,       0,       0,       0,       0,       0,       0,       0,       0,       0,    1221,    1221,    1221,     180,       0,       0,       0,       0,       0,       0,       0,       0,    1401,    1221,    -180,       0,  100.0,   52.3,   81.7,   37.7,    0.0,    4.4,    0.0,    5.2,    1.2,    1.9,    4.0,    2.0,   99.5,   98.6,    0.5,    1.4,  100.0,   52.3,   81.7,   37.7,    0.0,    4.4,    0.0,    5.2,    1.2,    1.9,    4.0,    2.0,   99.5,   98.6,    0.5,    1.4,  100.0,    0.0,    0.0,    0.0,    0.0,    0.0,    0.0,    0.0,    0.0,    0.0,    0.0,    0.0,    0.0,    0.0,    0.0,    0.0,     27,     14,     10,      5,      0,      4,      0,.,.,.,.,.,     23,     18,     27,     14,     10,      5,      0,      4,      0,.,.,.,.,.,     23,     18,      0,      0,      0,      0,      0,      0,      0,      0,      0,      0,      0,      0,      0,      0,    57.4,    64.3,    74.9,    87.0,    56.2,    57.5,    68.1,    77.0,    57.4,    64.3,    74.9,    87.0,    56.2,    57.5,    68.1,    77.0,     0.0,     0.0,     0.0,     0.0,     0.0,     0.0,     0.0,     0.0,"(1 MW per peak hour)","06439V","IFED","064 ","N16","FutOnly"
"ERCOT WEST 345K RT OFF-PEAK - ICE FUTURES ENERGY DIV",260825,2026-08-25,06439W,IFED,01,064 ,   33532,   17500,   27457,   12718,       0,    1435,       0,    1734,     400,     622,    1344,     679,   33354,   33049,     178,     483,   33532,   17500,   27457,   12718,       0,    1435,       0,    1734,     400,     622,    1344,     679,   33354,   33049,     178,     483,       0,       0,       0,       0,       0,       0,       0,       0,       0,       0,       0,       0,       0,       0,       0,       0,    1221,    1221,    1221,     180,       0,       0,       0,       0,       0,       0,       0,       0,    1401,    1221,    -180,       0,  100.0,   52.2,   81.9,   37.9,    0.0,    4.3,    0.0,    5.2,    1.2,    1.9,    4.0,    2.0,   99.5,   98.6,    0.5,    1.4,  100.0,   52.2,   81.9,   37.9,    0.0,    4.3,    0.0,    5.2,    1.2,    1.9,    4.0,    2.0,   99.5,   98.6,    0.5,    1.4,  100.0,    0.0,    0.0,    0.0,    0.0,    0.0,    0.0,    0.0,    0.0,    0.0,    0.0,    0.0,    0.0,    0.0,    0.0,    0.0,     27,     14,     10,      5,      0,      4,      0,.,.,.,.,.,     23,     18,     27,     14,     10,      5,      0,      4,      0,.,.,.,.,.,     23,     18,      0,      0,      0,      0,      0,      0,      0,      0,      0,      0,      0,      0,      0,      0,    57.4,    64.5,    74.8,    87.2,    56.3,    57.7,    68.2,    77.2,    57.4,    64.5,    74.8,    87.2,    56.3,    57.7,    68.2,    77.2,     0.0,     0.0,     0.0,     0.0,     0.0,     0.0,     0.0,     0.0,"(1 MW per Off-Peak Hour)","06439W","IFED","064 ","N16","FutOnly"
"ERCOT NORTH 345KV DA PK DLY FI - ICE FUTURES ENERGY DIV",260825,2026-08-25,0643A5,IFED,01,064 ,   24400,   15100,   11600,    5950,    1100,       0,     100,    6900,       0,    2700,    4100,     550,   24400,   24250,       0,     150,   24400,   15100,   11600,    5950,    1100,       0,     100,    6900,       0,    2700,    4100,     550,   24400,   24250,       0,     150,       0,       0,       0,       0,       0,       0,       0,       0,       0,       0,       0,       0,       0,       0,       0,       0,    8400,    7400,    3900,     750,    -100,       0,       0,    2350,    -250,     250,    2100,     250,    8400,    8250,       0,     150,  100.0,   61.9,   47.5,   24.4,    4.5,    0.0,    0.4,   28.3,    0.0,   11.1,   16.8,    2.3,  100.0,   99.4,    0.0,    0.6,  100.0,   61.9,   47.5,   24.4,    4.5,    0.0,    0.4,   28.3,    0.0,   11.1,   16.8,    2.3,  100.0,   99.4,    0.0,    0.6,  100.0,    0.0,    0.0,    0.0,    0.0,    0.0,    0.0,    0.0,    0.0,    0.0,    0.0,    0.0,    0.0,    0.0,    0.0,    0.0,     29,     10,     10,.,.,      0,.,      4,      0,.,      6,.,     16,     22,     29,     10,     10,.,.,      0,.,      4,      0,.,      6,.,     16,     22,      0,      0,      0,      0,      0,      0,      0,      0,      0,      0,      0,      0,      0,      0,    93.4,    61.1,    97.1,    89.1,    78.3,    58.0,    80.5,    75.0,    93.4,    61.1,    97.1,    89.1,    78.3,    58.0,    80.5,    75.0,     0.0,     0.0,     0.0,     0.0,     0.0,     0.0,     0.0,     0.0,"Megawatt Hours (MWh)","0643A5","IFED","064 ","N16","FutOnly"
"ERCOT NORTH 345K RT OFFPK DLY  - ICE FUTURES ENERGY DIV",260825,2026-08-25,0643A7,IFED,01,064 ,    5416,    2840,    3536,     104,       0,       0,    1552,       0,      48,     232,    1168,       0,    4776,    4752,     640,     664,    5416,    2840,    3536,     104,       0,       0,    1552,       0,      48,     232,    1168,       0,    4776,    4752,     640,     664,       0,       0,       0,       0,       0,       0,       0,       0,       0,       0,       0,       0,       0,       0,       0,       0,.,.,.,.,.,.,.,.,.,.,.,.,.,.,.,.,  100.0,   52.4,   65.3,    1.9,    0.0,    0.0,   28.7,    0.0,    0.9,    4.3,   21.6,    0.0,   88.2,   87.7,   11.8,   12.3,  100.0,   52.4,   65.3,    1.9,    0.0,    0.0,   28.7,    0.0,    0.9,    4.3,   21.6,    0.0,   88.2,   87.7,   11.8,   12.3,  100.0,    0.0,    0.0,    0.0,    0.0,    0.0,    0.0,    0.0,    0.0,    0.0,    0.0,    0.0,    0.0,    0.0,    0.0,    0.0,     24,     11,     10,.,      0,      0,      4,      0,.,.,.,      0,     18,     15,     24,     11,     10,.,      0,      0,      4,      0,.,.,.,      0,     18,     15,      0,      0,      0,      0,      0,      0,      0,      0,      0,      0,      0,      0,      0,      0,    60.7,    57.6,    73.9,    77.5,    60.1,    55.2,    73.0,    73.1,    60.7,    57.6,    73.9,    77.5,    60.1,    55.2,    73.0,    73.1,     0.0,     0.0,     0.0,     0.0,     0.0,     0.0,     0.0,     0.0,"50MWh","0643A7","IFED","064 ","N16","FutOnly"
"ERCOT - NORTH MONTHLY OFF-PEAK - ICE FUTURES ENERGY DIV",260825,2026-08-25,0643A8,IFED,01,064 ,  120365,   87658,   83710,   10451,    6072,   10212,    6160,    4276,    3470,     119,   10033,    1736,  119806,  119509,     559,     856,  120365,   87658,   83710,   10451,    6072,   10212,    6160,    4276,    3470,     119,   10033,    1736,  119806,  119509,     559,     856,       0,       0,       0,       0,       0,       0,       0,       0,       0,       0,       0,       0,       0,       0,       0,       0,    2884,    2109,    2985,      67,   -1513,     843,       0,       0,    -210,     119,     763,     -44,    2884,    2824,       0,      60,  100.0,   72.8,   69.5,    8.7,    5.0,    8.5,    5.1,    3.6,    2.9,    0.1,    8.3,    1.4,   99.5,   99.3,    0.5,    0.7,  100.0,   72.8,   69.5,    8.7,    5.0,    8.5,    5.1,    3.6,    2.9,    0.1,    8.3,    1.4,   99.5,   99.3,    0.5,    0.7,  100.0,    0.0,    0.0,    0.0,    0.0,    0.0,    0.0,    0.0,    0.0,    0.0,    0.0,    0.0,    0.0,    0.0,    0.0,    0.0,     50,     22,     21,.,.,      5,      5,.,.,.,      8,      6,     38,     39,     50,     22,     21,.,.,      5,      5,.,.,.,      8,      6,     38,     39,      0,      0,      0,      0,      0,      0,      0,      0,      0,      0,      0,      0,      0,      0,    45.3,    43.7,    71.5,    61.4,    41.1,    39.6,    62.6,    54.6,    45.3,    43.7,    71.5,    61.4,    41.1,    39.6,    62.6,    54.6,     0.0,     0.0,     0.0,     0.0,     0.0,     0.0,     0.0,     0.0,"1 Mw per Off-Peak Hour","0643A8","IFED","064 ","N16","FutOnly"
"MISO IN. DAY-AHEAD PEAK - ICE FUTURES ENERGY DIV",260825,2026-08-25,0643AZ,IFED,01,064 ,   19868,   15419,    8726,     359,    4335,    2905,      50,     865,     195,     145,    2266,     494,   19567,   19786,     301,      82,   19868,   15419,    8726,     359,    4335,    2905,      50,     865,     195,     145,    2266,     494,   19567,   19786,     301,      82,       0,       0,       0,       0,       0,       0,       0,       0,       0,       0,       0,       0,       0,       0,       0,       0,     277,      23,      56,     -41,     -81,     121,     -50,     130,      45,       0,    -194,     180,     278,     257,      -1,      20,  100.0,   77.6,   43.9,    1.8,   21.8,   14.6,    0.3,    4.4,    1.0,    0.7,   11.4,    2.5,   98.5,   99.6,    1.5,    0.4,  100.0,   77.6,   43.9,    1.8,   21.8,   14.6,    0.3,    4.4,    1.0,    0.7,   11.4,    2.5,   98.5,   99.6,    1.5,    0.4,  100.0,    0.0,    0.0,    0.0,    0.0,    0.0,    0.0,    0.0,    0.0,    0.0,    0.0,    0.0,    0.0,    0.0,    0.0,    0.0,     38,     24,     14,.,.,.,.,      4,.,.,.,.,     33,     23,     38,     24,     14,.,.,.,.,      4,.,.,.,.,     33,     23,      0,      0,      0,      0,      0,      0,      0,      0,      0,      0,      0,      0,      0,      0,    56.8,    73.7,    74.3,    88.8,    40.3,    53.0,    53.0,    60.8,    56.8,    73.7,    74.3,    88.8,    40.3,    53.0,    53.0,    60.8,     0.0,     0.0,     0.0,     0.0,     0.0,     0.0,     0.0,     0.0,"(1 MW per peak hour)","0643AZ","IFED","064 ","N16","FutOnly"
"MISO INDIANA HUB RT PEAK - ICE FUTURES ENERGY DIV",260825,2026-08-25,0643B3,IFED,01,064 ,   41688,   24525,   23420,    3031,    1238,    3711,    6129,    5124,      20,       0,    4224,    3573,   40989,   41310,     699,     378,   41688,   24525,   23420,    3031,    1238,    3711,    6129,    5124,      20,       0,    4224,    3573,   40989,   41310,     699,     378,       0,       0,       0,       0,       0,       0,       0,       0,       0,       0,       0,       0,       0,       0,       0,       0,    2393,    2595,    1747,     230,      55,    -135,      17,     219,      20,       0,     775,    -200,    2527,    2481,    -134,     -88,  100.0,   58.8,   56.2,    7.3,    3.0,    8.9,   14.7,   12.3,    0.0,    0.0,   10.1,    8.6,   98.3,   99.1,    1.7,    0.9,  100.0,   58.8,   56.2,    7.3,    3.0,    8.9,   14.7,   12.3,    0.0,    0.0,   10.1,    8.6,   98.3,   99.1,    1.7,    0.9,  100.0,    0.0,    0.0,    0.0,    0.0,    0.0,    0.0,    0.0,    0.0,    0.0,    0.0,    0.0,    0.0,    0.0,    0.0,    0.0,     36,     17,     19,      4,.,      4,      6,.,.,      0,.,.,     28,     30,     36,     17,     19,      4,.,      4,      6,.,.,      0,.,.,     28,     30,      0,      0,      0,      0,      0,      0,      0,      0,      0,      0,      0,      0,      0,      0,    51.0,    52.3,    73.3,    75.6,    40.1,    41.8,    53.2,    58.8,    51.0,    52.3,    73.3,    75.6,    40.1,    41.8,    53.2,    58.8,     0.0,     0.0,     0.0,     0.0,     0.0,     0.0,     0.0,     0.0,"(Contracts of 800 MWh)","0643B3","IFED","064 ","N16","FutOnly"
"PJM N. IL HUB DA OFF-PK  - ICE FUTURES ENERGY DIV",260825,2026-08-25,0643BC,IFED,01,064 ,   23666,   16272,   16396,    2805,    4609,     589,     600,    1165,     255,    3000,     150,       0,   23521,   23164,     145,     502,   23666,   16272,   16396,    2805,    4609,     589,     600,    1165,     255,    3000,     150,       0,   23521,   23164,     145,     502,       0,       0,       0,       0,       0,       0,       0,       0,       0,       0,       0,       0,       0,       0,       0,       0,      69,     160,      34,       0,     -65,       0,       0,       0,       0,    -100,     100,       0,      60,      69,       9,       0,  100.0,   68.8,   69.3,   11.9,   19.5,    2.5,    2.5,    4.9,    1.1,   12.7,    0.6,    0.0,   99.4,   97.9,    0.6,    2.1,  100.0,   68.8,   69.3,   11.9,   19.5,    2.5,    2.5,    4.9,    1.1,   12.7,    0.6,    0.0,   99.4,   97.9,    0.6,    2.1,  100.0,    0.0,    0.0,    0.0,    0.0,    0.0,    0.0,    0.0,    0.0,    0.0,    0.0,    0.0,    0.0,    0.0,    0.0,    0.0,     36,     18,     13,.,      6,      4,.,.,.,.,.,      0,     27,     23,     36,     18,     13,.,      6,      4,.,.,.,.,.,      0,     27,     23,      0,      0,      0,      0,      0,      0,      0,      0,      0,      0,      0,      0,      0,      0,    49.8,    72.5,    71.9,    86.3,    49.4,    69.8,    69.8,    81.6,    49.8,    72.5,    71.9,    86.3,    49.4,    69.8,    69.8,    81.6,     0.0,     0.0,     0.0,     0.0,     0.0,     0.0,     0.0,     0.0,"(1 MW per off-peak hour)","0643BC","IFED","064 ","N16","FutOnly"
"PJM N. IL HUB DA PEAK - ICE FUTURES ENERGY DIV",260825,2026-08-25,0643BE,IFED,01,064 ,   23228,   16039,   17666,    2525,    3266,     705,     600,     630,      20,    3069,     375,      45,   23003,   22707,     225,     521,   23228,   16039,   17666,    2525,    3266,     705,     600,     630,      20,    3069,     375,      45,   23003,   22707,     225,     521,       0,       0,       0,       0,       0,       0,       0,       0,       0,       0,       0,       0,       0,       0,       0,       0,     130,     146,      90,      65,     -52,      73,       0,       0,       0,    -107,     100,      10,     187,     221,     -57,     -91,  100.0,   69.1,   76.1,   10.9,   14.1,    3.0,    2.6,    2.7,    0.1,   13.2,    1.6,    0.2,   99.0,   97.8,    1.0,    2.2,  100.0,   69.1,   76.1,   10.9,   14.1,    3.0,    2.6,    2.7,    0.1,   13.2,    1.6,    0.2,   99.0,   97.8,    1.0,    2.2,  100.0,    0.0,    0.0,    0.0,    0.0,    0.0,    0.0,    0.0,    0.0,    0.0,    0.0,    0.0,    0.0,    0.0,    0.0,    0.0,     38,     20,     10,.,      6,      4,.,.,.,.,.,.,     30,     22,     38,     20,     10,.,      6,      4,.,.,.,.,.,.,     30,     22,      0,      0,      0,      0,      0,      0,      0,      0,      0,      0,      0,      0,      0,      0,    48.5,    71.7,    69.5,    85.4,    48.3,    69.7,    68.3,    80.3,    48.5,    71.7,    69.5,    85.4,    48.3,    69.7,    68.3,    80.3,     0.0,     0.0,     0.0,     0.0,     0.0,     0.0,     0.0,     0.0,"(1 MW per peak hour)","0643BE","IFED","064 ","N16","FutOnly"
"ISO NE MASS HUB DA OFF-PK FIXD - ICE FUTURES ENERGY DIV",260825,2026-08-25,0643BF,IFED,01,064 ,   63184,   45993,   45609,    7188,    6113,    1804,     827,    6756,     329,    5561,    1376,    1148,   62850,   63135,     334,      49,   63184,   45993,   45609,    7188,    6113,    1804,     827,    6756,     329,    5561,    1376,    1148,   62850,   63135,     334,      49,       0,       0,       0,       0,       0,       0,       0,       0,       0,       0,       0,       0,       0,       0,       0,       0,     735,     235,     276,    -152,     -65,      82,      62,      56,      37,     466,     359,      51,     781,     796,     -46,     -61,  100.0,   72.8,   72.2,   11.4,    9.7,    2.9,    1.3,   10.7,    0.5,    8.8,    2.2,    1.8,   99.5,   99.9,    0.5,    0.1,  100.0,   72.8,   72.2,   11.4,    9.7,    2.9,    1.3,   10.7,    0.5,    8.8,    2.2,    1.8,   99.5,   99.9,    0.5,    0.1,  100.0,    0.0,    0.0,    0.0,    0.0,    0.0,    0.0,    0.0,    0.0,    0.0,    0.0,    0.0,    0.0,    0.0,    0.0,    0.0,     52,     20,     17,      6,.,      5,.,      4,      4,      5,      6,      6,     40,     38,     52,     20,     17,      6,.,      5,.,      4,      4,      5,      6,      6,     40,     38,      0,      0,      0,      0,      0,      0,      0,      0,      0,      0,      0,      0,      0,      0,    42.8,    67.2,    64.9,    78.5,    42.4,    66.6,    63.4,    76.1,    42.8,    67.2,    64.9,    78.5,    42.4,    66.6,    63.4,    76.1,     0.0,     0.0,     0.0,     0.0,     0.0,     0.0,     0.0,     0.0,"(1 MW per Hour for about 368 Hours)","0643BF","IFED","064 ","N16","FutOnly"
"ISO NE MASS HUB DA PEAK - ICE FUTURES ENERGY DIV",260825,2026-08-25,0643BG,IFED,01,064 ,   90192,   67146,   60875,    8224,    5206,    1827,    1063,   15427,    2157,    6822,    2152,    2246,   89485,   89890,     707,     302,   90192,   67146,   60875,    8224,    5206,    1827,    1063,   15427,    2157,    6822,    2152,    2246,   89485,   89890,     707,     302,       0,       0,       0,       0,       0,       0,       0,       0,       0,       0,       0,       0,       0,       0,       0,       0,    1642,     120,       5,    -124,      55,     221,    -138,     340,     562,     943,     420,      44,    1628,    1647,      14,      -5,  100.0,   74.4,   67.5,    9.1,    5.8,    2.0,    1.2,   17.1,    2.4,    7.6,    2.4,    2.5,   99.2,   99.7,    0.8,    0.3,  100.0,   74.4,   67.5,    9.1,    5.8,    2.0,    1.2,   17.1,    2.4,    7.6,    2.4,    2.5,   99.2,   99.7,    0.8,    0.3,  100.0,    0.0,    0.0,    0.0,    0.0,    0.0,    0.0,    0.0,    0.0,    0.0,    0.0,    0.0,    0.0,    0.0,    0.0,    0.0,     70,     20,     19,      6,      4,      5,.,     12,      5,      9,      9,     13,     51,     54,     70,     20,     19,      6,      4,      5,.,     12,      5,      9,      9,     13,     51,     54,      0,      0,      0,      0,      0,      0,      0,      0,      0,      0,      0,      0,      0,      0,    47.3,    60.2,    65.3,    74.1,    47.0,    57.9,    62.9,    70.7,    47.3,    60.2,    65.3,    74.1,    47.0,    57.9,    62.9,    70.7,     0.0,     0.0,     0.0,     0.0,     0.0,     0.0,     0.0,     0.0,"(Contracts of 800MWh)","0643BG","IFED","064 ","N16","FutOnly"
"CAISO NP-15 PEAK - ICE FUTURES ENERGY DIV",260825,2026-08-25,0643BM,IFED,01,064 ,   46430,   26467,   31221,   11628,      95,    1848,     790,    3562,    2191,    1738,    5873,    1459,   46121,   46249,     309,     181,   46430,   26467,   31221,   11628,      95,    1848,     790,    3562,    2191,    1738,    5873,    1459,   46121,   46249,     309,     181,       0,       0,       0,       0,       0,       0,       0,       0,       0,       0,       0,       0,       0,       0,       0,       0,    -500,    -343,     275,    -302,       0,     105,     -35,      44,      20,      20,   -1032,      65,    -470,    -523,     -30,      23,  100.0,   57.0,   67.2,   25.0,    0.2,    4.0,    1.7,    7.7,    4.7,    3.7,   12.6,    3.1,   99.3,   99.6,    0.7,    0.4,  100.0,   57.0,   67.2,   25.0,    0.2,    4.0,    1.7,    7.7,    4.7,    3.7,   12.6,    3.1,   99.3,   99.6,    0.7,    0.4,  100.0,    0.0,    0.0,    0.0,    0.0,    0.0,    0.0,    0.0,    0.0,    0.0,    0.0,    0.0,    0.0,    0.0,    0.0,    0.0,     46,     21,     16,      5,.,.,.,.,.,      5,      4,      5,     39,     28,     46,     21,     16,      5,.,.,.,.,.,      5,      4,      5,     39,     28,      0,      0,      0,      0,      0,      0,      0,      0,      0,      0,      0,      0,      0,      0,    47.9,    69.0,    70.4,    87.8,    47.5,    66.3,    64.8,    78.7,    47.9,    69.0,    70.4,    87.8,    47.5,    66.3,    64.8,    78.7,     0.0,     0.0,     0.0,     0.0,     0.0,     0.0,     0.0,     0.0,"(Contracts of 400MWh)","0643BM","IFED","064 ","N16","FutOnly"
"CAISO NP-15 DA OFF-PK FIXED - ICE FUTURES ENERGY DIV",260825,2026-08-25,0643BR,IFED,01,064 ,   48246,   22196,   32744,   18179,     450,     129,     463,    7871,     852,    5658,    5631,     479,   47956,   48156,     290,      90,   48246,   22196,   32744,   18179,     450,     129,     463,    7871,     852,    5658,    5631,     479,   47956,   48156,     290,      90,       0,       0,       0,       0,       0,       0,       0,       0,       0,       0,       0,       0,       0,       0,       0,       0,      61,      11,      56,     150,       0,       0,     -50,     450,    -325,     395,       0,    -120,      61,      61,       0,       0,  100.0,   46.0,   67.9,   37.7,    0.9,    0.3,    1.0,   16.3,    1.8,   11.7,   11.7,    1.0,   99.4,   99.8,    0.6,    0.2,  100.0,   46.0,   67.9,   37.7,    0.9,    0.3,    1.0,   16.3,    1.8,   11.7,   11.7,    1.0,   99.4,   99.8,    0.6,    0.2,  100.0,    0.0,    0.0,    0.0,    0.0,    0.0,    0.0,    0.0,    0.0,    0.0,    0.0,    0.0,    0.0,    0.0,    0.0,    0.0,     36,     16,     14,      5,.,.,.,.,.,      5,.,.,     29,     22,     36,     16,     14,      5,.,.,.,.,.,      5,.,.,     29,     22,      0,      0,      0,      0,      0,      0,      0,      0,      0,      0,      0,      0,      0,      0,    55.6,    81.3,    76.2,    93.7,    55.1,    79.6,    73.4,    90.5,    55.6,    81.3,    76.2,    93.7,    55.1,    79.6,    73.4,    90.5,     0.0,     0.0,     0.0,     0.0,     0.0,     0.0,     0.0,     0.0,"(1 MW per Hour for about 386 Hours)","0643BR","IFED","064 ","N16","FutOnly"
"PJM NI HUB RT OFF-PK FIXED - ICE FUTURES ENERGY DIV",260825,2026-08-25,0643BS,IFED,01,064 ,   82385,   20458,   64403,    1451,   11116,    1835,   53730,       0,    3668,     185,     298,     300,   81627,   81620,     758,     765,   82385,   20458,   64403,    1451,   11116,    1835,   53730,       0,    3668,     185,     298,     300,   81627,   81620,     758,     765,       0,       0,       0,       0,       0,       0,       0,       0,       0,       0,       0,       0,       0,       0,       0,       0,     563,    -264,     165,    -159,     526,    -128,     990,       0,       0,     100,       0,       0,     539,     563,      24,       0,  100.0,   24.8,   78.2,    1.8,   13.5,    2.2,   65.2,    0.0,    4.5,    0.2,    0.4,    0.4,   99.1,   99.1,    0.9,    0.9,  100.0,   24.8,   78.2,    1.8,   13.5,    2.2,   65.2,    0.0,    4.5,    0.2,    0.4,    0.4,   99.1,   99.1,    0.9,    0.9,  100.0,    0.0,    0.0,    0.0,    0.0,    0.0,    0.0,    0.0,    0.0,    0.0,    0.0,    0.0,    0.0,    0.0,    0.0,    0.0,     35,     19,     16,.,      4,      5,      4,      0,.,.,.,.,     31,     25,     35,     19,     16,.,      4,      5,      4,      0,.,.,.,.,     31,     25,      0,      0,      0,      0,      0,      0,      0,      0,      0,      0,      0,      0,      0,      0,    75.5,    75.0,    87.0,    85.6,    71.0,    73.2,    79.9,    79.2,    75.5,    75.0,    87.0,    85.6,    71.0,    73.2,    79.9,    79.2,     0.0,     0.0,     0.0,     0.0,     0.0,     0.0,     0.0,     0.0,"(1 MW per Hour for about 386 Hours)","0643BS","IFED","064 ","N16","FutOnly"
"PJM N. IL HUB RT PEAK - ICE FUTURES ENERGY DIV",260825,2026-08-25,0643BT,IFED,01,064 ,   67601,   36848,   53972,    3307,   10660,    1490,   23486,       0,    1053,     638,     141,       4,   66826,   67320,     775,     281,   67601,   36848,   53972,    3307,   10660,    1490,   23486,       0,    1053,     638,     141,       4,   66826,   67320,     775,     281,       0,       0,       0,       0,       0,       0,       0,       0,       0,       0,       0,       0,       0,       0,       0,       0,     195,     143,     157,     -85,      -3,      13,      55,       0,       5,      30,       5,       0,     161,     177,      34,      18,  100.0,   54.5,   79.8,    4.9,   15.8,    2.2,   34.7,    0.0,    1.6,    0.9,    0.2,    0.0,   98.9,   99.6,    1.1,    0.4,  100.0,   54.5,   79.8,    4.9,   15.8,    2.2,   34.7,    0.0,    1.6,    0.9,    0.2,    0.0,   98.9,   99.6,    1.1,    0.4,  100.0,    0.0,    0.0,    0.0,    0.0,    0.0,    0.0,    0.0,    0.0,    0.0,    0.0,    0.0,    0.0,    0.0,    0.0,    0.0,     34,     20,     16,.,.,      5,.,      0,.,.,.,.,     31,     25,     34,     20,     16,.,.,      5,.,      0,.,.,.,.,     31,     25,      0,      0,      0,      0,      0,      0,      0,      0,      0,      0,      0,      0,      0,      0,    60.3,    68.1,    79.8,    84.5,    53.6,    66.2,    69.4,    73.2,    60.3,    68.1,    79.8,    84.5,    53.6,    66.2,    69.4,    73.2,     0.0,     0.0,     0.0,     0.0,     0.0,     0.0,     0.0,     0.0,"(Contracts of 800 MWh)","0643BT","IFED","064 ","N16","FutOnly"
"NYISO ZONE J DA PEAK - ICE FUTURES ENERGY DIV",260825,2026-08-25,0643BW,IFED,01,064 ,   10538,    5259,    7038,    1340,     968,     574,       0,    1716,      46,    2946,       0,      40,   10205,   10382,     333,     156,   10538,    5259,    7038,    1340,     968,     574,       0,    1716,      46,    2946,       0,      40,   10205,   10382,     333,     156,       0,       0,       0,       0,       0,       0,       0,       0,       0,       0,       0,       0,       0,       0,       0,       0,     479,     408,     180,    -120,       0,       0,       0,     300,      -1,     180,       0,       0,     467,     479,      12,       0,  100.0,   49.9,   66.8,   12.7,    9.2,    5.4,    0.0,   16.3,    0.4,   28.0,    0.0,    0.4,   96.8,   98.5,    3.2,    1.5,  100.0,   49.9,   66.8,   12.7,    9.2,    5.4,    0.0,   16.3,    0.4,   28.0,    0.0,    0.4,   96.8,   98.5,    3.2,    1.5,  100.0,    0.0,    0.0,    0.0,    0.0,    0.0,    0.0,    0.0,    0.0,    0.0,    0.0,    0.0,    0.0,    0.0,    0.0,    0.0,     27,     10,     10,.,.,      4,      0,.,.,      4,      0,.,     21,     18,     27,     10,     10,.,.,      4,      0,.,.,      4,      0,.,     21,     18,      0,      0,      0,      0,      0,      0,      0,      0,      0,      0,      0,      0,      0,      0,    52.8,    62.8,    74.0,    85.7,    52.2,    59.9,    70.0,    79.3,    52.8,    62.8,    74.0,    85.7,    52.2,    59.9,    70.0,    79.3,     0.0,     0.0,     0.0,     0.0,     0.0,     0.0,     0.0,     0.0,"(Contracts of 800MWh)","0643BW","IFED","064 ","N16","FutOnly"
"NYISO ZONE J DA OFF-PK FIXED - ICE FUTURES ENERGY DIV",260825,2026-08-25,0643BX,IFED,01,064 ,    8823,    3889,    6248,    1160,     663,     462,      60,    1195,      25,    2597,       0,      30,    8223,    8623,     600,     200,    8823,    3889,    6248,    1160,     663,     462,      60,    1195,      25,    2597,       0,      30,    8223,    8623,     600,     200,       0,       0,       0,       0,       0,       0,       0,       0,       0,       0,       0,       0,       0,       0,       0,       0,     530,     288,     180,       0,     120,     -70,       0,     300,       0,       0,       0,       0,     218,     530,     312,       0,  100.0,   44.1,   70.8,   13.1,    7.5,    5.2,    0.7,   13.5,    0.3,   29.4,    0.0,    0.3,   93.2,   97.7,    6.8,    2.3,  100.0,   44.1,   70.8,   13.1,    7.5,    5.2,    0.7,   13.5,    0.3,   29.4,    0.0,    0.3,   93.2,   97.7,    6.8,    2.3,  100.0,    0.0,    0.0,    0.0,    0.0,    0.0,    0.0,    0.0,    0.0,    0.0,    0.0,    0.0,    0.0,    0.0,    0.0,    0.0,     22,      7,      8,.,.,      4,.,.,.,.,      0,.,     17,     15,     22,      7,      8,.,.,      4,.,.,.,.,      0,.,     17,     15,      0,      0,      0,      0,      0,      0,      0,      0,      0,      0,      0,      0,      0,      0,    57.9,    63.4,    78.6,    85.6,    57.9,    59.9,    73.3,    79.0,    57.9,    63.4,    78.6,    85.6,    57.9,    59.9,    73.3,    79.0,     0.0,     0.0,     0.0,     0.0,     0.0,     0.0,     0.0,     0.0,"(1 MW for about 368 Hours)","0643BX","IFED","064 ","N16","FutOnly"
"NYISO ZONE A DA PEAK - ICE FUTURES ENERGY DIV",260825,2026-08-25,0643BY,IFED,01,064 ,   33198,   28929,   24951,     553,    3297,    1602,     458,     574,     549,     155,    1557,     145,   32391,   32675,     807,     523,   33198,   28929,   24951,     553,    3297,    1602,     458,     574,     549,     155,    1557,     145,   32391,   32675,     807,     523,       0,       0,       0,       0,       0,       0,       0,       0,       0,       0,       0,       0,       0,       0,       0,       0,    -340,    -620,      98,       0,     625,    -156,      30,    -508,     272,       0,    -840,     136,    -338,    -373,      -2,      33,  100.0,   87.1,   75.2,    1.7,    9.9,    4.8,    1.4,    1.7,    1.7,    0.5,    4.7,    0.4,   97.6,   98.4,    2.4,    1.6,  100.0,   87.1,   75.2,    1.7,    9.9,    4.8,    1.4,    1.7,    1.7,    0.5,    4.7,    0.4,   97.6,   98.4,    2.4,    1.6,  100.0,    0.0,    0.0,    0.0,    0.0,    0.0,    0.0,    0.0,    0.0,    0.0,    0.0,    0.0,    0.0,    0.0,    0.0,    0.0,     38,     17,     17,.,      5,      6,.,.,.,.,.,.,     31,     29,     38,     17,     17,.,      5,      6,.,.,.,.,.,.,     31,     29,      0,      0,      0,      0,      0,      0,      0,      0,      0,      0,      0,      0,      0,      0,    66.8,    65.5,    80.9,    82.1,    65.2,    59.2,    74.1,    71.8,    66.8,    65.5,    80.9,    82.1,    65.2,    59.2,    74.1,    71.8,     0.0,     0.0,     0.0,     0.0,     0.0,     0.0,     0.0,     0.0,"(Contracts of 800MWh)","0643BY","IFED","064 ","N16","FutOnly"
"NYISO ZONE A DA OFF-PK FIX PR - ICE FUTURES ENERGY DIV",260825,2026-08-25,0643BZ,IFED,01,064 ,   34167,   28675,   25807,    1230,    4789,     965,    1388,      71,     770,      75,    1093,     344,   33447,   33839,     720,     328,   34167,   28675,   25807,    1230,    4789,     965,    1388,      71,     770,      75,    1093,     344,   33447,   33839,     720,     328,       0,       0,       0,       0,       0,       0,       0,       0,       0,       0,       0,       0,       0,       0,       0,       0,     156,    -261,     177,      50,     725,    -157,      23,    -475,     240,       0,    -565,     216,     111,     161,      45,      -5,  100.0,   83.9,   75.5,    3.6,   14.0,    2.8,    4.1,    0.2,    2.3,    0.2,    3.2,    1.0,   97.9,   99.0,    2.1,    1.0,  100.0,   83.9,   75.5,    3.6,   14.0,    2.8,    4.1,    0.2,    2.3,    0.2,    3.2,    1.0,   97.9,   99.0,    2.1,    1.0,  100.0,    0.0,    0.0,    0.0,    0.0,    0.0,    0.0,    0.0,    0.0,    0.0,    0.0,    0.0,    0.0,    0.0,    0.0,    0.0,     36,     16,     15,      5,.,.,.,.,.,.,.,.,     29,     24,     36,     16,     15,      5,.,.,.,.,.,.,.,.,     29,     24,      0,      0,      0,      0,      0,      0,      0,      0,      0,      0,      0,      0,      0,      0,    64.3,    68.4,    77.4,    83.7,    58.6,    65.9,    67.5,    74.8,    64.3,    68.4,    77.4,    83.7,    58.6,    65.9,    67.5,    74.8,     0.0,     0.0,     0.0,     0.0,     0.0,     0.0,     0.0,     0.0,"(1MW for about 368 Hours)","0643BZ","IFED","064 ","N16","FutOnly"
"NYISO ZONE G DA PEAK - ICE FUTURES ENERGY DIV",260825,2026-08-25,0643C3,IFED,01,064 ,   24823,   18960,   11920,     782,    4547,    1830,     998,    3371,     811,     331,    1620,     641,   24353,   24740,     470,      83,   24823,   18960,   11920,     782,    4547,    1830,     998,    3371,     811,     331,    1620,     641,   24353,   24740,     470,      83,       0,       0,       0,       0,       0,       0,       0,       0,       0,       0,       0,       0,       0,       0,       0,       0,      91,      -4,     355,     510,    -116,    -133,     140,    -286,      80,     -15,     687,    -521,      57,      66,      34,      25,  100.0,   76.4,   48.0,    3.2,   18.3,    7.4,    4.0,   13.6,    3.3,    1.3,    6.5,    2.6,   98.1,   99.7,    1.9,    0.3,  100.0,   76.4,   48.0,    3.2,   18.3,    7.4,    4.0,   13.6,    3.3,    1.3,    6.5,    2.6,   98.1,   99.7,    1.9,    0.3,  100.0,    0.0,    0.0,    0.0,    0.0,    0.0,    0.0,    0.0,    0.0,    0.0,    0.0,    0.0,    0.0,    0.0,    0.0,    0.0,     47,     20,     17,.,      6,      6,      6,.,      4,.,      6,.,     37,     38,     47,     20,     17,.,      6,      6,      6,.,      4,.,      6,.,     37,     38,      0,      0,      0,      0,      0,      0,      0,      0,      0,      0,      0,      0,      0,      0,    47.7,    47.6,    66.3,    67.4,    46.3,    43.4,    59.2,    58.5,    47.7,    47.6,    66.3,    67.4,    46.3,    43.4,    59.2,    58.5,     0.0,     0.0,     0.0,     0.0,     0.0,     0.0,     0.0,     0.0,"(Contracts of 800MWh)","0643C3","IFED","064 ","N16","FutOnly"
"NYISO ZONE G DA OFF-PK - ICE FUTURES ENERGY DIV",260825,2026-08-25,0643C4,IFED,01,064 ,   20568,   15742,   10586,     695,    2848,    1958,     244,    3096,     410,      95,     464,     820,   19964,   20182,     604,     386,   20568,   15742,   10586,     695,    2848,    1958,     244,    3096,     410,      95,     464,     820,   19964,   20182,     604,     386,       0,       0,       0,       0,       0,       0,       0,       0,       0,       0,       0,       0,       0,       0,       0,       0,    -445,    -188,     -23,     350,      65,     -30,       2,    -400,      80,    -331,      64,    -184,    -301,    -428,    -144,     -17,  100.0,   76.5,   51.5,    3.4,   13.8,    9.5,    1.2,   15.1,    2.0,    0.5,    2.3,    4.0,   97.1,   98.1,    2.9,    1.9,  100.0,   76.5,   51.5,    3.4,   13.8,    9.5,    1.2,   15.1,    2.0,    0.5,    2.3,    4.0,   97.1,   98.1,    2.9,    1.9,  100.0,    0.0,    0.0,    0.0,    0.0,    0.0,    0.0,    0.0,    0.0,    0.0,    0.0,    0.0,    0.0,    0.0,    0.0,    0.0,     38,     16,     15,.,      6,      6,.,.,      4,.,.,.,     30,     30,     38,     16,     15,.,      6,      6,.,.,      4,.,.,.,     30,     30,      0,      0,      0,      0,      0,      0,      0,      0,      0,      0,      0,      0,      0,      0,    47.5,    51.2,    67.1,    69.7,    46.8,    46.1,    60.9,    57.7,    47.5,    51.2,    67.1,    69.7,    46.8,    46.1,    60.9,    57.7,     0.0,     0.0,     0.0,     0.0,     0.0,     0.0,     0.0,     0.0,"(1MW for about 368 Hours)","0643C4","IFED","064 ","N16","FutOnly"
"PALO VERDE DA PEAK - ICE FUTURES ENERGY DIV",260825,2026-08-25,0643CB,IFED,01,064 ,   24398,   11513,   14908,    7040,    3776,    3794,       0,     596,    1050,     794,      93,     113,   24304,   24330,      94,      68,   24398,   11513,   14908,    7040,    3776,    3794,       0,     596,    1050,     794,      93,     113,   24304,   24330,      94,      68,       0,       0,       0,       0,       0,       0,       0,       0,       0,       0,       0,       0,       0,       0,       0,       0,     268,     183,     193,     115,     135,     -25,       0,     -50,      50,      35,      -5,     -30,     328,     268,     -60,       0,  100.0,   47.2,   61.1,   28.9,   15.5,   15.6,    0.0,    2.4,    4.3,    3.3,    0.4,    0.5,   99.6,   99.7,    0.4,    0.3,  100.0,   47.2,   61.1,   28.9,   15.5,   15.6,    0.0,    2.4,    4.3,    3.3,    0.4,    0.5,   99.6,   99.7,    0.4,    0.3,  100.0,    0.0,    0.0,    0.0,    0.0,    0.0,    0.0,    0.0,    0.0,    0.0,    0.0,    0.0,    0.0,    0.0,    0.0,    0.0,     39,     20,     18,      4,.,.,      0,.,.,      4,.,.,     34,     26,     39,     20,     18,      4,.,.,      0,.,.,      4,.,.,     34,     26,      0,      0,      0,      0,      0,      0,      0,      0,      0,      0,      0,      0,      0,      0,    49.5,    63.1,    69.6,    79.2,    36.6,    43.2,    52.1,    55.4,    49.5,    63.1,    69.6,    79.2,    36.6,    43.2,    52.1,    55.4,     0.0,     0.0,     0.0,     0.0,     0.0,     0.0,     0.0,     0.0,"(Contracts of 400MWh)","0643CB","IFED","064 ","N16","FutOnly"
"PALO VERDE DA OFF-PK FiXED PR - ICE FUTURES ENERGY DIV",260825,2026-08-25,0643CC,IFED,01,064 ,   18839,    5761,   11794,    7116,    4107,     593,    4060,     434,     940,      85,     499,     215,   18770,   18582,      69,     257,   18839,    5761,   11794,    7116,    4107,     593,    4060,     434,     940,      85,     499,     215,   18770,   18582,      69,     257,       0,       0,       0,       0,       0,       0,       0,       0,       0,       0,       0,       0,       0,       0,       0,       0,     166,     163,     -85,     -90,     180,       1,       0,     -40,      90,       0,     -12,       2,     166,     136,       0,      30,  100.0,   30.6,   62.6,   37.8,   21.8,    3.1,   21.6,    2.3,    5.0,    0.5,    2.6,    1.1,   99.6,   98.6,    0.4,    1.4,  100.0,   30.6,   62.6,   37.8,   21.8,    3.1,   21.6,    2.3,    5.0,    0.5,    2.6,    1.1,   99.6,   98.6,    0.4,    1.4,  100.0,    0.0,    0.0,    0.0,    0.0,    0.0,    0.0,    0.0,    0.0,    0.0,    0.0,    0.0,    0.0,    0.0,    0.0,    0.0,     37,     16,     19,      4,.,      5,.,.,.,.,.,.,     28,     30,     37,     16,     19,      4,.,      5,.,.,.,.,.,.,     28,     30,      0,      0,      0,      0,      0,      0,      0,      0,      0,      0,      0,      0,      0,      0,    64.8,    53.1,    82.9,    69.0,    59.1,    49.8,    72.2,    62.3,    64.8,    53.1,    82.9,    69.0,    59.1,    49.8,    72.2,    62.3,     0.0,     0.0,     0.0,     0.0,     0.0,     0.0,     0.0,     0.0,"(1 MW for about 368 Hours)","0643CC","IFED","064 ","N16","FutOnly"
"PJM WESTERN HUB DA OFF-PK - ICE FUTURES ENERGY DIV",260825,2026-08-25,0643DB,IFED,01,064 ,  121788,   91358,   99564,    3376,    5640,    5092,    4272,    1230,     896,   14382,    6249,    2127,  121503,  120798,     285,     990,  121788,   91358,   99564,    3376,    5640,    5092,    4272,    1230,     896,   14382,    6249,    2127,  121503,  120798,     285,     990,       0,       0,       0,       0,       0,       0,       0,       0,       0,       0,       0,       0,       0,       0,       0,       0,    1486,    1511,     -65,   -1028,    -172,    1009,     -56,      60,     109,    -124,     330,     171,    1592,    1442,    -106,      44,  100.0,   75.0,   81.8,    2.8,    4.6,    4.2,    3.5,    1.0,    0.7,   11.8,    5.1,    1.7,   99.8,   99.2,    0.2,    0.8,  100.0,   75.0,   81.8,    2.8,    4.6,    4.2,    3.5,    1.0,    0.7,   11.8,    5.1,    1.7,   99.8,   99.2,    0.2,    0.8,  100.0,    0.0,    0.0,    0.0,    0.0,    0.0,    0.0,    0.0,    0.0,    0.0,    0.0,    0.0,    0.0,    0.0,    0.0,    0.0,     68,     32,     27,      7,      5,      8,      6,.,.,      4,      7,      4,     57,     49,     68,     32,     27,      7,      5,      8,      6,.,.,      4,      7,      4,     57,     49,      0,      0,      0,      0,      0,      0,      0,      0,      0,      0,      0,      0,      0,      0,    41.8,    63.8,    60.3,    80.0,    37.1,    63.3,    55.2,    73.7,    41.8,    63.8,    60.3,    80.0,    37.1,    63.3,    55.2,    73.7,     0.0,     0.0,     0.0,     0.0,     0.0,     0.0,     0.0,     0.0,"(1 MW per off-peak hour)","0643DB","IFED","064 ","N16","FutOnly"
"PJM WESTERN HUB DA PEAK - ICE FUTURES ENERGY DIV",260825,2026-08-25,0643DC,IFED,01,064 ,  131755,   94619,  107044,    5153,    3839,    6007,    1853,    1461,    2390,   19367,    8207,    1994,  131383,  130942,     372,     813,  131755,   94619,  107044,    5153,    3839,    6007,    1853,    1461,    2390,   19367,    8207,    1994,  131383,  130942,     372,     813,       0,       0,       0,       0,       0,       0,       0,       0,       0,       0,       0,       0,       0,       0,       0,       0,    2910,    2881,    -125,    -877,      45,     855,     -74,     281,     191,      46,    1535,       6,    3028,    2788,    -118,     122,  100.0,   71.8,   81.2,    3.9,    2.9,    4.6,    1.4,    1.1,    1.8,   14.7,    6.2,    1.5,   99.7,   99.4,    0.3,    0.6,  100.0,   71.8,   81.2,    3.9,    2.9,    4.6,    1.4,    1.1,    1.8,   14.7,    6.2,    1.5,   99.7,   99.4,    0.3,    0.6,  100.0,    0.0,    0.0,    0.0,    0.0,    0.0,    0.0,    0.0,    0.0,    0.0,    0.0,    0.0,    0.0,    0.0,    0.0,    0.0,     77,     32,     26,      7,      6,      9,      5,.,.,     12,      7,      7,     65,     51,     77,     32,     26,      7,      6,      9,      5,.,.,     12,      7,      7,     65,     51,      0,      0,      0,      0,      0,      0,      0,      0,      0,      0,      0,      0,      0,      0,    38.7,    63.7,    57.1,    78.0,    35.9,    62.8,    53.5,    74.1,    38.7,    63.7,    57.1,    78.0,    35.9,    62.8,    53.5,    74.1,     0.0,     0.0,     0.0,     0.0,     0.0,     0.0,     0.0,     0.0,"(Contracts of about 352 MWh)","0643DC","IFED","064 ","N16","FutOnly"
"PJM WESTERN HUB RT PEAK MINI - ICE FUTURES ENERGY DIV",260825,2026-08-25,0643DF,IFED,01,064 ,  391054,  199380,  156465,   14936,   50524,   18099,   63069,    7475,   50515,   21853,   85186,   21598,  389450,  389862,    1604,    1192,  391054,  199380,  156465,   14936,   50524,   18099,   63069,    7475,   50515,   21853,   85186,   21598,  389450,  389862,    1604,    1192,       0,       0,       0,       0,       0,       0,       0,       0,       0,       0,       0,       0,       0,       0,       0,       0,    6265,    -647,   10083,    -581,    -760,     196,    1989,      94,   -1342,    4486,   -3848,    1821,    5922,    6244,     343,      21,  100.0,   51.0,   40.0,    3.8,   12.9,    4.6,   16.1,    1.9,   12.9,    5.6,   21.8,    5.5,   99.6,   99.7,    0.4,    0.3,  100.0,   51.0,   40.0,    3.8,   12.9,    4.6,   16.1,    1.9,   12.9,    5.6,   21.8,    5.5,   99.6,   99.7,    0.4,    0.3,  100.0,    0.0,    0.0,    0.0,    0.0,    0.0,    0.0,    0.0,    0.0,    0.0,    0.0,    0.0,    0.0,    0.0,    0.0,    0.0,    131,     42,     39,.,     10,      9,     33,      6,     19,     16,     17,     28,    119,    104,    131,     42,     39,.,     10,      9,     33,      6,     19,     16,     17,     28,    119,    104,      0,      0,      0,      0,      0,      0,      0,      0,      0,      0,      0,      0,      0,      0,    21.6,    33.7,    36.2,    49.6,    19.6,    29.3,    30.8,    42.5,    21.6,    33.7,    36.2,    49.6,    19.6,    29.3,    30.8,    42.5,     0.0,     0.0,     0.0,     0.0,     0.0,     0.0,     0.0,     0.0,"(1 MW per peak hour)","0643DF","IFED","064 ","N16","FutOnly"
"S PATH 15 EZ GEN HUB DA DLY OP - ICE FUTURES ENERGY DIV",260825,2026-08-25,0643DN,IFED,01,064 ,    3080,    2000,    2488,       0,     320,      72,     720,       0,      16,     232,      32,       8,    3048,    2936,      32,     144,    3080,    2000,    2488,       0,     320,      72,     720,       0,      16,     232,      32,       8,    3048,    2936,      32,     144,       0,       0,       0,       0,       0,       0,       0,       0,       0,       0,       0,       0,       0,       0,       0,       0,.,.,.,.,.,.,.,.,.,.,.,.,.,.,.,.,  100.0,   64.9,   80.8,    0.0,   10.4,    2.3,   23.4,    0.0,    0.5,    7.5,    1.0,    0.3,   99.0,   95.3,    1.0,    4.7,  100.0,   64.9,   80.8,    0.0,   10.4,    2.3,   23.4,    0.0,    0.5,    7.5,    1.0,    0.3,   99.0,   95.3,    1.0,    4.7,  100.0,    0.0,    0.0,    0.0,    0.0,    0.0,    0.0,    0.0,    0.0,    0.0,    0.0,    0.0,    0.0,    0.0,    0.0,    0.0,     21,     11,     11,      0,      4,.,.,      0,.,.,.,.,     18,     17,     21,     11,     11,      0,      4,.,.,      0,.,.,.,.,     18,     17,      0,      0,      0,      0,      0,      0,      0,      0,      0,      0,      0,      0,      0,      0,    66.2,    72.7,    84.9,    85.7,    47.5,    50.1,    56.4,    55.3,    66.2,    72.7,    84.9,    85.7,    47.5,    50.1,    56.4,    55.3,     0.0,     0.0,     0.0,     0.0,     0.0,     0.0,     0.0,     0.0,"25MWh","0643DN","IFED","064 ","N16","FutOnly"
"ERCOT N 345KV REAL T PK DALY M - ICE FUTURES ENERGY DIV",260825,2026-08-25,0643IB,IFED,01,064 ,   17601,    7415,    8910,    1200,     210,     165,    4836,     545,     906,    1265,    4985,     990,   16777,   16711,     824,     890,   17601,    7415,    8910,    1200,     210,     165,    4836,     545,     906,    1265,    4985,     990,   16777,   16711,     824,     890,       0,       0,       0,       0,       0,       0,       0,       0,       0,       0,       0,       0,       0,       0,       0,       0,    1271,    1490,    1710,     275,     210,     115,     456,     150,    -459,    -340,     100,    -380,    1157,    1446,     114,    -175,  100.0,   42.1,   50.6,    6.8,    1.2,    0.9,   27.5,    3.1,    5.1,    7.2,   28.3,    5.6,   95.3,   94.9,    4.7,    5.1,  100.0,   42.1,   50.6,    6.8,    1.2,    0.9,   27.5,    3.1,    5.1,    7.2,   28.3,    5.6,   95.3,   94.9,    4.7,    5.1,  100.0,    0.0,    0.0,    0.0,    0.0,    0.0,    0.0,    0.0,    0.0,    0.0,    0.0,    0.0,    0.0,    0.0,    0.0,    0.0,     60,     25,     24,.,.,.,      7,.,      5,      5,     10,      9,     48,     47,     60,     25,     24,.,.,.,      7,.,      5,      5,     10,      9,     48,     47,      0,      0,      0,      0,      0,      0,      0,      0,      0,      0,      0,      0,      0,      0,    36.7,    30.9,    55.1,    49.6,    33.1,    30.2,    46.9,    43.5,    36.7,    30.9,    55.1,    49.6,    33.1,    30.2,    46.9,    43.5,     0.0,     0.0,     0.0,     0.0,     0.0,     0.0,     0.0,     0.0,"(240 MW = 15 Hours X 16 MWh)","0643IB","IFED","064 ","N16","FutOnly"
"ERCOT N 345KV REAL T PK 2x16 - ICE FUTURES ENERGY DIV",260825,2026-08-25,0643ID,IFED,01,064 ,  132124,   94747,   97669,    8021,   12290,    7515,    7653,    2103,     738,   10440,    8678,    2685,  131799,  131678,     325,     446,  132124,   94747,   97669,    8021,   12290,    7515,    7653,    2103,     738,   10440,    8678,    2685,  131799,  131678,     325,     446,       0,       0,       0,       0,       0,       0,       0,       0,       0,       0,       0,       0,       0,       0,       0,       0,      97,     184,     276,    -380,    -307,     252,      55,      15,       0,     -98,    -255,      81,      94,      62,       3,      35,  100.0,   71.7,   73.9,    6.1,    9.3,    5.7,    5.8,    1.6,    0.6,    7.9,    6.6,    2.0,   99.8,   99.7,    0.2,    0.3,  100.0,   71.7,   73.9,    6.1,    9.3,    5.7,    5.8,    1.6,    0.6,    7.9,    6.6,    2.0,   99.8,   99.7,    0.2,    0.3,  100.0,    0.0,    0.0,    0.0,    0.0,    0.0,    0.0,    0.0,    0.0,    0.0,    0.0,    0.0,    0.0,    0.0,    0.0,    0.0,     60,     31,     26,.,.,      4,      5,.,.,      5,      7,      9,     52,     46,     60,     31,     26,.,.,      4,      5,.,.,      5,      7,      9,     52,     46,      0,      0,      0,      0,      0,      0,      0,      0,      0,      0,      0,      0,      0,      0,    45.6,    36.3,    63.8,    61.0,    39.3,    27.2,    54.4,    45.8,    45.6,    36.3,    63.8,    61.0,    39.3,    27.2,    54.4,    45.8,     0.0,     0.0,     0.0,     0.0,     0.0,     0.0,     0.0,     0.0,"(1MW for about 352 Hours)","0643ID","IFED","064 ","N16","FutOnly"
"ERCOT North 345KV Hub RT 7x8 - ICE FUTURES ENERGY DIV",260825,2026-08-25,0643IK,IFED,01,064 ,  261121,  102803,  191526,    4298,   34182,    9741,  111885,    1129,   12964,   12866,    5630,    5712,  260269,  260884,     852,     237,  261121,  102803,  191526,    4298,   34182,    9741,  111885,    1129,   12964,   12866,    5630,    5712,  260269,  260884,     852,     237,       0,       0,       0,       0,       0,       0,       0,       0,       0,       0,       0,       0,       0,       0,       0,       0,    7687,    2448,    8840,      55,   -1009,     570,    4394,    -310,    -170,      97,    -661,     407,    7801,    7667,    -114,      20,  100.0,   39.4,   73.3,    1.6,   13.1,    3.7,   42.8,    0.4,    5.0,    4.9,    2.2,    2.2,   99.7,   99.9,    0.3,    0.1,  100.0,   39.4,   73.3,    1.6,   13.1,    3.7,   42.8,    0.4,    5.0,    4.9,    2.2,    2.2,   99.7,   99.9,    0.3,    0.1,  100.0,    0.0,    0.0,    0.0,    0.0,    0.0,    0.0,    0.0,    0.0,    0.0,    0.0,    0.0,    0.0,    0.0,    0.0,    0.0,     66,     26,     27,.,      4,      6,      8,.,      7,      8,      7,     11,     56,     53,     66,     26,     27,.,      4,      6,      8,.,      7,      8,      7,     11,     56,     53,      0,      0,      0,      0,      0,      0,      0,      0,      0,      0,      0,      0,      0,      0,    56.3,    46.0,    69.2,    66.6,    49.5,    43.5,    58.5,    58.5,    56.3,    46.0,    69.2,    66.6,    49.5,    43.5,    58.5,    58.5,     0.0,     0.0,     0.0,     0.0,     0.0,     0.0,     0.0,     0.0,"(1MW for about 352 Hours)","0643IK","IFED","064 ","N16","FutOnly"
"ERCOT Houston 345KV Hub RT 7x8 - ICE FUTURES ENERGY DIV",260825,2026-08-25,0643IL,IFED,01,064 ,   15315,   13140,   10815,    2050,    4380,       0,       0,       0,       0,     125,       0,       0,   15315,   15195,       0,     120,   15315,   13140,   10815,    2050,    4380,       0,       0,       0,       0,     125,       0,       0,   15315,   15195,       0,     120,       0,       0,       0,       0,       0,       0,       0,       0,       0,       0,       0,       0,       0,       0,       0,       0,    1380,    1380,       0,       0,    1380,       0,       0,       0,       0,       0,       0,       0,    1380,    1380,       0,       0,  100.0,   85.8,   70.6,   13.4,   28.6,    0.0,    0.0,    0.0,    0.0,    0.8,    0.0,    0.0,  100.0,   99.2,    0.0,    0.8,  100.0,   85.8,   70.6,   13.4,   28.6,    0.0,    0.0,    0.0,    0.0,    0.8,    0.0,    0.0,  100.0,   99.2,    0.0,    0.8,  100.0,    0.0,    0.0,    0.0,    0.0,    0.0,    0.0,    0.0,    0.0,    0.0,    0.0,    0.0,    0.0,    0.0,    0.0,    0.0,     20,      9,      8,.,.,      0,      0,      0,      0,.,      0,      0,     13,     10,     20,      9,      8,.,.,      0,      0,      0,      0,.,      0,      0,     13,     10,      0,      0,      0,      0,      0,      0,      0,      0,      0,      0,      0,      0,      0,      0,    80.1,    57.3,    95.6,    91.6,    75.3,    57.3,    90.7,    90.9,    80.1,    57.3,    95.6,    91.6,    75.3,    57.3,    90.7,    90.9,     0.0,     0.0,     0.0,     0.0,     0.0,     0.0,     0.0,     0.0,"(1MW for about 352 Hours)","0643IL","IFED","064 ","N16","FutOnly"
"ISONE.H.INTERNAL_HUB_mo_on_dap - NODAL EXCHANGE",260825,2026-08-25,064AAA,NODX,01,064 ,   83114,   58475,   57408,       0,   11485,     515,    1145,    1390,     170,   11409,     650,     295,   72009,   71913,   11105,   11201,   83114,   58475,   57408,       0,   11485,     515,    1145,    1390,     170,   11409,     650,     295,   72009,   71913,   11105,   11201,       0,       0,       0,       0,       0,       0,       0,       0,       0,       0,       0,       0,       0,       0,       0,       0,      40,      40,     110,       0,     -70,       0,       0,       0,       0,       0,       0,       0,      40,      40,       0,       0,  100.0,   70.4,   69.1,    0.0,   13.8,    0.6,    1.4,    1.7,    0.2,   13.7,    0.8,    0.4,   86.6,   86.5,   13.4,   13.5,  100.0,   70.4,   69.1,    0.0,   13.8,    0.6,    1.4,    1.7,    0.2,   13.7,    0.8,    0.4,   86.6,   86.5,   13.4,   13.5,  100.0,    0.0,    0.0,    0.0,    0.0,    0.0,    0.0,    0.0,    0.0,    0.0,    0.0,    0.0,    0.0,    0.0,    0.0,    0.0,     32,     17,     17,      0,      6,      5,.,.,.,.,.,.,     27,     26,     32,     17,     17,      0,      6,      5,.,.,.,.,.,.,     27,     26,      0,      0,      0,      0,      0,      0,      0,      0,      0,      0,      0,      0,      0,      0,    65.8,    47.8,    78.5,    63.3,    63.9,    41.9,    71.6,    54.5,    65.8,    47.8,    78.5,    63.3,    63.9,    41.9,    71.6,    54.5,     0.0,     0.0,     0.0,     0.0,     0.0,     0.0,     0.0,     0.0,"(Contracts of 400 MWh)","064AAA","NODX","064 ","N16","FutOnly"
"ISONE.H.INTERNAL_HB_mo_off_dap - NODAL EXCHANGE",260825,2026-08-25,064AAB,NODX,01,064 ,   76874,   53611,   50991,       0,   11797,    1083,     980,    1600,     195,   10997,     888,     180,   67046,   66734,    9828,   10140,   76874,   53611,   50991,       0,   11797,    1083,     980,    1600,     195,   10997,     888,     180,   67046,   66734,    9828,   10140,       0,       0,       0,       0,       0,       0,       0,       0,       0,       0,       0,       0,       0,       0,       0,       0,     140,     140,     130,       0,      10,       0,       0,       0,       0,       0,       0,       0,     140,     140,       0,       0,  100.0,   69.7,   66.3,    0.0,   15.3,    1.4,    1.3,    2.1,    0.3,   14.3,    1.2,    0.2,   87.2,   86.8,   12.8,   13.2,  100.0,   69.7,   66.3,    0.0,   15.3,    1.4,    1.3,    2.1,    0.3,   14.3,    1.2,    0.2,   87.2,   86.8,   12.8,   13.2,  100.0,    0.0,    0.0,    0.0,    0.0,    0.0,    0.0,    0.0,    0.0,    0.0,    0.0,    0.0,    0.0,    0.0,    0.0,    0.0,     32,     17,     17,      0,      6,      4,.,.,.,.,.,.,     26,     26,     32,     17,     17,      0,      6,      4,.,.,.,.,.,.,     26,     26,      0,      0,      0,      0,      0,      0,      0,      0,      0,      0,      0,      0,      0,      0,    65.0,    44.2,    78.4,    60.8,    62.5,    40.7,    71.2,    52.4,    65.0,    44.2,    78.4,    60.8,    62.5,    40.7,    71.2,    52.4,     0.0,     0.0,     0.0,     0.0,     0.0,     0.0,     0.0,     0.0,"(Contracts of 400 MWh)","064AAB","NODX","064 ","N16","FutOnly"
"MISO.INDIANA.HUB_month_on_dap - NODAL EXCHANGE",260825,2026-08-25,064BFI,NODX,01,064 ,   20322,   12427,   13486,    3215,     871,     445,     125,     613,     180,       0,     495,     855,   17247,   16945,    3075,    3377,   20322,   12427,   13486,    3215,     871,     445,     125,     613,     180,       0,     495,     855,   17247,   16945,    3075,    3377,       0,       0,       0,       0,       0,       0,       0,       0,       0,       0,       0,       0,       0,       0,       0,       0,     430,     760,     130,     -30,       0,      30,       0,       0,       0,    -105,     495,     105,     760,     760,    -330,    -330,  100.0,   61.2,   66.4,   15.8,    4.3,    2.2,    0.6,    3.0,    0.9,    0.0,    2.4,    4.2,   84.9,   83.4,   15.1,   16.6,  100.0,   61.2,   66.4,   15.8,    4.3,    2.2,    0.6,    3.0,    0.9,    0.0,    2.4,    4.2,   84.9,   83.4,   15.1,   16.6,  100.0,    0.0,    0.0,    0.0,    0.0,    0.0,    0.0,    0.0,    0.0,    0.0,    0.0,    0.0,    0.0,    0.0,    0.0,    0.0,     27,     15,     16,.,.,.,.,.,.,      0,.,.,     20,     22,     27,     15,     16,.,.,.,.,.,.,      0,.,.,     20,     22,      0,      0,      0,      0,      0,      0,      0,      0,      0,      0,      0,      0,      0,      0,    49.6,    50.6,    69.5,    70.3,    46.5,    43.1,    58.5,    56.3,    49.6,    50.6,    69.5,    70.3,    46.5,    43.1,    58.5,    56.3,     0.0,     0.0,     0.0,     0.0,     0.0,     0.0,     0.0,     0.0,"Megawatt Hours (MWh)","064BFI","NODX","064 ","N16","FutOnly"
"MISO.INDIANA.HUB_month_off_dap - NODAL EXCHANGE",260825,2026-08-25,064BFJ,NODX,01,064 ,   20978,   13058,   13854,    2250,     475,     940,     125,     900,     180,       0,     122,    1255,   17808,   17726,    3170,    3252,   20978,   13058,   13854,    2250,     475,     940,     125,     900,     180,       0,     122,    1255,   17808,   17726,    3170,    3252,       0,       0,       0,       0,       0,       0,       0,       0,       0,       0,       0,       0,       0,       0,       0,       0,     725,     660,     150,     -30,       0,      30,       0,     300,       0,    -178,     122,     478,     960,    1080,    -235,    -355,  100.0,   62.2,   66.0,   10.7,    2.3,    4.5,    0.6,    4.3,    0.9,    0.0,    0.6,    6.0,   84.9,   84.5,   15.1,   15.5,  100.0,   62.2,   66.0,   10.7,    2.3,    4.5,    0.6,    4.3,    0.9,    0.0,    0.6,    6.0,   84.9,   84.5,   15.1,   15.5,  100.0,    0.0,    0.0,    0.0,    0.0,    0.0,    0.0,    0.0,    0.0,    0.0,    0.0,    0.0,    0.0,    0.0,    0.0,    0.0,     27,     13,     15,.,      4,      4,.,.,.,      0,.,.,     20,     23,     27,     13,     15,.,      4,      4,.,.,.,      0,.,.,     20,     23,      0,      0,      0,      0,      0,      0,      0,      0,      0,      0,      0,      0,      0,      0,    49.9,    51.5,    67.6,    71.7,    47.5,    44.2,    56.9,    56.4,    49.9,    51.5,    67.6,    71.7,    47.5,    44.2,    56.9,    56.4,     0.0,     0.0,     0.0,     0.0,     0.0,     0.0,     0.0,     0.0,"Megawatt Hours (MWh)","064BFJ","NODX","064 ","N16","FutOnly"
"NYISO.CENTRL_month_on_dap - NODAL EXCHANGE",260825,2026-08-25,064CTQ,NODX,01,064 ,   37223,   16334,   34403,    7119,    1280,     720,       5,       0,     120,   11605,       0,       0,   35903,   36523,    1320,     700,   37223,   16334,   34403,    7119,    1280,     720,       5,       0,     120,   11605,       0,       0,   35903,   36523,    1320,     700,       0,       0,       0,       0,       0,       0,       0,       0,       0,       0,       0,       0,       0,       0,       0,       0,     180,     580,       0,    -180,       0,     180,       0,       0,       0,    -120,       0,       0,     460,     180,    -280,       0,  100.0,   43.9,   92.4,   19.1,    3.4,    1.9,    0.0,    0.0,    0.3,   31.2,    0.0,    0.0,   96.5,   98.1,    3.5,    1.9,  100.0,   43.9,   92.4,   19.1,    3.4,    1.9,    0.0,    0.0,    0.3,   31.2,    0.0,    0.0,   96.5,   98.1,    3.5,    1.9,  100.0,    0.0,    0.0,    0.0,    0.0,    0.0,    0.0,    0.0,    0.0,    0.0,    0.0,    0.0,    0.0,    0.0,    0.0,    0.0,     23,     12,.,      4,.,.,.,      0,.,.,      0,      0,     19,      7,     23,     12,.,      4,.,.,.,      0,.,.,      0,      0,     19,      7,      0,      0,      0,      0,      0,      0,      0,      0,      0,      0,      0,      0,      0,      0,    70.2,    96.1,    83.3,    98.1,    69.7,    95.6,    82.9,    95.9,    70.2,    96.1,    83.3,    98.1,    69.7,    95.6,    82.9,    95.9,     0.0,     0.0,     0.0,     0.0,     0.0,     0.0,     0.0,     0.0,"Megawatt Hours (MWh)","064CTQ","NODX","064 ","N16","FutOnly"
"NYISO.CENTRL_month_off_dap - NODAL EXCHANGE",260825,2026-08-25,064CTR,NODX,01,064 ,   34118,   14439,   32913,    7754,     415,     240,       5,       0,     120,   10280,       0,       0,   32838,   33688,    1280,     430,   34118,   14439,   32913,    7754,     415,     240,       5,       0,     120,   10280,       0,       0,   32838,   33688,    1280,     430,       0,       0,       0,       0,       0,       0,       0,       0,       0,       0,       0,       0,       0,       0,       0,       0,     180,     520,     120,    -180,       0,     180,       0,       0,       0,    -120,       0,       0,     400,     300,    -220,    -120,  100.0,   42.3,   96.5,   22.7,    1.2,    0.7,    0.0,    0.0,    0.4,   30.1,    0.0,    0.0,   96.2,   98.7,    3.8,    1.3,  100.0,   42.3,   96.5,   22.7,    1.2,    0.7,    0.0,    0.0,    0.4,   30.1,    0.0,    0.0,   96.2,   98.7,    3.8,    1.3,  100.0,    0.0,    0.0,    0.0,    0.0,    0.0,    0.0,    0.0,    0.0,    0.0,    0.0,    0.0,    0.0,    0.0,    0.0,    0.0,     23,     13,      5,      5,.,.,.,      0,.,.,      0,      0,     21,      8,     23,     13,      5,      5,.,.,.,      0,.,.,      0,      0,     21,      8,      0,      0,      0,      0,      0,      0,      0,      0,      0,      0,      0,      0,      0,      0,    71.6,    97.1,    85.7,    98.7,    71.1,    96.0,    85.1,    96.0,    71.6,    97.1,    85.7,    98.7,    71.1,    96.0,    85.1,    96.0,     0.0,     0.0,     0.0,     0.0,     0.0,     0.0,     0.0,     0.0,"Megawatt Hours (MWh)","064CTR","NODX","064 ","N16","FutOnly"
"NYISO.HUD VL_month_on_dap - NODAL EXCHANGE",260825,2026-08-25,064CXO,NODX,01,064 ,   36171,   25125,   10961,    1540,   10795,    1700,     775,    1390,     350,     375,    4951,     360,   30225,   30507,    5946,    5664,   36171,   25125,   10961,    1540,   10795,    1700,     775,    1390,     350,     375,    4951,     360,   30225,   30507,    5946,    5664,       0,       0,       0,       0,       0,       0,       0,       0,       0,       0,       0,       0,       0,       0,       0,       0,   -1996,   -3689,    -669,     130,    -190,      15,     600,    -600,      60,       0,   -1500,       0,   -2884,   -2884,     888,     888,  100.0,   69.5,   30.3,    4.3,   29.8,    4.7,    2.1,    3.8,    1.0,    1.0,   13.7,    1.0,   83.6,   84.3,   16.4,   15.7,  100.0,   69.5,   30.3,    4.3,   29.8,    4.7,    2.1,    3.8,    1.0,    1.0,   13.7,    1.0,   83.6,   84.3,   16.4,   15.7,  100.0,    0.0,    0.0,    0.0,    0.0,    0.0,    0.0,    0.0,    0.0,    0.0,    0.0,    0.0,    0.0,    0.0,    0.0,    0.0,     33,     18,     11,.,      4,      6,.,.,.,.,.,.,     29,     23,     33,     18,     11,.,      4,      6,.,.,.,.,.,.,     29,     23,      0,      0,      0,      0,      0,      0,      0,      0,      0,      0,      0,      0,      0,      0,    34.9,    43.8,    55.5,    64.1,    32.6,    41.1,    50.6,    57.3,    34.9,    43.8,    55.5,    64.1,    32.6,    41.1,    50.6,    57.3,     0.0,     0.0,     0.0,     0.0,     0.0,     0.0,     0.0,     0.0,"Megawatt Hours (MWh)","064CXO","NODX","064 ","N16","FutOnly"
"NYISO.HUD VL_month_off_dap - NODAL EXCHANGE",260825,2026-08-25,064CXP,NODX,01,064 ,   35646,   25315,   11223,    1220,   10733,    1304,    1380,     925,     600,     300,    5431,     412,   30531,   30628,    5115,    5018,   35646,   25315,   11223,    1220,   10733,    1304,    1380,     925,     600,     300,    5431,     412,   30531,   30628,    5115,    5018,       0,       0,       0,       0,       0,       0,       0,       0,       0,       0,       0,       0,       0,       0,       0,       0,   -1877,   -3770,    -810,     130,    -130,     -10,    1200,       0,       0,       0,   -1500,       0,   -2450,   -2450,     573,     573,  100.0,   71.0,   31.5,    3.4,   30.1,    3.7,    3.9,    2.6,    1.7,    0.8,   15.2,    1.2,   85.7,   85.9,   14.3,   14.1,  100.0,   71.0,   31.5,    3.4,   30.1,    3.7,    3.9,    2.6,    1.7,    0.8,   15.2,    1.2,   85.7,   85.9,   14.3,   14.1,  100.0,    0.0,    0.0,    0.0,    0.0,    0.0,    0.0,    0.0,    0.0,    0.0,    0.0,    0.0,    0.0,    0.0,    0.0,    0.0,     32,     17,     12,.,      4,      6,.,.,.,.,.,.,     27,     24,     32,     17,     12,.,      4,      6,.,.,.,.,.,.,     27,     24,      0,      0,      0,      0,      0,      0,      0,      0,      0,      0,      0,      0,      0,      0,    34.4,    45.7,    55.4,    66.6,    32.5,    43.1,    50.8,    59.4,    34.4,    45.7,    55.4,    66.6,    32.5,    43.1,    50.8,    59.4,     0.0,     0.0,     0.0,     0.0,     0.0,     0.0,     0.0,     0.0,"Megawatt Hours (MWh)","064CXP","NODX","064 ","N16","FutOnly"
"NYISO.N.Y.C._month_on_dap - NODAL EXCHANGE",260825,2026-08-25,064CZS,NODX,01,064 ,   28772,   16057,   22938,    5723,       0,    1330,       0,     300,       0,    1341,     375,     464,   24915,   25407,    3857,    3365,   28772,   16057,   22938,    5723,       0,    1330,       0,     300,       0,    1341,     375,     464,   24915,   25407,    3857,    3365,       0,       0,       0,       0,       0,       0,       0,       0,       0,       0,       0,       0,       0,       0,       0,       0,     180,     180,     300,      15,    -105,     -15,       0,       0,       0,       0,       0,       0,     180,     180,       0,       0,  100.0,   55.8,   79.7,   19.9,    0.0,    4.6,    0.0,    1.0,    0.0,    4.7,    1.3,    1.6,   86.6,   88.3,   13.4,   11.7,  100.0,   55.8,   79.7,   19.9,    0.0,    4.6,    0.0,    1.0,    0.0,    4.7,    1.3,    1.6,   86.6,   88.3,   13.4,   11.7,  100.0,    0.0,    0.0,    0.0,    0.0,    0.0,    0.0,    0.0,    0.0,    0.0,    0.0,    0.0,    0.0,    0.0,    0.0,    0.0,     27,     12,     13,      5,      0,      4,      0,.,      0,.,.,.,     19,     20,     27,     12,     13,      5,      0,      4,      0,.,      0,.,.,.,     19,     20,      0,      0,      0,      0,      0,      0,      0,      0,      0,      0,      0,      0,      0,      0,    54.6,    55.9,    71.8,    78.7,    54.6,    55.3,    70.4,    77.1,    54.6,    55.9,    71.8,    78.7,    54.6,    55.3,    70.4,    77.1,     0.0,     0.0,     0.0,     0.0,     0.0,     0.0,     0.0,     0.0,"Megawatt Hours (MWh)","064CZS","NODX","064 ","N16","FutOnly"
"NYISO.N.Y.C._month_off_dap - NODAL EXCHANGE",260825,2026-08-25,064CZT,NODX,01,064 ,   28252,   15144,   22628,    6198,       0,    1200,       0,     300,       0,    1221,     300,     464,   24227,   24892,    4025,    3360,   28252,   15144,   22628,    6198,       0,    1200,       0,     300,       0,    1221,     300,     464,   24227,   24892,    4025,    3360,       0,       0,       0,       0,       0,       0,       0,       0,       0,       0,       0,       0,       0,       0,       0,       0,     240,     180,     300,     120,       0,     -60,       0,       0,       0,       0,       0,       0,     240,     240,       0,       0,  100.0,   53.6,   80.1,   21.9,    0.0,    4.2,    0.0,    1.1,    0.0,    4.3,    1.1,    1.6,   85.8,   88.1,   14.2,   11.9,  100.0,   53.6,   80.1,   21.9,    0.0,    4.2,    0.0,    1.1,    0.0,    4.3,    1.1,    1.6,   85.8,   88.1,   14.2,   11.9,  100.0,    0.0,    0.0,    0.0,    0.0,    0.0,    0.0,    0.0,    0.0,    0.0,    0.0,    0.0,    0.0,    0.0,    0.0,    0.0,     26,     10,     12,      5,      0,.,      0,.,      0,.,.,.,     17,     18,     26,     10,     12,      5,      0,.,      0,.,      0,.,.,.,     17,     18,      0,      0,      0,      0,      0,      0,      0,      0,      0,      0,      0,      0,      0,      0,    54.4,    54.9,    72.1,    79.1,    54.4,    54.3,    70.8,    77.7,    54.4,    54.9,    72.1,    79.1,    54.4,    54.3,    70.8,    77.7,     0.0,     0.0,     0.0,     0.0,     0.0,     0.0,     0.0,     0.0,"Megawatt Hours (MWh)","064CZT","NODX","064 ","N16","FutOnly"
"NYISO.WEST_month_on_dap - NODAL EXCHANGE",260825,2026-08-25,064DEU,NODX,01,064 ,   36620,   29888,   23014,    2985,    5849,    1216,       0,       0,       0,     150,    4249,     481,   34720,   34809,    1900,    1811,   36620,   29888,   23014,    2985,    5849,    1216,       0,       0,       0,     150,    4249,     481,   34720,   34809,    1900,    1811,       0,       0,       0,       0,       0,       0,       0,       0,       0,       0,       0,       0,       0,       0,       0,       0,    1446,    1200,    1570,      70,    -180,     176,       0,       0,       0,       0,    -120,       0,    1446,    1446,       0,       0,  100.0,   81.6,   62.8,    8.2,   16.0,    3.3,    0.0,    0.0,    0.0,    0.4,   11.6,    1.3,   94.8,   95.1,    5.2,    4.9,  100.0,   81.6,   62.8,    8.2,   16.0,    3.3,    0.0,    0.0,    0.0,    0.4,   11.6,    1.3,   94.8,   95.1,    5.2,    4.9,  100.0,    0.0,    0.0,    0.0,    0.0,    0.0,    0.0,    0.0,    0.0,    0.0,    0.0,    0.0,    0.0,    0.0,    0.0,    0.0,     29,     14,     15,      4,.,      5,      0,      0,      0,.,.,.,     22,     21,     29,     14,     15,      4,.,      5,      0,      0,      0,.,.,.,     22,     21,      0,      0,      0,      0,      0,      0,      0,      0,      0,      0,      0,      0,      0,      0,    70.1,    52.7,    83.2,    79.2,    62.3,    45.2,    71.5,    69.7,    70.1,    52.7,    83.2,    79.2,    62.3,    45.2,    71.5,    69.7,     0.0,     0.0,     0.0,     0.0,     0.0,     0.0,     0.0,     0.0,"Megawatt Hours (MWh)","064DEU","NODX","064 ","N16","FutOnly"
"NYISO.WEST_month_off_dap - NODAL EXCHANGE",260825,2026-08-25,064DEV,NODX,01,064 ,   36566,   29254,   23246,    3867,    6559,     503,       0,     305,       0,     150,    3424,     656,   34430,   34693,    2136,    1873,   36566,   29254,   23246,    3867,    6559,     503,       0,     305,       0,     150,    3424,     656,   34430,   34693,    2136,    1873,       0,       0,       0,       0,       0,       0,       0,       0,       0,       0,       0,       0,       0,       0,       0,       0,    1479,    1259,    1629,      70,    -180,     150,       0,       0,       0,       0,    -120,       0,    1479,    1479,       0,       0,  100.0,   80.0,   63.6,   10.6,   17.9,    1.4,    0.0,    0.8,    0.0,    0.4,    9.4,    1.8,   94.2,   94.9,    5.8,    5.1,  100.0,   80.0,   63.6,   10.6,   17.9,    1.4,    0.0,    0.8,    0.0,    0.4,    9.4,    1.8,   94.2,   94.9,    5.8,    5.1,  100.0,    0.0,    0.0,    0.0,    0.0,    0.0,    0.0,    0.0,    0.0,    0.0,    0.0,    0.0,    0.0,    0.0,    0.0,    0.0,     26,     10,     14,.,.,      5,      0,.,      0,.,.,.,     17,     22,     26,     10,     14,.,.,      5,      0,.,      0,.,.,.,     17,     22,      0,      0,      0,      0,      0,      0,      0,      0,      0,      0,      0,      0,      0,      0,    75.3,    55.4,    89.4,    80.1,    69.3,    47.8,    78.0,    69.2,    75.3,    55.4,    89.4,    80.1,    69.3,    47.8,    78.0,    69.2,     0.0,     0.0,     0.0,     0.0,     0.0,     0.0,     0.0,     0.0,"Megawatt Hours (MWh)","064DEV","NODX","064 ","N16","FutOnly"
"PJM.AEP_month_on_dap - NODAL EXCHANGE",260825,2026-08-25,064DLQ,NODX,01,064 ,   29261,   18225,   22151,    7115,     395,     370,    1570,       0,       0,     486,    5060,     380,   28146,   28356,    1115,     905,   29261,   18225,   22151,    7115,     395,     370,    1570,       0,       0,     486,    5060,     380,   28146,   28356,    1115,     905,       0,       0,       0,       0,       0,       0,       0,       0,       0,       0,       0,       0,       0,       0,       0,       0,       0,       0,       0,       0,       0,       0,       0,       0,       0,       0,       0,       0,       0,       0,       0,       0,  100.0,   62.3,   75.7,   24.3,    1.3,    1.3,    5.4,    0.0,    0.0,    1.7,   17.3,    1.3,   96.2,   96.9,    3.8,    3.1,  100.0,   62.3,   75.7,   24.3,    1.3,    1.3,    5.4,    0.0,    0.0,    1.7,   17.3,    1.3,   96.2,   96.9,    3.8,    3.1,  100.0,    0.0,    0.0,    0.0,    0.0,    0.0,    0.0,    0.0,    0.0,    0.0,    0.0,    0.0,    0.0,    0.0,    0.0,    0.0,     22,     11,.,      4,.,.,.,      0,      0,.,.,.,     19,      6,     22,     11,.,      4,.,.,.,      0,      0,.,.,.,     19,      6,      0,      0,      0,      0,      0,      0,      0,      0,      0,      0,      0,      0,      0,      0,    64.1,    94.0,    80.1,    96.9,    64.1,    92.7,    80.1,    94.3,    64.1,    94.0,    80.1,    96.9,    64.1,    92.7,    80.1,    94.3,     0.0,     0.0,     0.0,     0.0,     0.0,     0.0,     0.0,     0.0,"Megawatt Hours (MWh)","064DLQ","NODX","064 ","N16","FutOnly"
"PJM.AEP_month_off_dap - NODAL EXCHANGE",260825,2026-08-25,064DLR,NODX,01,064 ,   29226,   18250,   22116,    7080,     395,     370,    1570,       0,       0,     486,    5060,     380,   28136,   28321,    1090,     905,   29226,   18250,   22116,    7080,     395,     370,    1570,       0,       0,     486,    5060,     380,   28136,   28321,    1090,     905,       0,       0,       0,       0,       0,       0,       0,       0,       0,       0,       0,       0,       0,       0,       0,       0,       0,       0,       0,       0,       0,       0,       0,       0,       0,       0,       0,       0,       0,       0,       0,       0,  100.0,   62.4,   75.7,   24.2,    1.4,    1.3,    5.4,    0.0,    0.0,    1.7,   17.3,    1.3,   96.3,   96.9,    3.7,    3.1,  100.0,   62.4,   75.7,   24.2,    1.4,    1.3,    5.4,    0.0,    0.0,    1.7,   17.3,    1.3,   96.3,   96.9,    3.7,    3.1,  100.0,    0.0,    0.0,    0.0,    0.0,    0.0,    0.0,    0.0,    0.0,    0.0,    0.0,    0.0,    0.0,    0.0,    0.0,    0.0,     22,     11,.,      4,.,.,.,      0,      0,.,.,.,     19,      6,     22,     11,.,      4,.,.,.,      0,      0,.,.,.,     19,      6,      0,      0,      0,      0,      0,      0,      0,      0,      0,      0,      0,      0,      0,      0,    64.2,    94.0,    80.1,    96.9,    64.2,    92.6,    80.1,    94.2,    64.2,    94.0,    80.1,    96.9,    64.2,    92.6,    80.1,    94.2,     0.0,     0.0,     0.0,     0.0,     0.0,     0.0,     0.0,     0.0,"Megawatt Hours (MWh)","064DLR","NODX","064 ","N16","FutOnly"
"PJM.AEP-DAYTON HUB_mo_on_dap - NODAL EXCHANGE",260825,2026-08-25,064DLW,NODX,01,064 ,  101962,   41306,   42155,    5066,   25407,    2551,    4360,    5612,     270,   25487,    2660,     940,   79980,   79595,   21982,   22367,  101962,   41306,   42155,    5066,   25407,    2551,    4360,    5612,     270,   25487,    2660,     940,   79980,   79595,   21982,   22367,       0,       0,       0,       0,       0,       0,       0,       0,       0,       0,       0,       0,       0,       0,       0,       0,     301,    -515,    -471,       6,     837,     240,     625,       0,     -25,     255,       0,       0,     586,     581,    -285,    -280,  100.0,   40.5,   41.3,    5.0,   24.9,    2.5,    4.3,    5.5,    0.3,   25.0,    2.6,    0.9,   78.4,   78.1,   21.6,   21.9,  100.0,   40.5,   41.3,    5.0,   24.9,    2.5,    4.3,    5.5,    0.3,   25.0,    2.6,    0.9,   78.4,   78.1,   21.6,   21.9,  100.0,    0.0,    0.0,    0.0,    0.0,    0.0,    0.0,    0.0,    0.0,    0.0,    0.0,    0.0,    0.0,    0.0,    0.0,    0.0,     45,     17,     22,.,      6,      5,.,.,.,      7,.,.,     33,     36,     45,     17,     22,.,      6,      5,.,.,.,      7,.,.,     33,     36,      0,      0,      0,      0,      0,      0,      0,      0,      0,      0,      0,      0,      0,      0,    46.6,    37.0,    63.5,    56.0,    44.7,    34.6,    55.7,    49.4,    46.6,    37.0,    63.5,    56.0,    44.7,    34.6,    55.7,    49.4,     0.0,     0.0,     0.0,     0.0,     0.0,     0.0,     0.0,     0.0,"Megawatt Hours (MWh)","064DLW","NODX","064 ","N16","FutOnly"
"PJM.AEP-DAYTON HUB_mo_off_dap - NODAL EXCHANGE",260825,2026-08-25,064DLX,NODX,01,064 ,   98865,   38760,   45186,    4861,   22352,    2796,    3660,    2845,     665,   26157,    2650,     940,   77839,   77434,   21026,   21431,   98865,   38760,   45186,    4861,   22352,    2796,    3660,    2845,     665,   26157,    2650,     940,   77839,   77434,   21026,   21431,       0,       0,       0,       0,       0,       0,       0,       0,       0,       0,       0,       0,       0,       0,       0,       0,     424,    -412,    -368,    -254,     552,     693,     625,       0,     -25,     225,       0,       0,     852,     852,    -428,    -428,  100.0,   39.2,   45.7,    4.9,   22.6,    2.8,    3.7,    2.9,    0.7,   26.5,    2.7,    1.0,   78.7,   78.3,   21.3,   21.7,  100.0,   39.2,   45.7,    4.9,   22.6,    2.8,    3.7,    2.9,    0.7,   26.5,    2.7,    1.0,   78.7,   78.3,   21.3,   21.7,  100.0,    0.0,    0.0,    0.0,    0.0,    0.0,    0.0,    0.0,    0.0,    0.0,    0.0,    0.0,    0.0,    0.0,    0.0,    0.0,     41,     14,     22,.,      4,      5,.,.,.,      6,.,.,     29,     35,     41,     14,     22,.,      4,      5,.,.,.,      6,.,.,     29,     35,      0,      0,      0,      0,      0,      0,      0,      0,      0,      0,      0,      0,      0,      0,    48.1,    37.2,    65.4,    54.9,    42.9,    35.4,    54.4,    48.5,    48.1,    37.2,    65.4,    54.9,    42.9,    35.4,    54.4,    48.5,     0.0,     0.0,     0.0,     0.0,     0.0,     0.0,     0.0,     0.0,"Megawatt Hours (MWh)","064DLX","NODX","064 ","N16","FutOnly"
"PJM.APS_month_on_dap - NODAL EXCHANGE",260825,2026-08-25,064DMY,NODX,01,064 ,   12843,    6760,   10934,    1040,     694,     174,    2010,       0,       0,    1003,     390,       0,   10987,   12192,    1856,     651,   12843,    6760,   10934,    1040,     694,     174,    2010,       0,       0,    1003,     390,       0,   10987,   12192,    1856,     651,       0,       0,       0,       0,       0,       0,       0,       0,       0,       0,       0,       0,       0,       0,       0,       0,       0,       0,       0,       0,       0,       0,       0,       0,       0,       0,       0,       0,       0,       0,       0,       0,  100.0,   52.6,   85.1,    8.1,    5.4,    1.4,   15.7,    0.0,    0.0,    7.8,    3.0,    0.0,   85.5,   94.9,   14.5,    5.1,  100.0,   52.6,   85.1,    8.1,    5.4,    1.4,   15.7,    0.0,    0.0,    7.8,    3.0,    0.0,   85.5,   94.9,   14.5,    5.1,  100.0,    0.0,    0.0,    0.0,    0.0,    0.0,    0.0,    0.0,    0.0,    0.0,    0.0,    0.0,    0.0,    0.0,    0.0,    0.0,     20,     11,      6,.,.,.,.,      0,      0,.,.,      0,     16,      8,     20,     11,      6,.,.,.,.,      0,      0,.,.,      0,     16,      8,      0,      0,      0,      0,      0,      0,      0,      0,      0,      0,      0,      0,      0,      0,    41.6,    84.6,    67.6,    94.9,    41.6,    83.3,    67.2,    88.7,    41.6,    84.6,    67.6,    94.9,    41.6,    83.3,    67.2,    88.7,     0.0,     0.0,     0.0,     0.0,     0.0,     0.0,     0.0,     0.0,"Megawatt Hours (MWh)","064DMY","NODX","064 ","N16","FutOnly"
"PJM.APS_month_off_dap - NODAL EXCHANGE",260825,2026-08-25,064DMZ,NODX,01,064 ,   12207,    6395,   10298,    1040,     694,     174,    2010,       0,       0,     747,     390,       0,   10366,   11556,    1841,     651,   12207,    6395,   10298,    1040,     694,     174,    2010,       0,       0,     747,     390,       0,   10366,   11556,    1841,     651,       0,       0,       0,       0,       0,       0,       0,       0,       0,       0,       0,       0,       0,       0,       0,       0,       0,       0,       0,       0,       0,       0,       0,       0,       0,       0,       0,       0,       0,       0,       0,       0,  100.0,   52.4,   84.4,    8.5,    5.7,    1.4,   16.5,    0.0,    0.0,    6.1,    3.2,    0.0,   84.9,   94.7,   15.1,    5.3,  100.0,   52.4,   84.4,    8.5,    5.7,    1.4,   16.5,    0.0,    0.0,    6.1,    3.2,    0.0,   84.9,   94.7,   15.1,    5.3,  100.0,    0.0,    0.0,    0.0,    0.0,    0.0,    0.0,    0.0,    0.0,    0.0,    0.0,    0.0,    0.0,    0.0,    0.0,    0.0,     20,     11,      6,.,.,.,.,      0,      0,.,.,      0,     16,      8,     20,     11,      6,.,.,.,.,      0,      0,.,.,      0,     16,      8,      0,      0,      0,      0,      0,      0,      0,      0,      0,      0,      0,      0,      0,      0,    42.9,    84.6,    67.8,    94.7,    42.9,    83.2,    67.8,    88.9,    42.9,    84.6,    67.8,    94.7,    42.9,    83.2,    67.8,    88.9,     0.0,     0.0,     0.0,     0.0,     0.0,     0.0,     0.0,     0.0,"Megawatt Hours (MWh)","064DMZ","NODX","064 ","N16","FutOnly"
"PJM.BGE_month_on_dap - NODAL EXCHANGE",260825,2026-08-25,064DPQ,NODX,01,064 ,   27660,   19105,   22710,    2560,     945,     325,    2640,       0,       0,    1425,    1890,     420,   26475,   26290,    1185,    1370,   27660,   19105,   22710,    2560,     945,     325,    2640,       0,       0,    1425,    1890,     420,   26475,   26290,    1185,    1370,       0,       0,       0,       0,       0,       0,       0,       0,       0,       0,       0,       0,       0,       0,       0,       0,    1420,    1525,    1165,    -210,       0,      75,       0,       0,       0,       0,     150,     -75,    1315,    1315,     105,     105,  100.0,   69.1,   82.1,    9.3,    3.4,    1.2,    9.5,    0.0,    0.0,    5.2,    6.8,    1.5,   95.7,   95.0,    4.3,    5.0,  100.0,   69.1,   82.1,    9.3,    3.4,    1.2,    9.5,    0.0,    0.0,    5.2,    6.8,    1.5,   95.7,   95.0,    4.3,    5.0,  100.0,    0.0,    0.0,    0.0,    0.0,    0.0,    0.0,    0.0,    0.0,    0.0,    0.0,    0.0,    0.0,    0.0,    0.0,    0.0,     29,     14,      5,.,.,.,.,      0,      0,.,.,.,     25,     13,     29,     14,      5,.,.,.,.,      0,      0,.,.,.,     25,     13,      0,      0,      0,      0,      0,      0,      0,      0,      0,      0,      0,      0,      0,      0,    57.1,    87.0,    75.7,    92.7,    56.6,    85.8,    74.5,    89.4,    57.1,    87.0,    75.7,    92.7,    56.6,    85.8,    74.5,    89.4,     0.0,     0.0,     0.0,     0.0,     0.0,     0.0,     0.0,     0.0,"Megawatt Hours (MWh)","064DPQ","NODX","064 ","N16","FutOnly"
"PJM.BGE_month_off_dap - NODAL EXCHANGE",260825,2026-08-25,064DPR,NODX,01,064 ,   27575,   18890,   22460,    2260,     680,     440,    2640,       0,       0,    1425,    1915,     420,   26075,   25915,    1500,    1660,   27575,   18890,   22460,    2260,     680,     440,    2640,       0,       0,    1425,    1915,     420,   26075,   25915,    1500,    1660,       0,       0,       0,       0,       0,       0,       0,       0,       0,       0,       0,       0,       0,       0,       0,       0,    1420,    1525,    1165,    -210,       0,      75,       0,       0,       0,       0,     150,     -75,    1315,    1315,     105,     105,  100.0,   68.5,   81.5,    8.2,    2.5,    1.6,    9.6,    0.0,    0.0,    5.2,    6.9,    1.5,   94.6,   94.0,    5.4,    6.0,  100.0,   68.5,   81.5,    8.2,    2.5,    1.6,    9.6,    0.0,    0.0,    5.2,    6.9,    1.5,   94.6,   94.0,    5.4,    6.0,  100.0,    0.0,    0.0,    0.0,    0.0,    0.0,    0.0,    0.0,    0.0,    0.0,    0.0,    0.0,    0.0,    0.0,    0.0,    0.0,     29,     14,      5,.,.,.,.,      0,      0,.,.,.,     25,     13,     29,     14,      5,.,.,.,.,      0,      0,.,.,.,     25,     13,      0,      0,      0,      0,      0,      0,      0,      0,      0,      0,      0,      0,      0,      0,    56.5,    86.4,    74.1,    91.6,    56.0,    85.2,    72.8,    87.9,    56.5,    86.4,    74.1,    91.6,    56.0,    85.2,    72.8,    87.9,     0.0,     0.0,     0.0,     0.0,     0.0,     0.0,     0.0,     0.0,"Megawatt Hours (MWh)","064DPR","NODX","064 ","N16","FutOnly"
"PJM.DOM_month_on_dap - NODAL EXCHANGE",260825,2026-08-25,064DZS,NODX,01,064 ,   12289,    7945,    5675,    1555,    2915,     429,    1000,     730,       0,     775,    1930,      25,   11729,   11704,     560,     585,   12289,    7945,    5675,    1555,    2915,     429,    1000,     730,       0,     775,    1930,      25,   11729,   11704,     560,     585,       0,       0,       0,       0,       0,       0,       0,       0,       0,       0,       0,       0,       0,       0,       0,       0,     200,       0,     200,       0,       0,       0,     200,       0,       0,       0,       0,       0,     200,     200,       0,       0,  100.0,   64.7,   46.2,   12.7,   23.7,    3.5,    8.1,    5.9,    0.0,    6.3,   15.7,    0.2,   95.4,   95.2,    4.6,    4.8,  100.0,   64.7,   46.2,   12.7,   23.7,    3.5,    8.1,    5.9,    0.0,    6.3,   15.7,    0.2,   95.4,   95.2,    4.6,    4.8,  100.0,    0.0,    0.0,    0.0,    0.0,    0.0,    0.0,    0.0,    0.0,    0.0,    0.0,    0.0,    0.0,    0.0,    0.0,    0.0,     24,     10,      4,.,      5,.,.,.,      0,.,.,.,     16,     13,     24,     10,      4,.,      5,.,.,.,      0,.,.,.,     16,     13,      0,      0,      0,      0,      0,      0,      0,      0,      0,      0,      0,      0,      0,      0,    59.3,    73.3,    81.4,    92.5,    59.3,    67.6,    79.3,    83.8,    59.3,    73.3,    81.4,    92.5,    59.3,    67.6,    79.3,    83.8,     0.0,     0.0,     0.0,     0.0,     0.0,     0.0,     0.0,     0.0,"Megawatt Hours (MWh)","064DZS","NODX","064 ","N16","FutOnly"
"PJM.DOM_month_off_dap - NODAL EXCHANGE",260825,2026-08-25,064DZT,NODX,01,064 ,   12799,    8355,    6120,    1805,    3190,     294,    1000,     730,       0,     775,    1930,      25,   12254,   12289,     545,     510,   12799,    8355,    6120,    1805,    3190,     294,    1000,     730,       0,     775,    1930,      25,   12254,   12289,     545,     510,       0,       0,       0,       0,       0,       0,       0,       0,       0,       0,       0,       0,       0,       0,       0,       0,     200,       0,     200,       0,       0,       0,     200,       0,       0,       0,       0,       0,     200,     200,       0,       0,  100.0,   65.3,   47.8,   14.1,   24.9,    2.3,    7.8,    5.7,    0.0,    6.1,   15.1,    0.2,   95.7,   96.0,    4.3,    4.0,  100.0,   65.3,   47.8,   14.1,   24.9,    2.3,    7.8,    5.7,    0.0,    6.1,   15.1,    0.2,   95.7,   96.0,    4.3,    4.0,  100.0,    0.0,    0.0,    0.0,    0.0,    0.0,    0.0,    0.0,    0.0,    0.0,    0.0,    0.0,    0.0,    0.0,    0.0,    0.0,     26,     11,      5,.,      5,.,.,.,      0,.,.,.,     18,     14,     26,     11,      5,.,      5,.,.,.,      0,.,.,.,     18,     14,      0,      0,      0,      0,      0,      0,      0,      0,      0,      0,      0,      0,      0,      0,    57.9,    73.1,    80.7,    92.6,    57.9,    67.6,    80.2,    84.9,    57.9,    73.1,    80.7,    92.6,    57.9,    67.6,    80.2,    84.9,     0.0,     0.0,     0.0,     0.0,     0.0,     0.0,     0.0,     0.0,"Megawatt Hours (MWh)","064DZT","NODX","064 ","N16","FutOnly"
"ERCOT North 345KV Hub RT 10x17 - ICE FUTURES ENERGY DIV",260825,2026-08-25,064ED7,IFED,01,064 ,    6679,    5053,    2868,     600,     755,     120,       0,       0,       0,     690,    2320,       0,    6463,    6063,     216,     616,    6679,    5053,    2868,     600,     755,     120,       0,       0,       0,     690,    2320,       0,    6463,    6063,     216,     616,       0,       0,       0,       0,       0,       0,       0,       0,       0,       0,       0,       0,       0,       0,       0,       0,       0,     -35,       0,       0,       0,       0,       0,       0,       0,      35,       0,       0,       0,       0,       0,       0,  100.0,   75.7,   42.9,    9.0,   11.3,    1.8,    0.0,    0.0,    0.0,   10.3,   34.7,    0.0,   96.8,   90.8,    3.2,    9.2,  100.0,   75.7,   42.9,    9.0,   11.3,    1.8,    0.0,    0.0,    0.0,   10.3,   34.7,    0.0,   96.8,   90.8,    3.2,    9.2,  100.0,    0.0,    0.0,    0.0,    0.0,    0.0,    0.0,    0.0,    0.0,    0.0,    0.0,    0.0,    0.0,    0.0,    0.0,    0.0,     20,     11,      6,.,.,.,      0,      0,      0,.,.,      0,     15,     10,     20,     11,      6,.,.,.,      0,      0,      0,.,.,      0,     15,     10,      0,      0,      0,      0,      0,      0,      0,      0,      0,      0,      0,      0,      0,      0,    67.0,    81.6,    87.3,    89.7,    64.3,    80.7,    84.3,    86.6,    67.0,    81.6,    87.3,    89.7,    64.3,    80.7,    84.3,    86.6,     0.0,     0.0,     0.0,     0.0,     0.0,     0.0,     0.0,     0.0,"(1MW for about 352 Hours)","064ED7","IFED","064 ","N16","FutOnly"
"PJM.JCPL_month_on_dap - NODAL EXCHANGE",260825,2026-08-25,064EJI,NODX,01,064 ,   49632,   33497,   36360,    2575,    2317,     910,    3080,    4980,       0,    3775,     655,     925,   44762,   46147,    4870,    3485,   49632,   33497,   36360,    2575,    2317,     910,    3080,    4980,       0,    3775,     655,     925,   44762,   46147,    4870,    3485,       0,       0,       0,       0,       0,       0,       0,       0,       0,       0,       0,       0,       0,       0,       0,       0,     565,     660,     180,       0,       0,       0,       0,       0,       0,       0,     480,       0,     660,     660,     -95,     -95,  100.0,   67.5,   73.3,    5.2,    4.7,    1.8,    6.2,   10.0,    0.0,    7.6,    1.3,    1.9,   90.2,   93.0,    9.8,    7.0,  100.0,   67.5,   73.3,    5.2,    4.7,    1.8,    6.2,   10.0,    0.0,    7.6,    1.3,    1.9,   90.2,   93.0,    9.8,    7.0,  100.0,    0.0,    0.0,    0.0,    0.0,    0.0,    0.0,    0.0,    0.0,    0.0,    0.0,    0.0,    0.0,    0.0,    0.0,    0.0,     29,     13,      8,.,.,      4,.,.,      0,.,.,.,     22,     17,     29,     13,      8,.,.,      4,.,.,      0,.,.,.,     22,     17,      0,      0,      0,      0,      0,      0,      0,      0,      0,      0,      0,      0,      0,      0,    53.7,    77.9,    70.7,    88.6,    49.9,    77.9,    66.8,    84.1,    53.7,    77.9,    70.7,    88.6,    49.9,    77.9,    66.8,    84.1,     0.0,     0.0,     0.0,     0.0,     0.0,     0.0,     0.0,     0.0,"Megawatt Hours (MWh)","064EJI","NODX","064 ","N16","FutOnly"
"PJM.JCPL_month_off_dap - NODAL EXCHANGE",260825,2026-08-25,064EJJ,NODX,01,064 ,   47312,   31507,   34630,    1810,    2317,    1250,    3080,    4380,       0,    3705,     100,     850,   42202,   43527,    5110,    3785,   47312,   31507,   34630,    1810,    2317,    1250,    3080,    4380,       0,    3705,     100,     850,   42202,   43527,    5110,    3785,       0,       0,       0,       0,       0,       0,       0,       0,       0,       0,       0,       0,       0,       0,       0,       0,     435,     660,     180,       0,       0,       0,       0,       0,       0,    -430,      50,     430,     660,     660,    -225,    -225,  100.0,   66.6,   73.2,    3.8,    4.9,    2.6,    6.5,    9.3,    0.0,    7.8,    0.2,    1.8,   89.2,   92.0,   10.8,    8.0,  100.0,   66.6,   73.2,    3.8,    4.9,    2.6,    6.5,    9.3,    0.0,    7.8,    0.2,    1.8,   89.2,   92.0,   10.8,    8.0,  100.0,    0.0,    0.0,    0.0,    0.0,    0.0,    0.0,    0.0,    0.0,    0.0,    0.0,    0.0,    0.0,    0.0,    0.0,    0.0,     29,     14,      8,.,.,      4,.,.,      0,.,.,.,     23,     17,     29,     14,      8,.,.,      4,.,.,      0,.,.,.,     23,     17,      0,      0,      0,      0,      0,      0,      0,      0,      0,      0,      0,      0,      0,      0,    52.1,    78.5,    70.0,    87.7,    49.5,    78.4,    67.4,    84.2,    52.1,    78.5,    70.0,    87.7,    49.5,    78.4,    67.4,    84.2,     0.0,     0.0,     0.0,     0.0,     0.0,     0.0,     0.0,     0.0,"Megawatt Hours (MWh)","064EJJ","NODX","064 ","N16","FutOnly"
"PJM.METED_month_on_dap - NODAL EXCHANGE",260825,2026-08-25,064EOW,NODX,01,064 ,   12687,   10000,    8924,      25,    1705,     491,      40,     190,     205,     150,     200,     120,   11031,   11835,    1656,     852,   12687,   10000,    8924,      25,    1705,     491,      40,     190,     205,     150,     200,     120,   11031,   11835,    1656,     852,       0,       0,       0,       0,       0,       0,       0,       0,       0,       0,       0,       0,       0,       0,       0,       0,    -105,       0,       0,       0,     -45,     -97,     -45,       0,      45,       0,       0,       0,     -97,     -97,      -8,      -8,  100.0,   78.8,   70.3,    0.2,   13.4,    3.9,    0.3,    1.5,    1.6,    1.2,    1.6,    0.9,   86.9,   93.3,   13.1,    6.7,  100.0,   78.8,   70.3,    0.2,   13.4,    3.9,    0.3,    1.5,    1.6,    1.2,    1.6,    0.9,   86.9,   93.3,   13.1,    6.7,  100.0,    0.0,    0.0,    0.0,    0.0,    0.0,    0.0,    0.0,    0.0,    0.0,    0.0,    0.0,    0.0,    0.0,    0.0,    0.0,     23,     11,      4,.,.,      4,.,.,.,.,.,.,     19,     12,     23,     11,      4,.,.,      4,.,.,.,.,.,.,     19,     12,      0,      0,      0,      0,      0,      0,      0,      0,      0,      0,      0,      0,      0,      0,    55.6,    77.5,    75.0,    89.2,    55.6,    77.1,    73.1,    82.6,    55.6,    77.5,    75.0,    89.2,    55.6,    77.1,    73.1,    82.6,     0.0,     0.0,     0.0,     0.0,     0.0,     0.0,     0.0,     0.0,"Megawatt Hours (MWh)","064EOW","NODX","064 ","N16","FutOnly"
"PJM.METED_month_off_dap - NODAL EXCHANGE",260825,2026-08-25,064EOX,NODX,01,064 ,   12859,   10177,    9174,      25,    1715,     496,      40,     190,     205,     150,     200,     120,   11213,   12100,    1646,     759,   12859,   10177,    9174,      25,    1715,     496,      40,     190,     205,     150,     200,     120,   11213,   12100,    1646,     759,       0,       0,       0,       0,       0,       0,       0,       0,       0,       0,       0,       0,       0,       0,       0,       0,    -105,       0,       0,       0,     -45,     -97,     -45,       0,      45,       0,       0,       0,     -97,     -97,      -8,      -8,  100.0,   79.1,   71.3,    0.2,   13.3,    3.9,    0.3,    1.5,    1.6,    1.2,    1.6,    0.9,   87.2,   94.1,   12.8,    5.9,  100.0,   79.1,   71.3,    0.2,   13.3,    3.9,    0.3,    1.5,    1.6,    1.2,    1.6,    0.9,   87.2,   94.1,   12.8,    5.9,  100.0,    0.0,    0.0,    0.0,    0.0,    0.0,    0.0,    0.0,    0.0,    0.0,    0.0,    0.0,    0.0,    0.0,    0.0,    0.0,     24,     13,      6,.,.,      4,.,.,.,.,.,.,     21,     14,     24,     13,      6,.,.,      4,.,.,.,.,.,.,     21,     14,      0,      0,      0,      0,      0,      0,      0,      0,      0,      0,      0,      0,      0,      0,    53.5,    77.1,    74.5,    88.5,    52.4,    76.2,    69.7,    81.7,    53.5,    77.1,    74.5,    88.5,    52.4,    76.2,    69.7,    81.7,     0.0,     0.0,     0.0,     0.0,     0.0,     0.0,     0.0,     0.0,"Megawatt Hours (MWh)","064EOX","NODX","064 ","N16","FutOnly"
"PJM.N ILLINOIS HUB_mo_on_dap - NODAL EXCHANGE",260825,2026-08-25,064ERM,NODX,01,064 ,   91256,   63988,   77839,   13763,    2353,    3041,     300,     260,       0,    2450,       0,       0,   83542,   83493,    7714,    7763,   91256,   63988,   77839,   13763,    2353,    3041,     300,     260,       0,    2450,       0,       0,   83542,   83493,    7714,    7763,       0,       0,       0,       0,       0,       0,       0,       0,       0,       0,       0,       0,       0,       0,       0,       0,       0,       0,       0,       0,       0,       0,       0,       0,       0,       0,       0,       0,       0,       0,       0,       0,  100.0,   70.1,   85.3,   15.1,    2.6,    3.3,    0.3,    0.3,    0.0,    2.7,    0.0,    0.0,   91.5,   91.5,    8.5,    8.5,  100.0,   70.1,   85.3,   15.1,    2.6,    3.3,    0.3,    0.3,    0.0,    2.7,    0.0,    0.0,   91.5,   91.5,    8.5,    8.5,  100.0,    0.0,    0.0,    0.0,    0.0,    0.0,    0.0,    0.0,    0.0,    0.0,    0.0,    0.0,    0.0,    0.0,    0.0,    0.0,     31,     14,     14,      4,.,      5,.,.,      0,.,      0,      0,     23,     21,     31,     14,     14,      4,.,      5,.,.,      0,.,      0,      0,     23,     21,      0,      0,      0,      0,      0,      0,      0,      0,      0,      0,      0,      0,      0,      0,    58.0,    76.8,    81.8,    83.7,    55.9,    76.6,    76.4,    82.0,    58.0,    76.8,    81.8,    83.7,    55.9,    76.6,    76.4,    82.0,     0.0,     0.0,     0.0,     0.0,     0.0,     0.0,     0.0,     0.0,"Megawatt Hours (MWh)","064ERM","NODX","064 ","N16","FutOnly"
"PJM.N ILLINOIS HUB_mo_off_dap - NODAL EXCHANGE",260825,2026-08-25,064ERN,NODX,01,064 ,   89420,   61400,   76578,   14917,    2005,    2909,     300,     260,       0,    2275,       0,       0,   81801,   81752,    7619,    7668,   89420,   61400,   76578,   14917,    2005,    2909,     300,     260,       0,    2275,       0,       0,   81801,   81752,    7619,    7668,       0,       0,       0,       0,       0,       0,       0,       0,       0,       0,       0,       0,       0,       0,       0,       0,       0,       0,       0,       0,       0,       0,       0,       0,       0,       0,       0,       0,       0,       0,       0,       0,  100.0,   68.7,   85.6,   16.7,    2.2,    3.3,    0.3,    0.3,    0.0,    2.5,    0.0,    0.0,   91.5,   91.4,    8.5,    8.6,  100.0,   68.7,   85.6,   16.7,    2.2,    3.3,    0.3,    0.3,    0.0,    2.5,    0.0,    0.0,   91.5,   91.4,    8.5,    8.6,  100.0,    0.0,    0.0,    0.0,    0.0,    0.0,    0.0,    0.0,    0.0,    0.0,    0.0,    0.0,    0.0,    0.0,    0.0,    0.0,     29,     14,     15,      5,.,      5,.,.,      0,.,      0,      0,     22,     22,     29,     14,     15,      5,.,      5,.,.,      0,.,      0,      0,     22,     22,      0,      0,      0,      0,      0,      0,      0,      0,      0,      0,      0,      0,      0,      0,    58.8,    77.4,    81.8,    84.0,    56.1,    77.2,    76.7,    82.6,    58.8,    77.4,    81.8,    84.0,    56.1,    77.2,    76.7,    82.6,     0.0,     0.0,     0.0,     0.0,     0.0,     0.0,     0.0,     0.0,"Megawatt Hours (MWh)","064ERN","NODX","064 ","N16","FutOnly"
"PJM.PECO_month_on_dap - NODAL EXCHANGE",260825,2026-08-25,064EUY,NODX,01,064 ,  107252,   71910,   83697,    3956,   14523,    1777,    1945,    1005,       0,   21210,     206,     224,  101022,  101432,    6230,    5820,  107252,   71910,   83697,    3956,   14523,    1777,    1945,    1005,       0,   21210,     206,     224,  101022,  101432,    6230,    5820,       0,       0,       0,       0,       0,       0,       0,       0,       0,       0,       0,       0,       0,       0,       0,       0,      85,      50,     120,     240,     170,    -240,       0,       0,       0,       0,       0,       0,      50,      50,      35,      35,  100.0,   67.0,   78.0,    3.7,   13.5,    1.7,    1.8,    0.9,    0.0,   19.8,    0.2,    0.2,   94.2,   94.6,    5.8,    5.4,  100.0,   67.0,   78.0,    3.7,   13.5,    1.7,    1.8,    0.9,    0.0,   19.8,    0.2,    0.2,   94.2,   94.6,    5.8,    5.4,  100.0,    0.0,    0.0,    0.0,    0.0,    0.0,    0.0,    0.0,    0.0,    0.0,    0.0,    0.0,    0.0,    0.0,    0.0,    0.0,     37,     21,     11,.,.,.,.,.,      0,      4,.,.,     30,     22,     37,     21,     11,.,.,.,.,.,      0,      4,.,.,     30,     22,      0,      0,      0,      0,      0,      0,      0,      0,      0,      0,      0,      0,      0,      0,    53.5,    78.1,    74.3,    91.1,    47.5,    76.5,    63.1,    78.8,    53.5,    78.1,    74.3,    91.1,    47.5,    76.5,    63.1,    78.8,     0.0,     0.0,     0.0,     0.0,     0.0,     0.0,     0.0,     0.0,"Megawatt Hours (MWh)","064EUY","NODX","064 ","N16","FutOnly"
"PJM.PECO_month_off_dap - NODAL EXCHANGE",260825,2026-08-25,064EUZ,NODX,01,064 ,  106510,   69840,   83377,    4001,   12963,    1775,    1945,     640,     175,   21095,     211,     219,   99050,   99360,    7460,    7150,  106510,   69840,   83377,    4001,   12963,    1775,    1945,     640,     175,   21095,     211,     219,   99050,   99360,    7460,    7150,       0,       0,       0,       0,       0,       0,       0,       0,       0,       0,       0,       0,       0,       0,       0,       0,      60,      25,      95,     240,     170,    -240,       0,       0,       0,       0,       0,       0,      25,      25,      35,      35,  100.0,   65.6,   78.3,    3.8,   12.2,    1.7,    1.8,    0.6,    0.2,   19.8,    0.2,    0.2,   93.0,   93.3,    7.0,    6.7,  100.0,   65.6,   78.3,    3.8,   12.2,    1.7,    1.8,    0.6,    0.2,   19.8,    0.2,    0.2,   93.0,   93.3,    7.0,    6.7,  100.0,    0.0,    0.0,    0.0,    0.0,    0.0,    0.0,    0.0,    0.0,    0.0,    0.0,    0.0,    0.0,    0.0,    0.0,    0.0,     37,     21,     11,.,.,.,.,.,.,      4,.,.,     31,     22,     37,     21,     11,.,.,.,.,.,.,      4,.,.,     31,     22,      0,      0,      0,      0,      0,      0,      0,      0,      0,      0,      0,      0,      0,      0,    52.7,    77.3,    73.6,    90.0,    46.9,    75.2,    62.4,    77.5,    52.7,    77.3,    73.6,    90.0,    46.9,    75.2,    62.4,    77.5,     0.0,     0.0,     0.0,     0.0,     0.0,     0.0,     0.0,     0.0,"Megawatt Hours (MWh)","064EUZ","NODX","064 ","N16","FutOnly"
"PJM.PEPCO_month_on_dap - NODAL EXCHANGE",260825,2026-08-25,064EVG,NODX,01,064 ,   23717,   18159,   10770,    1217,    1325,    1410,     725,    2125,       0,     150,    6527,      30,   21691,   22187,    2026,    1530,   23717,   18159,   10770,    1217,    1325,    1410,     725,    2125,       0,     150,    6527,      30,   21691,   22187,    2026,    1530,       0,       0,       0,       0,       0,       0,       0,       0,       0,       0,       0,       0,       0,       0,       0,       0,    1246,    1130,     870,     210,       0,      86,       0,     200,       0,       0,      30,       0,    1426,    1186,    -180,      60,  100.0,   76.6,   45.4,    5.1,    5.6,    5.9,    3.1,    9.0,    0.0,    0.6,   27.5,    0.1,   91.5,   93.5,    8.5,    6.5,  100.0,   76.6,   45.4,    5.1,    5.6,    5.9,    3.1,    9.0,    0.0,    0.6,   27.5,    0.1,   91.5,   93.5,    8.5,    6.5,  100.0,    0.0,    0.0,    0.0,    0.0,    0.0,    0.0,    0.0,    0.0,    0.0,    0.0,    0.0,    0.0,    0.0,    0.0,    0.0,     30,     18,      8,.,.,      5,.,.,      0,.,.,.,     25,     18,     30,     18,      8,.,.,      5,.,.,      0,.,.,.,     25,     18,      0,      0,      0,      0,      0,      0,      0,      0,      0,      0,      0,      0,      0,      0,    47.5,    70.7,    68.7,    82.9,    45.9,    66.9,    64.7,    76.2,    47.5,    70.7,    68.7,    82.9,    45.9,    66.9,    64.7,    76.2,     0.0,     0.0,     0.0,     0.0,     0.0,     0.0,     0.0,     0.0,"Megawatt Hours (MWh)","064EVG","NODX","064 ","N16","FutOnly"
"PJM.PEPCO_month_off_dap - NODAL EXCHANGE",260825,2026-08-25,064EVH,NODX,01,064 ,   23717,   18159,   10770,    1217,    1325,    1410,     725,    2125,       0,     150,    6527,      30,   21691,   22187,    2026,    1530,   23717,   18159,   10770,    1217,    1325,    1410,     725,    2125,       0,     150,    6527,      30,   21691,   22187,    2026,    1530,       0,       0,       0,       0,       0,       0,       0,       0,       0,       0,       0,       0,       0,       0,       0,       0,    1246,    1130,     870,     210,       0,      86,       0,     200,       0,       0,      30,       0,    1426,    1186,    -180,      60,  100.0,   76.6,   45.4,    5.1,    5.6,    5.9,    3.1,    9.0,    0.0,    0.6,   27.5,    0.1,   91.5,   93.5,    8.5,    6.5,  100.0,   76.6,   45.4,    5.1,    5.6,    5.9,    3.1,    9.0,    0.0,    0.6,   27.5,    0.1,   91.5,   93.5,    8.5,    6.5,  100.0,    0.0,    0.0,    0.0,    0.0,    0.0,    0.0,    0.0,    0.0,    0.0,    0.0,    0.0,    0.0,    0.0,    0.0,    0.0,     30,     18,      8,.,.,      5,.,.,      0,.,.,.,     25,     18,     30,     18,      8,.,.,      5,.,.,      0,.,.,.,     25,     18,      0,      0,      0,      0,      0,      0,      0,      0,      0,      0,      0,      0,      0,      0,    47.5,    70.7,    68.7,    82.9,    45.9,    66.9,    64.7,    76.2,    47.5,    70.7,    68.7,    82.9,    45.9,    66.9,    64.7,    76.2,     0.0,     0.0,     0.0,     0.0,     0.0,     0.0,     0.0,     0.0,"Megawatt Hours (MWh)","064EVH","NODX","064 ","N16","FutOnly"
"PJM.PPL_month_on_dap - NODAL EXCHANGE",260825,2026-08-25,064EWU,NODX,01,064 ,   63190,   51122,   44488,    5650,   12387,    1525,    2185,       0,      90,     295,    2770,     375,   61242,   61635,    1948,    1555,   63190,   51122,   44488,    5650,   12387,    1525,    2185,       0,      90,     295,    2770,     375,   61242,   61635,    1948,    1555,       0,       0,       0,       0,       0,       0,       0,       0,       0,       0,       0,       0,       0,       0,       0,       0,     -60,     235,    -545,      90,     870,     -30,       0,       0,       0,       0,       0,     125,     420,     420,    -480,    -480,  100.0,   80.9,   70.4,    8.9,   19.6,    2.4,    3.5,    0.0,    0.1,    0.5,    4.4,    0.6,   96.9,   97.5,    3.1,    2.5,  100.0,   80.9,   70.4,    8.9,   19.6,    2.4,    3.5,    0.0,    0.1,    0.5,    4.4,    0.6,   96.9,   97.5,    3.1,    2.5,  100.0,    0.0,    0.0,    0.0,    0.0,    0.0,    0.0,    0.0,    0.0,    0.0,    0.0,    0.0,    0.0,    0.0,    0.0,    0.0,     40,     24,     12,.,      6,      5,.,      0,.,.,.,.,     35,     24,     40,     24,     12,.,      6,      5,.,      0,.,.,.,.,     35,     24,      0,      0,      0,      0,      0,      0,      0,      0,      0,      0,      0,      0,      0,      0,    63.1,    57.4,    75.8,    77.9,    62.2,    55.4,    73.9,    73.9,    63.1,    57.4,    75.8,    77.9,    62.2,    55.4,    73.9,    73.9,     0.0,     0.0,     0.0,     0.0,     0.0,     0.0,     0.0,     0.0,"Megawatt Hours (MWh)","064EWU","NODX","064 ","N16","FutOnly"
"PJM.PPL_month_off_dap - NODAL EXCHANGE",260825,2026-08-25,064EWV,NODX,01,064 ,   63038,   50980,   44829,    5825,   12289,    1355,    2185,       0,      90,     295,    2535,     420,   61150,   61518,    1888,    1520,   63038,   50980,   44829,    5825,   12289,    1355,    2185,       0,      90,     295,    2535,     420,   61150,   61518,    1888,    1520,       0,       0,       0,       0,       0,       0,       0,       0,       0,       0,       0,       0,       0,       0,       0,       0,     -60,     235,    -545,     180,     960,    -120,       0,       0,       0,       0,       0,     125,     420,     420,    -480,    -480,  100.0,   80.9,   71.1,    9.2,   19.5,    2.1,    3.5,    0.0,    0.1,    0.5,    4.0,    0.7,   97.0,   97.6,    3.0,    2.4,  100.0,   80.9,   71.1,    9.2,   19.5,    2.1,    3.5,    0.0,    0.1,    0.5,    4.0,    0.7,   97.0,   97.6,    3.0,    2.4,  100.0,    0.0,    0.0,    0.0,    0.0,    0.0,    0.0,    0.0,    0.0,    0.0,    0.0,    0.0,    0.0,    0.0,    0.0,    0.0,     40,     23,     12,.,      6,      4,.,      0,.,.,.,.,     34,     23,     40,     23,     12,.,      6,      4,.,      0,.,.,.,.,     34,     23,      0,      0,      0,      0,      0,      0,      0,      0,      0,      0,      0,      0,      0,      0,    64.4,    58.6,    77.0,    78.4,    63.6,    57.4,    75.1,    75.1,    64.4,    58.6,    77.0,    78.4,    63.6,    57.4,    75.1,    75.1,     0.0,     0.0,     0.0,     0.0,     0.0,     0.0,     0.0,     0.0,"Megawatt Hours (MWh)","064EWV","NODX","064 ","N16","FutOnly"
"PJM PSEG DAP - NODAL EXCHANGE",260825,2026-08-25,064EXE,NODX,01,064 ,   90820,   53331,   51736,   11270,   12960,    1665,    3850,    1000,     300,    4080,    7225,    2605,   77101,   77491,   13719,   13329,   90820,   53331,   51736,   11270,   12960,    1665,    3850,    1000,     300,    4080,    7225,    2605,   77101,   77491,   13719,   13329,       0,       0,       0,       0,       0,       0,       0,       0,       0,       0,       0,       0,       0,       0,       0,       0,     300,    -530,      30,       0,    -180,     160,       0,       0,       0,       0,    -380,     125,    -245,    -245,     545,     545,  100.0,   58.7,   57.0,   12.4,   14.3,    1.8,    4.2,    1.1,    0.3,    4.5,    8.0,    2.9,   84.9,   85.3,   15.1,   14.7,  100.0,   58.7,   57.0,   12.4,   14.3,    1.8,    4.2,    1.1,    0.3,    4.5,    8.0,    2.9,   84.9,   85.3,   15.1,   14.7,  100.0,    0.0,    0.0,    0.0,    0.0,    0.0,    0.0,    0.0,    0.0,    0.0,    0.0,    0.0,    0.0,    0.0,    0.0,    0.0,     40,     23,     16,.,      5,      5,.,.,.,.,      4,      4,     35,     29,     40,     23,     16,.,      5,      5,.,.,.,.,      4,      4,     35,     29,      0,      0,      0,      0,      0,      0,      0,      0,      0,      0,      0,      0,      0,      0,    33.5,    50.1,    50.4,    67.8,    30.1,    37.9,    41.9,    52.4,    33.5,    50.1,    50.4,    67.8,    30.1,    37.9,    41.9,    52.4,     0.0,     0.0,     0.0,     0.0,     0.0,     0.0,     0.0,     0.0,"Megawatt Hours (MWh)","064EXE","NODX","064 ","N16","FutOnly"
"PJM.PSEG_month_off_dap - NODAL EXCHANGE",260825,2026-08-25,064EXF,NODX,01,064 ,   88681,   52013,   50283,   11320,   13310,    1295,    3525,       0,     425,    3685,    7225,    2650,   74913,   75188,   13768,   13493,   88681,   52013,   50283,   11320,   13310,    1295,    3525,       0,     425,    3685,    7225,    2650,   74913,   75188,   13768,   13493,       0,       0,       0,       0,       0,       0,       0,       0,       0,       0,       0,       0,       0,       0,       0,       0,     180,    -420,     -60,       0,       0,       0,       0,       0,       0,       0,    -480,      70,    -350,    -470,     530,     650,  100.0,   58.7,   56.7,   12.8,   15.0,    1.5,    4.0,    0.0,    0.5,    4.2,    8.1,    3.0,   84.5,   84.8,   15.5,   15.2,  100.0,   58.7,   56.7,   12.8,   15.0,    1.5,    4.0,    0.0,    0.5,    4.2,    8.1,    3.0,   84.5,   84.8,   15.5,   15.2,  100.0,    0.0,    0.0,    0.0,    0.0,    0.0,    0.0,    0.0,    0.0,    0.0,    0.0,    0.0,    0.0,    0.0,    0.0,    0.0,     40,     24,     16,.,      4,      4,.,      0,.,.,.,      5,     36,     28,     40,     24,     16,.,      4,      4,.,      0,.,.,.,      5,     36,     28,      0,      0,      0,      0,      0,      0,      0,      0,      0,      0,      0,      0,      0,      0,    34.3,    51.0,    50.0,    67.7,    30.3,    39.5,    41.5,    53.6,    34.3,    51.0,    50.0,    67.7,    30.3,    39.5,    41.5,    53.6,     0.0,     0.0,     0.0,     0.0,     0.0,     0.0,     0.0,     0.0,"Megawatt Hours (MWh)","064EXF","NODX","064 ","N16","FutOnly"
"PJM.WESTERN HUB DAP - NODAL EXCHANGE",260825,2026-08-25,064FHK,NODX,01,064 ,  257033,  170939,  128067,    6768,   30199,    3917,    9110,    1230,    1920,    2137,   29418,    2036,  196827,  196787,   60206,   60246,  257033,  170939,  128067,    6768,   30199,    3917,    9110,    1230,    1920,    2137,   29418,    2036,  196827,  196787,   60206,   60246,       0,       0,       0,       0,       0,       0,       0,       0,       0,       0,       0,       0,       0,       0,       0,       0,     155,    1210,     575,    -225,      30,     440,      20,       0,     -30,       0,     245,     -25,    1390,    1235,   -1235,   -1080,  100.0,   66.5,   49.8,    2.6,   11.7,    1.5,    3.5,    0.5,    0.7,    0.8,   11.4,    0.8,   76.6,   76.6,   23.4,   23.4,  100.0,   66.5,   49.8,    2.6,   11.7,    1.5,    3.5,    0.5,    0.7,    0.8,   11.4,    0.8,   76.6,   76.6,   23.4,   23.4,  100.0,    0.0,    0.0,    0.0,    0.0,    0.0,    0.0,    0.0,    0.0,    0.0,    0.0,    0.0,    0.0,    0.0,    0.0,    0.0,     54,     26,     29,      4,      5,      8,.,.,.,.,      6,      5,     44,     48,     54,     26,     29,      4,      5,      8,.,.,.,.,      6,      5,     44,     48,      0,      0,      0,      0,      0,      0,      0,      0,      0,      0,      0,      0,      0,      0,    42.8,    31.2,    55.3,    49.8,    33.3,    24.8,    42.9,    38.3,    42.8,    31.2,    55.3,    49.8,    33.3,    24.8,    42.9,    38.3,     0.0,     0.0,     0.0,     0.0,     0.0,     0.0,     0.0,     0.0,"Megawatt Hours (MWh)","064FHK","NODX","064 ","N16","FutOnly"
"PJM.WESTERN HUB_month_off_dap - NODAL EXCHANGE",260825,2026-08-25,064FHL,NODX,01,064 ,  250699,  166183,  117742,    8756,   29768,    3893,    2915,    1925,    3435,    1962,   30166,    2319,  189463,  189248,   61236,   61451,  250699,  166183,  117742,    8756,   29768,    3893,    2915,    1925,    3435,    1962,   30166,    2319,  189463,  189248,   61236,   61451,       0,       0,       0,       0,       0,       0,       0,       0,       0,       0,       0,       0,       0,       0,       0,       0,     395,    1274,     986,     -48,    -295,     425,      70,       0,     -50,       0,     450,     -25,    1646,    1491,   -1251,   -1096,  100.0,   66.3,   47.0,    3.5,   11.9,    1.6,    1.2,    0.8,    1.4,    0.8,   12.0,    0.9,   75.6,   75.5,   24.4,   24.5,  100.0,   66.3,   47.0,    3.5,   11.9,    1.6,    1.2,    0.8,    1.4,    0.8,   12.0,    0.9,   75.6,   75.5,   24.4,   24.5,  100.0,    0.0,    0.0,    0.0,    0.0,    0.0,    0.0,    0.0,    0.0,    0.0,    0.0,    0.0,    0.0,    0.0,    0.0,    0.0,     54,     27,     29,      5,      4,      8,.,.,.,.,      6,      6,     45,     49,     54,     27,     29,      5,      4,      8,.,.,.,.,      6,      6,     45,     49,      0,      0,      0,      0,      0,      0,      0,      0,      0,      0,      0,      0,      0,      0,    42.5,    29.8,    54.5,    48.2,    35.6,    23.3,    43.2,    37.6,    42.5,    29.8,    54.5,    48.2,    35.6,    23.3,    43.2,    37.6,     0.0,     0.0,     0.0,     0.0,     0.0,     0.0,     0.0,     0.0,"Megawatt Hours (MWh)","064FHL","NODX","064 ","N16","FutOnly"
"MISO.INDIANA.HUB_month_on_rtp - NODAL EXCHANGE",260825,2026-08-25,064FJY,NODX,01,064 ,   29810,   21754,   12400,     380,    6969,    3516,     625,       0,       0,      10,    3845,      30,   26315,   26760,    3495,    3050,   29810,   21754,   12400,     380,    6969,    3516,     625,       0,       0,      10,    3845,      30,   26315,   26760,    3495,    3050,       0,       0,       0,       0,       0,       0,       0,       0,       0,       0,       0,       0,       0,       0,       0,       0,     760,     540,    1140,       0,    -300,       0,       0,       0,       0,       0,    -300,       0,     540,     540,     220,     220,  100.0,   73.0,   41.6,    1.3,   23.4,   11.8,    2.1,    0.0,    0.0,    0.0,   12.9,    0.1,   88.3,   89.8,   11.7,   10.2,  100.0,   73.0,   41.6,    1.3,   23.4,   11.8,    2.1,    0.0,    0.0,    0.0,   12.9,    0.1,   88.3,   89.8,   11.7,   10.2,  100.0,    0.0,    0.0,    0.0,    0.0,    0.0,    0.0,    0.0,    0.0,    0.0,    0.0,    0.0,    0.0,    0.0,    0.0,    0.0,     23,     12,     14,.,      4,      4,.,      0,      0,.,.,.,     19,     20,     23,     12,     14,.,      4,      4,.,      0,      0,.,.,.,     19,     20,      0,      0,      0,      0,      0,      0,      0,      0,      0,      0,      0,      0,      0,      0,    61.4,    63.4,    75.9,    76.2,    51.7,    49.8,    55.4,    54.6,    61.4,    63.4,    75.9,    76.2,    51.7,    49.8,    55.4,    54.6,     0.0,     0.0,     0.0,     0.0,     0.0,     0.0,     0.0,     0.0,"Megawatt Hours (MWh)","064FJY","NODX","064 ","N16","FutOnly"
"MISO.INDIANA.HUB_month_off_rtp - NODAL EXCHANGE",260825,2026-08-25,064FJZ,NODX,01,064 ,   28825,   21768,   12685,     505,    7190,    3250,    1050,       0,       0,       0,    3628,      42,   26615,   26795,    2210,    2030,   28825,   21768,   12685,     505,    7190,    3250,    1050,       0,       0,       0,    3628,      42,   26615,   26795,    2210,    2030,       0,       0,       0,       0,       0,       0,       0,       0,       0,       0,       0,       0,       0,       0,       0,       0,    1010,     710,    1140,       0,    -300,       0,     300,       0,       0,       0,      50,       0,    1010,     890,       0,     120,  100.0,   75.5,   44.0,    1.8,   24.9,   11.3,    3.6,    0.0,    0.0,    0.0,   12.6,    0.1,   92.3,   93.0,    7.7,    7.0,  100.0,   75.5,   44.0,    1.8,   24.9,   11.3,    3.6,    0.0,    0.0,    0.0,   12.6,    0.1,   92.3,   93.0,    7.7,    7.0,  100.0,    0.0,    0.0,    0.0,    0.0,    0.0,    0.0,    0.0,    0.0,    0.0,    0.0,    0.0,    0.0,    0.0,    0.0,    0.0,     22,     11,     13,.,      4,      4,.,      0,      0,      0,.,.,     19,     19,     22,     11,     13,.,      4,      4,.,      0,      0,      0,.,.,     19,     19,      0,      0,      0,      0,      0,      0,      0,      0,      0,      0,      0,      0,      0,      0,    64.1,    65.0,    79.1,    79.1,    55.3,    52.9,    60.0,    58.5,    64.1,    65.0,    79.1,    79.1,    55.3,    52.9,    60.0,    58.5,     0.0,     0.0,     0.0,     0.0,     0.0,     0.0,     0.0,     0.0,"Megawatt Hours (MWh)","064FJZ","NODX","064 ","N16","FutOnly"
"PJM.AEP-DAYTON HUB_mo_on_rtp - NODAL EXCHANGE",260825,2026-08-25,064FKA,NODX,01,064 ,   76777,   45170,   51677,    4743,    1262,    4952,    1412,    5250,    1535,    7589,     555,    1465,   66866,   66696,    9911,   10081,   76777,   45170,   51677,    4743,    1262,    4952,    1412,    5250,    1535,    7589,     555,    1465,   66866,   66696,    9911,   10081,       0,       0,       0,       0,       0,       0,       0,       0,       0,       0,       0,       0,       0,       0,       0,       0,    1810,    1945,    1440,     320,    -240,    -210,       0,    1320,    -175,     255,       0,     125,    2260,    2260,    -450,    -450,  100.0,   58.8,   67.3,    6.2,    1.6,    6.4,    1.8,    6.8,    2.0,    9.9,    0.7,    1.9,   87.1,   86.9,   12.9,   13.1,  100.0,   58.8,   67.3,    6.2,    1.6,    6.4,    1.8,    6.8,    2.0,    9.9,    0.7,    1.9,   87.1,   86.9,   12.9,   13.1,  100.0,    0.0,    0.0,    0.0,    0.0,    0.0,    0.0,    0.0,    0.0,    0.0,    0.0,    0.0,    0.0,    0.0,    0.0,    0.0,     42,     22,     21,.,      4,      7,.,.,.,      7,.,      4,     39,     38,     42,     22,     21,.,      4,      7,.,.,.,      7,.,      4,     39,     38,      0,      0,      0,      0,      0,      0,      0,      0,      0,      0,      0,      0,      0,      0,    39.0,    46.1,    57.3,    62.5,    31.4,    37.3,    43.1,    50.1,    39.0,    46.1,    57.3,    62.5,    31.4,    37.3,    43.1,    50.1,     0.0,     0.0,     0.0,     0.0,     0.0,     0.0,     0.0,     0.0,"Megawatt Hours (MWh)","064FKA","NODX","064 ","N16","FutOnly"
"PJM.AEP-DAYTON HUB_mo_off_rtp - NODAL EXCHANGE",260825,2026-08-25,064FKB,NODX,01,064 ,   76632,   50352,   50929,    4012,     649,    4893,       0,    6585,     715,    4084,     500,    2395,   66451,   66666,   10181,    9966,   76632,   50352,   50929,    4012,     649,    4893,       0,    6585,     715,    4084,     500,    2395,   66451,   66666,   10181,    9966,       0,       0,       0,       0,       0,       0,       0,       0,       0,       0,       0,       0,       0,       0,       0,       0,    2582,    1977,    1557,     380,    -150,     -65,       0,    1320,     -35,     260,       0,      75,    2592,    2702,     -10,    -120,  100.0,   65.7,   66.5,    5.2,    0.8,    6.4,    0.0,    8.6,    0.9,    5.3,    0.7,    3.1,   86.7,   87.0,   13.3,   13.0,  100.0,   65.7,   66.5,    5.2,    0.8,    6.4,    0.0,    8.6,    0.9,    5.3,    0.7,    3.1,   86.7,   87.0,   13.3,   13.0,  100.0,    0.0,    0.0,    0.0,    0.0,    0.0,    0.0,    0.0,    0.0,    0.0,    0.0,    0.0,    0.0,    0.0,    0.0,    0.0,     39,     18,     19,      4,.,      7,      0,      4,.,      6,.,.,     33,     34,     39,     18,     19,      4,.,      7,      0,      4,.,      6,.,.,     33,     34,      0,      0,      0,      0,      0,      0,      0,      0,      0,      0,      0,      0,      0,      0,    45.0,    43.6,    59.9,    60.8,    35.7,    34.4,    44.9,    47.3,    45.0,    43.6,    59.9,    60.8,    35.7,    34.4,    44.9,    47.3,     0.0,     0.0,     0.0,     0.0,     0.0,     0.0,     0.0,     0.0,"Megawatt Hours (MWh)","064FKB","NODX","064 ","N16","FutOnly"
"PJM.N ILLINOIS HUB_mo_on_rtp - NODAL EXCHANGE",260825,2026-08-25,064FKC,NODX,01,064 ,   68843,   52455,   53955,    6770,    6311,    2330,     845,       0,     455,     275,       0,      70,   63200,   63121,    5643,    5722,   68843,   52455,   53955,    6770,    6311,    2330,     845,       0,     455,     275,       0,      70,   63200,   63121,    5643,    5722,       0,       0,       0,       0,       0,       0,       0,       0,       0,       0,       0,       0,       0,       0,       0,       0,      32,       0,     100,     100,       0,       0,       0,       0,       0,       0,       0,       0,     100,     100,     -68,     -68,  100.0,   76.2,   78.4,    9.8,    9.2,    3.4,    1.2,    0.0,    0.7,    0.4,    0.0,    0.1,   91.8,   91.7,    8.2,    8.3,  100.0,   76.2,   78.4,    9.8,    9.2,    3.4,    1.2,    0.0,    0.7,    0.4,    0.0,    0.1,   91.8,   91.7,    8.2,    8.3,  100.0,    0.0,    0.0,    0.0,    0.0,    0.0,    0.0,    0.0,    0.0,    0.0,    0.0,    0.0,    0.0,    0.0,    0.0,    0.0,     29,     14,     12,.,      4,      4,.,      0,.,.,      0,.,     22,     21,     29,     14,     12,.,      4,      4,.,      0,.,.,      0,.,     22,     21,      0,      0,      0,      0,      0,      0,      0,      0,      0,      0,      0,      0,      0,      0,    55.9,    60.6,    76.9,    77.7,    40.0,    48.1,    54.6,    57.2,    55.9,    60.6,    76.9,    77.7,    40.0,    48.1,    54.6,    57.2,     0.0,     0.0,     0.0,     0.0,     0.0,     0.0,     0.0,     0.0,"Megawatt Hours (MWh)","064FKC","NODX","064 ","N16","FutOnly"
"PJM.N ILLINOIS HUB_mo_off_rtp - NODAL EXCHANGE",260825,2026-08-25,064FKD,NODX,01,064 ,   66876,   47100,   52359,    7460,    5661,    1610,    3164,       0,     440,     290,       0,      50,   60114,   60120,    6762,    6756,   66876,   47100,   52359,    7460,    5661,    1610,    3164,       0,     440,     290,       0,      50,   60114,   60120,    6762,    6756,       0,       0,       0,       0,       0,       0,       0,       0,       0,       0,       0,       0,       0,       0,       0,       0,     100,       0,     100,     320,    -180,     180,    -400,       0,       0,       0,       0,       0,     100,     100,       0,       0,  100.0,   70.4,   78.3,   11.2,    8.5,    2.4,    4.7,    0.0,    0.7,    0.4,    0.0,    0.1,   89.9,   89.9,   10.1,   10.1,  100.0,   70.4,   78.3,   11.2,    8.5,    2.4,    4.7,    0.0,    0.7,    0.4,    0.0,    0.1,   89.9,   89.9,   10.1,   10.1,  100.0,    0.0,    0.0,    0.0,    0.0,    0.0,    0.0,    0.0,    0.0,    0.0,    0.0,    0.0,    0.0,    0.0,    0.0,    0.0,     27,     13,     14,.,      4,      4,.,      0,.,.,      0,.,     21,     24,     27,     13,     14,.,      4,      4,.,      0,.,.,      0,.,     21,     24,      0,      0,      0,      0,      0,      0,      0,      0,      0,      0,      0,      0,      0,      0,    55.7,    59.8,    72.3,    75.4,    33.0,    43.4,    43.6,    49.4,    55.7,    59.8,    72.3,    75.4,    33.0,    43.4,    43.6,    49.4,     0.0,     0.0,     0.0,     0.0,     0.0,     0.0,     0.0,     0.0,"Megawatt Hours (MWh)","064FKD","NODX","064 ","N16","FutOnly"
"PJM.WESTERN HUB_month_on_rtp - NODAL EXCHANGE",260825,2026-08-25,064FKE,NODX,01,064 ,  244855,  130553,  179220,   58591,    3554,   10028,    7825,    5670,    2555,    4108,   12419,    1843,  215503,  215289,   29352,   29566,  244855,  130553,  179220,   58591,    3554,   10028,    7825,    5670,    2555,    4108,   12419,    1843,  215503,  215289,   29352,   29566,       0,       0,       0,       0,       0,       0,       0,       0,       0,       0,       0,       0,       0,       0,       0,       0,    2864,     796,    1039,     435,       0,     902,     420,       0,     190,    -402,      25,     203,    2544,    2359,     320,     505,  100.0,   53.3,   73.2,   23.9,    1.5,    4.1,    3.2,    2.3,    1.0,    1.7,    5.1,    0.8,   88.0,   87.9,   12.0,   12.1,  100.0,   53.3,   73.2,   23.9,    1.5,    4.1,    3.2,    2.3,    1.0,    1.7,    5.1,    0.8,   88.0,   87.9,   12.0,   12.1,  100.0,    0.0,    0.0,    0.0,    0.0,    0.0,    0.0,    0.0,    0.0,    0.0,    0.0,    0.0,    0.0,    0.0,    0.0,    0.0,     52,     26,     27,      6,.,      7,.,.,.,      6,      4,      5,     46,     43,     52,     26,     27,      6,.,      7,.,.,.,      6,      4,      5,     46,     43,      0,      0,      0,      0,      0,      0,      0,      0,      0,      0,      0,      0,      0,      0,    35.4,    48.0,    57.6,    63.6,    32.7,    42.2,    50.6,    54.0,    35.4,    48.0,    57.6,    63.6,    32.7,    42.2,    50.6,    54.0,     0.0,     0.0,     0.0,     0.0,     0.0,     0.0,     0.0,     0.0,"Megawatt Hours (MWh)","064FKE","NODX","064 ","N16","FutOnly"
"PJM.WESTERN HUB_month_off_rtp - NODAL EXCHANGE",260825,2026-08-25,064FKF,NODX,01,064 ,  201444,  103929,  131392,   34771,    7055,    9519,    9365,    4240,    2765,    3781,    9330,    2975,  167105,  167276,   34339,   34168,  201444,  103929,  131392,   34771,    7055,    9519,    9365,    4240,    2765,    3781,    9330,    2975,  167105,  167276,   34339,   34168,       0,       0,       0,       0,       0,       0,       0,       0,       0,       0,       0,       0,       0,       0,       0,       0,    2155,    1101,     512,    -160,      97,     469,    -270,       0,     170,    -102,    -120,      -5,    1203,    1123,     952,    1032,  100.0,   51.6,   65.2,   17.3,    3.5,    4.7,    4.6,    2.1,    1.4,    1.9,    4.6,    1.5,   83.0,   83.0,   17.0,   17.0,  100.0,   51.6,   65.2,   17.3,    3.5,    4.7,    4.6,    2.1,    1.4,    1.9,    4.6,    1.5,   83.0,   83.0,   17.0,   17.0,  100.0,    0.0,    0.0,    0.0,    0.0,    0.0,    0.0,    0.0,    0.0,    0.0,    0.0,    0.0,    0.0,    0.0,    0.0,    0.0,     49,     26,     26,      5,.,      6,.,.,.,      4,      4,      4,     42,     42,     49,     26,     26,      5,.,      6,.,.,.,      4,      4,      4,     42,     42,      0,      0,      0,      0,      0,      0,      0,      0,      0,      0,      0,      0,      0,      0,    36.2,    45.6,    53.9,    58.1,    31.7,    41.1,    45.1,    49.8,    36.2,    45.6,    53.9,    58.1,    31.7,    41.1,    45.1,    49.8,     0.0,     0.0,     0.0,     0.0,     0.0,     0.0,     0.0,     0.0,"Megawatt Hours (MWh)","064FKF","NODX","064 ","N16","FutOnly"
"ERCOT.HB_NORTH_month_on_rtp - NODAL EXCHANGE",260825,2026-08-25,064FOK,NODX,01,064 ,   82910,   66154,   51250,    3786,   18600,    1130,       0,     900,       0,    1875,    1075,      25,   72970,   72980,    9940,    9930,   82910,   66154,   51250,    3786,   18600,    1130,       0,     900,       0,    1875,    1075,      25,   72970,   72980,    9940,    9930,       0,       0,       0,       0,       0,       0,       0,       0,       0,       0,       0,       0,       0,       0,       0,       0,     120,     120,     120,       0,       0,       0,       0,       0,       0,       0,       0,       0,     120,     120,       0,       0,  100.0,   79.8,   61.8,    4.6,   22.4,    1.4,    0.0,    1.1,    0.0,    2.3,    1.3,    0.0,   88.0,   88.0,   12.0,   12.0,  100.0,   79.8,   61.8,    4.6,   22.4,    1.4,    0.0,    1.1,    0.0,    2.3,    1.3,    0.0,   88.0,   88.0,   12.0,   12.0,  100.0,    0.0,    0.0,    0.0,    0.0,    0.0,    0.0,    0.0,    0.0,    0.0,    0.0,    0.0,    0.0,    0.0,    0.0,    0.0,     27,     15,     16,.,      4,.,      0,.,      0,.,.,.,     20,     24,     27,     15,     16,.,      4,.,      0,.,      0,.,.,.,     20,     24,      0,      0,      0,      0,      0,      0,      0,      0,      0,      0,      0,      0,      0,      0,    64.9,    46.7,    77.8,    67.9,    59.8,    44.0,    68.8,    60.3,    64.9,    46.7,    77.8,    67.9,    59.8,    44.0,    68.8,    60.3,     0.0,     0.0,     0.0,     0.0,     0.0,     0.0,     0.0,     0.0,"Megawatt Hours (MWh)","064FOK","NODX","064 ","N16","FutOnly"
"ERCOT.HB_NORTH_month_off_rtp - NODAL EXCHANGE",260825,2026-08-25,064FOL,NODX,01,064 ,   80055,   66684,   52685,    3411,   16250,    1430,       0,       0,       0,       0,    1075,       0,   71525,   71440,    8530,    8615,   80055,   66684,   52685,    3411,   16250,    1430,       0,       0,       0,       0,    1075,       0,   71525,   71440,    8530,    8615,       0,       0,       0,       0,       0,       0,       0,       0,       0,       0,       0,       0,       0,       0,       0,       0,     480,     480,     480,       0,       0,       0,       0,       0,       0,       0,       0,       0,     480,     480,       0,       0,  100.0,   83.3,   65.8,    4.3,   20.3,    1.8,    0.0,    0.0,    0.0,    0.0,    1.3,    0.0,   89.3,   89.2,   10.7,   10.8,  100.0,   83.3,   65.8,    4.3,   20.3,    1.8,    0.0,    0.0,    0.0,    0.0,    1.3,    0.0,   89.3,   89.2,   10.7,   10.8,  100.0,    0.0,    0.0,    0.0,    0.0,    0.0,    0.0,    0.0,    0.0,    0.0,    0.0,    0.0,    0.0,    0.0,    0.0,    0.0,     24,     13,     16,.,      4,      4,      0,      0,      0,      0,.,      0,     18,     22,     24,     13,     16,.,      4,      4,      0,      0,      0,      0,.,      0,     18,     22,      0,      0,      0,      0,      0,      0,      0,      0,      0,      0,      0,      0,      0,      0,    69.4,    48.6,    83.9,    69.7,    62.5,    45.9,    71.7,    63.2,    69.4,    48.6,    83.9,    69.7,    62.5,    45.9,    71.7,    63.2,     0.0,     0.0,     0.0,     0.0,     0.0,     0.0,     0.0,     0.0,"Megawatt Hours (MWh)","064FOL","NODX","064 ","N16","FutOnly"
"PJM.ATSI_month_on_dap - NODAL EXCHANGE",260825,2026-08-25,064FZA,NODX,01,064 ,   32036,   19053,   19750,    1333,    6945,    1382,       0,     100,       0,    7640,    1360,     270,   29678,   29807,    2358,    2229,   32036,   19053,   19750,    1333,    6945,    1382,       0,     100,       0,    7640,    1360,     270,   29678,   29807,    2358,    2229,       0,       0,       0,       0,       0,       0,       0,       0,       0,       0,       0,       0,       0,       0,       0,       0,    3535,     575,    3720,      60,    -220,      35,       0,       0,       0,    2865,       0,       0,    3535,    3535,       0,       0,  100.0,   59.5,   61.6,    4.2,   21.7,    4.3,    0.0,    0.3,    0.0,   23.8,    4.2,    0.8,   92.6,   93.0,    7.4,    7.0,  100.0,   59.5,   61.6,    4.2,   21.7,    4.3,    0.0,    0.3,    0.0,   23.8,    4.2,    0.8,   92.6,   93.0,    7.4,    7.0,  100.0,    0.0,    0.0,    0.0,    0.0,    0.0,    0.0,    0.0,    0.0,    0.0,    0.0,    0.0,    0.0,    0.0,    0.0,    0.0,     21,      9,      5,.,.,.,      0,.,      0,.,.,.,     16,     12,     21,      9,      5,.,.,.,      0,.,      0,.,.,.,     16,     12,      0,      0,      0,      0,      0,      0,      0,      0,      0,      0,      0,      0,      0,      0,    69.4,    78.1,    86.2,    90.1,    65.2,    77.7,    79.5,    83.9,    69.4,    78.1,    86.2,    90.1,    65.2,    77.7,    79.5,    83.9,     0.0,     0.0,     0.0,     0.0,     0.0,     0.0,     0.0,     0.0,"Megawatt Hours (MWh)","064FZA","NODX","064 ","N16","FutOnly"
"PJM.ATSI_month_off_dap - NODAL EXCHANGE",260825,2026-08-25,064FZB,NODX,01,064 ,   32026,   19043,   19750,    1333,    6945,    1382,       0,     100,       0,    7640,    1360,     270,   29668,   29807,    2358,    2219,   32026,   19043,   19750,    1333,    6945,    1382,       0,     100,       0,    7640,    1360,     270,   29668,   29807,    2358,    2219,       0,       0,       0,       0,       0,       0,       0,       0,       0,       0,       0,       0,       0,       0,       0,       0,    3535,     575,    3720,      60,    -220,      35,       0,       0,       0,    2865,       0,       0,    3535,    3535,       0,       0,  100.0,   59.5,   61.7,    4.2,   21.7,    4.3,    0.0,    0.3,    0.0,   23.9,    4.2,    0.8,   92.6,   93.1,    7.4,    6.9,  100.0,   59.5,   61.7,    4.2,   21.7,    4.3,    0.0,    0.3,    0.0,   23.9,    4.2,    0.8,   92.6,   93.1,    7.4,    6.9,  100.0,    0.0,    0.0,    0.0,    0.0,    0.0,    0.0,    0.0,    0.0,    0.0,    0.0,    0.0,    0.0,    0.0,    0.0,    0.0,     21,      9,      5,.,.,.,      0,.,      0,.,.,.,     16,     12,     21,      9,      5,.,.,.,      0,.,      0,.,.,.,     16,     12,      0,      0,      0,      0,      0,      0,      0,      0,      0,      0,      0,      0,      0,      0,    69.4,    78.1,    86.2,    90.1,    65.2,    77.7,    79.5,    83.9,    69.4,    78.1,    86.2,    90.1,    65.2,    77.7,    79.5,    83.9,     0.0,     0.0,     0.0,     0.0,     0.0,     0.0,     0.0,     0.0,"Megawatt Hours (MWh)","064FZB","NODX","064 ","N16","FutOnly"
"ERCOT.HB_NORTH_month_7x8_rtp - NODAL EXCHANGE",260825,2026-08-25,064GBD,NODX,01,064 ,   38805,   23265,   30545,    2975,    1675,     975,       0,    1400,    2350,    7200,       0,       0,   36765,   36945,    2040,    1860,   38805,   23265,   30545,    2975,    1675,     975,       0,    1400,    2350,    7200,       0,       0,   36765,   36945,    2040,    1860,       0,       0,       0,       0,       0,       0,       0,       0,       0,       0,       0,       0,       0,       0,       0,       0,       0,       0,       0,       0,       0,       0,       0,       0,       0,       0,       0,       0,       0,       0,       0,       0,  100.0,   60.0,   78.7,    7.7,    4.3,    2.5,    0.0,    3.6,    6.1,   18.6,    0.0,    0.0,   94.7,   95.2,    5.3,    4.8,  100.0,   60.0,   78.7,    7.7,    4.3,    2.5,    0.0,    3.6,    6.1,   18.6,    0.0,    0.0,   94.7,   95.2,    5.3,    4.8,  100.0,    0.0,    0.0,    0.0,    0.0,    0.0,    0.0,    0.0,    0.0,    0.0,    0.0,    0.0,    0.0,    0.0,    0.0,    0.0,     21,     14,     11,.,.,.,      0,.,.,.,      0,      0,     19,     15,     21,     14,     11,.,.,.,      0,.,.,.,      0,      0,     19,     15,      0,      0,      0,      0,      0,      0,      0,      0,      0,      0,      0,      0,      0,      0,    55.4,    61.6,    76.1,    84.9,    47.4,    46.9,    55.8,    58.7,    55.4,    61.6,    76.1,    84.9,    47.4,    46.9,    55.8,    58.7,     0.0,     0.0,     0.0,     0.0,     0.0,     0.0,     0.0,     0.0,"Megawatt Hours (MWh)","064GBD","NODX","064 ","N16","FutOnly"
"ERCOT North 345KV Hub RT 7x16 - ICE FUTURES ENERGY DIV",260825,2026-08-25,064IBM,IFED,01,064 ,   17279,   13234,   11263,    1574,    1285,    1436,       0,    1980,       0,     375,     675,     400,   17019,   17039,     260,     240,   17279,   13234,   11263,    1574,    1285,    1436,       0,    1980,       0,     375,     675,     400,   17019,   17039,     260,     240,       0,       0,       0,       0,       0,       0,       0,       0,       0,       0,       0,       0,       0,       0,       0,       0,     120,     120,     120,       0,       0,       0,       0,       0,       0,       0,       0,       0,     120,     120,       0,       0,  100.0,   76.6,   65.2,    9.1,    7.4,    8.3,    0.0,   11.5,    0.0,    2.2,    3.9,    2.3,   98.5,   98.6,    1.5,    1.4,  100.0,   76.6,   65.2,    9.1,    7.4,    8.3,    0.0,   11.5,    0.0,    2.2,    3.9,    2.3,   98.5,   98.6,    1.5,    1.4,  100.0,    0.0,    0.0,    0.0,    0.0,    0.0,    0.0,    0.0,    0.0,    0.0,    0.0,    0.0,    0.0,    0.0,    0.0,    0.0,     29,     15,     13,.,.,      4,      0,.,      0,.,.,      4,     24,     24,     29,     15,     13,.,.,      4,      0,.,      0,.,.,      4,     24,     24,      0,      0,      0,      0,      0,      0,      0,      0,      0,      0,      0,      0,      0,      0,    43.9,    49.8,    69.4,    71.4,    24.7,    31.5,    34.9,    40.5,    43.9,    49.8,    69.4,    71.4,    24.7,    31.5,    34.9,    40.5,     0.0,     0.0,     0.0,     0.0,     0.0,     0.0,     0.0,     0.0,"(1MW for about 352 Hours)","064IBM","IFED","064 ","N16","FutOnly"
"PROPANE ARGUS CIF ARA MINI - ICE FUTURES ENERGY DIV",260825,2026-08-25,066391,IFED,01,066 ,    6894,    4487,    1663,    1182,     434,     244,       0,       0,       0,     260,    3711,     152,    6325,    6204,     569,     690,    6894,    4487,    1663,    1182,     434,     244,       0,       0,       0,     260,    3711,     152,    6325,    6204,     569,     690,       0,       0,       0,       0,       0,       0,       0,       0,       0,       0,       0,       0,       0,       0,       0,       0,     341,     144,     408,      55,    -103,      79,       0,       0,       0,      40,    -109,      33,     351,     308,     -10,      33,  100.0,   65.1,   24.1,   17.1,    6.3,    3.5,    0.0,    0.0,    0.0,    3.8,   53.8,    2.2,   91.7,   90.0,    8.3,   10.0,  100.0,   65.1,   24.1,   17.1,    6.3,    3.5,    0.0,    0.0,    0.0,    3.8,   53.8,    2.2,   91.7,   90.0,    8.3,   10.0,  100.0,    0.0,    0.0,    0.0,    0.0,    0.0,    0.0,    0.0,    0.0,    0.0,    0.0,    0.0,    0.0,    0.0,    0.0,    0.0,     31,     14,     12,      4,.,.,      0,      0,      0,.,      5,.,     23,     20,     31,     14,     12,      4,.,.,      0,      0,      0,.,      5,.,     23,     20,      0,      0,      0,      0,      0,      0,      0,      0,      0,      0,      0,      0,      0,      0,    38.1,    58.7,    62.0,    79.5,    37.7,    58.5,    61.6,    74.1,    38.1,    58.7,    62.0,    79.5,    37.7,    58.5,    61.6,    74.1,     0.0,     0.0,     0.0,     0.0,     0.0,     0.0,     0.0,     0.0,"100 metric tonnes","066391","IFED","066 ","N13","FutOnly"
"PROPANE ARGUS FAR EAST MINI - ICE FUTURES ENERGY DIV",260825,2026-08-25,066393,IFED,01,066 ,    9286,    4308,    2297,     448,    2420,     130,       0,       0,       0,    1850,    2728,     678,    7414,    8253,    1872,    1033,    9286,    4308,    2297,     448,    2420,     130,       0,       0,       0,    1850,    2728,     678,    7414,    8253,    1872,    1033,       0,       0,       0,       0,       0,       0,       0,       0,       0,       0,       0,       0,       0,       0,       0,       0,    1278,     780,     242,      30,     507,     -67,       0,       0,       0,     220,     496,      25,     988,    1203,     290,      75,  100.0,   46.4,   24.7,    4.8,   26.1,    1.4,    0.0,    0.0,    0.0,   19.9,   29.4,    7.3,   79.8,   88.9,   20.2,   11.1,  100.0,   46.4,   24.7,    4.8,   26.1,    1.4,    0.0,    0.0,    0.0,   19.9,   29.4,    7.3,   79.8,   88.9,   20.2,   11.1,  100.0,    0.0,    0.0,    0.0,    0.0,    0.0,    0.0,    0.0,    0.0,    0.0,    0.0,    0.0,    0.0,    0.0,    0.0,    0.0,     64,     30,     24,.,      4,      4,      0,      0,      0,     13,      9,     16,     55,     48,     64,     30,     24,.,      4,      4,      0,      0,      0,     13,      9,     16,     55,     48,      0,      0,      0,      0,      0,      0,      0,      0,      0,      0,      0,      0,      0,      0,    16.7,    53.0,    29.9,    63.5,    15.0,    50.0,    26.0,    57.6,    16.7,    53.0,    29.9,    63.5,    15.0,    50.0,    26.0,    57.6,     0.0,     0.0,     0.0,     0.0,     0.0,     0.0,     0.0,     0.0,"100  metric tonnes","066393","IFED","066 ","N13","FutOnly"
"PROPANE ARGUS SAUDI CP MINI - ICE FUTURES ENERGY DIV",260825,2026-08-25,06639H,IFED,01,066 ,    2833,     833,     497,     621,     152,     132,       0,       0,       0,     245,    1193,     164,    1995,    2138,     838,     695,    2833,     833,     497,     621,     152,     132,       0,       0,       0,     245,    1193,     164,    1995,    2138,     838,     695,       0,       0,       0,       0,       0,       0,       0,       0,       0,       0,       0,       0,       0,       0,       0,       0,.,.,.,.,.,.,.,.,.,.,.,.,.,.,.,.,  100.0,   29.4,   17.5,   21.9,    5.4,    4.7,    0.0,    0.0,    0.0,    8.6,   42.1,    5.8,   70.4,   75.5,   29.6,   24.5,  100.0,   29.4,   17.5,   21.9,    5.4,    4.7,    0.0,    0.0,    0.0,    8.6,   42.1,    5.8,   70.4,   75.5,   29.6,   24.5,  100.0,    0.0,    0.0,    0.0,    0.0,    0.0,    0.0,    0.0,    0.0,    0.0,    0.0,    0.0,    0.0,    0.0,    0.0,    0.0,     20,      7,      4,.,.,.,      0,      0,      0,.,      5,      4,     17,     12,     20,      7,      4,.,.,.,      0,      0,      0,.,      5,      4,     17,     12,      0,      0,      0,      0,      0,      0,      0,      0,      0,      0,      0,      0,      0,      0,    45.5,    47.6,    58.8,    65.8,    43.0,    40.5,    52.0,    55.4,    45.5,    47.6,    58.8,    65.8,    43.0,    40.5,    52.0,    55.4,     0.0,     0.0,     0.0,     0.0,     0.0,     0.0,     0.0,     0.0,"100 Metric  Tonnes","06639H","IFED","066 ","N13","FutOnly"
"PROPANE,OPIS MT B TET/AFEI - ICE FUTURES ENERGY DIV",260825,2026-08-25,06639W,IFED,01,066 ,    4293,    2108,     208,     408,    1352,       5,       0,       8,      87,     439,    1462,     386,    3433,    3508,     860,     785,    4293,    2108,     208,     408,    1352,       5,       0,       8,      87,     439,    1462,     386,    3433,    3508,     860,     785,       0,       0,       0,       0,       0,       0,       0,       0,       0,       0,       0,       0,       0,       0,       0,       0,     175,     192,    -121,      15,     117,       4,       0,       0,       0,      65,      97,     -13,     263,      84,     -88,      91,  100.0,   49.1,    4.8,    9.5,   31.5,    0.1,    0.0,    0.2,    2.0,   10.2,   34.1,    9.0,   80.0,   81.7,   20.0,   18.3,  100.0,   49.1,    4.8,    9.5,   31.5,    0.1,    0.0,    0.2,    2.0,   10.2,   34.1,    9.0,   80.0,   81.7,   20.0,   18.3,  100.0,    0.0,    0.0,    0.0,    0.0,    0.0,    0.0,    0.0,    0.0,    0.0,    0.0,    0.0,    0.0,    0.0,    0.0,    0.0,     23,      9,      7,.,.,.,      0,.,.,      5,      4,      6,     21,     16,     23,      9,      7,.,.,.,      0,.,.,      5,      4,      6,     21,     16,      0,      0,      0,      0,      0,      0,      0,      0,      0,      0,      0,      0,      0,      0,    47.1,    67.5,    62.1,    78.2,    45.2,    64.8,    57.6,    68.2,    47.1,    67.5,    62.1,    78.2,    45.2,    64.8,    57.6,    68.2,     0.0,     0.0,     0.0,     0.0,     0.0,     0.0,     0.0,     0.0,"1000 Metric Tonnes","06639W","IFED","066 ","N13","FutOnly"
"ARGUS CIF ARA Lg Finl Propane - ICE FUTURES ENERGY DIV",260825,2026-08-25,066411,IFED,01,066 ,    4000,    1423,    2225,     323,     104,     430,       0,       0,       0,     766,     125,     450,    3392,    3334,     608,     666,    4000,    1423,    2225,     323,     104,     430,       0,       0,       0,     766,     125,     450,    3392,    3334,     608,     666,       0,       0,       0,       0,       0,       0,       0,       0,       0,       0,       0,       0,       0,       0,       0,       0,     169,      22,     127,      25,      -3,      51,       0,       0,       0,     110,      18,       0,     208,     193,     -39,     -24,  100.0,   35.6,   55.6,    8.1,    2.6,   10.8,    0.0,    0.0,    0.0,   19.1,    3.1,   11.3,   84.8,   83.3,   15.2,   16.6,  100.0,   35.6,   55.6,    8.1,    2.6,   10.8,    0.0,    0.0,    0.0,   19.1,    3.1,   11.3,   84.8,   83.3,   15.2,   16.6,  100.0,    0.0,    0.0,    0.0,    0.0,    0.0,    0.0,    0.0,    0.0,    0.0,    0.0,    0.0,    0.0,    0.0,    0.0,    0.0,     24,     11,     15,.,.,.,      0,      0,      0,.,.,      6,     20,     24,     24,     11,     15,.,.,.,      0,      0,      0,.,.,      6,     20,     24,      0,      0,      0,      0,      0,      0,      0,      0,      0,      0,      0,      0,      0,      0,    42.6,    39.5,    65.9,    57.5,    32.5,    26.6,    38.6,    34.2,    42.6,    39.5,    65.9,    57.5,    32.5,    26.6,    38.6,    34.2,     0.0,     0.0,     0.0,     0.0,     0.0,     0.0,     0.0,     0.0,"1000 metric tonnes","066411","IFED","066 ","N13","FutOnly"
"ARGUS FAR EAST PROPANE - ICE FUTURES ENERGY DIV",260825,2026-08-25,066413,IFED,01,066 ,   15729,    9184,   10222,     707,     846,     731,     104,       0,       0,    1543,    1104,    1856,   14125,   14759,    1604,     970,   15729,    9184,   10222,     707,     846,     731,     104,       0,       0,    1543,    1104,    1856,   14125,   14759,    1604,     970,       0,       0,       0,       0,       0,       0,       0,       0,       0,       0,       0,       0,       0,       0,       0,       0,     836,     291,     302,       7,      22,      74,       0,       0,       0,     -56,       1,     378,     694,     777,     142,      59,  100.0,   58.4,   65.0,    4.5,    5.4,    4.6,    0.7,    0.0,    0.0,    9.8,    7.0,   11.8,   89.8,   93.8,   10.2,    6.2,  100.0,   58.4,   65.0,    4.5,    5.4,    4.6,    0.7,    0.0,    0.0,    9.8,    7.0,   11.8,   89.8,   93.8,   10.2,    6.2,  100.0,    0.0,    0.0,    0.0,    0.0,    0.0,    0.0,    0.0,    0.0,    0.0,    0.0,    0.0,    0.0,    0.0,    0.0,    0.0,     69,     41,     42,.,.,      6,.,      0,      0,      9,      7,     16,     64,     65,     69,     41,     42,.,.,      6,.,      0,      0,      9,      7,     16,     64,     65,      0,      0,      0,      0,      0,      0,      0,      0,      0,      0,      0,      0,      0,      0,    36.3,    29.9,    50.8,    44.7,    31.7,    28.7,    43.1,    41.6,    36.3,    29.9,    50.8,    44.7,    31.7,    28.7,    43.1,    41.6,     0.0,     0.0,     0.0,     0.0,     0.0,     0.0,     0.0,     0.0,"1000  metric tonnes","066413","IFED","066 ","N13","FutOnly"
"ETHANE, MT. BELV-ENTERPRISE - ICE FUTURES ENERGY DIV",260825,2026-08-25,066416,IFED,01,066 ,   91178,   58144,   57745,    2850,    9367,    7132,    2405,     105,     156,    8314,    4734,   11729,   90730,   90968,     448,     210,   91178,   58144,   57745,    2850,    9367,    7132,    2405,     105,     156,    8314,    4734,   11729,   90730,   90968,     448,     210,       0,       0,       0,       0,       0,       0,       0,       0,       0,       0,       0,       0,       0,       0,       0,       0,    5067,    1972,    2888,     110,     221,     357,       0,       0,       0,     475,    -574,    2175,    5089,    5067,     -22,       0,  100.0,   63.8,   63.3,    3.1,   10.3,    7.8,    2.6,    0.1,    0.2,    9.1,    5.2,   12.9,   99.5,   99.8,    0.5,    0.2,  100.0,   63.8,   63.3,    3.1,   10.3,    7.8,    2.6,    0.1,    0.2,    9.1,    5.2,   12.9,   99.5,   99.8,    0.5,    0.2,  100.0,    0.0,    0.0,    0.0,    0.0,    0.0,    0.0,    0.0,    0.0,    0.0,    0.0,    0.0,    0.0,    0.0,    0.0,    0.0,     55,     27,     30,      4,      4,      7,.,.,.,      6,      5,      8,     48,     48,     55,     27,     30,      4,      4,      7,.,.,.,      6,      5,      8,     48,     48,      0,      0,      0,      0,      0,      0,      0,      0,      0,      0,      0,      0,      0,      0,    40.0,    38.6,    57.5,    58.6,    23.2,    24.5,    32.6,    36.5,    40.0,    38.6,    57.5,    58.6,    23.2,    24.5,    32.6,    36.5,     0.0,     0.0,     0.0,     0.0,     0.0,     0.0,     0.0,     0.0,"42000 gallons(1000 barrels)","066416","IFED","066 ","N13","FutOnly"
"ISOBUTANE OPIS MT BELV NONTET - ICE FUTURES ENERGY DIV",260825,2026-08-25,066418,IFED,01,066 ,    9316,    4025,    1997,    3676,    4614,     709,       0,       0,       0,     451,    1211,       0,    8861,    8531,     455,     785,    9316,    4025,    1997,    3676,    4614,     709,       0,       0,       0,     451,    1211,       0,    8861,    8531,     455,     785,       0,       0,       0,       0,       0,       0,       0,       0,       0,       0,       0,       0,       0,       0,       0,       0,     269,      73,      60,      46,      45,      47,       0,       0,       0,      32,      15,       0,     198,     167,      71,     102,  100.0,   43.2,   21.4,   39.5,   49.5,    7.6,    0.0,    0.0,    0.0,    4.8,   13.0,    0.0,   95.1,   91.6,    4.9,    8.4,  100.0,   43.2,   21.4,   39.5,   49.5,    7.6,    0.0,    0.0,    0.0,    4.8,   13.0,    0.0,   95.1,   91.6,    4.9,    8.4,  100.0,    0.0,    0.0,    0.0,    0.0,    0.0,    0.0,    0.0,    0.0,    0.0,    0.0,    0.0,    0.0,    0.0,    0.0,    0.0,     30,     13,      8,      4,      5,.,      0,      0,      0,.,.,      0,     19,     16,     30,     13,      8,      4,      5,.,      0,      0,      0,.,.,      0,     19,     16,      0,      0,      0,      0,      0,      0,      0,      0,      0,      0,      0,      0,      0,      0,    50.9,    56.7,    72.7,    82.3,    43.4,    56.7,    63.5,    77.1,    50.9,    56.7,    72.7,    82.3,    43.4,    56.7,    63.5,    77.1,     0.0,     0.0,     0.0,     0.0,     0.0,     0.0,     0.0,     0.0,"42000 gallons(1000 barrels)","066418","IFED","066 ","N13","FutOnly"
"NAT GASLNE OPIS MT B NONTET FP - ICE FUTURES ENERGY DIV",260825,2026-08-25,06641A,IFED,01,066 ,   17120,   15425,   10324,     463,    1931,     344,       0,       0,       0,     198,    2744,     570,   17000,   15913,     120,    1207,   17120,   15425,   10324,     463,    1931,     344,       0,       0,       0,     198,    2744,     570,   17000,   15913,     120,    1207,       0,       0,       0,       0,       0,       0,       0,       0,       0,       0,       0,       0,       0,       0,       0,       0,     205,     460,     124,    -113,     -15,      27,       0,       0,       0,     -10,     158,    -149,     215,     145,     -10,      60,  100.0,   90.1,   60.3,    2.7,   11.3,    2.0,    0.0,    0.0,    0.0,    1.2,   16.0,    3.3,   99.3,   92.9,    0.7,    7.1,  100.0,   90.1,   60.3,    2.7,   11.3,    2.0,    0.0,    0.0,    0.0,    1.2,   16.0,    3.3,   99.3,   92.9,    0.7,    7.1,  100.0,    0.0,    0.0,    0.0,    0.0,    0.0,    0.0,    0.0,    0.0,    0.0,    0.0,    0.0,    0.0,    0.0,    0.0,    0.0,     34,     18,     19,.,      5,      5,      0,      0,      0,.,.,.,     27,     28,     34,     18,     19,.,      5,      5,      0,      0,      0,.,.,.,     27,     28,      0,      0,      0,      0,      0,      0,      0,      0,      0,      0,      0,      0,      0,      0,    63.7,    59.9,    82.1,    75.0,    52.7,    47.3,    63.1,    57.5,    63.7,    59.9,    82.1,    75.0,    52.7,    47.3,    63.1,    57.5,     0.0,     0.0,     0.0,     0.0,     0.0,     0.0,     0.0,     0.0,"42000 gallons(1000 barrels)","06641A","IFED","066 ","N13","FutOnly"
"BUTANE OPIS MT BELV NONTET FP  - ICE FUTURES ENERGY DIV",260825,2026-08-25,06641D,IFED,01,066 ,   66034,   40190,   36102,    1976,   10595,    6224,    2695,       0,     423,    6697,    4723,    7467,   65672,   65534,     362,     500,   66034,   40190,   36102,    1976,   10595,    6224,    2695,       0,     423,    6697,    4723,    7467,   65672,   65534,     362,     500,       0,       0,       0,       0,       0,       0,       0,       0,       0,       0,       0,       0,       0,       0,       0,       0,    2438,    1325,    1712,     -10,    -156,     710,      94,       0,      48,     142,      14,     131,    2440,    2459,      -2,     -21,  100.0,   60.9,   54.7,    3.0,   16.0,    9.4,    4.1,    0.0,    0.6,   10.1,    7.2,   11.3,   99.5,   99.2,    0.5,    0.8,  100.0,   60.9,   54.7,    3.0,   16.0,    9.4,    4.1,    0.0,    0.6,   10.1,    7.2,   11.3,   99.5,   99.2,    0.5,    0.8,  100.0,    0.0,    0.0,    0.0,    0.0,    0.0,    0.0,    0.0,    0.0,    0.0,    0.0,    0.0,    0.0,    0.0,    0.0,    0.0,     97,     56,     47,.,      9,      9,.,      0,.,     16,      5,     17,     86,     80,     97,     56,     47,.,      9,      9,.,      0,.,     16,      5,     17,     86,     80,      0,      0,      0,      0,      0,      0,      0,      0,      0,      0,      0,      0,      0,      0,    27.7,    29.7,    44.5,    45.1,    21.0,    19.9,    33.4,    32.0,    27.7,    29.7,    44.5,    45.1,    21.0,    19.9,    33.4,    32.0,     0.0,     0.0,     0.0,     0.0,     0.0,     0.0,     0.0,     0.0,"42000 gallons(1000 barrels)","06641D","IFED","066 ","N13","FutOnly"
"PROPANE OPIS CONWAY INWELL FP - ICE FUTURES ENERGY DIV",260825,2026-08-25,06641E,IFED,01,066 ,   12465,    6702,    8483,    1588,    1036,     612,       0,       0,       0,    2050,     755,    1172,   12124,   12058,     341,     407,   12465,    6702,    8483,    1588,    1036,     612,       0,       0,       0,    2050,     755,    1172,   12124,   12058,     341,     407,       0,       0,       0,       0,       0,       0,       0,       0,       0,       0,       0,       0,       0,       0,       0,       0,     165,      87,     437,     399,      75,    -323,       0,       0,       0,     126,      70,    -112,     177,     147,     -12,      18,  100.0,   53.8,   68.1,   12.7,    8.3,    4.9,    0.0,    0.0,    0.0,   16.4,    6.1,    9.4,   97.3,   96.7,    2.7,    3.3,  100.0,   53.8,   68.1,   12.7,    8.3,    4.9,    0.0,    0.0,    0.0,   16.4,    6.1,    9.4,   97.3,   96.7,    2.7,    3.3,  100.0,    0.0,    0.0,    0.0,    0.0,    0.0,    0.0,    0.0,    0.0,    0.0,    0.0,    0.0,    0.0,    0.0,    0.0,    0.0,     35,     18,     17,      4,      5,      8,      0,      0,      0,.,      4,      5,     32,     32,     35,     18,     17,      4,      5,      8,      0,      0,      0,.,      4,      5,     32,     32,      0,      0,      0,      0,      0,      0,      0,      0,      0,      0,      0,      0,      0,      0,    55.6,    50.2,    68.9,    74.6,    49.4,    42.1,    59.0,    57.8,    55.6,    50.2,    68.9,    74.6,    49.4,    42.1,    59.0,    57.8,     0.0,     0.0,     0.0,     0.0,     0.0,     0.0,     0.0,     0.0,"42000 gallons(1000 barrels)","06641E","IFED","066 ","N13","FutOnly"
"PROPANE OPIS MT BELV NONTET FP - ICE FUTURES ENERGY DIV",260825,2026-08-25,06641F,IFED,01,066 ,  107366,   67387,   57887,   11487,   32949,     939,       0,       0,       0,   18225,    5840,    8963,  107001,  106578,     365,     788,  107366,   67387,   57887,   11487,   32949,     939,       0,       0,       0,   18225,    5840,    8963,  107001,  106578,     365,     788,       0,       0,       0,       0,       0,       0,       0,       0,       0,       0,       0,       0,       0,       0,       0,       0,    4675,    2224,    2566,    1724,    1120,    -215,       0,       0,       0,     199,     618,     586,    4518,    4675,     157,       0,  100.0,   62.8,   53.9,   10.7,   30.7,    0.9,    0.0,    0.0,    0.0,   17.0,    5.4,    8.3,   99.7,   99.3,    0.3,    0.7,  100.0,   62.8,   53.9,   10.7,   30.7,    0.9,    0.0,    0.0,    0.0,   17.0,    5.4,    8.3,   99.7,   99.3,    0.3,    0.7,  100.0,    0.0,    0.0,    0.0,    0.0,    0.0,    0.0,    0.0,    0.0,    0.0,    0.0,    0.0,    0.0,    0.0,    0.0,    0.0,     78,     33,     31,      5,     11,      5,      0,      0,      0,      8,      7,      6,     53,     53,     78,     33,     31,      5,     11,      5,      0,      0,      0,      8,      7,      6,     53,     53,      0,      0,      0,      0,      0,      0,      0,      0,      0,      0,      0,      0,      0,      0,    54.9,    31.6,    73.4,    56.2,    48.8,    27.8,    63.8,    50.4,    54.9,    31.6,    73.4,    56.2,    48.8,    27.8,    63.8,    50.4,     0.0,     0.0,     0.0,     0.0,     0.0,     0.0,     0.0,     0.0,"42000 gallons(1000 barrels)","06641F","IFED","066 ","N13","FutOnly"
"PROPANE OPIS MT BELVIEU TET FP - ICE FUTURES ENERGY DIV",260825,2026-08-25,06641G,IFED,01,066 ,  174252,   93558,   99603,   21197,   13375,   10896,       0,    6380,     309,   29346,   24899,   18318,  173624,  173780,     628,     472,  174252,   93558,   99603,   21197,   13375,   10896,       0,    6380,     309,   29346,   24899,   18318,  173624,  173780,     628,     472,       0,       0,       0,       0,       0,       0,       0,       0,       0,       0,       0,       0,       0,       0,       0,       0,    4390,    3226,    2431,     975,     717,    -774,       0,    -489,     120,    -364,    1193,    1143,    4326,    4341,      64,      49,  100.0,   53.7,   57.2,   12.2,    7.7,    6.3,    0.0,    3.7,    0.2,   16.8,   14.3,   10.5,   99.6,   99.7,    0.4,    0.3,  100.0,   53.7,   57.2,   12.2,    7.7,    6.3,    0.0,    3.7,    0.2,   16.8,   14.3,   10.5,   99.6,   99.7,    0.4,    0.3,  100.0,    0.0,    0.0,    0.0,    0.0,    0.0,    0.0,    0.0,    0.0,    0.0,    0.0,    0.0,    0.0,    0.0,    0.0,    0.0,    136,     63,     73,      8,     11,     16,      0,      5,.,     11,     20,     22,    107,    125,    136,     63,     73,      8,     11,     16,      0,      5,.,     11,     20,     22,    107,    125,      0,      0,      0,      0,      0,      0,      0,      0,      0,      0,      0,      0,      0,      0,    29.3,    32.0,    45.4,    45.7,    29.2,    24.1,    42.3,    35.9,    29.3,    32.0,    45.4,    45.7,    29.2,    24.1,    42.3,    35.9,     0.0,     0.0,     0.0,     0.0,     0.0,     0.0,     0.0,     0.0,"42000 gallons(1000 barrels)","06641G","IFED","066 ","N13","FutOnly"
"PROPANE ARGUS SAUDI CP FP - ICE FUTURES ENERGY DIV",260825,2026-08-25,06641H,IFED,01,066 ,    3634,    1375,    2739,     107,      20,     102,       0,       0,       0,     565,     202,     171,    2320,    3234,    1314,     400,    3634,    1375,    2739,     107,      20,     102,       0,       0,       0,     565,     202,     171,    2320,    3234,    1314,     400,       0,       0,       0,       0,       0,       0,       0,       0,       0,       0,       0,       0,       0,       0,       0,       0,     329,     329,     253,      15,       0,      41,       0,       0,       0,      70,      70,     -16,     439,     348,    -110,     -19,  100.0,   37.8,   75.4,    2.9,    0.6,    2.8,    0.0,    0.0,    0.0,   15.5,    5.6,    4.7,   63.8,   89.0,   36.2,   11.0,  100.0,   37.8,   75.4,    2.9,    0.6,    2.8,    0.0,    0.0,    0.0,   15.5,    5.6,    4.7,   63.8,   89.0,   36.2,   11.0,  100.0,    0.0,    0.0,    0.0,    0.0,    0.0,    0.0,    0.0,    0.0,    0.0,    0.0,    0.0,    0.0,    0.0,    0.0,    0.0,     30,     16,     15,.,.,.,      0,      0,      0,      4,.,.,     23,     21,     30,     16,     15,.,.,.,      0,      0,      0,      4,.,.,     23,     21,      0,      0,      0,      0,      0,      0,      0,      0,      0,      0,      0,      0,      0,      0,    28.1,    46.3,    44.3,    68.8,    26.6,    46.0,    40.0,    64.2,    28.1,    46.3,    44.3,    68.8,    26.6,    46.0,    40.0,    64.2,     0.0,     0.0,     0.0,     0.0,     0.0,     0.0,     0.0,     0.0,"1000 Metric  Tonnes","06641H","IFED","066 ","N13","FutOnly"
"ARGUS PROPANE FAR EAST INDEX - NEW YORK MERCANTILE EXCHANGE",260825,2026-08-25,06665B,NYME,01,066 ,    4737,    2169,    3575,     433,      94,     255,      34,       0,       0,     914,      49,     161,    3966,    4134,     771,     603,    4737,    2169,    3575,     433,      94,     255,      34,       0,       0,     914,      49,     161,    3966,    4134,     771,     603,       0,       0,       0,       0,       0,       0,       0,       0,       0,       0,       0,       0,       0,       0,       0,       0,     178,     102,      79,      -7,       3,      70,      -2,       0,       0,      26,      14,      10,     199,     176,     -21,       2,  100.0,   45.8,   75.5,    9.1,    2.0,    5.4,    0.7,    0.0,    0.0,   19.3,    1.0,    3.4,   83.7,   87.3,   16.3,   12.7,  100.0,   45.8,   75.5,    9.1,    2.0,    5.4,    0.7,    0.0,    0.0,   19.3,    1.0,    3.4,   83.7,   87.3,   16.3,   12.7,  100.0,    0.0,    0.0,    0.0,    0.0,    0.0,    0.0,    0.0,    0.0,    0.0,    0.0,    0.0,    0.0,    0.0,    0.0,    0.0,     26,     15,     12,.,.,.,.,      0,      0,.,.,.,     23,     19,     26,     15,     12,.,.,.,.,      0,      0,.,.,.,     23,     19,      0,      0,      0,      0,      0,      0,      0,      0,      0,      0,      0,      0,      0,      0,    48.3,    65.6,    61.7,    77.4,    45.0,    61.9,    55.9,    66.5,    48.3,    65.6,    61.7,    77.4,    45.0,    61.9,    55.9,    66.5,     0.0,     0.0,     0.0,     0.0,     0.0,     0.0,     0.0,     0.0,"(CONTRACTS OF 1,000 METRIC TONS)","06665B","NYME","066 ","N13","FutOnly"
"PROPANE NON-LDH MT BEL - NEW YORK MERCANTILE EXCHANGE",260825,2026-08-25,06665G,NYME,01,066 ,   29443,   21421,   16080,    2104,    9409,    1160,       0,       0,       0,    2538,     418,    1703,   28926,   28770,     517,     673,   29443,   21421,   16080,    2104,    9409,    1160,       0,       0,       0,    2538,     418,    1703,   28926,   28770,     517,     673,       0,       0,       0,       0,       0,       0,       0,       0,       0,       0,       0,       0,       0,       0,       0,       0,    1527,     407,    1078,     934,     172,    -124,       0,       0,       0,     115,     152,     204,    1536,    1482,      -9,      45,  100.0,   72.8,   54.6,    7.1,   32.0,    3.9,    0.0,    0.0,    0.0,    8.6,    1.4,    5.8,   98.2,   97.7,    1.8,    2.3,  100.0,   72.8,   54.6,    7.1,   32.0,    3.9,    0.0,    0.0,    0.0,    8.6,    1.4,    5.8,   98.2,   97.7,    1.8,    2.3,  100.0,    0.0,    0.0,    0.0,    0.0,    0.0,    0.0,    0.0,    0.0,    0.0,    0.0,    0.0,    0.0,    0.0,    0.0,    0.0,     57,     28,     26,      4,      6,      4,      0,      0,      0,      4,.,.,     41,     37,     57,     28,     26,      4,      6,      4,      0,      0,      0,      4,.,.,     41,     37,      0,      0,      0,      0,      0,      0,      0,      0,      0,      0,      0,      0,      0,      0,    33.1,    39.5,    53.1,    57.5,    32.0,    39.5,    46.9,    54.7,    33.1,    39.5,    53.1,    57.5,    32.0,    39.5,    46.9,    54.7,     0.0,     0.0,     0.0,     0.0,     0.0,     0.0,     0.0,     0.0,"(CONTRACTS OF 42,000 GALLONS)","06665G","NYME","066 ","N13","FutOnly"
"PROPANE - NEW YORK MERCANTILE EXCHANGE",260825,2026-08-25,06665O,NYME,01,066 ,  111707,   76583,   69529,    9488,    8639,    8583,    1270,    1264,    1316,    2714,   10652,   10946,  110900,  110929,     807,     778,  111707,   76583,   69529,    9488,    8639,    8583,    1270,    1264,    1316,    2714,   10652,   10946,  110900,  110929,     807,     778,       0,       0,       0,       0,       0,       0,       0,       0,       0,       0,       0,       0,       0,       0,       0,       0,    3306,    1919,    2214,    -451,     163,    1196,      28,     -93,       7,     669,     -14,    -124,    3244,    3349,      62,     -43,  100.0,   68.6,   62.2,    8.5,    7.7,    7.7,    1.1,    1.1,    1.2,    2.4,    9.5,    9.8,   99.3,   99.3,    0.7,    0.7,  100.0,   68.6,   62.2,    8.5,    7.7,    7.7,    1.1,    1.1,    1.2,    2.4,    9.5,    9.8,   99.3,   99.3,    0.7,    0.7,  100.0,    0.0,    0.0,    0.0,    0.0,    0.0,    0.0,    0.0,    0.0,    0.0,    0.0,    0.0,    0.0,    0.0,    0.0,    0.0,    135,     64,     61,     11,      8,     15,      8,      9,      5,      6,     17,     15,    111,    109,    135,     64,     61,     11,      8,     15,      8,      9,      5,      6,     17,     15,    111,    109,      0,      0,      0,      0,      0,      0,      0,      0,      0,      0,      0,      0,      0,      0,    35.8,    24.4,    52.7,    40.9,    30.8,    22.0,    37.1,    33.0,    35.8,    24.4,    52.7,    40.9,    30.8,    22.0,    37.1,    33.0,     0.0,     0.0,     0.0,     0.0,     0.0,     0.0,     0.0,     0.0,"(CONTRACTS OF 42,000 GALLONS)","06665O","NYME","066 ","N13","FutOnly"
"MT BELVIEU ETHANE OPIS - NEW YORK MERCANTILE EXCHANGE",260825,2026-08-25,06665P,NYME,01,066 ,   44927,   38044,   24516,     206,   15025,    3258,    1872,     340,     130,     545,     330,     635,   44690,   44234,     237,     693,   44927,   38044,   24516,     206,   15025,    3258,    1872,     340,     130,     545,     330,     635,   44690,   44234,     237,     693,       0,       0,       0,       0,       0,       0,       0,       0,       0,       0,       0,       0,       0,       0,       0,       0,     872,     621,     382,      11,     339,     320,     -20,    -110,       0,       0,       0,     -40,     892,     891,     -20,     -19,  100.0,   84.7,   54.6,    0.5,   33.4,    7.3,    4.2,    0.8,    0.3,    1.2,    0.7,    1.4,   99.5,   98.5,    0.5,    1.5,  100.0,   84.7,   54.6,    0.5,   33.4,    7.3,    4.2,    0.8,    0.3,    1.2,    0.7,    1.4,   99.5,   98.5,    0.5,    1.5,  100.0,    0.0,    0.0,    0.0,    0.0,    0.0,    0.0,    0.0,    0.0,    0.0,    0.0,    0.0,    0.0,    0.0,    0.0,    0.0,     51,     21,     24,.,      7,      7,      8,.,.,.,.,      6,     42,     42,     51,     21,     24,.,      7,      7,      8,.,.,.,.,      6,     42,     42,      0,      0,      0,      0,      0,      0,      0,      0,      0,      0,      0,      0,      0,      0,    56.9,    40.0,    74.1,    58.5,    45.1,    31.9,    51.4,    42.1,    56.9,    40.0,    74.1,    58.5,    45.1,    31.9,    51.4,    42.1,     0.0,     0.0,     0.0,     0.0,     0.0,     0.0,     0.0,     0.0,"(CONTRACTS OF 42,000 GALLONS)","06665P","NYME","066 ","N13","FutOnly"
"MT BELV NORM BUTANE OPIS - NEW YORK MERCANTILE EXCHANGE",260825,2026-08-25,06665Q,NYME,01,066 ,   49961,   35803,   30926,    2280,    7052,    3816,    1908,     180,     175,    1709,    3196,    3521,   49212,   48866,     749,    1095,   49961,   35803,   30926,    2280,    7052,    3816,    1908,     180,     175,    1709,    3196,    3521,   49212,   48866,     749,    1095,       0,       0,       0,       0,       0,       0,       0,       0,       0,       0,       0,       0,       0,       0,       0,       0,    3159,    2569,    1651,    -538,     735,     466,     244,       0,      75,     -35,     -89,     377,    3158,    3215,       1,     -56,  100.0,   71.7,   61.9,    4.6,   14.1,    7.6,    3.8,    0.4,    0.4,    3.4,    6.4,    7.0,   98.5,   97.8,    1.5,    2.2,  100.0,   71.7,   61.9,    4.6,   14.1,    7.6,    3.8,    0.4,    0.4,    3.4,    6.4,    7.0,   98.5,   97.8,    1.5,    2.2,  100.0,    0.0,    0.0,    0.0,    0.0,    0.0,    0.0,    0.0,    0.0,    0.0,    0.0,    0.0,    0.0,    0.0,    0.0,    0.0,    110,     54,     50,      4,      9,     10,     11,.,.,      8,     10,     16,     95,     83,    110,     54,     50,      4,      9,     10,     11,.,.,      8,     10,     16,     95,     83,      0,      0,      0,      0,      0,      0,      0,      0,      0,      0,      0,      0,      0,      0,    25.5,    20.8,    40.9,    35.7,    19.1,    17.8,    29.7,    29.9,    25.5,    20.8,    40.9,    35.7,    19.1,    17.8,    29.7,    29.9,     0.0,     0.0,     0.0,     0.0,     0.0,     0.0,     0.0,     0.0,"(CONTRACTS OF 42,000 GALLONS)","06665Q","NYME","066 ","N13","FutOnly"
"MT BELV NAT GASOLINE OPIS - NEW YORK MERCANTILE EXCHANGE",260825,2026-08-25,06665R,NYME,01,066 ,   51287,   48530,   32560,       0,   15865,       0,      40,       0,       0,    2256,    1389,      82,   50908,   49896,     379,    1391,   51287,   48530,   32560,       0,   15865,       0,      40,       0,       0,    2256,    1389,      82,   50908,   49896,     379,    1391,       0,       0,       0,       0,       0,       0,       0,       0,       0,       0,       0,       0,       0,       0,       0,       0,    1064,    1224,     687,    -360,     212,       0,       0,       0,       0,       0,      45,       0,     864,     944,     200,     120,  100.0,   94.6,   63.5,    0.0,   30.9,    0.0,    0.1,    0.0,    0.0,    4.4,    2.7,    0.2,   99.3,   97.3,    0.7,    2.7,  100.0,   94.6,   63.5,    0.0,   30.9,    0.0,    0.1,    0.0,    0.0,    4.4,    2.7,    0.2,   99.3,   97.3,    0.7,    2.7,  100.0,    0.0,    0.0,    0.0,    0.0,    0.0,    0.0,    0.0,    0.0,    0.0,    0.0,    0.0,    0.0,    0.0,    0.0,    0.0,     48,     27,     27,      0,      7,      0,.,      0,      0,.,.,.,     33,     36,     48,     27,     27,      0,      7,      0,.,      0,      0,.,.,.,     33,     36,      0,      0,      0,      0,      0,      0,      0,      0,      0,      0,      0,      0,      0,      0,    82.8,    43.7,    90.7,    66.7,    80.6,    42.7,    86.1,    65.2,    82.8,    43.7,    90.7,    66.7,    80.6,    42.7,    86.1,    65.2,     0.0,     0.0,     0.0,     0.0,     0.0,     0.0,     0.0,     0.0,"(CONTRACTS OF 42,000 GALLONS)","06665R","NYME","066 ","N13","FutOnly"
"CONWAY PROPANE (OPIS) - NEW YORK MERCANTILE EXCHANGE",260825,2026-08-25,06665T,NYME,01,066 ,   21610,   15434,   13330,    2451,    4678,     627,       0,     355,       0,     671,     793,    1512,   20695,   21295,     915,     315,   21610,   15434,   13330,    2451,    4678,     627,       0,     355,       0,     671,     793,    1512,   20695,   21295,     915,     315,       0,       0,       0,       0,       0,       0,       0,       0,       0,       0,       0,       0,       0,       0,       0,       0,     303,     -41,     356,     402,      36,    -104,       0,      25,       0,      66,      32,       1,     324,     346,     -21,     -43,  100.0,   71.4,   61.7,   11.3,   21.6,    2.9,    0.0,    1.6,    0.0,    3.1,    3.7,    7.0,   95.8,   98.5,    4.2,    1.5,  100.0,   71.4,   61.7,   11.3,   21.6,    2.9,    0.0,    1.6,    0.0,    3.1,    3.7,    7.0,   95.8,   98.5,    4.2,    1.5,  100.0,    0.0,    0.0,    0.0,    0.0,    0.0,    0.0,    0.0,    0.0,    0.0,    0.0,    0.0,    0.0,    0.0,    0.0,    0.0,     55,     24,     26,      6,      5,      6,      0,.,      0,      5,      4,      7,     42,     44,     55,     24,     26,      6,      5,      6,      0,.,      0,      5,      4,      7,     42,     44,      0,      0,      0,      0,      0,      0,      0,      0,      0,      0,      0,      0,      0,      0,    49.5,    41.5,    62.8,    65.9,    45.4,    35.9,    56.9,    54.5,    49.5,    41.5,    62.8,    65.9,    45.4,    35.9,    56.9,    54.5,     0.0,     0.0,     0.0,     0.0,     0.0,     0.0,     0.0,     0.0,"(CONTRACTS OF 42,000 GALLONS)","06665T","NYME","066 ","N13","FutOnly"
"CRUDE DIFF-WCS HOUSTON/WTI 1ST - ICE FUTURES ENERGY DIV",260825,2026-08-25,06739C,IFED,01,067 ,   66472,   47163,   64672,    4020,     225,       0,   14489,     660,     720,      30,     150,      30,   66452,   66457,      20,      15,   66472,   47163,   64672,    4020,     225,       0,   14489,     660,     720,      30,     150,      30,   66452,   66457,      20,      15,       0,       0,       0,       0,       0,       0,       0,       0,       0,       0,       0,       0,       0,       0,       0,       0,    5075,    5585,    4205,    -355,       0,       0,    -285,     600,     250,     -10,     150,    -120,    5065,    5085,      10,     -10,  100.0,   71.0,   97.3,    6.0,    0.3,    0.0,   21.8,    1.0,    1.1,    0.0,    0.2,    0.0,  100.0,  100.0,    0.0,    0.0,  100.0,   71.0,   97.3,    6.0,    0.3,    0.0,   21.8,    1.0,    1.1,    0.0,    0.2,    0.0,  100.0,  100.0,    0.0,    0.0,  100.0,    0.0,    0.0,    0.0,    0.0,    0.0,    0.0,    0.0,    0.0,    0.0,    0.0,    0.0,    0.0,    0.0,    0.0,    0.0,     44,     27,     23,.,.,      0,.,.,.,.,.,.,     34,     29,     44,     27,     23,.,.,      0,.,.,.,.,.,.,     34,     29,      0,      0,      0,      0,      0,      0,      0,      0,      0,      0,      0,      0,      0,      0,    53.1,    66.4,    73.6,    84.7,    41.2,    57.7,    58.4,    66.9,    53.1,    66.4,    73.6,    84.7,    41.2,    57.7,    58.4,    66.9,     0.0,     0.0,     0.0,     0.0,     0.0,     0.0,     0.0,     0.0,"(1000 Barrels)","06739C","IFED","067 ","N10","FutOnly"
"CRUDE OIL, LIGHT SWEET-WTI - ICE FUTURES EUROPE",260825,2026-08-25,067411,ICEU,01,067 ,  778174,  413872,  325090,    8003,   84445,   57716,   14224,   24583,   30301,   55913,   60696,  183388,  763417,  766219,   14757,   11955,  778174,  413872,  325090,    8003,   84445,   57716,   14224,   24583,   30301,   55913,   60696,  183388,  763417,  766219,   14757,   11955,       0,       0,       0,       0,       0,       0,       0,       0,       0,       0,       0,       0,       0,       0,       0,       0,  -37177,  -27989,  -21303,     804,   -3535,   -2103,    1408,    1071,   -3499,   -3501,   -5473,   -1924,  -36804,  -36766,    -373,    -411,  100.0,   53.2,   41.8,    1.0,   10.9,    7.4,    1.8,    3.2,    3.9,    7.2,    7.8,   23.6,   98.1,   98.5,    1.9,    1.5,  100.0,   53.2,   41.8,    1.0,   10.9,    7.4,    1.8,    3.2,    3.9,    7.2,    7.8,   23.6,   98.1,   98.5,    1.9,    1.5,  100.0,    0.0,    0.0,    0.0,    0.0,    0.0,    0.0,    0.0,    0.0,    0.0,    0.0,    0.0,    0.0,    0.0,    0.0,    0.0,    112,     39,     36,.,     12,     13,      4,     11,     10,     10,     23,     34,     99,    100,    112,     39,     36,.,     12,     13,      4,     11,     10,     10,     23,     34,     99,    100,      0,      0,      0,      0,      0,      0,      0,      0,      0,      0,      0,      0,      0,      0,    36.1,    33.5,    53.9,    46.6,    28.1,    20.9,    38.3,    28.1,    36.1,    33.5,    53.9,    46.6,    28.1,    20.9,    38.3,    28.1,     0.0,     0.0,     0.0,     0.0,     0.0,     0.0,     0.0,     0.0,"(CONTRACTS OF 1,000 BARRELS)","067411","ICEU","067 ","N10","FutOnly"
"CRUDE DIFF-TMX WCS 1A INDEX - ICE FUTURES ENERGY DIV",260825,2026-08-25,06742G,IFED,01,067 ,   64113,   63083,   27296,     185,   17477,     120,       0,   18695,     195,     270,     130,     165,   64018,   64078,      95,      35,   64113,   63083,   27296,     185,   17477,     120,       0,   18695,     195,     270,     130,     165,   64018,   64078,      95,      35,       0,       0,       0,       0,       0,       0,       0,       0,       0,       0,       0,       0,       0,       0,       0,       0,   -5116,   -4316,   -2421,     185,   -3962,      10,       0,    1369,     105,     -75,      50,     165,   -3926,   -4684,   -1190,    -432,  100.0,   98.4,   42.6,    0.3,   27.3,    0.2,    0.0,   29.2,    0.3,    0.4,    0.2,    0.3,   99.9,   99.9,    0.1,    0.1,  100.0,   98.4,   42.6,    0.3,   27.3,    0.2,    0.0,   29.2,    0.3,    0.4,    0.2,    0.3,   99.9,   99.9,    0.1,    0.1,  100.0,    0.0,    0.0,    0.0,    0.0,    0.0,    0.0,    0.0,    0.0,    0.0,    0.0,    0.0,    0.0,    0.0,    0.0,    0.0,     40,     20,     17,.,      8,.,      0,.,.,.,.,.,     25,     31,     40,     20,     17,.,      8,.,      0,.,.,.,.,.,     25,     31,      0,      0,      0,      0,      0,      0,      0,      0,      0,      0,      0,      0,      0,      0,    69.2,    55.2,    88.0,    72.2,    60.2,    54.9,    75.9,    68.4,    69.2,    55.2,    88.0,    72.2,    60.2,    54.9,    75.9,    68.4,     0.0,     0.0,     0.0,     0.0,     0.0,     0.0,     0.0,     0.0,"1000 BARRELS","06742G","IFED","067 ","N10","FutOnly"
"CRUDE DIFF-TMX SW 1A INDEX - ICE FUTURES ENERGY DIV",260825,2026-08-25,06742T,IFED,01,067 ,   10553,   10163,    2646,       0,    5612,       0,     330,    1425,      60,       0,     810,       0,   10553,   10553,       0,       0,   10553,   10163,    2646,       0,    5612,       0,     330,    1425,      60,       0,     810,       0,   10553,   10553,       0,       0,       0,       0,       0,       0,       0,       0,       0,       0,       0,       0,       0,       0,       0,       0,       0,       0,   -3054,   -3054,   -1760,       0,   -1549,       0,       0,     420,       0,       0,     -30,       0,   -3054,   -2919,       0,    -135,  100.0,   96.3,   25.1,    0.0,   53.2,    0.0,    3.1,   13.5,    0.6,    0.0,    7.7,    0.0,  100.0,  100.0,    0.0,    0.0,  100.0,   96.3,   25.1,    0.0,   53.2,    0.0,    3.1,   13.5,    0.6,    0.0,    7.7,    0.0,  100.0,  100.0,    0.0,    0.0,  100.0,    0.0,    0.0,    0.0,    0.0,    0.0,    0.0,    0.0,    0.0,    0.0,    0.0,    0.0,    0.0,    0.0,    0.0,    0.0,     26,     10,     10,      0,      6,      0,.,.,.,      0,.,      0,     11,     21,     26,     10,     10,      0,      6,      0,.,.,.,      0,.,      0,     11,     21,      0,      0,      0,      0,      0,      0,      0,      0,      0,      0,      0,      0,      0,      0,    79.2,    60.1,    95.3,    76.7,    75.2,    59.9,    87.6,    73.4,    79.2,    60.1,    95.3,    76.7,    75.2,    59.9,    87.6,    73.4,     0.0,     0.0,     0.0,     0.0,     0.0,     0.0,     0.0,     0.0,"1000 BARRELS","06742T","IFED","067 ","N10","FutOnly"
"CONDENSATE DIF-TMX C5 1A INDEX - ICE FUTURES ENERGY DIV",260825,2026-08-25,06743A,IFED,01,067 ,   13590,   12240,   13410,    1275,      90,       0,       0,       0,       0,       0,       0,       0,   13515,   13500,      75,      90,   13590,   12240,   13410,    1275,      90,       0,       0,       0,       0,       0,       0,       0,   13515,   13500,      75,      90,       0,       0,       0,       0,       0,       0,       0,       0,       0,       0,       0,       0,       0,       0,       0,       0,   -1495,   -1260,   -1315,    -310,       0,       0,       0,       0,       0,       0,    -120,       0,   -1570,   -1435,      75,     -60,  100.0,   90.1,   98.7,    9.4,    0.7,    0.0,    0.0,    0.0,    0.0,    0.0,    0.0,    0.0,   99.4,   99.3,    0.6,    0.7,  100.0,   90.1,   98.7,    9.4,    0.7,    0.0,    0.0,    0.0,    0.0,    0.0,    0.0,    0.0,   99.4,   99.3,    0.6,    0.7,  100.0,    0.0,    0.0,    0.0,    0.0,    0.0,    0.0,    0.0,    0.0,    0.0,    0.0,    0.0,    0.0,    0.0,    0.0,    0.0,     26,     13,     16,.,.,      0,      0,      0,      0,      0,      0,      0,     15,     17,     26,     13,     16,.,.,      0,      0,      0,      0,      0,      0,      0,     15,     17,      0,      0,      0,      0,      0,      0,      0,      0,      0,      0,      0,      0,      0,      0,    68.0,    77.5,    93.1,    90.7,    57.7,    64.7,    68.6,    70.2,    68.0,    77.5,    93.1,    90.7,    57.7,    64.7,    68.6,    70.2,     0.0,     0.0,     0.0,     0.0,     0.0,     0.0,     0.0,     0.0,"1000 BARRELS","06743A","IFED","067 ","N10","FutOnly"
"WTI-PHYSICAL - NEW YORK MERCANTILE EXCHANGE",260825,2026-08-25,067651,NYME,01,067 , 1906740,  654534,  349280,  111284,  572784,  126326,  196882,  112862,  289511,  126361,   86932,  327196, 1832094, 1864891,   74646,   41849, 1906740,  654534,  349280,  111284,  572784,  126326,  196882,  112862,  289511,  126361,   86932,  327196, 1832094, 1864891,   74646,   41849,       0,       0,       0,       0,       0,       0,       0,       0,       0,       0,       0,       0,       0,       0,       0,       0,   17780,     586,   10849,    3832,   -3272,   -7095,    1344,    4803,   21850,    1740,   -3078,   -4015,   18242,   20042,    -462,   -2262,  100.0,   34.3,   18.3,    5.8,   30.0,    6.6,   10.3,    5.9,   15.2,    6.6,    4.6,   17.2,   96.1,   97.8,    3.9,    2.2,  100.0,   34.3,   18.3,    5.8,   30.0,    6.6,   10.3,    5.9,   15.2,    6.6,    4.6,   17.2,   96.1,   97.8,    3.9,    2.2,  100.0,    0.0,    0.0,    0.0,    0.0,    0.0,    0.0,    0.0,    0.0,    0.0,    0.0,    0.0,    0.0,    0.0,    0.0,    0.0,    287,     57,     55,     17,     23,     28,     54,     32,     60,     56,     33,     57,    258,    221,    287,     57,     55,     17,     23,     28,     54,     32,     60,     56,     33,     57,    258,    221,      0,      0,      0,      0,      0,      0,      0,      0,      0,      0,      0,      0,      0,      0,    17.6,    19.6,    31.0,    30.2,    10.0,    13.1,    16.4,    20.0,    17.6,    19.6,    31.0,    30.2,    10.0,    13.1,    16.4,    20.0,     0.0,     0.0,     0.0,     0.0,     0.0,     0.0,     0.0,     0.0,"(CONTRACTS OF 1,000 BARRELS)","067651","NYME","067 ","N10","FutOnly"
"WTI FINANCIAL CRUDE OIL - NEW YORK MERCANTILE EXCHANGE",260825,2026-08-25,06765A,NYME,01,067 ,  207513,   40267,   51882,   56834,   54284,   15496,       0,       0,       0,   54518,   23419,   14910,  182025,  159991,   25488,   47522,  207513,   40267,   51882,   56834,   54284,   15496,       0,       0,       0,   54518,   23419,   14910,  182025,  159991,   25488,   47522,       0,       0,       0,       0,       0,       0,       0,       0,       0,       0,       0,       0,       0,       0,       0,       0,    5237,    2595,    1294,   -1743,     345,    1930,       0,       0,       0,    2057,     122,     258,    5097,    3949,     140,    1288,  100.0,   19.4,   25.0,   27.4,   26.2,    7.5,    0.0,    0.0,    0.0,   26.3,   11.3,    7.2,   87.7,   77.1,   12.3,   22.9,  100.0,   19.4,   25.0,   27.4,   26.2,    7.5,    0.0,    0.0,    0.0,   26.3,   11.3,    7.2,   87.7,   77.1,   12.3,   22.9,  100.0,    0.0,    0.0,    0.0,    0.0,    0.0,    0.0,    0.0,    0.0,    0.0,    0.0,    0.0,    0.0,    0.0,    0.0,    0.0,     47,     16,     14,     10,      7,     11,      0,      0,      0,      5,      5,      7,     39,     36,     47,     16,     14,     10,      7,     11,      0,      0,      0,      5,      5,      7,     39,     36,      0,      0,      0,      0,      0,      0,      0,      0,      0,      0,      0,      0,      0,      0,    33.8,    35.4,    50.0,    49.1,    29.5,    35.4,    44.2,    48.9,    33.8,    35.4,    50.0,    49.1,    29.5,    35.4,    44.2,    48.9,     0.0,     0.0,     0.0,     0.0,     0.0,     0.0,     0.0,     0.0,"(CONTRACTS OF 1,000 BARRELS)","06765A","NYME","067 ","N10","FutOnly"
"BRENT LAST DAY - NEW YORK MERCANTILE EXCHANGE",260825,2026-08-25,06765T,NYME,01,067 ,  270144,   18957,   51627,   67034,    4789,   10183,    9071,    1945,    4067,   32897,   71022,  117193,  259402,  260826,   10742,    9318,  270144,   18957,   51627,   67034,    4789,   10183,    9071,    1945,    4067,   32897,   71022,  117193,  259402,  260826,   10742,    9318,       0,       0,       0,       0,       0,       0,       0,       0,       0,       0,       0,       0,       0,       0,       0,       0,   16612,    2165,    1127,    1670,    4789,    4180,     533,     243,     440,     -57,   -1018,    6209,   15140,   15970,    1472,     642,  100.0,    7.0,   19.1,   24.8,    1.8,    3.8,    3.4,    0.7,    1.5,   12.2,   26.3,   43.4,   96.0,   96.6,    4.0,    3.4,  100.0,    7.0,   19.1,   24.8,    1.8,    3.8,    3.4,    0.7,    1.5,   12.2,   26.3,   43.4,   96.0,   96.6,    4.0,    3.4,  100.0,    0.0,    0.0,    0.0,    0.0,    0.0,    0.0,    0.0,    0.0,    0.0,    0.0,    0.0,    0.0,    0.0,    0.0,    0.0,     51,     11,     12,      8,.,      8,.,.,      4,     12,     13,     24,     49,     49,     51,     11,     12,      8,.,      8,.,.,      4,     12,     13,     24,     49,     49,      0,      0,      0,      0,      0,      0,      0,      0,      0,      0,      0,      0,      0,      0,    34.6,    50.1,    57.3,    69.7,    23.1,    30.1,    33.9,    36.9,    34.6,    50.1,    57.3,    69.7,    23.1,    30.1,    33.9,    36.9,     0.0,     0.0,     0.0,     0.0,     0.0,     0.0,     0.0,     0.0,"(CONTRACTS OF 1,000 BARRELS)","06765T","NYME","067 ","N10","FutOnly"
"WTI  HOUSTON ARGUS/WTI TR MO - NEW YORK MERCANTILE EXCHANGE",260825,2026-08-25,0676A5,NYME,01,067 ,  461211,  431224,  297797,       0,   53542,    2273,    1125,   26770,   13585,     700,   48352,    7951,  456858,  450270,    4353,   10941,  461211,  431224,  297797,       0,   53542,    2273,    1125,   26770,   13585,     700,   48352,    7951,  456858,  450270,    4353,   10941,       0,       0,       0,       0,       0,       0,       0,       0,       0,       0,       0,       0,       0,       0,       0,       0,   16134,   16961,   12141,       0,     770,      10,       0,      50,     600,     700,    3330,    -882,   17389,   16019,   -1255,     115,  100.0,   93.5,   64.6,    0.0,   11.6,    0.5,    0.2,    5.8,    2.9,    0.2,   10.5,    1.7,   99.1,   97.6,    0.9,    2.4,  100.0,   93.5,   64.6,    0.0,   11.6,    0.5,    0.2,    5.8,    2.9,    0.2,   10.5,    1.7,   99.1,   97.6,    0.9,    2.4,  100.0,    0.0,    0.0,    0.0,    0.0,    0.0,    0.0,    0.0,    0.0,    0.0,    0.0,    0.0,    0.0,    0.0,    0.0,    0.0,     48,     26,     24,      0,      7,.,.,.,.,.,      4,.,     35,     36,     48,     26,     24,      0,      7,.,.,.,.,.,      4,.,     35,     36,      0,      0,      0,      0,      0,      0,      0,      0,      0,      0,      0,      0,      0,      0,    54.7,    40.9,    79.0,    65.7,    54.7,    35.2,    67.8,    52.5,    54.7,    40.9,    79.0,    65.7,    54.7,    35.2,    67.8,    52.5,     0.0,     0.0,     0.0,     0.0,     0.0,     0.0,     0.0,     0.0,"(CONTRACTS OF 1,000 BARRELS)","0676A5","NYME","067 ","N10","FutOnly"
"WTI MIDLAND ARGUS VS WTI TRADE - NEW YORK MERCANTILE EXCHANGE",260825,2026-08-25,067A71,NYME,01,067 ,  322519,  281226,  151871,    1781,  137666,    5211,       0,    5460,       0,   26561,       0,     696,  315475,  300904,    7044,   21615,  322519,  281226,  151871,    1781,  137666,    5211,       0,    5460,       0,   26561,       0,     696,  315475,  300904,    7044,   21615,       0,       0,       0,       0,       0,       0,       0,       0,       0,       0,       0,       0,       0,       0,       0,       0,     515,      40,     340,     300,     195,       0,       0,       0,       0,    1706,       0,     696,    2742,    1231,   -2227,    -716,  100.0,   87.2,   47.1,    0.6,   42.7,    1.6,    0.0,    1.7,    0.0,    8.2,    0.0,    0.2,   97.8,   93.3,    2.2,    6.7,  100.0,   87.2,   47.1,    0.6,   42.7,    1.6,    0.0,    1.7,    0.0,    8.2,    0.0,    0.2,   97.8,   93.3,    2.2,    6.7,  100.0,    0.0,    0.0,    0.0,    0.0,    0.0,    0.0,    0.0,    0.0,    0.0,    0.0,    0.0,    0.0,    0.0,    0.0,    0.0,     33,     14,     11,.,     10,.,      0,.,      0,.,      0,.,     17,     24,     33,     14,     11,.,     10,.,      0,.,      0,.,      0,.,     17,     24,      0,      0,      0,      0,      0,      0,      0,      0,      0,      0,      0,      0,      0,      0,    59.9,    52.1,    86.2,    75.0,    59.9,    52.1,    86.2,    75.0,    59.9,    52.1,    86.2,    75.0,    59.9,    52.1,    86.2,    75.0,     0.0,     0.0,     0.0,     0.0,     0.0,     0.0,     0.0,     0.0,"(CONTRACTS OF 1,000 BARRELS)","067A71","NYME","067 ","N10","FutOnly"
"COCOA - ICE FUTURES U.S.",260825,2026-08-25,073732,ICUS,01,073 ,  172846,   48997,   72435,   36364,    9347,   10371,   21931,   32389,   18572,   12042,    9257,   13068,  161345,  165439,   11501,    7407,     705,     653,     385,       0,       1,       0,       0,       0,       0,      52,     264,       0,     705,     650,       0,      55,  172141,   48344,   72050,   36364,    9346,   10371,   21931,   32389,   18572,   12042,    9045,   13016,  160640,  164789,   11501,    7352,   -2515,     408,     475,    1122,     -64,     222,     523,    1610,   -3761,    -399,     462,   -1910,   -3795,   -2966,    1280,     451,  100.0,   28.3,   41.9,   21.0,    5.4,    6.0,   12.7,   18.7,   10.7,    7.0,    5.4,    7.6,   93.3,   95.7,    6.7,    4.3,  100.0,   92.6,   54.6,    0.0,    0.1,    0.0,    0.0,    0.0,    0.0,    7.4,   37.4,    0.0,  100.0,   92.2,    0.0,    7.8,  100.0,   28.1,   41.9,   21.1,    5.4,    6.0,   12.7,   18.8,   10.8,    7.0,    5.3,    7.6,   93.3,   95.7,    6.7,    4.3,    203,     26,     27,     21,      5,     15,     39,     41,     43,     26,     31,     33,    166,    148,     11,      4,      4,      0,.,      0,      0,      0,      0,.,.,      0,      5,      6,    203,     26,     27,     21,      5,     15,     39,     41,     43,     26,     31,     33,    166,    148,    18.7,    17.4,    30.4,    29.5,    14.8,    14.1,    23.6,    23.9,    95.0,    91.9,   100.0,    92.2,    95.0,    91.9,   100.0,    92.2,    18.7,    17.4,    30.6,    29.6,    14.8,    14.3,    23.7,    24.2,"(CONTRACTS OF 10 METRIC TONS)","073732","ICUS","073 ","A50","FutOnly"
"PALLADIUM - NEW YORK MERCANTILE EXCHANGE",260825,2026-08-25,075651,NYME,01,075 ,   17496,    1091,    1514,    6344,    2186,     162,    4486,    9985,     965,    1830,    1155,     176,   15054,   16143,    2442,    1353,   17496,    1091,    1514,    6344,    2186,     162,    4486,    9985,     965,    1830,    1155,     176,   15054,   16143,    2442,    1353,       0,       0,       0,       0,       0,       0,       0,       0,       0,       0,       0,       0,       0,       0,       0,       0,    -870,    -535,    -348,       7,    -317,    -145,     454,     636,    -177,    -154,      90,    -328,    -878,    -589,       8,    -281,  100.0,    6.2,    8.7,   36.3,   12.5,    0.9,   25.6,   57.1,    5.5,   10.5,    6.6,    1.0,   86.0,   92.3,   14.0,    7.7,  100.0,    6.2,    8.7,   36.3,   12.5,    0.9,   25.6,   57.1,    5.5,   10.5,    6.6,    1.0,   86.0,   92.3,   14.0,    7.7,  100.0,    0.0,    0.0,    0.0,    0.0,    0.0,    0.0,    0.0,    0.0,    0.0,    0.0,    0.0,    0.0,    0.0,    0.0,    0.0,    148,      8,     13,     18,     10,      9,     30,     32,     16,     26,     14,      5,     95,     86,    148,      8,     13,     18,     10,      9,     30,     32,     16,     26,     14,      5,     95,     86,      0,      0,      0,      0,      0,      0,      0,      0,      0,      0,      0,      0,      0,      0,    28.0,    35.1,    42.0,    48.9,    27.9,    32.4,    41.9,    46.1,    28.0,    35.1,    42.0,    48.9,    27.9,    32.4,    41.9,    46.1,     0.0,     0.0,     0.0,     0.0,     0.0,     0.0,     0.0,     0.0,"(CONTRACTS OF 100 TROY OUNCES)","075651","NYME","075 ","N20","FutOnly"
"PLATINUM - NEW YORK MERCANTILE EXCHANGE",260825,2026-08-25,076651,NYME,01,076 ,   64648,    1666,   13794,   16977,   24429,    1946,   18664,    8436,    6672,    8283,    3125,    2903,   57111,   61305,    7537,    3343,   64648,    1666,   13794,   16977,   24429,    1946,   18664,    8436,    6672,    8283,    3125,    2903,   57111,   61305,    7537,    3343,       0,       0,       0,       0,       0,       0,       0,       0,       0,       0,       0,       0,       0,       0,       0,       0,    4519,     215,    1272,    -161,     805,     477,    3262,     248,    1158,     171,     838,     -35,    5087,    4763,    -568,    -244,  100.0,    2.6,   21.3,   26.3,   37.8,    3.0,   28.9,   13.0,   10.3,   12.8,    4.8,    4.5,   88.3,   94.8,   11.7,    5.2,  100.0,    2.6,   21.3,   26.3,   37.8,    3.0,   28.9,   13.0,   10.3,   12.8,    4.8,    4.5,   88.3,   94.8,   11.7,    5.2,  100.0,    0.0,    0.0,    0.0,    0.0,    0.0,    0.0,    0.0,    0.0,    0.0,    0.0,    0.0,    0.0,    0.0,    0.0,    0.0,    217,     14,     22,     14,     17,      9,     47,     30,     19,     55,     18,     18,    156,    111,    217,     14,     22,     14,     17,      9,     47,     30,     19,     55,     18,     18,    156,    111,      0,      0,      0,      0,      0,      0,      0,      0,      0,      0,      0,      0,      0,      0,    19.1,    34.8,    30.2,    48.9,    18.4,    33.3,    27.9,    43.9,    19.1,    34.8,    30.2,    48.9,    18.4,    33.3,    27.9,    43.9,     0.0,     0.0,     0.0,     0.0,     0.0,     0.0,     0.0,     0.0,"(CONTRACTS OF 50 TROY OUNCES)","076651","NYME","076 ","N20","FutOnly"
"SUGAR NO. 11 - ICE FUTURES U.S.",260825,2026-08-25,080732,ICUS,01,080 , 1251139,  226836,  505961,  245707,  124513,   33583,  297971,   99954,  174904,   67027,  154910,  100681, 1146709, 1194506,  104430,   56633, 1251139,  226836,  505961,  245707,  124513,   33583,  297971,   99954,  174904,   67027,  154910,  100681, 1146709, 1194506,  104430,   56633,       0,       0,       0,       0,       0,       0,       0,       0,       0,       0,       0,       0,       0,       0,       0,       0,   76214,   -7792,   20814,    7399,   13736,     367,   43674,  -15730,   32790,   -3752,   23470,    2522,   75208,   77969,    1006,   -1755,  100.0,   18.1,   40.4,   19.6,   10.0,    2.7,   23.8,    8.0,   14.0,    5.4,   12.4,    8.0,   91.7,   95.5,    8.3,    4.5,  100.0,   18.1,   40.4,   19.6,   10.0,    2.7,   23.8,    8.0,   14.0,    5.4,   12.4,    8.0,   91.7,   95.5,    8.3,    4.5,  100.0,    0.0,    0.0,    0.0,    0.0,    0.0,    0.0,    0.0,    0.0,    0.0,    0.0,    0.0,    0.0,    0.0,    0.0,    0.0,    302,     55,     60,     19,     14,     12,     77,     35,     63,     44,     36,     38,    255,    206,    302,     55,     60,     19,     14,     12,     77,     35,     63,     44,     36,     38,    255,    206,      0,      0,      0,      0,      0,      0,      0,      0,      0,      0,      0,      0,      0,      0,    12.3,    20.6,    20.6,    32.8,    10.6,    17.4,    17.4,    25.9,    12.3,    20.6,    20.6,    32.8,    10.6,    17.4,    17.4,    25.9,     0.0,     0.0,     0.0,     0.0,     0.0,     0.0,     0.0,     0.0,"(CONTRACTS OF 112,000 POUNDS)","080732","ICUS","080 ","A50","FutOnly"
"COFFEE C - ICE FUTURES U.S.",260825,2026-08-25,083731,ICUS,01,083 ,  160035,   33055,   68484,   24728,   23008,    3942,   42216,   11028,   23709,    9641,   10357,   14341,  151632,  154869,    8403,    5166,     228,     190,     108,       0,       3,       0,       0,       0,       0,       0,       0,       0,     190,     111,      38,     117,  159807,   32865,   68376,   24728,   23005,    3942,   42216,   11028,   23709,    9641,   10357,   14341,  151442,  154758,    8365,    5049,   -3264,   -2190,   -1807,    -139,     383,     165,     578,    1002,    -977,    -747,   -1278,     -43,   -3353,   -2555,      89,    -709,  100.0,   20.7,   42.8,   15.5,   14.4,    2.5,   26.4,    6.9,   14.8,    6.0,    6.5,    9.0,   94.7,   96.8,    5.3,    3.2,  100.0,   83.3,   47.4,    0.0,    1.3,    0.0,    0.0,    0.0,    0.0,    0.0,    0.0,    0.0,   83.3,   48.7,   16.7,   51.3,  100.0,   20.6,   42.8,   15.5,   14.4,    2.5,   26.4,    6.9,   14.8,    6.0,    6.5,    9.0,   94.8,   96.8,    5.2,    3.2,    334,     71,     79,     18,     24,     17,     79,     29,     52,     36,     44,     38,    260,    238,      9,.,      6,      0,.,      0,      0,      0,      0,      0,      0,      0,.,      7,    333,     70,     79,     18,     24,     17,     79,     29,     52,     36,     44,     38,    259,    238,    14.7,    17.8,    24.8,    27.5,    12.0,    14.8,    18.6,    20.9,    83.3,    45.6,    83.3,    48.7,    83.3,    45.6,    83.3,    48.7,    14.7,    17.8,    24.8,    27.5,    12.0,    14.9,    18.6,    20.9,"(CONTRACTS OF 37,500 POUNDS)","083731","ICUS","083 ","A50","FutOnly"
"SILVER - COMMODITY EXCHANGE INC.",260825,2026-08-25,084691,CMX ,01,084 ,  113801,    5717,   22870,   22636,   50536,    5617,   21421,    7348,    7106,   16450,    5262,    5899,   84846,  104638,   28955,    9163,  113801,    5717,   22870,   22636,   50536,    5617,   21421,    7348,    7106,   16450,    5262,    5899,   84846,  104638,   28955,    9163,       0,       0,       0,       0,       0,       0,       0,       0,       0,       0,       0,       0,       0,       0,       0,       0,   -6316,     -18,    1048,     116,    -689,    -800,    1888,    -490,   -3071,   -2370,   -1628,   -1414,   -5669,   -7044,    -647,     728,  100.0,    5.0,   20.1,   19.9,   44.4,    4.9,   18.8,    6.5,    6.2,   14.5,    4.6,    5.2,   74.6,   91.9,   25.4,    8.1,  100.0,    5.0,   20.1,   19.9,   44.4,    4.9,   18.8,    6.5,    6.2,   14.5,    4.6,    5.2,   74.6,   91.9,   25.4,    8.1,  100.0,    0.0,    0.0,    0.0,    0.0,    0.0,    0.0,    0.0,    0.0,    0.0,    0.0,    0.0,    0.0,    0.0,    0.0,    0.0,    162,     11,     13,     15,     17,     16,     37,     10,     16,     46,     18,     16,    134,     81,    162,     11,     13,     15,     17,     16,     37,     10,     16,     46,     18,     16,    134,     81,      0,      0,      0,      0,      0,      0,      0,      0,      0,      0,      0,      0,      0,      0,    13.8,    31.6,    22.5,    47.7,    12.9,    28.6,    20.2,    43.8,    13.8,    31.6,    22.5,    47.7,    12.9,    28.6,    20.2,    43.8,     0.0,     0.0,     0.0,     0.0,     0.0,     0.0,     0.0,     0.0,"(CONTRACTS OF 5,000 TROY OUNCES)","084691","CMX ","084 ","N20","FutOnly"
"COPPER- #1 - COMMODITY EXCHANGE INC.",260825,2026-08-25,085692,CMX ,01,085 ,  283299,   28343,  128366,   50507,   45533,    9573,   92107,   15836,   24338,   29312,   20317,   29616,  263796,  273579,   19503,    9720,  283299,   28343,  128366,   50507,   45533,    9573,   92107,   15836,   24338,   29312,   20317,   29616,  263796,  273579,   19503,    9720,       0,       0,       0,       0,       0,       0,       0,       0,       0,       0,       0,       0,       0,       0,       0,       0,    1736,    -597,    3152,   -1618,    -458,     915,      10,    2387,    -924,   10010,    2115,   -5455,    2341,    1732,    -605,       4,  100.0,   10.0,   45.3,   17.8,   16.1,    3.4,   32.5,    5.6,    8.6,   10.3,    7.2,   10.5,   93.1,   96.6,    6.9,    3.4,  100.0,   10.0,   45.3,   17.8,   16.1,    3.4,   32.5,    5.6,    8.6,   10.3,    7.2,   10.5,   93.1,   96.6,    6.9,    3.4,  100.0,    0.0,    0.0,    0.0,    0.0,    0.0,    0.0,    0.0,    0.0,    0.0,    0.0,    0.0,    0.0,    0.0,    0.0,    0.0,    294,     32,     39,     20,     13,     18,     90,     20,     47,     61,     40,     39,    257,    170,    294,     32,     39,     20,     13,     18,     90,     20,     47,     61,     40,     39,    257,    170,      0,      0,      0,      0,      0,      0,      0,      0,      0,      0,      0,      0,      0,      0,    16.3,    31.5,    25.5,    43.5,    16.0,    29.2,    23.9,    40.2,    16.3,    31.5,    25.5,    43.5,    16.0,    29.2,    23.9,    40.2,     0.0,     0.0,     0.0,     0.0,     0.0,     0.0,     0.0,     0.0,"(CONTRACTS OF 25,000 POUNDS)","085692","CMX ","085 ","N25","FutOnly"
"GOLD - COMMODITY EXCHANGE INC.",260825,2026-08-25,088691,CMX ,01,088 ,  427957,   16861,   51419,   16656,  261683,   28936,  159819,   15072,   16251,  117340,   18753,   17369,  373232,  409483,   54725,   18474,  427957,   16861,   51419,   16656,  261683,   28936,  159819,   15072,   16251,  117340,   18753,   17369,  373232,  409483,   54725,   18474,       0,       0,       0,       0,       0,       0,       0,       0,       0,       0,       0,       0,       0,       0,       0,       0,   21697,     -22,    4775,   -2048,   14322,   -4527,    5224,    2125,     660,   15033,   -3013,    3999,   18319,   18341,    3378,    3356,  100.0,    3.9,   12.0,    3.9,   61.1,    6.8,   37.3,    3.5,    3.8,   27.4,    4.4,    4.1,   87.2,   95.7,   12.8,    4.3,  100.0,    3.9,   12.0,    3.9,   61.1,    6.8,   37.3,    3.5,    3.8,   27.4,    4.4,    4.1,   87.2,   95.7,   12.8,    4.3,  100.0,    0.0,    0.0,    0.0,    0.0,    0.0,    0.0,    0.0,    0.0,    0.0,    0.0,    0.0,    0.0,    0.0,    0.0,    0.0,    295,     18,     15,     12,     28,     25,     89,     17,     39,     84,     38,     33,    254,    145,    295,     18,     15,     12,     28,     25,     89,     17,     39,     84,     38,     33,    254,    145,      0,      0,      0,      0,      0,      0,      0,      0,      0,      0,      0,      0,      0,      0,    18.8,    38.8,    27.1,    55.9,    18.3,    37.8,    25.4,    54.2,    18.8,    38.8,    27.1,    55.9,    18.3,    37.8,    25.4,    54.2,     0.0,     0.0,     0.0,     0.0,     0.0,     0.0,     0.0,     0.0,"(CONTRACTS OF 100 TROY OUNCES)","088691","CMX ","088 ","N20","FutOnly"
"MICRO GOLD - COMMODITY EXCHANGE INC.",260825,2026-08-25,088695,CMX ,01,088 ,   70928,     242,       0,    7055,       0,       0,     716,       0,       0,   19043,   38548,    6254,   33310,   44802,   37618,   26126,   70928,     242,       0,    7055,       0,       0,     716,       0,       0,   19043,   38548,    6254,   33310,   44802,   37618,   26126,       0,       0,       0,       0,       0,       0,       0,       0,       0,       0,       0,       0,       0,       0,       0,       0,    7295,       0,       0,      85,       0,       0,    -299,       0,      -7,    3456,    2655,    2256,    5491,    4904,    1804,    2391,  100.0,    0.3,    0.0,    9.9,    0.0,    0.0,    1.0,    0.0,    0.0,   26.8,   54.3,    8.8,   47.0,   63.2,   53.0,   36.8,  100.0,    0.3,    0.0,    9.9,    0.0,    0.0,    1.0,    0.0,    0.0,   26.8,   54.3,    8.8,   47.0,   63.2,   53.0,   36.8,  100.0,    0.0,    0.0,    0.0,    0.0,    0.0,    0.0,    0.0,    0.0,    0.0,    0.0,    0.0,    0.0,    0.0,    0.0,    0.0,     39,.,      0,.,      0,      0,.,      0,      0,     20,     14,     12,     30,     21,     39,.,      0,.,      0,      0,.,      0,      0,     20,     14,     12,     30,     21,      0,      0,      0,      0,      0,      0,      0,      0,      0,      0,      0,      0,      0,      0,    26.9,    48.0,    35.5,    57.9,    24.5,    47.6,    30.3,    52.1,    26.9,    48.0,    35.5,    57.9,    24.5,    47.6,    30.3,    52.1,     0.0,     0.0,     0.0,     0.0,     0.0,     0.0,     0.0,     0.0,"(CONTRACTS OF 10 TROY OUNCES)","088695","CMX ","088 ","N20","FutOnly"
"GASOLINE CRK-RBOB/BRENT 1st - ICE FUTURES ENERGY DIV",260825,2026-08-25,111415,IFED,01,111 ,   13291,    3573,    7417,    1118,    1558,     796,       0,       0,       0,    6355,    1095,     220,   12062,   11086,    1229,    2205,   13291,    3573,    7417,    1118,    1558,     796,       0,       0,       0,    6355,    1095,     220,   12062,   11086,    1229,    2205,       0,       0,       0,       0,       0,       0,       0,       0,       0,       0,       0,       0,       0,       0,       0,       0,     795,     -80,     695,     430,      45,      25,       0,       0,       0,     535,     100,     -40,     870,     825,     -75,     -30,  100.0,   26.9,   55.8,    8.4,   11.7,    6.0,    0.0,    0.0,    0.0,   47.8,    8.2,    1.7,   90.8,   83.4,    9.2,   16.6,  100.0,   26.9,   55.8,    8.4,   11.7,    6.0,    0.0,    0.0,    0.0,   47.8,    8.2,    1.7,   90.8,   83.4,    9.2,   16.6,  100.0,    0.0,    0.0,    0.0,    0.0,    0.0,    0.0,    0.0,    0.0,    0.0,    0.0,    0.0,    0.0,    0.0,    0.0,    0.0,     21,      9,     11,.,.,.,      0,      0,      0,      4,.,.,     15,     18,     21,      9,     11,.,.,.,      0,      0,      0,      4,.,.,     15,     18,      0,      0,      0,      0,      0,      0,      0,      0,      0,      0,      0,      0,      0,      0,    61.0,    40.6,    83.0,    63.7,    57.6,    40.0,    73.8,    60.5,    61.0,    40.6,    83.0,    63.7,    57.6,    40.0,    73.8,    60.5,     0.0,     0.0,     0.0,     0.0,     0.0,     0.0,     0.0,     0.0,"1000 Barrels","111415","IFED","111 ","N10","FutOnly"
"GASOLINE RBOB - NEW YORK MERCANTILE EXCHANGE",260825,2026-08-25,111659,NYME,01,111 ,  346134,   86270,  181792,   49906,   33593,   12251,   92717,   13065,   36606,   12416,   27909,   29702,  319868,  334918,   26266,   11216,  346134,   86270,  181792,   49906,   33593,   12251,   92717,   13065,   36606,   12416,   27909,   29702,  319868,  334918,   26266,   11216,       0,       0,       0,       0,       0,       0,       0,       0,       0,       0,       0,       0,       0,       0,       0,       0,   10600,    7096,   11992,    -265,    3559,    1232,    6107,     536,   -3508,    1203,     459,   -2018,    9847,   12252,     753,   -1652,  100.0,   24.9,   52.5,   14.4,    9.7,    3.5,   26.8,    3.8,   10.6,    3.6,    8.1,    8.6,   92.4,   96.8,    7.6,    3.2,  100.0,   24.9,   52.5,   14.4,    9.7,    3.5,   26.8,    3.8,   10.6,    3.6,    8.1,    8.6,   92.4,   96.8,    7.6,    3.2,  100.0,    0.0,    0.0,    0.0,    0.0,    0.0,    0.0,    0.0,    0.0,    0.0,    0.0,    0.0,    0.0,    0.0,    0.0,    0.0,    240,     62,     80,     15,     12,     18,     66,     13,     41,     21,     20,     29,    204,    179,    240,     62,     80,     15,     12,     18,     66,     13,     41,     21,     20,     29,    204,    179,      0,      0,      0,      0,      0,      0,      0,      0,      0,      0,      0,      0,      0,      0,    13.6,    17.7,    22.6,    27.9,     9.2,    13.7,    16.1,    21.9,    13.6,    17.7,    22.6,    27.9,     9.2,    13.7,    16.1,    21.9,     0.0,     0.0,     0.0,     0.0,     0.0,     0.0,     0.0,     0.0,"(CONTRACTS OF 42,000 U.S. GALLONS)","111659","NYME","111 ","N10","FutOnly"
"GULF COAST CBOB GAS A2 PL RBOB - NEW YORK MERCANTILE EXCHANGE",260825,2026-08-25,111A34,NYME,01,111 ,   25339,   22570,   17090,       0,    4109,       0,     935,       0,     825,       0,       0,       0,   24330,   22024,    1009,    3315,   25339,   22570,   17090,       0,    4109,       0,     935,       0,     825,       0,       0,       0,   24330,   22024,    1009,    3315,       0,       0,       0,       0,       0,       0,       0,       0,       0,       0,       0,       0,       0,       0,       0,       0,    4005,    3380,    3960,       0,     -85,       0,     120,       0,     375,       0,       0,       0,    3875,    4250,     130,    -245,  100.0,   89.1,   67.4,    0.0,   16.2,    0.0,    3.7,    0.0,    3.3,    0.0,    0.0,    0.0,   96.0,   86.9,    4.0,   13.1,  100.0,   89.1,   67.4,    0.0,   16.2,    0.0,    3.7,    0.0,    3.3,    0.0,    0.0,    0.0,   96.0,   86.9,    4.0,   13.1,  100.0,    0.0,    0.0,    0.0,    0.0,    0.0,    0.0,    0.0,    0.0,    0.0,    0.0,    0.0,    0.0,    0.0,    0.0,    0.0,     25,     19,     17,      0,.,      0,.,      0,.,      0,      0,      0,     20,     19,     25,     19,     17,      0,.,      0,.,      0,.,      0,      0,      0,     20,     19,      0,      0,      0,      0,      0,      0,      0,      0,      0,      0,      0,      0,      0,      0,    40.2,    47.7,    69.4,    67.0,    31.1,    45.6,    50.7,    52.6,    40.2,    47.7,    69.4,    67.0,    31.1,    45.6,    50.7,    52.6,     0.0,     0.0,     0.0,     0.0,     0.0,     0.0,     0.0,     0.0,"(CONTRACTS OF 42,000 GALLONS)","111A34","NYME","111 ","N10","FutOnly"
"CANOLA - ICE FUTURES U.S.",260825,2026-08-25,135731,ICUS,01,135 ,  336898,  143484,  208824,    9308,   24176,    2436,  123066,   29219,   25235,   14974,   27911,   16112,  334615,  333913,    2283,    2985,  332008,  139218,  207939,    9308,   20891,    2436,  123054,   29026,   25212,   14999,   27944,   15580,  329807,  329028,    2201,    2980,    4890,    4266,     885,       0,    3285,       0,      35,     216,       0,     451,     443,      56,    4808,    4885,      82,       5,   -2283,    5206,   -2279,    -324,    2007,    -531,   -4041,   -4605,      88,   -1611,    3913,     -75,   -1288,   -1482,    -995,    -801,  100.0,   42.6,   62.0,    2.8,    7.2,    0.7,   36.5,    8.7,    7.5,    4.4,    8.3,    4.8,   99.3,   99.1,    0.7,    0.9,  100.0,   41.9,   62.6,    2.8,    6.3,    0.7,   37.1,    8.7,    7.6,    4.5,    8.4,    4.7,   99.3,   99.1,    0.7,    0.9,  100.0,   87.2,   18.1,    0.0,   67.2,    0.0,    0.7,    4.4,    0.0,    9.2,    9.1,    1.1,   98.3,   99.9,    1.7,    0.1,    341,     35,     76,      7,      8,.,     77,     29,     23,     45,     77,     34,    204,    223,    340,     33,     75,      7,      8,.,     76,     30,     23,     46,     80,     32,    200,    222,     39,     11,      9,      0,.,      0,.,.,      0,      8,      5,.,     22,     20,    28.7,    33.7,    45.6,    49.0,    21.9,    25.1,    36.1,    38.2,    28.5,    33.6,    45.2,    48.8,    21.9,    25.1,    36.3,    38.4,    82.2,    87.2,    92.2,    94.7,    82.2,    87.2,    91.1,    94.7,"(20 Metric Tonnes)","135731","ICUS","135 ","A30","FutOnly"
"COBALT - COMMODITY EXCHANGE INC.",260825,2026-08-25,188691,CMX ,01,188 ,   15268,    2290,    4728,    4470,    1694,     443,    2425,    2866,    2335,    2615,    2348,     156,   14734,   14570,     534,     698,   15268,    2290,    4728,    4470,    1694,     443,    2425,    2866,    2335,    2615,    2348,     156,   14734,   14570,     534,     698,       0,       0,       0,       0,       0,       0,       0,       0,       0,       0,       0,       0,       0,       0,       0,       0,     401,      47,       7,      30,      -5,     125,     109,     109,      77,       0,     261,       0,     388,     574,      13,    -173,  100.0,   15.0,   31.0,   29.3,   11.1,    2.9,   15.9,   18.8,   15.3,   17.1,   15.4,    1.0,   96.5,   95.4,    3.5,    4.6,  100.0,   15.0,   31.0,   29.3,   11.1,    2.9,   15.9,   18.8,   15.3,   17.1,   15.4,    1.0,   96.5,   95.4,    3.5,    4.6,  100.0,    0.0,    0.0,    0.0,    0.0,    0.0,    0.0,    0.0,    0.0,    0.0,    0.0,    0.0,    0.0,    0.0,    0.0,    0.0,     40,      7,     12,      5,.,      6,      5,      5,      7,.,      6,.,     29,     33,     40,      7,     12,      5,.,      6,      5,      5,      7,.,      6,.,     29,     33,      0,      0,      0,      0,      0,      0,      0,      0,      0,      0,      0,      0,      0,      0,    46.0,    47.2,    74.6,    69.3,    39.9,    45.1,    63.8,    59.4,    46.0,    47.2,    74.6,    69.3,    39.9,    45.1,    63.8,    59.4,     0.0,     0.0,     0.0,     0.0,     0.0,     0.0,     0.0,     0.0,"2,204.62 pounds (1 Metric Ton)","188691","CMX ","188 ","N25","FutOnly"
"LITHIUM HYDROXIDE  - COMMODITY EXCHANGE INC.",260825,2026-08-25,189691,CMX ,01,189 ,   18333,     673,    3579,   11612,    2553,     449,    2696,     726,     317,     407,    8319,    1989,   18143,   17932,     190,     401,   18333,     673,    3579,   11612,    2553,     449,    2696,     726,     317,     407,    8319,    1989,   18143,   17932,     190,     401,       0,       0,       0,       0,       0,       0,       0,       0,       0,       0,       0,       0,       0,       0,       0,       0,     173,     -30,      60,      28,       0,       5,     339,       0,     -66,     -33,     184,     -25,     218,     158,     -45,      15,  100.0,    3.7,   19.5,   63.3,   13.9,    2.4,   14.7,    4.0,    1.7,    2.2,   45.4,   10.8,   99.0,   97.8,    1.0,    2.2,  100.0,    3.7,   19.5,   63.3,   13.9,    2.4,   14.7,    4.0,    1.7,    2.2,   45.4,   10.8,   99.0,   97.8,    1.0,    2.2,  100.0,    0.0,    0.0,    0.0,    0.0,    0.0,    0.0,    0.0,    0.0,    0.0,    0.0,    0.0,    0.0,    0.0,    0.0,    0.0,     39,      5,      6,      8,.,      4,      5,.,      4,.,     14,      7,     30,     29,     39,      5,      6,      8,.,      4,      5,.,      4,.,     14,      7,     30,     29,      0,      0,      0,      0,      0,      0,      0,      0,      0,      0,      0,      0,      0,      0,    59.1,    53.8,    80.5,    72.2,    57.5,    45.4,    73.5,    63.3,    59.1,    53.8,    80.5,    72.2,    57.5,    45.4,    73.5,    63.3,     0.0,     0.0,     0.0,     0.0,     0.0,     0.0,     0.0,     0.0,"(1000) Kilograms","189691","CMX ","189 ","N25","FutOnly"
"ALUMINUM MWP - COMMODITY EXCHANGE INC.",260825,2026-08-25,191693,CMX ,01,191 ,   30796,    7841,   21255,   17125,    3546,    1531,       0,     159,     204,    3027,    2850,     897,   30625,   30442,     171,     354,   30796,    7841,   21255,   17125,    3546,    1531,       0,     159,     204,    3027,    2850,     897,   30625,   30442,     171,     354,       0,       0,       0,       0,       0,       0,       0,       0,       0,       0,       0,       0,       0,       0,       0,       0,    1214,     686,     995,    -227,      -9,     634,       0,       0,      50,    -165,    -724,     214,    1192,    1160,      22,      54,  100.0,   25.5,   69.0,   55.6,   11.5,    5.0,    0.0,    0.5,    0.7,    9.8,    9.3,    2.9,   99.4,   98.9,    0.6,    1.1,  100.0,   25.5,   69.0,   55.6,   11.5,    5.0,    0.0,    0.5,    0.7,    9.8,    9.3,    2.9,   99.4,   98.9,    0.6,    1.1,  100.0,    0.0,    0.0,    0.0,    0.0,    0.0,    0.0,    0.0,    0.0,    0.0,    0.0,    0.0,    0.0,    0.0,    0.0,    0.0,     57,     12,     22,     13,.,      8,      0,.,.,      4,     12,      5,     34,     50,     57,     12,     22,     13,.,      8,      0,.,.,      4,     12,      5,     34,     50,      0,      0,      0,      0,      0,      0,      0,      0,      0,      0,      0,      0,      0,      0,    43.3,    48.6,    67.0,    69.4,    43.0,    48.4,    66.6,    68.4,    43.3,    48.6,    67.0,    69.4,    43.0,    48.4,    66.6,    68.4,     0.0,     0.0,     0.0,     0.0,     0.0,     0.0,     0.0,     0.0,"(55,116 US Pounds-25 MT)","191693","CMX ","191 ","N25","FutOnly"
"ALUMINIUM EURO PREM DUTY-PAID - COMMODITY EXCHANGE INC.",260825,2026-08-25,191696,CMX ,01,191 ,   13531,    3462,    7893,    6713,    1460,     226,       0,     997,     103,    2501,    2816,       0,   13005,   13495,     526,      36,   13531,    3462,    7893,    6713,    1460,     226,       0,     997,     103,    2501,    2816,       0,   13005,   13495,     526,      36,       0,       0,       0,       0,       0,       0,       0,       0,       0,       0,       0,       0,       0,       0,       0,       0,     690,     388,     649,      69,     120,      30,       0,     195,       0,     135,     -75,       0,     622,     919,      68,    -229,  100.0,   25.6,   58.3,   49.6,   10.8,    1.7,    0.0,    7.4,    0.8,   18.5,   20.8,    0.0,   96.1,   99.7,    3.9,    0.3,  100.0,   25.6,   58.3,   49.6,   10.8,    1.7,    0.0,    7.4,    0.8,   18.5,   20.8,    0.0,   96.1,   99.7,    3.9,    0.3,  100.0,    0.0,    0.0,    0.0,    0.0,    0.0,    0.0,    0.0,    0.0,    0.0,    0.0,    0.0,    0.0,    0.0,    0.0,    0.0,     29,      8,     11,      5,.,.,      0,.,.,      5,.,      0,     19,     20,     29,      8,     11,      5,.,.,      0,.,.,      5,.,      0,     19,     20,      0,      0,      0,      0,      0,      0,      0,      0,      0,      0,      0,      0,      0,      0,    56.1,    49.0,    79.6,    76.1,    56.0,    45.3,    77.6,    69.7,    56.1,    49.0,    79.6,    76.1,    56.0,    45.3,    77.6,    69.7,     0.0,     0.0,     0.0,     0.0,     0.0,     0.0,     0.0,     0.0,"(25 METRIC TONS)","191696","CMX ","191 ","N25","FutOnly"
"STEEL-HRC - COMMODITY EXCHANGE INC.",260825,2026-08-25,192651,CMX ,01,192 ,   44354,   14291,   38654,   15711,     100,     256,    9137,    1443,     455,    2424,    1693,    1645,   43919,   44246,     435,     108,   44354,   14291,   38654,   15711,     100,     256,    9137,    1443,     455,    2424,    1693,    1645,   43919,   44246,     435,     108,       0,       0,       0,       0,       0,       0,       0,       0,       0,       0,       0,       0,       0,       0,       0,       0,    1490,      18,      94,    1631,     -25,      12,     312,     530,     159,    -707,     616,     103,    1528,    1489,     -38,       1,  100.0,   32.2,   87.1,   35.4,    0.2,    0.6,   20.6,    3.3,    1.0,    5.5,    3.8,    3.7,   99.0,   99.8,    1.0,    0.2,  100.0,   32.2,   87.1,   35.4,    0.2,    0.6,   20.6,    3.3,    1.0,    5.5,    3.8,    3.7,   99.0,   99.8,    1.0,    0.2,  100.0,    0.0,    0.0,    0.0,    0.0,    0.0,    0.0,    0.0,    0.0,    0.0,    0.0,    0.0,    0.0,    0.0,    0.0,    0.0,     68,     23,     18,      7,.,.,     13,      4,.,      8,      8,      8,     58,     36,     68,     23,     18,      7,.,.,     13,      4,.,      8,      8,      8,     58,     36,      0,      0,      0,      0,      0,      0,      0,      0,      0,      0,      0,      0,      0,      0,    40.0,    78.9,    60.3,    85.8,    39.3,    75.5,    59.1,    79.8,    40.0,    78.9,    60.3,    85.8,    39.3,    75.5,    59.1,    79.8,     0.0,     0.0,     0.0,     0.0,     0.0,     0.0,     0.0,     0.0,"(CONTRACTS OF 20 SHORT TONS)","192651","CMX ","192 ","N25","FutOnly"
"NORTH EURO HOT-ROLL COIL STEEL - COMMODITY EXCHANGE INC.",260825,2026-08-25,192691,CMX ,01,192 ,    9498,    5000,    7675,     616,     300,      54,    1455,       0,     556,    1588,     798,      40,    9309,    9423,     189,      75,    9498,    5000,    7675,     616,     300,      54,    1455,       0,     556,    1588,     798,      40,    9309,    9423,     189,      75,       0,       0,       0,       0,       0,       0,       0,       0,       0,       0,       0,       0,       0,       0,       0,       0,    -469,      39,     -90,     180,       0,       0,    -466,       0,    -424,     187,      50,       0,    -484,    -464,      15,      -5,  100.0,   52.6,   80.8,    6.5,    3.2,    0.6,   15.3,    0.0,    5.9,   16.7,    8.4,    0.4,   98.0,   99.2,    2.0,    0.8,  100.0,   52.6,   80.8,    6.5,    3.2,    0.6,   15.3,    0.0,    5.9,   16.7,    8.4,    0.4,   98.0,   99.2,    2.0,    0.8,  100.0,    0.0,    0.0,    0.0,    0.0,    0.0,    0.0,    0.0,    0.0,    0.0,    0.0,    0.0,    0.0,    0.0,    0.0,    0.0,     25,     10,      5,      4,.,.,.,      0,.,      4,.,.,     22,     11,     25,     10,      5,      4,.,.,.,      0,.,      4,.,.,     22,     11,      0,      0,      0,      0,      0,      0,      0,      0,      0,      0,      0,      0,      0,      0,    74.7,    86.4,    85.3,    98.2,    65.1,    81.6,    75.1,    84.1,    74.7,    86.4,    85.3,    98.2,    65.1,    81.6,    75.1,    84.1,     0.0,     0.0,     0.0,     0.0,     0.0,     0.0,     0.0,     0.0,"(20 Metric Tons)","192691","CMX ","192 ","N25","FutOnly"
"PGP PROPYLENE (PCW) CAL - NEW YORK MERCANTILE EXCHANGE",260825,2026-08-25,406651,NYME,01,406 ,    8006,    1635,     923,    2744,     101,      10,     483,       0,       0,    1639,    5569,    1368,    7879,    7971,     127,      35,    8006,    1635,     923,    2744,     101,      10,     483,       0,       0,    1639,    5569,    1368,    7879,    7971,     127,      35,       0,       0,       0,       0,       0,       0,       0,       0,       0,       0,       0,       0,       0,       0,       0,       0,     678,     223,     177,      42,       0,       0,      30,       0,       0,      45,     257,     387,     727,     821,     -49,    -143,  100.0,   20.4,   11.5,   34.3,    1.3,    0.1,    6.0,    0.0,    0.0,   20.5,   69.6,   17.1,   98.4,   99.6,    1.6,    0.4,  100.0,   20.4,   11.5,   34.3,    1.3,    0.1,    6.0,    0.0,    0.0,   20.5,   69.6,   17.1,   98.4,   99.6,    1.6,    0.4,  100.0,    0.0,    0.0,    0.0,    0.0,    0.0,    0.0,    0.0,    0.0,    0.0,    0.0,    0.0,    0.0,    0.0,    0.0,    0.0,     22,      5,      5,.,.,.,.,      0,      0,      4,      6,      8,     19,     15,     22,      5,      5,.,.,.,.,      0,      0,      4,      6,      8,     19,     15,      0,      0,      0,      0,      0,      0,      0,      0,      0,      0,      0,      0,      0,      0,    52.0,    82.3,    77.5,    92.5,    49.7,    75.5,    70.0,    78.8,    52.0,    82.3,    77.5,    92.5,    49.7,    75.5,    70.0,    78.8,     0.0,     0.0,     0.0,     0.0,     0.0,     0.0,     0.0,     0.0,"(CONTRACTS OF 100,000 POUNDS)","406651","NYME","406 ","N40","FutOnly"
"GULF JET NY HEAT OIL SPR - NEW YORK MERCANTILE EXCHANGE",260825,2026-08-25,86465A,NYME,01,864 ,   13116,    8587,   12970,    4093,       0,     146,       0,       0,       0,     100,       0,       0,   12926,   13116,     190,       0,   13116,    8587,   12970,    4093,       0,     146,       0,       0,       0,     100,       0,       0,   12926,   13116,     190,       0,       0,       0,       0,       0,       0,       0,       0,       0,       0,       0,       0,       0,       0,       0,       0,       0,     657,     687,     617,     -70,       0,      40,       0,       0,       0,       0,       0,       0,     657,     657,       0,       0,  100.0,   65.5,   98.9,   31.2,    0.0,    1.1,    0.0,    0.0,    0.0,    0.8,    0.0,    0.0,   98.6,  100.0,    1.4,    0.0,  100.0,   65.5,   98.9,   31.2,    0.0,    1.1,    0.0,    0.0,    0.0,    0.8,    0.0,    0.0,   98.6,  100.0,    1.4,    0.0,  100.0,    0.0,    0.0,    0.0,    0.0,    0.0,    0.0,    0.0,    0.0,    0.0,    0.0,    0.0,    0.0,    0.0,    0.0,    0.0,     37,     22,     17,      8,      0,.,      0,      0,      0,.,      0,      0,     31,     19,     37,     22,     17,      8,      0,.,      0,      0,      0,.,      0,      0,     31,     19,      0,      0,      0,      0,      0,      0,      0,      0,      0,      0,      0,      0,      0,      0,    39.5,    75.5,    63.0,    89.0,    34.8,    61.9,    50.2,    69.3,    39.5,    75.5,    63.0,    89.0,    34.8,    61.9,    50.2,    69.3,     0.0,     0.0,     0.0,     0.0,     0.0,     0.0,     0.0,     0.0,"(CONTRACTS OF 42,000 GALLONS)","86465A","NYME","864 ","N10","FutOnly"
"GULF # 6 FUEL OIL CRACK - NEW YORK MERCANTILE EXCHANGE",260825,2026-08-25,86565A,NYME,01,865 ,    9970,    4602,    6153,    1235,       0,    1075,     945,     200,     385,     190,     619,    1538,    9970,    9970,       0,       0,    9970,    4602,    6153,    1235,       0,    1075,     945,     200,     385,     190,     619,    1538,    9970,    9970,       0,       0,       0,       0,       0,       0,       0,       0,       0,       0,       0,       0,       0,       0,       0,       0,       0,       0,     165,     -15,    -105,     120,       0,       0,    -120,       0,      60,     -33,      57,     153,     165,     165,       0,       0,  100.0,   46.2,   61.7,   12.4,    0.0,   10.8,    9.5,    2.0,    3.9,    1.9,    6.2,   15.4,  100.0,  100.0,    0.0,    0.0,  100.0,   46.2,   61.7,   12.4,    0.0,   10.8,    9.5,    2.0,    3.9,    1.9,    6.2,   15.4,  100.0,  100.0,    0.0,    0.0,  100.0,    0.0,    0.0,    0.0,    0.0,    0.0,    0.0,    0.0,    0.0,    0.0,    0.0,    0.0,    0.0,    0.0,    0.0,    0.0,     31,     16,     11,      4,      0,.,.,.,.,.,      5,      4,     28,     20,     31,     16,     11,      4,      0,.,.,.,.,.,      5,      4,     28,     20,      0,      0,      0,      0,      0,      0,      0,      0,      0,      0,      0,      0,      0,      0,    50.4,    53.9,    76.5,    78.5,    28.9,    32.8,    38.4,    42.2,    50.4,    53.9,    76.5,    78.5,    28.9,    32.8,    38.4,    42.2,     0.0,     0.0,     0.0,     0.0,     0.0,     0.0,     0.0,     0.0,"(CONTRACTS OF 1,000 BARRELS)","86565A","NYME","865 ","N10","FutOnly"
