"WHEAT-SRW - CHICAGO BOARD OF TRADE",260818,2026-08-18,001602,CBT ,00,001 ,  457148,   50755,  117208,   96879,   14045,   14632,   78911,  104239,  108716,   35774,   29211,   34295,  419962,  422346,   37186,   34802,  419052,   48269,  100900,   88623,   13410,   14020,   75680,  112502,   91391,   37306,   28589,   28866,  384155,  389678,   34897,   29374,   38096,    2486,   16308,    8773,    1152,      95,   19317,    7823,    1239,    1516,    3670,    2381,   35807,   32668,    2289,    5428,  -18418,  -14193,    -372,    7074,    -374,   -2467,     902,   -7170,   -3738,   -1196,     731,   -3415,  -17033,  -16805,   -1385,   -1613,  100.0,   11.1,   25.6,   21.2,    3.1,    3.2,   17.3,   22.8,   23.8,    7.8,    6.4,    7.5,   91.9,   92.4,    8.1,    7.6,  100.0,   11.5,   24.1,   21.1,    3.2,    3.3,   18.1,   26.8,   21.8,    8.9,    6.8,    6.9,   91.7,   93.0,    8.3,    7.0,  100.0,    6.5,   42.8,   23.0,    3.0,    0.2,   50.7,   20.5,    3.3,    4.0,    9.6,    6.3,   94.0,   85.8,    6.0,   14.2,    409,     68,     98,     26,      8,     14,     70,     58,     70,     66,     50,     60,    310,    296,    405,     65,     96,     25,      9,     13,     67,     60,     69,     68,     50,     56,    302,    289,    171,     16,     70,     14,      8,.,     24,     15,      7,      8,     26,     13,     72,    131,    13.0,    14.7,    21.6,    25.0,     8.4,     9.3,    14.6,    15.0,    13.8,    15.5,    21.6,    26.7,     7.5,    10.2,    13.8,    17.1,    36.6,    24.6,    53.2,    39.3,    36.6,    24.2,    50.1,    35.7,"(CONTRACTS OF 5,000 BUSHELS)","001602","CBT ","001 ","A10","FutOnly"
"WHEAT-HRW - CHICAGO BOARD OF TRADE",260818,2026-08-18,001612,CBT ,00,001 ,  288733,   19708,  115846,   80981,    1165,    4740,   67510,   36013,   64756,    8816,   24239,   21100,  267611,  267859,   21122,   20874,  265884,   17632,  107051,   75976,    1131,    3651,   67040,   40818,   54414,    9945,   23944,   17843,  246501,  248852,   19383,   17032,   22849,    2076,    8795,    6094,    1123,       0,   10426,    5151,     386,    1106,    2530,    1022,   21110,   19007,    1739,    3842,  -16992,   -8076,   -6069,     311,    -448,   -1961,    4388,   -1503,   -4812,       6,    3037,   -5570,  -15714,  -17326,   -1278,     334,  100.0,    6.8,   40.1,   28.0,    0.4,    1.6,   23.4,   12.5,   22.4,    3.1,    8.4,    7.3,   92.7,   92.8,    7.3,    7.2,  100.0,    6.6,   40.3,   28.6,    0.4,    1.4,   25.2,   15.4,   20.5,    3.7,    9.0,    6.7,   92.7,   93.6,    7.3,    6.4,  100.0,    9.1,   38.5,   26.7,    4.9,    0.0,   45.6,   22.5,    1.7,    4.8,   11.1,    4.5,   92.4,   83.2,    7.6,   16.8,    270,     51,     85,     22,.,      9,     57,     30,     50,     24,     35,     32,    199,    204,    268,     49,     84,     22,.,      8,     56,     31,     48,     28,     33,     31,    194,    201,    134,     12,     60,     12,      4,      0,     19,     12,      6,      7,     16,      9,     60,     98,    14.3,    14.4,    24.4,    25.0,    11.9,    11.9,    20.4,    19.0,    15.1,    15.5,    25.6,    27.0,    12.2,    13.2,    21.0,    20.9,    37.5,    27.2,    51.6,    38.5,    37.5,    23.4,    51.1,    33.2,"(CONTRACTS OF 5,000 BUSHELS)","001612","CBT ","001 ","A10","FutOnly"
"WHEAT-HRSpring - MIAX FUTURES EXCHANGE",260818,2026-08-18,001626,MGE ,00,001 ,   78674,   37041,   56504,    7674,       0,      80,   18563,    6900,    2637,    1448,    1273,    2204,   69647,   69598,    9027,    9076,   77895,   36715,   55897,    7587,       0,      80,   18396,    6900,    2637,    1425,    1309,    2096,   68936,   68919,    8959,    8976,     779,     326,     607,      87,       0,       0,     167,       0,       0,      59,       0,      72,     711,     679,      68,     100,   -3224,   -2872,   -1569,     103,       0,     -47,     972,    -812,   -2304,       1,    -394,     545,   -3602,   -4581,     378,    1357,  100.0,   47.1,   71.8,    9.8,    0.0,    0.1,   23.6,    8.8,    3.4,    1.8,    1.6,    2.8,   88.5,   88.5,   11.5,   11.5,  100.0,   47.1,   71.8,    9.7,    0.0,    0.1,   23.6,    8.9,    3.4,    1.8,    1.7,    2.7,   88.5,   88.5,   11.5,   11.5,  100.0,   41.8,   77.9,   11.2,    0.0,    0.0,   21.4,    0.0,    0.0,    7.6,    0.0,    9.2,   91.3,   87.2,    8.7,   12.8,    111,     54,     40,      9,      0,      5,     14,     10,     10,      8,      4,      7,     93,     70,    111,     54,     40,      9,      0,      5,     14,     10,     10,      8,      5,      7,     93,     70,     27,      5,     17,.,      0,      0,.,      0,      0,.,      0,.,     11,     18,    24.5,    34.2,    38.3,    54.1,    24.5,    34.0,    37.2,    52.3,    24.8,    34.4,    38.7,    54.3,    24.7,    34.2,    37.6,    52.8,    65.2,    49.7,    86.4,    72.8,    63.5,    48.4,    77.7,    67.5,"(CONTRACTS OF 5,000 BUSHELS)","001626","MGE ","001 ","A10","FutOnly"
"CORN - CHICAGO BOARD OF TRADE",260818,2026-08-18,002602,CBT ,00,002 , 1728003,  327453,  916893,  367369,   23529,   15766,  321475,  139783,  210096,  188320,   67870,  168232, 1598711, 1542169,  129292,  185834,  254242,  101505,   86443,   21717,    9527,      45,   39058,   57681,    2240,   58860,   78693,    1467,  224892,  236096,   29350,   18146, 1473761,  225948,  830450,  355512,   23862,    5861,  318278,  117963,  171995,  217897,   77614,   78328, 1373819, 1306073,   99942,  167688,   43938,   -8094,   55678,   15600,    -700,    1463,    8646,  -47171,   22913,   14877,   13464,   -4053,   51352,   41594,   -7414,    2344,  100.0,   18.9,   53.1,   21.3,    1.4,    0.9,   18.6,    8.1,   12.2,   10.9,    3.9,    9.7,   92.5,   89.2,    7.5,   10.8,  100.0,   39.9,   34.0,    8.5,    3.7,    0.0,   15.4,   22.7,    0.9,   23.2,   31.0,    0.6,   88.5,   92.9,   11.5,    7.1,  100.0,   15.3,   56.3,   24.1,    1.6,    0.4,   21.6,    8.0,   11.7,   14.8,    5.3,    5.3,   93.2,   88.6,    6.8,   11.4,    835,    314,    359,     31,      8,     20,     98,     50,     88,     91,     90,     88,    634,    621,    532,    200,    192,     21,      5,.,     30,     26,     10,     59,     48,      4,    316,    280,    815,    229,    351,     30,      7,     12,     94,     54,     82,     91,     90,     67,    515,    599,    12.7,    11.9,    20.8,    19.5,    11.2,    10.0,    18.0,    16.4,    17.6,    34.7,    25.1,    42.9,    17.6,    34.7,    25.0,    42.9,    13.4,    12.0,    22.6,    19.4,    12.6,    11.6,    21.5,    18.8,"(CONTRACTS OF 5,000 BUSHELS)","002602","CBT ","002 ","A10","FutOnly"
"SOYBEANS - CHICAGO BOARD OF TRADE",260818,2026-08-18,005602,CBT ,00,005 ,  989729,  311979,  585645,  141218,   37189,   12500,  197446,   45664,  130127,   80627,   41448,   70435,  944332,  923008,   45397,   66721,  954548,  298278,  563472,  140535,   36270,   11294,  189886,   46774,  126112,   80127,   40828,   65515,  911747,  890265,   42801,   64283,   35181,   13701,   22173,    1737,    1973,     152,    9413,     743,    2162,    2496,    2616,    2924,   32585,   32743,    2596,    2438,    6826,     937,   22257,   -4776,    3907,   -1235,   27734,  -14939,  -12028,   -2246,    9411,    -274,    8112,    7099,   -1286,    -273,  100.0,   31.5,   59.2,   14.3,    3.8,    1.3,   19.9,    4.6,   13.1,    8.1,    4.2,    7.1,   95.4,   93.3,    4.6,    6.7,  100.0,   31.2,   59.0,   14.7,    3.8,    1.2,   19.9,    4.9,   13.2,    8.4,    4.3,    6.9,   95.5,   93.3,    4.5,    6.7,  100.0,   38.9,   63.0,    4.9,    5.6,    0.4,   26.8,    2.1,    6.1,    7.1,    7.4,    8.3,   92.6,   93.1,    7.4,    6.9,    639,    156,    256,     24,     18,     20,     97,     30,     71,     82,     79,     82,    441,    498,    639,    155,    255,     24,     18,     20,     98,     31,     69,     83,     78,     80,    438,    495,    224,     23,    133,      8,      8,.,     16,      9,      5,      9,     24,     11,     66,    182,    10.4,    18.3,    18.3,    30.0,    10.0,    16.3,    16.3,    24.9,    10.8,    18.1,    18.5,    29.5,    10.4,    16.5,    16.9,    24.8,    36.5,    43.0,    53.9,    55.8,    36.2,    43.0,    53.7,    51.9,"(CONTRACTS OF 5,000 BUSHELS)","005602","CBT ","005 ","A30","FutOnly"
"MINI SOYBEANS - CHICAGO BOARD OF TRADE",260818,2026-08-18,005603,CBT ,00,005 ,   26454,      12,   11185,       0,       0,       0,       0,       0,       0,   22302,    1480,     366,   22680,   13031,    3774,   13423,   25228,      12,   10369,       0,       0,       0,       0,       0,       0,   21906,    1475,     366,   22284,   12210,    2944,   13018,    1226,       0,     816,       0,       0,       0,       0,       0,       0,     396,       5,       0,     396,     821,     830,     405,     -16,       5,      26,       0,       0,       0,       0,       0,       0,     510,    -161,     -23,     492,    -158,    -508,     142,  100.0,    0.0,   42.3,    0.0,    0.0,    0.0,    0.0,    0.0,    0.0,   84.3,    5.6,    1.4,   85.7,   49.3,   14.3,   50.7,  100.0,    0.0,   41.1,    0.0,    0.0,    0.0,    0.0,    0.0,    0.0,   86.8,    5.8,    1.5,   88.3,   48.4,   11.7,   51.6,  100.0,    0.0,   66.6,    0.0,    0.0,    0.0,    0.0,    0.0,    0.0,   32.3,    0.4,    0.0,   32.3,   67.0,   67.7,   33.0,     29,.,     17,      0,      0,      0,      0,      0,      0,      7,      5,      6,     10,     27,     29,.,     17,      0,      0,      0,      0,      0,      0,      7,      5,      6,     10,     27,     17,      0,     14,      0,      0,      0,      0,      0,      0,.,.,      0,.,     15,    78.4,    30.5,    85.7,    36.1,    77.3,    30.4,    84.3,    36.0,    81.8,    29.0,    88.3,    34.7,    80.7,    28.9,    86.8,    34.6,    32.3,    63.6,    32.3,    65.3,    32.3,    63.6,    32.3,    65.3,"(Contracts of 1,000 Bushels)","005603","CBT ","005 ","A30","FutOnly"
"NJ SRECS - ICE FUTURES ENERGY DIV",260818,2026-08-18,0063CC,IFED,01,006 ,  126019,   90555,   72298,    7000,    3070,       0,       0,     990,       0,   26534,   47731,    1930,  126019,  126019,       0,       0,  126019,   90555,   72298,    7000,    3070,       0,       0,     990,       0,   26534,   47731,    1930,  126019,  126019,       0,       0,       0,       0,       0,       0,       0,       0,       0,       0,       0,       0,       0,       0,       0,       0,       0,       0,     150,     140,    -100,       0,       0,       0,       0,     150,       0,       0,      90,      10,     150,     150,       0,       0,  100.0,   71.9,   57.4,    5.6,    2.4,    0.0,    0.0,    0.8,    0.0,   21.1,   37.9,    1.5,  100.0,  100.0,    0.0,    0.0,  100.0,   71.9,   57.4,    5.6,    2.4,    0.0,    0.0,    0.8,    0.0,   21.1,   37.9,    1.5,  100.0,  100.0,    0.0,    0.0,  100.0,    0.0,    0.0,    0.0,    0.0,    0.0,    0.0,    0.0,    0.0,    0.0,    0.0,    0.0,    0.0,    0.0,    0.0,    0.0,     36,     17,      7,.,.,      0,      0,.,      0,      4,      6,.,     23,     19,     36,     17,      7,.,.,      0,      0,.,      0,      4,      6,.,     23,     19,      0,      0,      0,      0,      0,      0,      0,      0,      0,      0,      0,      0,      0,      0,    54.3,    88.2,    77.4,    95.0,    54.3,    88.2,    77.4,    93.5,    54.3,    88.2,    77.4,    95.0,    54.3,    88.2,    77.4,    93.5,     0.0,     0.0,     0.0,     0.0,     0.0,     0.0,     0.0,     0.0,"(10 SRECs)","0063CC","IFED","006 ","N60","FutOnly"
"PJM TRI-RECs CLASS 1  - ICE FUTURES ENERGY DIV",260818,2026-08-18,0063CH,IFED,01,006 ,  244575,  179042,  163923,    7965,     245,       0,     588,    5506,     144,   31841,   49762,   24995,  244575,  244575,       0,       0,  244575,  179042,  163923,    7965,     245,       0,     588,    5506,     144,   31841,   49762,   24995,  244575,  244575,       0,       0,       0,       0,       0,       0,       0,       0,       0,       0,       0,       0,       0,       0,       0,       0,       0,       0,   -2345,   -1564,     895,       0,       0,       0,     100,      50,       0,   -6580,   -8989,    5699,   -2345,   -2345,       0,       0,  100.0,   73.2,   67.0,    3.3,    0.1,    0.0,    0.2,    2.3,    0.1,   13.0,   20.3,   10.2,  100.0,  100.0,    0.0,    0.0,  100.0,   73.2,   67.0,    3.3,    0.1,    0.0,    0.2,    2.3,    0.1,   13.0,   20.3,   10.2,  100.0,  100.0,    0.0,    0.0,  100.0,    0.0,    0.0,    0.0,    0.0,    0.0,    0.0,    0.0,    0.0,    0.0,    0.0,    0.0,    0.0,    0.0,    0.0,    0.0,     50,     20,     17,.,.,      0,      4,.,.,      7,      7,      8,     37,     32,     50,     20,     17,.,.,      0,      4,.,.,      7,      7,      8,     37,     32,      0,      0,      0,      0,      0,      0,      0,      0,      0,      0,      0,      0,      0,      0,    48.3,    56.9,    71.3,    74.3,    40.8,    56.9,    63.0,    71.4,    48.3,    56.9,    71.3,    74.3,    40.8,    56.9,    63.0,    71.4,     0.0,     0.0,     0.0,     0.0,     0.0,     0.0,     0.0,     0.0,"(100 MWh of renewable energy certificates)","0063CH","IFED","006 ","N60","FutOnly"
"CALIF LOW CARBON FSC-OPIS  - ICE FUTURES ENERGY DIV",260818,2026-08-18,0063CU,IFED,01,006 ,  120977,    6780,   91893,   39712,    2938,       0,   70504,       0,    1134,    2467,   24669,     343,  120940,  120977,      37,       0,  120977,    6780,   91893,   39712,    2938,       0,   70504,       0,    1134,    2467,   24669,     343,  120940,  120977,      37,       0,       0,       0,       0,       0,       0,       0,       0,       0,       0,       0,       0,       0,       0,       0,       0,       0,     -88,     -91,     195,     750,     127,       0,    -918,       0,       0,     100,    -450,      40,    -119,     -88,      31,       0,  100.0,    5.6,   76.0,   32.8,    2.4,    0.0,   58.3,    0.0,    0.9,    2.0,   20.4,    0.3,  100.0,  100.0,    0.0,    0.0,  100.0,    5.6,   76.0,   32.8,    2.4,    0.0,   58.3,    0.0,    0.9,    2.0,   20.4,    0.3,  100.0,  100.0,    0.0,    0.0,  100.0,    0.0,    0.0,    0.0,    0.0,    0.0,    0.0,    0.0,    0.0,    0.0,    0.0,    0.0,    0.0,    0.0,    0.0,    0.0,     51,      9,      9,.,.,      0,     16,      0,.,      9,      6,.,     38,     18,     51,      9,      9,.,.,      0,     16,      0,.,      9,      6,.,     38,     18,      0,      0,      0,      0,      0,      0,      0,      0,      0,      0,      0,      0,      0,      0,    64.0,    81.1,    82.3,    95.3,    64.0,    80.5,    82.3,    94.7,    64.0,    81.1,    82.3,    95.3,    64.0,    80.5,    82.3,    94.7,     0.0,     0.0,     0.0,     0.0,     0.0,     0.0,     0.0,     0.0,"(100 LCFS Credits- each of 1 MT)","0063CU","IFED","006 ","N60","FutOnly"
"D6 RINs OPIS CURRENT YEAR - ICE FUTURES ENERGY DIV",260818,2026-08-18,0063CW,IFED,01,006 ,   31482,    4428,    7965,    2326,    2484,     372,    4217,    1060,    3099,    8976,    8271,    7922,   31340,   31173,     142,     309,   31482,    4428,    7965,    2326,    2484,     372,    4217,    1060,    3099,    8976,    8271,    7922,   31340,   31173,     142,     309,       0,       0,       0,       0,       0,       0,       0,       0,       0,       0,       0,       0,       0,       0,       0,       0,   -2619,   -2496,     137,     169,   -1810,     230,    -293,    -129,      -3,     -52,    -946,    -190,   -2635,   -2711,      16,      92,  100.0,   14.1,   25.3,    7.4,    7.9,    1.2,   13.4,    3.4,    9.8,   28.5,   26.3,   25.2,   99.5,   99.0,    0.5,    1.0,  100.0,   14.1,   25.3,    7.4,    7.9,    1.2,   13.4,    3.4,    9.8,   28.5,   26.3,   25.2,   99.5,   99.0,    0.5,    1.0,  100.0,    0.0,    0.0,    0.0,    0.0,    0.0,    0.0,    0.0,    0.0,    0.0,    0.0,    0.0,    0.0,    0.0,    0.0,    0.0,     73,      9,     15,.,.,.,      5,      7,      6,     20,     18,     12,     46,     52,     73,      9,     15,.,.,.,      5,      7,      6,     20,     18,     12,     46,     52,      0,      0,      0,      0,      0,      0,      0,      0,      0,      0,      0,      0,      0,      0,    54.8,    44.7,    77.4,    61.8,    35.5,    27.7,    49.3,    39.4,    54.8,    44.7,    77.4,    61.8,    35.5,    27.7,    49.3,    39.4,     0.0,     0.0,     0.0,     0.0,     0.0,     0.0,     0.0,     0.0,"(50,000 RINs)","0063CW","IFED","006 ","N60","FutOnly"
"PA SOLAR ALTER ENERGY CREDIT - ICE FUTURES ENERGY DIV",260818,2026-08-18,0063DA,IFED,01,006 ,   24210,    9495,   23410,     215,       0,       0,       0,       0,       0,   14500,     800,       0,   24210,   24210,       0,       0,   24210,    9495,   23410,     215,       0,       0,       0,       0,       0,   14500,     800,       0,   24210,   24210,       0,       0,       0,       0,       0,       0,       0,       0,       0,       0,       0,       0,       0,       0,       0,       0,       0,       0,    5000,       0,    5000,       0,       0,       0,       0,       0,       0,    5000,       0,       0,    5000,    5000,       0,       0,  100.0,   39.2,   96.7,    0.9,    0.0,    0.0,    0.0,    0.0,    0.0,   59.9,    3.3,    0.0,  100.0,  100.0,    0.0,    0.0,  100.0,   39.2,   96.7,    0.9,    0.0,    0.0,    0.0,    0.0,    0.0,   59.9,    3.3,    0.0,  100.0,  100.0,    0.0,    0.0,  100.0,    0.0,    0.0,    0.0,    0.0,    0.0,    0.0,    0.0,    0.0,    0.0,    0.0,    0.0,    0.0,    0.0,    0.0,    0.0,     20,      9,      4,.,      0,      0,      0,      0,      0,      5,.,      0,     15,      6,     20,      9,      4,.,      0,      0,      0,      0,      0,      5,.,      0,     15,      6,      0,      0,      0,      0,      0,      0,      0,      0,      0,      0,      0,      0,      0,      0,    67.5,    97.5,    87.4,   100.0,    67.5,    94.6,    85.3,    95.9,    67.5,    97.5,    87.4,   100.0,    67.5,    94.6,    85.3,    95.9,     0.0,     0.0,     0.0,     0.0,     0.0,     0.0,     0.0,     0.0,"(10 PA SRECs)","0063DA","IFED","006 ","N60","FutOnly"
"CALIF CARBON CURRENT AUCTION - ICE FUTURES ENERGY DIV",260818,2026-08-18,0063DB,IFED,01,006 ,   64740,   13893,    7731,   22610,   17830,     725,    5749,   12191,    2781,   12929,   17470,    6012,   64699,   64740,      41,       0,   64740,   13893,    7731,   22610,   17830,     725,    5749,   12191,    2781,   12929,   17470,    6012,   64699,   64740,      41,       0,       0,       0,       0,       0,       0,       0,       0,       0,       0,       0,       0,       0,       0,       0,       0,       0,    6175,     527,    1529,     500,    1617,     350,    3210,     917,     110,     999,    1187,     465,    6161,    6175,      14,       0,  100.0,   21.5,   11.9,   34.9,   27.5,    1.1,    8.9,   18.8,    4.3,   20.0,   27.0,    9.3,   99.9,  100.0,    0.1,    0.0,  100.0,   21.5,   11.9,   34.9,   27.5,    1.1,    8.9,   18.8,    4.3,   20.0,   27.0,    9.3,   99.9,  100.0,    0.1,    0.0,  100.0,    0.0,    0.0,    0.0,    0.0,    0.0,    0.0,    0.0,    0.0,    0.0,    0.0,    0.0,    0.0,    0.0,    0.0,    0.0,     53,     15,      8,      5,.,.,      6,.,.,     12,      7,     10,     48,     25,     53,     15,      8,      5,.,.,      6,.,.,     12,      7,     10,     48,     25,      0,      0,      0,      0,      0,      0,      0,      0,      0,      0,      0,      0,      0,      0,    45.6,    70.3,    61.8,    84.7,    45.6,    64.1,    59.2,    75.3,    45.6,    70.3,    61.8,    84.7,    45.6,    64.1,    59.2,    75.3,     0.0,     0.0,     0.0,     0.0,     0.0,     0.0,     0.0,     0.0,"(1,000 California carbon allowances)","0063DB","IFED","006 ","N60","FutOnly"
"D4 BIODIESEL RINs OPIS CURR YR - ICE FUTURES ENERGY DIV",260818,2026-08-18,0063DG,IFED,01,006 ,   16473,    2923,    6295,    1381,    1842,     330,    1976,     705,    1231,    5472,    3039,    2893,   16206,   16335,     267,     138,   16473,    2923,    6295,    1381,    1842,     330,    1976,     705,    1231,    5472,    3039,    2893,   16206,   16335,     267,     138,       0,       0,       0,       0,       0,       0,       0,       0,       0,       0,       0,       0,       0,       0,       0,       0,     896,     516,      54,    -462,    -270,     230,     -36,     255,     135,     576,     598,    -155,     804,     847,      92,      49,  100.0,   17.7,   38.2,    8.4,   11.2,    2.0,   12.0,    4.3,    7.5,   33.2,   18.4,   17.6,   98.4,   99.2,    1.6,    0.8,  100.0,   17.7,   38.2,    8.4,   11.2,    2.0,   12.0,    4.3,    7.5,   33.2,   18.4,   17.6,   98.4,   99.2,    1.6,    0.8,  100.0,    0.0,    0.0,    0.0,    0.0,    0.0,    0.0,    0.0,    0.0,    0.0,    0.0,    0.0,    0.0,    0.0,    0.0,    0.0,     57,     12,     11,.,.,.,     10,.,.,     14,     11,      7,     42,     31,     57,     12,     11,.,.,.,     10,.,.,     14,     11,      7,     42,     31,      0,      0,      0,      0,      0,      0,      0,      0,      0,      0,      0,      0,      0,      0,    46.4,    45.5,    64.7,    67.3,    31.1,    38.6,    45.9,    54.9,    46.4,    45.5,    64.7,    67.3,    31.1,    38.6,    45.9,    54.9,     0.0,     0.0,     0.0,     0.0,     0.0,     0.0,     0.0,     0.0,"(50,000 RINs)","0063DG","IFED","006 ","N60","FutOnly"
"CT RECs CLASS 1  - ICE FUTURES ENERGY DIV",260818,2026-08-18,0063DK,IFED,01,006 ,    8775,    5725,    6171,     600,     750,       0,       0,     100,       0,    2450,    1754,       0,    8775,    8775,       0,       0,    8775,    5725,    6171,     600,     750,       0,       0,     100,       0,    2450,    1754,       0,    8775,    8775,       0,       0,       0,       0,       0,       0,       0,       0,       0,       0,       0,       0,       0,       0,       0,       0,       0,       0,       0,       0,       0,       0,       0,       0,       0,       0,       0,       0,       0,       0,       0,       0,       0,       0,  100.0,   65.2,   70.3,    6.8,    8.5,    0.0,    0.0,    1.1,    0.0,   27.9,   20.0,    0.0,  100.0,  100.0,    0.0,    0.0,  100.0,   65.2,   70.3,    6.8,    8.5,    0.0,    0.0,    1.1,    0.0,   27.9,   20.0,    0.0,  100.0,  100.0,    0.0,    0.0,  100.0,    0.0,    0.0,    0.0,    0.0,    0.0,    0.0,    0.0,    0.0,    0.0,    0.0,    0.0,    0.0,    0.0,    0.0,    0.0,     20,      7,      8,.,.,      0,      0,.,      0,.,.,      0,      9,     13,     20,      7,      8,.,.,      0,      0,.,      0,.,.,      0,      9,     13,      0,      0,      0,      0,      0,      0,      0,      0,      0,      0,      0,      0,      0,      0,    73.5,    62.6,    97.7,    90.9,    69.0,    62.6,    92.3,    88.3,    73.5,    62.6,    97.7,    90.9,    69.0,    62.6,    92.3,    88.3,     0.0,     0.0,     0.0,     0.0,     0.0,     0.0,     0.0,     0.0,"(100 MWh of Class 1 Renewable Energy Certificates)","0063DK","IFED","006 ","N60","FutOnly"
"MASS COMPLIANCE RECs CLASS 1  - ICE FUTURES ENERGY DIV",260818,2026-08-18,0063DL,IFED,01,006 ,   20879,   20579,    9939,       0,       0,       0,       0,       0,       0,       0,   10640,     300,   20879,   20879,       0,       0,   20879,   20579,    9939,       0,       0,       0,       0,       0,       0,       0,   10640,     300,   20879,   20879,       0,       0,       0,       0,       0,       0,       0,       0,       0,       0,       0,       0,       0,       0,       0,       0,       0,       0,       0,       0,       0,       0,       0,       0,       0,       0,       0,       0,       0,       0,       0,       0,       0,       0,  100.0,   98.6,   47.6,    0.0,    0.0,    0.0,    0.0,    0.0,    0.0,    0.0,   51.0,    1.4,  100.0,  100.0,    0.0,    0.0,  100.0,   98.6,   47.6,    0.0,    0.0,    0.0,    0.0,    0.0,    0.0,    0.0,   51.0,    1.4,  100.0,  100.0,    0.0,    0.0,  100.0,    0.0,    0.0,    0.0,    0.0,    0.0,    0.0,    0.0,    0.0,    0.0,    0.0,    0.0,    0.0,    0.0,    0.0,    0.0,     24,      9,     12,      0,      0,      0,      0,      0,      0,      0,      7,.,     10,     19,     24,      9,     12,      0,      0,      0,      0,      0,      0,      0,      7,.,     10,     19,      0,      0,      0,      0,      0,      0,      0,      0,      0,      0,      0,      0,      0,      0,    90.3,    63.0,    98.9,    82.7,    90.3,    63.0,    94.7,    79.4,    90.3,    63.0,    98.9,    82.7,    90.3,    63.0,    94.7,    79.4,     0.0,     0.0,     0.0,     0.0,     0.0,     0.0,     0.0,     0.0,"100 MWh of Class 1 Renewable Energy Certificates","0063DL","IFED","006 ","N60","FutOnly"
"MARYLAND COMPLIANCE REC TIER1 - ICE FUTURES ENERGY DIV",260818,2026-08-18,0063DM,IFED,01,006 ,   11641,    9496,    5188,    1725,    1541,       0,      50,       0,       0,     250,    4792,     120,   11641,   11641,       0,       0,   11641,    9496,    5188,    1725,    1541,       0,      50,       0,       0,     250,    4792,     120,   11641,   11641,       0,       0,       0,       0,       0,       0,       0,       0,       0,       0,       0,       0,       0,       0,       0,       0,       0,       0,      50,       0,      50,       0,       0,       0,      50,       0,       0,       0,       0,       0,      50,      50,       0,       0,  100.0,   81.6,   44.6,   14.8,   13.2,    0.0,    0.4,    0.0,    0.0,    2.1,   41.2,    1.0,  100.0,  100.0,    0.0,    0.0,  100.0,   81.6,   44.6,   14.8,   13.2,    0.0,    0.4,    0.0,    0.0,    2.1,   41.2,    1.0,  100.0,  100.0,    0.0,    0.0,  100.0,    0.0,    0.0,    0.0,    0.0,    0.0,    0.0,    0.0,    0.0,    0.0,    0.0,    0.0,    0.0,    0.0,    0.0,    0.0,     24,     10,      7,.,.,      0,.,      0,      0,.,      5,.,     15,     13,     24,     10,      7,.,.,      0,.,      0,      0,.,      5,.,     15,     13,      0,      0,      0,      0,      0,      0,      0,      0,      0,      0,      0,      0,      0,      0,    61.2,    61.4,    85.7,    91.4,    61.2,    61.4,    82.6,    85.8,    61.2,    61.4,    85.7,    91.4,    61.2,    61.4,    82.6,    85.8,     0.0,     0.0,     0.0,     0.0,     0.0,     0.0,     0.0,     0.0,"(100 Tier 1 RECs)","0063DM","IFED","006 ","N60","FutOnly"
"MARYLAND SOLAR REC - ICE FUTURES ENERGY DIV",260818,2026-08-18,0063DN,IFED,01,006 ,   55581,   27531,   11450,   17300,   40981,       0,       0,       0,       0,   10750,    3150,       0,   55581,   55581,       0,       0,   55581,   27531,   11450,   17300,   40981,       0,       0,       0,       0,   10750,    3150,       0,   55581,   55581,       0,       0,       0,       0,       0,       0,       0,       0,       0,       0,       0,       0,       0,       0,       0,       0,       0,       0,       0,       0,       0,       0,       0,       0,       0,       0,       0,       0,       0,       0,       0,       0,       0,       0,  100.0,   49.5,   20.6,   31.1,   73.7,    0.0,    0.0,    0.0,    0.0,   19.3,    5.7,    0.0,  100.0,  100.0,    0.0,    0.0,  100.0,   49.5,   20.6,   31.1,   73.7,    0.0,    0.0,    0.0,    0.0,   19.3,    5.7,    0.0,  100.0,  100.0,    0.0,    0.0,  100.0,    0.0,    0.0,    0.0,    0.0,    0.0,    0.0,    0.0,    0.0,    0.0,    0.0,    0.0,    0.0,    0.0,    0.0,    0.0,     22,      8,      5,.,.,      0,      0,      0,      0,.,.,      0,     13,     10,     22,      8,      5,.,.,      0,      0,      0,      0,.,.,      0,     13,     10,      0,      0,      0,      0,      0,      0,      0,      0,      0,      0,      0,      0,      0,      0,    74.9,    89.2,    94.7,    98.8,    74.0,    89.2,    92.9,    98.1,    74.9,    89.2,    94.7,    98.8,    74.0,    89.2,    92.9,    98.1,     0.0,     0.0,     0.0,     0.0,     0.0,     0.0,     0.0,     0.0,"(10 SRECs)","0063DN","IFED","006 ","N60","FutOnly"
"NEPOOL DUAL RECs CLASS 1  - ICE FUTURES ENERGY DIV",260818,2026-08-18,0063DQ,IFED,01,006 ,   12760,    9910,    4234,     880,       0,       0,       0,       0,       0,    1065,    7546,     905,   12760,   12685,       0,      75,   12760,    9910,    4234,     880,       0,       0,       0,       0,       0,    1065,    7546,     905,   12760,   12685,       0,      75,       0,       0,       0,       0,       0,       0,       0,       0,       0,       0,       0,       0,       0,       0,       0,       0,       0,       0,       0,       0,       0,       0,       0,       0,       0,       0,       0,       0,       0,       0,       0,       0,  100.0,   77.7,   33.2,    6.9,    0.0,    0.0,    0.0,    0.0,    0.0,    8.3,   59.1,    7.1,  100.0,   99.4,    0.0,    0.6,  100.0,   77.7,   33.2,    6.9,    0.0,    0.0,    0.0,    0.0,    0.0,    8.3,   59.1,    7.1,  100.0,   99.4,    0.0,    0.6,  100.0,    0.0,    0.0,    0.0,    0.0,    0.0,    0.0,    0.0,    0.0,    0.0,    0.0,    0.0,    0.0,    0.0,    0.0,    0.0,     22,     11,      8,.,      0,      0,      0,      0,      0,.,.,.,     14,     12,     22,     11,      8,.,      0,      0,      0,      0,      0,.,.,.,     14,     12,      0,      0,      0,      0,      0,      0,      0,      0,      0,      0,      0,      0,      0,      0,    51.1,    67.0,    79.5,    92.0,    44.0,    67.0,    70.5,    85.0,    51.1,    67.0,    79.5,    92.0,    44.0,    67.0,    70.5,    85.0,     0.0,     0.0,     0.0,     0.0,     0.0,     0.0,     0.0,     0.0,"100 MWh of Class 1 Renewable Energy Certificates","0063DQ","IFED","006 ","N60","FutOnly"
"NJ COMPLIANCE RECs CLASS 1 - ICE FUTURES ENERGY DIV",260818,2026-08-18,0063DR,IFED,01,006 ,   26688,   14552,   18866,      50,       0,       0,       0,     250,       0,   12085,    7572,       0,   26687,   26688,       1,       0,   26688,   14552,   18866,      50,       0,       0,       0,     250,       0,   12085,    7572,       0,   26687,   26688,       1,       0,       0,       0,       0,       0,       0,       0,       0,       0,       0,       0,       0,       0,       0,       0,       0,       0,    1200,    1100,     400,       0,       0,       0,       0,       0,       0,     100,     800,       0,    1200,    1200,       0,       0,  100.0,   54.5,   70.7,    0.2,    0.0,    0.0,    0.0,    0.9,    0.0,   45.3,   28.4,    0.0,  100.0,  100.0,    0.0,    0.0,  100.0,   54.5,   70.7,    0.2,    0.0,    0.0,    0.0,    0.9,    0.0,   45.3,   28.4,    0.0,  100.0,  100.0,    0.0,    0.0,  100.0,    0.0,    0.0,    0.0,    0.0,    0.0,    0.0,    0.0,    0.0,    0.0,    0.0,    0.0,    0.0,    0.0,    0.0,    0.0,     22,     10,      5,.,      0,      0,      0,.,      0,      4,.,      0,     15,      9,     22,     10,      5,.,      0,      0,      0,.,      0,      4,.,      0,     15,      9,      0,      0,      0,      0,      0,      0,      0,      0,      0,      0,      0,      0,      0,      0,    74.9,    93.6,    92.7,    99.8,    74.9,    93.6,    92.7,    99.5,    74.9,    93.6,    92.7,    99.8,    74.9,    93.6,    92.7,    99.5,     0.0,     0.0,     0.0,     0.0,     0.0,     0.0,     0.0,     0.0,"100 MWh of Class 1 Renewable Energy Certificates","0063DR","IFED","006 ","N60","FutOnly"
"PA COMPLIANCE AECs TIER1 - ICE FUTURES ENERGY DIV",260818,2026-08-18,0063DT,IFED,01,006 ,   48569,   36439,   26313,    1000,    3920,       0,    1100,       0,       0,    8771,   17057,    1259,   48569,   48549,       0,      20,   48569,   36439,   26313,    1000,    3920,       0,    1100,       0,       0,    8771,   17057,    1259,   48569,   48549,       0,      20,       0,       0,       0,       0,       0,       0,       0,       0,       0,       0,       0,       0,       0,       0,       0,       0,     602,     400,     900,       0,       0,       0,       0,       0,       0,     403,     -97,    -201,     602,     602,       0,       0,  100.0,   75.0,   54.2,    2.1,    8.1,    0.0,    2.3,    0.0,    0.0,   18.1,   35.1,    2.6,  100.0,  100.0,    0.0,    0.0,  100.0,   75.0,   54.2,    2.1,    8.1,    0.0,    2.3,    0.0,    0.0,   18.1,   35.1,    2.6,  100.0,  100.0,    0.0,    0.0,  100.0,    0.0,    0.0,    0.0,    0.0,    0.0,    0.0,    0.0,    0.0,    0.0,    0.0,    0.0,    0.0,    0.0,    0.0,    0.0,     35,     19,      5,.,.,      0,.,      0,      0,      5,      6,.,     27,     13,     35,     19,      5,.,.,      0,.,      0,      0,      5,      6,.,     27,     13,      0,      0,      0,      0,      0,      0,      0,      0,      0,      0,      0,      0,      0,      0,    44.2,    73.5,    62.1,    96.0,    44.2,    72.1,    62.1,    92.2,    44.2,    73.5,    62.1,    96.0,    44.2,    72.1,    62.1,    92.2,     0.0,     0.0,     0.0,     0.0,     0.0,     0.0,     0.0,     0.0,"(100 AECs)","0063DT","IFED","006 ","N60","FutOnly"
"WASHINGTON CARBON ALL V2026 - ICE FUTURES ENERGY DIV",260818,2026-08-18,0063EA,IFED,01,006 ,    4715,    1338,    1239,     165,     606,       0,     246,    1097,       4,    2914,    1628,      20,    4687,    4594,      28,     121,    4715,    1338,    1239,     165,     606,       0,     246,    1097,       4,    2914,    1628,      20,    4687,    4594,      28,     121,       0,       0,       0,       0,       0,       0,       0,       0,       0,       0,       0,       0,       0,       0,       0,       0,      60,      40,      12,       0,       0,       0,       0,       4,       0,     -10,      26,      10,      40,      52,      20,       8,  100.0,   28.4,   26.3,    3.5,   12.9,    0.0,    5.2,   23.3,    0.1,   61.8,   34.5,    0.4,   99.4,   97.4,    0.6,    2.6,  100.0,   28.4,   26.3,    3.5,   12.9,    0.0,    5.2,   23.3,    0.1,   61.8,   34.5,    0.4,   99.4,   97.4,    0.6,    2.6,  100.0,    0.0,    0.0,    0.0,    0.0,    0.0,    0.0,    0.0,    0.0,    0.0,    0.0,    0.0,    0.0,    0.0,    0.0,    0.0,     34,      6,      7,.,.,      0,.,      6,.,      4,      8,.,     15,     23,     34,      6,      7,.,.,      0,.,      6,.,      4,      8,.,     15,     23,      0,      0,      0,      0,      0,      0,      0,      0,      0,      0,      0,      0,      0,      0,    80.1,    44.2,    93.3,    72.7,    80.1,    41.8,    92.0,    68.4,    80.1,    44.2,    93.3,    72.7,    80.1,    41.8,    92.0,    68.4,     0.0,     0.0,     0.0,     0.0,     0.0,     0.0,     0.0,     0.0,"1,000 Washington carbon allowances","0063EA","IFED","006 ","N60","FutOnly"
"CALIF CARBON ALL VINTAGE 2026 - ICE FUTURES ENERGY DIV",260818,2026-08-18,0063EE,IFED,01,006 ,  204514,   26356,   51898,   18082,   89468,    2393,  115084,   12677,    8207,   26633,   32277,    7532,  204287,  204452,     227,      62,  204514,   26356,   51898,   18082,   89468,    2393,  115084,   12677,    8207,   26633,   32277,    7532,  204287,  204452,     227,      62,       0,       0,       0,       0,       0,       0,       0,       0,       0,       0,       0,       0,       0,       0,       0,       0,    5126,     909,   -1793,     387,    2698,     542,    2845,     281,     654,   -1815,    1126,    1576,    5098,    5084,      28,      42,  100.0,   12.9,   25.4,    8.8,   43.7,    1.2,   56.3,    6.2,    4.0,   13.0,   15.8,    3.7,   99.9,  100.0,    0.1,    0.0,  100.0,   12.9,   25.4,    8.8,   43.7,    1.2,   56.3,    6.2,    4.0,   13.0,   15.8,    3.7,   99.9,  100.0,    0.1,    0.0,  100.0,    0.0,    0.0,    0.0,    0.0,    0.0,    0.0,    0.0,    0.0,    0.0,    0.0,    0.0,    0.0,    0.0,    0.0,    0.0,    144,     23,     19,      5,     12,      4,     42,      7,     10,     31,     12,      6,    109,     63,    144,     23,     19,      5,     12,      4,     42,      7,     10,     31,     12,      6,    109,     63,      0,      0,      0,      0,      0,      0,      0,      0,      0,      0,      0,      0,      0,      0,    40.2,    22.5,    53.0,    40.8,    38.8,    22.0,    50.6,    40.1,    40.2,    22.5,    53.0,    40.8,    38.8,    22.0,    50.6,    40.1,     0.0,     0.0,     0.0,     0.0,     0.0,     0.0,     0.0,     0.0,"1,000 California carbon allowances","0063EE","IFED","006 ","N60","FutOnly"
"CALIF CARBON ALL VINTAGE 2027 - ICE FUTURES ENERGY DIV",260818,2026-08-18,0063EI,IFED,01,006 ,   30559,   15618,    1743,    1230,   22615,      69,    1869,    1612,     405,   11034,    3785,     325,   30550,   30554,       9,       5,   30559,   15618,    1743,    1230,   22615,      69,    1869,    1612,     405,   11034,    3785,     325,   30550,   30554,       9,       5,       0,       0,       0,       0,       0,       0,       0,       0,       0,       0,       0,       0,       0,       0,       0,       0,     166,    -250,     -50,      10,     125,       0,     -20,     100,       0,     450,      25,     -25,     165,     175,       1,      -9,  100.0,   51.1,    5.7,    4.0,   74.0,    0.2,    6.1,    5.3,    1.3,   36.1,   12.4,    1.1,  100.0,  100.0,    0.0,    0.0,  100.0,   51.1,    5.7,    4.0,   74.0,    0.2,    6.1,    5.3,    1.3,   36.1,   12.4,    1.1,  100.0,  100.0,    0.0,    0.0,  100.0,    0.0,    0.0,    0.0,    0.0,    0.0,    0.0,    0.0,    0.0,    0.0,    0.0,    0.0,    0.0,    0.0,    0.0,    0.0,     38,      8,.,.,      7,.,      6,.,.,      8,.,.,     26,     15,     38,      8,.,.,      7,.,      6,.,.,      8,.,.,     26,     15,      0,      0,      0,      0,      0,      0,      0,      0,      0,      0,      0,      0,      0,      0,    63.3,    73.7,    79.4,    93.5,    63.3,    73.4,    79.4,    92.1,    63.3,    73.7,    79.4,    93.5,    63.3,    73.4,    79.4,    92.1,     0.0,     0.0,     0.0,     0.0,     0.0,     0.0,     0.0,     0.0,"1,000 California carbon allowances","0063EI","IFED","006 ","N60","FutOnly"
"CALIF CARBON ALLOWANCE V2026 - NODAL EXCHANGE",260818,2026-08-18,0063EL,NODX,01,006 ,    6073,    2601,     605,     210,     712,       0,     800,    1314,       0,    2401,    3390,       0,    6012,    6021,      61,      52,    6073,    2601,     605,     210,     712,       0,     800,    1314,       0,    2401,    3390,       0,    6012,    6021,      61,      52,       0,       0,       0,       0,       0,       0,       0,       0,       0,       0,       0,       0,       0,       0,       0,       0,       5,      -6,       0,       0,       0,       0,       0,       5,       0,      -2,     -18,       0,      -8,     -13,      13,      18,  100.0,   42.8,   10.0,    3.5,   11.7,    0.0,   13.2,   21.6,    0.0,   39.5,   55.8,    0.0,   99.0,   99.1,    1.0,    0.9,  100.0,   42.8,   10.0,    3.5,   11.7,    0.0,   13.2,   21.6,    0.0,   39.5,   55.8,    0.0,   99.0,   99.1,    1.0,    0.9,  100.0,    0.0,    0.0,    0.0,    0.0,    0.0,    0.0,    0.0,    0.0,    0.0,    0.0,    0.0,    0.0,    0.0,    0.0,    0.0,     27,      7,.,.,      4,      0,.,.,      0,      4,      4,      0,     14,     13,     27,      7,.,.,      4,      0,.,.,      0,      4,      4,      0,     14,     13,      0,      0,      0,      0,      0,      0,      0,      0,      0,      0,      0,      0,      0,      0,    76.7,    76.8,    93.1,    91.4,    76.7,    76.8,    93.1,    91.4,    76.7,    76.8,    93.1,    91.4,    76.7,    76.8,    93.1,    91.4,     0.0,     0.0,     0.0,     0.0,     0.0,     0.0,     0.0,     0.0,"(1,000 California carbon allowances)","0063EL","NODX","006 ","N60","FutOnly"
"RGGI V2026 - ICE FUTURES ENERGY DIV",260818,2026-08-18,0063EM,IFED,01,006 ,   57840,   25357,   43784,   15861,    5479,     749,    8981,    1450,    1577,    4028,    3558,    1210,   57763,   57807,      77,      33,   57840,   25357,   43784,   15861,    5479,     749,    8981,    1450,    1577,    4028,    3558,    1210,   57763,   57807,      77,      33,       0,       0,       0,       0,       0,       0,       0,       0,       0,       0,       0,       0,       0,       0,       0,       0,     161,     505,      34,    -125,     -94,     -12,    -469,    -103,     124,      36,     106,     105,     164,     160,      -3,       1,  100.0,   43.8,   75.7,   27.4,    9.5,    1.3,   15.5,    2.5,    2.7,    7.0,    6.2,    2.1,   99.9,   99.9,    0.1,    0.1,  100.0,   43.8,   75.7,   27.4,    9.5,    1.3,   15.5,    2.5,    2.7,    7.0,    6.2,    2.1,   99.9,   99.9,    0.1,    0.1,  100.0,    0.0,    0.0,    0.0,    0.0,    0.0,    0.0,    0.0,    0.0,    0.0,    0.0,    0.0,    0.0,    0.0,    0.0,    0.0,     65,     14,      7,.,      5,      6,     14,      6,      5,     11,      7,      5,     50,     33,     65,     14,      7,.,      5,      6,     14,      6,      5,     11,      7,      5,     50,     33,      0,      0,      0,      0,      0,      0,      0,      0,      0,      0,      0,      0,      0,      0,    52.6,    82.7,    70.8,    91.5,    52.6,    81.8,    67.7,    87.8,    52.6,    82.7,    70.8,    91.5,    52.6,    81.8,    67.7,    87.8,     0.0,     0.0,     0.0,     0.0,     0.0,     0.0,     0.0,     0.0,"1,000 RGGI CO2 Allowances","0063EM","IFED","006 ","N60","FutOnly"
"RGGI V2027 - ICE FUTURES ENERGY DIV",260818,2026-08-18,0063F6,IFED,01,006 ,   22487,   13403,    3064,    3526,    3079,     250,       0,   12737,    1954,    2962,     967,     377,   22472,   22428,      15,      59,   22487,   13403,    3064,    3526,    3079,     250,       0,   12737,    1954,    2962,     967,     377,   22472,   22428,      15,      59,       0,       0,       0,       0,       0,       0,       0,       0,       0,       0,       0,       0,       0,       0,       0,       0,     165,     142,      67,       9,      -1,       0,       0,     -53,     -18,       2,     135,      30,     165,     160,       0,       5,  100.0,   59.6,   13.6,   15.7,   13.7,    1.1,    0.0,   56.6,    8.7,   13.2,    4.3,    1.7,   99.9,   99.7,    0.1,    0.3,  100.0,   59.6,   13.6,   15.7,   13.7,    1.1,    0.0,   56.6,    8.7,   13.2,    4.3,    1.7,   99.9,   99.7,    0.1,    0.3,  100.0,    0.0,    0.0,    0.0,    0.0,    0.0,    0.0,    0.0,    0.0,    0.0,    0.0,    0.0,    0.0,    0.0,    0.0,    0.0,     34,      5,      8,      5,.,.,      0,      8,.,      5,      4,.,     16,     25,     34,      5,      8,      5,.,.,      0,      8,.,      5,      4,.,     16,     25,      0,      0,      0,      0,      0,      0,      0,      0,      0,      0,      0,      0,      0,      0,    67.0,    66.5,    90.4,    85.4,    64.8,    57.8,    80.8,    76.7,    67.0,    66.5,    90.4,    85.4,    64.8,    57.8,    80.8,    76.7,     0.0,     0.0,     0.0,     0.0,     0.0,     0.0,     0.0,     0.0,"(1,000 RGGI CO2 Allowances)","0063F6","IFED","006 ","N60","FutOnly"
"TX REC CRS V26 BACK HALF - NODAL EXCHANGE",260818,2026-08-18,006NHT,NODX,01,006 ,    8952,    8418,    2624,     300,     435,       0,       0,       0,       0,      75,    5722,       0,    8793,    8781,     159,     171,    8952,    8418,    2624,     300,     435,       0,       0,       0,       0,      75,    5722,       0,    8793,    8781,     159,     171,       0,       0,       0,       0,       0,       0,       0,       0,       0,       0,       0,       0,       0,       0,       0,       0,      25,      25,       0,       0,       0,       0,       0,       0,       0,       0,      25,       0,      25,      25,       0,       0,  100.0,   94.0,   29.3,    3.4,    4.9,    0.0,    0.0,    0.0,    0.0,    0.8,   63.9,    0.0,   98.2,   98.1,    1.8,    1.9,  100.0,   94.0,   29.3,    3.4,    4.9,    0.0,    0.0,    0.0,    0.0,    0.8,   63.9,    0.0,   98.2,   98.1,    1.8,    1.9,  100.0,    0.0,    0.0,    0.0,    0.0,    0.0,    0.0,    0.0,    0.0,    0.0,    0.0,    0.0,    0.0,    0.0,    0.0,    0.0,     30,     13,      7,.,.,      0,      0,      0,      0,.,      7,      0,     15,     15,     30,     13,      7,.,.,      0,      0,      0,      0,.,      7,      0,     15,     15,      0,      0,      0,      0,      0,      0,      0,      0,      0,      0,      0,      0,      0,      0,    63.8,    63.6,    87.9,    85.9,    63.8,    63.6,    87.9,    85.9,    63.8,    63.6,    87.9,    85.9,    63.8,    63.6,    87.9,    85.9,     0.0,     0.0,     0.0,     0.0,     0.0,     0.0,     0.0,     0.0,"1000 Texas RECs","006NHT","NODX","006 ","N60","FutOnly"
"TX REC CRS V27 BACK HALF - NODAL EXCHANGE",260818,2026-08-18,006NHU,NODX,01,006 ,    6815,    5889,    1902,       0,     400,       0,       0,       0,       0,     626,    4213,       0,    6515,    6515,     300,     300,    6815,    5889,    1902,       0,     400,       0,       0,       0,       0,     626,    4213,       0,    6515,    6515,     300,     300,       0,       0,       0,       0,       0,       0,       0,       0,       0,       0,       0,       0,       0,       0,       0,       0,     -36,    -140,       0,       0,       0,       0,       0,       0,       0,      86,     -65,       0,     -54,     -65,      18,      29,  100.0,   86.4,   27.9,    0.0,    5.9,    0.0,    0.0,    0.0,    0.0,    9.2,   61.8,    0.0,   95.6,   95.6,    4.4,    4.4,  100.0,   86.4,   27.9,    0.0,    5.9,    0.0,    0.0,    0.0,    0.0,    9.2,   61.8,    0.0,   95.6,   95.6,    4.4,    4.4,  100.0,    0.0,    0.0,    0.0,    0.0,    0.0,    0.0,    0.0,    0.0,    0.0,    0.0,    0.0,    0.0,    0.0,    0.0,    0.0,     32,     13,      6,      0,.,      0,      0,      0,      0,      6,      5,      0,     19,     13,     32,     13,      6,      0,.,      0,      0,      0,      0,      6,      5,      0,     19,     13,      0,      0,      0,      0,      0,      0,      0,      0,      0,      0,      0,      0,      0,      0,    65.2,    70.6,    83.9,    89.8,    65.2,    70.6,    83.9,    89.8,    65.2,    70.6,    83.9,    89.8,    65.2,    70.6,    83.9,    89.8,     0.0,     0.0,     0.0,     0.0,     0.0,     0.0,     0.0,     0.0,"1000 Texas RECs","006NHU","NODX","006 ","N60","FutOnly"
"TX REC CRS V28 BACK HALF - NODAL EXCHANGE",260818,2026-08-18,006NHV,NODX,01,006 ,    5353,    3692,    1546,      25,     412,       0,     164,       0,       0,     724,    2632,     441,    5046,    5031,     307,     322,    5353,    3692,    1546,      25,     412,       0,     164,       0,       0,     724,    2632,     441,    5046,    5031,     307,     322,       0,       0,       0,       0,       0,       0,       0,       0,       0,       0,       0,       0,       0,       0,       0,       0,       0,       0,       0,       0,       0,       0,       0,       0,       0,       0,       0,       0,       0,       0,       0,       0,  100.0,   69.0,   28.9,    0.5,    7.7,    0.0,    3.1,    0.0,    0.0,   13.5,   49.2,    8.2,   94.3,   94.0,    5.7,    6.0,  100.0,   69.0,   28.9,    0.5,    7.7,    0.0,    3.1,    0.0,    0.0,   13.5,   49.2,    8.2,   94.3,   94.0,    5.7,    6.0,  100.0,    0.0,    0.0,    0.0,    0.0,    0.0,    0.0,    0.0,    0.0,    0.0,    0.0,    0.0,    0.0,    0.0,    0.0,    0.0,     31,     13,      6,.,.,      0,.,      0,      0,      6,.,.,     21,     11,     31,     13,      6,.,.,      0,.,      0,      0,      6,.,.,     21,     11,      0,      0,      0,      0,      0,      0,      0,      0,      0,      0,      0,      0,      0,      0,    49.8,    68.6,    73.3,    87.7,    43.4,    68.1,    65.1,    82.3,    49.8,    68.6,    73.3,    87.7,    43.4,    68.1,    65.1,    82.3,     0.0,     0.0,     0.0,     0.0,     0.0,     0.0,     0.0,     0.0,"1000 Texas RECs","006NHV","NODX","006 ","N60","FutOnly"
"TX REC CRS V29 BACK HALF - NODAL EXCHANGE",260818,2026-08-18,006NHW,NODX,01,006 ,    5027,    4368,    1278,       0,     587,       0,       0,       0,       0,     557,    3060,       0,    4925,    4925,     102,     102,    5027,    4368,    1278,       0,     587,       0,       0,       0,       0,     557,    3060,       0,    4925,    4925,     102,     102,       0,       0,       0,       0,       0,       0,       0,       0,       0,       0,       0,       0,       0,       0,       0,       0,       0,       0,       0,       0,       0,       0,       0,       0,       0,       0,       0,       0,       0,       0,       0,       0,  100.0,   86.9,   25.4,    0.0,   11.7,    0.0,    0.0,    0.0,    0.0,   11.1,   60.9,    0.0,   98.0,   98.0,    2.0,    2.0,  100.0,   86.9,   25.4,    0.0,   11.7,    0.0,    0.0,    0.0,    0.0,   11.1,   60.9,    0.0,   98.0,   98.0,    2.0,    2.0,  100.0,    0.0,    0.0,    0.0,    0.0,    0.0,    0.0,    0.0,    0.0,    0.0,    0.0,    0.0,    0.0,    0.0,    0.0,    0.0,     29,     13,      4,      0,.,      0,      0,      0,      0,      5,      4,      0,     18,     11,     29,     13,      4,      0,.,      0,      0,      0,      0,      5,      4,      0,     18,     11,      0,      0,      0,      0,      0,      0,      0,      0,      0,      0,      0,      0,      0,      0,    61.0,    80.8,    84.5,    95.0,    61.0,    80.8,    84.5,    95.0,    61.0,    80.8,    84.5,    95.0,    61.0,    80.8,    84.5,    95.0,     0.0,     0.0,     0.0,     0.0,     0.0,     0.0,     0.0,     0.0,"1000 Texas RECs","006NHW","NODX","006 ","N60","FutOnly"
"TX REC CRS V30 BACK HALF - NODAL EXCHANGE",260818,2026-08-18,006NHX,NODX,01,006 ,    3913,    3577,     973,       0,     275,       0,       0,       0,       0,     195,    2512,       0,    3772,    3760,     141,     153,    3913,    3577,     973,       0,     275,       0,       0,       0,       0,     195,    2512,       0,    3772,    3760,     141,     153,       0,       0,       0,       0,       0,       0,       0,       0,       0,       0,       0,       0,       0,       0,       0,       0,     100,     100,       0,       0,       0,       0,       0,       0,       0,       0,     100,       0,     100,     100,       0,       0,  100.0,   91.4,   24.9,    0.0,    7.0,    0.0,    0.0,    0.0,    0.0,    5.0,   64.2,    0.0,   96.4,   96.1,    3.6,    3.9,  100.0,   91.4,   24.9,    0.0,    7.0,    0.0,    0.0,    0.0,    0.0,    5.0,   64.2,    0.0,   96.4,   96.1,    3.6,    3.9,  100.0,    0.0,    0.0,    0.0,    0.0,    0.0,    0.0,    0.0,    0.0,    0.0,    0.0,    0.0,    0.0,    0.0,    0.0,    0.0,     28,     11,      8,      0,.,      0,      0,      0,      0,      4,      5,      0,     15,     15,     28,     11,      8,      0,.,      0,      0,      0,      0,      4,      5,      0,     15,     15,      0,      0,      0,      0,      0,      0,      0,      0,      0,      0,      0,      0,      0,      0,    77.6,    72.1,    88.6,    89.6,    76.9,    72.1,    87.9,    89.6,    77.6,    72.1,    88.6,    89.6,    76.9,    72.1,    87.9,    89.6,     0.0,     0.0,     0.0,     0.0,     0.0,     0.0,     0.0,     0.0,"(1,000 MWh representing 1,000 Texas RECs)","006NHX","NODX","006 ","N60","FutOnly"
"TX REC CRS V26 FRONT HALF - NODAL EXCHANGE",260818,2026-08-18,006NHY,NODX,01,006 ,    8105,    7446,    3546,       0,     747,       0,       0,       0,       0,     328,    3482,       0,    7774,    7775,     331,     330,    8105,    7446,    3546,       0,     747,       0,       0,       0,       0,     328,    3482,       0,    7774,    7775,     331,     330,       0,       0,       0,       0,       0,       0,       0,       0,       0,       0,       0,       0,       0,       0,       0,       0,       0,       0,       0,       0,       0,       0,       0,       0,       0,       0,       0,       0,       0,       0,       0,       0,  100.0,   91.9,   43.8,    0.0,    9.2,    0.0,    0.0,    0.0,    0.0,    4.0,   43.0,    0.0,   95.9,   95.9,    4.1,    4.1,  100.0,   91.9,   43.8,    0.0,    9.2,    0.0,    0.0,    0.0,    0.0,    4.0,   43.0,    0.0,   95.9,   95.9,    4.1,    4.1,  100.0,    0.0,    0.0,    0.0,    0.0,    0.0,    0.0,    0.0,    0.0,    0.0,    0.0,    0.0,    0.0,    0.0,    0.0,    0.0,     30,     15,      5,      0,.,      0,      0,      0,      0,.,      5,      0,     18,     12,     30,     15,      5,      0,.,      0,      0,      0,      0,.,      5,      0,     18,     12,      0,      0,      0,      0,      0,      0,      0,      0,      0,      0,      0,      0,      0,      0,    64.3,    58.8,    81.6,    86.2,    64.3,    58.8,    81.6,    86.2,    64.3,    58.8,    81.6,    86.2,    64.3,    58.8,    81.6,    86.2,     0.0,     0.0,     0.0,     0.0,     0.0,     0.0,     0.0,     0.0,"1000 Texas RECs","006NHY","NODX","006 ","N60","FutOnly"
"TX REC CRS V27 FRONT HALF - NODAL EXCHANGE",260818,2026-08-18,006NHZ,NODX,01,006 ,    7382,    5838,    3372,       0,     703,       0,       0,       0,       0,    1389,    3131,       0,    7227,    7206,     155,     176,    7382,    5838,    3372,       0,     703,       0,       0,       0,       0,    1389,    3131,       0,    7227,    7206,     155,     176,       0,       0,       0,       0,       0,       0,       0,       0,       0,       0,       0,       0,       0,       0,       0,       0,       0,       0,       0,       0,       0,       0,       0,       0,       0,       0,       0,       0,       0,       0,       0,       0,  100.0,   79.1,   45.7,    0.0,    9.5,    0.0,    0.0,    0.0,    0.0,   18.8,   42.4,    0.0,   97.9,   97.6,    2.1,    2.4,  100.0,   79.1,   45.7,    0.0,    9.5,    0.0,    0.0,    0.0,    0.0,   18.8,   42.4,    0.0,   97.9,   97.6,    2.1,    2.4,  100.0,    0.0,    0.0,    0.0,    0.0,    0.0,    0.0,    0.0,    0.0,    0.0,    0.0,    0.0,    0.0,    0.0,    0.0,    0.0,     33,     15,      7,      0,.,      0,      0,      0,      0,      7,.,      0,     22,     12,     33,     15,      7,      0,.,      0,      0,      0,      0,      7,.,      0,     22,     12,      0,      0,      0,      0,      0,      0,      0,      0,      0,      0,      0,      0,      0,      0,    59.3,    75.8,    78.1,    93.6,    59.3,    75.4,    78.1,    93.2,    59.3,    75.8,    78.1,    93.6,    59.3,    75.4,    78.1,    93.2,     0.0,     0.0,     0.0,     0.0,     0.0,     0.0,     0.0,     0.0,"1000 Texas RECs","006NHZ","NODX","006 ","N60","FutOnly"
"TX REC CRS V28 FRONT HALF - NODAL EXCHANGE",260818,2026-08-18,006NJ1,NODX,01,006 ,    5916,    4990,    2042,       0,     538,       0,       0,       0,       0,     651,    3032,       0,    5641,    5612,     275,     304,    5916,    4990,    2042,       0,     538,       0,       0,       0,       0,     651,    3032,       0,    5641,    5612,     275,     304,       0,       0,       0,       0,       0,       0,       0,       0,       0,       0,       0,       0,       0,       0,       0,       0,       0,       0,       0,       0,       0,       0,       0,       0,       0,       0,       0,       0,       0,       0,       0,       0,  100.0,   84.3,   34.5,    0.0,    9.1,    0.0,    0.0,    0.0,    0.0,   11.0,   51.3,    0.0,   95.4,   94.9,    4.6,    5.1,  100.0,   84.3,   34.5,    0.0,    9.1,    0.0,    0.0,    0.0,    0.0,   11.0,   51.3,    0.0,   95.4,   94.9,    4.6,    5.1,  100.0,    0.0,    0.0,    0.0,    0.0,    0.0,    0.0,    0.0,    0.0,    0.0,    0.0,    0.0,    0.0,    0.0,    0.0,    0.0,     25,     10,      7,      0,.,      0,      0,      0,      0,.,      5,      0,     13,     13,     25,     10,      7,      0,.,      0,      0,      0,      0,.,      5,      0,     13,     13,      0,      0,      0,      0,      0,      0,      0,      0,      0,      0,      0,      0,      0,      0,    68.3,    71.4,    85.5,    89.2,    67.4,    71.4,    84.6,    89.2,    68.3,    71.4,    85.5,    89.2,    67.4,    71.4,    84.6,    89.2,     0.0,     0.0,     0.0,     0.0,     0.0,     0.0,     0.0,     0.0,"1000 Texas RECs","006NJ1","NODX","006 ","N60","FutOnly"
"TX REC CRS V29 FRONT HALF - NODAL EXCHANGE",260818,2026-08-18,006NJ2,NODX,01,006 ,    6148,    4763,    2221,       0,     713,       0,       0,       0,       0,    1192,    3040,      75,    6030,    6049,     118,      99,    6148,    4763,    2221,       0,     713,       0,       0,       0,       0,    1192,    3040,      75,    6030,    6049,     118,      99,       0,       0,       0,       0,       0,       0,       0,       0,       0,       0,       0,       0,       0,       0,       0,       0,       0,       0,       0,       0,       0,       0,       0,       0,       0,       0,       0,       0,       0,       0,       0,       0,  100.0,   77.5,   36.1,    0.0,   11.6,    0.0,    0.0,    0.0,    0.0,   19.4,   49.4,    1.2,   98.1,   98.4,    1.9,    1.6,  100.0,   77.5,   36.1,    0.0,   11.6,    0.0,    0.0,    0.0,    0.0,   19.4,   49.4,    1.2,   98.1,   98.4,    1.9,    1.6,  100.0,    0.0,    0.0,    0.0,    0.0,    0.0,    0.0,    0.0,    0.0,    0.0,    0.0,    0.0,    0.0,    0.0,    0.0,    0.0,     29,     10,      7,      0,.,      0,      0,      0,      0,      5,      4,.,     16,     14,     29,     10,      7,      0,.,      0,      0,      0,      0,      5,      4,.,     16,     14,      0,      0,      0,      0,      0,      0,      0,      0,      0,      0,      0,      0,      0,      0,    69.8,    75.9,    89.5,    92.6,    69.8,    75.9,    89.5,    92.6,    69.8,    75.9,    89.5,    92.6,    69.8,    75.9,    89.5,    92.6,     0.0,     0.0,     0.0,     0.0,     0.0,     0.0,     0.0,     0.0,"1000 Texas RECs","006NJ2","NODX","006 ","N60","FutOnly"
"TX REC CRS V30 FRONT HALF - NODAL EXCHANGE",260818,2026-08-18,006NJ3,NODX,01,006 ,    3391,    2901,     762,       0,     400,       0,       0,       0,       0,     336,    2049,       0,    3237,    3211,     154,     180,    3391,    2901,     762,       0,     400,       0,       0,       0,       0,     336,    2049,       0,    3237,    3211,     154,     180,       0,       0,       0,       0,       0,       0,       0,       0,       0,       0,       0,       0,       0,       0,       0,       0,      76,     100,       0,       0,       0,       0,       0,       0,       0,       0,      76,       0,     100,      76,     -24,       0,  100.0,   85.5,   22.5,    0.0,   11.8,    0.0,    0.0,    0.0,    0.0,    9.9,   60.4,    0.0,   95.5,   94.7,    4.5,    5.3,  100.0,   85.5,   22.5,    0.0,   11.8,    0.0,    0.0,    0.0,    0.0,    9.9,   60.4,    0.0,   95.5,   94.7,    4.5,    5.3,  100.0,    0.0,    0.0,    0.0,    0.0,    0.0,    0.0,    0.0,    0.0,    0.0,    0.0,    0.0,    0.0,    0.0,    0.0,    0.0,     26,     10,      8,      0,.,      0,      0,      0,      0,.,      7,      0,     12,     17,     26,     10,      8,      0,.,      0,      0,      0,      0,.,      7,      0,     12,     17,      0,      0,      0,      0,      0,      0,      0,      0,      0,      0,      0,      0,      0,      0,    72.7,    64.2,    88.7,    82.0,    70.3,    64.2,    86.4,    82.0,    72.7,    64.2,    88.7,    82.0,    70.3,    64.2,    86.4,    82.0,     0.0,     0.0,     0.0,     0.0,     0.0,     0.0,     0.0,     0.0,"1000 Texas RECs","006NJ3","NODX","006 ","N60","FutOnly"
"TX REC CRS V31 BACK HALF - NODAL EXCHANGE",260818,2026-08-18,006NKH,NODX,01,006 ,    2247,    1711,     853,     262,      50,       0,       0,       0,       0,     174,    1244,       0,    2147,    2147,     100,     100,    2247,    1711,     853,     262,      50,       0,       0,       0,       0,     174,    1244,       0,    2147,    2147,     100,     100,       0,       0,       0,       0,       0,       0,       0,       0,       0,       0,       0,       0,       0,       0,       0,       0,       0,     -50,       0,      50,       0,       0,       0,       0,       0,       0,       0,       0,       0,       0,       0,       0,  100.0,   76.1,   38.0,   11.7,    2.2,    0.0,    0.0,    0.0,    0.0,    7.7,   55.4,    0.0,   95.5,   95.5,    4.5,    4.5,  100.0,   76.1,   38.0,   11.7,    2.2,    0.0,    0.0,    0.0,    0.0,    7.7,   55.4,    0.0,   95.5,   95.5,    4.5,    4.5,  100.0,    0.0,    0.0,    0.0,    0.0,    0.0,    0.0,    0.0,    0.0,    0.0,    0.0,    0.0,    0.0,    0.0,    0.0,    0.0,     21,      7,      7,.,.,      0,      0,      0,      0,.,      4,      0,     11,     12,     21,      7,      7,.,.,      0,      0,      0,      0,.,      4,      0,     11,     12,      0,      0,      0,      0,      0,      0,      0,      0,      0,      0,      0,      0,      0,      0,    72.6,    72.3,    89.2,    89.9,    70.2,    72.3,    86.9,    89.9,    72.6,    72.3,    89.2,    89.9,    70.2,    72.3,    86.9,    89.9,     0.0,     0.0,     0.0,     0.0,     0.0,     0.0,     0.0,     0.0,"1000 Texas RECs","006NKH","NODX","006 ","N60","FutOnly"
"TX REC CRS V31 FRONT HALF - NODAL EXCHANGE",260818,2026-08-18,006NKJ,NODX,01,006 ,    2166,    1486,     767,     200,     222,      63,       0,       0,       0,     312,    1014,       0,    2061,    2066,     105,     100,    2166,    1486,     767,     200,     222,      63,       0,       0,       0,     312,    1014,       0,    2061,    2066,     105,     100,       0,       0,       0,       0,       0,       0,       0,       0,       0,       0,       0,       0,       0,       0,       0,       0,       0,     -50,       0,      50,       0,       0,       0,       0,       0,       0,       0,       0,       0,       0,       0,       0,  100.0,   68.6,   35.4,    9.2,   10.2,    2.9,    0.0,    0.0,    0.0,   14.4,   46.8,    0.0,   95.2,   95.4,    4.8,    4.6,  100.0,   68.6,   35.4,    9.2,   10.2,    2.9,    0.0,    0.0,    0.0,   14.4,   46.8,    0.0,   95.2,   95.4,    4.8,    4.6,  100.0,    0.0,    0.0,    0.0,    0.0,    0.0,    0.0,    0.0,    0.0,    0.0,    0.0,    0.0,    0.0,    0.0,    0.0,    0.0,     20,      8,      5,.,.,.,      0,      0,      0,.,.,      0,     13,      9,     20,      8,      5,.,.,.,      0,      0,      0,.,.,      0,     13,      9,      0,      0,      0,      0,      0,      0,      0,      0,      0,      0,      0,      0,      0,      0,    63.3,    76.8,    84.7,    94.1,    62.0,    76.8,    83.4,    91.2,    63.3,    76.8,    84.7,    94.1,    62.0,    76.8,    83.4,    91.2,     0.0,     0.0,     0.0,     0.0,     0.0,     0.0,     0.0,     0.0,"1000 Texas RECs","006NKJ","NODX","006 ","N60","FutOnly"
"NEW JERSEY RECs CLASS 2 V2027 - NODAL EXCHANGE",260818,2026-08-18,006NMM,NODX,01,006 ,   10806,    5990,    1850,     321,    8606,       0,    1150,       0,       0,    3345,     350,       0,   10806,   10806,       0,       0,   10806,    5990,    1850,     321,    8606,       0,    1150,       0,       0,    3345,     350,       0,   10806,   10806,       0,       0,       0,       0,       0,       0,       0,       0,       0,       0,       0,       0,       0,       0,       0,       0,       0,       0,      50,      50,      50,       0,       0,       0,       0,       0,       0,       0,       0,       0,      50,      50,       0,       0,  100.0,   55.4,   17.1,    3.0,   79.6,    0.0,   10.6,    0.0,    0.0,   31.0,    3.2,    0.0,  100.0,  100.0,    0.0,    0.0,  100.0,   55.4,   17.1,    3.0,   79.6,    0.0,   10.6,    0.0,    0.0,   31.0,    3.2,    0.0,  100.0,  100.0,    0.0,    0.0,  100.0,    0.0,    0.0,    0.0,    0.0,    0.0,    0.0,    0.0,    0.0,    0.0,    0.0,    0.0,    0.0,    0.0,    0.0,    0.0,     24,     12,.,.,.,      0,.,      0,      0,      5,.,      0,     19,      5,     24,     12,.,.,.,      0,.,      0,      0,      5,.,      0,     19,      5,      0,      0,      0,      0,      0,      0,      0,      0,      0,      0,      0,      0,      0,      0,    54.8,    96.8,    81.7,   100.0,    54.8,    96.8,    81.7,   100.0,    54.8,    96.8,    81.7,   100.0,    54.8,    96.8,    81.7,   100.0,     0.0,     0.0,     0.0,     0.0,     0.0,     0.0,     0.0,     0.0,"(100 MWh representing 100 NJ Class 2 RECs)","006NMM","NODX","006 ","N60","FutOnly"
"PENNSYLVANIA AEC TIER 2-V2027 - NODAL EXCHANGE",260818,2026-08-18,006NMT,NODX,01,006 ,   26528,   18625,   14959,    1020,     500,       0,    2500,       0,       0,    4383,   11069,       0,   26528,   26528,       0,       0,   26528,   18625,   14959,    1020,     500,       0,    2500,       0,       0,    4383,   11069,       0,   26528,   26528,       0,       0,       0,       0,       0,       0,       0,       0,       0,       0,       0,       0,       0,       0,       0,       0,       0,       0,     300,     550,       0,       0,       0,       0,       0,       0,       0,    -250,     300,       0,     300,     300,       0,       0,  100.0,   70.2,   56.4,    3.8,    1.9,    0.0,    9.4,    0.0,    0.0,   16.5,   41.7,    0.0,  100.0,  100.0,    0.0,    0.0,  100.0,   70.2,   56.4,    3.8,    1.9,    0.0,    9.4,    0.0,    0.0,   16.5,   41.7,    0.0,  100.0,  100.0,    0.0,    0.0,  100.0,    0.0,    0.0,    0.0,    0.0,    0.0,    0.0,    0.0,    0.0,    0.0,    0.0,    0.0,    0.0,    0.0,    0.0,    0.0,     31,     14,      6,.,.,      0,.,      0,      0,      4,      4,      0,     21,     11,     31,     14,      6,.,.,      0,.,      0,      0,      4,      4,      0,     21,     11,      0,      0,      0,      0,      0,      0,      0,      0,      0,      0,      0,      0,      0,      0,    50.9,    79.3,    75.6,    96.3,    50.9,    79.3,    75.6,    96.1,    50.9,    79.3,    75.6,    96.3,    50.9,    79.3,    75.6,    96.1,     0.0,     0.0,     0.0,     0.0,     0.0,     0.0,     0.0,     0.0,"(100 MWh = 100 Tier 2  AECs)","006NMT","NODX","006 ","N60","FutOnly"
"NEW JERSEY RECs CLASS 2 V2028 - NODAL EXCHANGE",260818,2026-08-18,006NMW,NODX,01,006 ,    4361,    2050,    2495,     201,       0,       0,     900,       0,       0,    1210,    1866,       0,    4361,    4361,       0,       0,    4361,    2050,    2495,     201,       0,       0,     900,       0,       0,    1210,    1866,       0,    4361,    4361,       0,       0,       0,       0,       0,       0,       0,       0,       0,       0,       0,       0,       0,       0,       0,       0,       0,       0,.,.,.,.,.,.,.,.,.,.,.,.,.,.,.,.,  100.0,   47.0,   57.2,    4.6,    0.0,    0.0,   20.6,    0.0,    0.0,   27.7,   42.8,    0.0,  100.0,  100.0,    0.0,    0.0,  100.0,   47.0,   57.2,    4.6,    0.0,    0.0,   20.6,    0.0,    0.0,   27.7,   42.8,    0.0,  100.0,  100.0,    0.0,    0.0,  100.0,    0.0,    0.0,    0.0,    0.0,    0.0,    0.0,    0.0,    0.0,    0.0,    0.0,    0.0,    0.0,    0.0,    0.0,    0.0,     21,      8,      5,.,      0,      0,.,      0,      0,      4,.,      0,     14,      7,     21,      8,      5,.,      0,      0,.,      0,      0,      4,.,      0,     14,      7,      0,      0,      0,      0,      0,      0,      0,      0,      0,      0,      0,      0,      0,      0,    61.9,    89.7,    88.3,   100.0,    61.9,    89.7,    88.3,   100.0,    61.9,    89.7,    88.3,   100.0,    61.9,    89.7,    88.3,   100.0,     0.0,     0.0,     0.0,     0.0,     0.0,     0.0,     0.0,     0.0,"100 MWh representing 100 NJ Class 2 RECs","006NMW","NODX","006 ","N60","FutOnly"
"PENNSYLVANIA AEC TIER 2-V2028 - NODAL EXCHANGE",260818,2026-08-18,006NMX,NODX,01,006 ,   20730,   16565,   12956,     550,       0,       0,     550,       0,       0,    3065,    7774,       0,   20730,   20730,       0,       0,   20730,   16565,   12956,     550,       0,       0,     550,       0,       0,    3065,    7774,       0,   20730,   20730,       0,       0,       0,       0,       0,       0,       0,       0,       0,       0,       0,       0,       0,       0,       0,       0,       0,       0,       0,       0,       0,       0,       0,       0,       0,       0,       0,       0,       0,       0,       0,       0,       0,       0,  100.0,   79.9,   62.5,    2.7,    0.0,    0.0,    2.7,    0.0,    0.0,   14.8,   37.5,    0.0,  100.0,  100.0,    0.0,    0.0,  100.0,   79.9,   62.5,    2.7,    0.0,    0.0,    2.7,    0.0,    0.0,   14.8,   37.5,    0.0,  100.0,  100.0,    0.0,    0.0,  100.0,    0.0,    0.0,    0.0,    0.0,    0.0,    0.0,    0.0,    0.0,    0.0,    0.0,    0.0,    0.0,    0.0,    0.0,    0.0,     27,     13,      4,.,      0,      0,.,      0,      0,      5,.,      0,     21,      6,     27,     13,      4,.,      0,      0,.,      0,      0,      5,.,      0,     21,      6,      0,      0,      0,      0,      0,      0,      0,      0,      0,      0,      0,      0,      0,      0,    55.3,    97.7,    76.7,   100.0,    55.3,    97.7,    76.7,   100.0,    55.3,    97.7,    76.7,   100.0,    55.3,    97.7,    76.7,   100.0,     0.0,     0.0,     0.0,     0.0,     0.0,     0.0,     0.0,     0.0,"(100 MWh = 100 Tier 2  AECs)","006NMX","NODX","006 ","N60","FutOnly"
"SOYBEAN OIL - CHICAGO BOARD OF TRADE",260818,2026-08-18,007601,CBT ,00,007 ,  624433,  188167,  388972,   96063,   11470,   20885,  116669,   25436,   83676,   33488,   20479,   49383,  588331,  600301,   36102,   24132,   90293,   62091,   59214,    6750,    5458,      77,   13172,    8708,      72,    4452,   13502,       0,   86614,   87031,    3679,    3262,  534140,  126076,  329758,   92176,    8875,   17945,  112948,   26179,   74153,   37462,   15403,   40957,  501717,  513270,   32423,   20870,    4364,   -6736,   13479,    1680,    1501,    2447,    6651,   -5298,   -1322,    5675,   -2690,   -4761,    3634,    3356,     730,    1008,  100.0,   30.1,   62.3,   15.4,    1.8,    3.3,   18.7,    4.1,   13.4,    5.4,    3.3,    7.9,   94.2,   96.1,    5.8,    3.9,  100.0,   68.8,   65.6,    7.5,    6.0,    0.1,   14.6,    9.6,    0.1,    4.9,   15.0,    0.0,   95.9,   96.4,    4.1,    3.6,  100.0,   23.6,   61.7,   17.3,    1.7,    3.4,   21.1,    4.9,   13.9,    7.0,    2.9,    7.7,   93.9,   96.1,    6.1,    3.9,    335,     80,     86,     24,     10,     18,     88,     24,     58,     41,     27,     46,    291,    225,    169,     46,     45,     11,     11,.,     18,     15,.,     14,     19,      0,     92,     90,    331,     69,     82,     24,      9,     15,     86,     27,     56,     42,     27,     43,    276,    215,    11.3,    26.3,    18.2,    37.8,     7.8,    22.1,    12.6,    29.4,    40.2,    37.1,    53.7,    50.2,    38.9,    36.5,    52.4,    49.2,    10.7,    26.8,    18.0,    39.3,     9.1,    23.8,    14.6,    35.2,"(CONTRACTS OF 60,000 POUNDS)","007601","CBT ","007 ","A30","FutOnly"
"USGC HSFO (PLATTS) - ICE FUTURES ENERGY DIV",260818,2026-08-18,02141B,IFED,01,021 ,   29840,   14973,   26922,    1948,     416,     173,      25,       0,     135,   10544,       0,    2033,   29831,   29679,       9,     161,   29840,   14973,   26922,    1948,     416,     173,      25,       0,     135,   10544,       0,    2033,   29831,   29679,       9,     161,       0,       0,       0,       0,       0,       0,       0,       0,       0,       0,       0,       0,       0,       0,       0,       0,    3450,    2750,    3500,     -18,       0,     -22,       0,       0,       0,     694,     -65,      69,    3473,    3482,     -23,     -32,  100.0,   50.2,   90.2,    6.5,    1.4,    0.6,    0.1,    0.0,    0.5,   35.3,    0.0,    6.8,  100.0,   99.5,    0.0,    0.5,  100.0,   50.2,   90.2,    6.5,    1.4,    0.6,    0.1,    0.0,    0.5,   35.3,    0.0,    6.8,  100.0,   99.5,    0.0,    0.5,  100.0,    0.0,    0.0,    0.0,    0.0,    0.0,    0.0,    0.0,    0.0,    0.0,    0.0,    0.0,    0.0,    0.0,    0.0,    0.0,     59,     24,     37,      4,.,.,.,      0,.,     10,      0,      7,     42,     49,     59,     24,     37,      4,.,.,.,      0,.,     10,      0,      7,     42,     49,      0,      0,      0,      0,      0,      0,      0,      0,      0,      0,      0,      0,      0,      0,    44.6,    30.5,    65.2,    49.4,    36.3,    18.9,    43.5,    31.6,    44.6,    30.5,    65.2,    49.4,    36.3,    18.9,    43.5,    31.6,     0.0,     0.0,     0.0,     0.0,     0.0,     0.0,     0.0,     0.0,"(1000 barrels)","02141B","IFED","021 ","N10","FutOnly"
"FUEL OIL-3% USGC/3.5% FOB RDAM - ICE FUTURES ENERGY DIV",260818,2026-08-18,02141C,IFED,01,021 ,   19799,   12406,    6814,    4306,    1086,     135,       0,    2760,       0,    1353,    7367,    1599,   19799,   19761,       0,      38,   19799,   12406,    6814,    4306,    1086,     135,       0,    2760,       0,    1353,    7367,    1599,   19799,   19761,       0,      38,       0,       0,       0,       0,       0,       0,       0,       0,       0,       0,       0,       0,       0,       0,       0,       0,    1938,    1598,     389,       0,     127,      95,       0,       0,       0,      25,    1107,     220,    1938,    1938,       0,       0,  100.0,   62.7,   34.4,   21.7,    5.5,    0.7,    0.0,   13.9,    0.0,    6.8,   37.2,    8.1,  100.0,   99.8,    0.0,    0.2,  100.0,   62.7,   34.4,   21.7,    5.5,    0.7,    0.0,   13.9,    0.0,    6.8,   37.2,    8.1,  100.0,   99.8,    0.0,    0.2,  100.0,    0.0,    0.0,    0.0,    0.0,    0.0,    0.0,    0.0,    0.0,    0.0,    0.0,    0.0,    0.0,    0.0,    0.0,    0.0,     42,     22,     15,      4,.,.,      0,.,      0,.,      7,.,     31,     27,     42,     22,     15,      4,.,.,      0,.,      0,.,      7,.,     31,     27,      0,      0,      0,      0,      0,      0,      0,      0,      0,      0,      0,      0,      0,      0,    39.0,    63.8,    65.7,    80.9,    36.5,    53.4,    54.6,    63.1,    39.0,    63.8,    65.7,    80.9,    36.5,    53.4,    54.6,    63.1,     0.0,     0.0,     0.0,     0.0,     0.0,     0.0,     0.0,     0.0,"(1000 barrels)","02141C","IFED","021 ","N10","FutOnly"
"USGC HSFO-PLATTS/BRENT 1ST LN  - ICE FUTURES ENERGY DIV",260818,2026-08-18,02141R,IFED,01,021 ,   13911,   10038,    7291,     258,    1320,       0,       0,       0,       0,    2062,    3651,    1523,   13881,   13785,      30,     126,   13911,   10038,    7291,     258,    1320,       0,       0,       0,       0,    2062,    3651,    1523,   13881,   13785,      30,     126,       0,       0,       0,       0,       0,       0,       0,       0,       0,       0,       0,       0,       0,       0,       0,       0,    1073,     762,     318,      10,      85,       0,       0,       0,       0,      -3,     366,     304,    1073,    1073,       0,       0,  100.0,   72.2,   52.4,    1.9,    9.5,    0.0,    0.0,    0.0,    0.0,   14.8,   26.2,   10.9,   99.8,   99.1,    0.2,    0.9,  100.0,   72.2,   52.4,    1.9,    9.5,    0.0,    0.0,    0.0,    0.0,   14.8,   26.2,   10.9,   99.8,   99.1,    0.2,    0.9,  100.0,    0.0,    0.0,    0.0,    0.0,    0.0,    0.0,    0.0,    0.0,    0.0,    0.0,    0.0,    0.0,    0.0,    0.0,    0.0,     44,     24,     17,.,.,      0,      0,      0,      0,.,      7,      5,     33,     27,     44,     24,     17,.,.,      0,      0,      0,      0,.,      7,      5,     33,     27,      0,      0,      0,      0,      0,      0,      0,      0,      0,      0,      0,      0,      0,      0,    66.7,    54.2,    79.9,    77.2,    57.9,    52.6,    71.0,    67.2,    66.7,    54.2,    79.9,    77.2,    57.9,    52.6,    71.0,    67.2,     0.0,     0.0,     0.0,     0.0,     0.0,     0.0,     0.0,     0.0,"(1000 Barrels)","02141R","IFED","021 ","N10","FutOnly"
"NY HARBOR ULSD - NEW YORK MERCANTILE EXCHANGE",260818,2026-08-18,022651,NYME,01,022 ,  271139,   50190,  134067,   56615,    7791,   10300,   39534,   23651,   19842,   10278,   12282,   33058,  219817,  240991,   51322,   30148,  271139,   50190,  134067,   56615,    7791,   10300,   39534,   23651,   19842,   10278,   12282,   33058,  219817,  240991,   51322,   30148,       0,       0,       0,       0,       0,       0,       0,       0,       0,       0,       0,       0,       0,       0,       0,       0,    5119,    3176,    5472,    4213,    -432,    -954,    3242,     933,     292,     -62,    1557,   -2278,    7629,    4590,   -2510,     529,  100.0,   18.5,   49.4,   20.9,    2.9,    3.8,   14.6,    8.7,    7.3,    3.8,    4.5,   12.2,   81.1,   88.9,   18.9,   11.1,  100.0,   18.5,   49.4,   20.9,    2.9,    3.8,   14.6,    8.7,    7.3,    3.8,    4.5,   12.2,   81.1,   88.9,   18.9,   11.1,  100.0,    0.0,    0.0,    0.0,    0.0,    0.0,    0.0,    0.0,    0.0,    0.0,    0.0,    0.0,    0.0,    0.0,    0.0,    0.0,    168,     44,     59,     18,      8,     18,     35,     12,     29,     15,     16,     23,    146,    135,    168,     44,     59,     18,      8,     18,     35,     12,     29,     15,     16,     23,    146,    135,      0,      0,      0,      0,      0,      0,      0,      0,      0,      0,      0,      0,      0,      0,    14.4,    16.2,    22.6,    27.5,    11.5,    13.6,    17.4,    20.6,    14.4,    16.2,    22.6,    27.5,    11.5,    13.6,    17.4,    20.6,     0.0,     0.0,     0.0,     0.0,     0.0,     0.0,     0.0,     0.0,"(CONTRACTS OF 42,000 U.S. GALLONS)","022651","NYME","022 ","N10","FutOnly"
"UP DOWN GC ULSD VS HO SPR - NEW YORK MERCANTILE EXCHANGE",260818,2026-08-18,022A13,NYME,01,022 ,   32683,   17916,   17102,       0,    8413,     719,       0,     202,     991,     185,       0,    1121,   20932,   28548,   11751,    4135,   32683,   17916,   17102,       0,    8413,     719,       0,     202,     991,     185,       0,    1121,   20932,   28548,   11751,    4135,       0,       0,       0,       0,       0,       0,       0,       0,       0,       0,       0,       0,       0,       0,       0,       0,     544,     290,     391,       0,     -25,       0,       0,     142,     -49,      75,       0,     -75,     241,     384,     303,     160,  100.0,   54.8,   52.3,    0.0,   25.7,    2.2,    0.0,    0.6,    3.0,    0.6,    0.0,    3.4,   64.0,   87.3,   36.0,   12.7,  100.0,   54.8,   52.3,    0.0,   25.7,    2.2,    0.0,    0.6,    3.0,    0.6,    0.0,    3.4,   64.0,   87.3,   36.0,   12.7,  100.0,    0.0,    0.0,    0.0,    0.0,    0.0,    0.0,    0.0,    0.0,    0.0,    0.0,    0.0,    0.0,    0.0,    0.0,    0.0,     25,     17,     12,      0,.,.,      0,.,.,.,      0,.,     20,     16,     25,     17,     12,      0,.,.,      0,.,.,.,      0,.,     20,     16,      0,      0,      0,      0,      0,      0,      0,      0,      0,      0,      0,      0,      0,      0,    35.4,    65.2,    47.8,    78.2,    30.7,    64.3,    37.6,    68.2,    35.4,    65.2,    47.8,    78.2,    30.7,    64.3,    37.6,    68.2,     0.0,     0.0,     0.0,     0.0,     0.0,     0.0,     0.0,     0.0,"(CONTRACTS OF 42,000 GALLONS)","022A13","NYME","022 ","N10","FutOnly"
"NAT GAS ICE LD1 - ICE FUTURES ENERGY DIV",260818,2026-08-18,023391,IFED,01,023 , 7993338, 4464552, 2402524,  838245, 2992973,  354215,  628454,  488224,  924507,  163761,  229372,  582957, 7956691, 7974772,   36647,   18566, 7993338, 4464552, 2402524,  838245, 2992973,  354215,  628454,  488224,  924507,  163761,  229372,  582957, 7956691, 7974772,   36647,   18566,       0,       0,       0,       0,       0,       0,       0,       0,       0,       0,       0,       0,       0,       0,       0,       0,  120259,   30177,   23559,   34247,   30142,    6478,  -18624,   10069,   21303,   17566,   -1295,   27678,  118825,  117934,    1434,    2325,  100.0,   55.9,   30.1,   10.5,   37.4,    4.4,    7.9,    6.1,   11.6,    2.0,    2.9,    7.3,   99.5,   99.8,    0.5,    0.2,  100.0,   55.9,   30.1,   10.5,   37.4,    4.4,    7.9,    6.1,   11.6,    2.0,    2.9,    7.3,   99.5,   99.8,    0.5,    0.2,  100.0,    0.0,    0.0,    0.0,    0.0,    0.0,    0.0,    0.0,    0.0,    0.0,    0.0,    0.0,    0.0,    0.0,    0.0,    0.0,    280,    148,    114,     21,     20,     26,     13,     12,     22,     31,     26,     47,    263,    219,    280,    148,    114,     21,     20,     26,     13,     12,     22,     31,     26,     47,    263,    219,      0,      0,      0,      0,      0,      0,      0,      0,      0,      0,      0,      0,      0,      0,    21.7,    34.0,    34.2,    49.2,    17.2,    30.1,    28.2,    43.3,    21.7,    34.0,    34.2,    49.2,    17.2,    30.1,    28.2,    43.3,     0.0,     0.0,     0.0,     0.0,     0.0,     0.0,     0.0,     0.0,"(Contracts of 2,500  MMBTU'S)","023391","IFED","023 ","N13","FutOnly"
"NAT GAS ICE PEN - ICE FUTURES ENERGY DIV",260818,2026-08-18,023392,IFED,01,023 ,  712286,  102451,   97206,  185466,   96170,  129200,   13508,  134129,  106323,  107552,   81328,   67182,  711682,  711538,     604,     748,  712286,  102451,   97206,  185466,   96170,  129200,   13508,  134129,  106323,  107552,   81328,   67182,  711682,  711538,     604,     748,       0,       0,       0,       0,       0,       0,       0,       0,       0,       0,       0,       0,       0,       0,       0,       0,    5875,   -6533,   -2221,     400,   -8061,    1725,   -5384,   12035,   -6766,   16500,    3264,    5933,    5875,    5909,       0,     -34,  100.0,   14.4,   13.6,   26.0,   13.5,   18.1,    1.9,   18.8,   14.9,   15.1,   11.4,    9.4,   99.9,   99.9,    0.1,    0.1,  100.0,   14.4,   13.6,   26.0,   13.5,   18.1,    1.9,   18.8,   14.9,   15.1,   11.4,    9.4,   99.9,   99.9,    0.1,    0.1,  100.0,    0.0,    0.0,    0.0,    0.0,    0.0,    0.0,    0.0,    0.0,    0.0,    0.0,    0.0,    0.0,    0.0,    0.0,    0.0,     73,     16,     16,     11,      7,     17,      6,      7,     10,     15,      7,     20,     66,     66,     73,     16,     16,     11,      7,     17,      6,      7,     10,     15,      7,     20,     66,     66,      0,      0,      0,      0,      0,      0,      0,      0,      0,      0,      0,      0,      0,      0,    35.4,    41.7,    56.3,    67.6,    22.4,    29.7,    33.1,    39.2,    35.4,    41.7,    56.3,    67.6,    22.4,    29.7,    33.1,    39.2,     0.0,     0.0,     0.0,     0.0,     0.0,     0.0,     0.0,     0.0,"(Contracts of 2,500  MMBTU'S)","023392","IFED","023 ","N13","FutOnly"
"SOCAL BORDER FIN BASIS - ICE FUTURES ENERGY DIV",260818,2026-08-18,023393,IFED,01,023 ,  272144,  147911,  213526,   59077,   15889,   17294,   22513,    5158,    6039,    2422,     615,    3598,  258854,  262119,   13290,   10025,  272144,  147911,  213526,   59077,   15889,   17294,   22513,    5158,    6039,    2422,     615,    3598,  258854,  262119,   13290,   10025,       0,       0,       0,       0,       0,       0,       0,       0,       0,       0,       0,       0,       0,       0,       0,       0,     908,    2531,    1182,     -67,   -1594,     823,   -3950,    -249,     438,      56,       0,     160,      -9,     760,     917,     148,  100.0,   54.4,   78.5,   21.7,    5.8,    6.4,    8.3,    1.9,    2.2,    0.9,    0.2,    1.3,   95.1,   96.3,    4.9,    3.7,  100.0,   54.4,   78.5,   21.7,    5.8,    6.4,    8.3,    1.9,    2.2,    0.9,    0.2,    1.3,   95.1,   96.3,    4.9,    3.7,  100.0,    0.0,    0.0,    0.0,    0.0,    0.0,    0.0,    0.0,    0.0,    0.0,    0.0,    0.0,    0.0,    0.0,    0.0,    0.0,     52,     25,     25,      4,      5,      6,      4,      4,      5,.,.,      5,     45,     44,     52,     25,     25,      4,      5,      6,      4,      4,      5,.,.,      5,     45,     44,      0,      0,      0,      0,      0,      0,      0,      0,      0,      0,      0,      0,      0,      0,    40.7,    56.2,    61.2,    68.5,    39.6,    52.1,    59.3,    61.8,    40.7,    56.2,    61.2,    68.5,    39.6,    52.1,    59.3,    61.8,     0.0,     0.0,     0.0,     0.0,     0.0,     0.0,     0.0,     0.0,"(Contracts of 2,500  MMBTU'S)","023393","IFED","023 ","N13","FutOnly"
"PG&E CITYGATE FIN BASIS - ICE FUTURES ENERGY DIV",260818,2026-08-18,023394,IFED,01,023 ,  181397,  141143,  131123,   12061,   24390,    6108,    4549,    8126,    4426,    2572,    1304,     743,  171602,  176220,    9795,    5177,  181397,  141143,  131123,   12061,   24390,    6108,    4549,    8126,    4426,    2572,    1304,     743,  171602,  176220,    9795,    5177,       0,       0,       0,       0,       0,       0,       0,       0,       0,       0,       0,       0,       0,       0,       0,       0,    8309,    3927,    5947,   -1516,    -706,    2585,    2351,     -77,     111,     441,     312,      52,    7951,    8224,     358,      85,  100.0,   77.8,   72.3,    6.6,   13.4,    3.4,    2.5,    4.5,    2.4,    1.4,    0.7,    0.4,   94.6,   97.1,    5.4,    2.9,  100.0,   77.8,   72.3,    6.6,   13.4,    3.4,    2.5,    4.5,    2.4,    1.4,    0.7,    0.4,   94.6,   97.1,    5.4,    2.9,  100.0,    0.0,    0.0,    0.0,    0.0,    0.0,    0.0,    0.0,    0.0,    0.0,    0.0,    0.0,    0.0,    0.0,    0.0,    0.0,     48,     29,     23,      5,.,      8,.,      4,      4,.,.,.,     46,     40,     48,     29,     23,      5,.,      8,.,      4,      4,.,.,.,     46,     40,      0,      0,      0,      0,      0,      0,      0,      0,      0,      0,      0,      0,      0,      0,    47.0,    59.0,    61.5,    75.0,    46.8,    52.5,    59.0,    67.1,    47.0,    59.0,    61.5,    75.0,    46.8,    52.5,    59.0,    67.1,     0.0,     0.0,     0.0,     0.0,     0.0,     0.0,     0.0,     0.0,"(Contracts of 2,500  MMBTU'S)","023394","IFED","023 ","N13","FutOnly"
"NWP ROCKIES FIN BASIS - ICE FUTURES ENERGY DIV",260818,2026-08-18,023395,IFED,01,023 ,  379678,  242178,  222703,   79858,  123557,   10642,   27080,    2934,    4016,       0,    2874,    3935,  367709,  370661,   11969,    9017,  379678,  242178,  222703,   79858,  123557,   10642,   27080,    2934,    4016,       0,    2874,    3935,  367709,  370661,   11969,    9017,       0,       0,       0,       0,       0,       0,       0,       0,       0,       0,       0,       0,       0,       0,       0,       0,    6397,    1433,    4005,    2667,    2074,     865,    2160,    -605,    -655,       0,    -508,     153,    6623,    5329,    -226,    1068,  100.0,   63.8,   58.7,   21.0,   32.5,    2.8,    7.1,    0.8,    1.1,    0.0,    0.8,    1.0,   96.8,   97.6,    3.2,    2.4,  100.0,   63.8,   58.7,   21.0,   32.5,    2.8,    7.1,    0.8,    1.1,    0.0,    0.8,    1.0,   96.8,   97.6,    3.2,    2.4,  100.0,    0.0,    0.0,    0.0,    0.0,    0.0,    0.0,    0.0,    0.0,    0.0,    0.0,    0.0,    0.0,    0.0,    0.0,    0.0,     65,     29,     31,      9,      8,     11,      7,.,      5,      0,.,.,     55,     52,     65,     29,     31,      9,      8,     11,      7,.,      5,      0,.,.,     55,     52,      0,      0,      0,      0,      0,      0,      0,      0,      0,      0,      0,      0,      0,      0,    47.9,    44.5,    64.2,    63.3,    36.8,    40.1,    51.8,    53.4,    47.9,    44.5,    64.2,    63.3,    36.8,    40.1,    51.8,    53.4,     0.0,     0.0,     0.0,     0.0,     0.0,     0.0,     0.0,     0.0,"(Contracts of 2,500  MMBTU'S)","023395","IFED","023 ","N13","FutOnly"
"AECO FIN BASIS - ICE FUTURES ENERGY DIV",260818,2026-08-18,023396,IFED,01,023 ,  984452,  842129,  228090,   56927,  705695,   25049,   15128,    3906,   10187,   15051,    4228,    1674,  966145,  978829,   18307,    5623,  984452,  842129,  228090,   56927,  705695,   25049,   15128,    3906,   10187,   15051,    4228,    1674,  966145,  978829,   18307,    5623,       0,       0,       0,       0,       0,       0,       0,       0,       0,       0,       0,       0,       0,       0,       0,       0,    -319,     545,     -21,     114,    -516,      44,   -3154,   -2184,    2244,     150,   -2452,      73,      16,   -2812,    -335,    2493,  100.0,   85.5,   23.2,    5.8,   71.7,    2.5,    1.5,    0.4,    1.0,    1.5,    0.4,    0.2,   98.1,   99.4,    1.9,    0.6,  100.0,   85.5,   23.2,    5.8,   71.7,    2.5,    1.5,    0.4,    1.0,    1.5,    0.4,    0.2,   98.1,   99.4,    1.9,    0.6,  100.0,    0.0,    0.0,    0.0,    0.0,    0.0,    0.0,    0.0,    0.0,    0.0,    0.0,    0.0,    0.0,    0.0,    0.0,    0.0,     60,     34,     21,      5,      8,      8,      5,.,      7,.,.,.,     54,     42,     60,     34,     21,      5,      8,      8,      5,.,      7,.,.,.,     54,     42,      0,      0,      0,      0,      0,      0,      0,      0,      0,      0,      0,      0,      0,      0,    44.5,    52.4,    60.2,    78.4,    39.3,    52.3,    54.0,    73.9,    44.5,    52.4,    60.2,    78.4,    39.3,    52.3,    54.0,    73.9,     0.0,     0.0,     0.0,     0.0,     0.0,     0.0,     0.0,     0.0,"(Contracts of 2,500  MMBTU'S)","023396","IFED","023 ","N13","FutOnly"
"CHICAGO FIN BASIS - ICE FUTURES ENERGY DIV",260818,2026-08-18,023397,IFED,01,023 ,  362157,  277916,  311886,   55653,   29737,    3943,    4684,    2247,    3192,    5274,     521,    1667,  352329,  353193,    9828,    8964,  362157,  277916,  311886,   55653,   29737,    3943,    4684,    2247,    3192,    5274,     521,    1667,  352329,  353193,    9828,    8964,       0,       0,       0,       0,       0,       0,       0,       0,       0,       0,       0,       0,       0,       0,       0,       0,   -5009,   -5287,   -2820,     505,       0,     224,     544,   -1996,    -220,     893,     521,    -839,   -4180,   -5130,    -829,     121,  100.0,   76.7,   86.1,   15.4,    8.2,    1.1,    1.3,    0.6,    0.9,    1.5,    0.1,    0.5,   97.3,   97.5,    2.7,    2.5,  100.0,   76.7,   86.1,   15.4,    8.2,    1.1,    1.3,    0.6,    0.9,    1.5,    0.1,    0.5,   97.3,   97.5,    2.7,    2.5,  100.0,    0.0,    0.0,    0.0,    0.0,    0.0,    0.0,    0.0,    0.0,    0.0,    0.0,    0.0,    0.0,    0.0,    0.0,    0.0,     58,     32,     27,      8,.,      5,      4,      4,.,.,.,.,     51,     41,     58,     32,     27,      8,.,      5,      4,      4,.,.,.,.,     51,     41,      0,      0,      0,      0,      0,      0,      0,      0,      0,      0,      0,      0,      0,      0,    43.8,    41.5,    61.1,    65.0,    32.3,    33.5,    42.1,    44.2,    43.8,    41.5,    61.1,    65.0,    32.3,    33.5,    42.1,    44.2,     0.0,     0.0,     0.0,     0.0,     0.0,     0.0,     0.0,     0.0,"(Contracts of 2,500  MMBTU'S)","023397","IFED","023 ","N13","FutOnly"
"HSC FIN BASIS - ICE FUTURES ENERGY DIV",260818,2026-08-18,023398,IFED,01,023 ,  879854,  565738,  530970,  237595,  138315,   34842,    2040,  119451,   20753,    8708,   22459,    3344,  873020,  870134,    6834,    9720,  879854,  565738,  530970,  237595,  138315,   34842,    2040,  119451,   20753,    8708,   22459,    3344,  873020,  870134,    6834,    9720,       0,       0,       0,       0,       0,       0,       0,       0,       0,       0,       0,       0,       0,       0,       0,       0,   11615,    9816,    5733,    4029,   -2993,     103,     240,    5898,      35,   -1662,     300,     437,   12998,    9513,   -1383,    2102,  100.0,   64.3,   60.3,   27.0,   15.7,    4.0,    0.2,   13.6,    2.4,    1.0,    2.6,    0.4,   99.2,   98.9,    0.8,    1.1,  100.0,   64.3,   60.3,   27.0,   15.7,    4.0,    0.2,   13.6,    2.4,    1.0,    2.6,    0.4,   99.2,   98.9,    0.8,    1.1,  100.0,    0.0,    0.0,    0.0,    0.0,    0.0,    0.0,    0.0,    0.0,    0.0,    0.0,    0.0,    0.0,    0.0,    0.0,    0.0,     97,     45,     41,      9,     12,     11,.,     14,      7,      4,.,.,     70,     79,     97,     45,     41,      9,     12,     11,.,     14,      7,      4,.,.,     70,     79,      0,      0,      0,      0,      0,      0,      0,      0,      0,      0,      0,      0,      0,      0,    30.1,    27.3,    51.0,    42.6,    29.2,    26.6,    48.2,    41.3,    30.1,    27.3,    51.0,    42.6,    29.2,    26.6,    48.2,    41.3,     0.0,     0.0,     0.0,     0.0,     0.0,     0.0,     0.0,     0.0,"(Contracts of 2,500  MMBTU'S)","023398","IFED","023 ","N13","FutOnly"
"WAHA FIN BASIS - ICE FUTURES ENERGY DIV",260818,2026-08-18,023399,IFED,01,023 ,  721409,  605717,  276388,   26426,  347923,   15018,   26041,   12643,   29697,       0,   21279,   12514,  715413,  715462,    5996,    5947,  721409,  605717,  276388,   26426,  347923,   15018,   26041,   12643,   29697,       0,   21279,   12514,  715413,  715462,    5996,    5947,       0,       0,       0,       0,       0,       0,       0,       0,       0,       0,       0,       0,       0,       0,       0,       0,    8430,    8043,   12652,     328,   -2455,    -509,     430,     477,    -574,       0,   -1287,     238,    7956,    8542,     474,    -112,  100.0,   84.0,   38.3,    3.7,   48.2,    2.1,    3.6,    1.8,    4.1,    0.0,    2.9,    1.7,   99.2,   99.2,    0.8,    0.8,  100.0,   84.0,   38.3,    3.7,   48.2,    2.1,    3.6,    1.8,    4.1,    0.0,    2.9,    1.7,   99.2,   99.2,    0.8,    0.8,  100.0,    0.0,    0.0,    0.0,    0.0,    0.0,    0.0,    0.0,    0.0,    0.0,    0.0,    0.0,    0.0,    0.0,    0.0,    0.0,     81,     43,     29,      5,     16,     13,      5,      4,      7,      0,      6,.,     69,     63,     81,     43,     29,      5,     16,     13,      5,      4,      7,      0,      6,.,     69,     63,      0,      0,      0,      0,      0,      0,      0,      0,      0,      0,      0,      0,      0,      0,    27.7,    40.5,    46.7,    58.9,    22.3,    34.3,    38.7,    49.2,    27.7,    40.5,    46.7,    58.9,    22.3,    34.3,    38.7,    49.2,     0.0,     0.0,     0.0,     0.0,     0.0,     0.0,     0.0,     0.0,"(Contracts of 2,500  MMBTU'S)","023399","IFED","023 ","N13","FutOnly"
"ALGONQUIN CITYGATES BASIS - ICE FUTURES ENERGY DIV",260818,2026-08-18,02339E,IFED,01,023 ,  108451,   83798,   90209,   15635,       0,     155,     375,    2427,     516,    1407,    5670,       5,  101891,   98982,    6560,    9469,  108451,   83798,   90209,   15635,       0,     155,     375,    2427,     516,    1407,    5670,       5,  101891,   98982,    6560,    9469,       0,       0,       0,       0,       0,       0,       0,       0,       0,       0,       0,       0,       0,       0,       0,       0,    2199,     125,     645,     856,       0,       0,      59,    -210,       0,      31,     181,       0,    1071,     616,    1128,    1583,  100.0,   77.3,   83.2,   14.4,    0.0,    0.1,    0.3,    2.2,    0.5,    1.3,    5.2,    0.0,   94.0,   91.3,    6.0,    8.7,  100.0,   77.3,   83.2,   14.4,    0.0,    0.1,    0.3,    2.2,    0.5,    1.3,    5.2,    0.0,   94.0,   91.3,    6.0,    8.7,  100.0,    0.0,    0.0,    0.0,    0.0,    0.0,    0.0,    0.0,    0.0,    0.0,    0.0,    0.0,    0.0,    0.0,    0.0,    0.0,     28,      9,     13,      4,      0,.,.,.,.,.,.,.,     16,     19,     28,      9,     13,      4,      0,.,.,.,.,.,.,.,     16,     19,      0,      0,      0,      0,      0,      0,      0,      0,      0,      0,      0,      0,      0,      0,    71.9,    60.3,    87.1,    79.7,    69.6,    59.4,    83.7,    78.0,    71.9,    60.3,    87.1,    79.7,    69.6,    59.4,    83.7,    78.0,     0.0,     0.0,     0.0,     0.0,     0.0,     0.0,     0.0,     0.0,"(Contracts of 2,500  MMBTU'S)","02339E","IFED","023 ","N13","FutOnly"
"CG-MAINLINE FINANCIAL INDEX - ICE FUTURES ENERGY DIV",260818,2026-08-18,02339P,IFED,01,023 ,   34453,   29332,   24748,    4752,     496,       0,       0,    7760,       0,       0,       0,       0,   34084,   33004,     369,    1449,   34453,   29332,   24748,    4752,     496,       0,       0,    7760,       0,       0,       0,       0,   34084,   33004,     369,    1449,       0,       0,       0,       0,       0,       0,       0,       0,       0,       0,       0,       0,       0,       0,       0,       0,    2312,    2498,    2132,     120,       0,       0,       0,     180,       0,       0,       0,       0,    2618,    2312,    -306,       0,  100.0,   85.1,   71.8,   13.8,    1.4,    0.0,    0.0,   22.5,    0.0,    0.0,    0.0,    0.0,   98.9,   95.8,    1.1,    4.2,  100.0,   85.1,   71.8,   13.8,    1.4,    0.0,    0.0,   22.5,    0.0,    0.0,    0.0,    0.0,   98.9,   95.8,    1.1,    4.2,  100.0,    0.0,    0.0,    0.0,    0.0,    0.0,    0.0,    0.0,    0.0,    0.0,    0.0,    0.0,    0.0,    0.0,    0.0,    0.0,     29,     12,     11,.,.,      0,      0,.,      0,      0,      0,      0,     15,     15,     29,     12,     11,.,.,      0,      0,.,      0,      0,      0,      0,     15,     15,      0,      0,      0,      0,      0,      0,      0,      0,      0,      0,      0,      0,      0,      0,    64.5,    52.9,    86.2,    81.0,    64.5,    52.9,    86.2,    79.0,    64.5,    52.9,    86.2,    81.0,    64.5,    52.9,    86.2,    79.0,     0.0,     0.0,     0.0,     0.0,     0.0,     0.0,     0.0,     0.0,"(Contracts of 2,500  MMBTU'S)","02339P","IFED","023 ","N13","FutOnly"
"CHICAGO CITYGATE (INDEX) - ICE FUTURES ENERGY DIV",260818,2026-08-18,02339Q,IFED,01,023 ,   92726,   58867,   83851,   29812,    2468,    1812,     310,    2558,     240,       0,     300,       0,   91041,   91229,    1685,    1497,   92726,   58867,   83851,   29812,    2468,    1812,     310,    2558,     240,       0,     300,       0,   91041,   91229,    1685,    1497,       0,       0,       0,       0,       0,       0,       0,       0,       0,       0,       0,       0,       0,       0,       0,       0,    6199,    4925,    6717,     854,    -548,       0,       0,    -240,     240,       0,       0,       0,    6019,    6169,     180,      30,  100.0,   63.5,   90.4,   32.2,    2.7,    2.0,    0.3,    2.8,    0.3,    0.0,    0.3,    0.0,   98.2,   98.4,    1.8,    1.6,  100.0,   63.5,   90.4,   32.2,    2.7,    2.0,    0.3,    2.8,    0.3,    0.0,    0.3,    0.0,   98.2,   98.4,    1.8,    1.6,  100.0,    0.0,    0.0,    0.0,    0.0,    0.0,    0.0,    0.0,    0.0,    0.0,    0.0,    0.0,    0.0,    0.0,    0.0,    0.0,     37,     21,     15,      6,.,.,.,.,.,      0,.,      0,     30,     18,     37,     21,     15,      6,.,.,.,.,.,      0,.,      0,     30,     18,      0,      0,      0,      0,      0,      0,      0,      0,      0,      0,      0,      0,      0,      0,    55.0,    71.5,    75.2,    87.2,    54.2,    65.7,    69.2,    76.2,    55.0,    71.5,    75.2,    87.2,    54.2,    65.7,    69.2,    76.2,     0.0,     0.0,     0.0,     0.0,     0.0,     0.0,     0.0,     0.0,"(Contracts of 2,500  MMBTU'S)","02339Q","IFED","023 ","N13","FutOnly"
"CIG ROCKIES FINANCIAL INDEX - ICE FUTURES ENERGY DIV",260818,2026-08-18,02339S,IFED,01,023 ,   29868,   27196,   10542,     190,       0,     244,       0,   16935,     248,     277,     406,      90,   28245,   28465,    1623,    1403,   29868,   27196,   10542,     190,       0,     244,       0,   16935,     248,     277,     406,      90,   28245,   28465,    1623,    1403,       0,       0,       0,       0,       0,       0,       0,       0,       0,       0,       0,       0,       0,       0,       0,       0,    9730,    9702,    4996,       0,       0,       0,       0,    4352,       0,      60,     -90,      90,    9852,    9348,    -122,     382,  100.0,   91.1,   35.3,    0.6,    0.0,    0.8,    0.0,   56.7,    0.8,    0.9,    1.4,    0.3,   94.6,   95.3,    5.4,    4.7,  100.0,   91.1,   35.3,    0.6,    0.0,    0.8,    0.0,   56.7,    0.8,    0.9,    1.4,    0.3,   94.6,   95.3,    5.4,    4.7,  100.0,    0.0,    0.0,    0.0,    0.0,    0.0,    0.0,    0.0,    0.0,    0.0,    0.0,    0.0,    0.0,    0.0,    0.0,    0.0,     29,     18,     14,.,      0,.,      0,      4,.,.,.,.,     22,     20,     29,     18,     14,.,      0,.,      0,      4,.,.,.,.,     22,     20,      0,      0,      0,      0,      0,      0,      0,      0,      0,      0,      0,      0,      0,      0,    58.5,    67.4,    76.2,    80.2,    41.6,    59.4,    58.5,    67.4,    58.5,    67.4,    76.2,    80.2,    41.6,    59.4,    58.5,    67.4,     0.0,     0.0,     0.0,     0.0,     0.0,     0.0,     0.0,     0.0,"(Contracts of 2,500 MMBTU'S)","02339S","IFED","023 ","N13","FutOnly"
"CIG ROCKIES BASIS - ICE FUTURES ENERGY DIV",260818,2026-08-18,02339U,IFED,01,023 ,  421180,  378282,  146504,    3162,  197955,    9752,   10776,   49695,    4463,    2513,    4006,     799,  409747,  413174,   11433,    8006,  421180,  378282,  146504,    3162,  197955,    9752,   10776,   49695,    4463,    2513,    4006,     799,  409747,  413174,   11433,    8006,       0,       0,       0,       0,       0,       0,       0,       0,       0,       0,       0,       0,       0,       0,       0,       0,   10629,    5318,    8383,     611,   -2654,    2038,     176,    1060,      26,   -1130,     458,      62,    7101,    9373,    3528,    1256,  100.0,   89.8,   34.8,    0.8,   47.0,    2.3,    2.6,   11.8,    1.1,    0.6,    1.0,    0.2,   97.3,   98.1,    2.7,    1.9,  100.0,   89.8,   34.8,    0.8,   47.0,    2.3,    2.6,   11.8,    1.1,    0.6,    1.0,    0.2,   97.3,   98.1,    2.7,    1.9,  100.0,    0.0,    0.0,    0.0,    0.0,    0.0,    0.0,    0.0,    0.0,    0.0,    0.0,    0.0,    0.0,    0.0,    0.0,    0.0,     58,     32,     20,.,     12,      7,.,      5,      5,.,.,.,     48,     43,     58,     32,     20,.,     12,      7,.,      5,      5,.,.,.,     48,     43,      0,      0,      0,      0,      0,      0,      0,      0,      0,      0,      0,      0,      0,      0,    46.9,    56.4,    62.9,    73.5,    34.4,    48.0,    48.4,    58.1,    46.9,    56.4,    62.9,    73.5,    34.4,    48.0,    48.4,    58.1,     0.0,     0.0,     0.0,     0.0,     0.0,     0.0,     0.0,     0.0,"2500 mmbtu","02339U","IFED","023 ","N13","FutOnly"
"TCO Basis  - ICE FUTURES ENERGY DIV",260818,2026-08-18,02339W,IFED,01,023 ,  225603,  193689,   31875,   15316,  172203,    8290,    1282,    1251,     512,       0,       0,       0,  219089,  214131,    6514,   11472,  225603,  193689,   31875,   15316,  172203,    8290,    1282,    1251,     512,       0,       0,       0,  219089,  214131,    6514,   11472,       0,       0,       0,       0,       0,       0,       0,       0,       0,       0,       0,       0,       0,       0,       0,       0,    5513,    5486,    1164,    -139,    1969,    1015,    -392,      60,      -4,       0,       0,       0,    5966,    4204,    -453,    1309,  100.0,   85.9,   14.1,    6.8,   76.3,    3.7,    0.6,    0.6,    0.2,    0.0,    0.0,    0.0,   97.1,   94.9,    2.9,    5.1,  100.0,   85.9,   14.1,    6.8,   76.3,    3.7,    0.6,    0.6,    0.2,    0.0,    0.0,    0.0,   97.1,   94.9,    2.9,    5.1,  100.0,    0.0,    0.0,    0.0,    0.0,    0.0,    0.0,    0.0,    0.0,    0.0,    0.0,    0.0,    0.0,    0.0,    0.0,    0.0,     38,     18,      9,.,     11,      4,.,.,.,      0,      0,      0,     24,     24,     38,     18,      9,.,     11,      4,.,.,.,      0,      0,      0,     24,     24,      0,      0,      0,      0,      0,      0,      0,      0,      0,      0,      0,      0,      0,      0,    52.5,    54.4,    73.7,    78.5,    52.5,    53.8,    72.2,    77.6,    52.5,    54.4,    73.7,    78.5,    52.5,    53.8,    72.2,    77.6,     0.0,     0.0,     0.0,     0.0,     0.0,     0.0,     0.0,     0.0,"2500 mm btu","02339W","IFED","023 ","N13","FutOnly"
"CG Mainline Basis - ICE FUTURES ENERGY DIV",260818,2026-08-18,02339Y,IFED,01,023 ,  330867,  309071,  219426,    1551,   78851,    5550,    3791,   18330,    2680,    1812,      31,     212,  324667,  325080,    6200,    5787,  330867,  309071,  219426,    1551,   78851,    5550,    3791,   18330,    2680,    1812,      31,     212,  324667,  325080,    6200,    5787,       0,       0,       0,       0,       0,       0,       0,       0,       0,       0,       0,       0,       0,       0,       0,       0,    7546,    7571,    2301,     237,    3617,     416,    -540,    1313,    -651,     453,       0,       0,    7486,    6996,      60,     550,  100.0,   93.4,   66.3,    0.5,   23.8,    1.7,    1.1,    5.5,    0.8,    0.5,    0.0,    0.1,   98.1,   98.3,    1.9,    1.7,  100.0,   93.4,   66.3,    0.5,   23.8,    1.7,    1.1,    5.5,    0.8,    0.5,    0.0,    0.1,   98.1,   98.3,    1.9,    1.7,  100.0,    0.0,    0.0,    0.0,    0.0,    0.0,    0.0,    0.0,    0.0,    0.0,    0.0,    0.0,    0.0,    0.0,    0.0,    0.0,     44,     18,     15,.,      9,      5,.,      5,.,.,.,.,     29,     32,     44,     18,     15,.,      9,      5,.,      5,.,.,.,.,     29,     32,      0,      0,      0,      0,      0,      0,      0,      0,      0,      0,      0,      0,      0,      0,    75.0,    68.1,    87.5,    80.3,    74.7,    68.0,    86.9,    79.1,    75.0,    68.1,    87.5,    80.3,    74.7,    68.0,    86.9,    79.1,     0.0,     0.0,     0.0,     0.0,     0.0,     0.0,     0.0,     0.0,"2500 mmbtu","02339Y","IFED","023 ","N13","FutOnly"
"DOMINION - SOUTH POINT - ICE FUTURES ENERGY DIV",260818,2026-08-18,0233A2,IFED,01,023 ,   44954,   16970,   33041,   12034,    3537,    1380,    7799,    2617,     787,    2798,     540,       0,   41768,   41902,    3186,    3052,   44954,   16970,   33041,   12034,    3537,    1380,    7799,    2617,     787,    2798,     540,       0,   41768,   41902,    3186,    3052,       0,       0,       0,       0,       0,       0,       0,       0,       0,       0,       0,       0,       0,       0,       0,       0,    1980,     300,    -120,     600,    -990,     990,       0,    1050,       0,       0,     540,       0,    1890,    1470,      90,     510,  100.0,   37.7,   73.5,   26.8,    7.9,    3.1,   17.3,    5.8,    1.8,    6.2,    1.2,    0.0,   92.9,   93.2,    7.1,    6.8,  100.0,   37.7,   73.5,   26.8,    7.9,    3.1,   17.3,    5.8,    1.8,    6.2,    1.2,    0.0,   92.9,   93.2,    7.1,    6.8,  100.0,    0.0,    0.0,    0.0,    0.0,    0.0,    0.0,    0.0,    0.0,    0.0,    0.0,    0.0,    0.0,    0.0,    0.0,    0.0,     33,     14,     15,.,.,.,.,.,.,.,.,      0,     22,     20,     33,     14,     15,.,.,.,.,.,.,.,.,      0,     22,     20,      0,      0,      0,      0,      0,      0,      0,      0,      0,      0,      0,      0,      0,      0,    55.1,    46.8,    73.0,    74.6,    55.1,    42.5,    72.4,    64.8,    55.1,    46.8,    73.0,    74.6,    55.1,    42.5,    72.4,    64.8,     0.0,     0.0,     0.0,     0.0,     0.0,     0.0,     0.0,     0.0,"2500 mmbtu","0233A2","IFED","023 ","N13","FutOnly"
"DOMINION - SOUTH POINT (BASIS) - ICE FUTURES ENERGY DIV",260818,2026-08-18,0233A3,IFED,01,023 ,  771441,  633127,  198130,   13224,  447092,   35848,   28025,   48550,   17728,   17124,    7977,    7640,  752716,  762965,   18725,    8476,  771441,  633127,  198130,   13224,  447092,   35848,   28025,   48550,   17728,   17124,    7977,    7640,  752716,  762965,   18725,    8476,       0,       0,       0,       0,       0,       0,       0,       0,       0,       0,       0,       0,       0,       0,       0,       0,   13272,   12576,   -1637,   -1092,    1913,    3947,   -3222,     959,    3378,     364,    3913,   -1601,   14350,   10872,   -1078,    2400,  100.0,   82.1,   25.7,    1.7,   58.0,    4.6,    3.6,    6.3,    2.3,    2.2,    1.0,    1.0,   97.6,   98.9,    2.4,    1.1,  100.0,   82.1,   25.7,    1.7,   58.0,    4.6,    3.6,    6.3,    2.3,    2.2,    1.0,    1.0,   97.6,   98.9,    2.4,    1.1,  100.0,    0.0,    0.0,    0.0,    0.0,    0.0,    0.0,    0.0,    0.0,    0.0,    0.0,    0.0,    0.0,    0.0,    0.0,    0.0,     88,     42,     33,.,     17,     10,.,     12,      7,      4,      5,      5,     67,     72,     88,     42,     33,.,     17,     10,.,     12,      7,      4,      5,      5,     67,     72,      0,      0,      0,      0,      0,      0,      0,      0,      0,      0,      0,      0,      0,      0,    33.5,    37.7,    48.9,    54.3,    32.9,    33.6,    44.8,    50.0,    33.5,    37.7,    48.9,    54.3,    32.9,    33.6,    44.8,    50.0,     0.0,     0.0,     0.0,     0.0,     0.0,     0.0,     0.0,     0.0,"2500 mmbtu","0233A3","IFED","023 ","N13","FutOnly"
"EP SAN JUAN BASIS - ICE FUTURES ENERGY DIV",260818,2026-08-18,0233A8,IFED,01,023 ,  270779,  169298,  192142,   65893,   46869,   16065,    2760,     488,    1230,    1091,    6717,     856,  257193,  264367,   13586,    6412,  270779,  169298,  192142,   65893,   46869,   16065,    2760,     488,    1230,    1091,    6717,     856,  257193,  264367,   13586,    6412,       0,       0,       0,       0,       0,       0,       0,       0,       0,       0,       0,       0,       0,       0,       0,       0,   17900,   20166,   13854,    -812,     504,     361,   -3159,       0,    1224,    -716,       0,   -1079,   15985,   14864,    1915,    3036,  100.0,   62.5,   71.0,   24.3,   17.3,    5.9,    1.0,    0.2,    0.5,    0.4,    2.5,    0.3,   95.0,   97.6,    5.0,    2.4,  100.0,   62.5,   71.0,   24.3,   17.3,    5.9,    1.0,    0.2,    0.5,    0.4,    2.5,    0.3,   95.0,   97.6,    5.0,    2.4,  100.0,    0.0,    0.0,    0.0,    0.0,    0.0,    0.0,    0.0,    0.0,    0.0,    0.0,    0.0,    0.0,    0.0,    0.0,    0.0,     34,     16,     10,      6,      5,      7,.,.,.,.,.,.,     29,     23,     34,     16,     10,      6,      5,      7,.,.,.,.,.,.,     29,     23,      0,      0,      0,      0,      0,      0,      0,      0,      0,      0,      0,      0,      0,      0,    46.4,    76.7,    74.6,    87.8,    37.1,    58.3,    57.6,    66.6,    46.4,    76.7,    74.6,    87.8,    37.1,    58.3,    57.6,    66.6,     0.0,     0.0,     0.0,     0.0,     0.0,     0.0,     0.0,     0.0,"2500 mmbtu","0233A8","IFED","023 ","N13","FutOnly"
"HENRY HUB BASIS - ICE FUTURES ENERGY DIV",260818,2026-08-18,0233AG,IFED,01,023 ,  111993,   30299,   83575,   47460,    1434,    1556,   28429,   21434,       0,    1530,    2908,     240,  109514,  111147,    2479,     846,  111993,   30299,   83575,   47460,    1434,    1556,   28429,   21434,       0,    1530,    2908,     240,  109514,  111147,    2479,     846,       0,       0,       0,       0,       0,       0,       0,       0,       0,       0,       0,       0,       0,       0,       0,       0,    6150,    6054,    4920,     110,       0,       0,   -1750,       0,       0,    1530,    2908,     240,    6184,    8068,     -34,   -1918,  100.0,   27.1,   74.6,   42.4,    1.3,    1.4,   25.4,   19.1,    0.0,    1.4,    2.6,    0.2,   97.8,   99.2,    2.2,    0.8,  100.0,   27.1,   74.6,   42.4,    1.3,    1.4,   25.4,   19.1,    0.0,    1.4,    2.6,    0.2,   97.8,   99.2,    2.2,    0.8,  100.0,    0.0,    0.0,    0.0,    0.0,    0.0,    0.0,    0.0,    0.0,    0.0,    0.0,    0.0,    0.0,    0.0,    0.0,    0.0,     35,     11,     11,      9,.,.,.,.,      0,.,.,.,     25,     19,     35,     11,     11,      9,.,.,.,.,      0,.,.,.,     25,     19,      0,      0,      0,      0,      0,      0,      0,      0,      0,      0,      0,      0,      0,      0,    44.3,    60.5,    67.4,    88.1,    44.3,    58.6,    67.4,    85.7,    44.3,    60.5,    67.4,    88.1,    44.3,    58.6,    67.4,    85.7,     0.0,     0.0,     0.0,     0.0,     0.0,     0.0,     0.0,     0.0,"2500 mmbtu","0233AG","IFED","023 ","N13","FutOnly"
"HENRY HUB INDEX - ICE FUTURES ENERGY DIV",260818,2026-08-18,0233AH,IFED,01,023 ,  158952,   58724,  108319,   49962,    2029,    1246,   34368,   34981,    1666,    6875,    5122,    3636,  156477,  156999,    2475,    1953,  158952,   58724,  108319,   49962,    2029,    1246,   34368,   34981,    1666,    6875,    5122,    3636,  156477,  156999,    2475,    1953,       0,       0,       0,       0,       0,       0,       0,       0,       0,       0,       0,       0,       0,       0,       0,       0,    7032,    6362,    5532,     290,       0,     150,   -2680,    -930,     930,     112,    -458,    1688,    6852,    6912,     180,     120,  100.0,   36.9,   68.1,   31.4,    1.3,    0.8,   21.6,   22.0,    1.0,    4.3,    3.2,    2.3,   98.4,   98.8,    1.6,    1.2,  100.0,   36.9,   68.1,   31.4,    1.3,    0.8,   21.6,   22.0,    1.0,    4.3,    3.2,    2.3,   98.4,   98.8,    1.6,    1.2,  100.0,    0.0,    0.0,    0.0,    0.0,    0.0,    0.0,    0.0,    0.0,    0.0,    0.0,    0.0,    0.0,    0.0,    0.0,    0.0,     73,     27,     32,      8,.,.,      6,.,      4,      4,      4,      4,     50,     46,     73,     27,     32,      8,.,.,      6,.,      4,      4,      4,      4,     50,     46,      0,      0,      0,      0,      0,      0,      0,      0,      0,      0,      0,      0,      0,      0,    42.0,    47.7,    58.4,    68.2,    40.4,    46.0,    55.4,    64.1,    42.0,    47.7,    58.4,    68.2,    40.4,    46.0,    55.4,    64.1,     0.0,     0.0,     0.0,     0.0,     0.0,     0.0,     0.0,     0.0,"2500 mmbtu","0233AH","IFED","023 ","N13","FutOnly"
"HOUSTON SHIP CHANNEL (INDEX) - ICE FUTURES ENERGY DIV",260818,2026-08-18,0233AM,IFED,01,023 ,  486459,  215708,  268442,  255633,   17050,    8046,       0,  139205,    1898,       0,   49641,     244,  481529,  484526,    4930,    1933,  486459,  215708,  268442,  255633,   17050,    8046,       0,  139205,    1898,       0,   49641,     244,  481529,  484526,    4930,    1933,       0,       0,       0,       0,       0,       0,       0,       0,       0,       0,       0,       0,       0,       0,       0,       0,   14393,    9888,    5813,    3635,       0,     150,       0,    6391,     720,       0,    1642,       0,   14393,   14716,       0,    -323,  100.0,   44.3,   55.2,   52.5,    3.5,    1.7,    0.0,   28.6,    0.4,    0.0,   10.2,    0.1,   99.0,   99.6,    1.0,    0.4,  100.0,   44.3,   55.2,   52.5,    3.5,    1.7,    0.0,   28.6,    0.4,    0.0,   10.2,    0.1,   99.0,   99.6,    1.0,    0.4,  100.0,    0.0,    0.0,    0.0,    0.0,    0.0,    0.0,    0.0,    0.0,    0.0,    0.0,    0.0,    0.0,    0.0,    0.0,    0.0,     75,     26,     37,     11,.,      5,      0,      8,.,      0,      6,.,     40,     58,     75,     26,     37,     11,.,      5,      0,      8,.,      0,      6,.,     40,     58,      0,      0,      0,      0,      0,      0,      0,      0,      0,      0,      0,      0,      0,      0,    58.5,    43.7,    80.2,    56.4,    58.2,    43.4,    79.8,    56.1,    58.5,    43.7,    80.2,    56.4,    58.2,    43.4,    79.8,    56.1,     0.0,     0.0,     0.0,     0.0,     0.0,     0.0,     0.0,     0.0,"2500 mmbtu","0233AM","IFED","023 ","N13","FutOnly"
"MICHCON FINANCIAL INDEX - ICE FUTURES ENERGY DIV",260818,2026-08-18,0233AN,IFED,01,023 ,   21701,   18247,   19023,    2629,     217,       0,       0,    1733,       0,       0,       0,       0,   20876,   20973,     825,     728,   21701,   18247,   19023,    2629,     217,       0,       0,    1733,       0,       0,       0,       0,   20876,   20973,     825,     728,       0,       0,       0,       0,       0,       0,       0,       0,       0,       0,       0,       0,       0,       0,       0,       0,    3060,    2280,    1680,     630,       0,       0,       0,    1330,       0,       0,       0,       0,    2910,    3010,     150,      50,  100.0,   84.1,   87.7,   12.1,    1.0,    0.0,    0.0,    8.0,    0.0,    0.0,    0.0,    0.0,   96.2,   96.6,    3.8,    3.4,  100.0,   84.1,   87.7,   12.1,    1.0,    0.0,    0.0,    8.0,    0.0,    0.0,    0.0,    0.0,   96.2,   96.6,    3.8,    3.4,  100.0,    0.0,    0.0,    0.0,    0.0,    0.0,    0.0,    0.0,    0.0,    0.0,    0.0,    0.0,    0.0,    0.0,    0.0,    0.0,     25,     11,     15,.,.,      0,      0,.,      0,      0,      0,      0,     14,     18,     25,     11,     15,.,.,      0,      0,.,      0,      0,      0,      0,     14,     18,      0,      0,      0,      0,      0,      0,      0,      0,      0,      0,      0,      0,      0,      0,    69.4,    46.9,    86.8,    73.3,    63.9,    42.6,    77.6,    64.8,    69.4,    46.9,    86.8,    73.3,    63.9,    42.6,    77.6,    64.8,     0.0,     0.0,     0.0,     0.0,     0.0,     0.0,     0.0,     0.0,"(Contracts of 2,500  MMBTU'S)","0233AN","IFED","023 ","N13","FutOnly"
"MICHCON BASIS - ICE FUTURES ENERGY DIV",260818,2026-08-18,0233AQ,IFED,01,023 ,  211810,  188461,  123032,       0,   51831,    3097,    4391,   23550,    1435,    1810,       0,     737,  199931,  203682,   11879,    8128,  211810,  188461,  123032,       0,   51831,    3097,    4391,   23550,    1435,    1810,       0,     737,  199931,  203682,   11879,    8128,       0,       0,       0,       0,       0,       0,       0,       0,       0,       0,       0,       0,       0,       0,       0,       0,    6118,   10157,    1767,       0,     840,    -721,    1538,    7979,   -1642,   -1100,       0,      53,    8285,    8276,   -2167,   -2158,  100.0,   89.0,   58.1,    0.0,   24.5,    1.5,    2.1,   11.1,    0.7,    0.9,    0.0,    0.3,   94.4,   96.2,    5.6,    3.8,  100.0,   89.0,   58.1,    0.0,   24.5,    1.5,    2.1,   11.1,    0.7,    0.9,    0.0,    0.3,   94.4,   96.2,    5.6,    3.8,  100.0,    0.0,    0.0,    0.0,    0.0,    0.0,    0.0,    0.0,    0.0,    0.0,    0.0,    0.0,    0.0,    0.0,    0.0,    0.0,     55,     31,     32,      0,      8,.,.,      6,.,.,      0,.,     39,     49,     55,     31,     32,      0,      8,.,.,      6,.,.,      0,.,     39,     49,      0,      0,      0,      0,      0,      0,      0,      0,      0,      0,      0,      0,      0,      0,    52.6,    28.6,    67.3,    49.4,    51.8,    28.0,    63.3,    44.3,    52.6,    28.6,    67.3,    49.4,    51.8,    28.0,    63.3,    44.3,     0.0,     0.0,     0.0,     0.0,     0.0,     0.0,     0.0,     0.0,"2500 mmbtu","0233AQ","IFED","023 ","N13","FutOnly"
"NAT GAS LD1 for GDD -TEXOK - ICE FUTURES ENERGY DIV",260818,2026-08-18,0233AT,IFED,01,023 ,  132038,  115787,  117396,    6985,       0,    1812,    5675,    9962,       0,     279,    1080,       0,  130538,  130250,    1500,    1788,  132038,  115787,  117396,    6985,       0,    1812,    5675,    9962,       0,     279,    1080,       0,  130538,  130250,    1500,    1788,       0,       0,       0,       0,       0,       0,       0,       0,       0,       0,       0,       0,       0,       0,       0,       0,    2550,    1260,     930,     300,       0,       0,     840,    1620,       0,       0,       0,       0,    2400,    2550,     150,       0,  100.0,   87.7,   88.9,    5.3,    0.0,    1.4,    4.3,    7.5,    0.0,    0.2,    0.8,    0.0,   98.9,   98.6,    1.1,    1.4,  100.0,   87.7,   88.9,    5.3,    0.0,    1.4,    4.3,    7.5,    0.0,    0.2,    0.8,    0.0,   98.9,   98.6,    1.1,    1.4,  100.0,    0.0,    0.0,    0.0,    0.0,    0.0,    0.0,    0.0,    0.0,    0.0,    0.0,    0.0,    0.0,    0.0,    0.0,    0.0,     44,     20,     23,      4,      0,.,.,.,      0,.,.,      0,     28,     27,     44,     20,     23,      4,      0,.,.,.,      0,.,.,      0,     28,     27,      0,      0,      0,      0,      0,      0,      0,      0,      0,      0,      0,      0,      0,      0,    75.7,    43.0,    88.1,    66.7,    74.3,    40.6,    84.2,    64.2,    75.7,    43.0,    88.1,    66.7,    74.3,    40.6,    84.2,    64.2,     0.0,     0.0,     0.0,     0.0,     0.0,     0.0,     0.0,     0.0,"2500 mmbtu","0233AT","IFED","023 ","N13","FutOnly"
"NGPL MIDCONT BASIS - ICE FUTURES ENERGY DIV",260818,2026-08-18,0233AY,IFED,01,023 ,   98827,   88122,   68118,     136,   13076,    3101,       0,    1552,     428,       0,       0,       0,   91787,   86275,    7040,   12552,   98827,   88122,   68118,     136,   13076,    3101,       0,    1552,     428,       0,       0,       0,   91787,   86275,    7040,   12552,       0,       0,       0,       0,       0,       0,       0,       0,       0,       0,       0,       0,       0,       0,       0,       0,     113,     -32,     396,    -182,       0,     182,       0,       0,       0,       0,       0,       0,     -32,     578,     145,    -465,  100.0,   89.2,   68.9,    0.1,   13.2,    3.1,    0.0,    1.6,    0.4,    0.0,    0.0,    0.0,   92.9,   87.3,    7.1,   12.7,  100.0,   89.2,   68.9,    0.1,   13.2,    3.1,    0.0,    1.6,    0.4,    0.0,    0.0,    0.0,   92.9,   87.3,    7.1,   12.7,  100.0,    0.0,    0.0,    0.0,    0.0,    0.0,    0.0,    0.0,    0.0,    0.0,    0.0,    0.0,    0.0,    0.0,    0.0,    0.0,     24,     15,     14,.,.,.,      0,.,.,      0,      0,      0,     19,     19,     24,     15,     14,.,.,.,      0,.,.,      0,      0,      0,     19,     19,      0,      0,      0,      0,      0,      0,      0,      0,      0,      0,      0,      0,      0,      0,    67.8,    50.4,    85.1,    73.3,    66.1,    48.3,    76.7,    66.7,    67.8,    50.4,    85.1,    73.3,    66.1,    48.3,    76.7,    66.7,     0.0,     0.0,     0.0,     0.0,     0.0,     0.0,     0.0,     0.0,"2500 mmbtu","0233AY","IFED","023 ","N13","FutOnly"
"NGPL TXOK BASIS - ICE FUTURES ENERGY DIV",260818,2026-08-18,0233B1,IFED,01,023 ,  640266,  577324,  375912,   16814,  166471,   13525,   22018,   61589,    3897,       0,    8104,    1445,  635023,  630943,    5243,    9323,  640266,  577324,  375912,   16814,  166471,   13525,   22018,   61589,    3897,       0,    8104,    1445,  635023,  630943,    5243,    9323,       0,       0,       0,       0,       0,       0,       0,       0,       0,       0,       0,       0,       0,       0,       0,       0,    6573,    5152,   -2981,    -859,     750,      62,     970,    8237,     288,       0,     143,     535,    6148,    7034,     425,    -461,  100.0,   90.2,   58.7,    2.6,   26.0,    2.1,    3.4,    9.6,    0.6,    0.0,    1.3,    0.2,   99.2,   98.5,    0.8,    1.5,  100.0,   90.2,   58.7,    2.6,   26.0,    2.1,    3.4,    9.6,    0.6,    0.0,    1.3,    0.2,   99.2,   98.5,    0.8,    1.5,  100.0,    0.0,    0.0,    0.0,    0.0,    0.0,    0.0,    0.0,    0.0,    0.0,    0.0,    0.0,    0.0,    0.0,    0.0,    0.0,     71,     40,     29,      4,      9,      7,      5,      5,      5,      0,      4,.,     57,     53,     71,     40,     29,      4,      9,      7,      5,      5,      5,      0,      4,.,     57,     53,      0,      0,      0,      0,      0,      0,      0,      0,      0,      0,      0,      0,      0,      0,    43.6,    55.6,    59.8,    67.6,    43.3,    53.9,    58.9,    64.8,    43.6,    55.6,    59.8,    67.6,    43.3,    53.9,    58.9,    64.8,     0.0,     0.0,     0.0,     0.0,     0.0,     0.0,     0.0,     0.0,"2500 mmbtu","0233B1","IFED","023 ","N13","FutOnly"
"NNG VENTURA BASIS - ICE FUTURES ENERGY DIV",260818,2026-08-18,0233BB,IFED,01,023 ,  146415,   85557,  136047,   36691,    1327,    1437,       0,    4611,      31,       0,      84,     276,  123992,  143813,   22423,    2602,  146415,   85557,  136047,   36691,    1327,    1437,       0,    4611,      31,       0,      84,     276,  123992,  143813,   22423,    2602,       0,       0,       0,       0,       0,       0,       0,       0,       0,       0,       0,       0,       0,       0,       0,       0,   10615,   11655,   10643,    -300,       0,       0,       0,     519,      31,       0,      84,     276,   11662,   11553,   -1047,    -938,  100.0,   58.4,   92.9,   25.1,    0.9,    1.0,    0.0,    3.1,    0.0,    0.0,    0.1,    0.2,   84.7,   98.2,   15.3,    1.8,  100.0,   58.4,   92.9,   25.1,    0.9,    1.0,    0.0,    3.1,    0.0,    0.0,    0.1,    0.2,   84.7,   98.2,   15.3,    1.8,  100.0,    0.0,    0.0,    0.0,    0.0,    0.0,    0.0,    0.0,    0.0,    0.0,    0.0,    0.0,    0.0,    0.0,    0.0,    0.0,     32,     18,     16,      5,.,.,      0,.,.,      0,.,.,     26,     22,     32,     18,     16,      5,.,.,      0,.,.,      0,.,.,     26,     22,      0,      0,      0,      0,      0,      0,      0,      0,      0,      0,      0,      0,      0,      0,    40.2,    66.9,    63.0,    81.3,    37.0,    65.9,    55.4,    76.0,    40.2,    66.9,    63.0,    81.3,    37.0,    65.9,    55.4,    76.0,     0.0,     0.0,     0.0,     0.0,     0.0,     0.0,     0.0,     0.0,"2500 mmbtu","0233BB","IFED","023 ","N13","FutOnly"
"NWP SUMAS BASIS - ICE FUTURES ENERGY DIV",260818,2026-08-18,0233BC,IFED,01,023 ,   70271,   28180,   51128,   33772,    1852,    1438,     210,     303,       0,     667,       0,       0,   64267,   54721,    6004,   15550,   70271,   28180,   51128,   33772,    1852,    1438,     210,     303,       0,     667,       0,       0,   64267,   54721,    6004,   15550,       0,       0,       0,       0,       0,       0,       0,       0,       0,       0,       0,       0,       0,       0,       0,       0,    1966,    1788,    1940,     302,      90,       0,    -124,    -124,       0,       0,       0,       0,    1966,    1906,       0,      60,  100.0,   40.1,   72.8,   48.1,    2.6,    2.0,    0.3,    0.4,    0.0,    0.9,    0.0,    0.0,   91.5,   77.9,    8.5,   22.1,  100.0,   40.1,   72.8,   48.1,    2.6,    2.0,    0.3,    0.4,    0.0,    0.9,    0.0,    0.0,   91.5,   77.9,    8.5,   22.1,  100.0,    0.0,    0.0,    0.0,    0.0,    0.0,    0.0,    0.0,    0.0,    0.0,    0.0,    0.0,    0.0,    0.0,    0.0,    0.0,     21,      7,     10,      6,.,.,.,.,      0,.,      0,      0,     15,     14,     21,      7,     10,      6,.,.,.,.,      0,.,      0,      0,     15,     14,      0,      0,      0,      0,      0,      0,      0,      0,      0,      0,      0,      0,      0,      0,    62.4,    58.0,    80.7,    72.2,    62.3,    54.2,    75.9,    63.5,    62.4,    58.0,    80.7,    72.2,    62.3,    54.2,    75.9,    63.5,     0.0,     0.0,     0.0,     0.0,     0.0,     0.0,     0.0,     0.0,"2500 mmbtu","0233BC","IFED","023 ","N13","FutOnly"
"NWP Rockies Index - ICE FUTURES ENERGY DIV",260818,2026-08-18,0233BD,IFED,01,023 ,   28611,   22942,   21956,    1887,    2452,       0,    2310,     938,     519,       0,     895,       0,   27658,   26760,     953,    1851,   28611,   22942,   21956,    1887,    2452,       0,    2310,     938,     519,       0,     895,       0,   27658,   26760,     953,    1851,       0,       0,       0,       0,       0,       0,       0,       0,       0,       0,       0,       0,       0,       0,       0,       0,    5449,    5582,    5010,       0,       0,       0,    -150,    -240,     199,       0,     120,       0,    5631,    5089,    -182,     360,  100.0,   80.2,   76.7,    6.6,    8.6,    0.0,    8.1,    3.3,    1.8,    0.0,    3.1,    0.0,   96.7,   93.5,    3.3,    6.5,  100.0,   80.2,   76.7,    6.6,    8.6,    0.0,    8.1,    3.3,    1.8,    0.0,    3.1,    0.0,   96.7,   93.5,    3.3,    6.5,  100.0,    0.0,    0.0,    0.0,    0.0,    0.0,    0.0,    0.0,    0.0,    0.0,    0.0,    0.0,    0.0,    0.0,    0.0,    0.0,     35,     18,     17,.,.,      0,.,.,.,      0,.,      0,     23,     23,     35,     18,     17,.,.,      0,.,.,.,      0,.,      0,     23,     23,      0,      0,      0,      0,      0,      0,      0,      0,      0,      0,      0,      0,      0,      0,    48.1,    54.4,    68.7,    72.0,    48.1,    54.4,    68.4,    71.4,    48.1,    54.4,    68.7,    72.0,    48.1,    54.4,    68.4,    71.4,     0.0,     0.0,     0.0,     0.0,     0.0,     0.0,     0.0,     0.0,"2500 mmbtu","0233BD","IFED","023 ","N13","FutOnly"
"ONEOK GAS TRANSPORTATION BASIS - ICE FUTURES ENERGY DIV",260818,2026-08-18,0233BF,IFED,01,023 ,   68412,   57976,    7778,    5477,   54422,    1492,       0,       0,       0,       0,       0,       0,   64945,   63692,    3467,    4720,   68412,   57976,    7778,    5477,   54422,    1492,       0,       0,       0,       0,       0,       0,   64945,   63692,    3467,    4720,       0,       0,       0,       0,       0,       0,       0,       0,       0,       0,       0,       0,       0,       0,       0,       0,.,.,.,.,.,.,.,.,.,.,.,.,.,.,.,.,  100.0,   84.7,   11.4,    8.0,   79.6,    2.2,    0.0,    0.0,    0.0,    0.0,    0.0,    0.0,   94.9,   93.1,    5.1,    6.9,  100.0,   84.7,   11.4,    8.0,   79.6,    2.2,    0.0,    0.0,    0.0,    0.0,    0.0,    0.0,   94.9,   93.1,    5.1,    6.9,  100.0,    0.0,    0.0,    0.0,    0.0,    0.0,    0.0,    0.0,    0.0,    0.0,    0.0,    0.0,    0.0,    0.0,    0.0,    0.0,     20,      8,      9,      4,      6,.,      0,      0,      0,      0,      0,      0,     12,     18,     20,      8,      9,      4,      6,.,      0,      0,      0,      0,      0,      0,     12,     18,      0,      0,      0,      0,      0,      0,      0,      0,      0,      0,      0,      0,      0,      0,    76.9,    71.2,    90.6,    87.6,    74.8,    71.2,    87.4,    86.3,    76.9,    71.2,    90.6,    87.6,    74.8,    71.2,    87.4,    86.3,     0.0,     0.0,     0.0,     0.0,     0.0,     0.0,     0.0,     0.0,"2500 mmbtu","0233BF","IFED","023 ","N13","FutOnly"
"MALIN (BASIS) - ICE FUTURES ENERGY DIV",260818,2026-08-18,0233BH,IFED,01,023 ,  130596,  100014,   97493,   15159,   15311,    4541,     615,   10127,     765,       0,       0,       0,  121094,  128237,    9502,    2359,  130596,  100014,   97493,   15159,   15311,    4541,     615,   10127,     765,       0,       0,       0,  121094,  128237,    9502,    2359,       0,       0,       0,       0,       0,       0,       0,       0,       0,       0,       0,       0,       0,       0,       0,       0,    5295,    8354,    5965,     240,       0,    -240,       0,     122,     -92,       0,       0,       0,    8262,    5755,   -2967,    -460,  100.0,   76.6,   74.7,   11.6,   11.7,    3.5,    0.5,    7.8,    0.6,    0.0,    0.0,    0.0,   92.7,   98.2,    7.3,    1.8,  100.0,   76.6,   74.7,   11.6,   11.7,    3.5,    0.5,    7.8,    0.6,    0.0,    0.0,    0.0,   92.7,   98.2,    7.3,    1.8,  100.0,    0.0,    0.0,    0.0,    0.0,    0.0,    0.0,    0.0,    0.0,    0.0,    0.0,    0.0,    0.0,    0.0,    0.0,    0.0,     28,     12,     15,      5,.,      5,.,.,.,      0,      0,      0,     20,     24,     28,     12,     15,      5,.,      5,.,.,.,      0,      0,      0,     20,     24,      0,      0,      0,      0,      0,      0,      0,      0,      0,      0,      0,      0,      0,      0,    69.8,    57.9,    82.4,    82.7,    60.0,    52.0,    67.1,    69.7,    69.8,    57.9,    82.4,    82.7,    60.0,    52.0,    67.1,    69.7,     0.0,     0.0,     0.0,     0.0,     0.0,     0.0,     0.0,     0.0,"2500 mmbtu","0233BH","IFED","023 ","N13","FutOnly"
"PANHANDLE BASIS - ICE FUTURES ENERGY DIV",260818,2026-08-18,0233BL,IFED,01,023 ,  198567,  136377,   65821,    9174,  108555,   10470,   19254,       0,    2174,    1767,       0,     302,  179518,  187322,   19049,   11245,  198567,  136377,   65821,    9174,  108555,   10470,   19254,       0,    2174,    1767,       0,     302,  179518,  187322,   19049,   11245,       0,       0,       0,       0,       0,       0,       0,       0,       0,       0,       0,       0,       0,       0,       0,       0,    1521,    -724,    4644,    -181,   -2798,     428,    -749,       0,       0,     306,    -306,   -1289,   -2209,     679,    3730,     842,  100.0,   68.7,   33.1,    4.6,   54.7,    5.3,    9.7,    0.0,    1.1,    0.9,    0.0,    0.2,   90.4,   94.3,    9.6,    5.7,  100.0,   68.7,   33.1,    4.6,   54.7,    5.3,    9.7,    0.0,    1.1,    0.9,    0.0,    0.2,   90.4,   94.3,    9.6,    5.7,  100.0,    0.0,    0.0,    0.0,    0.0,    0.0,    0.0,    0.0,    0.0,    0.0,    0.0,    0.0,    0.0,    0.0,    0.0,    0.0,     40,     21,     18,.,     10,      9,.,      0,.,.,      0,.,     35,     34,     40,     21,     18,.,     10,      9,.,      0,.,.,      0,.,     35,     34,      0,      0,      0,      0,      0,      0,      0,      0,      0,      0,      0,      0,      0,      0,    39.6,    43.4,    54.7,    65.0,    33.7,    41.1,    44.8,    57.8,    39.6,    43.4,    54.7,    65.0,    33.7,    41.1,    44.8,    57.8,     0.0,     0.0,     0.0,     0.0,     0.0,     0.0,     0.0,     0.0,"2500 mmbtu","0233BL","IFED","023 ","N13","FutOnly"
"PG&E - CITYGATE (INDEX) - ICE FUTURES ENERGY DIV",260818,2026-08-18,0233BQ,IFED,01,023 ,   32938,   25902,   30287,     303,       0,       0,    2042,     550,     360,       0,    1133,       0,   28607,   32330,    4331,     608,   32938,   25902,   30287,     303,       0,       0,    2042,     550,     360,       0,    1133,       0,   28607,   32330,    4331,     608,       0,       0,       0,       0,       0,       0,       0,       0,       0,       0,       0,       0,       0,       0,       0,       0,    3678,    3498,    3438,    -724,       0,       0,     604,       0,       0,       0,       0,       0,    3378,    3438,     300,     240,  100.0,   78.6,   92.0,    0.9,    0.0,    0.0,    6.2,    1.7,    1.1,    0.0,    3.4,    0.0,   86.9,   98.2,   13.1,    1.8,  100.0,   78.6,   92.0,    0.9,    0.0,    0.0,    6.2,    1.7,    1.1,    0.0,    3.4,    0.0,   86.9,   98.2,   13.1,    1.8,  100.0,    0.0,    0.0,    0.0,    0.0,    0.0,    0.0,    0.0,    0.0,    0.0,    0.0,    0.0,    0.0,    0.0,    0.0,    0.0,     26,     13,      9,.,      0,      0,.,.,.,      0,.,      0,     17,     13,     26,     13,      9,.,      0,      0,.,.,.,      0,.,      0,     17,     13,      0,      0,      0,      0,      0,      0,      0,      0,      0,      0,      0,      0,      0,      0,    65.1,    74.9,    75.9,    93.1,    65.1,    74.1,    74.8,    91.9,    65.1,    74.9,    75.9,    93.1,    65.1,    74.1,    74.8,    91.9,     0.0,     0.0,     0.0,     0.0,     0.0,     0.0,     0.0,     0.0,"2500 mmbtu","0233BQ","IFED","023 ","N13","FutOnly"
"SOCAL (INDEX) - ICE FUTURES ENERGY DIV",260818,2026-08-18,0233BW,IFED,01,023 ,   22393,   10440,   18605,    3840,       0,     279,    6968,    2061,       0,       0,     341,       0,   21527,   21286,     866,    1107,   22393,   10440,   18605,    3840,       0,     279,    6968,    2061,       0,       0,     341,       0,   21527,   21286,     866,    1107,       0,       0,       0,       0,       0,       0,       0,       0,       0,       0,       0,       0,       0,       0,       0,       0,       0,     840,     151,    -990,       0,       0,     150,       0,       0,       0,       0,       0,       0,     151,       0,    -151,  100.0,   46.6,   83.1,   17.1,    0.0,    1.2,   31.1,    9.2,    0.0,    0.0,    1.5,    0.0,   96.1,   95.1,    3.9,    4.9,  100.0,   46.6,   83.1,   17.1,    0.0,    1.2,   31.1,    9.2,    0.0,    0.0,    1.5,    0.0,   96.1,   95.1,    3.9,    4.9,  100.0,    0.0,    0.0,    0.0,    0.0,    0.0,    0.0,    0.0,    0.0,    0.0,    0.0,    0.0,    0.0,    0.0,    0.0,    0.0,     27,     12,      9,.,      0,.,      4,.,      0,      0,.,      0,     19,     13,     27,     12,      9,.,      0,.,      4,.,      0,      0,.,      0,     19,     13,      0,      0,      0,      0,      0,      0,      0,      0,      0,      0,      0,      0,      0,      0,    45.2,    78.8,    68.0,    89.4,    43.0,    70.7,    65.1,    80.7,    45.2,    78.8,    68.0,    89.4,    43.0,    70.7,    65.1,    80.7,     0.0,     0.0,     0.0,     0.0,     0.0,     0.0,     0.0,     0.0,"2500 mmbtu","0233BW","IFED","023 ","N13","FutOnly"
"SOCAL CITYGATE FINANCIAL BASIS - ICE FUTURES ENERGY DIV",260818,2026-08-18,0233BY,IFED,01,023 ,   36046,   20060,   30475,    9341,    2023,     353,     420,     240,       0,     572,     210,     514,   31260,   33815,    4786,    2231,   36046,   20060,   30475,    9341,    2023,     353,     420,     240,       0,     572,     210,     514,   31260,   33815,    4786,    2231,       0,       0,       0,       0,       0,       0,       0,       0,       0,       0,       0,       0,       0,       0,       0,       0,    1540,    1368,    1673,       0,    -426,      62,       0,       0,       0,      62,      90,      94,    1586,    1493,     -46,      47,  100.0,   55.7,   84.5,   25.9,    5.6,    1.0,    1.2,    0.7,    0.0,    1.6,    0.6,    1.4,   86.7,   93.8,   13.3,    6.2,  100.0,   55.7,   84.5,   25.9,    5.6,    1.0,    1.2,    0.7,    0.0,    1.6,    0.6,    1.4,   86.7,   93.8,   13.3,    6.2,  100.0,    0.0,    0.0,    0.0,    0.0,    0.0,    0.0,    0.0,    0.0,    0.0,    0.0,    0.0,    0.0,    0.0,    0.0,    0.0,     23,     10,     12,.,.,.,.,.,      0,.,.,.,     17,     17,     23,     10,     12,.,.,.,.,.,      0,.,.,.,     17,     17,      0,      0,      0,      0,      0,      0,      0,      0,      0,      0,      0,      0,      0,      0,    54.1,    62.5,    76.2,    85.1,    53.3,    51.0,    65.5,    72.0,    54.1,    62.5,    76.2,    85.1,    53.3,    51.0,    65.5,    72.0,     0.0,     0.0,     0.0,     0.0,     0.0,     0.0,     0.0,     0.0,"MMBtu","0233BY","IFED","023 ","N13","FutOnly"
"SONAT - TIER 1 POOL (ZONE 0) - ICE FUTURES ENERGY DIV",260818,2026-08-18,0233C1,IFED,01,023 ,   85072,   61559,   66983,    1394,    7555,    5517,    7372,       0,     459,    1004,       0,     213,   77518,   80727,    7554,    4345,   85072,   61559,   66983,    1394,    7555,    5517,    7372,       0,     459,    1004,       0,     213,   77518,   80727,    7554,    4345,       0,       0,       0,       0,       0,       0,       0,       0,       0,       0,       0,       0,       0,       0,       0,       0,    3682,    3320,    2253,       0,     400,     302,      93,       0,       0,    1004,       0,     213,    4932,    3168,   -1250,     514,  100.0,   72.4,   78.7,    1.6,    8.9,    6.5,    8.7,    0.0,    0.5,    1.2,    0.0,    0.3,   91.1,   94.9,    8.9,    5.1,  100.0,   72.4,   78.7,    1.6,    8.9,    6.5,    8.7,    0.0,    0.5,    1.2,    0.0,    0.3,   91.1,   94.9,    8.9,    5.1,  100.0,    0.0,    0.0,    0.0,    0.0,    0.0,    0.0,    0.0,    0.0,    0.0,    0.0,    0.0,    0.0,    0.0,    0.0,    0.0,     31,     12,     17,.,.,.,.,      0,.,.,      0,.,     19,     24,     31,     12,     17,.,.,.,.,      0,.,.,      0,.,     19,     24,      0,      0,      0,      0,      0,      0,      0,      0,      0,      0,      0,      0,      0,      0,    59.3,    54.5,    76.4,    70.2,    51.1,    49.1,    67.6,    62.1,    59.3,    54.5,    76.4,    70.2,    51.1,    49.1,    67.6,    62.1,     0.0,     0.0,     0.0,     0.0,     0.0,     0.0,     0.0,     0.0,"2500 mmbtu","0233C1","IFED","023 ","N13","FutOnly"
"TETCO WLA BASIS - ICE FUTURES ENERGY DIV",260818,2026-08-18,0233CC,IFED,01,023 ,  129770,  103598,   82671,   16485,    9112,    5452,       0,   30692,       0,       0,       0,       0,  125535,  127927,    4235,    1843,  129770,  103598,   82671,   16485,    9112,    5452,       0,   30692,       0,       0,       0,       0,  125535,  127927,    4235,    1843,       0,       0,       0,       0,       0,       0,       0,       0,       0,       0,       0,       0,       0,       0,       0,       0,    2166,    2196,    -204,     -61,       0,      31,       0,    2339,       0,       0,       0,       0,    2166,    2166,       0,       0,  100.0,   79.8,   63.7,   12.7,    7.0,    4.2,    0.0,   23.7,    0.0,    0.0,    0.0,    0.0,   96.7,   98.6,    3.3,    1.4,  100.0,   79.8,   63.7,   12.7,    7.0,    4.2,    0.0,   23.7,    0.0,    0.0,    0.0,    0.0,   96.7,   98.6,    3.3,    1.4,  100.0,    0.0,    0.0,    0.0,    0.0,    0.0,    0.0,    0.0,    0.0,    0.0,    0.0,    0.0,    0.0,    0.0,    0.0,    0.0,     38,     19,     14,      4,.,      4,      0,      4,      0,      0,      0,      0,     25,     23,     38,     19,     14,      4,.,      4,      0,      4,      0,      0,      0,      0,     25,     23,      0,      0,      0,      0,      0,      0,      0,      0,      0,      0,      0,      0,      0,      0,    52.3,    61.5,    75.0,    80.3,    52.3,    58.4,    74.6,    75.1,    52.3,    61.5,    75.0,    80.3,    52.3,    58.4,    74.6,    75.1,     0.0,     0.0,     0.0,     0.0,     0.0,     0.0,     0.0,     0.0,"mmbtu","0233CC","IFED","023 ","N13","FutOnly"
"TETCO ELA BASIS - ICE FUTURES ENERGY DIV",260818,2026-08-18,0233CF,IFED,01,023 ,   75722,   48702,   64701,   20501,    1708,    3245,    1541,    1200,       0,       0,       0,       0,   73989,   70854,    1733,    4868,   75722,   48702,   64701,   20501,    1708,    3245,    1541,    1200,       0,       0,       0,       0,   73989,   70854,    1733,    4868,       0,       0,       0,       0,       0,       0,       0,       0,       0,       0,       0,       0,       0,       0,       0,       0,.,.,.,.,.,.,.,.,.,.,.,.,.,.,.,.,  100.0,   64.3,   85.4,   27.1,    2.3,    4.3,    2.0,    1.6,    0.0,    0.0,    0.0,    0.0,   97.7,   93.6,    2.3,    6.4,  100.0,   64.3,   85.4,   27.1,    2.3,    4.3,    2.0,    1.6,    0.0,    0.0,    0.0,    0.0,   97.7,   93.6,    2.3,    6.4,  100.0,    0.0,    0.0,    0.0,    0.0,    0.0,    0.0,    0.0,    0.0,    0.0,    0.0,    0.0,    0.0,    0.0,    0.0,    0.0,     21,      6,     10,      5,.,.,.,.,      0,      0,      0,      0,     12,     16,     21,      6,     10,      5,.,.,.,.,      0,      0,      0,      0,     12,     16,      0,      0,      0,      0,      0,      0,      0,      0,      0,      0,      0,      0,      0,      0,    68.1,    69.9,    90.9,    85.4,    64.3,    64.1,    81.2,    77.9,    68.1,    69.9,    90.9,    85.4,    64.3,    64.1,    81.2,    77.9,     0.0,     0.0,     0.0,     0.0,     0.0,     0.0,     0.0,     0.0,"mmbtu","0233CF","IFED","023 ","N13","FutOnly"
"TETCO M3 INDEX - ICE FUTURES ENERGY DIV",260818,2026-08-18,0233CG,IFED,01,023 ,   59195,   28831,   50294,   23289,       0,    5312,     775,     372,       0,     310,       0,       0,   58517,   55978,     678,    3217,   59195,   28831,   50294,   23289,       0,    5312,     775,     372,       0,     310,       0,       0,   58517,   55978,     678,    3217,       0,       0,       0,       0,       0,       0,       0,       0,       0,       0,       0,       0,       0,       0,       0,       0,     120,       0,     120,     120,       0,       0,       0,       0,       0,       0,       0,       0,     120,     120,       0,       0,  100.0,   48.7,   85.0,   39.3,    0.0,    9.0,    1.3,    0.6,    0.0,    0.5,    0.0,    0.0,   98.9,   94.6,    1.1,    5.4,  100.0,   48.7,   85.0,   39.3,    0.0,    9.0,    1.3,    0.6,    0.0,    0.5,    0.0,    0.0,   98.9,   94.6,    1.1,    5.4,  100.0,    0.0,    0.0,    0.0,    0.0,    0.0,    0.0,    0.0,    0.0,    0.0,    0.0,    0.0,    0.0,    0.0,    0.0,    0.0,     28,      6,     16,      5,      0,.,.,.,      0,.,      0,      0,     13,     19,     28,      6,     16,      5,      0,.,.,.,      0,.,      0,      0,     13,     19,      0,      0,      0,      0,      0,      0,      0,      0,      0,      0,      0,      0,      0,      0,    73.3,    52.9,    93.3,    74.1,    73.3,    50.2,    84.2,    70.4,    73.3,    52.9,    93.3,    74.1,    73.3,    50.2,    84.2,    70.4,     0.0,     0.0,     0.0,     0.0,     0.0,     0.0,     0.0,     0.0,"2500 mmbtu","0233CG","IFED","023 ","N13","FutOnly"
"TETCO M3 BASIS - ICE FUTURES ENERGY DIV",260818,2026-08-18,0233CH,IFED,01,023 ,  165714,  101296,  118586,   36566,   19503,    8757,    2881,    6263,    4220,    2510,    1710,     302,  156532,  159341,    9182,    6373,  165714,  101296,  118586,   36566,   19503,    8757,    2881,    6263,    4220,    2510,    1710,     302,  156532,  159341,    9182,    6373,       0,       0,       0,       0,       0,       0,       0,       0,       0,       0,       0,       0,       0,       0,       0,       0,    3461,    3388,    2781,      76,     -60,     589,      31,     871,    -209,     428,       0,       0,    4303,    3972,    -842,    -511,  100.0,   61.1,   71.6,   22.1,   11.8,    5.3,    1.7,    3.8,    2.5,    1.5,    1.0,    0.2,   94.5,   96.2,    5.5,    3.8,  100.0,   61.1,   71.6,   22.1,   11.8,    5.3,    1.7,    3.8,    2.5,    1.5,    1.0,    0.2,   94.5,   96.2,    5.5,    3.8,  100.0,    0.0,    0.0,    0.0,    0.0,    0.0,    0.0,    0.0,    0.0,    0.0,    0.0,    0.0,    0.0,    0.0,    0.0,    0.0,     47,     15,     21,      6,      6,      7,.,      4,      4,.,.,.,     29,     39,     47,     15,     21,      6,      6,      7,.,      4,      4,.,.,.,     29,     39,      0,      0,      0,      0,      0,      0,      0,      0,      0,      0,      0,      0,      0,      0,    45.0,    34.3,    66.9,    51.7,    41.5,    33.9,    62.3,    49.3,    45.0,    34.3,    66.9,    51.7,    41.5,    33.9,    62.3,    49.3,     0.0,     0.0,     0.0,     0.0,     0.0,     0.0,     0.0,     0.0,"2500 mm btu","0233CH","IFED","023 ","N13","FutOnly"
"TGT ZONE 1 BASIS - ICE FUTURES ENERGY DIV",260818,2026-08-18,0233CM,IFED,01,023 ,  228261,  194355,  133871,   10511,   65755,   13606,    5933,       0,      60,       0,       0,       0,  224465,  213292,    3796,   14969,  228261,  194355,  133871,   10511,   65755,   13606,    5933,       0,      60,       0,       0,       0,  224465,  213292,    3796,   14969,       0,       0,       0,       0,       0,       0,       0,       0,       0,       0,       0,       0,       0,       0,       0,       0,    5299,    4570,    6852,     490,   -2068,    1064,       0,       0,       0,       0,       0,       0,    6124,    5848,    -825,    -549,  100.0,   85.1,   58.6,    4.6,   28.8,    6.0,    2.6,    0.0,    0.0,    0.0,    0.0,    0.0,   98.3,   93.4,    1.7,    6.6,  100.0,   85.1,   58.6,    4.6,   28.8,    6.0,    2.6,    0.0,    0.0,    0.0,    0.0,    0.0,   98.3,   93.4,    1.7,    6.6,  100.0,    0.0,    0.0,    0.0,    0.0,    0.0,    0.0,    0.0,    0.0,    0.0,    0.0,    0.0,    0.0,    0.0,    0.0,    0.0,     39,     25,     18,.,      6,      6,.,      0,.,      0,      0,      0,     33,     27,     39,     25,     18,.,      6,      6,.,      0,.,      0,      0,      0,     33,     27,      0,      0,      0,      0,      0,      0,      0,      0,      0,      0,      0,      0,      0,      0,    44.5,    58.4,    73.7,    78.8,    43.7,    56.9,    68.0,    74.0,    44.5,    58.4,    73.7,    78.8,    43.7,    56.9,    68.0,    74.0,     0.0,     0.0,     0.0,     0.0,     0.0,     0.0,     0.0,     0.0,"2500 MMBtus","0233CM","IFED","023 ","N13","FutOnly"
"TRANSCO STN 85 MONTHLY INDEX - ICE FUTURES ENERGY DIV",260818,2026-08-18,0233CS,IFED,01,023 ,   59544,   42082,   41220,    3454,    8030,     524,   11377,    2082,     155,       0,    6028,       0,   57592,   58039,    1952,    1505,   59544,   42082,   41220,    3454,    8030,     524,   11377,    2082,     155,       0,    6028,       0,   57592,   58039,    1952,    1505,       0,       0,       0,       0,       0,       0,       0,       0,       0,       0,       0,       0,       0,       0,       0,       0,    4609,    2573,    2052,       0,    2210,      90,    1888,     120,       0,       0,     510,       0,    4551,    4982,      58,    -373,  100.0,   70.7,   69.2,    5.8,   13.5,    0.9,   19.1,    3.5,    0.3,    0.0,   10.1,    0.0,   96.7,   97.5,    3.3,    2.5,  100.0,   70.7,   69.2,    5.8,   13.5,    0.9,   19.1,    3.5,    0.3,    0.0,   10.1,    0.0,   96.7,   97.5,    3.3,    2.5,  100.0,    0.0,    0.0,    0.0,    0.0,    0.0,    0.0,    0.0,    0.0,    0.0,    0.0,    0.0,    0.0,    0.0,    0.0,    0.0,     37,     14,     14,.,.,.,      5,      4,.,      0,.,      0,     22,     23,     37,     14,     14,.,.,.,      5,      4,.,      0,.,      0,     22,     23,      0,      0,      0,      0,      0,      0,      0,      0,      0,      0,      0,      0,      0,      0,    48.3,    59.9,    75.8,    79.1,    48.3,    59.9,    75.1,    77.5,    48.3,    59.9,    75.8,    79.1,    48.3,    59.9,    75.1,    77.5,     0.0,     0.0,     0.0,     0.0,     0.0,     0.0,     0.0,     0.0,"mmbtu","0233CS","IFED","023 ","N13","FutOnly"
"TRANSCO ZONE 6 BASIS - ICE FUTURES ENERGY DIV",260818,2026-08-18,0233CU,IFED,01,023 ,  265978,  151006,  184065,   88226,   44730,    9732,    3357,   10071,    3979,     469,    7928,    1561,  258330,  262066,    7648,    3912,  265978,  151006,  184065,   88226,   44730,    9732,    3357,   10071,    3979,     469,    7928,    1561,  258330,  262066,    7648,    3912,       0,       0,       0,       0,       0,       0,       0,       0,       0,       0,       0,       0,       0,       0,       0,       0,    7982,    5831,    4039,    2833,     365,    -464,     150,    1092,    -217,    -793,    2647,     218,    7558,    7680,     424,     302,  100.0,   56.8,   69.2,   33.2,   16.8,    3.7,    1.3,    3.8,    1.5,    0.2,    3.0,    0.6,   97.1,   98.5,    2.9,    1.5,  100.0,   56.8,   69.2,   33.2,   16.8,    3.7,    1.3,    3.8,    1.5,    0.2,    3.0,    0.6,   97.1,   98.5,    2.9,    1.5,  100.0,    0.0,    0.0,    0.0,    0.0,    0.0,    0.0,    0.0,    0.0,    0.0,    0.0,    0.0,    0.0,    0.0,    0.0,    0.0,     58,     26,     22,      5,      6,      7,.,      5,.,.,      5,      5,     44,     43,     58,     26,     22,      5,      6,      7,.,      5,.,.,      5,      5,     44,     43,      0,      0,      0,      0,      0,      0,      0,      0,      0,      0,      0,      0,      0,      0,    39.7,    54.3,    62.9,    68.3,    38.2,    53.6,    59.3,    65.8,    39.7,    54.3,    62.9,    68.3,    38.2,    53.6,    59.3,    65.8,     0.0,     0.0,     0.0,     0.0,     0.0,     0.0,     0.0,     0.0,"mmbtu","0233CU","IFED","023 ","N13","FutOnly"
"TRANSCO ZONE 6 MONTHLY INDEX - ICE FUTURES ENERGY DIV",260818,2026-08-18,0233CV,IFED,01,023 ,  110477,   35240,   98424,   70545,     744,       0,       0,     744,       0,       0,    6804,       0,  105785,  106716,    4692,    3761,  110477,   35240,   98424,   70545,     744,       0,       0,     744,       0,       0,    6804,       0,  105785,  106716,    4692,    3761,       0,       0,       0,       0,       0,       0,       0,       0,       0,       0,       0,       0,       0,       0,       0,       0,    4620,    4560,    4620,      60,       0,       0,       0,       0,       0,       0,       0,       0,    4620,    4620,       0,       0,  100.0,   31.9,   89.1,   63.9,    0.7,    0.0,    0.0,    0.7,    0.0,    0.0,    6.2,    0.0,   95.8,   96.6,    4.2,    3.4,  100.0,   31.9,   89.1,   63.9,    0.7,    0.0,    0.0,    0.7,    0.0,    0.0,    6.2,    0.0,   95.8,   96.6,    4.2,    3.4,  100.0,    0.0,    0.0,    0.0,    0.0,    0.0,    0.0,    0.0,    0.0,    0.0,    0.0,    0.0,    0.0,    0.0,    0.0,    0.0,     27,      7,     13,      5,.,      0,      0,.,      0,      0,.,      0,     12,     17,     27,      7,     13,      5,.,      0,      0,.,      0,      0,.,      0,     12,     17,      0,      0,      0,      0,      0,      0,      0,      0,      0,      0,      0,      0,      0,      0,    76.0,    65.7,    92.1,    83.7,    76.0,    65.7,    91.7,    83.5,    76.0,    65.7,    92.1,    83.7,    76.0,    65.7,    91.7,    83.5,     0.0,     0.0,     0.0,     0.0,     0.0,     0.0,     0.0,     0.0,"mmbtu","0233CV","IFED","023 ","N13","FutOnly"
"TRANSCO STATION 85-ZONE 4 BASI - ICE FUTURES ENERGY DIV",260818,2026-08-18,0233CW,IFED,01,023 ,  301542,  166223,  214519,   25680,   37323,   11724,   66653,    3488,   13480,     602,   15683,    2720,  287082,  298937,   14460,    2605,  301542,  166223,  214519,   25680,   37323,   11724,   66653,    3488,   13480,     602,   15683,    2720,  287082,  298937,   14460,    2605,       0,       0,       0,       0,       0,       0,       0,       0,       0,       0,       0,       0,       0,       0,       0,       0,   16985,   -5437,   14317,    -498,    1068,     437,   23670,     783,   -2671,     602,    2837,      67,   16170,   16838,     815,     147,  100.0,   55.1,   71.1,    8.5,   12.4,    3.9,   22.1,    1.2,    4.5,    0.2,    5.2,    0.9,   95.2,   99.1,    4.8,    0.9,  100.0,   55.1,   71.1,    8.5,   12.4,    3.9,   22.1,    1.2,    4.5,    0.2,    5.2,    0.9,   95.2,   99.1,    4.8,    0.9,  100.0,    0.0,    0.0,    0.0,    0.0,    0.0,    0.0,    0.0,    0.0,    0.0,    0.0,    0.0,    0.0,    0.0,    0.0,    0.0,     70,     28,     42,      6,.,      6,      8,.,      6,.,.,.,     49,     60,     70,     28,     42,      6,.,      6,      8,.,      6,.,.,.,     49,     60,      0,      0,      0,      0,      0,      0,      0,      0,      0,      0,      0,      0,      0,      0,    33.2,    32.6,    53.5,    52.5,    27.4,    28.2,    41.9,    45.4,    33.2,    32.6,    53.5,    52.5,    27.4,    28.2,    41.9,    45.4,     0.0,     0.0,     0.0,     0.0,     0.0,     0.0,     0.0,     0.0,"2500 mm btu","0233CW","IFED","023 ","N13","FutOnly"
"WAHA INDEX  - ICE FUTURES ENERGY DIV",260818,2026-08-18,0233D4,IFED,01,023 ,   94134,   87819,   68486,    3199,   18880,       0,     209,       0,     961,       0,    2515,       0,   92188,   90842,    1946,    3292,   94134,   87819,   68486,    3199,   18880,       0,     209,       0,     961,       0,    2515,       0,   92188,   90842,    1946,    3292,       0,       0,       0,       0,       0,       0,       0,       0,       0,       0,       0,       0,       0,       0,       0,       0,    4304,    4022,    1834,       0,    1820,       0,     209,    -930,     961,       0,       0,       0,    5192,    3685,    -888,     619,  100.0,   93.3,   72.8,    3.4,   20.1,    0.0,    0.2,    0.0,    1.0,    0.0,    2.7,    0.0,   97.9,   96.5,    2.1,    3.5,  100.0,   93.3,   72.8,    3.4,   20.1,    0.0,    0.2,    0.0,    1.0,    0.0,    2.7,    0.0,   97.9,   96.5,    2.1,    3.5,  100.0,    0.0,    0.0,    0.0,    0.0,    0.0,    0.0,    0.0,    0.0,    0.0,    0.0,    0.0,    0.0,    0.0,    0.0,    0.0,     40,     20,     16,.,      7,      0,.,      0,.,      0,.,      0,     24,     26,     40,     20,     16,.,      7,      0,.,      0,.,      0,.,      0,     24,     26,      0,      0,      0,      0,      0,      0,      0,      0,      0,      0,      0,      0,      0,      0,    57.2,    57.8,    78.6,    77.9,    57.1,    55.9,    74.4,    69.9,    57.2,    57.8,    78.6,    77.9,    57.1,    55.9,    74.4,    69.9,     0.0,     0.0,     0.0,     0.0,     0.0,     0.0,     0.0,     0.0,"2500 mm btu","0233D4","IFED","023 ","N13","FutOnly"
"TETCO M2 Basis (Receipts) - ICE FUTURES ENERGY DIV",260818,2026-08-18,0233DR,IFED,01,023 ,  554933,  485308,   16474,    9542,  514306,   12385,   32472,    3367,    1471,    3373,     650,    3446,  547997,  552099,    6936,    2834,  554933,  485308,   16474,    9542,  514306,   12385,   32472,    3367,    1471,    3373,     650,    3446,  547997,  552099,    6936,    2834,       0,       0,       0,       0,       0,       0,       0,       0,       0,       0,       0,       0,       0,       0,       0,       0,   12949,   14660,    2969,    -932,   11643,   -2306,    1020,    1024,    -687,     946,     330,     -24,   12677,   12949,     272,       0,  100.0,   87.5,    3.0,    1.7,   92.7,    2.2,    5.9,    0.6,    0.3,    0.6,    0.1,    0.6,   98.8,   99.5,    1.2,    0.5,  100.0,   87.5,    3.0,    1.7,   92.7,    2.2,    5.9,    0.6,    0.3,    0.6,    0.1,    0.6,   98.8,   99.5,    1.2,    0.5,  100.0,    0.0,    0.0,    0.0,    0.0,    0.0,    0.0,    0.0,    0.0,    0.0,    0.0,    0.0,    0.0,    0.0,    0.0,    0.0,     60,     34,     11,.,     16,      5,.,.,.,.,.,.,     44,     34,     60,     34,     11,.,     16,      5,.,.,.,.,.,.,     44,     34,      0,      0,      0,      0,      0,      0,      0,      0,      0,      0,      0,      0,      0,      0,    45.7,    50.4,    64.0,    73.7,    45.6,    50.3,    63.5,    73.6,    45.7,    50.4,    64.0,    73.7,    45.6,    50.3,    63.5,    73.6,     0.0,     0.0,     0.0,     0.0,     0.0,     0.0,     0.0,     0.0,"2500 MM Btus","0233DR","IFED","023 ","N13","FutOnly"
"TRANSCO LEIDY BASIS - ICE FUTURES ENERGY DIV",260818,2026-08-18,0233DT,IFED,01,023 ,  122261,   70966,   54101,   19266,   51192,   12848,    8134,       0,       0,    4851,     565,     400,  116465,  119106,    5796,    3155,  122261,   70966,   54101,   19266,   51192,   12848,    8134,       0,       0,    4851,     565,     400,  116465,  119106,    5796,    3155,       0,       0,       0,       0,       0,       0,       0,       0,       0,       0,       0,       0,       0,       0,       0,       0,    5401,    6049,    2660,     -95,    4442,    -181,     544,       0,       0,       0,     565,     186,    6503,    7672,   -1102,   -2271,  100.0,   58.0,   44.3,   15.8,   41.9,   10.5,    6.7,    0.0,    0.0,    4.0,    0.5,    0.3,   95.3,   97.4,    4.7,    2.6,  100.0,   58.0,   44.3,   15.8,   41.9,   10.5,    6.7,    0.0,    0.0,    4.0,    0.5,    0.3,   95.3,   97.4,    4.7,    2.6,  100.0,    0.0,    0.0,    0.0,    0.0,    0.0,    0.0,    0.0,    0.0,    0.0,    0.0,    0.0,    0.0,    0.0,    0.0,    0.0,     37,     18,      9,      4,      9,      8,.,      0,      0,.,.,.,     31,     23,     37,     18,      9,      4,      9,      8,.,      0,      0,.,.,.,     31,     23,      0,      0,      0,      0,      0,      0,      0,      0,      0,      0,      0,      0,      0,      0,    42.7,    40.9,    59.4,    65.9,    42.3,    39.9,    58.8,    61.5,    42.7,    40.9,    59.4,    65.9,    42.3,    39.9,    58.8,    61.5,     0.0,     0.0,     0.0,     0.0,     0.0,     0.0,     0.0,     0.0,"(Contracts of 2,500  MMBTU'S)","0233DT","IFED","023 ","N13","FutOnly"
"TETCO M2 Index (Receipts) - ICE FUTURES ENERGY DIV",260818,2026-08-18,0233DW,IFED,01,023 ,   39625,   35603,   32704,    2568,    3693,       0,       0,       0,       0,    1208,    1510,       0,   39379,   37907,     246,    1718,   39625,   35603,   32704,    2568,    3693,       0,       0,       0,       0,    1208,    1510,       0,   39379,   37907,     246,    1718,       0,       0,       0,       0,       0,       0,       0,       0,       0,       0,       0,       0,       0,       0,       0,       0,    3258,     934,     -90,    2568,    3228,       0,       0,       0,       0,       0,       0,       0,    3502,    3138,    -244,     120,  100.0,   89.8,   82.5,    6.5,    9.3,    0.0,    0.0,    0.0,    0.0,    3.0,    3.8,    0.0,   99.4,   95.7,    0.6,    4.3,  100.0,   89.8,   82.5,    6.5,    9.3,    0.0,    0.0,    0.0,    0.0,    3.0,    3.8,    0.0,   99.4,   95.7,    0.6,    4.3,  100.0,    0.0,    0.0,    0.0,    0.0,    0.0,    0.0,    0.0,    0.0,    0.0,    0.0,    0.0,    0.0,    0.0,    0.0,    0.0,     32,     14,     16,.,.,      0,      0,      0,      0,.,.,      0,     16,     19,     32,     14,     16,.,.,      0,      0,      0,      0,.,.,      0,     16,     19,      0,      0,      0,      0,      0,      0,      0,      0,      0,      0,      0,      0,      0,      0,    66.2,    47.4,    86.3,    71.6,    66.2,    47.4,    84.8,    71.6,    66.2,    47.4,    86.3,    71.6,    66.2,    47.4,    84.8,    71.6,     0.0,     0.0,     0.0,     0.0,     0.0,     0.0,     0.0,     0.0,"2500 MM Btus","0233DW","IFED","023 ","N13","FutOnly"
"REX ZONE 3 BASIS - ICE FUTURES ENERGY DIV",260818,2026-08-18,0233EB,IFED,01,023 ,  274909,  216183,  133964,   20697,  107209,    6620,   16165,    6543,    4503,     360,    6087,    3955,  268483,  268881,    6426,    6028,  274909,  216183,  133964,   20697,  107209,    6620,   16165,    6543,    4503,     360,    6087,    3955,  268483,  268881,    6426,    6028,       0,       0,       0,       0,       0,       0,       0,       0,       0,       0,       0,       0,       0,       0,       0,       0,   12892,    3264,    8341,    4380,    2871,    -213,    5066,     806,    -748,     360,    1282,     175,   12284,   12514,     608,     378,  100.0,   78.6,   48.7,    7.5,   39.0,    2.4,    5.9,    2.4,    1.6,    0.1,    2.2,    1.4,   97.7,   97.8,    2.3,    2.2,  100.0,   78.6,   48.7,    7.5,   39.0,    2.4,    5.9,    2.4,    1.6,    0.1,    2.2,    1.4,   97.7,   97.8,    2.3,    2.2,  100.0,    0.0,    0.0,    0.0,    0.0,    0.0,    0.0,    0.0,    0.0,    0.0,    0.0,    0.0,    0.0,    0.0,    0.0,    0.0,     60,     28,     25,.,     13,.,.,.,      4,.,      4,.,     40,     49,     60,     28,     25,.,     13,.,.,.,      4,.,      4,.,     40,     49,      0,      0,      0,      0,      0,      0,      0,      0,      0,      0,      0,      0,      0,      0,    37.1,    33.5,    57.2,    49.9,    35.7,    30.8,    51.0,    45.6,    37.1,    33.5,    57.2,    49.9,    35.7,    30.8,    51.0,    45.6,     0.0,     0.0,     0.0,     0.0,     0.0,     0.0,     0.0,     0.0,"2500 MMBtus","0233EB","IFED","023 ","N13","FutOnly"
"REX ZONE 3 INDEX - ICE FUTURES ENERGY DIV",260818,2026-08-18,0233ED,IFED,01,023 ,   48003,   24729,   42775,   19159,    2392,      31,    1487,    1147,       0,    1011,       0,       0,   46417,   46345,    1586,    1658,   48003,   24729,   42775,   19159,    2392,      31,    1487,    1147,       0,    1011,       0,       0,   46417,   46345,    1586,    1658,       0,       0,       0,       0,       0,       0,       0,       0,       0,       0,       0,       0,       0,       0,       0,       0,    7972,    6680,    8902,     120,       0,     -30,       0,   -1020,       0,     360,       0,       0,    7130,    7852,     842,     120,  100.0,   51.5,   89.1,   39.9,    5.0,    0.1,    3.1,    2.4,    0.0,    2.1,    0.0,    0.0,   96.7,   96.5,    3.3,    3.5,  100.0,   51.5,   89.1,   39.9,    5.0,    0.1,    3.1,    2.4,    0.0,    2.1,    0.0,    0.0,   96.7,   96.5,    3.3,    3.5,  100.0,    0.0,    0.0,    0.0,    0.0,    0.0,    0.0,    0.0,    0.0,    0.0,    0.0,    0.0,    0.0,    0.0,    0.0,    0.0,     26,     13,     17,.,.,.,.,.,      0,.,      0,      0,     18,     20,     26,     13,     17,.,.,.,.,.,      0,.,      0,      0,     18,     20,      0,      0,      0,      0,      0,      0,      0,      0,      0,      0,      0,      0,      0,      0,    71.4,    47.7,    85.9,    70.6,    57.3,    36.3,    65.4,    55.9,    71.4,    47.7,    85.9,    70.6,    57.3,    36.3,    65.4,    55.9,     0.0,     0.0,     0.0,     0.0,     0.0,     0.0,     0.0,     0.0,"2500 MMBtus","0233ED","IFED","023 ","N13","FutOnly"
"Transco Zone 5 South Basis - ICE FUTURES ENERGY DIV",260818,2026-08-18,0233FJ,IFED,01,023 ,  150109,   82618,  125833,   24122,    7992,    7768,   22589,    2235,     550,     850,    1527,      31,  138528,  145936,   11581,    4173,  150109,   82618,  125833,   24122,    7992,    7768,   22589,    2235,     550,     850,    1527,      31,  138528,  145936,   11581,    4173,       0,       0,       0,       0,       0,       0,       0,       0,       0,       0,       0,       0,       0,       0,       0,       0,    1999,    1213,    1549,     121,     -63,     214,     237,       0,     124,      60,     -62,       0,    1969,    1762,      30,     237,  100.0,   55.0,   83.8,   16.1,    5.3,    5.2,   15.0,    1.5,    0.4,    0.6,    1.0,    0.0,   92.3,   97.2,    7.7,    2.8,  100.0,   55.0,   83.8,   16.1,    5.3,    5.2,   15.0,    1.5,    0.4,    0.6,    1.0,    0.0,   92.3,   97.2,    7.7,    2.8,  100.0,    0.0,    0.0,    0.0,    0.0,    0.0,    0.0,    0.0,    0.0,    0.0,    0.0,    0.0,    0.0,    0.0,    0.0,    0.0,     44,     19,     29,.,.,.,.,.,.,.,.,.,     28,     37,     44,     19,     29,.,.,.,.,.,.,.,.,.,     28,     37,      0,      0,      0,      0,      0,      0,      0,      0,      0,      0,      0,      0,      0,      0,    50.9,    46.2,    71.9,    66.2,    47.2,    44.9,    66.9,    60.6,    50.9,    46.2,    71.9,    66.2,    47.2,    44.9,    66.9,    60.6,     0.0,     0.0,     0.0,     0.0,     0.0,     0.0,     0.0,     0.0,"2500 MMBtus","0233FJ","IFED","023 ","N13","FutOnly"
"NAT GAS NYME - NEW YORK MERCANTILE EXCHANGE",260818,2026-08-18,023651,NYME,01,023 , 1727378,  231184,  247970,  223741,   18629,  109659,  265239,  365319,  575882,   45567,  148990,  219277, 1670549, 1685726,   56829,   41652, 1727378,  231184,  247970,  223741,   18629,  109659,  265239,  365319,  575882,   45567,  148990,  219277, 1670549, 1685726,   56829,   41652,       0,       0,       0,       0,       0,       0,       0,       0,       0,       0,       0,       0,       0,       0,       0,       0,   34967,   -3911,   -5096,    6519,      55,    8495,   17083,    6533,   11533,   -6988,    9930,     622,   33353,   32072,    1614,    2895,  100.0,   13.4,   14.4,   13.0,    1.1,    6.3,   15.4,   21.1,   33.3,    2.6,    8.6,   12.7,   96.7,   97.6,    3.3,    2.4,  100.0,   13.4,   14.4,   13.0,    1.1,    6.3,   15.4,   21.1,   33.3,    2.6,    8.6,   12.7,   96.7,   97.6,    3.3,    2.4,  100.0,    0.0,    0.0,    0.0,    0.0,    0.0,    0.0,    0.0,    0.0,    0.0,    0.0,    0.0,    0.0,    0.0,    0.0,    0.0,    330,     46,     40,     28,     10,     28,     59,     76,     85,     55,     43,     74,    293,    261,    330,     46,     40,     28,     10,     28,     59,     76,     85,     55,     43,     74,    293,    261,      0,      0,      0,      0,      0,      0,      0,      0,      0,      0,      0,      0,      0,      0,    16.8,    23.4,    26.3,    34.4,     9.1,    11.1,    14.0,    15.5,    16.8,    23.4,    26.3,    34.4,     9.1,    11.1,    14.0,    15.5,     0.0,     0.0,     0.0,     0.0,     0.0,     0.0,     0.0,     0.0,"(Contracts of 10,000 MMBTU'S)","023651","NYME","023 ","N13","FutOnly"
"HENRY HUB LAST DAY FIN - NEW YORK MERCANTILE EXCHANGE",260818,2026-08-18,023A55,NYME,01,023 ,  411190,  149557,   53475,   32245,  152927,   22032,   43329,   14698,   18076,   68996,   90572,   53444,  387679,  405224,   23511,    5966,  411190,  149557,   53475,   32245,  152927,   22032,   43329,   14698,   18076,   68996,   90572,   53444,  387679,  405224,   23511,    5966,       0,       0,       0,       0,       0,       0,       0,       0,       0,       0,       0,       0,       0,       0,       0,       0,   11860,    6058,    8548,     186,     908,     713,    3857,   -1004,    2134,     -24,    4438,   -1683,   11241,   14054,     619,   -2194,  100.0,   36.4,   13.0,    7.8,   37.2,    5.4,   10.5,    3.6,    4.4,   16.8,   22.0,   13.0,   94.3,   98.5,    5.7,    1.5,  100.0,   36.4,   13.0,    7.8,   37.2,    5.4,   10.5,    3.6,    4.4,   16.8,   22.0,   13.0,   94.3,   98.5,    5.7,    1.5,  100.0,    0.0,    0.0,    0.0,    0.0,    0.0,    0.0,    0.0,    0.0,    0.0,    0.0,    0.0,    0.0,    0.0,    0.0,    0.0,     97,     30,     24,     14,     10,     17,      6,      5,     10,     16,     13,     22,     91,     76,     97,     30,     24,     14,     10,     17,      6,      5,     10,     16,     13,     22,     91,     76,      0,      0,      0,      0,      0,      0,      0,      0,      0,      0,      0,      0,      0,      0,    18.6,    39.3,    32.3,    53.4,    15.8,    38.2,    27.1,    50.0,    18.6,    39.3,    32.3,    53.4,    15.8,    38.2,    27.1,    50.0,     0.0,     0.0,     0.0,     0.0,     0.0,     0.0,     0.0,     0.0,"(Contracts of 10,000 MMBTU'S)","023A55","NYME","023 ","N13","FutOnly"
"HENRY HUB PENULTIMATE FIN - NEW YORK MERCANTILE EXCHANGE",260818,2026-08-18,023A56,NYME,01,023 ,  236737,   24110,   54961,   78735,   60207,   29880,   18005,   15032,   20038,   34015,   25888,   24555,  229338,  230561,    7399,    6176,  236737,   24110,   54961,   78735,   60207,   29880,   18005,   15032,   20038,   34015,   25888,   24555,  229338,  230561,    7399,    6176,       0,       0,       0,       0,       0,       0,       0,       0,       0,       0,       0,       0,       0,       0,       0,       0,    2140,     918,     764,    -132,   -2629,    2643,   -5781,    2843,     169,    3883,   -2825,    1454,    3154,    2419,   -1014,    -279,  100.0,   10.2,   23.2,   33.3,   25.4,   12.6,    7.6,    6.3,    8.5,   14.4,   10.9,   10.4,   96.9,   97.4,    3.1,    2.6,  100.0,   10.2,   23.2,   33.3,   25.4,   12.6,    7.6,    6.3,    8.5,   14.4,   10.9,   10.4,   96.9,   97.4,    3.1,    2.6,  100.0,    0.0,    0.0,    0.0,    0.0,    0.0,    0.0,    0.0,    0.0,    0.0,    0.0,    0.0,    0.0,    0.0,    0.0,    0.0,     78,     13,     14,     11,      8,     14,     10,      9,     13,     10,     15,     23,     71,     69,     78,     13,     14,     11,      8,     14,     10,      9,     13,     10,     15,     23,     71,     69,      0,      0,      0,      0,      0,      0,      0,      0,      0,      0,      0,      0,      0,      0,    25.4,    33.5,    43.5,    48.3,    23.6,    25.5,    39.6,    34.0,    25.4,    33.5,    43.5,    48.3,    23.6,    25.5,    39.6,    34.0,     0.0,     0.0,     0.0,     0.0,     0.0,     0.0,     0.0,     0.0,"(Contracts of 10,000 MMBTU'S)","023A56","NYME","023 ","N13","FutOnly"
"ETHANOL T2 FOB INCL DUTY - NEW YORK MERCANTILE EXCHANGE",260818,2026-08-18,025608,NYME,01,025 ,    3292,    3025,    3047,       0,       0,       0,       0,       0,       0,       0,     135,       0,    3025,    3182,     267,     110,    3292,    3025,    3047,       0,       0,       0,       0,       0,       0,       0,     135,       0,    3025,    3182,     267,     110,       0,       0,       0,       0,       0,       0,       0,       0,       0,       0,       0,       0,       0,       0,       0,       0,      40,      40,      30,       0,       0,       0,       0,       0,       0,       0,       0,       0,      40,      30,       0,      10,  100.0,   91.9,   92.6,    0.0,    0.0,    0.0,    0.0,    0.0,    0.0,    0.0,    4.1,    0.0,   91.9,   96.7,    8.1,    3.3,  100.0,   91.9,   92.6,    0.0,    0.0,    0.0,    0.0,    0.0,    0.0,    0.0,    4.1,    0.0,   91.9,   96.7,    8.1,    3.3,  100.0,    0.0,    0.0,    0.0,    0.0,    0.0,    0.0,    0.0,    0.0,    0.0,    0.0,    0.0,    0.0,    0.0,    0.0,    0.0,     28,     22,     21,      0,      0,      0,      0,      0,      0,      0,.,      0,     22,     23,     28,     22,     21,      0,      0,      0,      0,      0,      0,      0,.,      0,     22,     23,      0,      0,      0,      0,      0,      0,      0,      0,      0,      0,      0,      0,      0,      0,    44.7,    51.6,    65.7,    72.2,    40.6,    32.7,    50.3,    48.5,    44.7,    51.6,    65.7,    72.2,    40.6,    32.7,    50.3,    48.5,     0.0,     0.0,     0.0,     0.0,     0.0,     0.0,     0.0,     0.0,"(100 CUBIC METERS)","025608","NYME","025 ","N10","FutOnly"
"ETHANOL - NEW YORK MERCANTILE EXCHANGE",260818,2026-08-18,025651,NYME,01,025 ,   44388,   32102,   37656,     937,    2365,     846,    6284,     165,     200,    1526,     325,    1845,   43740,   43402,     648,     986,   44388,   32102,   37656,     937,    2365,     846,    6284,     165,     200,    1526,     325,    1845,   43740,   43402,     648,     986,       0,       0,       0,       0,       0,       0,       0,       0,       0,       0,       0,       0,       0,       0,       0,       0,    1062,     444,     617,      22,     353,     -10,     339,     -45,      40,      18,      -4,      94,     947,    1045,     115,      17,  100.0,   72.3,   84.8,    2.1,    5.3,    1.9,   14.2,    0.4,    0.5,    3.4,    0.7,    4.2,   98.5,   97.8,    1.5,    2.2,  100.0,   72.3,   84.8,    2.1,    5.3,    1.9,   14.2,    0.4,    0.5,    3.4,    0.7,    4.2,   98.5,   97.8,    1.5,    2.2,  100.0,    0.0,    0.0,    0.0,    0.0,    0.0,    0.0,    0.0,    0.0,    0.0,    0.0,    0.0,    0.0,    0.0,    0.0,    0.0,    116,     47,     59,      4,      4,      4,     18,      4,.,     10,      4,      7,     84,     81,    116,     47,     59,      4,      4,      4,     18,      4,.,     10,      4,      7,     84,     81,      0,      0,      0,      0,      0,      0,      0,      0,      0,      0,      0,      0,      0,      0,    32.5,    27.9,    48.6,    43.7,    11.8,    13.5,    19.7,    21.0,    32.5,    27.9,    48.6,    43.7,    11.8,    13.5,    19.7,    21.0,     0.0,     0.0,     0.0,     0.0,     0.0,     0.0,     0.0,     0.0,"(CONTRACTS OF 42,000 U.S. GALLONS)","025651","NYME","025 ","N10","FutOnly"
"SOYBEAN MEAL - CHICAGO BOARD OF TRADE",260818,2026-08-18,026603,CBT ,00,026 ,  604433,  123595,  385478,  127778,    6975,    9062,  129318,   46003,   61769,   44794,   11212,   58751,  555067,  579250,   49366,   25183,   65990,   25813,   46246,    5694,    2056,      45,   15502,   10116,     158,   11079,    3672,     210,   58501,   62503,    7489,    3487,  538443,   97782,  339232,  124451,    7286,    6650,  126353,   48424,   49074,   43141,   16966,   49115,  496566,  516747,   41877,   21696,     447,    1253,   16990,    3755,    1272,      63,    6927,   -2698,   -8537,    -700,   -2308,   -2265,     496,    2517,     -49,   -2070,  100.0,   20.4,   63.8,   21.1,    1.2,    1.5,   21.4,    7.6,   10.2,    7.4,    1.9,    9.7,   91.8,   95.8,    8.2,    4.2,  100.0,   39.1,   70.1,    8.6,    3.1,    0.1,   23.5,   15.3,    0.2,   16.8,    5.6,    0.3,   88.7,   94.7,   11.3,    5.3,  100.0,   18.2,   63.0,   23.1,    1.4,    1.2,   23.5,    9.0,    9.1,    8.0,    3.2,    9.1,   92.2,   96.0,    7.8,    4.0,    327,    109,     98,     24,      5,     15,     65,     33,     58,     43,     18,     37,    286,    229,    192,     54,     61,     11,      7,.,     23,     13,.,     24,      8,.,    114,     91,    319,     98,     86,     23,      6,     12,     60,     39,     52,     39,     23,     34,    269,    209,     9.6,    35.6,    18.4,    44.2,     9.0,    32.4,    17.2,    37.6,    16.2,    40.8,    27.7,    51.2,    16.2,    40.7,    27.5,    51.1,    10.4,    37.0,    19.9,    46.7,    10.1,    34.5,    18.9,    40.6,"(CONTRACTS OF 100 TONS)","026603","CBT ","026 ","A30","FutOnly"
"COTTON NO. 2 - ICE FUTURES U.S.",260818,2026-08-18,033661,ICUS,01,033 ,  361871,   43860,  203249,   64357,   24169,   19667,   92005,   19333,   38123,   57393,   22417,   27095,  342500,  354053,   19371,    7818,  334669,   32033,  188648,   63991,   20411,   15728,   87535,   20002,   36917,   55704,   20773,   24480,  316388,  326959,   18281,    7710,   27202,   11827,   14601,    4305,    7697,       0,    5676,     537,       0,    4005,    3960,     299,   26112,   27094,    1090,     108,   12501,     561,    9951,     366,   -3349,    3309,    5866,     -26,     775,    -195,    1304,     102,   10784,   12066,    1717,     435,  100.0,   12.1,   56.2,   17.8,    6.7,    5.4,   25.4,    5.3,   10.5,   15.9,    6.2,    7.5,   94.6,   97.8,    5.4,    2.2,  100.0,    9.6,   56.4,   19.1,    6.1,    4.7,   26.2,    6.0,   11.0,   16.6,    6.2,    7.3,   94.5,   97.7,    5.5,    2.3,  100.0,   43.5,   53.7,   15.8,   28.3,    0.0,   20.9,    2.0,    0.0,   14.7,   14.6,    1.1,   96.0,   99.6,    4.0,    0.4,    357,     40,     52,     25,     14,     15,     98,     24,     62,     92,     35,     41,    292,    213,    354,     34,     51,     26,     11,     15,     97,     26,     60,     89,     38,     40,    285,    207,     94,     16,     22,      7,     13,      0,     10,      4,      0,     19,      8,      5,     53,     51,     8.7,    29.5,    15.0,    40.2,     7.2,    27.0,    12.3,    35.9,     8.6,    30.3,    14.7,    40.4,     6.9,    28.6,    12.5,    37.5,    45.1,    43.2,    62.4,    65.7,    45.0,    43.1,    62.3,    65.6,"(CONTRACTS OF 50,000 POUNDS)","033661","ICUS","033 ","A40","FutOnly"
"HENRY HUB - NEW YORK MERCANTILE EXCHANGE",260818,2026-08-18,03565B,NYME,01,023 ,  397858,   31361,   19333,   22143,  292154,   45142,       0,    6352,       0,  284518,   18545,    1959,  385123,  383485,   12735,   14373,  397858,   31361,   19333,   22143,  292154,   45142,       0,    6352,       0,  284518,   18545,    1959,  385123,  383485,   12735,   14373,       0,       0,       0,       0,       0,       0,       0,       0,       0,       0,       0,       0,       0,       0,       0,       0,    4922,    1236,    5407,    -366,   -2832,     179,       0,       0,       0,    3879,    1358,      -6,    4922,    4106,       0,     816,  100.0,    7.9,    4.9,    5.6,   73.4,   11.3,    0.0,    1.6,    0.0,   71.5,    4.7,    0.5,   96.8,   96.4,    3.2,    3.6,  100.0,    7.9,    4.9,    5.6,   73.4,   11.3,    0.0,    1.6,    0.0,   71.5,    4.7,    0.5,   96.8,   96.4,    3.2,    3.6,  100.0,    0.0,    0.0,    0.0,    0.0,    0.0,    0.0,    0.0,    0.0,    0.0,    0.0,    0.0,    0.0,    0.0,    0.0,    0.0,     34,      5,      5,.,     12,     12,      0,.,      0,      6,.,.,     25,     25,     34,      5,      5,.,     12,     12,      0,.,      0,      6,.,.,     25,     25,      0,      0,      0,      0,      0,      0,      0,      0,      0,      0,      0,      0,      0,      0,    70.5,    58.9,    83.6,    82.2,    70.1,    55.9,    80.4,    76.3,    70.5,    58.9,    83.6,    82.2,    70.1,    55.9,    80.4,    76.3,     0.0,     0.0,     0.0,     0.0,     0.0,     0.0,     0.0,     0.0,"(Contracts of 2,500  MMBTU'S)","03565B","NYME","023 ","N13","FutOnly"
"HENRY HUB PENULTIMATE NAT GAS - NEW YORK MERCANTILE EXCHANGE",260818,2026-08-18,03565C,NYME,01,023 ,  109942,   11049,   15596,   21730,   23411,   30258,    6260,    7884,    4714,   10684,    7948,   12756,   97451,  102567,   12491,    7375,  109942,   11049,   15596,   21730,   23411,   30258,    6260,    7884,    4714,   10684,    7948,   12756,   97451,  102567,   12491,    7375,       0,       0,       0,       0,       0,       0,       0,       0,       0,       0,       0,       0,       0,       0,       0,       0,     753,       0,       0,       0,    1792,    -687,     270,    -112,    -270,    1465,    -327,     -25,     753,     371,       0,     382,  100.0,   10.0,   14.2,   19.8,   21.3,   27.5,    5.7,    7.2,    4.3,    9.7,    7.2,   11.6,   88.6,   93.3,   11.4,    6.7,  100.0,   10.0,   14.2,   19.8,   21.3,   27.5,    5.7,    7.2,    4.3,    9.7,    7.2,   11.6,   88.6,   93.3,   11.4,    6.7,  100.0,    0.0,    0.0,    0.0,    0.0,    0.0,    0.0,    0.0,    0.0,    0.0,    0.0,    0.0,    0.0,    0.0,    0.0,    0.0,     43,      6,      7,      6,      6,     11,      4,.,      5,     11,      5,     12,     40,     36,     43,      6,      7,      6,      6,     11,      4,.,      5,     11,      5,     12,     40,     36,      0,      0,      0,      0,      0,      0,      0,      0,      0,      0,      0,      0,      0,      0,    32.6,    35.1,    48.8,    61.8,    20.2,    24.4,    27.8,    36.9,    32.6,    35.1,    48.8,    61.8,    20.2,    24.4,    27.8,    36.9,     0.0,     0.0,     0.0,     0.0,     0.0,     0.0,     0.0,     0.0,"(Contracts of 2,500  MMBTU'S)","03565C","NYME","023 ","N13","FutOnly"
"USD Malaysian Crude Palm Oil C - CHICAGO MERCANTILE EXCHANGE",260818,2026-08-18,037021,CME ,00,037 ,   45449,   39621,   32862,     700,    3869,    2748,     120,    4652,       0,    1180,     298,    1020,   45389,   45449,      60,       0,   45449,   39621,   32862,     700,    3869,    2748,     120,    4652,       0,    1180,     298,    1020,   45389,   45449,      60,       0,       0,       0,       0,       0,       0,       0,       0,       0,       0,       0,       0,       0,       0,       0,       0,       0,   -2299,   -2395,   -2037,       0,   -1175,    -224,       0,     777,       0,     -40,       0,     360,   -2299,   -2299,       0,       0,  100.0,   87.2,   72.3,    1.5,    8.5,    6.0,    0.3,   10.2,    0.0,    2.6,    0.7,    2.2,   99.9,  100.0,    0.1,    0.0,  100.0,   87.2,   72.3,    1.5,    8.5,    6.0,    0.3,   10.2,    0.0,    2.6,    0.7,    2.2,   99.9,  100.0,    0.1,    0.0,  100.0,    0.0,    0.0,    0.0,    0.0,    0.0,    0.0,    0.0,    0.0,    0.0,    0.0,    0.0,    0.0,    0.0,    0.0,    0.0,     29,     10,     10,.,      5,      4,.,.,      0,.,.,.,     22,     20,     29,     10,     10,.,      5,      4,.,.,      0,.,.,.,     22,     20,      0,      0,      0,      0,      0,      0,      0,      0,      0,      0,      0,      0,      0,      0,    82.7,    62.9,    91.1,    88.8,    42.2,    39.7,    46.6,    47.1,    82.7,    62.9,    91.1,    88.8,    42.2,    39.7,    46.6,    47.1,     0.0,     0.0,     0.0,     0.0,     0.0,     0.0,     0.0,     0.0,"(CONTRACTS OF 25 METRIC TONS)","037021","CME ","037 ","A30","FutOnly"
"ROUGH RICE - CHICAGO BOARD OF TRADE",260818,2026-08-18,039601,CBT ,00,039 ,   14009,    5192,    8150,     259,       0,       0,    2955,    2522,      77,    1599,    1427,     962,   11044,   13138,    2965,     871,   14009,    5192,    8150,     259,       0,       0,    2955,    2522,      77,    1599,    1427,     962,   11044,   13138,    2965,     871,       0,       0,       0,       0,       0,       0,       0,       0,       0,       0,       0,       0,       0,       0,       0,       0,     229,     247,     318,    -111,       0,       0,      26,      56,     -12,     125,      13,      -8,     267,     367,     -38,    -138,  100.0,   37.1,   58.2,    1.8,    0.0,    0.0,   21.1,   18.0,    0.5,   11.4,   10.2,    6.9,   78.8,   93.8,   21.2,    6.2,  100.0,   37.1,   58.2,    1.8,    0.0,    0.0,   21.1,   18.0,    0.5,   11.4,   10.2,    6.9,   78.8,   93.8,   21.2,    6.2,  100.0,    0.0,    0.0,    0.0,    0.0,    0.0,    0.0,    0.0,    0.0,    0.0,    0.0,    0.0,    0.0,    0.0,    0.0,    0.0,     73,     17,     21,.,      0,      0,     13,      7,.,     13,      7,      6,     48,     40,     73,     17,     21,.,      0,      0,     13,      7,.,     13,      7,      6,     48,     40,      0,      0,      0,      0,      0,      0,      0,      0,      0,      0,      0,      0,      0,      0,    26.2,    39.4,    39.3,    58.4,    24.5,    39.1,    34.5,    55.9,    26.2,    39.4,    39.3,    58.4,    24.5,    39.1,    34.5,    55.9,     0.0,     0.0,     0.0,     0.0,     0.0,     0.0,     0.0,     0.0,"(CONTRACTS OF 200,000 POUNDS)","039601","CBT ","039 ","A10","FutOnly"
"FRZN CONCENTRATED ORANGE JUICE - ICE FUTURES U.S.",260818,2026-08-18,040701,ICUS,01,040 ,    9834,    1636,    3219,     842,       1,     165,    2324,    3994,      30,    2295,     280,     388,    7680,    8077,    2154,    1757,    8885,    1022,    2546,     842,      71,      95,    2353,    3994,       1,    2194,     304,     344,    6851,    7355,    2034,    1530,     949,     614,     673,      70,       0,       0,       0,      29,       0,     145,      20,       0,     829,     722,     120,     227,    -261,     -41,    -115,     -11,     -92,      95,      -6,     238,    -156,     -97,     169,    -143,    -359,      -4,      98,    -257,  100.0,   16.6,   32.7,    8.6,    0.0,    1.7,   23.6,   40.6,    0.3,   23.3,    2.8,    3.9,   78.1,   82.1,   21.9,   17.9,  100.0,   11.5,   28.7,    9.5,    0.8,    1.1,   26.5,   45.0,    0.0,   24.7,    3.4,    3.9,   77.1,   82.8,   22.9,   17.2,  100.0,   64.7,   70.9,    7.4,    0.0,    0.0,    0.0,    3.1,    0.0,   15.3,    2.1,    0.0,   87.4,   76.1,   12.6,   23.9,     53,     10,      5,.,.,.,      8,     13,.,     11,      5,      4,     37,     27,     53,      9,      5,.,.,.,      8,     13,.,     12,      5,      4,     36,     26,     15,      8,.,.,      0,      0,      0,.,      0,      4,.,      0,     13,      5,    24.2,    42.2,    38.8,    58.5,    24.2,    41.9,    38.8,    58.3,    26.7,    39.8,    41.8,    57.9,    26.7,    39.7,    41.8,    57.8,    58.9,    74.0,    81.5,    76.1,    57.4,    68.1,    74.9,    68.1,"(CONTRACTS OF 15,000 POUNDS)","040701","ICUS","040 ","A50","FutOnly"
"BUTTER (CASH SETTLED) - CHICAGO MERCANTILE EXCHANGE",260818,2026-08-18,050642,CME ,00,050 ,   18000,   10085,    9611,    4707,     974,    1657,       0,     493,      65,     146,    4368,     612,   17272,   17780,     728,     220,   18000,   10085,    9611,    4707,     974,    1657,       0,     493,      65,     146,    4368,     612,   17272,   17780,     728,     220,       0,       0,       0,       0,       0,       0,       0,       0,       0,       0,       0,       0,       0,       0,       0,       0,     780,     391,     181,     193,     -46,     170,       0,     100,     -44,     -30,     359,      65,     745,     785,      35,      -5,  100.0,   56.0,   53.4,   26.1,    5.4,    9.2,    0.0,    2.7,    0.4,    0.8,   24.3,    3.4,   96.0,   98.8,    4.0,    1.2,  100.0,   56.0,   53.4,   26.1,    5.4,    9.2,    0.0,    2.7,    0.4,    0.8,   24.3,    3.4,   96.0,   98.8,    4.0,    1.2,  100.0,    0.0,    0.0,    0.0,    0.0,    0.0,    0.0,    0.0,    0.0,    0.0,    0.0,    0.0,    0.0,    0.0,    0.0,    0.0,     57,     31,     22,      6,.,      4,      0,.,.,.,      7,      5,     45,     37,     57,     31,     22,      6,.,      4,      0,.,.,.,      7,      5,     45,     37,      0,      0,      0,      0,      0,      0,      0,      0,      0,      0,      0,      0,      0,      0,    38.8,    39.1,    55.1,    60.6,    34.1,    35.0,    48.8,    50.4,    38.8,    39.1,    55.1,    60.6,    34.1,    35.0,    48.8,    50.4,     0.0,     0.0,     0.0,     0.0,     0.0,     0.0,     0.0,     0.0,"(CONTRACTS OF 20,000 POUNDS)","050642","CME ","050 ","A25","FutOnly"
"MILK, Class III - CHICAGO MERCANTILE EXCHANGE",260818,2026-08-18,052641,CME ,00,052 ,   30277,   12740,   10186,    9687,    1799,     460,     145,    4754,     784,    2680,    7036,    1471,   27967,   26490,    2310,    3787,   30277,   12740,   10186,    9687,    1799,     460,     145,    4754,     784,    2680,    7036,    1471,   27967,   26490,    2310,    3787,       0,       0,       0,       0,       0,       0,       0,       0,       0,       0,       0,       0,       0,       0,       0,       0,    1345,     667,     -19,    -121,     -15,      30,      50,    -131,     297,      37,     966,     379,    1339,    1507,       6,    -162,  100.0,   42.1,   33.6,   32.0,    5.9,    1.5,    0.5,   15.7,    2.6,    8.9,   23.2,    4.9,   92.4,   87.5,    7.6,   12.5,  100.0,   42.1,   33.6,   32.0,    5.9,    1.5,    0.5,   15.7,    2.6,    8.9,   23.2,    4.9,   92.4,   87.5,    7.6,   12.5,  100.0,    0.0,    0.0,    0.0,    0.0,    0.0,    0.0,    0.0,    0.0,    0.0,    0.0,    0.0,    0.0,    0.0,    0.0,    0.0,     85,     24,     21,      6,.,.,.,     14,.,      6,     19,     11,     48,     60,     85,     24,     21,      6,.,.,.,     14,.,      6,     19,     11,     48,     60,      0,      0,      0,      0,      0,      0,      0,      0,      0,      0,      0,      0,      0,      0,    46.0,    24.9,    62.0,    43.0,    46.0,    23.2,    62.0,    38.7,    46.0,    24.9,    62.0,    43.0,    46.0,    23.2,    62.0,    38.7,     0.0,     0.0,     0.0,     0.0,     0.0,     0.0,     0.0,     0.0,"(CONTRACTS OF 200,000 POUNDS)","052641","CME ","052 ","A25","FutOnly"
"NON FAT DRY MILK - CHICAGO MERCANTILE EXCHANGE",260818,2026-08-18,052642,CME ,00,052 ,   10520,    7036,    4328,    1847,     602,     474,      47,     817,      45,     205,    4031,      64,    9718,   10361,     802,     159,   10520,    7036,    4328,    1847,     602,     474,      47,     817,      45,     205,    4031,      64,    9718,   10361,     802,     159,       0,       0,       0,       0,       0,       0,       0,       0,       0,       0,       0,       0,       0,       0,       0,       0,     463,     146,     112,     248,      26,       0,      47,     148,     -66,      46,     240,     -22,     399,     438,      64,      25,  100.0,   66.9,   41.1,   17.6,    5.7,    4.5,    0.4,    7.8,    0.4,    1.9,   38.3,    0.6,   92.4,   98.5,    7.6,    1.5,  100.0,   66.9,   41.1,   17.6,    5.7,    4.5,    0.4,    7.8,    0.4,    1.9,   38.3,    0.6,   92.4,   98.5,    7.6,    1.5,  100.0,    0.0,    0.0,    0.0,    0.0,    0.0,    0.0,    0.0,    0.0,    0.0,    0.0,    0.0,    0.0,    0.0,    0.0,    0.0,     53,     28,     18,      5,.,      5,.,.,.,.,      7,      5,     43,     33,     53,     28,     18,      5,.,      5,.,.,.,.,      7,      5,     43,     33,      0,      0,      0,      0,      0,      0,      0,      0,      0,      0,      0,      0,      0,      0,    32.8,    39.5,    51.5,    62.6,    32.3,    38.9,    47.2,    60.9,    32.8,    39.5,    51.5,    62.6,    32.3,    38.9,    47.2,    60.9,     0.0,     0.0,     0.0,     0.0,     0.0,     0.0,     0.0,     0.0,"(CONTRACTS OF 44,000 LBS.)","052642","CME ","052 ","A25","FutOnly"
"CME MILK IV - CHICAGO MERCANTILE EXCHANGE",260818,2026-08-18,052644,CME ,00,052 ,    8827,    3623,    4931,    1976,    1126,      28,       0,      51,     106,    2738,    1675,     171,    8642,    8088,     185,     739,    8827,    3623,    4931,    1976,    1126,      28,       0,      51,     106,    2738,    1675,     171,    8642,    8088,     185,     739,       0,       0,       0,       0,       0,       0,       0,       0,       0,       0,       0,       0,       0,       0,       0,       0,     884,      51,    1016,       3,     110,     -15,       0,     -12,      40,     917,    -285,    -109,     887,     745,      -3,     139,  100.0,   41.0,   55.9,   22.4,   12.8,    0.3,    0.0,    0.6,    1.2,   31.0,   19.0,    1.9,   97.9,   91.6,    2.1,    8.4,  100.0,   41.0,   55.9,   22.4,   12.8,    0.3,    0.0,    0.6,    1.2,   31.0,   19.0,    1.9,   97.9,   91.6,    2.1,    8.4,  100.0,    0.0,    0.0,    0.0,    0.0,    0.0,    0.0,    0.0,    0.0,    0.0,    0.0,    0.0,    0.0,    0.0,    0.0,    0.0,     32,      7,     12,.,.,.,      0,.,.,      4,      5,      5,     17,     24,     32,      7,     12,.,.,.,      0,.,.,      4,      5,      5,     17,     24,      0,      0,      0,      0,      0,      0,      0,      0,      0,      0,      0,      0,      0,      0,    76.7,    50.8,    92.1,    73.6,    76.6,    49.6,    91.2,    71.3,    76.7,    50.8,    92.1,    73.6,    76.6,    49.6,    91.2,    71.3,     0.0,     0.0,     0.0,     0.0,     0.0,     0.0,     0.0,     0.0,"(CONTRACTS OF 200,000 POUNDS)","052644","CME ","052 ","A25","FutOnly"
"LEAN HOGS - CHICAGO MERCANTILE EXCHANGE",260818,2026-08-18,054642,CME ,00,054 ,  275817,   37162,   49034,   78334,    2854,    2518,   59731,   88728,   48995,   12369,   46027,   18374,  257483,  256530,   18334,   19287,  137439,   19196,   17326,   34353,    2563,     833,   56305,   76843,    4793,   13276,   24779,     535,  129291,  127672,    8148,    9767,  138378,   17966,   31708,   44734,    1044,     932,   32007,   40466,   15621,   11355,   33510,    5577,  128192,  128858,   10186,    9520,    9998,    1952,   -3143,    2001,      23,    -219,     674,    5308,    2758,    -789,    1863,    2921,    9298,    9511,     700,     487,  100.0,   13.5,   17.8,   28.4,    1.0,    0.9,   21.7,   32.2,   17.8,    4.5,   16.7,    6.7,   93.4,   93.0,    6.6,    7.0,  100.0,   14.0,   12.6,   25.0,    1.9,    0.6,   41.0,   55.9,    3.5,    9.7,   18.0,    0.4,   94.1,   92.9,    5.9,    7.1,  100.0,   13.0,   22.9,   32.3,    0.8,    0.7,   23.1,   29.2,   11.3,    8.2,   24.2,    4.0,   92.6,   93.1,    7.4,    6.9,    332,     62,     70,     20,      4,     13,     50,     71,     60,     30,     51,     49,    236,    258,    304,     47,     50,     17,      7,      4,     50,     70,     23,     26,     54,     10,    166,    192,    238,     40,     59,     19,.,      9,     37,     39,     38,     27,     32,     33,    161,    180,    18.4,    14.8,    29.0,    24.1,    17.5,    13.3,    26.2,    21.7,    24.8,    15.6,    36.8,    27.3,    24.8,    15.6,    36.8,    27.2,    18.5,    22.4,    32.7,    33.1,    18.4,    22.3,    32.6,    33.0,"(CONTRACTS OF 40,000 POUNDS)","054642","CME ","054 ","A20","FutOnly"
"LIVE CATTLE - CHICAGO MERCANTILE EXCHANGE",260818,2026-08-18,057642,CME ,00,057 ,  280826,   37239,  131901,   68783,    4523,     856,   81870,   18903,   43521,   12194,   35577,   11634,  256097,  246915,   24729,   33911,  280826,   37239,  131901,   68783,    4523,     856,   81870,   18903,   43521,   12194,   35577,   11634,  256097,  246915,   24729,   33911,       0,       0,       0,       0,       0,       0,       0,       0,       0,       0,       0,       0,       0,       0,       0,       0,    4201,    1001,   -2867,     715,    -176,       0,    -596,    2386,    4789,      61,    1507,     199,    6169,    5838,   -1968,   -1637,  100.0,   13.3,   47.0,   24.5,    1.6,    0.3,   29.2,    6.7,   15.5,    4.3,   12.7,    4.1,   91.2,   87.9,    8.8,   12.1,  100.0,   13.3,   47.0,   24.5,    1.6,    0.3,   29.2,    6.7,   15.5,    4.3,   12.7,    4.1,   91.2,   87.9,    8.8,   12.1,  100.0,    0.0,    0.0,    0.0,    0.0,    0.0,    0.0,    0.0,    0.0,    0.0,    0.0,    0.0,    0.0,    0.0,    0.0,    0.0,    377,     88,    130,     19,      4,      7,     75,     31,     66,     42,     34,     45,    280,    280,    377,     88,    130,     19,      4,      7,     75,     31,     66,     42,     34,     45,    280,    280,      0,      0,      0,      0,      0,      0,      0,      0,      0,      0,      0,      0,      0,      0,    15.5,    15.8,    24.8,    24.9,    14.4,    15.6,    22.6,    24.5,    15.5,    15.8,    24.8,    24.9,    14.4,    15.6,    22.6,    24.5,     0.0,     0.0,     0.0,     0.0,     0.0,     0.0,     0.0,     0.0,"(CONTRACTS OF 40,000 POUNDS)","057642","CME ","057 ","A20","FutOnly"
"LUMBER - CHICAGO MERCANTILE EXCHANGE",260818,2026-08-18,058644,CME ,00,058 ,    9260,    5671,    1022,     657,     662,       6,     379,    5081,       0,    1485,    1519,     171,    8369,    8461,     891,     799,    9260,    5671,    1022,     657,     662,       6,     379,    5081,       0,    1485,    1519,     171,    8369,    8461,     891,     799,       0,       0,       0,       0,       0,       0,       0,       0,       0,       0,       0,       0,       0,       0,       0,       0,    1021,     721,    -242,       2,       4,       6,     106,    1089,      -1,     195,      35,       2,    1031,     893,     -10,     128,  100.0,   61.2,   11.0,    7.1,    7.1,    0.1,    4.1,   54.9,    0.0,   16.0,   16.4,    1.8,   90.4,   91.4,    9.6,    8.6,  100.0,   61.2,   11.0,    7.1,    7.1,    0.1,    4.1,   54.9,    0.0,   16.0,   16.4,    1.8,   90.4,   91.4,    9.6,    8.6,  100.0,    0.0,    0.0,    0.0,    0.0,    0.0,    0.0,    0.0,    0.0,    0.0,    0.0,    0.0,    0.0,    0.0,    0.0,    0.0,     95,     31,     15,.,.,.,.,     25,      0,     15,     13,      8,     52,     64,     95,     31,     15,.,.,.,.,     25,      0,     15,     13,      8,     52,     64,      0,      0,      0,      0,      0,      0,      0,      0,      0,      0,      0,      0,      0,      0,    30.1,    27.4,    48.2,    44.7,    29.1,    27.4,    46.3,    44.7,    30.1,    27.4,    48.2,    44.7,    29.1,    27.4,    46.3,    44.7,     0.0,     0.0,     0.0,     0.0,     0.0,     0.0,     0.0,     0.0,"(CONTRACTS OF 27,500 BOARD FEET)","058644","CME ","058 ","N30","FutOnly"
"FEEDER CATTLE - CHICAGO MERCANTILE EXCHANGE",260818,2026-08-18,061641,CME ,00,061 ,   65267,    9172,   11894,    7940,     956,    1902,   17280,    7019,    9894,    1634,   16026,    5805,   53627,   53496,   11640,   11771,   65267,    9172,   11894,    7940,     956,    1902,   17280,    7019,    9894,    1634,   16026,    5805,   53627,   53496,   11640,   11771,       0,       0,       0,       0,       0,       0,       0,       0,       0,       0,       0,       0,       0,       0,       0,       0,    -327,     720,    -574,      69,    -140,    -297,    -405,     236,     266,    -447,     662,    -785,    -879,    -632,     552,     305,  100.0,   14.1,   18.2,   12.2,    1.5,    2.9,   26.5,   10.8,   15.2,    2.5,   24.6,    8.9,   82.2,   82.0,   17.8,   18.0,  100.0,   14.1,   18.2,   12.2,    1.5,    2.9,   26.5,   10.8,   15.2,    2.5,   24.6,    8.9,   82.2,   82.0,   17.8,   18.0,  100.0,    0.0,    0.0,    0.0,    0.0,    0.0,    0.0,    0.0,    0.0,    0.0,    0.0,    0.0,    0.0,    0.0,    0.0,    0.0,    258,     59,     63,     13,      6,     11,     46,     21,     34,     25,     39,     36,    187,    180,    258,     59,     63,     13,      6,     11,     46,     21,     34,     25,     39,     36,    187,    180,      0,      0,      0,      0,      0,      0,      0,      0,      0,      0,      0,      0,      0,      0,    12.9,    18.3,    22.3,    28.3,    10.2,    16.7,    18.3,    24.0,    12.9,    18.3,    22.3,    28.3,    10.2,    16.7,    18.3,    24.0,     0.0,     0.0,     0.0,     0.0,     0.0,     0.0,     0.0,     0.0,"(CONTRACTS OF 50,000 POUNDS)","061641","CME ","061 ","A20","FutOnly"
"CHEESE (CASH-SETTLED) - CHICAGO MERCANTILE EXCHANGE",260818,2026-08-18,063642,CME ,00,063 ,   30504,   15877,   14842,    9974,    2882,    1275,     452,    2711,     988,     121,    6645,     786,   29473,   30129,    1031,     375,   30504,   15877,   14842,    9974,    2882,    1275,     452,    2711,     988,     121,    6645,     786,   29473,   30129,    1031,     375,       0,       0,       0,       0,       0,       0,       0,       0,       0,       0,       0,       0,       0,       0,       0,       0,     373,     600,     178,     -48,     -26,      17,    -128,      48,     100,      30,     338,    -192,     379,     463,      -6,     -90,  100.0,   52.0,   48.7,   32.7,    9.4,    4.2,    1.5,    8.9,    3.2,    0.4,   21.8,    2.6,   96.6,   98.8,    3.4,    1.2,  100.0,   52.0,   48.7,   32.7,    9.4,    4.2,    1.5,    8.9,    3.2,    0.4,   21.8,    2.6,   96.6,   98.8,    3.4,    1.2,  100.0,    0.0,    0.0,    0.0,    0.0,    0.0,    0.0,    0.0,    0.0,    0.0,    0.0,    0.0,    0.0,    0.0,    0.0,    0.0,     74,     24,     26,.,.,.,      4,     12,.,.,     14,      8,     42,     59,     74,     24,     26,.,.,.,      4,     12,.,.,     14,      8,     42,     59,      0,      0,      0,      0,      0,      0,      0,      0,      0,      0,      0,      0,      0,      0,    51.9,    32.3,    70.0,    53.3,    51.3,    27.1,    68.1,    48.0,    51.9,    32.3,    70.0,    53.3,    51.3,    27.1,    68.1,    48.0,     0.0,     0.0,     0.0,     0.0,     0.0,     0.0,     0.0,     0.0,"(CONTRACTS OF 20,000 POUNDS)","063642","CME ","063 ","A25","FutOnly"
"MID-C DAY-AHEAD PEAK - ICE FUTURES ENERGY DIV",260818,2026-08-18,064391,IFED,01,064 ,   45720,   26749,   31681,    7360,      85,    2414,    1765,    5685,    2017,    2131,    1062,    2679,   45115,   45623,     605,      97,   45720,   26749,   31681,    7360,      85,    2414,    1765,    5685,    2017,    2131,    1062,    2679,   45115,   45623,     605,      97,       0,       0,       0,       0,       0,       0,       0,       0,       0,       0,       0,       0,       0,       0,       0,       0,    1218,     291,     645,     228,     -65,     -10,    -210,    -212,     540,     300,     292,      79,    1218,    1269,       0,     -51,  100.0,   58.5,   69.3,   16.1,    0.2,    5.3,    3.9,   12.4,    4.4,    4.7,    2.3,    5.9,   98.7,   99.8,    1.3,    0.2,  100.0,   58.5,   69.3,   16.1,    0.2,    5.3,    3.9,   12.4,    4.4,    4.7,    2.3,    5.9,   98.7,   99.8,    1.3,    0.2,  100.0,    0.0,    0.0,    0.0,    0.0,    0.0,    0.0,    0.0,    0.0,    0.0,    0.0,    0.0,    0.0,    0.0,    0.0,    0.0,     61,     26,     28,      6,.,      4,.,     10,      4,      6,      5,      8,     47,     54,     61,     26,     28,      6,.,      4,.,     10,      4,      6,      5,      8,     47,     54,      0,      0,      0,      0,      0,      0,      0,      0,      0,      0,      0,      0,      0,      0,    37.0,    43.2,    58.1,    66.6,    33.6,    41.7,    45.9,    59.0,    37.0,    43.2,    58.1,    66.6,    33.6,    41.7,    45.9,    59.0,     0.0,     0.0,     0.0,     0.0,     0.0,     0.0,     0.0,     0.0,"(Contracts of about 400 MWh)","064391","IFED","064 ","N16","FutOnly"
"MID-C DAY-AHEAD OFF-PEAK - ICE FUTURES ENERGY DIV",260818,2026-08-18,064392,IFED,01,064 ,   29747,   17202,   19868,    5176,     230,    1756,     992,    3770,     366,    3098,    3142,     380,   28970,   29512,     777,     235,   29747,   17202,   19868,    5176,     230,    1756,     992,    3770,     366,    3098,    3142,     380,   28970,   29512,     777,     235,       0,       0,       0,       0,       0,       0,       0,       0,       0,       0,       0,       0,       0,       0,       0,       0,     768,     330,     514,     479,       0,     -40,     215,     105,    -105,     198,     643,    -309,     768,     808,       0,     -40,  100.0,   57.8,   66.8,   17.4,    0.8,    5.9,    3.3,   12.7,    1.2,   10.4,   10.6,    1.3,   97.4,   99.2,    2.6,    0.8,  100.0,   57.8,   66.8,   17.4,    0.8,    5.9,    3.3,   12.7,    1.2,   10.4,   10.6,    1.3,   97.4,   99.2,    2.6,    0.8,  100.0,    0.0,    0.0,    0.0,    0.0,    0.0,    0.0,    0.0,    0.0,    0.0,    0.0,    0.0,    0.0,    0.0,    0.0,    0.0,     42,     21,     22,      4,.,.,.,      4,.,      4,      4,.,     33,     37,     42,     21,     22,      4,.,.,.,      4,.,      4,      4,.,     33,     37,      0,      0,      0,      0,      0,      0,      0,      0,      0,      0,      0,      0,      0,      0,    42.6,    44.5,    62.7,    72.5,    32.4,    41.5,    48.6,    59.9,    42.6,    44.5,    62.7,    72.5,    32.4,    41.5,    48.6,    59.9,     0.0,     0.0,     0.0,     0.0,     0.0,     0.0,     0.0,     0.0,"(Contracts of about 352 MWh)","064392","IFED","064 ","N16","FutOnly"
"PJM WESTERN HUB RT OFF - ICE FUTURES ENERGY DIV",260818,2026-08-18,064394,IFED,01,064 ,  262295,  103541,  157414,    3277,   46067,   13762,  102027,    5065,   13130,   10904,   11846,   14639,  261280,  261923,    1015,     372,  262295,  103541,  157414,    3277,   46067,   13762,  102027,    5065,   13130,   10904,   11846,   14639,  261280,  261923,    1015,     372,       0,       0,       0,       0,       0,       0,       0,       0,       0,       0,       0,       0,       0,       0,       0,       0,    3025,     452,    1400,    -539,     123,     399,     798,      -7,     550,    1288,     544,      57,    3005,    3066,      20,     -41,  100.0,   39.5,   60.0,    1.2,   17.6,    5.2,   38.9,    1.9,    5.0,    4.2,    4.5,    5.6,   99.6,   99.9,    0.4,    0.1,  100.0,   39.5,   60.0,    1.2,   17.6,    5.2,   38.9,    1.9,    5.0,    4.2,    4.5,    5.6,   99.6,   99.9,    0.4,    0.1,  100.0,    0.0,    0.0,    0.0,    0.0,    0.0,    0.0,    0.0,    0.0,    0.0,    0.0,    0.0,    0.0,    0.0,    0.0,    0.0,     86,     36,     31,.,      7,      7,     19,.,     10,     10,      8,     12,     79,     66,     86,     36,     31,.,      7,      7,     19,.,     10,     10,      8,     12,     79,     66,      0,      0,      0,      0,      0,      0,      0,      0,      0,      0,      0,      0,      0,      0,    42.6,    41.8,    55.4,    59.4,    37.7,    34.4,    46.5,    46.6,    42.6,    41.8,    55.4,    59.4,    37.7,    34.4,    46.5,    46.6,     0.0,     0.0,     0.0,     0.0,     0.0,     0.0,     0.0,     0.0,"(Contracts of about 352 MWh)","064394","IFED","064 ","N16","FutOnly"
"SP15 FIN DA PEAK FIXED - ICE FUTURES ENERGY DIV",260818,2026-08-18,064395,IFED,01,064 ,  106458,   73678,   51147,    9759,   14958,    3905,     315,   19524,    7845,    4180,    2141,    6599,  106281,  106119,     177,     339,  106458,   73678,   51147,    9759,   14958,    3905,     315,   19524,    7845,    4180,    2141,    6599,  106281,  106119,     177,     339,       0,       0,       0,       0,       0,       0,       0,       0,       0,       0,       0,       0,       0,       0,       0,       0,    1531,    1428,    -304,   -1191,    -284,     938,    -683,     184,     671,    -514,    -551,     874,    1523,    1528,       8,       3,  100.0,   69.2,   48.0,    9.2,   14.1,    3.7,    0.3,   18.3,    7.4,    3.9,    2.0,    6.2,   99.8,   99.7,    0.2,    0.3,  100.0,   69.2,   48.0,    9.2,   14.1,    3.7,    0.3,   18.3,    7.4,    3.9,    2.0,    6.2,   99.8,   99.7,    0.2,    0.3,  100.0,    0.0,    0.0,    0.0,    0.0,    0.0,    0.0,    0.0,    0.0,    0.0,    0.0,    0.0,    0.0,    0.0,    0.0,    0.0,     75,     30,     29,      5,.,      6,.,     13,.,      9,      7,     11,     55,     62,     75,     30,     29,      5,.,      6,.,     13,.,      9,      7,     11,     55,     62,      0,      0,      0,      0,      0,      0,      0,      0,      0,      0,      0,      0,      0,      0,    44.6,    41.8,    71.6,    60.9,    42.1,    34.4,    58.7,    50.1,    44.6,    41.8,    71.6,    60.9,    42.1,    34.4,    58.7,    50.1,     0.0,     0.0,     0.0,     0.0,     0.0,     0.0,     0.0,     0.0,"(Contracts of about 400 MWh)","064395","IFED","064 ","N16","FutOnly"
"CAISO SP-15 DA OFF-PK FIXED - ICE FUTURES ENERGY DIV",260818,2026-08-18,064396,IFED,01,064 ,   80376,   55681,   36522,    2713,    9222,    6422,    6275,    7502,    4937,     275,   11821,    3822,   80125,   80248,     251,     128,   80376,   55681,   36522,    2713,    9222,    6422,    6275,    7502,    4937,     275,   11821,    3822,   80125,   80248,     251,     128,       0,       0,       0,       0,       0,       0,       0,       0,       0,       0,       0,       0,       0,       0,       0,       0,    -324,     464,    1152,    -848,     435,    -125,      60,      34,       0,    -124,   -2084,     281,    -292,    -307,     -32,     -17,  100.0,   69.3,   45.4,    3.4,   11.5,    8.0,    7.8,    9.3,    6.1,    0.3,   14.7,    4.8,   99.7,   99.8,    0.3,    0.2,  100.0,   69.3,   45.4,    3.4,   11.5,    8.0,    7.8,    9.3,    6.1,    0.3,   14.7,    4.8,   99.7,   99.8,    0.3,    0.2,  100.0,    0.0,    0.0,    0.0,    0.0,    0.0,    0.0,    0.0,    0.0,    0.0,    0.0,    0.0,    0.0,    0.0,    0.0,    0.0,     44,     23,     18,      5,.,      5,.,.,.,.,      5,      5,     40,     31,     44,     23,     18,      5,.,      5,.,.,.,.,      5,      5,     40,     31,      0,      0,      0,      0,      0,      0,      0,      0,      0,      0,      0,      0,      0,      0,    48.3,    52.3,    71.0,    75.9,    42.5,    44.6,    59.4,    62.5,    48.3,    52.3,    71.0,    75.9,    42.5,    44.6,    59.4,    62.5,     0.0,     0.0,     0.0,     0.0,     0.0,     0.0,     0.0,     0.0,"(Contracts of about 352 MWh)","064396","IFED","064 ","N16","FutOnly"
"PJM AEP DAYTON RT OFF-PK FIXED - ICE FUTURES ENERGY DIV",260818,2026-08-18,06439A,IFED,01,064 ,   54631,   27866,   25437,     632,    9959,    3162,     130,    9415,    1819,   19367,    3010,    1214,   54190,   54016,     441,     615,   54631,   27866,   25437,     632,    9959,    3162,     130,    9415,    1819,   19367,    3010,    1214,   54190,   54016,     441,     615,       0,       0,       0,       0,       0,       0,       0,       0,       0,       0,       0,       0,       0,       0,       0,       0,    1174,     325,    1395,      34,    -956,     601,       0,    -650,       5,     275,    1387,      42,    1282,    1824,    -108,    -650,  100.0,   51.0,   46.6,    1.2,   18.2,    5.8,    0.2,   17.2,    3.3,   35.5,    5.5,    2.2,   99.2,   98.9,    0.8,    1.1,  100.0,   51.0,   46.6,    1.2,   18.2,    5.8,    0.2,   17.2,    3.3,   35.5,    5.5,    2.2,   99.2,   98.9,    0.8,    1.1,  100.0,    0.0,    0.0,    0.0,    0.0,    0.0,    0.0,    0.0,    0.0,    0.0,    0.0,    0.0,    0.0,    0.0,    0.0,    0.0,     47,     24,     21,.,      5,      7,.,      6,.,      4,      4,      5,     41,     41,     47,     24,     21,.,      5,      7,.,      6,.,      4,      4,      5,     41,     41,      0,      0,      0,      0,      0,      0,      0,      0,      0,      0,      0,      0,      0,      0,    57.3,    38.8,    69.4,    56.1,    52.4,    33.7,    57.0,    45.7,    57.3,    38.8,    69.4,    56.1,    52.4,    33.7,    57.0,    45.7,     0.0,     0.0,     0.0,     0.0,     0.0,     0.0,     0.0,     0.0,"(Contracts of about 352 MWh)","06439A","IFED","064 ","N16","FutOnly"
"PJM AEP DAYTON RT PEAK FIXED - ICE FUTURES ENERGY DIV",260818,2026-08-18,06439B,IFED,01,064 ,   70025,   33670,   37708,    2569,   10545,    4025,    6931,    9925,    2107,   17585,    3060,    1942,   68829,   69312,    1196,     713,   70025,   33670,   37708,    2569,   10545,    4025,    6931,    9925,    2107,   17585,    3060,    1942,   68829,   69312,    1196,     713,       0,       0,       0,       0,       0,       0,       0,       0,       0,       0,       0,       0,       0,       0,       0,       0,     594,   -1194,    1486,     471,   -1110,     583,    1572,     157,   -1117,     237,     692,      82,     634,     773,     -40,    -179,  100.0,   48.1,   53.8,    3.7,   15.1,    5.7,    9.9,   14.2,    3.0,   25.1,    4.4,    2.8,   98.3,   99.0,    1.7,    1.0,  100.0,   48.1,   53.8,    3.7,   15.1,    5.7,    9.9,   14.2,    3.0,   25.1,    4.4,    2.8,   98.3,   99.0,    1.7,    1.0,  100.0,    0.0,    0.0,    0.0,    0.0,    0.0,    0.0,    0.0,    0.0,    0.0,    0.0,    0.0,    0.0,    0.0,    0.0,    0.0,     61,     26,     23,.,      4,      7,      9,      4,      4,      6,      7,      7,     54,     46,     61,     26,     23,.,      4,      7,      9,      4,      4,      6,      7,      7,     54,     46,      0,      0,      0,      0,      0,      0,      0,      0,      0,      0,      0,      0,      0,      0,    42.5,    39.3,    60.3,    56.4,    37.0,    35.5,    47.2,    45.6,    42.5,    39.3,    60.3,    56.4,    37.0,    35.5,    47.2,    45.6,     0.0,     0.0,     0.0,     0.0,     0.0,     0.0,     0.0,     0.0,"(Contracts of 800 MWh)","06439B","IFED","064 ","N16","FutOnly"
"PJM AEP DAYTON HUB DA OFF-PK  - ICE FUTURES ENERGY DIV",260818,2026-08-18,06439C,IFED,01,064 ,   55851,   26390,   10742,    3231,   27125,    1098,       0,    2316,    1806,   20965,   11450,     734,   54224,   55271,    1627,     580,   55851,   26390,   10742,    3231,   27125,    1098,       0,    2316,    1806,   20965,   11450,     734,   54224,   55271,    1627,     580,       0,       0,       0,       0,       0,       0,       0,       0,       0,       0,       0,       0,       0,       0,       0,       0,    2439,    1185,    1216,     -40,       0,       9,       0,     -65,    1265,       1,     -24,      18,    2438,    2419,       1,      20,  100.0,   47.3,   19.2,    5.8,   48.6,    2.0,    0.0,    4.1,    3.2,   37.5,   20.5,    1.3,   97.1,   99.0,    2.9,    1.0,  100.0,   47.3,   19.2,    5.8,   48.6,    2.0,    0.0,    4.1,    3.2,   37.5,   20.5,    1.3,   97.1,   99.0,    2.9,    1.0,  100.0,    0.0,    0.0,    0.0,    0.0,    0.0,    0.0,    0.0,    0.0,    0.0,    0.0,    0.0,    0.0,    0.0,    0.0,    0.0,     48,     23,     20,      4,      5,      7,      0,.,.,      6,      4,      4,     38,     38,     48,     23,     20,      4,      5,      7,      0,.,.,      6,      4,      4,     38,     38,      0,      0,      0,      0,      0,      0,      0,      0,      0,      0,      0,      0,      0,      0,    48.2,    68.5,    65.1,    82.1,    47.4,    65.2,    62.8,    75.7,    48.2,    68.5,    65.1,    82.1,    47.4,    65.2,    62.8,    75.7,     0.0,     0.0,     0.0,     0.0,     0.0,     0.0,     0.0,     0.0,"(Contracts of about 352 MWh)","06439C","IFED","064 ","N16","FutOnly"
"AEP DAYTON HUB DA PEAK DAILY - ICE FUTURES ENERGY DIV",260818,2026-08-18,06439E,IFED,01,064 ,    3350,    2550,    2350,     600,       0,       0,       0,     150,       0,     150,     850,       0,    3300,    3350,      50,       0,    3350,    2550,    2350,     600,       0,       0,       0,     150,       0,     150,     850,       0,    3300,    3350,      50,       0,       0,       0,       0,       0,       0,       0,       0,       0,       0,       0,       0,       0,       0,       0,       0,       0,   -1050,   -1550,   -1300,     500,       0,       0,       0,       0,       0,     -50,     250,       0,   -1100,   -1050,      50,       0,  100.0,   76.1,   70.1,   17.9,    0.0,    0.0,    0.0,    4.5,    0.0,    4.5,   25.4,    0.0,   98.5,  100.0,    1.5,    0.0,  100.0,   76.1,   70.1,   17.9,    0.0,    0.0,    0.0,    4.5,    0.0,    4.5,   25.4,    0.0,   98.5,  100.0,    1.5,    0.0,  100.0,    0.0,    0.0,    0.0,    0.0,    0.0,    0.0,    0.0,    0.0,    0.0,    0.0,    0.0,    0.0,    0.0,    0.0,    0.0,     21,      6,      8,.,      0,      0,      0,.,      0,.,.,      0,     10,     12,     21,      6,      8,.,      0,      0,      0,.,      0,.,.,      0,     10,     12,      0,      0,      0,      0,      0,      0,      0,      0,      0,      0,      0,      0,      0,      0,    77.6,    70.1,    95.5,    92.5,    77.6,    70.1,    94.0,    92.5,    77.6,    70.1,    95.5,    92.5,    77.6,    70.1,    94.0,    92.5,     0.0,     0.0,     0.0,     0.0,     0.0,     0.0,     0.0,     0.0,"(Contracts of about 16 MWh)","06439E","IFED","064 ","N16","FutOnly"
"PJM AEP DAYTON DA PEAK - ICE FUTURES ENERGY DIV",260818,2026-08-18,06439F,IFED,01,064 ,   65654,   34209,   19880,    4564,   25612,    1938,       0,    2719,    1728,   20754,   12366,     904,   64097,   65147,    1557,     507,   65654,   34209,   19880,    4564,   25612,    1938,       0,    2719,    1728,   20754,   12366,     904,   64097,   65147,    1557,     507,       0,       0,       0,       0,       0,       0,       0,       0,       0,       0,       0,       0,       0,       0,       0,       0,    2994,    2249,    1739,       0,    -189,       0,       0,    -115,    1315,    -625,     201,      43,    2982,    2994,      12,       0,  100.0,   52.1,   30.3,    7.0,   39.0,    3.0,    0.0,    4.1,    2.6,   31.6,   18.8,    1.4,   97.6,   99.2,    2.4,    0.8,  100.0,   52.1,   30.3,    7.0,   39.0,    3.0,    0.0,    4.1,    2.6,   31.6,   18.8,    1.4,   97.6,   99.2,    2.4,    0.8,  100.0,    0.0,    0.0,    0.0,    0.0,    0.0,    0.0,    0.0,    0.0,    0.0,    0.0,    0.0,    0.0,    0.0,    0.0,    0.0,     61,     28,     22,      5,      4,      5,      0,.,.,      8,      8,      6,     44,     46,     61,     28,     22,      5,      4,      5,      0,.,.,      8,      8,      6,     44,     46,      0,      0,      0,      0,      0,      0,      0,      0,      0,      0,      0,      0,      0,      0,    42.0,    63.3,    57.8,    79.0,    41.3,    60.2,    56.1,    71.4,    42.0,    63.3,    57.8,    79.0,    41.3,    60.2,    56.1,    71.4,     0.0,     0.0,     0.0,     0.0,     0.0,     0.0,     0.0,     0.0,"(Contracts of about 352 MWh)","06439F","IFED","064 ","N16","FutOnly"
"MISO INDIANA  OFF-PEAK - ICE FUTURES ENERGY DIV",260818,2026-08-18,06439K,IFED,01,064 ,   42334,   36279,   23571,     140,    3727,    5195,       0,     120,     110,      35,    9400,     125,   41884,   42248,     450,      86,   42334,   36279,   23571,     140,    3727,    5195,       0,     120,     110,      35,    9400,     125,   41884,   42248,     450,      86,       0,       0,       0,       0,       0,       0,       0,       0,       0,       0,       0,       0,       0,       0,       0,       0,     -72,    -147,     -89,       0,       0,       0,       0,      25,       0,       0,       0,       0,    -147,     -64,      75,      -8,  100.0,   85.7,   55.7,    0.3,    8.8,   12.3,    0.0,    0.3,    0.3,    0.1,   22.2,    0.3,   98.9,   99.8,    1.1,    0.2,  100.0,   85.7,   55.7,    0.3,    8.8,   12.3,    0.0,    0.3,    0.3,    0.1,   22.2,    0.3,   98.9,   99.8,    1.1,    0.2,  100.0,    0.0,    0.0,    0.0,    0.0,    0.0,    0.0,    0.0,    0.0,    0.0,    0.0,    0.0,    0.0,    0.0,    0.0,    0.0,     29,     17,     14,.,      4,.,      0,.,.,.,.,.,     24,     22,     29,     17,     14,.,      4,.,      0,.,.,.,.,.,     24,     22,      0,      0,      0,      0,      0,      0,      0,      0,      0,      0,      0,      0,      0,      0,    84.0,    54.3,    93.3,    82.2,    65.9,    39.8,    68.9,    61.4,    84.0,    54.3,    93.3,    82.2,    65.9,    39.8,    68.9,    61.4,     0.0,     0.0,     0.0,     0.0,     0.0,     0.0,     0.0,     0.0,"(Contracts of about 352 MWh)","06439K","IFED","064 ","N16","FutOnly"
"MISO IN. REAL-TIME OFF-PEAK - ICE FUTURES ENERGY DIV",260818,2026-08-18,06439L,IFED,01,064 ,   29890,   21571,   16429,     803,    3836,    2006,    4135,    2574,       0,      25,    3669,    1020,   29560,   29534,     330,     356,   29890,   21571,   16429,     803,    3836,    2006,    4135,    2574,       0,      25,    3669,    1020,   29560,   29534,     330,     356,       0,       0,       0,       0,       0,       0,       0,       0,       0,       0,       0,       0,       0,       0,       0,       0,     233,     305,    -249,    -240,     312,     168,       0,       2,       0,       0,       0,       0,     233,     233,       0,       0,  100.0,   72.2,   55.0,    2.7,   12.8,    6.7,   13.8,    8.6,    0.0,    0.1,   12.3,    3.4,   98.9,   98.8,    1.1,    1.2,  100.0,   72.2,   55.0,    2.7,   12.8,    6.7,   13.8,    8.6,    0.0,    0.1,   12.3,    3.4,   98.9,   98.8,    1.1,    1.2,  100.0,    0.0,    0.0,    0.0,    0.0,    0.0,    0.0,    0.0,    0.0,    0.0,    0.0,    0.0,    0.0,    0.0,    0.0,    0.0,     29,     18,     14,.,      4,      5,.,.,      0,.,.,.,     26,     23,     29,     18,     14,.,      4,      5,.,.,      0,.,.,.,     26,     23,      0,      0,      0,      0,      0,      0,      0,      0,      0,      0,      0,      0,      0,      0,    54.0,    58.6,    74.3,    82.5,    42.3,    45.9,    54.0,    58.6,    54.0,    58.6,    74.3,    82.5,    42.3,    45.9,    54.0,    58.6,     0.0,     0.0,     0.0,     0.0,     0.0,     0.0,     0.0,     0.0,"(Contracts of about 352 MWh)","06439L","IFED","064 ","N16","FutOnly"
"ERCOT HOUSTON 345KV RT PK FIX - ICE FUTURES ENERGY DIV",260818,2026-08-18,06439N,IFED,01,064 ,   43820,   23809,   34894,    3945,    4061,    2690,    5051,     250,     250,    6321,     475,    1080,   43146,   43700,     674,     120,   43820,   23809,   34894,    3945,    4061,    2690,    5051,     250,     250,    6321,     475,    1080,   43146,   43700,     674,     120,       0,       0,       0,       0,       0,       0,       0,       0,       0,       0,       0,       0,       0,       0,       0,       0,     180,     174,     150,     -30,       0,      30,       1,       0,       0,       1,       0,       0,     176,     180,       4,       0,  100.0,   54.3,   79.6,    9.0,    9.3,    6.1,   11.5,    0.6,    0.6,   14.4,    1.1,    2.5,   98.5,   99.7,    1.5,    0.3,  100.0,   54.3,   79.6,    9.0,    9.3,    6.1,   11.5,    0.6,    0.6,   14.4,    1.1,    2.5,   98.5,   99.7,    1.5,    0.3,  100.0,    0.0,    0.0,    0.0,    0.0,    0.0,    0.0,    0.0,    0.0,    0.0,    0.0,    0.0,    0.0,    0.0,    0.0,    0.0,     33,     16,     14,.,.,      4,.,.,.,      4,.,      4,     27,     25,     33,     16,     14,.,.,      4,.,.,.,      4,.,      4,     27,     25,      0,      0,      0,      0,      0,      0,      0,      0,      0,      0,      0,      0,      0,      0,    38.0,    69.0,    59.4,    85.5,    35.7,    69.0,    54.4,    75.9,    38.0,    69.0,    59.4,    85.5,    35.7,    69.0,    54.4,    75.9,     0.0,     0.0,     0.0,     0.0,     0.0,     0.0,     0.0,     0.0,"(Contracts of about 352 MWh)","06439N","IFED","064 ","N16","FutOnly"
"ERCOT Houston 345KV RT OFF FIX - ICE FUTURES ENERGY DIV",260818,2026-08-18,06439Q,IFED,01,064 ,   41830,   22214,   33359,    3375,    4201,    2690,    5051,     250,     250,    6691,       0,     960,   41231,   41710,     599,     120,   41830,   22214,   33359,    3375,    4201,    2690,    5051,     250,     250,    6691,       0,     960,   41231,   41710,     599,     120,       0,       0,       0,       0,       0,       0,       0,       0,       0,       0,       0,       0,       0,       0,       0,       0,     180,     174,     150,     -30,       0,      30,       1,       0,       0,       1,       0,       0,     176,     180,       4,       0,  100.0,   53.1,   79.7,    8.1,   10.0,    6.4,   12.1,    0.6,    0.6,   16.0,    0.0,    2.3,   98.6,   99.7,    1.4,    0.3,  100.0,   53.1,   79.7,    8.1,   10.0,    6.4,   12.1,    0.6,    0.6,   16.0,    0.0,    2.3,   98.6,   99.7,    1.4,    0.3,  100.0,    0.0,    0.0,    0.0,    0.0,    0.0,    0.0,    0.0,    0.0,    0.0,    0.0,    0.0,    0.0,    0.0,    0.0,    0.0,     33,     15,     12,.,.,      4,.,.,.,      5,      0,.,     26,     22,     33,     15,     12,.,.,      4,.,.,.,      5,      0,.,     26,     22,      0,      0,      0,      0,      0,      0,      0,      0,      0,      0,      0,      0,      0,      0,    34.8,    70.2,    57.0,    87.4,    32.7,    69.9,    52.4,    76.7,    34.8,    70.2,    57.0,    87.4,    32.7,    69.9,    52.4,    76.7,     0.0,     0.0,     0.0,     0.0,     0.0,     0.0,     0.0,     0.0,"(Contracts of about 352 MWh)","06439Q","IFED","064 ","N16","FutOnly"
"ERCOT NORTH 345KV RT PK FIX - ICE FUTURES ENERGY DIV",260818,2026-08-18,06439R,IFED,01,064 ,  269828,  118714,  172609,   13004,   26716,   14073,   65684,    7604,   25082,   22310,   13251,    9798,  268665,  269133,    1163,     695,  269828,  118714,  172609,   13004,   26716,   14073,   65684,    7604,   25082,   22310,   13251,    9798,  268665,  269133,    1163,     695,       0,       0,       0,       0,       0,       0,       0,       0,       0,       0,       0,       0,       0,       0,       0,       0,   10950,   11321,    7661,    -143,    3628,    -640,    -572,    -295,     910,     203,    -345,      15,   11094,   10934,    -144,      16,  100.0,   44.0,   64.0,    4.8,    9.9,    5.2,   24.3,    2.8,    9.3,    8.3,    4.9,    3.6,   99.6,   99.7,    0.4,    0.3,  100.0,   44.0,   64.0,    4.8,    9.9,    5.2,   24.3,    2.8,    9.3,    8.3,    4.9,    3.6,   99.6,   99.7,    0.4,    0.3,  100.0,    0.0,    0.0,    0.0,    0.0,    0.0,    0.0,    0.0,    0.0,    0.0,    0.0,    0.0,    0.0,    0.0,    0.0,    0.0,    115,     41,     40,.,      8,      8,     15,     15,     14,     14,     11,     18,     92,     97,    115,     41,     40,.,      8,      8,     15,     15,     14,     14,     11,     18,     92,     97,      0,      0,      0,      0,      0,      0,      0,      0,      0,      0,      0,      0,      0,      0,    32.3,    33.4,    51.0,    51.8,    23.3,    27.2,    37.9,    38.5,    32.3,    33.4,    51.0,    51.8,    23.3,    27.2,    37.9,    38.5,     0.0,     0.0,     0.0,     0.0,     0.0,     0.0,     0.0,     0.0,"(1 Mw per Peak Hour)","06439R","IFED","064 ","N16","FutOnly"
"ERCOT SOUTH 345 KV RT PEAK FIX - ICE FUTURES ENERGY DIV",260818,2026-08-18,06439S,IFED,01,064 ,   30092,   23318,   16979,    4375,    8185,     679,       0,    3375,       0,    1025,       0,     425,   29822,   29643,     270,     449,   30092,   23318,   16979,    4375,    8185,     679,       0,    3375,       0,    1025,       0,     425,   29822,   29643,     270,     449,       0,       0,       0,       0,       0,       0,       0,       0,       0,       0,       0,       0,       0,       0,       0,       0,     175,     175,     150,      25,      50,     -25,       0,       0,       0,       0,       0,       0,     175,     175,       0,       0,  100.0,   77.5,   56.4,   14.5,   27.2,    2.3,    0.0,   11.2,    0.0,    3.4,    0.0,    1.4,   99.1,   98.5,    0.9,    1.5,  100.0,   77.5,   56.4,   14.5,   27.2,    2.3,    0.0,   11.2,    0.0,    3.4,    0.0,    1.4,   99.1,   98.5,    0.9,    1.5,  100.0,    0.0,    0.0,    0.0,    0.0,    0.0,    0.0,    0.0,    0.0,    0.0,    0.0,    0.0,    0.0,    0.0,    0.0,    0.0,     25,     13,      8,.,.,.,      0,.,      0,.,      0,.,     19,     14,     25,     13,      8,.,.,.,      0,.,      0,.,      0,.,     19,     14,      0,      0,      0,      0,      0,      0,      0,      0,      0,      0,      0,      0,      0,      0,    49.6,    50.8,    74.4,    86.8,    49.6,    50.8,    71.4,    84.5,    49.6,    50.8,    74.4,    86.8,    49.6,    50.8,    71.4,    84.5,     0.0,     0.0,     0.0,     0.0,     0.0,     0.0,     0.0,     0.0,"(1 Mw per Peak Hour)","06439S","IFED","064 ","N16","FutOnly"
"ERCOT-SOUTH MONTHLY OFFPEAK - ICE FUTURES ENERGY DIV",260818,2026-08-18,06439U,IFED,01,064 ,   29055,   22270,   16699,    4375,    7227,     955,       0,    3375,       0,     825,       0,     360,   28785,   28616,     270,     439,   29055,   22270,   16699,    4375,    7227,     955,       0,    3375,       0,     825,       0,     360,   28785,   28616,     270,     439,       0,       0,       0,       0,       0,       0,       0,       0,       0,       0,       0,       0,       0,       0,       0,       0,     175,     175,     150,      25,      50,     -25,       0,       0,       0,       0,       0,       0,     175,     175,       0,       0,  100.0,   76.6,   57.5,   15.1,   24.9,    3.3,    0.0,   11.6,    0.0,    2.8,    0.0,    1.2,   99.1,   98.5,    0.9,    1.5,  100.0,   76.6,   57.5,   15.1,   24.9,    3.3,    0.0,   11.6,    0.0,    2.8,    0.0,    1.2,   99.1,   98.5,    0.9,    1.5,  100.0,    0.0,    0.0,    0.0,    0.0,    0.0,    0.0,    0.0,    0.0,    0.0,    0.0,    0.0,    0.0,    0.0,    0.0,    0.0,     25,     13,      8,.,.,.,      0,.,      0,.,      0,.,     19,     14,     25,     13,      8,.,.,.,      0,.,      0,.,      0,.,     19,     14,      0,      0,      0,      0,      0,      0,      0,      0,      0,      0,      0,      0,      0,      0,    51.3,    52.3,    73.1,    87.2,    51.3,    52.3,    69.6,    83.8,    51.3,    52.3,    73.1,    87.2,    51.3,    52.3,    69.6,    83.8,     0.0,     0.0,     0.0,     0.0,     0.0,     0.0,     0.0,     0.0,"(1 MW per off-peak hour)","06439U","IFED","064 ","N16","FutOnly"
"ERCOT WEST 345KV RT PEAK - ICE FUTURES ENERGY DIV",260818,2026-08-18,06439V,IFED,01,064 ,   32388,   16351,   26253,   12483,       0,    1495,       0,    1734,     400,     622,    1344,     679,   32030,   31905,     358,     483,   32388,   16351,   26253,   12483,       0,    1495,       0,    1734,     400,     622,    1344,     679,   32030,   31905,     358,     483,       0,       0,       0,       0,       0,       0,       0,       0,       0,       0,       0,       0,       0,       0,       0,       0,     150,     -30,      55,     300,       0,       0,       0,       0,       0,    -252,      95,    -108,     -90,      42,     240,     108,  100.0,   50.5,   81.1,   38.5,    0.0,    4.6,    0.0,    5.4,    1.2,    1.9,    4.1,    2.1,   98.9,   98.5,    1.1,    1.5,  100.0,   50.5,   81.1,   38.5,    0.0,    4.6,    0.0,    5.4,    1.2,    1.9,    4.1,    2.1,   98.9,   98.5,    1.1,    1.5,  100.0,    0.0,    0.0,    0.0,    0.0,    0.0,    0.0,    0.0,    0.0,    0.0,    0.0,    0.0,    0.0,    0.0,    0.0,    0.0,     27,     14,     10,      5,      0,      4,      0,.,.,.,.,.,     23,     18,     27,     14,     10,      5,      0,      4,      0,.,.,.,.,.,     23,     18,      0,      0,      0,      0,      0,      0,      0,      0,      0,      0,      0,      0,      0,      0,    55.8,    64.1,    74.2,    86.8,    54.5,    59.7,    66.6,    76.6,    55.8,    64.1,    74.2,    86.8,    54.5,    59.7,    66.6,    76.6,     0.0,     0.0,     0.0,     0.0,     0.0,     0.0,     0.0,     0.0,"(1 MW per peak hour)","06439V","IFED","064 ","N16","FutOnly"
"ERCOT WEST 345K RT OFF-PEAK - ICE FUTURES ENERGY DIV",260818,2026-08-18,06439W,IFED,01,064 ,   32311,   16279,   26236,   12538,       0,    1435,       0,    1734,     400,     622,    1344,     679,   31953,   31828,     358,     483,   32311,   16279,   26236,   12538,       0,    1435,       0,    1734,     400,     622,    1344,     679,   31953,   31828,     358,     483,       0,       0,       0,       0,       0,       0,       0,       0,       0,       0,       0,       0,       0,       0,       0,       0,     150,     -30,      55,     300,       0,       0,       0,       0,       0,    -252,      95,    -108,     -90,      42,     240,     108,  100.0,   50.4,   81.2,   38.8,    0.0,    4.4,    0.0,    5.4,    1.2,    1.9,    4.2,    2.1,   98.9,   98.5,    1.1,    1.5,  100.0,   50.4,   81.2,   38.8,    0.0,    4.4,    0.0,    5.4,    1.2,    1.9,    4.2,    2.1,   98.9,   98.5,    1.1,    1.5,  100.0,    0.0,    0.0,    0.0,    0.0,    0.0,    0.0,    0.0,    0.0,    0.0,    0.0,    0.0,    0.0,    0.0,    0.0,    0.0,     27,     14,     10,      5,      0,      4,      0,.,.,.,.,.,     23,     18,     27,     14,     10,      5,      0,      4,      0,.,.,.,.,.,     23,     18,      0,      0,      0,      0,      0,      0,      0,      0,      0,      0,      0,      0,      0,      0,    55.7,    64.3,    74.1,    87.0,    54.6,    59.9,    66.7,    76.9,    55.7,    64.3,    74.1,    87.0,    54.6,    59.9,    66.7,    76.9,     0.0,     0.0,     0.0,     0.0,     0.0,     0.0,     0.0,     0.0,"(1 MW per Off-Peak Hour)","06439W","IFED","064 ","N16","FutOnly"
"ERCOT NORTH 345KV DA PK DLY FI - ICE FUTURES ENERGY DIV",260818,2026-08-18,0643A5,IFED,01,064 ,   16000,    7700,    7700,    5200,    1200,       0,     100,    4550,     250,    2450,    2000,     300,   16000,   16000,       0,       0,   16000,    7700,    7700,    5200,    1200,       0,     100,    4550,     250,    2450,    2000,     300,   16000,   16000,       0,       0,       0,       0,       0,       0,       0,       0,       0,       0,       0,       0,       0,       0,       0,       0,       0,       0,.,.,.,.,.,.,.,.,.,.,.,.,.,.,.,.,  100.0,   48.1,   48.1,   32.5,    7.5,    0.0,    0.6,   28.4,    1.6,   15.3,   12.5,    1.9,  100.0,  100.0,    0.0,    0.0,  100.0,   48.1,   48.1,   32.5,    7.5,    0.0,    0.6,   28.4,    1.6,   15.3,   12.5,    1.9,  100.0,  100.0,    0.0,    0.0,  100.0,    0.0,    0.0,    0.0,    0.0,    0.0,    0.0,    0.0,    0.0,    0.0,    0.0,    0.0,    0.0,    0.0,    0.0,    0.0,     23,      5,      8,.,.,      0,.,      4,.,      4,.,.,     14,     15,     23,      5,      8,.,.,      0,.,      4,.,      4,.,.,     14,     15,      0,      0,      0,      0,      0,      0,      0,      0,      0,      0,      0,      0,      0,      0,    90.6,    68.4,    96.3,    91.9,    72.2,    54.4,    75.0,    70.6,    90.6,    68.4,    96.3,    91.9,    72.2,    54.4,    75.0,    70.6,     0.0,     0.0,     0.0,     0.0,     0.0,     0.0,     0.0,     0.0,"Megawatt Hours (MWh)","0643A5","IFED","064 ","N16","FutOnly"
"ERCOT - NORTH MONTHLY OFF-PEAK - ICE FUTURES ENERGY DIV",260818,2026-08-18,0643A8,IFED,01,064 ,  117481,   85549,   80725,   10384,    7585,    9369,    6160,    4276,    3680,       0,    9270,    1780,  116922,  116685,     559,     796,  117481,   85549,   80725,   10384,    7585,    9369,    6160,    4276,    3680,       0,    9270,    1780,  116922,  116685,     559,     796,       0,       0,       0,       0,       0,       0,       0,       0,       0,       0,       0,       0,       0,       0,       0,       0,    4531,    4501,    3619,    -742,     653,     617,     450,      51,    -270,       0,    -114,     -25,    4531,    4531,       0,       0,  100.0,   72.8,   68.7,    8.8,    6.5,    8.0,    5.2,    3.6,    3.1,    0.0,    7.9,    1.5,   99.5,   99.3,    0.5,    0.7,  100.0,   72.8,   68.7,    8.8,    6.5,    8.0,    5.2,    3.6,    3.1,    0.0,    7.9,    1.5,   99.5,   99.3,    0.5,    0.7,  100.0,    0.0,    0.0,    0.0,    0.0,    0.0,    0.0,    0.0,    0.0,    0.0,    0.0,    0.0,    0.0,    0.0,    0.0,    0.0,     48,     20,     21,.,      4,      5,      5,.,.,      0,      9,      6,     36,     39,     48,     20,     21,.,      4,      5,      5,.,.,      0,      9,      6,     36,     39,      0,      0,      0,      0,      0,      0,      0,      0,      0,      0,      0,      0,      0,      0,    46.3,    43.7,    73.0,    61.9,    42.0,    40.6,    62.8,    54.7,    46.3,    43.7,    73.0,    61.9,    42.0,    40.6,    62.8,    54.7,     0.0,     0.0,     0.0,     0.0,     0.0,     0.0,     0.0,     0.0,"1 Mw per Off-Peak Hour","0643A8","IFED","064 ","N16","FutOnly"
"MISO IN. DAY-AHEAD PEAK - ICE FUTURES ENERGY DIV",260818,2026-08-18,0643AZ,IFED,01,064 ,   19591,   15396,    8670,     400,    4416,    2784,     100,     735,     150,     145,    2460,     314,   19289,   19529,     302,      62,   19591,   15396,    8670,     400,    4416,    2784,     100,     735,     150,     145,    2460,     314,   19289,   19529,     302,      62,       0,       0,       0,       0,       0,       0,       0,       0,       0,       0,       0,       0,       0,       0,       0,       0,     227,      98,     110,      -1,     -25,      25,       5,     120,       0,       0,    -100,     100,     227,     230,       0,      -3,  100.0,   78.6,   44.3,    2.0,   22.5,   14.2,    0.5,    3.8,    0.8,    0.7,   12.6,    1.6,   98.5,   99.7,    1.5,    0.3,  100.0,   78.6,   44.3,    2.0,   22.5,   14.2,    0.5,    3.8,    0.8,    0.7,   12.6,    1.6,   98.5,   99.7,    1.5,    0.3,  100.0,    0.0,    0.0,    0.0,    0.0,    0.0,    0.0,    0.0,    0.0,    0.0,    0.0,    0.0,    0.0,    0.0,    0.0,    0.0,     38,     24,     15,.,.,.,.,.,.,.,.,.,     33,     23,     38,     24,     15,.,.,.,.,.,.,.,.,.,     33,     23,      0,      0,      0,      0,      0,      0,      0,      0,      0,      0,      0,      0,      0,      0,    57.1,    74.2,    75.3,    89.5,    41.2,    55.4,    54.1,    63.0,    57.1,    74.2,    75.3,    89.5,    41.2,    55.4,    54.1,    63.0,     0.0,     0.0,     0.0,     0.0,     0.0,     0.0,     0.0,     0.0,"(1 MW per peak hour)","0643AZ","IFED","064 ","N16","FutOnly"
"MISO INDIANA HUB RT PEAK - ICE FUTURES ENERGY DIV",260818,2026-08-18,0643B3,IFED,01,064 ,   39295,   21930,   21673,    2801,    1183,    3846,    6112,    4905,       0,       0,    3449,    3773,   38462,   38829,     833,     466,   39295,   21930,   21673,    2801,    1183,    3846,    6112,    4905,       0,       0,    3449,    3773,   38462,   38829,     833,     466,       0,       0,       0,       0,       0,       0,       0,       0,       0,       0,       0,       0,       0,       0,       0,       0,     404,     328,    -350,      -6,     456,     216,       2,      85,       0,       0,     112,    -100,     440,     419,     -36,     -15,  100.0,   55.8,   55.2,    7.1,    3.0,    9.8,   15.6,   12.5,    0.0,    0.0,    8.8,    9.6,   97.9,   98.8,    2.1,    1.2,  100.0,   55.8,   55.2,    7.1,    3.0,    9.8,   15.6,   12.5,    0.0,    0.0,    8.8,    9.6,   97.9,   98.8,    2.1,    1.2,  100.0,    0.0,    0.0,    0.0,    0.0,    0.0,    0.0,    0.0,    0.0,    0.0,    0.0,    0.0,    0.0,    0.0,    0.0,    0.0,     34,     18,     18,      4,.,      4,      5,.,      0,      0,.,.,     28,     28,     34,     18,     18,      4,.,      4,      5,.,      0,      0,.,.,     28,     28,      0,      0,      0,      0,      0,      0,      0,      0,      0,      0,      0,      0,      0,      0,    50.7,    51.4,    71.9,    75.0,    37.1,    39.7,    49.6,    55.2,    50.7,    51.4,    71.9,    75.0,    37.1,    39.7,    49.6,    55.2,     0.0,     0.0,     0.0,     0.0,     0.0,     0.0,     0.0,     0.0,"(Contracts of 800 MWh)","0643B3","IFED","064 ","N16","FutOnly"
"PJM N. IL HUB DA OFF-PK  - ICE FUTURES ENERGY DIV",260818,2026-08-18,0643BC,IFED,01,064 ,   23597,   16112,   16362,    2805,    4674,     589,     600,    1165,     255,    3100,      50,       0,   23461,   23095,     136,     502,   23597,   16112,   16362,    2805,    4674,     589,     600,    1165,     255,    3100,      50,       0,   23461,   23095,     136,     502,       0,       0,       0,       0,       0,       0,       0,       0,       0,       0,       0,       0,       0,       0,       0,       0,     152,     -54,     233,      85,     -54,      48,       0,    -145,      70,       0,       0,       0,     149,     152,       3,       0,  100.0,   68.3,   69.3,   11.9,   19.8,    2.5,    2.5,    4.9,    1.1,   13.1,    0.2,    0.0,   99.4,   97.9,    0.6,    2.1,  100.0,   68.3,   69.3,   11.9,   19.8,    2.5,    2.5,    4.9,    1.1,   13.1,    0.2,    0.0,   99.4,   97.9,    0.6,    2.1,  100.0,    0.0,    0.0,    0.0,    0.0,    0.0,    0.0,    0.0,    0.0,    0.0,    0.0,    0.0,    0.0,    0.0,    0.0,    0.0,     35,     18,     13,.,      6,      4,.,.,.,.,.,      0,     27,     22,     35,     18,     13,.,      6,      4,.,.,.,.,.,      0,     27,     22,      0,      0,      0,      0,      0,      0,      0,      0,      0,      0,      0,      0,      0,      0,    50.4,    72.6,    72.4,    86.8,    50.1,    70.0,    69.9,    82.1,    50.4,    72.6,    72.4,    86.8,    50.1,    70.0,    69.9,    82.1,     0.0,     0.0,     0.0,     0.0,     0.0,     0.0,     0.0,     0.0,"(1 MW per off-peak hour)","0643BC","IFED","064 ","N16","FutOnly"
"PJM N. IL HUB DA PEAK - ICE FUTURES ENERGY DIV",260818,2026-08-18,0643BE,IFED,01,064 ,   23098,   15893,   17576,    2460,    3318,     632,     600,     630,      20,    3176,     275,      35,   22816,   22486,     282,     612,   23098,   15893,   17576,    2460,    3318,     632,     600,     630,      20,    3176,     275,      35,   22816,   22486,     282,     612,       0,       0,       0,       0,       0,       0,       0,       0,       0,       0,       0,       0,       0,       0,       0,       0,     -85,    -127,     145,       0,     -55,       0,       0,    -195,      20,       0,       0,       0,    -107,     -85,      22,       0,  100.0,   68.8,   76.1,   10.7,   14.4,    2.7,    2.6,    2.7,    0.1,   13.8,    1.2,    0.2,   98.8,   97.4,    1.2,    2.6,  100.0,   68.8,   76.1,   10.7,   14.4,    2.7,    2.6,    2.7,    0.1,   13.8,    1.2,    0.2,   98.8,   97.4,    1.2,    2.6,  100.0,    0.0,    0.0,    0.0,    0.0,    0.0,    0.0,    0.0,    0.0,    0.0,    0.0,    0.0,    0.0,    0.0,    0.0,    0.0,     36,     20,     10,.,      6,.,.,.,.,.,.,.,     29,     20,     36,     20,     10,.,      6,.,.,.,.,.,.,.,     29,     20,      0,      0,      0,      0,      0,      0,      0,      0,      0,      0,      0,      0,      0,      0,    49.3,    72.1,    70.0,    86.2,    49.2,    70.0,    68.9,    81.0,    49.3,    72.1,    70.0,    86.2,    49.2,    70.0,    68.9,    81.0,     0.0,     0.0,     0.0,     0.0,     0.0,     0.0,     0.0,     0.0,"(1 MW per peak hour)","0643BE","IFED","064 ","N16","FutOnly"
"ISO NE MASS HUB DA OFF-PK FIXD - ICE FUTURES ENERGY DIV",260818,2026-08-18,0643BF,IFED,01,064 ,   62449,   45758,   45333,    7340,    6178,    1722,     765,    6700,     292,    5095,    1017,    1097,   62069,   62339,     380,     110,   62449,   45758,   45333,    7340,    6178,    1722,     765,    6700,     292,    5095,    1017,    1097,   62069,   62339,     380,     110,       0,       0,       0,       0,       0,       0,       0,       0,       0,       0,       0,       0,       0,       0,       0,       0,     814,     596,     570,     -30,     -40,      25,      60,     414,     -20,     223,     -52,     -87,     767,     810,      47,       4,  100.0,   73.3,   72.6,   11.8,    9.9,    2.8,    1.2,   10.7,    0.5,    8.2,    1.6,    1.8,   99.4,   99.8,    0.6,    0.2,  100.0,   73.3,   72.6,   11.8,    9.9,    2.8,    1.2,   10.7,    0.5,    8.2,    1.6,    1.8,   99.4,   99.8,    0.6,    0.2,  100.0,    0.0,    0.0,    0.0,    0.0,    0.0,    0.0,    0.0,    0.0,    0.0,    0.0,    0.0,    0.0,    0.0,    0.0,    0.0,     49,     20,     17,      6,.,      5,.,      4,      4,.,      5,.,     37,     35,     49,     20,     17,      6,.,      5,.,      4,      4,.,      5,.,     37,     35,      0,      0,      0,      0,      0,      0,      0,      0,      0,      0,      0,      0,      0,      0,    43.3,    68.0,    64.9,    79.5,    42.9,    67.4,    63.4,    77.2,    43.3,    68.0,    64.9,    79.5,    42.9,    67.4,    63.4,    77.2,     0.0,     0.0,     0.0,     0.0,     0.0,     0.0,     0.0,     0.0,"(1 MW per Hour for about 368 Hours)","0643BF","IFED","064 ","N16","FutOnly"
"ISO NE MASS HUB DA PEAK - ICE FUTURES ENERGY DIV",260818,2026-08-18,0643BG,IFED,01,064 ,   88550,   67026,   60870,    8348,    5151,    1606,    1201,   15087,    1595,    5879,    1732,    2202,   87857,   88243,     693,     307,   88550,   67026,   60870,    8348,    5151,    1606,    1201,   15087,    1595,    5879,    1732,    2202,   87857,   88243,     693,     307,       0,       0,       0,       0,       0,       0,       0,       0,       0,       0,       0,       0,       0,       0,       0,       0,    2484,    1204,     428,     571,     -34,     -70,     -34,    2105,      14,     526,    -207,     250,    2461,    2486,      23,      -2,  100.0,   75.7,   68.7,    9.4,    5.8,    1.8,    1.4,   17.0,    1.8,    6.6,    2.0,    2.5,   99.2,   99.7,    0.8,    0.3,  100.0,   75.7,   68.7,    9.4,    5.8,    1.8,    1.4,   17.0,    1.8,    6.6,    2.0,    2.5,   99.2,   99.7,    0.8,    0.3,  100.0,    0.0,    0.0,    0.0,    0.0,    0.0,    0.0,    0.0,    0.0,    0.0,    0.0,    0.0,    0.0,    0.0,    0.0,    0.0,     71,     21,     19,      6,      4,      5,      4,     11,      6,      8,     10,     12,     54,     53,     71,     21,     19,      6,      4,      5,      4,     11,      6,      8,     10,     12,     54,     53,      0,      0,      0,      0,      0,      0,      0,      0,      0,      0,      0,      0,      0,      0,    48.0,    61.1,    65.7,    74.1,    47.7,    59.0,    63.1,    70.6,    48.0,    61.1,    65.7,    74.1,    47.7,    59.0,    63.1,    70.6,     0.0,     0.0,     0.0,     0.0,     0.0,     0.0,     0.0,     0.0,"(Contracts of 800MWh)","0643BG","IFED","064 ","N16","FutOnly"
"CAISO NP-15 PEAK - ICE FUTURES ENERGY DIV",260818,2026-08-18,0643BM,IFED,01,064 ,   46930,   26810,   30946,   11930,      95,    1743,     825,    3518,    2171,    1718,    6905,    1394,   46591,   46772,     339,     158,   46930,   26810,   30946,   11930,      95,    1743,     825,    3518,    2171,    1718,    6905,    1394,   46591,   46772,     339,     158,       0,       0,       0,       0,       0,       0,       0,       0,       0,       0,       0,       0,       0,       0,       0,       0,    1575,    1303,    1980,       7,       0,    -320,      55,    -230,     160,     364,     -66,      51,    1620,    1575,     -45,       0,  100.0,   57.1,   65.9,   25.4,    0.2,    3.7,    1.8,    7.5,    4.6,    3.7,   14.7,    3.0,   99.3,   99.7,    0.7,    0.3,  100.0,   57.1,   65.9,   25.4,    0.2,    3.7,    1.8,    7.5,    4.6,    3.7,   14.7,    3.0,   99.3,   99.7,    0.7,    0.3,  100.0,    0.0,    0.0,    0.0,    0.0,    0.0,    0.0,    0.0,    0.0,    0.0,    0.0,    0.0,    0.0,    0.0,    0.0,    0.0,     44,     19,     15,      5,.,.,.,.,.,      5,      4,      5,     37,     27,     44,     19,     15,      5,.,.,.,.,.,      5,      4,      5,     37,     27,      0,      0,      0,      0,      0,      0,      0,      0,      0,      0,      0,      0,      0,      0,    48.0,    69.9,    71.5,    87.8,    47.8,    67.2,    65.7,    79.1,    48.0,    69.9,    71.5,    87.8,    47.8,    67.2,    65.7,    79.1,     0.0,     0.0,     0.0,     0.0,     0.0,     0.0,     0.0,     0.0,"(Contracts of 400MWh)","0643BM","IFED","064 ","N16","FutOnly"
"CAISO NP-15 DA OFF-PK FIXED - ICE FUTURES ENERGY DIV",260818,2026-08-18,0643BR,IFED,01,064 ,   48185,   22185,   32688,   18029,     450,     129,     513,    7421,    1177,    5263,    5631,     599,   47895,   48095,     290,      90,   48185,   22185,   32688,   18029,     450,     129,     513,    7421,    1177,    5263,    5631,     599,   47895,   48095,     290,      90,       0,       0,       0,       0,       0,       0,       0,       0,       0,       0,       0,       0,       0,       0,       0,       0,     -79,     -97,     107,    -226,    -300,      -1,     -75,     204,       5,     409,       0,     -94,     -79,     -79,       0,       0,  100.0,   46.0,   67.8,   37.4,    0.9,    0.3,    1.1,   15.4,    2.4,   10.9,   11.7,    1.2,   99.4,   99.8,    0.6,    0.2,  100.0,   46.0,   67.8,   37.4,    0.9,    0.3,    1.1,   15.4,    2.4,   10.9,   11.7,    1.2,   99.4,   99.8,    0.6,    0.2,  100.0,    0.0,    0.0,    0.0,    0.0,    0.0,    0.0,    0.0,    0.0,    0.0,    0.0,    0.0,    0.0,    0.0,    0.0,    0.0,     34,     16,     13,      5,.,.,.,.,.,      4,.,.,     28,     21,     34,     16,     13,      5,.,.,.,.,.,      4,.,.,     28,     21,      0,      0,      0,      0,      0,      0,      0,      0,      0,      0,      0,      0,      0,      0,    55.7,    81.7,    75.8,    93.2,    55.2,    79.3,    72.8,    89.4,    55.7,    81.7,    75.8,    93.2,    55.2,    79.3,    72.8,    89.4,     0.0,     0.0,     0.0,     0.0,     0.0,     0.0,     0.0,     0.0,"(1 MW per Hour for about 386 Hours)","0643BR","IFED","064 ","N16","FutOnly"
"PJM NI HUB RT OFF-PK FIXED - ICE FUTURES ENERGY DIV",260818,2026-08-18,0643BS,IFED,01,064 ,   81822,   20722,   64238,    1610,   10590,    1963,   52740,       0,    3668,      85,     298,     300,   81088,   81057,     734,     765,   81822,   20722,   64238,    1610,   10590,    1963,   52740,       0,    3668,      85,     298,     300,   81088,   81057,     734,     765,       0,       0,       0,       0,       0,       0,       0,       0,       0,       0,       0,       0,       0,       0,       0,       0,    -240,    -170,    -335,    -184,     -23,     109,       0,       0,       0,      85,      29,       0,    -160,    -220,     -80,     -20,  100.0,   25.3,   78.5,    2.0,   12.9,    2.4,   64.5,    0.0,    4.5,    0.1,    0.4,    0.4,   99.1,   99.1,    0.9,    0.9,  100.0,   25.3,   78.5,    2.0,   12.9,    2.4,   64.5,    0.0,    4.5,    0.1,    0.4,    0.4,   99.1,   99.1,    0.9,    0.9,  100.0,    0.0,    0.0,    0.0,    0.0,    0.0,    0.0,    0.0,    0.0,    0.0,    0.0,    0.0,    0.0,    0.0,    0.0,    0.0,     34,     19,     16,.,.,      5,      4,      0,.,.,.,.,     30,     25,     34,     19,     16,.,.,      5,      4,      0,.,.,.,.,     30,     25,      0,      0,      0,      0,      0,      0,      0,      0,      0,      0,      0,      0,      0,      0,    74.7,    75.5,    86.4,    86.2,    70.2,    73.7,    79.4,    79.7,    74.7,    75.5,    86.4,    86.2,    70.2,    73.7,    79.4,    79.7,     0.0,     0.0,     0.0,     0.0,     0.0,     0.0,     0.0,     0.0,"(1 MW per Hour for about 386 Hours)","0643BS","IFED","064 ","N16","FutOnly"
"PJM N. IL HUB RT PEAK - ICE FUTURES ENERGY DIV",260818,2026-08-18,0643BT,IFED,01,064 ,   67406,   36705,   53815,    3392,   10663,    1477,   23431,       0,    1048,     608,     136,       4,   66665,   67143,     741,     263,   67406,   36705,   53815,    3392,   10663,    1477,   23431,       0,    1048,     608,     136,       4,   66665,   67143,     741,     263,       0,       0,       0,       0,       0,       0,       0,       0,       0,       0,       0,       0,       0,       0,       0,       0,    1138,     145,    1075,    -320,       8,     115,    1247,       0,     -35,      70,       0,       0,    1222,    1163,     -84,     -25,  100.0,   54.5,   79.8,    5.0,   15.8,    2.2,   34.8,    0.0,    1.6,    0.9,    0.2,    0.0,   98.9,   99.6,    1.1,    0.4,  100.0,   54.5,   79.8,    5.0,   15.8,    2.2,   34.8,    0.0,    1.6,    0.9,    0.2,    0.0,   98.9,   99.6,    1.1,    0.4,  100.0,    0.0,    0.0,    0.0,    0.0,    0.0,    0.0,    0.0,    0.0,    0.0,    0.0,    0.0,    0.0,    0.0,    0.0,    0.0,     34,     20,     16,.,.,      4,.,      0,.,.,.,.,     31,     24,     34,     20,     16,.,.,      4,.,      0,.,.,.,.,     31,     24,      0,      0,      0,      0,      0,      0,      0,      0,      0,      0,      0,      0,      0,      0,    60.2,    68.1,    80.0,    84.6,    53.6,    66.3,    69.8,    73.5,    60.2,    68.1,    80.0,    84.6,    53.6,    66.3,    69.8,    73.5,     0.0,     0.0,     0.0,     0.0,     0.0,     0.0,     0.0,     0.0,"(Contracts of 800 MWh)","0643BT","IFED","064 ","N16","FutOnly"
"NYISO ZONE J DA PEAK - ICE FUTURES ENERGY DIV",260818,2026-08-18,0643BW,IFED,01,064 ,   10059,    4851,    6858,    1460,     968,     574,       0,    1416,      47,    2766,       0,      40,    9738,    9903,     321,     156,   10059,    4851,    6858,    1460,     968,     574,       0,    1416,      47,    2766,       0,      40,    9738,    9903,     321,     156,       0,       0,       0,       0,       0,       0,       0,       0,       0,       0,       0,       0,       0,       0,       0,       0,     320,       0,     250,     120,     120,    -120,       0,      70,       0,     320,       0,       0,     320,     320,       0,       0,  100.0,   48.2,   68.2,   14.5,    9.6,    5.7,    0.0,   14.1,    0.5,   27.5,    0.0,    0.4,   96.8,   98.4,    3.2,    1.6,  100.0,   48.2,   68.2,   14.5,    9.6,    5.7,    0.0,   14.1,    0.5,   27.5,    0.0,    0.4,   96.8,   98.4,    3.2,    1.6,  100.0,    0.0,    0.0,    0.0,    0.0,    0.0,    0.0,    0.0,    0.0,    0.0,    0.0,    0.0,    0.0,    0.0,    0.0,    0.0,     27,      9,     10,.,.,      4,      0,.,.,      4,      0,.,     20,     18,     27,      9,     10,.,.,      4,      0,.,.,      4,      0,.,     20,     18,      0,      0,      0,      0,      0,      0,      0,      0,      0,      0,      0,      0,      0,      0,    55.5,    62.8,    77.8,    85.1,    54.6,    62.7,    73.4,    81.3,    55.5,    62.8,    77.8,    85.1,    54.6,    62.7,    73.4,    81.3,     0.0,     0.0,     0.0,     0.0,     0.0,     0.0,     0.0,     0.0,"(Contracts of 800MWh)","0643BW","IFED","064 ","N16","FutOnly"
"NYISO ZONE J DA OFF-PK FIXED - ICE FUTURES ENERGY DIV",260818,2026-08-18,0643BX,IFED,01,064 ,    8293,    3601,    6068,    1160,     543,     532,      60,     895,      25,    2597,       0,      30,    8005,    8093,     288,     200,    8293,    3601,    6068,    1160,     543,     532,      60,     895,      25,    2597,       0,      30,    8005,    8093,     288,     200,       0,       0,       0,       0,       0,       0,       0,       0,       0,       0,       0,       0,       0,       0,       0,       0,     350,       0,     250,      73,      73,     -73,      50,     120,     -20,     320,       0,       0,     350,     350,       0,       0,  100.0,   43.4,   73.2,   14.0,    6.5,    6.4,    0.7,   10.8,    0.3,   31.3,    0.0,    0.4,   96.5,   97.6,    3.5,    2.4,  100.0,   43.4,   73.2,   14.0,    6.5,    6.4,    0.7,   10.8,    0.3,   31.3,    0.0,    0.4,   96.5,   97.6,    3.5,    2.4,  100.0,    0.0,    0.0,    0.0,    0.0,    0.0,    0.0,    0.0,    0.0,    0.0,    0.0,    0.0,    0.0,    0.0,    0.0,    0.0,     22,      6,      8,.,.,      4,.,.,.,.,      0,.,     16,     15,     22,      6,      8,.,.,      4,.,.,.,.,      0,.,     16,     15,      0,      0,      0,      0,      0,      0,      0,      0,      0,      0,      0,      0,      0,      0,    61.6,    63.8,    83.8,    85.3,    61.6,    63.7,    78.2,    80.4,    61.6,    63.8,    83.8,    85.3,    61.6,    63.7,    78.2,    80.4,     0.0,     0.0,     0.0,     0.0,     0.0,     0.0,     0.0,     0.0,"(1 MW for about 368 Hours)","0643BX","IFED","064 ","N16","FutOnly"
"NYISO ZONE A DA PEAK - ICE FUTURES ENERGY DIV",260818,2026-08-18,0643BY,IFED,01,064 ,   33538,   29549,   24853,     553,    2672,    1758,     428,    1082,     277,     155,    2397,       9,   32729,   33048,     809,     490,   33538,   29549,   24853,     553,    2672,    1758,     428,    1082,     277,     155,    2397,       9,   32729,   33048,     809,     490,       0,       0,       0,       0,       0,       0,       0,       0,       0,       0,       0,       0,       0,       0,       0,       0,    1309,    1267,    1404,       0,     -60,      40,      10,    -165,     -10,       0,     100,       0,    1307,    1309,       2,       0,  100.0,   88.1,   74.1,    1.6,    8.0,    5.2,    1.3,    3.2,    0.8,    0.5,    7.1,    0.0,   97.6,   98.5,    2.4,    1.5,  100.0,   88.1,   74.1,    1.6,    8.0,    5.2,    1.3,    3.2,    0.8,    0.5,    7.1,    0.0,   97.6,   98.5,    2.4,    1.5,  100.0,    0.0,    0.0,    0.0,    0.0,    0.0,    0.0,    0.0,    0.0,    0.0,    0.0,    0.0,    0.0,    0.0,    0.0,    0.0,     38,     17,     17,.,      5,      6,.,.,.,.,.,.,     31,     29,     38,     17,     17,.,      5,      6,.,.,.,.,.,.,     31,     29,      0,      0,      0,      0,      0,      0,      0,      0,      0,      0,      0,      0,      0,      0,    69.8,    66.2,    82.4,    82.2,    68.3,    61.2,    77.0,    73.8,    69.8,    66.2,    82.4,    82.2,    68.3,    61.2,    77.0,    73.8,     0.0,     0.0,     0.0,     0.0,     0.0,     0.0,     0.0,     0.0,"(Contracts of 800MWh)","0643BY","IFED","064 ","N16","FutOnly"
"NYISO ZONE A DA OFF-PK FIX PR - ICE FUTURES ENERGY DIV",260818,2026-08-18,0643BZ,IFED,01,064 ,   34011,   28936,   25630,    1180,    4064,    1122,    1365,     546,     530,      75,    1658,     128,   33336,   33678,     675,     333,   34011,   28936,   25630,    1180,    4064,    1122,    1365,     546,     530,      75,    1658,     128,   33336,   33678,     675,     333,       0,       0,       0,       0,       0,       0,       0,       0,       0,       0,       0,       0,       0,       0,       0,       0,    1497,    1356,    1450,       0,       0,     135,       0,    -185,       0,       0,     100,       0,    1491,    1500,       6,      -3,  100.0,   85.1,   75.4,    3.5,   11.9,    3.3,    4.0,    1.6,    1.6,    0.2,    4.9,    0.4,   98.0,   99.0,    2.0,    1.0,  100.0,   85.1,   75.4,    3.5,   11.9,    3.3,    4.0,    1.6,    1.6,    0.2,    4.9,    0.4,   98.0,   99.0,    2.0,    1.0,  100.0,    0.0,    0.0,    0.0,    0.0,    0.0,    0.0,    0.0,    0.0,    0.0,    0.0,    0.0,    0.0,    0.0,    0.0,    0.0,     37,     17,     15,      5,.,.,.,.,.,.,.,.,     30,     24,     37,     17,     15,      5,.,.,.,.,.,.,.,.,     30,     24,      0,      0,      0,      0,      0,      0,      0,      0,      0,      0,      0,      0,      0,      0,    66.5,    66.0,    79.2,    82.9,    61.6,    63.4,    70.1,    73.6,    66.5,    66.0,    79.2,    82.9,    61.6,    63.4,    70.1,    73.6,     0.0,     0.0,     0.0,     0.0,     0.0,     0.0,     0.0,     0.0,"(1MW for about 368 Hours)","0643BZ","IFED","064 ","N16","FutOnly"
"NYISO ZONE G DA PEAK - ICE FUTURES ENERGY DIV",260818,2026-08-18,0643C3,IFED,01,064 ,   24732,   18964,   11565,     272,    4663,    1963,     858,    3657,     731,     346,     933,    1162,   24296,   24674,     436,      58,   24732,   18964,   11565,     272,    4663,    1963,     858,    3657,     731,     346,     933,    1162,   24296,   24674,     436,      58,       0,       0,       0,       0,       0,       0,       0,       0,       0,       0,       0,       0,       0,       0,       0,       0,     278,     302,    -119,    -118,     124,      32,    -226,     -88,     250,     -21,      55,      58,     277,     312,       1,     -34,  100.0,   76.7,   46.8,    1.1,   18.9,    7.9,    3.5,   14.8,    3.0,    1.4,    3.8,    4.7,   98.2,   99.8,    1.8,    0.2,  100.0,   76.7,   46.8,    1.1,   18.9,    7.9,    3.5,   14.8,    3.0,    1.4,    3.8,    4.7,   98.2,   99.8,    1.8,    0.2,  100.0,    0.0,    0.0,    0.0,    0.0,    0.0,    0.0,    0.0,    0.0,    0.0,    0.0,    0.0,    0.0,    0.0,    0.0,    0.0,     47,     20,     17,.,      6,      6,      7,.,      4,.,      5,.,     38,     37,     47,     20,     17,.,      6,      6,      7,.,      4,.,      5,.,     38,     37,      0,      0,      0,      0,      0,      0,      0,      0,      0,      0,      0,      0,      0,      0,    47.4,    50.6,    65.7,    69.7,    46.6,    46.6,    58.1,    60.2,    47.4,    50.6,    65.7,    69.7,    46.6,    46.6,    58.1,    60.2,     0.0,     0.0,     0.0,     0.0,     0.0,     0.0,     0.0,     0.0,"(Contracts of 800MWh)","0643C3","IFED","064 ","N16","FutOnly"
"NYISO ZONE G DA OFF-PK - ICE FUTURES ENERGY DIV",260818,2026-08-18,0643C4,IFED,01,064 ,   21013,   15930,   10609,     345,    2783,    1988,     242,    3496,     330,     426,     400,    1004,   20265,   20610,     748,     403,   21013,   15930,   10609,     345,    2783,    1988,     242,    3496,     330,     426,     400,    1004,   20265,   20610,     748,     403,       0,       0,       0,       0,       0,       0,       0,       0,       0,       0,       0,       0,       0,       0,       0,       0,     342,     199,     152,     100,     -60,     -40,       0,     258,     -15,      48,       0,    -121,     171,     174,     171,     168,  100.0,   75.8,   50.5,    1.6,   13.2,    9.5,    1.2,   16.6,    1.6,    2.0,    1.9,    4.8,   96.4,   98.1,    3.6,    1.9,  100.0,   75.8,   50.5,    1.6,   13.2,    9.5,    1.2,   16.6,    1.6,    2.0,    1.9,    4.8,   96.4,   98.1,    3.6,    1.9,  100.0,    0.0,    0.0,    0.0,    0.0,    0.0,    0.0,    0.0,    0.0,    0.0,    0.0,    0.0,    0.0,    0.0,    0.0,    0.0,     36,     15,     15,.,      6,      6,.,.,      4,.,.,.,     28,     30,     36,     15,     15,.,      6,      6,.,.,      4,.,.,.,     28,     30,      0,      0,      0,      0,      0,      0,      0,      0,      0,      0,      0,      0,      0,      0,    47.4,    52.9,    67.5,    70.9,    46.0,    48.5,    59.8,    59.7,    47.4,    52.9,    67.5,    70.9,    46.0,    48.5,    59.8,    59.7,     0.0,     0.0,     0.0,     0.0,     0.0,     0.0,     0.0,     0.0,"(1MW for about 368 Hours)","0643C4","IFED","064 ","N16","FutOnly"
"PALO VERDE DA PEAK - ICE FUTURES ENERGY DIV",260818,2026-08-18,0643CB,IFED,01,064 ,   24130,   11330,   14715,    6925,    3641,    3819,       0,     646,    1000,     759,      98,     143,   23976,   24062,     154,      68,   24130,   11330,   14715,    6925,    3641,    3819,       0,     646,    1000,     759,      98,     143,   23976,   24062,     154,      68,       0,       0,       0,       0,       0,       0,       0,       0,       0,       0,       0,       0,       0,       0,       0,       0,      28,     283,     -42,    -250,      80,     -20,       0,       0,       0,      25,      10,       0,      38,      28,     -10,       0,  100.0,   47.0,   61.0,   28.7,   15.1,   15.8,    0.0,    2.7,    4.1,    3.1,    0.4,    0.6,   99.4,   99.7,    0.6,    0.3,  100.0,   47.0,   61.0,   28.7,   15.1,   15.8,    0.0,    2.7,    4.1,    3.1,    0.4,    0.6,   99.4,   99.7,    0.6,    0.3,  100.0,    0.0,    0.0,    0.0,    0.0,    0.0,    0.0,    0.0,    0.0,    0.0,    0.0,    0.0,    0.0,    0.0,    0.0,    0.0,     39,     20,     18,      4,.,.,      0,.,.,      4,.,.,     33,     26,     39,     20,     18,      4,.,.,      0,.,.,      4,.,.,     33,     26,      0,      0,      0,      0,      0,      0,      0,      0,      0,      0,      0,      0,      0,      0,    51.2,    63.4,    69.8,    79.7,    37.9,    43.3,    52.2,    55.5,    51.2,    63.4,    69.8,    79.7,    37.9,    43.3,    52.2,    55.5,     0.0,     0.0,     0.0,     0.0,     0.0,     0.0,     0.0,     0.0,"(Contracts of 400MWh)","0643CB","IFED","064 ","N16","FutOnly"
"PALO VERDE DA OFF-PK FiXED PR - ICE FUTURES ENERGY DIV",260818,2026-08-18,0643CC,IFED,01,064 ,   18673,    5598,   11879,    7206,    3927,     592,    4060,     474,     850,      85,     511,     213,   18604,   18446,      69,     227,   18673,    5598,   11879,    7206,    3927,     592,    4060,     474,     850,      85,     511,     213,   18604,   18446,      69,     227,       0,       0,       0,       0,       0,       0,       0,       0,       0,       0,       0,       0,       0,       0,       0,       0,     110,      17,      80,     -20,      40,       0,       0,    -150,     150,     -12,     -33,     -69,      66,      18,      44,      92,  100.0,   30.0,   63.6,   38.6,   21.0,    3.2,   21.7,    2.5,    4.6,    0.5,    2.7,    1.1,   99.6,   98.8,    0.4,    1.2,  100.0,   30.0,   63.6,   38.6,   21.0,    3.2,   21.7,    2.5,    4.6,    0.5,    2.7,    1.1,   99.6,   98.8,    0.4,    1.2,  100.0,    0.0,    0.0,    0.0,    0.0,    0.0,    0.0,    0.0,    0.0,    0.0,    0.0,    0.0,    0.0,    0.0,    0.0,    0.0,     37,     16,     19,      4,.,      4,.,.,.,.,.,.,     28,     29,     37,     16,     19,      4,.,      4,.,.,.,.,.,.,     28,     29,      0,      0,      0,      0,      0,      0,      0,      0,      0,      0,      0,      0,      0,      0,    65.9,    52.6,    84.1,    68.8,    60.1,    49.2,    74.5,    61.9,    65.9,    52.6,    84.1,    68.8,    60.1,    49.2,    74.5,    61.9,     0.0,     0.0,     0.0,     0.0,     0.0,     0.0,     0.0,     0.0,"(1 MW for about 368 Hours)","0643CC","IFED","064 ","N16","FutOnly"
"PJM WESTERN HUB DA OFF-PK - ICE FUTURES ENERGY DIV",260818,2026-08-18,0643DB,IFED,01,064 ,  120302,   89847,   99629,    4404,    5812,    4083,    4328,    1170,     787,   14506,    5919,    1956,  119911,  119356,     391,     946,  120302,   89847,   99629,    4404,    5812,    4083,    4328,    1170,     787,   14506,    5919,    1956,  119911,  119356,     391,     946,       0,       0,       0,       0,       0,       0,       0,       0,       0,       0,       0,       0,       0,       0,       0,       0,     181,      -3,    -939,    -130,    1104,     -10,      53,    -100,      17,     288,      50,     -26,     189,      96,      -8,      85,  100.0,   74.7,   82.8,    3.7,    4.8,    3.4,    3.6,    1.0,    0.7,   12.1,    4.9,    1.6,   99.7,   99.2,    0.3,    0.8,  100.0,   74.7,   82.8,    3.7,    4.8,    3.4,    3.6,    1.0,    0.7,   12.1,    4.9,    1.6,   99.7,   99.2,    0.3,    0.8,  100.0,    0.0,    0.0,    0.0,    0.0,    0.0,    0.0,    0.0,    0.0,    0.0,    0.0,    0.0,    0.0,    0.0,    0.0,    0.0,     67,     32,     26,      7,      5,      8,      6,.,.,      5,      6,      4,     57,     47,     67,     32,     26,      7,      5,      8,      6,.,.,      5,      6,      4,     57,     47,      0,      0,      0,      0,      0,      0,      0,      0,      0,      0,      0,      0,      0,      0,    42.5,    63.9,    60.8,    80.8,    37.2,    63.4,    55.1,    74.0,    42.5,    63.9,    60.8,    80.8,    37.2,    63.4,    55.1,    74.0,     0.0,     0.0,     0.0,     0.0,     0.0,     0.0,     0.0,     0.0,"(1 MW per off-peak hour)","0643DB","IFED","064 ","N16","FutOnly"
"PJM WESTERN HUB DA PEAK - ICE FUTURES ENERGY DIV",260818,2026-08-18,0643DC,IFED,01,064 ,  128845,   91738,  107169,    6030,    3794,    5152,    1927,    1180,    2199,   19321,    6672,    1988,  128355,  128154,     490,     691,  128845,   91738,  107169,    6030,    3794,    5152,    1927,    1180,    2199,   19321,    6672,    1988,  128355,  128154,     490,     691,       0,       0,       0,       0,       0,       0,       0,       0,       0,       0,       0,       0,       0,       0,       0,       0,     195,     -34,    -669,    -122,     375,      50,    -233,    -100,     183,     422,     341,     -61,     205,     119,     -10,      76,  100.0,   71.2,   83.2,    4.7,    2.9,    4.0,    1.5,    0.9,    1.7,   15.0,    5.2,    1.5,   99.6,   99.5,    0.4,    0.5,  100.0,   71.2,   83.2,    4.7,    2.9,    4.0,    1.5,    0.9,    1.7,   15.0,    5.2,    1.5,   99.6,   99.5,    0.4,    0.5,  100.0,    0.0,    0.0,    0.0,    0.0,    0.0,    0.0,    0.0,    0.0,    0.0,    0.0,    0.0,    0.0,    0.0,    0.0,    0.0,     76,     32,     27,      8,      5,      9,      5,.,.,     12,      7,      7,     64,     52,     76,     32,     27,      8,      5,      9,      5,.,.,     12,      7,      7,     64,     52,      0,      0,      0,      0,      0,      0,      0,      0,      0,      0,      0,      0,      0,      0,    39.7,    63.8,    57.9,    78.5,    36.6,    63.2,    54.1,    73.7,    39.7,    63.8,    57.9,    78.5,    36.6,    63.2,    54.1,    73.7,     0.0,     0.0,     0.0,     0.0,     0.0,     0.0,     0.0,     0.0,"(Contracts of about 352 MWh)","0643DC","IFED","064 ","N16","FutOnly"
"PJM WESTERN HUB RT PEAK MINI - ICE FUTURES ENERGY DIV",260818,2026-08-18,0643DF,IFED,01,064 ,  384789,  200027,  146382,   15517,   51284,   17903,   61080,    7381,   51857,   17367,   89034,   19777,  383528,  383618,    1261,    1171,  384789,  200027,  146382,   15517,   51284,   17903,   61080,    7381,   51857,   17367,   89034,   19777,  383528,  383618,    1261,    1171,       0,       0,       0,       0,       0,       0,       0,       0,       0,       0,       0,       0,       0,       0,       0,       0,    2871,    4317,     793,   -1238,    3950,   -2865,    1471,     989,      -5,    1628,     483,    -363,    2945,    2982,     -74,    -111,  100.0,   52.0,   38.0,    4.0,   13.3,    4.7,   15.9,    1.9,   13.5,    4.5,   23.1,    5.1,   99.7,   99.7,    0.3,    0.3,  100.0,   52.0,   38.0,    4.0,   13.3,    4.7,   15.9,    1.9,   13.5,    4.5,   23.1,    5.1,   99.7,   99.7,    0.3,    0.3,  100.0,    0.0,    0.0,    0.0,    0.0,    0.0,    0.0,    0.0,    0.0,    0.0,    0.0,    0.0,    0.0,    0.0,    0.0,    0.0,    131,     43,     36,.,      9,     10,     33,      6,     19,     17,     18,     27,    121,    100,    131,     43,     36,.,      9,     10,     33,      6,     19,     17,     18,     27,    121,    100,      0,      0,      0,      0,      0,      0,      0,      0,      0,      0,      0,      0,      0,      0,    21.9,    33.8,    36.1,    50.1,    19.0,    29.2,    30.6,    42.1,    21.9,    33.8,    36.1,    50.1,    19.0,    29.2,    30.6,    42.1,     0.0,     0.0,     0.0,     0.0,     0.0,     0.0,     0.0,     0.0,"(1 MW per peak hour)","0643DF","IFED","064 ","N16","FutOnly"
"PJM WEST HUB REAL TIME PK MINI - ICE FUTURES ENERGY DIV",260818,2026-08-18,0643IA,IFED,01,064 ,    2810,     480,    1005,      40,       0,      60,     450,     255,     208,     920,     450,      45,    2203,    2023,     607,     787,    2810,     480,    1005,      40,       0,      60,     450,     255,     208,     920,     450,      45,    2203,    2023,     607,     787,       0,       0,       0,       0,       0,       0,       0,       0,       0,       0,       0,       0,       0,       0,       0,       0,.,.,.,.,.,.,.,.,.,.,.,.,.,.,.,.,  100.0,   17.1,   35.8,    1.4,    0.0,    2.1,   16.0,    9.1,    7.4,   32.7,   16.0,    1.6,   78.4,   72.0,   21.6,   28.0,  100.0,   17.1,   35.8,    1.4,    0.0,    2.1,   16.0,    9.1,    7.4,   32.7,   16.0,    1.6,   78.4,   72.0,   21.6,   28.0,  100.0,    0.0,    0.0,    0.0,    0.0,    0.0,    0.0,    0.0,    0.0,    0.0,    0.0,    0.0,    0.0,    0.0,    0.0,    0.0,     21,.,      6,.,      0,.,.,      4,.,.,      4,.,     11,     16,     21,.,      6,.,      0,.,.,      4,.,.,      4,.,     11,     16,      0,      0,      0,      0,      0,      0,      0,      0,      0,      0,      0,      0,      0,      0,    51.8,    41.3,    71.4,    57.9,    51.8,    40.9,    64.4,    52.0,    51.8,    41.3,    71.4,    57.9,    51.8,    40.9,    64.4,    52.0,     0.0,     0.0,     0.0,     0.0,     0.0,     0.0,     0.0,     0.0,"16 MWh","0643IA","IFED","064 ","N16","FutOnly"
"ERCOT N 345KV REAL T PK DALY M - ICE FUTURES ENERGY DIV",260818,2026-08-18,0643IB,IFED,01,064 ,   16330,    5925,    7200,     925,       0,      50,    4380,     395,    1365,    1605,    4885,    1370,   15620,   15265,     710,    1065,   16330,    5925,    7200,     925,       0,      50,    4380,     395,    1365,    1605,    4885,    1370,   15620,   15265,     710,    1065,       0,       0,       0,       0,       0,       0,       0,       0,       0,       0,       0,       0,       0,       0,       0,       0,    1540,   -1080,    1360,     750,       0,     -75,    1940,   -1920,     130,    -645,    1265,     610,    1630,    1370,     -90,     170,  100.0,   36.3,   44.1,    5.7,    0.0,    0.3,   26.8,    2.4,    8.4,    9.8,   29.9,    8.4,   95.7,   93.5,    4.3,    6.5,  100.0,   36.3,   44.1,    5.7,    0.0,    0.3,   26.8,    2.4,    8.4,    9.8,   29.9,    8.4,   95.7,   93.5,    4.3,    6.5,  100.0,    0.0,    0.0,    0.0,    0.0,    0.0,    0.0,    0.0,    0.0,    0.0,    0.0,    0.0,    0.0,    0.0,    0.0,    0.0,     57,     20,     19,.,      0,.,      7,.,      6,      6,     13,      9,     43,     45,     57,     20,     19,.,      0,.,      7,.,      6,      6,     13,      9,     43,     45,      0,      0,      0,      0,      0,      0,      0,      0,      0,      0,      0,      0,      0,      0,    36.9,    32.5,    53.5,    49.6,    32.5,    32.5,    44.2,    44.7,    36.9,    32.5,    53.5,    49.6,    32.5,    32.5,    44.2,    44.7,     0.0,     0.0,     0.0,     0.0,     0.0,     0.0,     0.0,     0.0,"(240 MW = 15 Hours X 16 MWh)","0643IB","IFED","064 ","N16","FutOnly"
"ERCOT N 345KV REAL T PK 2x16 - ICE FUTURES ENERGY DIV",260818,2026-08-18,0643ID,IFED,01,064 ,  132027,   94563,   97393,    8401,   12597,    7263,    7598,    2088,     738,   10538,    8933,    2604,  131705,  131616,     322,     411,  132027,   94563,   97393,    8401,   12597,    7263,    7598,    2088,     738,   10538,    8933,    2604,  131705,  131616,     322,     411,       0,       0,       0,       0,       0,       0,       0,       0,       0,       0,       0,       0,       0,       0,       0,       0,    3533,    3289,    2863,    -110,     300,     -50,      50,      10,       0,       0,      20,     358,    3537,    3501,      -4,      32,  100.0,   71.6,   73.8,    6.4,    9.5,    5.5,    5.8,    1.6,    0.6,    8.0,    6.8,    2.0,   99.8,   99.7,    0.2,    0.3,  100.0,   71.6,   73.8,    6.4,    9.5,    5.5,    5.8,    1.6,    0.6,    8.0,    6.8,    2.0,   99.8,   99.7,    0.2,    0.3,  100.0,    0.0,    0.0,    0.0,    0.0,    0.0,    0.0,    0.0,    0.0,    0.0,    0.0,    0.0,    0.0,    0.0,    0.0,    0.0,     59,     31,     25,.,.,      4,      4,.,.,      5,      9,      9,     51,     46,     59,     31,     25,.,.,      4,      4,.,.,      5,      9,      9,     51,     46,      0,      0,      0,      0,      0,      0,      0,      0,      0,      0,      0,      0,      0,      0,    45.5,    36.1,    63.8,    61.0,    39.4,    27.2,    54.4,    45.7,    45.5,    36.1,    63.8,    61.0,    39.4,    27.2,    54.4,    45.7,     0.0,     0.0,     0.0,     0.0,     0.0,     0.0,     0.0,     0.0,"(1MW for about 352 Hours)","0643ID","IFED","064 ","N16","FutOnly"
"ERCOT North 345KV Hub RT 7x8 - ICE FUTURES ENERGY DIV",260818,2026-08-18,0643IK,IFED,01,064 ,  253434,  100355,  182686,    4243,   35191,    9171,  107491,    1439,   13134,   12769,    6291,    5305,  252468,  253217,     966,     217,  253434,  100355,  182686,    4243,   35191,    9171,  107491,    1439,   13134,   12769,    6291,    5305,  252468,  253217,     966,     217,       0,       0,       0,       0,       0,       0,       0,       0,       0,       0,       0,       0,       0,       0,       0,       0,    5477,    4457,    5714,     140,     567,    -239,    1548,     150,    -565,    -322,    -615,     465,    5484,    5477,      -7,       0,  100.0,   39.6,   72.1,    1.7,   13.9,    3.6,   42.4,    0.6,    5.2,    5.0,    2.5,    2.1,   99.6,   99.9,    0.4,    0.1,  100.0,   39.6,   72.1,    1.7,   13.9,    3.6,   42.4,    0.6,    5.2,    5.0,    2.5,    2.1,   99.6,   99.9,    0.4,    0.1,  100.0,    0.0,    0.0,    0.0,    0.0,    0.0,    0.0,    0.0,    0.0,    0.0,    0.0,    0.0,    0.0,    0.0,    0.0,    0.0,     66,     25,     28,.,      4,      5,      8,.,      7,      8,      7,     11,     54,     54,     66,     25,     28,.,      4,      5,      8,.,      7,      8,      7,     11,     54,     54,      0,      0,      0,      0,      0,      0,      0,      0,      0,      0,      0,      0,      0,      0,    56.5,    45.0,    69.7,    65.9,    49.5,    42.8,    58.7,    57.6,    56.5,    45.0,    69.7,    65.9,    49.5,    42.8,    58.7,    57.6,     0.0,     0.0,     0.0,     0.0,     0.0,     0.0,     0.0,     0.0,"(1MW for about 352 Hours)","0643IK","IFED","064 ","N16","FutOnly"
"ERCOT Houston 345KV Hub RT 7x8 - ICE FUTURES ENERGY DIV",260818,2026-08-18,0643IL,IFED,01,064 ,   13935,   11760,   10815,    2050,    3000,       0,       0,       0,       0,     125,       0,       0,   13935,   13815,       0,     120,   13935,   11760,   10815,    2050,    3000,       0,       0,       0,       0,     125,       0,       0,   13935,   13815,       0,     120,       0,       0,       0,       0,       0,       0,       0,       0,       0,       0,       0,       0,       0,       0,       0,       0,.,.,.,.,.,.,.,.,.,.,.,.,.,.,.,.,  100.0,   84.4,   77.6,   14.7,   21.5,    0.0,    0.0,    0.0,    0.0,    0.9,    0.0,    0.0,  100.0,   99.1,    0.0,    0.9,  100.0,   84.4,   77.6,   14.7,   21.5,    0.0,    0.0,    0.0,    0.0,    0.9,    0.0,    0.0,  100.0,   99.1,    0.0,    0.9,  100.0,    0.0,    0.0,    0.0,    0.0,    0.0,    0.0,    0.0,    0.0,    0.0,    0.0,    0.0,    0.0,    0.0,    0.0,    0.0,     20,      9,      8,.,.,      0,      0,      0,      0,.,      0,      0,     13,     10,     20,      9,      8,.,.,      0,      0,      0,      0,.,      0,      0,     13,     10,      0,      0,      0,      0,      0,      0,      0,      0,      0,      0,      0,      0,      0,      0,    78.1,    57.4,    95.2,    90.7,    72.8,    57.4,    89.8,    90.0,    78.1,    57.4,    95.2,    90.7,    72.8,    57.4,    89.8,    90.0,     0.0,     0.0,     0.0,     0.0,     0.0,     0.0,     0.0,     0.0,"(1MW for about 352 Hours)","0643IL","IFED","064 ","N16","FutOnly"
"ISONE.H.INTERNAL_HUB_mo_on_dap - NODAL EXCHANGE",260818,2026-08-18,064AAA,NODX,01,064 ,   83074,   58435,   57298,       0,   11555,     515,    1145,    1390,     170,   11409,     650,     295,   71969,   71873,   11105,   11201,   83074,   58435,   57298,       0,   11555,     515,    1145,    1390,     170,   11409,     650,     295,   71969,   71873,   11105,   11201,       0,       0,       0,       0,       0,       0,       0,       0,       0,       0,       0,       0,       0,       0,       0,       0,     275,     150,      90,       0,     -60,       5,       0,     -60,       0,       0,     180,       0,     155,     155,     120,     120,  100.0,   70.3,   69.0,    0.0,   13.9,    0.6,    1.4,    1.7,    0.2,   13.7,    0.8,    0.4,   86.6,   86.5,   13.4,   13.5,  100.0,   70.3,   69.0,    0.0,   13.9,    0.6,    1.4,    1.7,    0.2,   13.7,    0.8,    0.4,   86.6,   86.5,   13.4,   13.5,  100.0,    0.0,    0.0,    0.0,    0.0,    0.0,    0.0,    0.0,    0.0,    0.0,    0.0,    0.0,    0.0,    0.0,    0.0,    0.0,     32,     17,     17,      0,      6,      5,.,.,.,.,.,.,     27,     26,     32,     17,     17,      0,      6,      5,.,.,.,.,.,.,     27,     26,      0,      0,      0,      0,      0,      0,      0,      0,      0,      0,      0,      0,      0,      0,    65.8,    48.0,    78.5,    63.4,    64.0,    42.1,    71.6,    54.5,    65.8,    48.0,    78.5,    63.4,    64.0,    42.1,    71.6,    54.5,     0.0,     0.0,     0.0,     0.0,     0.0,     0.0,     0.0,     0.0,"(Contracts of 400 MWh)","064AAA","NODX","064 ","N16","FutOnly"
"ISONE.H.INTERNAL_HB_mo_off_dap - NODAL EXCHANGE",260818,2026-08-18,064AAB,NODX,01,064 ,   76734,   53471,   50861,       0,   11787,    1083,     980,    1600,     195,   10997,     888,     180,   66906,   66594,    9828,   10140,   76734,   53471,   50861,       0,   11787,    1083,     980,    1600,     195,   10997,     888,     180,   66906,   66594,    9828,   10140,       0,       0,       0,       0,       0,       0,       0,       0,       0,       0,       0,       0,       0,       0,       0,       0,     190,      60,       0,       0,     -60,      10,       0,     -60,       0,       0,     180,       0,      70,      70,     120,     120,  100.0,   69.7,   66.3,    0.0,   15.4,    1.4,    1.3,    2.1,    0.3,   14.3,    1.2,    0.2,   87.2,   86.8,   12.8,   13.2,  100.0,   69.7,   66.3,    0.0,   15.4,    1.4,    1.3,    2.1,    0.3,   14.3,    1.2,    0.2,   87.2,   86.8,   12.8,   13.2,  100.0,    0.0,    0.0,    0.0,    0.0,    0.0,    0.0,    0.0,    0.0,    0.0,    0.0,    0.0,    0.0,    0.0,    0.0,    0.0,     32,     17,     17,      0,      6,      4,.,.,.,.,.,.,     26,     26,     32,     17,     17,      0,      6,      4,.,.,.,.,.,.,     26,     26,      0,      0,      0,      0,      0,      0,      0,      0,      0,      0,      0,      0,      0,      0,    65.1,    44.3,    78.3,    60.9,    62.5,    40.8,    71.1,    52.3,    65.1,    44.3,    78.3,    60.9,    62.5,    40.8,    71.1,    52.3,     0.0,     0.0,     0.0,     0.0,     0.0,     0.0,     0.0,     0.0,"(Contracts of 400 MWh)","064AAB","NODX","064 ","N16","FutOnly"
"MISO.INDIANA.HUB_month_on_dap - NODAL EXCHANGE",260818,2026-08-18,064BFI,NODX,01,064 ,   19892,   11667,   13356,    3245,     871,     415,     125,     613,     180,     105,       0,     750,   16487,   16185,    3405,    3707,   19892,   11667,   13356,    3245,     871,     415,     125,     613,     180,     105,       0,     750,   16487,   16185,    3405,    3707,       0,       0,       0,       0,       0,       0,       0,       0,       0,       0,       0,       0,       0,       0,       0,       0,     281,     -19,     180,    -215,     186,     -25,       0,       0,       0,     105,    -435,       5,    -149,     -89,     430,     370,  100.0,   58.7,   67.1,   16.3,    4.4,    2.1,    0.6,    3.1,    0.9,    0.5,    0.0,    3.8,   82.9,   81.4,   17.1,   18.6,  100.0,   58.7,   67.1,   16.3,    4.4,    2.1,    0.6,    3.1,    0.9,    0.5,    0.0,    3.8,   82.9,   81.4,   17.1,   18.6,  100.0,    0.0,    0.0,    0.0,    0.0,    0.0,    0.0,    0.0,    0.0,    0.0,    0.0,    0.0,    0.0,    0.0,    0.0,    0.0,     27,     15,     16,.,.,.,.,.,.,.,      0,.,     20,     22,     27,     15,     16,.,.,.,.,.,.,.,      0,.,     20,     22,      0,      0,      0,      0,      0,      0,      0,      0,      0,      0,      0,      0,      0,      0,    49.3,    51.1,    68.7,    68.2,    46.5,    44.8,    56.6,    56.9,    49.3,    51.1,    68.7,    68.2,    46.5,    44.8,    56.6,    56.9,     0.0,     0.0,     0.0,     0.0,     0.0,     0.0,     0.0,     0.0,"Megawatt Hours (MWh)","064BFI","NODX","064 ","N16","FutOnly"
"MISO.INDIANA.HUB_month_off_dap - NODAL EXCHANGE",260818,2026-08-18,064BFJ,NODX,01,064 ,   20253,   12398,   13704,    2280,     475,     910,     125,     600,     180,     178,       0,     777,   16848,   16646,    3405,    3607,   20253,   12398,   13704,    2280,     475,     910,     125,     600,     180,     178,       0,     777,   16848,   16646,    3405,    3607,       0,       0,       0,       0,       0,       0,       0,       0,       0,       0,       0,       0,       0,       0,       0,       0,      51,     -59,      79,    -255,       0,      55,       0,       0,       0,     178,    -155,    -178,    -259,    -199,     310,     250,  100.0,   61.2,   67.7,   11.3,    2.3,    4.5,    0.6,    3.0,    0.9,    0.9,    0.0,    3.8,   83.2,   82.2,   16.8,   17.8,  100.0,   61.2,   67.7,   11.3,    2.3,    4.5,    0.6,    3.0,    0.9,    0.9,    0.0,    3.8,   83.2,   82.2,   16.8,   17.8,  100.0,    0.0,    0.0,    0.0,    0.0,    0.0,    0.0,    0.0,    0.0,    0.0,    0.0,    0.0,    0.0,    0.0,    0.0,    0.0,     27,     13,     15,.,      4,      4,.,.,.,.,      0,.,     20,     23,     27,     13,     15,.,      4,      4,.,.,.,.,      0,.,     20,     23,      0,      0,      0,      0,      0,      0,      0,      0,      0,      0,      0,      0,      0,      0,    50.1,    52.6,    66.7,    69.0,    47.5,    46.7,    56.3,    56.2,    50.1,    52.6,    66.7,    69.0,    47.5,    46.7,    56.3,    56.2,     0.0,     0.0,     0.0,     0.0,     0.0,     0.0,     0.0,     0.0,"Megawatt Hours (MWh)","064BFJ","NODX","064 ","N16","FutOnly"
"NYISO.CENTRL_month_on_dap - NODAL EXCHANGE",260818,2026-08-18,064CTQ,NODX,01,064 ,   37043,   15754,   34403,    7299,    1280,     540,       5,       0,     120,   11725,       0,       0,   35443,   36343,    1600,     700,   37043,   15754,   34403,    7299,    1280,     540,       5,       0,     120,   11725,       0,       0,   35443,   36343,    1600,     700,       0,       0,       0,       0,       0,       0,       0,       0,       0,       0,       0,       0,       0,       0,       0,       0,     600,     300,     480,     300,       0,       0,       0,       0,       0,       0,       0,       0,     600,     480,       0,     120,  100.0,   42.5,   92.9,   19.7,    3.5,    1.5,    0.0,    0.0,    0.3,   31.7,    0.0,    0.0,   95.7,   98.1,    4.3,    1.9,  100.0,   42.5,   92.9,   19.7,    3.5,    1.5,    0.0,    0.0,    0.3,   31.7,    0.0,    0.0,   95.7,   98.1,    4.3,    1.9,  100.0,    0.0,    0.0,    0.0,    0.0,    0.0,    0.0,    0.0,    0.0,    0.0,    0.0,    0.0,    0.0,    0.0,    0.0,    0.0,     22,     11,.,      4,.,.,.,      0,.,.,      0,      0,     18,      6,     22,     11,.,      4,.,.,.,      0,.,.,      0,      0,     18,      6,      0,      0,      0,      0,      0,      0,      0,      0,      0,      0,      0,      0,      0,      0,    70.9,    96.6,    84.1,    98.1,    70.9,    96.0,    84.1,    96.3,    70.9,    96.6,    84.1,    98.1,    70.9,    96.0,    84.1,    96.3,     0.0,     0.0,     0.0,     0.0,     0.0,     0.0,     0.0,     0.0,"Megawatt Hours (MWh)","064CTQ","NODX","064 ","N16","FutOnly"
"NYISO.CENTRL_month_off_dap - NODAL EXCHANGE",260818,2026-08-18,064CTR,NODX,01,064 ,   33938,   13919,   32793,    7934,     415,      60,       5,       0,     120,   10400,       0,       0,   32438,   33388,    1500,     550,   33938,   13919,   32793,    7934,     415,      60,       5,       0,     120,   10400,       0,       0,   32438,   33388,    1500,     550,       0,       0,       0,       0,       0,       0,       0,       0,       0,       0,       0,       0,       0,       0,       0,       0,       0,       0,       0,       0,       0,       0,       0,       0,       0,       0,       0,       0,       0,       0,       0,       0,  100.0,   41.0,   96.6,   23.4,    1.2,    0.2,    0.0,    0.0,    0.4,   30.6,    0.0,    0.0,   95.6,   98.4,    4.4,    1.6,  100.0,   41.0,   96.6,   23.4,    1.2,    0.2,    0.0,    0.0,    0.4,   30.6,    0.0,    0.0,   95.6,   98.4,    4.4,    1.6,  100.0,    0.0,    0.0,    0.0,    0.0,    0.0,    0.0,    0.0,    0.0,    0.0,    0.0,    0.0,    0.0,    0.0,    0.0,    0.0,     22,     12,      4,      5,.,.,.,      0,.,.,      0,      0,     20,      6,     22,     12,      4,      5,.,.,.,      0,.,.,      0,      0,     20,      6,      0,      0,      0,      0,      0,      0,      0,      0,      0,      0,      0,      0,      0,      0,    72.4,    97.6,    86.5,    98.4,    72.4,    96.5,    86.5,    96.5,    72.4,    97.6,    86.5,    98.4,    72.4,    96.5,    86.5,    96.5,     0.0,     0.0,     0.0,     0.0,     0.0,     0.0,     0.0,     0.0,"Megawatt Hours (MWh)","064CTR","NODX","064 ","N16","FutOnly"
"NYISO.HUD VL_month_on_dap - NODAL EXCHANGE",260818,2026-08-18,064CXO,NODX,01,064 ,   38167,   28814,   11630,    1410,   10985,    1685,     175,    1990,     290,     375,    6451,     360,   33109,   33391,    5058,    4776,   38167,   28814,   11630,    1410,   10985,    1685,     175,    1990,     290,     375,    6451,     360,   33109,   33391,    5058,    4776,       0,       0,       0,       0,       0,       0,       0,       0,       0,       0,       0,       0,       0,       0,       0,       0,      84,     170,     -25,    -485,    -615,     415,       0,     240,       0,       0,      85,       0,     100,     100,     -16,     -16,  100.0,   75.5,   30.5,    3.7,   28.8,    4.4,    0.5,    5.2,    0.8,    1.0,   16.9,    0.9,   86.7,   87.5,   13.3,   12.5,  100.0,   75.5,   30.5,    3.7,   28.8,    4.4,    0.5,    5.2,    0.8,    1.0,   16.9,    0.9,   86.7,   87.5,   13.3,   12.5,  100.0,    0.0,    0.0,    0.0,    0.0,    0.0,    0.0,    0.0,    0.0,    0.0,    0.0,    0.0,    0.0,    0.0,    0.0,    0.0,     33,     18,     13,.,      4,      6,.,.,.,.,.,.,     29,     25,     33,     18,     13,.,      4,      6,.,.,.,.,.,.,     29,     25,      0,      0,      0,      0,      0,      0,      0,      0,      0,      0,      0,      0,      0,      0,    40.5,    46.4,    61.2,    66.5,    36.8,    43.8,    55.8,    59.7,    40.5,    46.4,    61.2,    66.5,    36.8,    43.8,    55.8,    59.7,     0.0,     0.0,     0.0,     0.0,     0.0,     0.0,     0.0,     0.0,"Megawatt Hours (MWh)","064CXO","NODX","064 ","N16","FutOnly"
"NYISO.HUD VL_month_off_dap - NODAL EXCHANGE",260818,2026-08-18,064CXP,NODX,01,064 ,   37523,   29085,   12033,    1090,   10863,    1314,     180,     925,     600,     300,    6931,     412,   32981,   33078,    4542,    4445,   37523,   29085,   12033,    1090,   10863,    1314,     180,     925,     600,     300,    6931,     412,   32981,   33078,    4542,    4445,       0,       0,       0,       0,       0,       0,       0,       0,       0,       0,       0,       0,       0,       0,       0,       0,    -165,      25,      60,    -410,    -710,     250,    -240,       0,     240,       0,      25,       0,    -135,    -135,     -30,     -30,  100.0,   77.5,   32.1,    2.9,   29.0,    3.5,    0.5,    2.5,    1.6,    0.8,   18.5,    1.1,   87.9,   88.2,   12.1,   11.8,  100.0,   77.5,   32.1,    2.9,   29.0,    3.5,    0.5,    2.5,    1.6,    0.8,   18.5,    1.1,   87.9,   88.2,   12.1,   11.8,  100.0,    0.0,    0.0,    0.0,    0.0,    0.0,    0.0,    0.0,    0.0,    0.0,    0.0,    0.0,    0.0,    0.0,    0.0,    0.0,     32,     17,     13,.,      4,      6,.,.,.,.,.,.,     27,     25,     32,     17,     13,.,      4,      6,.,.,.,.,.,.,     27,     25,      0,      0,      0,      0,      0,      0,      0,      0,      0,      0,      0,      0,      0,      0,    43.6,    48.2,    63.3,    69.9,    40.6,    45.7,    57.2,    63.0,    43.6,    48.2,    63.3,    69.9,    40.6,    45.7,    57.2,    63.0,     0.0,     0.0,     0.0,     0.0,     0.0,     0.0,     0.0,     0.0,"Megawatt Hours (MWh)","064CXP","NODX","064 ","N16","FutOnly"
"NYISO.N.Y.C._month_on_dap - NODAL EXCHANGE",260818,2026-08-18,064CZS,NODX,01,064 ,   28592,   15877,   22638,    5708,     105,    1345,       0,     300,       0,    1341,     375,     464,   24735,   25227,    3857,    3365,   28592,   15877,   22638,    5708,     105,    1345,       0,     300,       0,    1341,     375,     464,   24735,   25227,    3857,    3365,       0,       0,       0,       0,       0,       0,       0,       0,       0,       0,       0,       0,       0,       0,       0,       0,     245,      50,     245,     -95,       0,       0,       0,       0,       0,     290,       0,       0,     245,     245,       0,       0,  100.0,   55.5,   79.2,   20.0,    0.4,    4.7,    0.0,    1.0,    0.0,    4.7,    1.3,    1.6,   86.5,   88.2,   13.5,   11.8,  100.0,   55.5,   79.2,   20.0,    0.4,    4.7,    0.0,    1.0,    0.0,    4.7,    1.3,    1.6,   86.5,   88.2,   13.5,   11.8,  100.0,    0.0,    0.0,    0.0,    0.0,    0.0,    0.0,    0.0,    0.0,    0.0,    0.0,    0.0,    0.0,    0.0,    0.0,    0.0,     27,     12,     13,      4,.,      4,      0,.,      0,.,.,.,     19,     20,     27,     12,     13,      4,.,      4,      0,.,      0,.,.,.,     19,     20,      0,      0,      0,      0,      0,      0,      0,      0,      0,      0,      0,      0,      0,      0,    54.2,    55.2,    71.5,    78.6,    54.1,    54.6,    70.2,    76.5,    54.2,    55.2,    71.5,    78.6,    54.1,    54.6,    70.2,    76.5,     0.0,     0.0,     0.0,     0.0,     0.0,     0.0,     0.0,     0.0,"Megawatt Hours (MWh)","064CZS","NODX","064 ","N16","FutOnly"
"NYISO.N.Y.C._month_off_dap - NODAL EXCHANGE",260818,2026-08-18,064CZT,NODX,01,064 ,   28012,   14964,   22328,    6078,       0,    1260,       0,     300,       0,    1221,     300,     464,   23987,   24652,    4025,    3360,   28012,   14964,   22328,    6078,       0,    1260,       0,     300,       0,    1221,     300,     464,   23987,   24652,    4025,    3360,       0,       0,       0,       0,       0,       0,       0,       0,       0,       0,       0,       0,       0,       0,       0,       0,     245,      50,     245,     -95,       0,       0,       0,       0,       0,     246,     -44,      44,     245,     245,       0,       0,  100.0,   53.4,   79.7,   21.7,    0.0,    4.5,    0.0,    1.1,    0.0,    4.4,    1.1,    1.7,   85.6,   88.0,   14.4,   12.0,  100.0,   53.4,   79.7,   21.7,    0.0,    4.5,    0.0,    1.1,    0.0,    4.4,    1.1,    1.7,   85.6,   88.0,   14.4,   12.0,  100.0,    0.0,    0.0,    0.0,    0.0,    0.0,    0.0,    0.0,    0.0,    0.0,    0.0,    0.0,    0.0,    0.0,    0.0,    0.0,     26,     10,     12,      5,      0,.,      0,.,      0,.,.,.,     17,     18,     26,     10,     12,      5,      0,.,      0,.,      0,.,.,.,     17,     18,      0,      0,      0,      0,      0,      0,      0,      0,      0,      0,      0,      0,      0,      0,    54.0,    54.3,    71.8,    78.9,    54.0,    53.6,    70.5,    77.3,    54.0,    54.3,    71.8,    78.9,    54.0,    53.6,    70.5,    77.3,     0.0,     0.0,     0.0,     0.0,     0.0,     0.0,     0.0,     0.0,"Megawatt Hours (MWh)","064CZT","NODX","064 ","N16","FutOnly"
"NYISO.WEST_month_on_dap - NODAL EXCHANGE",260818,2026-08-18,064DEU,NODX,01,064 ,   35174,   28688,   21444,    2915,    6029,    1040,       0,       0,       0,     150,    4369,     481,   33274,   33363,    1900,    1811,   35174,   28688,   21444,    2915,    6029,    1040,       0,       0,       0,     150,    4369,     481,   33274,   33363,    1900,    1811,       0,       0,       0,       0,       0,       0,       0,       0,       0,       0,       0,       0,       0,       0,       0,       0,     580,     224,     836,     425,    -175,     -69,       0,       0,       0,       0,       0,       0,     580,     592,       0,     -12,  100.0,   81.6,   61.0,    8.3,   17.1,    3.0,    0.0,    0.0,    0.0,    0.4,   12.4,    1.4,   94.6,   94.9,    5.4,    5.1,  100.0,   81.6,   61.0,    8.3,   17.1,    3.0,    0.0,    0.0,    0.0,    0.4,   12.4,    1.4,   94.6,   94.9,    5.4,    5.1,  100.0,    0.0,    0.0,    0.0,    0.0,    0.0,    0.0,    0.0,    0.0,    0.0,    0.0,    0.0,    0.0,    0.0,    0.0,    0.0,     29,     14,     15,      4,.,      4,      0,      0,      0,.,.,.,     21,     21,     29,     14,     15,      4,.,      4,      0,      0,      0,.,.,.,     21,     21,      0,      0,      0,      0,      0,      0,      0,      0,      0,      0,      0,      0,      0,      0,    69.4,    52.5,    82.7,    79.3,    59.8,    45.9,    69.3,    68.5,    69.4,    52.5,    82.7,    79.3,    59.8,    45.9,    69.3,    68.5,     0.0,     0.0,     0.0,     0.0,     0.0,     0.0,     0.0,     0.0,"Megawatt Hours (MWh)","064DEU","NODX","064 ","N16","FutOnly"
"NYISO.WEST_month_off_dap - NODAL EXCHANGE",260818,2026-08-18,064DEV,NODX,01,064 ,   35087,   27995,   21617,    3797,    6739,     353,       0,     305,       0,     150,    3544,     656,   32951,   33214,    2136,    1873,   35087,   27995,   21617,    3797,    6739,     353,       0,     305,       0,     150,    3544,     656,   32951,   33214,    2136,    1873,       0,       0,       0,       0,       0,       0,       0,       0,       0,       0,       0,       0,       0,       0,       0,       0,     626,     191,     863,     425,    -175,     -50,       0,       0,       0,       0,       0,       0,     566,     638,      60,     -12,  100.0,   79.8,   61.6,   10.8,   19.2,    1.0,    0.0,    0.9,    0.0,    0.4,   10.1,    1.9,   93.9,   94.7,    6.1,    5.3,  100.0,   79.8,   61.6,   10.8,   19.2,    1.0,    0.0,    0.9,    0.0,    0.4,   10.1,    1.9,   93.9,   94.7,    6.1,    5.3,  100.0,    0.0,    0.0,    0.0,    0.0,    0.0,    0.0,    0.0,    0.0,    0.0,    0.0,    0.0,    0.0,    0.0,    0.0,    0.0,     26,     10,     14,.,.,      4,      0,.,      0,.,.,.,     16,     22,     26,     10,     14,.,.,      4,      0,.,      0,.,.,.,     16,     22,      0,      0,      0,      0,      0,      0,      0,      0,      0,      0,      0,      0,      0,      0,    74.2,    53.2,    88.7,    79.7,    65.3,    48.9,    74.2,    66.0,    74.2,    53.2,    88.7,    79.7,    65.3,    48.9,    74.2,    66.0,     0.0,     0.0,     0.0,     0.0,     0.0,     0.0,     0.0,     0.0,"Megawatt Hours (MWh)","064DEV","NODX","064 ","N16","FutOnly"
"PJM.AEP_month_on_dap - NODAL EXCHANGE",260818,2026-08-18,064DLQ,NODX,01,064 ,   29261,   18225,   22151,    7115,     395,     370,    1570,       0,       0,     486,    5060,     380,   28146,   28356,    1115,     905,   29261,   18225,   22151,    7115,     395,     370,    1570,       0,       0,     486,    5060,     380,   28146,   28356,    1115,     905,       0,       0,       0,       0,       0,       0,       0,       0,       0,       0,       0,       0,       0,       0,       0,       0,       0,       0,       0,       0,       0,       0,       0,       0,       0,       0,       0,       0,       0,       0,       0,       0,  100.0,   62.3,   75.7,   24.3,    1.3,    1.3,    5.4,    0.0,    0.0,    1.7,   17.3,    1.3,   96.2,   96.9,    3.8,    3.1,  100.0,   62.3,   75.7,   24.3,    1.3,    1.3,    5.4,    0.0,    0.0,    1.7,   17.3,    1.3,   96.2,   96.9,    3.8,    3.1,  100.0,    0.0,    0.0,    0.0,    0.0,    0.0,    0.0,    0.0,    0.0,    0.0,    0.0,    0.0,    0.0,    0.0,    0.0,    0.0,     22,     11,.,      4,.,.,.,      0,      0,.,.,.,     19,      6,     22,     11,.,      4,.,.,.,      0,      0,.,.,.,     19,      6,      0,      0,      0,      0,      0,      0,      0,      0,      0,      0,      0,      0,      0,      0,    64.1,    94.0,    80.1,    96.9,    64.1,    92.7,    80.1,    94.3,    64.1,    94.0,    80.1,    96.9,    64.1,    92.7,    80.1,    94.3,     0.0,     0.0,     0.0,     0.0,     0.0,     0.0,     0.0,     0.0,"Megawatt Hours (MWh)","064DLQ","NODX","064 ","N16","FutOnly"
"PJM.AEP_month_off_dap - NODAL EXCHANGE",260818,2026-08-18,064DLR,NODX,01,064 ,   29226,   18250,   22116,    7080,     395,     370,    1570,       0,       0,     486,    5060,     380,   28136,   28321,    1090,     905,   29226,   18250,   22116,    7080,     395,     370,    1570,       0,       0,     486,    5060,     380,   28136,   28321,    1090,     905,       0,       0,       0,       0,       0,       0,       0,       0,       0,       0,       0,       0,       0,       0,       0,       0,       0,       0,       0,       0,       0,       0,       0,       0,       0,       0,       0,       0,       0,       0,       0,       0,  100.0,   62.4,   75.7,   24.2,    1.4,    1.3,    5.4,    0.0,    0.0,    1.7,   17.3,    1.3,   96.3,   96.9,    3.7,    3.1,  100.0,   62.4,   75.7,   24.2,    1.4,    1.3,    5.4,    0.0,    0.0,    1.7,   17.3,    1.3,   96.3,   96.9,    3.7,    3.1,  100.0,    0.0,    0.0,    0.0,    0.0,    0.0,    0.0,    0.0,    0.0,    0.0,    0.0,    0.0,    0.0,    0.0,    0.0,    0.0,     22,     11,.,      4,.,.,.,      0,      0,.,.,.,     19,      6,     22,     11,.,      4,.,.,.,      0,      0,.,.,.,     19,      6,      0,      0,      0,      0,      0,      0,      0,      0,      0,      0,      0,      0,      0,      0,    64.2,    94.0,    80.1,    96.9,    64.2,    92.6,    80.1,    94.2,    64.2,    94.0,    80.1,    96.9,    64.2,    92.6,    80.1,    94.2,     0.0,     0.0,     0.0,     0.0,     0.0,     0.0,     0.0,     0.0,"Megawatt Hours (MWh)","064DLR","NODX","064 ","N16","FutOnly"
"PJM.AEP-DAYTON HUB_mo_on_dap - NODAL EXCHANGE",260818,2026-08-18,064DLW,NODX,01,064 ,  101661,   41821,   42626,    5060,   24570,    2311,    3735,    5612,     295,   25232,    2660,     940,   79394,   79014,   22267,   22647,  101661,   41821,   42626,    5060,   24570,    2311,    3735,    5612,     295,   25232,    2660,     940,   79394,   79014,   22267,   22647,       0,       0,       0,       0,       0,       0,       0,       0,       0,       0,       0,       0,       0,       0,       0,       0,      40,       0,      80,       0,     -65,       0,     -25,       0,      25,      40,       0,       0,      40,      40,       0,       0,  100.0,   41.1,   41.9,    5.0,   24.2,    2.3,    3.7,    5.5,    0.3,   24.8,    2.6,    0.9,   78.1,   77.7,   21.9,   22.3,  100.0,   41.1,   41.9,    5.0,   24.2,    2.3,    3.7,    5.5,    0.3,   24.8,    2.6,    0.9,   78.1,   77.7,   21.9,   22.3,  100.0,    0.0,    0.0,    0.0,    0.0,    0.0,    0.0,    0.0,    0.0,    0.0,    0.0,    0.0,    0.0,    0.0,    0.0,    0.0,     44,     17,     22,.,      6,      5,.,.,.,      6,.,.,     32,     36,     44,     17,     22,.,      6,      5,.,.,.,      6,.,.,     32,     36,      0,      0,      0,      0,      0,      0,      0,      0,      0,      0,      0,      0,      0,      0,    46.1,    36.3,    62.8,    55.3,    43.5,    33.9,    54.4,    48.7,    46.1,    36.3,    62.8,    55.3,    43.5,    33.9,    54.4,    48.7,     0.0,     0.0,     0.0,     0.0,     0.0,     0.0,     0.0,     0.0,"Megawatt Hours (MWh)","064DLW","NODX","064 ","N16","FutOnly"
"PJM.AEP-DAYTON HUB_mo_off_dap - NODAL EXCHANGE",260818,2026-08-18,064DLX,NODX,01,064 ,   98441,   39172,   45554,    5115,   21800,    2103,    3035,    2845,     690,   25932,    2650,     940,   76987,   76582,   21454,   21859,   98441,   39172,   45554,    5115,   21800,    2103,    3035,    2845,     690,   25932,    2650,     940,   76987,   76582,   21454,   21859,       0,       0,       0,       0,       0,       0,       0,       0,       0,       0,       0,       0,       0,       0,       0,       0,     160,      95,      15,       0,      95,       0,     -25,       0,      25,      40,       0,       0,     135,     135,      25,      25,  100.0,   39.8,   46.3,    5.2,   22.1,    2.1,    3.1,    2.9,    0.7,   26.3,    2.7,    1.0,   78.2,   77.8,   21.8,   22.2,  100.0,   39.8,   46.3,    5.2,   22.1,    2.1,    3.1,    2.9,    0.7,   26.3,    2.7,    1.0,   78.2,   77.8,   21.8,   22.2,  100.0,    0.0,    0.0,    0.0,    0.0,    0.0,    0.0,    0.0,    0.0,    0.0,    0.0,    0.0,    0.0,    0.0,    0.0,    0.0,     41,     15,     21,.,      5,      5,.,.,.,      6,.,.,     30,     34,     41,     15,     21,.,      5,      5,.,.,.,      6,.,.,     30,     34,      0,      0,      0,      0,      0,      0,      0,      0,      0,      0,      0,      0,      0,      0,    47.4,    36.3,    64.8,    54.1,    41.7,    34.7,    52.7,    47.9,    47.4,    36.3,    64.8,    54.1,    41.7,    34.7,    52.7,    47.9,     0.0,     0.0,     0.0,     0.0,     0.0,     0.0,     0.0,     0.0,"Megawatt Hours (MWh)","064DLX","NODX","064 ","N16","FutOnly"
"PJM.APS_month_on_dap - NODAL EXCHANGE",260818,2026-08-18,064DMY,NODX,01,064 ,   12843,    6760,   10934,    1040,     694,     174,    2010,       0,       0,    1003,     390,       0,   10987,   12192,    1856,     651,   12843,    6760,   10934,    1040,     694,     174,    2010,       0,       0,    1003,     390,       0,   10987,   12192,    1856,     651,       0,       0,       0,       0,       0,       0,       0,       0,       0,       0,       0,       0,       0,       0,       0,       0,       0,       0,       0,       0,       0,       0,       0,       0,       0,       0,       0,       0,       0,       0,       0,       0,  100.0,   52.6,   85.1,    8.1,    5.4,    1.4,   15.7,    0.0,    0.0,    7.8,    3.0,    0.0,   85.5,   94.9,   14.5,    5.1,  100.0,   52.6,   85.1,    8.1,    5.4,    1.4,   15.7,    0.0,    0.0,    7.8,    3.0,    0.0,   85.5,   94.9,   14.5,    5.1,  100.0,    0.0,    0.0,    0.0,    0.0,    0.0,    0.0,    0.0,    0.0,    0.0,    0.0,    0.0,    0.0,    0.0,    0.0,    0.0,     20,     11,      6,.,.,.,.,      0,      0,.,.,      0,     16,      8,     20,     11,      6,.,.,.,.,      0,      0,.,.,      0,     16,      8,      0,      0,      0,      0,      0,      0,      0,      0,      0,      0,      0,      0,      0,      0,    41.6,    84.6,    67.6,    94.9,    41.6,    83.3,    67.2,    88.7,    41.6,    84.6,    67.6,    94.9,    41.6,    83.3,    67.2,    88.7,     0.0,     0.0,     0.0,     0.0,     0.0,     0.0,     0.0,     0.0,"Megawatt Hours (MWh)","064DMY","NODX","064 ","N16","FutOnly"
"PJM.APS_month_off_dap - NODAL EXCHANGE",260818,2026-08-18,064DMZ,NODX,01,064 ,   12207,    6395,   10298,    1040,     694,     174,    2010,       0,       0,     747,     390,       0,   10366,   11556,    1841,     651,   12207,    6395,   10298,    1040,     694,     174,    2010,       0,       0,     747,     390,       0,   10366,   11556,    1841,     651,       0,       0,       0,       0,       0,       0,       0,       0,       0,       0,       0,       0,       0,       0,       0,       0,       0,       0,       0,       0,       0,       0,       0,       0,       0,       0,       0,       0,       0,       0,       0,       0,  100.0,   52.4,   84.4,    8.5,    5.7,    1.4,   16.5,    0.0,    0.0,    6.1,    3.2,    0.0,   84.9,   94.7,   15.1,    5.3,  100.0,   52.4,   84.4,    8.5,    5.7,    1.4,   16.5,    0.0,    0.0,    6.1,    3.2,    0.0,   84.9,   94.7,   15.1,    5.3,  100.0,    0.0,    0.0,    0.0,    0.0,    0.0,    0.0,    0.0,    0.0,    0.0,    0.0,    0.0,    0.0,    0.0,    0.0,    0.0,     20,     11,      6,.,.,.,.,      0,      0,.,.,      0,     16,      8,     20,     11,      6,.,.,.,.,      0,      0,.,.,      0,     16,      8,      0,      0,      0,      0,      0,      0,      0,      0,      0,      0,      0,      0,      0,      0,    42.9,    84.6,    67.8,    94.7,    42.9,    83.2,    67.8,    88.9,    42.9,    84.6,    67.8,    94.7,    42.9,    83.2,    67.8,    88.9,     0.0,     0.0,     0.0,     0.0,     0.0,     0.0,     0.0,     0.0,"Megawatt Hours (MWh)","064DMZ","NODX","064 ","N16","FutOnly"
"PJM.BGE_month_on_dap - NODAL EXCHANGE",260818,2026-08-18,064DPQ,NODX,01,064 ,   26240,   17580,   21545,    2770,     945,     250,    2640,       0,       0,    1425,    1740,     495,   25160,   24975,    1080,    1265,   26240,   17580,   21545,    2770,     945,     250,    2640,       0,       0,    1425,    1740,     495,   25160,   24975,    1080,    1265,       0,       0,       0,       0,       0,       0,       0,       0,       0,       0,       0,       0,       0,       0,       0,       0,       0,       0,       0,       0,      65,     -15,       0,       0,       0,       0,     -65,      15,       0,       0,       0,       0,  100.0,   67.0,   82.1,   10.6,    3.6,    1.0,   10.1,    0.0,    0.0,    5.4,    6.6,    1.9,   95.9,   95.2,    4.1,    4.8,  100.0,   67.0,   82.1,   10.6,    3.6,    1.0,   10.1,    0.0,    0.0,    5.4,    6.6,    1.9,   95.9,   95.2,    4.1,    4.8,  100.0,    0.0,    0.0,    0.0,    0.0,    0.0,    0.0,    0.0,    0.0,    0.0,    0.0,    0.0,    0.0,    0.0,    0.0,    0.0,     29,     14,      5,.,.,.,.,      0,      0,.,.,.,     25,     13,     29,     14,      5,.,.,.,.,      0,      0,.,.,.,     25,     13,      0,      0,      0,      0,      0,      0,      0,      0,      0,      0,      0,      0,      0,      0,    53.5,    87.0,    74.8,    93.1,    53.0,    85.5,    73.9,    89.3,    53.5,    87.0,    74.8,    93.1,    53.0,    85.5,    73.9,    89.3,     0.0,     0.0,     0.0,     0.0,     0.0,     0.0,     0.0,     0.0,"Megawatt Hours (MWh)","064DPQ","NODX","064 ","N16","FutOnly"
"PJM.BGE_month_off_dap - NODAL EXCHANGE",260818,2026-08-18,064DPR,NODX,01,064 ,   26155,   17365,   21295,    2470,     680,     365,    2640,       0,       0,    1425,    1765,     495,   24760,   24600,    1395,    1555,   26155,   17365,   21295,    2470,     680,     365,    2640,       0,       0,    1425,    1765,     495,   24760,   24600,    1395,    1555,       0,       0,       0,       0,       0,       0,       0,       0,       0,       0,       0,       0,       0,       0,       0,       0,       0,       0,       0,     -30,      35,      15,       0,       0,       0,       0,     -65,      15,       0,       0,       0,       0,  100.0,   66.4,   81.4,    9.4,    2.6,    1.4,   10.1,    0.0,    0.0,    5.4,    6.7,    1.9,   94.7,   94.1,    5.3,    5.9,  100.0,   66.4,   81.4,    9.4,    2.6,    1.4,   10.1,    0.0,    0.0,    5.4,    6.7,    1.9,   94.7,   94.1,    5.3,    5.9,  100.0,    0.0,    0.0,    0.0,    0.0,    0.0,    0.0,    0.0,    0.0,    0.0,    0.0,    0.0,    0.0,    0.0,    0.0,    0.0,     29,     14,      5,.,.,.,.,      0,      0,.,.,.,     25,     13,     29,     14,      5,.,.,.,.,      0,      0,.,.,.,     25,     13,      0,      0,      0,      0,      0,      0,      0,      0,      0,      0,      0,      0,      0,      0,    52.9,    86.5,    73.0,    91.9,    52.4,    84.9,    72.1,    87.7,    52.9,    86.5,    73.0,    91.9,    52.4,    84.9,    72.1,    87.7,     0.0,     0.0,     0.0,     0.0,     0.0,     0.0,     0.0,     0.0,"Megawatt Hours (MWh)","064DPR","NODX","064 ","N16","FutOnly"
"PJM.DOM_month_on_dap - NODAL EXCHANGE",260818,2026-08-18,064DZS,NODX,01,064 ,   12089,    7945,    5475,    1555,    2915,     429,     800,     730,       0,     775,    1930,      25,   11529,   11504,     560,     585,   12089,    7945,    5475,    1555,    2915,     429,     800,     730,       0,     775,    1930,      25,   11529,   11504,     560,     585,       0,       0,       0,       0,       0,       0,       0,       0,       0,       0,       0,       0,       0,       0,       0,       0,     130,     -70,     230,      75,    -100,       0,      50,       0,       0,       0,     -75,      25,      80,      80,      50,      50,  100.0,   65.7,   45.3,   12.9,   24.1,    3.5,    6.6,    6.0,    0.0,    6.4,   16.0,    0.2,   95.4,   95.2,    4.6,    4.8,  100.0,   65.7,   45.3,   12.9,   24.1,    3.5,    6.6,    6.0,    0.0,    6.4,   16.0,    0.2,   95.4,   95.2,    4.6,    4.8,  100.0,    0.0,    0.0,    0.0,    0.0,    0.0,    0.0,    0.0,    0.0,    0.0,    0.0,    0.0,    0.0,    0.0,    0.0,    0.0,     24,     10,      4,.,      5,.,.,.,      0,.,.,.,     16,     13,     24,     10,      4,.,      5,.,.,.,      0,.,.,.,     16,     13,      0,      0,      0,      0,      0,      0,      0,      0,      0,      0,      0,      0,      0,      0,    58.6,    72.8,    81.1,    92.3,    58.6,    67.1,    79.0,    83.6,    58.6,    72.8,    81.1,    92.3,    58.6,    67.1,    79.0,    83.6,     0.0,     0.0,     0.0,     0.0,     0.0,     0.0,     0.0,     0.0,"Megawatt Hours (MWh)","064DZS","NODX","064 ","N16","FutOnly"
"PJM.DOM_month_off_dap - NODAL EXCHANGE",260818,2026-08-18,064DZT,NODX,01,064 ,   12599,    8355,    5920,    1805,    3190,     294,     800,     730,       0,     775,    1930,      25,   12054,   12089,     545,     510,   12599,    8355,    5920,    1805,    3190,     294,     800,     730,       0,     775,    1930,      25,   12054,   12089,     545,     510,       0,       0,       0,       0,       0,       0,       0,       0,       0,       0,       0,       0,       0,       0,       0,       0,     130,     -70,     230,      75,    -100,       0,      50,       0,       0,       0,     -75,      25,      80,      80,      50,      50,  100.0,   66.3,   47.0,   14.3,   25.3,    2.3,    6.3,    5.8,    0.0,    6.2,   15.3,    0.2,   95.7,   96.0,    4.3,    4.0,  100.0,   66.3,   47.0,   14.3,   25.3,    2.3,    6.3,    5.8,    0.0,    6.2,   15.3,    0.2,   95.7,   96.0,    4.3,    4.0,  100.0,    0.0,    0.0,    0.0,    0.0,    0.0,    0.0,    0.0,    0.0,    0.0,    0.0,    0.0,    0.0,    0.0,    0.0,    0.0,     26,     11,      5,.,      5,.,.,.,      0,.,.,.,     18,     14,     26,     11,      5,.,      5,.,.,.,      0,.,.,.,     18,     14,      0,      0,      0,      0,      0,      0,      0,      0,      0,      0,      0,      0,      0,      0,    57.3,    72.6,    80.4,    92.5,    57.3,    67.1,    79.8,    84.6,    57.3,    72.6,    80.4,    92.5,    57.3,    67.1,    79.8,    84.6,     0.0,     0.0,     0.0,     0.0,     0.0,     0.0,     0.0,     0.0,"Megawatt Hours (MWh)","064DZT","NODX","064 ","N16","FutOnly"
"ERCOT North 345KV Hub RT 10x17 - ICE FUTURES ENERGY DIV",260818,2026-08-18,064ED7,IFED,01,064 ,    6679,    5088,    2868,     600,     755,     120,       0,       0,       0,     655,    2320,       0,    6463,    6063,     216,     616,    6679,    5088,    2868,     600,     755,     120,       0,       0,       0,     655,    2320,       0,    6463,    6063,     216,     616,       0,       0,       0,       0,       0,       0,       0,       0,       0,       0,       0,       0,       0,       0,       0,       0,     150,     105,       0,       0,     150,       0,       0,       0,       0,      45,       0,       0,     150,     150,       0,       0,  100.0,   76.2,   42.9,    9.0,   11.3,    1.8,    0.0,    0.0,    0.0,    9.8,   34.7,    0.0,   96.8,   90.8,    3.2,    9.2,  100.0,   76.2,   42.9,    9.0,   11.3,    1.8,    0.0,    0.0,    0.0,    9.8,   34.7,    0.0,   96.8,   90.8,    3.2,    9.2,  100.0,    0.0,    0.0,    0.0,    0.0,    0.0,    0.0,    0.0,    0.0,    0.0,    0.0,    0.0,    0.0,    0.0,    0.0,    0.0,     20,     11,      6,.,.,.,      0,      0,      0,.,.,      0,     15,     10,     20,     11,      6,.,.,.,      0,      0,      0,.,.,      0,     15,     10,      0,      0,      0,      0,      0,      0,      0,      0,      0,      0,      0,      0,      0,      0,    67.5,    81.6,    86.8,    89.7,    64.8,    80.7,    83.9,    86.6,    67.5,    81.6,    86.8,    89.7,    64.8,    80.7,    83.9,    86.6,     0.0,     0.0,     0.0,     0.0,     0.0,     0.0,     0.0,     0.0,"(1MW for about 352 Hours)","064ED7","IFED","064 ","N16","FutOnly"
"PJM.JCPL_month_on_dap - NODAL EXCHANGE",260818,2026-08-18,064EJI,NODX,01,064 ,   49067,   32837,   36180,    2575,    2317,     910,    3080,    4980,       0,    3775,     175,     925,   44102,   45487,    4965,    3580,   49067,   32837,   36180,    2575,    2317,     910,    3080,    4980,       0,    3775,     175,     925,   44102,   45487,    4965,    3580,       0,       0,       0,       0,       0,       0,       0,       0,       0,       0,       0,       0,       0,       0,       0,       0,       0,       0,       0,       0,       0,       0,       0,       0,       0,       0,       0,       0,       0,       0,       0,       0,  100.0,   66.9,   73.7,    5.2,    4.7,    1.9,    6.3,   10.1,    0.0,    7.7,    0.4,    1.9,   89.9,   92.7,   10.1,    7.3,  100.0,   66.9,   73.7,    5.2,    4.7,    1.9,    6.3,   10.1,    0.0,    7.7,    0.4,    1.9,   89.9,   92.7,   10.1,    7.3,  100.0,    0.0,    0.0,    0.0,    0.0,    0.0,    0.0,    0.0,    0.0,    0.0,    0.0,    0.0,    0.0,    0.0,    0.0,    0.0,     29,     13,      8,.,.,      4,.,.,      0,.,.,.,     22,     17,     29,     13,      8,.,.,      4,.,.,      0,.,.,.,     22,     17,      0,      0,      0,      0,      0,      0,      0,      0,      0,      0,      0,      0,      0,      0,    53.0,    78.4,    70.1,    88.3,    49.1,    78.4,    66.2,    83.9,    53.0,    78.4,    70.1,    88.3,    49.1,    78.4,    66.2,    83.9,     0.0,     0.0,     0.0,     0.0,     0.0,     0.0,     0.0,     0.0,"Megawatt Hours (MWh)","064EJI","NODX","064 ","N16","FutOnly"
"PJM.JCPL_month_off_dap - NODAL EXCHANGE",260818,2026-08-18,064EJJ,NODX,01,064 ,   46877,   30847,   34450,    1810,    2317,    1250,    3080,    4380,       0,    4135,      50,     420,   41542,   42867,    5335,    4010,   46877,   30847,   34450,    1810,    2317,    1250,    3080,    4380,       0,    4135,      50,     420,   41542,   42867,    5335,    4010,       0,       0,       0,       0,       0,       0,       0,       0,       0,       0,       0,       0,       0,       0,       0,       0,       0,     -40,       0,       0,       0,       0,       0,       0,       0,      40,       0,       0,       0,       0,       0,       0,  100.0,   65.8,   73.5,    3.9,    4.9,    2.7,    6.6,    9.3,    0.0,    8.8,    0.1,    0.9,   88.6,   91.4,   11.4,    8.6,  100.0,   65.8,   73.5,    3.9,    4.9,    2.7,    6.6,    9.3,    0.0,    8.8,    0.1,    0.9,   88.6,   91.4,   11.4,    8.6,  100.0,    0.0,    0.0,    0.0,    0.0,    0.0,    0.0,    0.0,    0.0,    0.0,    0.0,    0.0,    0.0,    0.0,    0.0,    0.0,     29,     14,      8,.,.,      4,.,.,      0,.,.,.,     23,     17,     29,     14,      8,.,.,      4,.,.,      0,.,.,.,     23,     17,      0,      0,      0,      0,      0,      0,      0,      0,      0,      0,      0,      0,      0,      0,    51.2,    78.8,    69.2,    87.2,    48.5,    78.8,    66.6,    84.6,    51.2,    78.8,    69.2,    87.2,    48.5,    78.8,    66.6,    84.6,     0.0,     0.0,     0.0,     0.0,     0.0,     0.0,     0.0,     0.0,"Megawatt Hours (MWh)","064EJJ","NODX","064 ","N16","FutOnly"
"PJM.METED_month_on_dap - NODAL EXCHANGE",260818,2026-08-18,064EOW,NODX,01,064 ,   12792,   10000,    8924,      25,    1750,     588,      85,     190,     160,     150,     200,     120,   11128,   11932,    1664,     860,   12792,   10000,    8924,      25,    1750,     588,      85,     190,     160,     150,     200,     120,   11128,   11932,    1664,     860,       0,       0,       0,       0,       0,       0,       0,       0,       0,       0,       0,       0,       0,       0,       0,       0,     182,      45,     129,       0,     -75,       0,     -90,       0,      90,     150,       0,       0,     195,     144,     -13,      38,  100.0,   78.2,   69.8,    0.2,   13.7,    4.6,    0.7,    1.5,    1.3,    1.2,    1.6,    0.9,   87.0,   93.3,   13.0,    6.7,  100.0,   78.2,   69.8,    0.2,   13.7,    4.6,    0.7,    1.5,    1.3,    1.2,    1.6,    0.9,   87.0,   93.3,   13.0,    6.7,  100.0,    0.0,    0.0,    0.0,    0.0,    0.0,    0.0,    0.0,    0.0,    0.0,    0.0,    0.0,    0.0,    0.0,    0.0,    0.0,     23,     11,      4,.,.,      4,.,.,.,.,.,.,     19,     12,     23,     11,      4,.,.,      4,.,.,.,.,.,.,     19,     12,      0,      0,      0,      0,      0,      0,      0,      0,      0,      0,      0,      0,      0,      0,    55.2,    78.0,    74.4,    89.6,    55.2,    77.6,    72.5,    82.3,    55.2,    78.0,    74.4,    89.6,    55.2,    77.6,    72.5,    82.3,     0.0,     0.0,     0.0,     0.0,     0.0,     0.0,     0.0,     0.0,"Megawatt Hours (MWh)","064EOW","NODX","064 ","N16","FutOnly"
"PJM.METED_month_off_dap - NODAL EXCHANGE",260818,2026-08-18,064EOX,NODX,01,064 ,   12964,   10177,    9174,      25,    1760,     593,      85,     190,     160,     150,     200,     120,   11310,   12197,    1654,     767,   12964,   10177,    9174,      25,    1760,     593,      85,     190,     160,     150,     200,     120,   11310,   12197,    1654,     767,       0,       0,       0,       0,       0,       0,       0,       0,       0,       0,       0,       0,       0,       0,       0,       0,     144,     -13,     129,       0,     -75,       0,     -90,       0,      90,     150,       0,       0,     137,     144,       7,       0,  100.0,   78.5,   70.8,    0.2,   13.6,    4.6,    0.7,    1.5,    1.2,    1.2,    1.5,    0.9,   87.2,   94.1,   12.8,    5.9,  100.0,   78.5,   70.8,    0.2,   13.6,    4.6,    0.7,    1.5,    1.2,    1.2,    1.5,    0.9,   87.2,   94.1,   12.8,    5.9,  100.0,    0.0,    0.0,    0.0,    0.0,    0.0,    0.0,    0.0,    0.0,    0.0,    0.0,    0.0,    0.0,    0.0,    0.0,    0.0,     24,     13,      6,.,.,      4,.,.,.,.,.,.,     21,     14,     24,     13,      6,.,.,      4,.,.,.,.,.,.,     21,     14,      0,      0,      0,      0,      0,      0,      0,      0,      0,      0,      0,      0,      0,      0,    53.0,    77.7,    73.9,    88.9,    52.0,    76.8,    69.2,    81.4,    53.0,    77.7,    73.9,    88.9,    52.0,    76.8,    69.2,    81.4,     0.0,     0.0,     0.0,     0.0,     0.0,     0.0,     0.0,     0.0,"Megawatt Hours (MWh)","064EOX","NODX","064 ","N16","FutOnly"
"PJM.N ILLINOIS HUB_mo_on_dap - NODAL EXCHANGE",260818,2026-08-18,064ERM,NODX,01,064 ,   91256,   63988,   77839,   13763,    2353,    3041,     300,     260,       0,    2450,       0,       0,   83542,   83493,    7714,    7763,   91256,   63988,   77839,   13763,    2353,    3041,     300,     260,       0,    2450,       0,       0,   83542,   83493,    7714,    7763,       0,       0,       0,       0,       0,       0,       0,       0,       0,       0,       0,       0,       0,       0,       0,       0,     313,     484,     399,       0,     165,     -35,       0,     -90,       0,     -10,       0,       0,     439,     439,    -126,    -126,  100.0,   70.1,   85.3,   15.1,    2.6,    3.3,    0.3,    0.3,    0.0,    2.7,    0.0,    0.0,   91.5,   91.5,    8.5,    8.5,  100.0,   70.1,   85.3,   15.1,    2.6,    3.3,    0.3,    0.3,    0.0,    2.7,    0.0,    0.0,   91.5,   91.5,    8.5,    8.5,  100.0,    0.0,    0.0,    0.0,    0.0,    0.0,    0.0,    0.0,    0.0,    0.0,    0.0,    0.0,    0.0,    0.0,    0.0,    0.0,     31,     14,     14,      4,.,      5,.,.,      0,.,      0,      0,     23,     21,     31,     14,     14,      4,.,      5,.,.,      0,.,      0,      0,     23,     21,      0,      0,      0,      0,      0,      0,      0,      0,      0,      0,      0,      0,      0,      0,    58.0,    76.8,    81.8,    83.7,    55.9,    76.6,    76.4,    82.0,    58.0,    76.8,    81.8,    83.7,    55.9,    76.6,    76.4,    82.0,     0.0,     0.0,     0.0,     0.0,     0.0,     0.0,     0.0,     0.0,"Megawatt Hours (MWh)","064ERM","NODX","064 ","N16","FutOnly"
"PJM.N ILLINOIS HUB_mo_off_dap - NODAL EXCHANGE",260818,2026-08-18,064ERN,NODX,01,064 ,   89420,   61400,   76578,   14917,    2005,    2909,     300,     260,       0,    2275,       0,       0,   81801,   81752,    7619,    7668,   89420,   61400,   76578,   14917,    2005,    2909,     300,     260,       0,    2275,       0,       0,   81801,   81752,    7619,    7668,       0,       0,       0,       0,       0,       0,       0,       0,       0,       0,       0,       0,       0,       0,       0,       0,     411,     632,     582,       0,     130,       0,       0,     -90,       0,     -10,       0,       0,     622,     622,    -211,    -211,  100.0,   68.7,   85.6,   16.7,    2.2,    3.3,    0.3,    0.3,    0.0,    2.5,    0.0,    0.0,   91.5,   91.4,    8.5,    8.6,  100.0,   68.7,   85.6,   16.7,    2.2,    3.3,    0.3,    0.3,    0.0,    2.5,    0.0,    0.0,   91.5,   91.4,    8.5,    8.6,  100.0,    0.0,    0.0,    0.0,    0.0,    0.0,    0.0,    0.0,    0.0,    0.0,    0.0,    0.0,    0.0,    0.0,    0.0,    0.0,     29,     14,     15,      5,.,      5,.,.,      0,.,      0,      0,     22,     22,     29,     14,     15,      5,.,      5,.,.,      0,.,      0,      0,     22,     22,      0,      0,      0,      0,      0,      0,      0,      0,      0,      0,      0,      0,      0,      0,    58.8,    77.4,    81.8,    84.0,    56.1,    77.2,    76.7,    82.6,    58.8,    77.4,    81.8,    84.0,    56.1,    77.2,    76.7,    82.6,     0.0,     0.0,     0.0,     0.0,     0.0,     0.0,     0.0,     0.0,"Megawatt Hours (MWh)","064ERN","NODX","064 ","N16","FutOnly"
"PJM.PECO_month_on_dap - NODAL EXCHANGE",260818,2026-08-18,064EUY,NODX,01,064 ,  107167,   71860,   83577,    3716,   14353,    2017,    1945,    1005,       0,   21210,     206,     224,  100972,  101382,    6195,    5785,  107167,   71860,   83577,    3716,   14353,    2017,    1945,    1005,       0,   21210,     206,     224,  100972,  101382,    6195,    5785,       0,       0,       0,       0,       0,       0,       0,       0,       0,       0,       0,       0,       0,       0,       0,       0,     -34,     240,     -70,     -30,      60,       0,       0,       0,       0,    -220,       0,       0,     -10,     -10,     -24,     -24,  100.0,   67.1,   78.0,    3.5,   13.4,    1.9,    1.8,    0.9,    0.0,   19.8,    0.2,    0.2,   94.2,   94.6,    5.8,    5.4,  100.0,   67.1,   78.0,    3.5,   13.4,    1.9,    1.8,    0.9,    0.0,   19.8,    0.2,    0.2,   94.2,   94.6,    5.8,    5.4,  100.0,    0.0,    0.0,    0.0,    0.0,    0.0,    0.0,    0.0,    0.0,    0.0,    0.0,    0.0,    0.0,    0.0,    0.0,    0.0,     37,     21,     11,.,.,.,.,.,      0,      4,.,.,     30,     22,     37,     21,     11,.,.,.,.,.,      0,      4,.,.,     30,     22,      0,      0,      0,      0,      0,      0,      0,      0,      0,      0,      0,      0,      0,      0,    53.3,    78.2,    74.1,    90.9,    47.4,    76.6,    63.0,    78.7,    53.3,    78.2,    74.1,    90.9,    47.4,    76.6,    63.0,    78.7,     0.0,     0.0,     0.0,     0.0,     0.0,     0.0,     0.0,     0.0,"Megawatt Hours (MWh)","064EUY","NODX","064 ","N16","FutOnly"
"PJM.PECO_month_off_dap - NODAL EXCHANGE",260818,2026-08-18,064EUZ,NODX,01,064 ,  106450,   69815,   83282,    3761,   12793,    2015,    1945,     640,     175,   21095,     211,     219,   99025,   99335,    7425,    7115,  106450,   69815,   83282,    3761,   12793,    2015,    1945,     640,     175,   21095,     211,     219,   99025,   99335,    7425,    7115,       0,       0,       0,       0,       0,       0,       0,       0,       0,       0,       0,       0,       0,       0,       0,       0,     166,     290,     -20,     -45,      60,       0,       0,       0,       0,    -205,       0,       0,      40,      40,     126,     126,  100.0,   65.6,   78.2,    3.5,   12.0,    1.9,    1.8,    0.6,    0.2,   19.8,    0.2,    0.2,   93.0,   93.3,    7.0,    6.7,  100.0,   65.6,   78.2,    3.5,   12.0,    1.9,    1.8,    0.6,    0.2,   19.8,    0.2,    0.2,   93.0,   93.3,    7.0,    6.7,  100.0,    0.0,    0.0,    0.0,    0.0,    0.0,    0.0,    0.0,    0.0,    0.0,    0.0,    0.0,    0.0,    0.0,    0.0,    0.0,     37,     21,     11,.,.,.,.,.,.,      4,.,.,     31,     22,     37,     21,     11,.,.,.,.,.,.,      4,.,.,     31,     22,      0,      0,      0,      0,      0,      0,      0,      0,      0,      0,      0,      0,      0,      0,    52.5,    77.4,    73.4,    89.8,    46.8,    75.3,    62.3,    77.4,    52.5,    77.4,    73.4,    89.8,    46.8,    75.3,    62.3,    77.4,     0.0,     0.0,     0.0,     0.0,     0.0,     0.0,     0.0,     0.0,"Megawatt Hours (MWh)","064EUZ","NODX","064 ","N16","FutOnly"
"PJM.PEPCO_month_on_dap - NODAL EXCHANGE",260818,2026-08-18,064EVG,NODX,01,064 ,   22471,   17029,    9900,    1007,    1325,    1324,     725,    1925,       0,     150,    6497,      30,   20265,   21001,    2206,    1470,   22471,   17029,    9900,    1007,    1325,    1324,     725,    1925,       0,     150,    6497,      30,   20265,   21001,    2206,    1470,       0,       0,       0,       0,       0,       0,       0,       0,       0,       0,       0,       0,       0,       0,       0,       0,     860,     397,     882,     145,     270,    -215,       0,      50,       0,     150,    -320,      30,     507,     697,     353,     163,  100.0,   75.8,   44.1,    4.5,    5.9,    5.9,    3.2,    8.6,    0.0,    0.7,   28.9,    0.1,   90.2,   93.5,    9.8,    6.5,  100.0,   75.8,   44.1,    4.5,    5.9,    5.9,    3.2,    8.6,    0.0,    0.7,   28.9,    0.1,   90.2,   93.5,    9.8,    6.5,  100.0,    0.0,    0.0,    0.0,    0.0,    0.0,    0.0,    0.0,    0.0,    0.0,    0.0,    0.0,    0.0,    0.0,    0.0,    0.0,     29,     17,      8,.,.,      5,.,.,      0,.,.,.,     24,     18,     29,     17,      8,.,.,      5,.,.,      0,.,.,.,     24,     18,      0,      0,      0,      0,      0,      0,      0,      0,      0,      0,      0,      0,      0,      0,    47.5,    69.6,    69.3,    82.8,    46.1,    66.2,    65.9,    76.6,    47.5,    69.6,    69.3,    82.8,    46.1,    66.2,    65.9,    76.6,     0.0,     0.0,     0.0,     0.0,     0.0,     0.0,     0.0,     0.0,"Megawatt Hours (MWh)","064EVG","NODX","064 ","N16","FutOnly"
"PJM.PEPCO_month_off_dap - NODAL EXCHANGE",260818,2026-08-18,064EVH,NODX,01,064 ,   22471,   17029,    9900,    1007,    1325,    1324,     725,    1925,       0,     150,    6497,      30,   20265,   21001,    2206,    1470,   22471,   17029,    9900,    1007,    1325,    1324,     725,    1925,       0,     150,    6497,      30,   20265,   21001,    2206,    1470,       0,       0,       0,       0,       0,       0,       0,       0,       0,       0,       0,       0,       0,       0,       0,       0,     860,     397,     882,     145,     270,    -215,       0,      50,       0,     150,    -320,      30,     507,     697,     353,     163,  100.0,   75.8,   44.1,    4.5,    5.9,    5.9,    3.2,    8.6,    0.0,    0.7,   28.9,    0.1,   90.2,   93.5,    9.8,    6.5,  100.0,   75.8,   44.1,    4.5,    5.9,    5.9,    3.2,    8.6,    0.0,    0.7,   28.9,    0.1,   90.2,   93.5,    9.8,    6.5,  100.0,    0.0,    0.0,    0.0,    0.0,    0.0,    0.0,    0.0,    0.0,    0.0,    0.0,    0.0,    0.0,    0.0,    0.0,    0.0,     29,     17,      8,.,.,      5,.,.,      0,.,.,.,     24,     18,     29,     17,      8,.,.,      5,.,.,      0,.,.,.,     24,     18,      0,      0,      0,      0,      0,      0,      0,      0,      0,      0,      0,      0,      0,      0,    47.5,    69.6,    69.3,    82.8,    46.1,    66.2,    65.9,    76.6,    47.5,    69.6,    69.3,    82.8,    46.1,    66.2,    65.9,    76.6,     0.0,     0.0,     0.0,     0.0,     0.0,     0.0,     0.0,     0.0,"Megawatt Hours (MWh)","064EVH","NODX","064 ","N16","FutOnly"
"PJM.PPL_month_on_dap - NODAL EXCHANGE",260818,2026-08-18,064EWU,NODX,01,064 ,   63250,   50887,   45033,    5560,   11517,    1555,    2185,       0,      90,     295,    2770,     250,   60822,   61215,    2428,    2035,   63250,   50887,   45033,    5560,   11517,    1555,    2185,       0,      90,     295,    2770,     250,   60822,   61215,    2428,    2035,       0,       0,       0,       0,       0,       0,       0,       0,       0,       0,       0,       0,       0,       0,       0,       0,     -40,    -220,    -125,       0,    -105,       0,       0,       0,       0,       0,       0,     105,    -115,    -125,      75,      85,  100.0,   80.5,   71.2,    8.8,   18.2,    2.5,    3.5,    0.0,    0.1,    0.5,    4.4,    0.4,   96.2,   96.8,    3.8,    3.2,  100.0,   80.5,   71.2,    8.8,   18.2,    2.5,    3.5,    0.0,    0.1,    0.5,    4.4,    0.4,   96.2,   96.8,    3.8,    3.2,  100.0,    0.0,    0.0,    0.0,    0.0,    0.0,    0.0,    0.0,    0.0,    0.0,    0.0,    0.0,    0.0,    0.0,    0.0,    0.0,     38,     22,     12,.,      5,      5,.,      0,.,.,.,.,     33,     24,     38,     22,     12,.,      5,      5,.,      0,.,.,.,.,     33,     24,      0,      0,      0,      0,      0,      0,      0,      0,      0,      0,      0,      0,      0,      0,    63.0,    58.2,    75.8,    77.8,    62.2,    55.8,    73.8,    73.7,    63.0,    58.2,    75.8,    77.8,    62.2,    55.8,    73.8,    73.7,     0.0,     0.0,     0.0,     0.0,     0.0,     0.0,     0.0,     0.0,"Megawatt Hours (MWh)","064EWU","NODX","064 ","N16","FutOnly"
"PJM.PPL_month_off_dap - NODAL EXCHANGE",260818,2026-08-18,064EWV,NODX,01,064 ,   63098,   50745,   45374,    5645,   11329,    1475,    2185,       0,      90,     295,    2535,     295,   60730,   61098,    2368,    2000,   63098,   50745,   45374,    5645,   11329,    1475,    2185,       0,      90,     295,    2535,     295,   60730,   61098,    2368,    2000,       0,       0,       0,       0,       0,       0,       0,       0,       0,       0,       0,       0,       0,       0,       0,       0,     -40,    -220,    -125,       0,    -105,       0,       0,       0,       0,       0,       0,     105,    -115,    -125,      75,      85,  100.0,   80.4,   71.9,    8.9,   18.0,    2.3,    3.5,    0.0,    0.1,    0.5,    4.0,    0.5,   96.2,   96.8,    3.8,    3.2,  100.0,   80.4,   71.9,    8.9,   18.0,    2.3,    3.5,    0.0,    0.1,    0.5,    4.0,    0.5,   96.2,   96.8,    3.8,    3.2,  100.0,    0.0,    0.0,    0.0,    0.0,    0.0,    0.0,    0.0,    0.0,    0.0,    0.0,    0.0,    0.0,    0.0,    0.0,    0.0,     38,     21,     12,.,      6,      4,.,      0,.,.,.,.,     32,     23,     38,     21,     12,.,      6,      4,.,      0,.,.,.,.,     32,     23,      0,      0,      0,      0,      0,      0,      0,      0,      0,      0,      0,      0,      0,      0,    64.3,    59.4,    76.9,    78.3,    63.5,    57.8,    75.0,    74.9,    64.3,    59.4,    76.9,    78.3,    63.5,    57.8,    75.0,    74.9,     0.0,     0.0,     0.0,     0.0,     0.0,     0.0,     0.0,     0.0,"Megawatt Hours (MWh)","064EWV","NODX","064 ","N16","FutOnly"
"PJM PSEG DAP - NODAL EXCHANGE",260818,2026-08-18,064EXE,NODX,01,064 ,   90520,   53861,   51706,   11270,   13140,    1505,    3850,    1000,     300,    4080,    7605,    2480,   77346,   77736,   13174,   12784,   90520,   53861,   51706,   11270,   13140,    1505,    3850,    1000,     300,    4080,    7605,    2480,   77346,   77736,   13174,   12784,       0,       0,       0,       0,       0,       0,       0,       0,       0,       0,       0,       0,       0,       0,       0,       0,     -29,    -954,     136,     215,       0,     210,       0,     -50,      50,      65,    -700,     135,    -279,    -219,     250,     190,  100.0,   59.5,   57.1,   12.5,   14.5,    1.7,    4.3,    1.1,    0.3,    4.5,    8.4,    2.7,   85.4,   85.9,   14.6,   14.1,  100.0,   59.5,   57.1,   12.5,   14.5,    1.7,    4.3,    1.1,    0.3,    4.5,    8.4,    2.7,   85.4,   85.9,   14.6,   14.1,  100.0,    0.0,    0.0,    0.0,    0.0,    0.0,    0.0,    0.0,    0.0,    0.0,    0.0,    0.0,    0.0,    0.0,    0.0,    0.0,     40,     23,     16,.,      4,      5,.,.,.,.,      4,      4,     35,     29,     40,     23,     16,.,      4,      5,.,.,.,.,      4,      4,     35,     29,      0,      0,      0,      0,      0,      0,      0,      0,      0,      0,      0,      0,      0,      0,    33.6,    50.2,    50.8,    68.2,    30.2,    38.0,    42.5,    53.0,    33.6,    50.2,    50.8,    68.2,    30.2,    38.0,    42.5,    53.0,     0.0,     0.0,     0.0,     0.0,     0.0,     0.0,     0.0,     0.0,"Megawatt Hours (MWh)","064EXE","NODX","064 ","N16","FutOnly"
"PJM.PSEG_month_off_dap - NODAL EXCHANGE",260818,2026-08-18,064EXF,NODX,01,064 ,   88501,   52433,   50343,   11320,   13310,    1295,    3525,       0,     425,    3685,    7705,    2580,   75263,   75658,   13238,   12843,   88501,   52433,   50343,   11320,   13310,    1295,    3525,       0,     425,    3685,    7705,    2580,   75263,   75658,   13238,   12843,       0,       0,       0,       0,       0,       0,       0,       0,       0,       0,       0,       0,       0,       0,       0,       0,     206,    -689,     401,     230,       0,       0,      50,       0,       0,      65,    -685,     135,    -209,    -149,     415,     355,  100.0,   59.2,   56.9,   12.8,   15.0,    1.5,    4.0,    0.0,    0.5,    4.2,    8.7,    2.9,   85.0,   85.5,   15.0,   14.5,  100.0,   59.2,   56.9,   12.8,   15.0,    1.5,    4.0,    0.0,    0.5,    4.2,    8.7,    2.9,   85.0,   85.5,   15.0,   14.5,  100.0,    0.0,    0.0,    0.0,    0.0,    0.0,    0.0,    0.0,    0.0,    0.0,    0.0,    0.0,    0.0,    0.0,    0.0,    0.0,     40,     24,     16,.,      4,      4,.,      0,.,.,.,      5,     36,     28,     40,     24,     16,.,      4,      4,.,      0,.,.,.,      5,     36,     28,      0,      0,      0,      0,      0,      0,      0,      0,      0,      0,      0,      0,      0,      0,    34.4,    51.2,    50.4,    68.5,    30.4,    39.8,    42.1,    54.4,    34.4,    51.2,    50.4,    68.5,    30.4,    39.8,    42.1,    54.4,     0.0,     0.0,     0.0,     0.0,     0.0,     0.0,     0.0,     0.0,"Megawatt Hours (MWh)","064EXF","NODX","064 ","N16","FutOnly"
"PJM.WESTERN HUB DAP - NODAL EXCHANGE",260818,2026-08-18,064FHK,NODX,01,064 ,  256878,  169729,  127492,    6993,   30169,    3477,    9090,    1230,    1950,    2137,   29173,    2061,  195437,  195552,   61441,   61326,  256878,  169729,  127492,    6993,   30169,    3477,    9090,    1230,    1950,    2137,   29173,    2061,  195437,  195552,   61441,   61326,       0,       0,       0,       0,       0,       0,       0,       0,       0,       0,       0,       0,       0,       0,       0,       0,     807,    1535,    -188,    -525,     -50,     175,     -75,       0,     -30,    -105,    1188,    -150,     825,     945,     -18,    -138,  100.0,   66.1,   49.6,    2.7,   11.7,    1.4,    3.5,    0.5,    0.8,    0.8,   11.4,    0.8,   76.1,   76.1,   23.9,   23.9,  100.0,   66.1,   49.6,    2.7,   11.7,    1.4,    3.5,    0.5,    0.8,    0.8,   11.4,    0.8,   76.1,   76.1,   23.9,   23.9,  100.0,    0.0,    0.0,    0.0,    0.0,    0.0,    0.0,    0.0,    0.0,    0.0,    0.0,    0.0,    0.0,    0.0,    0.0,    0.0,     53,     25,     28,      4,      5,      8,.,.,.,.,      6,      5,     43,     47,     53,     25,     28,      4,      5,      8,.,.,.,.,      6,      5,     43,     47,      0,      0,      0,      0,      0,      0,      0,      0,      0,      0,      0,      0,      0,      0,    42.6,    31.8,    55.0,    50.0,    34.0,    24.9,    43.2,    39.0,    42.6,    31.8,    55.0,    50.0,    34.0,    24.9,    43.2,    39.0,     0.0,     0.0,     0.0,     0.0,     0.0,     0.0,     0.0,     0.0,"Megawatt Hours (MWh)","064FHK","NODX","064 ","N16","FutOnly"
"PJM.WESTERN HUB_month_off_dap - NODAL EXCHANGE",260818,2026-08-18,064FHL,NODX,01,064 ,  250304,  164909,  116756,    8804,   30063,    3468,    2845,    1925,    3485,    1962,   29716,    2344,  187817,  187757,   62487,   62547,  250304,  164909,  116756,    8804,   30063,    3468,    2845,    1925,    3485,    1962,   29716,    2344,  187817,  187757,   62487,   62547,       0,       0,       0,       0,       0,       0,       0,       0,       0,       0,       0,       0,       0,       0,       0,       0,     911,    1544,      51,    -525,    -320,      80,     -75,       0,      75,    -105,    1228,    -150,     844,     964,      67,     -53,  100.0,   65.9,   46.6,    3.5,   12.0,    1.4,    1.1,    0.8,    1.4,    0.8,   11.9,    0.9,   75.0,   75.0,   25.0,   25.0,  100.0,   65.9,   46.6,    3.5,   12.0,    1.4,    1.1,    0.8,    1.4,    0.8,   11.9,    0.9,   75.0,   75.0,   25.0,   25.0,  100.0,    0.0,    0.0,    0.0,    0.0,    0.0,    0.0,    0.0,    0.0,    0.0,    0.0,    0.0,    0.0,    0.0,    0.0,    0.0,     53,     26,     28,      5,      4,      8,.,.,.,.,      6,      6,     44,     48,     53,     26,     28,      5,      4,      8,.,.,.,.,      6,      6,     44,     48,      0,      0,      0,      0,      0,      0,      0,      0,      0,      0,      0,      0,      0,      0,    42.9,    30.3,    54.2,    48.3,    36.2,    23.8,    43.6,    38.3,    42.9,    30.3,    54.2,    48.3,    36.2,    23.8,    43.6,    38.3,     0.0,     0.0,     0.0,     0.0,     0.0,     0.0,     0.0,     0.0,"Megawatt Hours (MWh)","064FHL","NODX","064 ","N16","FutOnly"
"MISO.INDIANA.HUB_month_on_rtp - NODAL EXCHANGE",260818,2026-08-18,064FJY,NODX,01,064 ,   29050,   21214,   11260,     380,    7269,    3516,     625,       0,       0,      10,    4145,      30,   25775,   26220,    3275,    2830,   29050,   21214,   11260,     380,    7269,    3516,     625,       0,       0,      10,    4145,      30,   25775,   26220,    3275,    2830,       0,       0,       0,       0,       0,       0,       0,       0,       0,       0,       0,       0,       0,       0,       0,       0,     910,     209,    -135,    -360,    -461,    1026,       0,       0,       0,      10,     495,       0,     885,     925,      25,     -15,  100.0,   73.0,   38.8,    1.3,   25.0,   12.1,    2.2,    0.0,    0.0,    0.0,   14.3,    0.1,   88.7,   90.3,   11.3,    9.7,  100.0,   73.0,   38.8,    1.3,   25.0,   12.1,    2.2,    0.0,    0.0,    0.0,   14.3,    0.1,   88.7,   90.3,   11.3,    9.7,  100.0,    0.0,    0.0,    0.0,    0.0,    0.0,    0.0,    0.0,    0.0,    0.0,    0.0,    0.0,    0.0,    0.0,    0.0,    0.0,     22,     12,     12,.,      4,      4,.,      0,      0,.,.,.,     19,     18,     22,     12,     12,.,      4,      4,.,      0,      0,.,.,.,     19,     18,      0,      0,      0,      0,      0,      0,      0,      0,      0,      0,      0,      0,      0,      0,    60.7,    67.1,    76.0,    79.5,    53.3,    52.9,    57.0,    57.0,    60.7,    67.1,    76.0,    79.5,    53.3,    52.9,    57.0,    57.0,     0.0,     0.0,     0.0,     0.0,     0.0,     0.0,     0.0,     0.0,"Megawatt Hours (MWh)","064FJY","NODX","064 ","N16","FutOnly"
"MISO.INDIANA.HUB_month_off_rtp - NODAL EXCHANGE",260818,2026-08-18,064FJZ,NODX,01,064 ,   27815,   21058,   11545,     505,    7490,    3250,     750,       0,       0,       0,    3578,      42,   25605,   25905,    2210,    1910,   27815,   21058,   11545,     505,    7490,    3250,     750,       0,       0,       0,    3578,      42,   25605,   25905,    2210,    1910,       0,       0,       0,       0,       0,       0,       0,       0,       0,       0,       0,       0,       0,       0,       0,       0,     730,      58,    -160,    -160,    -190,     680,       0,       0,       0,       0,     288,      12,     590,     630,     140,     100,  100.0,   75.7,   41.5,    1.8,   26.9,   11.7,    2.7,    0.0,    0.0,    0.0,   12.9,    0.2,   92.1,   93.1,    7.9,    6.9,  100.0,   75.7,   41.5,    1.8,   26.9,   11.7,    2.7,    0.0,    0.0,    0.0,   12.9,    0.2,   92.1,   93.1,    7.9,    6.9,  100.0,    0.0,    0.0,    0.0,    0.0,    0.0,    0.0,    0.0,    0.0,    0.0,    0.0,    0.0,    0.0,    0.0,    0.0,    0.0,     21,     11,     11,.,      4,      4,.,      0,      0,      0,.,.,     19,     17,     21,     11,     11,.,      4,      4,.,      0,      0,      0,.,.,     19,     17,      0,      0,      0,      0,      0,      0,      0,      0,      0,      0,      0,      0,      0,      0,    63.9,    68.3,    78.3,    82.6,    54.8,    55.5,    60.7,    61.0,    63.9,    68.3,    78.3,    82.6,    54.8,    55.5,    60.7,    61.0,     0.0,     0.0,     0.0,     0.0,     0.0,     0.0,     0.0,     0.0,"Megawatt Hours (MWh)","064FJZ","NODX","064 ","N16","FutOnly"
"PJM.AEP-DAYTON HUB_mo_on_rtp - NODAL EXCHANGE",260818,2026-08-18,064FKA,NODX,01,064 ,   74967,   43225,   50237,    4423,    1502,    5162,    1412,    3930,    1710,    7334,     555,    1340,   64606,   64436,   10361,   10531,   74967,   43225,   50237,    4423,    1502,    5162,    1412,    3930,    1710,    7334,     555,    1340,   64606,   64436,   10361,   10531,       0,       0,       0,       0,       0,       0,       0,       0,       0,       0,       0,       0,       0,       0,       0,       0,    2148,    2028,     423,    -795,     945,    1035,       0,       0,       0,     315,       0,    -320,    2263,    2083,    -115,      65,  100.0,   57.7,   67.0,    5.9,    2.0,    6.9,    1.9,    5.2,    2.3,    9.8,    0.7,    1.8,   86.2,   86.0,   13.8,   14.0,  100.0,   57.7,   67.0,    5.9,    2.0,    6.9,    1.9,    5.2,    2.3,    9.8,    0.7,    1.8,   86.2,   86.0,   13.8,   14.0,  100.0,    0.0,    0.0,    0.0,    0.0,    0.0,    0.0,    0.0,    0.0,    0.0,    0.0,    0.0,    0.0,    0.0,    0.0,    0.0,     42,     21,     21,.,      4,      7,.,.,.,      7,.,.,     38,     37,     42,     21,     21,.,      4,      7,.,.,.,      7,.,.,     38,     37,      0,      0,      0,      0,      0,      0,      0,      0,      0,      0,      0,      0,      0,      0,    37.9,    45.6,    56.4,    61.3,    30.7,    36.7,    42.3,    49.7,    37.9,    45.6,    56.4,    61.3,    30.7,    36.7,    42.3,    49.7,     0.0,     0.0,     0.0,     0.0,     0.0,     0.0,     0.0,     0.0,"Megawatt Hours (MWh)","064FKA","NODX","064 ","N16","FutOnly"
"PJM.AEP-DAYTON HUB_mo_off_rtp - NODAL EXCHANGE",260818,2026-08-18,064FKB,NODX,01,064 ,   74050,   48375,   49372,    3632,     799,    4958,       0,    5265,     750,    3824,     500,    2320,   63859,   63964,   10191,   10086,   74050,   48375,   49372,    3632,     799,    4958,       0,    5265,     750,    3824,     500,    2320,   63859,   63964,   10191,   10086,       0,       0,       0,       0,       0,       0,       0,       0,       0,       0,       0,       0,       0,       0,       0,       0,    2339,    1789,    1224,     380,       5,     150,       0,       0,       0,    -740,       0,      30,    1609,    1409,     730,     930,  100.0,   65.3,   66.7,    4.9,    1.1,    6.7,    0.0,    7.1,    1.0,    5.2,    0.7,    3.1,   86.2,   86.4,   13.8,   13.6,  100.0,   65.3,   66.7,    4.9,    1.1,    6.7,    0.0,    7.1,    1.0,    5.2,    0.7,    3.1,   86.2,   86.4,   13.8,   13.6,  100.0,    0.0,    0.0,    0.0,    0.0,    0.0,    0.0,    0.0,    0.0,    0.0,    0.0,    0.0,    0.0,    0.0,    0.0,    0.0,     39,     17,     19,      4,.,      7,      0,      4,.,      6,.,.,     32,     33,     39,     17,     19,      4,.,      7,      0,      4,.,      6,.,.,     32,     33,      0,      0,      0,      0,      0,      0,      0,      0,      0,      0,      0,      0,      0,      0,    44.7,    45.6,    59.9,    61.3,    35.2,    36.5,    44.8,    47.6,    44.7,    45.6,    59.9,    61.3,    35.2,    36.5,    44.8,    47.6,     0.0,     0.0,     0.0,     0.0,     0.0,     0.0,     0.0,     0.0,"Megawatt Hours (MWh)","064FKB","NODX","064 ","N16","FutOnly"
"PJM.N ILLINOIS HUB_mo_on_rtp - NODAL EXCHANGE",260818,2026-08-18,064FKC,NODX,01,064 ,   68811,   52455,   53855,    6670,    6311,    2330,     845,       0,     455,     275,       0,      70,   63100,   63021,    5711,    5790,   68811,   52455,   53855,    6670,    6311,    2330,     845,       0,     455,     275,       0,      70,   63100,   63021,    5711,    5790,       0,       0,       0,       0,       0,       0,       0,       0,       0,       0,       0,       0,       0,       0,       0,       0,     338,     174,     259,      35,     -50,     -35,       0,       0,       0,       0,       0,       0,     174,     174,     164,     164,  100.0,   76.2,   78.3,    9.7,    9.2,    3.4,    1.2,    0.0,    0.7,    0.4,    0.0,    0.1,   91.7,   91.6,    8.3,    8.4,  100.0,   76.2,   78.3,    9.7,    9.2,    3.4,    1.2,    0.0,    0.7,    0.4,    0.0,    0.1,   91.7,   91.6,    8.3,    8.4,  100.0,    0.0,    0.0,    0.0,    0.0,    0.0,    0.0,    0.0,    0.0,    0.0,    0.0,    0.0,    0.0,    0.0,    0.0,    0.0,     29,     14,     12,.,      4,      4,.,      0,.,.,      0,.,     22,     21,     29,     14,     12,.,      4,      4,.,      0,.,.,      0,.,     22,     21,      0,      0,      0,      0,      0,      0,      0,      0,      0,      0,      0,      0,      0,      0,    55.8,    60.6,    76.8,    77.6,    40.0,    48.1,    54.6,    57.3,    55.8,    60.6,    76.8,    77.6,    40.0,    48.1,    54.6,    57.3,     0.0,     0.0,     0.0,     0.0,     0.0,     0.0,     0.0,     0.0,"Megawatt Hours (MWh)","064FKC","NODX","064 ","N16","FutOnly"
"PJM.N ILLINOIS HUB_mo_off_rtp - NODAL EXCHANGE",260818,2026-08-18,064FKD,NODX,01,064 ,   66776,   47100,   52259,    7140,    5841,    1430,    3564,       0,     440,     290,       0,      50,   60014,   60020,    6762,    6756,   66776,   47100,   52259,    7140,    5841,    1430,    3564,       0,     440,     290,       0,      50,   60014,   60020,    6762,    6756,       0,       0,       0,       0,       0,       0,       0,       0,       0,       0,       0,       0,       0,       0,       0,       0,     627,     497,     567,       0,     -50,       0,       0,       0,       0,      10,     -10,       0,     507,     507,     120,     120,  100.0,   70.5,   78.3,   10.7,    8.7,    2.1,    5.3,    0.0,    0.7,    0.4,    0.0,    0.1,   89.9,   89.9,   10.1,   10.1,  100.0,   70.5,   78.3,   10.7,    8.7,    2.1,    5.3,    0.0,    0.7,    0.4,    0.0,    0.1,   89.9,   89.9,   10.1,   10.1,  100.0,    0.0,    0.0,    0.0,    0.0,    0.0,    0.0,    0.0,    0.0,    0.0,    0.0,    0.0,    0.0,    0.0,    0.0,    0.0,     27,     13,     14,.,      5,.,.,      0,.,.,      0,.,     20,     24,     27,     13,     14,.,      5,.,.,      0,.,.,      0,.,     20,     24,      0,      0,      0,      0,      0,      0,      0,      0,      0,      0,      0,      0,      0,      0,    55.7,    59.8,    72.9,    75.4,    33.2,    43.5,    44.3,    49.5,    55.7,    59.8,    72.9,    75.4,    33.2,    43.5,    44.3,    49.5,     0.0,     0.0,     0.0,     0.0,     0.0,     0.0,     0.0,     0.0,"Megawatt Hours (MWh)","064FKD","NODX","064 ","N16","FutOnly"
"PJM.WESTERN HUB_month_on_rtp - NODAL EXCHANGE",260818,2026-08-18,064FKE,NODX,01,064 ,  241991,  129757,  178181,   58156,    3554,    9126,    7405,    5670,    2365,    4510,   12394,    1640,  212959,  212930,   29032,   29061,  241991,  129757,  178181,   58156,    3554,    9126,    7405,    5670,    2365,    4510,   12394,    1640,  212959,  212930,   29032,   29061,       0,       0,       0,       0,       0,       0,       0,       0,       0,       0,       0,       0,       0,       0,       0,       0,   -1031,   -1693,     -83,    2015,       0,    -854,    -225,       0,      40,     -10,     350,    -250,    -977,    -797,     -54,    -234,  100.0,   53.6,   73.6,   24.0,    1.5,    3.8,    3.1,    2.3,    1.0,    1.9,    5.1,    0.7,   88.0,   88.0,   12.0,   12.0,  100.0,   53.6,   73.6,   24.0,    1.5,    3.8,    3.1,    2.3,    1.0,    1.9,    5.1,    0.7,   88.0,   88.0,   12.0,   12.0,  100.0,    0.0,    0.0,    0.0,    0.0,    0.0,    0.0,    0.0,    0.0,    0.0,    0.0,    0.0,    0.0,    0.0,    0.0,    0.0,     51,     24,     27,      6,.,      7,.,.,.,      7,.,      5,     44,     43,     51,     24,     27,      6,.,      7,.,.,.,      7,.,      5,     44,     43,      0,      0,      0,      0,      0,      0,      0,      0,      0,      0,      0,      0,      0,      0,    36.1,    48.3,    57.0,    64.2,    33.4,    42.7,    50.2,    54.2,    36.1,    48.3,    57.0,    64.2,    33.4,    42.7,    50.2,    54.2,     0.0,     0.0,     0.0,     0.0,     0.0,     0.0,     0.0,     0.0,"Megawatt Hours (MWh)","064FKE","NODX","064 ","N16","FutOnly"
"PJM.WESTERN HUB_month_off_rtp - NODAL EXCHANGE",260818,2026-08-18,064FKF,NODX,01,064 ,  199289,  102828,  130880,   34931,    6958,    9050,    9635,    4240,    2595,    3883,    9450,    2980,  165902,  166153,   33387,   33136,  199289,  102828,  130880,   34931,    6958,    9050,    9635,    4240,    2595,    3883,    9450,    2980,  165902,  166153,   33387,   33136,       0,       0,       0,       0,       0,       0,       0,       0,       0,       0,       0,       0,       0,       0,       0,       0,    -508,    -886,    -141,     -15,     160,    -450,       0,       0,      40,       0,    -920,     111,   -1200,   -1200,     692,     692,  100.0,   51.6,   65.7,   17.5,    3.5,    4.5,    4.8,    2.1,    1.3,    1.9,    4.7,    1.5,   83.2,   83.4,   16.8,   16.6,  100.0,   51.6,   65.7,   17.5,    3.5,    4.5,    4.8,    2.1,    1.3,    1.9,    4.7,    1.5,   83.2,   83.4,   16.8,   16.6,  100.0,    0.0,    0.0,    0.0,    0.0,    0.0,    0.0,    0.0,    0.0,    0.0,    0.0,    0.0,    0.0,    0.0,    0.0,    0.0,     50,     26,     26,      5,.,      6,.,.,.,      5,      4,      5,     43,     43,     50,     26,     26,      5,.,      6,.,.,.,      5,      4,      5,     43,     43,      0,      0,      0,      0,      0,      0,      0,      0,      0,      0,      0,      0,      0,      0,    36.8,    45.5,    53.8,    58.0,    31.6,    41.0,    44.5,    49.7,    36.8,    45.5,    53.8,    58.0,    31.6,    41.0,    44.5,    49.7,     0.0,     0.0,     0.0,     0.0,     0.0,     0.0,     0.0,     0.0,"Megawatt Hours (MWh)","064FKF","NODX","064 ","N16","FutOnly"
"ERCOT.HB_NORTH_month_on_rtp - NODAL EXCHANGE",260818,2026-08-18,064FOK,NODX,01,064 ,   82790,   66034,   51130,    3786,   18600,    1130,       0,     900,       0,    1875,    1075,      25,   72850,   72860,    9940,    9930,   82790,   66034,   51130,    3786,   18600,    1130,       0,     900,       0,    1875,    1075,      25,   72850,   72860,    9940,    9930,       0,       0,       0,       0,       0,       0,       0,       0,       0,       0,       0,       0,       0,       0,       0,       0,     330,      30,      30,       0,       0,       0,       0,       0,       0,       0,       0,       0,      30,      30,     300,     300,  100.0,   79.8,   61.8,    4.6,   22.5,    1.4,    0.0,    1.1,    0.0,    2.3,    1.3,    0.0,   88.0,   88.0,   12.0,   12.0,  100.0,   79.8,   61.8,    4.6,   22.5,    1.4,    0.0,    1.1,    0.0,    2.3,    1.3,    0.0,   88.0,   88.0,   12.0,   12.0,  100.0,    0.0,    0.0,    0.0,    0.0,    0.0,    0.0,    0.0,    0.0,    0.0,    0.0,    0.0,    0.0,    0.0,    0.0,    0.0,     27,     15,     16,.,      4,.,      0,.,      0,.,.,.,     20,     24,     27,     15,     16,.,      4,.,      0,.,      0,.,.,.,     20,     24,      0,      0,      0,      0,      0,      0,      0,      0,      0,      0,      0,      0,      0,      0,    64.9,    46.8,    77.8,    68.5,    59.8,    44.1,    68.3,    60.4,    64.9,    46.8,    77.8,    68.5,    59.8,    44.1,    68.3,    60.4,     0.0,     0.0,     0.0,     0.0,     0.0,     0.0,     0.0,     0.0,"Megawatt Hours (MWh)","064FOK","NODX","064 ","N16","FutOnly"
"ERCOT.HB_NORTH_month_off_rtp - NODAL EXCHANGE",260818,2026-08-18,064FOL,NODX,01,064 ,   79575,   66204,   52205,    3411,   16250,    1430,       0,       0,       0,       0,    1075,       0,   71045,   70960,    8530,    8615,   79575,   66204,   52205,    3411,   16250,    1430,       0,       0,       0,       0,    1075,       0,   71045,   70960,    8530,    8615,       0,       0,       0,       0,       0,       0,       0,       0,       0,       0,       0,       0,       0,       0,       0,       0,     480,     180,     180,       0,       0,       0,       0,       0,       0,       0,       0,       0,     180,     180,     300,     300,  100.0,   83.2,   65.6,    4.3,   20.4,    1.8,    0.0,    0.0,    0.0,    0.0,    1.4,    0.0,   89.3,   89.2,   10.7,   10.8,  100.0,   83.2,   65.6,    4.3,   20.4,    1.8,    0.0,    0.0,    0.0,    0.0,    1.4,    0.0,   89.3,   89.2,   10.7,   10.8,  100.0,    0.0,    0.0,    0.0,    0.0,    0.0,    0.0,    0.0,    0.0,    0.0,    0.0,    0.0,    0.0,    0.0,    0.0,    0.0,     24,     13,     16,.,      4,      4,      0,      0,      0,      0,.,      0,     18,     22,     24,     13,     16,.,      4,      4,      0,      0,      0,      0,.,      0,     18,     22,      0,      0,      0,      0,      0,      0,      0,      0,      0,      0,      0,      0,      0,      0,    69.2,    48.9,    83.8,    70.2,    62.9,    46.2,    71.5,    63.6,    69.2,    48.9,    83.8,    70.2,    62.9,    46.2,    71.5,    63.6,     0.0,     0.0,     0.0,     0.0,     0.0,     0.0,     0.0,     0.0,"Megawatt Hours (MWh)","064FOL","NODX","064 ","N16","FutOnly"
"PJM.ATSI_month_on_dap - NODAL EXCHANGE",260818,2026-08-18,064FZA,NODX,01,064 ,   28501,   18478,   16030,    1273,    7165,    1347,       0,     100,       0,    4775,    1360,     270,   26143,   26272,    2358,    2229,   28501,   18478,   16030,    1273,    7165,    1347,       0,     100,       0,    4775,    1360,     270,   26143,   26272,    2358,    2229,       0,       0,       0,       0,       0,       0,       0,       0,       0,       0,       0,       0,       0,       0,       0,       0,       0,       0,       0,       0,       0,       0,       0,       0,       0,       0,       0,       0,       0,       0,       0,       0,  100.0,   64.8,   56.2,    4.5,   25.1,    4.7,    0.0,    0.4,    0.0,   16.8,    4.8,    0.9,   91.7,   92.2,    8.3,    7.8,  100.0,   64.8,   56.2,    4.5,   25.1,    4.7,    0.0,    0.4,    0.0,   16.8,    4.8,    0.9,   91.7,   92.2,    8.3,    7.8,  100.0,    0.0,    0.0,    0.0,    0.0,    0.0,    0.0,    0.0,    0.0,    0.0,    0.0,    0.0,    0.0,    0.0,    0.0,    0.0,     21,      9,      5,.,.,.,      0,.,      0,.,.,.,     16,     12,     21,      9,      5,.,.,.,      0,.,      0,.,.,.,     16,     12,      0,      0,      0,      0,      0,      0,      0,      0,      0,      0,      0,      0,      0,      0,    66.5,    75.2,    85.1,    88.8,    62.0,    74.9,    77.6,    82.0,    66.5,    75.2,    85.1,    88.8,    62.0,    74.9,    77.6,    82.0,     0.0,     0.0,     0.0,     0.0,     0.0,     0.0,     0.0,     0.0,"Megawatt Hours (MWh)","064FZA","NODX","064 ","N16","FutOnly"
"PJM.ATSI_month_off_dap - NODAL EXCHANGE",260818,2026-08-18,064FZB,NODX,01,064 ,   28491,   18468,   16030,    1273,    7165,    1347,       0,     100,       0,    4775,    1360,     270,   26133,   26272,    2358,    2219,   28491,   18468,   16030,    1273,    7165,    1347,       0,     100,       0,    4775,    1360,     270,   26133,   26272,    2358,    2219,       0,       0,       0,       0,       0,       0,       0,       0,       0,       0,       0,       0,       0,       0,       0,       0,       0,       0,       0,       0,       0,       0,       0,       0,       0,       0,       0,       0,       0,       0,       0,       0,  100.0,   64.8,   56.3,    4.5,   25.1,    4.7,    0.0,    0.4,    0.0,   16.8,    4.8,    0.9,   91.7,   92.2,    8.3,    7.8,  100.0,   64.8,   56.3,    4.5,   25.1,    4.7,    0.0,    0.4,    0.0,   16.8,    4.8,    0.9,   91.7,   92.2,    8.3,    7.8,  100.0,    0.0,    0.0,    0.0,    0.0,    0.0,    0.0,    0.0,    0.0,    0.0,    0.0,    0.0,    0.0,    0.0,    0.0,    0.0,     21,      9,      5,.,.,.,      0,.,      0,.,.,.,     16,     12,     21,      9,      5,.,.,.,      0,.,      0,.,.,.,     16,     12,      0,      0,      0,      0,      0,      0,      0,      0,      0,      0,      0,      0,      0,      0,    66.5,    75.2,    85.1,    88.9,    62.0,    74.9,    77.6,    82.0,    66.5,    75.2,    85.1,    88.9,    62.0,    74.9,    77.6,    82.0,     0.0,     0.0,     0.0,     0.0,     0.0,     0.0,     0.0,     0.0,"Megawatt Hours (MWh)","064FZB","NODX","064 ","N16","FutOnly"
"ERCOT.HB_NORTH_month_7x8_rtp - NODAL EXCHANGE",260818,2026-08-18,064GBD,NODX,01,064 ,   38805,   23265,   30545,    2975,    1675,     975,       0,    1400,    2350,    7200,       0,       0,   36765,   36945,    2040,    1860,   38805,   23265,   30545,    2975,    1675,     975,       0,    1400,    2350,    7200,       0,       0,   36765,   36945,    2040,    1860,       0,       0,       0,       0,       0,       0,       0,       0,       0,       0,       0,       0,       0,       0,       0,       0,       0,       0,       0,       0,       0,       0,       0,       0,       0,       0,       0,       0,       0,       0,       0,       0,  100.0,   60.0,   78.7,    7.7,    4.3,    2.5,    0.0,    3.6,    6.1,   18.6,    0.0,    0.0,   94.7,   95.2,    5.3,    4.8,  100.0,   60.0,   78.7,    7.7,    4.3,    2.5,    0.0,    3.6,    6.1,   18.6,    0.0,    0.0,   94.7,   95.2,    5.3,    4.8,  100.0,    0.0,    0.0,    0.0,    0.0,    0.0,    0.0,    0.0,    0.0,    0.0,    0.0,    0.0,    0.0,    0.0,    0.0,    0.0,     21,     14,     11,.,.,.,      0,.,.,.,      0,      0,     19,     15,     21,     14,     11,.,.,.,      0,.,.,.,      0,      0,     19,     15,      0,      0,      0,      0,      0,      0,      0,      0,      0,      0,      0,      0,      0,      0,    55.4,    61.6,    76.1,    84.9,    47.4,    46.9,    55.8,    58.7,    55.4,    61.6,    76.1,    84.9,    47.4,    46.9,    55.8,    58.7,     0.0,     0.0,     0.0,     0.0,     0.0,     0.0,     0.0,     0.0,"Megawatt Hours (MWh)","064GBD","NODX","064 ","N16","FutOnly"
"ERCOT North 345KV Hub RT 7x16 - ICE FUTURES ENERGY DIV",260818,2026-08-18,064IBM,IFED,01,064 ,   17159,   13114,   11143,    1574,    1285,    1436,       0,    1980,       0,     375,     675,     400,   16899,   16919,     260,     240,   17159,   13114,   11143,    1574,    1285,    1436,       0,    1980,       0,     375,     675,     400,   16899,   16919,     260,     240,       0,       0,       0,       0,       0,       0,       0,       0,       0,       0,       0,       0,       0,       0,       0,       0,     120,     120,       0,       0,       0,       0,       0,       0,       0,       0,       0,       0,     120,       0,       0,     120,  100.0,   76.4,   64.9,    9.2,    7.5,    8.4,    0.0,   11.5,    0.0,    2.2,    3.9,    2.3,   98.5,   98.6,    1.5,    1.4,  100.0,   76.4,   64.9,    9.2,    7.5,    8.4,    0.0,   11.5,    0.0,    2.2,    3.9,    2.3,   98.5,   98.6,    1.5,    1.4,  100.0,    0.0,    0.0,    0.0,    0.0,    0.0,    0.0,    0.0,    0.0,    0.0,    0.0,    0.0,    0.0,    0.0,    0.0,    0.0,     29,     15,     13,.,.,      4,      0,.,      0,.,.,      4,     24,     24,     29,     15,     13,.,.,      4,      0,.,      0,.,.,      4,     24,     24,      0,      0,      0,      0,      0,      0,      0,      0,      0,      0,      0,      0,      0,      0,    44.3,    50.2,    69.2,    71.5,    24.9,    31.0,    35.1,    40.1,    44.3,    50.2,    69.2,    71.5,    24.9,    31.0,    35.1,    40.1,     0.0,     0.0,     0.0,     0.0,     0.0,     0.0,     0.0,     0.0,"(1MW for about 352 Hours)","064IBM","IFED","064 ","N16","FutOnly"
"PROPANE ARGUS CIF ARA MINI - ICE FUTURES ENERGY DIV",260818,2026-08-18,066391,IFED,01,066 ,    6553,    4343,    1255,    1127,     537,     165,       0,       0,       0,     220,    3820,     119,    5974,    5896,     579,     657,    6553,    4343,    1255,    1127,     537,     165,       0,       0,       0,     220,    3820,     119,    5974,    5896,     579,     657,       0,       0,       0,       0,       0,       0,       0,       0,       0,       0,       0,       0,       0,       0,       0,       0,     215,     186,      21,      18,     110,       0,       0,       0,       0,     -20,      55,      15,     199,     201,      16,      14,  100.0,   66.3,   19.2,   17.2,    8.2,    2.5,    0.0,    0.0,    0.0,    3.4,   58.3,    1.8,   91.2,   90.0,    8.8,   10.0,  100.0,   66.3,   19.2,   17.2,    8.2,    2.5,    0.0,    0.0,    0.0,    3.4,   58.3,    1.8,   91.2,   90.0,    8.8,   10.0,  100.0,    0.0,    0.0,    0.0,    0.0,    0.0,    0.0,    0.0,    0.0,    0.0,    0.0,    0.0,    0.0,    0.0,    0.0,    0.0,     30,     14,     11,      4,.,.,      0,      0,      0,.,      5,.,     21,     19,     30,     14,     11,      4,.,.,      0,      0,      0,.,      5,.,     21,     19,      0,      0,      0,      0,      0,      0,      0,      0,      0,      0,      0,      0,      0,      0,    40.8,    63.9,    64.6,    83.2,    40.4,    63.9,    64.2,    79.6,    40.8,    63.9,    64.6,    83.2,    40.4,    63.9,    64.2,    79.6,     0.0,     0.0,     0.0,     0.0,     0.0,     0.0,     0.0,     0.0,"100 metric tonnes","066391","IFED","066 ","N13","FutOnly"
"PROPANE ARGUS FAR EAST MINI - ICE FUTURES ENERGY DIV",260818,2026-08-18,066393,IFED,01,066 ,    8008,    3528,    2055,     418,    1913,     197,       0,       0,       0,    1630,    2232,     653,    6426,    7050,    1582,     958,    8008,    3528,    2055,     418,    1913,     197,       0,       0,       0,    1630,    2232,     653,    6426,    7050,    1582,     958,       0,       0,       0,       0,       0,       0,       0,       0,       0,       0,       0,       0,       0,       0,       0,       0,     629,      56,     -40,      10,     224,      50,       0,       0,       0,     272,     372,     -12,     376,     594,     253,      35,  100.0,   44.1,   25.7,    5.2,   23.9,    2.5,    0.0,    0.0,    0.0,   20.4,   27.9,    8.2,   80.2,   88.0,   19.8,   12.0,  100.0,   44.1,   25.7,    5.2,   23.9,    2.5,    0.0,    0.0,    0.0,   20.4,   27.9,    8.2,   80.2,   88.0,   19.8,   12.0,  100.0,    0.0,    0.0,    0.0,    0.0,    0.0,    0.0,    0.0,    0.0,    0.0,    0.0,    0.0,    0.0,    0.0,    0.0,    0.0,     59,     28,     22,.,      4,      4,      0,      0,      0,     12,      9,     13,     52,     42,     59,     28,     22,.,      4,      4,      0,      0,      0,     12,      9,     13,     52,     42,      0,      0,      0,      0,      0,      0,      0,      0,      0,      0,      0,      0,      0,      0,    18.3,    51.7,    32.1,    63.0,    17.1,    46.9,    28.3,    54.7,    18.3,    51.7,    32.1,    63.0,    17.1,    46.9,    28.3,    54.7,     0.0,     0.0,     0.0,     0.0,     0.0,     0.0,     0.0,     0.0,"100  metric tonnes","066393","IFED","066 ","N13","FutOnly"
"PROPANE,OPIS MT B TET/AFEI - ICE FUTURES ENERGY DIV",260818,2026-08-18,06639W,IFED,01,066 ,    4118,    1916,     329,     393,    1235,       1,       0,       8,      87,     374,    1365,     399,    3170,    3424,     948,     694,    4118,    1916,     329,     393,    1235,       1,       0,       8,      87,     374,    1365,     399,    3170,    3424,     948,     694,       0,       0,       0,       0,       0,       0,       0,       0,       0,       0,       0,       0,       0,       0,       0,       0,.,.,.,.,.,.,.,.,.,.,.,.,.,.,.,.,  100.0,   46.5,    8.0,    9.5,   30.0,    0.0,    0.0,    0.2,    2.1,    9.1,   33.1,    9.7,   77.0,   83.1,   23.0,   16.9,  100.0,   46.5,    8.0,    9.5,   30.0,    0.0,    0.0,    0.2,    2.1,    9.1,   33.1,    9.7,   77.0,   83.1,   23.0,   16.9,  100.0,    0.0,    0.0,    0.0,    0.0,    0.0,    0.0,    0.0,    0.0,    0.0,    0.0,    0.0,    0.0,    0.0,    0.0,    0.0,     20,      7,      7,.,.,.,      0,.,.,      4,      4,      6,     18,     15,     20,      7,      7,.,.,.,      0,.,.,      4,      4,      6,     18,     15,      0,      0,      0,      0,      0,      0,      0,      0,      0,      0,      0,      0,      0,      0,    48.7,    65.9,    64.3,    77.7,    46.7,    62.7,    57.6,    66.0,    48.7,    65.9,    64.3,    77.7,    46.7,    62.7,    57.6,    66.0,     0.0,     0.0,     0.0,     0.0,     0.0,     0.0,     0.0,     0.0,"1000 Metric Tonnes","06639W","IFED","066 ","N13","FutOnly"
"ARGUS CIF ARA Lg Finl Propane - ICE FUTURES ENERGY DIV",260818,2026-08-18,066411,IFED,01,066 ,    3831,    1401,    2098,     298,     107,     379,       0,       0,       0,     656,     107,     450,    3184,    3141,     647,     690,    3831,    1401,    2098,     298,     107,     379,       0,       0,       0,     656,     107,     450,    3184,    3141,     647,     690,       0,       0,       0,       0,       0,       0,       0,       0,       0,       0,       0,       0,       0,       0,       0,       0,      74,       6,      76,      19,      21,     -12,       0,       0,       0,       7,      10,       8,      28,     103,      46,     -29,  100.0,   36.6,   54.8,    7.8,    2.8,    9.9,    0.0,    0.0,    0.0,   17.1,    2.8,   11.7,   83.1,   82.0,   16.9,   18.0,  100.0,   36.6,   54.8,    7.8,    2.8,    9.9,    0.0,    0.0,    0.0,   17.1,    2.8,   11.7,   83.1,   82.0,   16.9,   18.0,  100.0,    0.0,    0.0,    0.0,    0.0,    0.0,    0.0,    0.0,    0.0,    0.0,    0.0,    0.0,    0.0,    0.0,    0.0,    0.0,     23,     11,     15,.,.,.,      0,      0,      0,.,.,      5,     19,     23,     23,     11,     15,.,.,.,      0,      0,      0,.,.,      5,     19,     23,      0,      0,      0,      0,      0,      0,      0,      0,      0,      0,      0,      0,      0,      0,    44.4,    40.0,    66.7,    57.8,    31.2,    26.3,    36.9,    32.7,    44.4,    40.0,    66.7,    57.8,    31.2,    26.3,    36.9,    32.7,     0.0,     0.0,     0.0,     0.0,     0.0,     0.0,     0.0,     0.0,"1000 metric tonnes","066411","IFED","066 ","N13","FutOnly"
"ARGUS FAR EAST PROPANE - ICE FUTURES ENERGY DIV",260818,2026-08-18,066413,IFED,01,066 ,   14893,    8893,    9920,     700,     824,     657,     104,       0,       0,    1599,    1103,    1478,   13431,   13982,    1462,     911,   14893,    8893,    9920,     700,     824,     657,     104,       0,       0,    1599,    1103,    1478,   13431,   13982,    1462,     911,       0,       0,       0,       0,       0,       0,       0,       0,       0,       0,       0,       0,       0,       0,       0,       0,     595,     255,     272,      21,     -61,      80,       0,       0,       0,     113,      61,      89,     558,     441,      37,     154,  100.0,   59.7,   66.6,    4.7,    5.5,    4.4,    0.7,    0.0,    0.0,   10.7,    7.4,    9.9,   90.2,   93.9,    9.8,    6.1,  100.0,   59.7,   66.6,    4.7,    5.5,    4.4,    0.7,    0.0,    0.0,   10.7,    7.4,    9.9,   90.2,   93.9,    9.8,    6.1,  100.0,    0.0,    0.0,    0.0,    0.0,    0.0,    0.0,    0.0,    0.0,    0.0,    0.0,    0.0,    0.0,    0.0,    0.0,    0.0,     67,     41,     42,.,.,      4,.,      0,      0,      9,      7,     15,     61,     63,     67,     41,     42,.,.,      4,.,      0,      0,      9,      7,     15,     61,     63,      0,      0,      0,      0,      0,      0,      0,      0,      0,      0,      0,      0,      0,      0,    37.3,    30.8,    53.0,    45.9,    32.9,    29.7,    44.8,    43.4,    37.3,    30.8,    53.0,    45.9,    32.9,    29.7,    44.8,    43.4,     0.0,     0.0,     0.0,     0.0,     0.0,     0.0,     0.0,     0.0,"1000  metric tonnes","066413","IFED","066 ","N13","FutOnly"
"ETHANE, MT. BELV-ENTERPRISE - ICE FUTURES ENERGY DIV",260818,2026-08-18,066416,IFED,01,066 ,   86111,   56172,   54857,    2740,    9146,    6775,    2405,     105,     156,    7839,    5308,    9554,   85641,   85901,     470,     210,   86111,   56172,   54857,    2740,    9146,    6775,    2405,     105,     156,    7839,    5308,    9554,   85641,   85901,     470,     210,       0,       0,       0,       0,       0,       0,       0,       0,       0,       0,       0,       0,       0,       0,       0,       0,    4483,    3499,    3694,    -495,     332,     392,       0,       0,       0,      20,    -980,    1045,    4461,    4483,      22,       0,  100.0,   65.2,   63.7,    3.2,   10.6,    7.9,    2.8,    0.1,    0.2,    9.1,    6.2,   11.1,   99.5,   99.8,    0.5,    0.2,  100.0,   65.2,   63.7,    3.2,   10.6,    7.9,    2.8,    0.1,    0.2,    9.1,    6.2,   11.1,   99.5,   99.8,    0.5,    0.2,  100.0,    0.0,    0.0,    0.0,    0.0,    0.0,    0.0,    0.0,    0.0,    0.0,    0.0,    0.0,    0.0,    0.0,    0.0,    0.0,     54,     28,     30,.,      4,      6,.,.,.,      6,      5,      8,     48,     47,     54,     28,     30,.,      4,      6,.,.,.,      6,      5,      8,     48,     47,      0,      0,      0,      0,      0,      0,      0,      0,      0,      0,      0,      0,      0,      0,    37.8,    39.3,    56.0,    57.5,    24.2,    25.8,    34.3,    38.3,    37.8,    39.3,    56.0,    57.5,    24.2,    25.8,    34.3,    38.3,     0.0,     0.0,     0.0,     0.0,     0.0,     0.0,     0.0,     0.0,"42000 gallons(1000 barrels)","066416","IFED","066 ","N13","FutOnly"
"ISOBUTANE OPIS MT BELV NONTET - ICE FUTURES ENERGY DIV",260818,2026-08-18,066418,IFED,01,066 ,    9047,    3952,    1937,    3630,    4569,     662,       0,       0,       0,     419,    1196,       0,    8663,    8364,     384,     683,    9047,    3952,    1937,    3630,    4569,     662,       0,       0,       0,     419,    1196,       0,    8663,    8364,     384,     683,       0,       0,       0,       0,       0,       0,       0,       0,       0,       0,       0,       0,       0,       0,       0,       0,     377,      56,     225,     459,      60,      12,       0,       0,       0,       0,       0,       0,     527,     297,    -150,      80,  100.0,   43.7,   21.4,   40.1,   50.5,    7.3,    0.0,    0.0,    0.0,    4.6,   13.2,    0.0,   95.8,   92.5,    4.2,    7.5,  100.0,   43.7,   21.4,   40.1,   50.5,    7.3,    0.0,    0.0,    0.0,    4.6,   13.2,    0.0,   95.8,   92.5,    4.2,    7.5,  100.0,    0.0,    0.0,    0.0,    0.0,    0.0,    0.0,    0.0,    0.0,    0.0,    0.0,    0.0,    0.0,    0.0,    0.0,    0.0,     27,     12,      7,      4,      5,.,      0,      0,      0,.,.,      0,     17,     14,     27,     12,      7,      4,      5,.,      0,      0,      0,.,.,      0,     17,     14,      0,      0,      0,      0,      0,      0,      0,      0,      0,      0,      0,      0,      0,      0,    51.3,    58.2,    75.5,    83.8,    44.0,    58.2,    66.6,    79.0,    51.3,    58.2,    75.5,    83.8,    44.0,    58.2,    66.6,    79.0,     0.0,     0.0,     0.0,     0.0,     0.0,     0.0,     0.0,     0.0,"42000 gallons(1000 barrels)","066418","IFED","066 ","N13","FutOnly"
"NAT GASLNE OPIS MT B NONTET FP - ICE FUTURES ENERGY DIV",260818,2026-08-18,06641A,IFED,01,066 ,   16915,   14965,   10200,     576,    1946,     317,       0,       0,       0,     208,    2586,     719,   16785,   15768,     130,    1147,   16915,   14965,   10200,     576,    1946,     317,       0,       0,       0,     208,    2586,     719,   16785,   15768,     130,    1147,       0,       0,       0,       0,       0,       0,       0,       0,       0,       0,       0,       0,       0,       0,       0,       0,     363,     295,      17,       0,      20,      45,       0,       0,       0,       0,     345,       0,     340,     427,      23,     -64,  100.0,   88.5,   60.3,    3.4,   11.5,    1.9,    0.0,    0.0,    0.0,    1.2,   15.3,    4.3,   99.2,   93.2,    0.8,    6.8,  100.0,   88.5,   60.3,    3.4,   11.5,    1.9,    0.0,    0.0,    0.0,    1.2,   15.3,    4.3,   99.2,   93.2,    0.8,    6.8,  100.0,    0.0,    0.0,    0.0,    0.0,    0.0,    0.0,    0.0,    0.0,    0.0,    0.0,    0.0,    0.0,    0.0,    0.0,    0.0,     34,     19,     19,.,      6,      5,      0,      0,      0,.,.,.,     27,     28,     34,     19,     19,.,      6,      5,      0,      0,      0,.,.,.,     27,     28,      0,      0,      0,      0,      0,      0,      0,      0,      0,      0,      0,      0,      0,      0,    62.1,    60.0,    82.2,    74.3,    50.2,    45.0,    60.8,    55.2,    62.1,    60.0,    82.2,    74.3,    50.2,    45.0,    60.8,    55.2,     0.0,     0.0,     0.0,     0.0,     0.0,     0.0,     0.0,     0.0,"42000 gallons(1000 barrels)","06641A","IFED","066 ","N13","FutOnly"
"BUTANE OPIS MT BELV NONTET FP  - ICE FUTURES ENERGY DIV",260818,2026-08-18,06641D,IFED,01,066 ,   63596,   38865,   34390,    1986,   10751,    5514,    2601,       0,     375,    6555,    4709,    7336,   63232,   63075,     364,     521,   63596,   38865,   34390,    1986,   10751,    5514,    2601,       0,     375,    6555,    4709,    7336,   63232,   63075,     364,     521,       0,       0,       0,       0,       0,       0,       0,       0,       0,       0,       0,       0,       0,       0,       0,       0,    2131,    1182,     411,    -652,     443,     255,       0,       0,       0,     484,     160,     892,    2161,    2161,     -30,     -30,  100.0,   61.1,   54.1,    3.1,   16.9,    8.7,    4.1,    0.0,    0.6,   10.3,    7.4,   11.5,   99.4,   99.2,    0.6,    0.8,  100.0,   61.1,   54.1,    3.1,   16.9,    8.7,    4.1,    0.0,    0.6,   10.3,    7.4,   11.5,   99.4,   99.2,    0.6,    0.8,  100.0,    0.0,    0.0,    0.0,    0.0,    0.0,    0.0,    0.0,    0.0,    0.0,    0.0,    0.0,    0.0,    0.0,    0.0,    0.0,     93,     54,     47,.,     10,      9,.,      0,.,     11,      8,     14,     82,     76,     93,     54,     47,.,     10,      9,.,      0,.,     11,      8,     14,     82,     76,      0,      0,      0,      0,      0,      0,      0,      0,      0,      0,      0,      0,      0,      0,    28.9,    29.2,    46.0,    44.6,    22.0,    19.8,    35.0,    31.2,    28.9,    29.2,    46.0,    44.6,    22.0,    19.8,    35.0,    31.2,     0.0,     0.0,     0.0,     0.0,     0.0,     0.0,     0.0,     0.0,"42000 gallons(1000 barrels)","06641D","IFED","066 ","N13","FutOnly"
"PROPANE OPIS CONWAY INWELL FP - ICE FUTURES ENERGY DIV",260818,2026-08-18,06641E,IFED,01,066 ,   12300,    6615,    8046,    1189,     961,     935,       0,       0,       0,    1924,     685,    1284,   11947,   11911,     353,     389,   12300,    6615,    8046,    1189,     961,     935,       0,       0,       0,    1924,     685,    1284,   11947,   11911,     353,     389,       0,       0,       0,       0,       0,       0,       0,       0,       0,       0,       0,       0,       0,       0,       0,       0,     900,     356,     308,     125,     165,     292,       0,       0,       0,      15,       0,     172,     960,     937,     -60,     -37,  100.0,   53.8,   65.4,    9.7,    7.8,    7.6,    0.0,    0.0,    0.0,   15.6,    5.6,   10.4,   97.1,   96.8,    2.9,    3.2,  100.0,   53.8,   65.4,    9.7,    7.8,    7.6,    0.0,    0.0,    0.0,   15.6,    5.6,   10.4,   97.1,   96.8,    2.9,    3.2,  100.0,    0.0,    0.0,    0.0,    0.0,    0.0,    0.0,    0.0,    0.0,    0.0,    0.0,    0.0,    0.0,    0.0,    0.0,    0.0,     35,     18,     16,      4,      5,      8,      0,      0,      0,.,      4,      5,     32,     31,     35,     18,     16,      4,      5,      8,      0,      0,      0,.,      4,      5,     32,     31,      0,      0,      0,      0,      0,      0,      0,      0,      0,      0,      0,      0,      0,      0,    55.5,    49.2,    69.1,    74.0,    45.9,    41.9,    55.6,    56.7,    55.5,    49.2,    69.1,    74.0,    45.9,    41.9,    55.6,    56.7,     0.0,     0.0,     0.0,     0.0,     0.0,     0.0,     0.0,     0.0,"42000 gallons(1000 barrels)","06641E","IFED","066 ","N13","FutOnly"
"PROPANE OPIS MT BELV NONTET FP - ICE FUTURES ENERGY DIV",260818,2026-08-18,06641F,IFED,01,066 ,  102691,   65163,   55321,    9763,   31829,    1154,       0,       0,       0,   18026,    5222,    8377,  102483,  101903,     208,     788,  102691,   65163,   55321,    9763,   31829,    1154,       0,       0,       0,   18026,    5222,    8377,  102483,  101903,     208,     788,       0,       0,       0,       0,       0,       0,       0,       0,       0,       0,       0,       0,       0,       0,       0,       0,    8778,    5601,    4264,    -542,     431,     200,       0,       0,       0,    -479,    -163,    3998,    8778,    8730,       0,      48,  100.0,   63.5,   53.9,    9.5,   31.0,    1.1,    0.0,    0.0,    0.0,   17.6,    5.1,    8.2,   99.8,   99.2,    0.2,    0.8,  100.0,   63.5,   53.9,    9.5,   31.0,    1.1,    0.0,    0.0,    0.0,   17.6,    5.1,    8.2,   99.8,   99.2,    0.2,    0.8,  100.0,    0.0,    0.0,    0.0,    0.0,    0.0,    0.0,    0.0,    0.0,    0.0,    0.0,    0.0,    0.0,    0.0,    0.0,    0.0,     76,     34,     34,      4,     11,      6,      0,      0,      0,      7,      6,      6,     52,     56,     76,     34,     34,      4,     11,      6,      0,      0,      0,      7,      6,      6,     52,     56,      0,      0,      0,      0,      0,      0,      0,      0,      0,      0,      0,      0,      0,      0,    55.6,    31.2,    74.5,    56.3,    49.8,    27.7,    64.6,    50.4,    55.6,    31.2,    74.5,    56.3,    49.8,    27.7,    64.6,    50.4,     0.0,     0.0,     0.0,     0.0,     0.0,     0.0,     0.0,     0.0,"42000 gallons(1000 barrels)","06641F","IFED","066 ","N13","FutOnly"
"PROPANE OPIS MT BELVIEU TET FP - ICE FUTURES ENERGY DIV",260818,2026-08-18,06641G,IFED,01,066 ,  169862,   90332,   97172,   20222,   12658,   11670,       0,    6869,     189,   29710,   23706,   17175,  169298,  169439,     564,     423,  169862,   90332,   97172,   20222,   12658,   11670,       0,    6869,     189,   29710,   23706,   17175,  169298,  169439,     564,     423,       0,       0,       0,       0,       0,       0,       0,       0,       0,       0,       0,       0,       0,       0,       0,       0,    3759,    3527,    2875,    -570,    -652,     120,       0,     -70,       0,   -1594,    -720,    2218,    3701,    3771,      58,     -12,  100.0,   53.2,   57.2,   11.9,    7.5,    6.9,    0.0,    4.0,    0.1,   17.5,   14.0,   10.1,   99.7,   99.8,    0.3,    0.2,  100.0,   53.2,   57.2,   11.9,    7.5,    6.9,    0.0,    4.0,    0.1,   17.5,   14.0,   10.1,   99.7,   99.8,    0.3,    0.2,  100.0,    0.0,    0.0,    0.0,    0.0,    0.0,    0.0,    0.0,    0.0,    0.0,    0.0,    0.0,    0.0,    0.0,    0.0,    0.0,    137,     65,     73,      8,     11,     16,      0,      6,.,     14,     17,     22,    108,    126,    137,     65,     73,      8,     11,     16,      0,      6,.,     14,     17,     22,    108,    126,      0,      0,      0,      0,      0,      0,      0,      0,      0,      0,      0,      0,      0,      0,    29.6,    32.4,    45.9,    45.3,    29.4,    24.9,    42.9,    35.7,    29.6,    32.4,    45.9,    45.3,    29.4,    24.9,    42.9,    35.7,     0.0,     0.0,     0.0,     0.0,     0.0,     0.0,     0.0,     0.0,"42000 gallons(1000 barrels)","06641G","IFED","066 ","N13","FutOnly"
"PROPANE ARGUS SAUDI CP FP - ICE FUTURES ENERGY DIV",260818,2026-08-18,06641H,IFED,01,066 ,    3305,    1046,    2486,      92,      20,      61,       0,       0,       0,     495,     132,     187,    1881,    2886,    1424,     419,    3305,    1046,    2486,      92,      20,      61,       0,       0,       0,     495,     132,     187,    1881,    2886,    1424,     419,       0,       0,       0,       0,       0,       0,       0,       0,       0,       0,       0,       0,       0,       0,       0,       0,      70,     -20,      93,       0,      20,      42,       0,       0,       0,      47,      -4,      -8,      61,     143,       9,     -73,  100.0,   31.6,   75.2,    2.8,    0.6,    1.8,    0.0,    0.0,    0.0,   15.0,    4.0,    5.7,   56.9,   87.3,   43.1,   12.7,  100.0,   31.6,   75.2,    2.8,    0.6,    1.8,    0.0,    0.0,    0.0,   15.0,    4.0,    5.7,   56.9,   87.3,   43.1,   12.7,  100.0,    0.0,    0.0,    0.0,    0.0,    0.0,    0.0,    0.0,    0.0,    0.0,    0.0,    0.0,    0.0,    0.0,    0.0,    0.0,     24,     12,     12,.,.,.,      0,      0,      0,.,.,.,     18,     16,     24,     12,     12,.,.,.,      0,      0,      0,.,.,.,     18,     16,      0,      0,      0,      0,      0,      0,      0,      0,      0,      0,      0,      0,      0,      0,    30.2,    49.1,    44.7,    73.3,    27.8,    48.7,    39.8,    67.7,    30.2,    49.1,    44.7,    73.3,    27.8,    48.7,    39.8,    67.7,     0.0,     0.0,     0.0,     0.0,     0.0,     0.0,     0.0,     0.0,"1000 Metric  Tonnes","06641H","IFED","066 ","N13","FutOnly"
"ARGUS PROPANE FAR EAST INDEX - NEW YORK MERCANTILE EXCHANGE",260818,2026-08-18,06665B,NYME,01,066 ,    4559,    2067,    3496,     440,      91,     185,      36,       0,       0,     888,      35,     151,    3767,    3958,     792,     601,    4559,    2067,    3496,     440,      91,     185,      36,       0,       0,     888,      35,     151,    3767,    3958,     792,     601,       0,       0,       0,       0,       0,       0,       0,       0,       0,       0,       0,       0,       0,       0,       0,       0,     146,      36,     113,       1,      -3,      10,       2,       0,       0,      69,      -3,     -20,      98,      97,      48,      49,  100.0,   45.3,   76.7,    9.7,    2.0,    4.1,    0.8,    0.0,    0.0,   19.5,    0.8,    3.3,   82.6,   86.8,   17.4,   13.2,  100.0,   45.3,   76.7,    9.7,    2.0,    4.1,    0.8,    0.0,    0.0,   19.5,    0.8,    3.3,   82.6,   86.8,   17.4,   13.2,  100.0,    0.0,    0.0,    0.0,    0.0,    0.0,    0.0,    0.0,    0.0,    0.0,    0.0,    0.0,    0.0,    0.0,    0.0,    0.0,     25,     14,     12,.,.,.,.,      0,      0,      4,.,.,     22,     19,     25,     14,     12,.,.,.,.,      0,      0,      4,.,.,     22,     19,      0,      0,      0,      0,      0,      0,      0,      0,      0,      0,      0,      0,      0,      0,    48.1,    67.0,    61.7,    77.7,    45.7,    64.1,    56.6,    68.3,    48.1,    67.0,    61.7,    77.7,    45.7,    64.1,    56.6,    68.3,     0.0,     0.0,     0.0,     0.0,     0.0,     0.0,     0.0,     0.0,"(CONTRACTS OF 1,000 METRIC TONS)","06665B","NYME","066 ","N13","FutOnly"
"PROPANE NON-LDH MT BEL - NEW YORK MERCANTILE EXCHANGE",260818,2026-08-18,06665G,NYME,01,066 ,   27916,   21014,   15002,    1170,    9237,    1284,       0,       0,       0,    2423,     266,    1499,   27390,   27288,     526,     628,   27916,   21014,   15002,    1170,    9237,    1284,       0,       0,       0,    2423,     266,    1499,   27390,   27288,     526,     628,       0,       0,       0,       0,       0,       0,       0,       0,       0,       0,       0,       0,       0,       0,       0,       0,    1210,    1521,     264,    -626,     545,     235,       0,       0,       0,     105,     216,     -50,    1185,    1210,      25,       0,  100.0,   75.3,   53.7,    4.2,   33.1,    4.6,    0.0,    0.0,    0.0,    8.7,    1.0,    5.4,   98.1,   97.8,    1.9,    2.2,  100.0,   75.3,   53.7,    4.2,   33.1,    4.6,    0.0,    0.0,    0.0,    8.7,    1.0,    5.4,   98.1,   97.8,    1.9,    2.2,  100.0,    0.0,    0.0,    0.0,    0.0,    0.0,    0.0,    0.0,    0.0,    0.0,    0.0,    0.0,    0.0,    0.0,    0.0,    0.0,     54,     26,     25,      4,      6,      5,      0,      0,      0,      4,.,.,     38,     37,     54,     26,     25,      4,      6,      5,      0,      0,      0,      4,.,.,     38,     37,      0,      0,      0,      0,      0,      0,      0,      0,      0,      0,      0,      0,      0,      0,    34.8,    41.1,    56.0,    58.8,    32.9,    41.1,    50.7,    56.5,    34.8,    41.1,    56.0,    58.8,    32.9,    41.1,    50.7,    56.5,     0.0,     0.0,     0.0,     0.0,     0.0,     0.0,     0.0,     0.0,"(CONTRACTS OF 42,000 GALLONS)","06665G","NYME","066 ","N13","FutOnly"
"PROPANE - NEW YORK MERCANTILE EXCHANGE",260818,2026-08-18,06665O,NYME,01,066 ,  108401,   74664,   67315,    9939,    8476,    7387,    1242,    1357,    1309,    2045,   10666,   11070,  107656,  107580,     745,     821,  108401,   74664,   67315,    9939,    8476,    7387,    1242,    1357,    1309,    2045,   10666,   11070,  107656,  107580,     745,     821,       0,       0,       0,       0,       0,       0,       0,       0,       0,       0,       0,       0,       0,       0,       0,       0,    2807,     742,    3767,    1430,    -149,    -424,     184,    -395,     128,     924,     -86,    -113,    2871,    2728,     -64,      79,  100.0,   68.9,   62.1,    9.2,    7.8,    6.8,    1.1,    1.3,    1.2,    1.9,    9.8,   10.2,   99.3,   99.2,    0.7,    0.8,  100.0,   68.9,   62.1,    9.2,    7.8,    6.8,    1.1,    1.3,    1.2,    1.9,    9.8,   10.2,   99.3,   99.2,    0.7,    0.8,  100.0,    0.0,    0.0,    0.0,    0.0,    0.0,    0.0,    0.0,    0.0,    0.0,    0.0,    0.0,    0.0,    0.0,    0.0,    0.0,    131,     62,     60,     12,      7,     15,      7,     10,      4,      7,     15,     15,    107,    108,    131,     62,     60,     12,      7,     15,      7,     10,      4,      7,     15,     15,    107,    108,      0,      0,      0,      0,      0,      0,      0,      0,      0,      0,      0,      0,      0,      0,    36.8,    25.7,    52.8,    41.4,    32.2,    22.8,    38.5,    33.3,    36.8,    25.7,    52.8,    41.4,    32.2,    22.8,    38.5,    33.3,     0.0,     0.0,     0.0,     0.0,     0.0,     0.0,     0.0,     0.0,"(CONTRACTS OF 42,000 GALLONS)","06665O","NYME","066 ","N13","FutOnly"
"MT BELVIEU ETHANE OPIS - NEW YORK MERCANTILE EXCHANGE",260818,2026-08-18,06665P,NYME,01,066 ,   44055,   37423,   24134,     195,   14686,    2938,    1892,     450,     130,     545,     330,     675,   43798,   43343,     257,     712,   44055,   37423,   24134,     195,   14686,    2938,    1892,     450,     130,     545,     330,     675,   43798,   43343,     257,     712,       0,       0,       0,       0,       0,       0,       0,       0,       0,       0,       0,       0,       0,       0,       0,       0,    5130,    5192,    4122,     -84,    1494,     102,     -75,       0,       0,      55,       0,     -55,    5135,    5663,      -5,    -533,  100.0,   84.9,   54.8,    0.4,   33.3,    6.7,    4.3,    1.0,    0.3,    1.2,    0.7,    1.5,   99.4,   98.4,    0.6,    1.6,  100.0,   84.9,   54.8,    0.4,   33.3,    6.7,    4.3,    1.0,    0.3,    1.2,    0.7,    1.5,   99.4,   98.4,    0.6,    1.6,  100.0,    0.0,    0.0,    0.0,    0.0,    0.0,    0.0,    0.0,    0.0,    0.0,    0.0,    0.0,    0.0,    0.0,    0.0,    0.0,     50,     22,     22,.,      7,      6,      8,.,.,.,.,      5,     41,     39,     50,     22,     22,.,      7,      6,      8,.,.,.,.,      5,     41,     39,      0,      0,      0,      0,      0,      0,      0,      0,      0,      0,      0,      0,      0,      0,    57.7,    40.6,    73.2,    58.0,    44.7,    32.5,    50.4,    43.3,    57.7,    40.6,    73.2,    58.0,    44.7,    32.5,    50.4,    43.3,     0.0,     0.0,     0.0,     0.0,     0.0,     0.0,     0.0,     0.0,"(CONTRACTS OF 42,000 GALLONS)","06665P","NYME","066 ","N13","FutOnly"
"MT BELV NORM BUTANE OPIS - NEW YORK MERCANTILE EXCHANGE",260818,2026-08-18,06665Q,NYME,01,066 ,   46802,   33234,   29275,    2818,    6317,    3350,    1664,     180,     100,    1744,    3285,    3144,   46054,   45651,     748,    1151,   46802,   33234,   29275,    2818,    6317,    3350,    1664,     180,     100,    1744,    3285,    3144,   46054,   45651,     748,    1151,       0,       0,       0,       0,       0,       0,       0,       0,       0,       0,       0,       0,       0,       0,       0,       0,    2372,    1788,    1063,    -125,     298,     394,     -24,     -30,     100,    -301,      14,     504,    2336,    2343,      36,      29,  100.0,   71.0,   62.6,    6.0,   13.5,    7.2,    3.6,    0.4,    0.2,    3.7,    7.0,    6.7,   98.4,   97.5,    1.6,    2.5,  100.0,   71.0,   62.6,    6.0,   13.5,    7.2,    3.6,    0.4,    0.2,    3.7,    7.0,    6.7,   98.4,   97.5,    1.6,    2.5,  100.0,    0.0,    0.0,    0.0,    0.0,    0.0,    0.0,    0.0,    0.0,    0.0,    0.0,    0.0,    0.0,    0.0,    0.0,    0.0,    110,     54,     50,      5,      9,     11,     11,.,.,      8,      9,     15,     95,     83,    110,     54,     50,      5,      9,     11,     11,.,.,      8,      9,     15,     95,     83,      0,      0,      0,      0,      0,      0,      0,      0,      0,      0,      0,      0,      0,      0,    25.2,    22.4,    40.6,    37.8,    17.8,    18.5,    28.7,    30.9,    25.2,    22.4,    40.6,    37.8,    17.8,    18.5,    28.7,    30.9,     0.0,     0.0,     0.0,     0.0,     0.0,     0.0,     0.0,     0.0,"(CONTRACTS OF 42,000 GALLONS)","06665Q","NYME","066 ","N13","FutOnly"
"MT BELV NAT GASOLINE OPIS - NEW YORK MERCANTILE EXCHANGE",260818,2026-08-18,06665R,NYME,01,066 ,   50223,   47306,   31873,     360,   15653,       0,      40,       0,       0,    2256,    1344,      82,   50044,   48952,     179,    1271,   50223,   47306,   31873,     360,   15653,       0,      40,       0,       0,    2256,    1344,      82,   50044,   48952,     179,    1271,       0,       0,       0,       0,       0,       0,       0,       0,       0,       0,       0,       0,       0,       0,       0,       0,    1821,    1281,    1114,     360,     570,       0,      10,       0,       0,     180,     137,       0,    1831,    1821,     -10,       0,  100.0,   94.2,   63.5,    0.7,   31.2,    0.0,    0.1,    0.0,    0.0,    4.5,    2.7,    0.2,   99.6,   97.5,    0.4,    2.5,  100.0,   94.2,   63.5,    0.7,   31.2,    0.0,    0.1,    0.0,    0.0,    4.5,    2.7,    0.2,   99.6,   97.5,    0.4,    2.5,  100.0,    0.0,    0.0,    0.0,    0.0,    0.0,    0.0,    0.0,    0.0,    0.0,    0.0,    0.0,    0.0,    0.0,    0.0,    0.0,     49,     27,     26,.,      7,      0,.,      0,      0,.,.,.,     34,     35,     49,     27,     26,.,      7,      0,.,      0,      0,.,.,.,     34,     35,      0,      0,      0,      0,      0,      0,      0,      0,      0,      0,      0,      0,      0,      0,    81.5,    43.6,    90.2,    66.2,    79.2,    42.7,    85.5,    65.3,    81.5,    43.6,    90.2,    66.2,    79.2,    42.7,    85.5,    65.3,     0.0,     0.0,     0.0,     0.0,     0.0,     0.0,     0.0,     0.0,"(CONTRACTS OF 42,000 GALLONS)","06665R","NYME","066 ","N13","FutOnly"
"CONWAY PROPANE (OPIS) - NEW YORK MERCANTILE EXCHANGE",260818,2026-08-18,06665T,NYME,01,066 ,   21307,   15475,   12974,    2049,    4642,     731,       0,     330,       0,     605,     761,    1511,   20371,   20949,     936,     358,   21307,   15475,   12974,    2049,    4642,     731,       0,     330,       0,     605,     761,    1511,   20371,   20949,     936,     358,       0,       0,       0,       0,       0,       0,       0,       0,       0,       0,       0,       0,       0,       0,       0,       0,     771,     767,     291,      27,     340,      14,       0,       0,       0,      23,     181,     -60,     771,     766,       0,       5,  100.0,   72.6,   60.9,    9.6,   21.8,    3.4,    0.0,    1.5,    0.0,    2.8,    3.6,    7.1,   95.6,   98.3,    4.4,    1.7,  100.0,   72.6,   60.9,    9.6,   21.8,    3.4,    0.0,    1.5,    0.0,    2.8,    3.6,    7.1,   95.6,   98.3,    4.4,    1.7,  100.0,    0.0,    0.0,    0.0,    0.0,    0.0,    0.0,    0.0,    0.0,    0.0,    0.0,    0.0,    0.0,    0.0,    0.0,    0.0,     55,     25,     27,      5,      6,      6,      0,.,      0,      4,      4,      6,     42,     44,     55,     25,     27,      5,      6,      6,      0,.,      0,      4,      4,      6,     42,     44,      0,      0,      0,      0,      0,      0,      0,      0,      0,      0,      0,      0,      0,      0,    50.5,    40.6,    63.8,    64.0,    46.1,    34.6,    57.2,    52.6,    50.5,    40.6,    63.8,    64.0,    46.1,    34.6,    57.2,    52.6,     0.0,     0.0,     0.0,     0.0,     0.0,     0.0,     0.0,     0.0,"(CONTRACTS OF 42,000 GALLONS)","06665T","NYME","066 ","N13","FutOnly"
"CRUDE DIFF-WCS HOUSTON/WTI 1ST - ICE FUTURES ENERGY DIV",260818,2026-08-18,06739C,IFED,01,067 ,   61397,   41578,   60467,    4375,     225,       0,   14774,      60,     470,      40,       0,     150,   61387,   61372,      10,      25,   61397,   41578,   60467,    4375,     225,       0,   14774,      60,     470,      40,       0,     150,   61387,   61372,      10,      25,       0,       0,       0,       0,       0,       0,       0,       0,       0,       0,       0,       0,       0,       0,       0,       0,    5403,    4428,    6708,      15,       0,       0,    1250,    -735,    -375,      20,    -250,     140,    5478,    5488,     -75,     -85,  100.0,   67.7,   98.5,    7.1,    0.4,    0.0,   24.1,    0.1,    0.8,    0.1,    0.0,    0.2,  100.0,  100.0,    0.0,    0.0,  100.0,   67.7,   98.5,    7.1,    0.4,    0.0,   24.1,    0.1,    0.8,    0.1,    0.0,    0.2,  100.0,  100.0,    0.0,    0.0,  100.0,    0.0,    0.0,    0.0,    0.0,    0.0,    0.0,    0.0,    0.0,    0.0,    0.0,    0.0,    0.0,    0.0,    0.0,    0.0,     43,     27,     23,.,.,      0,.,.,.,.,      0,.,     34,     27,     43,     27,     23,.,.,      0,.,.,.,.,      0,.,     34,     27,      0,      0,      0,      0,      0,      0,      0,      0,      0,      0,      0,      0,      0,      0,    51.9,    64.2,    71.0,    86.0,    34.8,    49.8,    51.1,    63.2,    51.9,    64.2,    71.0,    86.0,    34.8,    49.8,    51.1,    63.2,     0.0,     0.0,     0.0,     0.0,     0.0,     0.0,     0.0,     0.0,"(1000 Barrels)","06739C","IFED","067 ","N10","FutOnly"
"CRUDE OIL, LIGHT SWEET-WTI - ICE FUTURES EUROPE",260818,2026-08-18,067411,ICEU,01,067 ,  815351,  441861,  346393,    7199,   87980,   59819,   12816,   23512,   33800,   59414,   66169,  185312,  800221,  802985,   15130,   12366,  815351,  441861,  346393,    7199,   87980,   59819,   12816,   23512,   33800,   59414,   66169,  185312,  800221,  802985,   15130,   12366,       0,       0,       0,       0,       0,       0,       0,       0,       0,       0,       0,       0,       0,       0,       0,       0,   18193,   18077,    4540,    -660,    2453,     792,   -2711,    -451,    4768,   -1181,    7677,    1682,   20767,   21461,   -2574,   -3268,  100.0,   54.2,   42.5,    0.9,   10.8,    7.3,    1.6,    2.9,    4.1,    7.3,    8.1,   22.7,   98.1,   98.5,    1.9,    1.5,  100.0,   54.2,   42.5,    0.9,   10.8,    7.3,    1.6,    2.9,    4.1,    7.3,    8.1,   22.7,   98.1,   98.5,    1.9,    1.5,  100.0,    0.0,    0.0,    0.0,    0.0,    0.0,    0.0,    0.0,    0.0,    0.0,    0.0,    0.0,    0.0,    0.0,    0.0,    0.0,    117,     39,     35,      4,     12,     14,      5,     12,     13,     13,     24,     35,    104,    104,    117,     39,     35,      4,     12,     14,      5,     12,     13,     13,     24,     35,    104,    104,      0,      0,      0,      0,      0,      0,      0,      0,      0,      0,      0,      0,      0,      0,    36.0,    33.3,    54.3,    45.9,    28.8,    20.6,    39.1,    27.9,    36.0,    33.3,    54.3,    45.9,    28.8,    20.6,    39.1,    27.9,     0.0,     0.0,     0.0,     0.0,     0.0,     0.0,     0.0,     0.0,"(CONTRACTS OF 1,000 BARRELS)","067411","ICEU","067 ","N10","FutOnly"
"CRUDE DIFF-TMX WCS 1A INDEX - ICE FUTURES ENERGY DIV",260818,2026-08-18,06742G,IFED,01,067 ,   69229,   67399,   29717,       0,   21439,     110,       0,   17326,      90,     345,      80,       0,   67944,   68762,    1285,     467,   69229,   67399,   29717,       0,   21439,     110,       0,   17326,      90,     345,      80,       0,   67944,   68762,    1285,     467,       0,       0,       0,       0,       0,       0,       0,       0,       0,       0,       0,       0,       0,       0,       0,       0,    4080,    2900,    2085,       0,    -129,     -25,     -30,    1745,      60,      30,       0,    -120,    2815,    3616,    1265,     464,  100.0,   97.4,   42.9,    0.0,   31.0,    0.2,    0.0,   25.0,    0.1,    0.5,    0.1,    0.0,   98.1,   99.3,    1.9,    0.7,  100.0,   97.4,   42.9,    0.0,   31.0,    0.2,    0.0,   25.0,    0.1,    0.5,    0.1,    0.0,   98.1,   99.3,    1.9,    0.7,  100.0,    0.0,    0.0,    0.0,    0.0,    0.0,    0.0,    0.0,    0.0,    0.0,    0.0,    0.0,    0.0,    0.0,    0.0,    0.0,     44,     24,     18,      0,     10,.,      0,.,.,.,.,      0,     29,     32,     44,     24,     18,      0,     10,.,      0,.,.,.,.,      0,     29,     32,      0,      0,      0,      0,      0,      0,      0,      0,      0,      0,      0,      0,      0,      0,    63.9,    52.5,    82.4,    71.3,    58.7,    52.4,    72.8,    68.6,    63.9,    52.5,    82.4,    71.3,    58.7,    52.4,    72.8,    68.6,     0.0,     0.0,     0.0,     0.0,     0.0,     0.0,     0.0,     0.0,"1000 BARRELS","06742G","IFED","067 ","N10","FutOnly"
"CRUDE DIFF-TMX SW 1A INDEX - ICE FUTURES ENERGY DIV",260818,2026-08-18,06742T,IFED,01,067 ,   13607,   13217,    4406,       0,    7161,       0,     330,    1005,      60,       0,     840,       0,   13607,   13472,       0,     135,   13607,   13217,    4406,       0,    7161,       0,     330,    1005,      60,       0,     840,       0,   13607,   13472,       0,     135,       0,       0,       0,       0,       0,       0,       0,       0,       0,       0,       0,       0,       0,       0,       0,       0,     -90,     -90,    -220,       0,    -125,       0,       0,     -90,       0,       0,     210,       0,     -90,    -225,       0,     135,  100.0,   97.1,   32.4,    0.0,   52.6,    0.0,    2.4,    7.4,    0.4,    0.0,    6.2,    0.0,  100.0,   99.0,    0.0,    1.0,  100.0,   97.1,   32.4,    0.0,   52.6,    0.0,    2.4,    7.4,    0.4,    0.0,    6.2,    0.0,  100.0,   99.0,    0.0,    1.0,  100.0,    0.0,    0.0,    0.0,    0.0,    0.0,    0.0,    0.0,    0.0,    0.0,    0.0,    0.0,    0.0,    0.0,    0.0,    0.0,     31,     14,     14,      0,      6,      0,.,.,.,      0,.,      0,     15,     25,     31,     14,     14,      0,      6,      0,.,.,.,      0,.,      0,     15,     25,      0,      0,      0,      0,      0,      0,      0,      0,      0,      0,      0,      0,      0,      0,    72.4,    55.3,    88.5,    73.0,    67.8,    53.6,    78.6,    63.2,    72.4,    55.3,    88.5,    73.0,    67.8,    53.6,    78.6,    63.2,     0.0,     0.0,     0.0,     0.0,     0.0,     0.0,     0.0,     0.0,"1000 BARRELS","06742T","IFED","067 ","N10","FutOnly"
"CONDENSATE DIF-TMX C5 1A INDEX - ICE FUTURES ENERGY DIV",260818,2026-08-18,06743A,IFED,01,067 ,   15085,   13500,   14725,    1585,      90,       0,       0,       0,       0,       0,     120,       0,   15085,   14935,       0,     150,   15085,   13500,   14725,    1585,      90,       0,       0,       0,       0,       0,     120,       0,   15085,   14935,       0,     150,       0,       0,       0,       0,       0,       0,       0,       0,       0,       0,       0,       0,       0,       0,       0,       0,     -15,     -45,     -15,      30,     -30,       0,       0,       0,       0,       0,       0,       0,     -15,     -45,       0,      30,  100.0,   89.5,   97.6,   10.5,    0.6,    0.0,    0.0,    0.0,    0.0,    0.0,    0.8,    0.0,  100.0,   99.0,    0.0,    1.0,  100.0,   89.5,   97.6,   10.5,    0.6,    0.0,    0.0,    0.0,    0.0,    0.0,    0.8,    0.0,  100.0,   99.0,    0.0,    1.0,  100.0,    0.0,    0.0,    0.0,    0.0,    0.0,    0.0,    0.0,    0.0,    0.0,    0.0,    0.0,    0.0,    0.0,    0.0,    0.0,     28,     18,     17,.,.,      0,      0,      0,      0,      0,.,      0,     20,     19,     28,     18,     17,.,.,      0,      0,      0,      0,      0,.,      0,     20,     19,      0,      0,      0,      0,      0,      0,      0,      0,      0,      0,      0,      0,      0,      0,    63.1,    72.5,    87.2,    88.4,    49.7,    61.9,    63.7,    66.9,    63.1,    72.5,    87.2,    88.4,    49.7,    61.9,    63.7,    66.9,     0.0,     0.0,     0.0,     0.0,     0.0,     0.0,     0.0,     0.0,"1000 BARRELS","06743A","IFED","067 ","N10","FutOnly"
"WTI-PHYSICAL - NEW YORK MERCANTILE EXCHANGE",260818,2026-08-18,067651,NYME,01,067 , 1888960,  653948,  338431,  107452,  576056,  133421,  195538,  108059,  267661,  124621,   90010,  331211, 1813852, 1844849,   75108,   44111, 1888960,  653948,  338431,  107452,  576056,  133421,  195538,  108059,  267661,  124621,   90010,  331211, 1813852, 1844849,   75108,   44111,       0,       0,       0,       0,       0,       0,       0,       0,       0,       0,       0,       0,       0,       0,       0,       0,   -3469,   -4546,   19134,   -1856,   -2086,    3879,    4984,   -2579,  -10618,     329,  -15002,    4600,   -3228,   -2672,    -241,    -797,  100.0,   34.6,   17.9,    5.7,   30.5,    7.1,   10.4,    5.7,   14.2,    6.6,    4.8,   17.5,   96.0,   97.7,    4.0,    2.3,  100.0,   34.6,   17.9,    5.7,   30.5,    7.1,   10.4,    5.7,   14.2,    6.6,    4.8,   17.5,   96.0,   97.7,    4.0,    2.3,  100.0,    0.0,    0.0,    0.0,    0.0,    0.0,    0.0,    0.0,    0.0,    0.0,    0.0,    0.0,    0.0,    0.0,    0.0,    0.0,    283,     58,     54,     15,     26,     30,     54,     28,     55,     55,     31,     56,    253,    219,    283,     58,     54,     15,     26,     30,     54,     28,     55,     55,     31,     56,    253,    219,      0,      0,      0,      0,      0,      0,      0,      0,      0,      0,      0,      0,      0,      0,    17.3,    19.4,    30.8,    30.0,    10.2,    13.3,    16.7,    20.3,    17.3,    19.4,    30.8,    30.0,    10.2,    13.3,    16.7,    20.3,     0.0,     0.0,     0.0,     0.0,     0.0,     0.0,     0.0,     0.0,"(CONTRACTS OF 1,000 BARRELS)","067651","NYME","067 ","N10","FutOnly"
"WTI FINANCIAL CRUDE OIL - NEW YORK MERCANTILE EXCHANGE",260818,2026-08-18,06765A,NYME,01,067 ,  202276,   37672,   50588,   58577,   53939,   13566,       0,       0,       0,   52461,   23297,   14652,  176928,  156042,   25348,   46234,  202276,   37672,   50588,   58577,   53939,   13566,       0,       0,       0,   52461,   23297,   14652,  176928,  156042,   25348,   46234,       0,       0,       0,       0,       0,       0,       0,       0,       0,       0,       0,       0,       0,       0,       0,       0,    8329,    1612,    2113,   -3266,    1223,    3173,       0,       0,       0,    6706,     768,      55,    8280,    7332,      49,     997,  100.0,   18.6,   25.0,   29.0,   26.7,    6.7,    0.0,    0.0,    0.0,   25.9,   11.5,    7.2,   87.5,   77.1,   12.5,   22.9,  100.0,   18.6,   25.0,   29.0,   26.7,    6.7,    0.0,    0.0,    0.0,   25.9,   11.5,    7.2,   87.5,   77.1,   12.5,   22.9,  100.0,    0.0,    0.0,    0.0,    0.0,    0.0,    0.0,    0.0,    0.0,    0.0,    0.0,    0.0,    0.0,    0.0,    0.0,    0.0,     45,     14,     13,     11,      6,     11,      0,      0,      0,      5,      5,      7,     37,     35,     45,     14,     13,     11,      6,     11,      0,      0,      0,      5,      5,      7,     37,     35,      0,      0,      0,      0,      0,      0,      0,      0,      0,      0,      0,      0,      0,      0,    33.7,    35.5,    50.0,    49.5,    29.1,    35.4,    44.2,    49.3,    33.7,    35.5,    50.0,    49.5,    29.1,    35.4,    44.2,    49.3,     0.0,     0.0,     0.0,     0.0,     0.0,     0.0,     0.0,     0.0,"(CONTRACTS OF 1,000 BARRELS)","06765A","NYME","067 ","N10","FutOnly"
"BRENT LAST DAY - NEW YORK MERCANTILE EXCHANGE",260818,2026-08-18,06765T,NYME,01,067 ,  253532,   16792,   50500,   65364,       0,    6003,    8538,    1702,    3627,   32954,   72040,  110984,  244262,  244856,    9270,    8676,  253532,   16792,   50500,   65364,       0,    6003,    8538,    1702,    3627,   32954,   72040,  110984,  244262,  244856,    9270,    8676,       0,       0,       0,       0,       0,       0,       0,       0,       0,       0,       0,       0,       0,       0,       0,       0,   19560,    1661,   -3340,    2269,       0,     423,    -240,       8,      55,      77,    6225,   16720,   20965,   20091,   -1405,    -531,  100.0,    6.6,   19.9,   25.8,    0.0,    2.4,    3.4,    0.7,    1.4,   13.0,   28.4,   43.8,   96.3,   96.6,    3.7,    3.4,  100.0,    6.6,   19.9,   25.8,    0.0,    2.4,    3.4,    0.7,    1.4,   13.0,   28.4,   43.8,   96.3,   96.6,    3.7,    3.4,  100.0,    0.0,    0.0,    0.0,    0.0,    0.0,    0.0,    0.0,    0.0,    0.0,    0.0,    0.0,    0.0,    0.0,    0.0,    0.0,     53,     10,     11,     10,      0,      7,.,.,      4,     13,     15,     24,     49,     49,     53,     10,     11,     10,      0,      7,.,.,      4,     13,     15,     24,     49,     49,      0,      0,      0,      0,      0,      0,      0,      0,      0,      0,      0,      0,      0,      0,    35.6,    54.9,    56.5,    72.8,    22.0,    32.1,    34.5,    39.6,    35.6,    54.9,    56.5,    72.8,    22.0,    32.1,    34.5,    39.6,     0.0,     0.0,     0.0,     0.0,     0.0,     0.0,     0.0,     0.0,"(CONTRACTS OF 1,000 BARRELS)","06765T","NYME","067 ","N10","FutOnly"
"WTI  HOUSTON ARGUS/WTI TR MO - NEW YORK MERCANTILE EXCHANGE",260818,2026-08-18,0676A5,NYME,01,067 ,  445077,  414263,  285656,       0,   52772,    2263,    1125,   26720,   12985,       0,   45022,    8833,  439469,  434251,    5608,   10826,  445077,  414263,  285656,       0,   52772,    2263,    1125,   26720,   12985,       0,   45022,    8833,  439469,  434251,    5608,   10826,       0,       0,       0,       0,       0,       0,       0,       0,       0,       0,       0,       0,       0,       0,       0,       0,    2951,     904,    -241,       0,     840,     495,       0,    1230,     585,       0,   -3456,    2338,    4322,    1791,   -1371,    1160,  100.0,   93.1,   64.2,    0.0,   11.9,    0.5,    0.3,    6.0,    2.9,    0.0,   10.1,    2.0,   98.7,   97.6,    1.3,    2.4,  100.0,   93.1,   64.2,    0.0,   11.9,    0.5,    0.3,    6.0,    2.9,    0.0,   10.1,    2.0,   98.7,   97.6,    1.3,    2.4,  100.0,    0.0,    0.0,    0.0,    0.0,    0.0,    0.0,    0.0,    0.0,    0.0,    0.0,    0.0,    0.0,    0.0,    0.0,    0.0,     45,     25,     24,      0,      7,.,.,.,.,      0,      4,.,     33,     36,     45,     25,     24,      0,      7,.,.,.,.,      0,      4,.,     33,     36,      0,      0,      0,      0,      0,      0,      0,      0,      0,      0,      0,      0,      0,      0,    54.0,    42.0,    79.0,    67.3,    53.9,    35.7,    68.1,    53.4,    54.0,    42.0,    79.0,    67.3,    53.9,    35.7,    68.1,    53.4,     0.0,     0.0,     0.0,     0.0,     0.0,     0.0,     0.0,     0.0,"(CONTRACTS OF 1,000 BARRELS)","0676A5","NYME","067 ","N10","FutOnly"
"WTI MIDLAND ARGUS VS WTI TRADE - NEW YORK MERCANTILE EXCHANGE",260818,2026-08-18,067A71,NYME,01,067 ,  322004,  281186,  151531,    1481,  137471,    5211,       0,    5460,       0,   24855,       0,       0,  312733,  299673,    9271,   22331,  322004,  281186,  151531,    1481,  137471,    5211,       0,    5460,       0,   24855,       0,       0,  312733,  299673,    9271,   22331,       0,       0,       0,       0,       0,       0,       0,       0,       0,       0,       0,       0,       0,       0,       0,       0,    6533,    6095,    6165,   -1907,    -375,     402,       0,       0,       0,   -1574,       0,    -170,    2846,    6022,    3687,     511,  100.0,   87.3,   47.1,    0.5,   42.7,    1.6,    0.0,    1.7,    0.0,    7.7,    0.0,    0.0,   97.1,   93.1,    2.9,    6.9,  100.0,   87.3,   47.1,    0.5,   42.7,    1.6,    0.0,    1.7,    0.0,    7.7,    0.0,    0.0,   97.1,   93.1,    2.9,    6.9,  100.0,    0.0,    0.0,    0.0,    0.0,    0.0,    0.0,    0.0,    0.0,    0.0,    0.0,    0.0,    0.0,    0.0,    0.0,    0.0,     32,     14,     11,.,     10,.,      0,.,      0,.,      0,      0,     16,     23,     32,     14,     11,.,     10,.,      0,.,      0,.,      0,      0,     16,     23,      0,      0,      0,      0,      0,      0,      0,      0,      0,      0,      0,      0,      0,      0,    59.7,    52.5,    86.3,    75.7,    59.7,    52.5,    86.2,    75.7,    59.7,    52.5,    86.3,    75.7,    59.7,    52.5,    86.2,    75.7,     0.0,     0.0,     0.0,     0.0,     0.0,     0.0,     0.0,     0.0,"(CONTRACTS OF 1,000 BARRELS)","067A71","NYME","067 ","N10","FutOnly"
"COCOA - ICE FUTURES U.S.",260818,2026-08-18,073732,ICUS,01,073 ,  175361,   48589,   71960,   35242,    9411,   10149,   21408,   30779,   22333,   12441,    8795,   14978,  165140,  168405,   10221,    6956,    6707,    2768,    1618,     477,    1616,       0,    1501,    1340,       1,    1423,    1607,       7,    6177,    6189,     530,     518,  168654,   45821,   70342,   34776,    7806,   10138,   21752,   31284,   20487,   12730,    8900,   13259,  158963,  162216,    9691,    6438,  -15530,   -4646,   -1751,    1222,   -1799,     257,   -1547,    1157,   -5507,     402,   -1050,   -5068,  -14887,  -13761,    -643,   -1769,  100.0,   27.7,   41.0,   20.1,    5.4,    5.8,   12.2,   17.6,   12.7,    7.1,    5.0,    8.5,   94.2,   96.0,    5.8,    4.0,  100.0,   41.3,   24.1,    7.1,   24.1,    0.0,   22.4,   20.0,    0.0,   21.2,   24.0,    0.1,   92.1,   92.3,    7.9,    7.7,  100.0,   27.2,   41.7,   20.6,    4.6,    6.0,   12.9,   18.5,   12.1,    7.5,    5.3,    7.9,   94.3,   96.2,    5.7,    3.8,    199,     28,     26,     20,      6,     14,     38,     43,     44,     26,     27,     34,    163,    150,     70,     12,      7,     10,      6,      0,      9,     10,.,      9,      8,.,     42,     33,    198,     27,     24,     20,      6,     12,     35,     45,     41,     26,     27,     33,    159,    144,    18.3,    17.6,    29.9,    29.3,    14.6,    14.2,    23.4,    23.5,    42.0,    39.0,    59.5,    60.9,    41.4,    39.0,    58.8,    60.9,    18.7,    18.2,    30.7,    29.8,    15.1,    14.4,    24.2,    23.8,"(CONTRACTS OF 10 METRIC TONS)","073732","ICUS","073 ","A50","FutOnly"
"PALLADIUM - NEW YORK MERCANTILE EXCHANGE",260818,2026-08-18,075651,NYME,01,075 ,   18366,    1626,    1862,    6337,    2503,     307,    4032,    9349,    1142,    1984,    1065,     504,   15932,   16732,    2434,    1634,   18366,    1626,    1862,    6337,    2503,     307,    4032,    9349,    1142,    1984,    1065,     504,   15932,   16732,    2434,    1634,       0,       0,       0,       0,       0,       0,       0,       0,       0,       0,       0,       0,       0,       0,       0,       0,     172,     -66,     -13,      22,    -254,      85,    -432,     -62,     307,     -21,      91,     -18,    -123,     136,     295,      36,  100.0,    8.9,   10.1,   34.5,   13.6,    1.7,   22.0,   50.9,    6.2,   10.8,    5.8,    2.7,   86.7,   91.1,   13.3,    8.9,  100.0,    8.9,   10.1,   34.5,   13.6,    1.7,   22.0,   50.9,    6.2,   10.8,    5.8,    2.7,   86.7,   91.1,   13.3,    8.9,  100.0,    0.0,    0.0,    0.0,    0.0,    0.0,    0.0,    0.0,    0.0,    0.0,    0.0,    0.0,    0.0,    0.0,    0.0,    0.0,    157,      9,     14,     18,     11,      8,     28,     35,     19,     29,     15,     10,    102,     98,    157,      9,     14,     18,     11,      8,     28,     35,     19,     29,     15,     10,    102,     98,      0,      0,      0,      0,      0,      0,      0,      0,      0,      0,      0,      0,      0,      0,    27.6,    29.2,    42.2,    42.1,    27.3,    28.5,    41.4,    41.5,    27.6,    29.2,    42.2,    42.1,    27.3,    28.5,    41.4,    41.5,     0.0,     0.0,     0.0,     0.0,     0.0,     0.0,     0.0,     0.0,"(CONTRACTS OF 100 TROY OUNCES)","075651","NYME","075 ","N20","FutOnly"
"PLATINUM - NEW YORK MERCANTILE EXCHANGE",260818,2026-08-18,076651,NYME,01,076 ,   60129,    1451,   12522,   17138,   23624,    1469,   15402,    8188,    5514,    8112,    2287,    2938,   52024,   56542,    8105,    3587,   60129,    1451,   12522,   17138,   23624,    1469,   15402,    8188,    5514,    8112,    2287,    2938,   52024,   56542,    8105,    3587,       0,       0,       0,       0,       0,       0,       0,       0,       0,       0,       0,       0,       0,       0,       0,       0,    3358,     177,    -152,     515,     -13,     -13,     299,     803,    1994,     -77,     -80,     543,    3438,    3082,     -80,     276,  100.0,    2.4,   20.8,   28.5,   39.3,    2.4,   25.6,   13.6,    9.2,   13.5,    3.8,    4.9,   86.5,   94.0,   13.5,    6.0,  100.0,    2.4,   20.8,   28.5,   39.3,    2.4,   25.6,   13.6,    9.2,   13.5,    3.8,    4.9,   86.5,   94.0,   13.5,    6.0,  100.0,    0.0,    0.0,    0.0,    0.0,    0.0,    0.0,    0.0,    0.0,    0.0,    0.0,    0.0,    0.0,    0.0,    0.0,    0.0,    206,     11,     19,     15,     16,     10,     45,     27,     23,     52,     18,     14,    150,    105,    206,     11,     19,     15,     16,     10,     45,     27,     23,     52,     18,     14,    150,    105,      0,      0,      0,      0,      0,      0,      0,      0,      0,      0,      0,      0,      0,      0,    19.3,    36.5,    31.4,    48.3,    18.9,    34.9,    29.5,    44.6,    19.3,    36.5,    31.4,    48.3,    18.9,    34.9,    29.5,    44.6,     0.0,     0.0,     0.0,     0.0,     0.0,     0.0,     0.0,     0.0,"(CONTRACTS OF 50 TROY OUNCES)","076651","NYME","076 ","N20","FutOnly"
"SUGAR NO. 11 - ICE FUTURES U.S.",260818,2026-08-18,080732,ICUS,01,080 , 1174925,  234628,  485147,  238308,  110777,   33216,  254297,  115684,  142114,   70779,  131440,   98159, 1071501, 1116537,  103424,   58388, 1174925,  234628,  485147,  238308,  110777,   33216,  254297,  115684,  142114,   70779,  131440,   98159, 1071501, 1116537,  103424,   58388,       0,       0,       0,       0,       0,       0,       0,       0,       0,       0,       0,       0,       0,       0,       0,       0,   59768,   11689,   48546,   -3637,   26572,    5480,   39471,  -55558,   15868,  -31775,   12689,   12631,   49727,   66228,   10041,   -6460,  100.0,   20.0,   41.3,   20.3,    9.4,    2.8,   21.6,    9.8,   12.1,    6.0,   11.2,    8.4,   91.2,   95.0,    8.8,    5.0,  100.0,   20.0,   41.3,   20.3,    9.4,    2.8,   21.6,    9.8,   12.1,    6.0,   11.2,    8.4,   91.2,   95.0,    8.8,    5.0,  100.0,    0.0,    0.0,    0.0,    0.0,    0.0,    0.0,    0.0,    0.0,    0.0,    0.0,    0.0,    0.0,    0.0,    0.0,    0.0,    296,     51,     56,     19,     12,     11,     73,     41,     65,     44,     34,     41,    250,    205,    296,     51,     56,     19,     12,     11,     73,     41,     65,     44,     34,     41,    250,    205,      0,      0,      0,      0,      0,      0,      0,      0,      0,      0,      0,      0,      0,      0,    13.2,    21.2,    22.4,    34.8,    11.1,    17.2,    18.2,    26.1,    13.2,    21.2,    22.4,    34.8,    11.1,    17.2,    18.2,    26.1,     0.0,     0.0,     0.0,     0.0,     0.0,     0.0,     0.0,     0.0,"(CONTRACTS OF 112,000 POUNDS)","080732","ICUS","080 ","A50","FutOnly"
"COFFEE C - ICE FUTURES U.S.",260818,2026-08-18,083731,ICUS,01,083 ,  163299,   35245,   70291,   24867,   22625,    3777,   41638,   10026,   24686,   10388,   11635,   14384,  154985,  157424,    8314,    5875,    6131,    5114,    3126,      60,     747,      33,     170,     312,       0,     402,     733,      52,    5831,    5003,     300,    1128,  157168,   30131,   67165,   24824,   21895,    3727,   41726,    9972,   24428,   10257,   11173,   14061,  149154,  152421,    8014,    4747,  -10540,   -5050,   -1234,      83,    -356,    -696,    -661,     160,   -2302,      -1,   -4008,   -1688,  -10315,  -10124,    -225,    -416,  100.0,   21.6,   43.0,   15.2,   13.9,    2.3,   25.5,    6.1,   15.1,    6.4,    7.1,    8.8,   94.9,   96.4,    5.1,    3.6,  100.0,   83.4,   51.0,    1.0,   12.2,    0.5,    2.8,    5.1,    0.0,    6.6,   12.0,    0.8,   95.1,   81.6,    4.9,   18.4,  100.0,   19.2,   42.7,   15.8,   13.9,    2.4,   26.5,    6.3,   15.5,    6.5,    7.1,    8.9,   94.9,   97.0,    5.1,    3.0,    339,     75,     87,     16,     24,     17,     80,     29,     49,     40,     45,     43,    265,    250,    123,     13,     64,.,     10,.,      9,      4,      0,      8,     14,.,     35,     93,    338,     73,     80,     16,     24,     15,     80,     30,     46,     42,     43,     39,    258,    238,    12.9,    17.8,    22.2,    28.2,    10.9,    13.6,    17.4,    19.6,    80.9,    21.3,    87.3,    34.8,    80.9,    21.3,    87.3,    34.8,    13.4,    18.2,    23.0,    29.0,    11.3,    16.0,    18.1,    22.5,"(CONTRACTS OF 37,500 POUNDS)","083731","ICUS","083 ","A50","FutOnly"
"SILVER - COMMODITY EXCHANGE INC.",260818,2026-08-18,084691,CMX ,01,084 ,  120117,    5735,   21822,   22520,   51225,    6417,   19533,    7838,   10177,   18820,    6890,    7313,   90515,  111682,   29602,    8435,  120117,    5735,   21822,   22520,   51225,    6417,   19533,    7838,   10177,   18820,    6890,    7313,   90515,  111682,   29602,    8435,       0,       0,       0,       0,       0,       0,       0,       0,       0,       0,       0,       0,       0,       0,       0,       0,    4990,     283,     424,     -13,     664,    2601,    -423,    -960,    2866,    -499,      59,    -322,    4493,    5332,     497,    -342,  100.0,    4.8,   18.2,   18.7,   42.6,    5.3,   16.3,    6.5,    8.5,   15.7,    5.7,    6.1,   75.4,   93.0,   24.6,    7.0,  100.0,    4.8,   18.2,   18.7,   42.6,    5.3,   16.3,    6.5,    8.5,   15.7,    5.7,    6.1,   75.4,   93.0,   24.6,    7.0,  100.0,    0.0,    0.0,    0.0,    0.0,    0.0,    0.0,    0.0,    0.0,    0.0,    0.0,    0.0,    0.0,    0.0,    0.0,    0.0,    163,     10,     13,     15,     17,     14,     38,      9,     16,     47,     17,     18,    134,     80,    163,     10,     13,     15,     17,     14,     38,      9,     16,     47,     17,     18,    134,     80,      0,      0,      0,      0,      0,      0,      0,      0,      0,      0,      0,      0,      0,      0,    13.8,    29.3,    23.7,    44.8,    11.7,    27.0,    19.1,    41.4,    13.8,    29.3,    23.7,    44.8,    11.7,    27.0,    19.1,    41.4,     0.0,     0.0,     0.0,     0.0,     0.0,     0.0,     0.0,     0.0,"(CONTRACTS OF 5,000 TROY OUNCES)","084691","CMX ","084 ","N20","FutOnly"
"COPPER- #1 - COMMODITY EXCHANGE INC.",260818,2026-08-18,085692,CMX ,01,085 ,  281563,   28940,  125214,   52125,   45991,    8658,   92097,   13449,   25262,   19302,   18202,   35071,  261455,  271847,   20108,    9716,  281563,   28940,  125214,   52125,   45991,    8658,   92097,   13449,   25262,   19302,   18202,   35071,  261455,  271847,   20108,    9716,       0,       0,       0,       0,       0,       0,       0,       0,       0,       0,       0,       0,       0,       0,       0,       0,  -15484,   -1910,   -3153,    -489,    -352,    -473,   -1814,   -1435,  -10038,   -1249,    -988,    1705,  -14268,  -14734,   -1216,    -750,  100.0,   10.3,   44.5,   18.5,   16.3,    3.1,   32.7,    4.8,    9.0,    6.9,    6.5,   12.5,   92.9,   96.5,    7.1,    3.5,  100.0,   10.3,   44.5,   18.5,   16.3,    3.1,   32.7,    4.8,    9.0,    6.9,    6.5,   12.5,   92.9,   96.5,    7.1,    3.5,  100.0,    0.0,    0.0,    0.0,    0.0,    0.0,    0.0,    0.0,    0.0,    0.0,    0.0,    0.0,    0.0,    0.0,    0.0,    0.0,    279,     27,     32,     20,     14,     19,     85,     17,     47,     62,     41,     42,    246,    165,    279,     27,     32,     20,     14,     19,     85,     17,     47,     62,     41,     42,    246,    165,      0,      0,      0,      0,      0,      0,      0,      0,      0,      0,      0,      0,      0,      0,    16.3,    30.3,    25.8,    43.5,    15.7,    28.2,    23.8,    39.7,    16.3,    30.3,    25.8,    43.5,    15.7,    28.2,    23.8,    39.7,     0.0,     0.0,     0.0,     0.0,     0.0,     0.0,     0.0,     0.0,"(CONTRACTS OF 25,000 POUNDS)","085692","CMX ","085 ","N25","FutOnly"
"GOLD - COMMODITY EXCHANGE INC.",260818,2026-08-18,088691,CMX ,01,088 ,  406260,   16883,   46644,   18704,  247361,   33463,  154595,   12947,   15591,  102307,   21766,   13370,  354913,  391142,   51347,   15118,  406260,   16883,   46644,   18704,  247361,   33463,  154595,   12947,   15591,  102307,   21766,   13370,  354913,  391142,   51347,   15118,       0,       0,       0,       0,       0,       0,       0,       0,       0,       0,       0,       0,       0,       0,       0,       0,    5951,    1167,    2993,    -388,    3564,   -1114,    5961,    1975,    1588,       5,    -258,   -1564,    5655,    7184,     296,   -1233,  100.0,    4.2,   11.5,    4.6,   60.9,    8.2,   38.1,    3.2,    3.8,   25.2,    5.4,    3.3,   87.4,   96.3,   12.6,    3.7,  100.0,    4.2,   11.5,    4.6,   60.9,    8.2,   38.1,    3.2,    3.8,   25.2,    5.4,    3.3,   87.4,   96.3,   12.6,    3.7,  100.0,    0.0,    0.0,    0.0,    0.0,    0.0,    0.0,    0.0,    0.0,    0.0,    0.0,    0.0,    0.0,    0.0,    0.0,    0.0,    292,     18,     16,     14,     27,     27,     90,     14,     39,     82,     38,     36,    253,    149,    292,     18,     16,     14,     27,     27,     90,     14,     39,     82,     38,     36,    253,    149,      0,      0,      0,      0,      0,      0,      0,      0,      0,      0,      0,      0,      0,      0,    20.3,    38.9,    28.7,    57.0,    18.7,    37.8,    25.5,    54.8,    20.3,    38.9,    28.7,    57.0,    18.7,    37.8,    25.5,    54.8,     0.0,     0.0,     0.0,     0.0,     0.0,     0.0,     0.0,     0.0,"(CONTRACTS OF 100 TROY OUNCES)","088691","CMX ","088 ","N20","FutOnly"
"MICRO GOLD - COMMODITY EXCHANGE INC.",260818,2026-08-18,088695,CMX ,01,088 ,   63633,     242,       0,    6970,       0,       0,    1015,       0,       7,   15587,   35893,    3998,   27819,   39898,   35814,   23735,   63633,     242,       0,    6970,       0,       0,    1015,       0,       7,   15587,   35893,    3998,   27819,   39898,   35814,   23735,       0,       0,       0,       0,       0,       0,       0,       0,       0,       0,       0,       0,       0,       0,       0,       0,    2221,       0,       0,     215,       0,       0,     438,    -202,     -57,    1986,    6980,   -1827,     755,    4894,    1466,   -2673,  100.0,    0.4,    0.0,   11.0,    0.0,    0.0,    1.6,    0.0,    0.0,   24.5,   56.4,    6.3,   43.7,   62.7,   56.3,   37.3,  100.0,    0.4,    0.0,   11.0,    0.0,    0.0,    1.6,    0.0,    0.0,   24.5,   56.4,    6.3,   43.7,   62.7,   56.3,   37.3,  100.0,    0.0,    0.0,    0.0,    0.0,    0.0,    0.0,    0.0,    0.0,    0.0,    0.0,    0.0,    0.0,    0.0,    0.0,    0.0,     35,.,      0,.,      0,      0,.,      0,.,     17,     12,     11,     29,     18,     35,.,      0,.,      0,      0,.,      0,.,     17,     12,     11,     29,     18,      0,      0,      0,      0,      0,      0,      0,      0,      0,      0,      0,      0,      0,      0,    23.3,    50.5,    29.7,    59.5,    23.2,    49.2,    28.7,    54.9,    23.3,    50.5,    29.7,    59.5,    23.2,    49.2,    28.7,    54.9,     0.0,     0.0,     0.0,     0.0,     0.0,     0.0,     0.0,     0.0,"(CONTRACTS OF 10 TROY OUNCES)","088695","CMX ","088 ","N20","FutOnly"
"GOLD -1 TROY OUNCE  - COINBASE DERIVATIVES, LLC",260818,2026-08-18,088LM1,FREX,00,088 ,    8468,       0,       0,       0,       0,       0,       0,       0,       0,    3488,    6346,       0,    3488,    6346,    4980,    2122,    8468,       0,       0,       0,       0,       0,       0,       0,       0,    3488,    6346,       0,    3488,    6346,    4980,    2122,       0,       0,       0,       0,       0,       0,       0,       0,       0,       0,       0,       0,       0,       0,       0,       0,.,.,.,.,.,.,.,.,.,.,.,.,.,.,.,.,  100.0,    0.0,    0.0,    0.0,    0.0,    0.0,    0.0,    0.0,    0.0,   41.2,   74.9,    0.0,   41.2,   74.9,   58.8,   25.1,  100.0,    0.0,    0.0,    0.0,    0.0,    0.0,    0.0,    0.0,    0.0,   41.2,   74.9,    0.0,   41.2,   74.9,   58.8,   25.1,  100.0,    0.0,    0.0,    0.0,    0.0,    0.0,    0.0,    0.0,    0.0,    0.0,    0.0,    0.0,    0.0,    0.0,    0.0,    0.0,     21,      0,      0,      0,      0,      0,      0,      0,      0,      9,     12,      0,      9,     12,     21,      0,      0,      0,      0,      0,      0,      0,      0,      9,     12,      0,      9,     12,      0,      0,      0,      0,      0,      0,      0,      0,      0,      0,      0,      0,      0,      0,    27.6,    50.0,    38.7,    64.4,    27.6,    50.0,    38.7,    64.4,    27.6,    50.0,    38.7,    64.4,    27.6,    50.0,    38.7,    64.4,     0.0,     0.0,     0.0,     0.0,     0.0,     0.0,     0.0,     0.0,"(1 troy ounce x $2,300)","088LM1","FREX","088 ","N20","FutOnly"
"GASOLINE CRK-RBOB/BRENT 1st - ICE FUTURES ENERGY DIV",260818,2026-08-18,111415,IFED,01,111 ,   12496,    3653,    6722,     688,    1513,     771,       0,       0,       0,    5820,     995,     260,   11192,   10261,    1304,    2235,   12496,    3653,    6722,     688,    1513,     771,       0,       0,       0,    5820,     995,     260,   11192,   10261,    1304,    2235,       0,       0,       0,       0,       0,       0,       0,       0,       0,       0,       0,       0,       0,       0,       0,       0,     142,       0,       0,    -125,      45,     120,       0,       0,       0,       0,       0,     -45,     -50,     120,     192,      22,  100.0,   29.2,   53.8,    5.5,   12.1,    6.2,    0.0,    0.0,    0.0,   46.6,    8.0,    2.1,   89.6,   82.1,   10.4,   17.9,  100.0,   29.2,   53.8,    5.5,   12.1,    6.2,    0.0,    0.0,    0.0,   46.6,    8.0,    2.1,   89.6,   82.1,   10.4,   17.9,  100.0,    0.0,    0.0,    0.0,    0.0,    0.0,    0.0,    0.0,    0.0,    0.0,    0.0,    0.0,    0.0,    0.0,    0.0,    0.0,     20,      9,     10,.,.,.,      0,      0,      0,      4,.,.,     16,     16,     20,      9,     10,.,.,.,      0,      0,      0,      4,.,.,     16,     16,      0,      0,      0,      0,      0,      0,      0,      0,      0,      0,      0,      0,      0,      0,    58.8,    42.5,    80.9,    64.3,    56.9,    40.3,    70.8,    60.7,    58.8,    42.5,    80.9,    64.3,    56.9,    40.3,    70.8,    60.7,     0.0,     0.0,     0.0,     0.0,     0.0,     0.0,     0.0,     0.0,"1000 Barrels","111415","IFED","111 ","N10","FutOnly"
"GASOLINE RBOB - NEW YORK MERCANTILE EXCHANGE",260818,2026-08-18,111659,NYME,01,111 ,  335534,   79174,  169800,   50171,   30034,   11019,   86610,   12529,   40114,   11213,   27450,   31720,  310021,  322666,   25513,   12868,  335534,   79174,  169800,   50171,   30034,   11019,   86610,   12529,   40114,   11213,   27450,   31720,  310021,  322666,   25513,   12868,       0,       0,       0,       0,       0,       0,       0,       0,       0,       0,       0,       0,       0,       0,       0,       0,   10340,    7586,    8500,    1874,    4807,     842,    4378,     148,   -4495,     518,    1204,    -109,   10594,   10897,    -254,    -557,  100.0,   23.6,   50.6,   15.0,    9.0,    3.3,   25.8,    3.7,   12.0,    3.3,    8.2,    9.5,   92.4,   96.2,    7.6,    3.8,  100.0,   23.6,   50.6,   15.0,    9.0,    3.3,   25.8,    3.7,   12.0,    3.3,    8.2,    9.5,   92.4,   96.2,    7.6,    3.8,  100.0,    0.0,    0.0,    0.0,    0.0,    0.0,    0.0,    0.0,    0.0,    0.0,    0.0,    0.0,    0.0,    0.0,    0.0,    0.0,    236,     57,     76,     15,      9,     19,     67,     12,     46,     18,     23,     30,    201,    179,    236,     57,     76,     15,      9,     19,     67,     12,     46,     18,     23,     30,    201,    179,      0,      0,      0,      0,      0,      0,      0,      0,      0,      0,      0,      0,      0,      0,    12.5,    16.5,    21.6,    26.6,     9.5,    13.1,    16.3,    21.0,    12.5,    16.5,    21.6,    26.6,     9.5,    13.1,    16.3,    21.0,     0.0,     0.0,     0.0,     0.0,     0.0,     0.0,     0.0,     0.0,"(CONTRACTS OF 42,000 U.S. GALLONS)","111659","NYME","111 ","N10","FutOnly"
"GULF COAST CBOB GAS A2 PL RBOB - NEW YORK MERCANTILE EXCHANGE",260818,2026-08-18,111A34,NYME,01,111 ,   21334,   19190,   13130,       0,    4194,       0,     815,       0,     450,       0,       0,       0,   20455,   17774,     879,    3560,   21334,   19190,   13130,       0,    4194,       0,     815,       0,     450,       0,       0,       0,   20455,   17774,     879,    3560,       0,       0,       0,       0,       0,       0,       0,       0,       0,       0,       0,       0,       0,       0,       0,       0,    1230,    1530,    1345,       0,     -25,       0,       0,       0,       0,       0,       0,       0,    1530,    1320,    -300,     -90,  100.0,   90.0,   61.5,    0.0,   19.7,    0.0,    3.8,    0.0,    2.1,    0.0,    0.0,    0.0,   95.9,   83.3,    4.1,   16.7,  100.0,   90.0,   61.5,    0.0,   19.7,    0.0,    3.8,    0.0,    2.1,    0.0,    0.0,    0.0,   95.9,   83.3,    4.1,   16.7,  100.0,    0.0,    0.0,    0.0,    0.0,    0.0,    0.0,    0.0,    0.0,    0.0,    0.0,    0.0,    0.0,    0.0,    0.0,    0.0,     23,     17,     17,      0,.,      0,.,      0,.,      0,      0,      0,     18,     19,     23,     17,     17,      0,.,      0,.,      0,.,      0,      0,      0,     18,     19,      0,      0,      0,      0,      0,      0,      0,      0,      0,      0,      0,      0,      0,      0,    48.6,    50.4,    74.6,    67.6,    40.5,    49.0,    60.4,    59.7,    48.6,    50.4,    74.6,    67.6,    40.5,    49.0,    60.4,    59.7,     0.0,     0.0,     0.0,     0.0,     0.0,     0.0,     0.0,     0.0,"(CONTRACTS OF 42,000 GALLONS)","111A34","NYME","111 ","N10","FutOnly"
"CANOLA - ICE FUTURES U.S.",260818,2026-08-18,135731,ICUS,01,135 ,  339181,  138278,  211103,    9632,   22169,    2967,  127107,   33824,   25147,   16585,   23998,   16187,  335903,  335395,    3278,    3786,  334616,  134674,  210327,    9632,   18962,    2967,  127101,   33680,   25138,   16567,   24398,   15359,  331438,  330831,    3178,    3785,    4565,    3604,     776,       0,    3207,       0,      15,     153,       0,     798,     380,      48,    4465,    4564,     100,       1,   30709,     899,   41463,      60,   -2047,    -324,   26776,   -9861,     -78,    1057,    -695,    1318,   29708,   29776,    1001,     933,  100.0,   40.8,   62.2,    2.8,    6.5,    0.9,   37.5,   10.0,    7.4,    4.9,    7.1,    4.8,   99.0,   98.9,    1.0,    1.1,  100.0,   40.2,   62.9,    2.9,    5.7,    0.9,   38.0,   10.1,    7.5,    5.0,    7.3,    4.6,   99.1,   98.9,    0.9,    1.1,  100.0,   78.9,   17.0,    0.0,   70.3,    0.0,    0.3,    3.4,    0.0,   17.5,    8.3,    1.1,   97.8,  100.0,    2.2,    0.0,    347,     32,     78,      7,      9,.,     73,     33,     25,     58,     66,     32,    208,    220,    346,     30,     77,      7,      9,.,     73,     33,     25,     57,     71,     29,    203,    219,     34,      8,      9,      0,.,      0,.,.,      0,      8,      4,      4,     19,     19,    26.7,    30.3,    44.2,    45.6,    21.4,    22.0,    36.1,    35.4,    26.2,    29.8,    44.0,    45.3,    21.4,    21.6,    36.3,    35.4,    81.1,    89.7,    92.4,    95.5,    80.2,    89.7,    91.5,    95.4,"(20 Metric Tonnes)","135731","ICUS","135 ","A30","FutOnly"
"COBALT - COMMODITY EXCHANGE INC.",260818,2026-08-18,188691,CMX ,01,188 ,   14867,    2243,    4721,    4440,    1699,     318,    2316,    2757,    2258,    2615,    2087,     156,   14346,   13996,     521,     871,   14867,    2243,    4721,    4440,    1699,     318,    2316,    2757,    2258,    2615,    2087,     156,   14346,   13996,     521,     871,       0,       0,       0,       0,       0,       0,       0,       0,       0,       0,       0,       0,       0,       0,       0,       0,     291,     110,     403,       0,       0,       0,     118,       0,      21,       0,    -125,       0,     249,     299,      42,      -8,  100.0,   15.1,   31.8,   29.9,   11.4,    2.1,   15.6,   18.5,   15.2,   17.6,   14.0,    1.0,   96.5,   94.1,    3.5,    5.9,  100.0,   15.1,   31.8,   29.9,   11.4,    2.1,   15.6,   18.5,   15.2,   17.6,   14.0,    1.0,   96.5,   94.1,    3.5,    5.9,  100.0,    0.0,    0.0,    0.0,    0.0,    0.0,    0.0,    0.0,    0.0,    0.0,    0.0,    0.0,    0.0,    0.0,    0.0,    0.0,     39,      7,     12,      5,.,      6,      6,      4,      6,.,      5,.,     29,     31,     39,      7,     12,      5,.,      6,      6,      4,      6,.,      5,.,     29,     31,      0,      0,      0,      0,      0,      0,      0,      0,      0,      0,      0,      0,      0,      0,    46.1,    47.8,    75.5,    69.6,    41.0,    46.4,    63.9,    61.1,    46.1,    47.8,    75.5,    69.6,    41.0,    46.4,    63.9,    61.1,     0.0,     0.0,     0.0,     0.0,     0.0,     0.0,     0.0,     0.0,"2,204.62 pounds (1 Metric Ton)","188691","CMX ","188 ","N25","FutOnly"
"LITHIUM HYDROXIDE  - COMMODITY EXCHANGE INC.",260818,2026-08-18,189691,CMX ,01,189 ,   18160,     703,    3519,   11584,    2553,     444,    2357,     726,     383,     440,    8135,    2014,   17925,   17774,     235,     386,   18160,     703,    3519,   11584,    2553,     444,    2357,     726,     383,     440,    8135,    2014,   17925,   17774,     235,     386,       0,       0,       0,       0,       0,       0,       0,       0,       0,       0,       0,       0,       0,       0,       0,       0,     383,      -6,     172,     -48,       0,     103,     135,     -15,     130,      29,    -107,      70,     413,     353,     -30,      30,  100.0,    3.9,   19.4,   63.8,   14.1,    2.4,   13.0,    4.0,    2.1,    2.4,   44.8,   11.1,   98.7,   97.9,    1.3,    2.1,  100.0,    3.9,   19.4,   63.8,   14.1,    2.4,   13.0,    4.0,    2.1,    2.4,   44.8,   11.1,   98.7,   97.9,    1.3,    2.1,  100.0,    0.0,    0.0,    0.0,    0.0,    0.0,    0.0,    0.0,    0.0,    0.0,    0.0,    0.0,    0.0,    0.0,    0.0,    0.0,     38,      5,      6,      8,.,      4,      5,.,      4,.,     13,      6,     29,     28,     38,      5,      6,      8,.,      4,      5,.,      4,.,     13,      6,     29,     28,      0,      0,      0,      0,      0,      0,      0,      0,      0,      0,      0,      0,      0,      0,    59.4,    53.7,    80.9,    72.5,    57.4,    45.0,    73.3,    63.7,    59.4,    53.7,    80.9,    72.5,    57.4,    45.0,    73.3,    63.7,     0.0,     0.0,     0.0,     0.0,     0.0,     0.0,     0.0,     0.0,"(1000) Kilograms","189691","CMX ","189 ","N25","FutOnly"
"ALUMINUM MWP - COMMODITY EXCHANGE INC.",260818,2026-08-18,191693,CMX ,01,191 ,   29582,    7155,   20260,   17352,    3555,     897,       0,     159,     154,    3192,    3574,     683,   29433,   29282,     149,     300,   29582,    7155,   20260,   17352,    3555,     897,       0,     159,     154,    3192,    3574,     683,   29433,   29282,     149,     300,       0,       0,       0,       0,       0,       0,       0,       0,       0,       0,       0,       0,       0,       0,       0,       0,    1492,     178,    1420,    1183,     128,      23,       0,    -110,       0,     130,     -39,     -40,    1474,    1382,      18,     110,  100.0,   24.2,   68.5,   58.7,   12.0,    3.0,    0.0,    0.5,    0.5,   10.8,   12.1,    2.3,   99.5,   99.0,    0.5,    1.0,  100.0,   24.2,   68.5,   58.7,   12.0,    3.0,    0.0,    0.5,    0.5,   10.8,   12.1,    2.3,   99.5,   99.0,    0.5,    1.0,  100.0,    0.0,    0.0,    0.0,    0.0,    0.0,    0.0,    0.0,    0.0,    0.0,    0.0,    0.0,    0.0,    0.0,    0.0,    0.0,     55,     11,     22,     13,.,      7,      0,.,.,      4,     10,      4,     32,     45,     55,     11,     22,     13,.,      7,      0,.,.,      4,     10,      4,     32,     45,      0,      0,      0,      0,      0,      0,      0,      0,      0,      0,      0,      0,      0,      0,    42.1,    50.2,    66.6,    73.6,    41.8,    50.0,    66.2,    72.2,    42.1,    50.2,    66.6,    73.6,    41.8,    50.0,    66.2,    72.2,     0.0,     0.0,     0.0,     0.0,     0.0,     0.0,     0.0,     0.0,"(55,116 US Pounds-25 MT)","191693","CMX ","191 ","N25","FutOnly"
"ALUMINIUM EURO PREM DUTY-PAID - COMMODITY EXCHANGE INC.",260818,2026-08-18,191696,CMX ,01,191 ,   12841,    3074,    7244,    6644,    1340,     196,       0,     802,     103,    2366,    2891,       0,   12383,   12576,     458,     265,   12841,    3074,    7244,    6644,    1340,     196,       0,     802,     103,    2366,    2891,       0,   12383,   12576,     458,     265,       0,       0,       0,       0,       0,       0,       0,       0,       0,       0,       0,       0,       0,       0,       0,       0,     120,     124,     146,      40,     -20,       0,       0,       0,       0,       0,       0,       0,     164,     126,     -44,      -6,  100.0,   23.9,   56.4,   51.7,   10.4,    1.5,    0.0,    6.2,    0.8,   18.4,   22.5,    0.0,   96.4,   97.9,    3.6,    2.1,  100.0,   23.9,   56.4,   51.7,   10.4,    1.5,    0.0,    6.2,    0.8,   18.4,   22.5,    0.0,   96.4,   97.9,    3.6,    2.1,  100.0,    0.0,    0.0,    0.0,    0.0,    0.0,    0.0,    0.0,    0.0,    0.0,    0.0,    0.0,    0.0,    0.0,    0.0,    0.0,     31,      8,     11,      5,.,.,      0,.,.,      5,      4,      0,     19,     20,     31,      8,     11,      5,.,.,      0,.,.,      5,      4,      0,     19,     20,      0,      0,      0,      0,      0,      0,      0,      0,      0,      0,      0,      0,      0,      0,    57.5,    48.9,    80.6,    76.3,    57.5,    45.7,    78.3,    69.7,    57.5,    48.9,    80.6,    76.3,    57.5,    45.7,    78.3,    69.7,     0.0,     0.0,     0.0,     0.0,     0.0,     0.0,     0.0,     0.0,"(25 METRIC TONS)","191696","CMX ","191 ","N25","FutOnly"
"STEEL-HRC - COMMODITY EXCHANGE INC.",260818,2026-08-18,192651,CMX ,01,192 ,   42864,   14273,   38560,   14080,     125,     244,    8825,     913,     296,    3131,    1077,    1542,   42391,   42757,     473,     107,   42864,   14273,   38560,   14080,     125,     244,    8825,     913,     296,    3131,    1077,    1542,   42391,   42757,     473,     107,       0,       0,       0,       0,       0,       0,       0,       0,       0,       0,       0,       0,       0,       0,       0,       0,    1194,     847,    2563,     731,       0,     -86,      16,     -31,    -272,     351,    -502,    -487,    1100,    1185,      94,       9,  100.0,   33.3,   90.0,   32.8,    0.3,    0.6,   20.6,    2.1,    0.7,    7.3,    2.5,    3.6,   98.9,   99.8,    1.1,    0.2,  100.0,   33.3,   90.0,   32.8,    0.3,    0.6,   20.6,    2.1,    0.7,    7.3,    2.5,    3.6,   98.9,   99.8,    1.1,    0.2,  100.0,    0.0,    0.0,    0.0,    0.0,    0.0,    0.0,    0.0,    0.0,    0.0,    0.0,    0.0,    0.0,    0.0,    0.0,    0.0,     72,     22,     16,      7,.,.,     13,.,.,     15,      8,      9,     62,     35,     72,     22,     16,      7,.,.,     13,.,.,     15,      8,      9,     62,     35,      0,      0,      0,      0,      0,      0,      0,      0,      0,      0,      0,      0,      0,      0,    37.3,    80.8,    58.1,    87.6,    36.6,    77.6,    55.6,    81.8,    37.3,    80.8,    58.1,    87.6,    36.6,    77.6,    55.6,    81.8,     0.0,     0.0,     0.0,     0.0,     0.0,     0.0,     0.0,     0.0,"(CONTRACTS OF 20 SHORT TONS)","192651","CMX ","192 ","N25","FutOnly"
"NORTH EURO HOT-ROLL COIL STEEL - COMMODITY EXCHANGE INC.",260818,2026-08-18,192691,CMX ,01,192 ,    9967,    4961,    7765,     436,     300,      54,    1921,       0,     980,    1401,     748,      40,    9793,    9887,     174,      80,    9967,    4961,    7765,     436,     300,      54,    1921,       0,     980,    1401,     748,      40,    9793,    9887,     174,      80,       0,       0,       0,       0,       0,       0,       0,       0,       0,       0,       0,       0,       0,       0,       0,       0,     422,      95,     440,      55,       0,       0,     327,       0,     -45,      -1,      25,       0,     431,     420,      -9,       2,  100.0,   49.8,   77.9,    4.4,    3.0,    0.5,   19.3,    0.0,    9.8,   14.1,    7.5,    0.4,   98.3,   99.2,    1.7,    0.8,  100.0,   49.8,   77.9,    4.4,    3.0,    0.5,   19.3,    0.0,    9.8,   14.1,    7.5,    0.4,   98.3,   99.2,    1.7,    0.8,  100.0,    0.0,    0.0,    0.0,    0.0,    0.0,    0.0,    0.0,    0.0,    0.0,    0.0,    0.0,    0.0,    0.0,    0.0,    0.0,     24,     10,      5,      4,.,.,.,      0,.,.,.,.,     21,     11,     24,     10,      5,      4,.,.,.,      0,.,.,.,.,     21,     11,      0,      0,      0,      0,      0,      0,      0,      0,      0,      0,      0,      0,      0,      0,    79.8,    85.7,    89.6,    98.3,    65.0,    76.9,    72.6,    79.1,    79.8,    85.7,    89.6,    98.3,    65.0,    76.9,    72.6,    79.1,     0.0,     0.0,     0.0,     0.0,     0.0,     0.0,     0.0,     0.0,"(20 Metric Tons)","192691","CMX ","192 ","N25","FutOnly"
"PGP PROPYLENE (PCW) CAL - NEW YORK MERCANTILE EXCHANGE",260818,2026-08-18,406651,NYME,01,406 ,    7328,    1412,     746,    2702,     101,      10,     453,       0,       0,    1594,    5312,     981,    7152,    7150,     176,     178,    7328,    1412,     746,    2702,     101,      10,     453,       0,       0,    1594,    5312,     981,    7152,    7150,     176,     178,       0,       0,       0,       0,       0,       0,       0,       0,       0,       0,       0,       0,       0,       0,       0,       0,     316,      96,     -44,       0,       0,       0,     -20,       0,       0,     226,     290,      36,     338,     282,     -22,      34,  100.0,   19.3,   10.2,   36.9,    1.4,    0.1,    6.2,    0.0,    0.0,   21.8,   72.5,   13.4,   97.6,   97.6,    2.4,    2.4,  100.0,   19.3,   10.2,   36.9,    1.4,    0.1,    6.2,    0.0,    0.0,   21.8,   72.5,   13.4,   97.6,   97.6,    2.4,    2.4,  100.0,    0.0,    0.0,    0.0,    0.0,    0.0,    0.0,    0.0,    0.0,    0.0,    0.0,    0.0,    0.0,    0.0,    0.0,    0.0,     21,      6,      5,.,.,.,.,      0,      0,      4,      5,      7,     19,     14,     21,      6,      5,.,.,.,.,      0,      0,      4,      5,      7,     19,     14,      0,      0,      0,      0,      0,      0,      0,      0,      0,      0,      0,      0,      0,      0,    53.8,    84.1,    78.2,    92.4,    52.9,    77.7,    73.5,    81.1,    53.8,    84.1,    78.2,    92.4,    52.9,    77.7,    73.5,    81.1,     0.0,     0.0,     0.0,     0.0,     0.0,     0.0,     0.0,     0.0,"(CONTRACTS OF 100,000 POUNDS)","406651","NYME","406 ","N40","FutOnly"
"GULF JET NY HEAT OIL SPR - NEW YORK MERCANTILE EXCHANGE",260818,2026-08-18,86465A,NYME,01,864 ,   12459,    7900,   12353,    4163,       0,     106,       0,       0,       0,     100,       0,       0,   12269,   12459,     190,       0,   12459,    7900,   12353,    4163,       0,     106,       0,       0,       0,     100,       0,       0,   12269,   12459,     190,       0,       0,       0,       0,       0,       0,       0,       0,       0,       0,       0,       0,       0,       0,       0,       0,       0,     353,     481,     335,    -146,       0,      18,       0,       0,       0,       0,       0,       0,     353,     353,       0,       0,  100.0,   63.4,   99.1,   33.4,    0.0,    0.9,    0.0,    0.0,    0.0,    0.8,    0.0,    0.0,   98.5,  100.0,    1.5,    0.0,  100.0,   63.4,   99.1,   33.4,    0.0,    0.9,    0.0,    0.0,    0.0,    0.8,    0.0,    0.0,   98.5,  100.0,    1.5,    0.0,  100.0,    0.0,    0.0,    0.0,    0.0,    0.0,    0.0,    0.0,    0.0,    0.0,    0.0,    0.0,    0.0,    0.0,    0.0,    0.0,     34,     20,     16,      8,      0,.,      0,      0,      0,.,      0,      0,     29,     18,     34,     20,     16,      8,      0,.,      0,      0,      0,.,      0,      0,     29,     18,      0,      0,      0,      0,      0,      0,      0,      0,      0,      0,      0,      0,      0,      0,    42.5,    79.1,    65.7,    91.3,    34.8,    61.5,    50.4,    68.0,    42.5,    79.1,    65.7,    91.3,    34.8,    61.5,    50.4,    68.0,     0.0,     0.0,     0.0,     0.0,     0.0,     0.0,     0.0,     0.0,"(CONTRACTS OF 42,000 GALLONS)","86465A","NYME","864 ","N10","FutOnly"
"GULF # 6 FUEL OIL CRACK - NEW YORK MERCANTILE EXCHANGE",260818,2026-08-18,86565A,NYME,01,865 ,    9805,    4617,    6258,    1115,       0,    1075,    1065,     200,     325,     223,     562,    1385,    9805,    9805,       0,       0,    9805,    4617,    6258,    1115,       0,    1075,    1065,     200,     325,     223,     562,    1385,    9805,    9805,       0,       0,       0,       0,       0,       0,       0,       0,       0,       0,       0,       0,       0,       0,       0,       0,       0,       0,    -297,    -335,     -72,       0,       0,       0,    -150,       0,     100,      33,    -390,      65,    -287,    -297,     -10,       0,  100.0,   47.1,   63.8,   11.4,    0.0,   11.0,   10.9,    2.0,    3.3,    2.3,    5.7,   14.1,  100.0,  100.0,    0.0,    0.0,  100.0,   47.1,   63.8,   11.4,    0.0,   11.0,   10.9,    2.0,    3.3,    2.3,    5.7,   14.1,  100.0,  100.0,    0.0,    0.0,  100.0,    0.0,    0.0,    0.0,    0.0,    0.0,    0.0,    0.0,    0.0,    0.0,    0.0,    0.0,    0.0,    0.0,    0.0,    0.0,     31,     16,     11,      4,      0,.,.,.,.,.,      4,      4,     28,     20,     31,     16,     11,      4,      0,.,.,.,.,.,      4,      4,     28,     20,      0,      0,      0,      0,      0,      0,      0,      0,      0,      0,      0,      0,      0,      0,    50.1,    53.2,    75.5,    78.2,    29.4,    33.4,    38.1,    42.9,    50.1,    53.2,    75.5,    78.2,    29.4,    33.4,    38.1,    42.9,     0.0,     0.0,     0.0,     0.0,     0.0,     0.0,     0.0,     0.0,"(CONTRACTS OF 1,000 BARRELS)","86565A","NYME","865 ","N10","FutOnly"
